ticker,direction,flow_score_raw,flow_score_scaled,price_score,final_score,reject_reason,checks_passed,checks_failed,options_context_score,gamma_regime,pattern,net_gex,gamma_flip_level_estimate,nearest_call_wall,nearest_put_wall,distance_to_call_wall_pct,distance_to_put_wall_pct,ticker_call_oi,ticker_put_oi,ticker_put_call_ratio,near_term_oi,swing_dte_oi,long_dated_oi,iv_rank,iv_current,price_trend,price_extension,price_room,price_pattern,price_momentum,price_confirm_vol,extended,extension_cap,extension_cap_atr,extension_soft_promoted,repeat_flow_count,dte_score,flow_imbalance_ratio,bullish_flow_intensity,bearish_flow_intensity,bullish_premium_per_trade,bearish_premium_per_trade,bullish_vol_oi,bullish_sweep_count,bearish_sweep_count,bullish_breadth,bearish_breadth,bullish_zscore_tier,bearish_zscore_tier,bullish_flow_intensity_tier,bearish_flow_intensity_tier,bullish_premium_per_trade_tier,bearish_premium_per_trade_tier,bullish_vol_oi_tier,bearish_vol_oi_tier,bullish_repeat_tier,bearish_repeat_tier,bullish_sweep_tier,bearish_sweep_tier,bullish_breadth_tier,bearish_breadth_tier,bullish_dte_tier,bearish_dte_tier,bullish_delta_intensity,bearish_delta_intensity,bullish_avg_delta,bearish_avg_delta,bullish_delta_source_mix,bearish_delta_source_mix,watchlist_streak_days,watchlist_max_flow_score,watchlist_mean_flow_score_5d,watchlist_flow_trend,watchlist_first_seen,watchlist_last_seen,freight_train,bearish_vol_oi
DKS,LONG,0.6289550641017962,6.2895506410179625,1.64,4.7568,price_validation_failed,"not_extended, room_to_target","confirmation_volume, continuation_pattern, momentum_aligned, trend_aligned",5.6,NEUTRAL,unknown,,,240.0,195.0,21.94,0.92,8599.0,17909.0,2.083,10485.0,7345.0,8678.0,69.8,0.437,0.0,0.24,1.0,0.0,0.12,0.29,False,default,2.5,False,1,1.0,99.0,5.1e-05,0.0,530854.0157946094,0.0,127.290909,0,0,0.0,0.0,4,4,1,1,4,4,1,1,4,4,4,4,4,4,4,4,2e-06,0.0,0.044698,0.0,0.0,0.0,1.0,0.6289550641017962,0.6289550641017962,n/a,2026-07-31,2026-07-31,False,
THC,LONG,0.5130364252542352,5.130364252542352,5.86,5.3232,price_validation_failed,"momentum_aligned, not_extended, trend_aligned, trend_continuation","confirmation_volume, room_to_target",5.0,NEUTRAL,trend_continuation,,,260.0,185.0,2.79,26.86,19413.0,24569.0,1.266,32327.0,3330.0,8325.0,27.8,0.383,2.6,0.37,0.17,1.4,1.32,0.01,False,sustained_trend,5.0,False,2,1.0,99.0,6.1e-05,0.0,2.1318559991131587,0.0,46.310185,0,0,0.0,0.0,4,4,1,1,4,4,1,1,4,4,4,4,4,4,4,4,0.0,0.0,0.578988,0.0,0.0,0.0,1.0,0.5130364252542352,0.5130364252542352,n/a,2026-07-31,2026-07-31,False,
MOD,LONG,0.48356561334929726,4.835656133492972,0.0,2.9014,weak_bullish_flow,none,none,,,unknown,,,,,,,,,,,,,,,,,,,,,,,,,2,1.0,99.0,6e-05,5.4e-05,463934.3905625925,4.6935227267428536e-42,5.641026,0,0,0.0,0.0,4,4,1,1,4,4,1,1,4,4,4,4,4,4,4,4,2.7e-05,0.0,0.596226,0.598118,0.0,0.0,,,,,,,False,3.606061
SMTC,LONG,0.4731815525665341,4.731815525665341,4.71,4.9789,price_validation_failed,"momentum_aligned, not_extended, room_to_target, trend_continuation","confirmation_volume, trend_aligned",6.0,NEUTRAL,trend_continuation,,,140.0,40.0,16.9,66.6,49425.0,39709.0,0.803,9271.0,27582.0,52281.0,92.5,1.023,0.0,0.7,1.0,1.4,1.39,0.22,False,default,2.5,False,1,1.0,99.0,5.5e-05,0.0,558682.6351883318,0.0,45.538462,0,0,0.0,0.0,4,4,1,1,4,4,1,1,4,4,4,4,4,4,4,4,2.2e-05,0.0,0.423366,0.0,0.0,0.0,1.0,0.4731815525665341,0.4731815525665341,n/a,2026-07-31,2026-07-31,False,
W,LONG,0.45328069435403484,4.532806943540349,4.82,4.7524,price_validation_failed,"ema_pullback, not_extended, room_to_target, trend_aligned","confirmation_volume, momentum_aligned",5.2,NEUTRAL,ema_pullback,,,100.0,65.0,15.0,25.25,80466.0,93804.0,1.166,48128.0,12803.0,113339.0,75.4,0.803,1.63,0.89,0.68,1.2,0.24,0.18,False,default,2.5,False,3,0.7,99.0,0.000195,0.0,134.29275996565212,0.0,31.688304,0,0,0.580546,0.0,4,4,1,1,4,4,1,1,4,4,4,4,4,4,4,4,0.0,0.0,0.457852,0.0,0.0,0.0,1.0,0.45328069435403484,0.45328069435403484,n/a,2026-07-31,2026-07-31,False,
FLNC,LONG,0.4513898272329575,4.513898272329575,5.2,4.9369,price_validation_failed,"confirmation_volume, flag_breakout, momentum_aligned, not_extended, room_to_target",trend_aligned,5.6,NEUTRAL,flag_breakout,,,25.0,5.0,77.3,64.54,174195.0,60429.0,0.347,97408.0,2889.0,134327.0,90.2,1.334,0.0,0.78,1.0,1.6,1.4,0.42,False,default,2.5,False,1,0.7,99.0,0.000165,0.0,250249.70804280974,0.0,8.265659,0,0,0.0,0.0,4,4,1,1,4,4,1,1,4,4,4,4,4,4,4,4,5e-06,0.0,0.037796,0.0,0.0,0.0,1.0,0.4513898272329575,0.4513898272329575,n/a,2026-07-31,2026-07-31,False,
NBIS,LONG,0.37733867822035816,3.7733867822035814,4.8,4.5067,price_validation_failed,"confirmation_volume, momentum_aligned, not_extended, room_to_target, trend_continuation",trend_aligned,5.9,NEGATIVE,trend_continuation,-6601965.29,,250.0,120.0,31.81,36.73,745063.0,916982.0,1.231,815879.0,183586.0,662580.0,91.7,1.364,0.0,0.87,0.46,1.4,1.49,0.58,False,default,2.5,False,7,1.0,2.0779351797115835,0.000211,6e-05,34199.78640006455,41146.358575068094,65.265915,2,1,0.691115,0.034293,4,4,1,1,4,4,1,1,4,4,4,4,4,4,4,4,1e-06,0.0,0.245811,0.008802,0.0,0.0,1.0,0.37733867822035816,0.37733867822035816,n/a,2026-07-31,2026-07-31,False,6.346311
KLAC,LONG,0.35982823959154886,3.5982823959154886,0.0,2.159,weak_bullish_flow,none,none,,,unknown,,,,,,,,,,,,,,,,,,,,,,,,,5,1.0,0.7936835719631724,6e-06,8e-06,1.8640566762172754e-32,3.522921619014755e-32,1204.0,3,1,0.480057,0.458439,4,4,1,1,4,4,1,1,4,4,4,4,4,4,4,4,0.0,0.0,0.655207,0.607306,0.0,0.0,,,,,,,False,583.0
PG,LONG,0.35603805719871523,3.560380571987152,3.58,4.5942,price_validation_failed,"not_extended, pullback_to_support, room_to_target","confirmation_volume, momentum_aligned, trend_aligned",8.7,NEGATIVE,pullback_to_support,-7127142.35,,160.0,130.0,11.28,9.58,215870.0,144776.0,0.671,112259.0,112897.0,135490.0,62.7,0.23,0.0,0.59,0.87,1.4,0.53,0.18,False,default,2.5,False,2,1.0,3.0360151911563634e-34,5e-06,3e-06,5.951183451534863e-50,1.9601955447621343e-16,1.330232,1,0,0.0,0.0,4,4,1,1,4,4,1,1,4,4,4,4,4,4,4,4,0.0,0.0,0.397151,0.533855,0.0,0.0,1.0,0.35603805719871523,0.35603805719871523,n/a,2026-07-31,2026-07-31,False,1.679167
COIN,LONG,0.35338163344392304,3.5338163344392304,2.9,4.2769,price_validation_failed,"confirmation_volume, not_extended, room_to_target","continuation_pattern, momentum_aligned, trend_aligned",8.2,NEGATIVE,unknown,-16813333.11,146.94,200.0,125.0,36.11,14.93,593311.0,449743.0,0.758,341186.0,206036.0,495832.0,37.2,0.678,0.0,0.46,0.93,0.0,0.51,1.0,False,default,2.5,False,1,0.7,99.0,3.6e-05,0.0,1273374.1007397915,0.0,3.192661,0,0,0.0,0.0,4,4,1,1,4,4,1,1,4,4,4,4,4,4,4,4,1.3e-05,0.0,0.37137,0.0,0.0,0.0,1.0,0.35338163344392304,0.35338163344392304,n/a,2026-07-31,2026-07-31,False,
SOXS,LONG,0.34436782760230106,3.4436782760230105,4.48,4.0458,price_validation_failed,"confirmation_volume, not_extended, retest_and_confirm, room_to_target","momentum_aligned, trend_aligned",4.9,NEUTRAL,retest_and_confirm,,,80.0,45.0,54.09,13.33,64632.0,51701.0,0.8,101473.0,7550.0,7310.0,100.0,2.199,0.0,0.68,1.0,1.4,0.48,0.92,False,default,2.5,False,2,1.0,99.0,0.00097,0.0,12506.556354799513,0.0,1.680098,2,0,0.076927,0.0,4,4,1,1,4,4,1,1,4,4,4,4,4,4,4,4,9e-06,0.0,0.489352,0.0,0.0,0.0,1.0,0.34436782760230106,0.34436782760230106,n/a,2026-07-31,2026-07-31,False,
MSTR,LONG,0.32782222907553893,3.278222290755389,2.98,3.5731,price_validation_failed,"confirmation_volume, momentum_aligned, not_extended, room_to_target","continuation_pattern, trend_aligned",5.2,POSITIVE,unknown,21959283.98,93.44,100.0,50.0,7.18,46.41,1364718.0,1272393.0,0.932,1036831.0,452072.0,1148208.0,57.1,0.757,0.0,0.75,1.0,0.0,0.76,0.47,False,default,2.5,False,2,1.0,99.0,5.2e-05,0.0,257935.81262402612,0.0,6.317556,0,0,1.9e-05,0.0,4,4,1,1,4,4,1,1,4,4,4,4,4,4,4,4,0.0,0.0,0.003118,0.0,0.0,0.0,1.0,0.32782222907553893,0.32782222907553893,n/a,2026-07-31,2026-07-31,False,
TMUS,LONG,0.3254703196838982,3.254703196838982,0.0,1.9528,weak_bullish_flow,none,none,,,unknown,,,,,,,,,,,,,,,,,,,,,,,,,2,1.0,99.0,4e-06,1.4e-05,3.46081208472432e-32,7.791256622625169e-56,22.54717,0,0,0.0,0.0,4,4,1,1,4,4,1,1,4,4,4,4,4,4,4,4,0.0,0.0,0.585719,0.47103,0.0,0.0,,,,,,,False,13.383333
TQQQ,LONG,0.32152780469916575,3.2152780469916573,3.98,4.2216,price_validation_failed,"confirmation_volume, momentum_aligned, not_extended, room_to_target","continuation_pattern, trend_aligned",7.1,NEGATIVE,unknown,-229818.46,,80.0,55.0,23.65,14.99,899999.0,692441.0,0.769,690982.0,224901.0,676557.0,68.8,0.687,0.0,0.71,1.0,0.0,1.55,0.73,False,default,2.5,False,1,1.0,99.0,0.0,0.0,3128.2063493883174,0.0,24.438889,0,0,0.0,0.0,4,4,3,3,4,4,3,3,4,4,4,4,4,4,4,4,0.0,0.0,0.058665,0.0,0.0,0.0,1.0,0.32152780469916575,0.32152780469916575,n/a,2026-07-31,2026-07-31,False,
JBL,LONG,0.3098228693621629,3.0982286936216292,3.23,3.5381,price_validation_failed,"momentum_aligned, not_extended, room_to_target","confirmation_volume, continuation_pattern, trend_aligned",5.1,NEUTRAL,unknown,,,400.0,230.0,27.28,26.82,22643.0,17057.0,0.753,10598.0,6110.0,22992.0,84.1,0.615,0.0,0.87,1.0,0.0,1.34,0.02,False,default,2.5,False,1,1.0,99.0,2e-05,0.0,2.6142064642026454e-08,0.0,5.454545,0,0,0.0,0.0,4,4,1,1,4,4,1,1,4,4,4,4,4,4,4,4,0.0,0.0,0.484369,0.0,0.0,0.0,1.0,0.3098228693621629,0.3098228693621629,n/a,2026-07-31,2026-07-31,False,
OKTA,LONG,0.30592844313603423,3.0592844313603424,0.0,1.8356,weak_bullish_flow,none,none,,,unknown,,,,,,,,,,,,,,,,,,,,,,,,,2,1.0,0.5271710234246467,2.2e-05,4.1e-05,2.1230456140265352e-14,4.0272426208759575e-14,3.9375,0,0,0.0,0.0,4,4,1,1,4,4,1,1,4,4,4,4,4,4,4,4,0.0,0.0,0.288603,0.636336,0.0,0.0,,,,,,,False,45.333333
CBRS,LONG,0.301934912494307,3.0193491249430697,0.0,1.8116,weak_bullish_flow,none,none,,,unknown,,,,,,,,,,,,,,,,,,,,,,,,,4,1.0,2.8473161055894695e-09,8.7e-05,8.8e-05,9.972121893954633e-05,35022.88303844698,3.201388,1,0,0.0,0.393968,4,4,1,1,4,4,1,1,4,4,4,4,4,4,4,4,0.0,3e-06,0.434484,0.699968,0.0,0.0,,,,,,,False,36.861111
AVGO,LONG,0.29832825919844363,2.9832825919844366,0.0,1.79,weak_bullish_flow,none,none,,,unknown,,,,,,,,,,,,,,,,,,,,,,,,,3,1.0,99.0,2e-06,1e-06,18.70248905762245,1.6564433569737096e-06,15.618521,1,1,0.0,0.0,4,4,1,1,4,4,1,1,4,4,4,4,4,4,4,4,0.0,0.0,0.705211,0.486122,0.0,0.0,,,,,,,False,487.0
UNH,LONG,0.2939311620287187,2.939311620287187,5.74,3.9317,price_validation_failed,"ema_pullback, momentum_aligned, not_extended, room_to_target, trend_aligned",confirmation_volume,3.7,POSITIVE,ema_pullback,10914064.9,419.03,500.0,200.0,19.32,52.27,516684.0,448653.0,0.868,201934.0,146377.0,617026.0,5.3,0.27,1.87,0.91,1.0,1.2,0.76,0.0,False,default,2.5,False,7,0.7,99.0,8e-06,5e-06,56345.799555907666,0.0003776264871142251,4.753553,0,1,0.000302,0.000337,4,4,1,1,4,4,1,1,4,4,4,4,4,4,4,4,0.0,0.0,0.247702,0.452194,0.0,0.0,1.0,0.2939311620287187,0.2939311620287187,n/a,2026-07-31,2026-07-31,False,4.505406
VRT,LONG,0.28455742988002064,2.8455742988002064,2.82,3.5088,price_validation_failed,"confirmation_volume, momentum_aligned, not_extended, room_to_target","continuation_pattern, trend_aligned",6.2,NEGATIVE,unknown,-16435557.69,245.48,260.0,210.0,5.85,14.51,217567.0,242096.0,1.113,156630.0,90408.0,212625.0,74.5,0.715,0.0,0.31,1.0,0.0,0.65,0.86,False,default,2.5,False,5,0.7,6.824724918317591,5.6e-05,2.3e-05,9122.38468052769,2005.000521568973,10.661333,0,0,0.289321,0.001642,4,4,1,1,4,4,1,1,4,4,4,4,4,4,4,4,0.0,0.0,0.731098,0.028092,0.0,0.0,1.0,0.28455742988002064,0.28455742988002064,n/a,2026-07-31,2026-07-31,False,2.028556
SNOW,LONG,0.2828122254587803,2.8281222545878033,7.57,3.9851,"wall_proximity (0.3%, 0.1 ATR to call wall)","confirmation_volume, momentum_aligned, not_extended, room_to_target, trend_aligned, trend_continuation",none,1.5,POSITIVE,trend_continuation,34513650.68,299.14,300.0,240.0,0.29,19.77,284359.0,246067.0,0.865,130794.0,65415.0,334217.0,81.9,0.752,2.24,0.6,1.0,1.4,1.8,0.53,False,sustained_trend,5.0,False,3,1.0,20.156055366495632,1.1e-05,6e-06,14194.397095569188,1408.449901280168,2.403426,0,1,0.004466,0.0,4,4,1,1,4,4,1,1,4,4,4,4,4,4,4,4,0.0,0.0,0.049269,0.596964,0.0,0.0,1.0,0.2828122254587803,0.2828122254587803,n/a,2026-07-31,2026-07-31,False,3.666667
TER,LONG,0.28161681381793985,2.8161681381793984,4.25,3.1031,price_validation_failed,"momentum_aligned, not_extended, support_ema_confluence","confirmation_volume, room_to_target, trend_aligned",2.1,NEUTRAL,support_ema_confluence,,,380.0,300.0,0.37,20.76,43839.0,48965.0,1.117,47209.0,14073.0,31522.0,88.4,0.993,0.0,0.77,0.0,1.6,1.71,0.18,False,default,2.5,False,1,0.7,99.0,9e-06,0.0,484799.13661954243,0.0,1.326531,0,0,0.0,0.0,4,4,1,1,4,4,1,1,4,4,4,4,4,4,4,4,1e-06,0.0,0.087132,0.0,0.0,0.0,1.0,0.28161681381793985,0.28161681381793985,n/a,2026-07-31,2026-07-31,False,
ETN,LONG,0.280367855583116,2.80367855583116,5.04,3.9138,price_validation_failed,"confirmation_volume, momentum_aligned, not_extended, support_ema_confluence","room_to_target, trend_aligned",5.0,NEUTRAL,support_ema_confluence,,,500.0,310.0,20.08,25.55,47220.0,60144.0,1.274,38549.0,36563.0,32252.0,87.7,0.448,0.0,0.67,0.02,1.6,1.9,0.85,False,default,2.5,False,1,1.0,99.0,4e-06,0.0,426988.3476496513,0.0,5.619048,0,0,0.0,0.0,4,4,1,1,4,4,1,1,4,4,4,4,4,4,4,4,1e-06,0.0,0.258434,0.0,0.0,0.0,1.0,0.280367855583116,0.280367855583116,n/a,2026-07-31,2026-07-31,False,
CRWD,LONG,0.27973273886708855,2.7973273886708854,0.0,1.6784,weak_bullish_flow,none,none,,,unknown,,,,,,,,,,,,,,,,,,,,,,,,,3,1.0,5.063887742797926,3e-06,9e-06,89.91169145215672,8.87773347464435,1.205021,1,2,0.0,0.337859,4,4,1,1,4,4,1,1,4,4,4,4,4,4,4,4,0.0,0.0,0.222719,0.5115,0.0,0.0,,,,,,,False,2.793404
SKHY,LONG,0.2794805438341379,2.794805438341379,0.0,1.6769,error: Need at least 21 rows to compute support/resistance,none,none,,,unknown,,,,,,,,,,,,,,,,,,,,,,,,,3,1.0,9.047555686543538,3e-06,1e-06,13140.581785469605,2904.7805265268807,50.480769,0,0,0.45348,0.0,4,4,2,2,4,4,2,2,4,4,4,4,4,4,4,4,0.0,0.0,0.433345,0.004964,0.0,0.0,,,,,,,False,
CSCO,LONG,0.2793300164088749,2.793300164088749,0.0,1.676,weak_bullish_flow,none,none,,,unknown,,,,,,,,,,,,,,,,,,,,,,,,,3,1.0,99.0,1e-06,7e-06,0.0007292962769855336,5.899991778162728e-08,1.475789,0,1,0.0,0.145133,4,4,1,1,4,4,1,1,4,4,4,4,4,4,4,4,0.0,0.0,0.137418,0.786294,0.0,0.0,,,,,,,False,1.682822
GOOG,LONG,0.2745172590592859,2.7451725905928592,5.79,4.8096,price_validation_failed,"confirmation_volume, flag_breakout, momentum_aligned, not_extended, room_to_target",trend_aligned,8.5,NEGATIVE,flag_breakout,-13860730.03,353.69,400.0,330.0,13.08,6.71,1014208.0,777747.0,0.767,460831.0,457450.0,873674.0,48.5,0.322,0.0,0.72,1.0,1.6,1.92,0.55,False,consolidation_break,3.0,False,2,1.0,99.0,1e-06,0.0,0.002275956207887614,0.0,9.089441,1,0,0.000759,0.0,4,4,1,1,4,4,1,1,4,4,4,4,4,4,4,4,0.0,0.0,0.705408,0.0,0.0,0.0,1.0,0.2745172590592859,0.2745172590592859,n/a,2026-07-31,2026-07-31,False,
ASML,LONG,0.26644010652185374,2.6644010652185375,3.04,3.1842,price_validation_failed,"momentum_aligned, not_extended, room_to_target","confirmation_volume, continuation_pattern, trend_aligned",4.7,NEUTRAL,unknown,,,2000.0,1400.0,20.9,15.37,83882.0,101164.0,1.206,74960.0,39382.0,70704.0,86.9,0.599,0.0,0.7,1.0,0.0,1.14,0.2,False,default,2.5,False,1,1.0,99.0,1e-06,0.0,2.1387749562990081e-07,0.0,20.666667,1,0,0.0,0.0,4,4,1,1,4,4,1,1,4,4,4,4,4,4,4,4,0.0,0.0,0.544396,0.0,0.0,0.0,1.0,0.26644010652185374,0.26644010652185374,n/a,2026-07-31,2026-07-31,False,
AMAT,LONG,0.2664341965847272,2.6643419658472722,0.0,1.5986,weak_bullish_flow,none,none,,,unknown,,,,,,,,,,,,,,,,,,,,,,,,,2,1.0,0.00047577036468732454,1e-06,5e-06,42.17297896109708,88641.45834054437,5.48,0,0,0.0,0.0,4,4,1,1,4,4,1,1,4,4,4,4,4,4,4,4,0.0,0.0,0.286263,0.654835,0.0,0.0,,,,,,,False,2.588235
IREN,LONG,0.2656495357012418,2.656495357012418,4.85,3.9432,price_validation_failed,"confirmation_volume, momentum_aligned, not_extended, pullback_to_support, room_to_target",trend_aligned,5.8,NEGATIVE,pullback_to_support,-15047370.88,,110.0,30.0,193.06,20.07,1370082.0,1475308.0,1.077,1054445.0,405424.0,1385521.0,91.3,1.224,0.0,0.85,0.49,1.4,1.45,0.66,False,default,2.5,False,1,1.0,99.0,7.2e-05,0.0,41296.97256714813,0.0,3.320542,0,0,0.0,0.0,4,4,1,1,4,4,1,1,4,4,4,4,4,4,4,4,0.0,0.0,0.0944,0.0,0.0,0.0,1.0,0.2656495357012418,0.2656495357012418,n/a,2026-07-31,2026-07-31,False,
RBLX,LONG,0.26090616883543194,2.6090616883543194,2.11,3.4975,price_validation_failed,"confirmation_volume, room_to_target","continuation_pattern, momentum_aligned, not_extended, trend_aligned",7.8,NEGATIVE,unknown,-4031491.03,,80.0,25.0,129.75,28.2,235350.0,162928.0,0.692,106632.0,93633.0,198013.0,61.3,0.707,0.0,0.0,1.0,0.0,0.11,1.0,True,default,2.5,False,1,0.7,99.0,8e-06,0.0,764.7781816959499,0.0,2.753165,0,0,0.0,0.0,4,4,1,1,4,4,1,1,4,4,4,4,4,4,4,4,0.0,0.0,0.676866,0.0,0.0,0.0,1.0,0.26090616883543194,0.26090616883543194,n/a,2026-07-31,2026-07-31,False,
SNDK,LONG,0.25525984630225107,2.5525984630225107,4.4,3.7763,price_validation_failed,"confirmation_volume, momentum_aligned, not_extended, room_to_target, trend_continuation",trend_aligned,5.9,NEGATIVE,trend_continuation,-23351081.25,,1400.0,250.0,11.13,80.15,451277.0,545592.0,1.209,412293.0,106217.0,478359.0,93.0,1.362,0.0,0.57,0.58,1.4,1.13,0.72,False,default,2.5,False,1,1.0,99.0,1e-05,0.0,82814.81061527536,0.0,2.268293,1,0,0.0,0.0,4,4,1,1,4,4,1,1,4,4,4,4,4,4,4,4,0.0,0.0,0.448936,0.0,0.0,0.0,1.0,0.25525984630225107,0.25525984630225107,n/a,2026-07-31,2026-07-31,False,
GLW,LONG,0.25415176422265306,2.5415176422265304,0.0,1.5249,weak_bullish_flow,none,none,,,unknown,,,,,,,,,,,,,,,,,,,,,,,,,3,0.7,0.04946031952305275,4.2e-05,4.8e-05,795.7371823156282,8044.197752753563,5.827515,0,1,0.0,0.320074,4,4,1,1,4,4,1,1,4,4,4,4,4,4,4,4,0.0,0.0,0.650764,0.146311,0.0,0.0,,,,,,,False,7.084291
UBER,LONG,0.25044518902567814,2.5044518902567816,4.7,3.8822,price_validation_failed,"momentum_aligned, not_extended, pullback_to_support, room_to_target","confirmation_volume, trend_aligned",6.1,NEGATIVE,pullback_to_support,-21124094.89,,80.0,60.0,14.32,14.26,574664.0,642608.0,1.118,334550.0,187447.0,695275.0,84.6,0.453,0.0,0.82,1.0,1.4,1.43,0.05,False,default,2.5,False,1,1.0,99.0,2e-06,0.0,2.6595440789529237,0.0,38.25228,0,0,0.0,0.0,4,4,1,1,4,4,1,1,4,4,4,4,4,4,4,4,0.0,0.0,0.03043,0.0,0.0,0.0,1.0,0.25044518902567814,0.25044518902567814,n/a,2026-07-31,2026-07-31,False,
STX,LONG,0.24876112988191915,2.4876112988191914,6.43,3.8728,price_validation_failed,"confirmation_volume, momentum_aligned, not_extended, support_ema_confluence, trend_aligned",room_to_target,3.5,POSITIVE,support_ema_confluence,20798425.18,885.24,1000.0,200.0,13.09,77.38,126344.0,162494.0,1.286,110277.0,41563.0,136998.0,86.5,0.927,1.77,0.92,0.11,1.6,1.66,0.38,False,sustained_trend,5.0,False,1,1.0,99.0,3e-06,0.0,531890.6149294584,0.0,1.74,0,0,0.0,0.0,4,4,1,1,4,4,1,1,4,4,4,4,4,4,4,4,0.0,0.0,0.131567,0.0,0.0,0.0,1.0,0.24876112988191915,0.24876112988191915,n/a,2026-07-31,2026-07-31,False,
TSLA,LONG,0.24866293985775167,2.4866293985775165,3.69,3.5503,price_validation_failed,"bounce_and_fail, momentum_aligned, not_extended, room_to_target","confirmation_volume, trend_aligned",6.0,POSITIVE,bounce_and_fail,186249471.62,310.55,400.0,300.0,28.79,3.41,3442385.0,2464298.0,0.716,1591817.0,821854.0,3493012.0,43.7,0.455,0.0,0.05,1.0,1.0,1.35,0.29,False,default,2.5,False,1,1.0,99.0,1e-06,0.0,3421.0187956686887,0.0,8.671296,1,0,0.0,0.0,4,4,1,1,4,4,1,1,4,4,4,4,4,4,4,4,0.0,0.0,0.461771,0.0,0.0,0.0,1.0,0.24866293985775167,0.24866293985775167,n/a,2026-07-31,2026-07-31,False,
META,LONG,0.2471824519284938,2.471824519284938,3.59,3.8729,price_validation_failed,"confirmation_volume, not_extended, room_to_target, volume_capitulation_reversal","momentum_aligned, trend_aligned",7.8,NEGATIVE,unknown,-94305095.02,548.86,750.0,500.0,36.64,8.91,2271105.0,996152.0,0.439,893748.0,535959.0,1837550.0,63.4,0.384,0.0,0.17,1.0,1.4,0.56,0.47,False,default,2.5,False,2,1.0,0.10330232413808278,1e-06,0.0,33335.19525578356,322695.5011314641,1.34029,0,0,0.0,0.0,4,4,1,1,4,4,1,1,4,4,4,4,4,4,4,4,0.0,0.0,0.12638,0.282872,0.0,0.0,1.0,0.2471824519284938,0.2471824519284938,n/a,2026-07-31,2026-07-31,False,2.288
V,LONG,0.24393402876303233,2.439340287630323,5.45,4.4347,price_validation_failed,"ema_pullback, momentum_aligned, not_extended, room_to_target, trend_aligned",confirmation_volume,7.9,NEGATIVE,ema_pullback,-30018134.31,365.38,400.0,320.0,9.47,12.42,231464.0,247084.0,1.067,144154.0,89452.0,244942.0,36.6,0.227,2.28,0.58,0.22,1.2,1.07,0.09,False,default,2.5,False,1,1.0,99.0,1e-06,0.0,635119.3698409505,0.0,3.069024,0,0,0.0,0.0,4,4,1,1,4,4,1,1,4,4,4,4,4,4,4,4,0.0,0.0,0.324997,0.0,0.0,0.0,1.0,0.24393402876303233,0.24393402876303233,n/a,2026-07-31,2026-07-31,False,
AMZN,LONG,0.20780318197587705,2.0780318197587704,0.0,1.2468,weak_bullish_flow,none,none,,,unknown,,,,,,,,,,,,,,,,,,,,,,,,,2,0.7,0.4253651318657434,0.0,0.0,192031.7342305177,451451.517401591,5.757576,0,0,0.0,0.0,4,4,1,1,4,4,1,1,4,4,4,4,4,4,4,4,0.0,0.0,0.532621,0.534062,0.0,0.0,,,,,,,False,2.131313
MELI,LONG,0.08536594038041617,0.8536594038041617,0.0,0.5122,weak_bullish_flow,none,none,,,unknown,,,,,,,,,,,,,,,,,,,,,,,,,2,1.0,1.935056379262758e-06,8e-06,6e-06,1.2589400203204317e-05,6.5059604144457985,,0,0,0.0,0.0,4,4,1,1,4,4,1,1,4,4,4,4,4,4,4,4,0.0,0.0,0.496364,0.499904,0.0,0.0,,,,,,,False,2.444444
HUT,SHORT,0.4828928788333181,4.828928788333181,3.81,4.2375,price_validation_failed,"confirmation_volume, not_extended, resistance_ema_confluence, room_to_target","momentum_aligned, trend_aligned",3.4,POSITIVE,resistance_ema_confluence,349076.63,,120.0,75.0,9.14,31.79,175064.0,98325.0,0.562,111652.0,72024.0,89713.0,97.1,1.185,0.0,0.84,0.56,1.6,0.45,0.36,False,default,2.5,False,1,1.0,0.0,0.0,0.000245,0.0,2247039.5627587326,,0,0,0.0,0.0,4,4,1,1,4,4,1,1,4,4,4,4,4,4,4,4,0.0,7.3e-05,0.0,0.394948,0.0,0.0,1.0,0.4828928788333181,0.4828928788333181,n/a,2026-07-31,2026-07-31,False,4.5675
TMUS,SHORT,0.4805388880727249,4.805388880727249,6.24,5.3947,price_validation_failed,"confirmation_volume, momentum_aligned, not_extended, trend_aligned, trend_continuation",room_to_target,5.6,NEUTRAL,trend_continuation,,,195.0,150.0,14.44,11.97,131448.0,59920.0,0.456,81445.0,21757.0,88166.0,69.0,0.348,1.83,0.69,0.06,1.4,1.91,0.34,False,sustained_trend,5.0,False,2,1.0,99.0,4e-06,1.4e-05,3.46081208472432e-32,7.791256622625169e-56,22.54717,0,0,0.0,0.0,4,4,1,1,4,4,1,1,4,4,4,4,4,4,4,4,0.0,0.0,0.585719,0.47103,0.0,0.0,1.0,0.4805388880727249,0.4805388880727249,n/a,2026-07-31,2026-07-31,False,13.383333
IESC,SHORT,0.43498385229107084,4.349838522910709,2.16,3.8029,price_validation_failed,"confirmation_volume, not_extended, room_to_target","continuation_pattern, momentum_aligned, trend_aligned",4.9,NEUTRAL,unknown,,,860.0,500.0,12.77,34.44,1987.0,1857.0,0.935,1817.0,960.0,1067.0,93.8,0.816,0.0,0.11,0.97,0.0,0.09,1.0,False,default,2.5,False,1,1.0,0.0,0.0,4.7e-05,0.0,380233.1892395019,,0,0,0.0,0.0,4,4,1,1,4,4,1,1,4,4,4,4,4,4,4,4,0.0,2.1e-05,0.0,0.623998,0.0,0.0,1.0,0.43498385229107084,0.43498385229107084,n/a,2026-07-31,2026-07-31,False,
DELL,SHORT,0.4096857190494495,4.096857190494495,3.88,4.4524,price_validation_failed,"momentum_aligned, not_extended, resistance_ema_confluence, room_to_target","confirmation_volume, trend_aligned",6.2,NEGATIVE,resistance_ema_confluence,-2275175.02,,450.0,100.0,9.99,75.56,294818.0,349662.0,1.186,171006.0,141661.0,331813.0,97.9,0.86,0.0,0.99,0.28,1.6,0.87,0.14,False,default,2.5,False,7,1.0,0.0,0.0,7.2e-05,0.0,1213.2915195592427,,0,2,0.0,0.459546,4,4,1,1,4,4,1,1,4,4,4,4,4,4,4,4,0.0,0.0,0.0,0.050445,0.0,0.0,1.0,0.4096857190494495,0.4096857190494495,n/a,2026-07-31,2026-07-31,False,66.231808
SOXL,SHORT,0.3663671984491347,3.663671984491347,5.55,4.3768,price_validation_failed,"confirmation_volume, momentum_aligned, not_extended, room_to_target, trend_aligned",continuation_pattern,4.4,POSITIVE,unknown,1471462.71,119.45,200.0,71.0,67.21,40.64,547262.0,1074565.0,1.964,825928.0,84628.0,711271.0,80.8,1.734,2.22,0.57,0.94,0.0,1.01,0.81,False,default,2.5,False,1,1.0,0.0,0.0,3.6e-05,0.0,631053.8739225423,,0,1,0.0,0.0,4,4,1,1,4,4,1,1,4,4,4,4,4,4,4,4,0.0,0.0,0.0,0.0,0.0,0.0,1.0,0.3663671984491347,0.3663671984491347,n/a,2026-07-31,2026-07-31,False,7.580645
FSLR,SHORT,0.36044188208666034,3.6044188208666035,6.58,5.0962,price_validation_failed,"confirmation_volume, not_extended, room_to_target, trend_aligned, trend_continuation",momentum_aligned,6.6,NEGATIVE,trend_continuation,-5816539.52,215.45,410.0,180.0,90.39,16.42,368702.0,208712.0,0.566,72080.0,84377.0,420957.0,92.3,0.75,2.35,1.0,0.95,1.4,0.13,0.75,False,sustained_trend,5.0,False,1,1.0,0.0,0.0,2.2e-05,0.0,415603.8563582826,,0,1,0.0,0.0,4,4,1,1,4,4,1,1,4,4,4,4,4,4,4,4,0.0,7e-06,0.0,0.361808,0.0,0.0,1.0,0.36044188208666034,0.36044188208666034,n/a,2026-07-31,2026-07-31,False,2.610256
HUBB,SHORT,0.3573484708002736,3.573484708002736,4.95,4.4117,price_validation_failed,"momentum_aligned, not_extended, trend_aligned, volume_capitulation_reversal","confirmation_volume, room_to_target",5.7,NEUTRAL,unknown,,,520.0,390.0,9.21,18.09,4324.0,7206.0,1.667,2803.0,4878.0,3849.0,83.7,0.405,1.57,0.83,0.07,1.4,1.06,0.03,False,default,2.5,False,1,1.0,0.0,0.0,1.5e-05,0.0,2.395118107077417e-31,,0,0,0.0,0.0,4,4,1,1,4,4,1,1,4,4,4,4,4,4,4,4,0.0,0.0,0.0,0.78369,0.0,0.0,1.0,0.3573484708002736,0.3573484708002736,n/a,2026-07-31,2026-07-31,False,
KLAC,SHORT,0.33939355522512654,3.3939355522512655,0.0,2.0364,weak_bearish_flow,none,none,,,unknown,,,,,,,,,,,,,,,,,,,,,,,,,5,1.0,0.7936835719631724,6e-06,8e-06,1.8640566762172754e-32,3.522921619014755e-32,1204.0,3,1,0.480057,0.458439,4,4,1,1,4,4,1,1,4,4,4,4,4,4,4,4,0.0,0.0,0.655207,0.607306,0.0,0.0,,,,,,,False,583.0
CSCO,SHORT,0.3364094920227387,3.364094920227387,3.64,4.074,price_validation_failed,"ema_rally, not_extended, room_to_target","confirmation_volume, momentum_aligned, trend_aligned",6.5,NEGATIVE,ema_rally,-6325805.03,115.83,120.0,100.0,3.63,13.64,515473.0,360236.0,0.699,158334.0,292538.0,424837.0,93.9,0.506,0.0,0.85,1.0,1.2,0.53,0.06,False,default,2.5,False,3,1.0,99.0,1e-06,7e-06,0.0007292962769855336,5.899991778162728e-08,1.475789,0,1,0.0,0.145133,4,4,1,1,4,4,1,1,4,4,4,4,4,4,4,4,0.0,0.0,0.137418,0.786294,0.0,0.0,1.0,0.3364094920227387,0.3364094920227387,n/a,2026-07-31,2026-07-31,False,1.682822
BE,SHORT,0.33432073311938254,3.3432073311938253,6.62,4.4576,price_validation_failed,"confirmation_volume, not_extended, retest_and_confirm, room_to_target, trend_aligned",momentum_aligned,4.0,POSITIVE,retest_and_confirm,369196.54,214.68,350.0,125.0,62.98,41.79,599527.0,751031.0,1.253,732358.0,213354.0,404846.0,83.7,1.251,2.13,0.97,0.98,1.4,0.53,0.61,False,sustained_trend,5.0,False,1,1.0,0.0,0.0,1.8e-05,0.0,980298.5205164297,,0,1,0.0,0.0,4,4,1,1,4,4,1,1,4,4,4,4,4,4,4,4,0.0,0.0,0.0,0.000534,0.0,0.0,1.0,0.33432073311938254,0.33432073311938254,n/a,2026-07-31,2026-07-31,False,15.305263
MOD,SHORT,0.32605752109144515,3.2605752109144515,0.0,1.9563,weak_bearish_flow,none,none,,,unknown,,,,,,,,,,,,,,,,,,,,,,,,,2,1.0,99.0,6e-05,5.4e-05,463934.3905625925,4.6935227267428536e-42,5.641026,0,0,0.0,0.0,4,4,1,1,4,4,1,1,4,4,4,4,4,4,4,4,2.7e-05,0.0,0.596226,0.598118,0.0,0.0,,,,,,,False,3.606061
CRWD,SHORT,0.3260266484388825,3.260266484388825,3.67,3.3911,price_validation_failed,"not_extended, room_to_target, trend_continuation","confirmation_volume, momentum_aligned, trend_aligned",3.3,POSITIVE,trend_continuation,40233325.92,189.99,200.0,125.0,5.27,34.21,692017.0,645809.0,0.933,328462.0,244680.0,764684.0,97.3,0.675,0.0,0.89,1.0,1.4,0.19,0.19,False,default,2.5,False,3,1.0,5.063887742797926,3e-06,9e-06,89.91169145215672,8.87773347464435,1.205021,1,2,0.0,0.337859,4,4,1,1,4,4,1,1,4,4,4,4,4,4,4,4,0.0,0.0,0.222719,0.5115,0.0,0.0,1.0,0.3260266484388825,0.3260266484388825,n/a,2026-07-31,2026-07-31,False,2.793404
OKTA,SHORT,0.3137520674364123,3.137520674364123,3.49,3.7558,price_validation_failed,"ema_rally, not_extended, room_to_target","confirmation_volume, momentum_aligned, trend_aligned",5.7,NEUTRAL,ema_rally,,,150.0,50.0,6.07,64.64,84368.0,109524.0,1.298,42287.0,52484.0,99121.0,99.7,0.785,0.0,0.86,1.0,1.2,0.38,0.05,False,default,2.5,False,2,1.0,0.5271710234246467,2.2e-05,4.1e-05,2.1230456140265352e-14,4.0272426208759575e-14,3.9375,0,0,0.0,0.0,4,4,1,1,4,4,1,1,4,4,4,4,4,4,4,4,0.0,0.0,0.288603,0.636336,0.0,0.0,1.0,0.3137520674364123,0.3137520674364123,n/a,2026-07-31,2026-07-31,False,45.333333
NET,SHORT,0.3075218589531104,3.075218589531104,3.79,3.6146,price_validation_failed,"confirmation_volume, momentum_aligned, not_extended, room_to_target, shooting_star_at_resistance",trend_aligned,4.7,NEUTRAL,unknown,,,300.0,250.0,6.9,10.91,119198.0,110522.0,0.927,97076.0,45130.0,87514.0,86.1,0.762,0.0,0.61,1.0,1.2,0.61,0.37,False,default,2.5,False,2,1.0,0.0,0.0,1.1e-05,0.0,8.126291553523373e-09,,0,1,0.0,0.0,4,4,1,1,4,4,1,1,4,4,4,4,4,4,4,4,0.0,0.0,0.0,0.024053,0.0,0.0,1.0,0.3075218589531104,0.3075218589531104,n/a,2026-07-31,2026-07-31,False,80.280886
CVNA,SHORT,0.30697380893401116,3.0697380893401114,5.75,4.7799,price_validation_failed,"momentum_aligned, not_extended, room_to_target, trend_aligned, trend_continuation",confirmation_volume,7.6,NEGATIVE,trend_continuation,-8268420.14,,120.0,50.0,95.53,18.53,594269.0,547429.0,0.921,359989.0,162668.0,619041.0,29.8,0.661,1.56,0.84,0.44,1.4,1.21,0.31,False,sustained_trend,5.0,False,2,1.0,0.0,0.0,1.9e-05,0.0,120849.10547060744,,0,1,0.0,0.00884,4,4,1,1,4,4,1,1,4,4,4,4,4,4,4,4,0.0,4e-06,0.0,0.732149,0.0,0.0,1.0,0.30697380893401116,0.30697380893401116,n/a,2026-07-31,2026-07-31,False,12.692689
MRNA,SHORT,0.3069693489262029,3.069693489262029,6.51,4.8478,price_validation_failed,"confirmation_volume, momentum_aligned, not_extended, resistance_ema_confluence, room_to_target, trend_aligned",none,6.8,NEGATIVE,resistance_ema_confluence,-321586.72,56.14,60.0,45.0,6.88,19.84,269051.0,317356.0,1.18,169483.0,91235.0,325689.0,71.8,0.795,1.82,0.58,0.9,1.6,1.09,0.51,False,default,2.5,False,1,1.0,0.0,0.0,3.6e-05,0.0,5.37765977062289e-25,,0,1,0.0,0.0,4,4,1,1,4,4,1,1,4,4,4,4,4,4,4,4,0.0,0.0,0.0,0.460204,0.0,0.0,1.0,0.3069693489262029,0.3069693489262029,n/a,2026-07-31,2026-07-31,False,1.38806
DDOG,SHORT,0.3016335138493941,3.0163351384939405,3.66,3.5262,price_validation_failed,"not_extended, pullback_to_resistance, room_to_target","confirmation_volume, momentum_aligned, trend_aligned",4.6,NEUTRAL,pullback_to_resistance,,,300.0,220.0,10.95,18.64,131647.0,109585.0,0.832,73282.0,54431.0,113519.0,93.9,0.85,0.0,0.56,1.0,1.4,0.41,0.29,False,default,2.5,False,1,1.0,0.0,0.0,8e-06,0.0,696032.6372316454,,0,1,0.0,0.0,4,4,1,1,4,4,1,1,4,4,4,4,4,4,4,4,0.0,2e-06,0.0,0.237618,0.0,0.0,1.0,0.3016335138493941,0.3016335138493941,n/a,2026-07-31,2026-07-31,False,1.28169
NEE,SHORT,0.3015283392306257,3.015283392306257,5.58,4.5016,price_validation_failed,"momentum_aligned, not_extended, trend_aligned, trend_continuation","confirmation_volume, room_to_target",6.6,NEGATIVE,trend_continuation,-2622908.73,,105.0,75.0,19.78,14.44,259042.0,189552.0,0.732,62972.0,158613.0,227009.0,4.7,0.23,1.55,0.91,0.0,1.4,1.61,0.1,False,sustained_trend,5.0,False,1,1.0,0.0,0.0,3e-06,0.0,5.316898559983869e-37,,0,1,0.0,0.0,4,4,1,1,4,4,1,1,4,4,4,4,4,4,4,4,0.0,0.0,0.0,0.521919,0.0,0.0,1.0,0.3015283392306257,0.3015283392306257,n/a,2026-07-31,2026-07-31,False,1.781163
DRAM,SHORT,0.3007387814091028,3.007387814091028,5.87,3.7647,price_validation_failed,"confirmation_volume, momentum_aligned, not_extended, trend_aligned, trend_continuation",room_to_target,2.5,POSITIVE,trend_continuation,4455194.27,51.66,60.0,50.0,16.03,3.31,1840940.0,1087717.0,0.591,1444998.0,589269.0,894390.0,75.3,0.986,2.18,0.84,0.12,1.4,0.68,0.65,False,sustained_trend,5.0,False,1,1.0,0.0,0.0,0.0,0.0,1022286.2506397478,,0,0,0.0,0.0,4,4,3,3,4,4,3,3,4,4,4,4,4,4,4,4,0.0,0.0,0.0,0.399371,0.0,0.0,1.0,0.3007387814091028,0.3007387814091028,n/a,2026-07-31,2026-07-31,False,11.443243
MPWR,SHORT,0.29549436586385924,2.9549436586385927,4.65,4.0525,price_validation_failed,"confirmation_volume, momentum_aligned, not_extended, retest_and_confirm, room_to_target",trend_aligned,5.9,NEUTRAL,retest_and_confirm,,,1580.0,1000.0,10.73,29.92,6711.0,7882.0,1.174,3742.0,3871.0,6980.0,83.6,0.751,0.0,0.7,1.0,1.4,0.86,0.69,False,default,2.5,False,1,1.0,0.0,0.0,9e-06,0.0,533662.8407794259,,0,0,0.0,0.0,4,4,1,1,4,4,1,1,4,4,4,4,4,4,4,4,0.0,4e-06,0.0,0.432925,0.0,0.0,1.0,0.29549436586385924,0.29549436586385924,n/a,2026-07-31,2026-07-31,False,5.55
GLW,SHORT,0.29476808334275334,2.9476808334275333,0.0,1.7686,weak_bearish_flow,none,none,,,unknown,,,,,,,,,,,,,,,,,,,,,,,,,3,0.7,0.04946031952305275,4.2e-05,4.8e-05,795.7371823156282,8044.197752753563,5.827515,0,1,0.0,0.320074,4,4,1,1,4,4,1,1,4,4,4,4,4,4,4,4,0.0,0.0,0.650764,0.146311,0.0,0.0,,,,,,,False,7.084291
CBRS,SHORT,0.29414146271821207,2.9414146271821204,0.0,1.7648,weak_bearish_flow,none,none,,,unknown,,,,,,,,,,,,,,,,,,,,,,,,,4,1.0,2.8473161055894695e-09,8.7e-05,8.8e-05,9.972121893954633e-05,35022.88303844698,3.201388,1,0,0.0,0.393968,4,4,1,1,4,4,1,1,4,4,4,4,4,4,4,4,0.0,3e-06,0.434484,0.699968,0.0,0.0,,,,,,,False,36.861111
PLTR,SHORT,0.29397242791186473,2.9397242791186473,6.19,4.5069,price_validation_failed,"momentum_aligned, not_extended, room_to_target, trend_aligned, trend_continuation",confirmation_volume,5.9,NEGATIVE,trend_continuation,-2914402.41,,150.0,100.0,22.61,18.26,1858699.0,1697790.0,0.913,923739.0,579560.0,2053190.0,95.2,0.672,1.58,0.86,0.78,1.4,1.39,0.17,False,sustained_trend,5.0,False,4,1.0,0.0,0.0,2.9e-05,0.0,3.7525900105432304e-05,,0,0,0.0,0.004298,4,4,1,1,4,4,1,1,4,4,4,4,4,4,4,4,0.0,0.0,0.0,0.295956,0.0,0.0,1.0,0.29397242791186473,0.29397242791186473,n/a,2026-07-31,2026-07-31,False,15.498457
TE,SHORT,0.293366767033849,2.9336676703384903,5.79,3.8638,price_validation_failed,"momentum_aligned, not_extended, trend_aligned, trend_continuation","confirmation_volume, room_to_target",3.3,POSITIVE,trend_continuation,505327.1,4.26,10.0,2.0,134.74,53.05,357109.0,121991.0,0.342,186059.0,109573.0,183468.0,93.3,1.519,2.37,0.61,0.19,1.4,1.08,0.15,False,sustained_trend,5.0,False,1,1.0,0.0,0.0,0.000432,0.0,4.4179409600718296e-30,,0,0,0.0,0.0,4,4,1,1,4,4,1,1,4,4,4,4,4,4,4,4,0.0,0.0,0.0,0.016094,0.0,0.0,1.0,0.293366767033849,0.293366767033849,n/a,2026-07-31,2026-07-31,False,2.578998
PG,SHORT,0.2925365109644182,2.925365109644182,0.0,1.7552,weak_bearish_flow,none,none,,,unknown,,,,,,,,,,,,,,,,,,,,,,,,,2,1.0,3.0360151911563634e-34,5e-06,3e-06,5.951183451534863e-50,1.9601955447621343e-16,1.330232,1,0,0.0,0.0,4,4,1,1,4,4,1,1,4,4,4,4,4,4,4,4,0.0,0.0,0.397151,0.533855,0.0,0.0,,,,,,,False,1.679167
AVGO,SHORT,0.2846964941352859,2.846964941352859,0.0,1.7082,weak_bearish_flow,none,none,,,unknown,,,,,,,,,,,,,,,,,,,,,,,,,3,1.0,99.0,2e-06,1e-06,18.70248905762245,1.6564433569737096e-06,15.618521,1,1,0.0,0.0,4,4,1,1,4,4,1,1,4,4,4,4,4,4,4,4,0.0,0.0,0.705211,0.486122,0.0,0.0,,,,,,,False,487.0
NBIS,SHORT,0.28202808137610397,2.82028081376104,0.0,1.6922,weak_bearish_flow,none,none,,,unknown,,,,,,,,,,,,,,,,,,,,,,,,,7,1.0,2.0779351797115835,0.000211,6e-05,34199.78640006455,41146.358575068094,65.265915,2,1,0.691115,0.034293,4,4,1,1,4,4,1,1,4,4,4,4,4,4,4,4,1e-06,0.0,0.245811,0.008802,0.0,0.0,,,,,,,False,6.346311
CRWV,SHORT,0.27964940901126595,2.7964940901126596,5.06,4.0962,price_validation_failed,"confirmation_volume, ema_rally, momentum_aligned, not_extended, trend_aligned",room_to_target,5.9,NEGATIVE,ema_rally,-3340628.12,71.95,100.0,50.0,38.96,30.52,1149456.0,878863.0,0.765,614439.0,425020.0,988860.0,89.4,1.103,2.07,0.67,0.0,1.2,0.73,0.38,False,default,2.5,False,3,0.7,0.0,0.0,3.4e-05,0.0,54.318532627736765,,0,0,0.0,0.451991,4,4,1,1,4,4,1,1,4,4,4,4,4,4,4,4,0.0,0.0,0.0,0.00023,0.0,0.0,1.0,0.27964940901126595,0.27964940901126595,n/a,2026-07-31,2026-07-31,False,10.499046
SPOT,SHORT,0.27899625468123923,2.7899625468123923,3.75,2.82,price_validation_failed,"bounce_and_fail, momentum_aligned, not_extended, room_to_target","confirmation_volume, trend_aligned",1.5,POSITIVE,bounce_and_fail,601555.07,,650.0,500.0,28.47,1.18,79510.0,72317.0,0.91,69242.0,28145.0,54440.0,72.7,0.518,0.0,0.7,0.86,1.0,0.93,0.27,False,default,2.5,False,1,1.0,0.0,0.0,7e-06,0.0,687990.1772510714,,0,0,0.0,0.0,4,4,1,1,4,4,1,1,4,4,4,4,4,4,4,4,0.0,3e-06,0.0,0.509659,0.0,0.0,1.0,0.27899625468123923,0.27899625468123923,n/a,2026-07-31,2026-07-31,False,3.2
UNH,SHORT,0.275652746913411,2.7565274691341104,0.0,1.6539,weak_bearish_flow,none,none,,,unknown,,,,,,,,,,,,,,,,,,,,,,,,,7,0.7,99.0,8e-06,5e-06,56345.799555907666,0.0003776264871142251,4.753553,0,1,0.000302,0.000337,4,4,1,1,4,4,1,1,4,4,4,4,4,4,4,4,0.0,0.0,0.247702,0.452194,0.0,0.0,,,,,,,False,4.505406
SNOW,SHORT,0.2672927587009928,2.672927587009928,0.0,1.6038,weak_bearish_flow,none,none,,,unknown,,,,,,,,,,,,,,,,,,,,,,,,,3,1.0,20.156055366495632,1.1e-05,6e-06,14194.397095569188,1408.449901280168,2.403426,0,1,0.004466,0.0,4,4,1,1,4,4,1,1,4,4,4,4,4,4,4,4,0.0,0.0,0.049269,0.596964,0.0,0.0,,,,,,,False,3.666667
AMAT,SHORT,0.25735812480974496,2.5735812480974496,5.42,4.1728,price_validation_failed,"ema_rally, not_extended, room_to_target, trend_aligned","confirmation_volume, momentum_aligned",6.3,NEGATIVE,ema_rally,-2657250.96,,600.0,400.0,16.06,22.63,228776.0,295556.0,1.292,181387.0,85464.0,257481.0,89.1,0.884,1.68,0.82,1.0,1.2,0.56,0.17,False,default,2.5,False,2,1.0,0.00047577036468732454,1e-06,5e-06,42.17297896109708,88641.45834054437,5.48,0,0,0.0,0.0,4,4,1,1,4,4,1,1,4,4,4,4,4,4,4,4,0.0,0.0,0.286263,0.654835,0.0,0.0,1.0,0.25735812480974496,0.25735812480974496,n/a,2026-07-31,2026-07-31,False,2.588235
ELF,SHORT,0.2568851162873084,2.5688511628730843,2.23,2.9334,price_validation_failed,"momentum_aligned, not_extended, room_to_target","confirmation_volume, continuation_pattern, trend_aligned",4.9,NEUTRAL,unknown,,,115.0,55.0,37.98,34.01,84300.0,35897.0,0.426,56059.0,14288.0,49850.0,79.9,0.824,0.0,0.43,1.0,0.0,0.8,0.0,False,default,2.5,False,1,0.7,0.0,0.0,5.1e-05,0.0,2.6004369146373496,,0,0,0.0,0.0,4,4,1,1,4,4,1,1,4,4,4,4,4,4,4,4,0.0,0.0,0.0,0.423563,0.0,0.0,1.0,0.2568851162873084,0.2568851162873084,n/a,2026-07-31,2026-07-31,False,1.876712
VRT,SHORT,0.2492180641465415,2.492180641465415,0.0,1.4953,weak_bearish_flow,none,none,,,unknown,,,,,,,,,,,,,,,,,,,,,,,,,5,0.7,6.824724918317591,5.6e-05,2.3e-05,9122.38468052769,2005.000521568973,10.661333,0,0,0.289321,0.001642,4,4,1,1,4,4,1,1,4,4,4,4,4,4,4,4,0.0,0.0,0.731098,0.028092,0.0,0.0,,,,,,,False,2.028556
MELI,SHORT,0.24659655126435898,2.4659655126435895,0.0,1.4796,weak_bearish_flow,none,none,,,unknown,,,,,,,,,,,,,,,,,,,,,,,,,2,1.0,1.935056379262758e-06,8e-06,6e-06,1.2589400203204317e-05,6.5059604144457985,,0,0,0.0,0.0,4,4,1,1,4,4,1,1,4,4,4,4,4,4,4,4,0.0,0.0,0.496364,0.499904,0.0,0.0,,,,,,,False,2.444444
META,SHORT,0.24112813150672802,2.41128131506728,0.0,1.4468,weak_bearish_flow,none,none,,,unknown,,,,,,,,,,,,,,,,,,,,,,,,,2,1.0,0.10330232413808278,1e-06,0.0,33335.19525578356,322695.5011314641,1.34029,0,0,0.0,0.0,4,4,1,1,4,4,1,1,4,4,4,4,4,4,4,4,0.0,0.0,0.12638,0.282872,0.0,0.0,,,,,,,False,2.288
MA,SHORT,0.24038756580939183,2.4038756580939182,1.96,3.0499,price_validation_failed,"confirmation_volume, not_extended, room_to_target","continuation_pattern, momentum_aligned, trend_aligned",6.3,NEUTRAL,unknown,,,600.0,450.0,4.72,21.46,73148.0,69389.0,0.949,38505.0,31522.0,72510.0,34.3,0.244,0.0,0.08,1.0,0.0,0.47,0.41,False,default,2.5,False,1,0.7,0.0,0.0,2e-06,0.0,3.091265503918514e-14,,0,0,0.0,0.0,4,4,1,1,4,4,1,1,4,4,4,4,4,4,4,4,0.0,0.0,0.0,0.550388,0.0,0.0,1.0,0.24038756580939183,0.24038756580939183,n/a,2026-07-31,2026-07-31,False,35.666667
VRTX,SHORT,0.20785099006279986,2.078509900627999,4.66,3.4173,price_validation_failed,"momentum_aligned, not_extended, room_to_target, trend_continuation","confirmation_volume, trend_aligned",4.9,NEUTRAL,trend_continuation,,,500.0,340.0,4.81,28.73,23578.0,28335.0,1.202,17874.0,10386.0,23653.0,95.4,0.416,0.0,0.86,1.0,1.4,1.4,0.0,False,default,2.5,False,1,0.7,0.0,0.0,6e-06,0.0,3.3967071189457413e-14,,0,1,0.0,0.0,4,4,1,1,4,4,1,1,4,4,4,4,4,4,4,4,0.0,0.0,0.0,0.601843,0.0,0.0,1.0,0.20785099006279986,0.20785099006279986,n/a,2026-07-31,2026-07-31,False,
AMZN,SHORT,0.20780318197587705,2.0780318197587704,3.46,3.097,price_validation_failed,"confirmation_volume, room_to_target, trend_continuation","momentum_aligned, not_extended, trend_aligned",5.1,POSITIVE,trend_continuation,1106401331.49,270.62,300.0,200.0,10.85,26.1,2922429.0,1933668.0,0.662,1578524.0,784986.0,2492587.0,32.3,0.315,0.0,0.0,1.0,1.4,0.06,1.0,True,default,2.5,False,2,0.7,0.4253651318657434,0.0,0.0,192031.7342305177,451451.517401591,5.757576,0,0,0.0,0.0,4,4,1,1,4,4,1,1,4,4,4,4,4,4,4,4,0.0,0.0,0.532621,0.534062,0.0,0.0,1.0,0.20780318197587705,0.20780318197587705,n/a,2026-07-31,2026-07-31,False,2.131313
SKHY,SHORT,0.14633495679610312,1.463349567961031,0.0,0.878,weak_bearish_flow,none,none,,,unknown,,,,,,,,,,,,,,,,,,,,,,,,,3,1.0,9.047555686543538,3e-06,1e-06,13140.581785469605,2904.7805265268807,50.480769,0,0,0.45348,0.0,4,4,2,2,4,4,2,2,4,4,4,4,4,4,4,4,0.0,0.0,0.433345,0.004964,0.0,0.0,,,,,,,False,
EQIX,LONG,0.3991589011500877,3.991589011500877,3.53,4.1548,watchlist_reeval_failed,"ema_pullback, not_extended, room_to_target","confirmation_volume, momentum_aligned, trend_aligned",5.5,NEUTRAL,ema_pullback,,,1170.0,1000.0,14.35,2.26,5769.0,20368.0,3.531,12024.0,7578.0,6535.0,66.4,0.307,0.0,0.84,0.82,1.2,0.51,0.16,False,default,2.5,False,2,1.0,99.0,7e-06,4e-06,3.394731727095134e-26,4.974098474353225e-66,17.2,0,0,0.0,0.0,4,4,1,1,4,4,1,1,4,4,4,4,4,4,4,4,0.0,0.0,0.647151,0.842842,0.0,0.0,1.0,0.3991589011500877,0.3991589011500877,n/a,2026-07-27,2026-07-27,,49.0
FIX,LONG,0.36358067227513496,3.6358067227513495,4.79,4.2349,watchlist_reeval_failed,"ema_pullback, momentum_aligned, not_extended, room_to_target","confirmation_volume, trend_aligned",4.9,NEUTRAL,ema_pullback,,,2000.0,1520.0,13.5,13.74,7029.0,9311.0,1.325,4715.0,3375.0,8250.0,73.9,0.687,0.0,0.92,0.83,1.2,1.74,0.1,False,default,2.5,False,1,1.0,99.0,2.3e-05,0.0,1250865.9833034137,0.0,7.125,0,0,0.0,0.0,4,4,1,1,4,4,1,1,4,4,4,4,4,4,4,4,1.2e-05,0.0,0.602697,0.0,0.0,0.0,1.0,0.36358067227513496,0.36358067227513496,n/a,2026-07-27,2026-07-27,,6.666667
GFS,LONG,0.3259851777520506,3.259851777520506,2.72,3.4059,watchlist_reeval_failed,"confirmation_volume, momentum_aligned, not_extended, room_to_target","continuation_pattern, trend_aligned",4.8,NEUTRAL,unknown,,,70.0,45.0,37.47,11.63,47413.0,55756.0,1.176,29918.0,26435.0,46816.0,89.1,0.838,0.0,0.23,1.0,0.0,1.12,0.38,False,default,2.5,False,1,1.0,99.0,3.2e-05,0.0,804365.5012448092,0.0,,0,0,0.0,0.0,4,4,1,1,4,4,1,1,4,4,4,4,4,4,4,4,9e-06,0.0,0.333085,0.0,0.0,0.0,1.0,0.3259851777520506,0.3259851777520506,n/a,2026-07-27,2026-07-27,,
CLS,LONG,0.26900548953777903,2.6900548953777905,4.94,3.907,watchlist_reeval_failed,"momentum_aligned, not_extended, room_to_target, trend_continuation","confirmation_volume, trend_aligned",5.4,NEUTRAL,trend_continuation,,,360.0,300.0,4.55,12.88,88020.0,45832.0,0.521,75284.0,15122.0,43446.0,58.9,0.808,0.0,0.92,1.0,1.4,1.29,0.33,False,default,2.5,False,1,1.0,99.0,1.5e-05,0.0,0.025866933598830025,0.0,2.166667,0,0,0.0,0.0,4,4,1,1,4,4,1,1,4,4,4,4,4,4,4,4,0.0,0.0,0.391352,0.0,0.0,0.0,1.0,0.26900548953777903,0.26900548953777903,n/a,2026-07-27,2026-07-27,,
SOXX,LONG,0.3546344337552793,3.546344337552793,3.67,4.1542,watchlist_reeval_failed,"confirmation_volume, momentum_aligned, not_extended, room_to_target","continuation_pattern, trend_aligned",6.4,NEGATIVE,unknown,-9160583.58,,600.0,500.0,17.26,2.28,221570.0,335942.0,1.516,304577.0,91378.0,161557.0,79.2,0.585,0.0,0.71,1.0,0.0,1.36,0.61,False,default,2.5,False,3,1.0,99.0,4.3e-05,0.0,8.619587985693968,0.0,7.218129,2,0,0.591965,0.0,4,4,1,1,4,4,1,1,4,4,4,4,4,4,4,4,0.0,0.0,0.495542,0.0,0.0,0.0,1.0,0.3546344337552793,0.3546344337552793,n/a,2026-07-27,2026-07-27,,
POET,LONG,0.31126749557039224,3.1126749557039224,3.22,3.5823,watchlist_reeval_failed,"confirmation_volume, momentum_aligned, not_extended, room_to_target","continuation_pattern, trend_aligned",5.3,POSITIVE,unknown,2616916.31,7.12,40.0,5.0,461.4,29.82,939546.0,167903.0,0.179,209928.0,136434.0,761087.0,62.3,1.153,0.0,0.63,1.0,0.0,1.17,0.42,False,default,2.5,False,2,1.0,0.11573434542502943,0.000629,0.000276,6.330005361296897e-35,5.469426848227485e-34,43.32093,0,0,0.0,0.0,4,4,1,1,4,4,1,1,4,4,4,4,4,4,4,4,0.0,0.0,0.191718,0.57199,0.0,0.0,1.0,0.31126749557039224,0.31126749557039224,n/a,2026-07-27,2026-07-27,,712.6
COST,LONG,0.2678705247610381,2.678705247610381,3.91,3.9724,watchlist_reeval_failed,"not_extended, retest_and_confirm, room_to_target","confirmation_volume, momentum_aligned, trend_aligned",7.3,NEGATIVE,retest_and_confirm,-7346014.85,951.66,1000.0,900.0,5.08,5.43,162892.0,204465.0,1.255,198159.0,59301.0,109897.0,59.1,0.233,0.0,0.89,1.0,1.4,0.59,0.03,False,default,2.5,False,3,1.0,5.4770706900122455e-12,4e-06,3e-06,2.2991021702843015e-11,2.0988428855563677,17.09375,0,1,0.0,0.0,4,4,1,1,4,4,1,1,4,4,4,4,4,4,4,4,0.0,0.0,0.448432,0.504638,0.0,0.0,1.0,0.2678705247610381,0.2678705247610381,n/a,2026-07-27,2026-07-27,,4.555005
CHTR,SHORT,0.4691438737746451,4.691438737746451,3.05,4.4607,watchlist_reeval_failed,"not_extended, room_to_target, trend_continuation","confirmation_volume, momentum_aligned, trend_aligned",6.0,NEUTRAL,trend_continuation,,,400.0,120.0,174.35,17.7,146847.0,74760.0,0.509,46736.0,37742.0,137129.0,59.5,0.574,0.0,0.46,1.0,1.4,0.09,0.1,False,default,2.5,False,1,1.0,0.0,0.0,9.6e-05,0.0,1181280.497337689,,0,0,0.0,0.0,4,4,1,1,4,4,1,1,4,4,4,4,4,4,4,4,0.0,5.6e-05,0.0,0.691999,0.0,0.0,1.0,0.4691438737746451,0.4691438737746451,n/a,2026-07-27,2026-07-27,,3.146479
MS,SHORT,0.2243052650789201,2.243052650789201,4.95,4.3665,watchlist_reeval_failed,"momentum_aligned, not_extended, trend_aligned, trend_continuation","confirmation_volume, room_to_target",8.8,NEGATIVE,trend_continuation,-6205089.14,,220.0,200.0,4.44,5.05,153598.0,219793.0,1.431,67817.0,80619.0,224955.0,57.3,0.321,1.64,0.78,0.03,1.4,1.06,0.04,False,default,2.5,False,1,0.7,0.0,0.0,2e-06,0.0,1.121407863044904e-33,,0,0,0.0,0.0,4,4,1,1,4,4,1,1,4,4,4,4,4,4,4,4,0.0,0.0,0.0,0.490038,0.0,0.0,1.0,0.2243052650789201,0.2243052650789201,n/a,2026-07-27,2026-07-27,,19.235294
MTSI,LONG,0.32601601135392794,3.2601601135392793,4.33,4.0691,watchlist_reeval_failed,"momentum_aligned, not_extended, room_to_target, trend_continuation","confirmation_volume, trend_aligned",5.7,NEUTRAL,trend_continuation,,,350.0,220.0,36.13,14.43,14132.0,7934.0,0.561,12005.0,5199.0,4862.0,92.2,0.91,0.0,0.51,1.0,1.4,1.33,0.09,False,default,2.5,False,1,1.0,99.0,2.5e-05,0.0,5.392924729789328e-17,0.0,2.148148,0,0,0.0,0.0,4,4,1,1,4,4,1,1,4,4,4,4,4,4,4,4,0.0,0.0,0.169312,0.0,0.0,0.0,1.0,0.32601601135392794,0.32601601135392794,n/a,2026-07-27,2026-07-27,,
INTU,LONG,0.2726369601422418,2.726369601422418,5.51,4.0162,watchlist_reeval_failed,"momentum_aligned, not_extended, retest_and_confirm, room_to_target, trend_aligned",confirmation_volume,5.0,NEUTRAL,retest_and_confirm,,,500.0,300.0,58.56,4.86,98945.0,79255.0,0.801,47401.0,47066.0,83733.0,99.6,0.685,1.68,0.54,1.0,1.4,0.84,0.04,False,default,2.5,False,3,0.7,2.006769316377389e-17,9e-06,4e-06,4.8282770350065486e-33,4.811990093333232e-16,1.861455,0,0,0.046825,0.0,4,4,1,1,4,4,1,1,4,4,4,4,4,4,4,4,0.0,0.0,0.406309,0.422283,0.0,0.0,1.0,0.2726369601422418,0.2726369601422418,n/a,2026-07-27,2026-07-27,,2.494505
CRWV,LONG,0.2527052441519718,2.527052441519718,4.35,3.8485,watchlist_reeval_failed,"confirmation_volume, momentum_aligned, not_extended, pullback_to_support, room_to_target",trend_aligned,6.4,NEGATIVE,pullback_to_support,-3340628.12,71.95,100.0,50.0,38.96,30.52,1149456.0,878863.0,0.765,614439.0,425020.0,988860.0,89.4,1.103,0.0,0.67,0.62,1.4,1.27,0.38,False,default,2.5,False,3,1.0,5.9294634906542344e-12,6.6e-05,2.8e-05,7.453530663167691e-07,62851.64479818137,2.353188,1,1,0.0,0.0,4,4,1,1,4,4,1,1,4,4,4,4,4,4,4,4,0.0,0.0,0.050511,7.2e-05,0.0,0.0,1.0,0.2527052441519718,0.2527052441519718,n/a,2026-07-27,2026-07-27,,12.417881
IMAX,SHORT,0.3978471948578159,3.978471948578159,2.64,3.9412,watchlist_reeval_failed,"bounce_and_fail, not_extended, room_to_target","confirmation_volume, momentum_aligned, trend_aligned",5.8,NEUTRAL,bounce_and_fail,,,55.0,39.0,15.44,18.14,18910.0,29754.0,1.573,30382.0,9311.0,8971.0,10.3,0.36,0.0,0.07,1.0,1.0,0.38,0.18,False,default,2.5,False,1,1.0,0.0,0.0,0.000254,0.0,2.6809393526559634e-43,,0,0,0.0,0.0,4,4,1,1,4,4,1,1,4,4,4,4,4,4,4,4,0.0,0.0,0.0,0.201832,0.0,0.0,1.0,0.3978471948578159,0.3978471948578159,n/a,2026-07-27,2026-07-27,,
MDLZ,SHORT,0.3700169207722694,3.700169207722694,4.35,4.5151,watchlist_reeval_failed,"momentum_aligned, not_extended, pullback_to_resistance, room_to_target","confirmation_volume, trend_aligned",6.8,NEUTRAL,pullback_to_resistance,,,70.0,57.5,12.65,7.47,60888.0,64115.0,1.053,33581.0,35757.0,55665.0,66.8,0.259,0.0,0.79,0.77,1.4,1.37,0.03,False,default,2.5,False,1,1.0,0.0,0.0,1.4e-05,0.0,1.1571816296313777e-16,,0,0,0.0,0.0,4,4,1,1,4,4,1,1,4,4,4,4,4,4,4,4,0.0,0.0,0.0,0.388358,0.0,0.0,1.0,0.3700169207722694,0.3700169207722694,n/a,2026-07-27,2026-07-27,,5.798507
MXL,SHORT,0.3681000106967909,3.681000106967909,2.99,3.9175,watchlist_reeval_failed,"not_extended, trend_aligned","confirmation_volume, continuation_pattern, momentum_aligned, room_to_target",5.9,NEUTRAL,unknown,,,95.0,65.0,38.56,5.19,63089.0,25403.0,0.403,38029.0,28884.0,21579.0,63.5,1.14,1.8,0.66,0.0,0.0,0.41,0.11,False,default,2.5,False,3,1.0,0.0,0.0,0.000193,0.0,1.7718028608833785e-11,,0,1,0.0,0.035972,4,4,1,1,4,4,1,1,4,4,4,4,4,4,4,4,0.0,0.0,0.0,0.25275,0.0,0.0,1.0,0.3681000106967909,0.3681000106967909,n/a,2026-07-27,2026-07-27,,9.73059
TLN,SHORT,0.28238262008739456,2.8238262008739454,4.99,3.3489,watchlist_reeval_failed,"bounce_and_fail, momentum_aligned, not_extended, room_to_target, trend_aligned",confirmation_volume,2.2,NEUTRAL,bounce_and_fail,,,370.0,330.0,10.49,1.46,54979.0,40419.0,0.735,25649.0,14332.0,55417.0,97.4,0.678,1.89,0.53,0.35,1.0,1.2,0.03,False,default,2.5,False,1,0.7,0.0,0.0,6.7e-05,0.0,1.2168061012749905e-10,16.322581,0,0,0.0,0.0,4,4,1,1,4,4,1,1,4,4,4,4,4,4,4,4,0.0,0.0,0.0,0.631931,0.0,0.0,1.0,0.28238262008739456,0.28238262008739456,n/a,2026-07-27,2026-07-27,,16.2
RTX,SHORT,0.2771465115195953,2.771465115195953,2.31,3.1587,watchlist_reeval_failed,"momentum_aligned, not_extended, room_to_target","confirmation_volume, continuation_pattern, trend_aligned",5.4,NEUTRAL,unknown,,,220.0,195.0,2.42,9.22,108054.0,103443.0,0.957,88541.0,33234.0,89722.0,14.4,0.246,0.0,0.21,1.0,0.0,1.1,0.0,False,default,2.5,False,1,1.0,0.0,0.0,2e-06,0.0,346308.0621524738,,0,0,0.0,0.0,4,4,1,1,4,4,1,1,4,4,4,4,4,4,4,4,0.0,1e-06,0.0,0.482662,0.0,0.0,1.0,0.2771465115195953,0.2771465115195953,n/a,2026-07-27,2026-07-27,,6.91
NVTS,LONG,0.35646301095762223,3.564630109576222,4.64,4.3143,watchlist_reeval_failed,"momentum_aligned, not_extended, room_to_target, trend_continuation","confirmation_volume, trend_aligned",5.7,POSITIVE,trend_continuation,1273104.67,11.12,15.0,10.0,35.01,9.99,429136.0,155670.0,0.363,186675.0,125985.0,272146.0,54.2,1.156,0.0,0.56,1.0,1.4,1.44,0.24,False,default,2.5,False,3,1.0,99.0,0.001218,0.000292,1.6225694216517273e-26,1.1552140995825286e-35,8.979922,0,0,0.0,0.0,4,4,1,1,4,4,1,1,4,4,4,4,4,4,4,4,0.0,0.0,0.548826,0.029732,0.0,0.0,1.0,0.35646301095762223,0.35646301095762223,n/a,2026-07-28,2026-07-28,,5.274052
CMI,LONG,0.2991642825274305,2.991642825274305,4.42,3.9418,watchlist_reeval_failed,"momentum_aligned, not_extended, pullback_to_support, room_to_target","confirmation_volume, trend_aligned",5.6,NEUTRAL,pullback_to_support,,,700.0,600.0,9.39,6.24,9975.0,9882.0,0.991,3778.0,9851.0,6228.0,89.5,0.464,0.0,0.77,1.0,1.4,1.15,0.1,False,default,2.5,False,1,1.0,99.0,3e-06,0.0,287186.30143757706,0.0,1.486842,0,0,0.0,0.0,4,4,1,1,4,4,1,1,4,4,4,4,4,4,4,4,2e-06,0.0,0.717483,0.0,0.0,0.0,1.0,0.2991642825274305,0.2991642825274305,n/a,2026-07-28,2026-07-28,,
NVDA,LONG,0.2866672665252491,2.8666726652524908,4.11,3.4863,watchlist_reeval_failed,"momentum_aligned, not_extended, pullback_to_support, room_to_target","confirmation_volume, trend_aligned",4.1,NEGATIVE,pullback_to_support,-32539.48,,200.0,180.0,0.37,9.67,7918259.0,6390291.0,0.807,3558024.0,2452130.0,8298396.0,77.5,0.449,0.0,0.86,0.66,1.4,0.99,0.21,False,default,2.5,False,3,1.0,1.9048304151851598,0.0,0.0,15.048640001428586,15.800503689422428,36.619318,0,0,0.468164,0.0,4,4,1,1,4,4,1,1,4,4,4,4,4,4,4,4,0.0,0.0,0.239081,0.209785,0.0,0.0,1.0,0.2866672665252491,0.2866672665252491,n/a,2026-07-28,2026-07-28,,1.663003
THC,SHORT,0.5065163738543761,5.065163738543761,1.69,4.3196,watchlist_reeval_failed,"momentum_aligned, room_to_target","confirmation_volume, continuation_pattern, not_extended, trend_aligned",6.4,NEUTRAL,unknown,,,260.0,185.0,2.79,26.86,19413.0,24569.0,1.266,32327.0,3330.0,8325.0,27.8,0.383,0.0,0.0,1.0,0.0,0.68,0.01,True,default,2.5,False,3,1.0,99.0,5.9e-05,0.000157,10650.781532786106,3.3293231613540965e-29,46.310185,0,0,0.0,0.0,4,4,1,1,4,4,1,1,4,4,4,4,4,4,4,4,1e-06,0.0,0.578988,0.563689,0.0,0.0,1.0,0.5065163738543761,0.5065163738543761,n/a,2026-07-28,2026-07-28,,280.25
ISRG,SHORT,0.3337873714519202,3.337873714519202,6.01,4.1919,watchlist_reeval_failed,"momentum_aligned, not_extended, room_to_target, trend_aligned, trend_continuation",confirmation_volume,3.6,NEUTRAL,trend_continuation,,,500.0,350.0,41.07,1.25,83433.0,60252.0,0.722,40010.0,35570.0,68105.0,56.8,0.364,2.02,0.8,0.5,1.4,1.29,0.0,False,sustained_trend,5.0,False,2,1.0,0.0,0.0,1.1e-05,0.0,53742.228059995185,,0,1,0.0,0.143389,4,4,1,1,4,4,1,1,4,4,4,4,4,4,4,4,0.0,1e-06,0.0,0.596764,0.0,0.0,1.0,0.3337873714519202,0.3337873714519202,n/a,2026-07-28,2026-07-28,,4.766327
XLE,LONG,0.3502420150294484,3.5024201502944843,5.97,4.3222,watchlist_reeval_failed,"momentum_aligned, not_extended, trend_aligned, trend_continuation","confirmation_volume, room_to_target",3.9,POSITIVE,trend_continuation,1538562.64,59.14,60.0,50.0,1.46,15.45,1768295.0,2641797.0,1.494,657861.0,1127814.0,2624417.0,46.7,0.262,1.86,0.74,0.0,1.4,1.84,0.12,False,sustained_trend,5.0,False,2,0.7,99.0,0.0,0.0,0.6189757609550774,0.0,24.763803,2,0,0.291535,0.0,4,4,3,3,4,4,3,3,4,4,4,4,4,4,4,4,0.0,0.0,0.511721,0.0,0.0,0.0,1.0,0.3502420150294484,0.3502420150294484,n/a,2026-07-28,2026-07-28,,
ARM,LONG,0.2769435090574328,2.769435090574328,2.96,3.5927,watchlist_reeval_failed,"confirmation_volume, momentum_aligned, not_extended, room_to_target","continuation_pattern, trend_aligned",6.6,NEGATIVE,unknown,-7364039.0,,300.0,200.0,22.41,18.39,368571.0,418668.0,1.136,237996.0,164345.0,384898.0,69.0,0.867,0.0,0.52,1.0,0.0,0.98,0.47,False,default,2.5,False,1,1.0,99.0,2e-06,0.0,0.001409364282799516,0.0,2.666667,0,0,0.0,0.0,4,4,1,1,4,4,1,1,4,4,4,4,4,4,4,4,0.0,0.0,0.000111,0.0,0.0,0.0,1.0,0.2769435090574328,0.2769435090574328,n/a,2026-07-28,2026-07-28,,
QXO,SHORT,0.31157186169753603,3.1157186169753603,6.05,3.7529,watchlist_reeval_failed,"momentum_aligned, not_extended, trend_aligned, trend_continuation","confirmation_volume, room_to_target",1.9,POSITIVE,trend_continuation,1785443.45,13.54,25.0,13.0,84.71,3.95,443439.0,116499.0,0.263,170173.0,59501.0,330264.0,98.3,0.72,2.23,0.8,0.0,1.4,1.62,0.0,False,sustained_trend,5.0,False,1,1.0,0.0,0.0,3.7e-05,0.0,3.8433524585158097e-47,,0,0,0.0,0.0,4,4,1,1,4,4,1,1,4,4,4,4,4,4,4,4,0.0,0.0,0.0,0.299094,0.0,0.0,1.0,0.31157186169753603,0.31157186169753603,n/a,2026-07-28,2026-07-28,,1.856342
ROK,LONG,0.5065163738543761,5.065163738543761,5.99,5.2696,watchlist_reeval_failed,"momentum_aligned, not_extended, retest_and_confirm, room_to_target, trend_aligned",confirmation_volume,4.7,NEUTRAL,retest_and_confirm,,,560.0,380.0,16.82,20.73,9471.0,7791.0,0.823,10434.0,1270.0,5558.0,91.7,0.459,1.54,0.66,0.29,1.4,1.9,0.2,False,default,2.5,False,1,1.0,99.0,4.4e-05,0.0,7.069159801046149e-20,0.0,7.156425,0,0,0.0,0.0,4,4,1,1,4,4,1,1,4,4,4,4,4,4,4,4,0.0,0.0,0.342728,0.0,0.0,0.0,1.0,0.5065163738543761,0.5065163738543761,n/a,2026-07-28,2026-07-28,,
MOH,LONG,0.4699185124999594,4.699185124999595,2.76,4.0976,watchlist_reeval_failed,"momentum_aligned, not_extended, trend_continuation","confirmation_volume, room_to_target, trend_aligned",4.6,NEUTRAL,trend_continuation,,,250.0,185.0,28.61,4.83,16816.0,17746.0,1.055,10179.0,7310.0,17073.0,5.6,0.431,0.0,0.33,0.14,1.4,0.89,0.0,False,default,2.5,False,1,1.0,99.0,0.000117,0.0,1.1320394035659098e-11,0.0,7.495327,0,0,0.0,0.0,4,4,1,1,4,4,1,1,4,4,4,4,4,4,4,4,0.0,0.0,0.366181,0.0,0.0,0.0,1.0,0.4699185124999594,0.4699185124999594,n/a,2026-07-28,2026-07-28,,
CLX,LONG,0.40206420494557044,4.020642049455704,3.2,3.9503,watchlist_reeval_failed,"not_extended, retest_and_confirm, room_to_target","confirmation_volume, momentum_aligned, trend_aligned",4.9,NEUTRAL,retest_and_confirm,,,105.0,95.0,9.74,0.71,50583.0,40700.0,0.805,34331.0,25041.0,31911.0,95.8,0.399,0.0,0.89,0.35,1.4,0.41,0.14,False,default,2.5,False,2,1.0,99.0,5.6e-05,0.0,3.042522111714188e-10,0.0,3.506181,0,0,0.0,0.0,4,4,1,1,4,4,1,1,4,4,4,4,4,4,4,4,0.0,0.0,0.207586,0.0,0.0,0.0,1.0,0.40206420494557044,0.40206420494557044,n/a,2026-07-28,2026-07-28,,
RCL,LONG,0.4003449804233051,4.003449804233051,6.51,5.1747,watchlist_reeval_failed,"momentum_aligned, not_extended, room_to_target, trend_aligned, trend_continuation",confirmation_volume,6.1,NEUTRAL,trend_continuation,,,330.0,280.0,3.63,12.07,32466.0,74853.0,2.306,23248.0,38166.0,45905.0,33.1,0.46,1.81,0.73,1.0,1.4,1.47,0.1,False,sustained_trend,5.0,False,1,1.0,99.0,3.3e-05,0.0,92414.9444170669,0.0,3.650852,0,0,0.0,0.0,4,4,1,1,4,4,1,1,4,4,4,4,4,4,4,4,0.0,0.0,0.348725,0.0,0.0,0.0,1.0,0.4003449804233051,0.4003449804233051,n/a,2026-07-28,2026-07-28,,
BNO,LONG,0.37398307091229166,3.7398307091229164,6.59,5.1069,watchlist_reeval_failed,"momentum_aligned, not_extended, room_to_target, trend_aligned, trend_continuation",confirmation_volume,6.3,POSITIVE,trend_continuation,5344803.9,,60.0,50.0,19.21,0.66,302477.0,26079.0,0.086,105485.0,119182.0,103889.0,56.1,0.648,1.86,0.79,0.55,1.4,1.82,0.17,False,sustained_trend,5.0,False,2,1.0,99.0,0.011451,0.002321,0.901532534707239,1.1397711658447303e-08,5.0187,0,0,0.0,0.0,4,4,1,1,4,4,1,1,4,4,4,4,4,4,4,4,0.0,0.0,0.431727,0.877685,0.0,0.0,1.0,0.37398307091229166,0.37398307091229166,n/a,2026-07-28,2026-07-28,,4.389706
GD,LONG,0.36064652933535263,3.6064652933535264,5.54,4.5452,watchlist_reeval_failed,"momentum_aligned, not_extended, room_to_target, trend_aligned, trend_continuation",confirmation_volume,5.4,NEUTRAL,trend_continuation,,,400.0,330.0,4.57,13.73,18605.0,11900.0,0.64,7306.0,5526.0,17673.0,18.3,0.205,2.0,0.84,0.61,1.4,0.65,0.04,False,sustained_trend,5.0,False,1,1.0,99.0,9e-06,0.0,2.8828459958305513e-55,0.0,,0,0,0.0,0.0,4,4,1,1,4,4,1,1,4,4,4,4,4,4,4,4,0.0,0.0,0.493925,0.0,0.0,0.0,1.0,0.36064652933535263,0.36064652933535263,n/a,2026-07-28,2026-07-28,,
HWM,LONG,0.3253340872418125,3.253340872418125,5.26,4.6047,watchlist_reeval_failed,"momentum_aligned, not_extended, retest_and_confirm, room_to_target, trend_aligned",confirmation_volume,7.0,NEUTRAL,retest_and_confirm,,,300.0,220.0,5.72,22.47,19942.0,15817.0,0.793,8606.0,11032.0,16121.0,65.6,0.419,1.57,0.87,0.32,1.4,1.08,0.02,False,sustained_trend,5.0,False,1,1.0,99.0,3e-06,0.0,4.4421563104230225e-34,0.0,1520.5,0,0,0.0,0.0,4,4,1,1,4,4,1,1,4,4,4,4,4,4,4,4,0.0,0.0,0.080698,0.0,0.0,0.0,1.0,0.3253340872418125,0.3253340872418125,n/a,2026-07-28,2026-07-28,,
FLEX,LONG,0.3088367441158223,3.0883674411582227,4.79,4.0812,watchlist_reeval_failed,"momentum_aligned, not_extended, room_to_target, trend_continuation","confirmation_volume, trend_aligned",5.5,NEUTRAL,trend_continuation,,,140.0,105.0,21.21,9.09,43983.0,29592.0,0.673,36857.0,16687.0,20031.0,87.2,0.796,0.0,0.65,1.0,1.4,1.53,0.22,False,default,2.5,False,1,0.7,99.0,1.4e-05,0.0,443630.0764822619,0.0,2.49,0,0,0.0,0.0,4,4,1,1,4,4,1,1,4,4,4,4,4,4,4,4,6e-06,0.0,0.59297,0.0,0.0,0.0,1.0,0.3088367441158223,0.3088367441158223,n/a,2026-07-28,2026-07-28,,
EXP,LONG,0.25905227322399765,2.5905227322399766,3.15,3.7203,watchlist_reeval_failed,"not_extended, pullback_to_support, room_to_target","confirmation_volume, momentum_aligned, trend_aligned",7.4,NEUTRAL,pullback_to_support,,,250.0,170.0,21.47,17.4,6900.0,600.0,0.087,2492.0,385.0,4623.0,53.8,0.375,0.0,0.77,0.41,1.4,0.4,0.17,False,default,2.5,False,1,1.0,99.0,0.000103,0.0,2.7214917540991068e-43,0.0,,0,0,0.0,0.0,4,4,1,1,4,4,1,1,4,4,4,4,4,4,4,4,0.0,0.0,0.353898,0.0,0.0,0.0,1.0,0.25905227322399765,0.25905227322399765,n/a,2026-07-28,2026-07-28,,
MU,LONG,0.24621869257814352,2.462186925781435,4.8,3.9711,watchlist_reeval_failed,"confirmation_volume, momentum_aligned, not_extended, room_to_target, trend_continuation",trend_aligned,6.5,NEGATIVE,trend_continuation,-255593202.1,847.42,1000.0,500.0,17.92,41.04,1606619.0,1971233.0,1.227,1297810.0,593408.0,1686634.0,71.0,0.917,0.0,0.73,1.0,1.4,1.12,0.55,False,default,2.5,False,1,1.0,99.0,1e-06,0.0,532008.205833842,0.0,2.753425,0,0,0.0,0.0,4,4,1,1,4,4,1,1,4,4,4,4,4,4,4,4,0.0,0.0,0.539315,0.0,0.0,0.0,1.0,0.24621869257814352,0.24621869257814352,n/a,2026-07-28,2026-07-28,,
WING,SHORT,0.5370719294099315,5.370719294099315,6.13,5.8444,watchlist_reeval_failed,"momentum_aligned, not_extended, room_to_target, trend_aligned, volume_capitulation_reversal",confirmation_volume,6.6,NEUTRAL,unknown,,,180.0,130.0,35.31,2.27,17443.0,19017.0,1.09,7709.0,8181.0,20570.0,36.5,0.661,1.65,0.79,0.51,1.4,1.74,0.04,False,sustained_trend,5.0,False,3,1.0,99.0,8.2e-05,0.000595,1.2795044835669856e-19,2.9507883120730167e-28,354.333333,0,1,0.0,0.0,4,4,1,1,4,4,1,1,4,4,4,4,4,4,4,4,0.0,0.0,0.065958,0.477293,0.0,0.0,1.0,0.5370719294099315,0.5370719294099315,n/a,2026-07-28,2026-07-28,,31.357143
AS,SHORT,0.4808020881400903,4.808020881400903,3.37,4.455,watchlist_reeval_failed,"bounce_and_fail, momentum_aligned, not_extended, room_to_target","confirmation_volume, trend_aligned",5.2,NEUTRAL,bounce_and_fail,,,42.5,30.0,19.21,15.85,38396.0,44217.0,1.152,36794.0,26881.0,18938.0,88.3,0.582,0.0,0.84,0.58,1.0,0.92,0.02,False,default,2.5,False,1,0.7,0.0,0.0,3.1e-05,0.0,6.573061667280085e-64,,0,0,0.0,0.0,4,4,1,1,4,4,1,1,4,4,4,4,4,4,4,4,0.0,0.0,0.0,0.299877,0.0,0.0,1.0,0.4808020881400903,0.4808020881400903,n/a,2026-07-28,2026-07-28,,40.322581
SHW,SHORT,0.46777752131446876,4.677775213144687,4.02,4.9849,watchlist_reeval_failed,"momentum_aligned, not_extended, pullback_to_resistance, room_to_target","confirmation_volume, trend_aligned",7.2,NEUTRAL,pullback_to_resistance,,,380.0,300.0,11.64,11.86,12836.0,14081.0,1.097,9135.0,6755.0,11027.0,35.5,0.268,0.0,0.71,1.0,1.4,0.91,0.0,False,default,2.5,False,1,1.0,0.0,0.0,8e-06,0.0,6.802189275875756e-64,,0,0,0.0,0.0,4,4,1,1,4,4,1,1,4,4,4,4,4,4,4,4,0.0,0.0,0.0,0.154329,0.0,0.0,1.0,0.46777752131446876,0.46777752131446876,n/a,2026-07-28,2026-07-28,,255.555556
STT,SHORT,0.4079579697166782,4.079579697166782,3.35,4.2848,watchlist_reeval_failed,"ema_rally, not_extended, room_to_target","confirmation_volume, momentum_aligned, trend_aligned",6.2,NEUTRAL,ema_rally,,,185.0,180.0,0.35,2.36,16797.0,11583.0,0.69,6892.0,7637.0,13851.0,41.4,0.289,0.0,0.68,1.0,1.2,0.46,0.0,False,default,2.5,False,1,1.0,0.0,0.0,5e-06,0.0,4.379862211871313e-10,,0,0,0.0,0.0,4,4,1,1,4,4,1,1,4,4,4,4,4,4,4,4,0.0,0.0,0.0,0.815027,0.0,0.0,1.0,0.4079579697166782,0.4079579697166782,n/a,2026-07-28,2026-07-28,,1.037915
FCNCA,SHORT,0.35343684660528435,3.5343684660528436,3.6,4.0272,watchlist_reeval_failed,"momentum_aligned, not_extended, room_to_target, trend_continuation","confirmation_volume, trend_aligned",5.9,NEUTRAL,trend_continuation,,,2200.0,2020.0,0.81,7.43,700.0,699.0,0.999,912.0,67.0,420.0,18.9,0.258,0.0,0.63,0.8,1.4,0.77,0.0,False,default,2.5,False,1,1.0,0.0,0.0,1.4e-05,0.0,6.314837210813682e-10,,0,0,0.0,0.0,4,4,1,1,4,4,1,1,4,4,4,4,4,4,4,4,0.0,0.0,0.0,0.727472,0.0,0.0,1.0,0.35343684660528435,0.35343684660528435,n/a,2026-07-28,2026-07-28,,
FDX,SHORT,0.3488557474024452,3.488557474024452,5.89,4.7313,watchlist_reeval_failed,"momentum_aligned, not_extended, room_to_target, trend_aligned, trend_continuation",confirmation_volume,6.1,NEUTRAL,trend_continuation,,,320.0,285.0,3.75,7.6,20556.0,19263.0,0.937,22382.0,10851.0,6586.0,29.1,0.307,1.77,0.87,0.69,1.4,1.16,0.0,False,sustained_trend,5.0,False,2,0.7,0.0,0.0,1.6e-05,0.0,7.47922776069805e-09,,0,1,0.0,0.082865,4,4,1,1,4,4,1,1,4,4,4,4,4,4,4,4,0.0,0.0,0.0,0.474869,0.0,0.0,1.0,0.3488557474024452,0.3488557474024452,n/a,2026-07-28,2026-07-28,,4.135205
APH,SHORT,0.3111237374839018,3.111237374839018,3.92,4.0316,watchlist_reeval_failed,"confirmation_volume, not_extended, retest_and_confirm, room_to_target","momentum_aligned, trend_aligned",6.5,NEUTRAL,retest_and_confirm,,,165.0,120.0,2.13,25.72,72869.0,57806.0,0.793,57967.0,27283.0,45425.0,55.2,0.513,0.0,0.69,1.0,1.4,0.41,0.41,False,default,2.5,False,1,1.0,0.0,0.0,5e-06,0.0,7.519731123230268e-64,,0,0,0.0,0.0,4,4,1,1,4,4,1,1,4,4,4,4,4,4,4,4,0.0,0.0,0.0,0.624073,0.0,0.0,1.0,0.3111237374839018,0.3111237374839018,n/a,2026-07-28,2026-07-28,,2.052083
XPEV,SHORT,0.2962693795551955,2.962693795551955,5.51,4.0343,watchlist_reeval_failed,"ema_rally, momentum_aligned, not_extended, room_to_target, trend_aligned",confirmation_volume,4.5,POSITIVE,ema_rally,4265838.92,12.87,13.0,10.0,0.97,22.33,428032.0,151734.0,0.354,95821.0,267493.0,216452.0,88.1,0.645,1.59,0.81,0.65,1.2,1.13,0.14,False,default,2.5,False,1,0.7,0.0,0.0,4.6e-05,0.0,9.3044321173611e-21,,0,0,0.0,0.0,4,4,1,1,4,4,1,1,4,4,4,4,4,4,4,4,0.0,0.0,0.0,0.748664,0.0,0.0,1.0,0.2962693795551955,0.2962693795551955,n/a,2026-07-28,2026-07-28,,14.003876
AMP,SHORT,0.2514181594257824,2.514181594257824,1.84,2.7891,watchlist_reeval_failed,"not_extended, room_to_target","confirmation_volume, continuation_pattern, momentum_aligned, trend_aligned",4.9,NEUTRAL,unknown,,,550.0,520.0,0.6,4.89,3991.0,1445.0,0.362,1077.0,845.0,3514.0,34.6,0.265,0.0,0.24,1.0,0.0,0.6,0.0,False,default,2.5,False,1,1.0,0.0,0.0,1.6e-05,0.0,0.019147291353016103,,0,0,0.0,0.0,4,4,1,1,4,4,1,1,4,4,4,4,4,4,4,4,0.0,0.0,0.0,0.415725,0.0,0.0,1.0,0.2514181594257824,0.2514181594257824,n/a,2026-07-28,2026-07-28,,
BRUN,LONG,0.491618497702474,4.91618497702474,2.93,4.5171,watchlist_reeval_failed,"momentum_aligned, not_extended, room_to_target","confirmation_volume, continuation_pattern, trend_aligned",5.9,NEUTRAL,unknown,,,20.0,15.0,2.22,23.33,78342.0,25329.0,0.323,69410.0,2846.0,31415.0,32.7,1.412,0.0,0.48,1.0,0.0,1.34,0.11,False,default,2.5,False,1,0.7,99.0,0.001152,0.0,545092.5300490815,0.0,175.2,0,0,0.0,0.0,4,4,1,1,4,4,1,1,4,4,4,4,4,4,4,4,0.000189,0.0,0.185065,0.0,0.0,0.0,1.0,0.491618497702474,0.491618497702474,n/a,2026-07-29,2026-07-29,,
SITM,LONG,0.33300375847751973,3.330037584775197,5.14,4.167,watchlist_reeval_failed,"confirmation_volume, momentum_aligned, not_extended, pullback_to_support, room_to_target",trend_aligned,4.8,NEUTRAL,pullback_to_support,,,700.0,500.0,27.5,8.93,4404.0,3659.0,0.831,3622.0,716.0,3725.0,94.6,1.109,0.0,0.81,1.0,1.4,1.55,0.38,False,default,2.5,False,1,1.0,99.0,5.2e-05,0.0,1.197802672587758e-34,0.0,8.333333,0,0,0.0,0.0,4,4,1,1,4,4,1,1,4,4,4,4,4,4,4,4,0.0,0.0,0.411531,0.0,0.0,0.0,1.0,0.33300375847751973,0.33300375847751973,n/a,2026-07-29,2026-07-29,,4.846154
TXN,LONG,0.2779998945293167,2.7799989452931673,2.69,3.537,watchlist_reeval_failed,"momentum_aligned, not_extended, room_to_target","confirmation_volume, continuation_pattern, trend_aligned",6.7,NEGATIVE,unknown,-14488995.4,,300.0,220.0,8.45,20.47,143516.0,119029.0,0.829,92409.0,70992.0,99144.0,81.2,0.509,0.0,0.68,0.9,0.0,0.96,0.15,False,default,2.5,False,2,1.0,99.0,7e-06,0.0,0.00013723351794647649,0.0,4.184313,0,0,0.049866,0.0,4,4,1,1,4,4,1,1,4,4,4,4,4,4,4,4,0.0,0.0,0.121692,0.0,0.0,0.0,1.0,0.2779998945293167,0.2779998945293167,n/a,2026-07-29,2026-07-29,,
MTUM,LONG,0.19180847202218818,1.9180847202218818,3.73,2.538,watchlist_reeval_failed,"confirmation_volume, momentum_aligned, not_extended, room_to_target","continuation_pattern, trend_aligned",2.3,NEUTRAL,unknown,,,305.0,300.0,0.85,0.81,40328.0,51051.0,1.266,79546.0,591.0,11242.0,87.5,0.363,0.0,0.82,1.0,0.0,1.48,0.42,False,default,2.5,False,1,1.0,99.0,2.9e-05,0.0,1.4792349515802819e-05,0.0,,0,0,0.0,0.0,4,4,1,1,4,4,1,1,4,4,4,4,4,4,4,4,0.0,0.0,0.542544,0.0,0.0,0.0,1.0,0.19180847202218818,0.19180847202218818,n/a,2026-07-29,2026-07-29,,
DVN,SHORT,0.4389333947627121,4.3893339476271205,2.7,3.6847,watchlist_reeval_failed,"ema_rally, not_extended, room_to_target","confirmation_volume, momentum_aligned, trend_aligned",3.4,POSITIVE,ema_rally,28410093.98,44.7,47.5,40.0,6.31,10.47,377094.0,164242.0,0.436,177683.0,177535.0,186118.0,86.3,0.412,0.0,0.71,0.72,1.2,0.03,0.04,False,default,2.5,False,1,0.7,0.0,0.0,0.000112,0.0,5.311700287173668e-22,,0,0,0.0,0.0,4,4,1,1,4,4,1,1,4,4,4,4,4,4,4,4,0.0,0.0,0.0,0.446873,0.0,0.0,1.0,0.4389333947627121,0.4389333947627121,n/a,2026-07-29,2026-07-29,,8.55432
COST,SHORT,0.2566038329355982,2.566038329355982,4.42,4.149,watchlist_reeval_failed,"momentum_aligned, not_extended, room_to_target, trend_continuation","confirmation_volume, trend_aligned",7.7,NEGATIVE,trend_continuation,-7346014.85,951.66,1000.0,900.0,5.08,5.43,162892.0,204465.0,1.255,198159.0,59301.0,109897.0,59.1,0.233,0.0,0.89,0.69,1.4,1.41,0.03,False,default,2.5,False,1,1.0,0.0,0.0,1e-06,0.0,0.022075396409299914,,0,0,0.0,0.0,4,4,1,1,4,4,1,1,4,4,4,4,4,4,4,4,0.0,0.0,0.0,0.504638,0.0,0.0,1.0,0.2566038329355982,0.2566038329355982,n/a,2026-07-29,2026-07-29,,4.682927
PSKY,LONG,0.516368021929837,5.16368021929837,3.59,5.0788,watchlist_reeval_failed,"confirmation_volume, hammer_at_support, momentum_aligned, not_extended, room_to_target",trend_aligned,7.1,NEGATIVE,unknown,-1218450.38,,10.0,6.0,27.23,23.66,627064.0,608642.0,0.971,110147.0,249860.0,875699.0,86.0,0.612,0.0,0.1,1.0,1.2,0.77,0.51,False,default,2.5,False,2,0.7,99.0,0.000189,0.0,3.750233773310535e-56,0.0,1.838872,0,0,0.424952,0.0,4,4,1,1,4,4,1,1,4,4,4,4,4,4,4,4,0.0,0.0,0.223544,0.0,0.0,0.0,1.0,0.516368021929837,0.516368021929837,n/a,2026-07-29,2026-07-29,,
AMGN,LONG,0.3707902707082197,3.707902707082197,5.56,4.702,watchlist_reeval_failed,"momentum_aligned, not_extended, room_to_target, trend_aligned, trend_continuation",confirmation_volume,5.9,NEUTRAL,trend_continuation,,,440.0,330.0,14.15,14.39,66602.0,55842.0,0.838,36060.0,44963.0,41421.0,98.8,0.357,2.12,0.73,0.32,1.4,0.94,0.06,False,sustained_trend,5.0,False,1,0.7,99.0,1e-05,0.0,6.415969501208211e-56,0.0,1.825455,0,0,0.0,0.0,4,4,1,1,4,4,1,1,4,4,4,4,4,4,4,4,0.0,0.0,0.522121,0.0,0.0,0.0,1.0,0.3707902707082197,0.3707902707082197,n/a,2026-07-29,2026-07-29,,
BA,LONG,0.299018813629751,2.99018813629751,4.49,3.8621,watchlist_reeval_failed,"confirmation_volume, momentum_aligned, not_extended, room_to_target, support_ema_confluence",trend_aligned,5.1,POSITIVE,support_ema_confluence,265052.88,214.57,250.0,200.0,16.51,6.79,444036.0,372481.0,0.839,281230.0,133314.0,401973.0,57.6,0.341,0.0,0.93,0.75,1.6,0.72,0.49,False,default,2.5,False,3,1.0,99.0,1.8e-05,0.0,5.650561102569031e-06,0.0,122.042189,0,0,0.0,0.0,4,4,1,1,4,4,1,1,4,4,4,4,4,4,4,4,0.0,0.0,0.269668,0.0,0.0,0.0,1.0,0.299018813629751,0.299018813629751,n/a,2026-07-29,2026-07-29,,
CAT,LONG,0.29787519969803133,2.9787519969803133,2.26,3.3474,watchlist_reeval_failed,"momentum_aligned, not_extended, room_to_target","confirmation_volume, continuation_pattern, trend_aligned",5.9,NEGATIVE,unknown,-1148454.73,,1000.0,600.0,21.92,26.85,141594.0,147006.0,1.038,111587.0,67431.0,109582.0,91.9,0.511,0.0,0.42,1.0,0.0,0.75,0.1,False,default,2.5,False,3,1.0,99.0,1.2e-05,0.0,1217.597267632683,0.0,30.420833,0,0,0.0,0.0,4,4,1,1,4,4,1,1,4,4,4,4,4,4,4,4,0.0,0.0,0.381437,0.0,0.0,0.0,1.0,0.29787519969803133,0.29787519969803133,n/a,2026-07-29,2026-07-29,,10.52459
OXY,LONG,0.2737293774158589,2.737293774158589,6.65,4.3036,watchlist_reeval_failed,"momentum_aligned, not_extended, retest_and_confirm, room_to_target, trend_aligned",confirmation_volume,4.7,POSITIVE,retest_and_confirm,54101244.36,,60.0,40.0,6.04,29.3,580012.0,274198.0,0.473,208767.0,159391.0,486052.0,69.8,0.391,1.8,0.6,0.86,1.4,1.99,0.0,False,default,2.5,False,1,1.0,99.0,1e-05,0.0,2.4194994272540133e-20,0.0,2.06381,0,0,0.0,0.0,4,4,1,1,4,4,1,1,4,4,4,4,4,4,4,4,0.0,0.0,0.369132,0.0,0.0,0.0,1.0,0.2737293774158589,0.2737293774158589,n/a,2026-07-29,2026-07-29,,
ADI,SHORT,0.39024638130802153,3.902463813080215,5.98,4.4052,watchlist_reeval_failed,"momentum_aligned, not_extended, room_to_target, trend_aligned, trend_continuation",confirmation_volume,3.3,NEUTRAL,trend_continuation,,,470.0,360.0,27.64,2.23,52447.0,48927.0,0.933,34323.0,21150.0,45901.0,96.4,0.585,1.98,0.86,1.0,1.4,0.71,0.02,False,sustained_trend,5.0,False,4,1.0,0.0,0.0,1.8e-05,0.0,2.741952628390073e-06,,0,0,0.0,0.000825,4,4,1,1,4,4,1,1,4,4,4,4,4,4,4,4,0.0,0.0,0.0,0.279734,0.0,0.0,1.0,0.39024638130802153,0.39024638130802153,n/a,2026-07-29,2026-07-29,,10.504236
CRDO,SHORT,0.2672896979298062,2.6728969792980624,5.58,3.9904,watchlist_reeval_failed,"ema_rally, not_extended, room_to_target, trend_aligned","confirmation_volume, momentum_aligned",4.9,NEUTRAL,ema_rally,,,340.0,100.0,60.23,52.87,110941.0,102599.0,0.925,92873.0,13274.0,107393.0,86.9,1.136,1.86,0.87,1.0,1.2,0.36,0.28,False,default,2.5,False,1,1.0,0.0,0.0,4.5e-05,0.0,1.9690924874403574e-05,,0,0,0.0,0.0,4,4,1,1,4,4,1,1,4,4,4,4,4,4,4,4,0.0,0.0,0.0,0.0517,0.0,0.0,1.0,0.2672896979298062,0.2672896979298062,n/a,2026-07-29,2026-07-29,,2.041339
STX,SHORT,0.25847970440625817,2.5847970440625816,3.86,3.2304,watchlist_reeval_failed,"confirmation_volume, not_extended, resistance_ema_confluence, room_to_target","momentum_aligned, trend_aligned",3.9,POSITIVE,resistance_ema_confluence,20798425.18,885.24,1000.0,200.0,13.09,77.38,126344.0,162494.0,1.286,110277.0,41563.0,136998.0,86.5,0.927,0.0,0.84,0.71,1.6,0.34,0.37,False,default,2.5,False,1,1.0,0.0,0.0,6e-06,0.0,875688.4992434947,1.74,0,0,0.0,0.0,4,4,1,1,4,4,1,1,4,4,4,4,4,4,4,4,0.0,0.0,0.0,0.087565,0.0,0.0,1.0,0.25847970440625817,0.25847970440625817,n/a,2026-07-29,2026-07-29,,15.285714
LCID,LONG,0.39140067529853795,3.9140067529853795,5.82,4.303,watchlist_reeval_failed,"ema_pullback, momentum_aligned, not_extended, room_to_target, trend_aligned",confirmation_volume,3.0,POSITIVE,ema_pullback,97299.97,7.58,10.0,5.0,31.93,34.04,311894.0,449693.0,1.442,271582.0,108789.0,381216.0,91.8,1.13,1.8,0.63,1.0,1.2,1.19,0.0,False,default,2.5,False,1,1.0,99.0,0.000181,0.0,35715.588227381384,0.0,1.070425,0,0,0.0,0.0,4,4,1,1,4,4,1,1,4,4,4,4,4,4,4,4,0.0,0.0,0.022101,0.0,0.0,0.0,1.0,0.39140067529853795,0.39140067529853795,n/a,2026-07-29,2026-07-29,,
CDNS,LONG,0.2867260174105535,2.867260174105535,3.44,3.7456,watchlist_reeval_failed,"bounce_and_fail, momentum_aligned, not_extended, room_to_target","confirmation_volume, trend_aligned",6.4,NEUTRAL,bounce_and_fail,,,400.0,320.0,18.34,5.33,46719.0,68885.0,1.474,61453.0,25547.0,28604.0,52.9,0.462,0.0,0.71,1.0,1.0,0.65,0.08,False,default,2.5,False,1,1.0,99.0,5e-06,0.0,1.0181612208830066e-09,0.0,67.518519,0,0,0.0,0.0,4,4,1,1,4,4,1,1,4,4,4,4,4,4,4,4,0.0,0.0,0.007637,0.0,0.0,0.0,1.0,0.2867260174105535,0.2867260174105535,n/a,2026-07-29,2026-07-29,,
FCX,LONG,0.28012186596945476,2.8012186596945474,4.96,3.7686,watchlist_reeval_failed,"momentum_aligned, not_extended, retest_and_confirm, room_to_target","confirmation_volume, trend_aligned",4.4,POSITIVE,retest_and_confirm,3926018.56,62.62,70.0,50.0,11.77,20.17,535795.0,562139.0,1.049,290219.0,173825.0,633890.0,63.9,0.532,0.0,0.91,0.94,1.4,1.63,0.08,False,default,2.5,False,1,1.0,99.0,4e-06,0.0,1.3655784188907756e-19,0.0,10.645848,0,0,0.0,0.0,4,4,1,1,4,4,1,1,4,4,4,4,4,4,4,4,0.0,0.0,0.008985,0.0,0.0,0.0,1.0,0.28012186596945476,0.28012186596945476,n/a,2026-07-29,2026-07-29,,
SMH,SHORT,0.2697822427740559,2.697822427740559,5.15,4.2739,watchlist_reeval_failed,"confirmation_volume, ema_rally, momentum_aligned, not_extended, trend_aligned",room_to_target,6.9,NEGATIVE,ema_rally,-7327173.28,,600.0,500.0,9.96,8.36,782159.0,1767269.0,2.259,1446574.0,548372.0,554482.0,79.4,0.514,2.09,0.69,0.0,1.2,0.69,0.47,False,default,2.5,False,1,1.0,0.0,0.0,6e-06,0.0,12820.47522661667,2.013986,0,1,0.0,0.0,4,4,1,1,4,4,1,1,4,4,4,4,4,4,4,4,0.0,0.0,0.0,0.449571,0.0,0.0,1.0,0.2697822427740559,0.2697822427740559,n/a,2026-07-29,2026-07-29,,1.619403
SLV,SHORT,0.2271208346406551,2.271208346406551,5.51,3.8686,watchlist_reeval_failed,"ema_rally, momentum_aligned, not_extended, room_to_target, trend_aligned",confirmation_volume,5.4,NEGATIVE,ema_rally,-3075031.11,52.29,60.0,50.0,14.73,4.39,4179739.0,2038567.0,0.488,1131848.0,2046481.0,3039977.0,5.3,0.418,1.85,0.8,0.35,1.2,1.07,0.25,False,default,2.5,False,1,0.7,0.0,0.0,1.6e-05,0.0,0.020877868176118173,,0,1,0.0,0.0,4,4,1,1,4,4,1,1,4,4,4,4,4,4,4,4,0.0,0.0,0.0,0.14372,0.0,0.0,1.0,0.2271208346406551,0.2271208346406551,n/a,2026-07-29,2026-07-29,,6.674538
COKE,LONG,0.5065163738543761,5.065163738543761,5.45,4.5476,watchlist_reeval_failed,"not_extended, room_to_target, trend_aligned, trend_continuation","confirmation_volume, momentum_aligned",1.9,NEUTRAL,trend_continuation,,,190.0,185.0,1.25,1.42,2172.0,5628.0,2.591,5141.0,1806.0,853.0,89.2,0.482,1.64,0.93,1.0,1.4,0.48,0.0,False,sustained_trend,5.0,False,1,1.0,99.0,3.5e-05,0.0,3.275543431513746e-11,0.0,30.03125,0,0,0.0,0.0,4,4,1,1,4,4,1,1,4,4,4,4,4,4,4,4,0.0,0.0,0.37493,0.0,0.0,0.0,1.0,0.5065163738543761,0.5065163738543761,n/a,2026-07-29,2026-07-29,,
RMD,LONG,0.4767093820090927,4.767093820090927,5.9,4.7535,watchlist_reeval_failed,"ema_pullback, momentum_aligned, not_extended, room_to_target, trend_aligned",confirmation_volume,3.0,NEUTRAL,ema_pullback,,,220.0,195.0,4.62,7.27,8772.0,9373.0,1.069,7393.0,5052.0,5700.0,93.7,0.43,1.66,0.54,1.0,1.2,1.49,0.01,False,default,2.5,False,1,1.0,99.0,1e-05,0.0,1.5660206606247036e-18,0.0,66.75,0,0,0.0,0.0,4,4,1,1,4,4,1,1,4,4,4,4,4,4,4,4,0.0,0.0,0.325121,0.0,0.0,0.0,1.0,0.4767093820090927,0.4767093820090927,n/a,2026-07-29,2026-07-29,,
CRH,LONG,0.42493861983735315,4.249386198373531,3.09,4.5517,watchlist_reeval_failed,"bounce_and_fail, confirmation_volume, not_extended, room_to_target","momentum_aligned, trend_aligned",7.5,NEUTRAL,bounce_and_fail,,,105.0,90.0,9.53,6.11,21859.0,18255.0,0.835,11855.0,16279.0,11980.0,54.4,0.371,0.0,0.33,1.0,1.0,0.34,0.42,False,default,2.5,False,1,0.7,99.0,5e-06,0.0,1.9900404289964832e-54,0.0,5.410811,0,0,0.0,0.0,4,4,1,1,4,4,1,1,4,4,4,4,4,4,4,4,0.0,0.0,0.452707,0.0,0.0,0.0,1.0,0.42493861983735315,0.42493861983735315,n/a,2026-07-29,2026-07-29,,
FIGR,LONG,0.3820561304548626,3.820561304548626,1.96,3.7983,watchlist_reeval_failed,"not_extended, room_to_target","confirmation_volume, continuation_pattern, momentum_aligned, trend_aligned",6.5,NEUTRAL,unknown,,,30.0,23.5,19.19,6.63,101403.0,60657.0,0.598,121846.0,884.0,39330.0,67.7,0.961,0.0,0.37,1.0,0.0,0.33,0.26,False,default,2.5,False,1,1.0,99.0,0.000103,0.0,2.0030181868489405e-60,0.0,7.264493,0,0,0.0,0.0,4,4,1,1,4,4,1,1,4,4,4,4,4,4,4,4,0.0,0.0,0.124673,0.0,0.0,0.0,1.0,0.3820561304548626,0.3820561304548626,n/a,2026-07-29,2026-07-29,,
IBM,LONG,0.3627074610498044,3.627074610498044,2.23,3.4425,watchlist_reeval_failed,"momentum_aligned, not_extended, room_to_target","confirmation_volume, continuation_pattern, trend_aligned",4.8,POSITIVE,unknown,27128125.36,220.34,300.0,200.0,36.12,9.25,454442.0,326456.0,0.718,298663.0,163767.0,318468.0,65.0,0.417,0.0,0.55,1.0,0.0,0.67,0.01,False,default,2.5,False,8,1.0,0.000775669982239652,4.4e-05,1.6e-05,4.6695343353812205e-05,0.10033335572899427,133.733538,1,0,1.6e-05,0.0,4,4,1,1,4,4,1,1,4,4,4,4,4,4,4,4,0.0,0.0,0.384863,0.338019,0.0,0.0,1.0,0.3627074610498044,0.3627074610498044,n/a,2026-07-29,2026-07-29,,1.907105
ECHO,LONG,0.33130889501747296,3.3130889501747296,2.11,3.9295,watchlist_reeval_failed,"momentum_aligned, not_extended, room_to_target","confirmation_volume, continuation_pattern, trend_aligned",8.2,NEGATIVE,unknown,-8345939.87,84.7,150.0,75.0,77.07,11.46,385749.0,201382.0,0.522,114175.0,151410.0,321546.0,72.0,0.649,0.0,0.39,1.0,0.0,0.72,0.0,False,default,2.5,False,2,0.7,1.8668880780163664,2.3e-05,1.2e-05,4.542613190310003e-12,2.433254164404268e-12,46.692308,1,1,0.0,0.0,4,4,1,1,4,4,1,1,4,4,4,4,4,4,4,4,0.0,0.0,0.620005,0.646715,0.0,0.0,1.0,0.33130889501747296,0.33130889501747296,n/a,2026-07-29,2026-07-29,,175.0
QCOM,LONG,0.32191278485517655,3.2191278485517656,1.43,3.4586,watchlist_reeval_failed,"not_extended, room_to_target","confirmation_volume, continuation_pattern, momentum_aligned, trend_aligned",7.1,NEGATIVE,unknown,-47434140.65,,200.0,130.0,34.79,12.39,530886.0,472389.0,0.89,308127.0,191122.0,504026.0,65.9,0.56,0.0,0.03,1.0,0.0,0.19,0.21,False,default,2.5,False,3,1.0,39.45653088943542,1.9e-05,6e-06,472415.2105183401,23946.10980078993,2.697029,1,0,0.0,0.0,4,4,1,1,4,4,1,1,4,4,4,4,4,4,4,4,3e-06,0.0,0.469388,0.087673,0.0,0.0,1.0,0.32191278485517655,0.32191278485517655,n/a,2026-07-29,2026-07-29,,3.204545
OKLO,LONG,0.27601070472179,2.7601070472179003,2.77,3.7311,watchlist_reeval_failed,"momentum_aligned, not_extended, room_to_target","confirmation_volume, continuation_pattern, trend_aligned",7.6,NEGATIVE,unknown,-471033.32,,90.0,35.0,126.07,12.08,420843.0,247011.0,0.587,188838.0,103592.0,375424.0,63.9,0.973,0.0,0.52,1.0,0.0,1.06,0.19,False,default,2.5,False,2,0.7,99.0,0.000293,0.0,3.1282861343455134e-14,0.0,9.027875,0,0,0.398615,0.0,4,4,1,1,4,4,1,1,4,4,4,4,4,4,4,4,0.0,0.0,0.331178,0.0,0.0,0.0,1.0,0.27601070472179,0.27601070472179,n/a,2026-07-29,2026-07-29,,
KRE,LONG,0.2680199256713524,2.680199256713524,5.66,4.2581,watchlist_reeval_failed,"ema_pullback, momentum_aligned, not_extended, room_to_target, trend_aligned",confirmation_volume,6.1,NEGATIVE,ema_pullback,-51629390.36,,80.0,65.0,5.26,14.47,595001.0,1351667.0,2.272,658778.0,383888.0,904002.0,8.2,0.235,2.0,0.83,0.47,1.2,0.86,0.3,False,default,2.5,False,1,1.0,99.0,0.0,0.0,3.483917751033842e-11,0.0,12.006098,0,0,0.0,0.0,4,4,3,3,4,4,3,3,4,4,4,4,4,4,4,4,0.0,0.0,0.375271,0.0,0.0,0.0,1.0,0.2680199256713524,0.2680199256713524,n/a,2026-07-29,2026-07-29,,
RGTI,LONG,0.2578631788400828,2.578631788400828,4.71,3.7823,watchlist_reeval_failed,"momentum_aligned, not_extended, room_to_target, trend_continuation","confirmation_volume, trend_aligned",5.4,POSITIVE,trend_continuation,2144283.36,15.05,20.0,5.0,32.8,66.8,364616.0,278492.0,0.764,233823.0,118613.0,290672.0,57.1,0.996,0.0,0.83,1.0,1.4,1.29,0.18,False,default,2.5,False,1,0.7,99.0,6.9e-05,0.0,1.4070204063240935e-19,0.0,4.454741,0,0,0.0,0.0,4,4,1,1,4,4,1,1,4,4,4,4,4,4,4,4,0.0,0.0,0.453471,0.0,0.0,0.0,1.0,0.2578631788400828,0.2578631788400828,n/a,2026-07-29,2026-07-29,,
GLD,LONG,0.2304320806760632,2.304320806760632,4.52,3.6682,watchlist_reeval_failed,"momentum_aligned, not_extended, room_to_target, trend_continuation","confirmation_volume, trend_aligned",5.8,POSITIVE,trend_continuation,63785.64,371.84,550.0,350.0,47.91,5.88,2672313.0,1301579.0,0.487,684501.0,1443997.0,1845394.0,15.3,0.214,0.0,0.87,1.0,1.4,0.94,0.31,False,default,2.5,False,1,1.0,99.0,0.0,0.0,991.9785842490985,0.0,2.059211,1,0,0.0,0.0,4,4,3,3,4,4,3,3,4,4,4,4,4,4,4,4,0.0,0.0,0.736743,0.0,0.0,0.0,1.0,0.2304320806760632,0.2304320806760632,n/a,2026-07-29,2026-07-29,,
XIFR,SHORT,0.676516373854376,6.765163738543761,4.39,6.1596,watchlist_reeval_failed,"momentum_aligned, not_extended, resistance_ema_confluence, room_to_target","confirmation_volume, trend_aligned",7.3,NEUTRAL,resistance_ema_confluence,,,15.0,10.0,25.52,16.32,79704.0,109610.0,1.375,6644.0,63045.0,119625.0,19.5,0.404,0.0,0.91,1.0,1.6,0.88,0.0,False,consolidation_break,3.0,False,1,1.0,0.0,0.0,0.000885,0.0,360396.6731068015,,0,0,0.0,0.0,4,4,1,1,4,4,1,1,4,4,4,4,4,4,4,4,0.0,0.000111,0.0,0.34179,0.0,0.0,1.0,0.676516373854376,0.676516373854376,n/a,2026-07-29,2026-07-29,,21.683673
UTHR,SHORT,0.5065163738543761,5.065163738543761,5.55,5.3776,watchlist_reeval_failed,"momentum_aligned, not_extended, trend_aligned, trend_continuation","confirmation_volume, room_to_target",5.9,NEUTRAL,trend_continuation,,,700.0,470.0,34.42,9.74,6695.0,7292.0,1.089,9438.0,249.0,4300.0,71.4,0.396,1.81,0.81,0.0,1.4,1.39,0.14,False,sustained_trend,5.0,False,1,1.0,0.0,0.0,3e-05,0.0,1.2855713651987125e-09,,0,0,0.0,0.0,4,4,1,1,4,4,1,1,4,4,4,4,4,4,4,4,0.0,0.0,0.0,0.505954,0.0,0.0,1.0,0.5065163738543761,0.5065163738543761,n/a,2026-07-29,2026-07-29,,25.0
DNOW,SHORT,0.5065163738543761,5.065163738543761,3.56,4.5206,watchlist_reeval_failed,"ema_rally, momentum_aligned, not_extended, room_to_target","confirmation_volume, trend_aligned",4.6,NEUTRAL,ema_rally,,,15.0,12.5,6.95,10.87,59766.0,2121.0,0.035,46579.0,6017.0,9291.0,75.1,0.537,0.0,0.72,1.0,1.2,0.64,0.0,False,default,2.5,False,1,1.0,0.0,0.0,0.000135,0.0,1.190516085797244e-61,,0,0,0.0,0.0,4,4,1,1,4,4,1,1,4,4,4,4,4,4,4,4,0.0,0.0,0.0,0.44054,0.0,0.0,1.0,0.5065163738543761,0.5065163738543761,n/a,2026-07-29,2026-07-29,,1111.333333
UAL,SHORT,0.29989170517246305,2.9989170517246304,3.99,4.3565,watchlist_reeval_failed,"ema_rally, momentum_aligned, not_extended, room_to_target","confirmation_volume, trend_aligned",8.3,NEGATIVE,ema_rally,-3129799.79,,150.0,20.0,22.91,83.61,150462.0,171207.0,1.138,72643.0,76895.0,172131.0,24.2,0.479,0.0,0.92,1.0,1.2,0.87,0.0,False,default,2.5,False,1,1.0,0.0,0.0,2.5e-05,0.0,9.75576502496178e-23,,0,1,0.0,0.0,4,4,1,1,4,4,1,1,4,4,4,4,4,4,4,4,0.0,0.0,0.0,0.723703,0.0,0.0,1.0,0.29989170517246305,0.29989170517246305,n/a,2026-07-29,2026-07-29,,5.811321
JCI,SHORT,0.2996652138748922,2.996652138748922,3.21,3.6613,watchlist_reeval_failed,"not_extended, resistance_ema_confluence, room_to_target","confirmation_volume, momentum_aligned, trend_aligned",6.0,NEUTRAL,resistance_ema_confluence,,,155.0,120.0,5.79,18.09,56409.0,28433.0,0.504,31979.0,27299.0,25564.0,62.1,0.338,0.0,0.69,0.63,1.6,0.2,0.09,False,default,2.5,False,1,1.0,0.0,0.0,6e-06,0.0,8.980443608374007e-39,,0,0,0.0,0.0,4,4,1,1,4,4,1,1,4,4,4,4,4,4,4,4,0.0,0.0,0.0,0.084812,0.0,0.0,1.0,0.2996652138748922,0.2996652138748922,n/a,2026-07-29,2026-07-29,,
VLO,SHORT,0.29051772689246724,2.9051772689246724,3.24,3.3646,watchlist_reeval_failed,"bounce_and_fail, momentum_aligned, not_extended, room_to_target","confirmation_volume, trend_aligned",4.7,NEUTRAL,bounce_and_fail,,,320.0,280.0,3.78,9.19,66661.0,63817.0,0.957,31646.0,28914.0,69918.0,79.8,0.444,0.0,0.56,1.0,1.0,0.63,0.05,False,default,2.5,False,1,1.0,0.0,0.0,6e-06,0.0,9.951716345992593e-15,,0,0,0.0,0.0,4,4,1,1,4,4,1,1,4,4,4,4,4,4,4,4,0.0,0.0,0.0,0.334692,0.0,0.0,1.0,0.29051772689246724,0.29051772689246724,n/a,2026-07-29,2026-07-29,,3.096774
HUBS,SHORT,0.28573025317710665,2.8573025317710665,3.97,3.5597,watchlist_reeval_failed,"momentum_aligned, not_extended, pullback_to_resistance, room_to_target","confirmation_volume, trend_aligned",4.7,NEUTRAL,pullback_to_resistance,,,300.0,180.0,27.23,23.66,20629.0,25194.0,1.221,11905.0,10813.0,23105.0,81.6,0.881,0.0,0.56,0.99,1.4,0.84,0.19,False,default,2.5,False,1,1.0,0.0,0.0,2.1e-05,0.0,5.263246875375145e-39,,0,0,0.0,0.0,4,4,1,1,4,4,1,1,4,4,4,4,4,4,4,4,0.0,0.0,0.0,0.314884,0.0,0.0,1.0,0.28573025317710665,0.28573025317710665,n/a,2026-07-29,2026-07-29,,3.831169
ALNY,SHORT,0.26872615088674556,2.6872615088674556,5.94,3.7656,watchlist_reeval_failed,"bounce_and_fail, confirmation_volume, momentum_aligned, trend_aligned","not_extended, room_to_target",3.2,NEUTRAL,bounce_and_fail,,,280.0,200.0,37.62,1.7,24304.0,11986.0,0.493,5563.0,7426.0,23301.0,89.9,0.532,2.13,0.0,0.0,1.0,1.88,0.94,True,default,2.5,True,1,1.0,0.0,0.0,1.8e-05,0.0,5.665448501364045e-64,,0,0,0.0,0.0,4,4,1,1,4,4,1,1,4,4,4,4,4,4,4,4,0.0,0.0,0.0,0.817864,0.0,0.0,1.0,0.26872615088674556,0.26872615088674556,n/a,2026-07-29,2026-07-29,,
XSD,SHORT,0.20590172844006407,2.0590172844006407,4.35,2.9745,watchlist_reeval_failed,"not_extended, room_to_target, trend_aligned","confirmation_volume, continuation_pattern, momentum_aligned",3.2,NEUTRAL,unknown,,,500.0,470.0,1.45,4.63,1544.0,1075.0,0.696,1208.0,602.0,809.0,77.8,0.558,2.23,0.68,1.0,0.0,0.43,0.0,False,default,2.5,False,1,1.0,0.0,0.0,0.0,0.0,1.4175956466747484e-44,,0,0,0.0,0.0,4,4,3,3,4,4,3,3,4,4,4,4,4,4,4,4,0.0,0.0,0.0,0.465049,0.0,0.0,1.0,0.20590172844006407,0.20590172844006407,n/a,2026-07-29,2026-07-29,,
RMBS,LONG,0.49636851384292696,4.96368513842927,2.27,4.3228,watchlist_reeval_failed,"momentum_aligned, not_extended, room_to_target","confirmation_volume, continuation_pattern, trend_aligned",5.8,NEUTRAL,unknown,,,150.0,80.0,62.73,13.21,28077.0,19068.0,0.679,27754.0,5223.0,14168.0,74.7,0.901,0.0,0.56,0.51,0.0,1.13,0.06,False,default,2.5,False,1,1.0,99.0,7.4e-05,0.0,588309.3856348513,0.0,3.257485,0,0,0.0,0.0,4,4,1,1,4,4,1,1,4,4,4,4,4,4,4,4,3.2e-05,0.0,0.49143,0.0,0.0,0.0,1.0,0.49636851384292696,0.49636851384292696,n/a,2026-07-30,2026-07-30,,
ASX,LONG,0.4886399707877742,4.886399707877742,3.16,4.5312,watchlist_reeval_failed,"momentum_aligned, not_extended, room_to_target","confirmation_volume, continuation_pattern, trend_aligned",5.7,NEUTRAL,unknown,,,42.5,32.5,19.79,8.4,79873.0,27844.0,0.349,43947.0,41050.0,22720.0,89.6,0.857,0.0,0.7,1.0,0.0,1.3,0.16,False,default,2.5,False,1,1.0,99.0,1.8e-05,0.0,1189753.2739216343,0.0,12.551724,0,0,0.0,0.0,4,4,1,1,4,4,1,1,4,4,4,4,4,4,4,4,1.1e-05,0.0,0.660226,0.0,0.0,0.0,1.0,0.4886399707877742,0.4886399707877742,n/a,2026-07-30,2026-07-30,,
PH,LONG,0.3640868690063537,3.6408686900635368,5.8,4.6804,watchlist_reeval_failed,"momentum_aligned, not_extended, retest_and_confirm, room_to_target, trend_aligned",confirmation_volume,5.6,NEUTRAL,retest_and_confirm,,,1040.0,910.0,6.65,6.68,6254.0,3595.0,0.575,5954.0,650.0,3245.0,85.5,0.378,1.59,0.91,0.74,1.4,1.16,0.0,False,sustained_trend,5.0,False,1,0.7,99.0,3e-06,0.0,295282.77993915917,0.0,246.0,0,0,0.0,0.0,4,4,1,1,4,4,1,1,4,4,4,4,4,4,4,4,1e-06,0.0,0.216118,0.0,0.0,0.0,1.0,0.3640868690063537,0.3640868690063537,n/a,2026-07-30,2026-07-30,,
NOC,LONG,0.3414190243213353,3.414190243213353,3.4,3.9271,watchlist_reeval_failed,"momentum_aligned, not_extended, retest_and_confirm, room_to_target","confirmation_volume, trend_aligned",6.0,NEUTRAL,retest_and_confirm,,,600.0,450.0,10.7,16.97,13404.0,14913.0,1.113,8764.0,5399.0,14154.0,56.2,0.303,0.0,0.81,0.21,1.4,0.97,0.0,False,default,2.5,False,1,0.7,99.0,8e-06,0.0,540971.030736269,0.0,11.916667,0,0,0.0,0.0,4,4,1,1,4,4,1,1,4,4,4,4,4,4,4,4,4e-06,0.0,0.554374,0.0,0.0,0.0,1.0,0.3414190243213353,0.3414190243213353,n/a,2026-07-30,2026-07-30,,
QQQ,LONG,0.25843459467428975,2.5843459467428973,3.91,3.3652,watchlist_reeval_failed,"confirmation_volume, momentum_aligned, not_extended, room_to_target","continuation_pattern, trend_aligned",4.5,NEGATIVE,unknown,-4010750.06,,700.0,660.0,1.63,4.18,5273501.0,6422355.0,1.218,4108199.0,2785284.0,4802373.0,64.4,0.233,0.0,0.8,1.0,0.0,1.6,0.52,False,default,2.5,False,2,1.0,99.0,3e-06,0.0,47121.13475005546,0.0,5.137019,0,0,0.231062,0.0,4,4,1,1,4,4,1,1,4,4,4,4,4,4,4,4,0.0,0.0,0.309988,0.0,0.0,0.0,1.0,0.25843459467428975,0.25843459467428975,n/a,2026-07-30,2026-07-30,,
TER,SHORT,0.3607937085831651,3.6079370858316513,3.71,3.957,watchlist_reeval_failed,"not_extended, resistance_ema_confluence, room_to_target","confirmation_volume, momentum_aligned, trend_aligned",5.2,NEUTRAL,resistance_ema_confluence,,,380.0,300.0,0.37,20.76,43839.0,48965.0,1.117,47209.0,14073.0,31522.0,88.4,0.993,0.0,0.77,0.88,1.6,0.29,0.18,False,default,2.5,False,1,1.0,0.0,0.0,2.7e-05,0.0,1274408.1069981793,1.326531,0,1,0.0,0.0,4,4,1,1,4,4,1,1,4,4,4,4,4,4,4,4,0.0,7e-06,0.0,0.257779,0.0,0.0,1.0,0.3607937085831651,0.3607937085831651,n/a,2026-07-30,2026-07-30,,6.836364
LMT,SHORT,0.3559016040809966,3.559016040809966,2.15,3.7045,watchlist_reeval_failed,"momentum_aligned, not_extended, room_to_target","confirmation_volume, continuation_pattern, trend_aligned",6.4,NEUTRAL,unknown,,,600.0,400.0,3.52,30.99,57626.0,56300.0,0.977,44476.0,23387.0,46063.0,36.0,0.289,0.0,0.2,1.0,0.0,0.76,0.18,False,default,2.5,False,2,1.0,0.0,0.0,1.5e-05,0.0,0.0050954625231794445,,0,1,0.0,0.321751,4,4,1,1,4,4,1,1,4,4,4,4,4,4,4,4,0.0,0.0,0.0,0.516263,0.0,0.0,1.0,0.3559016040809966,0.3559016040809966,n/a,2026-07-30,2026-07-30,,2.12
SIMO,LONG,0.48132481969340557,4.8132481969340555,5.4,5.1266,watchlist_reeval_failed,"confirmation_volume, momentum_aligned, not_extended, room_to_target, trend_continuation",trend_aligned,5.5,NEUTRAL,trend_continuation,,,280.0,135.0,6.6,48.61,30938.0,18912.0,0.611,25487.0,19544.0,4819.0,78.6,0.978,0.0,0.9,1.0,1.4,1.45,0.66,False,default,2.5,False,1,1.0,99.0,0.000118,0.0,697181.9740330909,0.0,1.325688,0,0,0.0,0.0,4,4,1,1,4,4,1,1,4,4,4,4,4,4,4,4,3.7e-05,0.0,0.374267,0.0,0.0,0.0,1.0,0.48132481969340557,0.48132481969340557,n/a,2026-07-30,2026-07-30,,5.5
OSCR,LONG,0.40236014587186963,4.023601458718696,5.85,4.6668,watchlist_reeval_failed,"ema_pullback, momentum_aligned, not_extended, trend_aligned","confirmation_volume, room_to_target",4.5,POSITIVE,ema_pullback,3529838.7,31.48,40.0,25.0,26.98,20.63,339991.0,153876.0,0.453,81384.0,45878.0,366605.0,79.2,0.83,2.03,0.65,0.17,1.2,1.79,0.0,False,default,2.5,False,1,1.0,99.0,3.7e-05,0.0,268554.66960735753,0.0,82.571429,0,0,0.0,0.0,4,4,1,1,4,4,1,1,4,4,4,4,4,4,4,4,2e-05,0.0,0.604028,0.0,0.0,0.0,1.0,0.40236014587186963,0.40236014587186963,n/a,2026-07-30,2026-07-30,,
ORCL,LONG,0.277276239643488,2.77276239643488,5.02,3.8524,watchlist_reeval_failed,"momentum_aligned, not_extended, room_to_target, trend_continuation","confirmation_volume, trend_aligned",4.8,POSITIVE,trend_continuation,63121250.35,128.48,200.0,120.0,55.65,6.61,1813566.0,1379968.0,0.761,961096.0,649285.0,1583153.0,65.0,0.633,0.0,0.85,1.0,1.4,1.56,0.21,False,default,2.5,False,1,1.0,99.0,1e-06,0.0,6.0207558685008644e-05,0.0,24.942308,1,0,0.0,0.0,4,4,1,1,4,4,1,1,4,4,4,4,4,4,4,4,0.0,0.0,0.198002,0.0,0.0,0.0,1.0,0.277276239643488,0.277276239643488,n/a,2026-07-30,2026-07-30,,
GE,SHORT,0.5024743072412534,5.024743072412534,3.63,4.9814,watchlist_reeval_failed,"ema_rally, momentum_aligned, not_extended, room_to_target","confirmation_volume, trend_aligned",6.9,NEUTRAL,ema_rally,,,410.0,290.0,13.74,19.55,98908.0,113588.0,1.148,74798.0,58569.0,79129.0,37.5,0.338,0.0,0.75,1.0,1.2,0.66,0.02,False,default,2.5,False,8,1.0,1.078521754354952e-10,3e-06,1.6e-05,3.5640441194905546e-06,11015.213199917192,10.703704,0,1,0.0,0.452792,4,4,1,1,4,4,1,1,4,4,4,4,4,4,4,4,0.0,0.0,0.485422,0.419448,0.0,0.0,1.0,0.5024743072412534,0.5024743072412534,n/a,2026-07-30,2026-07-30,,6.675914
U,SHORT,0.4995828277216785,4.995828277216785,4.66,4.6359,watchlist_reeval_failed,"confirmation_volume, momentum_aligned, not_extended, pullback_to_resistance, room_to_target",trend_aligned,3.7,POSITIVE,pullback_to_resistance,1982402.24,31.69,40.0,20.0,26.22,36.89,294593.0,201049.0,0.682,168669.0,3842.0,323131.0,80.2,0.857,0.0,0.71,1.0,1.4,0.84,0.7,False,default,2.5,False,2,1.0,0.2300211664406179,3.4e-05,0.000148,4.013867261751643e-30,1.7449990902414888e-29,23.329412,0,1,0.0,0.0,4,4,1,1,4,4,1,1,4,4,4,4,4,4,4,4,0.0,0.0,0.706872,0.682375,0.0,0.0,1.0,0.4995828277216785,0.4995828277216785,n/a,2026-07-30,2026-07-30,,83.905882
AU,SHORT,0.49007870651361063,4.9007870651361065,5.65,5.2454,watchlist_reeval_failed,"confirmation_volume, ema_rally, momentum_aligned, not_extended, trend_aligned",room_to_target,5.5,NEUTRAL,ema_rally,,,90.0,70.0,15.96,9.81,28912.0,41563.0,1.438,12117.0,13419.0,44939.0,4.3,0.488,1.53,0.75,0.11,1.2,1.06,1.0,False,default,2.5,False,1,1.0,0.0,0.0,1.7e-05,0.0,3.000864889646784e-61,,0,0,0.0,0.0,4,4,1,1,4,4,1,1,4,4,4,4,4,4,4,4,0.0,0.0,0.0,0.349574,0.0,0.0,1.0,0.49007870651361063,0.49007870651361063,n/a,2026-07-30,2026-07-30,,4.417647
RH,SHORT,0.4866343345479153,4.866343345479153,5.0,5.1132,watchlist_reeval_failed,"momentum_aligned, not_extended, room_to_target, trend_continuation","confirmation_volume, trend_aligned",5.9,NEUTRAL,trend_continuation,,,250.0,150.0,49.66,10.2,38474.0,34438.0,0.895,18974.0,10139.0,43799.0,24.2,0.615,0.0,0.82,1.0,1.4,1.76,0.03,False,default,2.5,False,1,1.0,0.0,0.0,0.000154,0.0,416617.0931193924,,0,0,0.0,0.0,4,4,1,1,4,4,1,1,4,4,4,4,4,4,4,4,0.0,2.4e-05,0.0,0.191922,0.0,0.0,1.0,0.4866343345479153,0.4866343345479153,n/a,2026-07-30,2026-07-30,,14.5625
MRVL,SHORT,0.3719367821622345,3.7193678216223454,5.95,4.4047,watchlist_reeval_failed,"confirmation_volume, ema_rally, not_extended, room_to_target, trend_aligned",momentum_aligned,3.8,POSITIVE,ema_rally,14412772.87,193.1,250.0,150.0,29.29,22.43,791112.0,855682.0,1.082,534060.0,374467.0,738267.0,88.4,0.994,2.19,0.73,1.0,1.2,0.42,0.41,False,default,2.5,False,3,1.0,0.0,0.0,2.3e-05,0.0,22712.973593945586,,0,3,0.0,0.542188,4,4,1,1,4,4,1,1,4,4,4,4,4,4,4,4,0.0,0.0,0.0,0.024643,0.0,0.0,1.0,0.3719367821622345,0.3719367821622345,n/a,2026-07-30,2026-07-30,,9.871685
TSEM,SHORT,0.3544693139706527,3.544693139706527,4.61,4.0753,watchlist_reeval_failed,"ema_rally, not_extended, trend_aligned","confirmation_volume, momentum_aligned, room_to_target",4.6,NEUTRAL,ema_rally,,,240.0,180.0,6.52,20.11,38995.0,30399.0,0.78,27837.0,24470.0,17087.0,89.8,1.062,1.67,0.91,0.12,1.2,0.41,0.31,False,default,2.5,False,1,1.0,0.0,0.0,1.8e-05,0.0,336177.3703413349,,0,0,0.0,0.0,4,4,1,1,4,4,1,1,4,4,4,4,4,4,4,4,0.0,2e-06,0.0,0.141944,0.0,0.0,1.0,0.3544693139706527,0.3544693139706527,n/a,2026-07-30,2026-07-30,,2.151316
FIX,SHORT,0.2970213309745857,2.970213309745857,5.23,4.2541,watchlist_reeval_failed,"ema_rally, not_extended, room_to_target, trend_aligned","confirmation_volume, momentum_aligned",6.0,NEUTRAL,ema_rally,,,2000.0,1520.0,13.5,13.74,7029.0,9311.0,1.325,4715.0,3375.0,8250.0,73.9,0.687,1.75,0.92,1.0,1.2,0.26,0.1,False,default,2.5,False,1,1.0,0.0,0.0,1.4e-05,0.0,582709.4200066379,,0,0,0.0,0.0,4,4,1,1,4,4,1,1,4,4,4,4,4,4,4,4,0.0,6e-06,0.0,0.564892,0.0,0.0,1.0,0.2970213309745857,0.2970213309745857,n/a,2026-07-30,2026-07-30,,6.666667
LMND,SHORT,0.27433709873856543,2.743370987385654,6.11,4.3047,watchlist_reeval_failed,"momentum_aligned, not_extended, trend_aligned, trend_continuation","confirmation_volume, room_to_target",5.5,NEUTRAL,trend_continuation,,,70.0,35.0,42.87,28.56,87104.0,53925.0,0.619,35503.0,27165.0,78361.0,13.0,0.675,2.17,0.5,0.05,1.4,1.67,0.33,False,sustained_trend,5.0,False,1,1.0,0.0,0.0,0.00011,0.0,8.031121811844853e-23,,0,0,0.0,0.0,4,4,1,1,4,4,1,1,4,4,4,4,4,4,4,4,0.0,0.0,0.0,0.869184,0.0,0.0,1.0,0.27433709873856543,0.27433709873856543,n/a,2026-07-30,2026-07-30,,2.242915
INTC,SHORT,0.26016554189730845,2.6016554189730847,5.86,3.8588,watchlist_reeval_failed,"ema_rally, momentum_aligned, not_extended, room_to_target, trend_aligned",confirmation_volume,4.0,POSITIVE,ema_rally,54871560.09,92.44,100.0,80.0,8.1,13.52,2881729.0,2759915.0,0.958,1466140.0,1081559.0,3093945.0,71.0,0.817,2.07,0.65,1.0,1.2,0.67,0.28,False,default,2.5,False,2,1.0,0.04859343461290721,1e-06,3e-06,39868.74668483875,820455.4175359516,1.528571,0,1,0.0,0.0,4,4,1,1,4,4,1,1,4,4,4,4,4,4,4,4,0.0,1e-06,0.26193,0.405503,0.0,0.0,1.0,0.26016554189730845,0.26016554189730845,n/a,2026-07-30,2026-07-30,,4.07839
LRCX,SHORT,0.25663186092454715,2.5663186092454717,5.87,4.3242,watchlist_reeval_failed,"not_extended, room_to_target, trend_aligned, trend_continuation","confirmation_volume, momentum_aligned",6.4,NEGATIVE,trend_continuation,-4123665.48,,310.0,250.0,2.2,17.58,315154.0,349428.0,1.109,254670.0,124245.0,285667.0,87.3,0.849,1.81,0.92,1.0,1.4,0.47,0.27,False,sustained_trend,5.0,False,1,1.0,0.0,0.0,2e-06,0.0,532414.8560121929,1.064917,0,0,0.0,0.0,4,4,1,1,4,4,1,1,4,4,4,4,4,4,4,4,0.0,0.0,0.0,0.003433,0.0,0.0,1.0,0.25663186092454715,0.25663186092454715,n/a,2026-07-30,2026-07-30,,1.260289
AAPL,SHORT,0.24372751652083105,2.4372751652083107,5.65,3.8936,watchlist_reeval_failed,"confirmation_volume, momentum_aligned, not_extended, room_to_target, trend_continuation",trend_aligned,4.9,NEGATIVE,trend_continuation,-72635434.01,301.14,350.0,300.0,16.22,0.38,2812764.0,2181626.0,0.776,1433519.0,978808.0,2582063.0,60.3,0.273,0.0,0.3,1.0,1.4,1.95,1.0,False,consolidation_break,3.0,False,3,0.7,99.0,0.0,1e-06,22578.724485313174,0.12413017223287999,1.89942,0,1,1e-06,0.0,4,4,1,1,4,4,1,1,4,4,4,4,4,4,4,4,0.0,0.0,0.301274,0.267127,0.0,0.0,1.0,0.24372751652083105,0.24372751652083105,n/a,2026-07-30,2026-07-30,,1.48415
SHAZ,LONG,0.5258145426322365,5.258145426322365,2.35,4.4541,watchlist_reeval_failed,"confirmation_volume, not_extended, room_to_target","continuation_pattern, momentum_aligned, trend_aligned",5.6,NEUTRAL,unknown,,,65.0,30.0,43.55,33.75,48083.0,16799.0,0.349,39335.0,15110.0,10437.0,95.5,1.452,0.0,0.31,1.0,0.0,0.45,0.59,False,default,2.5,False,1,1.0,99.0,0.000782,0.0,34071.263984723264,0.0,1230.333333,0,0,0.0,0.0,4,4,1,1,4,4,1,1,4,4,4,4,4,4,4,4,2e-06,0.0,0.036672,0.0,0.0,0.0,1.0,0.5258145426322365,0.5258145426322365,n/a,2026-07-30,2026-07-30,,
LQD,LONG,0.5229256436956459,5.229256436956459,1.71,4.2876,watchlist_reeval_failed,"confirmation_volume, not_extended, room_to_target","continuation_pattern, momentum_aligned, trend_aligned",5.8,NEGATIVE,unknown,-692889308.74,,109.0,105.0,2.82,0.96,673008.0,1274149.0,1.893,675573.0,857029.0,414555.0,86.9,0.073,0.0,0.09,1.0,0.0,0.04,0.58,False,default,2.5,False,3,1.0,1.270642424780464e-12,6.5e-05,1.9e-05,1.2185092520124905e-14,0.019179420240482196,1.664795,0,0,0.111952,0.0,4,4,1,1,4,4,1,1,4,4,4,4,4,4,4,4,0.0,0.0,0.48224,0.474918,0.0,0.0,1.0,0.5229256436956459,0.5229256436956459,n/a,2026-07-30,2026-07-30,,3.442408
TTWO,LONG,0.3815166434870125,3.815166434870125,5.71,4.5606,watchlist_reeval_failed,"ema_pullback, momentum_aligned, not_extended, room_to_target, trend_aligned",confirmation_volume,4.7,POSITIVE,ema_pullback,4517408.76,240.98,310.0,210.0,28.64,12.86,166235.0,90494.0,0.544,73702.0,96278.0,86749.0,96.5,0.551,1.62,1.0,1.0,1.2,0.7,0.19,False,default,2.5,False,3,1.0,99.0,7.6e-05,0.0,189.14289683173124,0.0,4.967623,1,0,2.7e-05,0.0,4,4,1,1,4,4,1,1,4,4,4,4,4,4,4,4,0.0,0.0,0.253713,0.0,0.0,0.0,1.0,0.3815166434870125,0.3815166434870125,n/a,2026-07-30,2026-07-30,,
NEM,LONG,0.3441660667134391,3.441660667134391,4.47,4.5818,watchlist_reeval_failed,"ema_pullback, momentum_aligned, not_extended, room_to_target","confirmation_volume, trend_aligned",7.6,NEGATIVE,ema_pullback,-6514381.6,93.6,135.0,90.0,44.23,3.85,319356.0,204014.0,0.639,110527.0,126257.0,286586.0,9.6,0.416,0.0,0.94,1.0,1.2,1.31,0.02,False,default,2.5,False,3,1.0,0.0846454860746722,2e-05,1.3e-05,6.5223166842183405e-55,3.852725636464838e-54,3.429444,0,1,0.0,0.208665,4,4,1,1,4,4,1,1,4,4,4,4,4,4,4,4,0.0,0.0,0.1331,0.333703,0.0,0.0,1.0,0.3441660667134391,0.3441660667134391,n/a,2026-07-30,2026-07-30,,1.737761
PYPL,LONG,0.33597634242410235,3.3597634242410237,4.2,3.7599,watchlist_reeval_failed,"momentum_aligned, not_extended, room_to_target, trend_aligned","confirmation_volume, continuation_pattern",4.1,POSITIVE,unknown,20002249.29,57.19,70.0,40.0,22.38,30.07,1346667.0,511322.0,0.38,261640.0,237915.0,1358434.0,7.4,0.306,2.84,0.17,0.32,0.0,0.86,0.0,False,default,2.5,False,1,1.0,99.0,1.7e-05,0.0,634280.5404290041,0.0,2.655272,0,0,0.0,0.0,4,4,1,1,4,4,1,1,4,4,4,4,4,4,4,4,3e-06,0.0,0.263877,0.0,0.0,0.0,1.0,0.33597634242410235,0.33597634242410235,n/a,2026-07-30,2026-07-30,,
FISV,SHORT,0.39402326706384644,3.9402326706384643,3.13,3.7491,watchlist_reeval_failed,"momentum_aligned, not_extended, trend_continuation","confirmation_volume, room_to_target, trend_aligned",4.2,POSITIVE,trend_continuation,3574129.65,53.55,65.0,48.0,21.43,10.33,196093.0,140436.0,0.716,105356.0,56156.0,175017.0,68.4,0.545,0.0,0.69,0.01,1.4,1.02,0.0,False,default,2.5,False,1,1.0,0.0,0.0,5.4e-05,0.0,3.2964380286442924e-15,,0,0,0.0,0.0,4,4,1,1,4,4,1,1,4,4,4,4,4,4,4,4,0.0,0.0,0.0,0.207564,0.0,0.0,1.0,0.39402326706384644,0.39402326706384644,n/a,2026-07-30,2026-07-30,,9615.0
BB,SHORT,0.28991876027723695,2.8991876027723693,5.36,3.8376,watchlist_reeval_failed,"ema_rally, not_extended, room_to_target, trend_aligned","confirmation_volume, momentum_aligned",3.9,POSITIVE,ema_rally,2316395.63,8.62,10.0,7.0,16.01,18.79,553206.0,147607.0,0.267,183045.0,175145.0,342623.0,74.1,0.782,1.94,0.69,1.0,1.2,0.36,0.18,False,default,2.5,False,1,1.0,0.0,0.0,7.2e-05,0.0,7.80129466865328e-63,,0,0,0.0,0.0,4,4,1,1,4,4,1,1,4,4,4,4,4,4,4,4,0.0,0.0,0.0,0.007214,0.0,0.0,1.0,0.28991876027723695,0.28991876027723695,n/a,2026-07-30,2026-07-30,,5.944921
DASH,SHORT,0.2756684971141777,2.7566849711417767,1.8,3.1583,watchlist_reeval_failed,"not_extended, room_to_target","confirmation_volume, continuation_pattern, momentum_aligned, trend_aligned",6.2,NEUTRAL,unknown,,,200.0,145.0,1.7,26.26,120452.0,68718.0,0.571,48402.0,52673.0,88095.0,67.9,0.604,0.0,0.51,1.0,0.0,0.29,0.0,False,default,2.5,False,2,1.0,0.034478783519552615,3e-06,7e-06,3.47921794245483e-23,1.0090895290669974e-21,3.923077,0,0,0.0,0.0,4,4,1,1,4,4,1,1,4,4,4,4,4,4,4,4,0.0,0.0,0.549236,0.531665,0.0,0.0,1.0,0.2756684971141777,0.2756684971141777,n/a,2026-07-30,2026-07-30,,3.342857
PWR,LONG,0.5385740512787154,5.385740512787153,5.21,5.0359,watchlist_reeval_failed,"confirmation_volume, ema_pullback, momentum_aligned, not_extended, room_to_target",trend_aligned,3.9,NEUTRAL,ema_pullback,,,700.0,520.0,3.86,22.85,16392.0,23705.0,1.446,16891.0,8799.0,14407.0,73.9,0.487,0.0,0.66,1.0,1.2,1.8,0.55,False,default,2.5,False,11,1.0,0.1297195560070312,5.3e-05,1.8e-05,2991.247116493859,61491.56860269085,62.667521,0,1,0.0,0.0,4,4,1,1,4,4,1,1,4,4,4,4,4,4,4,4,0.0,0.0,0.481537,0.206138,0.0,0.0,1.0,0.5385740512787154,0.5385740512787154,n/a,2026-07-30,2026-07-30,,6.570157
XPO,LONG,0.5220719294099316,5.220719294099316,3.93,4.8494,watchlist_reeval_failed,"momentum_aligned, not_extended, pullback_to_support, room_to_target","confirmation_volume, trend_aligned",5.3,NEUTRAL,pullback_to_support,,,220.0,170.0,8.82,15.91,5993.0,16435.0,2.742,9258.0,6820.0,6350.0,13.9,0.393,0.0,0.73,0.73,1.4,0.82,0.25,False,default,2.5,False,2,1.0,99.0,2.7e-05,0.0,7.2557084764245775e-31,0.0,1170.0,0,0,0.0,0.0,4,4,1,1,4,4,1,1,4,4,4,4,4,4,4,4,0.0,0.0,0.034367,0.0,0.0,0.0,1.0,0.5220719294099316,0.5220719294099316,n/a,2026-07-30,2026-07-30,,
TRMB,LONG,0.5065163738543761,5.065163738543761,5.76,5.5006,watchlist_reeval_failed,"momentum_aligned, not_extended, room_to_target, trend_aligned, trend_continuation",confirmation_volume,6.2,NEUTRAL,trend_continuation,,,60.0,50.0,5.53,12.06,11982.0,5134.0,0.428,2652.0,3212.0,11252.0,97.8,0.497,1.8,0.47,1.0,1.4,1.07,0.02,False,default,2.5,False,1,1.0,99.0,9e-05,0.0,147.11392662279405,0.0,100.06,0,0,0.0,0.0,4,4,1,1,4,4,1,1,4,4,4,4,4,4,4,4,0.0,0.0,0.291968,0.0,0.0,0.0,1.0,0.5065163738543761,0.5065163738543761,n/a,2026-07-30,2026-07-30,,
GDS,LONG,0.5065163738543761,5.065163738543761,5.25,5.3076,watchlist_reeval_failed,"momentum_aligned, not_extended, retest_and_confirm, room_to_target","confirmation_volume, trend_aligned",6.0,NEUTRAL,retest_and_confirm,,,35.0,20.0,7.53,38.56,97462.0,55430.0,0.569,5287.0,48303.0,99302.0,97.6,0.778,0.0,0.84,1.0,1.4,1.95,0.06,False,default,2.5,False,1,1.0,99.0,0.000173,0.0,9.036979136620942e-58,0.0,17.365011,0,0,0.0,0.0,4,4,1,1,4,4,1,1,4,4,4,4,4,4,4,4,0.0,0.0,0.100916,0.0,0.0,0.0,1.0,0.5065163738543761,0.5065163738543761,n/a,2026-07-30,2026-07-30,,
CHDN,LONG,0.4808020881400903,4.808020881400903,4.91,5.417,watchlist_reeval_failed,"confirmation_volume, momentum_aligned, not_extended, room_to_target, support_ema_confluence",trend_aligned,7.7,NEUTRAL,support_ema_confluence,,,90.0,75.0,6.23,11.48,8405.0,36364.0,4.326,7119.0,36014.0,1636.0,44.9,0.358,0.0,0.86,1.0,1.6,1.0,0.45,False,default,2.5,False,1,0.7,99.0,0.000229,0.0,8.753205351979984e-47,0.0,2616.666667,0,0,0.0,0.0,4,4,1,1,4,4,1,1,4,4,4,4,4,4,4,4,0.0,0.0,0.148015,0.0,0.0,0.0,1.0,0.4808020881400903,0.4808020881400903,n/a,2026-07-30,2026-07-30,,
EPD,LONG,0.45656540333155393,4.565654033315539,4.89,5.3298,watchlist_reeval_failed,"not_extended, retest_and_confirm, trend_aligned","confirmation_volume, momentum_aligned, room_to_target",7.9,NEUTRAL,retest_and_confirm,,,42.0,35.0,11.02,7.48,182482.0,41120.0,0.225,22180.0,82515.0,118907.0,55.0,0.192,1.66,0.87,0.11,1.4,0.57,0.27,False,default,2.5,False,1,0.7,99.0,7e-06,0.0,4.755119430733306e-65,0.0,2.992174,0,0,0.0,0.0,4,4,1,1,4,4,1,1,4,4,4,4,4,4,4,4,0.0,0.0,0.320906,0.0,0.0,0.0,1.0,0.45656540333155393,0.45656540333155393,n/a,2026-07-30,2026-07-30,,
NOK,LONG,0.44130140044851723,4.413014004485173,2.98,4.1405,watchlist_reeval_failed,"momentum_aligned, not_extended, room_to_target","confirmation_volume, continuation_pattern, trend_aligned",5.2,POSITIVE,unknown,4319775.59,9.15,15.0,8.0,63.58,12.76,2772740.0,971774.0,0.35,905393.0,837955.0,2001166.0,65.2,0.683,0.0,0.31,1.0,0.0,1.37,0.31,False,default,2.5,False,8,1.0,99.0,0.00012,1.1e-05,7424.914691933568,0.0009379261380111237,7.283799,0,0,0.602158,0.0,4,4,1,1,4,4,1,1,4,4,4,4,4,4,4,4,0.0,0.0,0.293267,0.266689,0.0,0.0,1.0,0.44130140044851723,0.44130140044851723,n/a,2026-07-30,2026-07-30,,1.332458
CROX,LONG,0.42108647120228215,4.210864712022822,6.27,5.5264,watchlist_reeval_failed,"confirmation_volume, engulfing_at_support, momentum_aligned, not_extended, room_to_target, trend_aligned",none,7.7,NEUTRAL,unknown,,,135.0,37.5,7.2,70.22,20235.0,18084.0,0.894,5948.0,13985.0,18386.0,47.3,0.452,1.74,0.68,0.81,1.6,1.04,0.4,False,default,2.5,False,1,0.7,99.0,0.000106,0.0,9.822655656517442e-57,0.0,1.099217,0,0,0.0,0.0,4,4,1,1,4,4,1,1,4,4,4,4,4,4,4,4,0.0,0.0,0.59169,0.0,0.0,0.0,1.0,0.42108647120228215,0.42108647120228215,n/a,2026-07-30,2026-07-30,,
SOXL,LONG,0.34908917125500577,3.4908917125500576,3.37,3.4764,watchlist_reeval_failed,"confirmation_volume, momentum_aligned, not_extended, room_to_target","continuation_pattern, trend_aligned",3.6,POSITIVE,unknown,1471462.71,119.45,200.0,71.0,67.21,40.64,547262.0,1074565.0,1.964,825928.0,84628.0,711271.0,80.8,1.734,0.0,0.57,1.0,0.0,0.99,0.8,False,default,2.5,False,2,1.0,99.0,0.000106,0.0,284175.40349499544,0.0,1.712481,0,0,0.430005,0.0,4,4,1,1,4,4,1,1,4,4,4,4,4,4,4,4,1.3e-05,0.0,0.331891,0.0,0.0,0.0,1.0,0.34908917125500577,0.34908917125500577,n/a,2026-07-30,2026-07-30,,7.580645
NFLX,LONG,0.3160509639940054,3.160509639940054,4.2,4.4603,watchlist_reeval_failed,"momentum_aligned, not_extended, room_to_target, trend_continuation","confirmation_volume, trend_aligned",8.1,NEGATIVE,trend_continuation,-38916806.41,71.6,100.0,5.0,39.64,93.02,3037553.0,2518679.0,0.829,1145751.0,801532.0,3608949.0,38.4,0.34,0.0,0.87,1.0,1.4,0.9,0.03,False,default,2.5,False,5,1.0,99.0,1.8e-05,0.0,185.99576857235508,0.0,2.46299,0,0,1e-06,0.0,4,4,1,1,4,4,1,1,4,4,4,4,4,4,4,4,0.0,0.0,0.39119,0.0,0.0,0.0,1.0,0.3160509639940054,0.3160509639940054,n/a,2026-07-30,2026-07-30,,
ETSY,LONG,0.30755204471391134,3.0755204471391133,5.53,4.0168,watchlist_reeval_failed,"ema_pullback, not_extended, room_to_target, trend_aligned","confirmation_volume, momentum_aligned",4.1,NEUTRAL,ema_pullback,,,85.0,35.0,2.74,57.69,100272.0,58890.0,0.587,57635.0,41439.0,60088.0,95.8,0.707,2.55,0.82,0.41,1.2,0.53,0.02,False,default,2.5,False,1,1.0,99.0,4.3e-05,0.0,1.869076984561066e-13,0.0,13.513966,0,0,0.0,0.0,4,4,1,1,4,4,1,1,4,4,4,4,4,4,4,4,0.0,0.0,0.114661,0.0,0.0,0.0,1.0,0.30755204471391134,0.30755204471391134,n/a,2026-07-30,2026-07-30,,
FRMI,LONG,0.3021379380248821,3.021379380248821,3.03,3.5397,watchlist_reeval_failed,"confirmation_volume, not_extended, room_to_target, trend_continuation","momentum_aligned, trend_aligned",5.6,POSITIVE,trend_continuation,1557655.0,5.92,10.0,5.0,68.35,15.82,843509.0,193486.0,0.229,556801.0,52889.0,427305.0,58.8,1.487,0.0,0.58,0.38,1.4,0.16,0.5,False,default,2.5,False,1,1.0,99.0,0.000161,0.0,68.50952058030818,0.0,25.854545,0,0,0.0,0.0,4,4,1,1,4,4,1,1,4,4,4,4,4,4,4,4,0.0,0.0,0.02189,0.0,0.0,0.0,1.0,0.3021379380248821,0.3021379380248821,n/a,2026-07-30,2026-07-30,,
DIA,LONG,0.30175261056873254,3.0175261056873253,6.16,4.5168,watchlist_reeval_failed,"confirmation_volume, momentum_aligned, not_extended, room_to_target, support_ema_confluence, trend_aligned",none,5.8,NEGATIVE,support_ema_confluence,-12128743.64,,545.0,480.0,3.98,8.42,230299.0,343529.0,1.492,159469.0,136231.0,278128.0,20.7,0.129,1.52,0.9,0.35,1.6,1.37,0.41,False,sustained_trend,5.0,False,1,1.0,99.0,0.0,0.0,54.2066979967818,0.0,22.35,0,0,0.0,0.0,4,4,3,3,4,4,3,3,4,4,4,4,4,4,4,4,0.0,0.0,0.551746,0.0,0.0,0.0,1.0,0.30175261056873254,0.30175261056873254,n/a,2026-07-30,2026-07-30,,
RKLB,LONG,0.30128633644290026,3.012863364429003,4.45,4.1814,watchlist_reeval_failed,"momentum_aligned, not_extended, room_to_target, trend_continuation","confirmation_volume, trend_aligned",6.7,NEGATIVE,trend_continuation,-1807926.46,65.04,85.0,60.0,30.7,7.74,644659.0,421782.0,0.654,295933.0,136562.0,633946.0,81.6,1.008,0.0,0.52,1.0,1.4,1.35,0.18,False,default,2.5,False,4,1.0,99.0,7.8e-05,2.3e-05,506.2179606919274,0.010264711085270673,21.482013,1,0,0.0,0.01708,4,4,1,1,4,4,1,1,4,4,4,4,4,4,4,4,0.0,0.0,0.814106,0.03242,0.0,0.0,1.0,0.30128633644290026,0.30128633644290026,n/a,2026-07-30,2026-07-30,,2.331518
TWLO,LONG,0.29993676712968864,2.9993676712968864,5.08,4.0437,watchlist_reeval_failed,"momentum_aligned, not_extended, room_to_target, support_ema_confluence","confirmation_volume, trend_aligned",5.1,NEUTRAL,support_ema_confluence,,,220.0,130.0,12.65,33.44,47518.0,29961.0,0.631,26321.0,15735.0,35423.0,97.4,0.822,0.0,0.9,1.0,1.6,1.58,0.01,False,default,2.5,False,1,1.0,99.0,2.1e-05,0.0,5.089662056108018e-23,0.0,3.970297,0,0,0.0,0.0,4,4,1,1,4,4,1,1,4,4,4,4,4,4,4,4,0.0,0.0,0.188837,0.0,0.0,0.0,1.0,0.29993676712968864,0.29993676712968864,n/a,2026-07-30,2026-07-30,,
BMY,LONG,0.2874992409089371,2.874992409089371,4.53,3.8365,watchlist_reeval_failed,"momentum_aligned, not_extended, trend_aligned","confirmation_volume, continuation_pattern, room_to_target",5.2,POSITIVE,unknown,40559944.26,,80.0,55.0,22.92,15.5,385637.0,340641.0,0.883,149419.0,147341.0,429518.0,61.5,0.294,2.5,0.04,0.0,0.0,1.67,0.31,False,default,2.5,False,1,1.0,99.0,5e-06,0.0,3.417815822150127e-65,0.0,7.285298,0,0,0.0,0.0,4,4,1,1,4,4,1,1,4,4,4,4,4,4,4,4,0.0,0.0,0.142927,0.0,0.0,0.0,1.0,0.2874992409089371,0.2874992409089371,n/a,2026-07-30,2026-07-30,,
CIEN,LONG,0.25958070347025625,2.5958070347025624,5.05,3.8929,watchlist_reeval_failed,"momentum_aligned, not_extended, pullback_to_support, room_to_target","confirmation_volume, trend_aligned",5.4,NEUTRAL,pullback_to_support,,,600.0,310.0,55.92,19.44,54634.0,52657.0,0.964,57432.0,14449.0,35410.0,72.4,0.901,0.0,0.8,1.0,1.4,1.58,0.27,False,default,2.5,False,2,1.0,99.0,1.9e-05,1.1e-05,1561.4032683791797,7.003398233307881e-11,162.0,0,0,0.0,0.0,4,4,1,1,4,4,1,1,4,4,4,4,4,4,4,4,0.0,0.0,0.65474,0.099705,0.0,0.0,1.0,0.25958070347025625,0.25958070347025625,n/a,2026-07-30,2026-07-30,,1.713415
CAPR,SHORT,0.5370719294099315,5.370719294099315,7.56,5.8734,watchlist_reeval_failed,"confirmation_volume, momentum_aligned, room_to_target, trend_aligned, trend_continuation",not_extended,4.6,NEUTRAL,trend_continuation,,,30.0,3.0,661.42,23.86,132817.0,56398.0,0.425,96834.0,36776.0,55605.0,87.2,2.421,3.0,0.0,1.0,1.4,1.6,0.57,True,sustained_trend,5.0,True,2,1.0,0.0,0.0,0.005926,0.0,1.8968723981973377e-06,,0,1,0.0,3e-06,4,4,1,1,4,4,1,1,4,4,4,4,4,4,4,4,0.0,0.0,0.0,0.02673,0.0,0.0,1.0,0.5370719294099315,0.5370719294099315,n/a,2026-07-30,2026-07-30,,2.388963
AVTR,SHORT,0.522373633449599,5.22373633449599,1.76,3.8799,watchlist_reeval_failed,room_to_target,"confirmation_volume, continuation_pattern, momentum_aligned, not_extended, trend_aligned",3.7,NEUTRAL,unknown,,,15.0,13.0,9.65,4.97,216868.0,9030.0,0.042,9030.0,203578.0,13290.0,5.9,0.388,0.0,0.0,1.0,0.0,0.58,0.19,True,default,2.5,False,2,1.0,0.0,0.0,7.5e-05,0.0,5199.243857357816,,0,0,0.0,0.10218,4,4,1,1,4,4,1,1,4,4,4,4,4,4,4,4,0.0,0.0,0.0,0.385284,0.0,0.0,1.0,0.522373633449599,0.522373633449599,n/a,2026-07-30,2026-07-30,,192.389436
SIMO,SHORT,0.48271902524737753,4.827190252473775,6.05,5.2486,watchlist_reeval_failed,"confirmation_volume, ema_rally, not_extended, room_to_target, trend_aligned",momentum_aligned,5.1,NEUTRAL,ema_rally,,,280.0,135.0,6.6,48.61,30938.0,18912.0,0.611,25487.0,19544.0,4819.0,78.6,0.978,1.74,0.9,1.0,1.2,0.55,0.65,False,default,2.5,False,1,1.0,0.0,0.0,0.000135,0.0,492899.95167126943,,0,0,0.0,0.0,4,4,1,1,4,4,1,1,4,4,4,4,4,4,4,4,0.0,2.7e-05,0.0,0.390406,0.0,0.0,1.0,0.48271902524737753,0.48271902524737753,n/a,2026-07-30,2026-07-30,,5.5
CDW,SHORT,0.4808020881400903,4.808020881400903,1.87,3.945,watchlist_reeval_failed,"not_extended, room_to_target","confirmation_volume, continuation_pattern, momentum_aligned, trend_aligned",4.9,NEUTRAL,unknown,,,160.0,115.0,8.88,21.74,15341.0,8357.0,0.545,4171.0,10076.0,9451.0,99.0,0.549,0.0,0.34,1.0,0.0,0.53,0.0,False,default,2.5,False,1,0.7,0.0,0.0,4e-05,0.0,1.6173415897728538e-62,,0,0,0.0,0.0,4,4,1,1,4,4,1,1,4,4,4,4,4,4,4,4,0.0,0.0,0.0,0.612156,0.0,0.0,1.0,0.4808020881400903,0.4808020881400903,n/a,2026-07-30,2026-07-30,,3.979592
ZS,SHORT,0.3397073174509544,3.397073174509544,3.79,3.9155,watchlist_reeval_failed,"momentum_aligned, not_extended, room_to_target, trend_continuation","confirmation_volume, trend_aligned",5.4,NEUTRAL,trend_continuation,,,200.0,130.0,33.55,13.19,132720.0,99061.0,0.746,82572.0,31255.0,117954.0,67.4,0.627,0.0,0.81,0.33,1.4,0.98,0.26,False,default,2.5,False,3,1.0,0.0,0.0,9.5e-05,0.0,4235.441883756776,,0,0,0.0,0.0,4,4,1,1,4,4,1,1,4,4,4,4,4,4,4,4,0.0,0.0,0.0,0.18483,0.0,0.0,1.0,0.3397073174509544,0.3397073174509544,n/a,2026-07-30,2026-07-30,,3.084261
CRM,SHORT,0.32533906633392407,3.253390663339241,2.81,3.2097,watchlist_reeval_failed,"momentum_aligned, not_extended, pullback_to_resistance, room_to_target","confirmation_volume, trend_aligned",3.7,POSITIVE,pullback_to_resistance,38390757.08,183.09,200.0,165.0,9.24,9.88,538471.0,425775.0,0.791,277104.0,268740.0,418402.0,77.6,0.496,0.0,0.48,0.32,1.4,0.62,0.0,False,default,2.5,False,5,1.0,3.603578940850779e-18,5e-06,1.7e-05,2.0738315362127716e-16,38.366145994536474,1.61011,0,1,3.5e-05,0.0,4,4,1,1,4,4,1,1,4,4,4,4,4,4,4,4,0.0,0.0,0.045012,0.554824,0.0,0.0,1.0,0.32533906633392407,0.32533906633392407,n/a,2026-07-30,2026-07-30,,3.578448
HD,SHORT,0.31569661285107287,3.156966128510729,4.59,4.1155,watchlist_reeval_failed,"momentum_aligned, not_extended, resistance_ema_confluence, room_to_target","confirmation_volume, trend_aligned",5.8,NEGATIVE,resistance_ema_confluence,-48569818.93,,400.0,300.0,20.52,9.61,144615.0,107151.0,0.741,92230.0,53302.0,106234.0,95.8,0.345,0.0,0.8,0.27,1.6,1.7,0.23,False,default,2.5,False,2,1.0,0.0,0.0,4e-06,0.0,1.4461513517444936e-07,,0,1,0.0,0.0,4,4,1,1,4,4,1,1,4,4,4,4,4,4,4,4,0.0,0.0,0.0,0.510647,0.0,0.0,1.0,0.31569661285107287,0.31569661285107287,n/a,2026-07-30,2026-07-30,,97.496805
C,SHORT,0.30615496965771744,3.0615496965771745,5.5,4.7008,watchlist_reeval_failed,"ema_rally, not_extended, room_to_target, trend_aligned","confirmation_volume, momentum_aligned",7.6,NEGATIVE,ema_rally,-32993658.71,,150.0,120.0,12.57,9.94,486923.0,617673.0,1.269,219283.0,161626.0,723687.0,22.4,0.295,1.84,0.95,1.0,1.2,0.51,0.0,False,default,2.5,False,3,1.0,0.0,0.0,9e-06,0.0,2.992129329134595e-06,,0,0,0.0,0.238185,4,4,1,1,4,4,1,1,4,4,4,4,4,4,4,4,0.0,0.0,0.0,0.490367,0.0,0.0,1.0,0.30615496965771744,0.30615496965771744,n/a,2026-07-30,2026-07-30,,5.267742
LULU,SHORT,0.29425502831128103,2.9425502831128103,5.39,3.9283,watchlist_reeval_failed,"momentum_aligned, not_extended, room_to_target, trend_aligned, trend_continuation",confirmation_volume,4.2,POSITIVE,trend_continuation,3279167.18,119.56,130.0,100.0,8.73,16.36,217770.0,160999.0,0.739,82259.0,66235.0,230275.0,69.2,0.525,1.56,0.78,0.72,1.4,0.69,0.23,False,default,2.5,False,1,1.0,0.0,0.0,4.1e-05,0.0,2.989853528992995e-12,,0,0,0.0,0.0,4,4,1,1,4,4,1,1,4,4,4,4,4,4,4,4,0.0,0.0,0.0,0.774333,0.0,0.0,1.0,0.29425502831128103,0.29425502831128103,n/a,2026-07-30,2026-07-30,,1.574545
CRCL,SHORT,0.2892890557522397,2.8928905575223967,5.9,4.4164,watchlist_reeval_failed,"confirmation_volume, momentum_aligned, not_extended, room_to_target, trend_aligned, trend_continuation",none,6.0,NEGATIVE,trend_continuation,-4675195.93,,100.0,50.0,61.76,19.12,441144.0,322137.0,0.73,254039.0,163372.0,345870.0,87.4,0.953,1.6,0.85,0.42,1.4,1.17,0.46,False,sustained_trend,5.0,False,1,1.0,0.0,0.0,5.3e-05,0.0,29986.208673070392,,0,1,0.0,0.0,4,4,1,1,4,4,1,1,4,4,4,4,4,4,4,4,0.0,0.0,0.0,0.076538,0.0,0.0,1.0,0.2892890557522397,0.2892890557522397,n/a,2026-07-30,2026-07-30,,2.689819
IWM,SHORT,0.2584999904541644,2.584999904541644,4.82,4.0185,watchlist_reeval_failed,"confirmation_volume, momentum_aligned, not_extended, room_to_target, trend_continuation",trend_aligned,6.4,NEGATIVE,trend_continuation,-177508839.36,,300.0,280.0,2.88,3.98,2626310.0,7085942.0,2.698,2937781.0,1756779.0,5017692.0,18.3,0.194,0.0,0.85,1.0,1.4,1.02,0.55,False,default,2.5,False,1,1.0,0.0,0.0,1.1e-05,0.0,374190.89647828223,,0,0,0.0,0.0,4,4,1,1,4,4,1,1,4,4,4,4,4,4,4,4,0.0,2e-06,0.0,0.361386,0.0,0.0,1.0,0.2584999904541644,0.2584999904541644,n/a,2026-07-30,2026-07-30,,2.294043
IBIT,SHORT,0.25758039983000747,2.5758039983000747,6.82,4.2339,watchlist_reeval_failed,"confirmation_volume, ema_rally, momentum_aligned, not_extended, room_to_target, trend_aligned",none,4.5,NEGATIVE,ema_rally,-68334925.29,35.76,40.0,35.0,11.81,2.17,3787687.0,2521431.0,0.666,1640452.0,1298416.0,3370250.0,0.0,0.342,1.52,0.79,0.92,1.2,1.49,0.91,False,default,2.5,False,1,1.0,0.0,0.0,7e-06,0.0,2.4769204506378503e-06,,0,0,0.0,0.0,4,4,1,1,4,4,1,1,4,4,4,4,4,4,4,4,0.0,0.0,0.0,0.422549,0.0,0.0,1.0,0.25758039983000747,0.25758039983000747,n/a,2026-07-30,2026-07-30,,2.182292
NVO,SHORT,0.25511618637982947,2.5511618637982947,5.74,4.7176,watchlist_reeval_failed,"confirmation_volume, momentum_aligned, not_extended, room_to_target, trend_continuation",trend_aligned,8.6,NEGATIVE,trend_continuation,-12788981.9,46.9,50.0,40.0,6.59,14.73,837416.0,532452.0,0.636,266498.0,305406.0,797964.0,55.0,0.456,0.0,0.51,1.0,1.4,1.83,1.0,False,consolidation_break,3.0,False,1,1.0,0.0,0.0,5e-06,0.0,1.4902728800204024e-12,,0,0,0.0,0.0,4,4,1,1,4,4,1,1,4,4,4,4,4,4,4,4,0.0,0.0,0.0,0.484806,0.0,0.0,1.0,0.25511618637982947,0.25511618637982947,n/a,2026-07-30,2026-07-30,,1.342751
ANET,SHORT,0.2547174344420605,2.547174344420605,3.05,3.3486,watchlist_reeval_failed,"ema_rally, not_extended, room_to_target","confirmation_volume, momentum_aligned, trend_aligned",5.8,NEGATIVE,ema_rally,-2829329.2,180.87,200.0,130.0,10.53,28.15,165700.0,139437.0,0.842,99542.0,53776.0,151819.0,90.5,0.734,0.0,0.64,0.69,1.2,0.19,0.33,False,default,2.5,False,1,1.0,0.0,0.0,2e-06,0.0,216019.22983442873,,0,0,0.0,0.0,4,4,1,1,4,4,1,1,4,4,4,4,4,4,4,4,0.0,0.0,0.0,0.394554,0.0,0.0,1.0,0.2547174344420605,0.2547174344420605,n/a,2026-07-30,2026-07-30,,2.009901
REGN,SHORT,0.15547285353407708,1.5547285353407707,1.33,2.3164,watchlist_reeval_failed,room_to_target,"confirmation_volume, continuation_pattern, momentum_aligned, not_extended, trend_aligned",5.7,NEUTRAL,unknown,,,800.0,600.0,5.57,20.82,23700.0,19056.0,0.804,12214.0,5237.0,25305.0,17.8,0.306,0.0,0.0,1.0,0.0,0.02,0.32,True,default,2.5,False,1,1.0,0.0,0.0,5e-06,0.0,2.1258486475112577e-41,,0,0,0.0,0.0,4,4,1,1,4,4,1,1,4,4,4,4,4,4,4,4,0.0,0.0,0.0,0.697469,0.0,0.0,1.0,0.15547285353407708,0.15547285353407708,n/a,2026-07-30,2026-07-30,,
AMKR,LONG,0.4150504797523706,4.1505047975237055,3.96,4.3233,watchlist_reeval_failed,"confirmation_volume, momentum_aligned, not_extended, room_to_target, volume_capitulation_reversal",trend_aligned,5.3,NEUTRAL,unknown,,,70.0,45.0,36.51,12.25,80390.0,57696.0,0.718,58903.0,20718.0,58465.0,76.5,0.92,0.0,0.36,1.0,1.4,0.77,0.42,False,default,2.5,False,4,1.0,2.837003484716205e-46,0.00019,6.4e-05,3.6782397835181294e-54,3.8895684866098175e-08,3.378687,1,0,0.020368,0.0,4,4,1,1,4,4,1,1,4,4,4,4,4,4,4,4,0.0,0.0,0.422662,0.007573,0.0,0.0,1.0,0.4150504797523706,0.4150504797523706,n/a,2026-07-31,2026-07-31,,1.820363
TLN,LONG,0.3673717795869908,3.673717795869908,3.73,3.9159,watchlist_reeval_failed,"momentum_aligned, not_extended, pullback_to_support, room_to_target","confirmation_volume, trend_aligned",4.8,NEUTRAL,pullback_to_support,,,370.0,330.0,10.49,1.46,54979.0,40419.0,0.735,25649.0,14332.0,55417.0,97.4,0.678,0.0,0.53,0.98,1.4,0.8,0.03,False,default,2.5,False,1,1.0,99.0,0.000111,0.0,126281.55762268807,0.0,16.322581,0,0,0.0,0.0,4,4,1,1,4,4,1,1,4,4,4,4,4,4,4,4,3e-06,0.0,0.361122,0.0,0.0,0.0,1.0,0.3673717795869908,0.3673717795869908,n/a,2026-07-31,2026-07-31,,
BKNG,LONG,0.3615026151365965,3.615026151365965,4.85,4.4825,watchlist_reeval_failed,"bounce_and_fail, momentum_aligned, not_extended, room_to_target, trend_aligned",confirmation_volume,6.1,NEGATIVE,bounce_and_fail,-468138.24,,200.0,176.0,3.0,9.36,335566.0,288934.0,0.861,52304.0,118238.0,453958.0,85.2,0.44,1.87,0.45,0.39,1.0,1.13,0.01,False,default,2.5,False,1,1.0,99.0,1.4e-05,0.0,1848394.287943745,0.0,1.046376,0,0,0.0,0.0,4,4,1,1,4,4,1,1,4,4,4,4,4,4,4,4,5e-06,0.0,0.413186,0.0,0.0,0.0,1.0,0.3615026151365965,0.3615026151365965,n/a,2026-07-31,2026-07-31,,
DOCN,LONG,0.303932003039452,3.03932003039452,3.29,3.5067,watchlist_reeval_failed,"confirmation_volume, momentum_aligned, not_extended, room_to_target","continuation_pattern, trend_aligned",5.0,NEUTRAL,unknown,,,180.0,67.5,51.54,43.17,92129.0,56822.0,0.617,55397.0,24156.0,69398.0,98.3,1.138,0.0,0.73,1.0,0.0,1.08,0.49,False,default,2.5,False,1,1.0,99.0,8.9e-05,0.0,2.533437856098339e-16,0.0,28.823529,0,0,0.0,0.0,4,4,1,1,4,4,1,1,4,4,4,4,4,4,4,4,0.0,0.0,0.060258,0.0,0.0,0.0,1.0,0.303932003039452,0.303932003039452,n/a,2026-07-31,2026-07-31,,
LRCX,LONG,0.274788786011866,2.7478878601186603,3.64,3.4259,watchlist_reeval_failed,"momentum_aligned, not_extended, room_to_target","confirmation_volume, continuation_pattern, trend_aligned",4.8,NEGATIVE,unknown,-4123665.48,,310.0,250.0,2.2,17.58,315154.0,349428.0,1.109,254670.0,124245.0,285667.0,87.3,0.849,0.0,0.84,1.0,0.0,1.53,0.27,False,default,2.5,False,1,1.0,99.0,6e-06,0.0,2068800.3182245756,0.0,1.064917,0,0,0.0,0.0,4,4,1,1,4,4,1,1,4,4,4,4,4,4,4,4,2e-06,0.0,0.384125,0.0,0.0,0.0,1.0,0.274788786011866,0.274788786011866,n/a,2026-07-31,2026-07-31,,
BMNR,LONG,0.2721789983908431,2.721789983908431,6.08,4.2449,watchlist_reeval_failed,"momentum_aligned, not_extended, room_to_target, trend_aligned, trend_continuation",confirmation_volume,5.3,POSITIVE,trend_continuation,9559768.6,17.26,20.0,15.0,15.9,13.07,1167447.0,429729.0,0.368,573906.0,55625.0,967645.0,22.1,0.803,1.68,0.77,1.0,1.4,0.93,0.3,False,default,2.5,False,1,1.0,99.0,3.2e-05,0.0,123.83339552501837,0.0,32.031963,1,0,0.0,0.0,4,4,1,1,4,4,1,1,4,4,4,4,4,4,4,4,0.0,0.0,0.23662,0.0,0.0,0.0,1.0,0.2721789983908431,0.2721789983908431,n/a,2026-07-31,2026-07-31,,
BE,LONG,0.26940274112872653,2.6940274112872653,4.01,3.27,watchlist_reeval_failed,"confirmation_volume, momentum_aligned, not_extended, room_to_target","continuation_pattern, trend_aligned",3.6,POSITIVE,unknown,369196.54,214.68,350.0,125.0,62.98,41.79,599527.0,751031.0,1.253,732358.0,213354.0,404846.0,83.7,1.251,0.0,0.94,1.0,0.0,1.47,0.6,False,default,2.5,False,3,0.7,99.0,2.5e-05,1e-05,39087.46895512497,182.69739222488943,2.269921,0,0,0.378648,0.0,4,4,1,1,4,4,1,1,4,4,4,4,4,4,4,4,0.0,0.0,0.138657,8e-06,0.0,0.0,1.0,0.26940274112872653,0.26940274112872653,n/a,2026-07-31,2026-07-31,,16.222222
NOW,LONG,0.2677545880789534,2.677545880789534,5.27,4.3798,watchlist_reeval_failed,"momentum_aligned, not_extended, trend_aligned, trend_continuation","confirmation_volume, room_to_target",7.3,NEGATIVE,trend_continuation,-18400980.12,,120.0,100.0,7.78,10.18,804611.0,659252.0,0.819,502596.0,207440.0,753827.0,65.4,0.588,1.65,0.83,0.0,1.4,1.22,0.17,False,sustained_trend,5.0,False,2,0.7,99.0,1.3e-05,0.0,36.86853376570498,0.0,2.021057,0,0,0.0,0.0,4,4,1,1,4,4,1,1,4,4,4,4,4,4,4,4,0.0,0.0,0.681432,0.0,0.0,0.0,1.0,0.2677545880789534,0.2677545880789534,n/a,2026-07-31,2026-07-31,,
TSM,LONG,0.2589997468655134,2.589997468655134,5.02,4.041,watchlist_reeval_failed,"momentum_aligned, not_extended, pullback_to_support, room_to_target","confirmation_volume, trend_aligned",6.2,NEGATIVE,pullback_to_support,-36067072.7,,450.0,400.0,10.41,1.86,966986.0,1109177.0,1.147,663064.0,427520.0,985579.0,75.2,0.473,0.0,0.91,1.0,1.4,1.46,0.24,False,default,2.5,False,1,1.0,99.0,2e-06,0.0,1.1754977803838458e-15,0.0,2.246392,1,0,0.0,0.0,4,4,1,1,4,4,1,1,4,4,4,4,4,4,4,4,0.0,0.0,0.466452,0.0,0.0,0.0,1.0,0.2589997468655134,0.2589997468655134,n/a,2026-07-31,2026-07-31,,
CCJ,LONG,0.2559385228605684,2.559385228605684,3.16,3.5277,watchlist_reeval_failed,"confirmation_volume, momentum_aligned, not_extended, room_to_target","continuation_pattern, trend_aligned",6.5,NEGATIVE,unknown,-23521854.04,87.33,140.0,80.0,60.31,8.39,164353.0,211179.0,1.285,159343.0,75888.0,140301.0,18.3,0.507,0.0,0.68,1.0,0.0,0.93,0.55,False,default,2.5,False,1,1.0,99.0,1.1e-05,0.0,9.05813051020494e-17,0.0,2040.0,0,0,0.0,0.0,4,4,1,1,4,4,1,1,4,4,4,4,4,4,4,4,0.0,0.0,0.023731,0.0,0.0,0.0,1.0,0.2559385228605684,0.2559385228605684,n/a,2026-07-31,2026-07-31,,
SPCX,LONG,0.25301048108428803,2.5301048108428805,1.8,3.0451,watchlist_reeval_failed,"not_extended, room_to_target","confirmation_volume, continuation_pattern, momentum_aligned, trend_aligned",6.2,NEGATIVE,unknown,-25589010.54,,330.0,100.0,203.01,8.18,2329539.0,1927304.0,0.827,2373430.0,783663.0,1099750.0,95.0,1.095,0.0,0.33,1.0,0.0,0.32,0.16,False,default,2.5,False,3,0.7,2.0224723067574697,5e-06,2e-06,772.1166925484133,763.5374684425816,7.244294,1,1,0.0,0.0,4,4,1,1,4,4,1,1,4,4,4,4,4,4,4,4,0.0,0.0,0.25,0.262421,0.0,0.0,1.0,0.25301048108428803,0.25301048108428803,n/a,2026-07-31,2026-07-31,,7.047803
GS,LONG,0.2515984662689997,2.5159846626899967,3.82,3.724,watchlist_reeval_failed,"ema_pullback, momentum_aligned, not_extended, room_to_target","confirmation_volume, trend_aligned",6.6,NEGATIVE,ema_pullback,-1346284.97,,1100.0,800.0,7.48,21.83,256148.0,236993.0,0.925,137797.0,71024.0,284320.0,75.7,0.354,0.0,0.73,1.0,1.2,0.83,0.07,False,default,2.5,False,1,1.0,99.0,2e-06,0.0,652959.366964261,0.0,2.193182,0,0,0.0,0.0,4,4,1,1,4,4,1,1,4,4,4,4,4,4,4,4,1e-06,0.0,0.467174,0.0,0.0,0.0,1.0,0.2515984662689997,0.2515984662689997,n/a,2026-07-31,2026-07-31,,
AAPL,LONG,0.24668478713128325,2.4668478713128326,2.21,3.3964,watchlist_reeval_failed,"confirmation_volume, not_extended, room_to_target","continuation_pattern, momentum_aligned, trend_aligned",7.5,NEGATIVE,unknown,-72635434.01,301.14,350.0,300.0,16.22,0.38,2812764.0,2181626.0,0.776,1433519.0,978808.0,2582063.0,60.3,0.273,0.0,0.16,1.0,0.0,0.05,1.0,False,default,2.5,False,2,0.7,99.0,0.0,0.0,1658.552401674483,0.0,1.89942,0,0,1e-06,0.0,4,4,1,1,4,4,1,1,4,4,4,4,4,4,4,4,0.0,0.0,0.301274,0.0,0.0,0.0,1.0,0.24668478713128325,0.24668478713128325,n/a,2026-07-31,2026-07-31,,
SMH,LONG,0.23140651577186802,2.31406515771868,4.88,3.861,watchlist_reeval_failed,"confirmation_volume, momentum_aligned, not_extended, pullback_to_support, room_to_target",trend_aligned,6.2,NEGATIVE,pullback_to_support,-7327173.28,,600.0,500.0,9.96,8.36,782159.0,1767269.0,2.259,1446574.0,548372.0,554482.0,79.4,0.514,0.0,0.69,1.0,1.4,1.31,0.47,False,default,2.5,False,1,0.7,99.0,1e-05,0.0,36333.365526378,0.0,2.013986,0,0,0.0,0.0,4,4,1,1,4,4,1,1,4,4,4,4,4,4,4,4,0.0,0.0,0.195793,0.0,0.0,0.0,1.0,0.23140651577186802,0.23140651577186802,n/a,2026-07-31,2026-07-31,,
XYZ,LONG,0.22874765347266648,2.287476534726665,5.2,3.7037,watchlist_reeval_failed,"ema_pullback, momentum_aligned, not_extended, trend_aligned","confirmation_volume, room_to_target",5.0,POSITIVE,ema_pullback,17933741.53,81.61,95.0,65.0,16.31,20.42,302084.0,173766.0,0.575,111060.0,72403.0,292387.0,62.5,0.565,1.99,0.69,0.14,1.2,1.1,0.08,False,default,2.5,False,1,0.7,99.0,9e-06,0.0,27366.624385312498,0.0,5.353261,0,0,0.0,0.0,4,4,1,1,4,4,1,1,4,4,4,4,4,4,4,4,0.0,0.0,0.413814,0.0,0.0,0.0,1.0,0.22874765347266648,0.22874765347266648,n/a,2026-07-31,2026-07-31,,
NVMI,SHORT,0.506328220151065,5.063282201510651,5.73,4.9706,watchlist_reeval_failed,"momentum_aligned, not_extended, room_to_target, trend_aligned, trend_continuation",confirmation_volume,3.6,NEUTRAL,trend_continuation,,,580.0,380.0,45.22,4.85,6732.0,5206.0,0.773,3697.0,1077.0,7164.0,95.3,0.906,2.16,0.74,0.34,1.4,1.1,0.0,False,sustained_trend,5.0,False,1,1.0,0.0,0.0,7.4e-05,0.0,835306.7853352609,,0,0,0.0,0.0,4,4,1,1,4,4,1,1,4,4,4,4,4,4,4,4,0.0,5.4e-05,0.0,0.803544,0.0,0.0,1.0,0.506328220151065,0.506328220151065,n/a,2026-07-31,2026-07-31,,
NVTS,SHORT,0.464939428713664,4.64939428713664,4.23,4.6537,watchlist_reeval_failed,"not_extended, room_to_target, trend_aligned","confirmation_volume, continuation_pattern, momentum_aligned",5.3,POSITIVE,unknown,1273104.67,11.12,15.0,10.0,35.01,9.99,429136.0,155670.0,0.363,186675.0,125985.0,272146.0,54.2,1.156,2.24,0.56,0.64,0.0,0.56,0.23,False,default,2.5,False,1,1.0,0.0,0.0,0.000219,0.0,532322.0558513664,,0,0,0.0,0.0,4,4,1,1,4,4,1,1,4,4,4,4,4,4,4,4,0.0,1.2e-05,0.0,0.055534,0.0,0.0,1.0,0.464939428713664,0.464939428713664,n/a,2026-07-31,2026-07-31,,3.585259
SITM,SHORT,0.4360487172155466,4.360487172155466,5.01,4.6432,watchlist_reeval_failed,"confirmation_volume, ema_rally, not_extended, trend_aligned","momentum_aligned, room_to_target",4.8,NEUTRAL,ema_rally,,,700.0,500.0,27.5,8.93,4404.0,3659.0,0.831,3622.0,716.0,3725.0,94.6,1.109,2.06,0.81,0.12,1.2,0.45,0.37,False,default,2.5,False,1,0.7,0.0,0.0,4.8e-05,0.0,601099.6455285857,,0,0,0.0,0.0,4,4,1,1,4,4,1,1,4,4,4,4,4,4,4,4,0.0,1.8e-05,0.0,0.421687,0.0,0.0,1.0,0.4360487172155466,0.4360487172155466,n/a,2026-07-31,2026-07-31,,44.0
AXTI,SHORT,0.33394555032953077,3.3394555032953077,6.15,4.7947,watchlist_reeval_failed,"confirmation_volume, ema_rally, not_extended, room_to_target, trend_aligned",momentum_aligned,6.4,NEUTRAL,ema_rally,,,105.0,45.0,71.22,26.62,149072.0,86055.0,0.577,138085.0,15684.0,81358.0,30.2,1.435,2.11,0.73,0.64,1.2,0.47,1.0,False,default,2.5,False,2,1.0,0.5709130683538793,0.000141,0.000261,23492.923769833364,41149.73902694292,1.988854,0,0,0.0,0.0,4,4,1,1,4,4,1,1,4,4,4,4,4,4,4,4,1e-06,4e-06,0.16976,0.284883,0.0,0.0,1.0,0.33394555032953077,0.33394555032953077,n/a,2026-07-31,2026-07-31,,3.371053
RIOT,SHORT,0.33260436709123337,3.3260436709123335,6.14,4.165,watchlist_reeval_failed,"momentum_aligned, not_extended, retest_and_confirm, room_to_target, trend_aligned",confirmation_volume,3.3,POSITIVE,retest_and_confirm,2346371.27,20.82,30.0,14.0,44.02,32.79,508052.0,245280.0,0.483,318920.0,168985.0,265427.0,94.9,1.023,1.78,0.83,1.0,1.4,0.92,0.21,False,default,2.5,False,2,1.0,0.0,0.0,0.000187,0.0,7.682749072425196e-07,,0,0,0.0,0.381682,4,4,1,1,4,4,1,1,4,4,4,4,4,4,4,4,0.0,0.0,0.0,0.52902,0.0,0.0,1.0,0.33260436709123337,0.33260436709123337,n/a,2026-07-31,2026-07-31,,3.181473
SIL,SHORT,0.3305150259708822,3.3051502597088223,4.95,4.4376,watchlist_reeval_failed,"ema_rally, momentum_aligned, not_extended, room_to_target, trend_aligned",confirmation_volume,6.5,NEUTRAL,ema_rally,,,90.0,70.0,21.29,5.67,75252.0,27330.0,0.363,13935.0,27712.0,60935.0,26.6,0.514,1.56,0.83,0.33,1.2,0.86,0.16,False,default,2.5,False,1,1.0,0.0,0.0,0.000281,0.0,7.04489795960481e-34,,0,0,0.0,0.0,4,4,1,1,4,4,1,1,4,4,4,4,4,4,4,4,0.0,0.0,0.0,0.407671,0.0,0.0,1.0,0.3305150259708822,0.3305150259708822,n/a,2026-07-31,2026-07-31,,27.674419
SPY,SHORT,0.31579597946852955,3.1579597946852953,3.48,4.243,watchlist_reeval_failed,"ema_rally, not_extended, room_to_target","confirmation_volume, momentum_aligned, trend_aligned",8.1,NEGATIVE,ema_rally,-3814707.64,,800.0,550.0,7.28,26.25,6143353.0,12005763.0,1.954,7293721.0,5120184.0,5735211.0,26.6,0.137,0.0,0.88,1.0,1.2,0.09,0.32,False,default,2.5,False,3,1.0,0.0,0.0,0.0,0.0,374871.8746417702,,0,1,0.0,0.477045,4,4,3,3,4,4,3,3,4,4,4,4,4,4,4,4,0.0,0.0,0.0,0.57254,0.0,0.0,1.0,0.31579597946852955,0.31579597946852955,n/a,2026-07-31,2026-07-31,,3.542657
QCOM,SHORT,0.3069510664873625,3.069510664873625,6.78,4.9688,watchlist_reeval_failed,"momentum_aligned, not_extended, room_to_target, trend_aligned, trend_continuation",confirmation_volume,7.0,NEGATIVE,trend_continuation,-47434140.65,,200.0,130.0,34.79,12.39,530886.0,472389.0,0.89,308127.0,191122.0,504026.0,65.9,0.56,1.95,0.52,0.9,1.4,1.81,0.21,False,sustained_trend,5.0,False,1,0.7,0.0,0.0,1.3e-05,0.0,1875477.0752625654,,0,0,0.0,0.0,4,4,1,1,4,4,1,1,4,4,4,4,4,4,4,4,0.0,4e-06,0.0,0.344354,0.0,0.0,1.0,0.3069510664873625,0.3069510664873625,n/a,2026-07-31,2026-07-31,,2.736934
PEP,SHORT,0.2686703109817845,2.686703109817845,5.9,4.0734,watchlist_reeval_failed,"momentum_aligned, not_extended, room_to_target, trend_aligned, trend_continuation",confirmation_volume,4.8,POSITIVE,trend_continuation,50885851.6,139.44,155.0,130.0,11.14,6.78,276030.0,124632.0,0.452,98708.0,179459.0,122495.0,68.3,0.252,1.58,0.99,0.49,1.4,1.42,0.04,False,default,2.5,False,1,1.0,0.0,0.0,5e-06,0.0,3.2464711002204658e-21,,0,0,0.0,0.0,4,4,1,1,4,4,1,1,4,4,4,4,4,4,4,4,0.0,0.0,0.0,0.390992,0.0,0.0,1.0,0.2686703109817845,0.2686703109817845,n/a,2026-07-31,2026-07-31,,2.037904
WDC,SHORT,0.26258703553848844,2.6258703553848846,3.97,3.8439,watchlist_reeval_failed,"confirmation_volume, not_extended, resistance_ema_confluence, room_to_target","momentum_aligned, trend_aligned",6.7,NEGATIVE,resistance_ema_confluence,-636775.72,557.33,700.0,90.0,25.47,83.87,177525.0,258675.0,1.457,158242.0,71156.0,206802.0,88.0,1.01,0.0,0.81,0.73,1.6,0.28,0.55,False,default,2.5,False,3,0.7,2.390822952692542e-07,3e-06,9e-06,0.0016216244791028153,3391.3520808317144,1.406977,0,0,0.0,0.308347,4,4,1,1,4,4,1,1,4,4,4,4,4,4,4,4,0.0,0.0,0.344618,0.014518,0.0,0.0,1.0,0.26258703553848844,0.26258703553848844,n/a,2026-07-31,2026-07-31,,4.096429
MSFT,SHORT,0.24869085288057255,2.4869085288057255,1.71,2.7765,watchlist_reeval_failed,"confirmation_volume, room_to_target","continuation_pattern, momentum_aligned, not_extended, trend_aligned",5.1,POSITIVE,unknown,1652681650.93,461.53,500.0,350.0,8.38,24.14,2843299.0,1435266.0,0.505,1318511.0,678156.0,2281898.0,55.6,0.302,0.0,0.0,1.0,0.0,0.09,0.62,True,default,2.5,False,1,1.0,0.0,0.0,1e-06,0.0,370.2794831288715,,0,0,0.0,0.0,4,4,1,1,4,4,1,1,4,4,4,4,4,4,4,4,0.0,0.0,0.0,0.331159,0.0,0.0,1.0,0.24869085288057255,0.24869085288057255,n/a,2026-07-31,2026-07-31,,13.097959
