ticker,direction,flow_score_raw,flow_score_scaled,price_score,final_score,reject_reason,checks_passed,checks_failed,options_context_score,gamma_regime,pattern,net_gex,gamma_flip_level_estimate,nearest_call_wall,nearest_put_wall,distance_to_call_wall_pct,distance_to_put_wall_pct,ticker_call_oi,ticker_put_oi,ticker_put_call_ratio,near_term_oi,swing_dte_oi,long_dated_oi,iv_rank,iv_current,price_trend,price_extension,price_room,price_pattern,price_momentum,price_confirm_vol,extended,extension_cap,extension_cap_atr,extension_soft_promoted,repeat_flow_count,dte_score,flow_imbalance_ratio,bullish_flow_intensity,bearish_flow_intensity,bullish_premium_per_trade,bearish_premium_per_trade,bullish_vol_oi,bullish_sweep_count,bearish_sweep_count,bullish_breadth,bearish_breadth,bullish_zscore_tier,bearish_zscore_tier,bullish_flow_intensity_tier,bearish_flow_intensity_tier,bullish_premium_per_trade_tier,bearish_premium_per_trade_tier,bullish_vol_oi_tier,bearish_vol_oi_tier,bullish_repeat_tier,bearish_repeat_tier,bullish_sweep_tier,bearish_sweep_tier,bullish_breadth_tier,bearish_breadth_tier,bullish_dte_tier,bearish_dte_tier,bullish_delta_intensity,bearish_delta_intensity,bullish_avg_delta,bearish_avg_delta,bullish_delta_source_mix,bearish_delta_source_mix,watchlist_streak_days,watchlist_max_flow_score,watchlist_mean_flow_score_5d,watchlist_flow_trend,watchlist_first_seen,watchlist_last_seen,freight_train,bearish_vol_oi,entry_price,stop_price,target_1,rr_ratio
GRAL,LONG,0.6599971671925418,6.599971671925418,7.04,6.012,weak_relative_strength (-7.0% vs SPY),"confirmation_volume, ema_pullback, momentum_aligned, not_extended, room_to_target, trend_aligned",none,3.0,NEUTRAL,ema_pullback,,,70.0,55.0,1.32,20.39,12716.0,7181.0,0.565,3631.0,3510.0,12756.0,0.0,0.717,1.66,1.0,1.0,1.2,1.19,1.0,False,default,2.5,False,1,1.0,99.0,0.000184,0.0,283424.16158409853,0.0,2.530303,0,0,0.0,0.0,4,4,1,1,4,4,1,1,4,4,4,4,4,4,4,4,1.1e-05,0.0,0.106197,0.0,0.0,0.0,1.0,0.6599971671925418,0.6599971671925418,n/a,2026-08-07,2026-08-07,False,,,,,
REAL,LONG,0.6508020881400902,6.508020881400903,5.9,5.824,price_validation_failed,"confirmation_volume, not_extended, room_to_target, trend_aligned, trend_continuation",momentum_aligned,4.0,NEUTRAL,trend_continuation,,,12.5,10.0,1.5,18.8,46737.0,26356.0,0.564,38652.0,419.0,34022.0,15.7,0.666,1.99,0.89,0.31,1.4,0.31,1.0,False,sustained_trend,5.0,False,1,0.7,99.0,0.000502,0.0,428021.13275340863,0.0,34.486207,0,0,0.0,0.0,4,4,1,1,4,4,1,1,4,4,4,4,4,4,4,4,5.4e-05,0.0,0.194798,0.0,0.0,0.0,1.0,0.6508020881400902,0.6508020881400902,n/a,2026-08-07,2026-08-07,False,,,,,
FLEX,LONG,0.5180463435159021,5.18046343515902,4.42,5.0362,price_validation_failed,"ema_pullback, momentum_aligned, not_extended, room_to_target","confirmation_volume, trend_aligned",5.6,NEUTRAL,ema_pullback,,,150.0,100.0,23.45,17.7,48813.0,35369.0,0.725,41792.0,21180.0,21210.0,70.0,0.699,0.0,0.93,1.0,1.2,1.29,0.0,False,default,2.5,False,7,0.7,99.0,9.4e-05,8e-06,8.670095390626921e-08,3.3051590900639063e-24,43.341398,0,1,0.0,0.0,4,4,1,1,4,4,1,1,4,4,4,4,4,4,4,4,0.0,0.0,0.603742,0.246121,0.0,0.0,1.0,0.5180463435159021,0.5180463435159021,n/a,2026-08-07,2026-08-07,False,3.057292,,,,
TRMB,LONG,0.5065163738543761,5.065163738543761,6.76,5.6806,price_validation_failed,"momentum_aligned, not_extended, room_to_target, trend_aligned, trend_continuation",confirmation_volume,5.6,NEUTRAL,trend_continuation,,,65.0,50.0,9.15,16.04,20088.0,5434.0,0.271,10396.0,3419.0,11707.0,95.8,0.5,2.01,0.64,1.0,1.4,1.69,0.02,False,sustained_trend,5.0,False,1,1.0,99.0,8.9e-05,0.0,4.964686776107565e-08,0.0,100.06,0,0,0.0,0.0,4,4,1,1,4,4,1,1,4,4,4,4,4,4,4,4,0.0,0.0,0.291968,0.0,0.0,0.0,1.0,0.5065163738543761,0.5065163738543761,n/a,2026-08-07,2026-08-07,False,,,,,
SKHY,LONG,0.4959983849987829,4.959983849987829,3.37,4.651,price_validation_failed,"ema_pullback, not_extended, room_to_target","confirmation_volume, momentum_aligned, trend_aligned",5.8,NEGATIVE,ema_pullback,-11700768.87,,200.0,100.0,44.86,27.57,414224.0,597389.0,1.442,580745.0,147332.0,283536.0,0.0,0.842,0.0,0.64,1.0,1.2,0.38,0.15,False,default,2.5,False,10,1.0,99.0,2.4e-05,1e-06,345.5898046646409,11.221114090817238,56.988603,3,0,0.727678,0.0,4,4,2,2,4,4,2,2,4,4,4,4,4,4,4,4,0.0,0.0,0.219703,0.131624,0.0,0.0,1.0,0.4959983849987829,0.4959983849987829,n/a,2026-08-07,2026-08-07,False,1.619385,,,,
SIRI,LONG,0.48032600953460675,4.803260095346068,4.91,5.0746,price_validation_failed,"ema_pullback, not_extended, room_to_target, trend_aligned","confirmation_volume, momentum_aligned",6.0,POSITIVE,ema_pullback,14221855.02,,33.0,13.0,10.79,56.35,275394.0,98588.0,0.358,67176.0,155133.0,151673.0,29.4,0.322,1.56,0.77,0.97,1.2,0.29,0.11,False,default,2.5,False,1,1.0,99.0,6.3e-05,0.0,6.450579792791649,0.0,31.23155,0,0,0.0,0.0,4,4,1,1,4,4,1,1,4,4,4,4,4,4,4,4,0.0,0.0,0.295396,0.0,0.0,0.0,1.0,0.48032600953460675,0.48032600953460675,n/a,2026-08-07,2026-08-07,False,,,,,
AXTI,LONG,0.4759572706885498,4.759572706885498,7.21,5.5428,poor_rr (1.0:1),"confirmation_volume, momentum_aligned, not_extended, room_to_target, trend_aligned, volume_capitulation_reversal",none,5.0,POSITIVE,unknown,4099867.53,89.3,100.0,45.0,11.93,49.63,155516.0,104743.0,0.674,141419.0,19268.0,99572.0,14.0,1.381,2.01,0.16,1.0,1.4,1.99,0.65,False,consolidation_break,3.0,False,4,1.0,99.0,0.000281,0.000163,196320.72733833778,9.825543096091833e-05,7.253726,0,0,0.272995,0.0,4,4,1,1,4,4,1,1,4,4,4,4,4,4,4,4,1.4e-05,0.0,0.120043,0.284883,0.0,0.0,1.0,0.4759572706885498,0.4759572706885498,n/a,2026-08-07,2026-08-07,False,3.371053,89.34,78.62,100.0,0.99
TTWO,LONG,0.45797386927251765,4.579738692725177,6.22,5.2359,price_validation_failed,"confirmation_volume, momentum_aligned, not_extended, retest_and_confirm, trend_aligned",room_to_target,5.4,POSITIVE,retest_and_confirm,24725896.75,235.31,290.0,180.0,17.49,27.07,152480.0,90232.0,0.592,79223.0,71509.0,91980.0,63.0,0.429,1.52,0.71,0.0,1.4,1.84,0.75,False,default,2.5,False,1,1.0,99.0,0.000163,0.0,234770.01337419826,0.0,4.954082,0,0,0.0,0.0,4,4,1,1,4,4,1,1,4,4,4,4,4,4,4,4,3e-06,0.0,0.542599,0.0,0.0,0.0,1.0,0.45797386927251765,0.45797386927251765,n/a,2026-08-07,2026-08-07,False,,,,,
CROX,LONG,0.44707062037545475,4.470706203754547,5.33,5.1944,price_validation_failed,"momentum_aligned, not_extended, retest_and_confirm, trend_aligned","confirmation_volume, room_to_target",6.8,NEUTRAL,retest_and_confirm,,,145.0,120.0,5.46,12.72,21400.0,20271.0,0.947,7383.0,15053.0,19235.0,15.8,0.402,1.71,0.86,0.05,1.4,1.25,0.06,False,sustained_trend,5.0,False,1,0.7,99.0,0.00011,0.0,3.3148737011967614e-66,0.0,1.099217,0,0,0.0,0.0,4,4,1,1,4,4,1,1,4,4,4,4,4,4,4,4,0.0,0.0,0.59169,0.0,0.0,0.0,1.0,0.44707062037545475,0.44707062037545475,n/a,2026-08-07,2026-08-07,False,,,,,
RMBS,LONG,0.3941263597742643,3.941263597742643,5.24,5.0026,price_validation_failed,"momentum_aligned, not_extended, room_to_target, support_ema_confluence","confirmation_volume, trend_aligned",7.3,NEUTRAL,support_ema_confluence,,,150.0,100.0,48.36,1.09,31575.0,25918.0,0.821,35181.0,6458.0,15854.0,44.4,0.755,0.0,0.96,1.0,1.6,1.67,0.0,False,default,2.5,False,2,1.0,99.0,0.000114,0.0,4.3083937873743295e-05,0.0,2.518829,0,0,0.0,0.0,4,4,1,1,4,4,1,1,4,4,4,4,4,4,4,4,0.0,0.0,0.518296,0.0,0.0,0.0,1.0,0.3941263597742643,0.3941263597742643,n/a,2026-08-07,2026-08-07,False,,,,,
SMTC,LONG,0.390904309019998,3.90904309019998,4.86,4.5725,price_validation_failed,"consolidation_breakout, momentum_aligned, not_extended, room_to_target","confirmation_volume, trend_aligned",5.8,NEUTRAL,unknown,,,200.0,40.0,42.73,71.45,56097.0,44153.0,0.787,14558.0,29344.0,56348.0,76.4,0.97,0.0,0.67,1.0,1.2,1.77,0.21,False,consolidation_break,3.0,False,2,1.0,99.0,9.4e-05,0.0,0.001419507189170216,0.0,34.307692,0,0,0.422703,0.0,4,4,1,1,4,4,1,1,4,4,4,4,4,4,4,4,0.0,0.0,0.422505,0.0,0.0,0.0,1.0,0.390904309019998,0.390904309019998,n/a,2026-08-07,2026-08-07,False,,,,,
NBIS,LONG,0.35596521080550103,3.55965210805501,0.0,2.1358,weak_bullish_flow,none,none,,,unknown,,,,,,,,,,,,,,,,,,,,,,,,,7,1.0,0.5738872718699222,0.000367,0.000262,10.079613723815548,43.90938002062974,6.433115,1,1,0.56554,0.461318,4,4,1,1,4,4,1,1,4,4,4,4,4,4,4,4,0.0,0.0,0.002271,0.30014,0.0,0.0,,,,,,,False,4.764317,,,,
TQQQ,LONG,0.3466919189326608,3.4669191893266085,6.23,5.2025,price_validation_failed,"momentum_aligned, not_extended, room_to_target, support_ema_confluence, trend_aligned",confirmation_volume,8.0,NEGATIVE,support_ema_confluence,-386316.93,,80.0,60.0,7.47,19.4,894764.0,675698.0,0.755,647089.0,234275.0,689098.0,32.3,0.594,1.76,0.58,0.36,1.6,1.69,0.23,False,default,2.5,False,2,1.0,99.0,0.0,0.0,1188.8853516026752,0.0,16.381469,0,0,0.253582,0.0,4,4,3,3,4,4,3,3,4,4,4,4,4,4,4,4,0.0,0.0,0.258364,0.0,0.0,0.0,1.0,0.3466919189326608,0.3466919189326608,n/a,2026-08-07,2026-08-07,False,,,,,
MOD,LONG,0.34652448524722695,3.4652448524722694,2.12,3.8286,price_validation_failed,"not_extended, room_to_target","confirmation_volume, continuation_pattern, momentum_aligned, trend_aligned",7.3,NEUTRAL,unknown,,,300.0,160.0,54.03,17.85,21793.0,12227.0,0.561,22420.0,2500.0,9100.0,38.5,0.753,0.0,0.5,1.0,0.0,0.57,0.05,False,default,2.5,False,1,1.0,99.0,6e-05,0.0,0.0013609996220320646,0.0,5.641026,0,0,0.0,0.0,4,4,1,1,4,4,1,1,4,4,4,4,4,4,4,4,0.0,0.0,0.596226,0.0,0.0,0.0,1.0,0.34652448524722695,0.34652448524722695,n/a,2026-08-07,2026-08-07,False,,,,,
VRT,LONG,0.3382651966035837,3.3826519660358367,4.71,4.5243,price_validation_failed,"momentum_aligned, not_extended, room_to_target, trend_continuation","confirmation_volume, trend_aligned",7.1,NEGATIVE,trend_continuation,-1734108.95,271.88,340.0,210.0,25.09,22.74,229678.0,264833.0,1.153,175485.0,96618.0,222408.0,25.4,0.623,0.0,0.87,1.0,1.4,1.43,0.01,False,default,2.5,False,6,1.0,0.5288811982121465,5.2e-05,2.4e-05,1.201044527807742,4.541831064775251,8.407048,1,0,1.7e-05,1e-06,4,4,1,1,4,4,1,1,4,4,4,4,4,4,4,4,0.0,0.0,0.093623,0.625547,0.0,0.0,1.0,0.3382651966035837,0.3382651966035837,n/a,2026-08-07,2026-08-07,False,2.04077,,,,
DELL,LONG,0.33696746375825865,3.3696746375825866,5.21,3.9078,price_validation_failed,"momentum_aligned, not_extended, retest_and_confirm, trend_aligned","confirmation_volume, room_to_target",3.3,POSITIVE,retest_and_confirm,41279533.54,455.69,500.0,100.0,9.81,78.04,308978.0,375081.0,1.214,180811.0,157141.0,346107.0,97.9,0.904,1.64,0.67,0.0,1.4,1.36,0.14,False,default,2.5,False,4,1.0,0.013284645671033475,1.4e-05,4e-06,8.075470379411692,1823.6399929777272,2.068509,1,1,0.633119,0.0,4,4,1,1,4,4,1,1,4,4,4,4,4,4,4,4,0.0,0.0,0.00493,0.253174,0.0,0.0,1.0,0.33696746375825865,0.33696746375825865,n/a,2026-08-07,2026-08-07,False,2.182432,,,,
ADBE,LONG,0.32845032630263077,3.284503263026308,0.0,1.9707,weak_bullish_flow,none,none,,,unknown,,,,,,,,,,,,,,,,,,,,,,,,,6,1.0,0.04214953294353284,2e-05,9e-05,75846.75717559307,1799468.508398514,1.8774,0,1,0.325955,0.145067,4,4,1,1,4,4,1,1,4,4,4,4,4,4,4,4,0.0,6e-06,0.182471,0.121385,0.0,0.0,,,,,,,False,34.334119,,,,
ECHO,LONG,0.324964507484811,3.24964507484811,5.07,4.5858,price_validation_failed,"momentum_aligned, not_extended, retest_and_confirm, room_to_target","confirmation_volume, trend_aligned",7.2,NEGATIVE,retest_and_confirm,-3517640.17,89.96,150.0,85.0,66.8,5.48,416684.0,212128.0,0.509,117453.0,155308.0,356051.0,0.0,0.525,0.0,0.94,1.0,1.4,1.56,0.16,False,default,2.5,False,2,0.7,1.8668880780163537,4.6e-05,2.5e-05,9.578061893025098e-23,5.1304960408779233e-23,46.692308,1,1,0.0,0.0,4,4,1,1,4,4,1,1,4,4,4,4,4,4,4,4,0.0,0.0,0.620005,0.646715,0.0,0.0,1.0,0.324964507484811,0.324964507484811,n/a,2026-08-07,2026-08-07,False,175.0,,,,
CIEN,LONG,0.32102980867464787,3.2102980867464788,5.23,4.2541,price_validation_failed,"momentum_aligned, not_extended, room_to_target, support_ema_confluence","confirmation_volume, trend_aligned",5.4,NEUTRAL,support_ema_confluence,,,600.0,350.0,45.95,14.86,52955.0,40761.0,0.77,42037.0,15124.0,36555.0,75.2,0.931,0.0,0.89,1.0,1.6,1.56,0.18,False,default,2.5,False,1,1.0,99.0,1.6e-05,0.0,862782.2424025149,0.0,3.072289,0,0,0.0,0.0,4,4,1,1,4,4,1,1,4,4,4,4,4,4,4,4,1e-05,0.0,0.686287,0.0,0.0,0.0,1.0,0.32102980867464787,0.32102980867464787,n/a,2026-08-07,2026-08-07,False,,,,,
MSTR,LONG,0.31752723048070614,3.1752723048070615,5.48,4.3716,price_validation_failed,"confirmation_volume, flag_breakout, momentum_aligned, not_extended, room_to_target",trend_aligned,5.7,NEGATIVE,flag_breakout,-17380457.28,,100.0,50.0,0.34,49.83,1444389.0,1264584.0,0.876,1024087.0,493017.0,1191869.0,38.8,0.709,0.0,0.9,1.0,1.6,1.2,0.79,False,consolidation_break,3.0,False,2,1.0,99.0,0.000122,0.0,269.54119039328197,0.0,7.609832,0,0,0.480151,0.0,4,4,1,1,4,4,1,1,4,4,4,4,4,4,4,4,0.0,0.0,0.023456,0.0,0.0,0.0,1.0,0.31752723048070614,0.31752723048070614,n/a,2026-08-07,2026-08-07,False,,,,,
CRCL,LONG,0.3162349081876904,3.1623490818769042,0.0,1.8974,weak_bullish_flow,none,none,,,unknown,,,,,,,,,,,,,,,,,,,,,,,,,3,1.0,99.0,4.4e-05,5e-05,48.26987821717255,1.011951329709988e-05,3.740974,1,1,0.474828,0.0,4,4,1,1,4,4,1,1,4,4,4,4,4,4,4,4,0.0,0.0,0.007829,0.076538,0.0,0.0,,,,,,,False,2.689819,,,,
WULF,LONG,0.3147092250734705,3.1470922507347048,1.2,3.3735,price_validation_failed,"confirmation_volume, not_extended","continuation_pattern, momentum_aligned, room_to_target, trend_aligned",7.2,NEGATIVE,unknown,-1247151.12,17.0,30.0,15.0,76.52,11.74,1876648.0,759277.0,0.405,962725.0,448711.0,1224489.0,10.4,0.886,0.0,0.6,0.04,0.0,0.18,0.38,False,default,2.5,False,3,1.0,4.798507462686567,0.000366,7.6e-05,14.684199209265167,6.1203194215910806,5.083978,0,0,0.090202,0.0,4,4,1,1,4,4,1,1,4,4,4,4,4,4,4,4,0.0,0.0,0.153755,0.001588,0.0,0.0,1.0,0.3147092250734705,0.3147092250734705,n/a,2026-08-07,2026-08-07,False,2.168219,,,,
LEU,LONG,0.3072266034192876,3.072266034192876,0.0,1.8434,weak_bullish_flow,none,none,,,unknown,,,,,,,,,,,,,,,,,,,,,,,,,2,1.0,8.625091680228918e-38,0.000165,0.000165,9.638354348982406e-41,0.0011174784809622562,4.032922,0,0,0.0,0.0,4,4,1,1,4,4,1,1,4,4,4,4,4,4,4,4,0.0,0.0,0.00692,0.386102,0.0,0.0,,,,,,,False,94.666667,,,,
RKLB,LONG,0.3028988783886273,3.028988783886273,5.33,4.7535,price_validation_failed,"confirmation_volume, momentum_aligned, not_extended, retest_and_confirm, room_to_target",trend_aligned,8.2,NEGATIVE,retest_and_confirm,-373729.94,82.33,90.0,60.0,9.36,27.09,698026.0,453620.0,0.65,337935.0,161139.0,652572.0,58.5,0.954,0.0,0.6,1.0,1.4,1.91,0.43,False,consolidation_break,3.0,False,5,1.0,0.6788479124893184,5e-05,2.7e-05,315.7759804271862,697.7468176986289,13.696351,1,0,0.015528,0.0,4,4,1,1,4,4,1,1,4,4,4,4,4,4,4,4,0.0,0.0,0.006469,0.161584,0.0,0.0,1.0,0.3028988783886273,0.3028988783886273,n/a,2026-08-07,2026-08-07,False,1.470357,,,,
OSCR,LONG,0.2948778238065405,2.9487782380654046,4.37,3.8654,price_validation_failed,"confirmation_volume, ema_pullback, momentum_aligned, not_extended, room_to_target",trend_aligned,5.4,POSITIVE,ema_pullback,982038.46,27.82,40.0,25.0,43.81,10.12,374100.0,164021.0,0.438,106175.0,58386.0,373560.0,21.7,0.674,0.0,0.63,0.94,1.2,0.84,0.77,False,default,2.5,False,1,1.0,99.0,4.3e-05,0.0,4.71033701616893e-05,0.0,82.571429,0,0,0.0,0.0,4,4,1,1,4,4,1,1,4,4,4,4,4,4,4,4,0.0,0.0,0.604028,0.0,0.0,0.0,1.0,0.2948778238065405,0.2948778238065405,n/a,2026-08-07,2026-08-07,False,,,,,
RGTI,LONG,0.2933778398643957,2.933778398643957,5.4,4.0469,price_validation_failed,"confirmation_volume, momentum_aligned, not_extended, retest_and_confirm, room_to_target",trend_aligned,4.8,POSITIVE,retest_and_confirm,2827106.2,17.82,20.0,17.0,12.3,4.55,401850.0,303816.0,0.756,254874.0,153616.0,297176.0,16.7,0.904,0.0,0.59,1.0,1.4,1.97,0.44,False,consolidation_break,3.0,False,1,1.0,99.0,0.000261,0.0,0.00017906137823969174,0.0,2.429676,0,0,0.0,0.0,4,4,1,1,4,4,1,1,4,4,4,4,4,4,4,4,0.0,0.0,0.590349,0.0,0.0,0.0,1.0,0.2933778398643957,0.2933778398643957,n/a,2026-08-07,2026-08-07,False,,,,,
CORZ,LONG,0.2927448008662141,2.9274480086621413,3.67,3.5247,price_validation_failed,"momentum_aligned, not_extended, room_to_target, support_ema_confluence","confirmation_volume, trend_aligned",4.8,POSITIVE,support_ema_confluence,8159072.81,21.02,30.0,19.0,42.65,9.65,1077141.0,538908.0,0.5,444642.0,577430.0,593977.0,5.8,0.755,0.0,0.77,0.63,1.6,0.63,0.04,False,default,2.5,False,1,1.0,99.0,0.000161,0.0,8.603857474263332,0.0,1.026278,0,0,0.0,0.0,4,4,1,1,4,4,1,1,4,4,4,4,4,4,4,4,0.0,0.0,0.116432,0.0,0.0,0.0,1.0,0.2927448008662141,0.2927448008662141,n/a,2026-08-07,2026-08-07,False,,,,,
ON,LONG,0.28986664485322033,2.8986664485322033,3.91,4.1623,price_validation_failed,"bounce_and_fail, momentum_aligned, not_extended, room_to_target","confirmation_volume, trend_aligned",7.7,NEGATIVE,bounce_and_fail,-659032.28,81.03,145.0,80.0,78.89,1.3,180683.0,157046.0,0.869,103567.0,94409.0,139753.0,58.0,0.627,0.0,0.66,1.0,1.0,1.22,0.03,False,default,2.5,False,1,1.0,99.0,4e-05,0.0,10.488804865300175,0.0,3.32967,0,0,0.0,0.0,4,4,1,1,4,4,1,1,4,4,4,4,4,4,4,4,0.0,0.0,0.133077,0.0,0.0,0.0,1.0,0.28986664485322033,0.28986664485322033,n/a,2026-08-07,2026-08-07,False,,,,,
SNDK,LONG,0.28676515647774037,2.867651564777404,2.35,3.3588,price_validation_failed,"not_extended, room_to_target","confirmation_volume, continuation_pattern, momentum_aligned, trend_aligned",6.1,NEGATIVE,unknown,-104099339.94,,2000.0,800.0,64.46,34.22,487785.0,570556.0,1.17,419525.0,124253.0,514563.0,8.2,0.919,0.0,0.59,1.0,0.0,0.58,0.18,False,default,2.5,False,1,1.0,99.0,1.3e-05,0.0,2377218.0371741257,0.0,2.694118,0,0,0.0,0.0,4,4,1,1,4,4,1,1,4,4,4,4,4,4,4,4,3e-06,0.0,0.237624,0.0,0.0,0.0,1.0,0.28676515647774037,0.28676515647774037,n/a,2026-08-07,2026-08-07,False,,,,,
W,LONG,0.2837168273035199,2.837168273035199,0.0,1.7023,weak_bullish_flow,none,none,,,unknown,,,,,,,,,,,,,,,,,,,,,,,,,3,0.7,4.393315955980095,2.3e-05,0.000128,1031.037082344327,117.34155848054812,13.076923,0,0,0.0,0.451011,4,4,1,1,4,4,1,1,4,4,4,4,4,4,4,4,0.0,0.0,0.511184,0.373467,0.0,0.0,,,,,,,False,3.226131,,,,
QQQ,LONG,0.2759112375314326,2.759112375314326,6.55,4.8646,price_validation_failed,"momentum_aligned, not_extended, room_to_target, support_ema_confluence, trend_aligned",confirmation_volume,7.6,NEGATIVE,support_ema_confluence,-2564909181.68,,800.0,660.0,10.67,8.7,5271027.0,6357143.0,1.206,3774717.0,2691181.0,5162272.0,31.7,0.204,1.87,0.75,0.49,1.6,1.74,0.1,False,sustained_trend,5.0,False,2,1.0,99.0,1e-06,0.0,13034.386794083448,0.0,50.0,0,0,0.475735,0.0,4,4,1,1,4,4,1,1,4,4,4,4,4,4,4,4,0.0,0.0,0.575533,0.0,0.0,0.0,1.0,0.2759112375314326,0.2759112375314326,n/a,2026-08-07,2026-08-07,False,,,,,
SNOW,LONG,0.2748056335712057,2.748056335712057,7.65,4.969,poor_rr (0.5:1),"confirmation_volume, momentum_aligned, not_extended, room_to_target, trend_aligned, trend_continuation",none,6.5,NEGATIVE,trend_continuation,-2034858.62,,350.0,160.0,6.26,51.42,292320.0,268830.0,0.92,132660.0,72883.0,355607.0,79.8,0.754,2.55,0.46,1.0,1.4,1.89,0.34,False,sustained_trend,5.0,False,1,1.0,99.0,3e-06,0.0,336303.17286870047,0.0,41.5,0,0,0.0,0.0,4,4,1,1,4,4,1,1,4,4,4,4,4,4,4,4,2e-06,0.0,0.497871,0.0,0.0,0.0,1.0,0.2748056335712057,0.2748056335712057,n/a,2026-08-07,2026-08-07,False,,329.38,289.85,350.0,0.52
QBTS,LONG,0.2710094994565398,2.710094994565398,0.0,1.6261,weak_bullish_flow,none,none,,,unknown,,,,,,,,,,,,,,,,,,,,,,,,,2,1.0,1.1627441753630375e-27,6.2e-05,0.000108,4.063706076659007e-47,3.494927055119599e-20,4.716599,0,1,0.0,0.0,4,4,1,1,4,4,1,1,4,4,4,4,4,4,4,4,0.0,0.0,0.498867,0.477944,0.0,0.0,,,,,,,False,9.91658,,,,
CRWD,LONG,0.27082615175958835,2.7082615175958837,0.0,1.625,weak_bullish_flow,none,none,,,unknown,,,,,,,,,,,,,,,,,,,,,,,,,3,1.0,4.411376290836775e-10,3e-06,5e-06,2.63765266321939e-07,298.9602891843834,1.205021,1,0,0.0,0.010096,4,4,1,1,4,4,1,1,4,4,4,4,4,4,4,4,0.0,0.0,0.222719,0.387645,0.0,0.0,,,,,,,False,3.227629,,,,
CDE,LONG,0.2700813817509997,2.700813817509997,6.83,4.2194,price_validation_failed,"confirmation_volume, momentum_aligned, not_extended, room_to_target, support_ema_confluence, trend_aligned",none,4.1,POSITIVE,support_ema_confluence,4862475.26,,20.0,15.0,14.65,14.02,389723.0,126123.0,0.324,141385.0,70157.0,304304.0,0.2,0.638,1.58,0.43,0.7,1.6,1.89,0.63,False,default,2.5,False,2,0.7,99.0,3.6e-05,1.9e-05,72.61856974805515,6.233247586342524e-51,1.208472,0,0,0.0,0.0,4,4,1,1,4,4,1,1,4,4,4,4,4,4,4,4,0.0,0.0,0.062137,0.49414,0.0,0.0,1.0,0.2700813817509997,0.2700813817509997,n/a,2026-08-07,2026-08-07,False,1.370798,,,,
NOW,LONG,0.26867753425699215,2.6867753425699217,0.0,1.6121,weak_bullish_flow,none,none,,,unknown,,,,,,,,,,,,,,,,,,,,,,,,,2,1.0,1.9635886114614643e-08,2e-06,1e-05,1.7606593673289837e-07,8.966538902558392,1.818627,0,0,0.0,0.0,4,4,1,1,4,4,1,1,4,4,4,4,4,4,4,4,0.0,0.0,0.681432,0.698908,0.0,0.0,,,,,,,False,1.001305,,,,
APLD,LONG,0.2675702373383405,2.6757023733834053,4.32,3.4339,price_validation_failed,"ema_pullback, momentum_aligned, not_extended, room_to_target","confirmation_volume, trend_aligned",4.0,POSITIVE,ema_pullback,2297637.42,29.31,35.0,25.0,19.25,14.82,538552.0,214741.0,0.399,181208.0,153831.0,418254.0,0.2,0.915,0.0,0.96,1.0,1.2,1.13,0.02,False,default,2.5,False,1,1.0,99.0,9.4e-05,0.0,6.119587122819428,0.0,2.620968,1,0,0.0,0.0,4,4,1,1,4,4,1,1,4,4,4,4,4,4,4,4,0.0,0.0,0.191348,0.0,0.0,0.0,1.0,0.2675702373383405,0.2675702373383405,n/a,2026-08-07,2026-08-07,False,,,,,
WDC,LONG,0.26380869189585693,2.638086918958569,3.6,3.799,price_validation_failed,"confirmation_volume, not_extended, pullback_to_support, room_to_target","momentum_aligned, trend_aligned",7.0,NEGATIVE,pullback_to_support,-52897568.48,433.66,700.0,90.0,61.41,79.25,211831.0,282793.0,1.335,189079.0,87486.0,218059.0,19.7,0.789,0.0,0.4,0.95,1.4,0.33,0.52,False,default,2.5,False,2,0.7,99.0,3e-06,0.0,226334.1754319136,0.0,3.479452,0,0,0.499617,0.0,4,4,1,1,4,4,1,1,4,4,4,4,4,4,4,4,1e-06,0.0,0.259552,0.0,0.0,0.0,1.0,0.26380869189585693,0.26380869189585693,n/a,2026-08-07,2026-08-07,False,,,,,
UNH,LONG,0.25854274577763164,2.5854274577763166,3.73,3.1917,price_validation_failed,"ema_pullback, momentum_aligned, not_extended, room_to_target","confirmation_volume, trend_aligned",3.9,POSITIVE,ema_pullback,176761428.56,406.59,500.0,200.0,22.94,50.82,536663.0,472145.0,0.88,222852.0,162671.0,623285.0,7.6,0.277,0.0,0.68,1.0,1.2,0.83,0.02,False,default,2.5,False,3,0.7,99.0,2e-06,1e-06,0.00033059248660080457,3.322300184410968e-12,1.953551,0,0,0.000302,0.0,4,4,1,1,4,4,1,1,4,4,4,4,4,4,4,4,0.0,0.0,0.247702,0.452192,0.0,0.0,1.0,0.25854274577763164,0.25854274577763164,n/a,2026-08-07,2026-08-07,False,1.157343,,,,
BE,LONG,0.2535367274751685,2.535367274751685,4.4,4.0277,price_validation_failed,"ema_pullback, momentum_aligned, not_extended, room_to_target","confirmation_volume, trend_aligned",7.2,NEGATIVE,ema_pullback,-2110365.84,220.96,350.0,130.0,58.45,41.15,550807.0,633084.0,1.149,537366.0,227930.0,418595.0,24.2,1.055,0.0,0.99,1.0,1.2,1.02,0.18,False,default,2.5,False,1,0.7,99.0,8e-06,0.0,441996.5709393084,0.0,1.45977,0,0,0.0,0.0,4,4,1,1,4,4,1,1,4,4,4,4,4,4,4,4,3e-06,0.0,0.426065,0.0,0.0,0.0,1.0,0.2535367274751685,0.2535367274751685,n/a,2026-08-07,2026-08-07,False,,,,,
ZS,LONG,0.24970244291772972,2.4970244291772974,7.05,4.3835,poor_rr (1.5:1),"momentum_aligned, not_extended, room_to_target, trend_aligned, trend_continuation",confirmation_volume,5.1,NEUTRAL,trend_continuation,,,200.0,120.0,18.46,28.93,132167.0,104448.0,0.79,83513.0,32189.0,120913.0,84.0,0.736,2.04,0.58,0.97,1.4,1.91,0.15,False,sustained_trend,5.0,False,2,0.7,99.0,2.4e-05,1.3e-05,35384.569982353365,4.288032300631846e-06,2.291429,0,0,0.0,0.0,4,4,1,1,4,4,1,1,4,4,4,4,4,4,4,4,0.0,0.0,0.3048,0.18483,0.0,0.0,1.0,0.24970244291772972,0.24970244291772972,n/a,2026-08-07,2026-08-07,False,5.333333,168.84,148.58,200.0,1.54
META,LONG,0.24732788276732912,2.4732788276732913,5.07,3.9576,price_validation_failed,"momentum_aligned, not_extended, retest_and_confirm, room_to_target","confirmation_volume, trend_aligned",6.0,POSITIVE,retest_and_confirm,433462305.67,595.34,750.0,500.0,26.04,15.97,2266486.0,989957.0,0.437,735109.0,608924.0,1912410.0,53.8,0.35,0.0,0.96,1.0,1.4,1.71,0.0,False,default,2.5,False,2,1.0,99.0,3e-06,0.0,48.15427401978487,0.0009466607003175294,1.665301,0,0,0.0,0.0,4,4,1,1,4,4,1,1,4,4,4,4,4,4,4,4,0.0,0.0,0.513159,0.282872,0.0,0.0,1.0,0.24732788276732912,0.24732788276732912,n/a,2026-08-07,2026-08-07,False,2.288,,,,
EWY,LONG,0.2453090097762244,2.453090097762244,4.51,4.1395,price_validation_failed,"ema_pullback, momentum_aligned, not_extended, room_to_target","confirmation_volume, trend_aligned",7.8,NEGATIVE,ema_pullback,-17757208.98,,220.0,120.0,32.69,27.62,648125.0,748712.0,1.155,644067.0,316951.0,435819.0,50.9,0.595,0.0,0.93,1.0,1.2,1.36,0.01,False,default,2.5,False,1,1.0,99.0,2.4e-05,0.0,95.0008296814173,0.0,13.360656,0,0,0.0,0.0,4,4,1,1,4,4,1,1,4,4,4,4,4,4,4,4,0.0,0.0,0.1467,0.0,0.0,0.0,1.0,0.2453090097762244,0.2453090097762244,n/a,2026-08-07,2026-08-07,False,,,,,
IREN,LONG,0.24395730348974437,2.439573034897444,0.0,1.4637,weak_bullish_flow,none,none,,,unknown,,,,,,,,,,,,,,,,,,,,,,,,,6,1.0,8.26373979351565e-07,7.3e-05,0.001277,0.00012114894950296653,29.320610892910516,3.320542,0,1,0.0,0.691409,4,4,1,1,4,4,1,1,4,4,4,4,4,4,4,4,0.0,0.0,0.0944,0.447851,0.0,0.0,,,,,,,False,7.507679,,,,
NET,LONG,0.2408099204467221,2.408099204467221,6.25,4.359,price_validation_failed,"confirmation_volume, momentum_aligned, not_extended, trend_aligned, trend_continuation",room_to_target,6.4,NEUTRAL,trend_continuation,,,320.0,250.0,5.88,17.28,125135.0,120976.0,0.967,103812.0,50480.0,91819.0,26.0,0.571,2.08,0.69,0.0,1.4,1.08,1.0,False,sustained_trend,5.0,False,1,0.7,99.0,1e-05,0.0,13.270015331098733,0.0,1.769231,0,0,0.0,0.0,4,4,1,1,4,4,1,1,4,4,4,4,4,4,4,4,0.0,0.0,0.164161,0.0,0.0,0.0,1.0,0.2408099204467221,0.2408099204467221,n/a,2026-08-07,2026-08-07,False,,,,,
XYZ,LONG,0.23404638244118617,2.3404638244118616,5.32,4.1062,price_validation_failed,"not_extended, room_to_target, trend_aligned, trend_continuation","confirmation_volume, momentum_aligned",6.7,NEGATIVE,trend_continuation,-7726528.95,78.88,95.0,70.0,20.5,11.21,349280.0,212934.0,0.61,173135.0,88546.0,300533.0,3.8,0.392,1.76,0.81,0.89,1.4,0.21,0.25,False,default,2.5,False,1,0.7,99.0,9e-06,0.0,6.534475154663482e-05,0.0,5.353261,0,0,0.0,0.0,4,4,1,1,4,4,1,1,4,4,4,4,4,4,4,4,0.0,0.0,0.413814,0.0,0.0,0.0,1.0,0.23404638244118617,0.23404638244118617,n/a,2026-08-07,2026-08-07,False,,,,,
SOXX,LONG,0.1571982091628431,1.571982091628431,5.29,2.673,price_validation_failed,"momentum_aligned, not_extended, room_to_target, support_ema_confluence","confirmation_volume, trend_aligned",1.5,POSITIVE,support_ema_confluence,2491067.03,541.87,550.0,500.0,1.48,7.75,243473.0,337057.0,1.384,293151.0,108807.0,178572.0,72.3,0.517,0.0,0.88,1.0,1.6,1.81,0.0,False,default,2.5,False,2,1.0,99.0,0.000129,0.0,492.001176137417,0.0,,0,0,0.384392,0.0,4,4,1,1,4,4,1,1,4,4,4,4,4,4,4,4,0.0,0.0,0.063989,0.0,0.0,0.0,1.0,0.1571982091628431,0.1571982091628431,n/a,2026-08-07,2026-08-07,False,,,,,
PVLA,SHORT,0.5065163738543761,5.065163738543761,2.78,4.3266,price_validation_failed,"bounce_and_fail, not_extended, room_to_target","confirmation_volume, momentum_aligned, trend_aligned",4.8,NEUTRAL,bounce_and_fail,,,165.0,100.0,3.98,36.98,2372.0,442.0,0.186,2172.0,45.0,597.0,0.0,0.554,0.0,0.5,1.0,1.0,0.14,0.14,False,default,2.5,False,1,1.0,0.0,0.0,0.00016,0.0,4.677379949157667e-23,,0,0,0.0,0.0,4,4,1,1,4,4,1,1,4,4,4,4,4,4,4,4,0.0,0.0,0.0,0.274187,0.0,0.0,1.0,0.5065163738543761,0.5065163738543761,n/a,2026-08-07,2026-08-07,False,1000.0,,,,
TARS,SHORT,0.4808020881400903,4.808020881400903,3.31,4.637,price_validation_failed,"ema_rally, momentum_aligned, not_extended, room_to_target","confirmation_volume, trend_aligned",6.2,NEUTRAL,ema_rally,,,65.0,55.0,0.73,14.77,5383.0,10883.0,2.022,4685.0,10370.0,1211.0,3.3,0.481,0.0,0.59,0.7,1.2,0.67,0.16,False,default,2.5,False,1,0.7,0.0,0.0,0.000508,0.0,2.542261157990308e-33,,0,0,0.0,0.0,4,4,1,1,4,4,1,1,4,4,4,4,4,4,4,4,0.0,0.0,0.0,0.548694,0.0,0.0,1.0,0.4808020881400903,0.4808020881400903,n/a,2026-08-07,2026-08-07,False,3000.0,,,,
WRBY,SHORT,0.4695352541226895,4.695352541226895,5.33,4.9467,price_validation_failed,"confirmation_volume, momentum_aligned, not_extended, resistance_ema_confluence, room_to_target",trend_aligned,5.0,NEUTRAL,resistance_ema_confluence,,,45.0,22.5,69.33,15.33,79546.0,23143.0,0.291,28442.0,15219.0,59028.0,15.0,0.635,0.0,0.92,0.67,1.6,1.35,0.78,False,default,2.5,False,1,0.7,0.0,0.0,0.000178,0.0,1.858942060647581e-55,,0,0,0.0,0.0,4,4,1,1,4,4,1,1,4,4,4,4,4,4,4,4,0.0,0.0,0.0,0.233219,0.0,0.0,1.0,0.4695352541226895,0.4695352541226895,n/a,2026-08-07,2026-08-07,False,6.103659,,,,
ONTO,SHORT,0.45630998963195524,4.563099896319552,3.68,4.4255,price_validation_failed,"confirmation_volume, not_extended, resistance_ema_confluence, room_to_target","momentum_aligned, trend_aligned",5.2,NEUTRAL,resistance_ema_confluence,,,450.0,240.0,46.82,21.7,13544.0,5958.0,0.44,7033.0,5924.0,6545.0,70.0,0.797,0.0,0.6,0.53,1.6,0.22,0.73,False,default,2.5,False,1,1.0,0.0,0.0,5.8e-05,0.0,399153.0317765037,,0,0,0.0,0.0,4,4,1,1,4,4,1,1,4,4,4,4,4,4,4,4,0.0,1.7e-05,0.0,0.562028,0.0,0.0,1.0,0.45630998963195524,0.45630998963195524,n/a,2026-08-07,2026-08-07,False,3.862069,,,,
OKLO,SHORT,0.44940799911291557,4.494079991129156,5.65,4.762,price_validation_failed,"confirmation_volume, not_extended, room_to_target, trend_aligned, trend_continuation",momentum_aligned,4.1,POSITIVE,trend_continuation,2595172.08,48.71,90.0,40.0,84.69,17.92,432131.0,261663.0,0.606,194755.0,115022.0,384017.0,12.9,0.882,1.65,0.49,1.0,1.4,0.13,0.98,False,default,2.5,False,2,1.0,0.0,0.0,0.000179,0.0,545560.5638068772,,0,0,0.0,0.432179,4,4,1,1,4,4,1,1,4,4,4,4,4,4,4,4,0.0,0.000109,0.0,0.730927,0.0,0.0,1.0,0.44940799911291557,0.44940799911291557,n/a,2026-08-07,2026-08-07,False,2.028266,,,,
TWLO,SHORT,0.44323194217598916,4.432319421759892,2.34,4.2982,price_validation_failed,"confirmation_volume, room_to_target","continuation_pattern, momentum_aligned, not_extended, trend_aligned",6.9,NEUTRAL,unknown,,,250.0,185.0,2.82,23.92,57490.0,39548.0,0.688,42465.0,18048.0,36525.0,44.3,0.545,0.0,0.0,1.0,0.0,0.34,1.0,True,default,2.5,False,2,1.0,0.0,0.0,4.9e-05,0.0,424102.7984553921,,0,0,0.0,0.447198,4,4,1,1,4,4,1,1,4,4,4,4,4,4,4,4,0.0,1.6e-05,0.0,0.555205,0.0,0.0,1.0,0.44323194217598916,0.44323194217598916,n/a,2026-08-07,2026-08-07,False,2.541697,,,,
ADBE,SHORT,0.42506729501454243,4.250672950145424,1.67,3.4863,price_validation_failed,"not_extended, room_to_target","confirmation_volume, continuation_pattern, momentum_aligned, trend_aligned",4.3,POSITIVE,unknown,80851837.43,265.49,300.0,250.0,12.99,5.85,465414.0,231849.0,0.498,173988.0,139153.0,384122.0,68.2,0.491,0.0,0.23,0.91,0.0,0.38,0.14,False,default,2.5,False,6,1.0,0.04214953294353284,2e-05,9e-05,75846.75717559307,1799468.508398514,1.8774,0,1,0.325955,0.145067,4,4,1,1,4,4,1,1,4,4,4,4,4,4,4,4,0.0,6e-06,0.182471,0.121385,0.0,0.0,1.0,0.42506729501454243,0.42506729501454243,n/a,2026-08-07,2026-08-07,False,34.334119,,,,
MNST,SHORT,0.4210387802587215,4.210387802587215,4.87,4.7662,price_validation_failed,"confirmation_volume, momentum_aligned, not_extended, retest_and_confirm, room_to_target",trend_aligned,6.0,NEUTRAL,retest_and_confirm,,,110.0,85.0,21.01,6.49,40140.0,33438.0,0.833,24136.0,18915.0,30527.0,21.1,0.232,0.0,0.43,1.0,1.4,1.64,0.4,False,consolidation_break,3.0,False,1,1.0,0.0,0.0,6e-06,0.0,3.381598881190533e-24,,0,0,0.0,0.0,4,4,1,1,4,4,1,1,4,4,4,4,4,4,4,4,0.0,0.0,0.0,0.787003,0.0,0.0,1.0,0.4210387802587215,0.4210387802587215,n/a,2026-08-07,2026-08-07,False,1.918367,,,,
AKAM,SHORT,0.4143041940708948,4.143041940708948,6.59,5.4485,price_validation_failed,"confirmation_volume, engulfing_at_resistance, momentum_aligned, not_extended, trend_aligned",room_to_target,7.0,NEUTRAL,unknown,,,115.0,100.0,3.66,9.86,149667.0,84208.0,0.563,68342.0,27242.0,138291.0,42.1,0.513,1.56,0.54,0.0,1.6,1.88,1.0,False,default,2.5,False,1,0.7,0.0,0.0,3.6e-05,0.0,607507.2606180729,,0,0,0.0,0.0,4,4,1,1,4,4,1,1,4,4,4,4,4,4,4,4,0.0,2.2e-05,0.0,0.624243,0.0,0.0,1.0,0.4143041940708948,0.4143041940708948,n/a,2026-08-07,2026-08-07,False,10.8125,,,,
IREN,SHORT,0.40461438793758486,4.046143879375848,5.18,5.2171,price_validation_failed,"not_extended, room_to_target, trend_aligned, trend_continuation","confirmation_volume, momentum_aligned",8.2,NEGATIVE,trend_continuation,-13814113.33,,110.0,30.0,168.57,26.75,1380356.0,1443018.0,1.045,958068.0,434305.0,1431001.0,50.0,1.059,1.73,0.85,0.78,1.4,0.38,0.04,False,default,2.5,False,6,1.0,8.26373979351565e-07,7.3e-05,0.001277,0.00012114894950296653,29.320610892910516,3.320542,0,1,0.0,0.691409,4,4,1,1,4,4,1,1,4,4,4,4,4,4,4,4,0.0,0.0,0.0944,0.447851,0.0,0.0,1.0,0.40461438793758486,0.40461438793758486,n/a,2026-08-07,2026-08-07,False,7.507679,,,,
ARGX,SHORT,0.4009047740383654,4.009047740383654,4.32,4.2205,price_validation_failed,"momentum_aligned, not_extended, retest_and_confirm, room_to_target","confirmation_volume, trend_aligned",4.6,NEUTRAL,retest_and_confirm,,,900.0,800.0,3.9,7.64,4519.0,2992.0,0.662,2713.0,1224.0,3574.0,96.9,0.431,0.0,0.93,1.0,1.4,0.82,0.17,False,default,2.5,False,2,1.0,0.0,0.0,2.1e-05,0.0,0.0010332452601499475,,0,0,0.0,0.0,4,4,1,1,4,4,1,1,4,4,4,4,4,4,4,4,0.0,0.0,0.0,0.718453,0.0,0.0,1.0,0.4009047740383654,0.4009047740383654,n/a,2026-08-07,2026-08-07,False,,,,,
W,SHORT,0.3872287356794536,3.872287356794536,1.97,3.6871,price_validation_failed,"momentum_aligned, not_extended, room_to_target","confirmation_volume, continuation_pattern, trend_aligned",5.8,NEUTRAL,unknown,,,125.0,70.0,16.76,34.62,93984.0,113991.0,1.213,62097.0,24860.0,121018.0,13.4,0.567,0.0,0.27,1.0,0.0,0.67,0.03,False,default,2.5,False,3,0.7,4.393315955980095,2.3e-05,0.000128,1031.037082344327,117.34155848054812,13.076923,0,0,0.0,0.451011,4,4,1,1,4,4,1,1,4,4,4,4,4,4,4,4,0.0,0.0,0.511184,0.373467,0.0,0.0,1.0,0.3872287356794536,0.3872287356794536,n/a,2026-08-07,2026-08-07,False,3.226131,,,,
AEM,SHORT,0.37744486483548806,3.7744486483548805,0.91,3.6202,price_validation_failed,confirmation_volume,"continuation_pattern, momentum_aligned, not_extended, room_to_target, trend_aligned",7.3,NEUTRAL,unknown,,,220.0,150.0,22.9,16.21,100809.0,64933.0,0.644,32480.0,32896.0,100366.0,34.5,0.446,0.0,0.0,0.07,0.0,0.12,0.71,True,default,2.5,False,1,1.0,0.0,0.0,2e-05,0.0,873714.5454945612,,0,0,0.0,0.0,4,4,1,1,4,4,1,1,4,4,4,4,4,4,4,4,0.0,6e-06,0.0,0.561609,0.0,0.0,1.0,0.37744486483548806,0.37744486483548806,n/a,2026-08-07,2026-08-07,False,24.857143,,,,
ZM,SHORT,0.36429597891797905,3.6429597891797902,1.5,3.1515,price_validation_failed,room_to_target,"confirmation_volume, continuation_pattern, momentum_aligned, not_extended, trend_aligned",4.4,POSITIVE,unknown,7977435.32,104.52,110.0,80.0,5.3,23.42,223270.0,101820.0,0.456,68400.0,71777.0,184913.0,77.0,0.542,0.0,0.0,1.0,0.0,0.24,0.26,True,default,2.5,False,1,1.0,0.0,0.0,1.9e-05,0.0,507489.25362409925,,0,0,0.0,0.0,4,4,1,1,4,4,1,1,4,4,4,4,4,4,4,4,0.0,9e-06,0.0,0.496218,0.0,0.0,1.0,0.36429597891797905,0.36429597891797905,n/a,2026-08-07,2026-08-07,False,5.962687,,,,
CRWV,SHORT,0.33543573290484696,3.3543573290484696,3.09,3.9042,price_validation_failed,"ema_rally, not_extended, room_to_target","confirmation_volume, momentum_aligned, trend_aligned",6.5,NEGATIVE,ema_rally,-7875140.88,,100.0,50.0,10.17,44.92,1278180.0,902873.0,0.706,614128.0,541592.0,1025333.0,70.8,0.986,0.0,0.55,0.97,1.2,0.29,0.07,False,default,2.5,False,2,0.7,0.0,0.0,5.2e-05,0.0,781519.8275518953,,0,0,0.0,0.356835,4,4,1,1,4,4,1,1,4,4,4,4,4,4,4,4,0.0,9e-06,0.0,0.217085,0.0,0.0,1.0,0.33543573290484696,0.33543573290484696,n/a,2026-08-07,2026-08-07,False,2.518768,,,,
COHR,SHORT,0.33046771009857506,3.3046771009857507,2.28,3.3563,price_validation_failed,"confirmation_volume, not_extended, room_to_target","continuation_pattern, momentum_aligned, trend_aligned",5.1,NEUTRAL,unknown,,,400.0,240.0,6.16,36.31,110868.0,135718.0,1.224,101305.0,65328.0,79953.0,88.3,1.033,0.0,0.2,1.0,0.0,0.2,0.87,False,default,2.5,False,1,1.0,0.0,0.0,2.1e-05,0.0,1121432.8739509357,,0,0,0.0,0.0,4,4,1,1,4,4,1,1,4,4,4,4,4,4,4,4,0.0,1e-05,0.0,0.582801,0.0,0.0,1.0,0.33046771009857506,0.33046771009857506,n/a,2026-08-07,2026-08-07,False,3.527638,,,,
ROKU,SHORT,0.32726706464745814,3.272670646474581,1.33,3.1753,price_validation_failed,room_to_target,"confirmation_volume, continuation_pattern, momentum_aligned, not_extended, trend_aligned",5.7,NEUTRAL,unknown,,,160.0,30.0,4.45,80.42,53709.0,55024.0,1.024,20521.0,23496.0,64716.0,0.0,0.165,0.0,0.0,1.0,0.0,0.08,0.25,True,default,2.5,False,1,1.0,0.0,0.0,1.9e-05,0.0,3.1886171449080597e-59,,0,0,0.0,0.0,4,4,1,1,4,4,1,1,4,4,4,4,4,4,4,4,0.0,0.0,0.0,0.709704,0.0,0.0,1.0,0.32726706464745814,0.32726706464745814,n/a,2026-08-07,2026-08-07,False,1.416337,,,,
SQQQ,SHORT,0.32288900597822723,3.2288900597822723,6.0,4.4944,price_validation_failed,"momentum_aligned, not_extended, trend_aligned, trend_continuation","confirmation_volume, room_to_target",5.4,POSITIVE,trend_continuation,13899608.37,,40.0,30.0,6.89,19.83,334197.0,117221.0,0.351,251143.0,87725.0,112550.0,35.2,0.622,1.83,0.72,0.04,1.4,1.77,0.24,False,sustained_trend,5.0,False,1,1.0,0.0,0.0,0.0,0.0,362811.7160635054,,0,0,0.0,0.0,4,4,3,3,4,4,3,3,4,4,4,4,4,4,4,4,0.0,0.0,0.0,0.277284,0.0,0.0,1.0,0.32288900597822723,0.32288900597822723,n/a,2026-08-07,2026-08-07,False,4852.0,,,,
ECHO,SHORT,0.3177005456805424,3.177005456805424,0.0,1.9062,weak_bearish_flow,none,none,,,unknown,,,,,,,,,,,,,,,,,,,,,,,,,2,0.7,1.8668880780163537,4.6e-05,2.5e-05,9.578061893025098e-23,5.1304960408779233e-23,46.692308,1,1,0.0,0.0,4,4,1,1,4,4,1,1,4,4,4,4,4,4,4,4,0.0,0.0,0.620005,0.646715,0.0,0.0,,,,,,,False,175.0,,,,
QXO,SHORT,0.31159317171211687,3.1159317171211685,1.75,2.803,price_validation_failed,"ema_rally, not_extended","confirmation_volume, momentum_aligned, room_to_target, trend_aligned",3.6,POSITIVE,ema_rally,4497258.16,16.11,25.0,15.0,55.09,6.95,451639.0,124835.0,0.276,174920.0,64273.0,337281.0,87.2,0.666,0.0,0.42,0.01,1.2,0.03,0.09,False,default,2.5,False,1,1.0,0.0,0.0,3.4e-05,0.0,2.894339540197177e-59,,0,0,0.0,0.0,4,4,1,1,4,4,1,1,4,4,4,4,4,4,4,4,0.0,0.0,0.0,0.299094,0.0,0.0,1.0,0.31159317171211687,0.31159317171211687,n/a,2026-08-07,2026-08-07,False,1.856342,,,,
QBTS,SHORT,0.30730313087114786,3.0730313087114784,3.65,3.0115,price_validation_failed,"momentum_aligned, not_extended, resistance_ema_confluence, room_to_target","confirmation_volume, trend_aligned",1.9,POSITIVE,resistance_ema_confluence,2400545.33,20.77,30.0,20.0,44.44,3.71,333017.0,247346.0,0.743,138721.0,138506.0,303136.0,4.9,0.845,0.0,0.71,0.58,1.6,0.61,0.15,False,default,2.5,False,2,1.0,1.1627441753630375e-27,6.2e-05,0.000108,4.063706076659007e-47,3.494927055119599e-20,4.716599,0,1,0.0,0.0,4,4,1,1,4,4,1,1,4,4,4,4,4,4,4,4,0.0,0.0,0.498867,0.477944,0.0,0.0,1.0,0.30730313087114786,0.30730313087114786,n/a,2026-08-07,2026-08-07,False,9.91658,,,,
NBIS,SHORT,0.30220654000725167,3.022065400072517,0.0,1.8132,weak_bearish_flow,none,none,,,unknown,,,,,,,,,,,,,,,,,,,,,,,,,7,1.0,0.5738872718699222,0.000367,0.000262,10.079613723815548,43.90938002062974,6.433115,1,1,0.56554,0.461318,4,4,1,1,4,4,1,1,4,4,4,4,4,4,4,4,0.0,0.0,0.002271,0.30014,0.0,0.0,,,,,,,False,4.764317,,,,
LEU,SHORT,0.2993267507498285,2.993267507498285,0.0,1.796,weak_bearish_flow,none,none,,,unknown,,,,,,,,,,,,,,,,,,,,,,,,,2,1.0,8.625091680228918e-38,0.000165,0.000165,9.638354348982406e-41,0.0011174784809622562,4.032922,0,0,0.0,0.0,4,4,1,1,4,4,1,1,4,4,4,4,4,4,4,4,0.0,0.0,0.00692,0.386102,0.0,0.0,,,,,,,False,94.666667,,,,
LUNR,SHORT,0.2973381684756832,2.9733816847568315,3.0,3.5867,price_validation_failed,"confirmation_volume, not_extended, trend_aligned","continuation_pattern, momentum_aligned, room_to_target",6.0,POSITIVE,unknown,645716.64,16.45,20.0,12.0,21.57,27.06,196302.0,123150.0,0.627,72347.0,72951.0,174154.0,51.7,1.149,1.94,0.56,0.0,0.0,0.09,0.42,False,default,2.5,False,1,1.0,0.0,0.0,0.000163,0.0,13926.068234611426,,0,0,0.0,0.0,4,4,1,1,4,4,1,1,4,4,4,4,4,4,4,4,0.0,3e-06,0.0,0.565466,0.0,0.0,1.0,0.2973381684756832,0.2973381684756832,n/a,2026-08-07,2026-08-07,False,1.109941,,,,
HUBS,SHORT,0.2941515894751383,2.941515894751383,4.88,4.3948,price_validation_failed,"confirmation_volume, consolidation_breakdown, momentum_aligned, not_extended, room_to_target",trend_aligned,7.3,NEUTRAL,unknown,,,230.0,180.0,9.39,14.39,27850.0,34729.0,1.247,25017.0,13549.0,24013.0,45.5,0.7,0.0,0.8,1.0,1.2,1.31,0.58,False,consolidation_break,3.0,False,1,1.0,0.0,0.0,2.5e-05,0.0,1.1097511986745635e-49,,0,0,0.0,0.0,4,4,1,1,4,4,1,1,4,4,4,4,4,4,4,4,0.0,0.0,0.0,0.314884,0.0,0.0,1.0,0.2941515894751383,0.2941515894751383,n/a,2026-08-07,2026-08-07,False,3.831169,,,,
CVNA,SHORT,0.2896668141554943,2.896668141554943,3.52,3.3843,price_validation_failed,"not_extended, resistance_ema_confluence, room_to_target","confirmation_volume, momentum_aligned, trend_aligned",4.4,POSITIVE,resistance_ema_confluence,11952025.65,71.0,120.0,50.0,69.18,29.51,620361.0,545005.0,0.879,346718.0,174669.0,643979.0,19.0,0.57,0.0,0.55,0.74,1.6,0.4,0.22,False,default,2.5,False,2,1.0,0.0,0.0,1.7e-05,0.0,0.0003545233770425105,,0,1,0.0,0.00884,4,4,1,1,4,4,1,1,4,4,4,4,4,4,4,4,0.0,0.0,0.0,0.732149,0.0,0.0,1.0,0.2896668141554943,0.2896668141554943,n/a,2026-08-07,2026-08-07,False,12.692689,,,,
LULU,SHORT,0.2877862853203355,2.877862853203355,1.55,2.7639,price_validation_failed,"not_extended, room_to_target","confirmation_volume, continuation_pattern, momentum_aligned, trend_aligned",4.3,POSITIVE,unknown,10180984.11,128.57,130.0,100.0,1.16,22.19,218104.0,164247.0,0.753,78800.0,70696.0,232855.0,71.0,0.566,0.0,0.21,1.0,0.0,0.07,0.27,False,default,2.5,False,1,1.0,0.0,0.0,3.9e-05,0.0,1.0089925963263753e-21,,0,0,0.0,0.0,4,4,1,1,4,4,1,1,4,4,4,4,4,4,4,4,0.0,0.0,0.0,0.774333,0.0,0.0,1.0,0.2877862853203355,0.2877862853203355,n/a,2026-08-07,2026-08-07,False,1.574545,,,,
VST,SHORT,0.2814195297504722,2.814195297504722,6.14,4.7291,price_validation_failed,"confirmation_volume, momentum_aligned, not_extended, room_to_target, trend_aligned, trend_continuation",none,7.4,NEGATIVE,trend_continuation,-21082842.35,,165.0,115.0,17.41,18.17,326860.0,238745.0,0.73,188567.0,162615.0,214423.0,26.1,0.501,1.69,0.73,0.22,1.4,1.48,0.62,False,sustained_trend,5.0,False,1,1.0,0.0,0.0,2.6e-05,0.0,155.84323989904237,,0,0,0.0,0.0,4,4,1,1,4,4,1,1,4,4,4,4,4,4,4,4,0.0,0.0,0.0,0.018669,0.0,0.0,1.0,0.2814195297504722,0.2814195297504722,n/a,2026-08-07,2026-08-07,False,4.248636,,,,
WULF,SHORT,0.27912137132990394,2.7912137132990393,0.0,1.6747,weak_bearish_flow,none,none,,,unknown,,,,,,,,,,,,,,,,,,,,,,,,,3,1.0,4.798507462686567,0.000366,7.6e-05,14.684199209265167,6.1203194215910806,5.083978,0,0,0.090202,0.0,4,4,1,1,4,4,1,1,4,4,4,4,4,4,4,4,0.0,0.0,0.153755,0.001588,0.0,0.0,,,,,,,False,2.168219,,,,
FLEX,SHORT,0.27864931826381245,2.7864931826381243,0.0,1.6719,weak_bearish_flow,none,none,,,unknown,,,,,,,,,,,,,,,,,,,,,,,,,7,0.7,99.0,9.4e-05,8e-06,8.670095390626921e-08,3.3051590900639063e-24,43.341398,0,1,0.0,0.0,4,4,1,1,4,4,1,1,4,4,4,4,4,4,4,4,0.0,0.0,0.603742,0.246121,0.0,0.0,,,,,,,False,3.057292,,,,
VRT,SHORT,0.27602207942546575,2.7602207942546575,0.0,1.6561,weak_bearish_flow,none,none,,,unknown,,,,,,,,,,,,,,,,,,,,,,,,,6,1.0,0.5288811982121465,5.2e-05,2.4e-05,1.201044527807742,4.541831064775251,8.407048,1,0,1.7e-05,1e-06,4,4,1,1,4,4,1,1,4,4,4,4,4,4,4,4,0.0,0.0,0.093623,0.625547,0.0,0.0,,,,,,,False,2.04077,,,,
IBIT,SHORT,0.2744786597834461,2.744786597834461,5.08,3.2764,price_validation_failed,"ema_rally, not_extended, room_to_target, trend_aligned","confirmation_volume, momentum_aligned",1.9,POSITIVE,ema_rally,78977296.12,36.78,40.0,35.0,8.75,4.84,3903967.0,2616442.0,0.67,1618447.0,1344744.0,3557218.0,0.0,0.325,1.52,0.84,1.0,1.2,0.28,0.24,False,default,2.5,False,2,1.0,0.0,0.0,1.6e-05,0.0,40.93266287816105,,0,0,0.0,0.0,4,4,1,1,4,4,1,1,4,4,4,4,4,4,4,4,0.0,0.0,0.0,0.398643,0.0,0.0,1.0,0.2744786597834461,0.2744786597834461,n/a,2026-08-07,2026-08-07,False,2.494477,,,,
CRCL,SHORT,0.27056125691843497,2.70561256918435,0.0,1.6234,weak_bearish_flow,none,none,,,unknown,,,,,,,,,,,,,,,,,,,,,,,,,3,1.0,99.0,4.4e-05,5e-05,48.26987821717255,1.011951329709988e-05,3.740974,1,1,0.474828,0.0,4,4,1,1,4,4,1,1,4,4,4,4,4,4,4,4,0.0,0.0,0.007829,0.076538,0.0,0.0,,,,,,,False,2.689819,,,,
BRKB,SHORT,0.2680569520909375,2.680569520909375,0.0,1.6083,error: No OHLCV data returned for ticker=BRKB,none,none,,,unknown,,,,,,,,,,,,,,,,,,,,,,,,,1,1.0,0.0,0.0,1e-06,0.0,9.605316933141851e-29,,0,0,0.0,0.0,4,4,1,1,4,4,1,1,4,4,4,4,4,4,4,4,0.0,0.0,0.0,0.418213,0.0,0.0,,,,,,,False,1.440273,,,,
AXTI,SHORT,0.26803586467639184,2.6803586467639184,0.0,1.6082,weak_bearish_flow,none,none,,,unknown,,,,,,,,,,,,,,,,,,,,,,,,,4,1.0,99.0,0.000281,0.000163,196320.72733833778,9.825543096091833e-05,7.253726,0,0,0.272995,0.0,4,4,1,1,4,4,1,1,4,4,4,4,4,4,4,4,1.4e-05,0.0,0.120043,0.284883,0.0,0.0,,,,,,,False,3.371053,,,,
SMH,SHORT,0.2680157174844238,2.680157174844238,2.69,3.7071,price_validation_failed,"ema_rally, not_extended, room_to_target","confirmation_volume, momentum_aligned, trend_aligned",7.8,NEGATIVE,ema_rally,-5283184.34,,600.0,400.0,3.13,31.25,766392.0,1563230.0,2.04,1115109.0,613767.0,600746.0,63.5,0.443,0.0,0.79,0.56,1.2,0.14,0.0,False,default,2.5,False,1,1.0,0.0,0.0,6e-06,0.0,13201.68531822179,,0,1,0.0,0.0,4,4,1,1,4,4,1,1,4,4,4,4,4,4,4,4,0.0,0.0,0.0,0.342004,0.0,0.0,1.0,0.2680157174844238,0.2680157174844238,n/a,2026-08-07,2026-08-07,False,1.431579,,,,
KTOS,SHORT,0.266611567408903,2.6661156740890304,1.5,2.9631,price_validation_failed,"confirmation_volume, room_to_target","continuation_pattern, momentum_aligned, not_extended, trend_aligned",5.9,NEUTRAL,unknown,,,85.0,50.0,39.25,18.09,102184.0,51226.0,0.501,76882.0,7883.0,68645.0,25.1,0.699,0.0,0.0,1.0,0.0,0.16,0.34,True,default,2.5,False,1,0.7,0.0,0.0,4.6e-05,0.0,85.85390171764209,,0,0,0.0,0.0,4,4,1,1,4,4,1,1,4,4,4,4,4,4,4,4,0.0,0.0,0.0,0.626032,0.0,0.0,1.0,0.266611567408903,0.266611567408903,n/a,2026-08-07,2026-08-07,False,1.775801,,,,
DELL,SHORT,0.26569306851007785,2.6569306851007783,0.0,1.5942,weak_bearish_flow,none,none,,,unknown,,,,,,,,,,,,,,,,,,,,,,,,,4,1.0,0.013284645671033475,1.4e-05,4e-06,8.075470379411692,1823.6399929777272,2.068509,1,1,0.633119,0.0,4,4,1,1,4,4,1,1,4,4,4,4,4,4,4,4,0.0,0.0,0.00493,0.253174,0.0,0.0,,,,,,,False,2.182432,,,,
RDDT,SHORT,0.2656137891509087,2.656137891509087,3.8,3.5881,price_validation_failed,"not_extended, room_to_target, trend_aligned","confirmation_volume, continuation_pattern, momentum_aligned",5.6,NEGATIVE,unknown,-2564279.14,161.88,220.0,115.0,35.93,28.95,297468.0,258014.0,0.867,165433.0,91262.0,298787.0,5.6,0.595,1.76,0.78,1.0,0.0,0.17,0.09,False,default,2.5,False,1,1.0,0.0,0.0,3.2e-05,0.0,5.372772732581731,,0,0,0.0,0.0,4,4,1,1,4,4,1,1,4,4,4,4,4,4,4,4,0.0,0.0,0.0,0.347985,0.0,0.0,1.0,0.2656137891509087,0.2656137891509087,n/a,2026-08-07,2026-08-07,False,2.78125,,,,
RKLB,SHORT,0.264022886058344,2.64022886058344,0.0,1.5841,weak_bearish_flow,none,none,,,unknown,,,,,,,,,,,,,,,,,,,,,,,,,5,1.0,0.6788479124893184,5e-05,2.7e-05,315.7759804271862,697.7468176986289,13.696351,1,0,0.015528,0.0,4,4,1,1,4,4,1,1,4,4,4,4,4,4,4,4,0.0,0.0,0.006469,0.161584,0.0,0.0,,,,,,,False,1.470357,,,,
CRWD,SHORT,0.257371507183262,2.5737150718326203,1.63,2.4759,price_validation_failed,"not_extended, room_to_target","confirmation_volume, continuation_pattern, momentum_aligned, trend_aligned",3.5,POSITIVE,unknown,65348417.43,214.41,220.0,125.0,2.61,41.7,688680.0,651547.0,0.946,306321.0,256828.0,777078.0,87.6,0.629,0.0,0.23,1.0,0.0,0.37,0.03,False,default,2.5,False,3,1.0,4.411376290836775e-10,3e-06,5e-06,2.63765266321939e-07,298.9602891843834,1.205021,1,0,0.0,0.010096,4,4,1,1,4,4,1,1,4,4,4,4,4,4,4,4,0.0,0.0,0.222719,0.387645,0.0,0.0,1.0,0.257371507183262,0.257371507183262,n/a,2026-08-07,2026-08-07,False,3.227629,,,,
MCHP,SHORT,0.2554271645836623,2.5542716458366233,3.67,3.4381,price_validation_failed,"confirmation_volume, not_extended, room_to_target, trend_continuation","momentum_aligned, trend_aligned",5.3,POSITIVE,trend_continuation,11980630.37,84.7,85.0,72.5,0.32,14.43,286656.0,214086.0,0.747,91122.0,189853.0,219767.0,59.2,0.538,0.0,0.63,1.0,1.4,0.18,0.45,False,default,2.5,False,1,1.0,0.0,0.0,9e-06,0.0,0.0007391180634509754,,0,0,0.0,0.0,4,4,1,1,4,4,1,1,4,4,4,4,4,4,4,4,0.0,0.0,0.0,0.662555,0.0,0.0,1.0,0.2554271645836623,0.2554271645836623,n/a,2026-08-07,2026-08-07,False,3.0,,,,
ELF,SHORT,0.2513089991163653,2.513089991163653,1.56,2.8445,price_validation_failed,"confirmation_volume, room_to_target","continuation_pattern, momentum_aligned, not_extended, trend_aligned",5.6,NEUTRAL,unknown,,,115.0,55.0,16.85,44.12,88114.0,45644.0,0.518,61142.0,21898.0,50718.0,19.5,0.593,0.0,0.0,1.0,0.0,0.12,0.44,True,default,2.5,False,1,0.7,0.0,0.0,4.6e-05,0.0,7.628651227273392e-09,,0,0,0.0,0.0,4,4,1,1,4,4,1,1,4,4,4,4,4,4,4,4,0.0,0.0,0.0,0.423563,0.0,0.0,1.0,0.2513089991163653,0.2513089991163653,n/a,2026-08-07,2026-08-07,False,1.876712,,,,
META,SHORT,0.24500906960962304,2.4500906960962303,0.0,1.4701,weak_bearish_flow,none,none,,,unknown,,,,,,,,,,,,,,,,,,,,,,,,,2,1.0,99.0,3e-06,0.0,48.15427401978487,0.0009466607003175294,1.665301,0,0,0.0,0.0,4,4,1,1,4,4,1,1,4,4,4,4,4,4,4,4,0.0,0.0,0.513159,0.282872,0.0,0.0,,,,,,,False,2.288,,,,
NOW,SHORT,0.24272137111063802,2.42721371110638,1.57,2.8046,price_validation_failed,"not_extended, room_to_target","confirmation_volume, continuation_pattern, momentum_aligned, trend_aligned",5.6,POSITIVE,unknown,75845606.66,125.08,150.0,85.0,19.99,32.01,785679.0,645641.0,0.822,432836.0,229421.0,769063.0,46.4,0.55,0.0,0.16,1.0,0.0,0.16,0.26,False,default,2.5,False,2,1.0,1.9635886114614643e-08,2e-06,1e-05,1.7606593673289837e-07,8.966538902558392,1.818627,0,0,0.0,0.0,4,4,1,1,4,4,1,1,4,4,4,4,4,4,4,4,0.0,0.0,0.681432,0.698908,0.0,0.0,1.0,0.24272137111063802,0.24272137111063802,n/a,2026-08-07,2026-08-07,False,1.001305,,,,
ZS,SHORT,0.24062808961795226,2.406280896179523,0.0,1.4438,weak_bearish_flow,none,none,,,unknown,,,,,,,,,,,,,,,,,,,,,,,,,2,0.7,99.0,2.4e-05,1.3e-05,35384.569982353365,4.288032300631846e-06,2.291429,0,0,0.0,0.0,4,4,1,1,4,4,1,1,4,4,4,4,4,4,4,4,0.0,0.0,0.3048,0.18483,0.0,0.0,,,,,,,False,5.333333,,,,
UNH,SHORT,0.23539179973214128,2.3539179973214126,0.0,1.4124,weak_bearish_flow,none,none,,,unknown,,,,,,,,,,,,,,,,,,,,,,,,,3,0.7,99.0,2e-06,1e-06,0.00033059248660080457,3.322300184410968e-12,1.953551,0,0,0.000302,0.0,4,4,1,1,4,4,1,1,4,4,4,4,4,4,4,4,0.0,0.0,0.247702,0.452192,0.0,0.0,,,,,,,False,1.157343,,,,
GOOGL,SHORT,0.2350262552220383,2.350262552220383,5.23,4.0241,price_validation_failed,"momentum_aligned, not_extended, pullback_to_resistance, room_to_target","confirmation_volume, trend_aligned",6.4,NEGATIVE,pullback_to_resistance,-10737438.28,355.13,400.0,300.0,12.64,15.52,1999461.0,1401256.0,0.701,809375.0,706929.0,1884413.0,11.7,0.295,0.0,0.92,1.0,1.4,1.91,0.0,False,default,2.5,False,1,1.0,0.0,0.0,0.0,0.0,123.91125709067275,,0,0,0.0,0.0,4,4,1,1,4,4,1,1,4,4,4,4,4,4,4,4,0.0,0.0,0.0,0.532183,0.0,0.0,1.0,0.2350262552220383,0.2350262552220383,n/a,2026-08-07,2026-08-07,False,12.386243,,,,
CAT,SHORT,0.22751044312229773,2.275104431222977,6.47,4.6786,price_validation_failed,"momentum_aligned, not_extended, retest_and_confirm, room_to_target, trend_aligned",confirmation_volume,8.0,NEGATIVE,retest_and_confirm,-939966.62,,1000.0,600.0,18.45,28.93,158491.0,165638.0,1.045,130141.0,78005.0,115983.0,54.7,0.4,1.75,0.87,1.0,1.4,1.39,0.05,False,sustained_trend,5.0,False,1,0.7,0.0,0.0,3e-06,0.0,1.8692930787098184e-05,,0,0,0.0,0.0,4,4,1,1,4,4,1,1,4,4,4,4,4,4,4,4,0.0,0.0,0.0,0.071691,0.0,0.0,1.0,0.22751044312229773,0.22751044312229773,n/a,2026-08-07,2026-08-07,False,10.52459,,,,
AAPL,LONG,0.2568435172900134,2.5684351729001342,6.74,4.4262,watchlist_reeval_failed,"momentum_aligned, not_extended, room_to_target, trend_aligned, trend_continuation",confirmation_volume,5.6,NEGATIVE,trend_continuation,-52366218.39,313.38,320.0,300.0,1.94,4.43,3026067.0,2086807.0,0.69,1360605.0,1050428.0,2701841.0,26.4,0.234,1.83,0.82,1.0,1.4,1.68,0.0,False,default,2.5,False,1,1.0,99.0,0.0,0.0,0.7763796360260552,0.0,2.707873,0,0,0.0,0.0,4,4,1,1,4,4,1,1,4,4,4,4,4,4,4,4,0.0,0.0,0.301274,0.0,0.0,0.0,1.0,0.2568435172900134,0.2568435172900134,n/a,2026-08-03,2026-08-03,,,,,,
HPP,SHORT,0.5065163738543761,5.065163738543761,4.96,5.3806,watchlist_reeval_failed,"confirmation_volume, momentum_aligned, not_extended, resistance_ema_confluence, room_to_target",trend_aligned,6.8,NEUTRAL,resistance_ema_confluence,,,25.0,2.5,72.41,82.76,39419.0,9671.0,0.245,33328.0,6842.0,8920.0,51.4,0.932,0.0,0.99,1.0,1.6,0.81,0.57,False,default,2.5,False,1,1.0,0.0,0.0,0.000562,0.0,1.661722521808574e-26,,0,0,0.0,0.0,4,4,1,1,4,4,1,1,4,4,4,4,4,4,4,4,0.0,0.0,0.0,0.024989,0.0,0.0,1.0,0.5065163738543761,0.5065163738543761,n/a,2026-08-03,2026-08-03,,285.714286,,,,
GE,SHORT,0.384312875679216,3.84312875679216,4.07,4.4426,watchlist_reeval_failed,"bounce_and_fail, momentum_aligned, not_extended, room_to_target","confirmation_volume, trend_aligned",6.5,NEUTRAL,bounce_and_fail,,,410.0,320.0,10.88,13.46,100623.0,107699.0,1.07,62126.0,64479.0,81717.0,15.5,0.305,0.0,0.7,1.0,1.0,1.37,0.0,False,default,2.5,False,6,1.0,1.0785217543549507e-10,3e-06,7e-06,6.127571019245337e-11,0.2840726668007802,10.703704,0,0,0.0,0.452792,4,4,1,1,4,4,1,1,4,4,4,4,4,4,4,4,0.0,0.0,0.485422,0.419448,0.0,0.0,1.0,0.384312875679216,0.384312875679216,n/a,2026-08-03,2026-08-03,,2.779527,,,,
AVAV,SHORT,0.2914311164860754,2.914311164860754,1.47,3.1182,watchlist_reeval_failed,"confirmation_volume, room_to_target","continuation_pattern, momentum_aligned, not_extended, trend_aligned",6.1,NEUTRAL,unknown,,,200.0,150.0,6.82,19.88,38805.0,28058.0,0.723,22046.0,16024.0,28793.0,55.2,0.732,0.0,0.0,1.0,0.0,0.0,0.47,True,default,2.5,False,1,1.0,0.0,0.0,9.1e-05,0.0,1.5581325962185274e-33,,0,0,0.0,0.0,4,4,1,1,4,4,1,1,4,4,4,4,4,4,4,4,0.0,0.0,0.0,0.812156,0.0,0.0,1.0,0.2914311164860754,0.2914311164860754,n/a,2026-08-03,2026-08-03,,4.489362,,,,
AA,LONG,0.3239240911163136,3.2392409111631357,5.15,3.9846,watchlist_reeval_failed,"momentum_aligned, not_extended, retest_and_confirm, room_to_target","confirmation_volume, trend_aligned",4.1,POSITIVE,retest_and_confirm,3265981.16,50.14,55.0,40.0,9.69,20.22,145780.0,125077.0,0.858,80661.0,66046.0,124150.0,9.5,0.491,0.0,0.48,1.0,1.4,1.97,0.3,False,default,2.5,False,1,1.0,99.0,8.3e-05,0.0,2.150587913384578e-16,0.0,6.638065,0,0,0.0,0.0,4,4,1,1,4,4,1,1,4,4,4,4,4,4,4,4,0.0,0.0,0.085764,0.0,0.0,0.0,1.0,0.3239240911163136,0.3239240911163136,n/a,2026-08-03,2026-08-03,,,,,,
CAVA,SHORT,0.49936897070741026,4.993689707074102,5.42,5.0628,watchlist_reeval_failed,"ema_rally, momentum_aligned, not_extended, trend_aligned","confirmation_volume, room_to_target",4.7,NEUTRAL,ema_rally,,,135.0,50.0,116.87,19.68,87407.0,62777.0,0.718,46701.0,38400.0,65083.0,80.5,0.731,1.89,0.54,0.0,1.2,1.74,0.05,False,default,2.5,False,1,1.0,0.0,0.0,9.4e-05,0.0,487675.92664884625,,0,0,0.0,0.0,4,4,1,1,4,4,1,1,4,4,4,4,4,4,4,4,0.0,4.2e-05,0.0,0.65767,0.0,0.0,1.0,0.49936897070741026,0.49936897070741026,n/a,2026-08-03,2026-08-03,,2.354949,,,,
RACE,SHORT,0.3369614618908326,3.369614618908326,1.59,3.5018,watchlist_reeval_failed,"not_extended, room_to_target","confirmation_volume, continuation_pattern, momentum_aligned, trend_aligned",6.7,NEUTRAL,unknown,,,450.0,330.0,9.39,19.78,13462.0,14982.0,1.113,6606.0,7671.0,14167.0,16.7,0.299,0.0,0.07,1.0,0.0,0.35,0.18,False,default,2.5,False,1,1.0,0.0,0.0,4e-06,0.0,210572.27086335656,,0,0,0.0,0.0,4,4,1,1,4,4,1,1,4,4,4,4,4,4,4,4,0.0,2e-06,0.0,0.583783,0.0,0.0,1.0,0.3369614618908326,0.3369614618908326,n/a,2026-08-03,2026-08-03,,1.018433,,,,
MRNA,SHORT,0.30703383753365726,3.0703383753365725,3.97,3.7062,watchlist_reeval_failed,"confirmation_volume, not_extended, resistance_ema_confluence, room_to_target","momentum_aligned, trend_aligned",4.9,POSITIVE,resistance_ema_confluence,19067428.63,59.06,60.0,50.0,1.25,15.63,287865.0,335081.0,1.164,176731.0,97007.0,349208.0,22.9,0.699,0.0,0.94,1.0,1.6,0.06,0.38,False,default,2.5,False,1,1.0,0.0,0.0,3.8e-05,0.0,1.1621304606540336e-28,,0,1,0.0,0.0,4,4,1,1,4,4,1,1,4,4,4,4,4,4,4,4,0.0,0.0,0.0,0.460204,0.0,0.0,1.0,0.30703383753365726,0.30703383753365726,n/a,2026-08-03,2026-08-03,,1.38806,,,,
VKTX,SHORT,0.2883863729224633,2.8838637292246325,4.66,4.3199,watchlist_reeval_failed,"ema_rally, not_extended, room_to_target, trend_aligned","confirmation_volume, momentum_aligned",7.4,NEUTRAL,ema_rally,,,40.0,25.0,16.57,27.15,187426.0,37583.0,0.201,47619.0,55130.0,122260.0,37.6,0.708,1.83,0.94,0.66,1.2,0.0,0.03,False,default,2.5,False,1,0.7,0.0,0.0,7.3e-05,0.0,5.884266665149373e-28,,0,1,0.0,0.0,4,4,1,1,4,4,1,1,4,4,4,4,4,4,4,4,0.0,0.0,0.0,0.335237,0.0,0.0,1.0,0.2883863729224633,0.2883863729224633,n/a,2026-08-03,2026-08-03,,11.428571,,,,
PWR,LONG,0.3088191237486353,3.088191237486353,5.37,4.2751,watchlist_reeval_failed,"ema_pullback, momentum_aligned, not_extended, room_to_target, trend_aligned",confirmation_volume,5.6,NEUTRAL,ema_pullback,,,700.0,540.0,4.18,19.63,18912.0,29194.0,1.544,19049.0,13421.0,15636.0,37.3,0.431,1.7,0.82,1.0,1.2,0.66,0.0,False,default,2.5,False,1,1.0,99.0,5e-06,0.0,337087.74627658434,0.0,7.235294,0,0,0.0,0.0,4,4,1,1,4,4,1,1,4,4,4,4,4,4,4,4,1e-06,0.0,0.229056,0.0,0.0,0.0,1.0,0.3088191237486353,0.3088191237486353,n/a,2026-08-03,2026-08-03,,,,,,
FICO,SHORT,0.3936795347415351,3.936795347415351,6.45,5.0634,watchlist_reeval_failed,"momentum_aligned, not_extended, pullback_to_resistance, room_to_target, trend_aligned",confirmation_volume,5.8,NEUTRAL,pullback_to_resistance,,,1100.0,1000.0,5.44,4.14,11110.0,9016.0,0.812,10066.0,3797.0,6263.0,42.3,0.526,1.93,0.65,0.84,1.4,1.52,0.11,False,sustained_trend,5.0,False,2,1.0,0.0,0.0,4.8e-05,0.0,179008.8881876573,,0,0,0.0,0.0,4,4,1,1,4,4,1,1,4,4,4,4,4,4,4,4,0.0,8e-06,0.0,0.532766,0.0,0.0,1.0,0.3936795347415351,0.3936795347415351,n/a,2026-08-03,2026-08-03,,16.666667,,,,
ADI,SHORT,0.3903109127029458,3.9031091270294582,3.05,3.8466,watchlist_reeval_failed,"ema_rally, not_extended, room_to_target","confirmation_volume, momentum_aligned, trend_aligned",4.9,NEUTRAL,ema_rally,,,470.0,360.0,20.73,7.52,53780.0,50937.0,0.947,34118.0,21959.0,48640.0,81.7,0.521,0.0,0.71,1.0,1.2,0.15,0.0,False,default,2.5,False,4,1.0,0.0,0.0,1.8e-05,0.0,1.482715145343933e-12,,0,0,0.0,0.000825,4,4,1,1,4,4,1,1,4,4,4,4,4,4,4,4,0.0,0.0,0.0,0.279734,0.0,0.0,1.0,0.3903109127029458,0.3903109127029458,n/a,2026-08-03,2026-08-03,,10.504236,,,,
WH,SHORT,0.3700169207722694,3.700169207722694,5.66,4.7681,watchlist_reeval_failed,"momentum_aligned, not_extended, retest_and_confirm, trend_aligned","confirmation_volume, room_to_target",6.1,NEUTRAL,retest_and_confirm,,,80.0,70.0,8.44,5.12,5303.0,4671.0,0.881,9447.0,199.0,328.0,23.8,0.321,1.76,0.57,0.07,1.4,1.86,0.0,False,default,2.5,False,1,1.0,0.0,0.0,9.8e-05,0.0,1.3254554489087177e-15,,0,0,0.0,0.0,4,4,1,1,4,4,1,1,4,4,4,4,4,4,4,4,0.0,0.0,0.0,0.398441,0.0,0.0,1.0,0.3700169207722694,0.3700169207722694,n/a,2026-08-03,2026-08-03,,67.164179,,,,
RIOT,SHORT,0.32581267064922775,3.2581267064922774,6.36,4.2371,watchlist_reeval_failed,"momentum_aligned, not_extended, retest_and_confirm, room_to_target, trend_aligned",confirmation_volume,3.5,POSITIVE,retest_and_confirm,953244.79,20.54,25.0,15.0,21.6,27.04,533196.0,299933.0,0.563,359572.0,195920.0,277637.0,93.5,1.034,1.55,0.91,1.0,1.4,1.46,0.04,False,sustained_trend,5.0,False,2,1.0,0.0,0.0,0.000205,0.0,9.254918488625055e-11,,0,0,0.0,0.381682,4,4,1,1,4,4,1,1,4,4,4,4,4,4,4,4,0.0,0.0,0.0,0.52902,0.0,0.0,1.0,0.32581267064922775,0.32581267064922775,n/a,2026-08-03,2026-08-03,,3.181473,,,,
PANW,SHORT,0.3025546105990183,3.0255461059901827,2.95,3.6578,watchlist_reeval_failed,"bounce_and_fail, not_extended, room_to_target","confirmation_volume, momentum_aligned, trend_aligned",6.3,NEGATIVE,bounce_and_fail,-1119833.55,364.33,400.0,150.0,9.77,58.84,299714.0,301623.0,1.006,147646.0,121232.0,332459.0,90.1,0.629,0.0,0.37,1.0,1.0,0.54,0.04,False,default,2.5,False,4,1.0,0.0002162053575527587,1e-06,8e-06,2.259392669784699e-19,3.4834053071254405e-16,2.934211,0,0,0.0,0.195949,4,4,1,1,4,4,1,1,4,4,4,4,4,4,4,4,0.0,0.0,0.534091,0.431937,0.0,0.0,1.0,0.3025546105990183,0.3025546105990183,n/a,2026-08-03,2026-08-03,,2.507447,,,,
LITE,SHORT,0.28213458747320563,2.8213458747320566,2.82,3.9967,watchlist_reeval_failed,"confirmation_volume, not_extended, pullback_to_resistance","momentum_aligned, room_to_target, trend_aligned",8.7,NEGATIVE,pullback_to_resistance,-57797.41,890.43,900.0,700.0,1.17,21.32,111892.0,148857.0,1.33,110084.0,50561.0,100104.0,50.1,1.022,0.0,0.47,0.2,1.4,0.3,0.45,False,default,2.5,False,1,1.0,0.0,0.0,1.6e-05,0.0,588144.174266636,,0,0,0.0,0.0,4,4,1,1,4,4,1,1,4,4,4,4,4,4,4,4,0.0,3e-06,0.0,0.273948,0.0,0.0,1.0,0.28213458747320563,0.28213458747320563,n/a,2026-08-03,2026-08-03,,110.0,,,,
INTC,SHORT,0.2536078662804122,2.536078662804122,5.04,3.84,watchlist_reeval_failed,"ema_rally, not_extended, room_to_target, trend_aligned","confirmation_volume, momentum_aligned",5.3,POSITIVE,ema_rally,58144585.01,101.5,110.0,80.0,8.6,21.02,2873469.0,2848634.0,0.991,1398878.0,1117677.0,3205548.0,52.1,0.73,1.62,0.91,1.0,1.2,0.26,0.05,False,default,2.5,False,2,1.0,0.0485934346129072,1e-06,3e-06,0.352791673124586,7.260068689009252,1.528571,0,1,0.0,0.0,4,4,1,1,4,4,1,1,4,4,4,4,4,4,4,4,0.0,0.0,0.26193,0.405503,0.0,0.0,1.0,0.2536078662804122,0.2536078662804122,n/a,2026-08-03,2026-08-03,,4.07839,,,,
AMZN,SHORT,0.20780318197587705,2.0780318197587704,2.61,2.762,watchlist_reeval_failed,"momentum_aligned, not_extended, room_to_target","confirmation_volume, continuation_pattern, trend_aligned",4.7,POSITIVE,unknown,1467779153.32,275.03,300.0,200.0,8.96,27.36,2972955.0,1958870.0,0.659,1360889.0,892304.0,2678632.0,22.6,0.298,0.0,0.16,1.0,0.0,1.44,0.01,False,default,2.5,False,2,0.7,0.4253651318657436,0.0,0.0,28.42110186210018,66.81577715935265,5.757576,0,0,0.0,0.0,4,4,1,1,4,4,1,1,4,4,4,4,4,4,4,4,0.0,0.0,0.532621,0.534062,0.0,0.0,1.0,0.20780318197587705,0.20780318197587705,n/a,2026-08-03,2026-08-03,,2.131313,,,,
VRTX,SHORT,0.20372382738623143,2.0372382738623145,2.91,3.2916,watchlist_reeval_failed,"ema_rally, not_extended, room_to_target","confirmation_volume, momentum_aligned, trend_aligned",7.0,NEUTRAL,ema_rally,,,500.0,340.0,0.84,31.43,26366.0,30714.0,1.165,23079.0,10088.0,23913.0,50.8,0.325,0.0,0.61,1.0,1.2,0.1,0.0,False,default,2.5,False,1,0.7,0.0,0.0,6e-06,0.0,5.027198208156087e-18,,0,1,0.0,0.0,4,4,1,1,4,4,1,1,4,4,4,4,4,4,4,4,0.0,0.0,0.0,0.601843,0.0,0.0,1.0,0.20372382738623143,0.20372382738623143,n/a,2026-08-03,2026-08-03,,,,,,
ESLT,LONG,0.4542574274721969,4.542574274721969,6.51,5.2243,watchlist_reeval_failed,"momentum_aligned, not_extended, room_to_target, trend_aligned, trend_continuation",confirmation_volume,5.0,NEUTRAL,trend_continuation,,,860.0,780.0,0.01,9.29,3778.0,3016.0,0.798,1905.0,1625.0,3264.0,46.4,0.46,1.86,0.61,1.0,1.4,1.5,0.13,False,sustained_trend,5.0,False,1,0.7,99.0,1.5e-05,0.0,555278.7376755438,0.0,20.666667,0,0,0.0,0.0,4,4,1,1,4,4,1,1,4,4,4,4,4,4,4,4,8e-06,0.0,0.545522,0.0,0.0,0.0,1.0,0.4542574274721969,0.4542574274721969,n/a,2026-08-04,2026-08-04,,,,,,
POWL,LONG,0.41586484141214747,4.158648414121474,3.16,4.2473,watchlist_reeval_failed,"momentum_aligned, not_extended, room_to_target","confirmation_volume, continuation_pattern, trend_aligned",6.1,NEUTRAL,unknown,,,220.0,200.0,4.19,5.28,22618.0,11614.0,0.513,11173.0,1859.0,21200.0,38.6,0.75,0.0,0.72,1.0,0.0,1.44,0.0,False,default,2.5,False,1,1.0,99.0,0.000159,0.0,1.0043042642600895e-59,0.0,12.272727,0,0,0.0,0.0,4,4,1,1,4,4,1,1,4,4,4,4,4,4,4,4,0.0,0.0,0.488437,0.0,0.0,0.0,1.0,0.41586484141214747,0.41586484141214747,n/a,2026-08-04,2026-08-04,,,,,,
NVTS,LONG,0.3643376467972997,3.6433764679729967,5.46,4.7997,watchlist_reeval_failed,"confirmation_volume, momentum_aligned, not_extended, retest_and_confirm, room_to_target",trend_aligned,6.7,POSITIVE,retest_and_confirm,4208867.46,,15.0,7.0,7.18,49.98,393297.0,170328.0,0.433,140995.0,144490.0,278140.0,32.6,1.018,0.0,0.72,1.0,1.4,1.97,0.37,False,consolidation_break,3.0,False,4,1.0,1.499157180612887e-35,0.001218,0.000512,5.982493229626994e-35,3.9905710401768717,8.979922,0,0,0.0,0.0,4,4,1,1,4,4,1,1,4,4,4,4,4,4,4,4,0.0,0.0,0.548826,0.055534,0.0,0.0,1.0,0.3643376467972997,0.3643376467972997,n/a,2026-08-04,2026-08-04,,4.429656,,,,
XLE,LONG,0.3378890059782272,3.3788900597822717,4.52,4.4454,watchlist_reeval_failed,"ema_pullback, not_extended, room_to_target, trend_aligned","confirmation_volume, momentum_aligned",7.0,NEGATIVE,ema_pullback,-64953179.37,,60.0,55.0,4.58,4.14,1791640.0,2708617.0,1.512,695169.0,1198732.0,2606356.0,32.3,0.244,1.54,0.87,0.6,1.2,0.24,0.08,False,default,2.5,False,1,1.0,99.0,0.0,0.0,4.147268590978247e-09,0.0,39.266968,1,0,0.0,0.0,4,4,3,3,4,4,3,3,4,4,4,4,4,4,4,4,0.0,0.0,0.430667,0.0,0.0,0.0,1.0,0.3378890059782272,0.3378890059782272,n/a,2026-08-04,2026-08-04,,,,,,
IBM,LONG,0.3336124252985881,3.336124252985881,4.87,4.3291,watchlist_reeval_failed,"momentum_aligned, not_extended, room_to_target, support_ema_confluence","confirmation_volume, trend_aligned",6.0,POSITIVE,support_ema_confluence,75070358.66,236.48,300.0,200.0,26.8,15.47,446783.0,329939.0,0.738,266361.0,180303.0,330058.0,39.4,0.369,0.0,0.89,0.68,1.6,1.7,0.0,False,default,2.5,False,6,1.0,0.000775669977046474,3e-05,1.6e-05,1.0303749769163486e-11,1.3283677432504442e-08,4.516141,1,0,1.6e-05,0.0,4,4,1,1,4,4,1,1,4,4,4,4,4,4,4,4,0.0,0.0,0.384863,0.338019,0.0,0.0,1.0,0.3336124252985881,0.3336124252985881,n/a,2026-08-04,2026-08-04,,1.907105,,,,
JBL,LONG,0.3100673195668007,3.100673195668007,6.11,4.8233,watchlist_reeval_failed,"ema_pullback, momentum_aligned, not_extended, room_to_target, trend_aligned",confirmation_volume,7.2,NEUTRAL,ema_pullback,,,400.0,230.0,17.21,32.6,25152.0,17369.0,0.691,12660.0,6732.0,23129.0,53.5,0.528,1.67,0.66,1.0,1.2,1.59,0.0,False,default,2.5,False,1,1.0,99.0,2e-05,0.0,4.815511490235974e-13,0.0,5.454545,0,0,0.0,0.0,4,4,1,1,4,4,1,1,4,4,4,4,4,4,4,4,0.0,0.0,0.484369,0.0,0.0,0.0,1.0,0.3100673195668007,0.3100673195668007,n/a,2026-08-04,2026-08-04,,,,,,
AEHR,SHORT,0.36341874506102906,3.6341874506102907,3.38,4.1911,watchlist_reeval_failed,"not_extended, pullback_to_resistance, room_to_target","confirmation_volume, momentum_aligned, trend_aligned",6.8,NEUTRAL,pullback_to_resistance,,,130.0,7.5,26.29,92.71,59816.0,59907.0,1.002,30550.0,15362.0,73811.0,35.1,1.178,0.0,0.53,1.0,1.4,0.45,0.0,False,default,2.5,False,2,1.0,0.0,0.0,0.000709,0.0,3.1273204513972287e-12,,0,0,0.0,6e-05,4,4,1,1,4,4,1,1,4,4,4,4,4,4,4,4,0.0,0.0,0.0,0.139293,0.0,0.0,1.0,0.36341874506102906,0.36341874506102906,n/a,2026-08-04,2026-08-04,,3.815476,,,,
DASH,SHORT,0.2819331027785271,2.819331027785271,1.94,3.1117,watchlist_reeval_failed,"confirmation_volume, room_to_target","continuation_pattern, momentum_aligned, not_extended, trend_aligned",5.6,NEUTRAL,unknown,,,220.0,200.0,1.28,7.93,138661.0,79312.0,0.572,71415.0,55309.0,91249.0,17.2,0.417,0.0,0.0,1.0,0.0,0.42,0.52,True,default,2.5,False,2,1.0,0.03447878351955286,3e-06,7e-06,4.807698465640624e-29,1.3943932978128961e-27,3.923077,0,0,0.0,0.0,4,4,1,1,4,4,1,1,4,4,4,4,4,4,4,4,0.0,0.0,0.549236,0.531665,0.0,0.0,1.0,0.2819331027785271,0.2819331027785271,n/a,2026-08-04,2026-08-04,,3.342857,,,,
URI,LONG,0.3819738476067546,3.8197384760675464,5.78,4.6639,watchlist_reeval_failed,"momentum_aligned, not_extended, trend_aligned, trend_continuation","confirmation_volume, room_to_target",5.1,NEUTRAL,trend_continuation,,,1400.0,830.0,20.46,28.59,12128.0,13666.0,1.127,5628.0,5369.0,14797.0,10.0,0.303,2.0,0.69,0.0,1.4,1.67,0.02,False,sustained_trend,5.0,False,4,1.0,1.7092796340089373e-28,1.3e-05,7e-06,8.806822189387238e-38,1.5457076795676354e-09,73.0,0,0,0.430056,0.0,4,4,1,1,4,4,1,1,4,4,4,4,4,4,4,4,0.0,0.0,0.515017,0.62122,0.0,0.0,1.0,0.3819738476067546,0.3819738476067546,n/a,2026-08-04,2026-08-04,,,,,,
NFLX,LONG,0.2512935369354504,2.512935369354504,4.47,4.1575,watchlist_reeval_failed,"momentum_aligned, not_extended, retest_and_confirm, room_to_target","confirmation_volume, trend_aligned",7.8,NEGATIVE,retest_and_confirm,-543570.8,,100.0,5.0,34.86,93.26,3090080.0,2497562.0,0.808,1049838.0,847269.0,3690535.0,30.8,0.328,0.0,0.8,1.0,1.4,1.26,0.0,False,default,2.5,False,1,0.7,99.0,8e-06,0.0,2196140.240135635,0.0,1.32034,0,0,0.0,0.0,4,4,1,1,4,4,1,1,4,4,4,4,4,4,4,4,2e-06,0.0,0.339076,0.0,0.0,0.0,1.0,0.2512935369354504,0.2512935369354504,n/a,2026-08-04,2026-08-04,,,,,,
CSCO,SHORT,0.33382685057418016,3.3382685057418016,2.79,3.3461,watchlist_reeval_failed,"bounce_and_fail, not_extended, room_to_target","confirmation_volume, momentum_aligned, trend_aligned",4.2,POSITIVE,bounce_and_fail,9544906.48,121.16,130.0,100.0,7.17,17.56,536614.0,382648.0,0.713,175410.0,303093.0,440759.0,88.6,0.476,0.0,0.55,0.68,1.0,0.56,0.01,False,default,2.5,False,3,1.0,99.0,1e-06,7e-06,1.0312588428939646e-08,8.342862683162483e-13,1.475789,0,1,0.0,0.145133,4,4,1,1,4,4,1,1,4,4,4,4,4,4,4,4,0.0,0.0,0.137418,0.786294,0.0,0.0,1.0,0.33382685057418016,0.33382685057418016,n/a,2026-08-04,2026-08-04,,1.682822,,,,
IBM,SHORT,0.24898877422687307,2.489887742268731,4.49,3.6519,watchlist_reeval_failed,"ema_rally, not_extended, room_to_target, trend_aligned","confirmation_volume, momentum_aligned",5.3,POSITIVE,ema_rally,75070358.66,236.48,300.0,200.0,26.8,15.47,446783.0,329939.0,0.738,266361.0,180303.0,330058.0,39.4,0.369,1.7,0.89,0.4,1.2,0.3,0.0,False,default,2.5,False,1,0.7,0.0,0.0,2e-06,0.0,375827.1318095108,,0,0,0.0,0.0,4,4,1,1,4,4,1,1,4,4,4,4,4,4,4,4,0.0,1e-06,0.0,0.732175,0.0,0.0,1.0,0.24898877422687307,0.24898877422687307,n/a,2026-08-04,2026-08-04,,2.119658,,,,
MA,SHORT,0.24075247943513275,2.4075247943513274,4.81,3.7468,watchlist_reeval_failed,"bounce_and_fail, momentum_aligned, not_extended, room_to_target","confirmation_volume, trend_aligned",5.5,NEUTRAL,bounce_and_fail,,,600.0,450.0,6.68,19.99,78693.0,71529.0,0.909,37011.0,36103.0,77108.0,14.4,0.213,0.0,0.73,1.0,1.0,1.93,0.16,False,default,2.5,False,1,0.7,0.0,0.0,2e-06,0.0,4.371193145021716e-19,,0,0,0.0,0.0,4,4,1,1,4,4,1,1,4,4,4,4,4,4,4,4,0.0,0.0,0.0,0.550388,0.0,0.0,1.0,0.24075247943513275,0.24075247943513275,n/a,2026-08-04,2026-08-04,,35.666667,,,,
CMI,SHORT,0.1836622934054749,1.836622934054749,4.56,3.8663,watchlist_reeval_failed,"ema_rally, not_extended, trend_aligned","confirmation_volume, momentum_aligned, room_to_target",7.9,NEUTRAL,ema_rally,,,700.0,600.0,8.78,6.76,11148.0,11676.0,1.047,4588.0,10800.0,7436.0,40.0,0.365,1.94,0.9,0.0,1.2,0.42,0.1,False,default,2.5,False,2,1.0,99.0,3e-06,6e-06,0.0008128376264466864,9.645513726138972e-11,1.486842,0,0,0.0,0.0,4,4,1,1,4,4,1,1,4,4,4,4,4,4,4,4,0.0,0.0,0.717483,0.778824,0.0,0.0,1.0,0.1836622934054749,0.1836622934054749,n/a,2026-08-04,2026-08-04,,,,,,
FHN,LONG,0.6508020881400902,6.508020881400903,5.16,5.702,watchlist_reeval_failed,"not_extended, room_to_target, trend_aligned, trend_continuation","confirmation_volume, momentum_aligned",4.5,POSITIVE,trend_continuation,14927115.07,25.48,28.0,18.0,9.91,29.34,299139.0,29846.0,0.1,31207.0,1051.0,296727.0,7.6,0.253,1.54,0.88,0.53,1.4,0.5,0.32,False,default,2.5,False,1,0.7,99.0,0.000888,0.0,7408193.454226148,0.0,100.249399,0,0,0.0,0.0,4,4,1,1,4,4,1,1,4,4,4,4,4,4,4,4,0.00024,0.0,0.396724,0.0,0.0,0.0,1.0,0.6508020881400902,0.6508020881400902,n/a,2026-08-04,2026-08-04,,,,,,
DJT,LONG,0.5216907288343631,5.216907288343631,6.12,5.5245,watchlist_reeval_failed,"momentum_aligned, not_extended, room_to_target, trend_aligned, trend_continuation",confirmation_volume,5.4,POSITIVE,trend_continuation,1519784.38,10.15,25.0,5.0,146.12,50.78,313168.0,189892.0,0.606,56871.0,116302.0,329887.0,78.5,0.794,1.98,0.81,0.65,1.4,1.17,0.11,False,sustained_trend,5.0,False,1,0.7,99.0,0.000329,0.0,31163.589728013663,0.0,38.398773,0,0,0.0,0.0,4,4,1,1,4,4,1,1,4,4,4,4,4,4,4,4,0.0,0.0,0.011342,0.0,0.0,0.0,1.0,0.5216907288343631,0.5216907288343631,n/a,2026-08-04,2026-08-04,,,,,,
VSAT,LONG,0.4808020881400903,4.808020881400903,5.45,5.419,watchlist_reeval_failed,"momentum_aligned, not_extended, room_to_target, trend_aligned, trend_continuation",confirmation_volume,6.9,NEUTRAL,trend_continuation,,,95.0,60.0,17.63,25.71,145765.0,57451.0,0.394,30507.0,79346.0,93363.0,65.0,0.873,1.66,0.88,0.57,1.4,0.84,0.1,False,sustained_trend,5.0,False,1,0.7,99.0,0.000322,0.0,4.3560567082248926e-52,0.0,3.486842,0,0,0.0,0.0,4,4,1,1,4,4,1,1,4,4,4,4,4,4,4,4,0.0,0.0,0.228335,0.0,0.0,0.0,1.0,0.4808020881400903,0.4808020881400903,n/a,2026-08-04,2026-08-04,,,,,,
CLX,LONG,0.40555158249549067,4.055515824954907,6.59,5.1448,watchlist_reeval_failed,"momentum_aligned, not_extended, room_to_target, trend_aligned, trend_continuation",confirmation_volume,5.7,NEUTRAL,trend_continuation,,,110.0,95.0,4.33,9.9,58690.0,45584.0,0.777,37095.0,34051.0,33128.0,33.4,0.304,1.96,0.64,1.0,1.4,1.59,0.0,False,sustained_trend,5.0,False,2,1.0,99.0,5.5e-05,0.0,1.119776533785939e-18,0.0,3.506181,0,0,0.0,0.0,4,4,1,1,4,4,1,1,4,4,4,4,4,4,4,4,0.0,0.0,0.207586,0.0,0.0,0.0,1.0,0.40555158249549067,0.40555158249549067,n/a,2026-08-04,2026-08-04,,,,,,
AEIS,LONG,0.3741425497241308,3.741425497241308,5.51,4.7637,watchlist_reeval_failed,"momentum_aligned, not_extended, room_to_target, support_ema_confluence, trend_aligned",confirmation_volume,6.2,NEUTRAL,support_ema_confluence,,,400.0,230.0,23.01,29.27,6577.0,8050.0,1.224,5650.0,2501.0,6476.0,51.5,0.665,1.65,0.7,0.25,1.6,1.31,0.0,False,default,2.5,False,1,1.0,99.0,8.7e-05,0.0,1.505300083831794e-51,0.0,,0,0,0.0,0.0,4,4,1,1,4,4,1,1,4,4,4,4,4,4,4,4,0.0,0.0,0.314989,0.0,0.0,0.0,1.0,0.3741425497241308,0.3741425497241308,n/a,2026-08-04,2026-08-04,,,,,,
VSH,LONG,0.3331300397419921,3.331300397419921,3.77,3.9767,watchlist_reeval_failed,"bounce_and_fail, momentum_aligned, not_extended, room_to_target","confirmation_volume, trend_aligned",5.9,NEUTRAL,bounce_and_fail,,,40.0,20.0,12.99,43.5,59072.0,59452.0,1.006,35438.0,24473.0,58613.0,64.9,0.882,0.0,0.76,1.0,1.0,0.95,0.05,False,default,2.5,False,1,1.0,99.0,0.001565,0.0,6.984009638430245e-17,0.0,168.6,0,0,0.0,0.0,4,4,1,1,4,4,1,1,4,4,4,4,4,4,4,4,0.0,0.0,0.697389,0.0,0.0,0.0,1.0,0.3331300397419921,0.3331300397419921,n/a,2026-08-04,2026-08-04,,,,,,
TMUS,LONG,0.3183512874403452,3.1835128744034518,3.14,3.9738,watchlist_reeval_failed,"momentum_aligned, not_extended, room_to_target","confirmation_volume, continuation_pattern, trend_aligned",7.2,NEUTRAL,unknown,,,195.0,150.0,10.08,15.32,132707.0,64999.0,0.49,82459.0,24397.0,90850.0,28.8,0.284,0.0,0.83,1.0,0.0,1.3,0.01,False,default,2.5,False,1,1.0,99.0,4e-06,0.0,3.186566111601149e-37,0.0,22.54717,0,0,0.0,0.0,4,4,1,1,4,4,1,1,4,4,4,4,4,4,4,4,0.0,0.0,0.585719,0.0,0.0,0.0,1.0,0.3183512874403452,0.3183512874403452,n/a,2026-08-04,2026-08-04,,,,,,
T,LONG,0.2952853816689674,2.952853816689674,6.43,4.6654,watchlist_reeval_failed,"momentum_aligned, not_extended, retest_and_confirm, room_to_target, trend_aligned",confirmation_volume,6.3,POSITIVE,retest_and_confirm,29137928.97,23.8,25.0,23.0,5.04,3.36,719289.0,492584.0,0.685,324268.0,308804.0,578801.0,40.0,0.242,1.89,0.62,0.68,1.4,1.84,0.0,False,default,2.5,False,1,1.0,99.0,4e-06,0.0,0.013607481960195527,0.0,1.722708,0,0,0.0,0.0,4,4,1,1,4,4,1,1,4,4,4,4,4,4,4,4,0.0,0.0,0.380712,0.0,0.0,0.0,1.0,0.2952853816689674,0.2952853816689674,n/a,2026-08-04,2026-08-04,,,,,,
CG,SHORT,0.676516373854376,6.765163738543761,3.85,5.5976,watchlist_reeval_failed,"bounce_and_fail, momentum_aligned, not_extended, room_to_target","confirmation_volume, trend_aligned",5.3,POSITIVE,bounce_and_fail,47182282.45,47.89,52.5,40.0,9.69,16.42,312152.0,64403.0,0.206,110720.0,212036.0,53799.0,16.4,0.373,0.0,0.73,0.49,1.0,1.45,0.18,False,default,2.5,False,1,1.0,0.0,0.0,0.000942,0.0,12844458.71380595,,0,0,0.0,0.0,4,4,1,1,4,4,1,1,4,4,4,4,4,4,4,4,0.0,0.000269,0.0,0.368599,0.0,0.0,1.0,0.676516373854376,0.676516373854376,n/a,2026-08-04,2026-08-04,,217.210201,,,,
PRKS,SHORT,0.4808020881400903,4.808020881400903,4.82,4.83,watchlist_reeval_failed,"momentum_aligned, not_extended, room_to_target, trend_continuation","confirmation_volume, trend_aligned",4.9,NEUTRAL,trend_continuation,,,50.0,45.0,10.96,0.13,11355.0,1727.0,0.152,286.0,10229.0,2567.0,53.5,0.556,0.0,0.92,1.0,1.4,1.51,0.0,False,default,2.5,False,1,0.7,0.0,0.0,0.000279,0.0,1.1095631871451487e-62,,0,0,0.0,0.0,4,4,1,1,4,4,1,1,4,4,4,4,4,4,4,4,0.0,0.0,0.0,0.44742,0.0,0.0,1.0,0.4808020881400903,0.4808020881400903,n/a,2026-08-04,2026-08-04,,1200.0,,,,
IMAX,SHORT,0.39808575134435475,3.9808575134435475,4.36,4.7784,watchlist_reeval_failed,"bounce_and_fail, momentum_aligned, not_extended, room_to_target","confirmation_volume, trend_aligned",7.4,NEUTRAL,bounce_and_fail,,,55.0,43.0,13.43,11.32,21644.0,42852.0,1.98,30632.0,23220.0,10644.0,50.5,0.41,0.0,0.44,1.0,1.0,1.92,0.0,False,default,2.5,False,1,1.0,0.0,0.0,0.000216,0.0,6.181648448159437e-53,,0,0,0.0,0.0,4,4,1,1,4,4,1,1,4,4,4,4,4,4,4,4,0.0,0.0,0.0,0.201832,0.0,0.0,1.0,0.39808575134435475,0.39808575134435475,n/a,2026-08-04,2026-08-04,,,,,,
ZBRA,SHORT,0.3967182130479766,3.967182130479766,1.23,3.5526,watchlist_reeval_failed,room_to_target,"confirmation_volume, continuation_pattern, momentum_aligned, not_extended, trend_aligned",6.0,NEUTRAL,unknown,,,390.0,210.0,3.56,44.23,5028.0,8864.0,1.763,9016.0,1113.0,3763.0,15.2,0.404,0.0,0.0,1.0,0.0,0.15,0.09,True,default,2.5,False,1,0.7,0.0,0.0,4e-05,0.0,224748.89267473322,,0,0,0.0,0.0,4,4,1,1,4,4,1,1,4,4,4,4,4,4,4,4,0.0,1.1e-05,0.0,0.666969,0.0,0.0,1.0,0.3967182130479766,0.3967182130479766,n/a,2026-08-04,2026-08-04,,,,,,
NVDA,SHORT,0.3630407454679406,3.6304074546794056,1.37,3.2462,watchlist_reeval_failed,"not_extended, room_to_target","confirmation_volume, continuation_pattern, momentum_aligned, trend_aligned",5.1,POSITIVE,unknown,2422602846.38,223.55,250.0,180.0,11.83,19.48,8128636.0,6510599.0,0.801,3548881.0,2598072.0,8492282.0,52.9,0.398,0.0,0.18,1.0,0.0,0.09,0.11,False,default,2.5,False,7,1.0,0.2057319031269335,0.0,1e-06,21664.893964706323,17551.07305140014,24.598039,1,1,0.0,0.614437,4,4,1,1,4,4,1,1,4,4,4,4,4,4,4,4,0.0,0.0,0.882043,0.881307,0.0,0.0,1.0,0.3630407454679406,0.3630407454679406,n/a,2026-08-04,2026-08-04,,14.720588,,,,
RH,SHORT,0.3233562915394752,3.233562915394752,1.57,3.3078,watchlist_reeval_failed,"not_extended, room_to_target","confirmation_volume, continuation_pattern, momentum_aligned, trend_aligned",6.1,NEUTRAL,unknown,,,250.0,150.0,27.27,23.64,39651.0,32774.0,0.827,17135.0,10753.0,44537.0,54.1,0.684,0.0,0.32,1.0,0.0,0.25,0.0,False,default,2.5,False,1,1.0,0.0,0.0,0.000156,0.0,0.22935057563625547,,0,0,0.0,0.0,4,4,1,1,4,4,1,1,4,4,4,4,4,4,4,4,0.0,0.0,0.0,0.191922,0.0,0.0,1.0,0.3233562915394752,0.3233562915394752,n/a,2026-08-04,2026-08-04,,14.5625,,,,
CAH,SHORT,0.3114917823110343,3.114917823110343,3.78,3.6515,watchlist_reeval_failed,"bounce_and_fail, momentum_aligned, not_extended, room_to_target","confirmation_volume, trend_aligned",4.8,NEUTRAL,bounce_and_fail,,,240.0,210.0,1.45,11.24,21679.0,16899.0,0.78,9934.0,6469.0,22175.0,81.7,0.364,0.0,0.65,1.0,1.0,1.09,0.04,False,default,2.5,False,1,1.0,0.0,0.0,5e-06,0.0,8.418158072836765e-44,,0,0,0.0,0.0,4,4,1,1,4,4,1,1,4,4,4,4,4,4,4,4,0.0,0.0,0.0,0.602937,0.0,0.0,1.0,0.3114917823110343,0.3114917823110343,n/a,2026-08-04,2026-08-04,,1.067114,,,,
HPE,SHORT,0.3095201627396689,3.095201627396689,2.96,3.0956,watchlist_reeval_failed,"bounce_and_fail, not_extended, room_to_target","confirmation_volume, momentum_aligned, trend_aligned",3.3,POSITIVE,bounce_and_fail,10615633.9,,55.0,22.0,4.12,58.35,351974.0,236698.0,0.672,211489.0,135169.0,242014.0,97.9,0.823,0.0,0.47,0.97,1.0,0.43,0.08,False,default,2.5,False,1,1.0,0.0,0.0,1.1e-05,0.0,1.3571832948456245e-20,,0,1,0.0,0.0,4,4,1,1,4,4,1,1,4,4,4,4,4,4,4,4,0.0,0.0,0.0,0.810106,0.0,0.0,1.0,0.3095201627396689,0.3095201627396689,n/a,2026-08-04,2026-08-04,,1.503413,,,,
STRL,SHORT,0.30552729984592386,3.0552729984592384,6.06,4.5056,watchlist_reeval_failed,"bounce_and_fail, momentum_aligned, not_extended, room_to_target, trend_aligned",confirmation_volume,5.8,NEUTRAL,bounce_and_fail,,,600.0,500.0,9.63,8.64,8762.0,7300.0,0.833,6900.0,3724.0,5438.0,64.7,0.788,2.2,0.53,1.0,1.0,1.33,0.0,False,default,2.5,False,1,1.0,0.0,0.0,3.9e-05,0.0,1.5247041342635874e-20,,0,0,0.0,0.0,4,4,1,1,4,4,1,1,4,4,4,4,4,4,4,4,0.0,0.0,0.0,0.491099,0.0,0.0,1.0,0.30552729984592386,0.30552729984592386,n/a,2026-08-04,2026-08-04,,7.863636,,,,
JCI,SHORT,0.299896597745162,2.9989659774516197,3.35,3.8045,watchlist_reeval_failed,"bounce_and_fail, momentum_aligned, not_extended, room_to_target","confirmation_volume, trend_aligned",6.5,NEUTRAL,bounce_and_fail,,,160.0,125.0,5.26,17.76,68668.0,27226.0,0.396,36278.0,33307.0,26309.0,36.4,0.31,0.0,0.55,1.0,1.0,0.76,0.04,False,default,2.5,False,1,1.0,0.0,0.0,6e-06,0.0,5.943101517199438e-46,,0,0,0.0,0.0,4,4,1,1,4,4,1,1,4,4,4,4,4,4,4,4,0.0,0.0,0.0,0.084812,0.0,0.0,1.0,0.299896597745162,0.299896597745162,n/a,2026-08-04,2026-08-04,,,,,,
C,SHORT,0.29056862280734963,2.9056862280734963,4.29,3.6998,watchlist_reeval_failed,"ema_rally, momentum_aligned, not_extended, room_to_target","confirmation_volume, trend_aligned",4.8,POSITIVE,ema_rally,24291751.52,,150.0,100.0,11.36,25.76,473378.0,617216.0,1.304,192791.0,163357.0,734446.0,13.3,0.284,0.0,0.96,1.0,1.2,1.13,0.0,False,default,2.5,False,3,1.0,0.0,0.0,9e-06,0.0,3.1692894487955804e-12,,0,0,0.0,0.238185,4,4,1,1,4,4,1,1,4,4,4,4,4,4,4,4,0.0,0.0,0.0,0.490367,0.0,0.0,1.0,0.29056862280734963,0.29056862280734963,n/a,2026-08-04,2026-08-04,,5.267742,,,,
AGX,SHORT,0.28901236862616736,2.8901236862616737,4.7,3.7551,watchlist_reeval_failed,"ema_rally, momentum_aligned, not_extended, trend_aligned","confirmation_volume, room_to_target",4.5,NEUTRAL,ema_rally,,,900.0,580.0,50.71,2.88,5462.0,7336.0,1.343,4459.0,4406.0,3933.0,76.6,0.843,1.75,0.99,0.02,1.2,0.73,0.0,False,default,2.5,False,1,1.0,0.0,0.0,6.1e-05,0.0,3.2351027501520936e-59,,0,0,0.0,0.0,4,4,1,1,4,4,1,1,4,4,4,4,4,4,4,4,0.0,0.0,0.0,0.677414,0.0,0.0,1.0,0.28901236862616736,0.28901236862616736,n/a,2026-08-04,2026-08-04,,13.0,,,,
SOXL,SHORT,0.2681519518171469,2.681519518171469,5.5,3.9508,watchlist_reeval_failed,"ema_rally, not_extended, room_to_target, trend_aligned","confirmation_volume, momentum_aligned",4.8,POSITIVE,ema_rally,11141235.48,139.36,200.0,50.0,43.78,64.05,532247.0,1152193.0,2.165,801985.0,102609.0,779846.0,70.5,1.484,1.95,0.94,1.0,1.2,0.25,0.15,False,default,2.5,False,2,1.0,0.0,0.0,0.000136,0.0,12.848221553671031,,0,0,0.0,0.367105,4,4,1,1,4,4,1,1,4,4,4,4,4,4,4,4,0.0,0.0,0.0,0.079057,0.0,0.0,1.0,0.2681519518171469,0.2681519518171469,n/a,2026-08-04,2026-08-04,,24.254603,,,,
MRK,SHORT,0.2616887920341165,2.616887920341165,3.22,3.2544,watchlist_reeval_failed,"momentum_aligned, not_extended, room_to_target","confirmation_volume, continuation_pattern, trend_aligned",4.9,POSITIVE,unknown,23881391.59,128.21,135.0,110.0,5.29,14.21,269571.0,207123.0,0.768,93807.0,149841.0,233046.0,14.3,0.253,0.0,0.96,1.0,0.0,1.24,0.03,False,default,2.5,False,1,1.0,0.0,0.0,2e-06,0.0,2.5745750335541358e-43,,0,0,0.0,0.0,4,4,1,1,4,4,1,1,4,4,4,4,4,4,4,4,0.0,0.0,0.0,0.844754,0.0,0.0,1.0,0.2616887920341165,0.2616887920341165,n/a,2026-08-04,2026-08-04,,2.303846,,,,
SHAZ,LONG,0.4766824651140409,4.766824651140409,2.68,4.3674,watchlist_reeval_failed,"momentum_aligned, not_extended, room_to_target","confirmation_volume, continuation_pattern, trend_aligned",5.9,NEUTRAL,unknown,,,65.0,45.0,31.51,8.95,58471.0,19862.0,0.34,42405.0,17940.0,17988.0,9.3,1.14,0.0,0.58,1.0,0.0,0.78,0.32,False,default,2.5,False,1,0.7,99.0,0.000295,0.0,255564.39327129791,0.0,5.5,0,0,0.0,0.0,4,4,1,1,4,4,1,1,4,4,4,4,4,4,4,4,0.000108,0.0,0.388498,0.0,0.0,0.0,1.0,0.4766824651140409,0.4766824651140409,n/a,2026-08-05,2026-08-05,,,,,,
WMB,LONG,0.4181789657016656,4.1817896570166555,3.77,4.9419,watchlist_reeval_failed,"momentum_aligned, not_extended, pullback_to_support, room_to_target","confirmation_volume, trend_aligned",8.6,NEGATIVE,pullback_to_support,-1390762.07,70.25,80.0,64.0,13.79,8.97,247530.0,135773.0,0.549,80143.0,94624.0,208536.0,59.4,0.282,0.0,0.61,1.0,1.4,0.76,0.0,False,default,2.5,False,1,1.0,99.0,6e-06,0.0,431996.87786282465,0.0,6.996546,0,0,0.0,0.0,4,4,1,1,4,4,1,1,4,4,4,4,4,4,4,4,1e-06,0.0,0.215545,0.0,0.0,0.0,1.0,0.4181789657016656,0.4181789657016656,n/a,2026-08-05,2026-08-05,,,,,,
DAL,LONG,0.282513526369672,2.82513526369672,5.62,3.8786,watchlist_reeval_failed,"momentum_aligned, not_extended, room_to_target, trend_aligned, trend_continuation",confirmation_volume,3.9,POSITIVE,trend_continuation,11068216.26,91.5,100.0,75.0,9.4,17.95,193390.0,212854.0,1.101,86600.0,105018.0,214626.0,2.3,0.354,2.21,0.79,0.45,1.4,0.76,0.0,False,sustained_trend,5.0,False,1,1.0,99.0,4e-06,0.0,212342.17600775196,0.0,5.40099,0,0,0.0,0.0,4,4,1,1,4,4,1,1,4,4,4,4,4,4,4,4,2e-06,0.0,0.510499,0.0,0.0,0.0,1.0,0.282513526369672,0.282513526369672,n/a,2026-08-05,2026-08-05,,,,,,
SPCX,LONG,0.2598117226053879,2.598117226053879,6.14,3.9611,watchlist_reeval_failed,"confirmation_volume, momentum_aligned, not_extended, room_to_target, volume_capitulation_reversal",trend_aligned,4.1,POSITIVE,unknown,32969289.15,131.16,330.0,100.0,151.26,23.86,2793056.0,2512881.0,0.9,2926715.0,1035626.0,1343596.0,77.6,0.852,0.0,0.79,1.0,1.4,1.95,1.0,False,consolidation_break,3.0,False,3,1.0,0.013243931774910456,1e-06,0.0,4437.513261740544,167530.05592142395,2.420348,1,2,0.0,0.084553,4,4,1,1,4,4,1,1,4,4,4,4,4,4,4,4,0.0,0.0,0.558938,0.846936,0.0,0.0,1.0,0.2598117226053879,0.2598117226053879,n/a,2026-08-05,2026-08-05,,2.727309,,,,
TSLA,LONG,0.2572174593913769,2.5721745939137692,4.44,3.3781,watchlist_reeval_failed,"bounce_and_fail, momentum_aligned, not_extended, room_to_target","confirmation_volume, trend_aligned",3.8,POSITIVE,bounce_and_fail,429481907.98,328.06,400.0,300.0,21.95,8.53,3386035.0,2488904.0,0.735,1459757.0,849783.0,3565399.0,6.7,0.411,0.0,0.68,1.0,1.0,1.51,0.26,False,default,2.5,False,1,1.0,99.0,1e-06,0.0,0.004008366671903167,0.0,8.671296,1,0,0.0,0.0,4,4,1,1,4,4,1,1,4,4,4,4,4,4,4,4,0.0,0.0,0.461771,0.0,0.0,0.0,1.0,0.2572174593913769,0.2572174593913769,n/a,2026-08-05,2026-08-05,,,,,,
CR,SHORT,0.39647067381847784,3.9647067381847783,3.06,3.9204,watchlist_reeval_failed,"momentum_aligned, not_extended, room_to_target","confirmation_volume, continuation_pattern, trend_aligned",5.1,NEUTRAL,unknown,,,220.0,210.0,0.24,4.32,3346.0,2860.0,0.855,3636.0,1328.0,1242.0,26.7,0.317,0.0,0.94,1.0,0.0,1.12,0.0,False,default,2.5,False,1,1.0,0.0,0.0,5.5e-05,0.0,2.5784172097237294e-68,,0,0,0.0,0.0,4,4,1,1,4,4,1,1,4,4,4,4,4,4,4,4,0.0,0.0,0.0,0.317953,0.0,0.0,1.0,0.39647067381847784,0.39647067381847784,n/a,2026-08-05,2026-08-05,,,,,,
Q,SHORT,0.35248488337361517,3.5248488337361517,5.75,4.4074,watchlist_reeval_failed,"ema_rally, momentum_aligned, not_extended, room_to_target, trend_aligned",confirmation_volume,4.6,NEUTRAL,ema_rally,,,170.0,135.0,23.11,2.24,43786.0,19433.0,0.444,29113.0,23470.0,10636.0,58.2,0.628,1.68,0.94,1.0,1.2,0.92,0.0,False,default,2.5,False,1,0.7,0.0,0.0,2.7e-05,0.0,38967.692847449376,,0,1,0.0,0.0,4,4,1,1,4,4,1,1,4,4,4,4,4,4,4,4,0.0,0.0,0.0,0.343978,0.0,0.0,1.0,0.35248488337361517,0.35248488337361517,n/a,2026-08-05,2026-08-05,,9.34,,,,
EQIX,SHORT,0.33243543271118636,3.3243543271118634,3.08,4.0262,watchlist_reeval_failed,"momentum_aligned, not_extended, retest_and_confirm","confirmation_volume, room_to_target, trend_aligned",7.2,NEUTRAL,retest_and_confirm,,,1060.0,1000.0,1.63,4.13,6562.0,17468.0,2.662,8212.0,8315.0,7503.0,39.7,0.277,0.0,0.97,0.0,1.4,0.68,0.03,False,default,2.5,False,1,0.7,0.0,0.0,5e-06,0.0,441196.31680494477,,0,0,0.0,0.0,4,4,1,1,4,4,1,1,4,4,4,4,4,4,4,4,0.0,2e-06,0.0,0.482351,0.0,0.0,1.0,0.33243543271118636,0.33243543271118636,n/a,2026-08-05,2026-08-05,,70.0,,,,
DOCN,SHORT,0.2994956645438262,2.994956645438262,5.84,4.4895,watchlist_reeval_failed,"ema_rally, momentum_aligned, not_extended, room_to_target, trend_aligned",confirmation_volume,6.2,NEUTRAL,ema_rally,,,180.0,67.5,45.36,45.49,104344.0,68613.0,0.658,75192.0,27622.0,70143.0,42.1,0.813,1.53,0.92,1.0,1.2,1.2,0.0,False,default,2.5,False,1,1.0,0.0,0.0,4.9e-05,0.0,39285.57829950533,,0,0,0.0,0.0,4,4,1,1,4,4,1,1,4,4,4,4,4,4,4,4,0.0,2e-06,0.0,0.713886,0.0,0.0,1.0,0.2994956645438262,0.2994956645438262,n/a,2026-08-05,2026-08-05,,12.230769,,,,
SPOT,SHORT,0.2658267646700331,2.658267646700331,3.85,3.7841,watchlist_reeval_failed,"momentum_aligned, not_extended, room_to_target, trend_continuation","confirmation_volume, trend_aligned",6.5,NEGATIVE,trend_continuation,-3192167.62,489.06,500.0,460.0,2.39,5.8,92679.0,78096.0,0.843,82916.0,32564.0,55295.0,14.2,0.362,0.0,0.99,0.36,1.4,0.95,0.15,False,default,2.5,False,1,1.0,0.0,0.0,4e-06,0.0,336324.82596151455,,0,0,0.0,0.0,4,4,1,1,4,4,1,1,4,4,4,4,4,4,4,4,0.0,2e-06,0.0,0.55737,0.0,0.0,1.0,0.2658267646700331,0.2658267646700331,n/a,2026-08-05,2026-08-05,,1.65,,,,
FN,LONG,0.33824763181860845,3.3824763181860846,4.93,3.7102,watchlist_reeval_failed,"momentum_aligned, not_extended, room_to_target, support_ema_confluence","confirmation_volume, trend_aligned",2.7,NEUTRAL,support_ema_confluence,,,570.0,490.0,1.37,12.86,9478.0,7407.0,0.781,4456.0,3874.0,8555.0,80.0,0.94,0.0,0.39,1.0,1.6,1.8,0.14,False,default,2.5,False,1,1.0,99.0,1.4e-05,0.0,220753.48962455912,0.0,1.727273,0,0,0.0,0.0,4,4,1,1,4,4,1,1,4,4,4,4,4,4,4,4,6e-06,0.0,0.534261,0.0,0.0,0.0,1.0,0.33824763181860845,0.33824763181860845,n/a,2026-08-05,2026-08-05,,,,,,
APH,LONG,0.3025965739061515,3.0259657390615153,5.22,4.139,watchlist_reeval_failed,"ema_pullback, momentum_aligned, not_extended, room_to_target, trend_aligned",confirmation_volume,5.3,NEUTRAL,ema_pullback,,,175.0,120.0,3.78,28.84,78887.0,64111.0,0.813,60758.0,34163.0,48077.0,23.5,0.447,1.72,0.59,0.33,1.2,1.27,0.11,False,default,2.5,False,1,1.0,99.0,3e-06,0.0,540099.6059339774,0.0,6.4,0,0,0.0,0.0,4,4,1,1,4,4,1,1,4,4,4,4,4,4,4,4,0.0,0.0,0.188477,0.0,0.0,0.0,1.0,0.3025965739061515,0.3025965739061515,n/a,2026-08-05,2026-08-05,,,,,,
BNO,SHORT,0.5215168943375288,5.2151689433752875,5.77,5.1386,watchlist_reeval_failed,"momentum_aligned, not_extended, room_to_target, trend_aligned, trend_continuation",confirmation_volume,4.0,POSITIVE,trend_continuation,13679596.29,46.85,60.0,46.0,27.86,1.97,311098.0,28643.0,0.092,95030.0,140182.0,104529.0,45.8,0.578,1.63,0.87,1.0,1.4,0.72,0.16,False,default,2.5,False,2,1.0,0.0,0.0,0.003025,0.0,266828.8032649872,2135.0,0,0,0.0,0.435211,4,4,1,1,4,4,1,1,4,4,4,4,4,4,4,4,0.0,0.001392,0.0,0.562334,0.0,0.0,1.0,0.5215168943375288,0.5215168943375288,n/a,2026-08-05,2026-08-05,,340.444444,,,,
WFC,SHORT,0.3387143995396739,3.3871439953967393,3.39,4.1506,watchlist_reeval_failed,"momentum_aligned, not_extended, room_to_target","confirmation_volume, continuation_pattern, trend_aligned",7.2,NEGATIVE,unknown,-38984612.02,,90.0,75.0,3.28,13.93,407334.0,583158.0,1.432,188615.0,197057.0,604820.0,4.7,0.234,0.0,0.92,1.0,0.0,1.47,0.0,False,default,2.5,False,4,1.0,99.0,3e-06,1e-05,8851.20678111205,5.166243704647232e-18,3.192574,0,0,0.0,0.000286,4,4,1,1,4,4,1,1,4,4,4,4,4,4,4,4,0.0,0.0,0.365053,0.423936,0.0,0.0,1.0,0.3387143995396739,0.3387143995396739,n/a,2026-08-05,2026-08-05,,8.52203,,,,
GNRC,SHORT,0.28612181439839884,2.8612181439839883,5.88,4.5146,watchlist_reeval_failed,"momentum_aligned, not_extended, room_to_target, trend_aligned, trend_continuation",confirmation_volume,6.6,NEUTRAL,trend_continuation,,,300.0,200.0,40.92,6.05,31709.0,23213.0,0.732,18055.0,11807.0,25060.0,51.4,0.538,2.1,0.96,0.6,1.4,0.81,0.0,False,sustained_trend,5.0,False,1,1.0,0.0,0.0,2.4e-05,0.0,1079.5970268016144,,0,0,0.0,0.0,4,4,1,1,4,4,1,1,4,4,4,4,4,4,4,4,0.0,0.0,0.0,0.848009,0.0,0.0,1.0,0.28612181439839884,0.28612181439839884,n/a,2026-08-05,2026-08-05,,1.187879,,,,
BLK,LONG,0.2927037546013431,2.9270375460134312,5.71,4.3165,watchlist_reeval_failed,"momentum_aligned, not_extended, trend_aligned, trend_continuation","confirmation_volume, room_to_target",5.7,NEUTRAL,trend_continuation,,,1760.0,1100.0,55.03,3.11,21968.0,20512.0,0.934,12921.0,10983.0,18576.0,13.7,0.244,2.21,0.63,0.02,1.4,1.45,0.0,False,sustained_trend,5.0,False,1,1.0,99.0,2e-06,0.0,301489.4755615466,0.0,5.04,0,0,0.0,0.0,4,4,1,1,4,4,1,1,4,4,4,4,4,4,4,4,1e-06,0.0,0.521161,0.0,0.0,0.0,1.0,0.2927037546013431,0.2927037546013431,n/a,2026-08-05,2026-08-05,,,,,,
EOSE,SHORT,0.4715868710426008,4.715868710426008,5.07,5.0789,watchlist_reeval_failed,"ema_rally, not_extended, room_to_target, trend_aligned","confirmation_volume, momentum_aligned",6.0,POSITIVE,ema_rally,1235927.44,4.17,10.0,3.0,140.1,27.97,1147195.0,421731.0,0.368,297551.0,31952.0,1239423.0,44.3,1.099,1.81,0.95,0.64,1.2,0.43,0.05,False,default,2.5,False,1,1.0,0.0,0.0,0.000366,0.0,430964.7764138245,,0,0,0.0,0.0,4,4,1,1,4,4,1,1,4,4,4,4,4,4,4,4,0.0,0.000222,0.0,0.760385,0.0,0.0,1.0,0.4715868710426008,0.4715868710426008,n/a,2026-08-05,2026-08-05,,242.711111,,,,
FCX,SHORT,0.335140140202881,3.3514014020288103,2.98,3.7497,watchlist_reeval_failed,"not_extended, pullback_to_resistance, room_to_target","confirmation_volume, momentum_aligned, trend_aligned",5.9,POSITIVE,pullback_to_resistance,33384264.72,69.49,70.0,50.0,0.74,28.04,574901.0,580257.0,1.009,285230.0,221571.0,648357.0,42.5,0.505,0.0,0.27,1.0,1.4,0.23,0.07,False,default,2.5,False,3,1.0,0.4724487591416507,1.6e-05,3e-05,22258.59841262241,94226.50808973248,5.985618,0,1,0.0,0.0,4,4,1,1,4,4,1,1,4,4,4,4,4,4,4,4,0.0,1e-06,0.115307,0.639051,0.0,0.0,1.0,0.335140140202881,0.335140140202881,n/a,2026-08-05,2026-08-05,,2.777205,,,,
INTU,SHORT,0.2918031842917709,2.918031842917709,3.37,3.55,watchlist_reeval_failed,"bounce_and_fail, momentum_aligned, not_extended, room_to_target","confirmation_volume, trend_aligned",5.4,NEUTRAL,bounce_and_fail,,,500.0,300.0,53.57,7.86,96513.0,82935.0,0.859,45899.0,48800.0,84749.0,92.0,0.651,0.0,0.52,1.0,1.0,0.78,0.06,False,default,2.5,False,2,1.0,0.0,0.0,1.5e-05,0.0,1348.8443928919773,,0,0,0.0,0.0,4,4,1,1,4,4,1,1,4,4,4,4,4,4,4,4,0.0,0.0,0.0,0.464445,0.0,0.0,1.0,0.2918031842917709,0.2918031842917709,n/a,2026-08-05,2026-08-05,,1.950549,,,,
AMAT,SHORT,0.27278669339527545,2.7278669339527544,3.73,3.8629,watchlist_reeval_failed,"ema_rally, not_extended, room_to_target","confirmation_volume, momentum_aligned, trend_aligned",6.9,NEGATIVE,ema_rally,-6856441.73,,700.0,400.0,30.36,25.51,223092.0,293960.0,1.318,152443.0,92443.0,272166.0,81.0,0.741,0.0,0.98,1.0,1.2,0.55,0.0,False,default,2.5,False,2,1.0,0.0,0.0,7e-06,0.0,21765.372860287887,,0,0,0.0,2e-06,4,4,1,1,4,4,1,1,4,4,4,4,4,4,4,4,0.0,0.0,0.0,0.33831,0.0,0.0,1.0,0.27278669339527545,0.27278669339527545,n/a,2026-08-05,2026-08-05,,2.014424,,,,
SPY,SHORT,0.2398809384213642,2.398809384213642,1.51,2.9724,watchlist_reeval_failed,"not_extended, room_to_target","confirmation_volume, continuation_pattern, momentum_aligned, trend_aligned",6.6,NEGATIVE,unknown,-4157377663.8,,800.0,525.0,3.51,32.07,6292625.0,14175448.0,2.253,7404056.0,6350867.0,6713150.0,5.8,0.126,0.0,0.11,1.0,0.0,0.28,0.11,False,default,2.5,False,2,1.0,0.3411620881867216,0.0,0.0,190885.17061993282,559514.6038485359,2.962712,0,0,0.0,0.0,4,4,3,3,4,4,3,3,4,4,4,4,4,4,4,4,0.0,0.0,0.461594,0.558098,0.0,0.0,1.0,0.2398809384213642,0.2398809384213642,n/a,2026-08-05,2026-08-05,,4.118812,,,,
SLN,LONG,0.676516373854376,6.765163738543761,6.02,6.4886,watchlist_reeval_failed,"momentum_aligned, not_extended, trend_aligned, trend_continuation","confirmation_volume, room_to_target",6.5,NEUTRAL,trend_continuation,,,15.0,10.0,26.96,15.36,22939.0,3882.0,0.169,7790.0,18881.0,150.0,89.7,2.955,2.29,0.79,0.0,1.4,1.51,0.04,False,sustained_trend,5.0,False,1,1.0,99.0,0.003222,0.0,1141376.3209870511,0.0,54.347826,0,0,0.0,0.0,4,4,1,1,4,4,1,1,4,4,4,4,4,4,4,4,2.8e-05,0.0,0.012749,0.0,0.0,0.0,1.0,0.676516373854376,0.676516373854376,n/a,2026-08-05,2026-08-05,,,,,,
PSKY,LONG,0.5195685008385029,5.195685008385029,4.9,5.1678,watchlist_reeval_failed,"momentum_aligned, not_extended, room_to_target, support_ema_confluence","confirmation_volume, trend_aligned",5.5,POSITIVE,support_ema_confluence,269006.63,9.23,10.0,8.0,8.28,13.37,637152.0,602577.0,0.946,109852.0,252038.0,877839.0,15.8,0.473,0.0,0.58,1.0,1.6,1.71,0.01,False,consolidation_break,3.0,False,2,0.7,99.0,0.000181,0.0,7.209766949557109e-65,0.0,1.838872,0,0,0.424952,0.0,4,4,1,1,4,4,1,1,4,4,4,4,4,4,4,4,0.0,0.0,0.223544,0.0,0.0,0.0,1.0,0.5195685008385029,0.5195685008385029,n/a,2026-08-05,2026-08-05,,,,,,
AFRM,LONG,0.4340116398945218,4.340116398945218,5.76,5.3181,watchlist_reeval_failed,"momentum_aligned, not_extended, room_to_target, trend_aligned, trend_continuation",confirmation_volume,7.1,NEGATIVE,trend_continuation,-1216355.57,75.07,100.0,50.0,33.28,33.36,120828.0,131463.0,1.088,87116.0,42850.0,122325.0,60.5,0.705,1.57,0.94,1.0,1.4,0.75,0.11,False,default,2.5,False,1,1.0,99.0,6.4e-05,0.0,556114.8768729351,0.0,104.117647,0,0,0.0,0.0,4,4,1,1,4,4,1,1,4,4,4,4,4,4,4,4,1.1e-05,0.0,0.453425,0.0,0.0,0.0,1.0,0.4340116398945218,0.4340116398945218,n/a,2026-08-05,2026-08-05,,,,,,
LCID,LONG,0.33710027304624557,3.3710027304624557,5.7,4.4355,watchlist_reeval_failed,"ema_pullback, momentum_aligned, not_extended, room_to_target, trend_aligned",confirmation_volume,5.2,POSITIVE,ema_pullback,162602.55,7.05,8.0,5.0,13.8,28.88,314381.0,477616.0,1.519,248256.0,127015.0,416726.0,37.0,0.863,1.58,0.96,1.0,1.2,0.96,0.0,False,default,2.5,False,1,1.0,99.0,0.000182,0.0,8.645463557606866e-05,0.0,1.070425,0,0,0.0,0.0,4,4,1,1,4,4,1,1,4,4,4,4,4,4,4,4,0.0,0.0,0.022101,0.0,0.0,0.0,1.0,0.33710027304624557,0.33710027304624557,n/a,2026-08-05,2026-08-05,,,,,,
TLN,LONG,0.3064573557826597,3.064573557826597,5.12,4.3283,watchlist_reeval_failed,"momentum_aligned, not_extended, retest_and_confirm, room_to_target","confirmation_volume, trend_aligned",6.3,NEUTRAL,retest_and_confirm,,,370.0,310.0,6.18,11.04,59645.0,45623.0,0.765,27748.0,17359.0,60161.0,60.0,0.595,0.0,0.93,0.76,1.4,1.75,0.29,False,default,2.5,False,2,1.0,0.10328930752538107,4.4e-05,2.1e-05,16972.633595142142,164321.30296711973,15.375,0,1,0.0,0.0,4,4,1,1,4,4,1,1,4,4,4,4,4,4,4,4,1e-06,0.0,0.591592,0.023463,0.0,0.0,1.0,0.3064573557826597,0.3064573557826597,n/a,2026-08-05,2026-08-05,,14.172414,,,,
APP,LONG,0.2934696823833574,2.934696823833574,3.07,3.8083,watchlist_reeval_failed,"not_extended, room_to_target, volume_capitulation_reversal","confirmation_volume, momentum_aligned, trend_aligned",7.1,NEGATIVE,unknown,-16858974.76,,600.0,300.0,72.88,13.56,195540.0,144071.0,0.737,122146.0,45101.0,172364.0,15.9,0.595,0.0,0.07,1.0,1.4,0.28,0.33,False,default,2.5,False,2,0.7,99.0,8e-06,0.0,181376.47729299025,0.0,2.97957,1,0,0.425371,0.0,4,4,1,1,4,4,1,1,4,4,4,4,4,4,4,4,0.0,0.0,0.069726,0.0,0.0,0.0,1.0,0.2934696823833574,0.2934696823833574,n/a,2026-08-05,2026-08-05,,9.017544,,,,
GOOG,LONG,0.28731845688050817,2.8731845688050814,4.45,4.1516,watchlist_reeval_failed,"not_extended, room_to_target, trend_aligned, trend_continuation","confirmation_volume, momentum_aligned",6.9,NEGATIVE,trend_continuation,-73777189.18,,400.0,330.0,13.03,6.75,1065529.0,814655.0,0.765,489284.0,486464.0,904436.0,12.9,0.29,1.65,0.92,0.41,1.4,0.07,0.0,False,default,2.5,False,2,1.0,99.0,1e-06,0.0,1.197558998287447e-09,0.0,9.089441,1,0,0.000759,0.0,4,4,1,1,4,4,1,1,4,4,4,4,4,4,4,4,0.0,0.0,0.705408,0.0,0.0,0.0,1.0,0.28731845688050817,0.28731845688050817,n/a,2026-08-05,2026-08-05,,,,,,
BA,LONG,0.2715668934262314,2.715668934262314,5.49,4.0248,watchlist_reeval_failed,"momentum_aligned, not_extended, trend_aligned, trend_continuation","confirmation_volume, room_to_target",5.1,POSITIVE,trend_continuation,103739143.24,234.29,250.0,200.0,6.7,14.64,462441.0,388391.0,0.84,269442.0,141784.0,439606.0,24.1,0.309,1.99,0.72,0.0,1.4,1.38,0.0,False,sustained_trend,5.0,False,2,1.0,99.0,9e-06,0.0,1.6294675670761842e-14,0.0,182.523684,0,0,0.0,0.0,4,4,1,1,4,4,1,1,4,4,4,4,4,4,4,4,0.0,0.0,0.269668,0.0,0.0,0.0,1.0,0.2715668934262314,0.2715668934262314,n/a,2026-08-05,2026-08-05,,,,,,
ETN,LONG,0.2685406825120699,2.6854068251206993,5.49,4.4497,watchlist_reeval_failed,"momentum_aligned, not_extended, trend_aligned, trend_continuation","confirmation_volume, room_to_target",7.3,NEUTRAL,trend_continuation,,,500.0,340.0,11.65,24.08,50712.0,54285.0,1.07,29818.0,41143.0,34036.0,37.0,0.368,1.81,0.68,0.02,1.4,1.58,0.0,False,sustained_trend,5.0,False,1,1.0,99.0,3e-06,0.0,0.22467204602601787,0.0,5.619048,0,0,0.0,0.0,4,4,1,1,4,4,1,1,4,4,4,4,4,4,4,4,0.0,0.0,0.258434,0.0,0.0,0.0,1.0,0.2685406825120699,0.2685406825120699,n/a,2026-08-05,2026-08-05,,,,,,
CCJ,LONG,0.266483364356009,2.66483364356009,4.91,4.1054,watchlist_reeval_failed,"momentum_aligned, not_extended, room_to_target, trend_continuation","confirmation_volume, trend_aligned",6.5,NEGATIVE,trend_continuation,-7208408.1,,140.0,80.0,43.75,17.86,177061.0,250501.0,1.415,150514.0,132654.0,144394.0,13.6,0.483,0.0,0.49,1.0,1.4,1.92,0.09,False,default,2.5,False,1,1.0,99.0,1e-05,0.0,3.8793559738396813e-23,0.0,2040.0,0,0,0.0,0.0,4,4,1,1,4,4,1,1,4,4,4,4,4,4,4,4,0.0,0.0,0.023731,0.0,0.0,0.0,1.0,0.266483364356009,0.266483364356009,n/a,2026-08-05,2026-08-05,,,,,,
COST,LONG,0.25596909863138073,2.5596909863138073,3.86,3.5378,watchlist_reeval_failed,"momentum_aligned, not_extended, retest_and_confirm, room_to_target","confirmation_volume, trend_aligned",5.5,POSITIVE,retest_and_confirm,51097868.18,947.6,1000.0,900.0,5.44,5.1,155606.0,205769.0,1.322,179660.0,68666.0,113049.0,40.0,0.223,0.0,0.97,0.68,1.4,0.8,0.0,False,default,2.5,False,2,1.0,99.0,2e-06,1e-06,17248.829842322422,3.605938605535193e-11,1.193548,0,0,0.0,0.0,4,4,1,1,4,4,1,1,4,4,4,4,4,4,4,4,0.0,0.0,0.528596,0.504638,0.0,0.0,1.0,0.25596909863138073,0.25596909863138073,n/a,2026-08-05,2026-08-05,,4.682927,,,,
TXN,LONG,0.25000039347952224,2.5000039347952225,4.77,4.081,watchlist_reeval_failed,"ema_pullback, momentum_aligned, not_extended, room_to_target","confirmation_volume, trend_aligned",7.0,NEGATIVE,ema_pullback,-7909542.0,285.54,300.0,220.0,5.14,22.9,147049.0,127864.0,0.87,94382.0,72478.0,108053.0,69.1,0.453,0.0,0.96,0.69,1.2,1.92,0.0,False,default,2.5,False,2,1.0,5.303468442836948e-16,3e-06,1e-06,4.259757762654812e-13,803.2022455810388,4.618625,0,0,0.0,0.0,4,4,1,1,4,4,1,1,4,4,4,4,4,4,4,4,0.0,0.0,0.083257,0.25579,0.0,0.0,1.0,0.25000039347952224,0.25000039347952224,n/a,2026-08-05,2026-08-05,,10.305085,,,,
UBER,LONG,0.2462731376804836,2.462731376804836,5.62,3.7774,watchlist_reeval_failed,"confirmation_volume, momentum_aligned, not_extended, room_to_target, support_ema_confluence",trend_aligned,4.3,POSITIVE,support_ema_confluence,64246277.9,74.77,80.0,60.0,6.94,19.8,671710.0,684204.0,1.019,366815.0,236225.0,752874.0,13.4,0.333,0.0,0.57,1.0,1.6,1.86,0.59,False,consolidation_break,3.0,False,1,1.0,99.0,2e-06,0.0,1.3993946509402391e-06,0.0,38.25228,0,0,0.0,0.0,4,4,1,1,4,4,1,1,4,4,4,4,4,4,4,4,0.0,0.0,0.03043,0.0,0.0,0.0,1.0,0.2462731376804836,0.2462731376804836,n/a,2026-08-05,2026-08-05,,,,,,
EYE,SHORT,0.676516373854376,6.765163738543761,3.04,5.4746,watchlist_reeval_failed,"momentum_aligned, not_extended, room_to_target","confirmation_volume, continuation_pattern, trend_aligned",5.9,NEUTRAL,unknown,,,25.0,10.0,10.94,55.62,11525.0,854.0,0.074,662.0,10660.0,1057.0,80.0,0.694,0.0,0.46,1.0,0.0,1.55,0.04,False,default,2.5,False,1,1.0,0.0,0.0,0.000513,0.0,354213.0159856778,,0,0,0.0,0.0,4,4,1,1,4,4,1,1,4,4,4,4,4,4,4,4,0.0,7.3e-05,0.0,0.380596,0.0,0.0,1.0,0.676516373854376,0.676516373854376,n/a,2026-08-05,2026-08-05,,51.546392,,,,
CAPR,SHORT,0.5370719294099315,5.370719294099315,5.8,5.4054,watchlist_reeval_failed,"momentum_aligned, not_extended, trend_aligned, trend_continuation","confirmation_volume, room_to_target",4.9,NEUTRAL,trend_continuation,,,30.0,3.0,630.82,26.92,139485.0,64076.0,0.459,102198.0,42970.0,58393.0,89.4,2.658,3.0,0.18,0.08,1.4,1.14,0.0,False,sustained_trend,5.0,False,2,1.0,0.0,0.0,0.009337,0.0,1.1481741447815539e-13,,0,1,0.0,3e-06,4,4,1,1,4,4,1,1,4,4,4,4,4,4,4,4,0.0,0.0,0.0,0.02673,0.0,0.0,1.0,0.5370719294099315,0.5370719294099315,n/a,2026-08-05,2026-08-05,,2.388963,,,,
LPX,SHORT,0.5065163738543761,5.065163738543761,3.03,4.5016,watchlist_reeval_failed,"ema_rally, not_extended, room_to_target","confirmation_volume, momentum_aligned, trend_aligned",5.3,NEUTRAL,ema_rally,,,95.0,65.0,21.41,16.93,6409.0,6398.0,0.998,11531.0,67.0,1209.0,13.3,0.393,0.0,0.62,0.82,1.2,0.27,0.13,False,default,2.5,False,1,1.0,0.0,0.0,0.00041,0.0,1.6525096379589225e-29,,0,0,0.0,0.0,4,4,1,1,4,4,1,1,4,4,4,4,4,4,4,4,0.0,0.0,0.0,0.476582,0.0,0.0,1.0,0.5065163738543761,0.5065163738543761,n/a,2026-08-05,2026-08-05,,250.0,,,,
PACS,SHORT,0.5027834400455808,5.027834400455808,1.99,3.9509,watchlist_reeval_failed,"not_extended, room_to_target","confirmation_volume, continuation_pattern, momentum_aligned, trend_aligned",4.2,NEUTRAL,unknown,,,50.0,35.0,3.89,27.28,51262.0,8406.0,0.164,7851.0,2591.0,49226.0,0.4,0.507,0.0,0.56,1.0,0.0,0.26,0.17,False,default,2.5,False,1,1.0,0.0,0.0,6.3e-05,0.0,3.7099185863128446e-30,,0,0,0.0,0.0,4,4,1,1,4,4,1,1,4,4,4,4,4,4,4,4,0.0,0.0,0.0,0.151778,0.0,0.0,1.0,0.5027834400455808,0.5027834400455808,n/a,2026-08-05,2026-08-05,,10.75895,,,,
WSM,SHORT,0.46664117142653755,4.666411714265376,1.48,3.9372,watchlist_reeval_failed,"not_extended, room_to_target","confirmation_volume, continuation_pattern, momentum_aligned, trend_aligned",5.8,NEUTRAL,unknown,,,260.0,220.0,3.54,12.39,11300.0,11951.0,1.058,10529.0,7332.0,5390.0,65.0,0.433,0.0,0.11,1.0,0.0,0.19,0.19,False,default,2.5,False,1,1.0,0.0,0.0,1.9e-05,0.0,1.5682664124081365e-55,,0,0,0.0,0.0,4,4,1,1,4,4,1,1,4,4,4,4,4,4,4,4,0.0,0.0,0.0,0.33393,0.0,0.0,1.0,0.46664117142653755,0.46664117142653755,n/a,2026-08-05,2026-08-05,,1014.0,,,,
ITT,SHORT,0.4218614945022064,4.218614945022064,3.61,4.7523,watchlist_reeval_failed,"momentum_aligned, not_extended, room_to_target, volume_capitulation_reversal","confirmation_volume, trend_aligned",7.8,NEUTRAL,unknown,,,220.0,190.0,3.15,10.91,4728.0,9808.0,2.074,4661.0,9729.0,146.0,35.2,0.319,0.0,0.24,1.0,1.4,0.94,0.04,False,default,2.5,False,1,1.0,0.0,0.0,1.6e-05,0.0,117221.51904699035,,0,0,0.0,0.0,4,4,1,1,4,4,1,1,4,4,4,4,4,4,4,4,0.0,4e-06,0.0,0.587962,0.0,0.0,1.0,0.4218614945022064,0.4218614945022064,n/a,2026-08-05,2026-08-05,,,,,,
FISV,SHORT,0.3951185774261095,3.951185774261095,5.93,4.9946,watchlist_reeval_failed,"ema_rally, momentum_aligned, not_extended, room_to_target, trend_aligned",confirmation_volume,6.2,NEGATIVE,ema_rally,-12908036.32,52.24,55.0,50.0,4.8,4.73,296797.0,284744.0,0.959,95253.0,307507.0,178781.0,14.9,0.387,1.62,0.93,0.77,1.2,1.17,0.23,False,default,2.5,False,1,1.0,0.0,0.0,5.4e-05,0.0,1.3011608281188502e-22,,0,0,0.0,0.0,4,4,1,1,4,4,1,1,4,4,4,4,4,4,4,4,0.0,0.0,0.0,0.207564,0.0,0.0,1.0,0.3951185774261095,0.3951185774261095,n/a,2026-08-05,2026-08-05,,9615.0,,,,
CRS,SHORT,0.3935825529313695,3.935825529313695,3.61,4.4109,watchlist_reeval_failed,"ema_rally, not_extended, room_to_target","confirmation_volume, momentum_aligned, trend_aligned",6.8,NEUTRAL,ema_rally,,,680.0,440.0,19.38,22.75,7764.0,6172.0,0.795,6078.0,3991.0,3867.0,51.1,0.511,0.0,0.9,1.0,1.2,0.49,0.02,False,default,2.5,False,2,1.0,0.0,0.0,9e-05,0.0,2.2734022056790116e-18,,0,0,0.0,0.0,4,4,1,1,4,4,1,1,4,4,4,4,4,4,4,4,0.0,0.0,0.0,0.79747,0.0,0.0,1.0,0.3935825529313695,0.3935825529313695,n/a,2026-08-05,2026-08-05,,,,,,
HNGE,SHORT,0.36367773704214895,3.6367773704214894,1.85,3.0934,watchlist_reeval_failed,"confirmation_volume, not_extended, room_to_target","continuation_pattern, momentum_aligned, trend_aligned",3.6,NEUTRAL,unknown,,,90.0,85.0,0.9,4.7,30936.0,32240.0,1.042,27466.0,16450.0,19260.0,8.0,0.507,0.0,0.24,1.0,0.0,0.16,0.45,False,default,2.5,False,1,1.0,0.0,0.0,8.3e-05,0.0,2.4761733433809304e-30,,0,0,0.0,0.0,4,4,1,1,4,4,1,1,4,4,4,4,4,4,4,4,0.0,0.0,0.0,0.547938,0.0,0.0,1.0,0.36367773704214895,0.36367773704214895,n/a,2026-08-05,2026-08-05,,20.253165,,,,
SANM,SHORT,0.3621025614978309,3.6210256149783087,5.56,4.7985,watchlist_reeval_failed,"not_extended, retest_and_confirm, room_to_target, trend_aligned","confirmation_volume, momentum_aligned",6.6,NEUTRAL,retest_and_confirm,,,240.0,185.0,18.34,8.78,14612.0,8635.0,0.591,14131.0,7950.0,1166.0,53.3,0.697,1.75,1.0,1.0,1.4,0.41,0.0,False,sustained_trend,5.0,False,1,1.0,0.0,0.0,6.5e-05,0.0,0.2390119341338731,,0,0,0.0,0.0,4,4,1,1,4,4,1,1,4,4,4,4,4,4,4,4,0.0,0.0,0.0,0.712567,0.0,0.0,1.0,0.3621025614978309,0.3621025614978309,n/a,2026-08-05,2026-08-05,,58.5,,,,
CHTR,SHORT,0.33198606309791506,3.3198606309791505,3.12,4.0159,watchlist_reeval_failed,"bounce_and_fail, momentum_aligned, not_extended, room_to_target","confirmation_volume, trend_aligned",7.1,NEUTRAL,bounce_and_fail,,,400.0,140.0,162.28,8.2,148664.0,73488.0,0.494,45100.0,41257.0,135795.0,45.0,0.527,0.0,0.43,1.0,1.0,0.67,0.01,False,default,2.5,False,2,0.7,0.0,0.0,0.000116,0.0,6.9365009572498455e-06,,0,0,0.0,0.268539,4,4,1,1,4,4,1,1,4,4,4,4,4,4,4,4,0.0,0.0,0.0,0.610124,0.0,0.0,1.0,0.33198606309791506,0.33198606309791506,n/a,2026-08-05,2026-08-05,,18.78233,,,,
HUBB,SHORT,0.3248985571427919,3.2489855714279194,1.74,3.6865,watchlist_reeval_failed,"not_extended, room_to_target","confirmation_volume, continuation_pattern, momentum_aligned, trend_aligned",7.7,NEUTRAL,unknown,,,520.0,390.0,1.24,24.07,5017.0,13078.0,2.607,2955.0,10667.0,4473.0,40.0,0.346,0.0,0.5,0.95,0.0,0.29,0.0,False,default,2.5,False,1,1.0,0.0,0.0,1.4e-05,0.0,1.2602594158671937e-37,,0,0,0.0,0.0,4,4,1,1,4,4,1,1,4,4,4,4,4,4,4,4,0.0,0.0,0.0,0.78369,0.0,0.0,1.0,0.3248985571427919,0.3248985571427919,n/a,2026-08-05,2026-08-05,,,,,,
VIAV,SHORT,0.3125353756770818,3.125353756770818,5.98,4.8767,watchlist_reeval_failed,"momentum_aligned, not_extended, retest_and_confirm, room_to_target, trend_aligned",confirmation_volume,7.6,NEUTRAL,retest_and_confirm,,,50.0,25.0,27.88,36.06,79314.0,36049.0,0.455,19462.0,34124.0,61777.0,50.4,0.861,1.89,0.94,0.72,1.4,0.91,0.13,False,default,2.5,False,1,0.7,0.0,0.0,6e-05,0.0,16048.92215553559,,0,0,0.0,0.0,4,4,1,1,4,4,1,1,4,4,4,4,4,4,4,4,0.0,1e-06,0.0,0.407054,0.0,0.0,1.0,0.3125353756770818,0.3125353756770818,n/a,2026-08-05,2026-08-05,,9.911765,,,,
XPEV,SHORT,0.304224580898076,3.04224580898076,3.76,3.7291,watchlist_reeval_failed,"momentum_aligned, not_extended, room_to_target, trend_aligned","confirmation_volume, continuation_pattern",5.4,POSITIVE,unknown,4002968.28,12.12,13.0,10.0,7.39,17.39,450816.0,153491.0,0.34,96697.0,270654.0,236956.0,58.8,0.592,1.87,0.53,0.26,0.0,0.93,0.16,False,default,2.5,False,1,0.7,0.0,0.0,4.9e-05,0.0,1.9569313601320033e-30,,0,0,0.0,0.0,4,4,1,1,4,4,1,1,4,4,4,4,4,4,4,4,0.0,0.0,0.0,0.748664,0.0,0.0,1.0,0.304224580898076,0.304224580898076,n/a,2026-08-05,2026-08-05,,14.003876,,,,
NVO,SHORT,0.27696752876983755,2.7696752876983757,3.93,3.0838,watchlist_reeval_failed,"ema_rally, momentum_aligned, not_extended, room_to_target","confirmation_volume, trend_aligned",2.6,POSITIVE,ema_rally,15009441.56,47.15,50.0,45.0,5.97,4.63,911832.0,596009.0,0.654,308774.0,353028.0,846039.0,0.0,0.328,0.0,0.84,1.0,1.2,0.72,0.17,False,default,2.5,False,2,1.0,0.0,0.0,1.5e-05,0.0,6106.735731492035,,0,0,0.0,0.0,4,4,1,1,4,4,1,1,4,4,4,4,4,4,4,4,0.0,0.0,0.0,0.790935,0.0,0.0,1.0,0.27696752876983755,0.27696752876983755,n/a,2026-08-05,2026-08-05,,1.517385,,,,
MPWR,SHORT,0.2436773459460789,2.436773459460789,3.51,3.4114,watchlist_reeval_failed,"ema_rally, not_extended, room_to_target","confirmation_volume, momentum_aligned, trend_aligned",5.7,NEUTRAL,ema_rally,,,1600.0,1000.0,14.58,28.39,7952.0,9274.0,1.166,4734.0,4626.0,7866.0,65.5,0.635,0.0,0.82,1.0,1.2,0.49,0.0,False,default,2.5,False,1,0.7,0.0,0.0,7e-06,0.0,317796.8805684794,1.55,0,0,0.0,0.0,4,4,1,1,4,4,1,1,4,4,4,4,4,4,4,4,0.0,2e-06,0.0,0.351337,0.0,0.0,1.0,0.2436773459460789,0.2436773459460789,n/a,2026-08-05,2026-08-05,,28.0,,,,
TRIP,LONG,0.5344681148288596,5.344681148288596,3.31,4.9053,watchlist_reeval_failed,"confirmation_volume, room_to_target, trend_continuation","momentum_aligned, not_extended, trend_aligned",6.2,NEUTRAL,trend_continuation,,,20.0,8.0,85.79,25.69,136378.0,108540.0,0.796,30894.0,30553.0,183471.0,22.7,0.505,0.0,0.0,1.0,1.4,0.28,0.64,True,default,2.5,False,2,1.0,99.0,0.000798,0.0,1.8236301875508932e-24,0.0,38.526881,1,0,0.0,0.0,4,4,1,1,4,4,1,1,4,4,4,4,4,4,4,4,0.0,0.0,0.360029,0.0,0.0,0.0,1.0,0.5344681148288596,0.5344681148288596,n/a,2026-08-07,2026-08-07,,,,,,
SRRK,LONG,0.5065163738543761,5.065163738543761,6.82,5.9186,watchlist_reeval_failed,"momentum_aligned, not_extended, room_to_target, support_ema_confluence, trend_aligned",confirmation_volume,6.7,NEUTRAL,support_ema_confluence,,,60.0,45.0,13.53,14.85,13296.0,5881.0,0.442,7810.0,5631.0,5736.0,28.2,0.562,1.84,0.79,0.69,1.6,1.79,0.1,False,sustained_trend,5.0,False,1,1.0,99.0,0.000197,0.0,2.0251638452070432e-20,0.0,272.727273,0,0,0.0,0.0,4,4,1,1,4,4,1,1,4,4,4,4,4,4,4,4,0.0,0.0,0.203258,0.0,0.0,0.0,1.0,0.5065163738543761,0.5065163738543761,n/a,2026-08-07,2026-08-07,,,,,,
ROK,LONG,0.5065163738543761,5.065163738543761,3.25,4.6676,watchlist_reeval_failed,"ema_pullback, not_extended, room_to_target","confirmation_volume, momentum_aligned, trend_aligned",5.8,NEUTRAL,ema_pullback,,,560.0,380.0,27.02,13.81,10626.0,12131.0,1.142,11474.0,5314.0,5969.0,25.8,0.314,0.0,0.53,1.0,1.2,0.28,0.25,False,default,2.5,False,1,1.0,99.0,4.5e-05,0.0,7.60345609289875e-31,0.0,7.156425,0,0,0.0,0.0,4,4,1,1,4,4,1,1,4,4,4,4,4,4,4,4,0.0,0.0,0.342728,0.0,0.0,0.0,1.0,0.5065163738543761,0.5065163738543761,n/a,2026-08-07,2026-08-07,,,,,,
CXW,LONG,0.5065163738543761,5.065163738543761,6.73,5.8716,watchlist_reeval_failed,"momentum_aligned, not_extended, room_to_target, trend_aligned, volume_capitulation_reversal",confirmation_volume,6.6,NEUTRAL,unknown,,,34.0,13.0,4.62,60.0,93837.0,15641.0,0.167,51902.0,23200.0,34376.0,44.1,0.435,2.26,0.61,1.0,1.4,1.45,0.0,False,consolidation_break,3.0,False,3,1.0,5.647894294116791e-26,0.001027,0.000178,3.763174497893833e-57,3.3314845338144844e-32,3.313478,0,0,0.0,0.0,4,4,1,1,4,4,1,1,4,4,4,4,4,4,4,4,0.0,0.0,0.903551,0.418642,0.0,0.0,1.0,0.5065163738543761,0.5065163738543761,n/a,2026-08-07,2026-08-07,,2.330373,,,,
TPL,LONG,0.4320799959538361,4.320799959538361,1.48,4.1044,watchlist_reeval_failed,"confirmation_volume, room_to_target","continuation_pattern, momentum_aligned, not_extended, trend_aligned",7.5,NEUTRAL,unknown,,,560.0,300.0,64.2,12.04,16552.0,12647.0,0.764,3947.0,17118.0,8134.0,32.3,0.459,0.0,0.0,1.0,0.0,0.0,0.48,True,default,2.5,False,1,1.0,99.0,2.1e-05,0.0,3.4776347323666364e-11,0.0,8.111111,0,0,0.0,0.0,4,4,1,1,4,4,1,1,4,4,4,4,4,4,4,4,0.0,0.0,0.819098,0.0,0.0,0.0,1.0,0.4320799959538361,0.4320799959538361,n/a,2026-08-07,2026-08-07,,,,,,
CW,LONG,0.3867070521671241,3.867070521671241,3.12,4.0295,watchlist_reeval_failed,"confirmation_volume, not_extended, pullback_to_support, room_to_target","momentum_aligned, trend_aligned",5.8,NEUTRAL,pullback_to_support,,,770.0,610.0,11.33,11.81,1554.0,1530.0,0.985,874.0,1221.0,989.0,76.4,0.435,0.0,0.5,0.64,1.4,0.12,0.47,False,default,2.5,False,2,1.0,1.8892126993287137e-13,1.9e-05,1.1e-05,6.811115597365832e-11,360.52666805521676,,0,0,0.0,0.0,4,4,1,1,4,4,1,1,4,4,4,4,4,4,4,4,0.0,0.0,0.766599,0.844174,0.0,0.0,1.0,0.3867070521671241,0.3867070521671241,n/a,2026-08-07,2026-08-07,,3.333333,,,,
GEO,LONG,0.3729797833890629,3.729797833890629,6.39,4.8219,watchlist_reeval_failed,"momentum_aligned, not_extended, room_to_target, trend_aligned, volume_capitulation_reversal",confirmation_volume,5.2,NEUTRAL,unknown,,,40.0,8.0,28.82,74.24,168842.0,34677.0,0.205,71035.0,27050.0,105434.0,0.0,0.447,2.48,0.83,0.2,1.4,1.34,0.14,False,default,2.5,False,1,0.7,99.0,0.000122,0.0,12887.666430130153,0.0,62.5,0,0,0.0,0.0,4,4,1,1,4,4,1,1,4,4,4,4,4,4,4,4,1e-06,0.0,0.270111,0.0,0.0,0.0,1.0,0.3729797833890629,0.3729797833890629,n/a,2026-08-07,2026-08-07,,,,,,
NXPI,LONG,0.35835123044136835,3.5835123044136834,4.48,4.5758,watchlist_reeval_failed,"bounce_and_fail, momentum_aligned, not_extended, room_to_target","confirmation_volume, trend_aligned",7.2,NEUTRAL,bounce_and_fail,,,350.0,210.0,46.17,12.3,95947.0,32598.0,0.34,19765.0,23813.0,84967.0,64.1,0.485,0.0,0.55,1.0,1.0,1.92,0.0,False,default,2.5,False,2,1.0,99.0,2.2e-05,6e-06,3.802575840124478e-14,1.37664985918403e-19,2.3,0,1,0.0,0.0,4,4,1,1,4,4,1,1,4,4,4,4,4,4,4,4,0.0,0.0,0.060541,0.374462,0.0,0.0,1.0,0.35835123044136835,0.35835123044136835,n/a,2026-08-07,2026-08-07,,1.207493,,,,
TWLO,LONG,0.3389984985426856,3.389984985426856,6.87,5.056,watchlist_reeval_failed,"confirmation_volume, flag_breakout, momentum_aligned, room_to_target, trend_aligned",not_extended,6.5,NEUTRAL,flag_breakout,,,250.0,185.0,2.82,23.92,57490.0,39548.0,0.688,42465.0,18048.0,36525.0,44.3,0.545,1.61,0.0,1.0,1.6,1.66,1.0,True,consolidation_break,3.0,True,2,1.0,99.0,3.5e-05,0.0,3425.209658689303,0.0,15.751453,0,0,0.172522,0.0,4,4,1,1,4,4,1,1,4,4,4,4,4,4,4,4,0.0,0.0,0.539872,0.0,0.0,0.0,1.0,0.3389984985426856,0.3389984985426856,n/a,2026-08-07,2026-08-07,,3.013514,,,,
HWM,LONG,0.32339256317496745,3.2339256317496745,4.31,4.27,watchlist_reeval_failed,"ema_pullback, not_extended, room_to_target, trend_aligned","confirmation_volume, momentum_aligned",6.8,NEUTRAL,ema_pullback,,,350.0,220.0,23.97,22.07,24932.0,17659.0,0.708,11764.0,14185.0,16642.0,17.3,0.329,1.62,0.97,0.24,1.2,0.17,0.11,False,default,2.5,False,1,1.0,99.0,3e-06,0.0,4.777900261795673e-45,0.0,1520.5,0,0,0.0,0.0,4,4,1,1,4,4,1,1,4,4,4,4,4,4,4,4,0.0,0.0,0.080698,0.0,0.0,0.0,1.0,0.32339256317496745,0.32339256317496745,n/a,2026-08-07,2026-08-07,,,,,,
DUOL,LONG,0.2907837872728358,2.9078378727283583,6.16,4.2819,watchlist_reeval_failed,"confirmation_volume, momentum_aligned, not_extended, retest_and_confirm, room_to_target, trend_aligned",none,4.9,NEUTRAL,retest_and_confirm,,,800.0,60.0,510.97,54.18,57803.0,44777.0,0.775,39319.0,16020.0,47241.0,4.1,0.578,1.63,0.99,0.4,1.4,1.39,0.36,False,sustained_trend,5.0,False,1,0.7,99.0,0.000113,0.0,1334.1460715161968,0.0,189.2,0,0,0.0,0.0,4,4,1,1,4,4,1,1,4,4,4,4,4,4,4,4,0.0,0.0,0.026605,0.0,0.0,0.0,1.0,0.2907837872728358,0.2907837872728358,n/a,2026-08-07,2026-08-07,,,,,,
FLNC,LONG,0.281423628232785,2.81423628232785,3.88,3.4911,watchlist_reeval_failed,"not_extended, room_to_target, support_ema_confluence","confirmation_volume, momentum_aligned, trend_aligned",4.6,POSITIVE,support_ema_confluence,768857.9,,25.0,10.0,89.61,24.16,202293.0,68737.0,0.34,116383.0,9002.0,145645.0,11.7,1.026,0.0,0.64,1.0,1.6,0.37,0.28,False,default,2.5,False,1,0.7,99.0,0.000145,0.0,0.006733860549102999,0.0,8.265659,0,0,0.0,0.0,4,4,1,1,4,4,1,1,4,4,4,4,4,4,4,4,0.0,0.0,0.037796,0.0,0.0,0.0,1.0,0.281423628232785,0.281423628232785,n/a,2026-08-07,2026-08-07,,,,,,
ORCL,LONG,0.27348943392648933,2.7348943392648932,4.85,3.7824,watchlist_reeval_failed,"momentum_aligned, not_extended, room_to_target, support_ema_confluence","confirmation_volume, trend_aligned",4.8,POSITIVE,support_ema_confluence,96436026.43,146.42,200.0,120.0,36.49,18.11,1770591.0,1392685.0,0.787,846897.0,674087.0,1642292.0,65.2,0.633,0.0,0.48,1.0,1.6,1.77,0.0,False,default,2.5,False,2,1.0,0.12803787147742235,6e-06,3e-06,250.45379321157742,1956.091508876273,1012.666667,1,0,0.0,0.0,4,4,1,1,4,4,1,1,4,4,4,4,4,4,4,4,0.0,0.0,0.19241,0.515223,0.0,0.0,1.0,0.27348943392648933,0.27348943392648933,n/a,2026-08-07,2026-08-07,,284.25,,,,
OXY,LONG,0.2677196119153936,2.677196119153936,5.81,4.2016,watchlist_reeval_failed,"ema_pullback, momentum_aligned, not_extended, room_to_target, trend_aligned",confirmation_volume,5.6,POSITIVE,ema_pullback,50458699.38,,60.0,50.0,7.34,10.55,590119.0,279317.0,0.473,206928.0,166234.0,496274.0,27.3,0.338,1.59,0.83,0.9,1.2,1.21,0.08,False,default,2.5,False,1,1.0,99.0,1e-05,0.0,2.378734282835334e-30,0.0,2.06381,0,0,0.0,0.0,4,4,1,1,4,4,1,1,4,4,4,4,4,4,4,4,0.0,0.0,0.369132,0.0,0.0,0.0,1.0,0.2677196119153936,0.2677196119153936,n/a,2026-08-07,2026-08-07,,,,,,
ENPH,LONG,0.2598515394276878,2.5985153942768777,4.77,3.9103,watchlist_reeval_failed,"momentum_aligned, not_extended, retest_and_confirm, room_to_target","confirmation_volume, trend_aligned",5.9,POSITIVE,retest_and_confirm,230465.17,41.79,60.0,35.0,43.1,16.53,248665.0,170079.0,0.684,99569.0,72213.0,246962.0,34.1,0.694,0.0,0.81,0.45,1.4,1.79,0.32,False,default,2.5,False,1,0.7,99.0,0.000109,0.0,817.7775368001078,0.0,2.298165,0,0,0.0,0.0,4,4,1,1,4,4,1,1,4,4,4,4,4,4,4,4,0.0,0.0,0.033219,0.0,0.0,0.0,1.0,0.2598515394276878,0.2598515394276878,n/a,2026-08-07,2026-08-07,,,,,,
XIFR,SHORT,0.5065163738543761,5.065163738543761,6.57,5.9236,watchlist_reeval_failed,"momentum_aligned, not_extended, room_to_target, trend_aligned, trend_continuation",confirmation_volume,7.1,NEUTRAL,trend_continuation,,,15.0,10.0,30.95,12.7,77407.0,112346.0,1.451,6788.0,63155.0,119810.0,28.2,0.413,1.82,0.61,1.0,1.4,1.74,0.0,False,default,2.5,False,1,1.0,0.0,0.0,0.000906,0.0,6.970144091012895e-05,,0,0,0.0,0.0,4,4,1,1,4,4,1,1,4,4,4,4,4,4,4,4,0.0,0.0,0.0,0.34179,0.0,0.0,1.0,0.5065163738543761,0.5065163738543761,n/a,2026-08-07,2026-08-07,,21.683673,,,,
CACI,SHORT,0.5065163738543761,5.065163738543761,1.4,4.2926,watchlist_reeval_failed,"confirmation_volume, room_to_target","continuation_pattern, momentum_aligned, not_extended, trend_aligned",6.7,NEUTRAL,unknown,,,680.0,570.0,5.0,11.98,4316.0,1558.0,0.361,867.0,1115.0,3892.0,26.4,0.372,0.0,0.0,1.0,0.0,0.02,0.38,True,default,2.5,False,1,1.0,0.0,0.0,5.4e-05,0.0,5.966367896685866e-16,,0,0,0.0,0.0,4,4,1,1,4,4,1,1,4,4,4,4,4,4,4,4,0.0,0.0,0.0,0.799951,0.0,0.0,1.0,0.5065163738543761,0.5065163738543761,n/a,2026-08-07,2026-08-07,,5.25,,,,
UTHR,SHORT,0.5065163738543761,5.065163738543761,3.29,4.6196,watchlist_reeval_failed,"confirmation_volume, ema_rally, not_extended, room_to_target","momentum_aligned, trend_aligned",5.5,NEUTRAL,ema_rally,,,550.0,480.0,2.1,10.9,26911.0,17810.0,0.662,38569.0,1304.0,4848.0,17.4,0.325,0.0,0.75,0.37,1.2,0.09,0.88,False,default,2.5,False,1,1.0,0.0,0.0,3e-05,0.0,2.4863208579230717e-19,,0,0,0.0,0.0,4,4,1,1,4,4,1,1,4,4,4,4,4,4,4,4,0.0,0.0,0.0,0.505954,0.0,0.0,1.0,0.5065163738543761,0.5065163738543761,n/a,2026-08-07,2026-08-07,,25.0,,,,
SWKS,SHORT,0.489349389434194,4.8934938943419395,1.26,4.1647,watchlist_reeval_failed,"not_extended, room_to_target","confirmation_volume, continuation_pattern, momentum_aligned, trend_aligned",6.7,NEUTRAL,unknown,,,95.0,55.0,35.24,21.7,78584.0,47322.0,0.602,62369.0,15849.0,47688.0,52.3,0.507,0.0,0.26,1.0,0.0,0.01,0.0,False,default,2.5,False,1,1.0,0.0,0.0,5.6e-05,0.0,282522.4864209658,,0,0,0.0,0.0,4,4,1,1,4,4,1,1,4,4,4,4,4,4,4,4,0.0,2.4e-05,0.0,0.85009,0.0,0.0,1.0,0.489349389434194,0.489349389434194,n/a,2026-08-07,2026-08-07,,2.770701,,,,
UMC,SHORT,0.3353730067699437,3.353730067699437,5.98,4.5509,watchlist_reeval_failed,"ema_rally, momentum_aligned, not_extended, room_to_target, trend_aligned",confirmation_volume,5.4,NEUTRAL,ema_rally,,,27.0,10.0,44.81,46.37,149871.0,68808.0,0.459,83917.0,75364.0,59398.0,69.2,0.737,1.83,0.58,1.0,1.2,1.31,0.07,False,default,2.5,False,1,1.0,0.0,0.0,6e-06,0.0,146391.758883593,,0,0,0.0,0.0,4,4,1,1,4,4,1,1,4,4,4,4,4,4,4,4,0.0,3e-06,0.0,0.85984,0.0,0.0,1.0,0.3353730067699437,0.3353730067699437,n/a,2026-08-07,2026-08-07,,155.5,,,,
ROST,SHORT,0.3173195903482016,3.173195903482016,1.74,3.1286,watchlist_reeval_failed,"momentum_aligned, not_extended, room_to_target","confirmation_volume, continuation_pattern, trend_aligned",5.1,NEUTRAL,unknown,,,260.0,195.0,1.97,23.52,15352.0,19091.0,1.244,13737.0,7625.0,13081.0,90.3,0.374,0.0,0.13,1.0,0.0,0.61,0.0,False,default,2.5,False,1,1.0,0.0,0.0,3e-06,0.0,138182.04610821584,,0,0,0.0,0.0,4,4,1,1,4,4,1,1,4,4,4,4,4,4,4,4,0.0,1e-06,0.0,0.572222,0.0,0.0,1.0,0.3173195903482016,0.3173195903482016,n/a,2026-08-07,2026-08-07,,1.259786,,,,
NEE,SHORT,0.3131005352176042,3.131005352176042,5.37,4.4565,watchlist_reeval_failed,"momentum_aligned, not_extended, trend_aligned, trend_continuation","confirmation_volume, room_to_target",6.4,NEGATIVE,trend_continuation,-4392829.08,84.73,105.0,75.0,23.87,11.52,272889.0,195815.0,0.718,69730.0,164469.0,234505.0,1.7,0.222,1.75,0.73,0.1,1.4,1.34,0.04,False,sustained_trend,5.0,False,1,1.0,0.0,0.0,4e-06,0.0,1.4307011079722648e-44,,0,1,0.0,0.0,4,4,1,1,4,4,1,1,4,4,4,4,4,4,4,4,0.0,0.0,0.0,0.521919,0.0,0.0,1.0,0.3131005352176042,0.3131005352176042,n/a,2026-08-07,2026-08-07,,1.781163,,,,
XOM,SHORT,0.2978861432952482,2.978861432952482,4.43,3.9784,watchlist_reeval_failed,"momentum_aligned, not_extended, pullback_to_resistance, room_to_target","confirmation_volume, trend_aligned",5.8,POSITIVE,pullback_to_resistance,78456494.27,152.31,170.0,130.0,11.53,14.71,636807.0,398350.0,0.626,193409.0,298818.0,542930.0,30.1,0.276,0.0,0.91,1.0,1.4,1.02,0.09,False,default,2.5,False,5,1.0,3.4922389238389552e-15,2e-06,6e-06,5.560743340789075e-13,238.84720355886688,4.646953,1,0,0.0,0.0,4,4,1,1,4,4,1,1,4,4,4,4,4,4,4,4,0.0,0.0,0.294762,0.151528,0.0,0.0,1.0,0.2978861432952482,0.2978861432952482,n/a,2026-08-07,2026-08-07,,1.733055,,,,
TE,SHORT,0.2879012091589419,2.879012091589419,5.63,3.7685,watchlist_reeval_failed,"confirmation_volume, not_extended, room_to_target, shooting_star_at_resistance, trend_aligned",momentum_aligned,3.2,POSITIVE,unknown,1329023.55,5.86,10.0,2.0,70.5,65.9,403982.0,132370.0,0.328,211140.0,130161.0,195051.0,95.8,1.57,1.75,0.9,0.92,1.2,0.43,0.43,False,default,2.5,False,1,1.0,0.0,0.0,0.000337,0.0,1.1888045173745038e-37,,0,0,0.0,0.0,4,4,1,1,4,4,1,1,4,4,4,4,4,4,4,4,0.0,0.0,0.0,0.016094,0.0,0.0,1.0,0.2879012091589419,0.2879012091589419,n/a,2026-08-07,2026-08-07,,2.578998,,,,
IESC,SHORT,0.28243405770928165,2.8243405770928165,3.14,3.2942,watchlist_reeval_failed,"bounce_and_fail, momentum_aligned, not_extended, room_to_target","confirmation_volume, trend_aligned",4.7,NEUTRAL,bounce_and_fail,,,950.0,500.0,24.26,34.6,2948.0,2351.0,0.797,2819.0,1357.0,1123.0,87.7,0.782,0.0,0.41,1.0,1.0,0.73,0.0,False,default,2.5,False,1,1.0,0.0,0.0,3.4e-05,0.0,0.01023152950908329,,0,0,0.0,0.0,4,4,1,1,4,4,1,1,4,4,4,4,4,4,4,4,0.0,0.0,0.0,0.623998,0.0,0.0,1.0,0.28243405770928165,0.28243405770928165,n/a,2026-08-07,2026-08-07,,,,,,
SEZL,LONG,0.4266740011247421,4.266740011247421,2.11,4.2264,watchlist_reeval_failed,"confirmation_volume, room_to_target","continuation_pattern, momentum_aligned, not_extended, trend_aligned",7.3,NEUTRAL,unknown,,,175.0,55.0,48.29,53.39,26946.0,16508.0,0.613,18401.0,8250.0,16803.0,52.6,0.802,0.0,0.0,1.0,0.0,0.11,1.0,True,default,2.5,False,3,0.7,1.6288136052956586,0.000237,6.2e-05,1.7721474339194856e-49,2.175997828306216e-49,46.469512,1,0,0.167401,0.0,4,4,1,1,4,4,1,1,4,4,4,4,4,4,4,4,0.0,0.0,0.592313,0.595135,0.0,0.0,1.0,0.4266740011247421,0.4266740011247421,n/a,2026-08-07,2026-08-07,,211.0,,,,
PH,LONG,0.33283848444923625,3.3283848444923625,6.71,4.9572,watchlist_reeval_failed,"momentum_aligned, not_extended, room_to_target, trend_aligned, trend_continuation",confirmation_volume,6.4,NEUTRAL,trend_continuation,,,1100.0,930.0,2.28,13.52,7297.0,4335.0,0.594,5619.0,1946.0,4067.0,41.7,0.298,2.02,0.43,1.0,1.4,1.62,0.24,False,sustained_trend,5.0,False,1,0.7,99.0,2e-06,0.0,7.719075783519753e-05,0.0,246.0,0,0,0.0,0.0,4,4,1,1,4,4,1,1,4,4,4,4,4,4,4,4,0.0,0.0,0.214946,0.0,0.0,0.0,1.0,0.33283848444923625,0.33283848444923625,n/a,2026-08-07,2026-08-07,,,,,,
MU,LONG,0.31510227212591363,3.151022721259136,4.53,4.5745,watchlist_reeval_failed,"ema_pullback, momentum_aligned, not_extended, room_to_target","confirmation_volume, trend_aligned",8.2,NEGATIVE,ema_pullback,-236141243.74,873.69,1000.0,500.0,14.37,42.81,1625314.0,1877611.0,1.155,1138110.0,628071.0,1736744.0,43.7,0.729,0.0,0.9,1.0,1.2,1.31,0.12,False,default,2.5,False,2,1.0,99.0,1e-06,0.0,38254.70981410601,0.0,4.285714,2,0,0.404873,0.0,4,4,1,1,4,4,1,1,4,4,4,4,4,4,4,4,0.0,0.0,0.181781,0.0,0.0,0.0,1.0,0.31510227212591363,0.31510227212591363,n/a,2026-08-07,2026-08-07,,,,,,
ETSY,LONG,0.3045239985154343,3.0452399851543435,6.8,4.9226,watchlist_reeval_failed,"confirmation_volume, momentum_aligned, not_extended, trend_aligned, volume_capitulation_reversal",room_to_target,6.8,NEUTRAL,unknown,,,90.0,35.0,5.37,59.02,115746.0,74779.0,0.646,76279.0,48431.0,65815.0,24.1,0.487,2.28,0.84,0.1,1.4,1.49,0.7,False,sustained_trend,5.0,False,1,1.0,99.0,4.6e-05,0.0,1.1257781892138113e-22,0.0,13.513966,0,0,0.0,0.0,4,4,1,1,4,4,1,1,4,4,4,4,4,4,4,4,0.0,0.0,0.114661,0.0,0.0,0.0,1.0,0.3045239985154343,0.3045239985154343,n/a,2026-08-07,2026-08-07,,,,,,
CVX,LONG,0.22090519997987215,2.2090519997987217,4.3,3.6545,watchlist_reeval_failed,"ema_pullback, not_extended, room_to_target, trend_aligned","confirmation_volume, momentum_aligned",6.3,POSITIVE,ema_pullback,46354696.08,186.1,210.0,170.0,12.75,8.72,348459.0,220111.0,0.632,168034.0,154853.0,245683.0,41.7,0.269,1.64,0.85,0.45,1.2,0.08,0.07,False,default,2.5,False,1,0.7,99.0,1e-06,0.0,6.472998945259212e-24,0.0,34.4,0,0,0.0,0.0,4,4,1,1,4,4,1,1,4,4,4,4,4,4,4,4,0.0,0.0,0.437786,0.0,0.0,0.0,1.0,0.22090519997987215,0.22090519997987215,n/a,2026-08-07,2026-08-07,,,,,,
SILJ,SHORT,0.49682978429848634,4.968297842984864,3.02,4.1901,watchlist_reeval_failed,"bounce_and_fail, confirmation_volume, not_extended, room_to_target","momentum_aligned, trend_aligned",4.0,POSITIVE,bounce_and_fail,14273404.38,,40.0,26.0,37.46,10.65,597742.0,116263.0,0.195,323931.0,39195.0,350879.0,10.2,0.541,0.0,0.01,1.0,1.0,0.09,0.92,False,default,2.5,False,1,1.0,0.0,0.0,0.001166,0.0,989838.805259982,,0,0,0.0,0.0,4,4,1,1,4,4,1,1,4,4,4,4,4,4,4,4,0.0,0.000458,0.0,0.444213,0.0,0.0,1.0,0.49682978429848634,0.49682978429848634,n/a,2026-08-07,2026-08-07,,82.0,,,,
ANET,SHORT,0.36660224914103756,3.6660224914103754,4.4,4.233,watchlist_reeval_failed,"momentum_aligned, not_extended, room_to_target, volume_capitulation_reversal","confirmation_volume, trend_aligned",5.4,POSITIVE,unknown,22976170.21,188.29,200.0,130.0,6.21,30.96,192606.0,146433.0,0.76,120084.0,61037.0,157918.0,52.1,0.556,0.0,0.67,0.9,1.4,1.28,0.14,False,default,2.5,False,6,1.0,0.2808407541501873,6e-06,1.1e-05,1820.9997084352608,3242.050310585321,22.732022,1,1,0.0,0.554554,4,4,1,1,4,4,1,1,4,4,4,4,4,4,4,4,0.0,0.0,0.063492,0.466258,0.0,0.0,1.0,0.36660224914103756,0.36660224914103756,n/a,2026-08-07,2026-08-07,,5.504961,,,,
IWM,SHORT,0.30186331811928635,3.0186331811928637,1.95,3.3743,watchlist_reeval_failed,"not_extended, room_to_target","confirmation_volume, continuation_pattern, momentum_aligned, trend_aligned",6.4,NEGATIVE,unknown,-136826043.85,,310.0,280.0,2.83,7.12,2787694.0,7320964.0,2.626,2856921.0,2053573.0,5198164.0,1.4,0.169,0.0,0.48,1.0,0.0,0.3,0.17,False,default,2.5,False,5,1.0,7.423834233843464,7e-06,5.3e-05,1006.1258184965726,90.35095942829547,37.425989,0,1,0.004616,0.206834,4,4,1,1,4,4,1,1,4,4,4,4,4,4,4,4,0.0,0.0,0.327647,0.424669,0.0,0.0,1.0,0.30186331811928635,0.30186331811928635,n/a,2026-08-07,2026-08-07,,6.778407,,,,
VOO,SHORT,0.25627105258865623,2.5627105258865623,1.52,2.6574,watchlist_reeval_failed,"not_extended, room_to_target","confirmation_volume, continuation_pattern, momentum_aligned, trend_aligned",4.6,NEUTRAL,unknown,,,720.0,540.0,1.32,24.01,68125.0,42370.0,0.622,38175.0,18384.0,53936.0,6.4,0.127,0.0,0.09,1.0,0.0,0.28,0.15,False,default,2.5,False,1,1.0,0.0,0.0,1e-06,0.0,541254.6509929302,,0,0,0.0,0.0,4,4,1,1,4,4,1,1,4,4,4,4,4,4,4,4,0.0,0.0,0.0,0.298956,0.0,0.0,1.0,0.25627105258865623,0.25627105258865623,n/a,2026-08-07,2026-08-07,,25.714286,,,,
DKS,LONG,0.49802266882332297,4.98022668823323,5.68,5.3341,watchlist_reeval_failed,"momentum_aligned, not_extended, room_to_target, support_ema_confluence","confirmation_volume, trend_aligned",5.7,NEUTRAL,support_ema_confluence,,,240.0,160.0,15.2,23.2,8882.0,25379.0,2.857,10418.0,14608.0,9235.0,80.2,0.473,0.0,0.95,1.0,1.6,1.84,0.29,False,default,2.5,False,1,1.0,99.0,5.1e-05,0.0,0.002461136675945902,0.0,127.290909,0,0,0.0,0.0,4,4,1,1,4,4,1,1,4,4,4,4,4,4,4,4,0.0,0.0,0.044698,0.0,0.0,0.0,1.0,0.49802266882332297,0.49802266882332297,n/a,2026-08-07,2026-08-07,,,,,,
VST,LONG,0.4520592847764973,4.5205928477649735,3.8,4.9203,watchlist_reeval_failed,"confirmation_volume, hammer_at_support, not_extended, room_to_target","momentum_aligned, trend_aligned",7.6,NEGATIVE,unknown,-21082842.35,,165.0,115.0,17.41,18.17,326860.0,238745.0,0.73,188567.0,162615.0,214423.0,26.1,0.501,0.0,0.46,1.0,1.2,0.52,0.62,False,default,2.5,False,2,1.0,3.7534267989959027e-32,0.000194,2.6e-05,9.24432289792303e-30,246.2902140624142,2.202077,0,0,0.0,0.0,4,4,1,1,4,4,1,1,4,4,4,4,4,4,4,4,0.0,0.0,0.210392,0.018669,0.0,0.0,1.0,0.4520592847764973,0.4520592847764973,n/a,2026-08-07,2026-08-07,,4.248636,,,,
JPM,LONG,0.2232533827491819,2.232533827491819,5.03,2.9253,watchlist_reeval_failed,"momentum_aligned, not_extended, trend_aligned, trend_continuation","confirmation_volume, room_to_target",1.5,POSITIVE,trend_continuation,258923946.64,357.1,360.0,270.0,0.86,24.36,327945.0,370053.0,1.128,174570.0,174648.0,348780.0,2.3,0.21,1.7,0.78,0.14,1.4,1.0,0.0,False,sustained_trend,5.0,False,1,0.7,99.0,1e-06,0.0,778580.4620940113,0.0,3.435393,0,0,0.0,0.0,4,4,1,1,4,4,1,1,4,4,4,4,4,4,4,4,0.0,0.0,0.349392,0.0,0.0,0.0,1.0,0.2232533827491819,0.2232533827491819,n/a,2026-08-07,2026-08-07,,,,,,
DRAM,SHORT,0.36028423771126056,3.6028423771126055,5.7,4.3714,watchlist_reeval_failed,"momentum_aligned, not_extended, trend_aligned, trend_continuation","confirmation_volume, room_to_target",4.3,NEGATIVE,trend_continuation,-13628483.17,50.38,60.0,50.0,18.92,0.9,1805232.0,1137845.0,0.63,1334510.0,617199.0,991368.0,15.4,0.753,1.97,0.84,0.13,1.4,1.28,0.07,False,sustained_trend,5.0,False,1,1.0,0.0,0.0,0.0,0.0,0.004739506738022223,,0,0,0.0,0.0,4,4,3,3,4,4,3,3,4,4,4,4,4,4,4,4,0.0,0.0,0.0,0.399371,0.0,0.0,1.0,0.36028423771126056,0.36028423771126056,n/a,2026-08-07,2026-08-07,,11.443243,,,,
CLSK,SHORT,0.34000016145586814,3.4000016145586813,5.78,4.774,watchlist_reeval_failed,"momentum_aligned, not_extended, trend_aligned, trend_continuation","confirmation_volume, room_to_target",6.7,NEGATIVE,trend_continuation,-326830.68,12.37,15.0,10.0,21.46,19.03,536102.0,300854.0,0.561,263753.0,154455.0,418748.0,13.3,0.877,1.56,0.79,0.0,1.4,1.8,0.22,False,sustained_trend,5.0,False,1,1.0,0.0,0.0,0.000615,0.0,3.4808504767476913e-16,,0,0,0.0,0.0,4,4,1,1,4,4,1,1,4,4,4,4,4,4,4,4,0.0,0.0,0.0,0.408963,0.0,0.0,1.0,0.34000016145586814,0.34000016145586814,n/a,2026-08-07,2026-08-07,,6.177324,,,,
SIL,SHORT,0.3305150259708822,3.3051502597088223,2.09,3.4996,watchlist_reeval_failed,"confirmation_volume, room_to_target","continuation_pattern, momentum_aligned, not_extended, trend_aligned",6.1,NEUTRAL,unknown,,,90.0,70.0,1.68,20.91,78394.0,28836.0,0.368,15324.0,29981.0,61925.0,12.3,0.497,0.0,0.0,1.0,0.0,0.09,1.0,True,default,2.5,False,1,1.0,0.0,0.0,0.000281,0.0,2.658418646472625e-42,,0,0,0.0,0.0,4,4,1,1,4,4,1,1,4,4,4,4,4,4,4,4,0.0,0.0,0.0,0.407671,0.0,0.0,1.0,0.3305150259708822,0.3305150259708822,n/a,2026-08-07,2026-08-07,,27.674419,,,,
SITM,SHORT,0.28746768602002026,2.8746768602002026,1.9,3.1073,watchlist_reeval_failed,"confirmation_volume, not_extended, room_to_target","continuation_pattern, momentum_aligned, trend_aligned",5.5,NEUTRAL,unknown,,,1100.0,700.0,52.01,3.27,5761.0,4844.0,0.841,4721.0,1256.0,4628.0,41.7,0.811,0.0,0.07,1.0,0.0,0.31,0.52,False,default,2.5,False,1,1.0,0.0,0.0,3.1e-05,0.0,539761.7805185757,,0,0,0.0,0.0,4,4,1,1,4,4,1,1,4,4,4,4,4,4,4,4,0.0,1e-05,0.0,0.375767,0.0,0.0,1.0,0.28746768602002026,0.28746768602002026,n/a,2026-08-07,2026-08-07,,,,,,
MELI,SHORT,0.2664187132160992,2.6641871321609925,5.19,3.8091,watchlist_reeval_failed,"momentum_aligned, not_extended, resistance_ema_confluence, room_to_target","confirmation_volume, trend_aligned",4.6,NEUTRAL,resistance_ema_confluence,,,2000.0,1600.0,9.87,12.11,33292.0,31096.0,0.934,23774.0,13723.0,26891.0,5.8,0.339,0.0,0.88,1.0,1.6,1.39,0.31,False,default,2.5,False,1,1.0,0.0,0.0,5e-06,0.0,407108.59979473084,,0,0,0.0,0.0,4,4,1,1,4,4,1,1,4,4,4,4,4,4,4,4,0.0,3e-06,0.0,0.655721,0.0,0.0,1.0,0.2664187132160992,0.2664187132160992,n/a,2026-08-07,2026-08-07,,3.6875,,,,
CRDO,SHORT,0.229841977246073,2.29841977246073,1.67,2.7702,watchlist_reeval_failed,"not_extended, room_to_target","confirmation_volume, continuation_pattern, momentum_aligned, trend_aligned",5.6,NEUTRAL,unknown,,,250.0,100.0,0.35,59.86,116824.0,108339.0,0.927,99778.0,17249.0,108136.0,64.9,1.067,0.0,0.57,1.0,0.0,0.01,0.08,False,default,2.5,False,2,0.7,0.2744676557812628,2.1e-05,7e-05,189.7568043650226,691.3630818352215,1.05848,0,0,0.0,0.0,4,4,1,1,4,4,1,1,4,4,4,4,4,4,4,4,0.0,0.0,0.434193,0.509173,0.0,0.0,1.0,0.229841977246073,0.229841977246073,n/a,2026-08-07,2026-08-07,,2.798913,,,,
ASML,SHORT,0.22886261967630392,2.288626196763039,3.33,3.4833,watchlist_reeval_failed,"ema_rally, not_extended, room_to_target","confirmation_volume, momentum_aligned, trend_aligned",6.7,NEUTRAL,ema_rally,,,2000.0,1400.0,15.12,19.42,90162.0,101945.0,1.131,75297.0,38825.0,77985.0,54.8,0.498,0.0,0.86,1.0,1.2,0.27,0.0,False,default,2.5,False,1,0.7,0.0,0.0,3e-06,0.0,1859354.7506473556,,0,0,0.0,0.0,4,4,1,1,4,4,1,1,4,4,4,4,4,4,4,4,0.0,2e-06,0.0,0.656647,0.0,0.0,1.0,0.22886261967630392,0.22886261967630392,n/a,2026-08-07,2026-08-07,,5.214286,,,,
KRE,LONG,0.2595520963403948,2.595520963403948,5.24,4.0498,watchlist_reeval_failed,"not_extended, room_to_target, trend_aligned, trend_continuation","confirmation_volume, momentum_aligned",5.9,NEGATIVE,trend_continuation,-59288634.78,,80.0,65.0,5.01,14.68,733424.0,1427238.0,1.946,629444.0,590351.0,940867.0,1.7,0.227,2.01,0.98,0.51,1.4,0.27,0.07,False,sustained_trend,5.0,False,1,1.0,99.0,0.0,0.0,46564.16283297149,0.0,5.623862,0,0,0.0,0.0,4,4,3,3,4,4,3,3,4,4,4,4,4,4,4,4,0.0,0.0,0.451141,0.0,0.0,0.0,1.0,0.2595520963403948,0.2595520963403948,n/a,2026-08-07,2026-08-07,,,,,,
GS,LONG,0.25236251035842727,2.5236251035842727,5.59,4.5788,watchlist_reeval_failed,"ema_pullback, momentum_aligned, not_extended, room_to_target, trend_aligned",confirmation_volume,8.2,NEGATIVE,ema_pullback,-24358924.66,,1100.0,800.0,5.82,23.04,257035.0,228894.0,0.891,121840.0,72854.0,291235.0,52.3,0.327,1.52,0.92,1.0,1.2,0.95,0.0,False,default,2.5,False,1,1.0,99.0,2e-06,0.0,0.0022028548682591696,0.0,2.193182,0,0,0.0,0.0,4,4,1,1,4,4,1,1,4,4,4,4,4,4,4,4,0.0,0.0,0.467174,0.0,0.0,0.0,1.0,0.25236251035842727,0.25236251035842727,n/a,2026-08-07,2026-08-07,,,,,,
COIN,LONG,0.22389014705472987,2.2389014705472987,5.32,4.2955,watchlist_reeval_failed,"momentum_aligned, not_extended, pullback_to_support, room_to_target","confirmation_volume, trend_aligned",7.9,NEGATIVE,pullback_to_support,-16558326.54,,200.0,140.0,30.27,8.81,632544.0,445932.0,0.705,334339.0,236769.0,507368.0,30.9,0.663,0.0,0.87,1.0,1.4,1.74,0.3,False,default,2.5,False,1,0.7,99.0,4.1e-05,0.0,0.005277979501652619,0.0,3.192661,0,0,0.0,0.0,4,4,1,1,4,4,1,1,4,4,4,4,4,4,4,4,0.0,0.0,0.37137,0.0,0.0,0.0,1.0,0.22389014705472987,0.22389014705472987,n/a,2026-08-07,2026-08-07,,,,,,
MTZ,SHORT,0.4155010553783914,4.155010553783914,5.67,4.7585,watchlist_reeval_failed,"momentum_aligned, not_extended, trend_aligned, trend_continuation","confirmation_volume, room_to_target",4.9,NEUTRAL,trend_continuation,,,290.0,260.0,6.48,4.53,28727.0,9727.0,0.339,21690.0,6496.0,10268.0,62.0,0.576,2.45,0.67,0.15,1.4,0.74,0.25,False,sustained_trend,5.0,False,2,1.0,99.0,2e-05,6.1e-05,298583.28255789477,256.09882448717303,5.373626,1,0,0.0,0.0,4,4,1,1,4,4,1,1,4,4,4,4,4,4,4,4,5e-06,0.0,0.348376,0.395752,0.0,0.0,1.0,0.4155010553783914,0.4155010553783914,n/a,2026-08-07,2026-08-07,,6.824561,,,,
SPCX,SHORT,0.2847446410948624,2.847446410948624,5.52,3.7997,watchlist_reeval_failed,"confirmation_volume, ema_rally, not_extended, room_to_target, trend_aligned",momentum_aligned,3.6,POSITIVE,ema_rally,32969289.15,131.16,330.0,100.0,151.26,23.86,2793056.0,2512881.0,0.9,2926715.0,1035626.0,1343596.0,77.6,0.852,1.82,0.75,0.7,1.2,0.05,1.0,False,default,2.5,False,2,1.0,0.0,0.0,0.0,0.0,592.642015975501,,0,2,0.0,0.084553,4,4,1,1,4,4,1,1,4,4,4,4,4,4,4,4,0.0,0.0,0.0,0.846936,0.0,0.0,1.0,0.2847446410948624,0.2847446410948624,n/a,2026-08-07,2026-08-07,,2.727309,,,,
GLD,LONG,0.29717472026394154,2.971747202639415,5.19,3.9629,watchlist_reeval_failed,"confirmation_volume, momentum_aligned, not_extended, room_to_target, trend_continuation",trend_aligned,4.6,POSITIVE,trend_continuation,1298373581.17,398.13,400.0,350.0,0.46,12.09,3013795.0,1401059.0,0.465,730046.0,1673622.0,2011186.0,41.7,0.235,0.0,0.15,1.0,1.4,1.84,0.79,False,consolidation_break,3.0,False,1,0.7,99.0,0.0,0.0,22076.792141306738,0.0,94.02521,0,0,0.0,0.0,4,4,3,3,4,4,3,3,4,4,4,4,4,4,4,4,0.0,0.0,0.231439,0.0,0.0,0.0,1.0,0.29717472026394154,0.29717472026394154,n/a,2026-08-07,2026-08-07,,,,,,
AVGO,LONG,0.2654637546257485,2.654637546257485,6.49,4.8343,watchlist_reeval_failed,"momentum_aligned, not_extended, room_to_target, support_ema_confluence, trend_aligned",confirmation_volume,7.8,NEGATIVE,support_ema_confluence,-176234.5,427.29,500.0,300.0,16.93,29.84,982173.0,1051516.0,1.071,480842.0,479847.0,1073000.0,51.1,0.491,1.73,0.27,1.0,1.6,1.89,0.0,False,default,2.5,False,4,1.0,0.5958512445056685,1e-06,0.0,394.5642850656679,662.1858873400646,15.587468,0,0,0.0,2e-06,4,4,1,1,4,4,1,1,4,4,4,4,4,4,4,4,0.0,0.0,0.014912,0.083415,0.0,0.0,1.0,0.2654637546257485,0.2654637546257485,n/a,2026-08-07,2026-08-07,,21.801786,,,,
STX,LONG,0.23899591264067485,2.3899591264067483,3.69,3.842,watchlist_reeval_failed,"ema_pullback, momentum_aligned, not_extended, room_to_target","confirmation_volume, trend_aligned",7.7,NEGATIVE,ema_pullback,-7767728.08,,1000.0,200.0,22.82,75.44,119898.0,164003.0,1.368,97189.0,45645.0,141067.0,54.6,0.807,0.0,0.85,0.46,1.2,0.85,0.33,False,default,2.5,False,1,1.0,99.0,2e-06,0.0,310167.69038073235,0.0,1.761905,0,0,0.0,0.0,4,4,1,1,4,4,1,1,4,4,4,4,4,4,4,4,0.0,0.0,0.104088,0.0,0.0,0.0,1.0,0.23899591264067485,0.23899591264067485,n/a,2026-08-07,2026-08-07,,,,,,
CRM,SHORT,0.33416453451848643,3.3416453451848644,1.58,3.0248,watchlist_reeval_failed,"not_extended, room_to_target","confirmation_volume, continuation_pattern, momentum_aligned, trend_aligned",4.4,POSITIVE,unknown,71994111.43,192.79,200.0,165.0,3.7,14.45,549265.0,434468.0,0.791,275602.0,276565.0,431566.0,76.7,0.52,0.0,0.34,0.79,0.0,0.35,0.1,False,default,2.5,False,5,1.0,2.3182927910309296e-26,5e-06,1.9e-05,8.887688036395209e-26,2.555814080309477,1.61011,0,2,3.5e-05,0.0,4,4,1,1,4,4,1,1,4,4,4,4,4,4,4,4,0.0,0.0,0.045012,0.450505,0.0,0.0,1.0,0.33416453451848643,0.33416453451848643,n/a,2026-08-07,2026-08-07,,1.584843,,,,
RBLX,LONG,0.3608483616693769,3.608483616693769,4.39,4.2012,watchlist_reeval_failed,"bounce_and_fail, confirmation_volume, momentum_aligned, not_extended, room_to_target",trend_aligned,5.4,POSITIVE,bounce_and_fail,887764.09,37.91,80.0,35.0,110.66,7.83,264364.0,160854.0,0.608,105777.0,109732.0,209709.0,14.0,0.613,0.0,0.21,1.0,1.0,1.81,0.37,False,default,2.5,False,2,1.0,99.0,7.4e-05,0.0,54.253596685120364,0.0,3.1104,1,0,0.112709,0.0,4,4,1,1,4,4,1,1,4,4,4,4,4,4,4,4,0.0,0.0,0.362202,0.0,0.0,0.0,1.0,0.3608483616693769,0.3608483616693769,n/a,2026-08-07,2026-08-07,,,,,,
AAOI,LONG,0.3032203386351322,3.032203386351322,5.66,4.7741,watchlist_reeval_failed,"confirmation_volume, momentum_aligned, not_extended, room_to_target, support_ema_confluence",trend_aligned,7.8,NEGATIVE,support_ema_confluence,-245785.52,135.56,150.0,50.0,10.58,63.14,184470.0,149927.0,0.813,140515.0,48484.0,145398.0,27.7,1.208,0.0,0.51,1.0,1.6,1.55,1.0,False,default,2.5,False,2,1.0,99.0,0.000158,0.0,0.000113718739358332,0.0,2.161729,0,0,0.335971,0.0,4,4,1,1,4,4,1,1,4,4,4,4,4,4,4,4,0.0,0.0,0.084462,0.0,0.0,0.0,1.0,0.3032203386351322,0.3032203386351322,n/a,2026-08-07,2026-08-07,,,,,,
MPWR,LONG,0.29742941368828696,2.9742941368828695,4.54,4.0291,watchlist_reeval_failed,"ema_pullback, momentum_aligned, not_extended, room_to_target","confirmation_volume, trend_aligned",5.9,NEUTRAL,ema_pullback,,,1600.0,1000.0,14.58,28.39,7952.0,9274.0,1.166,4734.0,4626.0,7866.0,65.5,0.635,0.0,0.82,1.0,1.2,1.51,0.0,False,default,2.5,False,1,1.0,99.0,7e-06,0.0,365589.3990584766,0.0,1.55,0,0,0.0,0.0,4,4,1,1,4,4,1,1,4,4,4,4,4,4,4,4,3e-06,0.0,0.593891,0.0,0.0,0.0,1.0,0.29742941368828696,0.29742941368828696,n/a,2026-08-07,2026-08-07,,,,,,
DASH,LONG,0.2800215498679842,2.800215498679842,7.12,4.2961,"wall_proximity (1.3%, 0.3 ATR)","confirmation_volume, momentum_aligned, not_extended, room_to_target, trend_aligned, trend_continuation",none,3.8,NEUTRAL,trend_continuation,,,220.0,200.0,1.28,7.93,138661.0,79312.0,0.572,71415.0,55309.0,91249.0,17.2,0.417,2.15,0.48,1.0,1.4,1.58,0.51,False,sustained_trend,5.0,False,1,0.7,99.0,7e-06,0.0,448491.77327572025,0.0,156.5,0,0,0.0,0.0,4,4,1,1,4,4,1,1,4,4,4,4,4,4,4,4,4e-06,0.0,0.713881,0.0,0.0,0.0,1.0,0.2800215498679842,0.2800215498679842,n/a,2026-08-07,2026-08-07,,,,,,
SOXS,LONG,0.27042378037971143,2.704237803797114,2.51,3.1651,watchlist_reeval_failed,"bounce_and_fail, not_extended, room_to_target","confirmation_volume, momentum_aligned, trend_aligned",5.3,NEUTRAL,bounce_and_fail,,,80.0,40.0,89.62,5.19,74761.0,42884.0,0.574,94315.0,11218.0,12112.0,100.0,2.747,0.0,0.57,0.6,1.0,0.13,0.21,False,default,2.5,False,1,1.0,99.0,0.000339,0.0,7.579409559912856e-05,0.0,2.132275,1,0,0.0,0.0,4,4,1,1,4,4,1,1,4,4,4,4,4,4,4,4,0.0,0.0,0.488095,0.0,0.0,0.0,1.0,0.27042378037971143,0.27042378037971143,n/a,2026-08-07,2026-08-07,,,,,,
AMD,LONG,0.2672766599205881,2.6727665992058807,3.61,3.6794,watchlist_reeval_failed,"ema_pullback, momentum_aligned, not_extended, room_to_target","confirmation_volume, trend_aligned",6.3,NEGATIVE,ema_pullback,-5030382.7,481.72,500.0,400.0,3.64,17.09,1551376.0,1749681.0,1.128,927588.0,568598.0,1804871.0,54.4,0.606,0.0,0.83,0.67,1.2,0.72,0.18,False,default,2.5,False,4,1.0,25.534169316349157,6e-06,2e-06,1007479.1051369662,39456.11437971832,16.091999,1,1,0.001108,0.016836,4,4,1,1,4,4,1,1,4,4,4,4,4,4,4,4,1e-06,0.0,0.305333,0.222782,0.0,0.0,1.0,0.2672766599205881,0.2672766599205881,n/a,2026-08-07,2026-08-07,,63.627688,,,,
LRCX,LONG,0.2520002007124923,2.5200020071249227,5.06,3.618,watchlist_reeval_failed,"momentum_aligned, not_extended, room_to_target, support_ema_confluence","confirmation_volume, trend_aligned",4.2,POSITIVE,support_ema_confluence,16971751.49,310.83,400.0,240.0,28.6,22.84,306003.0,348489.0,1.139,227233.0,129406.0,297853.0,68.2,0.688,0.0,1.0,1.0,1.6,1.46,0.0,False,default,2.5,False,2,1.0,52.897922482743006,6e-06,2e-06,0.0055276182092133365,0.00010449594142410078,1.064917,0,0,0.0,0.0,4,4,1,1,4,4,1,1,4,4,4,4,4,4,4,4,0.0,0.0,0.384125,0.003433,0.0,0.0,1.0,0.2520002007124923,0.2520002007124923,n/a,2026-08-07,2026-08-07,,1.260289,,,,
TSEM,SHORT,0.42314623577673194,4.231462357767319,2.7,4.2057,watchlist_reeval_failed,"ema_rally, not_extended, room_to_target","confirmation_volume, momentum_aligned, trend_aligned",6.4,NEUTRAL,ema_rally,,,300.0,180.0,18.61,28.83,46420.0,35256.0,0.76,32585.0,30971.0,18120.0,51.1,0.883,0.0,0.66,0.52,1.2,0.11,0.21,False,default,2.5,False,5,1.0,99.0,4.9e-05,0.000102,90941.52855080513,108.8862136133153,5.480357,1,0,0.000716,0.440703,4,4,1,1,4,4,1,1,4,4,4,4,4,4,4,4,0.0,0.0,0.048609,0.599606,0.0,0.0,1.0,0.42314623577673194,0.42314623577673194,n/a,2026-08-07,2026-08-07,,4.016987,,,,
HD,SHORT,0.31551548435657173,3.1551548435657173,1.59,3.0146,watchlist_reeval_failed,"not_extended, room_to_target","confirmation_volume, continuation_pattern, momentum_aligned, trend_aligned",4.8,NEUTRAL,unknown,,,400.0,300.0,12.7,15.47,136136.0,113385.0,0.833,80959.0,58570.0,109992.0,83.8,0.333,0.0,0.39,1.0,0.0,0.16,0.04,False,default,2.5,False,2,1.0,0.0,0.0,4e-06,0.0,5.4611210010285155e-17,,0,1,0.0,0.0,4,4,1,1,4,4,1,1,4,4,4,4,4,4,4,4,0.0,0.0,0.0,0.510647,0.0,0.0,1.0,0.31551548435657173,0.31551548435657173,n/a,2026-08-07,2026-08-07,,97.496805,,,,
