ticker,event_ts,option_type,strike,expiration_date,premium,contracts,volume,open_interest,underlying_price,alert_rule,is_sweep,is_floor,is_multileg,ask_side_premium,bid_side_premium,marketcap,dte,execution_side,direction,direction_confidence
MU,2026-06-24 18:47:24.513708+00:00,PUT,915.0,2026-07-02,659588,194,275,134,1018.585,REPEATEDHITS,False,False,False,659588,0,1186116842820.0,8,ASK,SHORT,1.0
PG,2026-06-24 18:45:32.365309+00:00,CALL,165.0,2027-06-17,549640,604,609,206,152.74,REPEATEDHITS,False,False,False,68250,328510,351292441821.0,358,BID,SHORT,0.5
NVTS,2026-06-24 18:41:55.700375+00:00,CALL,25.0,2026-09-18,1491000,7000,7236,1372,17.89,FLOORTRADEMIDCAP,False,True,False,0,1491000,5001461752.0,86,BID,SHORT,0.5
NVTS,2026-06-24 18:41:55.700375+00:00,CALL,23.0,2026-09-18,2570000,10000,10116,667,17.89,FLOORTRADEMIDCAP,False,True,False,2570000,0,5001461752.0,86,ASK,LONG,1.0
DIA,2026-06-24 18:39:48.960796+00:00,CALL,530.0,2026-07-24,542715,1119,1124,153,519.44,REPEATEDHITS,False,False,False,533985,8730,516.607058,30,ASK,LONG,1.0
PENG,2026-06-24 18:34:31.994836+00:00,PUT,55.0,2026-10-16,714990,572,720,13,63.94,REPEATEDHITSDESCENDINGFILL,False,False,False,714990,0,3398053136.0,114,ASK,SHORT,1.0
HBM,2026-06-24 18:32:00.244532+00:00,CALL,25.0,2027-01-15,740017,2000,2010,396,22.965,REPEATEDHITSASCENDINGFILL,True,False,False,0,740017,10030435460.0,205,BID,SHORT,0.5
SNDK,2026-06-24 18:15:36.840995+00:00,PUT,1775.0,2026-07-10,831700,67,85,10,1882.0,REPEATEDHITSASCENDINGFILL,True,False,False,112410,719290,290789048809.0,16,BID,LONG,0.5
DRAM,2026-06-24 18:01:35.697992+00:00,PUT,67.0,2026-07-10,756000,1400,2819,170,67.91,REPEATEDHITS,False,False,False,623700,132300,286480.0,16,ASK,SHORT,1.0
IBIT,2026-06-24 18:01:35.697992+00:00,CALL,35.0,2026-11-30,950000,2500,2500,432,33.625,REPEATEDHITS,False,False,False,950000,0,64762757065.0,159,ASK,LONG,1.0
IBM,2026-06-24 17:57:06.711151+00:00,CALL,265.0,2026-10-16,1027488,399,415,78,262.72,REPEATEDHITSASCENDINGFILL,False,False,False,2575,1012013,249013206083.0,114,BID,SHORT,0.5
BE,2026-06-24 17:53:35.865001+00:00,CALL,480.0,2026-08-21,1213269,563,687,445,325.3,REPEATEDHITS,False,False,False,0,1213269,91585236619.0,58,BID,SHORT,0.5
TLT,2026-06-24 17:52:52.820728+00:00,PUT,87.5,2026-07-17,552000,6000,6579,4,87.415,FLOORTRADELARGECAP,False,True,True,552000,0,41796351633.0,23,ASK,SHORT,1.0
EWY,2026-06-24 17:49:23.781412+00:00,PUT,125.0,2028-01-21,2340000,900,1800,458,192.81,FLOORTRADELARGECAP,False,True,False,2340000,0,22022827698.0,576,ASK,SHORT,1.0
DRAM,2026-06-24 17:43:25.728671+00:00,PUT,67.0,2026-07-10,734181,1397,1419,170,68.07,REPEATEDHITSASCENDINGFILL,False,False,False,0,700056,286480.0,16,BID,LONG,0.5
BE,2026-06-24 17:39:35.401327+00:00,CALL,480.0,2027-02-19,565980,74,131,57,323.26,REPEATEDHITSASCENDINGFILL,True,False,False,275065,283265,91585236619.0,240,BID,SHORT,0.5
MSTR,2026-06-24 17:38:02.057661+00:00,CALL,140.0,2026-10-16,724742,1098,1201,860,92.78,REPEATEDHITSASCENDINGFILL,False,False,False,0,724742,34351063468.0,114,BID,SHORT,0.5
GDX,2026-06-24 17:36:18.905522+00:00,PUT,65.0,2026-10-16,916080,2863,2876,385,74.28,REPEATEDHITSASCENDINGFILL,False,False,False,907760,0,52.3404,114,ASK,SHORT,1.0
QQQ,2026-06-24 17:34:51.368113+00:00,PUT,709.0,2026-07-10,1232578,696,2071,547,708.56,REPEATEDHITSASCENDINGFILL,False,False,False,0,1232578,480583204391.0,16,BID,LONG,0.5
BE,2026-06-24 17:29:52.835169+00:00,CALL,480.0,2026-07-17,549623,1409,2231,615,323.24,REPEATEDHITSASCENDINGFILL,False,False,False,0,549623,91585236619.0,23,BID,SHORT,0.5
QQQ,2026-06-24 17:24:16.126663+00:00,PUT,709.0,2026-07-10,1728000,1000,1063,547,709.125,REPEATEDHITS,False,False,False,67392,0,480583204391.0,16,ASK,SHORT,1.0
QQQ,2026-06-24 17:21:19.012573+00:00,CALL,700.0,2026-06-24,575469,600,1550,176,709.0038,REPEATEDHITSASCENDINGFILL,False,False,False,85420,490049,480583204391.0,0,BID,SHORT,0.5
QQQ,2026-06-24 17:20:37.093275+00:00,CALL,700.0,2026-06-24,585696,600,945,176,709.18,REPEATEDHITSDESCENDINGFILL,True,False,False,585696,0,480583204391.0,0,ASK,LONG,1.0
AVGO,2026-06-24 17:19:29.112093+00:00,CALL,380.0,2026-07-06,1850260,1303,2766,95,381.94,REPEATEDHITS,True,False,False,1850260,0,1808594112270.0,12,ASK,LONG,1.0
COIN,2026-06-24 17:15:56.139358+00:00,CALL,160.0,2028-12-15,853590,120,145,99,149.8899,REPEATEDHITS,False,False,False,503800,349790,35183483088.0,905,ASK,LONG,1.0
ASHR,2026-06-24 17:15:05.858722+00:00,CALL,33.0,2026-10-16,902055,2343,4213,68,35.875,REPEATEDHITS,False,False,False,902055,0,1114374024.0,114,ASK,LONG,1.0
SOXL,2026-06-24 17:09:42.707117+00:00,CALL,227.5,2026-06-26,513515,312,411,128,223.86,REPEATEDHITSDESCENDINGFILL,True,False,False,264000,249515,26046334885.0,2,ASK,LONG,1.0
SNDK,2026-06-24 17:07:59.319818+00:00,PUT,2155.0,2026-06-26,2001600,75,102,46,1905.5,REPEATEDHITSASCENDINGFILL,True,False,False,1012710,988890,290789048809.0,2,ASK,SHORT,1.0
COST,2026-06-24 17:07:15.226439+00:00,CALL,990.0,2026-10-16,505440,117,119,44,960.775,REPEATEDHITS,False,False,False,505440,0,424710781015.0,114,ASK,LONG,1.0
QBTS,2026-06-24 16:55:54.616439+00:00,PUT,20.0,2026-10-16,621820,1777,1791,374,22.94,REPEATEDHITS,False,False,False,621820,0,9179442153.0,114,ASK,SHORT,1.0
STX,2026-06-24 16:49:45.935070+00:00,PUT,850.0,2026-07-17,577919,168,183,159,981.9,REPEATEDHITS,True,False,False,540079,37840,232881988801.0,23,ASK,SHORT,1.0
SPY,2026-06-24 16:41:54.320221+00:00,CALL,692.0,2026-10-30,932880,138,139,1,736.46,REPEATEDHITS,False,False,False,0,932880,733.678488,128,BID,SHORT,0.5
NBIS,2026-06-24 16:41:26.080103+00:00,CALL,265.0,2026-07-17,859175,323,432,51,255.74,REPEATEDHITS,False,False,False,859175,0,60407765472.0,23,ASK,LONG,1.0
ASHR,2026-06-24 16:22:35.793025+00:00,CALL,33.0,2026-10-16,719886,1870,1870,68,35.925,REPEATEDHITS,False,False,False,719886,0,1114374024.0,114,ASK,LONG,1.0
LLY,2026-06-24 16:19:56.809134+00:00,CALL,1110.0,2026-09-18,814615,95,101,39,1108.13,REPEATEDHITS,False,False,False,797475,17140,1042583075754.0,86,ASK,LONG,1.0
BOOT,2026-06-24 16:18:06.237707+00:00,CALL,185.0,2026-07-17,1128000,1600,1600,117,179.55,FLOORTRADEMIDCAP,False,True,True,0,0,5267107414.0,23,MIXED,,0.0
BOOT,2026-06-24 16:18:06.237707+00:00,CALL,200.0,2026-07-17,844800,3200,3201,10,179.55,FLOORTRADEMIDCAP,False,True,True,0,844800,5267107414.0,23,BID,SHORT,0.5
CIEN,2026-06-24 16:14:52.824362+00:00,PUT,470.0,2026-07-17,587250,160,489,115,477.09,REPEATEDHITSASCENDINGFILL,True,False,False,0,587250,65093111182.0,23,BID,LONG,0.5
CLS,2026-06-24 16:14:06.371769+00:00,CALL,410.0,2026-10-16,3015997,520,520,11,369.24,REPEATEDHITS,False,False,False,3015997,0,40378555178.0,114,ASK,LONG,1.0
IGV,2026-06-24 16:12:58.712139+00:00,PUT,86.0,2026-12-18,651160,892,4543,47,87.145,REPEATEDHITS,True,False,False,600060,51100,13418002080.0,177,ASK,SHORT,1.0
IGV,2026-06-24 16:11:57.233506+00:00,PUT,86.0,2026-12-18,1256330,1721,1722,47,87.21,REPEATEDHITS,True,False,False,1223480,29200,13418002080.0,177,ASK,SHORT,1.0
XLE,2026-06-24 16:10:10.107039+00:00,CALL,54.0,2026-08-21,640872,3483,19998,1208,53.245,REPEATEDHITS,False,False,False,640688,184,54.440957,58,ASK,LONG,1.0
PLTR,2026-06-24 15:59:31.365568+00:00,CALL,110.0,2026-07-10,796330,1092,1321,74,114.14,REPEATEDHITSDESCENDINGFILL,False,False,False,336315,435365,267951524678.0,16,BID,SHORT,0.5
VRT,2026-06-24 15:53:01.057887+00:00,PUT,330.0,2026-10-16,1586610,306,306,88,321.805,REPEATEDHITS,False,False,False,0,1586610,122269518309.0,114,BID,LONG,0.5
MBLY,2026-06-24 15:50:39.350890+00:00,CALL,10.0,2027-01-15,1085000,10000,10001,3599,7.745,FLOORTRADESMALLCAP,False,True,True,1085000,0,1940655886.0,205,ASK,LONG,1.0
WEN,2026-06-24 18:49:26.587329+00:00,CALL,10.0,2026-07-02,15660,261,11048,60,8.045,REPEATEDHITS,True,False,False,0,14520,1191456403.0,8,BID,SHORT,0.5
WEN,2026-06-24 18:20:30.702003+00:00,CALL,8.5,2026-06-26,14630,266,17879,170,8.0299,REPEATEDHITS,False,False,False,0,14630,1191456403.0,2,BID,SHORT,0.5
WEN,2026-06-24 18:14:16.112856+00:00,PUT,8.0,2026-07-02,16531,174,1043,3,8.14,REPEATEDHITS,False,False,False,0,16531,1191456403.0,8,BID,LONG,0.5
WEN,2026-06-24 18:08:18.295915+00:00,CALL,8.5,2026-07-17,24978,200,1387,8,8.195,REPEATEDHITS,False,False,False,20728,0,1191456403.0,23,ASK,LONG,1.0
WEN,2026-06-24 17:47:21.628879+00:00,CALL,10.0,2026-07-02,12962,200,10192,60,8.19,REPEATEDHITS,False,False,False,12962,0,1191456403.0,8,ASK,LONG,1.0
WEN,2026-06-24 17:46:49.585120+00:00,CALL,15.0,2026-07-17,15168,474,1429,0,8.199,REPEATEDHITS,False,False,False,2368,12800,1191456403.0,23,BID,SHORT,0.5
WEN,2026-06-24 17:43:51.558931+00:00,CALL,12.0,2026-07-17,15149,297,3046,27,8.238,REPEATEDHITSASCENDINGFILL,False,False,False,0,15149,1191456403.0,23,BID,SHORT,0.5
WEN,2026-06-24 17:34:18.314808+00:00,CALL,12.0,2026-07-17,13725,305,2663,27,8.06,REPEATEDHITS,False,False,False,0,13545,1191456403.0,23,BID,SHORT,0.5
WEN,2026-06-24 17:33:46.666573+00:00,CALL,12.0,2026-07-17,11242,248,2206,27,8.05,REPEATEDHITSDESCENDINGFILL,False,False,False,96,11146,1191456403.0,23,BID,SHORT,0.5
WEN,2026-06-24 16:37:30.060862+00:00,CALL,8.0,2026-07-31,10303,81,759,54,7.975,REPEATEDHITSASCENDINGFILL,False,False,False,10303,0,1191456403.0,37,ASK,LONG,1.0
WEN,2026-06-24 16:22:02.959365+00:00,CALL,9.0,2026-06-26,27118,678,21125,332,7.865,REPEATEDHITS,True,False,False,27118,0,1191456403.0,2,ASK,LONG,1.0
WEN,2026-06-24 16:20:37.255742+00:00,CALL,9.0,2026-06-26,67353,1684,20200,332,7.855,REPEATEDHITS,False,False,False,67353,0,1191456403.0,2,ASK,LONG,1.0
WEN,2026-06-24 16:06:47.677984+00:00,CALL,9.0,2026-07-02,28435,517,3139,29,7.6589,REPEATEDHITS,False,False,False,28435,0,1191456403.0,8,ASK,LONG,1.0
WEN,2026-06-24 15:57:19.800164+00:00,CALL,10.0,2026-07-02,11920,266,6697,60,7.7993,REPEATEDHITSASCENDINGFILL,False,False,False,11920,0,1191456403.0,8,ASK,LONG,1.0
WEN,2026-06-24 15:57:19.800164+00:00,CALL,10.0,2026-07-02,12060,268,6965,60,7.8,REPEATEDHITS,False,False,False,12060,0,1191456403.0,8,ASK,LONG,1.0
WEN,2026-06-24 15:54:24.758328+00:00,CALL,8.5,2026-07-02,12000,200,4353,140,7.7414,REPEATEDHITS,True,False,False,0,12000,1191456403.0,8,BID,SHORT,0.5
WEN,2026-06-24 15:47:43.867203+00:00,CALL,9.0,2026-06-26,51757,1604,16820,332,7.715,REPEATEDHITSASCENDINGFILL,False,False,False,33000,18757,1191456403.0,2,ASK,LONG,1.0
WEN,2026-06-24 15:43:03.550456+00:00,CALL,11.0,2026-06-26,40000,2000,3688,13,7.8499,REPEATEDHITS,False,False,False,0,40000,1191456403.0,2,BID,SHORT,0.5
WEN,2026-06-24 15:15:34.992823+00:00,PUT,8.0,2026-07-02,21993,200,566,3,7.955,REPEATEDHITSASCENDINGFILL,False,False,False,21993,0,1191456403.0,8,ASK,SHORT,1.0
WEN,2026-06-24 15:06:04.265852+00:00,PUT,7.5,2026-06-26,11935,341,3142,104,8.2201,REPEATEDHITS,False,False,False,0,11935,1191456403.0,2,BID,LONG,0.5
WEN,2026-06-24 14:23:05.270344+00:00,CALL,11.0,2027-01-15,15870,138,793,125,8.14,REPEATEDHITS,False,False,False,15870,0,1191456403.0,205,ASK,LONG,1.0
WEN,2026-06-24 14:12:59.128341+00:00,CALL,7.0,2027-02-19,11250,50,116,30,7.94,REPEATEDHITS,False,False,False,9450,0,1191456403.0,240,ASK,LONG,1.0
WEN,2026-06-24 13:54:57.564421+00:00,CALL,8.5,2026-07-02,12000,150,1563,140,7.69,REPEATEDHITS,False,False,False,0,12000,1191456403.0,8,BID,SHORT,0.5
WEN,2026-06-24 13:52:12.359111+00:00,CALL,9.0,2026-06-26,108150,1492,6354,332,7.78,REPEATEDHITSASCENDINGFILL,True,False,False,92443,14667,1191456403.0,2,ASK,LONG,1.0
WEN,2026-06-24 13:41:49.512952+00:00,CALL,12.0,2026-06-26,10675,140,372,1,8.425,REPEATEDHITSDESCENDINGFILL,False,False,False,0,10675,1191456403.0,2,BID,SHORT,0.5
WEN,2026-06-24 13:40:51.092979+00:00,CALL,10.0,2026-07-10,17400,87,691,10,8.58,REPEATEDHITS,False,False,False,17400,0,1191456403.0,16,ASK,LONG,1.0
WEN,2026-06-24 13:40:51.092979+00:00,CALL,16.0,2026-06-26,11640,194,1444,1,8.58,REPEATEDHITS,False,False,False,0,11640,1191456403.0,2,BID,SHORT,0.5
WEN,2026-06-24 13:39:58.940158+00:00,CALL,10.0,2026-07-02,16396,100,1211,60,8.6599,REPEATEDHITSASCENDINGFILL,False,False,False,5011,11385,1191456403.0,8,BID,SHORT,0.5
WEN,2026-06-22 19:00:51.273808+00:00,CALL,7.0,2026-11-20,27499,500,768,454,6.185,REPEATEDHITS,False,False,False,27499,0,1191456403.0,151,ASK,LONG,1.0
WEN,2026-05-29 14:37:32.811018+00:00,PUT,8.0,2026-08-21,104000,1040,1040,737,7.69,REPEATEDHITS,False,False,False,102800,1200,1191456403.0,84,ASK,SHORT,1.0
RUN,2026-06-24 17:18:31.998218+00:00,PUT,15.0,2026-06-26,24882,858,1127,66,15.76,REPEATEDHITS,True,False,False,24215,667,3055816366.0,2,ASK,SHORT,1.0
RUN,2026-06-24 16:26:06.842480+00:00,CALL,16.5,2026-07-02,13206,186,3535,74,16.155,REPEATEDHITS,False,False,False,0,10295,3055816366.0,8,BID,SHORT,0.5
RUN,2026-06-24 16:08:07.171583+00:00,CALL,16.5,2026-07-02,13072,172,3090,74,16.065,REPEATEDHITS,True,False,False,0,12008,3055816366.0,8,BID,SHORT,0.5
RUN,2026-06-24 15:59:09.112598+00:00,CALL,16.5,2026-07-02,13608,168,2813,74,16.12,REPEATEDHITS,True,False,False,0,13608,3055816366.0,8,BID,SHORT,0.5
RUN,2026-06-24 15:38:01.119170+00:00,CALL,16.5,2026-07-02,16268,166,2048,74,16.375,REPEATEDHITS,False,False,False,16268,0,3055816366.0,8,ASK,LONG,1.0
RUN,2026-06-24 15:21:05.508295+00:00,CALL,16.5,2026-07-02,13328,136,1338,74,16.345,REPEATEDHITS,True,False,False,7056,3528,3055816366.0,8,ASK,LONG,1.0
RUN,2026-06-24 15:10:25.146544+00:00,CALL,18.0,2026-07-17,28700,287,2662,227,16.4601,REPEATEDHITS,False,False,False,100,28600,3055816366.0,23,BID,SHORT,0.5
RUN,2026-06-24 14:58:05.195331+00:00,CALL,16.5,2026-07-02,14504,148,602,74,16.2199,REPEATEDHITS,False,False,False,14504,0,3055816366.0,8,ASK,LONG,1.0
RUN,2026-06-24 14:53:25.225352+00:00,CALL,18.0,2026-07-17,29815,335,1422,227,16.3201,REPEATEDHITS,True,False,False,0,29815,3055816366.0,23,BID,SHORT,0.5
RUN,2026-06-24 14:37:48.750247+00:00,CALL,29.0,2026-11-20,13312,128,138,2,15.8257,REPEATEDHITS,True,False,False,13312,0,3055816366.0,149,ASK,LONG,1.0
RUN,2026-06-24 13:49:06.514958+00:00,CALL,17.0,2026-06-26,31575,421,3037,232,16.6948,REPEATEDHITS,False,False,False,17625,0,3055816366.0,2,ASK,LONG,1.0
RUN,2026-06-24 13:46:46.194863+00:00,CALL,17.0,2026-06-26,34554,691,2418,232,16.335,REPEATEDHITS,False,False,False,11154,23400,3055816366.0,2,BID,SHORT,0.5
RUN,2026-06-24 13:42:37.480005+00:00,CALL,16.5,2026-07-02,17399,174,224,74,15.9692,REPEATEDHITS,False,False,False,17300,0,3055816366.0,8,ASK,LONG,1.0
RUN,2026-06-24 13:42:28.039000+00:00,CALL,30.0,2026-11-20,25114,241,273,27,16.03,REPEATEDHITSASCENDINGFILL,True,False,False,25114,0,3055816366.0,149,ASK,LONG,1.0
RUN,2026-06-24 13:37:48.126177+00:00,CALL,16.0,2026-07-31,33574,184,193,20,15.849,REPEATEDHITSDESCENDINGFILL,False,False,False,17580,15994,3055816366.0,37,ASK,LONG,1.0
RUN,2026-06-24 13:32:11.502191+00:00,CALL,25.0,2026-08-21,32327,649,714,315,16.0401,REPEATEDHITSDESCENDINGFILL,True,False,False,26577,5700,3055816366.0,58,ASK,LONG,1.0
RUN,2026-06-24 13:31:05.725946+00:00,CALL,16.5,2026-06-26,17775,343,1258,107,15.745,REPEATEDHITSASCENDINGFILL,True,False,False,16767,1008,3055816366.0,2,ASK,LONG,1.0
RUN,2026-06-24 13:30:26.779285+00:00,CALL,16.5,2026-06-26,31892,876,890,107,15.57,REPEATEDHITSASCENDINGFILL,False,False,False,31892,0,3055816366.0,2,ASK,LONG,1.0
RUN,2026-06-23 18:30:15.395830+00:00,PUT,12.5,2026-07-17,22190,317,1250,2,13.18,REPEATEDHITS,False,False,False,0,22190,3055816366.0,24,BID,LONG,0.5
RUN,2026-06-23 18:30:03.986100+00:00,PUT,12.5,2026-07-17,24322,345,933,2,13.145,REPEATEDHITSDESCENDINGFILL,False,False,False,0,24322,3055816366.0,24,BID,LONG,0.5
RUN,2026-06-23 18:29:44.568067+00:00,PUT,12.5,2026-07-17,41754,587,588,2,13.095,REPEATEDHITSASCENDINGFILL,False,False,False,19790,8616,3055816366.0,24,ASK,SHORT,1.0
RUN,2026-06-18 16:06:57.804266+00:00,CALL,14.5,2026-06-26,10582,481,623,329,13.324,REPEATEDHITS,False,False,False,7062,3520,3055816366.0,8,ASK,LONG,1.0
RUN,2026-06-17 15:00:30.673884+00:00,PUT,6.0,2026-11-20,29332,1153,1153,33,12.705,REPEATEDHITSDESCENDINGFILL,True,False,False,21528,7804,3055816366.0,156,ASK,SHORT,1.0
RUN,2026-06-17 15:00:16.844239+00:00,PUT,5.0,2028-01-21,27058,326,326,146,12.71,REPEATEDHITS,False,False,False,27058,0,3055816366.0,583,ASK,SHORT,1.0
RUN,2026-06-12 18:52:33.833934+00:00,PUT,12.0,2026-07-17,64740,780,1365,563,12.905,REPEATEDHITS,False,False,False,0,64740,3055816366.0,35,BID,LONG,0.5
RUN,2026-06-12 16:38:07.835390+00:00,PUT,13.0,2026-06-26,15040,160,169,84,12.73,REPEATEDHITS,False,False,False,0,15040,3055816366.0,14,BID,LONG,0.5
RUN,2026-06-12 13:44:08.687166+00:00,CALL,12.0,2026-06-18,50736,604,614,548,12.485,REPEATEDHITS,False,False,False,0,50736,3055816366.0,6,BID,SHORT,0.5
RUN,2026-06-11 15:59:03.719487+00:00,CALL,13.0,2026-07-17,14400,150,551,64,12.045,REPEATEDHITS,True,False,False,0,14400,3055816366.0,36,BID,SHORT,0.5
RUN,2026-06-09 17:34:42.178221+00:00,CALL,14.0,2026-07-17,21960,244,1895,235,12.62,REPEATEDHITS,True,False,False,2160,19800,3055816366.0,38,BID,SHORT,0.5
RUN,2026-06-09 17:23:45.502001+00:00,CALL,15.0,2026-07-17,43136,674,855,548,12.5772,REPEATEDHITS,False,False,False,43136,0,3055816366.0,38,ASK,LONG,1.0
CBRS,2026-06-24 17:22:01.290346+00:00,PUT,135.0,2026-08-21,18300,30,169,5,187.9499,REPEATEDHITS,False,False,False,0,18300,20887756223.0,58,BID,LONG,0.5
CBRS,2026-06-24 16:05:18.360935+00:00,CALL,190.0,2026-07-02,10350,9,1965,7,189.5761,REPEATEDHITS,True,False,False,10350,0,20887756223.0,8,ASK,LONG,1.0
CBRS,2026-06-24 15:59:36.370608+00:00,CALL,190.0,2026-06-26,11340,20,2159,17,186.755,REPEATEDHITSASCENDINGFILL,False,False,False,5103,6237,20887756223.0,2,BID,SHORT,0.5
CBRS,2026-06-24 15:50:00.700163+00:00,CALL,180.0,2026-06-26,96030,99,618,0,185.835,REPEATEDHITS,True,False,False,96030,0,20887756223.0,2,ASK,LONG,1.0
CBRS,2026-06-24 15:49:48.080052+00:00,CALL,180.0,2026-06-26,18000,18,52,0,185.66,REPEATEDHITS,False,False,False,18000,0,20887756223.0,2,ASK,LONG,1.0
CBRS,2026-06-24 15:47:56.891383+00:00,CALL,182.5,2026-06-26,216161,259,1606,13,186.515,REPEATEDHITSASCENDINGFILL,True,False,False,139441,76720,20887756223.0,2,ASK,LONG,1.0
CBRS,2026-06-24 15:47:56.891383+00:00,CALL,182.5,2026-06-26,16200,20,1346,13,186.5199,REPEATEDHITS,False,False,False,0,16200,20887756223.0,2,BID,SHORT,0.5
CBRS,2026-06-24 15:47:52.885230+00:00,CALL,182.5,2026-06-26,69610,84,1323,13,186.5599,REPEATEDHITSDESCENDINGFILL,True,False,False,61420,8190,20887756223.0,2,ASK,LONG,1.0
CBRS,2026-06-24 15:47:52.885230+00:00,CALL,182.5,2026-06-26,57480,70,1172,13,186.6,REPEATEDHITSASCENDINGFILL,True,False,False,50840,6640,20887756223.0,2,ASK,LONG,1.0
CBRS,2026-06-24 15:47:52.885230+00:00,CALL,182.5,2026-06-26,66290,77,1076,13,187.185,REPEATEDHITSDESCENDINGFILL,False,False,False,61070,5220,20887756223.0,2,ASK,LONG,1.0
CBRS,2026-06-24 15:47:51.280906+00:00,CALL,182.5,2026-06-26,101230,110,464,13,187.185,REPEATEDHITS,False,False,False,11070,90160,20887756223.0,2,BID,SHORT,0.5
CBRS,2026-06-24 15:47:51.280906+00:00,CALL,182.5,2026-06-26,97200,108,719,13,187.185,REPEATEDHITS,False,False,False,97200,0,20887756223.0,2,ASK,LONG,1.0
CBRS,2026-06-24 15:47:51.280906+00:00,CALL,182.5,2026-06-26,84646,92,556,13,187.185,REPEATEDHITS,False,False,False,45080,39566,20887756223.0,2,ASK,LONG,1.0
CBRS,2026-06-24 15:47:51.280906+00:00,CALL,182.5,2026-06-26,173744,195,914,13,187.185,REPEATEDHITSDESCENDINGFILL,False,False,False,20654,153090,20887756223.0,2,BID,SHORT,0.5
CBRS,2026-06-24 15:45:19.971099+00:00,CALL,185.0,2026-07-02,353031,348,1925,1,187.0,REPEATEDHITSDESCENDINGFILL,False,False,False,82390,270641,20887756223.0,8,BID,SHORT,0.5
CBRS,2026-06-24 15:45:17.164759+00:00,CALL,185.0,2026-07-02,63362,58,1494,1,187.325,REPEATEDHITSDESCENDINGFILL,False,False,False,3405,59957,20887756223.0,8,BID,SHORT,0.5
CBRS,2026-06-24 15:45:17.164759+00:00,CALL,185.0,2026-07-02,77702,67,1429,1,187.6599,REPEATEDHITSASCENDINGFILL,False,False,False,41470,36232,20887756223.0,8,ASK,LONG,1.0
CBRS,2026-06-24 15:45:17.164759+00:00,CALL,185.0,2026-07-02,15470,14,1508,1,187.34,REPEATEDHITSASCENDINGFILL,True,False,False,4470,11000,20887756223.0,8,BID,SHORT,0.5
CBRS,2026-06-24 15:45:15.560332+00:00,CALL,185.0,2026-07-02,85470,72,1180,1,187.6599,REPEATEDHITSASCENDINGFILL,False,False,False,30130,55340,20887756223.0,8,BID,SHORT,0.5
CBRS,2026-06-24 15:45:15.560332+00:00,CALL,185.0,2026-07-02,194887,162,1108,1,187.6599,REPEATEDHITSASCENDINGFILL,False,False,False,148067,46820,20887756223.0,8,ASK,LONG,1.0
CBRS,2026-06-24 15:45:15.560332+00:00,CALL,185.0,2026-07-02,70983,60,855,1,187.6599,REPEATEDHITSASCENDINGFILL,False,False,False,50860,20123,20887756223.0,8,ASK,LONG,1.0
CBRS,2026-06-24 15:45:12.556119+00:00,CALL,185.0,2026-07-02,120024,100,651,1,187.65,REPEATEDHITS,True,False,False,49224,70800,20887756223.0,8,BID,SHORT,0.5
CBRS,2026-06-24 15:45:12.556119+00:00,CALL,185.0,2026-07-02,88633,75,726,1,187.65,REPEATEDHITSASCENDINGFILL,False,False,False,0,88633,20887756223.0,8,BID,SHORT,0.5
CBRS,2026-06-24 15:45:12.556119+00:00,CALL,185.0,2026-07-02,81122,67,551,1,187.65,REPEATEDHITSDESCENDINGFILL,False,False,False,44797,30250,20887756223.0,8,ASK,LONG,1.0
CBRS,2026-06-24 15:45:10.751832+00:00,CALL,185.0,2026-07-02,84898,70,446,1,187.65,REPEATEDHITSASCENDINGFILL,False,False,False,0,84898,20887756223.0,8,BID,SHORT,0.5
CBRS,2026-06-24 15:45:10.751832+00:00,CALL,185.0,2026-07-02,225912,183,286,1,187.7,REPEATEDHITSDESCENDINGFILL,False,False,False,150610,75302,20887756223.0,8,ASK,LONG,1.0
CBRS,2026-06-24 15:45:10.751832+00:00,CALL,185.0,2026-07-02,83541,68,376,1,187.7,REPEATEDHITSDESCENDINGFILL,False,False,False,59076,24465,20887756223.0,8,ASK,LONG,1.0
CBRS,2026-06-24 15:45:08.948637+00:00,CALL,185.0,2026-07-02,20010,16,101,1,187.7,REPEATEDHITS,True,False,False,1250,18760,20887756223.0,8,BID,SHORT,0.5
CBRS,2026-06-24 15:44:04.468914+00:00,CALL,190.0,2026-07-02,140220,146,1898,7,188.1426,REPEATEDHITS,False,False,False,0,140220,20887756223.0,8,BID,SHORT,0.5
CBRS,2026-06-24 15:44:04.468914+00:00,CALL,190.0,2026-07-02,23100,24,1922,7,188.1426,REPEATEDHITSDESCENDINGFILL,False,False,False,2940,20160,20887756223.0,8,BID,SHORT,0.5
BCRX,2026-06-23 15:19:39.150763+00:00,CALL,10.0,2026-08-21,20860,298,321,204,9.2324,REPEATEDHITS,False,False,False,0,20860,2366254365.0,59,BID,SHORT,0.5
BCRX,2026-06-22 19:06:31.278653+00:00,CALL,10.0,2026-08-21,12900,172,203,1,9.26,REPEATEDHITS,False,False,False,0,12900,2366254365.0,60,BID,SHORT,0.5
BCRX,2026-06-22 14:23:02.668307+00:00,CALL,9.0,2026-07-17,63140,902,1072,433,9.155,REPEATEDHITS,True,False,False,0,63140,2366254365.0,25,BID,SHORT,0.5
BCRX,2026-06-22 14:20:19.315706+00:00,CALL,9.0,2026-08-21,12466,100,500,0,9.21,REPEATEDHITS,True,False,False,12466,0,2366254365.0,60,ASK,LONG,1.0
BCRX,2026-06-22 14:17:39.045232+00:00,CALL,9.0,2026-08-21,12492,100,300,0,9.185,REPEATEDHITSASCENDINGFILL,True,False,False,12492,0,2366254365.0,60,ASK,LONG,1.0
BCRX,2026-06-22 14:17:07.991138+00:00,CALL,9.0,2026-08-21,12500,100,200,0,9.18,REPEATEDHITS,False,False,False,12500,0,2366254365.0,60,ASK,LONG,1.0
BCRX,2026-06-22 14:16:44.555427+00:00,CALL,9.0,2026-08-21,12000,96,100,0,9.135,REPEATEDHITS,False,False,False,12000,0,2366254365.0,60,ASK,LONG,1.0
BCRX,2026-05-15 13:35:48.783966+00:00,CALL,10.0,2027-04-16,23600,118,118,107,9.445,REPEATEDHITS,False,False,False,23400,200,2366254365.0,336,ASK,LONG,1.0
VKTX,2026-06-23 18:50:23.198516+00:00,CALL,34.0,2026-07-10,20500,100,105,13,34.18,REPEATEDHITS,True,False,False,0,20500,4041637433.0,17,BID,SHORT,0.5
VKTX,2026-06-23 18:38:09.064513+00:00,PUT,34.0,2026-06-26,16430,265,818,0,34.68,REPEATEDHITS,True,False,False,16430,0,4041637433.0,3,ASK,SHORT,1.0
VKTX,2026-06-23 18:34:30.844087+00:00,PUT,37.0,2026-07-10,23760,72,72,0,34.88,REPEATEDHITS,True,False,False,23760,0,4041637433.0,17,ASK,SHORT,1.0
VKTX,2026-06-23 15:06:54.289811+00:00,CALL,29.5,2026-07-17,45600,80,80,0,34.665,REPEATEDHITS,True,False,False,0,45600,4041637433.0,24,BID,SHORT,0.5
VKTX,2026-06-23 15:06:54.289811+00:00,CALL,29.5,2026-07-10,35345,64,64,0,34.665,REPEATEDHITSASCENDINGFILL,True,False,False,16095,19250,4041637433.0,17,BID,SHORT,0.5
VKTX,2026-06-23 14:20:42.140470+00:00,PUT,35.0,2026-07-31,10025,31,48,2,35.14,REPEATEDHITSDESCENDINGFILL,True,False,False,7130,1935,4041637433.0,38,ASK,SHORT,1.0
VKTX,2026-06-23 14:15:16.248799+00:00,CALL,30.0,2026-07-31,14730,23,23,5,35.14,REPEATEDHITSASCENDINGFILL,True,False,False,1300,13430,4041637433.0,38,BID,SHORT,0.5
VKTX,2026-06-23 14:06:44.024522+00:00,CALL,36.5,2026-06-26,11760,147,149,31,35.0901,REPEATEDHITS,True,False,False,160,11600,4041637433.0,3,BID,SHORT,0.5
VKTX,2026-06-22 16:27:17.651658+00:00,PUT,33.5,2026-07-02,14484,68,68,0,32.33,REPEATEDHITS,True,False,False,14484,0,4041637433.0,10,ASK,SHORT,1.0
VKTX,2026-06-18 19:08:31.999442+00:00,PUT,32.5,2026-07-17,16740,54,60,48,30.69,REPEATEDHITS,False,False,False,0,16740,4041637433.0,29,BID,LONG,0.5
VKTX,2026-06-15 17:03:27.542661+00:00,CALL,28.0,2026-06-18,11115,65,76,16,29.54,REPEATEDHITS,True,False,False,0,11115,4041637433.0,3,BID,SHORT,0.5
VKTX,2026-06-12 15:21:11.212351+00:00,PUT,27.0,2026-06-18,14217,592,602,220,29.11,REPEATEDHITSASCENDINGFILL,True,False,False,55,14162,4041637433.0,6,BID,LONG,0.5
VKTX,2026-06-12 14:51:36.913696+00:00,PUT,29.5,2026-06-18,32590,286,287,6,29.015,REPEATEDHITS,True,False,False,32476,114,4041637433.0,6,ASK,SHORT,1.0
VKTX,2026-06-09 18:30:25.958226+00:00,PUT,30.0,2026-06-26,12920,68,68,16,29.19,REPEATEDHITS,False,False,False,190,12730,4041637433.0,17,BID,LONG,0.5
VKTX,2026-06-09 14:37:36.406158+00:00,PUT,25.0,2026-09-18,37036,163,235,24,29.21,REPEATEDHITSASCENDINGFILL,False,False,False,8220,0,4041637433.0,101,ASK,SHORT,1.0
VKTX,2026-06-09 14:37:26.993869+00:00,PUT,25.0,2026-09-18,13609,56,68,24,29.215,REPEATEDHITS,False,False,False,730,1215,4041637433.0,101,BID,LONG,0.5
VKTX,2026-06-01 13:53:32.773556+00:00,CALL,30.5,2026-06-05,12785,71,77,63,32.06,REPEATEDHITS,True,False,False,0,11880,4041637433.0,4,BID,SHORT,0.5
VKTX,2026-05-27 16:59:38.237348+00:00,PUT,30.0,2026-06-05,59100,1182,1194,78,31.88,REPEATEDHITS,False,False,False,0,59100,4041637433.0,9,BID,LONG,0.5
VKTX,2026-05-26 15:17:02.113907+00:00,CALL,45.0,2026-08-21,45320,412,422,130,30.71,REPEATEDHITS,False,False,False,44770,550,4041637433.0,87,ASK,LONG,1.0
VKTX,2026-05-20 18:17:44.006539+00:00,CALL,26.5,2026-05-22,44020,155,155,2,29.3001,REPEATEDHITS,True,False,False,0,44020,4041637433.0,2,BID,SHORT,0.5
VKTX,2026-05-12 16:06:38.313721+00:00,PUT,31.0,2026-05-22,13492,103,103,90,30.85,REPEATEDHITS,True,False,False,13362,0,4041637433.0,10,ASK,SHORT,1.0
VKTX,2026-05-04 15:57:46.144958+00:00,CALL,30.0,2026-05-08,21705,109,124,67,31.61,REPEATEDHITSDESCENDINGFILL,True,False,False,1799,19906,4041637433.0,4,BID,SHORT,0.5
VKTX,2026-05-01 19:58:14.047724+00:00,CALL,30.5,2026-05-08,12893,172,173,10,29.96,REPEATEDHITSDESCENDINGFILL,True,False,False,12893,0,4041637433.0,7,ASK,LONG,1.0
VKTX,2026-04-27 13:54:37.526205+00:00,CALL,35.0,2026-05-22,70400,400,401,26,32.91,REPEATEDHITS,False,False,False,0,62656,4041637433.0,25,BID,SHORT,0.5
FDX,2026-06-24 18:03:41.289361+00:00,PUT,312.5,2026-07-10,62832,78,79,9,312.88,REPEATEDHITSASCENDINGFILL,False,False,False,820,62012,93938248564.0,16,BID,LONG,0.5
FDX,2026-06-24 15:59:56.998666+00:00,CALL,320.0,2026-06-26,89180,455,701,395,314.31,REPEATEDHITS,False,False,False,89180,0,93938248564.0,2,ASK,LONG,1.0
FDX,2026-06-24 14:54:21.713027+00:00,PUT,315.0,2026-07-17,182415,177,181,5,314.67,REPEATEDHITS,False,False,False,68640,113775,93938248564.0,23,BID,LONG,0.5
FDX,2026-06-23 19:44:09.224431+00:00,CALL,320.0,2026-06-26,65410,62,190,37,318.345,REPEATEDHITS,False,False,False,65410,0,93938248564.0,3,ASK,LONG,1.0
FDX,2026-06-23 19:44:09.224431+00:00,CALL,320.0,2026-06-26,91743,87,277,37,318.345,REPEATEDHITSDESCENDINGFILL,False,False,False,84393,7350,93938248564.0,3,ASK,LONG,1.0
FDX,2026-06-23 18:54:22.864444+00:00,PUT,322.5,2026-07-17,348530,222,240,3,320.835,REPEATEDHITS,False,False,False,345400,3130,93938248564.0,24,ASK,SHORT,1.0
FDX,2026-06-23 18:01:02.044949+00:00,CALL,335.0,2026-06-26,113520,176,286,94,323.63,REPEATEDHITS,False,False,False,0,113520,93938248564.0,3,BID,SHORT,0.5
FDX,2026-06-23 17:03:03.139487+00:00,PUT,325.0,2026-07-17,191775,121,406,13,322.395,REPEATEDHITSDESCENDINGFILL,False,False,False,188615,3160,93938248564.0,24,ASK,SHORT,1.0
FDX,2026-06-23 16:12:57.311323+00:00,PUT,325.0,2026-07-17,384980,246,273,13,322.64,REPEATEDHITS,False,False,False,381860,3120,93938248564.0,24,ASK,SHORT,1.0
FDX,2026-06-23 15:15:11.147368+00:00,CALL,430.0,2026-12-18,106850,189,192,18,322.97,REPEATEDHITSASCENDINGFILL,False,False,False,5670,101180,93938248564.0,178,BID,SHORT,0.5
FDX,2026-06-23 14:41:46.015026+00:00,PUT,325.0,2026-07-02,332318,268,657,160,324.95,REPEATEDHITS,False,False,False,332318,0,93938248564.0,9,ASK,SHORT,1.0
FDX,2026-06-22 17:09:41.165848+00:00,CALL,332.5,2026-06-26,56644,48,261,14,331.115,REPEATEDHITS,False,False,False,0,56644,93938248564.0,4,BID,SHORT,0.5
FDX,2026-06-22 17:09:41.165848+00:00,CALL,335.0,2026-06-26,61770,58,119,18,331.115,REPEATEDHITS,False,False,False,0,61770,93938248564.0,4,BID,SHORT,0.5
FDX,2026-06-22 14:16:03.671321+00:00,CALL,332.5,2026-06-26,205572,178,184,14,330.12,REPEATEDHITSDESCENDINGFILL,False,False,False,202122,3450,93938248564.0,4,ASK,LONG,1.0
FDX,2026-06-18 17:26:14.716136+00:00,CALL,305.0,2026-06-18,64500,30,60,0,326.51,REPEATEDHITS,False,False,False,64500,0,93938248564.0,0,ASK,LONG,1.0
FDX,2026-06-18 16:21:22.833182+00:00,CALL,360.0,2026-09-18,189389,177,178,28,326.58,REPEATEDHITS,False,False,False,189389,0,93938248564.0,92,ASK,LONG,1.0
FDX,2026-06-18 16:00:37.717066+00:00,CALL,320.0,2026-07-02,208650,130,130,6,326.03,REPEATEDHITS,False,False,False,0,208650,93938248564.0,14,BID,SHORT,0.5
FDX,2026-06-16 16:58:08.249494+00:00,PUT,330.0,2027-03-19,59075,17,17,2,336.265,REPEATEDHITS,False,False,False,20850,38225,93938248564.0,276,BID,LONG,0.5
FDX,2026-06-16 16:47:40.839740+00:00,CALL,330.0,2026-10-16,647390,214,293,26,336.675,REPEATEDHITS,False,False,False,0,647390,93938248564.0,122,BID,SHORT,0.5
FDX,2026-06-15 16:01:44.712846+00:00,PUT,320.0,2026-09-18,196330,134,141,68,341.77,REPEATEDHITSASCENDINGFILL,False,False,False,1480,194850,93938248564.0,95,BID,LONG,0.5
FDX,2026-06-12 17:54:29.034693+00:00,PUT,290.0,2026-09-18,108780,147,157,12,337.77,REPEATEDHITS,False,False,False,0,108780,93938248564.0,98,BID,LONG,0.5
FDX,2026-06-12 16:48:36.665756+00:00,PUT,310.0,2026-07-24,218025,285,285,21,336.925,REPEATEDHITS,False,False,False,0,218025,93938248564.0,42,BID,LONG,0.5
FDX,2026-06-11 18:21:53.135251+00:00,CALL,370.0,2026-07-17,96990,183,193,43,333.79,REPEATEDHITS,False,False,False,0,96990,93938248564.0,36,BID,SHORT,0.5
FDX,2026-06-10 19:21:33.720454+00:00,CALL,380.0,2028-01-21,71665,17,20,3,321.27,REPEATEDHITSDESCENDINGFILL,False,False,False,63235,8430,93938248564.0,590,ASK,LONG,1.0
FDX,2026-06-10 17:38:43.129987+00:00,PUT,315.0,2026-07-02,60490,46,441,19,320.65,REPEATEDHITS,False,False,False,57860,2630,93938248564.0,22,ASK,SHORT,1.0
FDX,2026-06-10 15:14:02.012975+00:00,CALL,320.0,2028-01-21,51280,8,15,0,321.13,REPEATEDHITS,False,False,False,51280,0,93938248564.0,590,ASK,LONG,1.0
FDX,2026-06-10 14:52:11.383557+00:00,PUT,320.0,2026-07-02,208005,147,316,93,322.77,REPEATEDHITS,False,False,False,208005,0,93938248564.0,22,ASK,SHORT,1.0
FDX,2026-06-09 15:43:23.018474+00:00,PUT,300.0,2027-03-19,75893,30,30,0,329.23,REPEATEDHITSDESCENDINGFILL,False,False,False,25351,12592,93938248564.0,283,ASK,SHORT,1.0
FDX,2026-06-08 19:04:11.411723+00:00,CALL,370.0,2026-09-18,72590,61,147,9,331.46,REPEATEDHITS,False,False,False,72590,0,93938248564.0,102,ASK,LONG,1.0
FDX,2026-06-08 17:57:03.410129+00:00,CALL,370.0,2026-09-18,88540,76,76,9,331.05,REPEATEDHITS,False,False,False,88540,0,93938248564.0,102,ASK,LONG,1.0
PONY,2026-06-24 16:43:39.456935+00:00,CALL,7.5,2026-08-21,339372,3634,5015,298,7.295,SWEEPSFOLLOWEDBYFLOOR,True,True,True,58962,132540,3173524168.0,58,BID,SHORT,0.5
PONY,2026-06-24 16:42:07.335916+00:00,CALL,7.5,2026-08-21,333870,3590,3603,298,7.16,REPEATEDHITS,True,False,False,58962,35619,3173524168.0,58,ASK,LONG,1.0
PONY,2026-06-09 17:30:22.420910+00:00,CALL,9.0,2026-07-10,11699,156,156,0,8.63,REPEATEDHITS,True,False,False,11625,74,3173524168.0,31,ASK,LONG,1.0
PONY,2026-06-09 16:09:00.964663+00:00,PUT,8.0,2026-07-10,22320,360,367,19,8.46,REPEATEDHITS,True,False,False,20770,0,3173524168.0,31,ASK,SHORT,1.0
PONY,2026-06-05 16:37:55.326145+00:00,CALL,20.0,2028-01-21,399798,2001,2016,353,8.53,REPEATEDHITSDESCENDINGFILL,True,False,False,380198,19600,3173524168.0,595,ASK,LONG,1.0
PONY,2026-05-26 18:45:46.325882+00:00,CALL,10.0,2026-07-17,408564,3492,4961,544,9.675,REPEATEDHITS,False,False,False,398268,10296,3173524168.0,52,ASK,LONG,1.0
PONY,2026-05-20 15:06:43.938822+00:00,CALL,12.5,2026-07-17,12507,379,1607,8,8.675,REPEATEDHITS,False,False,False,0,12507,3173524168.0,58,BID,SHORT,0.5
PONY,2026-05-20 15:06:02.846110+00:00,CALL,12.5,2026-07-17,10846,319,1008,8,8.685,REPEATEDHITS,False,False,False,0,272,3173524168.0,58,BID,SHORT,0.5
PONY,2026-05-20 15:05:47.803673+00:00,CALL,12.5,2026-07-17,15960,456,507,8,8.685,REPEATEDHITS,False,False,False,105,15750,3173524168.0,58,BID,SHORT,0.5
PONY,2026-05-07 13:54:34.612119+00:00,CALL,12.5,2028-01-21,84360,228,280,212,9.73,REPEATEDHITS,False,False,False,79550,0,3173524168.0,624,ASK,LONG,1.0
PONY,2026-05-06 15:56:35.100405+00:00,CALL,12.5,2026-08-21,561018,4561,5054,469,10.355,SWEEPSFOLLOWEDBYFLOOR,True,True,False,421188,0,3173524168.0,107,ASK,LONG,1.0
PONY,2026-05-06 15:55:53.030889+00:00,CALL,12.5,2026-08-21,205320,1740,1786,469,10.225,REPEATEDHITS,True,False,False,13688,14632,3173524168.0,107,BID,SHORT,0.5
PONY,2026-05-01 19:06:23.217870+00:00,CALL,10.5,2026-05-08,12558,546,1776,475,9.92,REPEATEDHITS,False,False,False,11983,575,3173524168.0,7,ASK,LONG,1.0
PONY,2026-05-01 19:04:05.870861+00:00,CALL,10.5,2026-05-08,19008,864,954,475,9.87,REPEATEDHITS,False,False,False,12144,6820,3173524168.0,7,ASK,LONG,1.0
PONY,2026-04-29 15:34:01.060435+00:00,CALL,10.0,2026-06-18,108360,1032,1175,142,9.495,REPEATEDHITS,False,False,False,108360,0,3173524168.0,50,ASK,LONG,1.0
PONY,2026-04-28 15:51:14.721735+00:00,PUT,10.0,2026-11-20,29280,122,130,106,10.1,REPEATEDHITS,False,False,False,28800,480,3173524168.0,206,ASK,SHORT,1.0
WMG,2026-06-03 17:41:02.659628+00:00,PUT,30.0,2026-06-18,86525,627,3500,1,29.69,LOWHISTORICVOLUMEFLOOR,False,True,False,86525,0,4027317821.0,15,ASK,SHORT,1.0
WMG,2026-06-03 16:49:25.535207+00:00,PUT,30.0,2026-06-18,11730,69,1837,1,29.105,REPEATEDHITS,False,False,False,11730,0,4027317821.0,15,ASK,SHORT,1.0
WMG,2026-06-03 16:34:13.932294+00:00,PUT,30.0,2026-06-18,35000,1750,1750,1,30.16,REPEATEDHITS,False,False,False,3280,0,4027317821.0,15,ASK,SHORT,1.0
WMG,2026-05-07 19:42:02.123458+00:00,PUT,29.0,2026-05-15,150000,2500,2500,1,30.85,LOWHISTORICVOLUMEFLOOR,False,True,False,0,0,4027317821.0,8,MIXED,,0.0
BKU,2026-05-21 14:35:41.241900+00:00,CALL,50.0,2026-09-18,16120,62,62,3,46.36,REPEATEDHITS,False,False,False,1300,6500,3570125792.0,120,BID,SHORT,0.5
MIR,2026-06-03 18:29:27.056027+00:00,PUT,17.5,2027-01-15,52405,223,225,33,18.515,REPEATEDHITS,False,False,False,0,52405,4594634384.0,226,BID,LONG,0.5
NTR,2026-06-24 15:53:17.678042+00:00,CALL,62.5,2026-09-18,10440,36,36,25,60.66,REPEATEDHITS,True,False,False,0,10440,23955899394.0,86,BID,SHORT,0.5
NTR,2026-06-24 14:21:36.436613+00:00,PUT,55.0,2026-08-21,623000,7000,7035,119,60.99,LOWHISTORICVOLUMEFLOOR,False,True,True,0,623000,23955899394.0,58,BID,LONG,0.5
NTR,2026-06-24 13:45:46.240148+00:00,CALL,65.0,2026-08-21,28650,191,217,183,60.71,REPEATEDHITS,False,False,False,27750,900,23955899394.0,58,ASK,LONG,1.0
NTR,2026-06-23 15:21:54.485439+00:00,PUT,57.5,2026-08-21,16800,112,112,10,61.59,REPEATEDHITS,False,False,False,16800,0,23955899394.0,59,ASK,SHORT,1.0
NTR,2026-06-23 14:29:24.554874+00:00,CALL,60.0,2026-08-21,21448,55,55,0,61.63,REPEATEDHITS,False,False,False,21448,0,23955899394.0,59,ASK,LONG,1.0
NTR,2026-06-22 14:33:05.471578+00:00,PUT,62.0,2026-07-02,50510,404,404,97,62.41,REPEATEDHITS,False,False,False,0,50510,23955899394.0,10,BID,LONG,0.5
NTR,2026-06-17 14:14:54.748227+00:00,CALL,67.0,2026-06-26,13320,222,224,8,65.34,REPEATEDHITS,False,False,False,0,13320,23955899394.0,9,BID,SHORT,0.5
NTR,2026-06-15 14:51:29.296173+00:00,CALL,70.0,2026-08-21,410185,1823,1824,187,66.39,REPEATEDHITS,False,False,False,0,410185,23955899394.0,67,BID,SHORT,0.5
NTR,2026-06-15 14:37:34.966746+00:00,PUT,60.0,2026-07-17,16695,371,371,131,66.37,REPEATEDHITS,False,False,False,0,16695,23955899394.0,32,BID,LONG,0.5
NTR,2026-06-12 17:59:47.822242+00:00,CALL,67.5,2028-01-21,32940,27,42,20,67.435,REPEATEDHITS,False,False,False,7320,25620,23955899394.0,588,BID,SHORT,0.5
NTR,2026-06-12 14:43:47.070626+00:00,CALL,59.0,2026-07-10,103200,120,120,7,67.4,REPEATEDHITS,False,False,False,860,102340,23955899394.0,28,BID,SHORT,0.5
NTR,2026-06-11 16:41:51.457566+00:00,PUT,62.5,2026-08-21,95635,407,408,31,66.4,REPEATEDHITS,False,False,False,95635,0,23955899394.0,71,ASK,SHORT,1.0
NTR,2026-06-10 16:48:10.218678+00:00,PUT,60.0,2026-09-18,126260,549,709,335,65.61,REPEATEDHITS,False,False,False,126260,0,23955899394.0,100,ASK,SHORT,1.0
NTR,2026-06-10 15:31:05.598413+00:00,PUT,67.0,2026-07-02,26730,81,81,5,65.36,REPEATEDHITS,True,False,False,26730,0,23955899394.0,22,ASK,SHORT,1.0
NTR,2026-06-08 17:16:24.429088+00:00,CALL,68.0,2026-06-12,32700,327,485,22,67.81,REPEATEDHITS,False,False,False,0,32700,23955899394.0,4,BID,SHORT,0.5
NTR,2026-06-05 14:18:02.863449+00:00,CALL,68.0,2026-06-18,69920,437,437,15,67.72,REPEATEDHITS,False,False,False,0,64800,23955899394.0,13,BID,SHORT,0.5
NTR,2026-06-05 14:13:21.012652+00:00,CALL,67.0,2026-06-18,10125,45,45,1,67.93,REPEATEDHITS,True,False,False,0,10125,23955899394.0,13,BID,SHORT,0.5
NTR,2026-06-04 18:45:53.162353+00:00,PUT,72.5,2026-08-21,141440,221,290,0,69.09,REPEATEDHITS,False,False,False,141440,0,23955899394.0,78,ASK,SHORT,1.0
NTR,2026-06-04 16:21:07.807520+00:00,CALL,70.0,2026-06-26,12285,63,63,1,69.2901,REPEATEDHITS,True,False,False,0,12285,23955899394.0,22,BID,SHORT,0.5
NTR,2026-06-03 14:55:30.438194+00:00,CALL,62.5,2026-12-18,248240,214,1812,208,69.9,REPEATEDHITS,False,False,False,0,248240,23955899394.0,198,BID,SHORT,0.5
NTR,2026-06-03 14:48:59.229162+00:00,CALL,62.5,2026-12-18,264480,228,1128,208,69.825,REPEATEDHITS,False,False,False,264480,0,23955899394.0,198,ASK,LONG,1.0
NTR,2026-06-03 14:48:52.604829+00:00,CALL,62.5,2026-12-18,270250,235,900,208,69.73,REPEATEDHITS,False,False,False,270250,0,23955899394.0,198,ASK,LONG,1.0
NTR,2026-06-02 17:01:13.004021+00:00,CALL,69.0,2026-06-12,10030,59,59,23,69.12,REPEATEDHITS,False,False,False,0,10030,23955899394.0,10,BID,SHORT,0.5
NTR,2026-06-02 13:41:31.365163+00:00,CALL,75.0,2026-06-12,12210,407,408,169,69.85,REPEATEDHITS,False,False,False,30,12180,23955899394.0,10,BID,SHORT,0.5
NTR,2026-05-29 19:34:49.636183+00:00,CALL,75.0,2026-12-18,188000,400,543,29,68.29,REPEATEDHITS,False,False,False,188000,0,23955899394.0,203,ASK,LONG,1.0
NTR,2026-05-29 17:34:52.742536+00:00,CALL,69.0,2026-06-05,53200,532,768,12,68.47,REPEATEDHITS,False,False,False,0,53200,23955899394.0,7,BID,SHORT,0.5
NTR,2026-05-29 17:25:21.458808+00:00,CALL,69.0,2026-06-05,16200,162,163,12,68.425,REPEATEDHITS,False,False,False,0,10300,23955899394.0,7,BID,SHORT,0.5
NTR,2026-05-29 15:51:32.131505+00:00,CALL,70.0,2026-06-05,15810,186,256,39,69.075,REPEATEDHITS,False,False,False,85,15725,23955899394.0,7,BID,SHORT,0.5
NTR,2026-05-29 13:39:36.649532+00:00,PUT,61.0,2026-07-02,398420,9055,9055,0,68.85,LOWHISTORICVOLUMEFLOOR,False,True,False,0,398420,23955899394.0,34,BID,LONG,0.5
NTR,2026-05-27 14:21:11.635939+00:00,CALL,72.5,2026-08-21,169800,566,567,0,68.605,REPEATEDHITS,False,False,False,0,169800,23955899394.0,86,BID,SHORT,0.5
XP,2026-06-10 13:54:16.022286+00:00,CALL,25.0,2028-01-21,197000,1000,1000,207,15.305,LOWHISTORICVOLUMEFLOOR,False,True,False,197000,0,6529590038.0,590,ASK,LONG,1.0
XP,2026-06-09 17:13:09.078394+00:00,CALL,18.0,2026-07-17,44600,2000,2000,39,15.295,REPEATEDHITSASCENDINGFILL,False,False,False,44600,0,6529590038.0,38,ASK,LONG,1.0
XP,2026-06-02 13:31:20.873146+00:00,PUT,16.0,2026-11-20,36830,164,164,18,16.49,REPEATEDHITSDESCENDINGFILL,False,False,False,34190,440,6529590038.0,171,ASK,SHORT,1.0
XP,2026-05-18 16:07:48.648716+00:00,CALL,17.0,2026-07-17,35100,234,495,0,17.115,REPEATEDHITS,True,False,False,0,27300,6529590038.0,60,BID,SHORT,0.5
XP,2026-05-13 17:45:10.641163+00:00,PUT,18.0,2026-08-21,74745,453,453,193,18.35,REPEATEDHITS,False,False,False,165,74580,6529590038.0,100,BID,LONG,0.5
XP,2026-05-12 15:50:14.961507+00:00,CALL,18.5,2026-05-22,10530,162,163,60,18.27,REPEATEDHITS,False,False,False,0,10530,6529590038.0,10,BID,SHORT,0.5
XP,2026-05-12 14:35:09.090430+00:00,CALL,21.0,2026-08-21,19961,190,191,182,18.29,REPEATEDHITSASCENDINGFILL,False,False,False,0,19961,6529590038.0,101,BID,SHORT,0.5
XP,2026-05-04 18:14:44.159081+00:00,CALL,20.0,2026-06-18,769500,8550,8675,44,18.705,LOWHISTORICVOLUMEFLOOR,False,True,True,769500,0,6529590038.0,45,ASK,LONG,1.0
XP,2026-04-27 19:03:18.966235+00:00,CALL,30.0,2026-11-20,192000,3000,3000,8,19.555,FLOORTRADEMIDCAP,False,True,True,0,192000,6529590038.0,207,BID,SHORT,0.5
XP,2026-04-27 19:03:18.966235+00:00,CALL,22.0,2026-11-20,492000,2000,2000,6,19.555,FLOORTRADEMIDCAP,False,True,True,492000,0,6529590038.0,207,ASK,LONG,1.0
OUT,2026-05-07 19:58:56.763042+00:00,CALL,33.0,2026-05-15,23760,176,5569,0,32.895,REPEATEDHITS,False,False,False,23760,0,5660441847.0,8,ASK,LONG,1.0
NAT,2026-05-04 13:37:45.199372+00:00,CALL,7.0,2026-06-18,30000,2000,2000,203,5.75,REPEATEDHITS,False,False,False,30000,0,1367909283.0,45,ASK,LONG,1.0
BRBR,2026-06-24 14:04:58.753097+00:00,CALL,12.5,2026-07-17,94979,1000,1038,676,12.2,REPEATEDHITSDESCENDINGFILL,True,False,False,94979,0,1310451370.0,23,ASK,LONG,1.0
BRBR,2026-05-06 14:19:36.617548+00:00,CALL,20.0,2027-01-15,12080,151,151,28,10.795,REPEATEDHITS,False,False,False,12000,80,1310451370.0,254,ASK,LONG,1.0
BRBR,2026-05-05 18:06:15.356884+00:00,PUT,10.0,2026-05-15,80200,1604,2317,130,10.38,REPEATEDHITS,False,False,False,500,79700,1310451370.0,10,BID,LONG,0.5
BRBR,2026-05-05 14:47:05.257960+00:00,CALL,10.0,2026-08-21,15388,88,90,16,9.595,REPEATEDHITSDESCENDINGFILL,False,False,False,15213,175,1310451370.0,108,ASK,LONG,1.0
BRBR,2026-04-29 18:45:59.243732+00:00,CALL,22.5,2026-07-17,40725,543,1000,129,17.28,REPEATEDHITS,False,False,False,0,40725,1310451370.0,79,BID,SHORT,0.5
BRBR,2026-04-29 18:43:55.675264+00:00,CALL,22.5,2026-07-17,11850,158,428,129,17.305,REPEATEDHITS,False,False,False,525,2175,1310451370.0,79,BID,SHORT,0.5
EMN,2026-06-24 14:58:37.039989+00:00,CALL,75.0,2026-07-17,500000,5000,5009,487,70.66,LOWHISTORICVOLUMEFLOOR,False,True,True,0,0,7945035221.0,23,MIXED,,0.0
EMN,2026-05-27 14:05:59.052529+00:00,CALL,80.0,2026-07-17,564000,2400,3402,826,75.19,LOWHISTORICVOLUMEFLOOR,False,True,False,564000,0,7945035221.0,51,ASK,LONG,1.0
EMN,2026-05-21 15:23:19.117731+00:00,CALL,75.0,2026-07-17,30000,120,238,63,71.29,REPEATEDHITS,False,False,False,0,30000,7945035221.0,57,BID,SHORT,0.5
EMN,2026-05-21 14:55:07.588270+00:00,CALL,75.0,2026-07-17,23275,95,115,63,71.2,REPEATEDHITS,False,False,False,0,23275,7945035221.0,57,BID,SHORT,0.5
EMN,2026-04-30 17:51:40.470931+00:00,CALL,70.0,2026-05-15,280555,501,1008,141,73.29,REPEATEDHITS,False,False,False,235755,33600,7945035221.0,15,ASK,LONG,1.0
EMN,2026-04-30 17:22:37.577626+00:00,CALL,70.0,2026-05-15,158100,310,507,141,72.87,REPEATEDHITS,False,False,False,158100,0,7945035221.0,15,ASK,LONG,1.0
EMN,2026-04-30 17:18:28.577297+00:00,CALL,70.0,2026-05-15,88358,188,196,141,72.34,REPEATEDHITS,False,False,False,88358,0,7945035221.0,15,ASK,LONG,1.0
EMN,2026-04-30 13:41:59.584655+00:00,CALL,75.0,2026-05-15,277500,1500,1500,385,70.93,LOWHISTORICVOLUMEFLOOR,False,True,False,277500,0,7945035221.0,15,ASK,LONG,1.0
KBH,2026-06-24 14:08:54.728015+00:00,PUT,60.0,2026-07-17,33900,160,2376,28,61.1201,REPEATEDHITS,True,False,False,30100,3800,3303442012.0,23,ASK,SHORT,1.0
KBH,2026-06-24 14:08:54.728015+00:00,PUT,60.0,2026-07-17,29780,138,2520,28,61.1201,REPEATEDHITSASCENDINGFILL,False,False,False,27500,2280,3303442012.0,23,ASK,SHORT,1.0
KBH,2026-06-24 14:08:49.916506+00:00,PUT,60.0,2026-07-17,21673,110,1678,28,61.1201,REPEATEDHITSDESCENDINGFILL,False,False,False,18158,0,3303442012.0,23,ASK,SHORT,1.0
KBH,2026-06-24 14:08:49.916506+00:00,PUT,60.0,2026-07-17,10663,53,1731,28,61.1201,REPEATEDHITSASCENDINGFILL,False,False,False,9541,1122,3303442012.0,23,ASK,SHORT,1.0
KBH,2026-06-24 14:08:49.916506+00:00,PUT,60.0,2026-07-17,39113,187,2154,28,61.1201,REPEATEDHITSDESCENDINGFILL,False,False,False,16555,22558,3303442012.0,23,BID,LONG,0.5
KBH,2026-06-24 14:08:49.916506+00:00,PUT,60.0,2026-07-17,24658,118,1967,28,61.1201,REPEATEDHITSDESCENDINGFILL,False,False,False,18171,6277,3303442012.0,23,ASK,SHORT,1.0
KBH,2026-06-24 14:08:44.506917+00:00,PUT,60.0,2026-07-17,24851,141,969,28,61.25,REPEATEDHITSDESCENDINGFILL,False,False,False,3867,20984,3303442012.0,23,BID,LONG,0.5
KBH,2026-06-24 14:08:44.506917+00:00,PUT,60.0,2026-07-17,24974,132,1568,28,61.23,REPEATEDHITSDESCENDINGFILL,False,False,False,12293,2136,3303442012.0,23,ASK,SHORT,1.0
KBH,2026-06-24 14:08:44.506917+00:00,PUT,60.0,2026-07-17,86676,467,1436,28,61.23,REPEATEDHITSDESCENDINGFILL,True,False,False,30791,44395,3303442012.0,23,BID,LONG,0.5
KBH,2026-06-24 14:08:42.697639+00:00,PUT,60.0,2026-07-17,63593,358,671,28,61.25,REPEATEDHITSASCENDINGFILL,True,False,False,54151,692,3303442012.0,23,ASK,SHORT,1.0
KBH,2026-06-24 14:08:42.697639+00:00,PUT,60.0,2026-07-17,27985,157,828,28,61.25,REPEATEDHITSDESCENDINGFILL,False,False,False,15397,10118,3303442012.0,23,ASK,SHORT,1.0
KBH,2026-06-24 14:08:40.876663+00:00,PUT,60.0,2026-07-17,21090,123,256,28,61.3376,REPEATEDHITSDESCENDINGFILL,True,False,False,14361,6729,3303442012.0,23,ASK,SHORT,1.0
KBH,2026-06-22 14:59:28.847001+00:00,CALL,60.0,2026-08-21,144855,999,2002,0,54.035,REPEATEDHITS,True,False,False,0,139055,3303442012.0,60,BID,SHORT,0.5
KBH,2026-05-19 15:25:02.908366+00:00,CALL,50.0,2027-01-15,79980,186,206,62,44.485,REPEATEDHITS,False,False,False,79980,0,3303442012.0,241,ASK,LONG,1.0
KBH,2026-05-13 13:34:36.711883+00:00,PUT,40.0,2026-07-17,14536,171,281,132,46.37,REPEATEDHITS,False,False,False,510,12921,3303442012.0,65,BID,LONG,0.5
KBH,2026-04-29 16:32:42.723917+00:00,CALL,60.0,2026-09-18,77222,351,1001,85,52.41,REPEATEDHITS,True,False,False,61160,16062,3303442012.0,142,ASK,LONG,1.0
KBH,2026-04-29 16:32:36.713987+00:00,CALL,60.0,2026-09-18,55000,250,350,85,52.41,REPEATEDHITS,False,False,False,0,0,3303442012.0,142,MIXED,,0.0
RITM,2026-05-13 14:07:47.126238+00:00,PUT,9.0,2026-11-20,28050,510,510,144,9.485,REPEATEDHITS,False,False,False,2915,0,5142003758.0,191,ASK,SHORT,1.0
RITM,2026-05-12 18:35:00.655307+00:00,PUT,5.0,2028-01-21,337500,7500,7500,501,9.705,LOWHISTORICVOLUMEFLOOR,False,True,False,0,337500,5142003758.0,619,BID,LONG,0.5
RITM,2026-04-27 17:15:06.948145+00:00,PUT,9.0,2026-06-18,22500,1500,1500,1444,10.165,REPEATEDHITS,False,False,False,22500,0,5142003758.0,52,ASK,SHORT,1.0
FOXA,2026-06-24 14:39:34.897954+00:00,PUT,50.0,2027-01-15,852500,1375,1375,716,50.035,LOWHISTORICVOLUMEFLOOR,False,True,False,852500,0,9732687650.0,205,ASK,SHORT,1.0
FOXA,2026-06-18 15:35:43.217004+00:00,CALL,60.0,2026-08-21,276480,2000,2000,0,51.83,REPEATEDHITSASCENDINGFILL,False,False,False,276480,0,9732687650.0,64,ASK,LONG,1.0
FOXA,2026-06-15 19:21:07.603291+00:00,CALL,55.0,2026-06-18,13683,130,1464,8,54.62,REPEATEDHITSDESCENDINGFILL,False,False,False,0,13683,9732687650.0,3,BID,SHORT,0.5
FOXA,2026-06-15 19:21:00.997329+00:00,CALL,55.0,2026-06-18,13125,125,1334,8,54.6,REPEATEDHITS,False,False,False,525,0,9732687650.0,3,ASK,LONG,1.0
FOXA,2026-06-15 17:50:47.358422+00:00,PUT,50.0,2026-10-16,117600,392,397,368,54.2,REPEATEDHITS,False,False,False,32700,84900,9732687650.0,123,BID,LONG,0.5
FOXA,2026-06-15 17:45:53.435212+00:00,PUT,55.0,2026-07-17,19040,68,891,25,54.43,REPEATEDHITS,False,False,False,1120,1120,9732687650.0,32,MIXED,,0.0
FOXA,2026-06-15 17:45:53.435212+00:00,PUT,55.0,2026-07-17,23800,85,823,25,54.46,REPEATEDHITS,False,False,False,23800,0,9732687650.0,32,ASK,SHORT,1.0
FOXA,2026-06-15 17:45:37.615765+00:00,PUT,55.0,2026-07-17,20440,73,738,25,54.44,REPEATEDHITS,False,False,False,20440,0,9732687650.0,32,ASK,SHORT,1.0
FOXA,2026-06-15 17:45:32.808499+00:00,PUT,55.0,2026-07-17,22120,79,586,25,54.44,REPEATEDHITS,False,False,False,2800,560,9732687650.0,32,ASK,SHORT,1.0
FOXA,2026-06-15 17:45:32.808499+00:00,PUT,55.0,2026-07-17,23800,85,427,25,54.51,REPEATEDHITS,False,False,False,21280,2520,9732687650.0,32,ASK,SHORT,1.0
FOXA,2026-06-15 17:45:26.792668+00:00,PUT,55.0,2026-07-17,26040,93,258,25,54.5599,REPEATEDHITS,False,False,False,26040,0,9732687650.0,32,ASK,SHORT,1.0
FOXA,2026-06-15 17:45:17.980705+00:00,PUT,55.0,2026-07-17,21000,75,164,25,54.56,REPEATEDHITS,False,False,False,20720,0,9732687650.0,32,ASK,SHORT,1.0
FOXA,2026-06-15 14:29:03.986903+00:00,PUT,50.0,2026-06-18,12358,309,530,7,53.26,REPEATEDHITS,False,False,False,12358,0,9732687650.0,3,ASK,SHORT,1.0
FOXA,2026-06-15 14:07:18.086417+00:00,CALL,55.0,2026-07-17,11025,49,645,3,53.655,REPEATEDHITS,False,False,False,9000,1575,9732687650.0,32,ASK,LONG,1.0
FOXA,2026-05-20 15:30:56.580205+00:00,PUT,50.0,2027-01-15,84288,602,602,17,64.75,REPEATEDHITS,False,False,False,0,84288,9732687650.0,240,BID,LONG,0.5
FOXA,2026-05-14 15:32:29.494224+00:00,PUT,60.0,2026-06-18,20560,257,502,46,65.29,REPEATEDHITS,True,False,False,960,19600,9732687650.0,35,BID,LONG,0.5
EA,2026-05-06 15:37:39.983413+00:00,PUT,185.0,2026-08-21,800000,5000,10002,0,201.62,LOWHISTORICVOLUMEFLOOR,False,True,True,0,800000,51032942024.0,107,BID,LONG,0.5
EA,2026-05-06 15:37:39.983413+00:00,PUT,200.0,2026-08-21,837500,2500,5000,227,201.62,LOWHISTORICVOLUMEFLOOR,False,True,True,0,837500,51032942024.0,107,BID,LONG,0.5
EA,2026-05-06 15:25:35.279716+00:00,PUT,185.0,2026-08-21,2125000,5000,5002,0,201.58,LOWHISTORICVOLUMEFLOOR,False,True,True,2125000,0,51032942024.0,107,ASK,SHORT,1.0
EA,2026-05-06 15:25:35.279716+00:00,PUT,170.0,2026-08-21,1225000,2500,2500,203,201.58,LOWHISTORICVOLUMEFLOOR,False,True,True,1225000,0,51032942024.0,107,ASK,SHORT,1.0
EA,2026-04-29 14:57:45.231040+00:00,CALL,200.0,2026-12-18,1850000,2000,2001,1787,202.63,LOWHISTORICVOLUMEFLOOR,False,True,True,1850000,0,51032942024.0,233,ASK,LONG,1.0
IAG,2026-06-24 15:25:26.062304+00:00,CALL,21.0,2026-12-18,33900,333,3408,15,15.265,REPEATEDHITSASCENDINGFILL,False,False,False,0,33900,9564718738.0,177,BID,SHORT,0.5
IAG,2026-06-24 15:25:14.046572+00:00,CALL,21.0,2026-12-18,69417,663,2727,15,15.281,REPEATEDHITSASCENDINGFILL,True,False,False,0,69417,9564718738.0,177,BID,SHORT,0.5
IAG,2026-06-24 15:25:10.241684+00:00,CALL,21.0,2026-12-18,20796,200,2064,15,15.285,REPEATEDHITSDESCENDINGFILL,False,False,False,20796,0,9564718738.0,177,ASK,LONG,1.0
IAG,2026-06-24 15:25:05.029709+00:00,CALL,21.0,2026-12-18,20802,200,1864,15,15.285,REPEATEDHITS,False,False,False,20802,0,9564718738.0,177,ASK,LONG,1.0
IAG,2026-06-24 15:24:54.016149+00:00,CALL,21.0,2026-12-18,78853,752,1540,15,15.31,REPEATEDHITSASCENDINGFILL,True,False,False,0,78853,9564718738.0,177,BID,SHORT,0.5
IAG,2026-06-24 15:24:54.016149+00:00,CALL,21.0,2026-12-18,34096,330,788,15,15.32,REPEATEDHITSASCENDINGFILL,False,False,False,103,33993,9564718738.0,177,BID,SHORT,0.5
IAG,2026-06-23 15:54:50.722015+00:00,PUT,15.0,2026-08-21,71060,748,854,365,16.28,REPEATEDHITS,False,False,False,14250,0,9564718738.0,59,ASK,SHORT,1.0
IAG,2026-06-22 16:00:40.046309+00:00,PUT,17.0,2026-08-21,29563,169,181,94,16.73,REPEATEDHITSDESCENDINGFILL,False,False,False,29563,0,9564718738.0,60,ASK,SHORT,1.0
IAG,2026-06-08 16:12:16.214626+00:00,CALL,18.0,2026-09-18,314600,2420,2505,71,15.66,LOWHISTORICVOLUMEFLOOR,False,True,True,0,0,9564718738.0,102,MIXED,,0.0
IAG,2026-05-15 16:45:53.016174+00:00,CALL,35.0,2028-01-21,226935,1107,1107,233,16.95,REPEATEDHITS,False,False,False,0,226935,9564718738.0,616,BID,SHORT,0.5
IAG,2026-05-15 14:59:21.005457+00:00,PUT,16.0,2026-07-17,29100,291,2888,0,17.122,REPEATEDHITS,False,False,False,29100,0,9564718738.0,63,ASK,SHORT,1.0
IAG,2026-05-15 13:46:13.556857+00:00,PUT,16.0,2026-07-17,75755,765,767,0,17.175,REPEATEDHITSDESCENDINGFILL,False,False,False,102,73953,9564718738.0,63,BID,LONG,0.5
IAG,2026-05-01 18:38:00.415594+00:00,PUT,16.0,2026-06-18,18920,172,873,165,16.7899,REPEATEDHITS,False,False,False,0,6710,9564718738.0,48,BID,LONG,0.5
IAG,2026-05-01 18:38:00.415594+00:00,PUT,16.0,2026-06-18,22660,206,1079,165,16.7899,REPEATEDHITS,True,False,False,0,22660,9564718738.0,48,BID,LONG,0.5
IAG,2026-05-01 18:37:44.795953+00:00,PUT,16.0,2026-06-18,76670,697,701,165,16.7866,REPEATEDHITS,False,False,False,0,76670,9564718738.0,48,BID,LONG,0.5
BKR,2026-06-24 16:35:59.528942+00:00,CALL,65.0,2026-08-21,112455,1323,1330,514,55.94,REPEATEDHITS,False,False,False,102000,2210,58214591140.0,58,ASK,LONG,1.0
BKR,2026-06-11 18:35:54.994522+00:00,PUT,65.0,2026-10-16,472970,739,745,104,63.52,REPEATEDHITS,False,False,False,0,450570,58214591140.0,127,BID,LONG,0.5
BKR,2026-05-27 15:43:15.783027+00:00,PUT,65.0,2026-06-18,483800,1466,1493,876,63.33,REPEATEDHITSASCENDINGFILL,False,False,False,0,471260,58214591140.0,22,BID,LONG,0.5
BKR,2026-05-18 14:46:27.574935+00:00,PUT,60.0,2026-09-18,407658,1274,1277,453,65.905,REPEATEDHITSDESCENDINGFILL,False,False,False,395178,0,58214591140.0,123,ASK,SHORT,1.0
BKR,2026-05-13 16:42:05.253457+00:00,CALL,70.0,2026-09-18,275510,656,662,339,65.2,REPEATEDHITS,False,False,False,275510,0,58214591140.0,128,ASK,LONG,1.0
BKR,2026-05-08 19:20:23.062943+00:00,PUT,60.0,2027-01-15,532521,951,953,139,63.925,REPEATEDHITSDESCENDINGFILL,False,False,False,532521,0,58214591140.0,252,ASK,SHORT,1.0
BKR,2026-05-05 14:19:18.803589+00:00,PUT,70.0,2026-09-18,140800,220,264,14,69.115,REPEATEDHITS,False,False,False,140800,0,58214591140.0,136,ASK,SHORT,1.0
BKR,2026-05-04 16:48:44.939797+00:00,CALL,75.0,2026-07-17,204095,907,913,382,68.79,REPEATEDHITSASCENDINGFILL,False,False,False,0,195545,58214591140.0,74,BID,SHORT,0.5
BKR,2026-04-27 15:34:57.793213+00:00,CALL,85.0,2026-12-18,60060,182,182,51,68.79,REPEATEDHITS,False,False,False,59400,330,58214591140.0,235,ASK,LONG,1.0
CG,2026-06-05 18:04:54.696558+00:00,PUT,37.5,2026-09-18,96015,519,528,273,43.19,REPEATEDHITS,False,False,False,96015,0,15446502663.0,105,ASK,SHORT,1.0
CG,2026-05-27 15:51:03.475150+00:00,CALL,45.0,2026-09-18,159020,318,318,9,45.85,REPEATEDHITSASCENDINGFILL,False,False,False,0,159020,15446502663.0,114,BID,SHORT,0.5
CG,2026-05-20 15:43:54.849237+00:00,PUT,47.5,2026-07-17,219560,563,563,131,45.96,REPEATEDHITS,False,False,False,209420,10140,15446502663.0,58,ASK,SHORT,1.0
CG,2026-05-19 17:51:13.883259+00:00,PUT,45.0,2026-06-18,82830,436,454,348,45.89,REPEATEDHITS,False,False,False,82830,0,15446502663.0,30,ASK,SHORT,1.0
CG,2026-05-19 16:35:39.106122+00:00,PUT,45.0,2026-07-17,75000,300,303,37,45.87,REPEATEDHITS,True,False,False,0,75000,15446502663.0,59,BID,LONG,0.5
CG,2026-05-19 14:38:45.143415+00:00,CALL,47.5,2026-07-17,13500,54,631,13,45.79,REPEATEDHITS,False,False,False,13500,0,15446502663.0,59,ASK,LONG,1.0
CG,2026-05-19 14:38:25.884046+00:00,CALL,47.5,2026-07-17,143479,574,577,13,45.82,REPEATEDHITSDESCENDINGFILL,False,False,False,143479,0,15446502663.0,59,ASK,LONG,1.0
CG,2026-05-13 16:01:53.872565+00:00,CALL,45.0,2026-06-18,53110,113,113,32,48.8,REPEATEDHITS,False,False,False,0,53110,15446502663.0,36,BID,SHORT,0.5
CG,2026-05-13 16:01:53.872565+00:00,CALL,42.5,2026-06-18,616465,934,934,81,48.8,REPEATEDHITSASCENDINGFILL,False,False,False,0,616465,15446502663.0,36,BID,SHORT,0.5
CG,2026-05-11 15:17:40.027492+00:00,CALL,50.0,2026-06-18,34170,134,146,119,49.73,REPEATEDHITS,False,False,False,0,34170,15446502663.0,38,BID,SHORT,0.5
CG,2026-05-06 13:57:23.532469+00:00,PUT,50.0,2026-05-15,116878,668,968,381,50.89,REPEATEDHITSDESCENDINGFILL,False,False,False,116878,0,15446502663.0,9,ASK,SHORT,1.0
CG,2026-05-01 15:18:17.642579+00:00,PUT,42.5,2026-07-17,10000,100,100,64,50.25,REPEATEDHITS,False,False,False,0,10000,15446502663.0,77,BID,LONG,0.5
CG,2026-04-28 16:51:05.406814+00:00,CALL,47.5,2026-12-18,32830,49,52,0,47.16,REPEATEDHITS,False,False,False,32830,0,15446502663.0,234,ASK,LONG,1.0
CG,2026-04-27 18:16:09.180236+00:00,CALL,42.5,2026-06-18,51974,80,80,50,47.37,REPEATEDHITS,False,False,False,51974,0,15446502663.0,52,ASK,LONG,1.0
AHCO,2026-06-24 15:28:15.260202+00:00,CALL,10.0,2026-09-18,90000,1000,6005,102,9.98,LOWHISTORICVOLUMEFLOOR,False,True,False,0,90000,1319725274.0,86,BID,SHORT,0.5
AHCO,2026-06-24 15:15:00.950878+00:00,CALL,10.0,2026-09-18,26640,296,4296,102,9.91,REPEATEDHITS,True,False,False,26640,0,1319725274.0,86,ASK,LONG,1.0
AHCO,2026-06-24 15:14:45.279862+00:00,CALL,10.0,2026-09-18,45000,500,4000,102,9.92,REPEATEDHITS,False,False,False,0,45000,1319725274.0,86,BID,SHORT,0.5
AHCO,2026-06-24 15:12:45.933402+00:00,CALL,10.0,2026-09-18,11430,127,1906,102,9.96,REPEATEDHITS,True,False,False,11430,0,1319725274.0,86,ASK,LONG,1.0
AHCO,2026-06-24 15:12:40.327153+00:00,CALL,10.0,2026-09-18,48600,540,1642,102,9.96,REPEATEDHITS,False,False,False,2970,30870,1319725274.0,86,BID,SHORT,0.5
AHCO,2026-06-24 14:54:19.107045+00:00,CALL,10.0,2026-09-18,19700,197,197,102,10.08,REPEATEDHITS,False,False,False,19700,0,1319725274.0,86,ASK,LONG,1.0
AHCO,2026-05-05 20:00:00.009584+00:00,PUT,12.5,2026-09-18,150000,1000,5000,0,11.75,REPEATEDHITS,False,False,False,0,150000,1319725274.0,136,BID,LONG,0.5
AHCO,2026-05-05 19:56:06.936867+00:00,PUT,12.5,2026-09-18,80000,500,4000,0,11.81,REPEATEDHITS,False,False,False,0,80000,1319725274.0,136,BID,LONG,0.5
AHCO,2026-05-05 19:56:01.131188+00:00,PUT,12.5,2026-09-18,64000,400,3500,0,11.795,REPEATEDHITS,False,False,False,0,64000,1319725274.0,136,BID,LONG,0.5
AHCO,2026-05-05 19:40:41.187617+00:00,PUT,12.5,2026-09-18,146250,975,3000,0,11.8201,LOWHISTORICVOLUMEFLOOR,False,True,False,0,146250,1319725274.0,136,BID,LONG,0.5
AHCO,2026-05-05 18:27:59.617256+00:00,PUT,12.5,2026-09-18,16000,100,1025,0,11.89,REPEATEDHITS,False,False,False,16000,0,1319725274.0,136,ASK,SHORT,1.0
AHCO,2026-05-05 18:27:43.001529+00:00,PUT,12.5,2026-09-18,52000,325,925,0,11.88,REPEATEDHITS,False,False,False,52000,0,1319725274.0,136,ASK,SHORT,1.0
AHCO,2026-05-05 15:28:45.832334+00:00,PUT,12.5,2026-09-18,18880,118,568,0,11.91,REPEATEDHITS,False,False,False,17280,0,1319725274.0,136,ASK,SHORT,1.0
AHCO,2026-05-05 14:07:00.671850+00:00,PUT,12.5,2026-09-18,19000,100,200,0,11.3,REPEATEDHITS,False,False,False,4750,9500,1319725274.0,136,BID,LONG,0.5
AHCO,2026-04-27 18:37:11.807722+00:00,PUT,10.0,2026-09-18,52920,1176,1176,554,12.975,REPEATEDHITS,False,False,False,0,52920,1319725274.0,144,BID,LONG,0.5
PAYX,2026-06-24 16:55:17.750910+00:00,CALL,100.0,2026-08-21,111600,360,533,9,96.29,REPEATEDHITS,False,False,False,0,111600,35108923429.0,58,BID,SHORT,0.5
PAYX,2026-06-23 14:51:33.512797+00:00,PUT,90.0,2026-07-17,251920,1880,2030,1087,98.3,REPEATEDHITS,False,False,False,0,251920,35108923429.0,24,BID,LONG,0.5
PAYX,2026-06-22 17:44:47.746162+00:00,PUT,90.0,2026-08-21,70000,250,503,1,97.13,REPEATEDHITS,False,False,False,1120,1120,35108923429.0,60,MIXED,,0.0
PAYX,2026-06-22 17:41:53.808791+00:00,PUT,90.0,2026-08-21,70000,250,253,1,97.295,REPEATEDHITS,False,False,False,60480,9520,35108923429.0,60,ASK,SHORT,1.0
PAYX,2026-06-15 19:30:21.892378+00:00,PUT,95.0,2027-06-17,35310,33,550,15,100.62,REPEATEDHITS,True,False,False,35310,0,35108923429.0,367,ASK,SHORT,1.0
PAYX,2026-06-15 19:27:53.523169+00:00,PUT,95.0,2027-06-17,49220,46,469,15,100.59,REPEATEDHITS,True,False,False,49220,0,35108923429.0,367,ASK,SHORT,1.0
PAYX,2026-06-15 19:27:41.111678+00:00,PUT,95.0,2027-06-17,50880,48,423,15,100.575,REPEATEDHITS,True,False,False,50880,0,35108923429.0,367,ASK,SHORT,1.0
PAYX,2026-06-15 19:27:10.871469+00:00,PUT,95.0,2027-06-17,50290,47,375,15,100.61,REPEATEDHITS,True,False,False,50290,0,35108923429.0,367,ASK,SHORT,1.0
PAYX,2026-06-15 19:26:59.655494+00:00,PUT,95.0,2027-06-17,50880,48,328,15,100.61,REPEATEDHITS,True,False,False,50880,0,35108923429.0,367,ASK,SHORT,1.0
PAYX,2026-06-11 17:47:59.357003+00:00,CALL,110.0,2026-07-17,333440,2084,2172,1109,100.36,REPEATEDHITS,False,False,False,333440,0,35108923429.0,36,ASK,LONG,1.0
PAYX,2026-05-29 16:50:49.239390+00:00,CALL,115.0,2026-07-17,13520,169,419,21,97.125,REPEATEDHITS,False,False,False,13520,0,35108923429.0,49,ASK,LONG,1.0
PAYX,2026-05-29 15:48:55.690914+00:00,PUT,90.0,2026-07-17,19750,79,561,77,96.885,REPEATEDHITS,False,False,False,1250,0,35108923429.0,49,ASK,SHORT,1.0
PAYX,2026-05-29 15:21:23.466825+00:00,PUT,90.0,2026-07-17,21500,86,436,77,96.71,REPEATEDHITS,False,False,False,2000,250,35108923429.0,49,ASK,SHORT,1.0
PAYX,2026-05-29 15:17:22.807429+00:00,PUT,90.0,2026-07-17,25000,100,330,77,96.77,REPEATEDHITS,True,False,False,2500,250,35108923429.0,49,ASK,SHORT,1.0
PAYX,2026-05-27 18:21:18.282945+00:00,PUT,90.0,2027-06-17,139861,126,200,41,94.58,REPEATEDHITS,False,False,False,0,139861,35108923429.0,386,BID,LONG,0.5
PAYX,2026-05-20 15:52:13.812676+00:00,CALL,105.0,2026-09-18,162620,417,420,321,94.21,REPEATEDHITSDESCENDINGFILL,False,False,False,162620,0,35108923429.0,121,ASK,LONG,1.0
PAYX,2026-05-19 18:47:09.027466+00:00,PUT,70.0,2027-01-15,187460,721,721,45,94.74,REPEATEDHITS,False,False,False,0,0,35108923429.0,241,MIXED,,0.0
PAYX,2026-05-19 18:47:09.027466+00:00,PUT,95.0,2027-01-15,764260,721,721,467,94.74,REPEATEDHITS,False,False,False,0,0,35108923429.0,241,MIXED,,0.0
PAYX,2026-05-19 14:22:48.275360+00:00,PUT,85.0,2026-07-17,22750,175,245,41,96.91,REPEATEDHITS,True,False,False,390,13650,35108923429.0,59,BID,LONG,0.5
PAYX,2026-05-19 14:02:03.404932+00:00,PUT,85.0,2026-07-17,10150,70,70,41,96.44,REPEATEDHITS,False,False,False,3045,0,35108923429.0,59,ASK,SHORT,1.0
DLX,2026-06-24 15:24:22.168736+00:00,CALL,25.0,2026-07-17,11110,236,1795,198,23.45,REPEATEDHITSASCENDINGFILL,False,False,False,5100,6010,1037008982.0,23,BID,SHORT,0.5
TNL,2026-06-11 19:43:48.670449+00:00,CALL,65.0,2026-06-18,133000,175,310,156,73.54,FLOORTRADEMIDCAP,False,True,False,133000,0,4717825737.0,7,ASK,LONG,1.0
TNL,2026-06-10 15:18:50.952076+00:00,CALL,75.0,2026-07-17,81900,420,420,128,71.775,LOWHISTORICVOLUMEFLOOR,False,True,False,81900,0,4717825737.0,37,ASK,LONG,1.0
TNL,2026-06-03 15:50:03.804761+00:00,CALL,75.0,2026-07-17,13650,105,126,1,69.85,REPEATEDHITS,False,False,False,13650,0,4717825737.0,44,ASK,LONG,1.0
TNL,2026-06-02 14:12:37.353257+00:00,CALL,72.5,2026-06-18,21580,166,170,14,71.47,REPEATEDHITS,True,False,False,17420,0,4717825737.0,16,ASK,LONG,1.0
TNL,2026-05-27 19:58:29.061352+00:00,CALL,70.0,2026-06-18,34560,256,383,247,68.87,REPEATEDHITS,False,False,False,34560,0,4717825737.0,22,ASK,LONG,1.0
TNL,2026-05-04 16:48:09.900306+00:00,PUT,60.0,2026-06-18,18000,80,271,55,61.51,REPEATEDHITS,False,False,False,18000,0,4717825737.0,45,ASK,SHORT,1.0
TNL,2026-05-04 15:15:22.020075+00:00,PUT,60.0,2026-06-18,29340,163,163,55,62.63,REPEATEDHITS,False,False,False,28980,180,4717825737.0,45,ASK,SHORT,1.0
VET,2026-05-18 15:15:38.678883+00:00,PUT,12.5,2026-11-20,15196,100,600,40,12.8901,REPEATEDHITSASCENDINGFILL,False,False,False,0,15196,1505024359.0,186,BID,LONG,0.5
NG,2026-05-21 16:38:07.716243+00:00,CALL,11.0,2026-12-18,112320,1248,1250,163,7.75,REPEATEDHITS,False,False,False,0,112320,3167996033.0,211,BID,SHORT,0.5
NG,2026-05-15 17:51:16.651407+00:00,PUT,8.0,2026-07-17,16490,194,195,0,8.2401,REPEATEDHITS,False,False,False,16490,0,3167996033.0,63,ASK,SHORT,1.0
ACGL,2026-06-22 15:15:08.986023+00:00,CALL,100.0,2026-07-17,18168,606,644,6,92.38,REPEATEDHITSDESCENDINGFILL,False,False,False,17688,30,32741298291.0,25,ASK,LONG,1.0
ACGL,2026-05-27 16:35:19.081855+00:00,PUT,90.0,2026-07-17,19530,85,175,56,91.77,REPEATEDHITSASCENDINGFILL,True,False,False,19070,460,32741298291.0,51,ASK,SHORT,1.0
ACGL,2026-05-20 15:24:03.546746+00:00,CALL,105.0,2026-06-18,11473,460,461,132,96.64,REPEATEDHITSDESCENDINGFILL,False,False,False,11473,0,32741298291.0,29,ASK,LONG,1.0
DRI,2026-06-17 18:15:22.829784+00:00,PUT,195.0,2027-01-15,108430,91,102,86,214.2601,REPEATEDHITSDESCENDINGFILL,True,False,False,0,108430,24119926282.0,212,BID,LONG,0.5
DRI,2026-06-17 18:13:54.131204+00:00,CALL,290.0,2028-01-21,16800,14,16,5,214.2,REPEATEDHITS,False,False,False,1200,13200,24119926282.0,583,BID,SHORT,0.5
DRI,2026-06-12 15:14:33.704253+00:00,PUT,210.0,2026-06-18,44091,126,206,97,211.73,REPEATEDHITSDESCENDINGFILL,False,False,False,43741,350,24119926282.0,6,ASK,SHORT,1.0
DRI,2026-06-02 14:51:39.649636+00:00,PUT,185.0,2026-09-18,66240,72,72,22,196.81,REPEATEDHITS,False,False,False,0,66240,24119926282.0,108,BID,LONG,0.5
DRI,2026-05-21 18:55:07.527630+00:00,CALL,190.0,2026-07-17,77017,51,51,14,197.545,REPEATEDHITSASCENDINGFILL,False,False,False,0,77017,24119926282.0,57,BID,SHORT,0.5
DRI,2026-05-21 18:55:07.527630+00:00,PUT,210.0,2026-07-17,92310,51,51,30,197.545,REPEATEDHITS,False,False,False,92310,0,24119926282.0,57,ASK,SHORT,1.0
DRI,2026-05-18 14:40:16.107108+00:00,CALL,240.0,2026-10-16,15500,50,227,25,193.13,REPEATEDHITS,False,False,False,13640,1860,24119926282.0,151,ASK,LONG,1.0
DRI,2026-05-18 14:27:25.295273+00:00,CALL,240.0,2026-10-16,57744,175,176,25,193.65,REPEATEDHITSDESCENDINGFILL,False,False,False,57744,0,24119926282.0,151,ASK,LONG,1.0
DRI,2026-05-15 14:11:19.045290+00:00,PUT,175.0,2027-01-15,56100,51,52,23,194.63,REPEATEDHITS,False,False,False,56100,0,24119926282.0,245,ASK,SHORT,1.0
DRI,2026-05-14 13:45:59.170580+00:00,PUT,180.0,2026-12-18,28065,24,24,3,195.575,REPEATEDHITSDESCENDINGFILL,False,False,False,24555,3510,24119926282.0,218,ASK,SHORT,1.0
DRI,2026-05-06 19:59:06.884698+00:00,PUT,195.0,2026-05-15,35645,115,127,72,196.23,REPEATEDHITSDESCENDINGFILL,True,False,False,31615,0,24119926282.0,9,ASK,SHORT,1.0
ALKS,2026-06-23 17:05:49.303258+00:00,CALL,49.0,2026-11-20,18600,31,31,0,47.94,REPEATEDHITS,False,False,False,18600,0,8012106042.0,150,ASK,LONG,1.0
ALKS,2026-06-23 17:05:49.303258+00:00,CALL,48.0,2026-08-21,26210,69,78,62,47.94,REPEATEDHITS,False,False,False,25830,380,8012106042.0,59,ASK,LONG,1.0
ALKS,2026-06-23 17:05:49.303258+00:00,CALL,50.0,2026-11-20,133830,239,239,10,47.94,REPEATEDHITS,False,False,False,133830,0,8012106042.0,150,ASK,LONG,1.0
ALKS,2026-06-23 15:32:50.874257+00:00,PUT,50.0,2026-08-21,73503,147,147,0,46.91,REPEATEDHITS,False,False,False,0,73503,8012106042.0,59,BID,LONG,0.5
ALKS,2026-06-22 19:36:12.702383+00:00,PUT,41.0,2026-08-21,325000,2500,2500,3,46.39,FLOORTRADEMIDCAP,False,True,True,0,325000,8012106042.0,60,BID,LONG,0.5
ALKS,2026-06-22 18:25:37.077115+00:00,PUT,45.0,2026-08-21,28355,107,268,0,46.245,REPEATEDHITS,False,False,False,0,28355,8012106042.0,60,BID,LONG,0.5
ALKS,2026-06-22 17:51:56.391330+00:00,CALL,50.0,2026-08-21,30240,144,145,33,46.25,REPEATEDHITS,False,False,False,0,30240,8012106042.0,60,BID,SHORT,0.5
ALKS,2026-06-22 17:27:02.631499+00:00,PUT,46.0,2026-08-21,42880,134,134,0,45.99,REPEATEDHITS,False,False,False,0,42880,8012106042.0,60,BID,LONG,0.5
ALKS,2026-06-22 16:50:02.771350+00:00,PUT,45.0,2026-08-21,45885,161,161,0,45.74,REPEATEDHITS,False,False,False,0,45885,8012106042.0,60,BID,LONG,0.5
ALKS,2026-06-15 19:33:47.158766+00:00,CALL,45.0,2026-08-21,39060,126,3791,25,44.02,REPEATEDHITS,True,False,False,39060,0,8012106042.0,67,ASK,LONG,1.0
ALKS,2026-06-15 19:20:52.989996+00:00,CALL,45.0,2026-08-21,601250,1625,3250,25,43.875,LOWHISTORICVOLUMEFLOOR,False,True,False,601250,0,8012106042.0,67,ASK,LONG,1.0
ALKS,2026-06-05 19:06:31.643879+00:00,PUT,35.0,2026-07-17,16250,250,250,0,42.595,REPEATEDHITS,False,False,False,0,0,8012106042.0,42,MIXED,,0.0
ALKS,2026-06-05 19:06:31.643879+00:00,CALL,50.0,2026-07-17,25000,250,250,0,42.595,REPEATEDHITS,False,False,False,0,0,8012106042.0,42,MIXED,,0.0
ALKS,2026-06-02 19:38:38.046320+00:00,PUT,42.0,2026-06-18,19610,106,106,3,41.54,REPEATEDHITS,False,False,False,0,19610,8012106042.0,16,BID,LONG,0.5
ALKS,2026-05-29 14:45:47.254058+00:00,CALL,45.0,2026-06-18,104999,1000,1001,10,42.315,REPEATEDHITS,False,False,False,104999,0,8012106042.0,20,ASK,LONG,1.0
ALKS,2026-05-19 13:41:38.811693+00:00,CALL,40.0,2026-06-18,12210,200,200,58,36.935,REPEATEDHITSDESCENDINGFILL,False,False,False,0,12210,8012106042.0,30,BID,SHORT,0.5
ALKS,2026-05-14 14:07:26.452750+00:00,PUT,40.0,2028-01-21,529380,605,605,0,38.685,FLOORTRADEMIDCAP,False,True,False,0,529380,8012106042.0,617,BID,LONG,0.5
ALKS,2026-05-12 18:46:26.255371+00:00,CALL,39.0,2026-05-15,19741,489,3535,2,38.04,REPEATEDHITSDESCENDINGFILL,False,False,False,2051,16690,8012106042.0,3,BID,SHORT,0.5
BEAM,2026-06-24 14:40:16.587351+00:00,CALL,45.0,2026-07-17,10040,251,254,31,35.26,REPEATEDHITS,False,False,False,10040,0,3415589905.0,23,ASK,LONG,1.0
BEAM,2026-06-18 14:45:06.216767+00:00,CALL,38.0,2026-07-17,14259,124,155,50,32.845,REPEATEDHITS,False,False,False,14259,0,3415589905.0,29,ASK,LONG,1.0
BEAM,2026-05-27 14:31:39.866883+00:00,CALL,38.0,2026-06-18,10560,96,3035,49,32.58,REPEATEDHITS,False,False,False,0,10560,3415589905.0,22,BID,SHORT,0.5
BEAM,2026-05-27 14:10:03.526327+00:00,CALL,37.0,2026-06-18,12600,105,2926,9,32.725,REPEATEDHITS,False,False,False,0,0,3415589905.0,22,MIXED,,0.0
BEAM,2026-05-27 13:59:34.898271+00:00,CALL,37.0,2026-06-18,59968,750,759,9,32.03,REPEATEDHITSASCENDINGFILL,False,False,False,59968,0,3415589905.0,22,ASK,LONG,1.0
BEAM,2026-05-15 15:36:02.914723+00:00,CALL,36.0,2026-06-18,22500,300,343,21,28.23,REPEATEDHITS,False,False,False,22500,0,3415589905.0,34,ASK,LONG,1.0
NTRA,2026-06-24 16:14:58.229600+00:00,CALL,280.0,2026-07-17,40039,63,73,24,256.455,REPEATEDHITSDESCENDINGFILL,False,False,False,20799,4360,33621243078.0,23,ASK,LONG,1.0
NTRA,2026-06-24 14:41:47.345289+00:00,CALL,290.0,2026-10-16,52706,25,75,0,251.78,REPEATEDHITSASCENDINGFILL,False,False,False,52706,0,33621243078.0,114,ASK,LONG,1.0
NTRA,2026-06-24 14:41:36.923610+00:00,CALL,290.0,2026-10-16,52877,25,50,0,253.805,REPEATEDHITSASCENDINGFILL,False,False,False,52877,0,33621243078.0,114,ASK,LONG,1.0
NTRA,2026-06-24 14:41:18.285253+00:00,CALL,290.0,2026-10-16,53228,25,25,0,254.22,REPEATEDHITSASCENDINGFILL,False,False,False,53228,0,33621243078.0,114,ASK,LONG,1.0
NTRA,2026-06-24 14:40:59.860340+00:00,PUT,220.0,2026-10-16,40572,25,135,1,254.21,REPEATEDHITSASCENDINGFILL,False,False,False,40572,0,33621243078.0,114,ASK,SHORT,1.0
NTRA,2026-06-24 14:40:40.837053+00:00,PUT,220.0,2026-10-16,40106,25,85,1,254.21,REPEATEDHITSASCENDINGFILL,False,False,False,40106,0,33621243078.0,114,ASK,SHORT,1.0
NTRA,2026-06-24 14:40:29.019650+00:00,PUT,220.0,2026-10-16,39688,25,35,1,254.21,REPEATEDHITSASCENDINGFILL,False,False,False,39688,0,33621243078.0,114,ASK,SHORT,1.0
NTRA,2026-06-24 13:57:32.512503+00:00,CALL,280.0,2026-09-18,69920,38,38,5,249.74,REPEATEDHITS,False,False,False,31280,38640,33621243078.0,86,BID,SHORT,0.5
NTRA,2026-06-23 16:53:01.722427+00:00,PUT,220.0,2027-01-15,272000,100,150,0,239.1,REPEATEDHITS,False,False,False,0,54400,33621243078.0,206,BID,LONG,0.5
NTRA,2026-06-23 16:04:07.025251+00:00,CALL,230.0,2026-09-18,191580,62,62,28,236.77,REPEATEDHITS,False,False,False,0,191580,33621243078.0,87,BID,SHORT,0.5
NTRA,2026-06-22 14:03:05.703753+00:00,PUT,200.0,2026-07-17,54312,181,183,169,226.7,REPEATEDHITSASCENDINGFILL,False,False,False,0,54002,33621243078.0,25,BID,LONG,0.5
NTRA,2026-06-18 16:50:52.871958+00:00,PUT,180.0,2026-08-21,16450,35,62,8,229.31,REPEATEDHITS,False,False,False,0,16450,33621243078.0,64,BID,LONG,0.5
NTRA,2026-06-18 15:05:22.072054+00:00,PUT,180.0,2026-08-21,10340,22,22,8,229.795,REPEATEDHITS,False,False,False,0,10340,33621243078.0,64,BID,LONG,0.5
NTRA,2026-06-17 15:11:03.136969+00:00,PUT,250.0,2026-12-18,630200,137,201,0,228.1563,REPEATEDHITS,False,False,False,202400,9200,33621243078.0,184,ASK,SHORT,1.0
NTRA,2026-06-16 17:14:24.595426+00:00,PUT,190.0,2026-07-17,17550,78,152,54,221.965,REPEATEDHITS,False,False,False,0,17550,33621243078.0,31,BID,LONG,0.5
NTRA,2026-06-16 15:49:41.771211+00:00,PUT,190.0,2026-07-17,16800,70,71,54,221.395,REPEATEDHITS,False,False,False,0,16800,33621243078.0,31,BID,LONG,0.5
NTRA,2026-06-11 17:13:26.727571+00:00,PUT,175.0,2026-10-16,63000,60,61,1,216.51,REPEATEDHITS,False,False,False,63000,0,33621243078.0,127,ASK,SHORT,1.0
NTRA,2026-06-09 16:00:33.447530+00:00,PUT,195.0,2026-08-21,165409,119,119,110,213.5,REPEATEDHITS,False,False,False,165409,0,33621243078.0,73,ASK,SHORT,1.0
NTRA,2026-06-08 18:56:08.454952+00:00,CALL,210.0,2026-08-21,56910,21,22,17,215.03,REPEATEDHITS,False,False,False,56910,0,33621243078.0,74,ASK,LONG,1.0
NTRA,2026-06-05 18:42:07.237148+00:00,PUT,195.0,2026-08-21,159120,117,117,3,216.0181,REPEATEDHITS,False,False,False,149600,9520,33621243078.0,77,ASK,SHORT,1.0
NTRA,2026-06-04 18:24:57.585769+00:00,CALL,220.0,2026-08-21,77000,28,46,24,222.59,REPEATEDHITS,False,False,False,77000,0,33621243078.0,78,ASK,LONG,1.0
NTRA,2026-06-04 17:16:54.955499+00:00,PUT,160.0,2026-08-21,30310,100,100,7,220.3,REPEATEDHITSASCENDINGFILL,False,False,False,12300,9610,33621243078.0,78,ASK,SHORT,1.0
NTRA,2026-06-04 16:38:12.426161+00:00,PUT,230.0,2026-08-21,313589,112,112,5,220.98,REPEATEDHITSDESCENDINGFILL,False,False,False,310799,2790,33621243078.0,78,ASK,SHORT,1.0
NTRA,2026-05-29 15:03:16.005831+00:00,PUT,220.0,2026-06-18,88200,98,99,3,223.95,REPEATEDHITS,False,False,False,88200,0,33621243078.0,20,ASK,SHORT,1.0
NTRA,2026-05-28 19:08:13.073483+00:00,PUT,210.0,2026-11-20,4323900,1491,1999,51,211.98,LOWHISTORICVOLUMEFLOOR,False,True,False,0,4323900,33621243078.0,176,BID,LONG,0.5
NTRA,2026-05-28 19:07:05.401655+00:00,PUT,210.0,2026-11-20,1475000,500,508,51,211.81,REPEATEDHITS,False,False,False,1380600,2950,33621243078.0,176,ASK,SHORT,1.0
NTRA,2026-05-26 15:00:13.180931+00:00,PUT,210.0,2026-07-17,145920,76,79,42,203.07,REPEATEDHITS,False,False,False,145920,0,33621243078.0,52,ASK,SHORT,1.0
NTRA,2026-05-26 14:53:17.573953+00:00,PUT,195.0,2026-07-17,97170,86,86,74,203.43,REPEATEDHITS,False,False,False,91530,5640,33621243078.0,52,ASK,SHORT,1.0
NTRA,2026-05-20 15:08:15.308453+00:00,PUT,195.0,2026-07-17,76049,65,65,20,203.1931,REPEATEDHITS,False,False,False,74879,0,33621243078.0,58,ASK,SHORT,1.0
NTRA,2026-05-19 18:06:14.726905+00:00,PUT,190.0,2026-11-20,61559,25,50,20,196.845,REPEATEDHITSDESCENDINGFILL,False,False,False,0,61559,33621243078.0,185,BID,LONG,0.5
BBIO,2026-06-22 17:22:10.706458+00:00,PUT,65.0,2026-08-21,45900,135,135,11,69.31,REPEATEDHITS,False,False,False,0,45900,13441957038.0,60,BID,LONG,0.5
BBIO,2026-06-10 19:09:44.068467+00:00,PUT,60.0,2026-07-17,43260,309,310,81,67.64,REPEATEDHITS,False,False,False,43260,0,13441957038.0,37,ASK,SHORT,1.0
BBIO,2026-04-28 19:22:38.193714+00:00,PUT,65.0,2026-06-18,16320,48,168,4,69.965,REPEATEDHITS,False,False,False,16320,0,13441957038.0,51,ASK,SHORT,1.0
BBIO,2026-04-28 18:04:18.172002+00:00,PUT,65.0,2026-06-18,18150,55,119,4,70.52,REPEATEDHITS,False,False,False,18150,0,13441957038.0,51,ASK,SHORT,1.0
BBIO,2026-04-28 17:53:03.857665+00:00,PUT,65.0,2026-06-18,18150,55,64,4,70.245,REPEATEDHITS,False,False,False,330,0,13441957038.0,51,ASK,SHORT,1.0
BBIO,2026-04-28 14:17:19.104003+00:00,CALL,85.0,2026-07-17,99520,127,127,94,82.5,REPEATEDHITSDESCENDINGFILL,True,False,False,99520,0,13441957038.0,80,ASK,LONG,1.0
AUPH,2026-06-03 16:18:56.317246+00:00,CALL,15.0,2026-07-17,46694,359,1278,211,15.71,REPEATEDHITS,False,False,False,8060,38634,2299397877.0,44,BID,SHORT,0.5
AUPH,2026-06-03 16:14:49.323109+00:00,CALL,15.0,2026-07-17,101140,778,778,211,15.82,REPEATEDHITS,False,False,False,0,101140,2299397877.0,44,BID,SHORT,0.5
AUPH,2026-06-02 17:21:51.083166+00:00,PUT,15.0,2027-01-15,104895,567,10959,469,15.16,REPEATEDHITS,True,False,False,2775,102120,2299397877.0,227,BID,LONG,0.5
IONS,2026-06-23 19:50:56.674426+00:00,CALL,95.0,2027-12-17,53401,60,64,22,76.3,REPEATEDHITS,False,False,False,0,53401,12558301630.0,542,BID,SHORT,0.5
IONS,2026-06-17 18:42:10.974909+00:00,PUT,85.0,2026-09-18,180900,135,159,0,74.21,REPEATEDHITS,False,False,False,0,81740,12558301630.0,93,BID,LONG,0.5
IONS,2026-06-17 18:42:05.365658+00:00,PUT,85.0,2026-09-18,31680,24,24,0,74.21,REPEATEDHITS,False,False,False,0,2640,12558301630.0,93,BID,LONG,0.5
IONS,2026-06-02 16:51:58.393359+00:00,PUT,72.5,2026-07-17,140000,400,1600,297,73.13,REPEATEDHITS,False,False,False,0,140000,12558301630.0,45,BID,LONG,0.5
IONS,2026-06-02 16:49:24.405194+00:00,PUT,72.5,2026-07-17,144012,400,1200,297,73.06,REPEATEDHITSASCENDINGFILL,False,False,False,0,144012,12558301630.0,45,BID,LONG,0.5
IONS,2026-05-29 19:22:29.465249+00:00,CALL,87.5,2027-01-15,33600,60,100,41,76.98,REPEATEDHITS,False,False,False,0,33600,12558301630.0,231,BID,SHORT,0.5
IONS,2026-05-26 17:01:46.516036+00:00,CALL,82.5,2026-07-17,20750,83,267,60,76.24,REPEATEDHITS,False,False,False,20750,0,12558301630.0,52,ASK,LONG,1.0
IONS,2026-05-26 16:18:01.122953+00:00,CALL,82.5,2026-07-17,19033,81,117,60,76.365,REPEATEDHITSDESCENDINGFILL,False,False,False,19033,0,12558301630.0,52,ASK,LONG,1.0
IONS,2026-05-19 14:05:01.314403+00:00,CALL,65.0,2028-01-21,61590,28,36,6,72.985,REPEATEDHITS,True,False,False,48400,13190,12558301630.0,612,ASK,LONG,1.0
IONS,2026-05-01 18:59:28.966392+00:00,CALL,80.0,2028-01-21,1850000,1000,2000,8,75.93,FLOORTRADELARGECAP,False,True,True,1850000,0,12558301630.0,630,ASK,LONG,1.0
IONS,2026-05-01 18:24:51.920037+00:00,CALL,80.0,2028-01-21,1850000,1000,1000,8,75.32,LOWHISTORICVOLUMEFLOOR,False,True,True,1850000,0,12558301630.0,630,ASK,LONG,1.0
IONS,2026-04-30 17:28:36.165465+00:00,PUT,77.5,2026-08-21,1374000,2000,2000,0,75.18,FLOORTRADELARGECAP,False,True,True,0,1374000,12558301630.0,113,BID,LONG,0.5
WCN,2026-06-16 14:31:36.703771+00:00,PUT,155.0,2026-08-21,46800,78,78,11,156.025,REPEATEDHITS,False,False,False,0,46800,40510660609.0,66,BID,LONG,0.5
WCN,2026-05-22 15:28:16.679252+00:00,CALL,165.0,2026-08-21,63358,132,132,0,155.65,REPEATEDHITSDESCENDINGFILL,False,False,False,63358,0,40510660609.0,91,ASK,LONG,1.0
WCN,2026-05-21 14:21:13.349685+00:00,CALL,185.0,2026-12-18,37438,104,104,67,156.69,REPEATEDHITSDESCENDINGFILL,False,False,False,37438,0,40510660609.0,211,ASK,LONG,1.0
WCN,2026-05-20 13:54:33.627787+00:00,PUT,155.0,2026-06-18,17385,61,61,41,157.925,REPEATEDHITS,False,False,False,17385,0,40510660609.0,29,ASK,SHORT,1.0
WCN,2026-05-18 15:57:25.546235+00:00,CALL,185.0,2026-12-18,22200,60,60,7,158.61,REPEATEDHITS,False,False,False,22200,0,40510660609.0,214,ASK,LONG,1.0
WCN,2026-05-18 15:25:18.975064+00:00,CALL,150.0,2026-12-18,31550,17,17,1,158.5825,REPEATEDHITSDESCENDINGFILL,False,False,False,31550,0,40510660609.0,214,ASK,LONG,1.0
WCN,2026-05-06 17:25:39.911937+00:00,PUT,150.0,2026-06-18,23001,100,145,29,154.62,REPEATEDHITS,False,False,False,0,23001,40510660609.0,43,BID,LONG,0.5
VRSN,2026-06-23 18:35:14.292431+00:00,CALL,280.0,2026-09-18,97440,168,172,55,247.655,REPEATEDHITS,False,False,False,0,97440,22497020000.0,87,BID,SHORT,0.5
VRSN,2026-06-23 17:07:27.197317+00:00,CALL,270.0,2026-09-18,43120,49,49,3,248.71,REPEATEDHITS,False,False,False,0,43120,22497020000.0,87,BID,SHORT,0.5
VRSN,2026-06-23 16:44:32.590447+00:00,CALL,250.0,2026-07-17,87120,121,228,27,249.02,REPEATEDHITS,False,False,False,0,87120,22497020000.0,24,BID,SHORT,0.5
VRSN,2026-06-23 16:16:53.156131+00:00,CALL,250.0,2026-07-17,78112,107,107,27,248.81,REPEATEDHITS,False,False,False,0,78112,22497020000.0,24,BID,SHORT,0.5
VRSN,2026-06-22 18:33:44.149113+00:00,PUT,230.0,2026-09-18,38885,48,100,2,249.315,REPEATEDHITS,False,False,False,0,38885,22497020000.0,88,BID,LONG,0.5
VRSN,2026-06-22 17:24:00.245632+00:00,PUT,230.0,2026-09-18,43160,52,52,2,247.76,REPEATEDHITS,False,False,False,0,43160,22497020000.0,88,BID,LONG,0.5
VRSN,2026-06-22 14:49:56.187373+00:00,PUT,240.0,2026-08-21,40320,56,56,54,255.705,REPEATEDHITS,False,False,False,40320,0,22497020000.0,60,ASK,SHORT,1.0
VRSN,2026-06-18 18:43:22.672707+00:00,CALL,300.0,2026-09-18,151789,220,220,61,265.6401,REPEATEDHITSDESCENDINGFILL,False,False,False,151789,0,22497020000.0,92,ASK,LONG,1.0
VRSN,2026-06-18 18:42:50.430922+00:00,CALL,280.0,2026-11-20,337788,183,183,63,265.22,REPEATEDHITSDESCENDINGFILL,True,False,False,154648,181290,22497020000.0,155,BID,SHORT,0.5
VRSN,2026-06-17 15:07:37.437709+00:00,CALL,270.0,2026-08-21,107300,74,75,27,267.295,REPEATEDHITS,False,False,False,107300,0,22497020000.0,65,ASK,LONG,1.0
VRSN,2026-06-16 14:22:10.804103+00:00,PUT,280.0,2026-09-18,57710,29,29,11,273.78,REPEATEDHITS,False,False,False,0,57710,22497020000.0,94,BID,LONG,0.5
VRSN,2026-06-05 18:59:41.124209+00:00,CALL,320.0,2026-08-21,137891,139,139,28,294.76,REPEATEDHITSASCENDINGFILL,False,False,False,102000,32981,22497020000.0,77,ASK,LONG,1.0
VRSN,2026-06-05 18:58:39.607634+00:00,CALL,350.0,2026-09-18,47360,74,126,65,295.4,REPEATEDHITS,False,False,False,0,47360,22497020000.0,105,BID,SHORT,0.5
VRSN,2026-06-05 17:24:42.121911+00:00,CALL,310.0,2026-07-17,102120,148,149,45,295.195,REPEATEDHITS,False,False,False,0,102120,22497020000.0,42,BID,SHORT,0.5
VRSN,2026-06-02 16:59:16.077775+00:00,PUT,290.0,2026-07-17,51030,63,66,19,301.86,REPEATEDHITS,False,False,False,0,51030,22497020000.0,45,BID,LONG,0.5
VRSN,2026-05-29 18:55:38.319693+00:00,PUT,270.0,2026-06-18,21320,82,87,35,286.89,REPEATEDHITS,False,False,False,21320,0,22497020000.0,20,ASK,SHORT,1.0
VRSN,2026-05-29 15:49:26.765938+00:00,CALL,300.0,2026-08-21,87570,63,63,57,285.78,REPEATEDHITS,False,False,False,87570,0,22497020000.0,84,ASK,LONG,1.0
VRSN,2026-05-26 15:27:52.545392+00:00,PUT,310.0,2026-09-18,213400,97,97,0,309.87,REPEATEDHITS,False,False,False,206800,6600,22497020000.0,115,ASK,SHORT,1.0
VRSN,2026-05-18 16:55:22.315213+00:00,CALL,390.0,2026-12-18,145070,163,822,1,306.16,REPEATEDHITS,False,False,False,145070,0,22497020000.0,214,ASK,LONG,1.0
VRSN,2026-05-18 14:32:12.754182+00:00,CALL,390.0,2026-12-18,29160,36,536,1,304.01,REPEATEDHITS,False,False,False,29160,0,22497020000.0,214,ASK,LONG,1.0
VRSN,2026-05-18 14:29:02.913921+00:00,PUT,290.0,2026-06-18,21500,43,43,2,304.19,REPEATEDHITS,False,False,False,21500,0,22497020000.0,31,ASK,SHORT,1.0
VRSN,2026-05-14 14:59:13.865425+00:00,CALL,370.0,2026-11-20,85490,103,104,1,296.165,REPEATEDHITS,False,False,False,85490,0,22497020000.0,190,ASK,LONG,1.0
VRSN,2026-05-11 19:40:40.361347+00:00,PUT,280.0,2027-01-15,36000,15,15,0,286.035,REPEATEDHITS,False,False,False,0,36000,22497020000.0,249,BID,LONG,0.5
VRSN,2026-05-11 18:43:12.015154+00:00,CALL,290.0,2026-07-17,60760,49,51,29,285.0,REPEATEDHITS,False,False,False,0,60760,22497020000.0,67,BID,SHORT,0.5
VRSN,2026-05-08 17:38:02.912258+00:00,PUT,280.0,2026-08-21,29070,19,19,8,286.095,REPEATEDHITS,False,False,False,29070,0,22497020000.0,105,ASK,SHORT,1.0
VRSN,2026-05-07 19:17:14.647285+00:00,CALL,280.0,2026-06-18,82805,82,111,60,278.24,REPEATEDHITSDESCENDINGFILL,False,False,False,81805,0,22497020000.0,42,ASK,LONG,1.0
VRSN,2026-05-06 14:49:41.147972+00:00,PUT,270.0,2026-08-21,64070,43,43,8,275.47,REPEATEDHITS,False,False,False,62580,0,22497020000.0,107,ASK,SHORT,1.0
VRSN,2026-04-28 16:24:37.888615+00:00,PUT,260.0,2026-06-18,93063,141,143,21,271.82,REPEATEDHITS,False,False,False,0,93063,22497020000.0,51,BID,LONG,0.5
VRSN,2026-04-27 17:12:33.203597+00:00,PUT,270.0,2026-06-18,29920,22,22,21,266.57,REPEATEDHITS,False,False,False,27200,2720,22497020000.0,52,ASK,SHORT,1.0
VRSN,2026-04-27 14:56:31.160850+00:00,PUT,260.0,2026-08-21,14150,10,30,2,268.8,REPEATEDHITSASCENDINGFILL,False,False,False,2820,11330,22497020000.0,116,BID,LONG,0.5
AGCO,2026-06-24 14:29:25.676713+00:00,PUT,130.0,2026-07-17,77910,49,49,22,114.13,REPEATEDHITS,False,False,False,0,77910,8053276373.0,23,BID,LONG,0.5
AGCO,2026-06-17 13:35:02.572576+00:00,CALL,135.0,2026-11-20,111650,203,2852,2,115.25,REPEATEDHITS,False,False,False,6050,99550,8053276373.0,156,BID,SHORT,0.5
AGCO,2026-06-17 13:34:49.347689+00:00,CALL,135.0,2026-11-20,49490,91,2609,2,114.23,REPEATEDHITSDESCENDINGFILL,False,False,False,0,26810,8053276373.0,156,BID,SHORT,0.5
AGCO,2026-06-17 13:34:46.536962+00:00,CALL,135.0,2026-11-20,73430,131,2518,2,114.47,REPEATEDHITSDESCENDINGFILL,False,False,False,0,73430,8053276373.0,156,BID,SHORT,0.5
AGCO,2026-06-17 13:34:46.536962+00:00,CALL,135.0,2026-11-20,56260,97,2260,2,114.47,REPEATEDHITS,False,False,False,0,56260,8053276373.0,156,BID,SHORT,0.5
AGCO,2026-06-17 13:34:46.536962+00:00,CALL,135.0,2026-11-20,72440,127,2387,2,114.47,REPEATEDHITSDESCENDINGFILL,False,False,False,2900,69540,8053276373.0,156,BID,SHORT,0.5
AGCO,2026-06-17 13:34:38.318320+00:00,CALL,135.0,2026-11-20,88020,163,2163,2,114.47,REPEATEDHITS,False,False,False,0,88020,8053276373.0,156,BID,SHORT,0.5
AGCO,2026-06-17 13:34:10.666675+00:00,CALL,135.0,2026-11-20,330030,533,2000,2,114.47,REPEATEDHITSDESCENDINGFILL,True,False,False,0,76450,8053276373.0,156,BID,SHORT,0.5
AGCO,2026-06-17 13:34:01.052123+00:00,CALL,135.0,2026-11-20,97350,177,1456,2,114.47,REPEATEDHITS,False,False,False,0,97350,8053276373.0,156,BID,SHORT,0.5
AGCO,2026-06-17 13:34:01.052123+00:00,CALL,135.0,2026-11-20,180880,323,1279,2,114.47,REPEATEDHITS,False,False,False,0,180880,8053276373.0,156,BID,SHORT,0.5
AGCO,2026-06-17 13:33:55.040321+00:00,CALL,135.0,2026-11-20,149060,257,921,2,113.69,REPEATEDHITS,False,False,False,0,83520,8053276373.0,156,BID,SHORT,0.5
AGCO,2026-05-20 16:10:28.799540+00:00,CALL,120.0,2026-08-21,16250,25,25,5,114.415,REPEATEDHITS,False,False,False,5200,0,8053276373.0,93,ASK,LONG,1.0
MDLN,2026-06-15 13:42:14.875870+00:00,PUT,35.0,2026-11-20,175000,500,750,225,36.9,REPEATEDHITS,False,False,False,150500,24500,29849898401.0,158,ASK,SHORT,1.0
MDLN,2026-06-12 13:54:14.845353+00:00,PUT,35.0,2026-07-17,88560,432,1209,340,35.08,REPEATEDHITS,False,False,False,25830,62730,29849898401.0,35,BID,LONG,0.5
MDLN,2026-06-12 13:47:57.525516+00:00,PUT,35.0,2026-07-17,108000,600,612,340,35.685,REPEATEDHITS,False,False,False,97920,3780,29849898401.0,35,ASK,SHORT,1.0
MDLN,2026-05-20 14:09:51.530546+00:00,PUT,30.0,2027-01-15,10528,50,100,26,36.175,REPEATEDHITS,False,False,False,0,10528,29849898401.0,240,BID,LONG,0.5
MDLN,2026-05-06 16:03:07.288519+00:00,CALL,45.0,2026-05-15,21870,486,1823,254,41.64,REPEATEDHITS,False,False,False,21870,0,29849898401.0,9,ASK,LONG,1.0
MDLN,2026-05-06 15:25:25.658729+00:00,CALL,45.0,2026-05-15,15296,510,863,254,41.46,REPEATEDHITSDESCENDINGFILL,False,False,False,15296,0,29849898401.0,9,ASK,LONG,1.0
MDLN,2026-05-06 13:58:20.704305+00:00,PUT,35.0,2026-05-15,15000,600,600,284,40.81,REPEATEDHITS,False,False,False,15000,0,29849898401.0,9,ASK,SHORT,1.0
MDLN,2026-05-04 16:28:39.685092+00:00,PUT,45.0,2026-05-15,640000,2000,2112,1914,44.26,LOWHISTORICVOLUMEFLOOR,False,True,False,640000,0,29849898401.0,11,ASK,SHORT,1.0
QGEN,2026-04-28 16:49:42.936221+00:00,CALL,40.0,2026-08-21,19108,147,1070,38,34.315,REPEATEDHITS,False,False,False,19108,0,8069451342.0,115,ASK,LONG,1.0
ROIV,2026-05-20 14:59:37.980440+00:00,CALL,34.0,2026-06-18,18000,200,213,1,32.175,REPEATEDHITS,False,False,False,810,17190,23167699101.0,29,BID,SHORT,0.5
ROIV,2026-05-20 14:06:35.560761+00:00,CALL,33.0,2026-08-21,410000,2000,2021,24,31.885,LOWHISTORICVOLUMEFLOOR,False,True,False,0,410000,23167699101.0,93,BID,SHORT,0.5
ROIV,2026-05-20 13:59:01.078904+00:00,PUT,28.0,2026-06-18,20763,519,2085,62,31.48,REPEATEDHITS,False,False,False,0,20763,23167699101.0,29,BID,LONG,0.5
ROIV,2026-05-20 13:49:41.334166+00:00,PUT,28.0,2026-06-18,13591,247,1065,62,31.45,REPEATEDHITSASCENDINGFILL,False,False,False,0,13591,23167699101.0,29,BID,LONG,0.5
ROIV,2026-05-19 17:53:39.478110+00:00,CALL,30.0,2026-06-18,26122,209,212,87,28.61,REPEATEDHITS,False,False,False,26122,0,23167699101.0,30,ASK,LONG,1.0
ROIV,2026-05-15 18:14:13.916459+00:00,CALL,28.0,2026-07-17,81000,300,300,0,29.185,LOWHISTORICVOLUMEFLOOR,False,True,True,0,81000,23167699101.0,63,BID,SHORT,0.5
ROIV,2026-05-08 19:47:49.618652+00:00,CALL,33.0,2026-06-18,16248,250,252,0,28.435,REPEATEDHITS,False,False,False,16248,0,23167699101.0,41,ASK,LONG,1.0
GRMN,2026-06-24 14:10:19.970092+00:00,CALL,270.0,2026-07-17,26838,426,432,68,244.0,REPEATEDHITS,False,False,False,26838,0,45593135660.0,23,ASK,LONG,1.0
GRMN,2026-06-12 19:14:46.936920+00:00,CALL,210.0,2026-06-18,195300,70,155,34,237.99,FLOORTRADELARGECAP,False,True,False,195300,0,45593135660.0,6,ASK,LONG,1.0
GRMN,2026-06-09 18:47:13.438006+00:00,PUT,270.0,2026-06-18,36630,11,24,6,237.215,REPEATEDHITS,False,False,False,36630,0,45593135660.0,9,ASK,SHORT,1.0
GRMN,2026-06-05 14:39:38.537281+00:00,PUT,210.0,2026-07-17,165349,1002,1002,29,236.47,REPEATEDHITSDESCENDINGFILL,False,False,False,180,165169,45593135660.0,42,BID,LONG,0.5
GRMN,2026-05-21 18:54:13.179456+00:00,PUT,220.0,2026-12-18,30520,20,20,7,240.31,REPEATEDHITSDESCENDINGFILL,False,False,False,19080,11440,45593135660.0,211,ASK,SHORT,1.0
GRMN,2026-05-21 17:56:51.003517+00:00,CALL,290.0,2026-12-18,22099,26,48,22,239.89,REPEATEDHITS,False,False,False,22099,0,45593135660.0,211,ASK,LONG,1.0
GRMN,2026-05-14 19:14:08.946920+00:00,PUT,260.0,2026-05-15,114810,43,43,16,234.655,LOWHISTORICVOLUMEFLOOR,False,True,True,114810,0,45593135660.0,1,ASK,SHORT,1.0
GRMN,2026-05-11 19:52:54.451959+00:00,CALL,250.0,2026-07-17,179964,200,201,34,242.195,REPEATEDHITS,False,False,False,160164,19800,45593135660.0,67,ASK,LONG,1.0
GRMN,2026-04-28 19:59:11.768933+00:00,CALL,250.0,2026-05-15,15150,15,146,11,247.66,REPEATEDHITS,False,False,False,2020,1010,45593135660.0,17,ASK,LONG,1.0
GRMN,2026-04-28 19:58:55.141806+00:00,CALL,250.0,2026-05-15,12480,12,116,11,247.9886,REPEATEDHITS,False,False,False,3120,2080,45593135660.0,17,ASK,LONG,1.0
GRMN,2026-04-28 19:58:39.112644+00:00,CALL,250.0,2026-05-15,12840,12,95,11,247.97,REPEATEDHITS,False,False,False,4280,0,45593135660.0,17,ASK,LONG,1.0
GRMN,2026-04-28 19:08:44.905396+00:00,CALL,250.0,2026-05-15,14400,12,75,11,249.52,REPEATEDHITS,False,False,False,0,1200,45593135660.0,17,BID,SHORT,0.5
GRMN,2026-04-28 19:02:59.502573+00:00,CALL,250.0,2026-05-15,13560,12,42,11,248.8875,REPEATEDHITS,False,False,False,1130,12430,45593135660.0,17,BID,SHORT,0.5
PFSI,2026-06-08 16:14:37.359038+00:00,CALL,80.0,2026-06-18,10500,50,50,4,80.275,REPEATEDHITS,False,False,False,0,210,4166451970.0,10,BID,SHORT,0.5
PFSI,2026-05-15 14:42:44.675501+00:00,CALL,85.0,2026-08-21,262130,349,349,1,87.07,REPEATEDHITS,False,False,False,85130,148500,4166451970.0,98,BID,SHORT,0.5
CINF,2026-06-24 17:00:08.546686+00:00,CALL,210.0,2026-09-18,10247,171,181,0,179.4,REPEATEDHITSDESCENDINGFILL,False,False,False,10247,0,27195476111.0,86,ASK,LONG,1.0
CINF,2026-06-24 15:38:19.337563+00:00,CALL,190.0,2026-07-17,27166,494,590,43,179.075,REPEATEDHITSASCENDINGFILL,True,False,False,986,0,27195476111.0,23,ASK,LONG,1.0
CINF,2026-06-22 18:42:04.474637+00:00,CALL,190.0,2026-09-18,24439,157,375,145,172.665,REPEATEDHITSDESCENDINGFILL,False,False,False,0,24439,27195476111.0,88,BID,SHORT,0.5
CINF,2026-06-22 14:17:35.040262+00:00,CALL,185.0,2026-07-17,16120,248,633,1,174.525,REPEATEDHITS,False,False,False,16120,0,27195476111.0,25,ASK,LONG,1.0
CINF,2026-06-22 14:16:49.565193+00:00,CALL,185.0,2026-07-17,11000,200,385,1,174.4,REPEATEDHITS,False,False,False,9350,1650,27195476111.0,25,ASK,LONG,1.0
CINF,2026-06-01 19:22:42.284926+00:00,PUT,160.0,2026-07-17,201000,300,300,2,156.785,LOWHISTORICVOLUMEFLOOR,False,True,False,201000,0,27195476111.0,46,ASK,SHORT,1.0
IQV,2026-06-24 13:37:58.755798+00:00,CALL,210.0,2026-08-21,75246,175,175,100,182.7,REPEATEDHITSDESCENDINGFILL,False,False,False,75246,0,28586632000.0,58,ASK,LONG,1.0
IQV,2026-06-22 13:53:27.092636+00:00,PUT,140.0,2026-11-20,22427,35,41,0,166.76,REPEATEDHITSDESCENDINGFILL,False,False,False,1300,16647,28586632000.0,151,BID,LONG,0.5
IQV,2026-06-18 14:56:11.953407+00:00,CALL,170.0,2026-07-17,10240,16,16,4,165.55,REPEATEDHITS,False,False,False,10240,0,28586632000.0,29,ASK,LONG,1.0
IQV,2026-06-09 17:20:18.927231+00:00,CALL,195.0,2026-07-17,26000,40,42,26,185.5,REPEATEDHITS,True,False,False,25350,650,28586632000.0,38,ASK,LONG,1.0
IQV,2026-06-02 15:19:03.073939+00:00,PUT,210.0,2026-06-18,99900,37,37,0,183.88,REPEATEDHITS,False,False,False,99900,0,28586632000.0,16,ASK,SHORT,1.0
IQV,2026-06-01 18:16:40.777549+00:00,CALL,190.0,2026-06-18,113040,157,196,134,188.83,REPEATEDHITS,False,False,False,113040,0,28586632000.0,17,ASK,LONG,1.0
IQV,2026-06-01 18:16:40.777549+00:00,PUT,190.0,2026-06-18,77750,96,96,0,188.83,REPEATEDHITSDESCENDINGFILL,False,False,False,77750,0,28586632000.0,17,ASK,SHORT,1.0
IQV,2026-06-01 15:00:59.706537+00:00,CALL,185.0,2026-06-18,222609,250,253,110,187.54,REPEATEDHITSDESCENDINGFILL,False,False,False,222609,0,28586632000.0,17,ASK,LONG,1.0
IQV,2026-05-28 15:44:06.363821+00:00,CALL,230.0,2027-01-15,24720,24,1482,20,178.645,REPEATEDHITS,False,False,False,0,9270,28586632000.0,232,BID,SHORT,0.5
IQV,2026-05-28 15:44:06.363821+00:00,CALL,230.0,2027-01-15,27810,27,1512,20,178.645,REPEATEDHITS,False,False,False,0,27810,28586632000.0,232,BID,SHORT,0.5
IQV,2026-05-28 15:43:51.134824+00:00,CALL,230.0,2027-01-15,237350,235,1346,20,178.55,REPEATEDHITS,False,False,False,0,155540,28586632000.0,232,BID,SHORT,0.5
IQV,2026-05-28 15:43:51.134824+00:00,CALL,230.0,2027-01-15,106000,106,1454,20,178.55,REPEATEDHITS,False,False,False,0,106000,28586632000.0,232,BID,SHORT,0.5
IQV,2026-05-28 15:43:43.318833+00:00,CALL,230.0,2027-01-15,129600,135,1111,20,178.55,REPEATEDHITS,False,False,False,0,129600,28586632000.0,232,BID,SHORT,0.5
IQV,2026-05-28 15:43:37.106098+00:00,CALL,230.0,2027-01-15,198720,207,975,20,178.65,REPEATEDHITS,False,False,False,11520,23040,28586632000.0,232,BID,SHORT,0.5
IQV,2026-05-28 15:43:32.697610+00:00,CALL,230.0,2027-01-15,216870,231,768,20,178.44,REPEATEDHITSDESCENDINGFILL,False,False,False,10340,60830,28586632000.0,232,BID,SHORT,0.5
IQV,2026-05-28 15:43:26.675504+00:00,CALL,230.0,2027-01-15,188100,209,537,20,178.04,REPEATEDHITS,False,False,False,9900,9900,28586632000.0,232,MIXED,,0.0
IQV,2026-05-28 15:42:59.430153+00:00,CALL,230.0,2027-01-15,69700,82,189,20,177.77,REPEATEDHITS,False,False,False,0,14450,28586632000.0,232,BID,SHORT,0.5
IQV,2026-05-28 15:42:59.430153+00:00,CALL,230.0,2027-01-15,118150,139,328,20,177.77,REPEATEDHITS,False,False,False,0,118150,28586632000.0,232,BID,SHORT,0.5
IQV,2026-05-28 15:42:53.222739+00:00,CALL,230.0,2027-01-15,87740,107,107,20,177.7,REPEATEDHITS,False,False,False,0,7380,28586632000.0,232,BID,SHORT,0.5
IQV,2026-05-27 16:24:16.725467+00:00,PUT,170.0,2026-06-18,48450,51,201,29,164.75,REPEATEDHITS,True,False,False,0,48450,28586632000.0,22,BID,LONG,0.5
IQV,2026-05-27 16:24:10.308851+00:00,PUT,170.0,2026-06-18,30400,32,149,29,164.65,REPEATEDHITS,True,False,False,0,30400,28586632000.0,22,BID,LONG,0.5
IQV,2026-05-22 14:18:04.663443+00:00,CALL,175.0,2026-07-17,13440,21,85,5,166.21,REPEATEDHITS,True,False,False,0,13440,28586632000.0,56,BID,SHORT,0.5
IQV,2026-05-22 14:17:56.814959+00:00,CALL,175.0,2026-07-17,18090,27,42,5,166.52,REPEATEDHITS,False,False,False,15410,2680,28586632000.0,56,ASK,LONG,1.0
IQV,2026-05-19 19:27:13.486779+00:00,CALL,190.0,2026-06-18,61250,250,250,46,174.17,LOWHISTORICVOLUMEFLOOR,False,True,False,0,61250,28586632000.0,30,BID,SHORT,0.5
IQV,2026-05-19 15:44:15.508557+00:00,CALL,170.0,2026-06-18,137497,125,244,11,174.32,REPEATEDHITSDESCENDINGFILL,False,False,False,137497,0,28586632000.0,30,ASK,LONG,1.0
IQV,2026-05-19 15:44:11.102788+00:00,CALL,170.0,2026-06-18,26160,24,115,11,174.32,REPEATEDHITS,False,False,False,26160,0,28586632000.0,30,ASK,LONG,1.0
IQV,2026-05-07 17:48:27.252577+00:00,PUT,165.0,2026-08-21,16800,20,42,15,178.1,REPEATEDHITS,False,False,False,15120,1680,28586632000.0,106,ASK,SHORT,1.0
IQV,2026-05-05 15:19:47.212221+00:00,PUT,165.0,2026-06-18,60520,68,68,0,166.275,REPEATEDHITS,True,False,False,59630,890,28586632000.0,44,ASK,SHORT,1.0
IQV,2026-05-05 13:53:14.683119+00:00,CALL,140.0,2026-05-15,59700,30,30,2,159.475,REPEATEDHITS,True,False,False,0,59700,28586632000.0,10,BID,SHORT,0.5
TTEK,2026-05-19 19:26:02.985178+00:00,PUT,25.0,2026-12-18,24480,102,102,22,27.38,REPEATEDHITS,False,False,False,24480,0,7277072560.0,213,ASK,SHORT,1.0
SYRE,2026-06-24 17:32:26.877461+00:00,PUT,85.0,2026-09-18,21240,18,101,9,84.26,REPEATEDHITS,False,False,False,5900,4720,8427943604.0,86,ASK,SHORT,1.0
SYRE,2026-06-24 17:17:28.720675+00:00,PUT,80.0,2026-07-17,25530,69,420,30,84.58,REPEATEDHITS,False,False,False,2590,0,8427943604.0,23,ASK,SHORT,1.0
SYRE,2026-06-24 14:40:22.800682+00:00,PUT,80.0,2026-07-17,35000,100,286,30,86.0299,REPEATEDHITS,False,False,False,1050,33250,8427943604.0,23,BID,LONG,0.5
SYRE,2026-06-24 13:44:33.438967+00:00,PUT,80.0,2026-07-17,16500,55,184,30,87.54,REPEATEDHITS,False,False,False,600,0,8427943604.0,23,ASK,SHORT,1.0
SYRE,2026-06-24 13:43:27.071568+00:00,PUT,80.0,2026-07-17,41280,129,129,30,86.88,REPEATEDHITS,False,False,False,40960,0,8427943604.0,23,ASK,SHORT,1.0
SYRE,2026-06-23 18:23:47.832445+00:00,PUT,90.0,2026-07-17,47730,129,130,106,97.95,REPEATEDHITS,False,False,False,47730,0,8427943604.0,24,ASK,SHORT,1.0
SYRE,2026-06-22 18:54:38.933482+00:00,PUT,100.0,2026-07-17,37500,50,211,0,100.5,REPEATEDHITS,False,False,False,37500,0,8427943604.0,25,ASK,SHORT,1.0
SYRE,2026-06-22 18:51:45.112165+00:00,PUT,90.0,2026-07-17,11115,39,101,10,101.055,REPEATEDHITS,False,False,False,11115,0,8427943604.0,25,ASK,SHORT,1.0
SYRE,2026-06-22 18:49:23.902972+00:00,PUT,100.0,2026-07-17,11680,16,157,0,100.97,REPEATEDHITS,False,False,False,11680,0,8427943604.0,25,ASK,SHORT,1.0
SYRE,2026-06-22 18:40:35.165060+00:00,CALL,130.0,2026-08-21,26240,64,753,0,101.28,REPEATEDHITS,False,False,False,26240,0,8427943604.0,60,ASK,LONG,1.0
SYRE,2026-06-22 18:36:11.310857+00:00,CALL,130.0,2026-08-21,92403,220,674,0,100.84,REPEATEDHITSASCENDINGFILL,True,False,False,0,92403,8427943604.0,60,BID,SHORT,0.5
SYRE,2026-06-22 18:35:26.260252+00:00,CALL,130.0,2026-08-21,60200,140,450,0,101.195,REPEATEDHITS,False,False,False,1290,0,8427943604.0,60,ASK,LONG,1.0
SYRE,2026-06-22 18:33:52.760498+00:00,CALL,130.0,2026-08-21,47701,106,307,0,101.2,REPEATEDHITS,True,False,False,0,46351,8427943604.0,60,BID,SHORT,0.5
SYRE,2026-06-22 18:33:28.134373+00:00,CALL,130.0,2026-08-21,33580,73,196,0,101.46,REPEATEDHITS,False,False,False,33580,0,8427943604.0,60,ASK,LONG,1.0
SYRE,2026-06-22 18:33:02.502974+00:00,CALL,130.0,2026-08-21,19270,41,111,0,101.49,REPEATEDHITS,False,False,False,0,0,8427943604.0,60,MIXED,,0.0
SYRE,2026-06-22 18:32:56.494625+00:00,CALL,130.0,2026-08-21,24750,55,56,0,101.49,REPEATEDHITS,False,False,False,900,0,8427943604.0,60,ASK,LONG,1.0
SYRE,2026-06-22 18:16:14.081750+00:00,PUT,90.0,2026-07-17,10200,30,31,10,99.985,REPEATEDHITS,False,False,False,10200,0,8427943604.0,25,ASK,SHORT,1.0
SYRE,2026-06-22 18:00:01.759936+00:00,PUT,100.0,2026-07-17,14220,18,141,0,99.92,REPEATEDHITS,False,False,False,11060,3160,8427943604.0,25,ASK,SHORT,1.0
SYRE,2026-06-22 17:59:44.543982+00:00,PUT,100.0,2026-07-17,38500,50,123,0,99.74,REPEATEDHITS,False,False,False,33880,4620,8427943604.0,25,ASK,SHORT,1.0
SYRE,2026-06-22 14:28:30.740699+00:00,PUT,100.0,2026-07-17,25220,26,56,0,96.64,REPEATEDHITS,False,False,False,25220,0,8427943604.0,25,ASK,SHORT,1.0
SYRE,2026-06-22 14:24:34.927321+00:00,PUT,100.0,2026-07-17,24300,27,27,0,98.085,REPEATEDHITS,False,False,False,24300,0,8427943604.0,25,ASK,SHORT,1.0
SYRE,2026-05-19 15:16:05.994963+00:00,CALL,65.0,2026-06-18,12800,20,21,1,66.85,REPEATEDHITS,False,False,False,12800,0,8427943604.0,30,ASK,LONG,1.0
XYL,2026-06-24 15:06:30.499441+00:00,CALL,120.0,2026-07-17,54998,500,1396,144,113.45,REPEATEDHITS,False,False,False,54998,0,26241361627.0,23,ASK,LONG,1.0
XYL,2026-06-24 14:59:35.331042+00:00,CALL,120.0,2026-07-17,12561,148,154,144,113.14,REPEATEDHITSDESCENDINGFILL,True,False,False,11626,0,26241361627.0,23,ASK,LONG,1.0
XYL,2026-06-23 13:44:43.050162+00:00,CALL,130.0,2026-12-18,51600,129,2705,54,111.04,REPEATEDHITS,True,False,False,0,51600,26241361627.0,178,BID,SHORT,0.5
XYL,2026-06-23 13:44:21.398861+00:00,CALL,130.0,2026-12-18,42400,106,2529,54,110.77,REPEATEDHITS,False,False,False,2400,40000,26241361627.0,178,BID,SHORT,0.5
XYL,2026-06-23 13:44:14.985935+00:00,CALL,130.0,2026-12-18,37199,93,2354,54,110.77,REPEATEDHITS,False,False,False,37199,0,26241361627.0,178,ASK,LONG,1.0
XYL,2026-06-23 13:43:49.124711+00:00,CALL,130.0,2026-12-18,24960,64,2258,54,110.855,REPEATEDHITS,False,False,False,0,24960,26241361627.0,178,BID,SHORT,0.5
XYL,2026-06-23 13:43:44.913594+00:00,CALL,130.0,2026-12-18,25350,65,2194,54,110.855,REPEATEDHITS,False,False,False,0,25350,26241361627.0,178,BID,SHORT,0.5
XYL,2026-06-23 13:43:12.852643+00:00,CALL,130.0,2026-12-18,71370,183,2075,54,110.5,REPEATEDHITS,False,False,False,0,71370,26241361627.0,178,BID,SHORT,0.5
XYL,2026-06-23 13:43:10.043997+00:00,CALL,130.0,2026-12-18,54990,141,1839,54,110.44,REPEATEDHITS,True,False,False,3120,35880,26241361627.0,178,BID,SHORT,0.5
XYL,2026-06-23 13:42:32.755202+00:00,CALL,130.0,2026-12-18,57000,150,1698,54,110.44,REPEATEDHITS,False,False,False,0,57000,26241361627.0,178,BID,SHORT,0.5
XYL,2026-06-23 13:42:26.939874+00:00,CALL,130.0,2026-12-18,38000,100,1548,54,110.34,REPEATEDHITS,False,False,False,0,38000,26241361627.0,178,BID,SHORT,0.5
XYL,2026-06-23 13:41:55.259186+00:00,CALL,130.0,2026-12-18,50320,136,1398,54,110.14,REPEATEDHITS,False,False,False,0,50320,26241361627.0,178,BID,SHORT,0.5
XYL,2026-06-23 13:41:53.453877+00:00,CALL,130.0,2026-12-18,78440,212,1262,54,110.14,REPEATEDHITS,True,False,False,0,6660,26241361627.0,178,BID,SHORT,0.5
XYL,2026-06-23 13:41:33.820954+00:00,CALL,130.0,2026-12-18,21600,60,1050,54,110.02,REPEATEDHITS,False,False,False,0,21600,26241361627.0,178,BID,SHORT,0.5
XYL,2026-06-23 13:39:26.540942+00:00,CALL,130.0,2026-12-18,34000,100,940,54,109.615,REPEATEDHITS,True,False,False,0,34000,26241361627.0,178,BID,SHORT,0.5
XYL,2026-06-23 13:38:44.654952+00:00,CALL,130.0,2026-12-18,31680,96,787,54,109.46,REPEATEDHITS,False,False,False,0,31680,26241361627.0,178,BID,SHORT,0.5
XYL,2026-06-23 13:38:41.250152+00:00,CALL,130.0,2026-12-18,24479,72,691,54,109.46,REPEATEDHITS,False,False,False,24479,0,26241361627.0,178,ASK,LONG,1.0
XYL,2026-06-23 13:38:30.424747+00:00,CALL,130.0,2026-12-18,57420,174,619,54,109.46,REPEATEDHITS,False,False,False,0,57420,26241361627.0,178,BID,SHORT,0.5
XYL,2026-06-23 13:38:22.604104+00:00,CALL,130.0,2026-12-18,26730,81,432,54,109.43,REPEATEDHITS,False,False,False,0,26730,26241361627.0,178,BID,SHORT,0.5
XYL,2026-06-23 13:38:08.970934+00:00,CALL,130.0,2026-12-18,35640,108,307,54,109.45,REPEATEDHITS,False,False,False,0,35640,26241361627.0,178,BID,SHORT,0.5
XYL,2026-06-23 13:37:51.737717+00:00,CALL,130.0,2026-12-18,56640,177,177,54,109.11,REPEATEDHITS,False,False,False,0,17600,26241361627.0,178,BID,SHORT,0.5
XYL,2026-06-15 15:59:33.177770+00:00,CALL,110.0,2026-07-17,83188,177,182,42,111.57,REPEATEDHITS,True,False,False,83188,0,26241361627.0,32,ASK,LONG,1.0
XYL,2026-05-27 19:13:58.049704+00:00,PUT,115.0,2026-09-18,201529,203,407,2,110.15,REPEATEDHITSDESCENDINGFILL,False,False,False,201529,0,26241361627.0,114,ASK,SHORT,1.0
XYL,2026-05-22 16:56:17.169123+00:00,PUT,100.0,2026-07-17,20735,143,144,28,110.53,REPEATEDHITS,False,False,False,0,20735,26241361627.0,56,BID,LONG,0.5
XYL,2026-05-20 16:41:57.678943+00:00,CALL,115.0,2026-07-17,35420,154,162,116,108.0199,REPEATEDHITS,False,False,False,35420,0,26241361627.0,58,ASK,LONG,1.0
XYL,2026-05-01 15:31:08.517204+00:00,PUT,115.0,2026-05-15,16950,113,114,109,117.31,REPEATEDHITS,False,False,False,0,16950,26241361627.0,14,BID,LONG,0.5
XYL,2026-04-30 15:27:03.005215+00:00,CALL,120.0,2026-10-16,64801,80,80,3,116.865,REPEATEDHITS,False,False,False,0,64801,26241361627.0,169,BID,SHORT,0.5
XYL,2026-04-29 15:01:13.525285+00:00,CALL,125.0,2026-07-17,32673,142,200,55,114.83,REPEATEDHITSASCENDINGFILL,False,False,False,0,32673,26241361627.0,79,BID,SHORT,0.5
XYL,2026-04-28 16:18:14.699477+00:00,PUT,110.0,2026-07-17,37520,134,134,122,118.355,REPEATEDHITS,False,False,False,0,37520,26241361627.0,80,BID,LONG,0.5
ZBRA,2026-06-23 16:31:11.088522+00:00,PUT,250.0,2026-11-20,41080,13,15,5,243.39,REPEATEDHITS,False,False,False,28440,12640,11323409946.0,150,ASK,SHORT,1.0
ZBRA,2026-05-22 15:26:21.930971+00:00,CALL,260.0,2026-07-17,198642,137,140,10,252.1075,REPEATEDHITSDESCENDINGFILL,False,False,False,198642,0,11323409946.0,56,ASK,LONG,1.0
ZBRA,2026-05-22 14:38:59.078030+00:00,PUT,240.0,2026-06-18,61060,86,87,39,251.21,REPEATEDHITS,False,False,False,61060,0,11323409946.0,27,ASK,SHORT,1.0
ZBRA,2026-05-12 14:13:46.835639+00:00,CALL,240.0,2026-06-18,84020,30,43,16,258.0,REPEATEDHITSASCENDINGFILL,False,False,False,78420,0,11323409946.0,37,ASK,LONG,1.0
ZBRA,2026-05-11 18:42:11.523218+00:00,CALL,230.0,2026-05-15,381800,460,622,150,219.285,LOWHISTORICVOLUMEFLOOR,False,True,False,381800,0,11323409946.0,4,ASK,LONG,1.0
ZBRA,2026-05-11 16:09:54.260447+00:00,CALL,220.0,2026-06-18,2751570,1422,1422,17,221.21,LOWHISTORICVOLUMEFLOOR,False,True,True,2751570,0,11323409946.0,38,ASK,LONG,1.0
ZBRA,2026-05-07 16:06:03.121341+00:00,CALL,250.0,2026-08-21,127301,67,96,31,232.56,REPEATEDHITS,False,False,False,0,127301,11323409946.0,106,BID,SHORT,0.5
ZBRA,2026-05-06 17:26:30.559796+00:00,PUT,210.0,2026-06-18,15480,18,19,1,230.0,REPEATEDHITS,False,False,False,0,15480,11323409946.0,43,BID,LONG,0.5
ZBRA,2026-05-01 17:27:03.289531+00:00,PUT,195.0,2026-06-18,56000,100,102,0,227.05,REPEATEDHITS,False,False,False,0,56000,11323409946.0,48,BID,LONG,0.5
ZBRA,2026-04-30 19:58:50.700882+00:00,CALL,220.0,2026-05-15,66300,39,414,23,226.14,REPEATEDHITS,False,False,False,0,66300,11323409946.0,15,BID,SHORT,0.5
ZBRA,2026-04-30 19:58:45.290110+00:00,CALL,220.0,2026-05-15,180200,106,375,23,226.035,REPEATEDHITS,False,False,False,0,180200,11323409946.0,15,BID,SHORT,0.5
ZBRA,2026-04-30 19:58:39.881157+00:00,CALL,220.0,2026-05-15,409200,248,263,23,225.84,REPEATEDHITS,False,False,False,0,409200,11323409946.0,15,BID,SHORT,0.5
ZBRA,2026-04-28 14:35:15.003722+00:00,PUT,120.0,2026-11-20,14945,61,109,0,218.07,REPEATEDHITS,False,False,False,0,14945,11323409946.0,206,BID,LONG,0.5
OC,2026-05-29 15:30:10.688079+00:00,CALL,120.0,2026-06-18,204961,201,217,104,127.01,REPEATEDHITSDESCENDINGFILL,True,False,False,203981,980,9995174954.0,20,ASK,LONG,1.0
OC,2026-05-15 19:43:24.349616+00:00,PUT,100.0,2026-08-21,59500,170,170,45,115.27,REPEATEDHITS,False,False,False,22750,0,9995174954.0,98,ASK,SHORT,1.0
OC,2026-05-01 19:41:18.864838+00:00,PUT,130.0,2026-05-15,79203,88,89,9,122.68,REPEATEDHITSASCENDINGFILL,False,False,False,8100,71103,9995174954.0,14,BID,LONG,0.5
LPX,2026-06-24 14:23:58.969768+00:00,CALL,85.0,2026-11-20,85150,131,597,23,78.035,REPEATEDHITS,False,False,False,85150,0,5181878150.0,149,ASK,LONG,1.0
LPX,2026-06-24 13:53:52.213398+00:00,CALL,85.0,2026-11-20,35400,59,313,23,77.1,REPEATEDHITS,False,False,False,35400,0,5181878150.0,149,ASK,LONG,1.0
LPX,2026-06-24 13:53:52.213398+00:00,CALL,85.0,2026-11-20,35400,59,374,23,77.1,REPEATEDHITS,False,False,False,3600,1800,5181878150.0,149,ASK,LONG,1.0
LPX,2026-06-24 13:50:37.373020+00:00,CALL,85.0,2026-11-20,37800,63,254,23,76.715,REPEATEDHITS,False,False,False,37800,0,5181878150.0,149,ASK,LONG,1.0
LPX,2026-06-24 13:50:21.323570+00:00,CALL,85.0,2026-11-20,25200,42,130,23,76.69,REPEATEDHITS,False,False,False,25200,0,5181878150.0,149,ASK,LONG,1.0
LPX,2026-06-24 13:41:06.975839+00:00,CALL,80.0,2026-08-21,158340,377,462,198,76.66,REPEATEDHITS,False,False,False,157920,420,5181878150.0,58,ASK,LONG,1.0
LPX,2026-06-24 13:41:06.975839+00:00,CALL,85.0,2026-11-20,37200,62,62,23,76.54,REPEATEDHITS,False,False,False,37200,0,5181878150.0,149,ASK,LONG,1.0
LPX,2026-05-05 14:16:34.686101+00:00,CALL,75.0,2026-05-15,81585,441,500,380,70.39,LOWHISTORICVOLUMEFLOOR,False,True,False,81585,0,5181878150.0,10,ASK,LONG,1.0
SKY,2026-06-24 15:55:22.637269+00:00,CALL,90.0,2026-07-17,103840,236,241,156,89.66,REPEATEDHITS,True,False,False,71280,29920,4595713457.0,23,ASK,LONG,1.0
SKY,2026-06-24 15:36:32.620379+00:00,CALL,90.0,2026-08-21,26519,34,63,8,89.695,REPEATEDHITS,False,False,False,26519,0,4595713457.0,58,ASK,LONG,1.0
SKY,2026-06-24 13:30:40.640363+00:00,CALL,90.0,2026-08-21,11000,20,20,8,85.55,REPEATEDHITS,False,False,False,0,11000,4595713457.0,58,BID,SHORT,0.5
SKY,2026-06-11 19:57:19.211908+00:00,CALL,80.0,2026-11-20,30678,26,31,4,79.865,REPEATEDHITS,False,False,False,30678,0,4595713457.0,162,ASK,LONG,1.0
SKY,2026-06-08 19:59:02.718929+00:00,CALL,85.0,2026-07-17,24585,149,273,106,75.255,REPEATEDHITS,False,False,False,0,24585,4595713457.0,39,BID,SHORT,0.5
SKY,2026-05-18 19:33:32.948283+00:00,CALL,80.0,2026-06-18,12496,100,205,15,65.5692,REPEATEDHITSASCENDINGFILL,False,False,False,12496,0,4595713457.0,31,ASK,LONG,1.0
SKY,2026-04-30 17:35:06.966776+00:00,CALL,90.0,2026-06-18,18844,100,100,22,75.35,REPEATEDHITSDESCENDINGFILL,False,False,False,18844,0,4595713457.0,49,ASK,LONG,1.0
ROK,2026-06-24 14:02:22.445707+00:00,PUT,440.0,2026-10-16,217079,81,81,12,461.175,REPEATEDHITS,False,False,False,217079,0,50780981191.0,114,ASK,SHORT,1.0
ROK,2026-06-23 16:29:33.966715+00:00,PUT,480.0,2026-08-21,344700,90,90,28,461.46,REPEATEDHITS,False,False,False,0,344700,50780981191.0,59,BID,LONG,0.5
ROK,2026-06-23 14:26:07.866992+00:00,PUT,490.0,2026-10-16,207050,41,41,2,464.63,REPEATEDHITS,False,False,False,202000,5050,50780981191.0,115,ASK,SHORT,1.0
ROK,2026-06-22 18:18:29.022638+00:00,PUT,490.0,2026-07-17,175480,82,82,0,478.78,REPEATEDHITS,False,False,False,175480,0,50780981191.0,25,ASK,SHORT,1.0
ROK,2026-06-18 15:58:17.560680+00:00,PUT,460.0,2026-07-17,114450,105,105,36,471.77,REPEATEDHITS,False,False,False,106820,7630,50780981191.0,29,ASK,SHORT,1.0
ROK,2026-06-18 14:28:03.605365+00:00,PUT,310.0,2027-08-20,98771,83,137,0,470.3054,REPEATEDHITS,False,False,False,0,98771,50780981191.0,428,BID,LONG,0.5
ROK,2026-06-17 17:50:57.353110+00:00,CALL,540.0,2026-08-21,63180,78,80,3,465.935,REPEATEDHITS,False,False,False,63180,0,50780981191.0,65,ASK,LONG,1.0
ROK,2026-06-17 14:30:07.876297+00:00,CALL,540.0,2026-10-16,113240,76,120,6,466.61,REPEATEDHITS,False,False,False,113240,0,50780981191.0,121,ASK,LONG,1.0
ROK,2026-06-17 13:58:56.198754+00:00,CALL,540.0,2026-10-16,66440,44,44,6,466.97,REPEATEDHITS,False,False,False,66440,0,50780981191.0,121,ASK,LONG,1.0
ROK,2026-06-16 19:01:15.613632+00:00,PUT,420.0,2026-10-16,127280,74,74,3,468.24,REPEATEDHITS,False,False,False,0,127280,50780981191.0,122,BID,LONG,0.5
ROK,2026-06-15 14:49:11.742722+00:00,PUT,430.0,2026-07-17,53680,122,122,49,470.38,REPEATEDHITS,False,False,False,2640,51040,50780981191.0,32,BID,LONG,0.5
ROK,2026-06-11 14:07:47.592975+00:00,CALL,420.0,2026-10-16,330960,56,56,33,447.18,REPEATEDHITS,False,False,False,289590,41370,50780981191.0,127,ASK,LONG,1.0
ROK,2026-06-10 17:21:42.150031+00:00,CALL,410.0,2026-10-16,381920,62,62,9,443.54,REPEATEDHITS,False,False,False,381920,0,50780981191.0,128,ASK,LONG,1.0
ROK,2026-06-10 16:07:20.693782+00:00,CALL,420.0,2026-10-16,160720,28,28,5,445.9,REPEATEDHITS,False,False,False,160720,0,50780981191.0,128,ASK,LONG,1.0
ROK,2026-06-08 15:59:18.615699+00:00,CALL,480.0,2026-08-21,214829,93,93,55,451.9899,REPEATEDHITS,False,False,False,214829,0,50780981191.0,74,ASK,LONG,1.0
ROK,2026-06-08 15:11:03.948570+00:00,CALL,540.0,2027-01-15,172523,76,76,8,452.56,REPEATEDHITSASCENDINGFILL,False,False,False,6810,165713,50780981191.0,221,BID,SHORT,0.5
ROK,2026-06-08 14:08:01.085080+00:00,CALL,510.0,2026-08-21,19500,15,15,7,452.64,REPEATEDHITS,False,False,False,19500,0,50780981191.0,74,ASK,LONG,1.0
ROK,2026-06-05 18:27:15.353011+00:00,CALL,490.0,2026-07-17,89700,138,140,67,447.78,REPEATEDHITS,False,False,False,0,89700,50780981191.0,42,BID,SHORT,0.5
ROK,2026-06-05 16:45:35.088102+00:00,PUT,420.0,2026-07-17,80750,95,95,17,448.12,REPEATEDHITS,False,False,False,80750,0,50780981191.0,42,ASK,SHORT,1.0
ROK,2026-06-02 16:10:04.022580+00:00,PUT,490.0,2026-08-21,303660,63,63,0,462.24,REPEATEDHITS,False,False,False,303660,0,50780981191.0,80,ASK,SHORT,1.0
ROK,2026-05-28 15:24:19.242970+00:00,CALL,480.0,2026-06-18,69660,129,129,51,454.91,REPEATEDHITS,False,False,False,69660,0,50780981191.0,21,ASK,LONG,1.0
ROK,2026-05-26 18:13:40.284166+00:00,PUT,450.0,2026-07-17,210900,114,120,23,455.335,REPEATEDHITS,False,False,False,209050,1850,50780981191.0,52,ASK,SHORT,1.0
ROK,2026-05-26 15:16:48.682247+00:00,CALL,470.0,2026-08-21,90440,34,36,31,454.21,REPEATEDHITS,False,False,False,90440,0,50780981191.0,87,ASK,LONG,1.0
ROK,2026-05-26 15:04:32.767373+00:00,PUT,500.0,2026-06-18,316910,67,67,0,454.35,REPEATEDHITS,False,False,False,316910,0,50780981191.0,23,ASK,SHORT,1.0
ROK,2026-05-14 16:32:01.176140+00:00,PUT,430.0,2026-08-21,91790,46,46,9,456.8,REPEATEDHITSDESCENDINGFILL,False,False,False,0,91790,50780981191.0,99,BID,LONG,0.5
ROK,2026-05-13 19:28:38.988178+00:00,CALL,560.0,2027-01-15,87290,43,543,1,458.95,REPEATEDHITS,False,False,False,87290,0,50780981191.0,247,ASK,LONG,1.0
ROK,2026-05-11 16:40:25.339273+00:00,PUT,400.0,2026-08-21,68199,62,62,25,461.72,REPEATEDHITS,False,False,False,68199,0,50780981191.0,102,ASK,SHORT,1.0
ROK,2026-05-07 15:21:18.071681+00:00,CALL,490.0,2026-06-18,65100,105,105,8,454.915,REPEATEDHITS,False,False,False,0,65100,50780981191.0,42,BID,SHORT,0.5
ROK,2026-05-05 16:24:11.936703+00:00,CALL,450.0,2026-08-21,296698,86,101,40,447.56,REPEATEDHITSDESCENDINGFILL,False,False,False,282898,13800,50780981191.0,108,ASK,LONG,1.0
ROK,2026-05-05 15:47:52.885582+00:00,PUT,430.0,2026-06-18,23400,18,38,0,443.31,REPEATEDHITS,False,False,False,0,23400,50780981191.0,44,BID,LONG,0.5
AOS,2026-06-24 14:17:25.810742+00:00,CALL,60.0,2026-08-21,93440,292,327,136,60.15,REPEATEDHITS,False,False,False,93440,0,1485579853.0,58,ASK,LONG,1.0
AOS,2026-06-22 19:39:12.301545+00:00,CALL,60.0,2026-10-16,90560,283,297,124,58.085,REPEATEDHITS,False,False,False,90560,0,1485579853.0,116,ASK,LONG,1.0
AOS,2026-05-20 15:54:15.226582+00:00,CALL,60.0,2026-06-18,18975,345,358,146,56.155,REPEATEDHITS,False,False,False,18975,0,1485579853.0,29,ASK,LONG,1.0
AOS,2026-05-18 14:00:01.646646+00:00,PUT,55.0,2026-07-17,32010,194,2652,32,56.535,REPEATEDHITS,False,False,False,31845,165,1485579853.0,60,ASK,SHORT,1.0
AOS,2026-05-18 13:31:16.063462+00:00,PUT,55.0,2026-07-17,40165,277,2399,32,56.435,REPEATEDHITS,False,False,False,23490,16675,1485579853.0,60,ASK,SHORT,1.0
AOS,2026-05-18 13:31:16.063462+00:00,PUT,55.0,2026-07-17,22040,152,2122,32,56.435,REPEATEDHITS,False,False,False,22040,0,1485579853.0,60,ASK,SHORT,1.0
AOS,2026-05-18 13:31:10.849327+00:00,PUT,55.0,2026-07-17,27900,186,1153,32,56.435,REPEATEDHITS,False,False,False,27900,0,1485579853.0,60,ASK,SHORT,1.0
AOS,2026-05-18 13:31:10.849327+00:00,PUT,55.0,2026-07-17,122550,817,1970,32,56.435,REPEATEDHITS,False,False,False,122550,0,1485579853.0,60,ASK,SHORT,1.0
AOS,2026-05-18 13:31:08.832276+00:00,PUT,55.0,2026-07-17,23250,150,967,32,56.435,REPEATEDHITS,False,False,False,23250,0,1485579853.0,60,ASK,SHORT,1.0
AOS,2026-05-18 13:31:00.991037+00:00,PUT,55.0,2026-07-17,121440,759,759,32,56.2,REPEATEDHITS,False,False,False,92960,0,1485579853.0,60,ASK,SHORT,1.0
PFG,2026-05-20 16:21:37.624222+00:00,CALL,105.0,2026-07-17,157500,500,505,21,102.82,LOWHISTORICVOLUMEFLOOR,False,True,True,0,157500,24271151466.0,58,BID,SHORT,0.5
OSK,2026-06-24 16:58:13.787749+00:00,CALL,150.0,2026-07-17,183750,525,537,55,142.68,LOWHISTORICVOLUMEFLOOR,False,True,True,183750,0,8699254632.0,23,ASK,LONG,1.0
OSK,2026-06-10 14:19:33.322910+00:00,CALL,140.0,2026-07-17,32340,66,172,64,133.07,REPEATEDHITS,False,False,False,1470,30870,8699254632.0,37,BID,SHORT,0.5
OSK,2026-05-04 16:57:57.994068+00:00,PUT,140.0,2026-05-15,29499,100,101,65,150.19,REPEATEDHITS,False,False,False,29499,0,8699254632.0,11,ASK,SHORT,1.0
ARCB,2026-06-24 18:31:00.983911+00:00,CALL,140.0,2026-09-18,318443,165,340,2,143.45,REPEATEDHITSDESCENDINGFILL,False,False,False,318443,0,3200195737.0,86,ASK,LONG,1.0
ARCB,2026-06-24 17:40:12.470410+00:00,CALL,140.0,2026-09-18,158340,87,175,2,142.6,REPEATEDHITS,False,False,False,158340,0,3200195737.0,86,ASK,LONG,1.0
ARCB,2026-06-24 14:38:38.408402+00:00,PUT,145.0,2026-09-18,216477,132,132,0,143.145,REPEATEDHITS,False,False,False,216477,0,3200195737.0,86,ASK,SHORT,1.0
ARCB,2026-06-24 14:18:27.333935+00:00,PUT,140.0,2026-09-18,58960,44,44,1,143.38,REPEATEDHITS,False,False,False,58960,0,3200195737.0,86,ASK,SHORT,1.0
ARCB,2026-06-24 13:50:32.764912+00:00,CALL,140.0,2026-09-18,165439,88,88,2,143.9,REPEATEDHITS,False,False,False,165439,0,3200195737.0,86,ASK,LONG,1.0
ARCB,2026-06-16 19:29:53.211676+00:00,PUT,155.0,2026-07-17,111450,150,162,3,160.9,LOWHISTORICVOLUMEFLOOR,False,True,False,111450,0,3200195737.0,31,ASK,SHORT,1.0
ARCB,2026-06-08 17:36:17.416876+00:00,CALL,165.0,2026-12-18,56000,20,41,0,165.97,REPEATEDHITS,False,False,False,56000,0,3200195737.0,193,ASK,LONG,1.0
ARCB,2026-05-01 16:07:25.887492+00:00,PUT,125.0,2026-05-15,33056,69,78,12,125.615,REPEATEDHITSDESCENDINGFILL,False,False,False,0,33056,3200195737.0,14,BID,LONG,0.5
ARCB,2026-04-24 18:58:13.691120+00:00,CALL,125.0,2026-05-15,12480,16,1016,2,123.79,REPEATEDHITS,False,False,False,12480,0,3200195737.0,21,ASK,LONG,1.0
AMR,2026-06-24 15:54:06.533886+00:00,PUT,95.0,2026-11-20,17280,72,80,2,162.26,REPEATEDHITS,False,False,False,960,16320,2119273528.0,149,BID,LONG,0.5
AMR,2026-06-24 15:43:49.431516+00:00,PUT,165.0,2026-07-17,149500,130,131,29,162.15,REPEATEDHITS,False,False,False,149500,0,2119273528.0,23,ASK,SHORT,1.0
AMR,2026-06-23 16:51:27.033234+00:00,PUT,175.0,2026-08-21,168490,83,83,81,168.64,REPEATEDHITS,False,False,False,168490,0,2119273528.0,59,ASK,SHORT,1.0
AMR,2026-06-23 15:04:03.049861+00:00,PUT,160.0,2026-08-21,107010,87,88,85,168.89,REPEATEDHITS,False,False,False,107010,0,2119273528.0,59,ASK,SHORT,1.0
AMR,2026-06-22 17:42:26.441554+00:00,PUT,160.0,2026-08-21,48880,52,54,42,178.275,REPEATEDHITS,False,False,False,48880,0,2119273528.0,60,ASK,SHORT,1.0
AMR,2026-06-22 16:51:16.665747+00:00,PUT,185.0,2026-08-21,55080,27,27,9,178.02,REPEATEDHITS,False,False,False,55080,0,2119273528.0,60,ASK,SHORT,1.0
AMR,2026-05-29 15:14:06.044471+00:00,PUT,200.0,2026-06-18,78258,86,158,7,207.54,REPEATEDHITSDESCENDINGFILL,False,False,False,78258,0,2119273528.0,20,ASK,SHORT,1.0
AMR,2026-05-27 15:06:48.755765+00:00,CALL,230.0,2026-08-21,30820,23,23,9,197.08,REPEATEDHITS,False,False,False,30820,0,2119273528.0,86,ASK,LONG,1.0
EZPW,2026-06-24 17:10:09.553526+00:00,PUT,35.0,2026-08-21,19270,47,47,0,32.64,REPEATEDHITS,False,False,False,19270,0,1896360831.0,58,ASK,SHORT,1.0
EZPW,2026-06-24 15:08:43.535346+00:00,PUT,30.0,2026-09-18,75850,370,370,28,32.87,REPEATEDHITS,False,False,False,75850,0,1896360831.0,86,ASK,SHORT,1.0
EZPW,2026-05-06 19:31:43.303743+00:00,CALL,35.0,2026-06-18,117000,1000,1002,15,33.33,LOWHISTORICVOLUMEFLOOR,False,True,False,0,117000,1896360831.0,43,BID,SHORT,0.5
MTH,2026-06-24 13:50:43.856391+00:00,CALL,85.0,2026-07-17,19740,94,95,2,81.65,REPEATEDHITS,False,False,False,16170,3570,5042703935.0,23,ASK,LONG,1.0
MTH,2026-06-04 19:38:00.773375+00:00,CALL,72.5,2026-07-17,10280,50,100,1,68.165,REPEATEDHITS,False,False,False,10280,0,5042703935.0,43,ASK,LONG,1.0
EVR,2026-06-24 15:14:25.055598+00:00,PUT,350.0,2026-07-17,156750,165,165,0,363.7,LOWHISTORICVOLUMEFLOOR,False,True,True,0,156750,14182545934.0,23,BID,LONG,0.5
EVR,2026-06-23 16:25:35.312994+00:00,CALL,390.0,2026-08-21,210000,120,120,0,366.3225,REPEATEDHITS,False,False,False,210000,0,14182545934.0,59,ASK,LONG,1.0
EVR,2026-06-23 15:56:55.069855+00:00,CALL,350.0,2026-07-17,90359,36,36,3,363.22,REPEATEDHITS,False,False,False,90359,0,14182545934.0,24,ASK,LONG,1.0
EVR,2026-04-29 17:58:08.694209+00:00,PUT,330.0,2026-06-18,386000,200,200,33,329.69,FLOORTRADELARGECAP,False,True,True,0,386000,14182545934.0,50,BID,LONG,0.5
WLK,2026-06-24 13:47:01.840741+00:00,CALL,80.0,2026-08-21,11314,29,155,0,73.89,REPEATEDHITS,False,False,False,0,8584,9798842757.0,58,BID,SHORT,0.5
WLK,2026-06-24 13:46:44.589774+00:00,CALL,80.0,2026-08-21,10140,26,126,0,73.89,REPEATEDHITS,False,False,False,10140,0,9798842757.0,58,ASK,LONG,1.0
WLK,2026-05-27 14:00:47.844070+00:00,CALL,95.0,2026-06-18,31010,205,205,7,87.37,REPEATEDHITS,False,False,False,13910,16500,9798842757.0,22,BID,SHORT,0.5
WLK,2026-05-27 14:00:47.844070+00:00,CALL,95.0,2026-06-18,16200,108,313,7,87.37,REPEATEDHITS,True,False,False,10200,1200,9798842757.0,22,ASK,LONG,1.0
WLK,2026-04-27 16:31:17.608481+00:00,CALL,125.0,2026-07-17,13680,24,268,7,111.27,REPEATEDHITS,False,False,False,0,13680,9798842757.0,81,BID,SHORT,0.5
WLK,2026-04-27 16:15:36.528129+00:00,CALL,125.0,2026-07-17,12930,23,129,7,111.01,REPEATEDHITS,False,False,False,0,12930,9798842757.0,81,BID,SHORT,0.5
WLK,2026-04-27 16:15:36.528129+00:00,CALL,125.0,2026-07-17,10080,18,147,7,111.01,REPEATEDHITS,False,False,False,0,10080,9798842757.0,81,BID,SHORT,0.5
WLK,2026-04-27 16:15:23.108372+00:00,CALL,125.0,2026-07-17,13680,24,86,7,111.06,REPEATEDHITS,False,False,False,0,13680,9798842757.0,81,BID,SHORT,0.5
WLK,2026-04-27 16:15:12.894737+00:00,CALL,125.0,2026-07-17,14820,26,44,7,110.94,REPEATEDHITS,False,False,False,0,14820,9798842757.0,81,BID,SHORT,0.5
ADPT,2026-06-22 14:10:09.102871+00:00,PUT,15.0,2027-01-15,15300,60,60,4,17.78,REPEATEDHITS,False,False,False,3060,12240,2757564874.0,207,BID,LONG,0.5
CCK,2026-05-22 17:09:17.678052+00:00,CALL,100.0,2026-10-16,25800,43,43,21,96.5,REPEATEDHITS,True,False,False,5400,10800,11780328364.0,147,BID,SHORT,0.5
CCK,2026-05-15 17:12:05.140612+00:00,CALL,105.0,2026-07-17,181798,1068,1069,202,97.69,REPEATEDHITSDESCENDINGFILL,False,False,False,200,181598,11780328364.0,63,BID,SHORT,0.5
CCK,2026-05-01 17:43:06.189819+00:00,CALL,105.0,2026-07-17,53100,177,177,26,100.08,REPEATEDHITS,False,False,False,600,52500,11780328364.0,77,BID,SHORT,0.5
CCK,2026-04-27 15:25:38.968511+00:00,CALL,105.0,2026-05-15,192446,700,1501,45,101.665,REPEATEDHITSASCENDINGFILL,False,False,False,192195,251,11780328364.0,18,ASK,LONG,1.0
SITE,2026-05-22 19:22:20.905820+00:00,PUT,130.0,2026-10-16,21500,10,32,1,113.6617,REPEATEDHITS,False,False,False,15050,6450,4670087337.0,147,ASK,SHORT,1.0
SITE,2026-05-22 18:53:05.224316+00:00,PUT,130.0,2027-01-15,35850,15,179,0,113.45,REPEATEDHITS,False,False,False,7170,28680,4670087337.0,238,BID,LONG,0.5
WOR,2026-05-20 16:29:32.827053+00:00,PUT,55.0,2026-06-18,34500,138,138,135,54.5,REPEATEDHITS,False,False,False,28500,0,3005910224.0,29,ASK,SHORT,1.0
WOR,2026-05-20 16:02:41.920633+00:00,PUT,55.0,2026-07-17,28858,78,78,0,54.44,REPEATEDHITS,False,False,False,28858,0,3005910224.0,58,ASK,SHORT,1.0
WOR,2026-05-20 15:47:33.668879+00:00,CALL,60.0,2026-09-18,38399,160,160,136,54.8007,REPEATEDHITS,False,False,False,38399,0,3005910224.0,121,ASK,LONG,1.0
HLNE,2026-06-16 18:00:26.175874+00:00,CALL,120.0,2026-11-20,20800,80,80,52,86.77,REPEATEDHITS,False,False,False,13000,7800,3304831639.0,157,ASK,LONG,1.0
CSL,2026-06-24 18:34:41.003408+00:00,CALL,380.0,2026-07-17,155516,108,108,11,375.305,REPEATEDHITSDESCENDINGFILL,False,False,False,155516,0,14279316019.0,23,ASK,LONG,1.0
CSL,2026-06-24 17:38:30.102316+00:00,PUT,370.0,2026-07-17,39150,29,29,0,373.075,REPEATEDHITS,False,False,False,39150,0,14279316019.0,23,ASK,SHORT,1.0
CSL,2026-06-24 15:38:13.932201+00:00,PUT,390.0,2026-09-18,140600,38,38,0,373.55,REPEATEDHITS,False,False,False,140600,0,14279316019.0,86,ASK,SHORT,1.0
CSL,2026-06-24 14:50:20.715973+00:00,CALL,390.0,2026-09-18,59670,27,27,16,372.72,REPEATEDHITS,False,False,False,59670,0,14279316019.0,86,ASK,LONG,1.0
CSL,2026-06-23 16:14:48.232278+00:00,CALL,360.0,2026-08-21,54720,24,24,0,355.2,REPEATEDHITS,False,False,False,54720,0,14279316019.0,59,ASK,LONG,1.0
CSL,2026-06-22 18:49:41.316911+00:00,CALL,360.0,2026-07-17,103950,77,77,3,358.71,REPEATEDHITS,False,False,False,103950,0,14279316019.0,25,ASK,LONG,1.0
CSL,2026-06-22 16:57:38.248062+00:00,PUT,360.0,2026-09-18,88800,37,37,4,361.69,REPEATEDHITS,False,False,False,88800,0,14279316019.0,88,ASK,SHORT,1.0
CSL,2026-05-20 18:29:46.635799+00:00,PUT,300.0,2026-12-18,11002,5,5,4,327.46,REPEATEDHITS,False,False,False,0,11002,14279316019.0,212,BID,LONG,0.5
CSL,2026-05-04 16:03:52.689926+00:00,CALL,410.0,2026-12-18,17730,9,9,3,348.545,REPEATEDHITS,True,False,False,1970,15760,14279316019.0,228,BID,SHORT,0.5
PRSU,2026-06-16 19:34:14.572289+00:00,CALL,55.0,2026-12-18,55440,198,441,0,48.81,REPEATEDHITS,True,False,False,55440,0,1425478808.0,185,ASK,LONG,1.0
PRSU,2026-06-16 19:33:47.347542+00:00,CALL,55.0,2026-12-18,28560,102,243,0,48.83,REPEATEDHITS,False,False,False,28560,0,1425478808.0,185,ASK,LONG,1.0
RHP,2026-06-24 18:27:42.331624+00:00,CALL,125.0,2026-07-17,38640,92,250,6,127.0,REPEATEDHITS,False,False,False,0,26040,7840064861.0,23,BID,SHORT,0.5
RHP,2026-06-24 18:27:07.079394+00:00,CALL,125.0,2026-07-17,53300,130,140,6,127.0,REPEATEDHITS,False,False,False,0,18040,7840064861.0,23,BID,SHORT,0.5
RHP,2026-06-24 16:46:08.233784+00:00,PUT,135.0,2026-08-21,38860,29,29,0,122.68,REPEATEDHITS,False,False,False,0,38860,7840064861.0,58,BID,LONG,0.5
PAG,2026-06-24 13:45:38.617513+00:00,CALL,175.0,2026-07-17,110360,124,233,6,179.39,REPEATEDHITS,False,False,False,27590,81880,11618550851.0,23,BID,SHORT,0.5
PAG,2026-04-29 15:14:11.208800+00:00,CALL,200.0,2026-05-15,12000,300,398,3,179.9099,REPEATEDHITS,False,False,False,12000,0,11618550851.0,16,ASK,LONG,1.0
KYMR,2026-06-22 14:25:50.848309+00:00,PUT,100.0,2026-07-17,137500,250,250,0,100.47,REPEATEDHITS,False,False,False,3850,133650,8081808021.0,25,BID,LONG,0.5
KYMR,2026-06-18 19:51:08.744757+00:00,CALL,95.0,2026-08-21,14700,21,25,6,90.62,REPEATEDHITS,False,False,False,4200,10500,8081808021.0,64,BID,SHORT,0.5
KYMR,2026-06-11 17:39:59.397324+00:00,CALL,90.0,2026-07-17,16500,55,57,30,82.74,REPEATEDHITS,False,False,False,0,0,8081808021.0,36,MIXED,,0.0
KYMR,2026-05-28 15:24:35.296825+00:00,PUT,75.0,2026-06-18,27000,135,135,109,80.5,REPEATEDHITS,False,False,False,800,0,8081808021.0,21,ASK,SHORT,1.0
KYMR,2026-04-28 19:51:59.448523+00:00,PUT,75.0,2026-05-15,23400,130,131,105,83.86,REPEATEDHITS,False,False,False,1980,0,8081808021.0,17,ASK,SHORT,1.0
AYI,2026-06-24 13:54:13.254862+00:00,CALL,330.0,2026-08-21,48000,48,48,36,305.185,REPEATEDHITS,False,False,False,48000,0,9054837530.0,58,ASK,LONG,1.0
AYI,2026-06-22 18:53:20.437181+00:00,PUT,320.0,2026-07-17,167859,109,114,5,319.295,REPEATEDHITS,False,False,False,167859,0,9054837530.0,25,ASK,SHORT,1.0
AYI,2026-06-22 17:44:12.319845+00:00,CALL,350.0,2026-07-17,79552,156,157,0,320.2052,REPEATEDHITSDESCENDINGFILL,False,False,False,79552,0,9054837530.0,25,ASK,LONG,1.0
AYI,2026-05-26 15:31:14.266968+00:00,PUT,290.0,2026-06-18,16380,21,115,6,294.075,REPEATEDHITS,False,False,False,16380,0,9054837530.0,23,ASK,SHORT,1.0
AYI,2026-05-26 14:59:00.425025+00:00,CALL,330.0,2026-11-20,154880,88,88,7,297.04,REPEATEDHITS,False,False,False,96800,58080,9054837530.0,178,ASK,LONG,1.0
AYI,2026-05-26 14:58:00.655986+00:00,PUT,290.0,2026-06-18,63700,91,91,6,296.83,REPEATEDHITS,False,False,False,63700,0,9054837530.0,23,ASK,SHORT,1.0
ERIE,2026-06-24 15:18:47.843828+00:00,CALL,250.0,2026-09-18,68400,90,90,36,226.07,REPEATEDHITS,False,False,False,68400,0,10213326716.0,86,ASK,LONG,1.0
ERIE,2026-06-24 14:21:35.229378+00:00,CALL,230.0,2026-08-21,78750,75,75,0,223.62,REPEATEDHITS,False,False,False,78750,0,10213326716.0,58,ASK,LONG,1.0
ERIE,2026-04-24 19:07:43.426770+00:00,CALL,240.0,2026-12-18,13155,5,7,1,235.31,REPEATEDHITSDESCENDINGFILL,False,False,False,0,13155,10213326716.0,238,BID,SHORT,0.5
MTD,2026-04-27 16:40:11.375441+00:00,CALL,1620.0,2026-11-20,10154,5,57,2,1270.695,REPEATEDHITSDESCENDINGFILL,False,False,False,4064,6090,23372919621.0,207,BID,SHORT,0.5
NWPX,2026-06-17 16:50:57.063951+00:00,CALL,160.0,2026-12-18,110000,100,100,0,137.645,LOWHISTORICVOLUMEFLOOR,False,True,False,110000,0,1327179070.0,184,ASK,LONG,1.0
NWPX,2026-05-01 14:08:36.746372+00:00,CALL,130.0,2026-12-18,29200,40,105,0,104.2199,REPEATEDHITS,False,False,False,29200,0,1327179070.0,231,ASK,LONG,1.0
NWPX,2026-05-01 14:06:46.319878+00:00,CALL,130.0,2026-12-18,42890,65,65,0,103.775,REPEATEDHITSDESCENDINGFILL,False,False,False,39590,3300,1327179070.0,231,ASK,LONG,1.0
NWPX,2026-05-01 14:06:46.319878+00:00,CALL,125.0,2026-12-18,47395,60,60,0,103.775,REPEATEDHITSASCENDINGFILL,False,False,False,47395,0,1327179070.0,231,ASK,LONG,1.0
NWPX,2026-04-30 16:07:17.338994+00:00,CALL,110.0,2026-12-18,26240,32,32,0,96.285,REPEATEDHITS,False,False,False,26240,0,1327179070.0,232,ASK,LONG,1.0
NWPX,2026-04-30 16:07:17.338994+00:00,CALL,115.0,2026-12-18,25460,38,38,0,96.285,REPEATEDHITS,False,False,False,25460,0,1327179070.0,232,ASK,LONG,1.0
NWPX,2026-04-30 16:07:17.338994+00:00,CALL,100.0,2026-12-18,39600,33,33,0,96.285,REPEATEDHITS,False,False,False,39600,0,1327179070.0,232,ASK,LONG,1.0
ABBV,2026-06-15 19:08:44.994486+00:00,CALL,225.0,2026-07-10,116635,243,440,120,222.465,REPEATEDHITSDESCENDINGFILL,False,False,False,116635,0,414772282658.0,25,ASK,LONG,1.0
ABBV,2026-06-15 18:46:07.034237+00:00,CALL,225.0,2026-07-02,98180,269,292,171,222.035,REPEATEDHITS,False,False,False,98180,0,414772282658.0,17,ASK,LONG,1.0
ABBV,2026-06-15 18:19:13.915311+00:00,CALL,220.0,2026-07-02,109740,177,570,21,222.24,REPEATEDHITS,False,False,False,109740,0,414772282658.0,17,ASK,LONG,1.0
ABBV,2026-06-15 17:44:53.142896+00:00,CALL,220.0,2026-07-02,223597,379,392,21,221.665,REPEATEDHITSDESCENDINGFILL,False,False,False,223012,585,414772282658.0,17,ASK,LONG,1.0
ABBV,2026-06-15 16:44:46.890085+00:00,CALL,225.0,2026-07-10,77805,171,180,120,222.19,REPEATEDHITS,False,False,False,77805,0,414772282658.0,25,ASK,LONG,1.0
ABBV,2026-06-12 19:47:41.313924+00:00,PUT,220.0,2026-06-26,64339,408,415,46,227.31,REPEATEDHITS,False,False,False,57671,6668,414772282658.0,14,ASK,SHORT,1.0
ABBV,2026-06-11 15:12:18.377890+00:00,CALL,227.5,2026-06-26,134380,280,285,46,226.3025,REPEATEDHITSDESCENDINGFILL,False,False,False,132955,0,414772282658.0,15,ASK,LONG,1.0
ABBV,2026-06-08 19:02:21.092129+00:00,CALL,222.5,2026-06-26,53010,93,105,0,222.7,REPEATEDHITS,False,False,False,53010,0,414772282658.0,18,ASK,LONG,1.0
ABBV,2026-06-05 15:50:19.041571+00:00,CALL,217.5,2026-06-12,297645,247,258,101,229.115,REPEATEDHITSASCENDINGFILL,True,False,False,0,297645,414772282658.0,7,BID,SHORT,0.5
ABBV,2026-06-01 14:05:30.793608+00:00,PUT,212.5,2026-06-05,57453,266,288,40,214.18,REPEATEDHITS,False,False,False,56808,0,414772282658.0,4,ASK,SHORT,1.0
ABBV,2026-05-28 15:30:35.961617+00:00,PUT,217.5,2026-06-12,91525,208,208,6,217.77,REPEATEDHITS,False,False,False,0,91525,414772282658.0,15,BID,LONG,0.5
ABBV,2026-05-22 16:03:24.638525+00:00,PUT,185.0,2026-11-20,131510,224,224,147,217.07,REPEATEDHITSDESCENDINGFILL,False,False,False,7985,123525,414772282658.0,182,BID,LONG,0.5
ABBV,2026-05-19 17:51:47.936122+00:00,CALL,217.5,2026-06-18,162432,298,383,8,214.96,REPEATEDHITSASCENDINGFILL,False,False,False,7085,151532,414772282658.0,30,BID,SHORT,0.5
ABBV,2026-05-19 15:20:50.297934+00:00,PUT,220.0,2026-06-12,115500,140,140,3,215.645,REPEATEDHITS,False,False,False,115500,0,414772282658.0,24,ASK,SHORT,1.0
ABBV,2026-05-13 18:21:14.996008+00:00,CALL,195.0,2026-07-17,73395,40,40,28,207.99,REPEATEDHITS,False,False,False,56885,0,414772282658.0,65,ASK,LONG,1.0
ABBV,2026-05-11 18:50:03.303280+00:00,PUT,202.5,2026-05-22,60047,158,227,99,202.92,REPEATEDHITSASCENDINGFILL,True,False,False,0,55107,414772282658.0,11,BID,LONG,0.5
ABBV,2026-05-07 16:03:56.951912+00:00,CALL,195.0,2026-08-21,426815,246,270,77,202.48,REPEATEDHITS,False,False,False,418140,5205,414772282658.0,106,ASK,LONG,1.0
ABBV,2026-05-01 16:18:19.656948+00:00,PUT,180.0,2026-11-20,296015,411,411,24,207.9,REPEATEDHITSDESCENDINGFILL,False,False,False,0,296015,414772282658.0,203,BID,LONG,0.5
ABBV,2026-04-30 14:51:54.959228+00:00,PUT,215.0,2026-05-15,99840,192,196,1,214.48,REPEATEDHITS,True,False,False,0,99840,414772282658.0,15,BID,LONG,0.5
ABBV,2026-04-30 14:10:45.584989+00:00,CALL,230.0,2027-03-19,230460,138,138,57,213.03,REPEATEDHITS,False,False,False,230460,0,414772282658.0,323,ASK,LONG,1.0
ABBV,2026-04-29 16:30:04.096433+00:00,PUT,210.0,2026-05-22,74000,80,109,26,204.435,REPEATEDHITS,True,False,False,0,74000,414772282658.0,23,BID,LONG,0.5
ABBV,2026-04-29 15:31:35.870845+00:00,CALL,210.0,2026-05-22,60630,160,168,53,203.49,REPEATEDHITSDESCENDINGFILL,True,False,False,56880,3750,414772282658.0,23,ASK,LONG,1.0
ABBV,2026-04-28 18:38:21.761265+00:00,CALL,210.0,2026-08-21,443617,507,508,408,196.83,REPEATEDHITSDESCENDINGFILL,False,False,False,443617,0,414772282658.0,115,ASK,LONG,1.0
ABBV,2026-04-28 15:56:08.227167+00:00,CALL,200.0,2026-05-08,245930,487,491,70,198.44,REPEATEDHITS,False,False,False,245930,0,414772282658.0,10,ASK,LONG,1.0
ABSI,2026-06-24 17:45:13.067104+00:00,PUT,10.0,2026-07-17,13800,138,674,0,10.8,REPEATEDHITS,False,False,False,0,13800,1155256465.0,23,BID,LONG,0.5
ABSI,2026-06-24 17:44:46.637085+00:00,PUT,10.0,2026-07-17,24850,250,424,0,10.81,REPEATEDHITSDESCENDINGFILL,True,False,False,21350,0,1155256465.0,23,ASK,SHORT,1.0
ABSI,2026-06-22 17:26:01.563799+00:00,CALL,9.0,2026-07-17,40050,445,658,310,8.47,REPEATEDHITS,False,False,False,0,32490,1155256465.0,25,BID,SHORT,0.5
ABSI,2026-05-06 19:51:16.403460+00:00,CALL,9.0,2027-01-15,10231,66,619,0,5.955,REPEATEDHITSDESCENDINGFILL,False,False,False,0,10231,1155256465.0,254,BID,SHORT,0.5
ABSI,2026-05-06 18:44:53.019321+00:00,CALL,7.0,2026-11-20,14004,100,122,44,6.1201,REPEATEDHITSDESCENDINGFILL,False,False,False,0,14004,1155256465.0,198,BID,SHORT,0.5
ABSI,2026-05-06 14:52:15.049716+00:00,CALL,9.0,2027-01-15,24800,160,420,0,6.1599,REPEATEDHITS,False,False,False,0,24800,1155256465.0,254,BID,SHORT,0.5
ABSI,2026-05-06 14:52:07.431182+00:00,CALL,9.0,2027-01-15,18000,120,260,0,6.155,REPEATEDHITS,False,False,False,9000,9000,1155256465.0,254,MIXED,,0.0
ABSI,2026-05-06 14:52:03.427085+00:00,CALL,9.0,2027-01-15,20300,140,140,0,6.135,REPEATEDHITS,False,False,False,0,20300,1155256465.0,254,BID,SHORT,0.5
ABVX,2026-06-24 16:34:29.032076+00:00,CALL,92.0,2026-07-02,28800,15,93,0,95.21,REPEATEDHITS,False,False,False,28800,0,7730339033.0,8,ASK,LONG,1.0
ABVX,2026-06-24 16:31:27.020542+00:00,CALL,111.0,2026-07-17,10910,10,10,7,95.26,REPEATEDHITS,True,False,False,0,10910,7730339033.0,23,BID,SHORT,0.5
ABVX,2026-06-24 16:28:43.020699+00:00,CALL,106.0,2026-07-10,41030,33,305,0,95.33,REPEATEDHITSASCENDINGFILL,True,False,False,5040,35990,7730339033.0,16,BID,SHORT,0.5
ABVX,2026-06-24 16:28:42.815578+00:00,CALL,112.0,2026-07-10,25350,24,38,0,95.33,REPEATEDHITS,True,False,False,3210,22140,7730339033.0,16,BID,SHORT,0.5
ABVX,2026-06-24 16:28:39.211621+00:00,CALL,112.0,2026-07-10,11560,11,11,0,95.33,REPEATEDHITSASCENDINGFILL,True,False,False,4240,7320,7730339033.0,16,BID,SHORT,0.5
ABVX,2026-06-24 15:19:13.306104+00:00,CALL,106.0,2026-07-10,16680,15,199,0,91.855,REPEATEDHITSASCENDINGFILL,True,False,False,3390,13290,7730339033.0,16,BID,SHORT,0.5
ABVX,2026-06-24 15:19:13.306104+00:00,CALL,103.0,2026-07-10,26610,22,25,10,91.68,REPEATEDHITS,True,False,False,12100,14510,7730339033.0,16,BID,SHORT,0.5
ABVX,2026-06-24 15:19:13.306104+00:00,CALL,108.0,2026-07-10,15600,15,15,0,91.855,REPEATEDHITSASCENDINGFILL,True,False,False,6330,9270,7730339033.0,16,BID,SHORT,0.5
ABVX,2026-06-24 15:17:25.726864+00:00,PUT,91.0,2026-07-02,95560,61,63,2,90.79,REPEATEDHITSASCENDINGFILL,True,False,False,39400,56160,7730339033.0,8,BID,LONG,0.5
ABVX,2026-06-24 15:17:25.726864+00:00,PUT,89.0,2026-07-02,13740,10,80,3,90.79,REPEATEDHITSDESCENDINGFILL,False,False,False,0,13740,7730339033.0,8,BID,LONG,0.5
ABVX,2026-06-24 15:17:25.726864+00:00,PUT,89.0,2026-07-02,102650,70,70,3,90.79,REPEATEDHITSASCENDINGFILL,True,False,False,36900,65750,7730339033.0,8,BID,LONG,0.5
ABVX,2026-06-24 15:17:25.726864+00:00,PUT,88.0,2026-07-02,26210,20,196,1,90.79,REPEATEDHITSDESCENDINGFILL,False,False,False,1370,24840,7730339033.0,8,BID,LONG,0.5
ABVX,2026-06-24 15:17:25.726864+00:00,PUT,92.0,2026-07-02,88353,55,55,3,90.79,REPEATEDHITSDESCENDINGFILL,True,False,False,9900,73653,7730339033.0,8,BID,LONG,0.5
ABVX,2026-06-24 15:03:53.026921+00:00,PUT,88.0,2026-07-02,163900,110,144,1,90.07,REPEATEDHITS,True,False,False,1490,162410,7730339033.0,8,BID,LONG,0.5
ABVX,2026-06-24 14:21:02.175147+00:00,CALL,95.0,2026-06-26,12600,30,32,6,85.86,REPEATEDHITS,False,False,False,12600,0,7730339033.0,2,ASK,LONG,1.0
ABVX,2026-06-24 14:15:58.776284+00:00,PUT,65.0,2026-06-26,150000,500,500,3,77.155,REPEATEDHITS,False,False,False,30000,0,7730339033.0,2,ASK,SHORT,1.0
ABVX,2026-06-24 13:56:06.512384+00:00,CALL,97.0,2026-07-02,26000,20,21,18,94.4152,REPEATEDHITS,False,False,False,0,26000,7730339033.0,8,BID,SHORT,0.5
ABVX,2026-06-23 14:06:08.976944+00:00,PUT,95.0,2026-06-26,54500,109,213,103,99.11,REPEATEDHITS,False,False,False,0,54500,7730339033.0,3,BID,LONG,0.5
ABVX,2026-06-22 18:36:56.748275+00:00,CALL,122.0,2026-07-02,57800,85,85,0,102.41,REPEATEDHITS,False,False,False,0,0,7730339033.0,10,MIXED,,0.0
ABVX,2026-06-22 16:32:07.223028+00:00,CALL,105.0,2026-06-26,86400,180,1332,123,99.485,REPEATEDHITS,False,False,False,0,86400,7730339033.0,4,BID,SHORT,0.5
ABVX,2026-06-22 14:11:18.437327+00:00,CALL,98.0,2026-06-26,11700,15,303,1,98.485,REPEATEDHITS,True,False,False,0,11700,7730339033.0,4,BID,SHORT,0.5
ABVX,2026-06-22 14:07:51.863420+00:00,CALL,98.0,2026-06-26,26070,33,273,1,98.84,REPEATEDHITS,True,False,False,0,26070,7730339033.0,4,BID,SHORT,0.5
ABVX,2026-06-17 15:32:18.722454+00:00,PUT,60.0,2026-07-24,12780,73,76,42,102.94,REPEATEDHITS,True,False,False,12605,175,7730339033.0,37,ASK,SHORT,1.0
ABVX,2026-06-17 14:08:06.787707+00:00,CALL,115.0,2026-07-31,13800,12,100,0,98.84,REPEATEDHITS,True,False,False,13800,0,7730339033.0,44,ASK,LONG,1.0
ABVX,2026-06-17 14:07:29.329600+00:00,CALL,115.0,2026-07-31,26680,23,73,0,99.225,REPEATEDHITS,True,False,False,23200,3480,7730339033.0,44,ASK,LONG,1.0
ABVX,2026-06-17 14:07:10.098226+00:00,CALL,115.0,2026-07-31,23400,20,45,0,99.225,REPEATEDHITS,True,False,False,23400,0,7730339033.0,44,ASK,LONG,1.0
ABVX,2026-06-17 14:06:59.688425+00:00,CALL,115.0,2026-07-31,23400,20,20,0,99.32,REPEATEDHITS,False,False,False,19890,3510,7730339033.0,44,ASK,LONG,1.0
ABVX,2026-06-16 19:32:15.349582+00:00,PUT,75.0,2026-07-02,70840,154,1792,14,99.59,REPEATEDHITS,False,False,False,70840,0,7730339033.0,16,ASK,SHORT,1.0
ABVX,2026-06-16 18:51:40.266410+00:00,PUT,75.0,2026-07-02,69560,148,1493,14,99.81,REPEATEDHITS,False,False,False,69560,0,7730339033.0,16,ASK,SHORT,1.0
ABVX,2026-06-16 16:03:41.981558+00:00,PUT,75.0,2026-07-02,58000,116,1032,14,96.7,REPEATEDHITS,False,False,False,58000,0,7730339033.0,16,ASK,SHORT,1.0
ABVX,2026-06-16 14:41:27.753792+00:00,PUT,75.0,2026-07-02,59780,122,666,14,96.875,REPEATEDHITS,False,False,False,59780,0,7730339033.0,16,ASK,SHORT,1.0
ABVX,2026-06-16 14:40:37.229682+00:00,PUT,75.0,2026-07-02,24380,53,472,14,96.95,REPEATEDHITS,False,False,False,24380,0,7730339033.0,16,ASK,SHORT,1.0
ABVX,2026-06-16 13:54:04.797084+00:00,CALL,150.0,2026-07-02,19025,77,107,28,98.37,REPEATEDHITSDESCENDINGFILL,True,False,False,19025,0,7730339033.0,16,ASK,LONG,1.0
ABVX,2026-06-16 13:33:49.869018+00:00,PUT,75.0,2026-07-02,12480,32,179,14,100.74,REPEATEDHITS,False,False,False,12480,0,7730339033.0,16,ASK,SHORT,1.0
ABVX,2026-06-16 13:33:27.226043+00:00,PUT,75.0,2026-07-02,11020,29,95,14,100.5,REPEATEDHITS,False,False,False,11020,0,7730339033.0,16,ASK,SHORT,1.0
ABVX,2026-06-15 15:43:44.849044+00:00,CALL,105.0,2026-07-02,36000,36,104,31,99.17,REPEATEDHITS,False,False,False,14000,0,7730339033.0,17,ASK,LONG,1.0
ABVX,2026-06-11 18:50:36.607884+00:00,PUT,85.0,2026-07-10,11370,19,199,3,100.64,REPEATEDHITS,False,False,False,2970,4800,7730339033.0,29,BID,LONG,0.5
ABVX,2026-06-11 18:01:35.164778+00:00,PUT,85.0,2026-07-10,15000,25,175,3,100.43,REPEATEDHITS,False,False,False,0,15000,7730339033.0,29,BID,LONG,0.5
ABVX,2026-06-11 17:39:21.153035+00:00,PUT,85.0,2026-07-10,20400,34,139,3,100.225,REPEATEDHITS,True,False,False,0,20400,7730339033.0,29,BID,LONG,0.5
ABVX,2026-06-11 17:38:40.903496+00:00,PUT,85.0,2026-07-10,61200,102,102,3,100.23,REPEATEDHITS,True,False,False,0,61200,7730339033.0,29,BID,LONG,0.5
ABVX,2026-06-09 15:29:55.377365+00:00,CALL,100.0,2026-07-24,16000,10,10,0,99.61,REPEATEDHITS,False,False,False,0,16000,7730339033.0,45,BID,SHORT,0.5
ABVX,2026-06-08 15:46:19.794629+00:00,PUT,60.0,2028-01-21,51990,49,3853,8,103.09,REPEATEDHITS,True,False,False,0,51990,7730339033.0,592,BID,LONG,0.5
ABVX,2026-06-05 18:46:20.747203+00:00,CALL,125.0,2026-07-24,52457,61,100,0,98.6081,REPEATEDHITSASCENDINGFILL,False,False,False,52457,0,7730339033.0,49,ASK,LONG,1.0
ABVX,2026-06-05 13:49:45.170163+00:00,PUT,110.0,2026-06-12,41500,50,50,29,106.2025,REPEATEDHITS,False,False,False,41500,0,7730339033.0,7,ASK,SHORT,1.0
ABVX,2026-06-04 19:57:29.350468+00:00,CALL,110.0,2026-06-05,110227,520,1101,225,104.5,REPEATEDHITSDESCENDINGFILL,True,False,False,63512,46715,7730339033.0,1,ASK,LONG,1.0
ABVX,2026-06-04 19:02:49.258564+00:00,PUT,104.0,2026-06-18,24820,29,39,8,103.651,REPEATEDHITSDESCENDINGFILL,True,False,False,14620,10200,7730339033.0,14,ASK,SHORT,1.0
ABVX,2026-06-03 19:57:47.649011+00:00,CALL,165.0,2028-01-21,39600,22,495,0,90.02,REPEATEDHITS,True,False,False,19800,19800,7730339033.0,597,MIXED,,0.0
ABVX,2026-06-03 19:56:32.313873+00:00,PUT,90.0,2026-06-05,32550,93,114,32,89.62,REPEATEDHITS,False,False,False,32550,0,7730339033.0,2,ASK,SHORT,1.0
ABVX,2026-06-03 19:42:00.398538+00:00,CALL,165.0,2028-01-21,10800,6,453,0,89.5,REPEATEDHITS,True,False,False,0,10800,7730339033.0,597,BID,SHORT,0.5
ABVX,2026-06-03 19:38:39.284548+00:00,CALL,165.0,2028-01-21,11100,6,435,0,90.175,REPEATEDHITS,True,False,False,0,11100,7730339033.0,597,BID,SHORT,0.5
ADNT,2026-06-24 18:49:49.020626+00:00,PUT,17.5,2026-07-17,10700,535,535,464,19.95,REPEATEDHITS,True,False,False,760,9940,1606690300.0,23,BID,LONG,0.5
ADNT,2026-06-22 17:30:15.804104+00:00,CALL,22.5,2026-10-16,21960,122,122,15,20.63,REPEATEDHITS,False,False,False,21960,0,1606690300.0,116,ASK,LONG,1.0
ADNT,2026-06-22 16:58:19.300405+00:00,CALL,25.0,2026-10-16,12099,110,110,32,20.63,REPEATEDHITS,False,False,False,12099,0,1606690300.0,116,ASK,LONG,1.0
AFRM,2026-06-24 14:48:23.342452+00:00,PUT,71.0,2026-07-02,11880,180,240,52,79.41,REPEATEDHITS,False,False,False,0,11880,21143720846.0,8,BID,LONG,0.5
AFRM,2026-06-24 14:40:10.173807+00:00,CALL,81.0,2026-07-17,30805,79,130,27,78.18,REPEATEDHITS,True,False,False,6620,23795,21143720846.0,23,BID,SHORT,0.5
AFRM,2026-06-24 14:06:18.976524+00:00,CALL,78.0,2026-07-17,14580,29,30,0,77.65,REPEATEDHITSDESCENDINGFILL,True,False,False,8080,6500,21143720846.0,23,ASK,LONG,1.0
AFRM,2026-06-23 17:54:58.542705+00:00,CALL,80.0,2026-07-10,16276,175,754,139,71.2,REPEATEDHITS,False,False,False,94,16182,21143720846.0,17,BID,SHORT,0.5
AFRM,2026-06-23 17:25:51.848349+00:00,CALL,80.0,2026-07-10,58446,573,574,139,71.68,REPEATEDHITS,False,False,False,0,58446,21143720846.0,17,BID,SHORT,0.5
AFRM,2026-06-23 14:47:53.331525+00:00,CALL,77.0,2026-07-02,12626,118,121,88,71.66,REPEATEDHITS,False,False,False,0,12626,21143720846.0,9,BID,SHORT,0.5
AFRM,2026-06-22 15:19:36.910391+00:00,CALL,83.0,2026-07-10,40296,438,443,76,72.21,REPEATEDHITS,False,False,False,0,40296,21143720846.0,18,BID,SHORT,0.5
AFRM,2026-06-18 19:03:16.793231+00:00,PUT,65.0,2026-07-10,53590,466,512,137,73.97,REPEATEDHITS,False,False,False,53590,0,21143720846.0,22,ASK,SHORT,1.0
AFRM,2026-06-18 15:29:53.785219+00:00,PUT,73.0,2026-06-26,42400,200,612,59,74.06,REPEATEDHITS,False,False,False,42400,0,21143720846.0,8,ASK,SHORT,1.0
AFRM,2026-06-18 14:35:35.221958+00:00,PUT,72.5,2026-11-20,14165,12,12,1,74.22,REPEATEDHITS,True,False,False,3540,10625,21143720846.0,155,BID,LONG,0.5
AFRM,2026-06-18 14:34:42.883697+00:00,CALL,78.0,2026-07-10,18910,62,62,37,74.18,REPEATEDHITS,False,False,False,18605,0,21143720846.0,22,ASK,LONG,1.0
AFRM,2026-06-17 18:43:28.680366+00:00,PUT,74.0,2026-06-18,23780,290,692,70,74.79,REPEATEDHITS,False,False,False,0,23780,21143720846.0,1,BID,LONG,0.5
AFRM,2026-06-17 17:53:13.522982+00:00,CALL,105.0,2026-11-20,54000,100,101,72,76.105,REPEATEDHITS,False,False,False,0,54000,21143720846.0,156,BID,SHORT,0.5
AFRM,2026-06-17 15:45:33.107559+00:00,PUT,75.0,2026-07-02,25675,79,130,15,75.7601,REPEATEDHITS,True,False,False,25675,0,21143720846.0,15,ASK,SHORT,1.0
AFRM,2026-06-17 15:45:17.286924+00:00,PUT,75.0,2026-07-02,13650,42,42,15,75.8,REPEATEDHITS,True,False,False,13650,0,21143720846.0,15,ASK,SHORT,1.0
AFRM,2026-06-17 14:18:01.391209+00:00,PUT,76.0,2026-07-10,82800,207,210,1,77.03,REPEATEDHITS,False,False,False,0,82800,21143720846.0,23,BID,LONG,0.5
AFRM,2026-06-16 19:13:25.241857+00:00,CALL,71.0,2026-07-31,36751,42,42,0,75.2079,REPEATEDHITS,True,False,False,875,35876,21143720846.0,45,BID,SHORT,0.5
AFRM,2026-06-16 19:13:25.241857+00:00,CALL,71.0,2026-07-24,19560,24,24,1,75.2079,REPEATEDHITS,False,False,False,0,19560,21143720846.0,38,BID,SHORT,0.5
AFRM,2026-06-16 14:23:22.755316+00:00,CALL,75.0,2026-07-24,11235,21,51,15,73.69,REPEATEDHITS,True,False,False,0,11235,21143720846.0,38,BID,SHORT,0.5
AFRM,2026-06-15 18:47:06.291857+00:00,PUT,74.0,2026-07-02,23690,46,46,37,71.54,REPEATEDHITS,False,False,False,23690,0,21143720846.0,17,ASK,SHORT,1.0
AFRM,2026-06-15 16:38:56.654118+00:00,CALL,72.5,2026-07-17,140613,258,280,228,72.81,REPEATEDHITS,False,False,False,0,140613,21143720846.0,32,BID,SHORT,0.5
AFRM,2026-06-15 16:22:04.823039+00:00,CALL,80.0,2026-07-10,23980,109,117,9,72.97,REPEATEDHITS,False,False,False,23760,220,21143720846.0,25,ASK,LONG,1.0
AFRM,2026-06-15 15:07:10.149393+00:00,CALL,81.0,2026-06-26,13780,212,212,3,72.42,REPEATEDHITS,False,False,False,13780,0,21143720846.0,11,ASK,LONG,1.0
AFRM,2026-06-15 15:07:10.149393+00:00,CALL,83.0,2026-06-26,11309,263,265,0,72.42,REPEATEDHITS,False,False,False,11309,0,21143720846.0,11,ASK,LONG,1.0
AFRM,2026-06-15 14:00:45.685723+00:00,PUT,60.0,2026-07-10,40131,441,441,9,70.605,REPEATEDHITS,False,False,False,0,40131,21143720846.0,25,BID,LONG,0.5
AFRM,2026-06-15 14:00:45.685723+00:00,PUT,62.0,2026-07-10,45064,347,347,6,70.605,REPEATEDHITS,False,False,False,28296,16768,21143720846.0,25,ASK,SHORT,1.0
AFRM,2026-06-12 18:54:34.558645+00:00,CALL,76.0,2026-07-10,19040,160,163,5,65.44,REPEATEDHITS,False,False,False,19040,0,21143720846.0,28,ASK,LONG,1.0
AFRM,2026-06-08 15:35:19.653775+00:00,PUT,57.0,2026-06-26,17850,210,210,13,65.975,REPEATEDHITS,False,False,False,17850,0,21143720846.0,18,ASK,SHORT,1.0
AFRM,2026-06-08 14:32:30.053473+00:00,PUT,64.0,2026-07-24,41960,82,82,0,65.04,REPEATEDHITSASCENDINGFILL,True,False,False,13910,28050,21143720846.0,46,BID,LONG,0.5
AFRM,2026-06-08 14:32:30.053473+00:00,PUT,62.0,2026-07-24,35481,84,89,0,65.04,REPEATEDHITSDESCENDINGFILL,True,False,False,15300,20181,21143720846.0,46,BID,LONG,0.5
AFRM,2026-06-05 19:18:23.848473+00:00,PUT,57.5,2026-07-17,433500,1500,1585,125,62.94,FLOORTRADELARGECAP,False,True,True,433500,0,21143720846.0,42,ASK,SHORT,1.0
AFRM,2026-06-05 16:53:08.820877+00:00,PUT,66.0,2026-07-02,47040,84,84,0,63.71,REPEATEDHITS,False,False,False,0,47040,21143720846.0,27,BID,LONG,0.5
AFRM,2026-06-05 16:25:10.638751+00:00,CALL,66.0,2026-06-05,23630,2194,2361,204,63.76,REPEATEDHITS,True,False,False,18590,5040,21143720846.0,0,ASK,LONG,1.0
AFRM,2026-06-05 16:25:10.638751+00:00,CALL,64.0,2026-06-05,25779,538,541,59,63.76,REPEATEDHITSDESCENDINGFILL,False,False,False,23664,2115,21143720846.0,0,ASK,LONG,1.0
AFRM,2026-06-05 15:59:43.234882+00:00,CALL,67.0,2026-06-12,17900,150,317,88,63.96,REPEATEDHITSDESCENDINGFILL,False,False,False,10080,7820,21143720846.0,7,ASK,LONG,1.0
AFRM,2026-06-03 17:57:09.051409+00:00,PUT,57.0,2026-07-02,31980,246,248,41,65.855,REPEATEDHITS,False,False,False,0,31980,21143720846.0,29,BID,LONG,0.5
AFRM,2026-06-03 17:01:03.056668+00:00,CALL,64.0,2026-06-05,13005,51,62,23,65.69,REPEATEDHITS,True,False,False,13005,0,21143720846.0,2,ASK,LONG,1.0
AFRM,2026-06-03 15:16:17.284127+00:00,PUT,66.0,2026-06-26,18800,47,47,7,66.25,REPEATEDHITS,False,False,False,18800,0,21143720846.0,23,ASK,SHORT,1.0
AFRM,2026-06-01 18:10:09.479107+00:00,PUT,80.0,2026-06-18,492298,604,611,223,73.475,REPEATEDHITSASCENDINGFILL,True,False,False,207825,284473,21143720846.0,17,BID,LONG,0.5
AFRM,2026-06-01 17:25:23.230854+00:00,CALL,77.0,2026-06-12,11500,50,371,18,74.31,REPEATEDHITS,False,False,False,0,11500,21143720846.0,11,BID,SHORT,0.5
AFRM,2026-05-29 19:44:06.715935+00:00,PUT,72.5,2026-07-17,147498,250,523,62,73.04,REPEATEDHITSASCENDINGFILL,False,False,False,147498,0,21143720846.0,49,ASK,SHORT,1.0
AFRM,2026-05-29 19:43:20.923106+00:00,PUT,70.0,2026-07-17,689940,1500,1523,99,73.31,REPEATEDHITSASCENDINGFILL,True,False,False,689940,0,21143720846.0,49,ASK,SHORT,1.0
AFRM,2026-05-29 17:09:34.392803+00:00,CALL,90.0,2026-07-17,99554,547,708,395,73.77,REPEATEDHITS,False,False,False,0,99554,21143720846.0,49,BID,SHORT,0.5
AFRM,2026-05-29 16:03:08.545474+00:00,CALL,80.0,2026-06-12,87682,640,676,401,73.71,REPEATEDHITS,True,False,False,276,87406,21143720846.0,14,BID,SHORT,0.5
AFRM,2026-05-28 17:12:51.425814+00:00,PUT,57.5,2026-08-21,231086,882,892,80,72.73,REPEATEDHITS,False,False,False,0,231086,21143720846.0,85,BID,LONG,0.5
AFRM,2026-05-28 15:24:55.725357+00:00,CALL,79.0,2026-06-12,98116,593,595,8,72.76,REPEATEDHITSASCENDINGFILL,False,False,False,98116,0,21143720846.0,15,ASK,LONG,1.0
AFRM,2026-05-28 15:24:55.725357+00:00,CALL,79.0,2026-06-12,27407,164,759,8,72.71,REPEATEDHITSASCENDINGFILL,False,False,False,26405,1002,21143720846.0,15,ASK,LONG,1.0
AFRM,2026-05-28 15:14:16.324124+00:00,PUT,70.0,2026-05-29,24640,560,624,58,72.0,REPEATEDHITS,False,False,False,0,24640,21143720846.0,1,BID,LONG,0.5
AFRM,2026-05-28 13:51:18.195765+00:00,PUT,72.0,2026-06-18,60390,122,122,16,71.0,REPEATEDHITS,False,False,False,15840,4950,21143720846.0,21,ASK,SHORT,1.0
AFRM,2026-05-27 17:43:41.002817+00:00,CALL,72.0,2026-06-18,50050,130,159,49,70.23,REPEATEDHITS,False,False,False,50050,0,21143720846.0,22,ASK,LONG,1.0
AG,2026-06-24 17:47:54.872917+00:00,PUT,14.5,2026-07-31,13365,165,165,1,15.85,REPEATEDHITS,True,False,False,13365,0,8106818016.0,37,ASK,SHORT,1.0
AG,2026-06-24 17:47:54.872917+00:00,PUT,14.0,2026-07-31,52326,854,869,4,15.85,REPEATEDHITS,True,False,False,7308,45018,8106818016.0,37,BID,LONG,0.5
AG,2026-06-24 16:52:28.713121+00:00,CALL,21.0,2026-12-18,28650,150,154,68,15.98,REPEATEDHITS,False,False,False,28650,0,8106818016.0,177,ASK,LONG,1.0
AG,2026-06-23 19:21:27.303109+00:00,CALL,22.5,2026-07-24,26315,1385,1405,30,16.52,REPEATEDHITS,False,False,False,0,26315,8106818016.0,31,BID,SHORT,0.5
AG,2026-06-23 18:43:45.553160+00:00,PUT,16.0,2026-07-02,26235,583,663,371,16.62,REPEATEDHITS,False,False,False,26235,0,8106818016.0,9,ASK,SHORT,1.0
AG,2026-06-23 16:03:41.594484+00:00,PUT,13.0,2027-06-17,10481,47,143,0,16.8665,REPEATEDHITS,False,False,False,0,10481,8106818016.0,359,BID,LONG,0.5
AG,2026-06-23 16:03:29.575568+00:00,PUT,13.0,2027-06-17,10528,47,96,0,16.86,REPEATEDHITS,False,False,False,0,10528,8106818016.0,359,BID,LONG,0.5
AG,2026-06-23 16:03:12.760863+00:00,PUT,13.0,2027-06-17,10575,47,49,0,16.855,REPEATEDHITS,False,False,False,0,10575,8106818016.0,359,BID,LONG,0.5
AG,2026-06-23 16:01:20.420628+00:00,PUT,13.0,2027-03-19,16198,89,337,38,16.845,REPEATEDHITS,False,False,False,0,16198,8106818016.0,269,BID,LONG,0.5
AG,2026-06-18 18:14:55.554648+00:00,PUT,17.5,2026-06-26,11592,252,977,232,18.0251,REPEATEDHITS,False,False,False,11592,0,8106818016.0,8,ASK,SHORT,1.0
AG,2026-06-18 16:49:38.183127+00:00,PUT,17.5,2026-06-26,14050,281,579,232,17.925,REPEATEDHITS,False,False,False,13800,0,8106818016.0,8,ASK,SHORT,1.0
AG,2026-06-17 19:21:12.773107+00:00,CALL,19.0,2027-01-15,215000,500,1000,115,18.93,REPEATEDHITS,False,False,False,30100,184900,8106818016.0,212,BID,SHORT,0.5
AG,2026-06-16 16:32:23.021070+00:00,PUT,18.0,2026-07-24,17604,163,453,25,19.295,REPEATEDHITS,False,False,False,16524,1080,8106818016.0,38,ASK,SHORT,1.0
AG,2026-06-11 15:09:16.562641+00:00,CALL,16.0,2026-06-12,29832,1137,2979,249,15.89,REPEATEDHITSDESCENDINGFILL,True,False,False,286,24060,8106818016.0,1,BID,SHORT,0.5
AG,2026-06-10 19:17:32.585835+00:00,PUT,14.0,2026-07-10,26264,469,698,70,15.75,REPEATEDHITS,False,False,False,26264,0,8106818016.0,30,ASK,SHORT,1.0
AG,2026-06-10 17:44:46.785063+00:00,PUT,14.0,2026-07-10,12204,226,229,70,15.805,REPEATEDHITS,False,False,False,12204,0,8106818016.0,30,ASK,SHORT,1.0
AG,2026-06-09 17:03:08.910877+00:00,CALL,17.0,2026-10-16,1117741,4693,6040,4132,15.86,SWEEPSFOLLOWEDBYFLOOR,True,True,False,6227,1111514,8106818016.0,129,BID,SHORT,0.5
AG,2026-06-08 16:27:47.795874+00:00,PUT,16.0,2026-06-26,24462,453,473,164,17.375,REPEATEDHITS,False,False,False,24408,54,8106818016.0,18,ASK,SHORT,1.0
AG,2026-06-05 19:10:16.920919+00:00,PUT,15.0,2026-06-26,21053,569,674,12,16.975,REPEATEDHITS,False,False,False,21053,0,8106818016.0,21,ASK,SHORT,1.0
AG,2026-06-05 18:03:13.298858+00:00,CALL,18.0,2026-06-18,42903,681,1326,232,17.245,REPEATEDHITS,False,False,False,0,42903,8106818016.0,13,BID,SHORT,0.5
AG,2026-06-05 16:56:34.679397+00:00,CALL,19.0,2026-06-12,11300,565,1427,34,17.4,REPEATEDHITS,True,False,False,6660,4640,8106818016.0,7,ASK,LONG,1.0
AG,2026-06-05 16:43:17.038758+00:00,PUT,16.0,2026-06-12,10396,452,479,158,17.13,REPEATEDHITS,False,False,False,8993,0,8106818016.0,7,ASK,SHORT,1.0
AG,2026-06-05 16:24:49.606889+00:00,CALL,18.5,2026-06-12,28000,1000,1141,5,17.3098,REPEATEDHITS,True,False,False,28,27944,8106818016.0,7,BID,SHORT,0.5
AG,2026-06-05 16:22:47.208610+00:00,CALL,18.5,2026-07-24,13426,98,100,0,17.255,REPEATEDHITS,False,False,False,13426,0,8106818016.0,49,ASK,LONG,1.0
AG,2026-06-05 16:14:54.462714+00:00,PUT,17.0,2026-06-12,41030,746,1032,171,17.285,REPEATEDHITS,False,False,False,27005,14025,8106818016.0,7,ASK,SHORT,1.0
AG,2026-06-05 15:31:51.160144+00:00,PUT,16.5,2026-06-26,28578,433,439,40,17.56,REPEATEDHITS,False,False,False,28578,0,8106818016.0,21,ASK,SHORT,1.0
AG,2026-06-04 18:06:43.646651+00:00,PUT,18.5,2026-06-18,11020,190,228,186,19.675,REPEATEDHITS,False,False,False,0,11020,8106818016.0,14,BID,LONG,0.5
AG,2026-06-02 16:10:58.496793+00:00,PUT,22.0,2027-03-19,79230,139,145,1,21.005,REPEATEDHITS,False,False,False,3420,75810,8106818016.0,290,BID,LONG,0.5
AG,2026-05-28 16:33:34.779276+00:00,CALL,20.5,2026-05-29,85950,1719,2086,987,20.695,REPEATEDHITS,True,False,False,85950,0,8106818016.0,1,ASK,LONG,1.0
AG,2026-05-28 13:54:36.987898+00:00,CALL,21.0,2026-06-05,43880,1415,1428,820,19.24,REPEATEDHITS,False,False,False,480,43400,8106818016.0,8,BID,SHORT,0.5
AG,2026-05-27 18:44:02.141271+00:00,CALL,31.0,2026-08-21,90097,1477,1485,53,19.86,REPEATEDHITS,False,False,False,88145,0,8106818016.0,86,ASK,LONG,1.0
AG,2026-05-27 14:10:03.526327+00:00,CALL,20.0,2026-08-21,294508,1037,1043,782,19.845,REPEATEDHITS,False,False,False,0,294508,8106818016.0,86,BID,SHORT,0.5
AG,2026-05-26 19:27:06.374647+00:00,CALL,31.0,2026-06-18,23191,1784,3305,198,20.125,REPEATEDHITS,True,False,False,23179,12,8106818016.0,23,ASK,LONG,1.0
AG,2026-05-26 14:52:33.250521+00:00,PUT,18.0,2026-06-05,36363,1173,1216,156,19.87,REPEATEDHITS,False,False,False,36363,0,8106818016.0,10,ASK,SHORT,1.0
AG,2026-05-22 19:34:20.739697+00:00,CALL,19.5,2026-05-29,68100,1000,3552,170,19.48,REPEATEDHITS,False,False,False,0,68100,8106818016.0,7,BID,SHORT,0.5
AG,2026-05-21 18:14:15.092606+00:00,CALL,20.5,2026-06-18,65856,448,450,261,20.21,REPEATEDHITS,False,False,False,65856,0,8106818016.0,28,ASK,LONG,1.0
AG,2026-05-18 19:25:14.154973+00:00,CALL,20.0,2026-05-22,28728,513,1217,273,19.69,REPEATEDHITS,False,False,False,28728,0,8106818016.0,4,ASK,LONG,1.0
AG,2026-05-18 16:43:40.533024+00:00,CALL,24.0,2026-08-21,776655,4707,4709,282,19.89,REPEATEDHITS,False,False,False,0,776655,8106818016.0,95,BID,SHORT,0.5
AG,2026-05-18 14:46:15.145268+00:00,CALL,22.0,2027-03-19,46060,94,94,22,20.07,REPEATEDHITS,False,False,False,0,46060,8106818016.0,305,BID,SHORT,0.5
AG,2026-05-18 14:21:03.323390+00:00,CALL,20.5,2026-06-18,32524,188,189,0,20.37,REPEATEDHITS,False,False,False,32351,173,8106818016.0,31,ASK,LONG,1.0
AG,2026-05-18 14:15:10.789089+00:00,PUT,20.0,2026-05-22,116000,2000,2073,730,20.3,REPEATEDHITS,False,False,False,116000,0,8106818016.0,4,ASK,SHORT,1.0
AG,2026-05-15 15:55:23.166491+00:00,PUT,19.5,2026-05-22,16936,292,1684,103,20.035,REPEATEDHITS,False,False,False,16936,0,8106818016.0,7,ASK,SHORT,1.0
AG,2026-05-14 16:30:35.055917+00:00,PUT,26.0,2026-08-21,1237715,2271,2300,21,23.005,REPEATEDHITSASCENDINGFILL,False,False,False,0,1237715,8106818016.0,99,BID,LONG,0.5
AG,2026-05-13 17:11:54.025311+00:00,CALL,27.0,2026-05-29,39900,525,549,150,24.025,REPEATEDHITS,True,False,False,760,39140,8106818016.0,16,BID,SHORT,0.5
AG,2026-05-12 19:58:22.770386+00:00,CALL,24.0,2026-05-22,379974,2289,3222,406,24.22,REPEATEDHITS,False,False,False,379974,0,8106818016.0,10,ASK,LONG,1.0
AG,2026-05-12 19:26:57.588199+00:00,CALL,26.0,2026-06-05,783096,5844,5853,202,23.925,REPEATEDHITS,False,False,False,783096,0,8106818016.0,24,ASK,LONG,1.0
AG,2026-05-12 16:54:48.863635+00:00,PUT,24.5,2026-06-05,11285,37,37,1,22.73,REPEATEDHITS,True,False,False,3965,7320,8106818016.0,24,BID,LONG,0.5
AG,2026-05-12 16:43:51.012869+00:00,PUT,24.0,2026-05-29,19489,84,124,45,22.815,REPEATEDHITS,False,False,False,233,19256,8106818016.0,17,BID,LONG,0.5
AG,2026-05-11 19:51:49.950921+00:00,CALL,26.5,2026-05-15,20000,500,963,267,23.6093,REPEATEDHITS,False,False,False,20000,0,8106818016.0,4,ASK,LONG,1.0
AG,2026-05-11 19:44:07.445207+00:00,CALL,25.0,2026-06-18,227688,1074,1526,1065,23.545,REPEATEDHITS,False,False,False,227688,0,8106818016.0,38,ASK,LONG,1.0
AIQ,2026-06-10 18:03:26.535009+00:00,PUT,40.0,2027-01-15,11000,100,100,1,62.17,REPEATEDHITS,False,False,False,4950,6050,2129484071.0,219,BID,LONG,0.5
AIQ,2026-05-20 13:49:54.998841+00:00,PUT,65.0,2026-08-21,14652,25,25,3,60.87,REPEATEDHITS,False,False,False,5200,9452,2129484071.0,93,BID,LONG,0.5
AIQ,2026-05-18 13:48:34.814306+00:00,PUT,70.0,2026-11-20,15557,15,100,2,61.13,REPEATEDHITS,False,False,False,8480,7077,2129484071.0,186,ASK,SHORT,1.0
AIQ,2026-05-15 13:44:27.505549+00:00,PUT,58.0,2026-06-18,135000,900,900,38,60.77,LOWHISTORICVOLUMEFLOOR,False,True,False,135000,0,2129484071.0,34,ASK,SHORT,1.0
AIQ,2026-05-11 19:20:37.784805+00:00,CALL,63.0,2026-06-18,10050,40,123,30,62.87,REPEATEDHITS,False,False,False,2550,0,2129484071.0,38,ASK,LONG,1.0
AIQ,2026-05-11 17:30:41.581944+00:00,CALL,63.0,2026-06-18,14880,62,82,30,62.855,REPEATEDHITS,False,False,False,14880,0,2129484071.0,38,ASK,LONG,1.0
AIQ,2026-05-11 14:00:33.853963+00:00,PUT,60.0,2026-11-20,21000,50,50,25,62.45,REPEATEDHITS,False,False,False,18480,0,2129484071.0,193,ASK,SHORT,1.0
AIQ,2026-05-07 14:16:40.129077+00:00,PUT,55.0,2026-06-18,160000,2000,2000,20,60.71,LOWHISTORICVOLUMEFLOOR,False,True,False,160000,0,2129484071.0,42,ASK,SHORT,1.0
AIQ,2026-04-28 14:19:54.877346+00:00,PUT,60.0,2026-08-21,32794,50,50,0,54.69,REPEATEDHITSASCENDINGFILL,False,False,False,0,32794,2129484071.0,115,BID,LONG,0.5
AMAT,2026-06-24 18:12:16.194146+00:00,CALL,655.0,2026-07-02,70188,116,233,106,574.87,REPEATEDHITSASCENDINGFILL,False,False,False,0,69578,465164950848.0,8,BID,SHORT,0.5
AMAT,2026-06-24 17:41:16.761364+00:00,CALL,577.5,2026-06-26,63030,33,33,16,577.76,REPEATEDHITS,False,False,False,63030,0,465164950848.0,2,ASK,LONG,1.0
AMAT,2026-06-24 17:24:52.383415+00:00,CALL,615.0,2026-07-10,130200,55,56,15,578.03,REPEATEDHITSDESCENDINGFILL,True,False,False,106665,23535,465164950848.0,16,ASK,LONG,1.0
AMAT,2026-06-24 17:20:01.363968+00:00,PUT,545.0,2026-07-02,83700,60,95,41,580.915,REPEATEDHITS,False,False,False,0,13950,465164950848.0,8,BID,LONG,0.5
AMAT,2026-06-24 17:20:01.363968+00:00,PUT,557.5,2026-07-02,63700,35,35,15,580.915,REPEATEDHITS,False,False,False,0,63700,465164950848.0,8,BID,LONG,0.5
AMAT,2026-06-24 14:59:57.189324+00:00,PUT,595.0,2026-07-17,138315,31,34,30,593.58,REPEATEDHITSASCENDINGFILL,False,False,False,35810,102505,465164950848.0,23,BID,LONG,0.5
AMAT,2026-06-24 14:12:56.323626+00:00,CALL,620.0,2026-06-26,478705,632,3558,471,587.91,SWEEPSFOLLOWEDBYFLOOR,True,True,False,88975,389730,465164950848.0,2,BID,SHORT,0.5
AMAT,2026-06-24 14:09:22.635939+00:00,CALL,620.0,2026-06-26,464000,580,1566,471,589.24,REPEATEDHITS,False,False,False,464000,0,465164950848.0,2,ASK,LONG,1.0
AMAT,2026-06-24 14:09:22.635939+00:00,CALL,620.0,2026-06-26,399200,499,966,471,589.45,REPEATEDHITS,True,False,False,291200,0,465164950848.0,2,ASK,LONG,1.0
AMAT,2026-06-24 13:31:52.830520+00:00,CALL,840.0,2027-02-19,155500,22,22,9,588.755,REPEATEDHITSASCENDINGFILL,False,False,False,141470,14030,465164950848.0,240,ASK,LONG,1.0
AMAT,2026-06-23 18:55:09.917484+00:00,CALL,550.0,2026-08-21,267655,31,43,5,577.7,REPEATEDHITSDESCENDINGFILL,False,False,False,241780,25875,465164950848.0,59,ASK,LONG,1.0
AMAT,2026-06-23 18:54:16.049030+00:00,PUT,555.0,2026-07-17,267957,80,87,26,577.16,REPEATEDHITSASCENDINGFILL,True,False,False,134200,133757,465164950848.0,24,ASK,SHORT,1.0
AMAT,2026-06-23 18:47:14.885540+00:00,PUT,550.0,2026-07-10,142270,58,149,21,578.86,REPEATEDHITSDESCENDINGFILL,False,False,False,2455,139815,465164950848.0,17,BID,LONG,0.5
AMAT,2026-06-23 13:46:52.874172+00:00,CALL,650.0,2026-08-21,187787,42,147,39,574.15,REPEATEDHITS,False,False,False,40605,147182,465164950848.0,59,BID,SHORT,0.5
AMAT,2026-06-22 19:56:12.417768+00:00,CALL,717.5,2026-07-02,127408,137,250,0,636.18,REPEATEDHITS,False,False,False,124618,2790,465164950848.0,10,ASK,LONG,1.0
AMAT,2026-06-22 19:56:12.417768+00:00,CALL,710.0,2026-07-02,83550,79,157,8,636.18,REPEATEDHITS,False,False,False,39405,44145,465164950848.0,10,BID,SHORT,0.5
AMAT,2026-06-22 19:55:16.144587+00:00,CALL,717.5,2026-07-02,70800,80,113,0,635.91,REPEATEDHITS,False,False,False,0,26550,465164950848.0,10,BID,SHORT,0.5
AMAT,2026-06-22 19:51:47.269926+00:00,CALL,700.0,2026-07-10,208421,108,113,38,634.975,REPEATEDHITSDESCENDINGFILL,False,False,False,208421,0,465164950848.0,18,ASK,LONG,1.0
AMAT,2026-06-22 19:51:47.269926+00:00,CALL,690.0,2026-07-10,142700,65,69,30,634.975,REPEATEDHITSDESCENDINGFILL,False,False,False,99000,43700,465164950848.0,18,ASK,LONG,1.0
AMAT,2026-06-22 19:35:51.678401+00:00,PUT,585.0,2026-07-24,55165,17,17,0,629.68,REPEATEDHITS,False,False,False,0,55165,465164950848.0,32,BID,LONG,0.5
AMAT,2026-06-22 19:32:02.897902+00:00,CALL,800.0,2026-12-18,166415,22,60,14,627.75,REPEATEDHITSDESCENDINGFILL,False,False,False,90865,75550,465164950848.0,179,ASK,LONG,1.0
AMAT,2026-06-22 19:22:11.190590+00:00,CALL,635.0,2026-07-17,96945,23,184,0,621.53,REPEATEDHITS,False,False,False,4215,0,465164950848.0,25,ASK,LONG,1.0
AMAT,2026-06-22 19:22:00.966429+00:00,CALL,635.0,2026-07-17,109980,26,154,0,621.675,REPEATEDHITS,False,False,False,109980,0,465164950848.0,25,ASK,LONG,1.0
AMAT,2026-06-22 19:21:57.157270+00:00,CALL,635.0,2026-07-17,110240,26,119,0,621.675,REPEATEDHITS,True,False,False,21200,38160,465164950848.0,25,BID,SHORT,0.5
AMAT,2026-06-22 19:21:57.157270+00:00,CALL,635.0,2026-07-17,110240,26,93,0,621.675,REPEATEDHITS,False,False,False,16960,21200,465164950848.0,25,BID,SHORT,0.5
AMAT,2026-06-22 19:07:52.567555+00:00,PUT,620.0,2026-07-24,464850,90,90,30,621.15,REPEATEDHITS,False,False,False,464850,0,465164950848.0,32,ASK,SHORT,1.0
AMAT,2026-06-22 17:00:30.814574+00:00,CALL,820.0,2026-10-16,69675,15,56,13,625.82,REPEATEDHITSDESCENDINGFILL,False,False,False,37195,32480,465164950848.0,116,ASK,LONG,1.0
AMAT,2026-06-22 16:05:03.607205+00:00,CALL,625.0,2026-07-17,259618,54,61,0,623.07,REPEATEDHITSASCENDINGFILL,True,False,False,91390,168228,465164950848.0,25,BID,SHORT,0.5
AMAT,2026-06-22 15:54:56.626348+00:00,PUT,560.0,2026-06-26,119378,254,439,210,623.535,REPEATEDHITS,True,False,False,117968,0,465164950848.0,4,ASK,SHORT,1.0
AMAT,2026-06-22 15:53:27.725167+00:00,CALL,800.0,2026-07-17,261145,337,4537,64,624.185,REPEATEDHITSDESCENDINGFILL,False,False,False,68170,192975,465164950848.0,25,BID,SHORT,0.5
AMAT,2026-06-22 15:10:07.350207+00:00,PUT,575.0,2026-07-17,72600,30,43,0,628.25,REPEATEDHITS,False,False,False,43560,0,465164950848.0,25,ASK,SHORT,1.0
AMAT,2026-06-22 15:06:04.630537+00:00,CALL,940.0,2026-11-20,123285,29,56,0,627.58,REPEATEDHITSASCENDINGFILL,False,False,False,123285,0,465164950848.0,151,ASK,LONG,1.0
AMAT,2026-06-22 14:58:26.561342+00:00,CALL,920.0,2027-01-15,68025,11,20,10,627.44,REPEATEDHITSASCENDINGFILL,False,False,False,43265,24760,465164950848.0,207,ASK,LONG,1.0
AMAT,2026-06-22 14:25:15.000448+00:00,CALL,635.0,2026-07-10,148050,35,36,9,634.48,REPEATEDHITS,False,False,False,59220,0,465164950848.0,18,ASK,LONG,1.0
AMAT,2026-06-22 14:18:35.152877+00:00,CALL,940.0,2027-01-15,79870,13,41,0,632.86,REPEATEDHITSDESCENDINGFILL,False,False,False,73745,6125,465164950848.0,207,ASK,LONG,1.0
AMAT,2026-06-22 14:14:03.050715+00:00,CALL,940.0,2027-01-15,62605,10,26,0,634.32,REPEATEDHITSDESCENDINGFILL,False,False,False,31365,31240,465164950848.0,207,ASK,LONG,1.0
AMAT,2026-06-22 13:46:22.633479+00:00,CALL,860.0,2026-10-16,300970,70,118,21,626.87,REPEATEDHITSDESCENDINGFILL,False,False,False,148545,152425,465164950848.0,116,BID,SHORT,0.5
AMAT,2026-06-22 13:46:17.627119+00:00,CALL,920.0,2026-10-16,173750,50,50,12,626.5,REPEATEDHITS,False,False,False,69500,0,465164950848.0,116,ASK,LONG,1.0
AMAT,2026-06-22 13:44:17.787247+00:00,PUT,595.0,2026-06-26,304435,254,266,94,628.65,REPEATEDHITSASCENDINGFILL,False,False,False,291600,12835,465164950848.0,4,ASK,SHORT,1.0
AMAT,2026-06-18 19:29:05.468723+00:00,PUT,570.0,2026-06-26,56100,60,175,55,615.225,REPEATEDHITS,False,False,False,0,18700,465164950848.0,8,BID,LONG,0.5
AMAT,2026-06-18 19:19:42.869659+00:00,PUT,370.0,2026-07-17,59985,387,404,324,616.14,REPEATEDHITS,False,False,False,25265,34720,465164950848.0,29,BID,LONG,0.5
AMAT,2026-06-18 19:10:41.345933+00:00,PUT,560.0,2026-06-26,81860,118,211,78,616.18,REPEATEDHITSDESCENDINGFILL,False,False,False,47260,6950,465164950848.0,8,ASK,SHORT,1.0
AMAT,2026-06-18 19:02:52.561599+00:00,CALL,700.0,2026-06-26,60952,140,242,56,615.7208,REPEATEDHITSASCENDINGFILL,False,False,False,910,60042,465164950848.0,8,BID,SHORT,0.5
AMAT,2026-06-18 18:34:41.641111+00:00,CALL,665.0,2026-07-10,204425,80,169,0,614.99,REPEATEDHITSASCENDINGFILL,False,False,False,145710,58715,465164950848.0,22,ASK,LONG,1.0
AMAT,2026-06-18 18:34:41.641111+00:00,CALL,665.0,2026-07-10,203600,80,87,0,615.181,REPEATEDHITSASCENDINGFILL,False,False,False,99480,104120,465164950848.0,22,BID,SHORT,0.5
AMAT,2026-06-18 17:06:49.341612+00:00,PUT,690.0,2026-07-31,328755,31,31,5,618.94,REPEATEDHITS,False,False,False,42420,286335,465164950848.0,43,BID,LONG,0.5
AMAT,2026-06-18 15:33:42.881935+00:00,CALL,635.0,2026-07-24,174000,30,30,0,631.52,REPEATEDHITS,False,False,False,0,174000,465164950848.0,36,BID,SHORT,0.5
AMAT,2026-06-18 15:11:15.162612+00:00,PUT,600.0,2026-11-20,468190,47,48,6,632.29,REPEATEDHITSASCENDINGFILL,False,False,False,229425,238765,465164950848.0,155,BID,LONG,0.5
AMAT,2026-06-18 14:24:41.479486+00:00,CALL,650.0,2026-06-26,485290,211,528,205,635.8,REPEATEDHITS,False,False,False,485290,0,465164950848.0,8,ASK,LONG,1.0
AMAT,2026-06-18 14:15:22.834274+00:00,PUT,580.0,2026-06-26,147104,145,188,138,631.01,REPEATEDHITSDESCENDINGFILL,False,False,False,146154,950,465164950848.0,8,ASK,SHORT,1.0
AMD,2026-06-24 16:22:02.959365+00:00,PUT,440.0,2026-07-02,204312,771,863,543,520.965,REPEATEDHITS,False,False,False,203520,0,847667742184.0,8,ASK,SHORT,1.0
AMD,2026-06-24 15:59:40.575009+00:00,PUT,442.5,2026-07-02,196694,700,772,60,520.2901,REPEATEDHITS,False,False,False,187708,7306,847667742184.0,8,ASK,SHORT,1.0
AMD,2026-06-23 19:53:18.100902+00:00,CALL,532.5,2026-07-17,312380,93,131,8,517.735,REPEATEDHITS,False,False,False,57095,255285,847667742184.0,24,BID,SHORT,0.5
AMD,2026-06-23 19:49:23.138145+00:00,PUT,432.5,2026-07-02,102630,348,506,1,517.0,REPEATEDHITS,True,False,False,93810,8820,847667742184.0,9,ASK,SHORT,1.0
AMD,2026-06-23 19:43:03.554410+00:00,PUT,497.5,2026-07-02,656036,405,661,110,518.04,REPEATEDHITSDESCENDINGFILL,False,False,False,654436,1600,847667742184.0,9,ASK,SHORT,1.0
AMD,2026-06-23 19:43:03.554410+00:00,PUT,472.5,2026-07-02,173111,199,248,17,518.04,REPEATEDHITSDESCENDINGFILL,False,False,False,114826,865,847667742184.0,9,ASK,SHORT,1.0
AMD,2026-06-23 17:05:01.256753+00:00,PUT,552.5,2026-06-26,481650,130,227,120,520.91,REPEATEDHITS,False,False,False,0,481650,847667742184.0,3,BID,LONG,0.5
AMD,2026-06-23 14:44:27.017537+00:00,PUT,527.5,2026-07-17,113680,27,79,21,521.96,REPEATEDHITSASCENDINGFILL,True,False,False,105255,8425,847667742184.0,24,ASK,SHORT,1.0
AMD,2026-06-23 14:44:25.410678+00:00,PUT,535.0,2026-07-17,225942,49,76,28,522.415,REPEATEDHITSASCENDINGFILL,True,False,False,133767,92175,847667742184.0,24,ASK,SHORT,1.0
AMD,2026-06-23 13:50:09.265393+00:00,PUT,505.0,2026-07-17,118820,37,41,27,519.3,REPEATEDHITS,True,False,False,54535,64285,847667742184.0,24,BID,LONG,0.5
AMD,2026-06-23 13:48:52.894166+00:00,CALL,522.5,2026-07-17,202352,52,62,3,518.5,REPEATEDHITSASCENDINGFILL,True,False,False,167357,34995,847667742184.0,24,ASK,LONG,1.0
AMD,2026-06-23 13:48:52.894166+00:00,CALL,517.5,2026-07-17,119390,29,53,1,518.0653,REPEATEDHITSDESCENDINGFILL,True,False,False,70035,49355,847667742184.0,24,ASK,LONG,1.0
AMD,2026-06-23 13:48:52.894166+00:00,CALL,512.5,2026-07-17,126409,29,111,5,518.5,REPEATEDHITSASCENDINGFILL,True,False,False,113344,13065,847667742184.0,24,ASK,LONG,1.0
AMD,2026-06-23 13:48:52.894166+00:00,CALL,512.5,2026-07-17,118050,27,82,5,518.0653,REPEATEDHITSDESCENDINGFILL,True,False,False,91875,26175,847667742184.0,24,ASK,LONG,1.0
AMD,2026-06-23 13:33:11.054697+00:00,CALL,535.0,2026-07-17,150195,49,49,29,512.78,REPEATEDHITSASCENDINGFILL,True,False,False,43095,107100,847667742184.0,24,BID,SHORT,0.5
AMD,2026-06-23 13:31:34.912396+00:00,PUT,497.5,2026-07-02,416765,201,202,110,508.4701,REPEATEDHITSDESCENDINGFILL,True,False,False,201710,215055,847667742184.0,9,BID,LONG,0.5
AMD,2026-06-22 19:56:48.264320+00:00,CALL,1100.0,2027-06-17,598894,100,170,11,549.54,REPEATEDHITSDESCENDINGFILL,False,False,False,131674,35940,847667742184.0,360,ASK,LONG,1.0
AMD,2026-06-22 19:51:55.077102+00:00,PUT,550.0,2026-06-26,828000,414,7441,269,549.44,REPEATEDHITS,True,False,False,0,828000,847667742184.0,4,BID,LONG,0.5
AMD,2026-06-22 17:50:13.676190+00:00,CALL,575.0,2026-07-17,285650,95,150,0,544.28,REPEATEDHITSDESCENDINGFILL,True,False,False,174470,111180,847667742184.0,25,ASK,LONG,1.0
AMD,2026-06-22 17:45:14.769527+00:00,PUT,522.5,2026-06-26,677825,592,990,300,543.2923,REPEATEDHITSDESCENDINGFILL,False,False,False,677825,0,847667742184.0,4,ASK,SHORT,1.0
AMD,2026-06-22 16:31:16.530315+00:00,PUT,490.0,2026-06-26,758007,1763,2485,1404,541.8201,REPEATEDHITS,False,False,False,758007,0,847667742184.0,4,ASK,SHORT,1.0
AMD,2026-06-22 16:14:44.678697+00:00,PUT,540.0,2026-06-26,3562480,1813,5876,587,541.66,REPEATEDHITS,False,False,False,3542830,0,847667742184.0,4,ASK,SHORT,1.0
AMD,2026-06-22 16:14:44.678697+00:00,PUT,595.0,2026-06-26,432740,75,93,5,541.66,REPEATEDHITS,True,False,False,432740,0,847667742184.0,4,ASK,SHORT,1.0
AMD,2026-06-22 16:04:56.801088+00:00,PUT,540.0,2026-06-26,3217779,1466,3960,587,537.1,REPEATEDHITSDESCENDINGFILL,False,False,False,3213459,4320,847667742184.0,4,ASK,SHORT,1.0
AMD,2026-06-22 15:56:07.340762+00:00,PUT,575.0,2026-06-26,102235,24,59,5,539.99,REPEATEDHITS,False,False,False,4260,97975,847667742184.0,4,BID,LONG,0.5
AMD,2026-06-22 15:55:21.861085+00:00,PUT,535.0,2026-07-02,911880,359,400,113,539.61,REPEATEDHITSDESCENDINGFILL,True,False,False,549375,362505,847667742184.0,10,ASK,SHORT,1.0
AMD,2026-06-22 15:55:21.861085+00:00,PUT,540.0,2026-06-26,2377984,1160,2369,587,539.61,REPEATEDHITSDESCENDINGFILL,True,False,False,2375939,2045,847667742184.0,4,ASK,SHORT,1.0
AMD,2026-06-22 15:01:27.030685+00:00,PUT,502.5,2026-06-26,166675,295,437,163,546.765,REPEATEDHITS,False,False,False,0,166675,847667742184.0,4,BID,LONG,0.5
AMD,2026-06-22 14:46:18.705061+00:00,CALL,660.0,2026-07-24,355680,234,240,92,544.06,REPEATEDHITS,False,False,False,355680,0,847667742184.0,32,ASK,LONG,1.0
AMD,2026-06-22 14:44:24.548579+00:00,CALL,525.0,2026-07-17,359430,71,94,0,540.84,REPEATEDHITSDESCENDINGFILL,True,False,False,182355,177075,847667742184.0,25,ASK,LONG,1.0
AMD,2026-06-22 14:41:43.062851+00:00,PUT,532.5,2026-06-26,1651350,1075,4230,220,542.55,REPEATEDHITSASCENDINGFILL,True,False,False,0,1651350,847667742184.0,4,BID,LONG,0.5
AMD,2026-06-22 14:38:20.938231+00:00,PUT,532.5,2026-06-26,2220000,1500,1642,220,544.0995,REPEATEDHITS,True,False,False,2220000,0,847667742184.0,4,ASK,SHORT,1.0
AMD,2026-06-22 14:36:32.791206+00:00,PUT,512.5,2026-07-10,191360,92,104,0,544.39,REPEATEDHITS,False,False,False,0,191360,847667742184.0,18,BID,LONG,0.5
AMD,2026-06-22 14:36:32.791206+00:00,PUT,515.0,2026-07-10,134880,62,108,52,544.75,REPEATEDHITSASCENDINGFILL,False,False,False,13080,121800,847667742184.0,18,BID,LONG,0.5
AMD,2026-06-22 14:36:32.791206+00:00,PUT,507.5,2026-07-10,1042271,550,554,0,544.39,REPEATEDHITSASCENDINGFILL,False,False,False,0,1040371,847667742184.0,18,BID,LONG,0.5
AMD,2026-06-22 14:34:32.806626+00:00,PUT,550.0,2026-06-26,736500,300,2938,269,542.79,REPEATEDHITS,False,False,False,463995,272505,847667742184.0,4,ASK,SHORT,1.0
AMD,2026-06-22 14:28:52.975785+00:00,PUT,512.5,2026-07-17,230520,89,89,0,545.72,REPEATEDHITS,True,False,False,0,230520,847667742184.0,25,BID,LONG,0.5
AMD,2026-06-22 14:28:52.975785+00:00,PUT,515.0,2026-07-17,182944,68,71,0,545.9099,REPEATEDHITSASCENDINGFILL,True,False,False,0,182944,847667742184.0,25,BID,LONG,0.5
AMD,2026-06-22 14:02:40.856159+00:00,PUT,555.0,2026-06-26,2684814,1235,1692,61,553.77,REPEATEDHITSASCENDINGFILL,False,False,False,2631739,53075,847667742184.0,4,ASK,SHORT,1.0
AMD,2026-06-22 14:00:43.159595+00:00,CALL,680.0,2026-07-24,119713,79,102,32,557.0701,REPEATEDHITSASCENDINGFILL,False,False,False,72953,46760,847667742184.0,32,ASK,LONG,1.0
AMD,2026-06-22 13:58:02.232411+00:00,CALL,632.5,2026-07-02,122509,145,148,0,562.37,REPEATEDHITSDESCENDINGFILL,False,False,False,122509,0,847667742184.0,10,ASK,LONG,1.0
AMD,2026-06-22 13:58:02.232411+00:00,CALL,630.0,2026-07-02,176995,200,238,175,562.37,REPEATEDHITS,True,False,False,176995,0,847667742184.0,10,ASK,LONG,1.0
AMD,2026-06-22 13:50:08.858088+00:00,PUT,550.0,2026-06-26,885090,467,1469,269,552.63,REPEATEDHITSASCENDINGFILL,True,False,False,623470,254020,847667742184.0,4,ASK,SHORT,1.0
AMD,2026-06-22 13:48:14.658123+00:00,PUT,572.5,2026-07-02,284605,69,69,0,550.025,REPEATEDHITSASCENDINGFILL,False,False,False,4145,280460,847667742184.0,10,BID,LONG,0.5
AMD,2026-06-22 13:35:08.701471+00:00,PUT,547.5,2026-06-26,222675,100,137,64,543.545,REPEATEDHITSASCENDINGFILL,True,False,False,78050,144625,847667742184.0,4,BID,LONG,0.5
AMD,2026-06-22 13:35:08.294167+00:00,PUT,532.5,2026-07-17,256585,74,74,0,543.5375,REPEATEDHITSDESCENDINGFILL,True,False,False,128005,128580,847667742184.0,25,BID,LONG,0.5
AMD,2026-06-22 13:32:01.345861+00:00,CALL,535.0,2026-07-17,112250,24,25,0,543.5551,REPEATEDHITSASCENDINGFILL,True,False,False,32810,79440,847667742184.0,25,BID,SHORT,0.5
AMD,2026-06-22 13:32:01.345861+00:00,CALL,527.5,2026-07-17,456290,90,90,0,543.5551,REPEATEDHITSASCENDINGFILL,True,False,False,223520,232770,847667742184.0,25,BID,SHORT,0.5
AMD,2026-06-18 15:58:40.788800+00:00,PUT,532.5,2026-06-18,324873,890,4520,342,533.36,REPEATEDHITSASCENDINGFILL,False,False,False,0,324873,847667742184.0,0,BID,LONG,0.5
AMD,2026-06-18 15:45:29.294614+00:00,PUT,530.0,2026-06-26,827700,356,2661,277,527.79,REPEATEDHITS,True,False,False,827700,0,847667742184.0,8,ASK,SHORT,1.0
ANET,2026-06-24 18:49:16.954092+00:00,PUT,175.0,2026-07-24,73200,40,40,1,162.4,REPEATEDHITS,True,False,False,73200,0,204242660585.0,30,ASK,SHORT,1.0
ANET,2026-06-23 19:07:13.081322+00:00,CALL,170.0,2026-07-10,91650,195,271,151,162.18,REPEATEDHITS,False,False,False,0,91650,204242660585.0,17,BID,SHORT,0.5
ANET,2026-06-23 18:41:09.095648+00:00,PUT,135.0,2026-07-24,84584,436,451,141,162.37,REPEATEDHITS,False,False,False,84584,0,204242660585.0,31,ASK,SHORT,1.0
ANET,2026-06-18 19:40:18.091112+00:00,CALL,167.5,2026-07-02,114400,143,260,53,169.235,REPEATEDHITS,True,False,False,114400,0,204242660585.0,14,ASK,LONG,1.0
ANET,2026-06-18 14:01:08.093026+00:00,CALL,210.0,2026-08-21,497305,965,965,437,168.63,REPEATEDHITS,True,False,False,84375,276455,204242660585.0,64,BID,SHORT,0.5
ANET,2026-06-17 15:14:20.557928+00:00,CALL,190.0,2026-08-21,481150,526,1432,363,167.74,REPEATEDHITSASCENDINGFILL,True,False,False,945,480205,204242660585.0,65,BID,SHORT,0.5
ANET,2026-06-17 14:06:15.633270+00:00,PUT,162.5,2026-07-02,257597,433,434,44,164.825,REPEATEDHITSDESCENDINGFILL,True,False,False,253467,3540,204242660585.0,15,ASK,SHORT,1.0
ANET,2026-06-16 14:58:44.930535+00:00,PUT,162.5,2026-07-10,183600,272,272,230,167.395,REPEATEDHITS,False,False,False,183600,0,204242660585.0,24,ASK,SHORT,1.0
ANET,2026-06-16 14:38:33.831573+00:00,CALL,160.0,2026-07-31,78136,40,40,20,169.19,REPEATEDHITSDESCENDINGFILL,False,False,False,66736,11400,204242660585.0,45,ASK,LONG,1.0
ANET,2026-06-15 19:32:47.101342+00:00,PUT,185.0,2026-09-18,62475,21,124,11,167.71,REPEATEDHITS,True,False,False,0,59500,204242660585.0,95,BID,LONG,0.5
ANET,2026-06-15 17:39:10.429577+00:00,PUT,185.0,2026-09-18,77870,26,100,11,167.405,REPEATEDHITS,False,False,False,5990,71880,204242660585.0,95,BID,LONG,0.5
ANET,2026-06-12 19:43:03.350216+00:00,CALL,165.0,2026-07-02,507130,611,637,112,163.9,REPEATEDHITS,False,False,False,507130,0,204242660585.0,20,ASK,LONG,1.0
ANET,2026-06-12 18:22:32.018154+00:00,PUT,147.0,2026-06-26,116502,662,696,78,164.155,REPEATEDHITS,True,False,False,116336,166,204242660585.0,14,ASK,SHORT,1.0
ANET,2026-06-11 17:57:03.955267+00:00,CALL,150.0,2026-07-02,52772,46,73,16,155.35,REPEATEDHITSASCENDINGFILL,True,False,False,18395,34377,204242660585.0,21,BID,SHORT,0.5
ANET,2026-06-11 17:46:55.877054+00:00,PUT,152.5,2026-06-26,112461,199,237,92,155.66,REPEATEDHITSDESCENDINGFILL,True,False,False,81510,30951,204242660585.0,15,ASK,SHORT,1.0
ANET,2026-06-11 17:46:55.877054+00:00,PUT,149.0,2026-06-18,58567,247,295,142,155.66,REPEATEDHITSDESCENDINGFILL,True,False,False,58567,0,204242660585.0,7,ASK,SHORT,1.0
ANET,2026-06-11 14:16:47.935326+00:00,CALL,147.0,2026-07-02,71675,63,63,39,152.05,REPEATEDHITSASCENDINGFILL,True,False,False,4590,67085,204242660585.0,21,BID,SHORT,0.5
ANET,2026-06-10 14:49:14.461556+00:00,CALL,150.0,2026-06-26,91607,99,100,81,152.93,REPEATEDHITSASCENDINGFILL,True,False,False,945,90662,204242660585.0,16,BID,SHORT,0.5
ANET,2026-06-09 19:17:26.698488+00:00,CALL,139.0,2026-06-26,50830,34,34,13,150.61,REPEATEDHITS,True,False,False,0,50830,204242660585.0,17,BID,SHORT,0.5
ANET,2026-06-08 16:34:28.468708+00:00,PUT,131.0,2026-06-26,70581,759,834,199,157.3681,REPEATEDHITS,False,False,False,70029,0,204242660585.0,18,ASK,SHORT,1.0
ANET,2026-06-04 14:25:55.805045+00:00,PUT,157.5,2026-07-02,67442,87,87,7,160.895,REPEATEDHITSASCENDINGFILL,True,False,False,775,66667,204242660585.0,28,BID,LONG,0.5
ANET,2026-06-04 14:24:07.763398+00:00,PUT,160.0,2026-07-10,94876,93,93,11,161.01,REPEATEDHITSASCENDINGFILL,True,False,False,0,94876,204242660585.0,36,BID,LONG,0.5
ANET,2026-06-03 18:43:21.695286+00:00,PUT,160.0,2026-06-26,214693,565,882,185,176.43,REPEATEDHITS,False,False,False,214693,0,204242660585.0,23,ASK,SHORT,1.0
ANET,2026-06-03 15:39:19.096628+00:00,PUT,160.0,2026-06-26,120099,312,313,185,175.6309,REPEATEDHITS,False,False,False,120099,0,204242660585.0,23,ASK,SHORT,1.0
ANET,2026-06-02 19:09:08.514106+00:00,CALL,260.0,2026-08-21,320000,1000,1003,90,174.67,REPEATEDHITS,False,False,False,0,320000,204242660585.0,80,BID,SHORT,0.5
ANET,2026-06-02 16:48:12.918583+00:00,CALL,172.5,2026-06-26,57690,47,52,8,174.46,REPEATEDHITSDESCENDINGFILL,True,False,False,46560,8530,204242660585.0,24,ASK,LONG,1.0
ANET,2026-06-02 16:37:57.403195+00:00,PUT,172.5,2026-06-26,52525,55,55,0,174.31,REPEATEDHITS,True,False,False,0,52525,204242660585.0,24,BID,LONG,0.5
ANET,2026-06-01 18:07:01.757888+00:00,CALL,230.0,2027-03-19,80000,40,312,27,171.38,REPEATEDHITS,False,False,False,0,20000,204242660585.0,291,BID,SHORT,0.5
ANET,2026-06-01 17:42:19.606030+00:00,PUT,177.5,2026-06-26,517275,363,364,0,170.555,REPEATEDHITS,True,False,False,0,517275,204242660585.0,25,BID,LONG,0.5
ANET,2026-06-01 13:40:05.289002+00:00,CALL,230.0,2027-03-19,133000,70,120,27,169.48,REPEATEDHITS,False,False,False,0,76000,204242660585.0,291,BID,SHORT,0.5
ANET,2026-05-29 19:10:23.747546+00:00,CALL,149.0,2026-07-02,88510,53,53,7,159.9,REPEATEDHITS,True,False,False,88510,0,204242660585.0,34,ASK,LONG,1.0
ANET,2026-05-29 18:40:40.043173+00:00,PUT,180.0,2027-01-15,234000,60,60,44,159.33,REPEATEDHITS,False,False,False,0,234000,204242660585.0,231,BID,LONG,0.5
ANET,2026-05-27 18:04:57.152172+00:00,CALL,148.0,2026-06-12,59585,53,61,32,154.91,REPEATEDHITS,False,False,False,59585,0,204242660585.0,16,ASK,LONG,1.0
ANET,2026-05-27 16:36:03.931785+00:00,PUT,157.5,2026-05-29,80640,192,252,74,155.285,REPEATEDHITS,False,False,False,0,79800,204242660585.0,2,BID,LONG,0.5
ANET,2026-05-27 14:08:23.946861+00:00,PUT,139.0,2026-07-02,202950,615,616,0,156.905,REPEATEDHITS,False,False,False,0,202950,204242660585.0,36,BID,LONG,0.5
ANET,2026-05-22 15:01:53.181293+00:00,PUT,125.0,2026-08-21,606870,1226,1534,319,153.055,REPEATEDHITS,False,False,False,0,0,204242660585.0,91,MIXED,,0.0
ANET,2026-05-21 19:59:08.733469+00:00,CALL,152.5,2026-06-05,56871,125,138,64,148.9,REPEATEDHITSDESCENDINGFILL,False,False,False,56871,0,204242660585.0,15,ASK,LONG,1.0
ANET,2026-05-21 19:19:02.840821+00:00,CALL,147.0,2026-05-29,68000,160,506,119,147.05,REPEATEDHITS,False,False,False,68000,0,204242660585.0,8,ASK,LONG,1.0
ANET,2026-05-21 19:00:50.894223+00:00,CALL,150.0,2026-06-05,119036,294,374,190,146.1,REPEATEDHITSDESCENDINGFILL,True,False,False,117436,1600,204242660585.0,15,ASK,LONG,1.0
ANET,2026-05-21 16:43:23.142894+00:00,CALL,167.5,2026-06-12,52427,509,509,7,144.435,REPEATEDHITS,False,False,False,0,52427,204242660585.0,22,BID,SHORT,0.5
ANET,2026-05-21 16:16:23.802331+00:00,PUT,130.0,2027-06-17,183520,87,89,34,146.02,REPEATEDHITSASCENDINGFILL,False,False,False,34095,149425,204242660585.0,392,BID,LONG,0.5
ANET,2026-05-21 15:17:38.371772+00:00,PUT,136.0,2026-06-18,196694,546,547,7,146.36,REPEATEDHITSASCENDINGFILL,False,False,False,370,196324,204242660585.0,28,BID,LONG,0.5
ANET,2026-05-21 15:15:51.229454+00:00,PUT,120.0,2026-06-26,91504,817,820,110,146.22,REPEATEDHITS,False,False,False,0,91504,204242660585.0,36,BID,LONG,0.5
ANET,2026-05-21 13:57:18.341376+00:00,CALL,155.0,2026-07-17,556780,679,697,544,145.7,REPEATEDHITS,True,False,False,145960,410820,204242660585.0,57,BID,SHORT,0.5
ANET,2026-05-21 13:34:31.828279+00:00,CALL,134.0,2026-06-18,66625,41,41,7,145.3001,REPEATEDHITS,False,False,False,66625,0,204242660585.0,28,ASK,LONG,1.0
ANET,2026-05-19 18:00:37.086539+00:00,CALL,141.0,2026-06-18,134104,160,160,0,140.55,REPEATEDHITSDESCENDINGFILL,False,False,False,0,134104,204242660585.0,30,BID,SHORT,0.5
ANET,2026-05-19 16:42:09.953127+00:00,CALL,120.0,2026-06-26,65105,29,29,20,139.77,REPEATEDHITS,False,False,False,65105,0,204242660585.0,38,ASK,LONG,1.0
ANET,2026-05-19 16:42:09.953127+00:00,CALL,128.0,2026-06-26,57050,35,35,3,139.77,REPEATEDHITS,True,False,False,57050,0,204242660585.0,38,ASK,LONG,1.0
ANET,2026-05-18 14:33:07.056048+00:00,PUT,129.0,2026-06-12,201600,630,631,60,139.51,REPEATEDHITS,False,False,False,185280,0,204242660585.0,25,ASK,SHORT,1.0
ANET,2026-05-18 13:54:26.864505+00:00,PUT,132.0,2026-06-18,69235,156,161,0,140.2501,REPEATEDHITSASCENDINGFILL,True,False,False,53395,15840,204242660585.0,31,ASK,SHORT,1.0
APLD,2026-06-24 18:22:02.017879+00:00,PUT,37.5,2026-07-02,27360,285,308,26,41.42,REPEATEDHITS,False,False,False,0,27360,12936787031.0,8,BID,LONG,0.5
APLD,2026-06-24 18:21:58.614276+00:00,PUT,38.0,2026-07-10,109319,596,611,253,41.42,REPEATEDHITS,False,False,False,88504,20815,12936787031.0,16,ASK,SHORT,1.0
APLD,2026-06-24 13:54:28.498100+00:00,CALL,42.5,2026-06-26,57446,254,572,99,43.62,REPEATEDHITSASCENDINGFILL,True,False,False,6077,51369,12936787031.0,2,BID,SHORT,0.5
APLD,2026-06-24 13:46:12.307211+00:00,PUT,39.5,2026-07-02,133507,1018,1019,58,42.55,REPEATEDHITSASCENDINGFILL,True,False,False,51867,81640,12936787031.0,8,BID,LONG,0.5
APLD,2026-06-24 13:45:20.356775+00:00,CALL,42.5,2026-06-26,21896,129,258,99,42.49,REPEATEDHITSDESCENDINGFILL,False,False,False,21896,0,12936787031.0,2,ASK,LONG,1.0
APLD,2026-06-23 17:57:12.900987+00:00,CALL,51.0,2026-07-02,12947,121,157,95,45.4734,REPEATEDHITS,False,False,False,0,12947,12936787031.0,9,BID,SHORT,0.5
APLD,2026-06-23 17:57:12.900987+00:00,CALL,49.5,2026-07-02,13536,96,105,27,45.4734,REPEATEDHITS,False,False,False,0,13536,12936787031.0,9,BID,SHORT,0.5
APLD,2026-06-23 17:43:01.587852+00:00,PUT,45.0,2026-07-02,125446,519,579,277,45.965,REPEATEDHITS,False,False,False,107206,18240,12936787031.0,9,ASK,SHORT,1.0
APLD,2026-06-23 13:43:41.300378+00:00,PUT,40.5,2026-06-26,16082,268,312,237,43.98,REPEATEDHITS,False,False,False,60,15900,12936787031.0,3,BID,LONG,0.5
APLD,2026-06-22 19:50:19.341007+00:00,CALL,58.0,2026-06-26,12464,959,1827,164,45.42,REPEATEDHITSDESCENDINGFILL,True,False,False,11906,558,12936787031.0,4,ASK,LONG,1.0
APLD,2026-06-22 19:10:33.542201+00:00,CALL,56.0,2026-06-26,12495,833,968,241,45.58,REPEATEDHITS,False,False,False,0,12495,12936787031.0,4,BID,SHORT,0.5
APLD,2026-06-22 19:09:10.265928+00:00,CALL,60.0,2026-06-26,15612,1201,6478,750,45.58,REPEATEDHITS,True,False,False,15600,12,12936787031.0,4,ASK,LONG,1.0
APLD,2026-06-22 18:49:23.902972+00:00,PUT,41.5,2026-06-26,10250,250,558,197,46.18,REPEATEDHITS,False,False,False,0,10250,12936787031.0,4,BID,LONG,0.5
APLD,2026-06-22 18:44:06.786253+00:00,CALL,60.0,2026-06-26,11661,897,3498,750,46.35,REPEATEDHITS,False,False,False,11505,156,12936787031.0,4,ASK,LONG,1.0
APLD,2026-06-22 17:54:11.379920+00:00,PUT,36.0,2026-07-10,32500,500,514,30,45.12,REPEATEDHITS,False,False,False,6955,19370,12936787031.0,18,BID,LONG,0.5
APLD,2026-06-22 14:41:54.284625+00:00,CALL,44.0,2026-08-21,13760,16,20,0,45.99,REPEATEDHITS,True,False,False,13760,0,12936787031.0,60,ASK,LONG,1.0
APLD,2026-06-22 14:00:43.159595+00:00,CALL,45.0,2026-08-21,58500,60,62,7,47.8206,REPEATEDHITS,False,False,False,58500,0,12936787031.0,60,ASK,LONG,1.0
APLD,2026-06-22 13:48:25.878440+00:00,PUT,44.0,2026-07-02,29451,155,157,57,46.54,REPEATEDHITS,False,False,False,0,29260,12936787031.0,10,BID,LONG,0.5
APLD,2026-06-22 13:48:25.878440+00:00,PUT,43.0,2026-07-02,36109,236,237,73,46.54,REPEATEDHITS,False,False,False,153,35802,12936787031.0,10,BID,LONG,0.5
APLD,2026-06-22 13:32:02.753284+00:00,CALL,41.0,2026-08-21,12240,12,12,0,46.08,REPEATEDHITS,True,False,False,0,12240,12936787031.0,60,BID,SHORT,0.5
APLD,2026-06-18 14:33:14.764016+00:00,CALL,65.0,2026-06-26,10998,1100,6854,571,45.965,REPEATEDHITSASCENDINGFILL,False,False,False,10980,0,12936787031.0,8,ASK,LONG,1.0
APLD,2026-06-17 19:53:31.237527+00:00,CALL,46.0,2026-06-26,385044,1453,2082,763,45.85,REPEATEDHITS,False,False,False,32065,352979,12936787031.0,9,BID,SHORT,0.5
APLD,2026-06-17 19:10:52.942370+00:00,CALL,51.0,2026-06-26,48954,398,805,200,46.74,REPEATEDHITS,False,False,False,9348,39606,12936787031.0,9,BID,SHORT,0.5
APLD,2026-06-17 18:44:10.555037+00:00,CALL,47.5,2026-06-26,175674,647,2234,257,47.46,REPEATEDHITSASCENDINGFILL,False,False,False,42672,133002,12936787031.0,9,BID,SHORT,0.5
APLD,2026-06-17 18:43:57.930055+00:00,CALL,47.5,2026-06-26,90720,336,1492,257,47.45,REPEATEDHITS,True,False,False,90720,0,12936787031.0,9,ASK,LONG,1.0
APLD,2026-06-17 18:43:01.842818+00:00,CALL,47.5,2026-06-26,83160,308,902,257,47.33,REPEATEDHITS,True,False,False,83160,0,12936787031.0,9,ASK,LONG,1.0
APLD,2026-06-17 18:10:49.110597+00:00,CALL,46.5,2026-06-26,421870,1398,2153,186,46.93,REPEATEDHITSDESCENDINGFILL,False,False,False,0,421870,12936787031.0,9,BID,SHORT,0.5
APLD,2026-06-17 17:14:04.925726+00:00,CALL,46.5,2026-06-26,84665,287,561,186,46.81,REPEATEDHITS,True,False,False,71095,0,12936787031.0,9,ASK,LONG,1.0
APLD,2026-06-17 15:54:59.592952+00:00,CALL,49.5,2026-06-26,46545,321,359,58,45.98,REPEATEDHITS,False,False,False,46545,0,12936787031.0,9,ASK,LONG,1.0
APLD,2026-06-17 15:53:38.704424+00:00,CALL,47.0,2026-06-18,193650,2582,11222,1913,45.92,REPEATEDHITS,False,False,False,170100,23550,12936787031.0,1,ASK,LONG,1.0
APLD,2026-06-17 13:55:11.028934+00:00,PUT,46.0,2026-06-26,32430,141,150,130,46.9929,REPEATEDHITS,False,False,False,32430,0,12936787031.0,9,ASK,SHORT,1.0
APLD,2026-06-16 14:14:50.193748+00:00,CALL,65.0,2026-10-16,375200,536,537,517,48.93,REPEATEDHITS,False,False,False,184100,111300,12936787031.0,122,ASK,LONG,1.0
APLD,2026-06-15 19:36:32.748987+00:00,PUT,48.0,2027-01-15,121179,83,85,74,46.59,REPEATEDHITS,False,False,False,121179,0,12936787031.0,214,ASK,SHORT,1.0
APLD,2026-06-15 18:48:46.600465+00:00,PUT,38.0,2026-07-31,10249,37,739,6,46.59,REPEATEDHITS,True,False,False,10249,0,12936787031.0,46,ASK,SHORT,1.0
APLD,2026-06-15 17:38:37.206753+00:00,CALL,46.5,2026-06-18,401000,2005,5593,382,46.67,REPEATEDHITS,False,False,False,401000,0,12936787031.0,3,ASK,LONG,1.0
APLD,2026-06-15 14:27:55.473228+00:00,CALL,53.0,2026-06-26,94333,1072,1080,70,45.8,REPEATEDHITS,False,False,False,94072,0,12936787031.0,11,ASK,LONG,1.0
APLD,2026-06-15 14:08:33.221908+00:00,CALL,45.5,2026-06-26,74705,223,531,39,45.98,REPEATEDHITS,False,False,False,0,74705,12936787031.0,11,BID,SHORT,0.5
APLD,2026-06-15 13:59:26.735745+00:00,CALL,43.0,2026-10-16,230640,186,695,167,45.81,REPEATEDHITS,False,False,False,0,230640,12936787031.0,123,BID,SHORT,0.5
APLD,2026-06-15 13:45:11.865259+00:00,CALL,46.5,2026-06-18,94091,482,1735,382,46.62,REPEATEDHITSASCENDINGFILL,True,False,False,31635,62456,12936787031.0,3,BID,SHORT,0.5
APLD,2026-06-15 13:32:10.932375+00:00,CALL,45.5,2026-07-02,100000,250,250,17,45.48,REPEATEDHITS,False,False,False,100000,0,12936787031.0,17,ASK,LONG,1.0
APLD,2026-06-12 14:05:17.092286+00:00,PUT,35.0,2026-07-24,156864,817,2462,126,44.265,REPEATEDHITS,False,False,False,7680,149184,12936787031.0,42,BID,LONG,0.5
APLD,2026-06-11 19:32:28.015229+00:00,PUT,36.5,2026-06-18,27950,475,481,64,41.82,REPEATEDHITS,False,False,False,23600,3480,12936787031.0,7,ASK,SHORT,1.0
APLD,2026-06-11 16:16:27.009954+00:00,PUT,39.0,2026-06-18,148716,729,806,343,39.57,REPEATEDHITS,True,False,False,612,148104,12936787031.0,7,BID,LONG,0.5
APLD,2026-06-11 16:16:27.009954+00:00,PUT,39.5,2026-06-18,46274,203,231,201,39.57,REPEATEDHITS,True,False,False,1586,44688,12936787031.0,7,BID,LONG,0.5
APLD,2026-06-11 14:18:13.766101+00:00,CALL,39.5,2026-07-31,14803,24,30,0,39.015,REPEATEDHITSASCENDINGFILL,False,False,False,6211,6732,12936787031.0,50,BID,SHORT,0.5
APLD,2026-06-10 19:33:04.832818+00:00,PUT,34.5,2026-06-18,81277,1019,1031,5,39.11,REPEATEDHITSDESCENDINGFILL,False,False,False,75040,6237,12936787031.0,8,ASK,SHORT,1.0
APLD,2026-06-10 14:15:59.244295+00:00,CALL,41.5,2026-07-24,47321,86,116,24,40.765,REPEATEDHITSDESCENDINGFILL,False,False,False,24221,23100,12936787031.0,44,ASK,LONG,1.0
APLD,2026-06-09 15:13:17.564686+00:00,PUT,36.0,2026-07-17,125000,500,1029,319,42.1706,REPEATEDHITS,True,False,False,85250,5000,12936787031.0,38,ASK,SHORT,1.0
APLD,2026-06-09 14:24:42.220248+00:00,PUT,34.0,2026-09-18,105915,238,518,170,42.85,REPEATEDHITS,True,False,False,13800,76095,12936787031.0,101,BID,LONG,0.5
APLD,2026-06-09 14:24:42.220248+00:00,PUT,34.0,2026-09-18,119665,263,280,170,42.87,REPEATEDHITS,False,False,False,84630,0,12936787031.0,101,ASK,SHORT,1.0
APP,2026-06-24 18:05:12.806544+00:00,PUT,472.5,2026-07-17,131040,39,40,4,466.79,REPEATEDHITS,True,False,False,0,131040,142782958640.0,23,BID,LONG,0.5
APP,2026-06-24 16:50:04.550766+00:00,PUT,495.0,2026-07-17,102270,21,24,4,464.4,REPEATEDHITS,True,False,False,102270,0,142782958640.0,23,ASK,SHORT,1.0
APP,2026-06-24 15:47:56.891383+00:00,CALL,510.0,2026-12-18,381360,48,48,34,462.47,REPEATEDHITS,False,False,False,223160,158200,142782958640.0,177,ASK,LONG,1.0
APP,2026-06-23 14:12:16.785169+00:00,CALL,465.0,2026-07-31,1091400,255,501,4,465.14,REPEATEDHITS,False,False,False,0,1091400,142782958640.0,38,BID,SHORT,0.5
APP,2026-06-23 14:11:49.355429+00:00,CALL,465.0,2026-07-31,799500,195,196,4,462.375,REPEATEDHITS,True,False,False,0,799500,142782958640.0,38,BID,SHORT,0.5
APP,2026-06-22 13:45:11.486574+00:00,PUT,437.5,2026-06-26,57628,86,110,4,462.735,REPEATEDHITS,True,False,False,0,57628,142782958640.0,4,BID,LONG,0.5
APP,2026-06-18 16:01:02.951226+00:00,PUT,370.0,2027-02-19,529500,100,102,0,471.725,REPEATEDHITS,False,False,False,211800,317700,142782958640.0,246,BID,LONG,0.5
APP,2026-06-18 15:41:21.789841+00:00,CALL,470.0,2026-06-26,219480,139,645,42,464.7,REPEATEDHITSDESCENDINGFILL,False,False,False,219480,0,142782958640.0,8,ASK,LONG,1.0
APP,2026-06-18 15:41:18.984141+00:00,CALL,470.0,2026-06-26,90720,56,301,42,465.285,REPEATEDHITS,False,False,False,90720,0,142782958640.0,8,ASK,LONG,1.0
APP,2026-06-18 15:41:18.984141+00:00,CALL,440.0,2026-07-10,66600,15,15,0,464.81,REPEATEDHITSASCENDINGFILL,True,False,False,4450,62150,142782958640.0,22,BID,SHORT,0.5
APP,2026-06-18 15:41:18.984141+00:00,CALL,470.0,2026-06-26,76320,48,506,42,465.09,REPEATEDHITS,True,False,False,0,76320,142782958640.0,8,BID,SHORT,0.5
APP,2026-06-18 14:56:29.769429+00:00,CALL,525.0,2026-07-24,103280,52,53,17,471.63,REPEATEDHITSDESCENDINGFILL,False,False,False,61910,41370,142782958640.0,36,ASK,LONG,1.0
APP,2026-06-18 14:52:37.040303+00:00,PUT,395.0,2026-06-26,91683,797,886,44,470.8101,REPEATEDHITSDESCENDINGFILL,False,False,False,0,91683,142782958640.0,8,BID,LONG,0.5
APP,2026-06-18 14:37:31.810196+00:00,CALL,565.0,2026-07-31,113620,83,83,0,468.43,REPEATEDHITSDESCENDINGFILL,False,False,False,62060,51560,142782958640.0,43,ASK,LONG,1.0
APP,2026-06-18 13:31:34.580895+00:00,CALL,490.0,2026-06-26,56980,37,139,31,479.39,REPEATEDHITS,False,False,False,0,56980,142782958640.0,8,BID,SHORT,0.5
APP,2026-06-17 18:04:00.787129+00:00,PUT,405.0,2026-07-31,121432,94,94,2,493.29,REPEATEDHITSDESCENDINGFILL,False,False,False,73852,47580,142782958640.0,44,ASK,SHORT,1.0
APP,2026-06-17 14:48:41.763202+00:00,PUT,475.0,2026-06-18,95505,462,512,249,502.19,REPEATEDHITSDESCENDINGFILL,False,False,False,10120,85385,142782958640.0,1,BID,LONG,0.5
APP,2026-06-17 14:47:35.656588+00:00,PUT,485.0,2026-06-18,101360,299,348,116,503.535,REPEATEDHITSASCENDINGFILL,True,False,False,41990,59370,142782958640.0,1,BID,LONG,0.5
APP,2026-06-17 14:01:53.264270+00:00,PUT,485.0,2026-06-26,86820,70,107,36,506.26,REPEATEDHITSASCENDINGFILL,True,False,False,62420,24400,142782958640.0,9,ASK,SHORT,1.0
APP,2026-06-17 13:45:53.065186+00:00,PUT,495.0,2026-06-18,154084,428,493,76,513.68,REPEATEDHITS,False,False,False,0,154084,142782958640.0,1,BID,LONG,0.5
APP,2026-06-16 13:47:42.521376+00:00,CALL,505.0,2026-07-10,75960,21,27,10,503.995,REPEATEDHITSASCENDINGFILL,True,False,False,39820,36140,142782958640.0,24,ASK,LONG,1.0
APP,2026-06-16 13:33:00.193094+00:00,CALL,535.0,2026-06-26,68400,47,51,46,509.13,REPEATEDHITSASCENDINGFILL,True,False,False,58200,10200,142782958640.0,10,ASK,LONG,1.0
APP,2026-06-12 19:02:42.039691+00:00,PUT,525.0,2026-07-10,754280,141,147,9,496.48,REPEATEDHITSDESCENDINGFILL,False,False,False,743590,10690,142782958640.0,28,ASK,SHORT,1.0
APP,2026-06-10 18:07:31.029088+00:00,CALL,507.5,2026-06-12,188110,171,195,4,503.42,REPEATEDHITS,False,False,False,0,188110,142782958640.0,2,BID,SHORT,0.5
APP,2026-06-10 15:59:27.264003+00:00,PUT,497.5,2026-06-18,85330,50,74,46,510.88,REPEATEDHITSASCENDINGFILL,True,False,False,17030,68300,142782958640.0,8,BID,LONG,0.5
APP,2026-06-10 14:05:33.312119+00:00,CALL,465.0,2026-06-26,173610,28,36,5,513.7275,REPEATEDHITS,True,False,False,0,173610,142782958640.0,16,BID,SHORT,0.5
APP,2026-06-09 16:44:41.007045+00:00,PUT,450.0,2026-06-12,75717,459,781,221,511.5,REPEATEDHITS,False,False,False,75717,0,142782958640.0,3,ASK,SHORT,1.0
APP,2026-06-09 15:56:58.578509+00:00,CALL,560.0,2026-06-12,139630,358,488,149,515.18,REPEATEDHITS,False,False,False,0,139630,142782958640.0,3,BID,SHORT,0.5
APP,2026-06-09 15:27:27.454163+00:00,CALL,575.0,2026-06-12,64200,214,242,172,524.01,REPEATEDHITS,False,False,False,0,64200,142782958640.0,3,BID,SHORT,0.5
APP,2026-06-09 14:35:21.062583+00:00,CALL,535.0,2026-06-18,96690,35,38,20,540.04,REPEATEDHITS,False,False,False,88410,8280,142782958640.0,9,ASK,LONG,1.0
APP,2026-06-08 18:24:14.481494+00:00,PUT,585.0,2026-07-02,152320,32,32,3,571.34,REPEATEDHITS,True,False,False,0,152320,142782958640.0,24,BID,LONG,0.5
APP,2026-06-05 17:20:21.548604+00:00,CALL,612.5,2026-06-12,256653,475,482,37,555.045,REPEATEDHITSASCENDINGFILL,False,False,False,3390,253263,142782958640.0,7,BID,SHORT,0.5
APP,2026-06-04 18:56:07.476905+00:00,PUT,545.0,2026-06-12,64620,38,228,14,560.62,REPEATEDHITS,True,False,False,0,64620,142782958640.0,8,BID,LONG,0.5
APP,2026-06-03 19:17:20.389559+00:00,PUT,590.0,2026-07-10,70570,12,12,0,569.645,REPEATEDHITS,True,False,False,5890,64680,142782958640.0,37,BID,LONG,0.5
APP,2026-06-03 14:12:35.886170+00:00,CALL,570.0,2026-07-02,99880,22,29,11,570.4451,REPEATEDHITS,False,False,False,99880,0,142782958640.0,29,ASK,LONG,1.0
APP,2026-06-03 14:08:43.284218+00:00,CALL,572.5,2026-06-12,53000,20,59,4,570.28,REPEATEDHITS,False,False,False,0,42400,142782958640.0,9,BID,SHORT,0.5
APP,2026-05-29 19:45:50.982639+00:00,CALL,730.0,2026-07-17,89910,37,41,24,610.91,REPEATEDHITS,False,False,False,0,89910,142782958640.0,49,BID,SHORT,0.5
APP,2026-05-29 18:39:42.371998+00:00,PUT,600.0,2026-08-21,3247902,424,426,72,611.72,REPEATEDHITSASCENDINGFILL,False,False,False,0,3247902,142782958640.0,84,BID,LONG,0.5
APP,2026-05-29 17:37:43.534153+00:00,CALL,700.0,2026-06-12,382290,490,523,83,603.465,REPEATEDHITSASCENDINGFILL,True,False,False,13320,368970,142782958640.0,14,BID,SHORT,0.5
APP,2026-05-29 15:30:35.320607+00:00,CALL,630.0,2026-06-12,127890,49,227,15,608.5,REPEATEDHITS,False,False,False,0,127890,142782958640.0,14,BID,SHORT,0.5
APP,2026-05-29 14:55:22.927251+00:00,PUT,550.0,2026-06-12,445530,275,284,51,591.765,REPEATEDHITS,False,False,False,14610,430920,142782958640.0,14,BID,LONG,0.5
APP,2026-05-29 13:55:29.659754+00:00,PUT,557.5,2026-06-05,100965,72,97,3,581.55,REPEATEDHITSASCENDINGFILL,True,False,False,82525,18440,142782958640.0,7,ASK,SHORT,1.0
APP,2026-05-29 13:41:31.286727+00:00,PUT,450.0,2026-06-26,111650,203,204,110,593.36,REPEATEDHITS,False,False,False,111650,0,142782958640.0,28,ASK,SHORT,1.0
APP,2026-05-28 19:05:40.886700+00:00,PUT,635.0,2026-07-10,905240,122,122,0,602.06,REPEATEDHITS,False,False,False,0,905240,142782958640.0,43,BID,LONG,0.5
APP,2026-05-28 17:49:14.878792+00:00,CALL,720.0,2026-06-12,194320,335,342,7,598.72,REPEATEDHITS,False,False,False,0,193140,142782958640.0,15,BID,SHORT,0.5
APP,2026-05-28 17:19:42.766316+00:00,CALL,690.0,2026-07-02,66760,29,29,0,597.84,REPEATEDHITS,True,False,False,0,66760,142782958640.0,35,BID,SHORT,0.5
APP,2026-05-28 16:00:55.963112+00:00,PUT,620.0,2026-07-10,1367840,206,206,0,603.27,REPEATEDHITS,False,False,False,0,1367840,142782958640.0,43,BID,LONG,0.5
APP,2026-05-27 19:19:46.725729+00:00,PUT,575.0,2026-06-12,51990,13,29,3,568.81,REPEATEDHITSASCENDINGFILL,True,False,False,51990,0,142782958640.0,16,ASK,SHORT,1.0
APP,2026-05-27 16:09:46.331458+00:00,CALL,575.0,2026-06-05,560000,200,340,41,565.25,REPEATEDHITS,False,False,False,0,0,142782958640.0,9,MIXED,,0.0
APP,2026-05-27 16:09:46.331458+00:00,CALL,670.0,2026-06-05,80000,200,332,20,565.25,REPEATEDHITS,False,False,False,0,0,142782958640.0,9,MIXED,,0.0
AR,2026-06-24 17:32:38.495235+00:00,CALL,32.5,2026-06-26,14200,71,71,4,34.465,REPEATEDHITS,True,False,False,0,14200,10698637080.0,2,BID,SHORT,0.5
AR,2026-06-23 15:01:52.063927+00:00,PUT,36.0,2026-07-02,22235,114,114,29,34.25,REPEATEDHITSDESCENDINGFILL,False,False,False,0,22235,10698637080.0,9,BID,LONG,0.5
AR,2026-06-22 14:37:10.844158+00:00,PUT,28.0,2027-01-15,30100,200,200,123,33.09,REPEATEDHITSASCENDINGFILL,False,False,False,0,30100,10698637080.0,207,BID,LONG,0.5
AR,2026-06-18 17:40:03.501799+00:00,CALL,33.0,2026-07-17,11890,82,96,11,33.255,REPEATEDHITS,False,False,False,11890,0,10698637080.0,29,ASK,LONG,1.0
AR,2026-06-05 14:10:31.010223+00:00,PUT,36.0,2026-07-10,10880,68,68,26,36.195,REPEATEDHITS,True,False,False,10080,0,10698637080.0,35,ASK,SHORT,1.0
AR,2026-05-28 16:46:54.413106+00:00,CALL,36.0,2026-06-18,115200,768,813,136,36.025,REPEATEDHITS,False,False,False,115200,0,10698637080.0,21,ASK,LONG,1.0
AR,2026-05-28 16:14:25.098922+00:00,CALL,36.0,2026-07-17,328935,1561,1567,98,35.725,REPEATEDHITSASCENDINGFILL,True,False,False,259960,51560,10698637080.0,50,ASK,LONG,1.0
AR,2026-05-27 16:54:59.842469+00:00,CALL,36.0,2026-06-12,23908,200,220,92,35.77,REPEATEDHITSDESCENDINGFILL,False,False,False,23908,0,10698637080.0,16,ASK,LONG,1.0
AR,2026-05-26 14:23:44.939753+00:00,PUT,32.0,2026-07-02,500000,20000,20000,0,36.76,LOWHISTORICVOLUMEFLOOR,False,True,False,0,500000,10698637080.0,37,BID,LONG,0.5
AR,2026-05-26 14:09:45.147430+00:00,CALL,37.5,2026-06-18,127375,1019,1039,9,36.8,REPEATEDHITS,False,False,False,127375,0,10698637080.0,23,ASK,LONG,1.0
AR,2026-05-22 18:45:01.532989+00:00,CALL,39.0,2026-06-26,15010,158,161,12,36.77,REPEATEDHITS,False,False,False,2375,2660,10698637080.0,35,BID,SHORT,0.5
AR,2026-05-21 18:18:22.918559+00:00,PUT,37.0,2026-07-17,82990,386,390,226,37.12,REPEATEDHITS,False,False,False,75680,0,10698637080.0,57,ASK,SHORT,1.0
AR,2026-05-21 17:19:39.909353+00:00,PUT,37.5,2026-05-29,76500,850,855,19,37.33,REPEATEDHITS,False,False,False,90,76410,10698637080.0,8,BID,LONG,0.5
AR,2026-05-21 14:59:11.638231+00:00,PUT,38.0,2026-05-29,36600,366,366,51,37.71,REPEATEDHITS,False,False,False,0,36600,10698637080.0,8,BID,LONG,0.5
AR,2026-05-21 14:34:14.636996+00:00,PUT,39.0,2026-08-21,486190,1314,1317,714,37.69,REPEATEDHITS,False,False,False,2220,365940,10698637080.0,92,BID,LONG,0.5
AR,2026-05-19 14:44:31.586013+00:00,PUT,32.5,2026-06-18,270000,15000,15000,0,38.425,LOWHISTORICVOLUMEFLOOR,False,True,False,0,270000,10698637080.0,30,BID,LONG,0.5
AR,2026-05-18 14:20:21.629984+00:00,PUT,36.0,2026-08-21,349310,1704,1710,1030,38.2,REPEATEDHITS,False,False,False,349310,0,10698637080.0,95,ASK,SHORT,1.0
AR,2026-05-15 15:21:13.058706+00:00,CALL,39.0,2026-07-17,205800,1029,1131,202,37.61,REPEATEDHITS,False,False,False,0,198200,10698637080.0,63,BID,SHORT,0.5
AR,2026-05-11 19:22:47.814608+00:00,CALL,44.0,2026-09-18,10440,72,72,0,36.63,REPEATEDHITS,False,False,False,10440,0,10698637080.0,130,ASK,LONG,1.0
AR,2026-05-08 19:13:29.716058+00:00,PUT,31.0,2026-08-21,31700,317,375,22,35.955,REPEATEDHITS,False,False,False,31700,0,10698637080.0,105,ASK,SHORT,1.0
AR,2026-05-01 14:45:28.297786+00:00,PUT,36.0,2026-08-21,117671,535,546,372,38.25,REPEATEDHITSDESCENDINGFILL,False,False,False,117671,0,10698637080.0,112,ASK,SHORT,1.0
AR,2026-04-30 17:09:40.727434+00:00,CALL,41.0,2026-07-17,70136,305,313,0,39.45,REPEATEDHITSDESCENDINGFILL,False,False,False,70136,0,10698637080.0,78,ASK,LONG,1.0
AR,2026-04-30 16:16:57.262324+00:00,PUT,36.0,2026-07-17,364500,2700,2756,102,38.975,REPEATEDHITS,False,False,False,0,0,10698637080.0,78,MIXED,,0.0
AR,2026-04-30 14:25:01.603531+00:00,CALL,42.0,2026-06-18,20685,197,197,187,38.36,REPEATEDHITS,False,False,False,20685,0,10698637080.0,49,ASK,LONG,1.0
AR,2026-04-29 17:57:10.432963+00:00,CALL,39.5,2026-05-01,42537,448,614,37,39.08,REPEATEDHITSDESCENDINGFILL,False,False,False,42447,90,10698637080.0,2,ASK,LONG,1.0
AR,2026-04-29 14:57:31.215096+00:00,PUT,34.0,2026-07-17,122670,1363,1367,0,39.09,REPEATEDHITS,False,False,False,3510,108360,10698637080.0,79,BID,LONG,0.5
AR,2026-04-29 14:56:58.371411+00:00,PUT,32.0,2026-07-17,31295,569,2253,0,39.12,REPEATEDHITS,False,False,False,55,0,10698637080.0,79,ASK,SHORT,1.0
AR,2026-04-29 14:55:22.643443+00:00,PUT,33.0,2026-08-21,104200,947,963,403,39.03,REPEATEDHITS,True,False,False,0,104200,10698637080.0,114,BID,LONG,0.5
AR,2026-04-29 14:06:32.819127+00:00,PUT,32.0,2026-07-17,54725,995,1658,0,39.05,REPEATEDHITS,False,False,False,0,54725,10698637080.0,79,BID,LONG,0.5
AR,2026-04-29 13:51:59.147195+00:00,PUT,32.0,2026-07-17,27510,500,500,0,39.13,REPEATEDHITS,False,False,False,0,27510,10698637080.0,79,BID,LONG,0.5
AR,2026-04-28 19:32:48.204883+00:00,CALL,39.5,2026-05-15,68740,491,1504,28,38.67,REPEATEDHITS,False,False,False,68740,0,10698637080.0,17,ASK,LONG,1.0
AR,2026-04-28 19:31:59.336700+00:00,CALL,39.5,2026-05-15,65195,483,1000,28,38.68,REPEATEDHITS,False,False,False,65060,135,10698637080.0,17,ASK,LONG,1.0
AR,2026-04-27 16:56:50.945055+00:00,CALL,44.0,2026-06-18,14250,190,195,36,37.75,REPEATEDHITS,False,False,False,14250,0,10698637080.0,52,ASK,LONG,1.0
AR,2026-04-27 14:50:16.604158+00:00,CALL,38.0,2026-09-18,38700,86,86,1,38.06,REPEATEDHITS,False,False,False,0,38700,10698637080.0,144,BID,SHORT,0.5
ARES,2026-06-24 18:22:22.249129+00:00,CALL,135.0,2026-07-17,59991,500,512,296,117.435,REPEATEDHITSDESCENDINGFILL,True,False,False,59991,0,26816592688.0,23,ASK,LONG,1.0
ARES,2026-06-23 15:59:51.097880+00:00,PUT,125.0,2026-07-02,42160,62,62,5,119.75,REPEATEDHITS,False,False,False,0,42160,26816592688.0,9,BID,LONG,0.5
ARES,2026-06-23 14:26:20.687675+00:00,PUT,120.0,2026-07-02,16319,48,53,4,121.34,REPEATEDHITS,False,False,False,16319,0,26816592688.0,9,ASK,SHORT,1.0
ARES,2026-06-23 14:26:20.687675+00:00,PUT,119.0,2026-07-02,14100,47,47,0,121.34,REPEATEDHITS,False,False,False,14100,0,26816592688.0,9,ASK,SHORT,1.0
ARES,2026-06-22 19:59:28.913833+00:00,PUT,126.0,2026-06-26,23360,73,93,0,125.645,REPEATEDHITS,False,False,False,23360,0,26816592688.0,4,ASK,SHORT,1.0
ARES,2026-06-22 19:59:28.913833+00:00,PUT,125.0,2026-06-26,14850,55,57,2,125.645,REPEATEDHITS,False,False,False,14850,0,26816592688.0,4,ASK,SHORT,1.0
ARES,2026-06-18 16:03:57.552643+00:00,PUT,134.0,2026-07-02,21420,34,34,0,130.6,REPEATEDHITS,False,False,False,0,21420,26816592688.0,14,BID,LONG,0.5
ARES,2026-06-10 15:12:30.855220+00:00,PUT,128.0,2026-06-18,26640,72,72,1,129.665,REPEATEDHITS,False,False,False,26640,0,26816592688.0,8,ASK,SHORT,1.0
ARES,2026-06-09 16:54:50.345041+00:00,PUT,122.0,2026-06-18,57200,220,220,13,127.32,REPEATEDHITS,False,False,False,57200,0,26816592688.0,9,ASK,SHORT,1.0
ARES,2026-06-09 13:56:24.638883+00:00,CALL,135.0,2026-09-18,218000,200,400,117,130.93,REPEATEDHITS,False,False,False,0,180940,26816592688.0,101,BID,SHORT,0.5
ARES,2026-06-05 19:06:46.863966+00:00,CALL,145.0,2026-07-17,36050,212,213,180,124.735,REPEATEDHITS,False,False,False,170,35880,26816592688.0,42,BID,SHORT,0.5
ARES,2026-06-04 15:53:32.017386+00:00,PUT,128.0,2026-06-12,29120,104,104,0,130.455,REPEATEDHITS,False,False,False,0,29120,26816592688.0,8,BID,LONG,0.5
ARES,2026-06-02 16:51:58.393359+00:00,CALL,126.0,2026-06-12,16430,31,31,1,127.94,REPEATEDHITS,False,False,False,0,16430,26816592688.0,10,BID,SHORT,0.5
ARES,2026-06-01 19:08:41.800326+00:00,CALL,165.0,2026-08-21,21450,110,140,0,129.25,REPEATEDHITS,False,False,False,21450,0,26816592688.0,81,ASK,LONG,1.0
ARES,2026-05-27 18:28:38.161400+00:00,CALL,128.0,2026-06-05,30150,86,97,8,127.55,REPEATEDHITSDESCENDINGFILL,False,False,False,0,30150,26816592688.0,9,BID,SHORT,0.5
ARES,2026-05-27 16:25:19.609177+00:00,CALL,133.0,2026-06-05,60320,377,380,2,127.145,REPEATEDHITS,False,False,False,0,60320,26816592688.0,9,BID,SHORT,0.5
ARES,2026-05-26 15:36:46.867536+00:00,PUT,131.0,2026-05-29,78970,149,149,0,126.765,REPEATEDHITS,False,False,False,78970,0,26816592688.0,3,ASK,SHORT,1.0
ARES,2026-05-26 15:33:31.703451+00:00,PUT,140.0,2026-07-17,144420,83,83,10,127.13,REPEATEDHITS,False,False,False,144420,0,26816592688.0,52,ASK,SHORT,1.0
ARES,2026-05-26 15:18:19.507428+00:00,PUT,129.0,2026-06-18,31500,45,45,0,128.4,REPEATEDHITS,False,False,False,31500,0,26816592688.0,23,ASK,SHORT,1.0
ARES,2026-05-26 14:54:26.158507+00:00,CALL,138.0,2026-06-18,74750,325,325,1,128.2871,REPEATEDHITS,False,False,False,74750,0,26816592688.0,23,ASK,LONG,1.0
ARES,2026-05-21 17:11:30.241956+00:00,PUT,125.0,2026-06-18,187980,241,241,111,122.56,REPEATEDHITS,False,False,False,0,187980,26816592688.0,28,BID,LONG,0.5
ARES,2026-05-20 16:46:25.670498+00:00,CALL,121.0,2026-06-18,36480,48,48,0,123.07,REPEATEDHITS,False,False,False,0,36480,26816592688.0,29,BID,SHORT,0.5
ARES,2026-05-19 18:05:27.252412+00:00,PUT,115.0,2026-06-18,127091,310,321,167,121.77,REPEATEDHITS,False,False,False,127091,0,26816592688.0,30,ASK,SHORT,1.0
ARES,2026-05-19 17:53:39.478110+00:00,CALL,135.0,2026-08-21,85150,131,135,121,121.99,REPEATEDHITS,False,False,False,85150,0,26816592688.0,94,ASK,LONG,1.0
ARES,2026-05-14 19:49:46.507619+00:00,CALL,140.0,2026-07-17,259978,500,502,329,129.17,REPEATEDHITSDESCENDINGFILL,False,False,False,259978,0,26816592688.0,64,ASK,LONG,1.0
ARES,2026-05-12 19:27:44.053880+00:00,CALL,160.0,2027-01-15,81291,127,407,36,124.44,REPEATEDHITSDESCENDINGFILL,False,False,False,0,81291,26816592688.0,248,BID,SHORT,0.5
ARES,2026-05-12 19:26:52.979293+00:00,CALL,160.0,2027-01-15,44020,62,160,36,124.75,REPEATEDHITS,False,False,False,0,44020,26816592688.0,248,BID,SHORT,0.5
ARES,2026-05-12 19:26:50.570340+00:00,PUT,85.0,2027-01-15,110862,233,234,41,124.845,REPEATEDHITSASCENDINGFILL,False,False,False,0,110862,26816592688.0,248,BID,LONG,0.5
ARES,2026-05-12 16:24:36.219244+00:00,CALL,135.0,2026-06-18,77710,259,259,143,123.73,REPEATEDHITS,False,False,False,0,77710,26816592688.0,37,BID,SHORT,0.5
ARES,2026-05-12 13:49:38.567882+00:00,PUT,120.0,2026-05-29,17616,50,50,1,123.025,REPEATEDHITSDESCENDINGFILL,False,False,False,0,17616,26816592688.0,17,BID,LONG,0.5
ARES,2026-05-07 19:28:09.380854+00:00,PUT,112.0,2026-05-15,27250,454,464,8,123.015,REPEATEDHITS,False,False,False,0,27250,26816592688.0,8,BID,LONG,0.5
ARES,2026-05-06 18:12:12.442303+00:00,CALL,170.0,2026-12-18,23000,50,50,2,123.81,REPEATEDHITS,True,False,False,11500,460,26816592688.0,226,ASK,LONG,1.0
ARES,2026-05-06 15:10:10.214195+00:00,PUT,126.0,2026-05-15,16530,29,29,0,122.76,REPEATEDHITS,False,False,False,570,15960,26816592688.0,9,BID,LONG,0.5
ARES,2026-05-06 15:10:10.214195+00:00,PUT,122.0,2026-05-22,26220,57,57,5,122.76,REPEATEDHITS,False,False,False,1380,23460,26816592688.0,16,BID,LONG,0.5
ARES,2026-05-06 15:10:10.214195+00:00,CALL,128.0,2026-05-15,14245,77,77,7,122.76,REPEATEDHITS,False,False,False,0,14245,26816592688.0,9,BID,SHORT,0.5
ARES,2026-05-06 15:10:10.214195+00:00,PUT,120.0,2026-05-22,31541,83,83,0,122.76,REPEATEDHITS,False,False,False,2660,28881,26816592688.0,16,BID,LONG,0.5
ARES,2026-04-30 18:48:41.333068+00:00,PUT,85.0,2026-06-18,87480,831,831,118,117.195,REPEATEDHITSASCENDINGFILL,False,False,False,4950,82530,26816592688.0,49,BID,LONG,0.5
ARES,2026-04-30 15:35:25.065312+00:00,PUT,116.0,2026-05-01,15675,55,55,15,117.29,REPEATEDHITS,False,False,False,14250,1140,26816592688.0,1,ASK,SHORT,1.0
ARES,2026-04-30 15:35:25.065312+00:00,CALL,117.0,2026-05-01,12580,34,44,3,117.29,REPEATEDHITS,False,False,False,12580,0,26816592688.0,1,ASK,LONG,1.0
ARES,2026-04-30 14:08:39.273090+00:00,PUT,80.0,2027-01-15,98560,154,157,12,111.2,REPEATEDHITS,False,False,False,0,98560,26816592688.0,260,BID,LONG,0.5
ARES,2026-04-28 19:07:26.421265+00:00,CALL,140.0,2026-08-21,99190,248,248,82,111.72,REPEATEDHITS,False,False,False,95190,0,26816592688.0,115,ASK,LONG,1.0
ARES,2026-04-28 15:31:36.033109+00:00,PUT,105.0,2026-07-17,211680,252,252,17,110.925,REPEATEDHITS,False,False,False,211680,0,26816592688.0,80,ASK,SHORT,1.0
ARES,2026-04-28 15:15:50.349194+00:00,PUT,55.0,2027-01-15,25830,123,138,105,110.51,REPEATEDHITS,False,False,False,0,25830,26816592688.0,262,BID,LONG,0.5
ARKK,2026-06-24 17:36:54.769928+00:00,CALL,73.5,2026-07-17,66160,126,126,0,76.75,REPEATEDHITSASCENDINGFILL,True,False,False,65630,530,5723514000.0,23,ASK,LONG,1.0
ARKK,2026-06-24 16:30:02.923608+00:00,CALL,79.0,2026-07-10,42126,177,290,12,78.0,REPEATEDHITS,True,False,False,42126,0,5723514000.0,16,ASK,LONG,1.0
ARKK,2026-06-24 16:24:57.762508+00:00,CALL,79.0,2026-07-10,12636,54,106,12,77.975,REPEATEDHITS,False,False,False,0,12636,5723514000.0,16,BID,SHORT,0.5
ARKK,2026-06-24 15:00:00.998476+00:00,CALL,79.5,2026-07-24,63000,200,400,36,78.04,REPEATEDHITS,False,False,False,63000,0,5723514000.0,30,ASK,LONG,1.0
ARKK,2026-06-24 14:59:06.884575+00:00,CALL,79.5,2026-07-24,63000,200,200,36,77.99,REPEATEDHITS,False,False,False,63000,0,5723514000.0,30,ASK,LONG,1.0
ARKK,2026-06-24 14:16:16.209309+00:00,CALL,78.5,2026-07-10,17631,86,113,36,76.77,REPEATEDHITS,True,False,False,0,17631,5723514000.0,16,BID,SHORT,0.5
ARKK,2026-06-23 18:42:59.290148+00:00,PUT,68.0,2026-07-31,11999,100,100,26,76.895,REPEATEDHITS,False,False,False,10079,1920,5723514000.0,38,ASK,SHORT,1.0
ARKK,2026-06-23 18:31:55.491354+00:00,CALL,77.5,2026-06-26,138908,1148,2202,1011,77.245,REPEATEDHITS,False,False,False,138908,0,5723514000.0,3,ASK,LONG,1.0
ARKK,2026-06-23 18:30:54.235749+00:00,PUT,82.0,2026-08-21,10270,13,13,0,77.215,REPEATEDHITS,False,False,False,10270,0,5723514000.0,59,ASK,SHORT,1.0
ARKK,2026-06-23 16:57:05.767661+00:00,CALL,78.0,2026-06-26,18029,149,665,124,77.765,REPEATEDHITS,True,False,False,18029,0,5723514000.0,3,ASK,LONG,1.0
ARKK,2026-06-23 16:40:14.902326+00:00,CALL,79.5,2026-06-26,82853,1275,1354,731,77.82,REPEATEDHITSDESCENDINGFILL,False,False,False,81508,1280,5723514000.0,3,ASK,LONG,1.0
ARKK,2026-06-23 16:33:41.439884+00:00,PUT,76.5,2026-06-26,80815,1023,1239,795,77.835,REPEATEDHITS,False,False,False,80659,156,5723514000.0,3,ASK,SHORT,1.0
ARKK,2026-06-23 16:14:27.210087+00:00,PUT,77.5,2026-07-10,26400,100,304,87,77.79,REPEATEDHITS,False,False,False,0,26400,5723514000.0,17,BID,LONG,0.5
ARKK,2026-06-23 16:14:10.585071+00:00,CALL,78.5,2026-07-24,35880,104,127,0,77.78,REPEATEDHITS,True,False,False,1380,34500,5723514000.0,31,BID,SHORT,0.5
ARKK,2026-06-23 15:57:58.337830+00:00,CALL,80.0,2026-08-21,18490,43,44,23,77.51,REPEATEDHITS,True,False,False,18060,430,5723514000.0,59,ASK,LONG,1.0
ARKK,2026-06-23 14:17:09.398137+00:00,CALL,78.0,2026-06-26,54565,321,367,124,78.47,REPEATEDHITSDESCENDINGFILL,False,False,False,54399,166,5723514000.0,3,ASK,LONG,1.0
ARKK,2026-06-22 14:15:13.576167+00:00,PUT,79.5,2026-06-26,20092,171,173,22,80.135,REPEATEDHITSASCENDINGFILL,True,False,False,19978,114,5723514000.0,4,ASK,SHORT,1.0
ARKK,2026-06-18 19:27:25.848188+00:00,CALL,83.0,2026-06-26,49584,1033,2158,167,79.4,REPEATEDHITS,False,False,False,0,49584,5723514000.0,8,BID,SHORT,0.5
ARKK,2026-06-18 16:31:17.944073+00:00,CALL,83.0,2026-06-26,51264,1068,1110,167,79.085,REPEATEDHITS,False,False,False,0,51264,5723514000.0,8,BID,SHORT,0.5
ARKK,2026-06-18 15:30:22.817599+00:00,PUT,80.0,2026-06-26,510054,2232,2389,212,79.12,REPEATEDHITSDESCENDINGFILL,False,False,False,265182,244872,5723514000.0,8,ASK,SHORT,1.0
ARKK,2026-06-18 15:17:34.558107+00:00,PUT,76.0,2026-06-26,90565,1535,1552,90,79.57,REPEATEDHITS,False,False,False,90565,0,5723514000.0,8,ASK,SHORT,1.0
ARKK,2026-06-17 18:41:53.543359+00:00,CALL,84.0,2026-07-02,14093,100,102,21,80.86,REPEATEDHITSDESCENDINGFILL,True,False,False,13815,278,5723514000.0,15,ASK,LONG,1.0
ARKK,2026-06-17 15:55:08.608251+00:00,PUT,81.5,2026-07-24,45000,100,200,0,80.95,REPEATEDHITS,True,False,False,45000,0,5723514000.0,37,ASK,SHORT,1.0
ARKK,2026-06-17 13:48:02.873530+00:00,CALL,80.5,2026-06-18,75891,949,949,45,80.055,REPEATEDHITSASCENDINGFILL,False,False,False,555,75336,5723514000.0,1,BID,SHORT,0.5
ARKK,2026-06-16 19:55:29.942518+00:00,PUT,77.0,2026-07-10,13500,50,50,2,79.04,REPEATEDHITS,False,False,False,13500,0,5723514000.0,24,ASK,SHORT,1.0
ARKK,2026-06-16 19:51:42.884280+00:00,PUT,79.5,2026-07-31,56730,122,126,0,79.125,REPEATEDHITS,True,False,False,56730,0,5723514000.0,45,ASK,SHORT,1.0
ARKK,2026-06-16 19:49:24.071136+00:00,PUT,76.5,2026-06-18,66964,2501,2522,247,79.275,REPEATEDHITSASCENDINGFILL,False,False,False,66964,0,5723514000.0,2,ASK,SHORT,1.0
ARKK,2026-06-16 14:34:31.852681+00:00,PUT,70.5,2026-07-31,32033,203,203,0,78.94,REPEATEDHITSDESCENDINGFILL,False,False,False,31598,435,5723514000.0,45,ASK,SHORT,1.0
ARKK,2026-06-15 17:43:12.822253+00:00,CALL,83.0,2026-06-18,23002,742,2426,629,79.74,REPEATEDHITS,False,False,False,0,23002,5723514000.0,3,BID,SHORT,0.5
ARKK,2026-06-15 17:08:55.350484+00:00,CALL,83.0,2026-06-18,41220,1374,1676,629,79.58,REPEATEDHITS,False,False,False,3870,37350,5723514000.0,3,BID,SHORT,0.5
ARKK,2026-06-15 16:11:41.658310+00:00,PUT,79.0,2026-07-02,24000,100,134,2,79.945,REPEATEDHITS,False,False,False,960,23040,5723514000.0,17,BID,LONG,0.5
ARKK,2026-06-15 15:53:44.688202+00:00,CALL,85.0,2026-07-31,42750,150,161,0,79.945,REPEATEDHITS,True,False,False,1140,41610,5723514000.0,46,BID,SHORT,0.5
ARKK,2026-06-15 14:50:05.394863+00:00,CALL,80.0,2026-07-10,18523,57,57,15,79.3,REPEATEDHITS,True,False,False,18523,0,5723514000.0,25,ASK,LONG,1.0
ARKK,2026-06-15 14:47:30.192199+00:00,CALL,81.0,2026-06-26,29565,186,202,85,79.435,REPEATEDHITSDESCENDINGFILL,True,False,False,27821,1744,5723514000.0,11,ASK,LONG,1.0
ARKK,2026-06-12 15:48:16.935514+00:00,PUT,76.5,2026-06-18,50500,202,202,92,75.14,REPEATEDHITS,True,False,False,50500,0,5723514000.0,6,ASK,SHORT,1.0
ARKK,2026-06-11 19:04:49.351070+00:00,CALL,77.0,2026-06-18,260183,2387,3564,1896,74.605,FLOORTRADEMIDCAP,False,True,False,260183,0,5723514000.0,7,ASK,LONG,1.0
ARKK,2026-06-11 19:01:16.024453+00:00,CALL,81.0,2026-06-18,39672,1653,1715,1352,74.65,REPEATEDHITS,False,False,False,144,39528,5723514000.0,7,BID,SHORT,0.5
ARKK,2026-06-11 17:07:36.934450+00:00,CALL,78.5,2026-06-18,15096,408,614,26,73.095,REPEATEDHITS,False,False,False,0,15096,5723514000.0,7,BID,SHORT,0.5
ARKK,2026-06-11 17:00:14.347094+00:00,CALL,80.0,2026-07-17,127344,758,775,418,72.97,REPEATEDHITS,False,False,False,87696,39648,5723514000.0,36,ASK,LONG,1.0
ARKK,2026-06-11 13:52:28.817338+00:00,CALL,74.5,2026-06-12,12606,197,198,163,73.69,REPEATEDHITS,True,False,False,12414,192,5723514000.0,1,ASK,LONG,1.0
ARKK,2026-06-10 13:55:55.776073+00:00,CALL,78.0,2026-06-12,53382,1302,2772,635,75.63,REPEATEDHITS,False,False,False,0,53382,5723514000.0,2,BID,SHORT,0.5
ARKK,2026-06-09 19:49:20.836341+00:00,CALL,74.5,2026-06-26,45000,150,401,4,74.625,REPEATEDHITS,True,False,False,45000,0,5723514000.0,17,ASK,LONG,1.0
ARKK,2026-06-09 18:16:58.569176+00:00,PUT,75.0,2026-06-12,238350,1362,2103,937,74.37,REPEATEDHITS,False,False,False,7000,231350,5723514000.0,3,BID,LONG,0.5
ARKK,2026-06-09 17:13:20.698352+00:00,CALL,78.5,2026-06-12,34288,2143,3006,1669,73.15,REPEATEDHITS,False,False,False,0,29488,5723514000.0,3,BID,SHORT,0.5
ARKK,2026-06-09 15:47:01.135017+00:00,CALL,87.0,2026-07-17,14786,200,275,109,74.09,REPEATEDHITSDESCENDINGFILL,False,False,False,0,14786,5723514000.0,38,BID,SHORT,0.5
ARKK,2026-06-09 15:34:11.386988+00:00,CALL,77.0,2026-06-12,80934,1974,2093,151,73.86,REPEATEDHITS,False,False,False,0,80934,5723514000.0,3,BID,SHORT,0.5
ARKK,2026-06-09 15:15:52.748636+00:00,CALL,73.5,2026-06-12,13554,56,77,12,75.13,REPEATEDHITS,False,False,False,244,13310,5723514000.0,3,BID,SHORT,0.5
ARKK,2026-06-09 14:06:31.455288+00:00,CALL,82.0,2026-06-12,28752,1797,1801,633,77.07,REPEATEDHITS,False,False,False,0,28752,5723514000.0,3,BID,SHORT,0.5
ARKK,2026-06-08 19:10:47.098989+00:00,PUT,77.5,2026-07-10,33945,73,73,15,75.6499,REPEATEDHITS,False,False,False,31620,465,5723514000.0,32,ASK,SHORT,1.0
ARKK,2026-06-08 19:07:55.235774+00:00,PUT,76.0,2026-07-10,76875,205,205,9,75.865,REPEATEDHITS,True,False,False,375,76500,5723514000.0,32,BID,LONG,0.5
ARM,2026-06-24 18:51:03.309613+00:00,PUT,320.0,2026-07-10,390890,232,364,88,348.97,REPEATEDHITS,False,False,False,380810,10080,389859203780.0,16,ASK,SHORT,1.0
ARM,2026-06-24 18:51:03.309613+00:00,PUT,317.5,2026-07-10,303020,190,213,0,348.97,REPEATEDHITSDESCENDINGFILL,False,False,False,275935,27085,389859203780.0,16,ASK,SHORT,1.0
ARM,2026-06-24 18:13:44.276865+00:00,CALL,347.5,2026-07-02,155520,64,80,6,349.3201,REPEATEDHITS,True,False,False,153090,0,389859203780.0,8,ASK,LONG,1.0
ARM,2026-06-24 17:49:45.811453+00:00,PUT,295.0,2026-06-26,127339,806,826,274,349.7,REPEATEDHITS,False,False,False,126391,948,389859203780.0,2,ASK,SHORT,1.0
ARM,2026-06-24 17:43:37.946173+00:00,PUT,270.0,2026-07-02,76687,347,520,75,349.425,REPEATEDHITS,False,False,False,76687,0,389859203780.0,8,ASK,SHORT,1.0
ARM,2026-06-24 17:31:30.184720+00:00,PUT,337.5,2026-07-17,91740,32,32,0,347.5577,REPEATEDHITSDESCENDINGFILL,True,False,False,51770,39970,389859203780.0,23,ASK,SHORT,1.0
ARM,2026-06-24 17:31:30.184720+00:00,PUT,327.5,2026-07-17,114870,48,50,0,347.54,REPEATEDHITSDESCENDINGFILL,True,False,False,76610,38260,389859203780.0,23,ASK,SHORT,1.0
ARM,2026-06-24 17:31:30.184720+00:00,PUT,312.5,2026-07-17,75600,42,42,0,347.54,REPEATEDHITS,False,False,False,75600,0,389859203780.0,23,ASK,SHORT,1.0
ARM,2026-06-24 16:11:35.013045+00:00,PUT,297.5,2026-06-26,52326,459,1102,228,356.78,REPEATEDHITS,False,False,False,52326,0,389859203780.0,2,ASK,SHORT,1.0
ARM,2026-06-24 15:46:49.289665+00:00,CALL,660.0,2027-12-17,656535,69,69,0,354.68,REPEATEDHITS,False,False,False,275935,0,389859203780.0,541,ASK,LONG,1.0
ARM,2026-06-24 15:40:41.138345+00:00,PUT,297.5,2026-06-26,71241,625,635,228,355.285,REPEATEDHITSDESCENDINGFILL,False,False,False,71135,106,389859203780.0,2,ASK,SHORT,1.0
ARM,2026-06-24 14:17:45.454436+00:00,PUT,280.0,2026-07-02,203456,732,736,416,347.64,REPEATEDHITSASCENDINGFILL,False,False,False,142852,60604,389859203780.0,8,ASK,SHORT,1.0
ARM,2026-06-24 13:59:25.307779+00:00,PUT,320.0,2026-11-20,204335,32,35,24,354.83,REPEATEDHITSASCENDINGFILL,False,False,False,57550,146785,389859203780.0,149,BID,LONG,0.5
ARM,2026-06-24 13:45:35.806432+00:00,CALL,420.0,2026-07-10,245015,208,415,160,355.0475,REPEATEDHITSDESCENDINGFILL,False,False,False,171360,73655,389859203780.0,16,ASK,LONG,1.0
ARM,2026-06-24 13:45:34.197944+00:00,CALL,420.0,2026-07-10,244110,206,207,160,354.865,REPEATEDHITS,False,False,False,50955,45030,389859203780.0,16,ASK,LONG,1.0
ARM,2026-06-24 13:39:53.515845+00:00,PUT,395.0,2026-07-02,205875,45,45,26,360.675,REPEATEDHITS,False,False,False,0,205875,389859203780.0,8,BID,LONG,0.5
ARM,2026-06-23 19:05:02.677327+00:00,CALL,367.5,2026-07-02,148875,57,77,2,366.6,REPEATEDHITSDESCENDINGFILL,False,False,False,117675,31200,389859203780.0,9,ASK,LONG,1.0
ARM,2026-06-23 19:02:31.077523+00:00,CALL,430.0,2026-07-10,86360,68,1039,65,365.73,REPEATEDHITS,False,False,False,13970,0,389859203780.0,17,ASK,LONG,1.0
ARM,2026-06-23 18:44:07.387918+00:00,CALL,430.0,2026-07-10,126000,100,971,65,365.19,REPEATEDHITS,False,False,False,6300,0,389859203780.0,17,ASK,LONG,1.0
ARM,2026-06-23 18:40:21.227963+00:00,PUT,307.5,2026-06-26,67200,336,349,57,367.0967,REPEATEDHITS,False,False,False,67200,0,389859203780.0,3,ASK,SHORT,1.0
ARM,2026-06-23 17:54:05.240962+00:00,CALL,430.0,2026-07-10,111720,84,855,65,369.59,REPEATEDHITS,False,False,False,0,111720,389859203780.0,17,BID,SHORT,0.5
ARM,2026-06-23 15:56:31.641746+00:00,CALL,375.0,2026-07-17,58280,16,35,10,369.54,REPEATEDHITSASCENDINGFILL,True,False,False,3645,54635,389859203780.0,24,BID,SHORT,0.5
ARM,2026-06-23 15:52:43.558926+00:00,PUT,387.5,2026-07-02,50260,14,36,10,370.22,REPEATEDHITS,False,False,False,0,50260,389859203780.0,9,BID,LONG,0.5
ARM,2026-06-23 15:50:02.975822+00:00,CALL,395.0,2026-06-26,282805,347,809,119,368.2171,REPEATEDHITS,False,False,False,0,282805,389859203780.0,3,BID,SHORT,0.5
ARM,2026-06-23 15:35:36.473734+00:00,PUT,362.5,2026-07-02,105535,50,70,39,372.555,REPEATEDHITSASCENDINGFILL,True,False,False,2115,103420,389859203780.0,9,BID,LONG,0.5
ARM,2026-06-23 15:28:45.166642+00:00,CALL,395.0,2026-06-26,408510,444,451,119,370.91,REPEATEDHITSASCENDINGFILL,False,False,False,0,406660,389859203780.0,3,BID,SHORT,0.5
ARM,2026-06-23 15:18:46.055904+00:00,CALL,405.0,2026-06-26,288417,409,483,85,371.07,REPEATEDHITSASCENDINGFILL,False,False,False,1460,286957,389859203780.0,3,BID,SHORT,0.5
ARM,2026-06-23 14:56:17.034744+00:00,CALL,485.0,2026-07-17,217330,211,1001,7,373.35,REPEATEDHITS,False,False,False,130810,86520,389859203780.0,24,ASK,LONG,1.0
ARM,2026-06-23 14:56:17.034744+00:00,CALL,485.0,2026-07-17,345050,335,780,7,373.63,REPEATEDHITS,False,False,False,12360,0,389859203780.0,24,ASK,LONG,1.0
ARM,2026-06-23 14:56:13.629536+00:00,CALL,485.0,2026-07-17,87150,83,445,7,373.105,REPEATEDHITS,False,False,False,87150,0,389859203780.0,24,ASK,LONG,1.0
ARM,2026-06-23 14:56:08.821617+00:00,CALL,485.0,2026-07-17,370650,353,353,7,372.94,REPEATEDHITS,True,False,False,7350,0,389859203780.0,24,ASK,LONG,1.0
ARM,2026-06-23 13:48:16.218764+00:00,CALL,430.0,2026-07-10,183500,100,510,65,379.71,REPEATEDHITS,False,False,False,0,77070,389859203780.0,17,BID,SHORT,0.5
ARM,2026-06-23 13:48:08.394641+00:00,CALL,430.0,2026-07-10,119930,67,377,65,379.205,REPEATEDHITS,False,False,False,0,119930,389859203780.0,17,BID,SHORT,0.5
ARM,2026-06-23 13:36:14.729024+00:00,CALL,430.0,2026-07-10,234990,126,256,65,380.0525,REPEATEDHITS,False,False,False,0,214475,389859203780.0,17,BID,SHORT,0.5
ARM,2026-06-22 18:31:17.776131+00:00,PUT,337.5,2026-06-26,80772,318,353,27,409.54,REPEATEDHITS,False,False,False,0,80772,389859203780.0,4,BID,LONG,0.5
ARM,2026-06-22 17:05:38.934259+00:00,CALL,455.0,2026-06-26,132745,191,289,93,406.745,REPEATEDHITS,True,False,False,0,132745,389859203780.0,4,BID,SHORT,0.5
ARM,2026-06-22 16:45:33.283091+00:00,CALL,525.0,2026-06-26,65670,597,1345,0,407.35,REPEATEDHITS,False,False,False,0,65670,389859203780.0,4,BID,SHORT,0.5
ARM,2026-06-22 16:40:04.129168+00:00,CALL,620.0,2026-12-18,131985,21,21,19,407.64,REPEATEDHITS,False,False,False,43995,0,389859203780.0,179,ASK,LONG,1.0
ARM,2026-06-22 16:36:09.101792+00:00,CALL,487.5,2026-06-26,99459,306,341,11,406.0,REPEATEDHITSASCENDINGFILL,False,False,False,0,99129,389859203780.0,4,BID,SHORT,0.5
ARM,2026-06-22 16:26:59.833202+00:00,CALL,510.0,2026-06-26,88396,451,461,92,407.81,REPEATEDHITS,False,False,False,0,88396,389859203780.0,4,BID,SHORT,0.5
ARM,2026-06-22 16:11:29.644374+00:00,PUT,465.0,2026-07-02,166720,24,24,1,408.085,REPEATEDHITSASCENDINGFILL,True,False,False,34875,131845,389859203780.0,10,BID,LONG,0.5
ARM,2026-06-22 16:11:29.644374+00:00,PUT,467.5,2026-07-02,71393,10,22,0,408.3999,REPEATEDHITSDESCENDINGFILL,False,False,False,14285,57108,389859203780.0,10,BID,LONG,0.5
ARM,2026-06-22 15:56:46.585099+00:00,CALL,580.0,2026-09-18,96860,25,32,22,406.88,REPEATEDHITSDESCENDINGFILL,False,False,False,58200,38660,389859203780.0,88,ASK,LONG,1.0
ARM,2026-06-22 14:24:48.953778+00:00,PUT,345.0,2026-06-26,153582,512,586,479,418.3,REPEATEDHITS,False,False,False,153582,0,389859203780.0,4,ASK,SHORT,1.0
ARM,2026-06-22 13:59:24.619049+00:00,PUT,350.0,2026-06-26,226081,646,735,566,421.865,REPEATEDHITSDESCENDINGFILL,False,False,False,224331,1750,389859203780.0,4,ASK,SHORT,1.0
ARM,2026-06-22 13:59:18.008020+00:00,CALL,435.0,2026-06-26,310750,163,219,153,421.31,REPEATEDHITSDESCENDINGFILL,True,False,False,157905,152845,389859203780.0,4,ASK,LONG,1.0
ARM,2026-06-22 13:36:45.741496+00:00,CALL,477.5,2026-06-26,67380,76,76,13,424.0,REPEATEDHITSDESCENDINGFILL,True,False,False,34010,33370,389859203780.0,4,ASK,LONG,1.0
ARM,2026-06-22 13:35:34.969642+00:00,CALL,670.0,2027-01-15,195580,28,29,0,427.7072,REPEATEDHITS,False,False,False,195580,0,389859203780.0,207,ASK,LONG,1.0
ARM,2026-06-18 19:33:23.651627+00:00,PUT,365.0,2026-06-26,234010,407,585,97,433.7275,REPEATEDHITSDESCENDINGFILL,False,False,False,234010,0,389859203780.0,8,ASK,SHORT,1.0
ARM,2026-06-18 18:44:36.547171+00:00,CALL,610.0,2027-01-15,123405,15,22,7,429.0285,REPEATEDHITSDESCENDINGFILL,False,False,False,16445,106960,389859203780.0,211,BID,SHORT,0.5
ASST,2026-06-23 16:17:02.367749+00:00,CALL,17.0,2026-09-18,379440,2108,2109,188,14.41,REPEATEDHITS,False,False,False,0,379440,881807330.0,87,BID,SHORT,0.5
ASST,2026-06-22 16:58:34.713672+00:00,CALL,19.0,2026-12-18,45000,150,871,133,15.1839,REPEATEDHITS,False,False,False,44100,900,881807330.0,179,ASK,LONG,1.0
ASST,2026-06-22 16:27:34.471705+00:00,CALL,19.0,2026-12-18,47700,159,469,133,15.16,REPEATEDHITS,False,False,False,0,47700,881807330.0,179,BID,SHORT,0.5
ASST,2026-06-22 16:25:33.494148+00:00,CALL,19.0,2026-12-18,53070,174,188,133,15.205,REPEATEDHITS,True,False,False,26230,11285,881807330.0,179,ASK,LONG,1.0
ASST,2026-06-22 15:44:00.390946+00:00,PUT,15.5,2026-07-17,14490,90,190,0,15.512,REPEATEDHITS,True,False,False,0,14490,881807330.0,25,BID,LONG,0.5
ASST,2026-06-22 15:44:00.390946+00:00,PUT,16.0,2026-08-21,1380775,5021,5022,8,15.512,REPEATEDHITS,False,False,False,0,1380775,881807330.0,60,BID,LONG,0.5
ASST,2026-06-22 15:07:31.753384+00:00,CALL,20.0,2026-08-21,48251,427,433,0,15.4,REPEATEDHITS,False,False,False,0,48251,881807330.0,60,BID,SHORT,0.5
ASST,2026-06-08 14:00:37.221846+00:00,CALL,15.5,2026-06-12,32725,595,6619,94,15.06,REPEATEDHITS,False,False,False,0,32725,881807330.0,4,BID,SHORT,0.5
ASST,2026-06-08 13:59:44.675739+00:00,CALL,15.5,2026-06-12,56430,1026,5673,94,15.105,REPEATEDHITS,False,False,False,56430,0,881807330.0,4,ASK,LONG,1.0
ASST,2026-06-08 13:59:07.791249+00:00,CALL,18.0,2026-07-10,15000,200,200,40,15.06,REPEATEDHITS,False,False,False,0,13350,881807330.0,32,BID,SHORT,0.5
ASST,2026-06-08 13:50:39.703262+00:00,CALL,15.5,2026-06-12,10400,200,1758,94,14.8999,REPEATEDHITS,False,False,False,10400,0,881807330.0,4,ASK,LONG,1.0
ASST,2026-06-05 15:52:02.801824+00:00,PUT,10.0,2026-07-17,46170,1026,1144,38,13.58,REPEATEDHITS,False,False,False,46170,0,881807330.0,42,ASK,SHORT,1.0
ASST,2026-06-03 16:02:44.453528+00:00,PUT,13.5,2026-06-12,28152,828,830,19,15.23,REPEATEDHITS,False,False,False,27982,0,881807330.0,9,ASK,SHORT,1.0
ASST,2026-06-02 18:52:11.145200+00:00,PUT,10.0,2026-06-18,11110,2222,3256,1684,15.9,REPEATEDHITS,False,False,False,11110,0,881807330.0,16,ASK,SHORT,1.0
ASST,2026-06-02 18:43:54.574190+00:00,PUT,5.0,2026-09-18,12910,1291,9689,51,15.94,REPEATEDHITS,False,False,False,12910,0,881807330.0,108,ASK,SHORT,1.0
ASST,2026-06-02 18:43:13.331127+00:00,PUT,5.0,2026-09-18,22220,2222,8397,51,15.94,REPEATEDHITS,False,False,False,22220,0,881807330.0,108,ASK,SHORT,1.0
ASST,2026-06-02 18:36:51.286868+00:00,PUT,5.0,2026-09-18,19360,1936,6153,51,15.95,REPEATEDHITS,False,False,False,18750,510,881807330.0,108,ASK,SHORT,1.0
ASST,2026-06-02 18:35:13.174624+00:00,PUT,5.0,2026-09-18,22220,2222,4197,51,15.9601,REPEATEDHITS,False,False,False,21050,1170,881807330.0,108,ASK,SHORT,1.0
ASST,2026-06-02 18:34:45.541532+00:00,PUT,5.0,2026-09-18,10818,1202,1973,51,15.975,REPEATEDHITS,False,False,False,10818,0,881807330.0,108,ASK,SHORT,1.0
ASST,2026-05-26 14:48:11.724603+00:00,CALL,27.0,2026-09-18,1988700,9470,9470,367,18.83,REPEATEDHITS,False,False,False,1988700,0,881807330.0,115,ASK,LONG,1.0
ASST,2026-05-22 19:55:59.250785+00:00,CALL,19.5,2026-06-05,76824,873,905,37,18.25,REPEATEDHITS,False,False,False,18040,58784,881807330.0,14,BID,SHORT,0.5
ASST,2026-05-22 17:58:41.587625+00:00,CALL,22.0,2026-05-29,10070,1007,1334,226,18.57,REPEATEDHITS,False,False,False,0,0,881807330.0,7,MIXED,,0.0
ASST,2026-05-22 13:38:44.660097+00:00,CALL,19.5,2026-05-22,23500,500,661,125,19.6201,REPEATEDHITS,True,False,False,23500,0,881807330.0,0,ASK,LONG,1.0
ASST,2026-05-19 14:58:54.570186+00:00,CALL,17.0,2026-05-22,18000,1000,1112,956,15.48,REPEATEDHITS,False,False,False,0,18000,881807330.0,3,BID,SHORT,0.5
ASST,2026-05-18 15:28:48.529030+00:00,PUT,17.0,2026-07-17,10880,34,93,0,15.71,REPEATEDHITS,True,False,False,3200,7680,881807330.0,60,BID,LONG,0.5
ASST,2026-05-18 15:09:39.351031+00:00,CALL,15.0,2026-07-17,42300,150,187,2,15.73,REPEATEDHITS,False,False,False,0,42300,881807330.0,60,BID,SHORT,0.5
ASST,2026-05-14 18:20:58.296239+00:00,CALL,26.0,2026-10-16,82620,324,1381,0,18.17,REPEATEDHITS,False,False,False,77520,5100,881807330.0,155,ASK,LONG,1.0
ASST,2026-05-14 18:15:15.673421+00:00,CALL,26.0,2026-10-16,36553,143,303,0,18.15,REPEATEDHITSASCENDINGFILL,False,False,False,36553,0,881807330.0,155,ASK,LONG,1.0
ASST,2026-05-11 16:43:44.277845+00:00,CALL,20.0,2026-05-22,12000,200,8727,145,17.19,REPEATEDHITS,False,False,False,0,12000,881807330.0,11,BID,SHORT,0.5
ASST,2026-05-11 16:25:46.438878+00:00,CALL,20.0,2026-05-22,13010,210,7347,145,17.33,REPEATEDHITSASCENDINGFILL,False,False,False,12400,610,881807330.0,11,ASK,LONG,1.0
ASST,2026-05-11 16:21:14.705991+00:00,CALL,20.0,2026-05-22,14625,225,3656,145,17.43,REPEATEDHITS,False,False,False,65,14495,881807330.0,11,BID,SHORT,0.5
ASST,2026-05-11 16:21:07.492028+00:00,CALL,20.0,2026-05-22,11024,167,3309,145,17.46,REPEATEDHITSDESCENDINGFILL,False,False,False,134,10890,881807330.0,11,BID,SHORT,0.5
ASST,2026-05-11 16:20:27.437503+00:00,CALL,20.0,2026-05-22,23335,359,2775,145,17.41,REPEATEDHITS,False,False,False,23335,0,881807330.0,11,ASK,LONG,1.0
ASST,2026-05-11 16:18:49.668269+00:00,CALL,20.0,2026-05-22,12342,187,1307,145,17.46,REPEATEDHITS,False,False,False,12342,0,881807330.0,11,ASK,LONG,1.0
ASST,2026-05-11 16:18:49.668269+00:00,CALL,20.0,2026-05-22,20460,310,1617,145,17.47,REPEATEDHITS,False,False,False,16302,4158,881807330.0,11,ASK,LONG,1.0
ASST,2026-05-11 16:18:19.223401+00:00,CALL,20.0,2026-05-22,47474,750,829,145,17.43,REPEATEDHITS,False,False,False,47474,0,881807330.0,11,ASK,LONG,1.0
ASST,2026-05-11 15:19:15.805081+00:00,CALL,18.5,2026-05-15,11713,221,629,181,17.19,REPEATEDHITS,False,False,False,11713,0,881807330.0,4,ASK,LONG,1.0
ASST,2026-05-11 15:17:17.167756+00:00,CALL,19.0,2026-05-15,21679,703,2013,516,17.01,REPEATEDHITSASCENDINGFILL,True,False,False,21679,0,881807330.0,4,ASK,LONG,1.0
ASST,2026-05-08 14:08:16.263899+00:00,PUT,14.5,2026-05-22,27416,298,301,25,15.15,REPEATEDHITS,False,False,False,0,27416,881807330.0,14,BID,LONG,0.5
ASST,2026-05-05 15:31:09.641885+00:00,PUT,17.0,2026-05-22,33840,188,204,30,16.67,REPEATEDHITS,False,False,False,0,33840,881807330.0,17,BID,LONG,0.5
ASST,2026-05-01 16:52:44.448846+00:00,PUT,17.0,2026-05-15,62976,328,328,90,16.11,REPEATEDHITS,True,False,False,0,62976,881807330.0,14,BID,LONG,0.5
ASST,2026-04-29 19:20:27.042544+00:00,CALL,17.0,2026-05-15,52304,934,941,388,14.38,REPEATEDHITS,True,False,False,21336,616,881807330.0,16,ASK,LONG,1.0
ASST,2026-04-28 15:05:48.812014+00:00,PUT,14.0,2026-09-18,33432,100,101,5,14.68,REPEATEDHITSASCENDINGFILL,False,False,False,672,23380,881807330.0,143,BID,LONG,0.5
ASTS,2026-06-23 18:43:06.903918+00:00,CALL,125.0,2027-03-19,2053590,1397,1402,525,73.49,REPEATEDHITS,False,False,False,0,2053590,21769648929.0,269,BID,SHORT,0.5
ASTS,2026-06-23 15:44:56.614228+00:00,PUT,71.0,2026-07-02,145800,540,563,27,75.705,REPEATEDHITS,True,False,False,270,145530,21769648929.0,9,BID,LONG,0.5
ASTS,2026-06-23 15:38:57.968331+00:00,CALL,87.0,2026-07-02,51626,311,349,88,75.355,REPEATEDHITS,False,False,False,830,50796,21769648929.0,9,BID,SHORT,0.5
ASTS,2026-06-23 14:07:04.853235+00:00,CALL,85.0,2028-03-17,82653,21,50,0,77.075,REPEATEDHITSDESCENDINGFILL,False,False,False,55153,27500,21769648929.0,633,ASK,LONG,1.0
ASTS,2026-06-22 17:32:10.309939+00:00,CALL,69.0,2026-07-02,43555,63,139,0,72.735,REPEATEDHITSASCENDINGFILL,True,False,False,36570,6985,21769648929.0,10,ASK,LONG,1.0
ASTS,2026-06-22 17:01:50.918042+00:00,CALL,71.0,2026-07-02,12950,20,20,0,73.8,REPEATEDHITSASCENDINGFILL,False,False,False,12950,0,21769648929.0,10,ASK,LONG,1.0
ASTS,2026-06-22 16:14:08.240025+00:00,CALL,69.0,2026-07-02,16250,20,71,0,74.4,REPEATEDHITSASCENDINGFILL,False,False,False,16250,0,21769648929.0,10,ASK,LONG,1.0
ASTS,2026-06-22 16:00:40.046309+00:00,CALL,69.0,2026-07-02,26400,31,31,0,75.02,REPEATEDHITS,False,False,False,25550,850,21769648929.0,10,ASK,LONG,1.0
ASTS,2026-06-22 15:39:58.872821+00:00,CALL,85.0,2026-07-17,1314788,2711,3824,2358,76.0,REPEATEDHITSDESCENDINGFILL,True,False,False,666358,258020,21769648929.0,25,ASK,LONG,1.0
ASTS,2026-06-18 19:52:57.719824+00:00,CALL,81.0,2026-06-18,10822,601,6727,117,80.77,REPEATEDHITS,True,False,False,40,10782,21769648929.0,0,BID,SHORT,0.5
ASTS,2026-06-18 19:50:07.267248+00:00,CALL,79.0,2026-06-18,19422,234,5541,49,79.58,REPEATEDHITS,False,False,False,19422,0,21769648929.0,0,ASK,LONG,1.0
ASTS,2026-06-18 19:45:35.960701+00:00,CALL,110.0,2026-07-31,40240,115,144,41,79.56,REPEATEDHITS,True,False,False,40240,0,21769648929.0,43,ASK,LONG,1.0
ASTS,2026-06-18 19:43:37.378528+00:00,PUT,66.0,2026-06-26,25036,569,1407,169,79.5817,REPEATEDHITS,False,False,False,220,15356,21769648929.0,8,BID,LONG,0.5
ASTS,2026-06-18 19:43:21.362623+00:00,PUT,66.0,2026-06-26,19395,431,838,169,79.58,REPEATEDHITS,False,False,False,360,19035,21769648929.0,8,BID,LONG,0.5
ASTS,2026-06-18 19:30:53.605133+00:00,CALL,88.0,2026-06-26,98114,672,1605,276,78.53,REPEATEDHITS,False,False,False,294,97820,21769648929.0,8,BID,SHORT,0.5
ASTS,2026-06-18 16:15:17.567930+00:00,CALL,73.0,2026-06-26,22050,30,33,25,78.13,REPEATEDHITS,True,False,False,22050,0,21769648929.0,8,ASK,LONG,1.0
ASTS,2026-06-18 16:04:52.817422+00:00,CALL,105.0,2026-07-31,12400,31,68,25,78.795,REPEATEDHITS,False,False,False,2400,10000,21769648929.0,43,BID,SHORT,0.5
ASTS,2026-06-18 15:23:20.602391+00:00,CALL,79.0,2026-06-18,30160,232,1893,49,79.57,REPEATEDHITS,False,False,False,23140,7020,21769648929.0,0,ASK,LONG,1.0
ASTS,2026-06-18 14:12:54.826364+00:00,CALL,88.0,2026-06-26,56400,300,375,276,78.69,REPEATEDHITS,False,False,False,56400,0,21769648929.0,8,ASK,LONG,1.0
ASTS,2026-06-18 14:07:07.387433+00:00,CALL,78.0,2026-06-18,19500,100,757,21,78.9901,REPEATEDHITS,False,False,False,19500,0,21769648929.0,0,ASK,LONG,1.0
ASTS,2026-06-18 13:37:49.888206+00:00,CALL,81.0,2026-06-18,89844,499,515,117,81.37,REPEATEDHITSASCENDINGFILL,False,False,False,1098,88746,21769648929.0,0,BID,SHORT,0.5
ASTS,2026-06-16 17:11:30.832737+00:00,CALL,81.0,2026-07-10,10000,10,26,0,83.17,REPEATEDHITS,False,False,False,10000,0,21769648929.0,24,ASK,LONG,1.0
ASTS,2026-06-16 16:35:11.439205+00:00,CALL,185.0,2026-09-18,19293,66,86,39,82.9,REPEATEDHITSASCENDINGFILL,False,False,False,2065,17228,21769648929.0,94,BID,SHORT,0.5
ASTS,2026-06-16 15:34:40.911133+00:00,PUT,73.0,2026-06-26,101270,533,607,91,83.51,REPEATEDHITS,False,False,False,0,44080,21769648929.0,10,BID,LONG,0.5
ASTS,2026-06-16 14:43:35.312134+00:00,CALL,84.0,2026-06-18,204791,561,769,472,83.865,REPEATEDHITS,False,False,False,0,204791,21769648929.0,2,BID,SHORT,0.5
ASTS,2026-06-15 19:27:49.318133+00:00,CALL,112.0,2026-06-18,10841,293,939,280,87.86,REPEATEDHITS,False,False,False,10841,0,21769648929.0,3,ASK,LONG,1.0
ASTS,2026-06-15 18:48:41.794816+00:00,CALL,111.0,2026-06-18,61572,1500,1702,913,88.26,REPEATEDHITSDESCENDINGFILL,False,False,False,3321,54807,21769648929.0,3,BID,SHORT,0.5
ASTS,2026-06-15 15:05:47.225124+00:00,PUT,73.0,2026-06-18,22764,271,663,243,84.11,REPEATEDHITS,False,False,False,1680,21084,21769648929.0,3,BID,LONG,0.5
ASTS,2026-06-15 13:41:06.902745+00:00,CALL,87.0,2026-06-18,276650,532,677,529,87.1,REPEATEDHITS,False,False,False,530,276120,21769648929.0,3,BID,SHORT,0.5
ASTS,2026-06-12 17:44:08.806589+00:00,CALL,85.0,2026-06-12,32973,379,6826,251,84.1,REPEATEDHITS,False,False,False,32973,0,21769648929.0,0,ASK,LONG,1.0
ASTS,2026-06-12 17:38:39.052115+00:00,CALL,86.0,2026-06-12,17800,356,5266,160,83.82,REPEATEDHITS,False,False,False,0,17800,21769648929.0,0,BID,SHORT,0.5
ASTS,2026-06-12 17:10:38.788820+00:00,CALL,84.0,2026-06-18,47265,68,525,54,85.0,REPEATEDHITS,True,False,False,0,47265,21769648929.0,6,BID,SHORT,0.5
ASTS,2026-06-12 17:10:34.784241+00:00,CALL,84.0,2026-06-18,50410,71,457,54,85.3,REPEATEDHITS,False,False,False,15620,34790,21769648929.0,6,BID,SHORT,0.5
ASTS,2026-06-12 16:57:37.609818+00:00,PUT,68.0,2026-06-18,77425,815,998,277,85.53,REPEATEDHITS,False,False,False,950,41040,21769648929.0,6,BID,LONG,0.5
ASTS,2026-06-12 16:55:13.222712+00:00,CALL,86.0,2026-06-12,42695,305,3741,160,85.41,REPEATEDHITS,False,False,False,695,18760,21769648929.0,0,BID,SHORT,0.5
ASTS,2026-06-12 16:37:48.813634+00:00,CALL,86.0,2026-06-12,34254,198,3229,160,85.5334,REPEATEDHITS,True,False,False,0,34254,21769648929.0,0,BID,SHORT,0.5
ASTS,2026-06-12 16:26:48.592066+00:00,CALL,84.0,2026-06-12,36790,130,957,53,85.29,REPEATEDHITS,True,False,False,36507,283,21769648929.0,0,ASK,LONG,1.0
ASTS,2026-06-12 16:19:58.149247+00:00,CALL,85.0,2026-06-12,72784,428,4552,251,84.05,REPEATEDHITSDESCENDINGFILL,False,False,False,0,72784,21769648929.0,0,BID,SHORT,0.5
ASTS,2026-06-12 15:52:13.456788+00:00,CALL,108.0,2026-06-18,36250,250,369,239,83.505,REPEATEDHITS,False,False,False,9135,27115,21769648929.0,6,BID,SHORT,0.5
ASTS,2026-06-12 15:42:33.028795+00:00,CALL,80.0,2026-07-31,32455,20,169,0,83.89,REPEATEDHITSASCENDINGFILL,True,False,False,16255,16200,21769648929.0,49,ASK,LONG,1.0
ASTS,2026-06-12 15:17:45.198628+00:00,CALL,86.0,2026-06-12,159343,514,1404,160,87.0127,REPEATEDHITS,False,False,False,0,158723,21769648929.0,0,BID,SHORT,0.5
ASTS,2026-06-12 14:13:00.213382+00:00,CALL,86.0,2026-06-18,131670,171,403,66,87.08,REPEATEDHITS,True,False,False,0,131670,21769648929.0,6,BID,SHORT,0.5
ASTS,2026-06-12 14:13:00.213382+00:00,CALL,84.0,2026-06-18,56255,65,82,54,87.08,REPEATEDHITSASCENDINGFILL,True,False,False,50190,6065,21769648929.0,6,ASK,LONG,1.0
ASTS,2026-06-11 18:44:22.937046+00:00,CALL,129.0,2026-06-18,29669,257,259,38,95.34,REPEATEDHITSASCENDINGFILL,False,False,False,8394,21275,21769648929.0,7,BID,SHORT,0.5
ASTS,2026-06-11 17:07:30.926203+00:00,CALL,170.0,2026-07-17,567000,3000,3038,1015,93.515,FLOORTRADELARGECAP,False,True,True,567000,0,21769648929.0,36,ASK,LONG,1.0
ASTS,2026-06-11 15:21:32.730347+00:00,CALL,155.0,2026-07-24,19500,60,60,16,93.32,REPEATEDHITS,True,False,False,19500,0,21769648929.0,43,ASK,LONG,1.0
ASTS,2026-06-10 18:45:37.586115+00:00,CALL,85.0,2026-07-24,84760,52,66,27,89.59,REPEATEDHITSASCENDINGFILL,True,False,False,42510,42250,21769648929.0,44,ASK,LONG,1.0
ASTS,2026-06-10 17:57:49.279330+00:00,CALL,116.0,2026-07-02,89000,200,906,62,92.26,REPEATEDHITS,False,False,False,17800,0,21769648929.0,22,ASK,LONG,1.0
ASTS,2026-06-10 17:33:18.919340+00:00,CALL,84.0,2026-07-02,42334,29,29,5,91.225,REPEATEDHITSASCENDINGFILL,False,False,False,42334,0,21769648929.0,22,ASK,LONG,1.0
ASTS,2026-06-10 17:33:18.919340+00:00,CALL,98.0,2026-07-02,42000,50,113,30,91.225,REPEATEDHITS,True,False,False,42000,0,21769648929.0,22,ASK,LONG,1.0
BA,2026-06-24 17:42:06.017438+00:00,CALL,225.0,2026-06-26,134996,1500,3248,1341,219.98,REPEATEDHITS,True,False,False,134910,86,170832998151.0,2,ASK,LONG,1.0
BA,2026-06-24 15:54:29.566041+00:00,PUT,205.0,2027-06-17,111560,57,57,51,220.8,REPEATEDHITSDESCENDINGFILL,False,False,False,107650,3910,170832998151.0,358,ASK,SHORT,1.0
BA,2026-06-23 14:20:35.134119+00:00,PUT,217.5,2026-07-02,70239,223,228,35,221.32,REPEATEDHITS,False,False,False,70239,0,170832998151.0,9,ASK,SHORT,1.0
BA,2026-06-22 14:20:19.315706+00:00,CALL,227.5,2026-06-26,88500,590,720,435,222.2,REPEATEDHITS,False,False,False,88500,0,170832998151.0,4,ASK,LONG,1.0
BA,2026-06-18 17:52:01.663837+00:00,CALL,230.0,2026-07-10,130294,314,359,305,222.5051,REPEATEDHITSDESCENDINGFILL,False,False,False,130294,0,170832998151.0,22,ASK,LONG,1.0
BA,2026-06-15 17:53:33.229372+00:00,PUT,222.5,2026-06-26,84534,386,527,17,230.61,REPEATEDHITS,False,False,False,0,84534,170832998151.0,11,BID,LONG,0.5
BA,2026-06-15 16:04:33.095690+00:00,CALL,240.0,2026-07-02,82917,333,510,267,228.9117,REPEATEDHITS,False,False,False,82917,0,170832998151.0,17,ASK,LONG,1.0
BA,2026-06-15 14:18:09.609771+00:00,CALL,235.0,2026-07-31,53650,54,57,17,229.15,REPEATEDHITSDESCENDINGFILL,False,False,False,48805,4845,170832998151.0,46,ASK,LONG,1.0
BA,2026-06-08 16:48:39.205627+00:00,CALL,305.0,2028-01-21,260844,125,125,21,216.44,REPEATEDHITSASCENDINGFILL,False,False,False,260844,0,170832998151.0,592,ASK,LONG,1.0
BA,2026-06-04 19:22:52.933916+00:00,CALL,192.5,2026-06-12,211470,75,131,0,219.35,REPEATEDHITSASCENDINGFILL,True,False,False,208670,2800,170832998151.0,8,ASK,LONG,1.0
BA,2026-06-03 19:28:24.440768+00:00,CALL,220.0,2026-09-18,1563385,1082,1131,1048,211.685,REPEATEDHITSDESCENDINGFILL,False,False,False,1557620,2885,170832998151.0,107,ASK,LONG,1.0
BA,2026-06-02 19:15:12.982766+00:00,PUT,222.5,2026-06-18,185220,196,206,167,216.715,REPEATEDHITS,False,False,False,0,162540,170832998151.0,16,BID,LONG,0.5
BA,2026-06-02 18:19:39.205328+00:00,CALL,217.5,2026-06-05,58400,200,2768,115,216.96,REPEATEDHITS,False,False,False,58400,0,170832998151.0,3,ASK,LONG,1.0
BA,2026-06-02 17:40:02.870773+00:00,CALL,220.0,2026-07-10,54805,63,73,3,216.74,REPEATEDHITS,False,False,False,53940,865,170832998151.0,38,ASK,LONG,1.0
BA,2026-06-02 16:16:42.980634+00:00,CALL,217.5,2026-06-05,61610,202,925,115,216.65,REPEATEDHITS,False,False,False,0,61610,170832998151.0,3,BID,SHORT,0.5
BA,2026-06-01 19:10:44.786959+00:00,PUT,217.5,2026-06-12,70201,260,602,136,224.44,REPEATEDHITS,True,False,False,0,70201,170832998151.0,11,BID,LONG,0.5
BA,2026-05-29 14:59:21.941974+00:00,PUT,230.0,2026-05-29,115590,984,1256,589,229.895,REPEATEDHITSDESCENDINGFILL,True,False,False,14280,101310,170832998151.0,0,BID,LONG,0.5
BA,2026-05-28 15:46:50.833783+00:00,PUT,227.5,2026-06-12,60426,106,111,4,228.5701,REPEATEDHITS,True,False,False,0,60426,170832998151.0,15,BID,LONG,0.5
BA,2026-05-27 14:09:57.306859+00:00,PUT,235.0,2026-07-17,696064,413,413,362,224.24,REPEATEDHITSASCENDINGFILL,False,False,False,43940,652124,170832998151.0,51,BID,LONG,0.5
BA,2026-05-27 14:09:57.306859+00:00,PUT,250.0,2026-05-29,618210,245,245,1,224.24,REPEATEDHITSASCENDINGFILL,False,False,False,409050,163800,170832998151.0,2,ASK,SHORT,1.0
BA,2026-05-22 18:20:44.171649+00:00,PUT,217.5,2026-05-29,164560,484,1680,424,218.68,REPEATEDHITS,True,False,False,16660,65280,170832998151.0,7,BID,LONG,0.5
BA,2026-05-21 17:16:58.905874+00:00,CALL,215.0,2026-05-29,232800,388,924,195,218.05,REPEATEDHITS,False,False,False,232800,0,170832998151.0,8,ASK,LONG,1.0
BA,2026-05-20 15:44:19.887230+00:00,CALL,237.5,2026-05-29,52896,608,699,442,222.37,REPEATEDHITS,False,False,False,0,48459,170832998151.0,9,BID,SHORT,0.5
BA,2026-05-20 14:16:55.722392+00:00,PUT,212.5,2026-06-18,50750,114,128,76,220.745,REPEATEDHITSASCENDINGFILL,True,False,False,455,50295,170832998151.0,29,BID,LONG,0.5
BA,2026-05-19 19:24:15.993206+00:00,CALL,210.0,2026-05-29,99660,120,285,61,215.14,REPEATEDHITSDESCENDINGFILL,False,False,False,99660,0,170832998151.0,10,ASK,LONG,1.0
BA,2026-05-19 18:47:54.888042+00:00,PUT,207.5,2026-05-29,445974,2934,2963,43,217.1001,REPEATEDHITSASCENDINGFILL,True,False,False,445974,0,170832998151.0,10,ASK,SHORT,1.0
BA,2026-05-18 19:38:52.767474+00:00,CALL,217.5,2026-05-22,125000,250,1053,43,219.75,REPEATEDHITS,False,False,False,125000,0,170832998151.0,4,ASK,LONG,1.0
BA,2026-05-18 13:48:57.273776+00:00,CALL,222.5,2026-05-22,319331,1196,1491,586,219.8,REPEATEDHITS,False,False,False,319065,0,170832998151.0,4,ASK,LONG,1.0
BA,2026-05-15 13:45:34.265581+00:00,CALL,222.5,2026-05-15,55901,260,340,160,223.18,REPEATEDHITS,True,False,False,860,55041,170832998151.0,0,BID,SHORT,0.5
BA,2026-05-14 16:59:53.796124+00:00,PUT,240.0,2026-06-18,2006305,1342,1451,862,231.4,REPEATEDHITSASCENDINGFILL,True,False,False,41860,1964445,170832998151.0,35,BID,LONG,0.5
BA,2026-05-14 15:50:27.393456+00:00,CALL,232.5,2026-05-22,109534,201,756,172,231.24,REPEATEDHITSDESCENDINGFILL,True,False,False,109534,0,170832998151.0,8,ASK,LONG,1.0
BA,2026-05-14 14:04:14.603906+00:00,PUT,230.0,2026-06-26,57690,61,67,42,233.1984,REPEATEDHITSDESCENDINGFILL,True,False,False,29340,28350,170832998151.0,43,ASK,SHORT,1.0
BA,2026-05-14 13:56:00.736404+00:00,PUT,232.5,2026-05-29,57565,81,84,8,233.28,REPEATEDHITSASCENDINGFILL,True,False,False,20075,36785,170832998151.0,15,BID,LONG,0.5
BA,2026-05-13 18:29:03.401944+00:00,CALL,260.0,2026-06-05,88635,311,513,161,241.06,REPEATEDHITS,False,False,False,87210,1425,170832998151.0,23,ASK,LONG,1.0
BA,2026-05-13 15:40:51.048181+00:00,PUT,232.5,2026-05-15,60880,761,1331,617,242.09,REPEATEDHITS,False,False,False,0,60880,170832998151.0,2,BID,LONG,0.5
BA,2026-05-12 19:12:59.494913+00:00,PUT,242.5,2026-05-22,56320,64,64,5,237.08,REPEATEDHITS,True,False,False,0,45760,170832998151.0,10,BID,LONG,0.5
BA,2026-05-11 14:36:35.722031+00:00,PUT,237.5,2026-05-22,60600,120,152,60,238.6,REPEATEDHITS,True,False,False,0,60600,170832998151.0,11,BID,LONG,0.5
BA,2026-05-07 18:42:51.924870+00:00,CALL,265.0,2026-07-17,73700,220,293,177,230.38,REPEATEDHITS,True,False,False,0,73700,170832998151.0,71,BID,SHORT,0.5
BA,2026-05-07 15:12:48.667851+00:00,PUT,220.0,2026-05-22,378805,2020,2153,337,234.8301,REPEATEDHITSASCENDINGFILL,True,False,False,102269,205476,170832998151.0,15,BID,LONG,0.5
BA,2026-05-07 13:49:15.350900+00:00,PUT,217.5,2026-05-15,75924,703,814,298,230.68,REPEATEDHITS,False,False,False,0,75924,170832998151.0,8,BID,LONG,0.5
BA,2026-05-06 15:29:36.604276+00:00,CALL,240.0,2026-05-29,225750,602,1196,360,230.23,REPEATEDHITS,False,False,False,28500,0,170832998151.0,23,ASK,LONG,1.0
BA,2026-05-05 17:45:50.196436+00:00,CALL,245.0,2026-07-17,195032,325,388,260,224.38,REPEATEDHITSASCENDINGFILL,False,False,False,0,195032,170832998151.0,73,BID,SHORT,0.5
BA,2026-05-04 14:11:50.940942+00:00,CALL,222.5,2026-05-08,307441,554,556,165,225.83,REPEATEDHITSDESCENDINGFILL,False,False,False,306886,555,170832998151.0,4,ASK,LONG,1.0
BA,2026-04-30 13:59:04.836628+00:00,PUT,215.0,2027-02-19,131685,67,69,57,226.96,REPEATEDHITSASCENDINGFILL,False,False,False,17685,104235,170832998151.0,295,BID,LONG,0.5
BA,2026-04-29 16:58:39.402100+00:00,PUT,255.0,2026-07-17,2226250,650,650,49,222.52,REPEATEDHITS,False,False,False,0,0,170832998151.0,79,MIXED,,0.0
BA,2026-04-29 14:33:16.110261+00:00,PUT,220.0,2026-05-22,111100,202,209,88,223.95,REPEATEDHITS,False,False,False,550,110550,170832998151.0,23,BID,LONG,0.5
BA,2026-04-28 18:32:09.679044+00:00,PUT,222.5,2026-05-01,63700,700,1353,644,229.5,REPEATEDHITS,False,False,False,0,63700,170832998151.0,3,BID,LONG,0.5
BA,2026-04-28 17:16:43.429117+00:00,PUT,212.5,2026-05-08,62656,712,753,63,228.44,REPEATEDHITS,False,False,False,0,60016,170832998151.0,10,BID,LONG,0.5
BA,2026-04-27 13:41:00.755500+00:00,CALL,245.0,2026-05-01,80354,1514,1560,1314,233.755,REPEATEDHITSDESCENDINGFILL,True,False,False,5692,74122,170832998151.0,4,BID,SHORT,0.5
BABA,2026-06-24 16:54:45.684541+00:00,PUT,70.0,2026-10-16,18469,253,254,132,100.75,REPEATEDHITS,False,False,False,18469,0,23829329963.0,114,ASK,SHORT,1.0
BABA,2026-06-24 16:36:18.750087+00:00,CALL,110.0,2026-07-24,270000,1500,2217,432,101.07,REPEATEDHITS,False,False,False,0,270000,23829329963.0,30,BID,SHORT,0.5
BABA,2026-06-24 16:16:19.320038+00:00,CALL,100.0,2026-06-26,135999,657,1432,638,101.07,REPEATEDHITS,False,False,False,135999,0,23829329963.0,2,ASK,LONG,1.0
BABA,2026-06-24 14:52:07.511941+00:00,PUT,99.0,2026-07-02,65238,432,496,298,100.98,REPEATEDHITS,False,False,False,459,64779,23829329963.0,8,BID,LONG,0.5
BABA,2026-06-24 14:25:09.280286+00:00,CALL,109.0,2026-07-10,11500,100,107,78,101.2,REPEATEDHITS,False,False,False,0,7705,23829329963.0,16,BID,SHORT,0.5
BABA,2026-06-23 19:20:42.844510+00:00,PUT,40.0,2027-01-15,19052,1732,9130,549,102.535,REPEATEDHITS,False,False,False,19052,0,23829329963.0,206,ASK,SHORT,1.0
BABA,2026-06-23 16:41:01.165696+00:00,PUT,101.0,2026-07-17,12800,40,103,25,102.7499,REPEATEDHITS,False,False,False,5120,6400,23829329963.0,24,BID,LONG,0.5
BABA,2026-06-23 16:15:52.492181+00:00,PUT,99.0,2026-07-10,17860,94,254,5,102.7499,REPEATEDHITS,False,False,False,0,17860,23829329963.0,17,BID,LONG,0.5
BABA,2026-06-23 15:17:57.135141+00:00,PUT,102.0,2026-07-02,112035,485,497,178,102.455,REPEATEDHITS,False,False,False,0,112035,23829329963.0,9,BID,LONG,0.5
BABA,2026-06-23 14:20:20.515068+00:00,CALL,103.0,2026-06-26,18000,100,365,91,102.7858,REPEATEDHITS,True,False,False,18000,0,23829329963.0,3,ASK,LONG,1.0
BABA,2026-06-23 13:53:09.036368+00:00,CALL,106.0,2026-07-17,33000,100,105,94,102.94,REPEATEDHITS,False,False,False,0,330,23829329963.0,24,BID,SHORT,0.5
BABA,2026-06-23 13:51:39.658939+00:00,CALL,103.0,2026-06-26,19300,100,216,91,103.045,REPEATEDHITS,True,False,False,19300,0,23829329963.0,3,ASK,LONG,1.0
BABA,2026-06-22 19:26:42.303202+00:00,PUT,102.0,2026-07-17,29170,110,1240,0,104.84,REPEATEDHITSASCENDINGFILL,True,False,False,1340,27830,23829329963.0,25,BID,LONG,0.5
BABA,2026-06-22 18:53:56.877766+00:00,CALL,95.0,2027-03-19,261960,118,485,14,104.92,REPEATEDHITS,False,False,False,261960,0,23829329963.0,270,ASK,LONG,1.0
BABA,2026-06-22 18:02:02.275192+00:00,CALL,95.0,2027-03-19,161645,73,301,14,104.83,REPEATEDHITS,False,False,False,139545,22100,23829329963.0,270,ASK,LONG,1.0
BABA,2026-06-22 17:45:36.189868+00:00,CALL,103.0,2026-07-17,14577,27,40,0,104.93,REPEATEDHITSASCENDINGFILL,False,False,False,7017,7560,23829329963.0,25,BID,SHORT,0.5
BABA,2026-06-22 17:00:46.430529+00:00,PUT,99.0,2026-07-17,11618,74,471,0,105.25,REPEATEDHITS,False,False,False,11618,0,23829329963.0,25,ASK,SHORT,1.0
BABA,2026-06-22 16:46:05.513820+00:00,PUT,102.0,2026-07-17,16512,64,410,0,105.305,REPEATEDHITS,False,False,False,16512,0,23829329963.0,25,ASK,SHORT,1.0
BABA,2026-06-22 16:44:18.804828+00:00,PUT,102.0,2026-07-17,14616,58,337,0,105.28,REPEATEDHITS,True,False,False,0,14616,23829329963.0,25,BID,LONG,0.5
BABA,2026-06-22 16:42:33.082063+00:00,PUT,102.0,2026-07-17,18679,74,277,0,105.31,REPEATEDHITSDESCENDINGFILL,True,False,False,5321,13358,23829329963.0,25,BID,LONG,0.5
BABA,2026-06-22 16:03:10.479457+00:00,CALL,95.0,2027-03-19,102375,45,211,14,105.57,REPEATEDHITS,False,False,False,102375,0,23829329963.0,270,ASK,LONG,1.0
BABA,2026-06-22 15:38:31.367611+00:00,PUT,102.0,2026-07-02,15129,123,177,8,105.88,REPEATEDHITS,False,False,False,0,15129,23829329963.0,10,BID,LONG,0.5
BABA,2026-06-22 15:38:05.537719+00:00,CALL,95.0,2027-03-19,151470,66,144,14,105.81,REPEATEDHITS,False,False,False,151470,0,23829329963.0,270,ASK,LONG,1.0
BABA,2026-06-22 15:35:54.978635+00:00,CALL,106.0,2026-07-02,67788,252,421,110,105.38,REPEATEDHITS,False,False,False,67788,0,23829329963.0,10,ASK,LONG,1.0
BABA,2026-06-22 15:25:54.281933+00:00,CALL,95.0,2027-03-19,166260,75,78,14,104.85,REPEATEDHITSDESCENDINGFILL,False,False,False,166260,0,23829329963.0,270,ASK,LONG,1.0
BABA,2026-06-22 15:10:53.812627+00:00,PUT,98.0,2026-06-26,13000,500,552,212,104.2348,REPEATEDHITS,False,False,False,13000,0,23829329963.0,4,ASK,SHORT,1.0
BABA,2026-06-22 14:43:37.063821+00:00,PUT,99.0,2026-06-26,16000,500,1166,166,104.38,REPEATEDHITS,False,False,False,16000,0,23829329963.0,4,ASK,SHORT,1.0
BABA,2026-06-22 14:42:37.766781+00:00,PUT,99.0,2026-06-26,13504,422,666,166,104.405,REPEATEDHITS,False,False,False,13504,0,23829329963.0,4,ASK,SHORT,1.0
BABA,2026-06-18 19:52:32.670312+00:00,CALL,105.0,2026-06-18,92500,500,2888,191,107.25,REPEATEDHITS,False,False,False,0,92500,23829329963.0,0,BID,SHORT,0.5
BABA,2026-06-18 19:44:50.679727+00:00,CALL,108.0,2026-07-10,11498,30,30,6,107.08,REPEATEDHITSDESCENDINGFILL,False,False,False,11498,0,23829329963.0,22,ASK,LONG,1.0
BABA,2026-06-18 19:28:03.099634+00:00,CALL,105.0,2026-07-17,349380,647,1530,348,106.3,REPEATEDHITS,False,False,False,165240,184140,23829329963.0,29,BID,SHORT,0.5
BABA,2026-06-18 15:09:31.411452+00:00,CALL,107.0,2026-06-26,14301,64,576,44,106.4675,REPEATEDHITSDESCENDINGFILL,True,False,False,10983,3318,23829329963.0,8,ASK,LONG,1.0
BABA,2026-06-18 14:57:45.700873+00:00,CALL,106.0,2026-06-26,19351,73,352,60,106.4,REPEATEDHITSDESCENDINGFILL,True,False,False,11987,7364,23829329963.0,8,ASK,LONG,1.0
BABA,2026-06-18 14:44:07.846177+00:00,CALL,107.0,2026-06-26,11550,50,463,44,106.54,REPEATEDHITS,False,False,False,0,11550,23829329963.0,8,BID,SHORT,0.5
BABA,2026-06-18 14:43:33.396499+00:00,CALL,107.0,2026-06-26,11550,50,413,44,106.545,REPEATEDHITS,False,False,False,0,11550,23829329963.0,8,BID,SHORT,0.5
BABA,2026-06-18 13:57:14.040591+00:00,CALL,108.0,2026-06-26,17600,100,121,90,106.05,REPEATEDHITS,True,False,False,17600,0,23829329963.0,8,ASK,LONG,1.0
BABA,2026-06-18 13:55:43.876749+00:00,CALL,107.0,2026-06-26,21500,100,128,44,106.13,REPEATEDHITS,False,False,False,0,3010,23829329963.0,8,BID,SHORT,0.5
BABA,2026-06-18 13:37:45.482822+00:00,CALL,105.0,2026-06-18,25300,230,1027,191,105.9,REPEATEDHITS,False,False,False,0,25300,23829329963.0,0,BID,SHORT,0.5
BABA,2026-06-18 13:37:26.246589+00:00,CALL,105.0,2026-06-18,44000,400,797,191,105.88,REPEATEDHITS,False,False,False,22000,22000,23829329963.0,0,MIXED,,0.0
BABA,2026-06-16 18:12:36.021420+00:00,CALL,114.0,2026-06-26,70996,500,3271,351,110.05,REPEATEDHITSASCENDINGFILL,False,False,False,70996,0,23829329963.0,10,ASK,LONG,1.0
BABA,2026-06-16 16:12:35.056067+00:00,CALL,116.0,2026-07-02,60759,387,453,243,109.82,REPEATEDHITS,False,False,False,0,60759,23829329963.0,16,BID,SHORT,0.5
BABA,2026-06-16 15:30:42.657691+00:00,CALL,120.0,2026-07-31,126000,450,467,50,109.67,REPEATEDHITS,False,False,False,25200,100800,23829329963.0,45,BID,SHORT,0.5
BABA,2026-06-16 14:13:37.474527+00:00,PUT,113.0,2026-07-02,32745,59,76,54,109.672,REPEATEDHITS,False,False,False,32745,0,23829329963.0,16,ASK,SHORT,1.0
BABA,2026-06-15 17:28:18.795470+00:00,CALL,114.0,2026-07-31,40320,64,65,24,113.0,REPEATEDHITS,False,False,False,40320,0,23829329963.0,46,ASK,LONG,1.0
BABA,2026-06-15 15:14:31.531245+00:00,PUT,107.0,2026-06-18,21025,841,989,284,113.0,REPEATEDHITS,False,False,False,21000,0,23829329963.0,3,ASK,SHORT,1.0
BABA,2026-06-15 14:36:56.913508+00:00,CALL,114.0,2026-06-26,29008,100,275,94,113.11,REPEATEDHITS,False,False,False,2328,26680,23829329963.0,11,BID,SHORT,0.5
BABA,2026-06-15 14:30:39.725497+00:00,CALL,118.0,2026-07-02,11544,52,54,6,113.19,REPEATEDHITS,True,False,False,0,11544,23829329963.0,17,BID,SHORT,0.5
BABA,2026-06-15 14:30:39.725497+00:00,CALL,116.0,2026-07-02,13763,48,270,14,113.19,REPEATEDHITS,True,False,False,11733,2030,23829329963.0,17,ASK,LONG,1.0
BABA,2026-06-12 19:10:32.028045+00:00,PUT,110.0,2026-07-31,32320,64,65,4,112.585,REPEATEDHITS,False,False,False,9090,23230,23829329963.0,49,BID,LONG,0.5
BABA,2026-06-12 18:31:59.751793+00:00,PUT,106.0,2026-06-26,79485,757,824,7,112.23,REPEATEDHITS,False,False,False,0,79485,23829329963.0,14,BID,LONG,0.5
BILL,2026-06-24 17:21:11.384653+00:00,CALL,33.5,2026-06-26,13500,225,225,51,33.165,REPEATEDHITS,False,False,False,0,13500,3215978315.0,2,BID,SHORT,0.5
BILL,2026-06-24 15:23:41.310788+00:00,CALL,42.5,2026-08-21,44745,471,471,348,33.57,REPEATEDHITS,False,False,False,0,44650,3215978315.0,58,BID,SHORT,0.5
BILL,2026-06-22 17:36:52.758376+00:00,PUT,32.0,2026-07-17,11879,54,54,0,31.6,REPEATEDHITS,True,False,False,11879,0,3215978315.0,25,ASK,SHORT,1.0
BILL,2026-06-22 15:01:38.652941+00:00,PUT,30.0,2026-09-18,36830,127,128,0,32.5,REPEATEDHITS,False,False,False,36830,0,3215978315.0,88,ASK,SHORT,1.0
BILL,2026-06-22 14:53:24.737136+00:00,PUT,33.5,2026-07-17,43160,166,166,0,32.55,REPEATEDHITS,True,False,False,43160,0,3215978315.0,25,ASK,SHORT,1.0
BILL,2026-06-17 17:00:23.026879+00:00,CALL,55.0,2026-11-20,58695,559,559,180,33.225,REPEATEDHITS,False,False,False,0,58695,3215978315.0,156,BID,SHORT,0.5
BILL,2026-06-16 16:50:03.786190+00:00,CALL,40.0,2026-06-26,10020,501,936,24,33.98,REPEATEDHITS,False,False,False,10020,0,3215978315.0,10,ASK,LONG,1.0
BILL,2026-06-09 15:42:13.130145+00:00,CALL,47.5,2026-11-20,36240,151,151,37,33.905,REPEATEDHITS,True,False,False,28560,7680,3215978315.0,164,ASK,LONG,1.0
BILL,2026-06-09 15:34:17.800585+00:00,PUT,32.5,2026-06-12,15468,339,340,1,33.9,REPEATEDHITSDESCENDINGFILL,False,False,False,2193,13275,3215978315.0,3,BID,LONG,0.5
BILL,2026-06-05 19:35:36.891728+00:00,CALL,45.0,2026-06-12,15000,500,500,303,35.435,REPEATEDHITS,False,False,False,120,120,3215978315.0,7,MIXED,,0.0
BILL,2026-06-02 16:19:59.423699+00:00,CALL,38.5,2026-06-12,93800,670,686,0,37.9,REPEATEDHITS,False,False,False,44660,49140,3215978315.0,10,BID,SHORT,0.5
BILL,2026-06-01 17:21:26.590108+00:00,PUT,40.0,2026-07-10,20741,65,400,0,39.78,REPEATEDHITSDESCENDINGFILL,False,False,False,9038,11063,3215978315.0,39,BID,LONG,0.5
BILL,2026-06-01 17:19:36.148445+00:00,PUT,36.0,2026-06-18,16000,200,205,108,39.71,REPEATEDHITS,False,False,False,14080,1920,3215978315.0,17,ASK,SHORT,1.0
BILL,2026-06-01 16:30:51.602467+00:00,CALL,52.5,2026-08-21,29740,271,623,97,39.59,REPEATEDHITS,True,False,False,28270,1470,3215978315.0,81,ASK,LONG,1.0
BILL,2026-06-01 16:09:52.402871+00:00,CALL,52.5,2026-08-21,17010,162,325,97,39.8,REPEATEDHITS,False,False,False,7980,0,3215978315.0,81,ASK,LONG,1.0
BILL,2026-06-01 15:10:19.586726+00:00,CALL,45.0,2026-06-12,13500,300,300,3,39.26,REPEATEDHITS,True,False,False,13500,0,3215978315.0,11,ASK,LONG,1.0
BILL,2026-06-01 13:37:34.382790+00:00,CALL,47.5,2026-08-21,33840,262,312,15,37.4,REPEATEDHITSASCENDINGFILL,True,False,False,33090,750,3215978315.0,81,ASK,LONG,1.0
BILL,2026-05-29 19:33:35.308292+00:00,PUT,36.5,2026-06-18,99360,621,624,56,37.02,REPEATEDHITS,False,False,False,99200,160,3215978315.0,20,ASK,SHORT,1.0
BILL,2026-05-29 16:24:51.292946+00:00,CALL,37.0,2026-06-05,15383,181,229,47,36.39,REPEATEDHITSASCENDINGFILL,True,False,False,15383,0,3215978315.0,7,ASK,LONG,1.0
BILL,2026-05-29 15:21:09.435653+00:00,CALL,45.0,2026-07-17,21340,388,1246,3,36.21,REPEATEDHITS,False,False,False,21340,0,3215978315.0,49,ASK,LONG,1.0
BILL,2026-05-29 15:10:23.465117+00:00,CALL,45.0,2026-07-17,13550,271,718,3,36.19,REPEATEDHITS,True,False,False,13550,0,3215978315.0,49,ASK,LONG,1.0
BILL,2026-05-29 15:05:30.633061+00:00,PUT,36.0,2026-06-05,45000,500,500,22,36.05,REPEATEDHITS,False,False,False,3510,1260,3215978315.0,7,ASK,SHORT,1.0
BILL,2026-05-27 16:24:38.760727+00:00,CALL,35.0,2026-06-18,176400,882,882,45,35.21,REPEATEDHITS,False,False,False,16400,160000,3215978315.0,22,BID,SHORT,0.5
BILL,2026-05-26 19:25:39.490917+00:00,PUT,32.5,2026-07-17,28160,176,1009,10,34.81,REPEATEDHITS,False,False,False,25440,2720,3215978315.0,52,ASK,SHORT,1.0
BILL,2026-05-26 19:25:17.058668+00:00,PUT,32.5,2026-07-17,30400,190,791,10,34.835,REPEATEDHITS,False,False,False,30400,0,3215978315.0,52,ASK,SHORT,1.0
BILL,2026-05-26 18:45:39.318076+00:00,PUT,32.5,2026-07-17,21120,132,551,10,34.855,REPEATEDHITS,False,False,False,21120,0,3215978315.0,52,ASK,SHORT,1.0
BILL,2026-05-26 18:18:19.987044+00:00,PUT,32.5,2026-07-17,38880,243,310,10,35.02,REPEATEDHITS,False,False,False,0,37920,3215978315.0,52,BID,LONG,0.5
BILL,2026-05-26 16:35:06.671472+00:00,PUT,33.0,2026-06-18,77050,670,1004,3,35.01,REPEATEDHITS,False,False,False,0,0,3215978315.0,23,MIXED,,0.0
BILL,2026-05-26 16:20:11.493484+00:00,PUT,33.0,2026-06-18,32340,308,309,3,35.21,REPEATEDHITS,False,False,False,3465,26250,3215978315.0,23,BID,LONG,0.5
BILL,2026-05-20 17:05:48.799057+00:00,PUT,38.0,2026-06-12,30315,129,129,1,37.51,REPEATEDHITS,True,False,False,30315,0,3215978315.0,23,ASK,SHORT,1.0
BILL,2026-05-18 18:45:32.940355+00:00,CALL,45.0,2026-05-29,24050,962,962,455,38.58,REPEATEDHITS,True,False,False,0,650,3215978315.0,11,BID,SHORT,0.5
BILL,2026-05-18 14:27:33.519342+00:00,PUT,37.5,2026-07-17,11000,55,800,0,40.33,REPEATEDHITS,False,False,False,0,11000,3215978315.0,60,BID,LONG,0.5
BILL,2026-05-18 14:27:28.905964+00:00,PUT,37.5,2026-07-17,39000,195,745,0,40.33,REPEATEDHITS,False,False,False,36200,2800,3215978315.0,60,ASK,SHORT,1.0
BILL,2026-05-18 14:25:31.008754+00:00,PUT,37.5,2026-07-17,25200,126,127,0,40.21,REPEATEDHITS,True,False,False,25200,0,3215978315.0,60,ASK,SHORT,1.0
BILL,2026-05-18 14:16:49.497214+00:00,PUT,39.0,2026-05-29,16000,200,200,15,40.37,REPEATEDHITS,False,False,False,0,16000,3215978315.0,11,BID,LONG,0.5
BILL,2026-05-12 18:04:11.392167+00:00,CALL,43.0,2026-05-22,17710,253,254,9,40.65,REPEATEDHITS,False,False,False,0,17710,3215978315.0,10,BID,SHORT,0.5
BILL,2026-05-12 17:57:46.993989+00:00,CALL,42.5,2026-05-29,11845,103,103,0,40.5375,REPEATEDHITS,False,False,False,0,11845,3215978315.0,17,BID,SHORT,0.5
BILL,2026-05-12 16:47:59.774304+00:00,CALL,39.5,2026-05-29,16558,69,94,0,40.245,REPEATEDHITS,True,False,False,16558,0,3215978315.0,17,ASK,LONG,1.0
BILL,2026-05-11 15:34:06.722000+00:00,CALL,67.5,2027-01-15,11840,74,74,57,41.905,REPEATEDHITS,False,False,False,0,11840,3215978315.0,249,BID,SHORT,0.5
BILL,2026-05-11 14:17:19.678296+00:00,PUT,45.0,2026-06-18,12760,29,29,6,42.53,REPEATEDHITS,True,False,False,12760,0,3215978315.0,38,ASK,SHORT,1.0
BILL,2026-05-11 14:17:19.678296+00:00,CALL,45.0,2026-06-18,136966,668,683,348,42.64,REPEATEDHITS,False,False,False,0,136966,3215978315.0,38,BID,SHORT,0.5
BILL,2026-05-08 14:51:43.399611+00:00,CALL,45.0,2026-06-18,43350,289,304,149,40.355,REPEATEDHITS,False,False,False,300,43050,3215978315.0,41,BID,SHORT,0.5
BILL,2026-05-07 15:51:26.609482+00:00,PUT,38.0,2026-05-08,35150,185,200,143,38.77,REPEATEDHITS,False,False,False,7030,28120,3215978315.0,1,BID,LONG,0.5
BILL,2026-05-06 19:29:37.218636+00:00,PUT,35.0,2026-06-12,14499,58,101,5,36.99,REPEATEDHITS,False,False,False,14499,0,3215978315.0,37,ASK,SHORT,1.0
BILL,2026-05-06 16:07:51.466083+00:00,PUT,37.5,2026-05-08,23865,111,486,22,37.78,REPEATEDHITS,False,False,False,11180,0,3215978315.0,2,ASK,SHORT,1.0
BILL,2026-05-06 16:07:40.450978+00:00,PUT,37.5,2026-05-08,73800,328,375,22,37.65,REPEATEDHITS,False,False,False,64800,0,3215978315.0,2,ASK,SHORT,1.0
BILL,2026-05-06 15:33:25.417858+00:00,PUT,32.5,2026-11-20,107940,257,260,88,37.675,REPEATEDHITS,False,False,False,0,107940,3215978315.0,198,BID,LONG,0.5
BILL,2026-05-05 19:12:31.392871+00:00,PUT,36.0,2026-05-08,20855,200,203,124,38.4125,REPEATEDHITSASCENDINGFILL,True,False,False,0,17955,3215978315.0,3,BID,LONG,0.5
BILL,2026-05-05 15:01:15.494079+00:00,PUT,40.0,2026-06-18,25800,60,60,15,38.9575,REPEATEDHITS,False,False,False,1720,24080,3215978315.0,44,BID,LONG,0.5
BILL,2026-05-04 19:16:03.245811+00:00,CALL,43.5,2026-05-15,11385,69,69,1,39.47,REPEATEDHITS,False,False,False,0,11385,3215978315.0,11,BID,SHORT,0.5
BITX,2026-06-24 16:47:34.339642+00:00,PUT,11.0,2026-09-18,197000,1000,1020,182,10.815,REPEATEDHITS,True,False,False,197000,0,1457377600.0,86,ASK,SHORT,1.0
BITX,2026-06-24 15:45:36.194454+00:00,PUT,11.5,2026-07-02,24012,276,391,70,10.965,REPEATEDHITS,True,False,False,24012,0,1457377600.0,8,ASK,SHORT,1.0
BITX,2026-06-23 15:45:24.050155+00:00,PUT,11.0,2026-07-17,49400,760,2023,494,11.6686,REPEATEDHITS,False,False,False,42900,6500,1457377600.0,24,ASK,SHORT,1.0
BITX,2026-06-23 15:28:58.185780+00:00,CALL,11.5,2026-07-10,19000,200,200,0,11.65,REPEATEDHITS,False,False,False,9595,4560,1457377600.0,17,ASK,LONG,1.0
BITX,2026-06-23 14:05:40.923597+00:00,PUT,11.0,2026-07-17,42900,660,660,494,11.75,REPEATEDHITS,False,False,False,42900,0,1457377600.0,24,ASK,SHORT,1.0
BITX,2026-06-22 13:31:42.584643+00:00,CALL,12.5,2026-06-26,32160,536,1469,334,12.78,REPEATEDHITS,False,False,False,0,32160,1457377600.0,4,BID,SHORT,0.5
BITX,2026-06-22 13:31:38.963430+00:00,CALL,12.5,2026-06-26,38760,646,647,334,12.81,REPEATEDHITS,False,False,False,0,38760,1457377600.0,4,BID,SHORT,0.5
BITX,2026-06-16 18:02:44.291418+00:00,CALL,14.0,2026-07-02,36344,826,1020,329,13.27,REPEATEDHITS,False,False,False,264,36080,1457377600.0,16,BID,SHORT,0.5
BITX,2026-06-10 15:56:57.824373+00:00,CALL,12.5,2026-06-18,13735,335,377,39,11.9731,REPEATEDHITS,False,False,False,0,13735,1457377600.0,8,BID,SHORT,0.5
BITX,2026-06-09 16:16:49.344566+00:00,PUT,12.0,2027-01-15,177500,500,600,224,11.2913,REPEATEDHITS,False,False,False,177500,0,1457377600.0,220,ASK,SHORT,1.0
BITX,2026-06-05 15:50:06.613087+00:00,CALL,16.0,2026-06-26,11000,1000,1100,251,11.215,REPEATEDHITS,False,False,False,11000,0,1457377600.0,21,ASK,LONG,1.0
BITX,2026-06-05 15:32:44.232287+00:00,PUT,10.0,2026-06-26,37200,600,629,60,11.235,REPEATEDHITS,False,False,False,2356,34844,1457377600.0,21,BID,LONG,0.5
BITX,2026-06-05 15:32:39.025616+00:00,CALL,14.0,2026-06-26,50598,1874,1895,28,11.255,REPEATEDHITS,False,False,False,23598,27000,1457377600.0,21,BID,SHORT,0.5
BITX,2026-06-05 15:21:55.321229+00:00,CALL,11.5,2026-06-12,31500,500,1032,0,11.265,REPEATEDHITS,True,False,False,31500,0,1457377600.0,7,ASK,LONG,1.0
BITX,2026-06-04 19:47:31.274793+00:00,CALL,22.0,2026-09-18,12685,295,549,252,12.4501,REPEATEDHITS,False,False,False,903,11782,1457377600.0,106,BID,SHORT,0.5
BITX,2026-06-04 13:51:27.784935+00:00,CALL,13.0,2026-06-18,42387,597,634,223,12.48,REPEATEDHITS,True,False,False,42387,0,1457377600.0,14,ASK,LONG,1.0
BITX,2026-06-02 19:46:10.781645+00:00,PUT,14.0,2026-07-10,17800,100,105,0,13.7599,REPEATEDHITS,False,False,False,17800,0,1457377600.0,38,ASK,SHORT,1.0
BITX,2026-06-02 16:06:19.032043+00:00,CALL,14.0,2026-06-05,12546,246,1077,5,13.93,REPEATEDHITS,False,False,False,0,12546,1457377600.0,3,BID,SHORT,0.5
BITX,2026-05-28 16:36:48.186127+00:00,CALL,16.5,2026-06-05,10650,150,228,1,16.5214,REPEATEDHITS,False,False,False,10650,0,1457377600.0,8,ASK,LONG,1.0
BITX,2026-05-28 14:56:59.714031+00:00,CALL,17.5,2026-06-18,33000,500,506,15,16.43,REPEATEDHITS,False,False,False,33000,0,1457377600.0,21,ASK,LONG,1.0
BITX,2026-05-26 13:37:29.140049+00:00,CALL,19.0,2026-06-05,35850,717,737,87,18.265,REPEATEDHITS,True,False,False,0,35850,1457377600.0,10,BID,SHORT,0.5
BITX,2026-05-26 13:36:30.799340+00:00,PUT,17.0,2026-06-05,20876,614,619,177,18.27,REPEATEDHITS,True,False,False,0,20876,1457377600.0,10,BID,LONG,0.5
BITX,2026-05-22 19:30:57.849429+00:00,PUT,17.5,2026-06-05,42976,544,648,88,17.79,REPEATEDHITS,True,False,False,42976,0,1457377600.0,14,ASK,SHORT,1.0
BITX,2026-05-21 14:19:25.909372+00:00,CALL,18.0,2026-06-05,19886,163,163,54,18.36,REPEATEDHITS,True,False,False,0,19886,1457377600.0,15,BID,SHORT,0.5
BITX,2026-05-18 18:04:00.256059+00:00,CALL,17.0,2026-05-22,27608,197,798,80,18.235,REPEATEDHITSDESCENDINGFILL,False,False,False,0,27608,1457377600.0,4,BID,SHORT,0.5
BITX,2026-05-18 15:32:27.892469+00:00,CALL,17.0,2026-05-22,64000,500,533,80,18.015,REPEATEDHITS,False,False,False,64000,0,1457377600.0,4,ASK,LONG,1.0
BITX,2026-05-14 15:06:09.531806+00:00,CALL,21.5,2026-06-12,13930,100,106,45,20.5499,REPEATEDHITSDESCENDINGFILL,False,False,False,13930,0,1457377600.0,29,ASK,LONG,1.0
BITX,2026-05-13 19:23:28.730622+00:00,CALL,18.5,2026-05-15,40500,300,808,101,19.7436,REPEATEDHITS,False,False,False,0,34695,1457377600.0,2,BID,SHORT,0.5
BITX,2026-05-13 16:20:53.976440+00:00,CALL,20.5,2026-05-22,15500,310,491,91,19.4224,REPEATEDHITS,False,False,False,15500,0,1457377600.0,9,ASK,LONG,1.0
BITX,2026-05-08 18:09:28.250375+00:00,CALL,20.5,2026-05-29,12900,100,205,7,20.16,REPEATEDHITS,False,False,False,12900,0,1457377600.0,21,ASK,LONG,1.0
BITX,2026-05-08 17:46:02.292744+00:00,CALL,20.5,2026-05-29,12772,100,105,7,20.1579,REPEATEDHITSDESCENDINGFILL,False,False,False,12772,0,1457377600.0,21,ASK,LONG,1.0
BITX,2026-05-05 16:51:22.426448+00:00,PUT,22.0,2026-05-08,12600,100,103,11,20.785,REPEATEDHITS,False,False,False,0,12600,1457377600.0,3,BID,LONG,0.5
BITX,2026-05-04 14:49:00.640908+00:00,CALL,19.5,2026-05-15,108192,736,740,130,20.24,REPEATEDHITS,True,False,False,0,108192,1457377600.0,11,BID,SHORT,0.5
BITX,2026-05-01 18:42:12.088280+00:00,CALL,25.0,2026-05-29,33396,1518,1527,110,19.44,REPEATEDHITS,False,False,False,33396,0,1457377600.0,28,ASK,LONG,1.0
BITX,2026-05-01 14:27:31.060891+00:00,CALL,20.0,2026-05-08,96376,2000,2435,989,19.3394,REPEATEDHITSDESCENDINGFILL,True,False,False,96376,0,1457377600.0,7,ASK,LONG,1.0
BITX,2026-04-30 16:40:46.398154+00:00,CALL,40.0,2026-09-18,29400,700,729,595,18.38,REPEATEDHITS,False,False,False,0,29400,1457377600.0,141,BID,SHORT,0.5
BITX,2026-04-28 15:39:37.378093+00:00,PUT,18.0,2026-05-15,38192,341,348,324,18.1961,REPEATEDHITS,True,False,False,0,38192,1457377600.0,17,BID,LONG,0.5
BITX,2026-04-28 15:35:38.930987+00:00,CALL,19.0,2026-05-08,43306,734,742,221,18.165,REPEATEDHITS,False,False,False,0,43306,1457377600.0,10,BID,SHORT,0.5
BJ,2026-06-24 18:18:42.311352+00:00,CALL,90.0,2026-08-21,164800,412,468,52,87.74,REPEATEDHITS,True,False,False,17200,0,10998283100.0,58,ASK,LONG,1.0
BJ,2026-06-24 18:18:42.311352+00:00,CALL,90.0,2026-08-21,103600,259,727,52,87.58,REPEATEDHITS,False,False,False,103600,0,10998283100.0,58,ASK,LONG,1.0
BJ,2026-06-17 19:52:22.918927+00:00,CALL,75.0,2026-08-21,135340,101,1636,53,86.64,REPEATEDHITS,True,False,False,0,135340,10998283100.0,65,BID,SHORT,0.5
BJ,2026-06-17 19:52:07.903760+00:00,CALL,75.0,2026-08-21,207700,155,1148,53,86.53,REPEATEDHITS,False,False,False,0,207700,10998283100.0,65,BID,SHORT,0.5
BJ,2026-06-17 19:51:51.677440+00:00,CALL,75.0,2026-08-21,144720,108,993,53,86.56,REPEATEDHITS,False,False,False,0,144720,10998283100.0,65,BID,SHORT,0.5
BJ,2026-06-17 18:10:41.900580+00:00,CALL,75.0,2026-08-21,475700,355,785,53,86.6,REPEATEDHITS,False,False,False,0,475700,10998283100.0,65,BID,SHORT,0.5
BJ,2026-06-17 18:07:41.975292+00:00,CALL,75.0,2026-08-21,288100,215,430,53,86.73,REPEATEDHITS,False,False,False,0,288100,10998283100.0,65,BID,SHORT,0.5
BJ,2026-06-17 18:02:42.203125+00:00,CALL,75.0,2026-08-21,288100,215,215,53,86.72,REPEATEDHITS,False,False,False,0,288100,10998283100.0,65,BID,SHORT,0.5
BJ,2026-05-27 17:17:01.724413+00:00,PUT,85.0,2026-07-17,77610,199,200,71,84.41,REPEATEDHITS,False,False,False,69030,0,10998283100.0,51,ASK,SHORT,1.0
BJ,2026-05-22 17:57:06.840063+00:00,PUT,90.0,2026-06-18,223560,486,1772,367,86.72,REPEATEDHITS,True,False,False,104880,68540,10998283100.0,27,ASK,SHORT,1.0
BMNR,2026-06-24 17:43:15.504571+00:00,PUT,13.5,2026-07-10,62305,842,1488,10,13.97,REPEATEDHITS,False,False,False,62234,71,8134324031.0,16,ASK,SHORT,1.0
BMNR,2026-06-24 17:43:15.504571+00:00,PUT,13.5,2026-07-17,24587,262,334,115,13.97,REPEATEDHITSASCENDINGFILL,True,False,False,24587,0,8134324031.0,23,ASK,SHORT,1.0
BMNR,2026-06-24 17:26:00.492052+00:00,CALL,27.0,2027-01-15,70000,700,710,400,14.065,REPEATEDHITS,False,False,False,10000,0,8134324031.0,205,ASK,LONG,1.0
BMNR,2026-06-24 17:24:45.574903+00:00,CALL,16.5,2026-07-17,23560,589,722,68,14.06,REPEATEDHITS,False,False,False,0,23560,8134324031.0,23,BID,SHORT,0.5
BMNR,2026-06-24 17:23:45.084753+00:00,CALL,17.5,2026-07-17,10692,396,494,132,14.045,REPEATEDHITS,False,False,False,0,10692,8134324031.0,23,BID,SHORT,0.5
BMNR,2026-06-24 17:22:01.290346+00:00,CALL,15.5,2026-06-26,19818,3303,5986,2755,14.065,REPEATEDHITS,False,False,False,0,19818,8134324031.0,2,BID,SHORT,0.5
BMNR,2026-06-24 17:18:25.992975+00:00,CALL,15.0,2026-07-10,31500,500,627,332,14.1,REPEATEDHITS,False,False,False,31500,0,8134324031.0,16,ASK,LONG,1.0
BMNR,2026-06-24 16:48:16.992182+00:00,PUT,14.5,2026-07-10,47672,472,532,345,14.36,REPEATEDHITS,False,False,False,47672,0,8134324031.0,16,ASK,SHORT,1.0
BMNR,2026-06-24 16:48:16.992182+00:00,PUT,13.0,2026-07-10,17100,450,945,248,14.36,REPEATEDHITS,True,False,False,17100,0,8134324031.0,16,ASK,SHORT,1.0
BMNR,2026-06-24 16:48:16.992182+00:00,PUT,13.5,2026-07-10,29300,536,636,10,14.36,REPEATEDHITSDESCENDINGFILL,True,False,False,29300,0,8134324031.0,16,ASK,SHORT,1.0
BMNR,2026-06-24 15:03:24.986188+00:00,CALL,19.0,2026-07-10,14004,1556,1571,694,14.6101,REPEATEDHITS,False,False,False,0,14004,8134324031.0,16,BID,SHORT,0.5
BMNR,2026-06-24 13:55:41.067654+00:00,CALL,30.0,2027-02-19,125000,1000,2002,226,14.94,REPEATEDHITS,False,False,False,125000,0,8134324031.0,240,ASK,LONG,1.0
BMNR,2026-06-23 15:09:58.966730+00:00,PUT,13.5,2026-07-02,23613,1389,1395,442,15.095,REPEATEDHITS,False,False,False,22763,850,8134324031.0,9,ASK,SHORT,1.0
BMNR,2026-06-22 13:52:04.703197+00:00,CALL,15.0,2027-02-19,27485,50,50,3,16.915,REPEATEDHITSDESCENDINGFILL,False,False,False,27485,0,8134324031.0,242,ASK,LONG,1.0
BMNR,2026-06-18 19:35:31.616610+00:00,CALL,16.0,2026-07-10,16665,165,3873,155,15.77,REPEATEDHITS,True,False,False,16665,0,8134324031.0,22,ASK,LONG,1.0
BMNR,2026-06-18 17:53:17.141213+00:00,CALL,15.0,2026-07-10,18720,130,132,37,15.605,REPEATEDHITS,False,False,False,15264,3456,8134324031.0,22,ASK,LONG,1.0
BMNR,2026-06-16 19:32:19.446581+00:00,CALL,15.5,2026-06-26,10349,79,103,67,16.375,REPEATEDHITS,True,False,False,10349,0,8134324031.0,10,ASK,LONG,1.0
BMNR,2026-06-15 19:32:27.877207+00:00,CALL,16.5,2026-07-10,85000,500,553,154,17.125,REPEATEDHITS,False,False,False,85000,0,8134324031.0,25,ASK,LONG,1.0
BMNR,2026-06-15 17:51:58.738553+00:00,CALL,17.5,2026-06-26,77400,900,3328,509,17.425,REPEATEDHITS,False,False,False,8600,0,8134324031.0,11,ASK,LONG,1.0
BMNR,2026-06-15 17:34:09.733186+00:00,CALL,17.5,2026-06-26,69615,765,1627,509,17.51,REPEATEDHITS,True,False,False,0,69615,8134324031.0,11,BID,SHORT,0.5
BMNR,2026-06-15 16:55:50.790634+00:00,CALL,17.5,2026-07-02,36000,300,973,277,17.635,REPEATEDHITS,False,False,False,0,36000,8134324031.0,17,BID,SHORT,0.5
BMNR,2026-06-12 19:54:28.612054+00:00,CALL,16.5,2026-06-26,54000,750,837,175,16.075,REPEATEDHITS,False,False,False,0,54000,8134324031.0,14,BID,SHORT,0.5
BMNR,2026-06-12 15:57:55.327356+00:00,PUT,13.0,2026-11-20,11830,65,577,28,16.18,REPEATEDHITS,False,False,False,0,11830,8134324031.0,161,BID,LONG,0.5
BMNR,2026-06-10 18:38:28.850191+00:00,PUT,15.0,2026-07-10,22200,200,662,124,15.645,REPEATEDHITS,False,False,False,22200,0,8134324031.0,30,ASK,SHORT,1.0
BMNR,2026-06-09 17:05:25.142934+00:00,PUT,14.0,2026-07-17,79645,937,1085,872,15.885,REPEATEDHITS,False,False,False,0,79645,8134324031.0,38,BID,LONG,0.5
BMNR,2026-06-09 15:50:12.971153+00:00,CALL,16.0,2026-06-26,61081,505,1831,226,16.125,REPEATEDHITSDESCENDINGFILL,True,False,False,36179,2880,8134324031.0,17,ASK,LONG,1.0
BMNR,2026-06-09 15:50:02.948626+00:00,CALL,16.0,2026-06-26,85320,711,1326,226,16.12,REPEATEDHITS,True,False,False,36480,16800,8134324031.0,17,ASK,LONG,1.0
BMNR,2026-06-08 15:32:39.434353+00:00,CALL,16.0,2026-06-18,134435,835,1123,539,17.115,REPEATEDHITS,True,False,False,134435,0,8134324031.0,10,ASK,LONG,1.0
BMNR,2026-06-05 18:08:46.722356+00:00,CALL,24.0,2026-07-24,11554,304,334,0,15.99,REPEATEDHITS,True,False,False,0,11554,8134324031.0,49,BID,SHORT,0.5
BMNR,2026-06-05 17:16:43.289152+00:00,CALL,16.0,2026-06-05,18000,1000,5392,495,16.07,REPEATEDHITS,False,False,False,0,18000,8134324031.0,0,BID,SHORT,0.5
BMNR,2026-06-05 16:57:15.341906+00:00,CALL,16.0,2026-08-21,30780,114,1476,77,16.2,REPEATEDHITS,True,False,False,30780,0,8134324031.0,77,ASK,LONG,1.0
BMNR,2026-06-05 16:51:39.347481+00:00,CALL,16.0,2026-08-21,79535,299,1360,77,16.125,REPEATEDHITS,False,False,False,47881,28462,8134324031.0,77,ASK,LONG,1.0
BMNR,2026-06-05 16:50:28.689277+00:00,PUT,10.0,2026-07-17,42656,2666,2689,0,16.125,REPEATEDHITS,False,False,False,42656,0,8134324031.0,42,ASK,SHORT,1.0
BMNR,2026-06-05 15:41:36.279976+00:00,PUT,12.0,2026-08-21,92960,1162,1174,275,15.795,REPEATEDHITS,False,False,False,92960,0,8134324031.0,77,ASK,SHORT,1.0
BMNR,2026-06-05 14:07:37.425852+00:00,PUT,5.0,2026-11-20,14690,1050,1101,54,16.1099,REPEATEDHITSDESCENDINGFILL,True,False,False,14560,0,8134324031.0,168,ASK,SHORT,1.0
BMNR,2026-06-04 17:57:58.536385+00:00,CALL,16.0,2026-07-17,27940,110,226,49,17.125,REPEATEDHITS,True,False,False,27940,0,8134324031.0,43,ASK,LONG,1.0
BMNR,2026-06-04 17:14:19.572666+00:00,CALL,17.5,2026-06-18,10434,130,199,114,16.915,REPEATEDHITSASCENDINGFILL,False,False,False,0,10434,8134324031.0,14,BID,SHORT,0.5
BMNR,2026-06-04 16:22:19.091499+00:00,CALL,25.0,2026-06-26,15885,1765,2820,880,17.0001,REPEATEDHITS,False,False,False,0,14733,8134324031.0,22,BID,SHORT,0.5
BMNR,2026-06-04 15:38:02.590336+00:00,CALL,17.0,2027-01-15,242500,500,530,297,17.075,REPEATEDHITS,False,False,False,145985,80995,8134324031.0,225,ASK,LONG,1.0
BMNR,2026-06-03 19:53:39.632389+00:00,PUT,12.0,2026-06-26,27093,2463,2529,657,16.965,REPEATEDHITS,False,False,False,27093,0,8134324031.0,23,ASK,SHORT,1.0
BMNR,2026-06-03 19:30:21.235898+00:00,CALL,17.0,2026-06-12,11250,150,1101,41,16.835,REPEATEDHITS,False,False,False,11250,0,8134324031.0,9,ASK,LONG,1.0
BMNR,2026-06-03 17:04:22.510708+00:00,CALL,17.0,2026-06-05,14700,300,2381,284,17.08,REPEATEDHITS,False,False,False,0,14700,8134324031.0,2,BID,SHORT,0.5
BMNR,2026-06-03 16:33:09.044597+00:00,CALL,17.0,2026-06-05,13800,300,1852,284,16.955,REPEATEDHITS,False,False,False,13800,0,8134324031.0,2,ASK,LONG,1.0
BMNR,2026-06-03 16:17:30.947372+00:00,CALL,17.0,2026-06-05,14100,300,1506,284,17.02,REPEATEDHITS,False,False,False,0,14100,8134324031.0,2,BID,SHORT,0.5
BMNR,2026-06-03 16:05:23.058546+00:00,CALL,17.0,2026-06-05,15000,300,1037,284,17.025,REPEATEDHITS,False,False,False,15000,0,8134324031.0,2,ASK,LONG,1.0
BMNR,2026-06-02 15:03:23.084303+00:00,PUT,12.0,2027-01-15,62560,401,401,219,18.0151,REPEATEDHITS,False,False,False,0,62560,8134324031.0,227,BID,LONG,0.5
BMNR,2026-06-02 13:55:08.864701+00:00,PUT,18.5,2026-06-26,125733,808,809,407,18.3199,REPEATEDHITSDESCENDINGFILL,False,False,False,93462,32271,8134324031.0,24,ASK,SHORT,1.0
BMNR,2026-06-01 17:30:14.128918+00:00,PUT,21.0,2026-06-05,1672803,9242,9343,2572,19.34,REPEATEDHITSDESCENDINGFILL,True,False,False,1672803,0,8134324031.0,4,ASK,SHORT,1.0
BMNR,2026-06-01 13:35:08.897233+00:00,CALL,17.0,2026-07-17,57000,200,200,36,18.525,REPEATEDHITS,False,False,False,9120,35625,8134324031.0,46,BID,SHORT,0.5
BMNR,2026-05-29 16:21:42.422451+00:00,PUT,19.5,2026-06-05,70184,1000,1209,972,19.535,REPEATEDHITSASCENDINGFILL,True,False,False,7314,62799,8134324031.0,7,BID,LONG,0.5
BROS,2026-06-24 17:17:32.930048+00:00,PUT,68.0,2026-07-02,17550,90,90,12,67.935,REPEATEDHITS,True,False,False,17550,0,9252270428.0,8,ASK,SHORT,1.0
BROS,2026-06-23 19:26:32.439467+00:00,CALL,77.5,2027-01-15,65570,83,109,60,67.51,REPEATEDHITS,False,False,False,65570,0,9252270428.0,206,ASK,LONG,1.0
BROS,2026-06-23 19:09:16.855620+00:00,CALL,80.0,2026-07-17,35310,1177,1220,860,67.5,REPEATEDHITS,False,False,False,0,35310,9252270428.0,24,BID,SHORT,0.5
BROS,2026-06-22 15:01:24.004516+00:00,PUT,72.5,2026-07-17,141480,262,262,80,68.8,REPEATEDHITS,False,False,False,0,141480,9252270428.0,25,BID,LONG,0.5
BROS,2026-06-22 13:49:30.983408+00:00,PUT,80.0,2026-06-26,15000,15,15,0,70.09,REPEATEDHITS,False,False,False,15000,0,9252270428.0,4,ASK,SHORT,1.0
BROS,2026-06-18 15:22:37.745836+00:00,PUT,75.0,2026-07-17,288834,498,498,1,71.39,REPEATEDHITS,False,False,False,288834,0,9252270428.0,29,ASK,SHORT,1.0
BROS,2026-06-17 16:34:21.841027+00:00,CALL,70.0,2026-07-24,17550,65,65,14,67.48,REPEATEDHITS,False,False,False,0,17550,9252270428.0,37,BID,SHORT,0.5
BROS,2026-06-17 15:24:27.299336+00:00,PUT,66.0,2026-06-18,10880,272,272,18,67.07,REPEATEDHITS,False,False,False,0,10880,9252270428.0,1,BID,LONG,0.5
BROS,2026-06-16 13:59:22.573644+00:00,PUT,67.5,2026-07-17,17020,46,46,44,66.86,REPEATEDHITS,True,False,False,0,17020,9252270428.0,31,BID,LONG,0.5
BROS,2026-06-15 15:19:43.444555+00:00,CALL,105.0,2027-01-15,11685,41,47,28,68.2218,REPEATEDHITS,True,False,False,11400,285,9252270428.0,214,ASK,LONG,1.0
BROS,2026-06-15 15:04:55.058680+00:00,PUT,67.5,2026-06-18,31000,310,322,140,68.23,REPEATEDHITS,False,False,False,31000,0,9252270428.0,3,ASK,SHORT,1.0
BROS,2026-06-15 14:24:10.847918+00:00,PUT,67.5,2026-09-18,149410,223,223,3,68.325,REPEATEDHITS,False,False,False,0,149410,9252270428.0,95,BID,LONG,0.5
BROS,2026-06-15 13:36:48.796034+00:00,CALL,70.0,2026-10-16,121600,152,160,108,67.8771,REPEATEDHITS,False,False,False,0,121600,9252270428.0,123,BID,SHORT,0.5
BROS,2026-06-12 17:44:57.846378+00:00,PUT,62.0,2026-07-24,127350,566,566,0,66.44,REPEATEDHITS,False,False,False,0,127350,9252270428.0,42,BID,LONG,0.5
BROS,2026-06-12 15:31:48.024219+00:00,PUT,45.0,2026-09-18,53556,510,531,304,65.74,REPEATEDHITS,False,False,False,0,53556,9252270428.0,98,BID,LONG,0.5
BROS,2026-06-11 17:10:51.268227+00:00,PUT,40.0,2026-10-16,44214,402,410,131,62.89,REPEATEDHITS,False,False,False,44214,0,9252270428.0,127,ASK,SHORT,1.0
BROS,2026-06-10 16:26:12.054093+00:00,PUT,60.0,2026-07-24,13528,33,34,0,60.4025,REPEATEDHITS,True,False,False,13528,0,9252270428.0,44,ASK,SHORT,1.0
BROS,2026-06-10 15:11:53.786330+00:00,PUT,63.0,2026-07-02,16200,36,40,0,60.445,REPEATEDHITS,True,False,False,16200,0,9252270428.0,22,ASK,SHORT,1.0
BROS,2026-06-09 14:06:31.455288+00:00,CALL,55.0,2026-09-18,536885,590,593,206,57.955,REPEATEDHITSDESCENDINGFILL,False,False,False,536885,0,9252270428.0,101,ASK,LONG,1.0
BROS,2026-06-02 18:39:27.252220+00:00,PUT,57.0,2026-07-02,114240,408,408,1,57.795,REPEATEDHITS,False,False,False,0,114240,9252270428.0,30,BID,LONG,0.5
BROS,2026-05-29 17:19:22.650847+00:00,PUT,57.5,2026-07-17,165306,435,455,88,57.88,REPEATEDHITS,False,False,False,0,165306,9252270428.0,49,BID,LONG,0.5
BROS,2026-05-29 15:38:39.250897+00:00,CALL,57.0,2026-06-12,174006,580,586,55,58.2571,REPEATEDHITS,False,False,False,0,174006,9252270428.0,14,BID,SHORT,0.5
BROS,2026-05-28 19:57:54.345067+00:00,CALL,56.0,2026-06-18,30000,100,106,75,56.605,REPEATEDHITS,False,False,False,30000,0,9252270428.0,21,ASK,LONG,1.0
BROS,2026-05-28 19:39:13.364092+00:00,CALL,60.0,2026-06-12,10189,115,206,105,56.32,REPEATEDHITSDESCENDINGFILL,False,False,False,1880,8309,9252270428.0,15,BID,SHORT,0.5
BROS,2026-05-28 15:09:31.494247+00:00,CALL,55.0,2026-06-12,13720,56,59,47,55.34,REPEATEDHITS,True,False,False,0,13720,9252270428.0,15,BID,SHORT,0.5
BROS,2026-05-27 18:32:18.625700+00:00,CALL,55.0,2026-06-05,135675,603,666,561,55.73,REPEATEDHITS,True,False,False,0,135675,9252270428.0,9,BID,SHORT,0.5
BROS,2026-05-27 14:05:08.952258+00:00,PUT,52.0,2026-06-18,231131,1849,1850,37,56.15,REPEATEDHITS,False,False,False,5000,226131,9252270428.0,22,BID,LONG,0.5
BROS,2026-05-26 15:45:09.785321+00:00,CALL,56.0,2026-06-26,15725,74,82,17,53.09,REPEATEDHITSDESCENDINGFILL,False,False,False,1050,14675,9252270428.0,31,BID,SHORT,0.5
BROS,2026-05-26 15:21:32.862443+00:00,CALL,75.0,2026-09-18,183732,1225,1225,176,52.575,REPEATEDHITSDESCENDINGFILL,False,False,False,183732,0,9252270428.0,115,ASK,LONG,1.0
BROS,2026-05-26 15:07:11.661738+00:00,PUT,55.0,2026-06-18,483822,1152,1152,359,52.54,REPEATEDHITSDESCENDINGFILL,False,False,False,483822,0,9252270428.0,23,ASK,SHORT,1.0
BROS,2026-05-26 14:48:18.787895+00:00,CALL,57.5,2026-07-17,420727,1870,1873,225,52.73,REPEATEDHITSDESCENDINGFILL,False,False,False,413527,0,9252270428.0,52,ASK,LONG,1.0
BROS,2026-05-22 17:29:47.193585+00:00,PUT,54.0,2026-05-29,21120,96,103,11,52.28,REPEATEDHITS,False,False,False,0,21120,9252270428.0,7,BID,LONG,0.5
BROS,2026-05-20 17:25:07.129143+00:00,CALL,55.0,2026-05-29,39270,238,798,179,55.04,REPEATEDHITS,False,False,False,165,38940,9252270428.0,9,BID,SHORT,0.5
BROS,2026-05-20 16:14:15.029619+00:00,CALL,55.0,2026-05-29,32000,200,278,179,54.86,REPEATEDHITS,False,False,False,23040,0,9252270428.0,9,ASK,LONG,1.0
BROS,2026-05-18 14:55:05.198806+00:00,CALL,50.0,2026-06-26,18000,36,53,10,52.72,REPEATEDHITS,False,False,False,0,18000,9252270428.0,39,BID,SHORT,0.5
BROS,2026-05-13 18:25:00.533432+00:00,PUT,49.0,2026-05-22,31040,194,270,122,49.3,REPEATEDHITS,False,False,False,28640,2400,9252270428.0,9,ASK,SHORT,1.0
BROS,2026-05-08 19:47:03.918611+00:00,CALL,47.0,2026-06-26,13140,18,18,0,52.26,REPEATEDHITS,False,False,False,12410,730,9252270428.0,49,ASK,LONG,1.0
BROS,2026-05-08 17:50:09.394779+00:00,CALL,52.0,2026-06-05,15000,50,50,7,51.63,REPEATEDHITS,False,False,False,0,15000,9252270428.0,28,BID,SHORT,0.5
BROS,2026-05-07 14:33:19.321031+00:00,PUT,52.0,2026-05-15,60056,522,544,66,54.05,REPEATEDHITSASCENDINGFILL,False,False,False,0,59136,9252270428.0,8,BID,LONG,0.5
BROS,2026-05-07 14:33:19.321031+00:00,PUT,52.5,2026-05-15,36320,269,270,213,54.05,REPEATEDHITS,False,False,False,7290,29030,9252270428.0,8,BID,LONG,0.5
BROS,2026-05-06 19:36:52.446505+00:00,PUT,64.0,2026-05-08,33500,50,50,0,58.8281,REPEATEDHITS,False,False,False,33500,0,9252270428.0,2,ASK,SHORT,1.0
BW,2026-06-24 17:22:49.983117+00:00,PUT,15.0,2026-08-21,14280,51,52,17,14.72,REPEATEDHITS,True,False,False,14280,0,2165778766.0,58,ASK,SHORT,1.0
BW,2026-06-23 18:43:40.945580+00:00,PUT,15.5,2026-06-26,17320,315,321,279,16.09,REPEATEDHITS,False,False,False,17270,50,2165778766.0,3,ASK,SHORT,1.0
BW,2026-06-23 16:25:13.692022+00:00,CALL,14.0,2026-07-17,143702,450,900,0,16.355,REPEATEDHITSDESCENDINGFILL,False,False,False,126422,17280,2165778766.0,24,ASK,LONG,1.0
BW,2026-06-18 14:30:32.496415+00:00,CALL,35.0,2027-01-15,32800,160,195,114,17.08,REPEATEDHITS,False,False,False,0,32800,2165778766.0,211,BID,SHORT,0.5
BW,2026-06-05 19:01:31.107191+00:00,CALL,15.0,2026-06-12,16800,96,136,40,16.17,REPEATEDHITS,True,False,False,16800,0,2165778766.0,7,ASK,LONG,1.0
BW,2026-05-26 15:11:13.019263+00:00,PUT,19.0,2026-11-20,55550,101,101,2,19.1352,REPEATEDHITS,False,False,False,9350,46200,2165778766.0,178,BID,LONG,0.5
BW,2026-05-15 15:16:48.439778+00:00,CALL,35.0,2028-01-21,125800,170,170,90,20.17,REPEATEDHITS,False,False,False,33300,67340,2165778766.0,616,BID,SHORT,0.5
BW,2026-05-12 18:52:04.674777+00:00,CALL,19.5,2026-05-29,10782,60,60,2,19.37,REPEATEDHITSDESCENDINGFILL,False,False,False,10782,0,2165778766.0,17,ASK,LONG,1.0
BW,2026-05-11 19:45:53.766445+00:00,CALL,22.0,2026-06-18,17464,100,5162,89,18.9,REPEATEDHITSASCENDINGFILL,False,False,False,17464,0,2165778766.0,38,ASK,LONG,1.0
BW,2026-05-11 19:02:40.916902+00:00,CALL,20.0,2026-05-22,11100,111,1371,11,18.34,REPEATEDHITS,False,False,False,0,11100,2165778766.0,11,BID,SHORT,0.5
BW,2026-05-11 18:07:22.821093+00:00,CALL,17.0,2026-06-18,11220,33,457,13,18.4525,REPEATEDHITS,False,False,False,0,11220,2165778766.0,38,BID,SHORT,0.5
BW,2026-05-11 17:21:02.458347+00:00,CALL,19.0,2026-05-15,71250,750,1019,180,18.54,REPEATEDHITS,False,False,False,71250,0,2165778766.0,4,ASK,LONG,1.0
BW,2026-05-11 15:53:09.110185+00:00,PUT,12.5,2026-05-29,38717,1933,4794,14,17.66,REPEATEDHITS,False,False,False,0,38717,2165778766.0,18,BID,LONG,0.5
BW,2026-05-11 15:46:17.672919+00:00,PUT,12.5,2026-05-29,12760,638,2347,14,17.71,REPEATEDHITS,False,False,False,0,12760,2165778766.0,18,BID,LONG,0.5
BW,2026-05-11 14:54:33.715858+00:00,CALL,35.0,2026-11-20,93150,405,405,27,18.2,REPEATEDHITS,False,False,False,93150,0,2165778766.0,193,ASK,LONG,1.0
BW,2026-05-11 14:42:21.077019+00:00,CALL,18.0,2026-05-15,51750,450,512,227,18.0301,REPEATEDHITS,False,False,False,1725,0,2165778766.0,4,ASK,LONG,1.0
BW,2026-05-08 19:49:41.645036+00:00,CALL,14.5,2026-05-15,22200,148,214,52,14.62,REPEATEDHITS,False,False,False,22200,0,2165778766.0,7,ASK,LONG,1.0
CAR,2026-06-24 18:19:19.995482+00:00,PUT,172.5,2026-07-17,232360,314,314,7,178.61,REPEATEDHITS,True,False,False,0,232360,6727996834.0,23,BID,LONG,0.5
CAR,2026-06-24 18:19:19.995482+00:00,PUT,165.0,2026-07-10,44100,126,126,100,178.21,REPEATEDHITS,True,False,False,0,44100,6727996834.0,16,BID,LONG,0.5
CAR,2026-06-24 13:56:40.572389+00:00,PUT,177.5,2026-06-26,48499,97,231,67,177.0,REPEATEDHITS,True,False,False,48499,0,6727996834.0,2,ASK,SHORT,1.0
CAR,2026-06-23 16:20:54.040874+00:00,PUT,180.0,2026-07-24,12480,16,21,10,192.325,REPEATEDHITSASCENDINGFILL,True,False,False,6310,6170,6727996834.0,31,ASK,SHORT,1.0
CAR,2026-06-23 13:44:27.010753+00:00,PUT,182.5,2026-07-17,16600,24,34,0,192.45,REPEATEDHITS,False,False,False,16600,0,6727996834.0,24,ASK,SHORT,1.0
CAR,2026-06-17 16:46:14.560323+00:00,PUT,192.5,2026-07-24,97400,55,55,0,184.465,REPEATEDHITSDESCENDINGFILL,False,False,False,95630,1770,6727996834.0,37,ASK,SHORT,1.0
CAR,2026-06-17 15:07:14.604316+00:00,CALL,205.0,2026-07-31,17010,21,21,0,179.88,REPEATEDHITS,True,False,False,16200,810,6727996834.0,44,ASK,LONG,1.0
CAR,2026-06-17 14:06:47.067681+00:00,PUT,187.5,2026-06-26,33960,39,50,11,183.931,REPEATEDHITSASCENDINGFILL,True,False,False,14940,19020,6727996834.0,9,BID,LONG,0.5
CAR,2026-06-17 14:06:47.067681+00:00,PUT,187.5,2026-06-26,42000,48,98,11,183.931,REPEATEDHITSASCENDINGFILL,True,False,False,10560,31440,6727996834.0,9,BID,LONG,0.5
CAR,2026-06-17 14:06:47.067681+00:00,PUT,190.0,2026-06-26,29870,29,37,26,183.931,REPEATEDHITSASCENDINGFILL,True,False,False,12480,17390,6727996834.0,9,BID,LONG,0.5
CAR,2026-06-15 16:00:44.650081+00:00,PUT,192.5,2026-06-26,82144,87,92,14,189.72,REPEATEDHITSDESCENDINGFILL,True,False,False,53834,17860,6727996834.0,11,ASK,SHORT,1.0
CAR,2026-06-15 14:45:09.069807+00:00,PUT,210.0,2027-01-15,56538,11,11,6,190.035,REPEATEDHITS,False,False,False,56538,0,6727996834.0,214,ASK,SHORT,1.0
CAR,2026-06-12 16:41:13.640504+00:00,CALL,470.0,2027-01-15,17050,31,31,16,187.5,REPEATEDHITS,False,False,False,15950,0,6727996834.0,217,ASK,LONG,1.0
CAR,2026-06-11 16:20:34.895889+00:00,PUT,192.5,2026-06-26,13780,13,13,1,190.21,REPEATEDHITS,True,False,False,12720,1060,6727996834.0,15,ASK,SHORT,1.0
CAR,2026-06-10 18:23:25.734526+00:00,CALL,192.5,2026-06-12,15325,81,130,18,184.28,REPEATEDHITSDESCENDINGFILL,False,False,False,9435,0,6727996834.0,2,ASK,LONG,1.0
CAR,2026-06-10 15:08:50.707027+00:00,CALL,185.0,2026-06-26,23110,24,32,7,185.25,REPEATEDHITSASCENDINGFILL,True,False,False,11590,11520,6727996834.0,16,ASK,LONG,1.0
CAR,2026-06-09 15:20:01.082031+00:00,CALL,220.0,2026-07-24,11880,25,32,10,179.75,REPEATEDHITSDESCENDINGFILL,False,False,False,2450,9430,6727996834.0,45,BID,SHORT,0.5
CAR,2026-06-09 14:08:29.447188+00:00,PUT,202.5,2026-06-12,19200,8,9,5,178.6,REPEATEDHITS,False,False,False,16800,2400,6727996834.0,3,ASK,SHORT,1.0
CAR,2026-06-05 14:46:41.879242+00:00,CALL,175.0,2026-07-24,13590,9,9,0,171.8199,REPEATEDHITS,False,False,False,12080,1510,6727996834.0,49,ASK,LONG,1.0
CAR,2026-06-04 19:27:43.498802+00:00,CALL,182.5,2026-07-02,64110,70,298,1,176.16,REPEATEDHITSDESCENDINGFILL,False,False,False,48640,15470,6727996834.0,28,ASK,LONG,1.0
CAR,2026-06-04 19:08:55.540185+00:00,CALL,182.5,2026-07-02,186520,195,195,1,175.38,REPEATEDHITSDESCENDINGFILL,True,False,False,178540,7980,6727996834.0,28,ASK,LONG,1.0
CAR,2026-06-04 19:08:55.540185+00:00,CALL,185.0,2026-07-02,26780,32,32,0,175.47,REPEATEDHITSDESCENDINGFILL,False,False,False,17180,9600,6727996834.0,28,ASK,LONG,1.0
CAR,2026-06-04 16:35:31.842350+00:00,CALL,167.5,2026-06-05,147580,136,180,34,178.17,REPEATEDHITSASCENDINGFILL,True,False,False,68540,79040,6727996834.0,1,BID,SHORT,0.5
CAR,2026-06-04 16:26:34.850884+00:00,PUT,170.0,2026-07-02,70240,79,89,10,179.0,REPEATEDHITS,True,False,False,70240,0,6727996834.0,28,ASK,SHORT,1.0
CAR,2026-06-04 16:26:34.850884+00:00,CALL,172.5,2026-06-05,37620,49,121,38,179.68,REPEATEDHITSDESCENDINGFILL,True,False,False,4620,33000,6727996834.0,1,BID,SHORT,0.5
CAR,2026-06-04 16:18:59.234504+00:00,PUT,180.0,2026-06-12,26600,35,38,19,178.65,REPEATEDHITS,True,False,False,26600,0,6727996834.0,8,ASK,SHORT,1.0
CAR,2026-06-03 14:38:32.934133+00:00,PUT,165.0,2026-11-20,32880,12,12,5,174.22,REPEATEDHITS,False,False,False,2740,10960,6727996834.0,170,BID,LONG,0.5
CAR,2026-06-03 14:31:05.589298+00:00,PUT,172.5,2026-07-02,32470,26,26,1,173.615,REPEATEDHITSDESCENDINGFILL,False,False,False,21460,11010,6727996834.0,29,ASK,SHORT,1.0
CAR,2026-06-02 18:04:16.538290+00:00,PUT,177.5,2026-06-26,12720,8,8,1,170.935,REPEATEDHITS,False,False,False,12720,0,6727996834.0,24,ASK,SHORT,1.0
CAR,2026-06-01 19:53:26.737677+00:00,CALL,170.0,2026-07-10,12800,8,9,0,170.28,REPEATEDHITS,False,False,False,11200,1600,6727996834.0,39,ASK,LONG,1.0
CAR,2026-06-01 16:04:50.121873+00:00,CALL,149.0,2026-07-10,118200,40,50,0,172.03,REPEATEDHITSDESCENDINGFILL,True,False,False,59600,58600,6727996834.0,39,ASK,LONG,1.0
CAR,2026-06-01 16:04:50.121873+00:00,CALL,150.0,2026-07-10,173500,60,70,0,172.03,REPEATEDHITSDESCENDINGFILL,False,False,False,29200,144300,6727996834.0,39,BID,SHORT,0.5
CAR,2026-06-01 15:57:31.321739+00:00,PUT,177.5,2026-07-10,194250,105,106,0,173.81,REPEATEDHITS,False,False,False,1850,192400,6727996834.0,39,BID,LONG,0.5
CAR,2026-06-01 14:34:29.999992+00:00,CALL,195.0,2026-08-21,285000,150,350,36,176.26,REPEATEDHITS,False,False,False,285000,0,6727996834.0,81,ASK,LONG,1.0
CAR,2026-05-29 19:45:16.310938+00:00,PUT,182.5,2026-06-05,62720,74,118,1,180.69,REPEATEDHITSASCENDINGFILL,True,False,False,20370,41490,6727996834.0,7,BID,LONG,0.5
CAR,2026-05-29 19:45:16.310938+00:00,PUT,185.0,2026-06-05,23250,23,111,13,180.69,REPEATEDHITS,True,False,False,18200,5050,6727996834.0,7,ASK,SHORT,1.0
CAR,2026-05-29 19:34:12.370906+00:00,PUT,182.5,2026-06-05,37720,37,37,1,178.13,REPEATEDHITSDESCENDINGFILL,True,False,False,36710,0,6727996834.0,7,ASK,SHORT,1.0
CAR,2026-05-29 19:02:57.921684+00:00,PUT,190.0,2026-06-12,25750,16,19,6,180.84,REPEATEDHITS,False,False,False,25750,0,6727996834.0,14,ASK,SHORT,1.0
CAR,2026-05-29 18:49:44.340836+00:00,CALL,260.0,2026-11-20,30220,18,18,7,179.205,REPEATEDHITS,False,False,False,6720,6700,6727996834.0,175,ASK,LONG,1.0
CAR,2026-05-29 17:41:35.355350+00:00,PUT,185.0,2026-06-05,53260,45,64,13,177.56,REPEATEDHITSDESCENDINGFILL,False,False,False,9520,43740,6727996834.0,7,BID,LONG,0.5
CAR,2026-05-29 16:21:29.210140+00:00,CALL,175.0,2026-06-05,22163,34,41,25,173.82,REPEATEDHITS,False,False,False,12930,9233,6727996834.0,7,ASK,LONG,1.0
CAR,2026-05-28 18:48:37.190308+00:00,PUT,172.5,2026-06-05,25554,36,69,16,174.08,REPEATEDHITSDESCENDINGFILL,False,False,False,25554,0,6727996834.0,8,ASK,SHORT,1.0
CAR,2026-05-28 18:48:16.755177+00:00,PUT,175.0,2026-06-26,31970,23,24,5,175.16,REPEATEDHITS,False,False,False,31970,0,6727996834.0,29,ASK,SHORT,1.0
CAR,2026-05-28 18:38:34.970949+00:00,PUT,172.5,2026-06-05,11950,20,33,16,176.49,REPEATEDHITSDESCENDINGFILL,False,False,False,8980,2970,6727996834.0,8,ASK,SHORT,1.0
CAR,2026-05-28 15:21:19.826733+00:00,CALL,175.0,2026-07-17,64720,32,51,13,177.0,REPEATEDHITSASCENDINGFILL,False,False,False,30350,34370,6727996834.0,50,BID,SHORT,0.5
CAR,2026-05-27 16:21:30.276069+00:00,PUT,157.5,2026-06-05,16400,39,39,11,166.45,REPEATEDHITS,True,False,False,0,16400,6727996834.0,9,BID,LONG,0.5
CAR,2026-05-27 16:21:30.276069+00:00,PUT,155.0,2026-06-12,48470,95,100,15,166.45,REPEATEDHITS,True,False,False,0,47430,6727996834.0,16,BID,LONG,0.5
CAR,2026-05-27 16:21:30.276069+00:00,PUT,165.0,2026-06-12,93043,99,99,1,166.45,REPEATEDHITS,True,False,False,8460,84583,6727996834.0,16,BID,LONG,0.5
CAR,2026-05-27 16:21:30.276069+00:00,PUT,160.0,2026-06-12,176446,252,252,247,166.45,REPEATEDHITSASCENDINGFILL,True,False,False,2840,161006,6727996834.0,16,BID,LONG,0.5
CAR,2026-05-27 16:07:36.559377+00:00,PUT,157.5,2026-06-18,63841,84,212,22,165.015,REPEATEDHITS,False,False,False,0,63841,6727996834.0,22,BID,LONG,0.5
CAT,2026-06-24 16:03:15.425745+00:00,CALL,1010.0,2026-07-10,134550,45,45,28,1000.095,REPEATEDHITS,False,False,False,0,134550,453377386470.0,16,BID,SHORT,0.5
CAT,2026-06-24 14:52:45.577525+00:00,CALL,990.0,2026-07-10,113595,27,34,20,1002.64,REPEATEDHITSASCENDINGFILL,True,False,False,80000,33595,453377386470.0,16,ASK,LONG,1.0
CAT,2026-06-23 19:32:45.737769+00:00,PUT,955.0,2026-07-10,551168,260,268,4,984.3,REPEATEDHITSDESCENDINGFILL,False,False,False,540593,10575,453377386470.0,17,ASK,SHORT,1.0
CAT,2026-06-23 18:53:59.828868+00:00,CALL,1140.0,2026-07-24,92800,160,162,2,982.685,REPEATEDHITS,False,False,False,0,92800,453377386470.0,31,BID,SHORT,0.5
CAT,2026-06-23 16:49:54.725826+00:00,CALL,1080.0,2026-08-21,3767758,961,979,149,993.68,REPEATEDHITSASCENDINGFILL,False,False,False,55440,3712318,453377386470.0,59,BID,SHORT,0.5
CAT,2026-06-23 14:38:16.098138+00:00,PUT,940.0,2026-06-26,66620,139,240,99,980.11,REPEATEDHITSDESCENDINGFILL,False,False,False,24460,42160,453377386470.0,3,BID,LONG,0.5
CAT,2026-06-23 14:05:53.148757+00:00,PUT,965.0,2026-06-26,575000,500,657,53,978.75,REPEATEDHITS,False,False,False,322000,0,453377386470.0,3,ASK,SHORT,1.0
CAT,2026-06-23 13:48:35.652324+00:00,PUT,935.0,2026-07-17,457030,200,200,18,978.93,REPEATEDHITS,False,False,False,338175,118855,453377386470.0,24,ASK,SHORT,1.0
CAT,2026-06-22 19:39:31.121867+00:00,PUT,965.0,2026-07-10,60525,40,42,0,1017.18,REPEATEDHITSDESCENDINGFILL,False,False,False,60525,0,453377386470.0,18,ASK,SHORT,1.0
CAT,2026-06-22 19:35:57.887240+00:00,PUT,790.0,2026-09-18,941979,772,788,392,1016.42,REPEATEDHITSASCENDINGFILL,False,False,False,23275,913804,453377386470.0,88,BID,LONG,0.5
CAT,2026-06-22 19:21:05.880317+00:00,CALL,1025.0,2026-07-17,79100,20,181,0,1016.4,REPEATEDHITS,False,False,False,3955,59325,453377386470.0,25,BID,SHORT,0.5
CAT,2026-06-22 18:29:20.680242+00:00,PUT,840.0,2026-08-21,347141,266,272,227,1018.65,REPEATEDHITSASCENDINGFILL,False,False,False,0,347141,453377386470.0,60,BID,LONG,0.5
CAT,2026-06-22 15:46:18.954251+00:00,PUT,1020.0,2026-08-21,109275,15,21,13,1016.64,REPEATEDHITS,False,False,False,80135,29140,453377386470.0,60,ASK,SHORT,1.0
CAT,2026-06-22 14:09:22.615629+00:00,CALL,1020.0,2026-06-26,732000,488,533,69,1010.76,REPEATEDHITS,False,False,False,10500,721500,453377386470.0,4,BID,SHORT,0.5
CAT,2026-06-18 16:17:12.701422+00:00,PUT,955.0,2026-06-26,73527,87,103,62,987.84,REPEATEDHITS,False,False,False,0,73527,453377386470.0,8,BID,LONG,0.5
CAT,2026-06-18 15:19:49.556266+00:00,PUT,870.0,2026-07-31,383548,281,301,17,987.98,REPEATEDHITSDESCENDINGFILL,True,False,False,379468,4080,453377386470.0,43,ASK,SHORT,1.0
CAT,2026-06-18 14:00:45.263043+00:00,CALL,900.0,2026-07-31,150650,14,14,1,983.5116,REPEATEDHITSDESCENDINGFILL,True,False,False,21530,129120,453377386470.0,43,BID,SHORT,0.5
CAT,2026-06-17 19:11:10.768465+00:00,PUT,1000.0,2026-06-26,159845,38,88,1,968.936,REPEATEDHITSASCENDINGFILL,False,False,False,117895,41950,453377386470.0,9,ASK,SHORT,1.0
CAT,2026-06-17 18:36:35.300125+00:00,PUT,890.0,2026-07-10,427125,425,428,15,967.48,REPEATEDHITS,False,False,False,427125,0,453377386470.0,23,ASK,SHORT,1.0
CAT,2026-06-17 16:37:18.805635+00:00,PUT,870.0,2026-07-10,213500,350,354,22,968.3,REPEATEDHITS,False,False,False,213500,0,453377386470.0,23,ASK,SHORT,1.0
CAT,2026-06-17 16:22:28.439445+00:00,PUT,975.0,2026-06-26,132098,51,51,1,967.975,REPEATEDHITSDESCENDINGFILL,False,False,False,121753,10345,453377386470.0,9,ASK,SHORT,1.0
CAT,2026-06-17 15:08:55.125589+00:00,CALL,970.0,2026-07-02,152350,52,62,17,966.13,REPEATEDHITS,False,False,False,149420,2930,453377386470.0,15,ASK,LONG,1.0
CAT,2026-06-17 14:55:38.071783+00:00,CALL,1030.0,2026-07-10,186872,125,125,34,967.85,REPEATEDHITS,False,False,False,186872,0,453377386470.0,23,ASK,LONG,1.0
CAT,2026-06-17 13:41:42.989889+00:00,CALL,1200.0,2026-07-17,63776,400,440,48,960.5,REPEATEDHITSASCENDINGFILL,False,False,False,63776,0,453377386470.0,30,ASK,LONG,1.0
CAT,2026-06-16 18:06:51.115864+00:00,CALL,1280.0,2026-09-18,71400,68,68,14,958.7801,REPEATEDHITS,False,False,False,1050,70350,453377386470.0,94,BID,SHORT,0.5
CAT,2026-06-16 15:22:11.447114+00:00,CALL,960.0,2026-06-18,460460,502,600,282,952.775,REPEATEDHITSASCENDINGFILL,True,False,False,209450,251010,453377386470.0,2,BID,SHORT,0.5
CAT,2026-06-15 14:01:41.405368+00:00,CALL,820.0,2026-07-02,106265,9,9,1,933.48,REPEATEDHITSDESCENDINGFILL,True,False,False,94460,11805,453377386470.0,17,ASK,LONG,1.0
CAT,2026-06-15 14:00:22.448121+00:00,PUT,850.0,2026-07-02,172890,266,267,84,933.26,REPEATEDHITSDESCENDINGFILL,True,False,False,172245,645,453377386470.0,17,ASK,SHORT,1.0
CAT,2026-06-15 13:59:30.745504+00:00,PUT,940.0,2026-07-31,66570,12,18,0,935.22,REPEATEDHITS,True,False,False,49965,16605,453377386470.0,46,ASK,SHORT,1.0
CAT,2026-06-11 18:36:22.223250+00:00,PUT,870.0,2026-09-18,340500,50,51,42,891.96,REPEATEDHITS,False,False,False,0,340500,453377386470.0,99,BID,LONG,0.5
CAT,2026-06-11 17:50:17.366173+00:00,PUT,907.5,2026-06-12,120495,57,59,13,889.35,REPEATEDHITSDESCENDINGFILL,True,False,False,89190,31305,453377386470.0,1,ASK,SHORT,1.0
CAT,2026-06-11 17:50:17.366173+00:00,PUT,907.5,2026-06-18,110620,34,34,27,890.005,REPEATEDHITSDESCENDINGFILL,True,False,False,110620,0,453377386470.0,7,ASK,SHORT,1.0
CAT,2026-06-11 16:30:56.830723+00:00,PUT,775.0,2026-07-02,116998,200,203,22,882.025,REPEATEDHITS,False,False,False,116998,0,453377386470.0,21,ASK,SHORT,1.0
CAT,2026-06-11 16:26:56.048633+00:00,PUT,882.5,2026-06-18,114400,52,58,20,882.645,REPEATEDHITS,False,False,False,114400,0,453377386470.0,7,ASK,SHORT,1.0
CAT,2026-06-11 14:51:02.958086+00:00,CALL,925.0,2026-06-26,408910,258,262,67,884.6301,REPEATEDHITSDESCENDINGFILL,True,False,False,405750,3160,453377386470.0,15,ASK,LONG,1.0
CAT,2026-06-09 18:59:26.018181+00:00,PUT,905.0,2026-07-10,56150,15,15,0,914.885,REPEATEDHITSASCENDINGFILL,True,False,False,15160,40990,453377386470.0,31,BID,LONG,0.5
CAT,2026-06-09 13:55:32.148087+00:00,CALL,970.0,2026-06-12,72820,150,172,89,934.72,REPEATEDHITSASCENDINGFILL,False,False,False,72820,0,453377386470.0,3,ASK,LONG,1.0
CAT,2026-06-08 19:10:22.863066+00:00,CALL,915.0,2026-06-12,244530,143,198,84,911.81,REPEATEDHITS,False,False,False,244530,0,453377386470.0,4,ASK,LONG,1.0
CAT,2026-06-08 17:58:48.726834+00:00,PUT,980.0,2026-07-24,114300,12,17,0,908.2,REPEATEDHITS,False,False,False,0,114300,453377386470.0,46,BID,LONG,0.5
CAT,2026-06-08 15:56:48.403212+00:00,CALL,915.0,2026-07-02,196295,53,60,22,908.035,REPEATEDHITSASCENDINGFILL,True,False,False,99735,96560,453377386470.0,24,ASK,LONG,1.0
CAT,2026-06-08 15:05:10.243390+00:00,PUT,810.0,2026-06-26,184824,366,367,22,909.5,REPEATEDHITS,False,False,False,184824,0,453377386470.0,18,ASK,SHORT,1.0
CAT,2026-06-05 18:18:37.421091+00:00,PUT,920.0,2026-06-12,1256212,500,564,55,909.915,REPEATEDHITSDESCENDINGFILL,False,False,False,0,1256212,453377386470.0,7,BID,LONG,0.5
CAT,2026-06-05 14:26:29.354366+00:00,CALL,1280.0,2028-01-21,77180,7,7,5,924.96,REPEATEDHITS,True,False,False,11090,66090,453377386470.0,595,BID,SHORT,0.5
CAT,2026-06-05 14:00:16.456283+00:00,PUT,830.0,2026-06-18,89180,196,202,166,914.0,REPEATEDHITS,False,False,False,89180,0,453377386470.0,13,ASK,SHORT,1.0
CAT,2026-06-04 19:44:27.053432+00:00,CALL,900.0,2026-07-10,78375,11,13,6,940.455,REPEATEDHITS,True,False,False,0,78375,453377386470.0,36,BID,SHORT,0.5
CAT,2026-06-04 16:46:20.401726+00:00,CALL,945.0,2026-06-05,317500,500,547,104,939.25,REPEATEDHITS,False,False,False,100330,217170,453377386470.0,1,BID,SHORT,0.5
CAT,2026-06-03 19:48:40.359504+00:00,CALL,800.0,2026-07-02,82200,6,6,2,928.54,REPEATEDHITS,True,False,False,0,82200,453377386470.0,29,BID,SHORT,0.5
CAT,2026-06-03 17:38:11.010649+00:00,PUT,860.0,2026-07-02,520030,323,325,15,924.14,REPEATEDHITS,False,False,False,0,520030,453377386470.0,29,BID,LONG,0.5
CAT,2026-06-03 16:21:22.543805+00:00,PUT,960.0,2026-06-18,239760,48,48,11,927.41,REPEATEDHITS,False,False,False,239760,0,453377386470.0,15,ASK,SHORT,1.0
CAT,2026-06-02 19:15:16.989188+00:00,CALL,1200.0,2026-11-20,72255,25,25,7,905.615,REPEATEDHITSDESCENDINGFILL,True,False,False,72255,0,453377386470.0,171,ASK,LONG,1.0
CELH,2026-06-24 17:46:32.765764+00:00,CALL,28.0,2026-07-24,15624,72,72,14,28.37,REPEATEDHITS,True,False,False,15624,0,7198832538.0,30,ASK,LONG,1.0
CELH,2026-06-18 17:09:07.101590+00:00,CALL,31.5,2026-06-26,20304,282,346,156,30.6799,REPEATEDHITS,False,False,False,19944,0,7198832538.0,8,ASK,LONG,1.0
CELH,2026-06-18 15:29:35.947379+00:00,PUT,30.5,2026-06-26,90612,839,2097,52,30.54,REPEATEDHITS,False,False,False,0,90612,7198832538.0,8,BID,LONG,0.5
CELH,2026-06-12 16:04:09.285742+00:00,PUT,27.5,2026-08-21,172579,587,606,189,28.28,REPEATEDHITS,False,False,False,3529,169050,7198832538.0,70,BID,LONG,0.5
CELH,2026-06-10 19:18:49.391588+00:00,CALL,35.0,2026-08-21,39070,244,3010,108,28.42,REPEATEDHITS,True,False,False,6080,32990,7198832538.0,72,BID,SHORT,0.5
CELH,2026-06-10 19:07:24.890460+00:00,CALL,34.0,2026-07-24,10840,150,154,5,28.58,REPEATEDHITS,False,False,False,0,10840,7198832538.0,44,BID,SHORT,0.5
CELH,2026-06-10 14:01:45.697918+00:00,CALL,35.0,2026-08-21,21610,120,494,108,28.745,REPEATEDHITSDESCENDINGFILL,False,False,False,0,3610,7198832538.0,72,BID,SHORT,0.5
CELH,2026-06-09 19:58:41.284088+00:00,CALL,30.0,2026-08-21,14786,50,116,28,28.2,REPEATEDHITS,False,False,False,2691,12095,7198832538.0,73,BID,SHORT,0.5
CELH,2026-06-09 19:39:08.643497+00:00,CALL,28.5,2026-06-12,19600,400,510,162,28.04,REPEATEDHITS,True,False,False,19600,0,7198832538.0,3,ASK,LONG,1.0
CELH,2026-06-09 18:05:34.368965+00:00,CALL,30.0,2026-08-21,14750,50,62,28,28.085,REPEATEDHITS,False,False,False,12685,2065,7198832538.0,73,ASK,LONG,1.0
CELH,2026-06-09 15:23:19.557764+00:00,CALL,37.5,2026-08-21,52038,413,417,7,28.5305,REPEATEDHITS,False,False,False,0,52038,7198832538.0,73,BID,SHORT,0.5
CELH,2026-06-05 18:50:52.950762+00:00,CALL,35.0,2026-06-26,39216,1634,1682,488,28.1801,REPEATEDHITS,False,False,False,0,39216,7198832538.0,21,BID,SHORT,0.5
CELH,2026-06-05 16:29:24.631570+00:00,CALL,29.0,2026-06-12,78589,972,2110,842,28.37,REPEATEDHITSASCENDINGFILL,False,False,False,10368,35335,7198832538.0,7,BID,SHORT,0.5
CELH,2026-06-04 19:59:49.486268+00:00,CALL,30.0,2026-06-12,18603,349,873,162,27.74,REPEATEDHITSASCENDINGFILL,False,False,False,18523,80,7198832538.0,8,ASK,LONG,1.0
CELH,2026-06-04 19:15:04.871820+00:00,PUT,22.5,2026-10-16,39983,199,216,144,27.67,REPEATEDHITSDESCENDINGFILL,False,False,False,0,24833,7198832538.0,134,BID,LONG,0.5
CELH,2026-06-04 16:11:41.089046+00:00,CALL,28.5,2026-06-05,20722,506,1249,78,27.99,REPEATEDHITSDESCENDINGFILL,True,False,False,20494,228,7198832538.0,1,ASK,LONG,1.0
CELH,2026-06-04 16:10:18.001090+00:00,CALL,28.5,2026-06-05,24551,505,693,78,28.0701,REPEATEDHITSDESCENDINGFILL,True,False,False,24341,210,7198832538.0,1,ASK,LONG,1.0
CELH,2026-06-04 16:08:28.245871+00:00,CALL,28.0,2026-06-05,15000,250,350,75,27.985,REPEATEDHITS,False,False,False,7500,0,7198832538.0,1,ASK,LONG,1.0
CELH,2026-06-04 15:03:08.439549+00:00,CALL,29.0,2026-06-12,88126,634,650,58,29.59,REPEATEDHITS,False,False,False,0,88126,7198832538.0,8,BID,SHORT,0.5
CELH,2026-06-04 14:12:24.600210+00:00,CALL,27.0,2026-06-18,16450,50,50,26,29.78,REPEATEDHITSASCENDINGFILL,False,False,False,0,13810,7198832538.0,14,BID,SHORT,0.5
CELH,2026-06-04 13:57:36.278617+00:00,PUT,25.0,2026-06-18,36647,2819,2827,2483,29.98,REPEATEDHITS,False,False,False,1118,35529,7198832538.0,14,BID,LONG,0.5
CELH,2026-06-02 18:13:53.723388+00:00,PUT,30.0,2026-06-05,63936,1332,1840,1118,30.61,REPEATEDHITS,False,False,False,0,53952,7198832538.0,3,BID,LONG,0.5
CELH,2026-05-29 15:39:07.697702+00:00,CALL,33.5,2026-06-12,52088,383,385,26,32.86,REPEATEDHITS,False,False,False,0,52088,7198832538.0,14,BID,SHORT,0.5
CELH,2026-05-28 16:11:49.812659+00:00,CALL,36.0,2026-07-02,402904,2490,5046,10,32.88,SWEEPSFOLLOWEDBYFLOOR,True,True,False,400889,1085,7198832538.0,35,ASK,LONG,1.0
CELH,2026-05-28 16:10:12.258335+00:00,CALL,36.0,2026-07-02,74889,477,3046,10,32.92,REPEATEDHITS,True,False,False,74889,0,7198832538.0,35,ASK,LONG,1.0
CELH,2026-05-28 16:08:56.130616+00:00,CALL,36.0,2026-07-02,253419,1635,1637,10,32.88,REPEATEDHITS,True,False,False,0,12859,7198832538.0,35,BID,SHORT,0.5
CELH,2026-05-27 15:03:32.287282+00:00,CALL,33.0,2026-06-05,150750,1125,1253,320,32.745,REPEATEDHITS,False,False,False,0,150750,7198832538.0,9,BID,SHORT,0.5
CELH,2026-05-26 19:09:59.475141+00:00,CALL,33.0,2026-06-18,30046,362,375,23,30.03,REPEATEDHITS,False,False,False,25315,3569,7198832538.0,23,ASK,LONG,1.0
CELH,2026-05-26 19:07:27.052167+00:00,CALL,29.0,2026-05-29,410536,3159,3239,328,29.85,SWEEPSFOLLOWEDBYFLOOR,True,True,False,410536,0,7198832538.0,3,ASK,LONG,1.0
CELH,2026-05-22 18:49:37.743141+00:00,CALL,40.0,2027-06-17,100500,193,274,94,29.85,REPEATEDHITSDESCENDINGFILL,False,False,False,0,100500,7198832538.0,391,BID,SHORT,0.5
CELH,2026-05-22 18:15:53.027363+00:00,PUT,29.0,2026-06-18,18360,135,136,134,29.705,REPEATEDHITS,False,False,False,3400,14960,7198832538.0,27,BID,LONG,0.5
CELH,2026-05-21 15:50:09.316305+00:00,PUT,29.0,2026-05-29,42398,493,2015,460,29.0366,REPEATEDHITS,True,False,False,37152,5246,7198832538.0,8,ASK,SHORT,1.0
CELH,2026-05-20 18:31:22.773303+00:00,PUT,20.0,2027-03-19,34155,135,141,63,28.78,REPEATEDHITS,False,False,False,31119,3036,7198832538.0,303,ASK,SHORT,1.0
CELH,2026-05-18 17:13:29.641574+00:00,PUT,27.0,2026-06-05,54346,937,1029,516,29.23,REPEATEDHITS,False,False,False,51214,0,7198832538.0,18,ASK,SHORT,1.0
CELH,2026-05-13 16:06:09.594207+00:00,PUT,25.0,2026-10-16,1213158,4071,4074,463,28.41,REPEATEDHITS,False,False,False,1196768,0,7198832538.0,156,ASK,SHORT,1.0
CELH,2026-05-13 14:24:38.743081+00:00,PUT,22.5,2027-01-15,511475,1801,1802,537,28.92,REPEATEDHITSASCENDINGFILL,False,False,False,495004,0,7198832538.0,247,ASK,SHORT,1.0
CELH,2026-05-12 15:54:47.760606+00:00,CALL,29.5,2026-05-15,22448,300,580,135,29.38,REPEATEDHITSDESCENDINGFILL,False,False,False,19223,0,7198832538.0,3,ASK,LONG,1.0
CELH,2026-05-12 14:30:12.845751+00:00,PUT,25.0,2026-10-16,109483,407,409,210,29.41,REPEATEDHITS,False,False,False,109483,0,7198832538.0,157,ASK,SHORT,1.0
CELH,2026-05-12 14:24:03.993810+00:00,CALL,47.5,2026-09-18,138605,1459,1460,662,29.42,REPEATEDHITS,False,False,False,0,138605,7198832538.0,129,BID,SHORT,0.5
CELH,2026-05-11 15:13:01.109055+00:00,CALL,29.0,2026-05-15,57000,500,513,4,29.465,REPEATEDHITS,False,False,False,57000,0,7198832538.0,4,ASK,LONG,1.0
CELH,2026-05-11 14:59:07.028394+00:00,CALL,28.0,2026-05-15,18000,100,100,50,29.53,REPEATEDHITS,True,False,False,18000,0,7198832538.0,4,ASK,LONG,1.0
CELH,2026-05-11 14:03:44.923879+00:00,CALL,36.0,2026-05-22,35364,2526,2561,116,30.0,REPEATEDHITS,False,False,False,14,34090,7198832538.0,11,BID,SHORT,0.5
CELH,2026-05-08 15:20:47.110960+00:00,CALL,35.0,2026-10-16,276215,547,705,475,33.14,REPEATEDHITSDESCENDINGFILL,False,False,False,276215,0,7198832538.0,161,ASK,LONG,1.0
CELH,2026-05-07 19:20:41.325954+00:00,PUT,36.5,2026-05-15,12870,55,55,3,35.04,REPEATEDHITS,True,False,False,12870,0,7198832538.0,8,ASK,SHORT,1.0
CELH,2026-05-07 13:52:30.795441+00:00,PUT,33.5,2026-05-08,23868,318,767,317,34.1,REPEATEDHITS,False,False,False,0,23868,7198832538.0,1,BID,LONG,0.5
CELH,2026-05-07 13:52:30.592991+00:00,PUT,33.5,2026-05-08,26640,360,377,317,34.16,REPEATEDHITS,False,False,False,0,26640,7198832538.0,1,BID,LONG,0.5
CELH,2026-05-06 19:41:01.453773+00:00,CALL,33.5,2026-05-15,147177,684,3406,357,32.765,REPEATEDHITSDESCENDINGFILL,False,False,False,146526,651,7198832538.0,9,ASK,LONG,1.0
CELH,2026-05-06 15:24:55.818806+00:00,PUT,30.5,2026-05-08,47090,554,556,74,33.93,REPEATEDHITS,True,False,False,2125,0,7198832538.0,2,ASK,SHORT,1.0
CELH,2026-05-06 15:24:55.818806+00:00,PUT,30.0,2026-05-08,200420,3084,3155,2497,33.91,REPEATEDHITSDESCENDINGFILL,True,False,False,15925,10580,7198832538.0,2,ASK,SHORT,1.0
CELH,2026-05-06 14:42:45.150489+00:00,CALL,34.0,2026-05-15,108206,413,936,224,34.43,REPEATEDHITS,False,False,False,108206,0,7198832538.0,9,ASK,LONG,1.0
CME,2026-06-24 18:52:45.228004+00:00,CALL,230.0,2026-08-21,156920,107,109,0,233.865,REPEATEDHITSASCENDINGFILL,True,False,False,148040,8880,87784415192.0,58,ASK,LONG,1.0
CME,2026-06-24 15:06:30.499441+00:00,CALL,250.0,2026-08-21,135720,174,176,52,239.74,REPEATEDHITS,False,False,False,135720,0,87784415192.0,58,ASK,LONG,1.0
CME,2026-06-24 14:11:17.323121+00:00,CALL,245.0,2026-06-26,57450,383,501,11,240.92,REPEATEDHITS,False,False,False,0,57450,87784415192.0,2,BID,SHORT,0.5
CME,2026-06-23 16:21:50.306261+00:00,PUT,257.5,2026-07-17,60750,45,45,0,246.39,REPEATEDHITS,True,False,False,0,60750,87784415192.0,24,BID,LONG,0.5
CME,2026-06-23 15:36:07.956678+00:00,CALL,242.5,2026-06-26,108350,197,197,2,245.87,REPEATEDHITS,False,False,False,0,108350,87784415192.0,3,BID,SHORT,0.5
CME,2026-06-22 17:30:11.398349+00:00,PUT,245.0,2026-07-02,54999,110,112,27,245.355,REPEATEDHITS,False,False,False,54999,0,87784415192.0,10,ASK,SHORT,1.0
CME,2026-06-22 17:30:11.398349+00:00,PUT,235.0,2026-07-17,80143,229,230,0,245.355,REPEATEDHITS,False,False,False,80143,0,87784415192.0,25,ASK,SHORT,1.0
CME,2026-06-22 17:12:38.741929+00:00,PUT,210.0,2026-08-21,68310,414,415,189,246.37,REPEATEDHITS,False,False,False,0,68310,87784415192.0,60,BID,LONG,0.5
CME,2026-06-18 18:15:26.791542+00:00,CALL,255.0,2026-07-10,57600,144,175,18,247.19,REPEATEDHITS,False,False,False,57600,0,87784415192.0,22,ASK,LONG,1.0
CME,2026-06-17 16:22:45.665198+00:00,CALL,260.0,2026-07-17,140400,312,367,177,250.03,REPEATEDHITS,False,False,False,140400,0,87784415192.0,30,ASK,LONG,1.0
CME,2026-06-17 14:28:21.165076+00:00,CALL,250.0,2026-12-18,73600,32,33,28,250.49,REPEATEDHITS,False,False,False,0,2300,87784415192.0,184,BID,SHORT,0.5
CME,2026-06-10 19:18:45.777680+00:00,CALL,262.5,2026-06-26,81188,116,116,0,262.8099,REPEATEDHITSDESCENDINGFILL,False,False,False,65098,16090,87784415192.0,16,ASK,LONG,1.0
CME,2026-06-10 19:18:45.777680+00:00,CALL,265.0,2026-06-26,399000,700,726,10,262.8099,REPEATEDHITS,False,False,False,57000,342000,87784415192.0,16,BID,SHORT,0.5
CME,2026-06-10 19:18:45.777680+00:00,CALL,262.5,2026-06-18,63540,124,167,1,262.79,REPEATEDHITSDESCENDINGFILL,False,False,False,15600,47940,87784415192.0,8,BID,SHORT,0.5
CME,2026-06-09 17:19:42.652790+00:00,PUT,290.0,2026-08-21,71980,21,21,12,257.8,REPEATEDHITS,False,False,False,71980,0,87784415192.0,73,ASK,SHORT,1.0
CME,2026-06-09 16:20:43.657224+00:00,CALL,265.0,2026-06-18,102630,311,328,41,260.01,REPEATEDHITS,False,False,False,6270,95700,87784415192.0,9,BID,SHORT,0.5
CME,2026-06-09 14:52:29.456740+00:00,CALL,280.0,2026-08-21,105840,196,204,45,256.7,REPEATEDHITS,True,False,False,52920,52920,87784415192.0,73,MIXED,,0.0
CME,2026-06-03 19:22:32.500377+00:00,PUT,255.0,2026-06-05,242400,606,707,28,252.94,REPEATEDHITS,False,False,False,40400,202000,87784415192.0,2,BID,LONG,0.5
CME,2026-06-02 19:10:18.785414+00:00,PUT,240.0,2026-07-17,66220,110,272,41,250.235,REPEATEDHITSASCENDINGFILL,True,False,False,66220,0,87784415192.0,45,ASK,SHORT,1.0
CME,2026-06-02 16:38:59.506480+00:00,CALL,270.0,2026-08-21,63050,97,148,10,249.12,REPEATEDHITS,False,False,False,3250,59800,87784415192.0,80,BID,SHORT,0.5
CME,2026-06-02 16:35:22.229462+00:00,PUT,245.0,2026-06-12,70930,173,177,4,249.99,REPEATEDHITS,False,False,False,0,70930,87784415192.0,10,BID,LONG,0.5
CME,2026-06-02 14:19:43.317747+00:00,PUT,240.0,2026-07-17,71440,94,101,41,245.4153,REPEATEDHITS,False,False,False,69160,2280,87784415192.0,45,ASK,SHORT,1.0
CME,2026-06-02 14:19:33.295312+00:00,PUT,245.0,2026-06-18,58500,90,177,5,245.775,REPEATEDHITS,False,False,False,58500,0,87784415192.0,16,ASK,SHORT,1.0
CME,2026-06-02 13:44:15.390646+00:00,CALL,270.0,2026-07-17,206460,666,671,74,252.27,REPEATEDHITS,False,False,False,172050,34410,87784415192.0,45,ASK,LONG,1.0
CME,2026-05-29 16:43:18.251193+00:00,PUT,250.0,2026-08-21,85051,243,317,39,277.64,REPEATEDHITS,False,False,False,0,85051,87784415192.0,84,BID,LONG,0.5
CME,2026-05-27 16:46:44.129720+00:00,PUT,260.0,2026-07-17,112685,313,317,228,277.4,REPEATEDHITS,False,False,False,0,112685,87784415192.0,51,BID,LONG,0.5
CME,2026-05-21 19:39:10.712585+00:00,CALL,285.0,2026-05-22,52920,100,130,13,289.445,REPEATEDHITS,False,False,False,52920,0,87784415192.0,1,ASK,LONG,1.0
CME,2026-05-21 17:01:26.302282+00:00,PUT,292.5,2026-05-29,106084,272,281,42,291.75,REPEATEDHITSASCENDINGFILL,False,False,False,4290,101794,87784415192.0,8,BID,LONG,0.5
CME,2026-05-18 14:50:09.019450+00:00,CALL,300.0,2026-06-05,122320,139,139,18,303.4,REPEATEDHITS,True,False,False,122320,0,87784415192.0,18,ASK,LONG,1.0
CME,2026-05-18 13:47:41.666420+00:00,PUT,300.0,2026-08-21,63470,52,52,2,303.58,REPEATEDHITS,True,False,False,3660,59810,87784415192.0,95,BID,LONG,0.5
CME,2026-05-15 15:13:08.627199+00:00,PUT,300.0,2027-03-19,98102,37,54,6,299.91,REPEATEDHITSASCENDINGFILL,False,False,False,95472,2630,87784415192.0,308,ASK,SHORT,1.0
CME,2026-05-08 16:36:55.798699+00:00,CALL,290.0,2026-06-12,90000,200,357,0,282.955,REPEATEDHITS,True,False,False,78750,0,87784415192.0,35,ASK,LONG,1.0
CME,2026-05-06 19:01:01.810823+00:00,PUT,290.0,2026-07-17,95478,77,78,17,287.1,REPEATEDHITSDESCENDINGFILL,True,False,False,95478,0,87784415192.0,72,ASK,SHORT,1.0
CME,2026-04-30 19:25:06.794667+00:00,PUT,287.5,2026-05-08,120250,325,326,2,287.59,REPEATEDHITS,True,False,False,0,120250,87784415192.0,8,BID,LONG,0.5
COPX,2026-06-24 18:03:37.281625+00:00,CALL,78.5,2026-06-26,19900,568,568,53,75.03,REPEATEDHITSASCENDINGFILL,False,False,False,0,19900,2256686669.0,2,BID,SHORT,0.5
COPX,2026-06-24 17:06:40.791070+00:00,PUT,74.0,2026-07-02,33000,200,200,13,75.9,REPEATEDHITS,True,False,False,33000,0,2256686669.0,8,ASK,SHORT,1.0
COPX,2026-06-24 17:02:24.525159+00:00,PUT,75.0,2026-07-02,40000,200,210,30,75.91,REPEATEDHITS,True,False,False,40000,0,2256686669.0,8,ASK,SHORT,1.0
COPX,2026-06-24 14:12:17.035262+00:00,CALL,85.0,2026-07-02,22450,898,898,16,76.49,REPEATEDHITS,False,False,False,175,22275,2256686669.0,8,BID,SHORT,0.5
COPX,2026-06-24 13:37:28.683603+00:00,PUT,75.0,2026-06-26,17640,168,169,64,75.77,REPEATEDHITS,True,False,False,17640,0,2256686669.0,2,ASK,SHORT,1.0
COPX,2026-06-24 13:30:08.019429+00:00,PUT,75.0,2026-08-21,71100,158,158,28,76.98,REPEATEDHITS,False,False,False,71100,0,2256686669.0,58,ASK,SHORT,1.0
COPX,2026-06-23 18:07:11.183141+00:00,CALL,100.0,2026-07-31,82160,2054,4437,8,80.1699,REPEATEDHITS,False,False,False,0,82160,2256686669.0,38,BID,SHORT,0.5
COPX,2026-06-23 17:46:24.957246+00:00,CALL,100.0,2026-07-31,80480,2012,2383,8,80.4,REPEATEDHITS,False,False,False,0,80480,2256686669.0,38,BID,SHORT,0.5
COPX,2026-06-23 14:21:27.406815+00:00,CALL,100.0,2026-07-31,18550,371,371,8,80.54,REPEATEDHITS,False,False,False,0,18550,2256686669.0,38,BID,SHORT,0.5
COPX,2026-06-22 19:43:46.837995+00:00,CALL,88.0,2026-06-26,34445,492,511,52,84.41,REPEATEDHITSASCENDINGFILL,False,False,False,0,34445,2256686669.0,4,BID,SHORT,0.5
COPX,2026-06-22 17:54:08.576772+00:00,CALL,93.0,2026-07-02,27400,685,686,91,84.445,REPEATEDHITS,False,False,False,0,27400,2256686669.0,10,BID,SHORT,0.5
COPX,2026-06-22 15:01:52.087077+00:00,PUT,82.0,2026-06-26,10080,112,135,74,84.7481,REPEATEDHITS,True,False,False,0,10080,2256686669.0,4,BID,LONG,0.5
COPX,2026-06-22 13:49:20.558580+00:00,CALL,100.0,2026-07-10,11600,290,290,60,85.02,REPEATEDHITS,False,False,False,0,11600,2256686669.0,18,BID,SHORT,0.5
COPX,2026-06-22 13:31:20.844178+00:00,CALL,95.0,2026-08-21,19200,60,60,0,84.98,REPEATEDHITS,False,False,False,19200,0,2256686669.0,60,ASK,LONG,1.0
COPX,2026-06-17 19:21:45.249241+00:00,PUT,85.0,2026-06-26,27860,199,212,76,87.41,REPEATEDHITS,True,False,False,27860,0,2256686669.0,9,ASK,SHORT,1.0
COPX,2026-06-15 14:15:57.055525+00:00,CALL,93.5,2026-07-02,45598,190,190,13,90.39,REPEATEDHITS,False,False,False,45598,0,2256686669.0,17,ASK,LONG,1.0
COPX,2026-06-12 18:18:03.113288+00:00,CALL,84.0,2026-07-02,11040,23,24,4,86.44,REPEATEDHITS,False,False,False,0,11040,2256686669.0,20,BID,SHORT,0.5
COPX,2026-06-12 13:49:04.825245+00:00,CALL,85.0,2026-07-24,37270,67,67,51,84.8601,REPEATEDHITSASCENDINGFILL,True,False,False,0,37270,2256686669.0,42,BID,SHORT,0.5
COPX,2026-06-11 18:56:10.639782+00:00,CALL,82.0,2026-07-17,35050,73,75,47,82.005,REPEATEDHITS,True,False,False,960,34090,2256686669.0,36,BID,SHORT,0.5
COPX,2026-06-11 17:03:37.235495+00:00,CALL,78.5,2026-06-12,14966,73,73,0,79.98,REPEATEDHITS,False,False,False,4510,10456,2256686669.0,1,BID,SHORT,0.5
COPX,2026-06-10 16:34:21.898905+00:00,PUT,80.0,2026-10-16,950000,1000,1000,14,78.28,FLOORTRADEMIDCAP,False,True,True,0,950000,2256686669.0,128,BID,LONG,0.5
COPX,2026-06-10 15:54:55.683600+00:00,CALL,90.0,2026-07-17,2531470,14891,28916,6026,78.47,LOWHISTORICVOLUMEFLOOR,False,True,True,2531470,0,2256686669.0,37,ASK,LONG,1.0
COPX,2026-06-10 15:50:06.014734+00:00,CALL,105.0,2026-07-17,560000,14000,14003,1684,78.36,REPEATEDHITS,False,False,False,0,0,2256686669.0,37,MIXED,,0.0
COPX,2026-06-10 15:50:06.014734+00:00,CALL,90.0,2026-07-17,2380000,14000,14021,6026,78.36,REPEATEDHITS,False,False,False,0,0,2256686669.0,37,MIXED,,0.0
COPX,2026-06-09 15:30:48.065261+00:00,CALL,80.0,2026-06-12,28690,151,162,9,80.035,REPEATEDHITS,True,False,False,28690,0,2256686669.0,3,ASK,LONG,1.0
COPX,2026-06-05 15:35:04.632042+00:00,CALL,83.0,2026-07-17,86900,158,175,81,82.98,REPEATEDHITS,True,False,False,86900,0,2256686669.0,42,ASK,LONG,1.0
COPX,2026-06-05 14:21:04.695389+00:00,PUT,74.0,2026-07-17,322770,2030,2030,171,84.53,FLOORTRADEMIDCAP,False,True,True,322770,0,2256686669.0,42,ASK,SHORT,1.0
COPX,2026-06-01 14:43:11.568108+00:00,CALL,92.0,2026-07-02,33660,102,500,0,87.32,REPEATEDHITS,True,False,False,0,33660,2256686669.0,31,BID,SHORT,0.5
COPX,2026-06-01 14:43:06.750578+00:00,CALL,92.0,2026-07-02,131340,398,398,0,87.33,REPEATEDHITS,False,False,False,6600,0,2256686669.0,31,ASK,LONG,1.0
COPX,2026-05-28 19:09:08.535469+00:00,CALL,100.0,2026-09-18,5113368,7891,29711,1059,88.56,LOWHISTORICVOLUMEFLOOR,False,True,True,5113368,0,2256686669.0,113,ASK,LONG,1.0
COPX,2026-05-28 17:41:14.568387+00:00,CALL,100.0,2026-09-18,4340000,7000,21155,1059,88.245,LOWHISTORICVOLUMEFLOOR,False,True,True,4340000,0,2256686669.0,113,ASK,LONG,1.0
COPX,2026-05-28 15:53:22.303400+00:00,CALL,100.0,2026-09-18,7560000,14000,14000,1059,87.53,FLOORTRADEMIDCAP,False,True,True,0,7560000,2256686669.0,113,BID,SHORT,0.5
COPX,2026-05-22 15:03:19.327209+00:00,CALL,90.0,2026-06-12,56840,392,392,70,82.52,REPEATEDHITS,False,False,False,145,56695,2256686669.0,21,BID,SHORT,0.5
COPX,2026-05-20 17:14:20.241813+00:00,CALL,90.0,2026-06-26,128075,500,715,19,82.45,REPEATEDHITSASCENDINGFILL,False,False,False,128075,0,2256686669.0,37,ASK,LONG,1.0
COPX,2026-05-18 19:56:08.467677+00:00,PUT,75.0,2026-05-29,22056,500,1003,117,81.82,REPEATEDHITSDESCENDINGFILL,False,False,False,5079,16077,2256686669.0,11,BID,LONG,0.5
COPX,2026-05-18 18:33:59.289604+00:00,PUT,81.0,2028-01-21,18382,10,10,5,81.04,REPEATEDHITSDESCENDINGFILL,False,False,False,18382,0,2256686669.0,613,ASK,SHORT,1.0
COPX,2026-05-18 18:06:18.409048+00:00,PUT,75.0,2026-05-29,10588,200,203,117,81.451,REPEATEDHITSASCENDINGFILL,False,False,False,0,6463,2256686669.0,11,BID,LONG,0.5
COPX,2026-05-18 14:15:56.732841+00:00,CALL,84.5,2026-06-18,22000,55,55,0,82.8,REPEATEDHITS,True,False,False,22000,0,2256686669.0,31,ASK,LONG,1.0
COPX,2026-05-15 19:16:11.382153+00:00,CALL,90.0,2026-05-29,47250,450,487,129,83.1,REPEATEDHITS,False,False,False,2940,0,2256686669.0,14,ASK,LONG,1.0
COPX,2026-05-14 19:14:36.793459+00:00,CALL,100.0,2026-07-17,5584182,13891,30744,3656,89.75,REPEATEDHITS,False,False,False,0,0,2256686669.0,64,MIXED,,0.0
COPX,2026-05-14 19:14:36.793459+00:00,CALL,120.0,2026-07-17,1528010,13891,30527,4668,89.75,REPEATEDHITS,False,False,False,0,0,2256686669.0,64,MIXED,,0.0
COPX,2026-05-14 16:50:22.172686+00:00,CALL,100.0,2026-07-17,6300000,15000,15096,3656,89.78,LOWHISTORICVOLUMEFLOOR,False,True,True,6300000,0,2256686669.0,64,ASK,LONG,1.0
COPX,2026-05-13 14:57:07.258460+00:00,CALL,100.0,2026-06-26,41000,100,100,2,92.24,REPEATEDHITS,True,False,False,41000,0,2256686669.0,44,ASK,LONG,1.0
COPX,2026-05-08 17:34:05.962953+00:00,PUT,82.0,2026-09-18,18750,25,52,23,85.57,REPEATEDHITS,False,False,False,750,2250,2256686669.0,133,BID,LONG,0.5
COPX,2026-05-08 13:54:24.852919+00:00,PUT,82.0,2026-09-18,18750,25,27,23,86.0,REPEATEDHITS,False,False,False,750,0,2256686669.0,133,ASK,SHORT,1.0
COPX,2026-05-06 17:47:39.747803+00:00,CALL,91.0,2026-05-29,37975,245,246,3,83.24,REPEATEDHITS,False,False,False,33945,0,2256686669.0,23,ASK,LONG,1.0
COPX,2026-05-06 14:12:49.415911+00:00,CALL,90.0,2026-05-22,202500,1500,3502,9,83.905,REPEATEDHITS,False,False,False,0,178200,2256686669.0,16,BID,SHORT,0.5
COPX,2026-05-05 19:50:59.232801+00:00,CALL,78.0,2026-05-08,14175,81,81,34,78.175,REPEATEDHITS,False,False,False,0,14175,2256686669.0,3,BID,SHORT,0.5
COPX,2026-05-05 19:00:31.803824+00:00,CALL,85.0,2026-05-22,32500,250,251,40,78.35,REPEATEDHITS,False,False,False,9880,6110,2256686669.0,17,ASK,LONG,1.0
COPX,2026-05-05 16:29:07.713031+00:00,PUT,79.0,2026-10-16,100000,100,100,0,78.3,REPEATEDHITS,False,False,False,51000,0,2256686669.0,164,ASK,SHORT,1.0
CROX,2026-06-24 18:52:39.620774+00:00,CALL,125.0,2026-08-21,118560,152,177,3,118.69,REPEATEDHITS,False,False,False,118560,0,6019403959.0,58,ASK,LONG,1.0
CROX,2026-06-24 18:52:39.620774+00:00,CALL,120.0,2026-08-21,33660,34,34,29,118.69,REPEATEDHITS,True,False,False,33660,0,6019403959.0,58,ASK,LONG,1.0
CROX,2026-06-24 17:19:26.501190+00:00,PUT,115.0,2026-09-18,241075,287,287,63,120.665,REPEATEDHITS,False,False,False,241075,0,6019403959.0,86,ASK,SHORT,1.0
CROX,2026-06-23 15:52:24.737178+00:00,PUT,135.0,2026-09-18,45770,23,23,14,120.11,REPEATEDHITS,True,False,False,0,45770,6019403959.0,87,BID,LONG,0.5
CROX,2026-06-23 15:05:01.125221+00:00,PUT,130.0,2026-09-18,233177,131,131,11,118.495,REPEATEDHITS,False,False,False,233177,0,6019403959.0,87,ASK,SHORT,1.0
CROX,2026-06-22 15:40:42.123276+00:00,PUT,115.0,2026-08-21,11760,21,39,0,125.85,REPEATEDHITS,True,False,False,0,11760,6019403959.0,60,BID,LONG,0.5
CROX,2026-06-22 15:40:42.123276+00:00,PUT,125.0,2026-08-21,24250,25,53,1,125.85,REPEATEDHITS,True,False,False,0,24250,6019403959.0,60,BID,LONG,0.5
CROX,2026-06-22 15:40:42.123276+00:00,PUT,120.0,2026-08-21,204750,273,275,0,125.85,REPEATEDHITS,False,False,False,0,204750,6019403959.0,60,BID,LONG,0.5
CROX,2026-06-22 13:34:18.987752+00:00,CALL,130.0,2026-08-21,25740,26,26,2,126.45,REPEATEDHITS,True,False,False,25740,0,6019403959.0,60,ASK,LONG,1.0
CROX,2026-06-22 13:34:06.742402+00:00,CALL,120.0,2026-08-21,44380,30,30,0,125.74,REPEATEDHITSDESCENDINGFILL,True,False,False,42920,1460,6019403959.0,60,ASK,LONG,1.0
CROX,2026-06-12 15:30:48.940123+00:00,PUT,115.0,2026-07-17,107600,406,513,291,125.5315,REPEATEDHITSASCENDINGFILL,False,False,False,0,107600,6019403959.0,35,BID,LONG,0.5
CROX,2026-06-12 14:17:47.181174+00:00,PUT,120.0,2026-09-18,499969,495,496,41,125.78,REPEATEDHITSASCENDINGFILL,False,False,False,0,499969,6019403959.0,98,BID,LONG,0.5
CROX,2026-06-11 18:20:01.753698+00:00,PUT,110.0,2026-09-18,78660,114,144,54,125.28,REPEATEDHITS,False,False,False,0,78660,6019403959.0,99,BID,LONG,0.5
CROX,2026-06-09 14:25:07.067098+00:00,CALL,140.0,2026-06-18,54000,450,481,373,128.5525,REPEATEDHITS,False,False,False,14640,39360,6019403959.0,9,BID,SHORT,0.5
CROX,2026-06-09 14:13:18.670450+00:00,CALL,125.0,2026-09-18,704515,412,421,383,128.26,REPEATEDHITS,False,False,False,704515,0,6019403959.0,101,ASK,LONG,1.0
CROX,2026-06-08 14:16:23.650905+00:00,CALL,145.0,2026-09-18,179630,253,254,132,123.085,REPEATEDHITS,False,False,False,179630,0,6019403959.0,102,ASK,LONG,1.0
CROX,2026-06-04 14:13:25.001489+00:00,PUT,110.0,2027-01-15,42780,31,61,30,119.1,REPEATEDHITS,False,False,False,41400,1380,6019403959.0,225,ASK,SHORT,1.0
CROX,2026-06-02 17:29:24.645138+00:00,PUT,110.0,2026-06-18,99613,498,508,197,116.61,REPEATEDHITSASCENDINGFILL,False,False,False,0,99613,6019403959.0,16,BID,LONG,0.5
CROX,2026-06-01 19:19:41.173423+00:00,CALL,125.0,2026-06-18,113912,422,426,219,118.92,REPEATEDHITSDESCENDINGFILL,False,False,False,109052,4860,6019403959.0,17,ASK,LONG,1.0
CROX,2026-05-29 16:14:08.188499+00:00,PUT,125.0,2026-07-17,33920,32,42,16,119.97,REPEATEDHITS,True,False,False,33920,0,6019403959.0,49,ASK,SHORT,1.0
CROX,2026-05-29 14:29:11.168765+00:00,CALL,145.0,2027-01-15,259780,220,220,100,119.5,REPEATEDHITSDESCENDINGFILL,False,False,False,249170,1170,6019403959.0,231,ASK,LONG,1.0
CROX,2026-05-29 14:25:12.077239+00:00,PUT,75.0,2026-09-18,11610,129,137,85,119.105,REPEATEDHITS,False,False,False,0,11610,6019403959.0,112,BID,LONG,0.5
CROX,2026-05-28 19:05:11.244420+00:00,CALL,150.0,2026-09-18,69700,170,180,54,118.095,REPEATEDHITS,False,False,False,69700,0,6019403959.0,113,ASK,LONG,1.0
CROX,2026-05-28 17:05:53.940975+00:00,CALL,130.0,2026-07-17,61500,150,155,63,119.01,REPEATEDHITS,False,False,False,61500,0,6019403959.0,50,ASK,LONG,1.0
CROX,2026-05-22 18:45:58.879290+00:00,PUT,110.0,2026-07-17,15200,20,24,5,109.29,REPEATEDHITS,True,False,False,15200,0,6019403959.0,56,ASK,SHORT,1.0
CROX,2026-05-21 19:12:02.056913+00:00,CALL,110.0,2026-07-17,49500,75,95,45,107.495,REPEATEDHITS,False,False,False,45540,3960,6019403959.0,57,ASK,LONG,1.0
CROX,2026-05-19 19:57:40.826795+00:00,CALL,95.0,2026-07-17,13300,14,25,1,98.97,REPEATEDHITS,True,False,False,0,13300,6019403959.0,59,BID,SHORT,0.5
CROX,2026-05-19 16:29:55.813726+00:00,PUT,97.5,2026-07-17,233010,382,382,3,99.245,REPEATEDHITSDESCENDINGFILL,False,False,False,233010,0,6019403959.0,59,ASK,SHORT,1.0
CROX,2026-05-18 15:01:32.246707+00:00,PUT,90.0,2026-07-17,46080,128,128,0,97.855,REPEATEDHITS,False,False,False,46080,0,6019403959.0,60,ASK,SHORT,1.0
CROX,2026-05-18 13:43:54.330717+00:00,CALL,97.5,2026-07-17,14000,20,20,0,97.0,REPEATEDHITS,False,False,False,14000,0,6019403959.0,60,ASK,LONG,1.0
CROX,2026-05-15 16:12:42.583094+00:00,PUT,87.5,2026-09-18,329678,471,471,90,95.35,REPEATEDHITSDESCENDINGFILL,False,False,False,329678,0,6019403959.0,126,ASK,SHORT,1.0
CROX,2026-05-13 14:32:29.617666+00:00,PUT,85.0,2027-01-15,366333,431,431,72,98.23,REPEATEDHITSDESCENDINGFILL,False,False,False,329783,0,6019403959.0,247,ASK,SHORT,1.0
CROX,2026-05-12 15:01:27.935097+00:00,CALL,105.0,2026-06-18,124336,401,468,348,99.02,REPEATEDHITSASCENDINGFILL,False,False,False,0,124336,6019403959.0,37,BID,SHORT,0.5
CROX,2026-05-05 15:46:57.213019+00:00,PUT,90.0,2026-06-18,75389,457,458,226,102.53,REPEATEDHITSDESCENDINGFILL,False,False,False,71264,4125,6019403959.0,44,ASK,SHORT,1.0
CRWD,2026-06-24 16:22:14.169948+00:00,PUT,650.0,2026-07-10,252415,149,149,79,678.69,REPEATEDHITSDESCENDINGFILL,True,False,False,169870,82545,173338277234.0,16,ASK,SHORT,1.0
CRWD,2026-06-24 16:22:14.169948+00:00,PUT,660.0,2026-07-02,180230,134,140,55,678.69,REPEATEDHITS,True,False,False,141495,38735,173338277234.0,8,ASK,SHORT,1.0
CRWD,2026-06-23 19:53:48.936794+00:00,PUT,687.5,2026-07-10,240415,71,72,0,680.77,REPEATEDHITSASCENDINGFILL,False,False,False,91935,148480,173338277234.0,17,BID,LONG,0.5
CRWD,2026-06-23 16:25:31.107504+00:00,CALL,770.0,2026-07-10,63150,82,82,33,690.0701,REPEATEDHITS,True,False,False,48520,14630,173338277234.0,17,ASK,LONG,1.0
CRWD,2026-06-23 16:25:31.107504+00:00,CALL,760.0,2026-07-10,83698,90,92,58,690.0701,REPEATEDHITS,True,False,False,83698,0,173338277234.0,17,ASK,LONG,1.0
CRWD,2026-06-23 15:23:16.558718+00:00,CALL,677.5,2026-06-26,583112,343,372,26,679.325,REPEATEDHITSASCENDINGFILL,False,False,False,3410,579702,173338277234.0,3,BID,SHORT,0.5
CRWD,2026-06-23 14:58:34.261153+00:00,CALL,702.5,2026-06-26,247175,321,425,134,680.15,REPEATEDHITSASCENDINGFILL,False,False,False,0,247175,173338277234.0,3,BID,SHORT,0.5
CRWD,2026-06-22 19:55:02.721372+00:00,PUT,667.5,2026-06-26,109458,96,112,14,681.89,REPEATEDHITSDESCENDINGFILL,False,False,False,60728,48730,173338277234.0,4,ASK,SHORT,1.0
CRWD,2026-06-22 19:55:02.721372+00:00,PUT,692.5,2026-07-17,55100,13,22,0,681.89,REPEATEDHITSDESCENDINGFILL,True,False,False,38165,16935,173338277234.0,25,ASK,SHORT,1.0
CRWD,2026-06-22 19:30:48.171042+00:00,PUT,705.0,2026-06-26,116765,33,54,14,677.545,REPEATEDHITSASCENDINGFILL,True,False,False,17480,99285,173338277234.0,4,BID,LONG,0.5
CRWD,2026-06-22 18:50:37.168565+00:00,PUT,665.0,2026-07-10,426915,179,180,10,681.67,REPEATEDHITS,False,False,False,426915,0,173338277234.0,18,ASK,SHORT,1.0
CRWD,2026-06-22 17:54:18.388934+00:00,PUT,685.0,2026-07-02,203305,77,78,23,681.76,REPEATEDHITSASCENDINGFILL,True,False,False,7935,195370,173338277234.0,10,BID,LONG,0.5
CRWD,2026-06-22 16:04:46.390205+00:00,CALL,1050.0,2026-09-18,58253,64,70,19,684.76,REPEATEDHITSDESCENDINGFILL,True,False,False,13650,44603,173338277234.0,88,BID,SHORT,0.5
CRWD,2026-06-22 13:34:25.060414+00:00,PUT,665.0,2026-07-02,52190,31,33,20,685.18,REPEATEDHITSDESCENDINGFILL,True,False,False,52190,0,173338277234.0,10,ASK,SHORT,1.0
CRWD,2026-06-22 13:32:30.837425+00:00,CALL,735.0,2026-07-17,71755,24,25,0,711.22,REPEATEDHITS,False,False,False,62785,0,173338277234.0,25,ASK,LONG,1.0
CRWD,2026-06-18 17:59:59.144825+00:00,PUT,662.5,2026-06-26,166890,150,212,70,683.49,REPEATEDHITSDESCENDINGFILL,True,False,False,7590,159300,173338277234.0,8,BID,LONG,0.5
CRWD,2026-06-18 16:48:14.308362+00:00,CALL,1000.0,2026-08-21,84674,217,222,32,673.38,REPEATEDHITSASCENDINGFILL,False,False,False,0,81514,173338277234.0,64,BID,SHORT,0.5
CRWD,2026-06-18 15:31:25.702139+00:00,CALL,750.0,2026-07-02,116170,202,249,80,676.4,REPEATEDHITS,True,False,False,109240,3510,173338277234.0,14,ASK,LONG,1.0
CRWD,2026-06-18 14:48:00.203377+00:00,PUT,590.0,2026-08-21,291896,138,139,105,681.68,REPEATEDHITSASCENDINGFILL,True,False,False,291896,0,173338277234.0,64,ASK,SHORT,1.0
CRWD,2026-06-18 14:21:24.923722+00:00,CALL,675.0,2026-06-18,85110,131,165,114,676.375,REPEATEDHITSASCENDINGFILL,True,False,False,41930,42530,173338277234.0,0,BID,SHORT,0.5
CRWD,2026-06-18 13:35:37.825200+00:00,PUT,652.5,2026-06-26,56025,45,50,21,672.06,REPEATEDHITSASCENDINGFILL,False,False,False,25000,31025,173338277234.0,8,BID,LONG,0.5
CRWD,2026-06-17 18:24:29.461805+00:00,CALL,697.5,2026-06-18,56700,135,145,78,684.38,REPEATEDHITS,False,False,False,0,56700,173338277234.0,1,BID,SHORT,0.5
CRWD,2026-06-17 17:44:06.096735+00:00,CALL,677.5,2026-06-18,343159,228,237,54,687.3675,REPEATEDHITSASCENDINGFILL,True,False,False,6010,337149,173338277234.0,1,BID,SHORT,0.5
CRWD,2026-06-17 15:36:50.902568+00:00,CALL,685.0,2026-07-02,190410,66,676,35,684.545,REPEATEDHITS,False,False,False,190410,0,173338277234.0,15,ASK,LONG,1.0
CRWD,2026-06-17 13:37:34.938707+00:00,PUT,662.5,2026-06-26,114131,66,66,16,671.009,REPEATEDHITSDESCENDINGFILL,True,False,False,74111,40020,173338277234.0,9,ASK,SHORT,1.0
CRWD,2026-06-17 13:37:34.938707+00:00,PUT,657.5,2026-06-26,93590,62,62,13,672.0,REPEATEDHITSDESCENDINGFILL,True,False,False,92110,1480,173338277234.0,9,ASK,SHORT,1.0
CRWD,2026-06-16 19:12:36.586550+00:00,PUT,645.0,2026-07-02,275725,205,206,43,681.835,REPEATEDHITS,False,False,False,275725,0,173338277234.0,16,ASK,SHORT,1.0
CRWD,2026-06-16 18:36:52.480317+00:00,PUT,620.0,2026-07-10,133875,119,128,45,680.63,REPEATEDHITS,False,False,False,0,133875,173338277234.0,24,BID,LONG,0.5
CRWD,2026-06-16 16:36:02.299597+00:00,PUT,675.0,2026-06-18,345952,370,449,198,681.55,REPEATEDHITS,False,False,False,0,345952,173338277234.0,2,BID,LONG,0.5
CRWD,2026-06-16 16:08:27.702877+00:00,CALL,880.0,2026-09-18,332990,142,144,55,681.53,REPEATEDHITS,False,False,False,0,332990,173338277234.0,94,BID,SHORT,0.5
CRWD,2026-06-16 15:39:18.322305+00:00,CALL,685.0,2026-06-18,240822,169,313,157,685.68,REPEATEDHITS,True,False,False,1415,239407,173338277234.0,2,BID,SHORT,0.5
CRWD,2026-06-16 15:33:55.262589+00:00,PUT,660.0,2026-06-26,230070,184,288,66,687.45,REPEATEDHITSASCENDINGFILL,True,False,False,108400,121670,173338277234.0,10,BID,LONG,0.5
CRWD,2026-06-16 13:51:38.759174+00:00,CALL,697.5,2026-07-02,110325,39,44,0,692.0,REPEATEDHITSASCENDINGFILL,True,False,False,53825,56500,173338277234.0,16,BID,SHORT,0.5
CRWD,2026-06-15 19:40:00.191176+00:00,PUT,660.0,2026-10-16,1916252,291,292,55,693.62,REPEATEDHITSASCENDINGFILL,False,False,False,0,1916252,173338277234.0,123,BID,LONG,0.5
CRWD,2026-06-15 19:26:35.623179+00:00,CALL,685.0,2026-07-31,90780,17,18,1,689.49,REPEATEDHITS,False,False,False,90780,0,173338277234.0,46,ASK,LONG,1.0
CRWD,2026-06-15 19:21:54.650212+00:00,CALL,705.0,2026-06-18,288916,346,557,221,688.09,REPEATEDHITS,False,False,False,0,288916,173338277234.0,3,BID,SHORT,0.5
CRWD,2026-06-15 18:36:06.808484+00:00,CALL,747.5,2026-06-18,71818,376,391,32,691.92,REPEATEDHITS,True,False,False,0,71434,173338277234.0,3,BID,SHORT,0.5
CRWD,2026-06-15 16:11:41.658310+00:00,PUT,570.0,2026-07-17,188359,352,373,319,691.74,REPEATEDHITSASCENDINGFILL,False,False,False,560,187799,173338277234.0,32,BID,LONG,0.5
CRWD,2026-06-15 15:19:07.001247+00:00,PUT,660.0,2026-09-18,1390570,241,241,73,693.22,REPEATEDHITS,False,False,False,0,1390570,173338277234.0,95,BID,LONG,0.5
CRWD,2026-06-15 15:03:01.310814+00:00,CALL,725.0,2026-07-10,55500,25,26,10,689.44,REPEATEDHITS,True,False,False,55500,0,173338277234.0,25,ASK,LONG,1.0
CRWD,2026-06-15 14:51:36.705389+00:00,CALL,695.0,2026-06-18,470392,384,452,256,686.885,REPEATEDHITSDESCENDINGFILL,True,False,False,469172,0,173338277234.0,3,ASK,LONG,1.0
CRWD,2026-06-15 14:16:40.510227+00:00,CALL,710.0,2026-06-26,390568,277,285,181,682.85,REPEATEDHITS,False,False,False,390568,0,173338277234.0,11,ASK,LONG,1.0
CRWD,2026-06-15 13:35:02.035294+00:00,CALL,665.0,2026-06-26,324225,99,100,92,676.8,REPEATEDHITS,False,False,False,157435,166790,173338277234.0,11,BID,SHORT,0.5
CRWD,2026-06-12 16:14:28.214662+00:00,PUT,580.0,2026-12-18,372645,66,73,61,686.605,REPEATEDHITSASCENDINGFILL,False,False,False,79100,293545,173338277234.0,189,BID,LONG,0.5
CRWD,2026-06-12 15:55:59.752926+00:00,CALL,1040.0,2026-12-18,124558,36,58,1,687.5701,REPEATEDHITS,False,False,False,124558,0,173338277234.0,189,ASK,LONG,1.0
CRWD,2026-06-12 15:46:07.583246+00:00,PUT,655.0,2026-06-26,260235,182,184,79,687.74,REPEATEDHITSDESCENDINGFILL,False,False,False,258825,1410,173338277234.0,14,ASK,SHORT,1.0
CRWD,2026-06-12 15:28:24.128646+00:00,CALL,692.5,2026-06-12,164737,362,540,134,693.395,REPEATEDHITSASCENDINGFILL,True,False,False,925,163812,173338277234.0,0,BID,SHORT,0.5
CRWD,2026-06-12 14:23:22.895286+00:00,CALL,980.0,2026-10-16,623572,254,254,86,693.65,REPEATEDHITS,False,False,False,0,623572,173338277234.0,126,BID,SHORT,0.5
CRWD,2026-06-12 14:05:21.707839+00:00,CALL,702.5,2026-06-12,130507,290,308,63,698.69,REPEATEDHITSASCENDINGFILL,False,False,False,455,130052,173338277234.0,0,BID,SHORT,0.5
CRWD,2026-06-11 16:11:30.795035+00:00,CALL,840.0,2026-10-16,239720,52,52,26,688.255,REPEATEDHITS,True,False,False,239720,0,173338277234.0,127,ASK,LONG,1.0
CRWV,2026-06-24 18:28:19.787110+00:00,CALL,97.0,2026-07-10,81412,81,86,40,101.36,REPEATEDHITSASCENDINGFILL,False,False,False,0,81412,47317516831.0,16,BID,SHORT,0.5
CRWV,2026-06-24 18:26:03.390613+00:00,CALL,112.0,2026-07-10,62700,165,2843,161,101.56,REPEATEDHITS,False,False,False,0,4180,47317516831.0,16,BID,SHORT,0.5
CRWV,2026-06-24 17:50:56.093587+00:00,CALL,112.0,2026-07-10,73775,227,1967,161,99.8,REPEATEDHITS,False,False,False,0,1950,47317516831.0,16,BID,SHORT,0.5
CRWV,2026-06-24 17:44:58.851026+00:00,CALL,112.0,2026-07-10,56700,180,1740,161,99.55,REPEATEDHITS,False,False,False,56700,0,47317516831.0,16,ASK,LONG,1.0
CRWV,2026-06-24 17:44:38.828752+00:00,CALL,112.0,2026-07-10,71190,226,1100,161,99.57,REPEATEDHITS,False,False,False,0,64260,47317516831.0,16,BID,SHORT,0.5
CRWV,2026-06-24 17:33:33.220899+00:00,CALL,112.0,2026-07-10,51345,163,871,161,99.645,REPEATEDHITS,False,False,False,3465,3150,47317516831.0,16,ASK,LONG,1.0
CRWV,2026-06-24 16:58:48.421109+00:00,PUT,65.0,2026-07-31,16434,166,170,113,101.06,REPEATEDHITS,False,False,False,16434,0,47317516831.0,37,ASK,SHORT,1.0
CRWV,2026-06-24 14:25:32.721658+00:00,CALL,124.0,2026-07-17,11576,44,44,16,102.34,REPEATEDHITSDESCENDINGFILL,False,False,False,10793,783,47317516831.0,23,ASK,LONG,1.0
CRWV,2026-06-24 14:12:32.870039+00:00,PUT,87.0,2026-06-26,19404,693,718,473,102.785,REPEATEDHITS,False,False,False,19404,0,47317516831.0,2,ASK,SHORT,1.0
CRWV,2026-06-23 19:33:49.010211+00:00,PUT,83.0,2026-07-02,27755,427,559,5,105.51,REPEATEDHITS,False,False,False,0,27755,47317516831.0,9,BID,LONG,0.5
CRWV,2026-06-23 18:11:06.664520+00:00,CALL,106.0,2026-07-02,284850,422,521,66,106.59,REPEATEDHITS,False,False,False,284850,0,47317516831.0,9,ASK,LONG,1.0
CRWV,2026-06-23 17:10:43.396474+00:00,CALL,185.0,2026-11-20,33005,41,217,34,107.02,REPEATEDHITS,False,False,False,9660,0,47317516831.0,150,ASK,LONG,1.0
CRWV,2026-06-23 17:10:30.972848+00:00,CALL,185.0,2026-11-20,35640,44,90,34,107.07,REPEATEDHITS,False,False,False,35640,0,47317516831.0,150,ASK,LONG,1.0
CRWV,2026-06-23 15:10:15.787507+00:00,CALL,119.0,2026-07-17,27000,50,54,6,106.975,REPEATEDHITS,False,False,False,0,27000,47317516831.0,24,BID,SHORT,0.5
CRWV,2026-06-23 15:02:28.724076+00:00,PUT,111.0,2026-07-17,19770,17,238,4,107.9,REPEATEDHITSDESCENDINGFILL,False,False,False,19770,0,47317516831.0,24,ASK,SHORT,1.0
CRWV,2026-06-23 14:23:27.242276+00:00,PUT,105.0,2026-10-16,1477924,782,1633,566,110.669,REPEATEDHITSDESCENDINGFILL,False,False,False,1476039,0,47317516831.0,115,ASK,SHORT,1.0
CRWV,2026-06-23 14:21:31.213263+00:00,PUT,111.0,2026-07-17,108120,106,106,4,110.63,REPEATEDHITS,False,False,False,0,108120,47317516831.0,24,BID,LONG,0.5
CRWV,2026-06-23 13:47:28.719835+00:00,CALL,105.0,2026-07-02,324470,457,583,330,105.81,REPEATEDHITS,True,False,False,710,313110,47317516831.0,9,BID,SHORT,0.5
CRWV,2026-06-22 19:32:41.758693+00:00,CALL,111.0,2026-07-02,194600,278,336,125,110.69,REPEATEDHITS,False,False,False,194600,0,47317516831.0,10,ASK,LONG,1.0
CRWV,2026-06-22 18:57:48.897394+00:00,PUT,105.0,2026-07-02,239929,558,1128,220,111.38,REPEATEDHITSDESCENDINGFILL,False,False,False,239929,0,47317516831.0,10,ASK,SHORT,1.0
CRWV,2026-06-22 18:27:22.576609+00:00,PUT,111.0,2026-07-02,169465,269,313,130,112.615,REPEATEDHITS,False,False,False,169465,0,47317516831.0,10,ASK,SHORT,1.0
CRWV,2026-06-22 17:36:17.926826+00:00,PUT,75.0,2028-06-16,192835,80,80,42,110.135,REPEATEDHITSDESCENDINGFILL,False,False,False,171280,21555,47317516831.0,725,ASK,SHORT,1.0
CRWV,2026-06-22 13:59:09.187214+00:00,PUT,105.0,2026-07-02,88205,295,321,220,116.65,REPEATEDHITS,False,False,False,88205,0,47317516831.0,10,ASK,SHORT,1.0
CRWV,2026-06-22 13:49:59.027123+00:00,PUT,106.0,2026-07-02,169280,513,514,87,116.57,REPEATEDHITS,False,False,False,168630,650,47317516831.0,10,ASK,SHORT,1.0
CRWV,2026-06-22 13:37:39.676963+00:00,PUT,104.0,2026-07-02,195195,640,640,259,115.17,REPEATEDHITS,False,False,False,195195,0,47317516831.0,10,ASK,SHORT,1.0
CRWV,2026-06-18 18:45:49.225098+00:00,PUT,101.0,2026-06-26,89125,575,800,243,114.88,REPEATEDHITS,False,False,False,89125,0,47317516831.0,8,ASK,SHORT,1.0
CRWV,2026-06-18 17:46:02.066330+00:00,PUT,91.0,2026-07-02,93282,897,1824,184,116.291,REPEATEDHITS,False,False,False,93184,98,47317516831.0,14,ASK,SHORT,1.0
CRWV,2026-06-18 17:23:53.109992+00:00,PUT,86.0,2026-07-02,54919,845,852,28,116.27,REPEATEDHITS,False,False,False,54860,59,47317516831.0,14,ASK,SHORT,1.0
CRWV,2026-06-18 17:16:52.425804+00:00,PUT,91.0,2026-07-02,88200,882,927,184,116.61,REPEATEDHITS,False,False,False,88200,0,47317516831.0,14,ASK,SHORT,1.0
CRWV,2026-06-18 13:44:19.589757+00:00,PUT,112.0,2026-06-18,79428,2495,3616,997,117.39,REPEATEDHITSASCENDINGFILL,True,False,False,0,79392,47317516831.0,0,BID,LONG,0.5
CRWV,2026-06-17 19:45:38.889317+00:00,PUT,116.0,2026-06-18,388985,1500,6625,370,116.405,REPEATEDHITSASCENDINGFILL,False,False,False,130738,258247,47317516831.0,1,BID,LONG,0.5
CRWV,2026-06-17 18:58:08.989680+00:00,CALL,185.0,2026-10-16,176000,200,200,162,120.63,REPEATEDHITS,False,False,False,154880,21120,47317516831.0,121,ASK,LONG,1.0
CRWV,2026-06-17 18:46:21.513298+00:00,PUT,125.0,2026-06-26,180828,214,253,148,121.75,REPEATEDHITSDESCENDINGFILL,False,False,False,113228,16900,47317516831.0,9,ASK,SHORT,1.0
CRWV,2026-06-17 17:42:13.174105+00:00,PUT,102.0,2026-07-02,72774,311,348,179,119.955,REPEATEDHITS,False,False,False,72774,0,47317516831.0,15,ASK,SHORT,1.0
CRWV,2026-06-17 16:40:30.796702+00:00,PUT,106.0,2026-06-26,112815,545,734,159,119.49,REPEATEDHITS,False,False,False,110952,0,47317516831.0,9,ASK,SHORT,1.0
CRWV,2026-06-17 16:24:48.008192+00:00,PUT,104.0,2026-06-26,111010,653,691,171,119.3,REPEATEDHITS,False,False,False,111010,0,47317516831.0,9,ASK,SHORT,1.0
CRWV,2026-06-17 15:40:35.990745+00:00,PUT,107.0,2026-06-26,132309,549,648,265,118.57,REPEATEDHITS,False,False,False,132309,0,47317516831.0,9,ASK,SHORT,1.0
CRWV,2026-06-17 15:07:10.795855+00:00,PUT,95.0,2026-06-26,78610,1123,1222,1075,119.195,REPEATEDHITS,False,False,False,78610,0,47317516831.0,9,ASK,SHORT,1.0
CRWV,2026-06-17 14:51:09.772461+00:00,PUT,116.0,2026-06-18,79695,483,3628,370,119.27,REPEATEDHITS,False,False,False,0,79695,47317516831.0,1,BID,LONG,0.5
CRWV,2026-06-17 14:33:05.107496+00:00,PUT,111.0,2026-06-26,183565,548,1058,247,119.215,REPEATEDHITSDESCENDINGFILL,False,False,False,183565,0,47317516831.0,9,ASK,SHORT,1.0
CRWV,2026-06-17 13:53:28.898296+00:00,PUT,93.0,2026-07-02,136253,1145,1311,250,118.49,REPEATEDHITS,True,False,False,136017,236,47317516831.0,15,ASK,SHORT,1.0
CRWV,2026-06-16 15:43:19.812473+00:00,PUT,112.0,2026-06-18,28049,110,1358,103,114.8701,REPEATEDHITS,True,False,False,27795,254,47317516831.0,2,ASK,SHORT,1.0
CRWV,2026-06-16 14:56:06.930487+00:00,PUT,114.0,2026-07-10,47750,50,241,34,115.02,REPEATEDHITS,False,False,False,47750,0,47317516831.0,24,ASK,SHORT,1.0
CRWV,2026-06-16 14:39:30.308796+00:00,PUT,102.0,2026-07-10,41659,98,125,40,116.1,REPEATEDHITSASCENDINGFILL,False,False,False,0,41659,47317516831.0,24,BID,LONG,0.5
CRWV,2026-06-16 13:56:44.668794+00:00,CALL,185.0,2026-08-21,195265,535,535,305,116.83,REPEATEDHITSDESCENDINGFILL,False,False,False,195265,0,47317516831.0,66,ASK,LONG,1.0
CRWV,2026-06-16 13:35:05.232063+00:00,CALL,112.0,2026-06-26,249190,351,401,117,112.145,REPEATEDHITSDESCENDINGFILL,True,False,False,66025,96545,47317516831.0,10,BID,SHORT,0.5
CRWV,2026-06-15 18:10:35.490852+00:00,PUT,84.0,2026-06-26,47872,748,789,52,107.83,REPEATEDHITS,False,False,False,47872,0,47317516831.0,11,ASK,SHORT,1.0
CRWV,2026-06-15 15:19:07.001247+00:00,PUT,92.0,2026-06-26,157789,1018,1113,216,106.88,REPEATEDHITS,True,False,False,157635,154,47317516831.0,11,ASK,SHORT,1.0
CRWV,2026-06-15 14:59:05.357338+00:00,PUT,97.5,2027-09-17,174702,56,57,9,106.63,REPEATEDHITS,False,False,False,0,174702,47317516831.0,459,BID,LONG,0.5
CRWV,2026-06-15 14:42:32.024715+00:00,PUT,112.0,2026-06-26,53075,55,83,52,106.4,REPEATEDHITS,True,False,False,0,53075,47317516831.0,11,BID,LONG,0.5
CVNA,2026-06-24 18:15:11.565815+00:00,PUT,66.0,2026-07-31,16380,26,30,10,66.56,REPEATEDHITS,True,False,False,630,15750,46436976000.0,37,BID,LONG,0.5
CVNA,2026-06-24 18:10:59.297774+00:00,PUT,63.5,2026-07-02,33775,193,696,60,66.34,REPEATEDHITS,False,False,False,0,33775,46436976000.0,8,BID,LONG,0.5
CVNA,2026-06-24 18:10:59.297774+00:00,PUT,62.0,2026-07-10,18404,86,87,35,66.34,REPEATEDHITS,False,False,False,0,18404,46436976000.0,16,BID,LONG,0.5
CVNA,2026-06-24 18:10:59.297774+00:00,PUT,62.5,2026-07-17,198020,660,707,22,66.34,REPEATEDHITSASCENDINGFILL,True,False,False,0,198020,46436976000.0,23,BID,LONG,0.5
CVNA,2026-06-24 17:45:03.858176+00:00,PUT,63.0,2026-07-02,36843,197,212,81,65.52,REPEATEDHITS,True,False,False,191,36652,46436976000.0,8,BID,LONG,0.5
CVNA,2026-06-24 17:09:42.707117+00:00,CALL,69.5,2026-07-17,17000,50,62,10,66.1697,REPEATEDHITS,False,False,False,17000,0,46436976000.0,23,ASK,LONG,1.0
CVNA,2026-06-24 16:27:27.546729+00:00,PUT,63.5,2026-07-02,85512,503,503,60,66.45,REPEATEDHITS,False,False,False,342,85170,46436976000.0,8,BID,LONG,0.5
CVNA,2026-06-24 15:15:57.813164+00:00,CALL,95.0,2026-09-18,59570,242,242,129,67.11,REPEATEDHITSASCENDINGFILL,True,False,False,12968,37292,46436976000.0,86,BID,SHORT,0.5
CVNA,2026-06-24 14:52:33.356132+00:00,CALL,105.0,2026-09-18,79343,522,525,31,66.99,REPEATEDHITS,False,False,False,79192,151,46436976000.0,86,ASK,LONG,1.0
CVNA,2026-06-24 14:50:07.897670+00:00,PUT,67.5,2026-07-17,104445,211,211,13,66.82,REPEATEDHITS,True,False,False,0,104445,46436976000.0,23,BID,LONG,0.5
CVNA,2026-06-24 14:29:41.906945+00:00,PUT,66.5,2026-06-26,124929,661,676,153,66.23,REPEATEDHITS,False,False,False,0,124929,46436976000.0,2,BID,LONG,0.5
CVNA,2026-06-24 14:04:43.529224+00:00,CALL,61.0,2026-07-17,206175,261,261,4,66.285,REPEATEDHITSDESCENDINGFILL,False,False,False,206175,0,46436976000.0,23,ASK,LONG,1.0
CVNA,2026-06-24 13:44:29.432790+00:00,PUT,67.0,2026-07-31,43200,65,116,22,66.99,REPEATEDHITSASCENDINGFILL,True,False,False,6700,36500,46436976000.0,37,BID,LONG,0.5
CVNA,2026-06-24 13:43:50.937703+00:00,PUT,67.0,2026-07-31,18090,27,29,22,66.78,REPEATEDHITSDESCENDINGFILL,False,False,False,10125,7965,46436976000.0,37,ASK,SHORT,1.0
CVNA,2026-06-23 19:39:02.801199+00:00,CALL,65.5,2026-07-17,10920,24,1460,0,65.285,REPEATEDHITS,False,False,False,0,10920,46436976000.0,24,BID,SHORT,0.5
CVNA,2026-06-23 19:29:19.860429+00:00,CALL,65.5,2026-07-17,14944,32,1230,0,65.5,REPEATEDHITS,False,False,False,0,14944,46436976000.0,24,BID,SHORT,0.5
CVNA,2026-06-23 19:25:11.348753+00:00,CALL,65.5,2026-07-17,11650,25,1117,0,65.47,REPEATEDHITS,False,False,False,0,11650,46436976000.0,24,BID,SHORT,0.5
CVNA,2026-06-23 19:18:19.468805+00:00,CALL,70.0,2026-07-02,77945,595,653,156,65.435,REPEATEDHITS,False,False,False,0,77945,46436976000.0,9,BID,SHORT,0.5
CVNA,2026-06-23 19:15:10.678635+00:00,CALL,65.5,2026-07-17,13775,29,875,0,65.575,REPEATEDHITS,False,False,False,0,0,46436976000.0,24,MIXED,,0.0
CVNA,2026-06-23 19:13:44.180762+00:00,CALL,65.5,2026-07-17,16184,34,846,0,65.63,REPEATEDHITS,False,False,False,0,16184,46436976000.0,24,BID,SHORT,0.5
CVNA,2026-06-23 19:09:21.262171+00:00,CALL,65.5,2026-07-17,19478,41,740,0,65.61,REPEATEDHITSASCENDINGFILL,False,False,False,16625,2853,46436976000.0,24,ASK,LONG,1.0
CVNA,2026-06-23 19:07:17.287557+00:00,CALL,65.5,2026-07-17,14735,31,699,0,65.615,REPEATEDHITS,False,False,False,9975,4760,46436976000.0,24,ASK,LONG,1.0
CVNA,2026-06-23 18:57:49.510715+00:00,CALL,65.5,2026-07-17,16774,36,463,0,65.4,REPEATEDHITS,False,False,False,930,15844,46436976000.0,24,BID,SHORT,0.5
CVNA,2026-06-23 18:53:06.770061+00:00,CALL,65.5,2026-07-17,21390,46,343,0,65.39,REPEATEDHITS,False,False,False,0,0,46436976000.0,24,MIXED,,0.0
CVNA,2026-06-23 18:36:19.561557+00:00,PUT,60.0,2026-07-02,62400,600,713,368,65.51,REPEATEDHITS,False,False,False,20800,41600,46436976000.0,9,BID,LONG,0.5
CVNA,2026-06-23 16:05:53.367334+00:00,CALL,68.0,2026-09-18,909541,978,996,290,66.54,REPEATEDHITS,False,False,False,0,909541,46436976000.0,87,BID,SHORT,0.5
CVNA,2026-06-23 14:38:57.355227+00:00,CALL,118.0,2026-09-18,40132,508,510,468,66.18,REPEATEDHITS,False,False,False,0,40132,46436976000.0,87,BID,SHORT,0.5
CVNA,2026-06-23 13:58:51.231506+00:00,CALL,67.5,2026-07-17,17135,39,39,1,66.23,REPEATEDHITS,False,False,False,17135,0,46436976000.0,24,ASK,LONG,1.0
CVNA,2026-06-23 13:36:40.992387+00:00,PUT,62.0,2026-07-31,10075,21,22,15,66.27,REPEATEDHITSASCENDINGFILL,False,False,False,2425,7650,46436976000.0,38,BID,LONG,0.5
CVNA,2026-06-23 13:36:40.992387+00:00,PUT,62.0,2026-07-31,14375,30,52,15,66.27,REPEATEDHITS,False,False,False,7200,7175,46436976000.0,38,ASK,SHORT,1.0
CVNA,2026-06-22 19:44:04.862447+00:00,CALL,76.0,2026-07-10,103824,824,831,32,66.61,REPEATEDHITS,False,False,False,0,103824,46436976000.0,18,BID,SHORT,0.5
CVNA,2026-06-22 17:28:27.706286+00:00,PUT,67.0,2026-07-02,162432,564,711,42,68.06,REPEATEDHITS,False,False,False,0,162432,46436976000.0,10,BID,LONG,0.5
CVNA,2026-06-22 16:42:54.104120+00:00,PUT,63.5,2026-07-17,319282,939,965,0,66.91,REPEATEDHITSASCENDINGFILL,False,False,False,685,318597,46436976000.0,25,BID,LONG,0.5
CVNA,2026-06-22 16:11:07.219841+00:00,PUT,64.0,2026-07-31,17865,32,240,15,66.61,REPEATEDHITSDESCENDINGFILL,True,False,False,17865,0,46436976000.0,39,ASK,SHORT,1.0
CVNA,2026-06-22 16:10:51.401746+00:00,PUT,64.0,2026-07-31,29015,52,164,15,66.65,REPEATEDHITSDESCENDINGFILL,True,False,False,17360,11655,46436976000.0,39,ASK,SHORT,1.0
CVNA,2026-06-22 16:10:44.794126+00:00,PUT,64.0,2026-07-31,17865,32,98,15,66.64,REPEATEDHITSDESCENDINGFILL,True,False,False,17865,0,46436976000.0,39,ASK,SHORT,1.0
CVNA,2026-06-22 16:10:31.580761+00:00,PUT,64.0,2026-07-31,26210,47,63,15,66.63,REPEATEDHITSDESCENDINGFILL,True,False,False,17330,8880,46436976000.0,39,ASK,SHORT,1.0
CVNA,2026-06-22 15:30:59.157066+00:00,PUT,65.5,2026-07-17,18245,41,44,0,66.605,REPEATEDHITS,True,False,False,0,18245,46436976000.0,25,BID,LONG,0.5
CVNA,2026-06-22 15:22:59.876760+00:00,CALL,70.5,2026-07-17,170775,495,720,0,66.43,REPEATEDHITS,True,False,False,0,170775,46436976000.0,25,BID,SHORT,0.5
CVNA,2026-06-22 14:52:15.438225+00:00,CALL,132.0,2027-06-17,30800,55,55,33,66.5,REPEATEDHITS,True,False,False,4480,10640,46436976000.0,360,BID,SHORT,0.5
CVNA,2026-06-22 14:24:13.279280+00:00,PUT,59.0,2026-07-17,17067,96,96,0,68.285,REPEATEDHITSASCENDINGFILL,True,False,False,15827,1240,46436976000.0,25,ASK,SHORT,1.0
CVNA,2026-06-22 14:14:47.527592+00:00,PUT,69.0,2026-07-17,487087,955,955,0,69.035,REPEATEDHITSASCENDINGFILL,False,False,False,1030,486057,46436976000.0,25,BID,LONG,0.5
CVNA,2026-06-18 19:57:28.972167+00:00,PUT,54.0,2026-07-24,10680,60,65,22,66.51,REPEATEDHITS,False,False,False,10680,0,46436976000.0,36,ASK,SHORT,1.0
CVNA,2026-06-18 19:57:10.509145+00:00,PUT,60.0,2026-07-02,29512,217,242,139,66.43,REPEATEDHITS,False,False,False,29512,0,46436976000.0,14,ASK,SHORT,1.0
CVNA,2026-06-18 18:52:38.848125+00:00,PUT,29.0,2026-07-17,10245,683,5943,412,67.095,REPEATEDHITS,False,False,False,10245,0,46436976000.0,29,ASK,SHORT,1.0
CVNA,2026-06-18 17:31:31.936191+00:00,PUT,66.0,2026-07-02,149384,526,531,29,67.62,REPEATEDHITS,False,False,False,0,149384,46436976000.0,14,BID,LONG,0.5
CVNA,2026-06-18 15:52:46.122930+00:00,PUT,61.0,2026-07-02,77217,608,1577,14,67.525,REPEATEDHITS,False,False,False,128,77089,46436976000.0,14,BID,LONG,0.5
CVNA,2026-06-18 14:55:41.917344+00:00,CALL,67.5,2026-06-26,24387,96,108,12,66.905,REPEATEDHITS,True,False,False,0,24387,46436976000.0,8,BID,SHORT,0.5
CVNA,2026-06-18 14:36:53.530813+00:00,PUT,61.0,2026-07-02,74664,549,969,14,67.5,REPEATEDHITS,False,False,False,0,74664,46436976000.0,14,BID,LONG,0.5
CVNA,2026-06-16 17:46:45.211316+00:00,CALL,73.0,2026-07-10,18350,49,1089,20,70.07,REPEATEDHITSDESCENDINGFILL,False,False,False,370,17980,46436976000.0,24,BID,SHORT,0.5
CYTK,2026-06-24 16:31:27.020542+00:00,CALL,85.0,2026-09-18,192960,268,304,11,82.64,REPEATEDHITS,False,False,False,0,192960,9955849526.0,86,BID,SHORT,0.5
CYTK,2026-06-24 15:50:22.931215+00:00,CALL,85.0,2026-09-18,20720,28,28,11,82.77,REPEATEDHITS,False,False,False,2960,17760,9955849526.0,86,BID,SHORT,0.5
CYTK,2026-06-24 14:46:29.945203+00:00,CALL,90.0,2026-07-17,38625,515,517,464,81.02,REPEATEDHITS,False,False,False,0,33525,9955849526.0,23,BID,SHORT,0.5
CYTK,2026-06-23 19:37:26.869097+00:00,PUT,90.0,2026-09-18,264410,193,193,0,79.55,REPEATEDHITS,False,False,False,0,264410,9955849526.0,87,BID,LONG,0.5
CYTK,2026-06-23 16:06:44.234104+00:00,PUT,80.0,2026-08-21,68670,109,109,10,79.43,REPEATEDHITS,False,False,False,0,68670,9955849526.0,59,BID,LONG,0.5
CYTK,2026-06-22 16:46:48.156582+00:00,PUT,85.0,2026-08-21,147420,162,162,8,80.37,REPEATEDHITS,False,False,False,0,147420,9955849526.0,60,BID,LONG,0.5
CYTK,2026-06-22 14:31:32.864517+00:00,CALL,85.0,2026-08-21,81900,182,185,150,78.63,REPEATEDHITS,False,False,False,450,81450,9955849526.0,60,BID,SHORT,0.5
CYTK,2026-06-17 17:25:12.042155+00:00,CALL,100.0,2026-09-18,134726,421,423,7,79.115,REPEATEDHITS,False,False,False,640,134086,9955849526.0,93,BID,SHORT,0.5
CYTK,2026-06-08 14:58:01.973385+00:00,CALL,70.0,2026-07-17,987500,2500,2500,367,69.355,LOWHISTORICVOLUMEFLOOR,False,True,False,0,987500,9955849526.0,39,BID,SHORT,0.5
CYTK,2026-05-20 16:57:48.644261+00:00,CALL,90.0,2026-09-18,32000,50,96,13,78.17,REPEATEDHITS,False,False,False,9600,7040,9955849526.0,121,ASK,LONG,1.0
CYTK,2026-05-19 15:20:50.297934+00:00,PUT,80.0,2026-06-18,56000,100,100,93,76.355,REPEATEDHITS,True,False,False,50960,3360,9955849526.0,30,ASK,SHORT,1.0
CYTK,2026-05-11 17:35:01.199274+00:00,CALL,95.0,2026-09-18,30715,64,65,1,75.1,REPEATEDHITSDESCENDINGFILL,False,False,False,30715,0,9955849526.0,130,ASK,LONG,1.0
CYTK,2026-05-11 17:35:01.199274+00:00,CALL,75.0,2026-09-18,14170,13,13,0,75.1,REPEATEDHITS,False,False,False,14170,0,9955849526.0,130,ASK,LONG,1.0
CYTK,2026-05-11 17:35:01.199274+00:00,CALL,80.0,2026-09-18,33820,38,38,23,75.1,REPEATEDHITS,False,False,False,33820,0,9955849526.0,130,ASK,LONG,1.0
CYTK,2026-05-06 17:30:37.109628+00:00,CALL,85.0,2026-06-18,204700,890,1031,480,73.925,FLOORTRADEMIDCAP,False,True,False,0,204700,9955849526.0,43,BID,SHORT,0.5
CYTK,2026-05-05 19:50:55.022882+00:00,PUT,75.0,2026-05-15,64000,200,2148,27,77.13,REPEATEDHITS,True,False,False,17280,44800,9955849526.0,10,BID,LONG,0.5
CYTK,2026-05-05 18:59:21.505916+00:00,PUT,65.0,2026-05-15,46682,718,2499,653,77.625,REPEATEDHITSDESCENDINGFILL,False,False,False,0,46682,9955849526.0,10,BID,LONG,0.5
CYTK,2026-05-05 18:47:45.225276+00:00,PUT,65.0,2026-05-15,49349,658,954,653,77.5851,REPEATEDHITS,False,False,False,49349,0,9955849526.0,10,ASK,SHORT,1.0
CYTK,2026-05-05 15:38:15.583893+00:00,CALL,90.0,2027-01-15,2798600,1999,10385,178,78.33,REPEATEDHITS,False,False,False,2798600,0,9955849526.0,255,ASK,LONG,1.0
CYTK,2026-05-05 15:36:06.130751+00:00,CALL,90.0,2027-01-15,2553420,1838,8244,178,78.11,REPEATEDHITSASCENDINGFILL,False,False,False,2553420,0,9955849526.0,255,ASK,LONG,1.0
CYTK,2026-05-05 15:02:03.167934+00:00,CALL,90.0,2027-01-15,730000,500,2562,178,79.65,REPEATEDHITS,False,False,False,730000,0,9955849526.0,255,ASK,LONG,1.0
CYTK,2026-05-05 14:44:57.426686+00:00,PUT,60.0,2026-08-21,15677,57,102,42,78.705,REPEATEDHITSDESCENDINGFILL,False,False,False,0,15677,9955849526.0,108,BID,LONG,0.5
CYTK,2026-05-05 14:35:57.154226+00:00,PUT,75.0,2026-05-15,20400,85,1040,27,79.85,REPEATEDHITS,True,False,False,0,20400,9955849526.0,10,BID,LONG,0.5
CYTK,2026-05-05 14:16:26.674928+00:00,PUT,75.0,2026-05-15,113040,314,620,27,77.4522,REPEATEDHITS,False,False,False,113040,0,9955849526.0,10,ASK,SHORT,1.0
CYTK,2026-05-05 14:11:13.796645+00:00,PUT,65.0,2026-07-17,66170,232,236,108,78.69,REPEATEDHITS,True,False,False,3185,62985,9955849526.0,73,BID,LONG,0.5
CYTK,2026-05-05 14:11:13.796645+00:00,PUT,70.0,2026-07-17,157140,349,351,77,78.65,REPEATEDHITS,False,False,False,9540,147600,9955849526.0,73,BID,LONG,0.5
CYTK,2026-05-05 13:34:39.528451+00:00,PUT,85.0,2026-06-18,110650,93,93,21,77.255,REPEATEDHITSDESCENDINGFILL,True,False,False,0,110650,9955849526.0,44,BID,LONG,0.5
CYTK,2026-04-28 14:19:03.829299+00:00,PUT,35.0,2026-07-17,17325,105,106,93,62.965,REPEATEDHITS,False,False,False,17325,0,9955849526.0,80,ASK,SHORT,1.0
CYTK,2026-04-28 14:16:43.057332+00:00,CALL,100.0,2026-07-17,29960,81,105,77,62.77,REPEATEDHITS,True,False,False,16300,13660,9955849526.0,80,ASK,LONG,1.0
CYTK,2026-04-27 16:42:20.913680+00:00,CALL,95.0,2026-07-17,32790,73,94,65,63.195,REPEATEDHITSDESCENDINGFILL,True,False,False,32360,430,9955849526.0,81,ASK,LONG,1.0
DAVE,2026-06-24 16:33:42.776379+00:00,PUT,350.0,2026-07-17,62640,18,18,0,333.525,REPEATEDHITS,True,False,False,62640,0,3624910465.0,23,ASK,SHORT,1.0
DAVE,2026-06-23 19:14:46.049054+00:00,PUT,305.0,2026-06-26,18560,32,32,12,319.13,REPEATEDHITS,False,False,False,0,18560,3624910465.0,3,BID,LONG,0.5
DAVE,2026-06-23 19:14:46.049054+00:00,PUT,297.5,2026-06-26,15170,41,41,2,319.13,REPEATEDHITS,False,False,False,0,15170,3624910465.0,3,BID,LONG,0.5
DAVE,2026-06-23 19:14:46.049054+00:00,PUT,315.0,2026-06-26,102462,109,122,7,319.13,REPEATEDHITSASCENDINGFILL,False,False,False,0,102462,3624910465.0,3,BID,LONG,0.5
DAVE,2026-06-23 17:46:13.946572+00:00,PUT,300.0,2026-11-20,41124,8,165,0,315.345,REPEATEDHITSDESCENDINGFILL,False,False,False,0,41124,3624910465.0,150,BID,LONG,0.5
DAVE,2026-06-22 15:03:33.218792+00:00,CALL,320.0,2026-06-26,246813,287,288,29,312.01,REPEATEDHITSDESCENDINGFILL,False,False,False,246813,0,3624910465.0,4,ASK,LONG,1.0
DAVE,2026-06-15 14:55:04.618374+00:00,CALL,350.0,2026-07-17,190080,144,144,38,309.99,REPEATEDHITS,False,False,False,190080,0,3624910465.0,32,ASK,LONG,1.0
DAVE,2026-06-12 18:14:51.875440+00:00,CALL,300.0,2026-07-31,165600,69,72,0,286.66,REPEATEDHITS,False,False,False,36000,0,3624910465.0,49,ASK,LONG,1.0
DAVE,2026-06-12 14:07:12.798383+00:00,PUT,297.5,2026-06-12,184150,56,57,1,264.65,REPEATEDHITSASCENDINGFILL,True,False,False,19900,164250,3624910465.0,0,BID,LONG,0.5
DAVE,2026-06-12 14:07:12.798383+00:00,CALL,310.0,2026-10-16,402930,121,121,4,264.65,REPEATEDHITS,False,False,False,402930,0,3624910465.0,126,ASK,LONG,1.0
DAVE,2026-06-12 13:36:16.349755+00:00,PUT,285.0,2026-06-12,18870,12,27,0,268.93,REPEATEDHITSASCENDINGFILL,False,False,False,3170,15700,3624910465.0,0,BID,LONG,0.5
DAVE,2026-06-12 13:36:10.737391+00:00,PUT,277.5,2026-06-12,10950,11,11,1,272.0,REPEATEDHITSASCENDINGFILL,False,False,False,6050,4900,3624910465.0,0,ASK,SHORT,1.0
DAVE,2026-06-11 17:57:38.616203+00:00,CALL,277.5,2026-06-12,64910,113,137,2,279.12,REPEATEDHITSDESCENDINGFILL,True,False,False,33040,31310,3624910465.0,1,ASK,LONG,1.0
DAVE,2026-06-10 18:37:30.752675+00:00,CALL,267.5,2026-06-12,10550,11,13,0,270.16,REPEATEDHITS,False,False,False,9600,950,3624910465.0,2,ASK,LONG,1.0
DAVE,2026-06-10 14:59:35.844710+00:00,PUT,280.0,2026-07-17,53700,19,25,5,273.385,REPEATEDHITSDESCENDINGFILL,False,False,False,39600,14100,3624910465.0,37,ASK,SHORT,1.0
DAVE,2026-06-09 18:39:24.333488+00:00,CALL,297.5,2026-06-12,64017,194,194,1,280.0,REPEATEDHITS,False,False,False,64017,0,3624910465.0,3,ASK,LONG,1.0
DAVE,2026-06-09 16:03:07.517760+00:00,PUT,220.0,2026-06-18,54661,405,405,14,266.85,REPEATEDHITSDESCENDINGFILL,False,False,False,54661,0,3624910465.0,9,ASK,SHORT,1.0
DAVE,2026-06-08 19:41:00.985713+00:00,PUT,280.0,2026-06-26,56110,26,26,1,273.01,REPEATEDHITS,True,False,False,56110,0,3624910465.0,18,ASK,SHORT,1.0
DAVE,2026-06-05 18:14:34.829981+00:00,PUT,255.0,2026-06-12,10199,10,10,0,253.23,REPEATEDHITS,True,False,False,10199,0,3624910465.0,7,ASK,SHORT,1.0
DAVE,2026-06-04 15:19:12.666596+00:00,PUT,280.0,2026-09-18,637200,118,118,0,258.23,REPEATEDHITS,False,False,False,637200,0,3624910465.0,106,ASK,SHORT,1.0
DAVE,2026-06-04 14:02:19.329140+00:00,PUT,185.0,2026-09-18,75520,64,64,5,256.5,REPEATEDHITS,False,False,False,75520,0,3624910465.0,106,ASK,SHORT,1.0
DAVE,2026-06-03 17:38:41.042797+00:00,CALL,270.0,2026-09-18,366000,122,189,15,243.76,REPEATEDHITS,False,False,False,366000,0,3624910465.0,107,ASK,LONG,1.0
DAVE,2026-06-02 18:23:18.490415+00:00,PUT,235.0,2026-06-12,26160,109,109,7,269.33,REPEATEDHITS,False,False,False,0,26160,3624910465.0,10,BID,LONG,0.5
DAVE,2026-06-02 16:09:05.342746+00:00,PUT,250.0,2026-06-18,147207,184,184,42,270.22,REPEATEDHITSASCENDINGFILL,False,False,False,0,147207,3624910465.0,16,BID,LONG,0.5
DAVE,2026-06-02 14:40:19.733059+00:00,PUT,235.0,2026-06-05,12500,250,252,16,274.375,REPEATEDHITS,False,False,False,0,12500,3624910465.0,3,BID,LONG,0.5
DAVE,2026-06-01 18:39:07.040341+00:00,CALL,295.0,2026-06-18,21000,15,25,1,284.5475,REPEATEDHITSDESCENDINGFILL,False,False,False,7350,13650,3624910465.0,17,BID,SHORT,0.5
DAVE,2026-06-01 15:07:15.207242+00:00,CALL,280.0,2026-06-05,11353,10,30,1,280.25,REPEATEDHITSASCENDINGFILL,False,False,False,5703,0,3624910465.0,4,ASK,LONG,1.0
DAVE,2026-06-01 15:05:40.872609+00:00,CALL,280.0,2026-06-05,20534,20,20,1,279.5,REPEATEDHITSASCENDINGFILL,False,False,False,0,20534,3624910465.0,4,BID,SHORT,0.5
DAVE,2026-05-28 14:00:13.225994+00:00,CALL,257.5,2026-05-29,120484,65,132,2,273.1,REPEATEDHITSASCENDINGFILL,False,False,False,120484,0,3624910465.0,1,ASK,LONG,1.0
DAVE,2026-05-27 16:01:47.451519+00:00,CALL,280.0,2026-06-18,87120,99,121,43,255.515,REPEATEDHITS,False,False,False,87120,0,3624910465.0,22,ASK,LONG,1.0
DAVE,2026-05-26 19:20:09.661099+00:00,PUT,245.0,2026-06-05,25680,26,26,1,248.66,REPEATEDHITS,False,False,False,25680,0,3624910465.0,10,ASK,SHORT,1.0
DAVE,2026-05-26 15:33:49.937100+00:00,PUT,250.0,2026-06-05,239976,169,169,0,245.43,REPEATEDHITS,False,False,False,239976,0,3624910465.0,10,ASK,SHORT,1.0
DAVE,2026-05-22 18:07:28.555472+00:00,CALL,220.0,2026-06-05,42630,30,368,4,227.49,REPEATEDHITSDESCENDINGFILL,True,False,False,42630,0,3624910465.0,14,ASK,LONG,1.0
DAVE,2026-05-22 17:29:40.171657+00:00,PUT,230.0,2026-05-29,35911,57,57,21,230.4171,REPEATEDHITS,False,False,False,0,35911,3624910465.0,7,BID,LONG,0.5
DAVE,2026-05-22 17:29:40.171657+00:00,PUT,227.5,2026-05-29,47324,91,93,0,230.4171,REPEATEDHITSASCENDINGFILL,False,False,False,0,47324,3624910465.0,7,BID,LONG,0.5
DAVE,2026-05-22 15:47:51.870687+00:00,CALL,250.0,2026-11-20,111240,27,27,9,227.075,REPEATEDHITS,False,False,False,111240,0,3624910465.0,182,ASK,LONG,1.0
DAVE,2026-05-20 18:21:38.681369+00:00,CALL,242.5,2026-06-05,594580,434,499,0,245.54,REPEATEDHITS,True,False,False,594580,0,3624910465.0,16,ASK,LONG,1.0
DAVE,2026-05-20 15:37:18.999626+00:00,PUT,250.0,2026-06-18,59100,30,35,4,246.795,REPEATEDHITS,False,False,False,59100,0,3624910465.0,29,ASK,SHORT,1.0
DAVE,2026-05-19 15:24:55.894027+00:00,PUT,235.0,2026-06-05,26210,19,19,2,232.635,REPEATEDHITS,True,False,False,24840,1370,3624910465.0,17,ASK,SHORT,1.0
DAVE,2026-05-18 16:13:01.540944+00:00,CALL,240.0,2026-05-29,28478,32,32,3,235.98,REPEATEDHITSDESCENDINGFILL,True,False,False,28478,0,3624910465.0,11,ASK,LONG,1.0
DAVE,2026-05-14 19:44:50.032192+00:00,CALL,240.0,2026-06-05,41480,34,234,1,235.07,REPEATEDHITS,False,False,False,0,41480,3624910465.0,22,BID,SHORT,0.5
DAVE,2026-05-14 17:18:38.792881+00:00,PUT,250.0,2026-08-21,439810,103,103,5,236.23,REPEATEDHITS,False,False,False,439810,0,3624910465.0,99,ASK,SHORT,1.0
DAVE,2026-05-11 15:34:50.822924+00:00,CALL,330.0,2026-11-20,16200,6,48,1,246.44,REPEATEDHITS,False,False,False,16200,0,3624910465.0,193,ASK,LONG,1.0
DAVE,2026-05-11 15:29:34.858970+00:00,CALL,330.0,2026-11-20,51300,18,18,1,247.1,REPEATEDHITS,False,False,False,51300,0,3624910465.0,193,ASK,LONG,1.0
DAVE,2026-05-06 19:54:19.350653+00:00,CALL,247.5,2026-05-08,32800,82,109,0,243.2,REPEATEDHITS,True,False,False,0,32800,3624910465.0,2,BID,SHORT,0.5
DAVE,2026-05-06 19:54:16.947390+00:00,PUT,230.0,2026-05-15,26120,65,75,20,243.99,REPEATEDHITSASCENDINGFILL,False,False,False,13910,12210,3624910465.0,9,ASK,SHORT,1.0
DAVE,2026-05-06 19:54:13.539410+00:00,CALL,232.5,2026-05-15,150340,94,123,0,244.345,REPEATEDHITSASCENDINGFILL,True,False,False,64700,85640,3624910465.0,9,BID,SHORT,0.5
DAVE,2026-05-06 19:39:29.895496+00:00,CALL,235.0,2026-05-15,32880,24,729,0,243.03,REPEATEDHITS,False,False,False,0,32880,3624910465.0,9,BID,SHORT,0.5
DAVE,2026-05-06 17:31:16.156666+00:00,CALL,235.0,2026-05-15,14400,17,344,0,230.74,REPEATEDHITSDESCENDINGFILL,False,False,False,0,14400,3624910465.0,9,BID,SHORT,0.5
DAVE,2026-05-06 17:24:02.195127+00:00,CALL,235.0,2026-05-15,10325,13,310,0,231.031,REPEATEDHITSDESCENDINGFILL,False,False,False,0,10325,3624910465.0,9,BID,SHORT,0.5
DG,2026-06-24 18:33:43.944402+00:00,PUT,118.0,2026-07-02,36720,204,204,10,119.42,REPEATEDHITS,False,False,False,0,36720,25274818013.0,8,BID,LONG,0.5
DG,2026-06-24 17:33:36.027271+00:00,PUT,125.0,2026-08-21,260110,255,256,40,118.7,REPEATEDHITSASCENDINGFILL,False,False,False,0,260110,25274818013.0,58,BID,LONG,0.5
DG,2026-06-24 16:23:05.825193+00:00,PUT,120.0,2026-06-26,15466,74,77,3,118.97,REPEATEDHITS,True,False,False,15466,0,25274818013.0,2,ASK,SHORT,1.0
DG,2026-06-24 15:09:59.479144+00:00,PUT,117.0,2026-07-24,90447,238,238,0,118.9,REPEATEDHITS,False,False,False,0,90447,25274818013.0,30,BID,LONG,0.5
DG,2026-06-23 18:47:34.913292+00:00,CALL,113.0,2026-07-31,38940,66,66,0,114.27,REPEATEDHITS,False,False,False,0,38940,25274818013.0,38,BID,SHORT,0.5
DG,2026-06-23 15:08:39.040190+00:00,CALL,118.0,2026-07-02,35346,258,260,15,114.51,REPEATEDHITS,False,False,False,0,35346,25274818013.0,9,BID,SHORT,0.5
DG,2026-06-22 19:29:29.488156+00:00,CALL,119.0,2026-07-31,35280,112,112,1,113.56,REPEATEDHITS,False,False,False,0,35280,25274818013.0,39,BID,SHORT,0.5
DG,2026-06-22 14:51:33.333992+00:00,PUT,110.0,2026-08-21,180110,434,434,394,115.8,REPEATEDHITS,False,False,False,0,180110,25274818013.0,60,BID,LONG,0.5
DG,2026-06-18 19:49:54.241678+00:00,CALL,119.0,2026-07-02,39432,372,379,18,112.97,REPEATEDHITS,False,False,False,39432,0,25274818013.0,14,ASK,LONG,1.0
DG,2026-06-18 16:01:14.963320+00:00,PUT,114.0,2026-06-26,55355,173,173,17,112.46,REPEATEDHITS,False,False,False,55355,0,25274818013.0,8,ASK,SHORT,1.0
DG,2026-06-18 15:24:50.929625+00:00,CALL,120.0,2026-07-10,40250,350,356,17,111.995,REPEATEDHITS,False,False,False,40250,0,25274818013.0,22,ASK,LONG,1.0
DG,2026-06-17 19:24:55.750178+00:00,CALL,110.0,2026-07-24,88562,216,216,3,108.705,REPEATEDHITS,False,False,False,0,88562,25274818013.0,37,BID,SHORT,0.5
DG,2026-06-17 17:57:22.804835+00:00,CALL,110.0,2026-07-02,61065,177,204,31,110.64,REPEATEDHITS,False,False,False,0,61065,25274818013.0,15,BID,SHORT,0.5
DG,2026-06-17 16:53:26.207271+00:00,CALL,113.0,2026-06-26,11900,70,129,64,110.96,REPEATEDHITS,False,False,False,0,2040,25274818013.0,9,BID,SHORT,0.5
DG,2026-06-16 18:57:37.181152+00:00,PUT,114.0,2026-06-18,18525,95,271,65,113.155,REPEATEDHITS,True,False,False,0,18525,25274818013.0,2,BID,LONG,0.5
DG,2026-06-15 15:49:27.135471+00:00,CALL,115.0,2026-07-02,18750,31,32,27,118.815,REPEATEDHITS,False,False,False,18150,600,25274818013.0,17,ASK,LONG,1.0
DG,2026-06-12 19:06:20.905942+00:00,PUT,100.0,2026-07-31,92400,660,660,0,115.195,REPEATEDHITS,False,False,False,92400,0,25274818013.0,49,ASK,SHORT,1.0
DG,2026-06-11 18:43:16.267873+00:00,PUT,120.0,2026-08-21,325042,279,333,126,112.77,REPEATEDHITS,False,False,False,18640,306402,25274818013.0,71,BID,LONG,0.5
DG,2026-06-10 17:28:35.172766+00:00,CALL,108.0,2026-07-02,84630,182,182,14,108.79,REPEATEDHITS,False,False,False,0,84630,25274818013.0,22,BID,SHORT,0.5
DG,2026-06-10 15:12:17.625841+00:00,CALL,116.0,2026-07-10,66585,287,287,5,109.71,REPEATEDHITS,False,False,False,233,66352,25274818013.0,30,BID,SHORT,0.5
DG,2026-06-09 18:15:52.634625+00:00,CALL,135.0,2026-09-18,92368,368,370,107,108.72,REPEATEDHITS,False,False,False,0,92368,25274818013.0,101,BID,SHORT,0.5
DG,2026-06-09 15:53:03.805494+00:00,PUT,115.0,2027-06-17,14350,7,7,3,108.9442,REPEATEDHITS,False,False,False,0,0,25274818013.0,373,MIXED,,0.0
DG,2026-06-09 15:02:12.515773+00:00,CALL,116.0,2026-06-26,47400,300,300,26,109.69,REPEATEDHITS,False,False,False,0,47400,25274818013.0,17,BID,SHORT,0.5
DG,2026-06-05 13:58:43.188313+00:00,CALL,111.0,2026-06-12,11220,204,216,113,104.52,REPEATEDHITS,True,False,False,55,7865,25274818013.0,7,BID,SHORT,0.5
DG,2026-06-04 17:49:19.623533+00:00,CALL,115.0,2026-08-21,41420,109,117,99,104.13,REPEATEDHITS,False,False,False,41420,0,25274818013.0,78,ASK,LONG,1.0
DG,2026-06-04 14:42:25.048820+00:00,PUT,106.0,2026-06-18,36720,102,127,11,105.175,REPEATEDHITS,True,False,False,0,36720,25274818013.0,14,BID,LONG,0.5
DG,2026-06-03 19:07:19.483174+00:00,CALL,105.0,2026-08-21,221082,289,433,126,104.4,REPEATEDHITS,False,False,False,221082,0,25274818013.0,79,ASK,LONG,1.0
DG,2026-06-02 18:43:27.747133+00:00,CALL,120.0,2026-08-21,55380,142,148,93,108.26,REPEATEDHITS,False,False,False,55380,0,25274818013.0,80,ASK,LONG,1.0
DG,2026-06-02 17:43:29.598194+00:00,CALL,110.0,2026-09-18,217080,216,248,136,108.39,REPEATEDHITS,False,False,False,217080,0,25274818013.0,108,ASK,LONG,1.0
DG,2026-06-02 17:20:38.560440+00:00,PUT,107.0,2026-06-12,42344,158,160,8,108.26,REPEATEDHITS,False,False,False,42344,0,25274818013.0,10,ASK,SHORT,1.0
DG,2026-06-02 14:51:13.798778+00:00,PUT,108.0,2026-06-18,19320,46,50,3,107.73,REPEATEDHITS,False,False,False,0,19320,25274818013.0,16,BID,LONG,0.5
DG,2026-06-02 14:47:52.851134+00:00,CALL,120.0,2026-07-17,226540,1205,1220,682,107.02,REPEATEDHITS,True,False,False,226540,0,25274818013.0,45,ASK,LONG,1.0
DG,2026-06-02 14:23:40.501467+00:00,CALL,100.0,2026-07-02,16610,22,32,13,106.35,REPEATEDHITS,False,False,False,0,16610,25274818013.0,30,BID,SHORT,0.5
DG,2026-06-02 13:52:51.038294+00:00,CALL,110.0,2026-06-12,72516,258,309,96,107.1701,REPEATEDHITSDESCENDINGFILL,True,False,False,72516,0,25274818013.0,10,ASK,LONG,1.0
DG,2026-06-01 19:31:16.265192+00:00,PUT,101.0,2026-06-18,14909,55,87,27,109.47,REPEATEDHITSASCENDINGFILL,False,False,False,2730,12179,25274818013.0,17,BID,LONG,0.5
DG,2026-06-01 19:13:33.941008+00:00,PUT,109.0,2026-06-05,17637,35,746,8,109.58,REPEATEDHITSASCENDINGFILL,False,False,False,17637,0,25274818013.0,4,ASK,SHORT,1.0
DG,2026-06-01 19:13:20.919357+00:00,PUT,109.0,2026-06-05,25555,50,595,8,109.6225,REPEATEDHITSDESCENDINGFILL,False,False,False,5665,19890,25274818013.0,4,BID,LONG,0.5
DG,2026-06-01 18:37:30.494229+00:00,PUT,109.0,2026-06-05,17487,35,471,8,109.675,REPEATEDHITSASCENDINGFILL,True,False,False,17487,0,25274818013.0,4,ASK,SHORT,1.0
DG,2026-06-01 18:37:23.460398+00:00,PUT,109.0,2026-06-05,47374,95,432,8,109.67,REPEATEDHITSDESCENDINGFILL,True,False,False,34999,12375,25274818013.0,4,ASK,SHORT,1.0
DG,2026-06-01 18:37:19.850699+00:00,PUT,109.0,2026-06-05,20370,41,337,8,109.73,REPEATEDHITSDESCENDINGFILL,False,False,False,495,1985,25274818013.0,4,BID,LONG,0.5
DG,2026-06-01 16:30:28.357606+00:00,PUT,115.0,2027-01-15,1004839,547,548,315,109.905,FLOORTRADELARGECAP,False,True,True,1004839,0,25274818013.0,228,ASK,SHORT,1.0
DG,2026-06-01 16:06:48.555375+00:00,PUT,103.0,2026-06-18,24801,80,91,42,110.44,REPEATEDHITS,False,False,False,0,24801,25274818013.0,17,BID,LONG,0.5
DG,2026-06-01 16:06:48.555375+00:00,PUT,107.0,2026-06-18,16740,36,36,0,110.44,REPEATEDHITS,False,False,False,465,13950,25274818013.0,17,BID,LONG,0.5
DG,2026-06-01 15:40:38.057866+00:00,CALL,131.0,2026-06-05,18722,506,506,8,109.05,REPEATEDHITS,False,False,False,0,18722,25274818013.0,4,BID,SHORT,0.5
DG,2026-06-01 14:38:03.965074+00:00,CALL,110.0,2026-06-26,153180,222,227,28,109.67,REPEATEDHITS,False,False,False,153180,0,25274818013.0,25,ASK,LONG,1.0
DG,2026-05-29 16:11:13.490581+00:00,CALL,110.0,2026-07-17,121412,171,189,169,108.5,REPEATEDHITS,False,False,False,0,121412,25274818013.0,49,BID,SHORT,0.5
DG,2026-05-28 17:00:52.783177+00:00,CALL,117.0,2026-06-05,34650,105,131,62,110.96,REPEATEDHITS,False,False,False,3960,30690,25274818013.0,8,BID,SHORT,0.5
DG,2026-05-28 16:32:35.481967+00:00,PUT,111.0,2026-05-29,18382,116,138,3,110.81,REPEATEDHITSDESCENDINGFILL,True,False,False,4867,13515,25274818013.0,1,BID,LONG,0.5
DG,2026-05-28 16:32:35.481967+00:00,PUT,109.0,2026-05-29,17289,201,216,11,110.85,REPEATEDHITS,True,False,False,176,17113,25274818013.0,1,BID,LONG,0.5
DG,2026-05-28 14:01:49.039058+00:00,PUT,106.0,2026-06-05,188702,510,519,22,110.6699,REPEATEDHITS,False,False,False,0,188702,25274818013.0,8,BID,LONG,0.5
DVN,2026-06-24 14:11:17.323121+00:00,CALL,44.0,2026-07-02,22188,516,517,219,42.515,REPEATEDHITS,False,False,False,0,22145,26962546000.0,8,BID,SHORT,0.5
DVN,2026-06-23 15:00:04.752908+00:00,PUT,41.0,2026-07-17,25392,368,368,62,43.28,REPEATEDHITS,False,False,False,0,25392,26962546000.0,24,BID,LONG,0.5
DVN,2026-06-23 13:56:34.821696+00:00,CALL,42.0,2026-07-17,10530,45,45,1,43.06,REPEATEDHITS,True,False,False,0,10530,26962546000.0,24,BID,SHORT,0.5
DVN,2026-06-22 15:23:17.892127+00:00,CALL,43.0,2026-07-17,13112,88,151,0,42.5701,REPEATEDHITS,False,False,False,298,12814,26962546000.0,25,BID,SHORT,0.5
DVN,2026-06-18 17:36:12.864610+00:00,PUT,41.0,2026-07-10,20099,199,211,9,41.83,REPEATEDHITS,False,False,False,20099,0,26962546000.0,22,ASK,SHORT,1.0
DVN,2026-06-17 18:16:28.501165+00:00,CALL,57.5,2028-01-21,10156,26,60,13,42.57,REPEATEDHITSDESCENDINGFILL,True,False,False,390,9766,26962546000.0,583,BID,SHORT,0.5
DVN,2026-06-17 17:04:13.072625+00:00,CALL,44.0,2026-06-26,33796,476,620,263,43.11,REPEATEDHITS,True,False,False,29749,710,26962546000.0,9,ASK,LONG,1.0
DVN,2026-06-17 17:04:13.072625+00:00,CALL,44.5,2026-07-02,11869,143,731,33,43.17,REPEATEDHITS,False,False,False,0,11869,26962546000.0,15,BID,SHORT,0.5
DVN,2026-06-17 17:04:13.072625+00:00,CALL,43.0,2026-06-26,37060,340,379,208,43.11,REPEATEDHITS,True,False,False,10464,23217,26962546000.0,9,BID,SHORT,0.5
DVN,2026-06-17 17:04:13.072625+00:00,CALL,44.5,2026-07-02,12027,139,870,33,43.27,REPEATEDHITSDESCENDINGFILL,True,False,False,6231,5796,26962546000.0,15,ASK,LONG,1.0
DVN,2026-06-17 17:04:13.072625+00:00,CALL,44.5,2026-07-02,47974,578,587,33,43.15,REPEATEDHITS,True,False,False,43741,1494,26962546000.0,15,ASK,LONG,1.0
DVN,2026-06-17 16:08:04.823628+00:00,PUT,41.5,2026-07-02,20956,338,339,2,42.93,REPEATEDHITS,False,False,False,20956,0,26962546000.0,15,ASK,SHORT,1.0
DVN,2026-06-16 15:12:52.192062+00:00,CALL,43.0,2026-06-18,10800,200,295,21,42.805,REPEATEDHITS,False,False,False,0,10800,26962546000.0,2,BID,SHORT,0.5
DVN,2026-06-15 19:32:09.250270+00:00,CALL,47.5,2026-07-02,51345,1467,1467,0,43.79,REPEATEDHITS,False,False,False,51345,0,26962546000.0,17,ASK,LONG,1.0
DVN,2026-06-15 19:27:55.726963+00:00,PUT,46.0,2026-07-24,27135,81,96,0,43.7,REPEATEDHITS,True,False,False,27135,0,26962546000.0,39,ASK,SHORT,1.0
DVN,2026-06-15 18:59:24.051088+00:00,PUT,44.0,2026-07-02,86496,636,744,41,43.995,REPEATEDHITS,False,False,False,86496,0,26962546000.0,17,ASK,SHORT,1.0
DVN,2026-06-15 16:48:44.779400+00:00,CALL,42.5,2026-09-18,1033567,2349,2360,617,44.15,REPEATEDHITSASCENDINGFILL,False,False,False,0,1032687,26962546000.0,95,BID,SHORT,0.5
DVN,2026-06-15 15:56:57.546569+00:00,PUT,44.5,2026-06-26,92036,692,695,334,44.1982,REPEATEDHITS,False,False,False,92036,0,26962546000.0,11,ASK,SHORT,1.0
DVN,2026-06-15 14:56:56.383790+00:00,CALL,44.5,2026-06-26,40300,325,328,16,44.475,REPEATEDHITS,True,False,False,0,40300,26962546000.0,11,BID,SHORT,0.5
DVN,2026-06-15 14:55:21.243871+00:00,PUT,44.0,2026-07-10,112193,743,764,61,44.45,REPEATEDHITS,False,False,False,112193,0,26962546000.0,25,ASK,SHORT,1.0
DVN,2026-06-11 19:28:28.560763+00:00,PUT,45.0,2026-06-26,101019,669,744,368,45.1701,REPEATEDHITS,False,False,False,101019,0,26962546000.0,15,ASK,SHORT,1.0
DVN,2026-06-11 18:26:36.105754+00:00,PUT,44.5,2026-06-26,34404,282,285,34,45.08,REPEATEDHITS,False,False,False,0,34404,26962546000.0,15,BID,LONG,0.5
DVN,2026-06-11 16:01:05.541096+00:00,CALL,46.0,2026-07-10,102960,468,468,83,46.4,REPEATEDHITS,False,False,False,94160,8800,26962546000.0,29,ASK,LONG,1.0
DVN,2026-06-10 18:27:14.802160+00:00,PUT,46.5,2026-06-12,16432,316,903,315,46.695,REPEATEDHITS,False,False,False,0,16432,26962546000.0,2,BID,LONG,0.5
DVN,2026-06-10 17:20:13.393475+00:00,PUT,47.0,2026-06-26,139400,820,839,173,47.0,REPEATEDHITS,False,False,False,9180,130220,26962546000.0,16,BID,LONG,0.5
DVN,2026-06-10 14:41:54.802702+00:00,PUT,46.5,2026-06-12,32256,448,469,315,46.46,REPEATEDHITS,False,False,False,0,32256,26962546000.0,2,BID,LONG,0.5
DVN,2026-06-09 18:40:34.029844+00:00,CALL,44.0,2026-06-12,51300,855,973,29,43.65,REPEATEDHITS,False,False,False,0,50520,26962546000.0,3,BID,SHORT,0.5
DVN,2026-06-09 17:37:22.644348+00:00,PUT,42.0,2026-07-02,20001,177,181,98,43.58,REPEATEDHITS,True,False,False,17741,0,26962546000.0,23,ASK,SHORT,1.0
DVN,2026-06-09 16:51:57.712617+00:00,PUT,43.0,2026-07-02,22330,154,165,37,43.8,REPEATEDHITS,False,False,False,0,22330,26962546000.0,23,BID,LONG,0.5
DVN,2026-06-05 17:28:23.273751+00:00,CALL,46.0,2026-06-12,37440,720,1057,401,44.76,REPEATEDHITS,False,False,False,0,37440,26962546000.0,7,BID,SHORT,0.5
DVN,2026-06-04 17:52:03.840350+00:00,CALL,48.0,2026-06-26,40995,398,537,241,46.08,REPEATEDHITS,False,False,False,0,40995,26962546000.0,22,BID,SHORT,0.5
DVN,2026-06-04 17:18:44.884035+00:00,PUT,45.0,2026-06-26,40322,282,335,132,46.065,REPEATEDHITSASCENDINGFILL,True,False,False,40179,0,26962546000.0,22,ASK,SHORT,1.0
DVN,2026-06-04 17:06:53.442214+00:00,CALL,48.0,2026-06-18,52884,678,1736,279,46.0701,REPEATEDHITS,True,False,False,52884,0,26962546000.0,14,ASK,LONG,1.0
DVN,2026-06-04 16:59:23.644755+00:00,CALL,48.0,2026-06-18,40000,500,1048,279,46.115,REPEATEDHITS,True,False,False,40000,0,26962546000.0,14,ASK,LONG,1.0
DVN,2026-06-04 16:55:34.945048+00:00,CALL,48.0,2026-06-18,40000,500,530,279,46.07,REPEATEDHITS,True,False,False,40000,0,26962546000.0,14,ASK,LONG,1.0
DVN,2026-06-04 15:21:58.816680+00:00,PUT,44.5,2026-06-18,69972,714,714,200,45.93,REPEATEDHITS,False,False,False,0,69972,26962546000.0,14,BID,LONG,0.5
DVN,2026-06-03 18:18:47.041209+00:00,CALL,46.0,2026-07-02,23940,105,126,82,46.4128,REPEATEDHITS,True,False,False,7524,16416,26962546000.0,29,BID,SHORT,0.5
DVN,2026-06-03 15:48:42.870301+00:00,PUT,47.5,2026-06-12,57960,322,322,101,46.555,REPEATEDHITS,True,False,False,57960,0,26962546000.0,9,ASK,SHORT,1.0
DVN,2026-06-03 15:18:46.511223+00:00,CALL,47.5,2026-06-12,32845,369,455,192,46.48,REPEATEDHITSASCENDINGFILL,True,False,False,0,32845,26962546000.0,9,BID,SHORT,0.5
DVN,2026-06-02 18:34:01.097235+00:00,PUT,45.0,2026-06-12,39262,586,635,462,46.585,REPEATEDHITS,False,False,False,36850,2412,26962546000.0,10,ASK,SHORT,1.0
DVN,2026-06-02 16:34:45.990073+00:00,CALL,49.0,2026-07-02,43692,331,331,30,46.685,REPEATEDHITS,False,False,False,43692,0,26962546000.0,30,ASK,LONG,1.0
DVN,2026-06-02 15:22:37.022812+00:00,PUT,46.5,2026-06-12,12790,93,157,24,46.225,REPEATEDHITSDESCENDINGFILL,True,False,False,0,12790,26962546000.0,10,BID,LONG,0.5
DVN,2026-06-02 15:18:38.644897+00:00,PUT,45.5,2026-06-18,27918,198,346,160,46.2202,REPEATEDHITS,True,False,False,0,27918,26962546000.0,16,BID,LONG,0.5
DVN,2026-06-01 17:14:01.087027+00:00,CALL,50.0,2026-07-10,28583,283,283,1,46.26,REPEATEDHITSASCENDINGFILL,False,False,False,14815,13677,26962546000.0,39,ASK,LONG,1.0
DVN,2026-06-01 16:12:41.461594+00:00,CALL,45.5,2026-06-18,98560,448,515,68,46.57,REPEATEDHITS,False,False,False,25520,73040,26962546000.0,17,BID,SHORT,0.5
DVN,2026-06-01 16:12:00.948501+00:00,CALL,46.5,2026-06-18,87450,530,570,138,46.505,REPEATEDHITS,True,False,False,3135,84315,26962546000.0,17,BID,SHORT,0.5
DVN,2026-06-01 15:25:21.390257+00:00,CALL,47.0,2026-06-12,37599,249,336,169,47.0,REPEATEDHITS,False,False,False,6342,1812,26962546000.0,11,ASK,LONG,1.0
DVN,2026-05-29 19:41:51.874754+00:00,CALL,44.0,2026-06-05,10998,117,342,97,43.94,REPEATEDHITS,True,False,False,0,10998,26962546000.0,7,BID,SHORT,0.5
DVN,2026-05-29 18:03:30.467121+00:00,PUT,43.5,2026-06-12,78470,665,712,10,43.75,REPEATEDHITS,False,False,False,78470,0,26962546000.0,14,ASK,SHORT,1.0
DVN,2026-05-29 17:50:08.674663+00:00,CALL,43.5,2026-06-05,11000,100,101,2,43.795,REPEATEDHITS,False,False,False,6710,4290,26962546000.0,7,ASK,LONG,1.0
ETHA,2026-06-24 18:33:25.525181+00:00,PUT,11.0,2026-07-31,36750,750,1596,343,11.885,REPEATEDHITS,False,False,False,36750,0,6944643005.0,37,ASK,SHORT,1.0
ETHA,2026-06-24 18:01:22.474632+00:00,CALL,12.5,2026-07-17,13689,351,700,149,11.775,REPEATEDHITS,False,False,False,0,13689,6944643005.0,23,BID,SHORT,0.5
ETHA,2026-06-24 17:51:11.512506+00:00,CALL,14.5,2026-07-24,24348,2029,2080,423,11.785,REPEATEDHITS,False,False,False,0,24348,6944643005.0,30,BID,SHORT,0.5
ETHA,2026-06-24 17:16:48.844614+00:00,PUT,12.0,2026-07-31,43086,501,582,325,11.935,REPEATEDHITS,True,False,False,43086,0,6944643005.0,37,ASK,SHORT,1.0
ETHA,2026-06-24 16:55:59.047520+00:00,CALL,12.0,2026-06-26,25064,964,1384,631,12.005,REPEATEDHITS,False,False,False,25064,0,6944643005.0,2,ASK,LONG,1.0
ETHA,2026-06-24 16:51:21.833187+00:00,CALL,11.5,2026-07-02,11550,150,165,3,12.05,REPEATEDHITS,False,False,False,3927,7623,6944643005.0,8,BID,SHORT,0.5
ETHA,2026-06-24 16:07:17.513416+00:00,PUT,11.5,2026-07-17,29328,752,805,51,12.19,REPEATEDHITS,False,False,False,29328,0,6944643005.0,23,ASK,SHORT,1.0
ETHA,2026-06-24 15:47:10.918483+00:00,CALL,12.5,2026-06-26,18750,1875,2483,696,12.22,REPEATEDHITS,False,False,False,18750,0,6944643005.0,2,ASK,LONG,1.0
ETHA,2026-06-24 15:02:04.282597+00:00,CALL,55.0,2027-06-17,10405,610,616,115,12.405,REPEATEDHITSASCENDINGFILL,True,False,False,0,10405,6944643005.0,358,BID,SHORT,0.5
ETHA,2026-06-23 16:06:23.409441+00:00,PUT,12.0,2026-07-02,19074,867,1050,785,12.51,REPEATEDHITS,False,False,False,0,19074,6944643005.0,9,BID,LONG,0.5
ETHA,2026-06-23 15:25:31.724632+00:00,PUT,12.0,2026-08-21,320280,3768,3856,66,12.45,REPEATEDHITS,False,False,False,0,320280,6944643005.0,59,BID,LONG,0.5
ETHA,2026-06-23 14:29:28.358778+00:00,PUT,12.0,2026-07-24,22086,409,1104,370,12.515,REPEATEDHITS,False,False,False,22086,0,6944643005.0,31,ASK,SHORT,1.0
ETHA,2026-06-22 18:15:42.851239+00:00,PUT,10.5,2026-07-17,25674,2334,2844,0,13.16,REPEATEDHITS,False,False,False,0,25674,6944643005.0,25,BID,LONG,0.5
ETHA,2026-06-22 17:39:51.514092+00:00,CALL,15.0,2026-07-24,32315,1405,1843,62,13.0716,REPEATEDHITS,False,False,False,0,32315,6944643005.0,32,BID,SHORT,0.5
ETHA,2026-06-22 17:09:21.951840+00:00,CALL,14.0,2026-08-21,10836,129,172,25,13.115,REPEATEDHITS,True,False,False,10836,0,6944643005.0,60,ASK,LONG,1.0
ETHA,2026-06-22 16:57:28.840840+00:00,CALL,16.0,2026-07-17,81360,9040,9515,6629,13.11,REPEATEDHITS,False,False,False,0,62595,6944643005.0,25,BID,SHORT,0.5
ETHA,2026-06-22 13:35:57.222318+00:00,CALL,15.0,2026-08-21,31062,501,506,145,13.345,REPEATEDHITS,True,False,False,62,31000,6944643005.0,60,BID,SHORT,0.5
ETHA,2026-06-18 19:53:05.135392+00:00,PUT,10.0,2026-12-18,63325,745,2079,548,12.8605,REPEATEDHITS,True,False,False,18870,44455,6944643005.0,183,BID,LONG,0.5
ETHA,2026-06-18 19:47:28.763359+00:00,PUT,9.0,2026-12-18,41820,697,716,430,12.835,REPEATEDHITS,False,False,False,0,41820,6944643005.0,183,BID,LONG,0.5
ETHA,2026-06-18 19:23:18.969389+00:00,CALL,13.0,2026-07-31,44979,517,533,10,12.745,REPEATEDHITS,True,False,False,44979,0,6944643005.0,43,ASK,LONG,1.0
ETHA,2026-06-18 19:21:25.190469+00:00,CALL,13.0,2026-07-10,11172,196,209,193,12.7237,REPEATEDHITS,False,False,False,11172,0,6944643005.0,22,ASK,LONG,1.0
ETHA,2026-06-18 19:17:08.001756+00:00,CALL,15.5,2026-07-10,17496,1944,2759,326,12.7,REPEATEDHITS,False,False,False,17496,0,6944643005.0,22,ASK,LONG,1.0
ETHA,2026-06-18 16:35:02.843516+00:00,CALL,12.0,2026-09-18,100737,533,543,507,12.71,REPEATEDHITS,True,False,False,43092,189,6944643005.0,92,ASK,LONG,1.0
ETHA,2026-06-18 16:03:59.555988+00:00,CALL,16.0,2026-07-31,17233,907,4267,408,12.7399,REPEATEDHITS,True,False,False,0,17233,6944643005.0,43,BID,SHORT,0.5
ETHA,2026-06-18 15:51:29.024719+00:00,PUT,12.0,2026-07-24,11664,216,221,151,12.765,REPEATEDHITS,True,False,False,11664,0,6944643005.0,36,ASK,SHORT,1.0
ETHA,2026-06-18 15:29:32.941396+00:00,CALL,16.0,2026-07-31,10500,500,501,408,12.985,REPEATEDHITS,False,False,False,0,10500,6944643005.0,43,BID,SHORT,0.5
ETHA,2026-06-18 15:20:23.003214+00:00,PUT,6.0,2026-07-02,28554,9518,24227,38,13.03,REPEATEDHITS,False,False,False,28554,0,6944643005.0,14,ASK,SHORT,1.0
ETHA,2026-06-18 15:17:18.739073+00:00,PUT,6.0,2026-07-02,14196,4732,14529,38,13.045,REPEATEDHITS,False,False,False,14196,0,6944643005.0,14,ASK,SHORT,1.0
ETHA,2026-06-18 15:15:35.753677+00:00,PUT,6.0,2026-07-02,18255,6085,6089,38,13.0601,REPEATEDHITS,False,False,False,18255,0,6944643005.0,14,ASK,SHORT,1.0
ETHA,2026-06-18 14:50:28.026897+00:00,CALL,17.0,2026-07-31,32528,2033,3032,510,13.1199,REPEATEDHITS,True,False,False,3552,28976,6944643005.0,43,BID,SHORT,0.5
ETHA,2026-06-18 14:45:20.232780+00:00,PUT,10.5,2026-07-10,32648,2968,2968,67,13.105,REPEATEDHITS,False,False,False,32648,0,6944643005.0,22,ASK,SHORT,1.0
ETHA,2026-06-18 14:45:20.232780+00:00,PUT,10.5,2026-07-02,16506,2358,2358,2,13.105,REPEATEDHITS,False,False,False,16506,0,6944643005.0,14,ASK,SHORT,1.0
ETHA,2026-06-18 14:44:42.708206+00:00,CALL,17.0,2026-07-31,14848,928,937,510,13.115,REPEATEDHITS,False,False,False,8640,0,6944643005.0,43,ASK,LONG,1.0
ETHA,2026-06-18 13:49:57.345472+00:00,CALL,50.0,2027-12-17,34506,616,616,264,13.12,REPEATEDHITSASCENDINGFILL,True,False,False,64,34442,6944643005.0,547,BID,SHORT,0.5
ETHA,2026-06-17 19:06:34.891689+00:00,CALL,14.5,2026-06-26,28190,2819,3284,1453,13.35,REPEATEDHITS,True,False,False,0,28190,6944643005.0,9,BID,SHORT,0.5
ETHA,2026-06-17 16:28:12.639389+00:00,CALL,14.5,2026-07-24,20604,404,504,143,13.475,REPEATEDHITS,True,False,False,20553,51,6944643005.0,37,ASK,LONG,1.0
ETHA,2026-06-17 16:16:36.859568+00:00,PUT,13.5,2026-07-31,19600,200,203,190,13.395,REPEATEDHITS,False,False,False,17248,0,6944643005.0,44,ASK,SHORT,1.0
ETHA,2026-06-15 18:28:33.458995+00:00,PUT,12.5,2026-07-02,18000,1000,3230,765,13.81,REPEATEDHITS,False,False,False,18000,0,6944643005.0,17,ASK,SHORT,1.0
ETHA,2026-06-15 18:28:11.234625+00:00,PUT,12.5,2026-07-02,18000,1000,2230,765,13.8065,REPEATEDHITS,False,False,False,18000,0,6944643005.0,17,ASK,SHORT,1.0
ETHA,2026-06-15 18:27:57.213615+00:00,PUT,12.5,2026-07-02,14400,800,1230,765,13.81,REPEATEDHITS,False,False,False,14400,0,6944643005.0,17,ASK,SHORT,1.0
ETHA,2026-06-15 18:19:13.915311+00:00,CALL,14.5,2026-07-02,42525,1215,1458,132,13.795,REPEATEDHITS,False,False,False,42525,0,6944643005.0,17,ASK,LONG,1.0
ETHA,2026-06-15 16:33:31.254438+00:00,PUT,14.0,2026-07-31,34347,321,333,0,13.905,REPEATEDHITS,True,False,False,34347,0,6944643005.0,46,ASK,SHORT,1.0
ETHA,2026-06-15 16:30:58.675263+00:00,PUT,11.5,2026-07-02,40050,4450,4864,529,13.905,REPEATEDHITS,False,False,False,40050,0,6944643005.0,17,ASK,SHORT,1.0
ETHA,2026-06-15 16:17:26.867654+00:00,CALL,22.0,2026-12-18,174592,2816,3017,406,13.8808,REPEATEDHITS,False,False,False,174468,124,6944643005.0,186,ASK,LONG,1.0
ETHA,2026-06-15 14:04:35.702798+00:00,PUT,13.5,2026-07-31,15145,161,162,1,13.61,REPEATEDHITSDESCENDINGFILL,True,False,False,14675,470,6944643005.0,46,ASK,SHORT,1.0
ETHA,2026-06-15 14:04:00.845561+00:00,CALL,14.0,2026-07-31,35945,395,398,2,13.625,REPEATEDHITS,False,False,False,35945,0,6944643005.0,46,ASK,LONG,1.0
ETHA,2026-06-12 15:39:46.930101+00:00,PUT,9.0,2026-07-10,10040,1255,2300,1121,12.6079,REPEATEDHITS,False,False,False,10040,0,6944643005.0,28,ASK,SHORT,1.0
ETHA,2026-06-12 15:39:46.930101+00:00,PUT,10.0,2026-07-02,27888,3486,3874,957,12.6079,REPEATEDHITS,False,False,False,27888,0,6944643005.0,20,ASK,SHORT,1.0
ETHA,2026-06-10 17:11:01.038832+00:00,CALL,15.5,2026-07-02,26968,3371,3377,201,12.355,REPEATEDHITS,True,False,False,0,26968,6944643005.0,22,BID,SHORT,0.5
ETHA,2026-06-08 19:56:30.708061+00:00,PUT,5.0,2026-06-26,12000,4000,14320,122,12.715,REPEATEDHITS,False,False,False,12000,0,6944643005.0,18,ASK,SHORT,1.0
ETHU,2026-06-24 17:23:29.068014+00:00,PUT,12.0,2026-09-18,306880,1096,1497,561,11.34,REPEATEDHITS,True,False,False,306880,0,106418400.0,86,ASK,SHORT,1.0
ETHU,2026-06-23 14:14:53.011708+00:00,PUT,6.0,2026-12-18,11560,136,136,11,12.79,REPEATEDHITS,True,False,False,11560,0,106418400.0,178,ASK,SHORT,1.0
ETHU,2026-06-23 14:14:49.405201+00:00,PUT,5.0,2026-12-18,21240,354,354,11,12.79,REPEATEDHITS,True,False,False,21240,0,106418400.0,178,ASK,SHORT,1.0
ETHU,2026-06-22 18:53:40.057461+00:00,PUT,13.0,2026-07-17,25000,250,292,167,13.91,REPEATEDHITS,False,False,False,0,25000,106418400.0,25,BID,LONG,0.5
ETHU,2026-06-16 18:32:16.026223+00:00,CALL,15.0,2026-07-24,19600,98,99,23,15.045,REPEATEDHITS,False,False,False,200,19400,106418400.0,38,BID,SHORT,0.5
ETHU,2026-06-15 15:54:20.731056+00:00,CALL,16.5,2026-07-02,58250,524,524,0,15.895,REPEATEDHITSDESCENDINGFILL,True,False,False,58250,0,106418400.0,17,ASK,LONG,1.0
ETHU,2026-06-05 15:01:21.506618+00:00,CALL,11.0,2026-06-12,28000,175,176,0,12.095,REPEATEDHITS,True,False,False,0,28000,106418400.0,7,BID,SHORT,0.5
ETHU,2026-06-05 14:45:23.559136+00:00,CALL,20.0,2026-09-18,15000,100,217,92,12.3399,REPEATEDHITS,False,False,False,15000,0,106418400.0,105,ASK,LONG,1.0
ETHU,2026-06-03 13:48:06.275395+00:00,CALL,47.0,2028-01-21,15820,26,26,9,16.71,REPEATEDHITSDESCENDINGFILL,False,False,False,12880,2940,106418400.0,597,ASK,LONG,1.0
ETHU,2026-06-02 18:57:34.707731+00:00,CALL,18.0,2028-01-21,18000,20,29,19,17.575,REPEATEDHITS,False,False,False,900,17100,106418400.0,598,BID,SHORT,0.5
ETHU,2026-06-01 13:37:34.382790+00:00,CALL,18.0,2026-09-18,21070,43,43,3,18.935,REPEATEDHITS,False,False,False,21070,0,106418400.0,109,ASK,LONG,1.0
ETHU,2026-05-28 16:10:10.247632+00:00,CALL,19.0,2026-06-05,16830,153,155,6,19.145,REPEATEDHITS,False,False,False,16830,0,106418400.0,8,ASK,LONG,1.0
ETHU,2026-05-28 14:28:30.057719+00:00,CALL,19.0,2026-09-18,19740,42,42,1,19.05,REPEATEDHITS,False,False,False,19740,0,106418400.0,113,ASK,LONG,1.0
ETHU,2026-05-22 19:36:34.859240+00:00,PUT,12.0,2026-09-18,31000,248,248,195,20.8,REPEATEDHITS,False,False,False,31000,0,106418400.0,119,ASK,SHORT,1.0
ETHU,2026-05-22 15:11:21.098915+00:00,CALL,23.5,2026-05-29,19160,479,487,34,21.905,REPEATEDHITS,False,False,False,19160,0,106418400.0,7,ASK,LONG,1.0
ETHU,2026-05-21 14:59:21.267530+00:00,PUT,21.0,2026-06-05,13225,115,125,41,21.98,REPEATEDHITS,True,False,False,0,13225,106418400.0,15,BID,LONG,0.5
ETHU,2026-05-18 14:45:57.300257+00:00,PUT,18.0,2026-06-18,13523,123,2078,77,21.7701,REPEATEDHITS,False,False,False,1093,0,106418400.0,31,ASK,SHORT,1.0
ETHU,2026-05-18 14:33:21.709628+00:00,PUT,18.0,2026-06-18,28160,256,1929,77,21.7389,REPEATEDHITS,False,False,False,20900,0,106418400.0,31,ASK,SHORT,1.0
ETHU,2026-05-18 14:32:27.583037+00:00,PUT,18.0,2026-06-18,12860,117,1515,77,21.75,REPEATEDHITS,False,False,False,12860,0,106418400.0,31,ASK,SHORT,1.0
ETHU,2026-05-11 18:07:08.602540+00:00,CALL,27.5,2026-06-26,10530,27,28,0,27.09,REPEATEDHITS,False,False,False,10530,0,106418400.0,46,ASK,LONG,1.0
ETHU,2026-05-04 17:57:52.684315+00:00,PUT,22.5,2026-05-22,12040,172,201,5,27.985,REPEATEDHITS,False,False,False,0,12040,106418400.0,18,BID,LONG,0.5
ETHU,2026-05-04 14:55:11.362286+00:00,CALL,32.0,2026-05-08,22495,750,944,217,28.17,REPEATEDHITS,False,False,False,22495,0,106418400.0,4,ASK,LONG,1.0
ETHU,2026-04-27 17:25:56.621461+00:00,PUT,25.0,2026-05-29,21900,73,149,18,25.998,REPEATEDHITS,False,False,False,0,21900,106418400.0,32,BID,LONG,0.5
ETHU,2026-04-27 15:22:01.447144+00:00,PUT,25.5,2026-05-15,10250,41,41,2,25.73,REPEATEDHITS,False,False,False,10250,0,106418400.0,18,ASK,SHORT,1.0
ETSY,2026-06-24 17:23:11.431139+00:00,PUT,78.0,2026-07-17,10260,27,31,0,78.08,REPEATEDHITS,True,False,False,9500,0,7106778740.0,23,ASK,SHORT,1.0
ETSY,2026-06-24 15:43:45.827742+00:00,CALL,105.0,2026-08-21,64000,400,416,68,79.57,REPEATEDHITS,True,False,False,64000,0,7106778740.0,58,ASK,LONG,1.0
ETSY,2026-06-24 15:36:07.591442+00:00,CALL,86.0,2026-07-17,123689,598,616,5,79.74,REPEATEDHITSASCENDINGFILL,False,False,False,77097,46592,7106778740.0,23,ASK,LONG,1.0
ETSY,2026-06-24 15:33:08.889254+00:00,PUT,82.0,2026-07-17,21600,40,40,0,79.57,REPEATEDHITS,True,False,False,2160,18900,7106778740.0,23,BID,LONG,0.5
ETSY,2026-06-24 15:28:51.298532+00:00,CALL,82.0,2026-07-17,34965,111,123,10,79.5,REPEATEDHITS,True,False,False,0,34965,7106778740.0,23,BID,SHORT,0.5
ETSY,2026-06-24 15:12:09.082302+00:00,CALL,83.0,2026-06-26,23677,457,466,18,79.37,REPEATEDHITSDESCENDINGFILL,True,False,False,22620,1057,7106778740.0,2,ASK,LONG,1.0
ETSY,2026-06-24 14:53:29.832433+00:00,PUT,82.5,2026-08-21,19525,21,136,0,79.335,REPEATEDHITS,False,False,False,18595,930,7106778740.0,58,ASK,SHORT,1.0
ETSY,2026-06-24 14:31:32.948202+00:00,CALL,95.0,2026-08-21,20880,72,946,42,78.77,REPEATEDHITS,True,False,False,0,20880,7106778740.0,58,BID,SHORT,0.5
ETSY,2026-06-24 14:29:33.496569+00:00,CALL,95.0,2026-08-21,60321,208,764,42,78.76,REPEATEDHITSDESCENDINGFILL,True,False,False,291,60030,7106778740.0,58,BID,SHORT,0.5
ETSY,2026-06-24 14:28:49.032750+00:00,CALL,95.0,2026-08-21,24360,84,481,42,78.87,REPEATEDHITS,False,False,False,0,24360,7106778740.0,58,BID,SHORT,0.5
ETSY,2026-06-24 14:27:51.347638+00:00,PUT,75.0,2026-09-18,63998,100,101,24,78.96,REPEATEDHITSDESCENDINGFILL,False,False,False,63998,0,7106778740.0,86,ASK,SHORT,1.0
ETSY,2026-06-24 14:27:05.489760+00:00,CALL,95.0,2026-08-21,34510,119,301,42,79.0,REPEATEDHITS,True,False,False,0,34510,7106778740.0,58,BID,SHORT,0.5
ETSY,2026-06-24 14:26:46.059925+00:00,CALL,95.0,2026-08-21,21750,75,182,42,79.09,REPEATEDHITS,False,False,False,0,21750,7106778740.0,58,BID,SHORT,0.5
ETSY,2026-06-24 13:56:22.940615+00:00,CALL,78.0,2026-07-31,29275,48,48,14,77.605,REPEATEDHITS,True,False,False,28665,610,7106778740.0,37,ASK,LONG,1.0
ETSY,2026-06-23 13:35:29.019852+00:00,CALL,77.0,2026-07-17,10174,37,37,0,74.28,REPEATEDHITS,True,False,False,6380,3794,7106778740.0,24,ASK,LONG,1.0
ETSY,2026-06-23 13:35:29.019852+00:00,CALL,79.0,2026-07-17,14400,67,67,0,73.86,REPEATEDHITS,True,False,False,14400,0,7106778740.0,24,ASK,LONG,1.0
ETSY,2026-06-22 19:30:16.136828+00:00,CALL,72.5,2026-08-21,44835,61,583,45,73.19,REPEATEDHITS,False,False,False,0,44835,7106778740.0,60,BID,SHORT,0.5
ETSY,2026-06-18 17:51:02.002005+00:00,CALL,72.0,2026-06-26,20625,55,402,8,74.845,REPEATEDHITS,False,False,False,0,20625,7106778740.0,8,BID,SHORT,0.5
ETSY,2026-06-18 16:33:18.108784+00:00,CALL,75.0,2026-07-10,28700,100,101,50,73.45,REPEATEDHITS,False,False,False,28700,0,7106778740.0,22,ASK,LONG,1.0
ETSY,2026-06-18 16:30:26.892953+00:00,PUT,72.5,2026-07-17,172500,500,519,203,73.44,REPEATEDHITS,False,False,False,172500,0,7106778740.0,29,ASK,SHORT,1.0
ETSY,2026-06-18 16:30:26.892953+00:00,PUT,76.0,2026-07-10,36470,76,76,12,73.37,REPEATEDHITS,False,False,False,36470,0,7106778740.0,22,ASK,SHORT,1.0
ETSY,2026-06-18 13:57:18.849127+00:00,PUT,50.0,2026-08-21,54590,895,3099,48,74.25,REPEATEDHITSDESCENDINGFILL,False,False,False,52398,57,7106778740.0,64,ASK,SHORT,1.0
ETSY,2026-06-18 13:46:27.612176+00:00,PUT,50.0,2026-08-21,10692,198,1198,48,74.21,REPEATEDHITS,False,False,False,10692,0,7106778740.0,64,ASK,SHORT,1.0
ETSY,2026-06-18 13:46:13.383250+00:00,PUT,50.0,2026-08-21,55466,1000,1000,48,74.21,REPEATEDHITSASCENDINGFILL,False,False,False,55466,0,7106778740.0,64,ASK,SHORT,1.0
ETSY,2026-06-17 17:53:33.149207+00:00,CALL,95.0,2026-07-17,27854,733,737,44,74.975,REPEATEDHITS,False,False,False,27854,0,7106778740.0,30,ASK,LONG,1.0
ETSY,2026-06-17 16:06:58.334793+00:00,PUT,77.0,2026-06-26,10710,34,34,5,75.365,REPEATEDHITS,False,False,False,10710,0,7106778740.0,9,ASK,SHORT,1.0
ETSY,2026-06-17 15:01:13.130811+00:00,PUT,80.0,2026-08-21,21890,22,22,1,74.18,REPEATEDHITS,True,False,False,21890,0,7106778740.0,65,ASK,SHORT,1.0
ETSY,2026-06-17 14:56:24.934348+00:00,CALL,72.0,2026-07-10,10920,24,24,7,73.92,REPEATEDHITS,True,False,False,0,10920,7106778740.0,23,BID,SHORT,0.5
ETSY,2026-06-16 15:03:51.591453+00:00,CALL,63.0,2026-07-24,122426,102,152,0,73.69,REPEATEDHITSASCENDINGFILL,True,False,False,0,122426,7106778740.0,38,BID,SHORT,0.5
ETSY,2026-06-16 14:49:29.868753+00:00,CALL,100.0,2027-03-19,14300,22,22,0,73.47,REPEATEDHITS,False,False,False,1300,13000,7106778740.0,276,BID,SHORT,0.5
ETSY,2026-06-16 14:31:43.117250+00:00,PUT,76.0,2026-06-26,12220,35,49,0,74.03,REPEATEDHITSDESCENDINGFILL,True,False,False,8050,4170,7106778740.0,10,ASK,SHORT,1.0
ETSY,2026-06-16 14:30:08.936492+00:00,PUT,75.0,2026-06-26,27620,97,97,6,73.99,REPEATEDHITSDESCENDINGFILL,True,False,False,14950,12670,7106778740.0,10,ASK,SHORT,1.0
ETSY,2026-06-15 16:37:04.317843+00:00,CALL,72.5,2026-07-17,49005,121,130,68,72.15,REPEATEDHITS,True,False,False,0,49005,7106778740.0,32,BID,SHORT,0.5
ETSY,2026-06-15 15:22:41.490557+00:00,PUT,80.0,2026-09-18,31000,25,25,0,71.86,REPEATEDHITS,True,False,False,22320,8680,7106778740.0,95,ASK,SHORT,1.0
ETSY,2026-06-15 14:53:01.622053+00:00,CALL,80.0,2026-07-24,11118,51,58,6,71.81,REPEATEDHITSASCENDINGFILL,False,False,False,5448,5670,7106778740.0,39,BID,SHORT,0.5
ETSY,2026-06-11 16:09:20.942691+00:00,PUT,62.5,2027-03-19,57095,64,64,0,68.75,REPEATEDHITSDESCENDINGFILL,False,False,False,3575,53520,7106778740.0,281,BID,LONG,0.5
ETSY,2026-06-09 16:32:39.545459+00:00,CALL,67.5,2026-07-17,20680,44,94,36,67.21,REPEATEDHITS,True,False,False,17860,1410,7106778740.0,38,ASK,LONG,1.0
ETSY,2026-06-08 18:26:53.425340+00:00,PUT,67.0,2026-06-12,14654,145,195,91,68.8,REPEATEDHITSASCENDINGFILL,False,False,False,9523,5131,7106778740.0,4,ASK,SHORT,1.0
ETSY,2026-06-08 16:30:20.613168+00:00,CALL,67.0,2026-07-02,101200,230,237,0,67.55,REPEATEDHITS,False,False,False,101200,0,7106778740.0,24,ASK,LONG,1.0
ETSY,2026-06-08 14:37:18.814669+00:00,PUT,72.5,2026-07-17,44175,57,57,13,67.41,REPEATEDHITS,False,False,False,0,44175,7106778740.0,39,BID,LONG,0.5
ETSY,2026-06-05 14:43:17.801450+00:00,PUT,75.0,2026-08-21,10395,9,27,7,67.8,REPEATEDHITS,True,False,False,0,10395,7106778740.0,77,BID,LONG,0.5
ETSY,2026-06-05 14:34:20.464882+00:00,CALL,72.5,2026-08-21,13225,23,23,17,67.555,REPEATEDHITS,True,False,False,11500,1725,7106778740.0,77,ASK,LONG,1.0
ETSY,2026-06-05 13:56:08.909619+00:00,CALL,68.0,2026-06-05,28001,359,360,67,68.05,REPEATEDHITS,False,False,False,27846,155,7106778740.0,0,ASK,LONG,1.0
ETSY,2026-06-04 17:41:34.839146+00:00,CALL,71.0,2026-06-26,43971,205,206,4,67.525,REPEATEDHITSASCENDINGFILL,True,False,False,21930,22041,7106778740.0,22,BID,SHORT,0.5
ETSY,2026-06-03 17:09:06.234166+00:00,CALL,67.0,2026-06-18,32670,99,99,52,67.355,REPEATEDHITS,True,False,False,32670,0,7106778740.0,15,ASK,LONG,1.0
ETSY,2026-06-03 15:49:14.731397+00:00,PUT,68.0,2026-06-26,22425,65,67,2,68.4,REPEATEDHITS,True,False,False,22425,0,7106778740.0,23,ASK,SHORT,1.0
ETSY,2026-06-03 15:49:14.731397+00:00,PUT,67.0,2026-06-26,16555,56,56,12,68.23,REPEATEDHITSDESCENDINGFILL,True,False,False,15685,870,7106778740.0,23,ASK,SHORT,1.0
ETSY,2026-06-03 15:21:01.167866+00:00,PUT,68.0,2026-06-18,24292,91,92,48,68.76,REPEATEDHITS,True,False,False,24292,0,7106778740.0,15,ASK,SHORT,1.0
ETSY,2026-06-03 15:20:03.277792+00:00,PUT,70.0,2026-07-17,52705,95,97,42,68.82,REPEATEDHITSDESCENDINGFILL,True,False,False,52150,555,7106778740.0,44,ASK,SHORT,1.0
ETSY,2026-06-02 16:49:03.575137+00:00,CALL,69.0,2026-06-12,116600,424,439,2,69.28,REPEATEDHITS,True,False,False,110275,6325,7106778740.0,10,ASK,LONG,1.0
EVMN,2026-06-24 17:29:57.645389+00:00,PUT,20.0,2026-07-17,54215,128,128,74,24.38,REPEATEDHITSDESCENDINGFILL,True,False,False,54215,0,873445521.0,23,ASK,SHORT,1.0
EVMN,2026-06-17 15:54:57.589522+00:00,CALL,22.5,2026-07-17,400000,1000,1000,600,20.65,LOWHISTORICVOLUMEFLOOR,False,True,True,0,400000,873445521.0,30,BID,SHORT,0.5
EVMN,2026-06-11 15:09:39.784351+00:00,PUT,15.0,2026-07-17,420000,2000,2000,2,20.67,LOWHISTORICVOLUMEFLOOR,False,True,False,0,420000,873445521.0,36,BID,LONG,0.5
FIGR,2026-06-18 18:03:22.565485+00:00,CALL,30.0,2026-07-17,78870,478,479,145,27.815,REPEATEDHITS,False,False,False,78870,0,5109784517.0,29,ASK,LONG,1.0
FIGR,2026-06-18 15:12:09.062083+00:00,PUT,22.5,2026-11-20,21020,72,101,71,28.555,REPEATEDHITSASCENDINGFILL,False,False,False,1475,12760,5109784517.0,155,BID,LONG,0.5
FIGR,2026-06-17 17:44:06.096735+00:00,PUT,28.0,2026-06-18,60660,1348,1349,261,28.45,REPEATEDHITS,False,False,False,45,60615,5109784517.0,1,BID,LONG,0.5
FIGR,2026-06-12 16:48:16.640997+00:00,CALL,28.5,2026-06-18,92910,978,2514,36,27.55,REPEATEDHITS,False,False,False,92910,0,5109784517.0,6,ASK,LONG,1.0
FIGR,2026-06-12 16:42:50.756784+00:00,CALL,28.5,2026-06-18,30834,363,554,36,27.38,REPEATEDHITSDESCENDINGFILL,False,False,False,30834,0,5109784517.0,6,ASK,LONG,1.0
FIGR,2026-06-09 13:59:30.771395+00:00,CALL,30.0,2026-06-18,68885,599,4605,44,28.48,REPEATEDHITS,False,False,False,67275,1610,5109784517.0,9,ASK,LONG,1.0
FIGR,2026-06-08 16:12:19.223140+00:00,CALL,29.0,2026-06-18,12000,100,102,10,27.8399,REPEATEDHITS,False,False,False,0,12000,5109784517.0,10,BID,SHORT,0.5
FIGR,2026-06-05 19:14:46.911081+00:00,PUT,22.5,2026-08-21,81000,450,2022,368,28.72,REPEATEDHITS,False,False,False,81000,0,5109784517.0,77,ASK,SHORT,1.0
FIGR,2026-06-05 15:18:29.945339+00:00,CALL,35.0,2026-08-21,518860,1958,2005,276,28.71,REPEATEDHITS,False,False,False,499780,19080,5109784517.0,77,ASK,LONG,1.0
FIGR,2026-06-05 14:25:56.664401+00:00,PUT,22.5,2026-08-21,67804,411,1500,368,28.7,REPEATEDHITSDESCENDINGFILL,False,False,False,67804,0,5109784517.0,77,ASK,SHORT,1.0
FIGR,2026-06-04 18:23:31.479357+00:00,CALL,35.0,2026-07-17,29520,144,163,80,31.175,REPEATEDHITS,False,False,False,29520,0,5109784517.0,43,ASK,LONG,1.0
FIGR,2026-06-04 15:21:37.787460+00:00,CALL,30.0,2026-08-21,215940,366,376,285,31.645,REPEATEDHITS,False,False,False,215940,0,5109784517.0,78,ASK,LONG,1.0
FIGR,2026-06-03 16:18:04.997312+00:00,PUT,30.0,2026-07-17,267258,972,1023,510,31.27,REPEATEDHITSDESCENDINGFILL,False,False,False,267258,0,5109784517.0,44,ASK,SHORT,1.0
FIGR,2026-05-27 17:29:25.829405+00:00,PUT,33.0,2026-05-29,82225,1495,1510,189,34.13,REPEATEDHITS,False,False,False,0,82225,5109784517.0,2,BID,LONG,0.5
FIGR,2026-05-27 15:18:58.879024+00:00,CALL,55.0,2026-08-21,344760,2873,3057,1507,34.725,REPEATEDHITS,False,False,False,0,344760,5109784517.0,86,BID,SHORT,0.5
FIGR,2026-05-26 14:53:35.009874+00:00,PUT,27.5,2026-07-17,12800,128,405,14,36.58,REPEATEDHITS,False,False,False,0,12800,5109784517.0,52,BID,LONG,0.5
FIGR,2026-05-26 14:52:28.640268+00:00,CALL,45.0,2026-08-21,968018,2689,4225,1900,36.57,REPEATEDHITS,False,False,False,968018,0,5109784517.0,87,ASK,LONG,1.0
FIGR,2026-05-21 14:55:34.238548+00:00,CALL,42.5,2026-07-17,13365,81,587,14,33.875,REPEATEDHITS,False,False,False,660,3960,5109784517.0,57,BID,SHORT,0.5
FIGR,2026-05-21 14:55:26.826927+00:00,CALL,42.5,2026-07-17,11220,68,506,14,33.915,REPEATEDHITS,False,False,False,990,0,5109784517.0,57,ASK,LONG,1.0
FIGR,2026-05-21 14:55:23.621077+00:00,CALL,42.5,2026-07-17,13200,80,438,14,33.915,REPEATEDHITS,False,False,False,1980,0,5109784517.0,57,ASK,LONG,1.0
FIGR,2026-05-21 14:55:22.217308+00:00,CALL,42.5,2026-07-17,10395,63,358,14,33.9,REPEATEDHITS,False,False,False,990,0,5109784517.0,57,ASK,LONG,1.0
FIGR,2026-05-21 14:55:19.812666+00:00,CALL,42.5,2026-07-17,12540,76,295,14,33.93,REPEATEDHITS,False,False,False,0,12540,5109784517.0,57,BID,SHORT,0.5
FIGR,2026-05-21 14:55:15.600441+00:00,CALL,42.5,2026-07-17,22100,130,131,14,33.98,REPEATEDHITS,False,False,False,3570,0,5109784517.0,57,ASK,LONG,1.0
FIGR,2026-05-21 14:22:00.971788+00:00,PUT,35.0,2026-05-22,35400,253,281,171,34.57,REPEATEDHITSDESCENDINGFILL,False,False,False,35400,0,5109784517.0,1,ASK,SHORT,1.0
FIGR,2026-05-21 14:22:00.971788+00:00,PUT,34.5,2026-05-22,91645,834,836,7,34.57,REPEATEDHITSDESCENDINGFILL,False,False,False,91645,0,5109784517.0,1,ASK,SHORT,1.0
FIGR,2026-05-21 14:22:00.971788+00:00,PUT,34.0,2026-05-22,34164,402,405,133,34.57,REPEATEDHITS,False,False,False,34164,0,5109784517.0,1,ASK,SHORT,1.0
FIGR,2026-05-21 14:06:16.831823+00:00,PUT,34.0,2026-05-29,218209,1679,1684,32,34.92,REPEATEDHITSDESCENDINGFILL,False,False,False,218209,0,5109784517.0,8,ASK,SHORT,1.0
FIGR,2026-05-21 13:40:08.769879+00:00,PUT,32.5,2026-06-18,177165,1143,3000,845,36.905,REPEATEDHITS,False,False,False,177165,0,5109784517.0,28,ASK,SHORT,1.0
FIGR,2026-05-20 18:43:05.243248+00:00,CALL,37.0,2026-06-05,14400,60,1634,34,36.63,REPEATEDHITS,False,False,False,0,14400,5109784517.0,16,BID,SHORT,0.5
FIGR,2026-05-20 15:51:04.665638+00:00,CALL,40.0,2026-05-29,70000,1000,1002,121,36.78,REPEATEDHITS,False,False,False,0,70000,5109784517.0,9,BID,SHORT,0.5
FIGR,2026-05-20 15:29:20.422857+00:00,CALL,37.0,2026-06-05,33000,132,1295,34,36.66,REPEATEDHITS,True,False,False,29500,3250,5109784517.0,16,ASK,LONG,1.0
FIGR,2026-05-20 15:29:16.004753+00:00,CALL,37.0,2026-06-05,136219,556,1163,34,36.58,REPEATEDHITS,True,False,False,116374,19845,5109784517.0,16,ASK,LONG,1.0
FIGR,2026-05-20 15:28:44.825770+00:00,CALL,37.0,2026-06-05,33840,141,607,34,36.6,REPEATEDHITS,True,False,False,21360,12480,5109784517.0,16,ASK,LONG,1.0
FIGR,2026-05-20 15:28:44.825770+00:00,CALL,37.0,2026-06-05,30785,131,458,34,36.4112,REPEATEDHITS,True,False,False,29140,1645,5109784517.0,16,ASK,LONG,1.0
FIGR,2026-05-20 15:27:28.012839+00:00,CALL,37.0,2026-06-05,12255,57,57,34,36.22,REPEATEDHITS,False,False,False,0,3010,5109784517.0,16,BID,SHORT,0.5
FIGR,2026-05-20 15:27:28.012839+00:00,CALL,37.0,2026-06-05,53900,245,302,34,36.22,REPEATEDHITS,True,False,False,53900,0,5109784517.0,16,ASK,LONG,1.0
FIGR,2026-05-20 15:06:30.506266+00:00,CALL,47.5,2026-07-17,12470,88,245,8,36.265,REPEATEDHITSASCENDINGFILL,False,False,False,290,8120,5109784517.0,58,BID,SHORT,0.5
FIGR,2026-05-19 17:53:16.449767+00:00,CALL,50.0,2026-06-05,10002,402,1096,158,37.2,REPEATEDHITSASCENDINGFILL,False,False,False,10002,0,5109784517.0,17,ASK,LONG,1.0
FIGR,2026-05-19 14:09:30.766629+00:00,CALL,45.0,2026-07-17,17310,91,571,67,36.07,REPEATEDHITSDESCENDINGFILL,False,False,False,0,16530,5109784517.0,59,BID,SHORT,0.5
FIGR,2026-05-19 14:09:11.333062+00:00,CALL,45.0,2026-07-17,21020,105,155,67,36.22,REPEATEDHITS,False,False,False,1820,0,5109784517.0,59,ASK,LONG,1.0
FIGR,2026-05-18 18:51:31.027923+00:00,PUT,38.0,2026-05-22,13365,99,130,72,38.61,REPEATEDHITS,True,False,False,0,13365,5109784517.0,4,BID,LONG,0.5
FIGR,2026-05-18 14:45:31.456583+00:00,CALL,50.0,2026-08-21,680596,1660,1706,963,40.64,REPEATEDHITSDESCENDINGFILL,False,False,False,660506,20090,5109784517.0,95,ASK,LONG,1.0
FIGR,2026-05-15 18:43:47.652389+00:00,PUT,42.0,2026-05-22,11660,106,895,19,44.03,REPEATEDHITS,False,False,False,11660,0,5109784517.0,7,ASK,SHORT,1.0
FIGR,2026-05-15 18:38:32.400376+00:00,PUT,42.0,2026-05-22,13640,124,764,19,43.9,REPEATEDHITS,False,False,False,0,0,5109784517.0,7,MIXED,,0.0
FIGR,2026-05-15 18:37:14.898304+00:00,PUT,42.0,2026-05-22,28380,258,561,19,43.965,REPEATEDHITS,False,False,False,18700,0,5109784517.0,7,ASK,SHORT,1.0
FIGR,2026-05-15 18:37:07.282892+00:00,PUT,42.0,2026-05-22,34615,301,303,19,43.98,REPEATEDHITS,False,False,False,31625,0,5109784517.0,7,ASK,SHORT,1.0
FIGR,2026-05-15 16:30:02.439938+00:00,PUT,30.0,2027-01-15,666000,1480,1481,366,43.37,REPEATEDHITS,False,False,False,666000,0,5109784517.0,245,ASK,SHORT,1.0
FIGR,2026-05-14 19:33:51.316871+00:00,PUT,42.0,2026-05-15,22201,500,502,2,43.13,REPEATEDHITSDESCENDINGFILL,False,False,False,22201,0,5109784517.0,1,ASK,SHORT,1.0
FIGR,2026-05-14 17:37:32.666101+00:00,CALL,46.0,2026-05-15,45154,1129,1161,554,44.18,REPEATEDHITSDESCENDINGFILL,False,False,False,45154,0,5109784517.0,1,ASK,LONG,1.0
FIGR,2026-05-14 17:00:14.025772+00:00,CALL,55.0,2026-08-21,534584,1304,1329,141,43.45,REPEATEDHITSDESCENDINGFILL,False,False,False,534584,0,5109784517.0,99,ASK,LONG,1.0
FSLR,2026-06-24 18:51:32.739455+00:00,CALL,430.0,2026-12-18,42616,42,44,21,245.71,REPEATEDHITSASCENDINGFILL,False,False,False,42616,0,26781676194.0,177,ASK,LONG,1.0
FSLR,2026-06-24 17:25:41.258489+00:00,CALL,290.0,2026-07-10,107010,235,835,198,246.25,REPEATEDHITSASCENDINGFILL,False,False,False,58090,48920,26781676194.0,16,ASK,LONG,1.0
FSLR,2026-06-24 17:25:21.440189+00:00,CALL,290.0,2026-07-10,118135,277,285,198,245.1,REPEATEDHITS,False,False,False,91590,15795,26781676194.0,16,ASK,LONG,1.0
FSLR,2026-06-24 16:10:05.303081+00:00,CALL,262.5,2026-06-26,97861,179,444,145,253.08,REPEATEDHITSASCENDINGFILL,True,False,False,3290,94571,26781676194.0,2,BID,SHORT,0.5
FSLR,2026-06-24 16:08:45.011199+00:00,CALL,247.5,2026-06-26,19550,17,35,3,253.16,REPEATEDHITS,False,False,False,10350,9200,26781676194.0,2,ASK,LONG,1.0
FSLR,2026-06-24 16:04:05.079634+00:00,CALL,262.5,2026-06-26,92286,192,264,145,252.49,REPEATEDHITSDESCENDINGFILL,True,False,False,35286,57000,26781676194.0,2,BID,SHORT,0.5
FSLR,2026-06-24 16:04:05.079634+00:00,CALL,252.5,2026-06-26,118828,139,205,18,252.49,REPEATEDHITSDESCENDINGFILL,True,False,False,117988,840,26781676194.0,2,ASK,LONG,1.0
FSLR,2026-06-24 16:04:05.079634+00:00,CALL,255.0,2026-06-26,142185,179,291,56,252.49,REPEATEDHITSDESCENDINGFILL,True,False,False,135945,6240,26781676194.0,2,ASK,LONG,1.0
FSLR,2026-06-24 16:02:22.361814+00:00,CALL,290.0,2026-06-26,83047,944,1022,323,252.225,REPEATEDHITSASCENDINGFILL,False,False,False,36474,46573,26781676194.0,2,BID,SHORT,0.5
FSLR,2026-06-23 18:52:05.510056+00:00,CALL,250.0,2026-07-02,127169,84,87,15,251.6,REPEATEDHITSDESCENDINGFILL,False,False,False,32024,95145,26781676194.0,9,BID,SHORT,0.5
FSLR,2026-06-23 13:54:35.392316+00:00,CALL,262.5,2026-06-26,139565,128,134,119,262.36,REPEATEDHITSASCENDINGFILL,True,False,False,57055,82510,26781676194.0,3,BID,SHORT,0.5
FSLR,2026-06-22 18:40:02.324231+00:00,PUT,215.0,2026-07-17,29820,84,139,0,266.38,REPEATEDHITS,False,False,False,17395,12425,26781676194.0,25,ASK,SHORT,1.0
FSLR,2026-06-22 18:40:02.324231+00:00,PUT,225.0,2026-07-17,46732,87,100,0,266.38,REPEATEDHITSASCENDINGFILL,False,False,False,20515,26217,26781676194.0,25,BID,LONG,0.5
FSLR,2026-06-22 16:09:35.700460+00:00,PUT,250.0,2026-07-10,1171768,988,1004,295,264.01,FLOORTRADELARGECAP,False,True,True,0,1171768,26781676194.0,18,BID,LONG,0.5
FSLR,2026-06-22 15:59:44.974590+00:00,PUT,220.0,2026-07-31,21895,26,82,5,264.43,REPEATEDHITS,True,False,False,13495,8400,26781676194.0,39,ASK,SHORT,1.0
FSLR,2026-06-18 15:38:19.724913+00:00,CALL,290.0,2026-07-10,203979,217,248,15,261.01,REPEATEDHITS,False,False,False,203979,0,26781676194.0,22,ASK,LONG,1.0
FSLR,2026-06-16 17:58:13.040370+00:00,PUT,277.5,2026-07-02,42935,19,54,0,268.96,REPEATEDHITSASCENDINGFILL,True,False,False,42935,0,26781676194.0,16,ASK,SHORT,1.0
FSLR,2026-06-16 17:58:13.040370+00:00,PUT,272.5,2026-07-02,229315,117,183,0,268.83,REPEATEDHITSASCENDINGFILL,True,False,False,207755,21560,26781676194.0,16,ASK,SHORT,1.0
FSLR,2026-06-16 16:29:55.316400+00:00,CALL,420.0,2026-12-18,22892,14,25,5,268.5,REPEATEDHITS,False,False,False,14760,3242,26781676194.0,185,ASK,LONG,1.0
FSLR,2026-06-16 16:29:48.310471+00:00,CALL,440.0,2026-12-18,18168,13,94,1,268.5,REPEATEDHITS,False,False,False,4260,13908,26781676194.0,185,BID,SHORT,0.5
FSLR,2026-06-16 14:47:14.220538+00:00,PUT,277.5,2026-07-02,76660,35,35,0,270.11,REPEATEDHITS,True,False,False,76660,0,26781676194.0,16,ASK,SHORT,1.0
FSLR,2026-06-16 14:47:14.220538+00:00,PUT,267.5,2026-07-02,136460,85,85,0,270.11,REPEATEDHITS,True,False,False,6455,130005,26781676194.0,16,BID,LONG,0.5
FSLR,2026-06-16 14:47:14.220538+00:00,PUT,280.0,2026-07-02,265380,114,114,22,270.11,REPEATEDHITSASCENDINGFILL,True,False,False,144740,120640,26781676194.0,16,ASK,SHORT,1.0
FSLR,2026-06-16 14:47:14.220538+00:00,PUT,272.5,2026-07-02,122050,65,65,0,270.11,REPEATEDHITSASCENDINGFILL,True,False,False,33925,88125,26781676194.0,16,BID,LONG,0.5
FSLR,2026-06-16 14:22:22.826370+00:00,PUT,257.5,2026-06-26,27590,33,34,0,269.685,REPEATEDHITSDESCENDINGFILL,True,False,False,21810,5780,26781676194.0,10,ASK,SHORT,1.0
FSLR,2026-06-16 14:22:22.826370+00:00,PUT,257.5,2026-06-26,18423,22,56,0,269.685,REPEATEDHITSASCENDINGFILL,False,False,False,4250,14173,26781676194.0,10,BID,LONG,0.5
FSLR,2026-06-16 13:41:28.565940+00:00,PUT,272.5,2026-06-26,29347,22,52,17,274.55,REPEATEDHITS,True,False,False,0,29347,26781676194.0,10,BID,LONG,0.5
FSLR,2026-06-16 13:41:28.565940+00:00,PUT,267.5,2026-06-26,28345,26,31,12,274.55,REPEATEDHITSDESCENDINGFILL,True,False,False,9810,18535,26781676194.0,10,BID,LONG,0.5
FSLR,2026-06-15 14:23:04.404738+00:00,CALL,262.5,2026-06-26,51370,32,40,4,265.16,REPEATEDHITS,True,False,False,8025,43345,26781676194.0,11,BID,SHORT,0.5
FSLR,2026-06-12 19:01:32.966658+00:00,PUT,240.0,2026-07-02,58035,84,193,29,269.01,REPEATEDHITSDESCENDINGFILL,False,False,False,30510,27525,26781676194.0,20,ASK,SHORT,1.0
FSLR,2026-06-12 16:18:21.971141+00:00,PUT,267.5,2026-06-18,100060,100,151,52,268.11,REPEATEDHITSASCENDINGFILL,False,False,False,20000,50060,26781676194.0,6,BID,LONG,0.5
FSLR,2026-06-12 15:34:44.770420+00:00,PUT,272.5,2026-06-18,40085,35,39,28,271.195,REPEATEDHITSDESCENDINGFILL,True,False,False,18280,21805,26781676194.0,6,BID,LONG,0.5
FSLR,2026-06-12 14:33:52.660407+00:00,CALL,440.0,2028-01-21,1351800,300,1351,27,271.7,FLOORTRADELARGECAP,False,True,True,0,1351800,26781676194.0,588,BID,SHORT,0.5
FSLR,2026-06-11 19:39:57.270126+00:00,CALL,280.0,2026-06-12,41610,219,6695,65,271.83,REPEATEDHITS,False,False,False,41610,0,26781676194.0,1,ASK,LONG,1.0
FSLR,2026-06-11 19:15:54.114157+00:00,CALL,280.0,2026-06-12,13920,87,4777,65,270.24,REPEATEDHITS,False,False,False,0,13920,26781676194.0,1,BID,SHORT,0.5
FSLR,2026-06-11 19:13:31.114239+00:00,CALL,280.0,2026-06-12,235839,1505,4544,65,269.2,REPEATEDHITSDESCENDINGFILL,True,False,False,113067,0,26781676194.0,1,ASK,LONG,1.0
FSLR,2026-06-11 19:10:32.172085+00:00,CALL,280.0,2026-06-12,222022,1500,3029,65,268.82,REPEATEDHITSDESCENDINGFILL,False,False,False,222022,0,26781676194.0,1,ASK,LONG,1.0
FSLR,2026-06-11 14:38:28.253032+00:00,CALL,260.0,2026-07-24,13660,5,5,1,260.215,REPEATEDHITS,False,False,False,10935,2725,26781676194.0,43,ASK,LONG,1.0
FSLR,2026-06-11 14:30:11.237173+00:00,CALL,255.0,2026-07-02,32750,14,22,6,260.86,REPEATEDHITSDESCENDINGFILL,True,False,False,4630,28120,26781676194.0,21,BID,SHORT,0.5
FSLR,2026-06-11 14:12:55.561868+00:00,PUT,250.0,2026-07-24,32305,15,15,11,259.265,REPEATEDHITSDESCENDINGFILL,True,False,False,8620,23685,26781676194.0,43,BID,LONG,0.5
FSLR,2026-06-10 16:26:49.289426+00:00,CALL,257.5,2026-06-12,86025,185,203,14,248.7301,REPEATEDHITS,False,False,False,86025,0,26781676194.0,2,ASK,LONG,1.0
FSLR,2026-06-10 13:57:40.136992+00:00,PUT,250.0,2026-07-24,20520,9,9,1,255.43,REPEATEDHITS,False,False,False,4560,0,26781676194.0,44,ASK,SHORT,1.0
FSLR,2026-06-09 19:11:35.803958+00:00,CALL,275.0,2026-06-26,14400,12,26,11,260.43,REPEATEDHITS,False,False,False,8400,6000,26781676194.0,17,ASK,LONG,1.0
FSLR,2026-06-09 19:10:49.703694+00:00,CALL,265.0,2026-06-26,37145,23,25,13,260.73,REPEATEDHITSDESCENDINGFILL,False,False,False,0,35545,26781676194.0,17,BID,SHORT,0.5
FSLR,2026-06-09 17:35:22.453238+00:00,CALL,270.0,2026-07-10,20885,11,11,2,258.72,REPEATEDHITS,True,False,False,3800,17085,26781676194.0,31,BID,SHORT,0.5
FSLR,2026-06-09 16:22:06.800471+00:00,CALL,255.0,2026-06-26,36375,21,36,3,253.215,REPEATEDHITS,False,False,False,19025,17350,26781676194.0,17,ASK,LONG,1.0
FSLR,2026-06-09 14:47:55.348067+00:00,PUT,252.5,2026-06-12,54155,116,124,21,262.205,REPEATEDHITSASCENDINGFILL,True,False,False,25635,28520,26781676194.0,3,BID,LONG,0.5
FSLR,2026-06-09 14:47:55.348067+00:00,PUT,245.0,2026-06-12,27482,108,212,16,262.205,REPEATEDHITSASCENDINGFILL,True,False,False,11796,15686,26781676194.0,3,BID,LONG,0.5
FSLR,2026-06-09 14:47:55.348067+00:00,PUT,247.5,2026-06-12,137964,431,451,26,262.205,REPEATEDHITSASCENDINGFILL,True,False,False,135799,2165,26781676194.0,3,ASK,SHORT,1.0
FSLR,2026-06-09 14:20:32.729245+00:00,CALL,277.5,2026-06-26,67100,50,52,0,265.23,REPEATEDHITSASCENDINGFILL,True,False,False,60450,6650,26781676194.0,17,ASK,LONG,1.0
FTAI,2026-06-24 16:41:06.658647+00:00,CALL,320.0,2026-07-24,24540,30,284,6,275.425,REPEATEDHITS,False,False,False,24540,0,26885971131.0,30,ASK,LONG,1.0
FTAI,2026-06-24 16:35:51.518910+00:00,CALL,320.0,2026-07-24,24852,30,164,6,274.74,REPEATEDHITSASCENDINGFILL,True,False,False,4932,19920,26885971131.0,30,BID,SHORT,0.5
FTAI,2026-06-23 19:52:21.004656+00:00,PUT,210.0,2026-12-18,402500,175,175,5,259.79,REPEATEDHITS,False,False,False,55200,0,26885971131.0,178,ASK,SHORT,1.0
FTAI,2026-06-23 19:22:55.997646+00:00,PUT,255.0,2026-07-17,15400,10,15,0,259.545,REPEATEDHITS,False,False,False,15400,0,26885971131.0,24,ASK,SHORT,1.0
FTAI,2026-06-22 16:01:28.707801+00:00,PUT,275.0,2026-07-02,20000,16,50,0,274.43,REPEATEDHITS,False,False,False,20000,0,26885971131.0,10,ASK,SHORT,1.0
FTAI,2026-06-22 14:34:39.615897+00:00,PUT,257.5,2026-07-17,32132,30,30,0,273.775,REPEATEDHITSDESCENDINGFILL,False,False,False,25760,6372,26885971131.0,25,ASK,SHORT,1.0
FTAI,2026-06-22 13:54:25.238720+00:00,CALL,285.0,2026-07-17,59400,36,36,0,276.455,REPEATEDHITS,False,False,False,0,59400,26885971131.0,25,BID,SHORT,0.5
FTAI,2026-06-18 13:54:51.389876+00:00,CALL,300.0,2026-07-17,294000,200,200,119,283.89,REPEATEDHITS,False,False,False,0,0,26885971131.0,29,MIXED,,0.0
FTAI,2026-06-17 17:00:57.054129+00:00,CALL,310.0,2026-08-21,508000,200,301,26,283.255,FLOORTRADELARGECAP,False,True,True,508000,0,26885971131.0,65,ASK,LONG,1.0
FTAI,2026-06-15 15:19:22.818840+00:00,CALL,460.0,2026-08-21,63855,473,478,2,260.6,REPEATEDHITS,False,False,False,0,63855,26885971131.0,67,BID,SHORT,0.5
FTAI,2026-06-15 14:33:01.734136+00:00,CALL,270.0,2026-07-17,306000,200,200,83,258.78,FLOORTRADELARGECAP,False,True,True,0,306000,26885971131.0,32,BID,SHORT,0.5
FTAI,2026-06-11 17:43:17.475526+00:00,CALL,245.0,2026-06-18,11400,19,179,12,236.06,REPEATEDHITS,False,False,False,0,11400,26885971131.0,7,BID,SHORT,0.5
FTAI,2026-06-11 17:43:14.467322+00:00,CALL,245.0,2026-06-18,12810,21,145,12,237.055,REPEATEDHITS,False,False,False,0,12810,26885971131.0,7,BID,SHORT,0.5
FTAI,2026-06-11 17:42:17.334281+00:00,CALL,245.0,2026-06-18,14560,26,76,12,236.14,REPEATEDHITS,False,False,False,0,14560,26885971131.0,7,BID,SHORT,0.5
FTAI,2026-06-11 17:42:17.334281+00:00,CALL,245.0,2026-06-18,10260,18,94,12,236.14,REPEATEDHITS,False,False,False,0,10260,26885971131.0,7,BID,SHORT,0.5
FTAI,2026-06-11 17:42:04.107633+00:00,CALL,245.0,2026-06-18,12240,24,50,12,235.18,REPEATEDHITS,False,False,False,0,12240,26885971131.0,7,BID,SHORT,0.5
FTAI,2026-06-04 16:25:44.783555+00:00,PUT,200.0,2026-11-20,322500,150,150,3,248.37,REPEATEDHITS,False,False,False,163400,159100,26885971131.0,169,ASK,SHORT,1.0
FTAI,2026-06-03 17:23:25.319747+00:00,PUT,225.0,2026-07-10,13130,13,16,0,245.215,REPEATEDHITS,False,False,False,12120,1010,26885971131.0,37,ASK,SHORT,1.0
FTAI,2026-06-03 15:31:15.614504+00:00,CALL,260.0,2026-06-12,26090,42,178,13,247.29,REPEATEDHITSASCENDINGFILL,True,False,False,3150,22940,26885971131.0,9,BID,SHORT,0.5
FTAI,2026-06-03 14:32:36.653774+00:00,CALL,257.5,2026-06-18,19360,22,22,2,244.025,REPEATEDHITS,False,False,False,0,19360,26885971131.0,15,BID,SHORT,0.5
FTAI,2026-06-02 19:12:55.793599+00:00,PUT,200.0,2026-07-17,38940,66,69,29,246.24,REPEATEDHITS,False,False,False,38940,0,26885971131.0,45,ASK,SHORT,1.0
FTAI,2026-05-29 18:57:09.029636+00:00,CALL,262.5,2026-06-18,27880,20,21,15,256.63,REPEATEDHITSDESCENDINGFILL,False,False,False,18150,9730,26885971131.0,20,ASK,LONG,1.0
FTAI,2026-05-27 18:29:59.056826+00:00,CALL,260.0,2026-06-05,28080,36,36,22,250.93,REPEATEDHITS,False,False,False,0,28080,26885971131.0,9,BID,SHORT,0.5
FTAI,2026-05-26 14:14:59.165616+00:00,CALL,280.0,2026-05-29,11340,81,172,65,254.39,REPEATEDHITS,True,False,False,0,11340,26885971131.0,3,BID,SHORT,0.5
FTAI,2026-05-22 17:35:04.205393+00:00,CALL,270.0,2026-06-05,14660,15,30,1,257.03,REPEATEDHITSASCENDINGFILL,False,False,False,12740,1920,26885971131.0,14,ASK,LONG,1.0
FTAI,2026-05-20 18:57:20.832555+00:00,CALL,290.0,2026-12-18,168000,50,50,10,239.72,FLOORTRADELARGECAP,False,True,False,0,168000,26885971131.0,212,BID,SHORT,0.5
FTAI,2026-05-20 14:29:02.937525+00:00,CALL,260.0,2026-05-29,18665,73,76,10,236.425,REPEATEDHITSASCENDINGFILL,True,False,False,18665,0,26885971131.0,9,ASK,LONG,1.0
FTAI,2026-05-20 14:29:02.937525+00:00,CALL,257.5,2026-05-29,36000,100,100,6,236.425,REPEATEDHITS,True,False,False,12600,23400,26885971131.0,9,BID,SHORT,0.5
FTAI,2026-05-19 17:07:54.253715+00:00,PUT,180.0,2026-07-17,76370,119,120,30,222.545,REPEATEDHITSDESCENDINGFILL,False,False,False,76370,0,26885971131.0,59,ASK,SHORT,1.0
FTAI,2026-05-19 16:06:12.719398+00:00,PUT,210.0,2027-01-15,185400,45,45,40,219.04,REPEATEDHITS,False,False,False,185400,0,26885971131.0,241,ASK,SHORT,1.0
FTAI,2026-05-18 14:45:53.892025+00:00,PUT,240.0,2026-08-21,141570,39,39,17,234.01,REPEATEDHITS,False,False,False,141570,0,26885971131.0,95,ASK,SHORT,1.0
FTAI,2026-05-15 18:58:59.905169+00:00,CALL,240.0,2026-05-29,21930,17,26,6,239.98,REPEATEDHITS,False,False,False,0,21930,26885971131.0,14,BID,SHORT,0.5
FTAI,2026-05-15 16:59:37.232769+00:00,CALL,240.0,2026-06-05,47570,27,27,1,242.91,REPEATEDHITS,False,False,False,0,47570,26885971131.0,21,BID,SHORT,0.5
FTAI,2026-05-14 14:49:19.189067+00:00,CALL,262.5,2026-05-15,36980,86,97,25,258.995,REPEATEDHITS,False,False,False,29240,7740,26885971131.0,1,ASK,LONG,1.0
FTAI,2026-05-13 19:19:51.804702+00:00,CALL,350.0,2026-11-20,408900,145,145,130,267.92,REPEATEDHITS,False,False,False,160740,0,26885971131.0,191,ASK,LONG,1.0
FTAI,2026-05-08 16:30:12.554992+00:00,PUT,272.5,2026-05-22,68060,41,42,0,269.2475,REPEATEDHITS,False,False,False,0,68060,26885971131.0,14,BID,LONG,0.5
FTAI,2026-05-06 19:53:45.063174+00:00,PUT,240.0,2027-01-15,36850,11,125,6,286.35,REPEATEDHITS,False,False,False,33500,3350,26885971131.0,254,ASK,SHORT,1.0
FTAI,2026-05-06 18:01:45.397974+00:00,PUT,280.0,2026-05-22,212753,125,125,1,279.635,REPEATEDHITSDESCENDINGFILL,False,False,False,146200,66553,26885971131.0,16,ASK,SHORT,1.0
FTAI,2026-05-06 15:38:46.067392+00:00,CALL,320.0,2026-07-17,21900,15,117,1,272.46,REPEATEDHITS,False,False,False,11680,10220,26885971131.0,72,ASK,LONG,1.0
FTAI,2026-05-06 15:35:46.823485+00:00,CALL,320.0,2026-07-17,107300,74,98,1,272.83,REPEATEDHITS,False,False,False,0,107300,26885971131.0,72,BID,SHORT,0.5
FTAI,2026-05-01 19:36:56.888778+00:00,PUT,245.0,2026-05-08,12631,11,21,3,241.01,REPEATEDHITSASCENDINGFILL,False,False,False,1150,11481,26885971131.0,7,BID,LONG,0.5
FTAI,2026-04-30 16:40:40.190780+00:00,CALL,260.0,2026-05-08,108240,164,195,2,246.76,REPEATEDHITS,False,False,False,0,108240,26885971131.0,8,BID,SHORT,0.5
FTAI,2026-04-30 14:18:41.268782+00:00,CALL,380.0,2026-12-18,266400,148,148,0,249.2925,REPEATEDHITS,False,False,False,266400,0,26885971131.0,232,ASK,LONG,1.0
FTAI,2026-04-29 19:10:26.951200+00:00,PUT,210.0,2026-05-01,38100,30,53,20,214.9,REPEATEDHITS,False,False,False,38100,0,26885971131.0,2,ASK,SHORT,1.0
FTAI,2026-04-29 17:16:02.013657+00:00,CALL,200.0,2026-05-01,23240,14,15,1,209.56,REPEATEDHITS,False,False,False,23240,0,26885971131.0,2,ASK,LONG,1.0
FTAI,2026-04-29 16:02:55.927881+00:00,CALL,240.0,2026-06-18,165359,156,227,61,205.0,REPEATEDHITS,False,False,False,161119,4240,26885971131.0,50,ASK,LONG,1.0
FTAI,2026-04-29 15:40:24.875505+00:00,CALL,215.0,2026-05-08,51940,49,98,0,205.705,REPEATEDHITS,False,False,False,0,51940,26885971131.0,9,BID,SHORT,0.5
FTAI,2026-04-29 15:40:24.875505+00:00,CALL,215.0,2026-05-08,143380,134,250,0,204.98,REPEATEDHITS,False,False,False,130540,9630,26885971131.0,9,ASK,LONG,1.0
FTAI,2026-04-29 15:40:06.661723+00:00,CALL,215.0,2026-05-08,25200,24,49,0,205.705,REPEATEDHITS,False,False,False,0,25200,26885971131.0,9,BID,SHORT,0.5
FTAI,2026-04-29 14:30:13.608720+00:00,CALL,230.0,2026-07-17,58480,34,75,5,206.72,REPEATEDHITS,False,False,False,58480,0,26885971131.0,79,ASK,LONG,1.0
FXI,2026-06-24 18:31:22.007435+00:00,CALL,32.0,2026-06-30,12129,174,251,1,32.445,REPEATEDHITSASCENDINGFILL,True,False,False,8679,0,5989614956.0,6,ASK,LONG,1.0
FXI,2026-06-24 15:24:05.343388+00:00,CALL,33.0,2026-09-18,17324,122,618,21,32.535,REPEATEDHITS,True,False,False,17324,0,5989614956.0,86,ASK,LONG,1.0
FXI,2026-06-24 15:23:18.675251+00:00,CALL,33.0,2026-09-18,11928,84,352,21,32.5201,REPEATEDHITS,False,False,False,142,11786,5989614956.0,86,BID,SHORT,0.5
FXI,2026-06-24 14:52:45.577525+00:00,CALL,32.5,2026-07-17,257440,3218,3233,282,32.46,REPEATEDHITS,False,False,False,0,257440,5989614956.0,23,BID,SHORT,0.5
FXI,2026-06-24 13:41:00.159163+00:00,CALL,33.0,2026-09-18,35000,250,250,21,32.455,REPEATEDHITS,True,False,False,0,35000,5989614956.0,86,BID,SHORT,0.5
FXI,2026-06-23 18:09:12.753250+00:00,PUT,32.5,2026-07-17,12200,200,1452,0,32.865,REPEATEDHITS,False,False,False,0,12200,5989614956.0,24,BID,LONG,0.5
FXI,2026-06-23 17:50:23.774805+00:00,CALL,35.5,2026-07-17,10109,919,939,23,32.9,REPEATEDHITS,False,False,False,0,10109,5989614956.0,24,BID,SHORT,0.5
FXI,2026-06-23 16:39:19.440679+00:00,CALL,32.5,2026-07-02,22946,298,307,0,32.895,REPEATEDHITS,False,False,False,22176,0,5989614956.0,9,ASK,LONG,1.0
FXI,2026-06-23 15:42:32.855149+00:00,PUT,32.0,2026-07-02,10762,468,468,63,32.7928,REPEATEDHITS,True,False,False,10649,69,5989614956.0,9,ASK,SHORT,1.0
FXI,2026-06-23 15:42:32.855149+00:00,PUT,31.5,2026-07-10,13702,548,584,1,32.7928,REPEATEDHITS,True,False,False,13652,50,5989614956.0,17,ASK,SHORT,1.0
FXI,2026-06-23 15:21:54.485439+00:00,PUT,31.0,2026-07-17,27439,1193,4243,586,32.86,REPEATEDHITS,False,False,False,27439,0,5989614956.0,24,ASK,SHORT,1.0
FXI,2026-06-23 15:08:19.410249+00:00,PUT,31.0,2026-07-17,37697,1639,1716,586,32.895,REPEATEDHITS,False,False,False,37697,0,5989614956.0,24,ASK,SHORT,1.0
FXI,2026-06-23 14:33:24.733129+00:00,CALL,33.0,2026-08-21,25400,200,273,143,32.875,REPEATEDHITS,False,False,False,0,25400,5989614956.0,59,BID,SHORT,0.5
FXI,2026-06-23 14:01:25.716416+00:00,PUT,30.5,2026-07-17,10914,642,642,0,32.895,REPEATEDHITS,False,False,False,10914,0,5989614956.0,24,ASK,SHORT,1.0
FXI,2026-06-23 13:56:22.793490+00:00,PUT,32.0,2026-07-10,11628,342,342,0,32.885,REPEATEDHITS,False,False,False,11628,0,5989614956.0,17,ASK,SHORT,1.0
FXI,2026-06-23 13:56:22.793490+00:00,CALL,32.5,2026-07-17,29104,272,272,0,32.885,REPEATEDHITS,False,False,False,29104,0,5989614956.0,24,ASK,LONG,1.0
FXI,2026-06-23 13:56:22.793490+00:00,CALL,32.0,2026-07-10,21580,166,166,0,32.885,REPEATEDHITS,False,False,False,21580,0,5989614956.0,17,ASK,LONG,1.0
FXI,2026-06-23 13:56:22.793490+00:00,PUT,31.5,2026-07-17,10261,331,331,0,32.885,REPEATEDHITS,False,False,False,10261,0,5989614956.0,24,ASK,SHORT,1.0
FXI,2026-06-22 19:01:41.951998+00:00,PUT,33.5,2026-07-10,19832,296,6380,17,33.455,REPEATEDHITS,False,False,False,19832,0,5989614956.0,18,ASK,SHORT,1.0
FXI,2026-06-22 17:29:13.747435+00:00,PUT,33.5,2026-07-10,279552,4368,5825,17,33.52,REPEATEDHITS,False,False,False,276928,2624,5989614956.0,18,ASK,SHORT,1.0
FXI,2026-06-22 16:54:37.680954+00:00,PUT,33.5,2026-07-10,93248,1457,1457,17,33.515,REPEATEDHITS,False,False,False,90560,2688,5989614956.0,18,ASK,SHORT,1.0
FXI,2026-06-18 16:12:32.353684+00:00,PUT,32.0,2026-06-30,19110,1274,1274,14,33.25,REPEATEDHITS,False,False,False,19110,0,5989614956.0,12,ASK,SHORT,1.0
FXI,2026-06-18 14:44:24.881714+00:00,PUT,33.5,2026-06-26,25000,500,501,47,33.355,REPEATEDHITS,False,False,False,23300,1700,5989614956.0,8,ASK,SHORT,1.0
FXI,2026-06-18 13:50:35.208109+00:00,CALL,34.0,2026-08-21,26000,250,250,98,33.37,REPEATEDHITS,False,False,False,3952,22048,5989614956.0,64,BID,SHORT,0.5
FXI,2026-06-17 19:53:42.661469+00:00,PUT,33.0,2026-07-10,91524,2082,2610,23,33.625,REPEATEDHITSDESCENDINGFILL,False,False,False,91482,42,5989614956.0,23,ASK,SHORT,1.0
FXI,2026-06-17 19:53:39.254650+00:00,PUT,33.0,2026-07-10,22035,501,522,23,33.62,REPEATEDHITSDESCENDINGFILL,False,False,False,21993,42,5989614956.0,23,ASK,SHORT,1.0
FXI,2026-06-17 19:13:42.473768+00:00,PUT,33.5,2026-06-18,12456,1038,2778,552,33.89,REPEATEDHITS,True,False,False,0,12456,5989614956.0,1,BID,LONG,0.5
FXI,2026-06-17 14:16:39.296846+00:00,PUT,34.5,2026-07-31,63994,653,1100,0,34.345,REPEATEDHITS,False,False,False,0,63994,5989614956.0,44,BID,LONG,0.5
FXI,2026-06-17 14:16:16.658255+00:00,PUT,35.0,2026-07-24,38376,328,328,9,34.35,REPEATEDHITS,False,False,False,0,38376,5989614956.0,37,BID,LONG,0.5
FXI,2026-06-17 14:16:16.658255+00:00,PUT,34.5,2026-07-31,43601,447,447,0,34.35,REPEATEDHITSDESCENDINGFILL,True,False,False,0,43601,5989614956.0,44,BID,LONG,0.5
FXI,2026-06-17 14:16:16.658255+00:00,PUT,34.5,2026-07-24,16020,178,178,2,34.35,REPEATEDHITS,True,False,False,0,16020,5989614956.0,37,BID,LONG,0.5
FXI,2026-06-16 16:50:38.623696+00:00,CALL,34.5,2026-07-02,32500,500,1001,0,34.565,REPEATEDHITS,True,False,False,32500,0,5989614956.0,16,ASK,LONG,1.0
FXI,2026-06-16 15:55:28.979574+00:00,CALL,35.5,2026-07-02,13000,500,2190,0,34.5713,REPEATEDHITS,False,False,False,0,13000,5989614956.0,16,BID,SHORT,0.5
FXI,2026-06-16 15:55:06.956890+00:00,CALL,35.0,2026-06-26,29888,934,1950,39,34.5799,REPEATEDHITS,True,False,False,10752,0,5989614956.0,10,ASK,LONG,1.0
FXI,2026-06-16 14:00:33.379084+00:00,CALL,35.5,2026-07-02,16250,650,1090,0,34.54,REPEATEDHITS,False,False,False,0,16250,5989614956.0,16,BID,SHORT,0.5
FXI,2026-06-15 16:29:24.162895+00:00,PUT,34.0,2027-03-19,58236,276,476,223,35.13,REPEATEDHITS,False,False,False,0,58236,5989614956.0,277,BID,LONG,0.5
FXI,2026-06-12 14:22:02.723508+00:00,PUT,40.0,2027-06-17,124220,202,702,0,35.2,REPEATEDHITS,False,False,False,124220,0,5989614956.0,370,ASK,SHORT,1.0
FXI,2026-06-11 14:29:30.577459+00:00,CALL,31.0,2027-01-15,245000,500,1780,130,34.43,REPEATEDHITS,False,False,False,0,245000,5989614956.0,218,BID,SHORT,0.5
FXI,2026-06-11 14:28:48.099454+00:00,CALL,31.0,2027-01-15,97000,200,580,130,34.41,REPEATEDHITS,False,False,False,0,97000,5989614956.0,218,BID,SHORT,0.5
FXI,2026-06-11 14:28:28.468000+00:00,CALL,31.0,2027-01-15,97001,200,380,130,34.395,REPEATEDHITSDESCENDINGFILL,False,False,False,0,97001,5989614956.0,218,BID,SHORT,0.5
FXI,2026-06-03 18:21:19.635916+00:00,CALL,37.0,2026-06-12,19481,1771,1793,452,35.585,REPEATEDHITS,False,False,False,0,17490,5989614956.0,9,BID,SHORT,0.5
FXI,2026-06-03 16:18:13.205615+00:00,PUT,34.5,2026-06-12,19995,1333,1344,71,35.595,REPEATEDHITS,False,False,False,0,19770,5989614956.0,9,BID,LONG,0.5
FXI,2026-06-02 20:00:35.965026+00:00,CALL,38.0,2026-06-05,19824,4956,5171,629,36.37,REPEATEDHITS,True,False,False,19824,0,5989614956.0,3,ASK,LONG,1.0
FXI,2026-06-01 18:52:41.691553+00:00,PUT,34.5,2026-06-18,18500,500,1000,261,35.365,REPEATEDHITS,False,False,False,0,18500,5989614956.0,17,BID,LONG,0.5
FXI,2026-06-01 18:52:28.062795+00:00,PUT,34.5,2026-06-18,15429,417,417,261,35.38,REPEATEDHITS,False,False,False,7548,7881,5989614956.0,17,BID,LONG,0.5
FXI,2026-05-29 19:41:31.634145+00:00,CALL,37.5,2026-07-02,10000,500,501,13,35.145,REPEATEDHITS,False,False,False,0,10000,5989614956.0,34,BID,SHORT,0.5
FXI,2026-05-28 16:03:35.849255+00:00,CALL,36.0,2026-06-05,65050,6505,7011,1498,34.918,REPEATEDHITS,False,False,False,0,46390,5989614956.0,8,BID,SHORT,0.5
FXI,2026-05-28 13:40:34.766255+00:00,CALL,35.5,2026-06-18,72036,2001,2014,521,34.65,REPEATEDHITS,False,False,False,2052,69984,5989614956.0,21,BID,SHORT,0.5
FXI,2026-05-22 18:04:22.672905+00:00,PUT,35.0,2026-05-29,185714,9034,9353,141,35.5,REPEATEDHITSDESCENDINGFILL,False,False,False,105714,80000,5989614956.0,7,ASK,SHORT,1.0
FXI,2026-05-22 15:14:26.882778+00:00,PUT,34.0,2026-06-05,28500,2375,2382,39,35.455,REPEATEDHITS,False,False,False,0,27864,5989614956.0,14,BID,LONG,0.5
GLD,2026-06-24 18:46:05.400173+00:00,CALL,365.0,2026-06-29,17340,34,527,11,365.455,REPEATEDHITS,False,False,False,0,16830,379.545663,5,BID,SHORT,0.5
GLD,2026-06-24 18:45:41.373734+00:00,PUT,335.0,2026-06-30,55648,1184,1242,505,365.44,REPEATEDHITS,False,False,False,0,55648,379.545663,6,BID,LONG,0.5
GLD,2026-06-24 18:31:31.813898+00:00,CALL,367.0,2026-07-17,16960,16,315,0,366.44,REPEATEDHITS,True,False,False,0,16960,379.545663,23,BID,SHORT,0.5
GLD,2026-06-24 18:18:53.137465+00:00,PUT,240.0,2026-09-18,16500,300,1212,35,365.8101,REPEATEDHITS,False,False,False,16500,0,379.545663,86,ASK,SHORT,1.0
GLD,2026-06-24 18:18:29.094860+00:00,PUT,240.0,2026-09-18,12375,225,437,35,365.86,REPEATEDHITS,False,False,False,12375,0,379.545663,86,ASK,SHORT,1.0
GLD,2026-06-24 18:18:20.682249+00:00,CALL,360.0,2026-06-29,11570,13,206,7,365.94,REPEATEDHITS,False,False,False,0,11570,379.545663,5,BID,SHORT,0.5
GLD,2026-06-24 18:18:19.077171+00:00,PUT,240.0,2026-09-18,11605,211,212,35,365.94,REPEATEDHITS,False,False,False,11605,0,379.545663,86,ASK,SHORT,1.0
GLD,2026-06-24 18:11:44.956054+00:00,CALL,366.0,2026-07-17,23730,21,90,1,366.3,REPEATEDHITS,False,False,False,9040,10170,379.545663,23,BID,SHORT,0.5
GLD,2026-06-24 18:05:32.850568+00:00,PUT,330.0,2026-07-24,86994,300,689,205,364.59,REPEATEDHITS,False,False,False,0,35664,379.545663,30,BID,LONG,0.5
GLD,2026-06-24 18:03:32.874717+00:00,PUT,363.0,2026-07-17,13040,13,50,2,363.58,REPEATEDHITSASCENDINGFILL,True,False,False,13040,0,379.545663,23,ASK,SHORT,1.0
GLD,2026-06-24 18:02:53.827515+00:00,CALL,366.0,2026-06-30,17575,37,192,0,364.1,REPEATEDHITS,False,False,False,17575,0,379.545663,6,ASK,LONG,1.0
GLD,2026-06-24 18:00:33.825021+00:00,PUT,371.0,2026-07-10,12025,10,20,9,364.42,REPEATEDHITS,True,False,False,12025,0,379.545663,16,ASK,SHORT,1.0
GLD,2026-06-24 18:00:04.791025+00:00,PUT,365.0,2026-07-06,58105,77,185,12,364.58,REPEATEDHITS,True,False,False,53605,4500,379.545663,12,ASK,SHORT,1.0
GLD,2026-06-24 17:59:35.752675+00:00,CALL,365.0,2026-07-02,144160,212,297,2,364.64,REPEATEDHITS,False,False,False,140760,3400,379.545663,8,ASK,LONG,1.0
GLD,2026-06-24 17:58:11.194392+00:00,PUT,365.0,2026-07-06,44100,60,83,12,364.81,REPEATEDHITS,True,False,False,44100,0,379.545663,12,ASK,SHORT,1.0
GLD,2026-06-24 17:57:30.742487+00:00,CALL,398.0,2026-07-24,30711,152,167,44,365.1149,REPEATEDHITSASCENDINGFILL,True,False,False,21312,9399,379.545663,30,ASK,LONG,1.0
GLD,2026-06-24 17:38:36.108700+00:00,CALL,370.0,2026-07-10,21235,31,68,14,365.51,REPEATEDHITS,True,False,False,20550,685,379.545663,16,ASK,LONG,1.0
GLD,2026-06-24 17:24:01.105351+00:00,PUT,280.0,2026-08-21,18060,215,222,75,366.62,REPEATEDHITS,False,False,False,2436,15624,379.545663,58,BID,LONG,0.5
GLD,2026-06-24 17:23:00.818960+00:00,CALL,370.0,2026-06-26,35212,160,1052,33,366.6,REPEATEDHITSASCENDINGFILL,False,False,False,2280,32932,379.545663,2,BID,SHORT,0.5
GLD,2026-06-24 17:22:53.790902+00:00,PUT,363.0,2026-06-30,29612,77,97,23,366.6701,REPEATEDHITSDESCENDINGFILL,True,False,False,20405,6897,379.545663,6,ASK,SHORT,1.0
GLD,2026-06-24 16:55:03.314155+00:00,CALL,385.0,2026-10-16,314390,211,1521,134,367.765,REPEATEDHITS,False,False,False,37250,277140,379.545663,114,BID,SHORT,0.5
GLD,2026-06-24 16:29:54.913712+00:00,CALL,360.0,2026-07-31,223850,121,203,2,368.56,REPEATEDHITS,False,False,False,72150,135050,379.545663,37,BID,SHORT,0.5
GLD,2026-06-24 16:09:26.054770+00:00,CALL,371.0,2026-07-02,10800,24,76,2,366.71,REPEATEDHITS,True,False,False,10800,0,379.545663,8,ASK,LONG,1.0
GLD,2026-06-24 16:07:17.513416+00:00,PUT,368.0,2026-07-02,15065,23,42,13,367.19,REPEATEDHITS,False,False,False,15065,0,379.545663,8,ASK,SHORT,1.0
GLD,2026-06-24 16:01:54.536384+00:00,CALL,375.0,2026-06-26,10000,100,1466,67,367.16,REPEATEDHITS,False,False,False,8500,1500,379.545663,2,ASK,LONG,1.0
GLD,2026-06-24 16:01:39.320341+00:00,CALL,360.0,2026-07-31,52800,30,82,2,367.19,REPEATEDHITS,False,False,False,35200,17600,379.545663,37,ASK,LONG,1.0
GLD,2026-06-24 14:59:45.159177+00:00,CALL,375.0,2026-06-26,11228,100,1243,67,367.68,REPEATEDHITSASCENDINGFILL,False,False,False,11228,0,379.545663,2,ASK,LONG,1.0
GLD,2026-06-24 14:36:08.211516+00:00,CALL,369.0,2026-06-24,17670,108,1610,1,369.74,REPEATEDHITS,False,False,False,0,17670,379.545663,0,BID,SHORT,0.5
GLD,2026-06-24 14:25:54.143746+00:00,CALL,372.0,2026-07-17,54576,60,123,0,369.3324,REPEATEDHITSASCENDINGFILL,False,False,False,54576,0,379.545663,23,ASK,LONG,1.0
GLD,2026-06-24 14:12:07.809078+00:00,PUT,367.0,2026-06-24,17272,254,1025,24,369.1326,REPEATEDHITS,False,False,False,17272,0,379.545663,0,ASK,SHORT,1.0
GLD,2026-06-24 14:00:17.293494+00:00,CALL,376.0,2026-06-30,17158,60,74,6,370.5,REPEATEDHITS,True,False,False,17158,0,379.545663,6,ASK,LONG,1.0
GLD,2026-06-24 13:51:49.809422+00:00,CALL,380.0,2026-07-06,48826,169,173,11,369.66,REPEATEDHITSDESCENDINGFILL,True,False,False,35292,13534,379.545663,12,ASK,LONG,1.0
GLD,2026-06-24 13:50:24.735827+00:00,CALL,383.0,2026-07-01,20570,170,190,30,369.04,REPEATEDHITS,True,False,False,20570,0,379.545663,7,ASK,LONG,1.0
GLD,2026-06-24 13:50:12.701185+00:00,CALL,380.0,2026-07-01,35843,212,233,34,369.12,REPEATEDHITSDESCENDINGFILL,True,False,False,522,35152,379.545663,7,BID,SHORT,0.5
GLD,2026-06-24 13:44:56.889984+00:00,CALL,369.0,2026-06-24,11331,103,707,1,368.28,REPEATEDHITSASCENDINGFILL,False,False,False,10515,816,379.545663,0,ASK,LONG,1.0
GLD,2026-06-24 13:42:48.757692+00:00,PUT,374.0,2026-06-29,56265,72,109,60,368.13,REPEATEDHITSDESCENDINGFILL,True,False,False,39885,16380,379.545663,5,ASK,SHORT,1.0
GLD,2026-06-24 13:40:30.220212+00:00,CALL,370.0,2026-07-31,118575,103,104,60,367.47,REPEATEDHITSASCENDINGFILL,False,False,False,0,117415,379.545663,37,BID,SHORT,0.5
GLD,2026-06-24 13:39:03.922928+00:00,CALL,362.0,2026-06-30,91525,109,109,1,366.82,REPEATEDHITSASCENDINGFILL,True,False,False,8405,83120,379.545663,6,BID,SHORT,0.5
GLD,2026-06-24 13:37:40.907792+00:00,CALL,367.0,2026-06-24,13674,100,431,4,366.39,REPEATEDHITSDESCENDINGFILL,True,False,False,5106,8568,379.545663,0,BID,SHORT,0.5
GLD,2026-06-24 13:36:14.652100+00:00,CALL,367.0,2026-06-24,25102,160,309,4,366.72,REPEATEDHITSDESCENDINGFILL,False,False,False,25102,0,379.545663,0,ASK,LONG,1.0
GLD,2026-06-24 13:36:11.242185+00:00,PUT,355.0,2026-07-08,46605,119,119,0,366.51,REPEATEDHITSASCENDINGFILL,True,False,False,5500,41105,379.545663,14,BID,LONG,0.5
GLD,2026-06-24 13:34:04.769100+00:00,CALL,360.0,2026-06-29,30570,33,33,7,366.41,REPEATEDHITSASCENDINGFILL,True,False,False,13020,17550,379.545663,5,BID,SHORT,0.5
GLD,2026-06-24 13:34:04.769100+00:00,CALL,365.0,2026-06-29,96260,165,419,11,366.41,REPEATEDHITSASCENDINGFILL,True,False,False,16925,79335,379.545663,5,BID,SHORT,0.5
GLD,2026-06-24 13:33:26.768706+00:00,CALL,365.0,2026-06-29,64905,109,253,11,366.58,REPEATEDHITSDESCENDINGFILL,False,False,False,3025,32130,379.545663,5,BID,SHORT,0.5
GLD,2026-06-24 13:32:51.032539+00:00,CALL,365.0,2026-06-24,12220,47,110,44,366.28,REPEATEDHITS,True,False,False,6049,6171,379.545663,0,BID,SHORT,0.5
GLD,2026-06-24 13:31:30.768225+00:00,CALL,365.0,2026-06-29,20535,37,41,11,365.3222,REPEATEDHITS,False,False,False,20535,0,379.545663,5,ASK,LONG,1.0
GLD,2026-06-23 19:51:12.097482+00:00,CALL,381.0,2026-06-24,16302,209,678,5,377.945,REPEATEDHITS,True,False,False,0,16302,379.545663,1,BID,SHORT,0.5
GLD,2026-06-23 18:50:47.624792+00:00,CALL,384.0,2026-07-08,58740,132,135,0,377.68,REPEATEDHITS,True,False,False,58740,0,379.545663,15,ASK,LONG,1.0
GLD,2026-06-23 18:48:10.958391+00:00,PUT,364.0,2026-06-30,41535,322,322,1,377.4899,REPEATEDHITS,True,False,False,41535,0,379.545663,7,ASK,SHORT,1.0
GLD,2026-06-23 16:47:39.571823+00:00,PUT,360.0,2026-06-29,70606,1642,1652,39,379.8453,REPEATEDHITS,False,False,False,0,70606,379.545663,6,BID,LONG,0.5
GME,2026-06-24 15:48:59.966932+00:00,PUT,21.0,2026-12-18,108632,503,1570,287,21.5,REPEATEDHITS,False,False,False,11664,96968,9458411698.0,177,BID,LONG,0.5
GME,2026-06-24 13:45:04.511930+00:00,CALL,30.0,2026-08-21,100000,4000,4022,1088,21.5326,REPEATEDHITS,False,False,False,0,7875,9458411698.0,58,BID,SHORT,0.5
GME,2026-06-23 16:13:10.724116+00:00,CALL,22.0,2026-08-21,43878,426,439,87,21.27,REPEATEDHITS,False,False,False,0,43878,9458411698.0,59,BID,SHORT,0.5
GME,2026-06-22 17:21:45.470759+00:00,CALL,30.0,2026-08-21,11245,535,743,0,21.4,REPEATEDHITSDESCENDINGFILL,False,False,False,0,11025,9458411698.0,60,BID,SHORT,0.5
GME,2026-06-11 18:24:49.786043+00:00,CALL,28.0,2026-07-10,12690,705,749,315,22.07,REPEATEDHITS,False,False,False,0,12690,9458411698.0,29,BID,SHORT,0.5
GME,2026-06-10 18:07:40.236548+00:00,CALL,29.0,2026-09-18,84777,1101,1318,552,22.475,REPEATEDHITS,False,False,False,0,84777,9458411698.0,100,BID,SHORT,0.5
GME,2026-06-08 19:02:02.673126+00:00,CALL,34.0,2026-09-18,51205,1045,1352,298,22.01,REPEATEDHITS,False,False,False,0,51205,9458411698.0,102,BID,SHORT,0.5
GME,2026-06-05 16:25:40.481695+00:00,CALL,22.0,2026-07-24,42054,326,328,0,21.6443,REPEATEDHITS,False,False,False,42054,0,9458411698.0,49,ASK,LONG,1.0
GME,2026-06-03 16:42:25.119000+00:00,CALL,24.5,2026-06-18,13050,450,681,300,22.17,REPEATEDHITS,True,False,False,0,13050,9458411698.0,15,BID,SHORT,0.5
GME,2026-06-03 13:40:20.779482+00:00,CALL,30.0,2027-03-19,352800,2400,2400,728,22.72,REPEATEDHITS,False,False,False,0,0,9458411698.0,289,MIXED,,0.0
GME,2026-06-03 13:40:20.779482+00:00,PUT,20.0,2027-03-19,360000,1200,1200,12,22.72,REPEATEDHITS,False,False,False,0,0,9458411698.0,289,MIXED,,0.0
GME,2026-06-03 13:40:20.779482+00:00,CALL,25.0,2027-03-19,466800,1200,1201,977,22.72,REPEATEDHITS,False,False,False,0,0,9458411698.0,289,MIXED,,0.0
GME,2026-06-03 13:40:20.779482+00:00,PUT,18.0,2027-03-19,240000,1200,1200,31,22.72,REPEATEDHITS,False,False,False,0,0,9458411698.0,289,MIXED,,0.0
GME,2026-06-02 14:28:39.161440+00:00,CALL,21.0,2026-07-10,100800,720,720,533,21.0,REPEATEDHITS,False,False,False,100800,0,9458411698.0,38,ASK,LONG,1.0
GME,2026-06-01 19:32:48.375189+00:00,CALL,32.0,2026-07-02,30996,1476,2358,848,21.4391,REPEATEDHITS,True,False,False,0,2289,9458411698.0,31,BID,SHORT,0.5
GME,2026-06-01 17:39:50.783984+00:00,CALL,22.0,2026-06-26,47500,500,569,390,21.335,REPEATEDHITS,False,False,False,0,47405,9458411698.0,25,BID,SHORT,0.5
GME,2026-05-27 14:28:17.363742+00:00,PUT,21.0,2027-01-15,552615,1995,1995,297,21.74,REPEATEDHITS,False,False,False,0,552615,9458411698.0,233,BID,LONG,0.5
GME,2026-05-27 13:51:24.903824+00:00,CALL,28.0,2026-09-18,657485,6709,6730,2653,21.59,REPEATEDHITS,False,False,False,0,656897,9458411698.0,114,BID,SHORT,0.5
GME,2026-05-26 15:49:26.783552+00:00,CALL,20.0,2027-03-19,107000,200,203,196,21.95,REPEATEDHITS,False,False,False,107000,0,9458411698.0,297,ASK,LONG,1.0
GME,2026-05-26 13:45:44.786789+00:00,CALL,30.0,2026-07-02,10750,430,432,0,21.9376,REPEATEDHITS,False,False,False,50,10700,9458411698.0,37,BID,SHORT,0.5
GME,2026-05-22 18:33:25.926140+00:00,CALL,21.5,2026-05-29,21600,300,1054,290,22.0369,REPEATEDHITS,True,False,False,720,20160,9458411698.0,7,BID,SHORT,0.5
GME,2026-05-22 16:20:55.423066+00:00,CALL,26.0,2026-06-05,21588,1799,1988,1473,22.09,REPEATEDHITS,False,False,False,0,21588,9458411698.0,14,BID,SHORT,0.5
GME,2026-05-18 16:34:22.674778+00:00,CALL,30.0,2026-06-12,40284,1492,1800,1153,21.95,REPEATEDHITS,False,False,False,0,40095,9458411698.0,25,BID,SHORT,0.5
GME,2026-05-18 15:23:40.854435+00:00,CALL,24.0,2026-06-05,111243,3371,3669,936,21.78,REPEATEDHITS,False,False,False,2310,72996,9458411698.0,18,BID,SHORT,0.5
GME,2026-05-18 13:52:23.030105+00:00,PUT,16.0,2027-01-15,12024,111,111,25,21.86,REPEATEDHITSDESCENDINGFILL,True,False,False,10359,0,9458411698.0,242,ASK,SHORT,1.0
GME,2026-05-15 19:52:35.206334+00:00,CALL,22.0,2026-05-29,45530,870,2517,805,21.585,REPEATEDHITSASCENDINGFILL,False,False,False,37156,8374,9458411698.0,14,ASK,LONG,1.0
GME,2026-05-14 19:25:05.982039+00:00,CALL,25.0,2026-06-05,231246,7974,8204,2088,21.78,REPEATEDHITS,False,False,False,0,231246,9458411698.0,22,BID,SHORT,0.5
GME,2026-05-14 15:31:51.624122+00:00,CALL,33.0,2026-05-29,15402,3000,5696,467,21.96,REPEATEDHITSASCENDINGFILL,False,False,False,0,15402,9458411698.0,15,BID,SHORT,0.5
GME,2026-05-13 13:57:05.142003+00:00,CALL,36.0,2026-06-26,10950,392,496,226,22.02,REPEATEDHITSASCENDINGFILL,False,False,False,28,10922,9458411698.0,44,BID,SHORT,0.5
GME,2026-05-12 18:45:55.202494+00:00,CALL,26.5,2026-05-15,38640,5520,6076,3551,22.625,REPEATEDHITS,False,False,False,38640,0,9458411698.0,3,ASK,LONG,1.0
GME,2026-05-12 13:41:25.561648+00:00,PUT,21.0,2026-06-05,22650,453,552,140,22.465,REPEATEDHITS,True,False,False,1350,20800,9458411698.0,24,BID,LONG,0.5
GME,2026-05-12 13:35:51.209534+00:00,CALL,24.5,2026-05-22,175311,6493,6554,1947,22.49,REPEATEDHITS,False,False,False,0,174636,9458411698.0,10,BID,SHORT,0.5
GME,2026-05-11 13:48:48.953541+00:00,CALL,25.0,2026-06-26,64044,451,455,19,23.79,REPEATEDHITS,False,False,False,284,63760,9458411698.0,46,BID,SHORT,0.5
GME,2026-05-11 13:35:30.560979+00:00,CALL,27.0,2026-05-22,150025,6001,6031,3014,24.085,REPEATEDHITS,False,False,False,24,149975,9458411698.0,11,BID,SHORT,0.5
GME,2026-05-08 14:02:19.749908+00:00,CALL,38.0,2026-10-16,10465,91,95,42,24.04,REPEATEDHITS,False,False,False,1035,115,9458411698.0,161,ASK,LONG,1.0
GME,2026-05-07 19:11:36.230400+00:00,CALL,29.0,2026-05-22,10175,411,526,322,23.875,REPEATEDHITSASCENDINGFILL,False,False,False,7775,2400,9458411698.0,15,ASK,LONG,1.0
GME,2026-05-06 18:02:37.879154+00:00,CALL,35.0,2026-05-22,38280,1595,1628,1198,25.3372,REPEATEDHITS,False,False,False,0,38280,9458411698.0,16,BID,SHORT,0.5
GME,2026-05-04 19:22:47.160070+00:00,CALL,29.0,2026-06-05,50034,944,1409,177,24.0025,REPEATEDHITS,True,False,False,2546,47488,9458411698.0,32,BID,SHORT,0.5
GME,2026-05-04 19:22:47.160070+00:00,CALL,29.5,2026-06-05,11000,220,275,9,24.0025,REPEATEDHITS,True,False,False,250,10750,9458411698.0,32,BID,SHORT,0.5
GME,2026-05-04 13:46:14.922362+00:00,PUT,25.0,2026-07-17,382396,1692,2611,474,25.8899,REPEATEDHITSASCENDINGFILL,True,False,False,373582,8588,9458411698.0,74,ASK,SHORT,1.0
GME,2026-05-04 13:43:37.113706+00:00,CALL,33.0,2026-05-29,14950,318,321,116,25.69,REPEATEDHITSASCENDINGFILL,True,False,False,98,12690,9458411698.0,25,BID,SHORT,0.5
GME,2026-05-01 19:01:29.310754+00:00,PUT,26.0,2026-05-08,20971,313,1338,280,26.555,REPEATEDHITS,True,False,False,20971,0,9458411698.0,7,ASK,SHORT,1.0
GME,2026-05-01 18:48:16.129560+00:00,CALL,24.5,2026-06-05,96468,327,337,53,26.575,REPEATEDHITS,True,False,False,2068,94400,9458411698.0,35,BID,SHORT,0.5
GME,2026-05-01 15:37:38.030429+00:00,CALL,25.5,2026-06-05,10800,80,229,68,25.1902,REPEATEDHITS,True,False,False,0,10800,9458411698.0,35,BID,SHORT,0.5
GME,2026-05-01 14:16:12.562940+00:00,PUT,24.5,2026-05-08,38853,1439,1533,814,25.18,REPEATEDHITS,False,False,False,0,34830,9458411698.0,7,BID,LONG,0.5
GME,2026-04-29 13:35:49.245132+00:00,CALL,28.5,2026-05-08,15590,1559,1570,340,24.66,REPEATEDHITS,False,False,False,1460,14130,9458411698.0,9,BID,SHORT,0.5
GME,2026-04-27 17:49:03.693692+00:00,PUT,25.5,2026-05-01,15000,300,1217,208,25.47,REPEATEDHITS,False,False,False,0,15000,9458411698.0,4,BID,LONG,0.5
GME,2026-04-27 15:37:08.139914+00:00,PUT,25.5,2026-05-01,15840,288,611,208,25.47,REPEATEDHITS,False,False,False,15840,0,9458411698.0,4,ASK,SHORT,1.0
GME,2026-04-24 19:41:57.185699+00:00,PUT,20.0,2026-12-18,66682,433,4010,235,24.975,REPEATEDHITS,False,False,False,66682,0,9458411698.0,238,ASK,SHORT,1.0
GOOG,2026-06-24 17:29:31.199341+00:00,PUT,337.5,2026-07-17,422290,698,747,54,348.08,REPEATEDHITS,False,False,False,1210,0,1879382770000.0,23,ASK,SHORT,1.0
GOOG,2026-06-22 18:36:31.725154+00:00,CALL,360.0,2026-07-02,165300,500,4169,425,347.65,REPEATEDHITSASCENDINGFILL,False,False,False,0,165300,1879382770000.0,10,BID,SHORT,0.5
GOOG,2026-06-22 16:33:23.947193+00:00,CALL,350.0,2026-06-26,749690,1874,11451,1406,345.46,REPEATEDHITSDESCENDINGFILL,False,False,False,0,749690,1879382770000.0,4,BID,SHORT,0.5
GOOG,2026-06-22 15:29:40.986463+00:00,CALL,345.0,2026-06-26,926583,1853,3812,266,342.775,REPEATEDHITSDESCENDINGFILL,True,False,False,1532,925051,1879382770000.0,4,BID,SHORT,0.5
GOOG,2026-06-22 15:23:08.683963+00:00,CALL,342.5,2026-06-26,1001193,1564,2237,57,343.0,REPEATEDHITSASCENDINGFILL,False,False,False,5272,995921,1879382770000.0,4,BID,SHORT,0.5
GOOG,2026-06-22 15:04:11.471489+00:00,CALL,350.0,2026-06-26,500841,1473,3946,1406,343.38,REPEATEDHITS,False,False,False,0,500841,1879382770000.0,4,BID,SHORT,0.5
GOOG,2026-06-22 14:40:30.957183+00:00,CALL,360.0,2026-07-02,275657,735,2306,425,348.445,REPEATEDHITSASCENDINGFILL,False,False,False,0,275657,1879382770000.0,10,BID,SHORT,0.5
GOOG,2026-06-22 14:37:25.863904+00:00,CALL,347.5,2026-06-26,125000,200,519,73,348.1,REPEATEDHITS,False,False,False,0,125000,1879382770000.0,4,BID,SHORT,0.5
GOOG,2026-06-18 17:09:28.132743+00:00,CALL,345.0,2026-07-02,226378,100,222,76,365.05,REPEATEDHITSASCENDINGFILL,True,False,False,0,226378,1879382770000.0,14,BID,SHORT,0.5
GOOG,2026-06-17 19:36:45.349029+00:00,CALL,372.5,2026-06-26,406368,1411,1732,1086,360.75,REPEATEDHITS,False,False,False,0,406368,1879382770000.0,9,BID,SHORT,0.5
GOOG,2026-06-12 13:53:24.587077+00:00,PUT,352.5,2026-06-12,122322,1102,1981,711,355.795,REPEATEDHITS,False,False,False,122322,0,1879382770000.0,0,ASK,SHORT,1.0
GOOG,2026-06-12 13:40:44.561417+00:00,CALL,365.0,2028-12-15,4688600,476,477,148,357.33,REPEATEDHITS,False,False,False,709200,9850,1879382770000.0,917,ASK,LONG,1.0
GOOG,2026-06-11 19:54:50.177242+00:00,CALL,322.5,2026-06-18,431685,130,130,0,354.89,REPEATEDHITSDESCENDINGFILL,False,False,False,222780,208905,1879382770000.0,7,ASK,LONG,1.0
GOOG,2026-06-11 14:33:12.720957+00:00,CALL,332.5,2026-06-18,121190,81,81,1,344.35,REPEATEDHITS,True,False,False,104645,16545,1879382770000.0,7,ASK,LONG,1.0
GOOG,2026-06-11 13:49:04.759644+00:00,CALL,300.0,2026-08-21,4042903,739,1267,357,346.805,REPEATEDHITSASCENDINGFILL,True,False,False,1314710,2183193,1879382770000.0,71,BID,SHORT,0.5
GOOG,2026-06-11 13:44:36.916193+00:00,CALL,300.0,2026-08-21,1949400,361,362,357,345.42,REPEATEDHITS,True,False,False,394200,1555200,1879382770000.0,71,BID,SHORT,0.5
GOOG,2026-06-09 15:35:00.881015+00:00,CALL,377.5,2026-06-18,180804,988,1112,492,357.98,REPEATEDHITS,False,False,False,0,180804,1879382770000.0,9,BID,SHORT,0.5
GOOG,2026-06-09 13:57:02.313649+00:00,CALL,372.5,2026-06-26,359450,455,466,34,367.17,REPEATEDHITS,False,False,False,359450,0,1879382770000.0,17,ASK,LONG,1.0
GOOG,2026-06-08 13:58:38.427770+00:00,PUT,375.0,2026-09-18,2177680,668,668,470,360.57,REPEATEDHITS,False,False,False,0,1528940,1879382770000.0,102,BID,LONG,0.5
GOOG,2026-06-05 19:48:58.864598+00:00,CALL,365.0,2026-07-24,131687,74,111,22,363.39,REPEATEDHITSDESCENDINGFILL,False,False,False,129917,1770,1879382770000.0,49,ASK,LONG,1.0
GOOG,2026-06-05 16:39:56.514252+00:00,CALL,380.0,2026-07-24,194550,152,155,18,367.765,REPEATEDHITSASCENDINGFILL,False,False,False,5130,189420,1879382770000.0,49,BID,SHORT,0.5
GOOG,2026-06-04 14:26:22.455780+00:00,CALL,360.0,2026-07-17,3897334,2047,2153,1268,365.27,REPEATEDHITSASCENDINGFILL,True,False,False,1207524,2631445,1879382770000.0,43,BID,SHORT,0.5
GOOG,2026-06-03 14:00:59.219728+00:00,CALL,355.0,2026-07-10,186005,99,106,25,361.35,REPEATEDHITSDESCENDINGFILL,True,False,False,169150,16855,1879382770000.0,37,ASK,LONG,1.0
GOOG,2026-06-02 19:58:44.791391+00:00,CALL,370.0,2026-06-12,284109,800,5109,301,358.365,REPEATEDHITSASCENDINGFILL,False,False,False,0,284109,1879382770000.0,10,BID,SHORT,0.5
GOOG,2026-06-02 15:17:12.685564+00:00,CALL,370.0,2026-06-12,332500,500,2551,301,366.535,REPEATEDHITS,True,False,False,0,332500,1879382770000.0,10,BID,SHORT,0.5
GOOG,2026-06-02 15:12:24.239486+00:00,CALL,370.0,2026-06-12,254520,404,2018,301,366.1,REPEATEDHITS,False,False,False,254520,0,1879382770000.0,10,ASK,LONG,1.0
GOOG,2026-06-02 14:35:08.162704+00:00,CALL,367.5,2026-06-05,105000,200,2996,162,367.59,REPEATEDHITS,True,False,False,105000,0,1879382770000.0,3,ASK,LONG,1.0
GOOG,2026-06-02 14:19:22.469678+00:00,PUT,360.0,2026-09-18,1496565,668,725,435,365.985,REPEATEDHITS,False,False,False,110005,1386560,1879382770000.0,108,BID,LONG,0.5
GOOG,2026-06-02 14:12:59.789736+00:00,CALL,367.5,2026-06-05,170598,400,1772,162,365.005,REPEATEDHITSDESCENDINGFILL,True,False,False,165008,5590,1879382770000.0,3,ASK,LONG,1.0
GOOG,2026-06-02 14:12:40.758834+00:00,CALL,365.0,2026-06-12,332330,398,999,106,365.065,REPEATEDHITS,True,False,False,332330,0,1879382770000.0,10,ASK,LONG,1.0
GOOG,2026-06-02 14:07:10.497948+00:00,CALL,365.0,2026-06-12,129000,172,413,106,363.21,REPEATEDHITS,False,False,False,0,129000,1879382770000.0,10,BID,SHORT,0.5
GOOG,2026-06-02 14:02:19.466953+00:00,CALL,360.0,2026-06-12,237875,275,806,269,360.83,REPEATEDHITS,True,False,False,0,237875,1879382770000.0,10,BID,SHORT,0.5
GOOG,2026-06-02 13:54:28.737374+00:00,CALL,395.0,2026-07-17,2918521,6146,6246,1384,358.97,REPEATEDHITSASCENDINGFILL,True,False,False,71335,2798261,1879382770000.0,45,BID,SHORT,0.5
GOOG,2026-06-02 13:43:16.653417+00:00,CALL,375.0,2026-08-21,7004255,4337,6251,755,355.17,REPEATEDHITS,False,False,False,0,7004255,1879382770000.0,80,BID,SHORT,0.5
GOOG,2026-06-01 17:29:59.057306+00:00,CALL,382.5,2026-06-12,139965,301,702,94,373.75,REPEATEDHITS,False,False,False,139965,0,1879382770000.0,11,ASK,LONG,1.0
GOOG,2026-06-01 17:15:26.269927+00:00,CALL,375.0,2026-06-12,345000,500,1295,152,372.35,REPEATEDHITS,False,False,False,345000,0,1879382770000.0,11,ASK,LONG,1.0
GOOG,2026-06-01 15:17:23.539461+00:00,PUT,367.5,2026-06-05,221640,715,979,626,371.785,REPEATEDHITS,False,False,False,221640,0,1879382770000.0,4,ASK,SHORT,1.0
GOOG,2026-05-29 15:16:38.131493+00:00,PUT,370.0,2026-06-26,377715,507,653,473,379.645,REPEATEDHITS,False,False,False,377715,0,1879382770000.0,28,ASK,SHORT,1.0
GOOG,2026-05-29 14:42:30.008454+00:00,PUT,415.0,2026-09-18,112125,23,42,14,378.16,REPEATEDHITS,False,False,False,112125,0,1879382770000.0,112,ASK,SHORT,1.0
GOOG,2026-05-28 19:40:01.422282+00:00,CALL,580.0,2027-12-17,190630,72,103,58,387.72,REPEATEDHITSASCENDINGFILL,True,False,False,190630,0,1879382770000.0,568,ASK,LONG,1.0
GOOG,2026-05-27 18:49:54.756276+00:00,PUT,377.5,2026-06-18,258440,364,450,165,386.56,REPEATEDHITS,False,False,False,241400,0,1879382770000.0,22,ASK,SHORT,1.0
GOOG,2026-05-27 15:21:21.690676+00:00,CALL,397.5,2026-06-12,170214,283,468,138,387.31,REPEATEDHITSDESCENDINGFILL,False,False,False,0,121209,1879382770000.0,16,BID,SHORT,0.5
GOOG,2026-05-26 18:42:09.285095+00:00,PUT,370.0,2026-06-05,319700,1150,1510,722,382.24,REPEATEDHITS,False,False,False,319700,0,1879382770000.0,10,ASK,SHORT,1.0
GOOG,2026-05-26 16:49:14.178744+00:00,PUT,382.5,2026-06-12,239120,244,254,0,382.17,REPEATEDHITS,True,False,False,239120,0,1879382770000.0,17,ASK,SHORT,1.0
GOOG,2026-05-26 15:20:30.736172+00:00,CALL,385.0,2026-07-17,5042710,2857,3233,2408,383.03,REPEATEDHITSDESCENDINGFILL,False,False,False,1790,5040920,1879382770000.0,52,BID,SHORT,0.5
GOOG,2026-05-26 15:08:36.947409+00:00,CALL,400.0,2026-11-20,254756,73,289,72,385.23,REPEATEDHITS,False,False,False,254756,0,1879382770000.0,178,ASK,LONG,1.0
GOOG,2026-05-22 17:38:18.275891+00:00,PUT,430.0,2026-07-17,449450,89,89,28,381.945,REPEATEDHITS,False,False,False,449450,0,1879382770000.0,56,ASK,SHORT,1.0
GOOG,2026-05-22 15:24:53.968541+00:00,CALL,392.5,2026-06-05,117928,262,342,110,383.18,REPEATEDHITSASCENDINGFILL,False,False,False,0,114328,1879382770000.0,14,BID,SHORT,0.5
GOOG,2026-05-21 19:01:22.333266+00:00,PUT,395.0,2026-08-21,3014850,995,995,125,384.84,REPEATEDHITS,False,False,False,602970,0,1879382770000.0,92,ASK,SHORT,1.0
GOOG,2026-05-21 16:16:15.393547+00:00,CALL,395.0,2026-05-29,434710,1499,3590,1477,385.38,REPEATEDHITS,False,False,False,434710,0,1879382770000.0,8,ASK,LONG,1.0
GOOGL,2026-06-24 17:36:39.146349+00:00,CALL,377.5,2026-07-17,179936,679,734,262,348.61,REPEATEDHITS,True,False,False,266,179670,2015861120000.0,23,BID,SHORT,0.5
GOOGL,2026-06-24 17:29:31.199341+00:00,PUT,347.5,2026-07-17,234134,240,277,156,349.02,REPEATEDHITSASCENDINGFILL,True,False,False,215585,18549,2015861120000.0,23,ASK,SHORT,1.0
GOOGL,2026-06-23 19:49:35.354855+00:00,CALL,350.0,2026-06-29,529440,1151,1571,625,347.62,REPEATEDHITSDESCENDINGFILL,False,False,False,528530,910,2015861120000.0,6,ASK,LONG,1.0
GOOGL,2026-06-23 19:37:02.839734+00:00,CALL,345.0,2026-06-26,809980,1350,2480,1262,347.17,REPEATEDHITSDESCENDINGFILL,False,False,False,793790,16190,2015861120000.0,3,ASK,LONG,1.0
GOOGL,2026-06-23 19:26:54.264219+00:00,PUT,345.0,2026-06-24,318582,1874,11065,1543,347.2101,REPEATEDHITSDESCENDINGFILL,False,False,False,0,318582,2015861120000.0,1,BID,LONG,0.5
GOOGL,2026-06-23 14:20:50.953364+00:00,CALL,347.5,2026-07-10,360000,360,1874,36,347.4415,REPEATEDHITS,False,False,False,0,360000,2015861120000.0,17,BID,SHORT,0.5
GOOGL,2026-06-23 14:20:50.953364+00:00,CALL,347.5,2026-07-10,140865,140,2014,36,347.33,REPEATEDHITSDESCENDINGFILL,False,False,False,140865,0,2015861120000.0,17,ASK,LONG,1.0
GOOGL,2026-06-22 19:20:45.255020+00:00,CALL,352.5,2026-07-17,128535,123,393,0,348.025,REPEATEDHITS,True,False,False,0,128535,2015861120000.0,25,BID,SHORT,0.5
GOOGL,2026-06-22 18:59:46.805702+00:00,CALL,340.0,2026-06-26,202018,200,1024,184,347.29,REPEATEDHITSDESCENDINGFILL,False,False,False,0,202018,2015861120000.0,4,BID,SHORT,0.5
GOOGL,2026-06-22 18:43:09.543419+00:00,CALL,350.0,2026-07-24,231660,162,878,99,348.56,REPEATEDHITS,False,False,False,231660,0,2015861120000.0,32,ASK,LONG,1.0
GOOGL,2026-06-22 18:39:21.082842+00:00,PUT,342.5,2026-06-26,171200,535,1899,454,348.24,REPEATEDHITS,True,False,False,0,171200,2015861120000.0,4,BID,LONG,0.5
GOOGL,2026-06-22 18:36:41.533586+00:00,CALL,347.5,2026-07-17,260000,200,789,0,348.235,REPEATEDHITS,False,False,False,0,260000,2015861120000.0,25,BID,SHORT,0.5
GOOGL,2026-06-22 18:02:12.090620+00:00,CALL,362.5,2026-06-26,161160,1343,4020,381,347.44,REPEATEDHITS,False,False,False,161160,0,2015861120000.0,4,ASK,LONG,1.0
GOOGL,2026-06-22 17:56:30.943151+00:00,CALL,360.0,2026-06-26,270270,1638,9341,993,347.59,REPEATEDHITS,True,False,False,54780,213180,2015861120000.0,4,BID,SHORT,0.5
GOOGL,2026-06-22 17:50:26.489785+00:00,CALL,370.0,2026-07-31,195030,198,2320,148,347.15,REPEATEDHITS,False,False,False,0,195030,2015861120000.0,39,BID,SHORT,0.5
GOOGL,2026-06-22 17:50:06.867719+00:00,CALL,370.0,2026-07-31,293020,299,2120,148,347.015,REPEATEDHITS,True,False,False,0,293020,2015861120000.0,39,BID,SHORT,0.5
GOOGL,2026-06-22 17:08:35.511446+00:00,CALL,345.0,2026-06-22,102880,639,26119,4,345.933,REPEATEDHITS,True,False,False,0,102718,2015861120000.0,0,BID,SHORT,0.5
GOOGL,2026-06-22 17:07:26.837165+00:00,CALL,347.5,2026-06-26,110250,210,1203,193,345.9,REPEATEDHITS,True,False,False,110250,0,2015861120000.0,4,ASK,LONG,1.0
GOOGL,2026-06-22 17:02:33.970927+00:00,CALL,342.5,2026-06-22,280503,790,7657,3,345.985,REPEATEDHITSASCENDINGFILL,False,False,False,0,280503,2015861120000.0,0,BID,SHORT,0.5
GOOGL,2026-06-22 17:01:44.910681+00:00,CALL,345.0,2026-06-22,147750,750,24049,4,346.465,REPEATEDHITS,False,False,False,0,147750,2015861120000.0,0,BID,SHORT,0.5
GOOGL,2026-06-22 16:40:36.955381+00:00,CALL,350.0,2026-06-26,188314,450,7581,420,345.76,REPEATEDHITSASCENDINGFILL,False,False,False,0,188314,2015861120000.0,4,BID,SHORT,0.5
GOOGL,2026-06-22 15:50:28.687662+00:00,CALL,342.5,2026-06-22,436330,1322,6519,3,345.06,REPEATEDHITS,False,False,False,0,436330,2015861120000.0,0,BID,SHORT,0.5
GOOGL,2026-06-22 15:38:49.388766+00:00,CALL,350.0,2026-06-24,126800,450,4580,84,346.06,REPEATEDHITS,False,False,False,126800,0,2015861120000.0,2,ASK,LONG,1.0
GOOGL,2026-06-22 15:37:27.689477+00:00,CALL,350.0,2026-07-24,138670,100,350,99,346.3036,REPEATEDHITSDESCENDINGFILL,True,False,False,138670,0,2015861120000.0,32,ASK,LONG,1.0
GOOGL,2026-06-22 15:35:05.512977+00:00,CALL,347.5,2026-06-22,110990,1009,19144,6,346.014,REPEATEDHITS,False,False,False,110880,110,2015861120000.0,0,ASK,LONG,1.0
GOOGL,2026-06-22 15:30:17.101848+00:00,PUT,332.5,2026-06-26,329435,1607,2103,1060,343.84,REPEATEDHITS,True,False,False,64780,95325,2015861120000.0,4,BID,LONG,0.5
GOOGL,2026-06-22 15:28:28.488699+00:00,PUT,335.0,2026-06-26,438250,1753,4305,1039,344.48,REPEATEDHITS,True,False,False,347500,90750,2015861120000.0,4,ASK,SHORT,1.0
GOOGL,2026-06-22 15:23:52.928330+00:00,CALL,345.0,2026-06-24,181830,418,1418,4,344.4,REPEATEDHITS,True,False,False,0,181830,2015861120000.0,2,BID,SHORT,0.5
GOOGL,2026-06-22 15:19:01.453914+00:00,CALL,345.0,2026-06-26,230000,460,858,213,341.92,REPEATEDHITS,True,False,False,0,230000,2015861120000.0,4,BID,SHORT,0.5
GOOGL,2026-06-22 15:07:16.535640+00:00,PUT,330.0,2026-06-26,182836,983,1997,678,342.86,REPEATEDHITS,False,False,False,182652,184,2015861120000.0,4,ASK,SHORT,1.0
GOOGL,2026-06-22 14:53:13.726997+00:00,CALL,347.5,2026-06-22,100896,857,4727,6,345.82,REPEATEDHITSASCENDINGFILL,True,False,False,80015,20881,2015861120000.0,0,ASK,LONG,1.0
GOOGL,2026-06-22 14:45:02.205158+00:00,CALL,710.0,2028-12-15,197340,78,177,71,347.565,REPEATEDHITS,False,False,False,111320,86020,2015861120000.0,907,ASK,LONG,1.0
GOOGL,2026-06-22 14:28:54.780052+00:00,CALL,355.0,2026-07-01,108909,210,265,5,348.94,REPEATEDHITSASCENDINGFILL,False,False,False,90054,18855,2015861120000.0,9,ASK,LONG,1.0
GOOGL,2026-06-22 13:49:20.558580+00:00,CALL,360.0,2026-07-24,890800,680,758,301,354.04,REPEATEDHITS,False,False,False,890800,0,2015861120000.0,32,ASK,LONG,1.0
GOOGL,2026-06-22 13:34:18.987752+00:00,PUT,347.5,2026-06-26,542100,1807,4091,377,354.58,REPEATEDHITS,True,False,False,542100,0,2015861120000.0,4,ASK,SHORT,1.0
GOOGL,2026-06-22 13:33:38.877854+00:00,PUT,347.5,2026-06-26,336280,1201,2089,377,354.92,REPEATEDHITS,False,False,False,334040,2240,2015861120000.0,4,ASK,SHORT,1.0
GOOGL,2026-06-22 13:33:28.844195+00:00,PUT,347.5,2026-06-26,136360,487,494,377,355.52,REPEATEDHITS,True,False,False,113400,560,2015861120000.0,4,ASK,SHORT,1.0
GOOGL,2026-06-18 18:10:35.672890+00:00,CALL,372.5,2026-07-02,164225,238,600,141,368.11,REPEATEDHITS,False,False,False,695,163530,2015861120000.0,14,BID,SHORT,0.5
GOOGL,2026-06-18 15:51:25.418545+00:00,PUT,360.0,2026-07-31,117600,80,144,65,365.9,REPEATEDHITS,False,False,False,0,117600,2015861120000.0,43,BID,LONG,0.5
GOOGL,2026-06-18 13:58:55.258014+00:00,CALL,375.0,2026-06-26,360000,2000,2331,1576,360.0,REPEATEDHITS,False,False,False,360000,0,2015861120000.0,8,ASK,LONG,1.0
GOOGL,2026-06-17 18:24:14.646331+00:00,CALL,370.0,2026-06-22,156672,576,2051,513,365.41,REPEATEDHITS,False,False,False,156672,0,2015861120000.0,5,ASK,LONG,1.0
GOOGL,2026-06-17 17:55:51.500923+00:00,PUT,357.5,2026-06-26,171660,515,1213,224,366.04,REPEATEDHITS,False,False,False,5865,165795,2015861120000.0,9,BID,LONG,0.5
GOOGL,2026-06-17 17:49:43.459328+00:00,PUT,357.5,2026-06-26,152165,417,663,224,365.13,REPEATEDHITSASCENDINGFILL,False,False,False,152165,0,2015861120000.0,9,ASK,SHORT,1.0
GOOGL,2026-06-16 18:24:43.251791+00:00,CALL,372.5,2026-06-17,501576,1856,23140,701,372.55,REPEATEDHITSDESCENDINGFILL,True,False,False,25026,476550,2015861120000.0,1,BID,SHORT,0.5
GOOGL,2026-06-16 16:50:03.786190+00:00,CALL,372.5,2026-06-17,275259,1317,16888,701,371.055,REPEATEDHITSDESCENDINGFILL,False,False,False,215,273372,2015861120000.0,1,BID,SHORT,0.5
GOOGL,2026-06-16 14:28:05.974830+00:00,CALL,372.5,2026-06-17,510748,1972,6855,701,371.365,REPEATEDHITS,True,False,False,0,510748,2015861120000.0,1,BID,SHORT,0.5
GOOGL,2026-06-16 13:48:16.614690+00:00,PUT,367.5,2026-06-17,522919,1743,2258,200,367.68,REPEATEDHITSASCENDINGFILL,False,False,False,0,522919,2015861120000.0,1,BID,LONG,0.5
GOOGL,2026-06-15 18:24:10.567923+00:00,CALL,340.0,2026-07-31,119350,30,56,0,371.6,REPEATEDHITSASCENDINGFILL,True,False,False,119350,0,2015861120000.0,46,ASK,LONG,1.0
GOOGL,2026-06-15 17:13:15.204987+00:00,PUT,345.0,2027-09-17,106400,27,28,9,371.32,REPEATEDHITS,False,False,False,67150,39250,2015861120000.0,459,ASK,SHORT,1.0
GOOGL,2026-06-15 14:58:07.283259+00:00,PUT,315.0,2026-07-31,148718,685,695,11,369.865,REPEATEDHITSASCENDINGFILL,False,False,False,77283,70835,2015861120000.0,46,ASK,SHORT,1.0
HOOD,2026-06-24 17:53:30.257581+00:00,PUT,94.0,2026-07-17,133215,249,300,55,96.8672,REPEATEDHITS,True,False,False,3210,130005,81689820069.0,23,BID,LONG,0.5
HOOD,2026-06-24 17:43:41.351024+00:00,PUT,86.0,2026-07-24,169650,522,552,57,96.83,REPEATEDHITS,False,False,False,149825,0,81689820069.0,30,ASK,SHORT,1.0
HOOD,2026-06-24 15:58:56.882069+00:00,CALL,101.0,2026-06-26,193930,946,2393,687,99.8,REPEATEDHITS,False,False,False,0,193930,81689820069.0,2,BID,SHORT,0.5
HOOD,2026-06-24 15:32:55.676123+00:00,CALL,111.0,2026-07-10,185850,826,838,228,100.22,REPEATEDHITS,False,False,False,0,185850,81689820069.0,16,BID,SHORT,0.5
HOOD,2026-06-24 15:09:24.214628+00:00,PUT,100.0,2026-10-16,546840,372,378,356,100.21,REPEATEDHITS,False,False,False,546840,0,81689820069.0,114,ASK,SHORT,1.0
HOOD,2026-06-24 13:59:01.393480+00:00,CALL,93.0,2026-07-02,170200,230,238,145,98.2,REPEATEDHITS,False,False,False,0,170200,81689820069.0,8,BID,SHORT,0.5
HOOD,2026-06-23 19:47:24.930396+00:00,CALL,125.0,2026-07-10,72560,907,956,685,102.605,REPEATEDHITS,False,False,False,0,72560,81689820069.0,17,BID,SHORT,0.5
HOOD,2026-06-22 19:02:59.081237+00:00,PUT,115.0,2026-10-16,564900,269,269,103,105.625,REPEATEDHITS,False,False,False,0,564900,81689820069.0,116,BID,LONG,0.5
HOOD,2026-06-22 18:01:15.029554+00:00,PUT,95.0,2026-07-02,57215,501,3898,297,107.08,REPEATEDHITSASCENDINGFILL,False,False,False,0,57215,81689820069.0,10,BID,LONG,0.5
HOOD,2026-06-22 16:26:51.421236+00:00,PUT,95.0,2026-07-02,60636,506,2047,297,107.065,REPEATEDHITSDESCENDINGFILL,True,False,False,60636,0,81689820069.0,10,ASK,SHORT,1.0
HOOD,2026-06-22 16:00:33.040332+00:00,PUT,105.0,2026-07-10,97000,200,376,136,108.84,REPEATEDHITS,False,False,False,97000,0,81689820069.0,18,ASK,SHORT,1.0
HOOD,2026-06-22 15:59:03.333360+00:00,PUT,105.0,2026-07-10,74250,150,176,136,108.6101,REPEATEDHITS,False,False,False,74250,0,81689820069.0,18,ASK,SHORT,1.0
HOOD,2026-06-22 14:52:47.086537+00:00,PUT,95.0,2026-07-02,58000,500,797,297,107.23,REPEATEDHITS,False,False,False,58000,0,81689820069.0,10,ASK,SHORT,1.0
HOOD,2026-06-22 14:40:47.777766+00:00,PUT,115.0,2026-06-26,60000,75,100,38,108.3899,REPEATEDHITS,False,False,False,15200,44800,81689820069.0,4,BID,LONG,0.5
HOOD,2026-06-22 14:11:57.782916+00:00,PUT,125.0,2026-08-21,1290173,610,621,78,110.89,REPEATEDHITSASCENDINGFILL,False,False,False,0,1290173,81689820069.0,60,BID,LONG,0.5
HOOD,2026-06-18 15:33:36.269937+00:00,PUT,90.0,2026-07-24,205000,820,2310,144,107.25,REPEATEDHITS,False,False,False,205000,0,81689820069.0,36,ASK,SHORT,1.0
HOOD,2026-06-17 17:59:11.523761+00:00,PUT,108.0,2026-06-18,70680,372,8137,37,108.62,REPEATEDHITS,True,False,False,0,70680,81689820069.0,1,BID,LONG,0.5
HOOD,2026-06-17 17:22:21.008941+00:00,PUT,109.0,2026-06-18,105982,451,2412,8,108.84,REPEATEDHITS,True,False,False,0,105982,81689820069.0,1,BID,LONG,0.5
HOOD,2026-06-17 17:20:13.888196+00:00,CALL,135.0,2026-06-26,50762,1493,1884,81,108.73,REPEATEDHITS,False,False,False,0,50762,81689820069.0,9,BID,SHORT,0.5
HOOD,2026-06-17 16:24:43.803345+00:00,CALL,112.0,2026-06-18,52650,450,3096,12,108.565,REPEATEDHITS,True,False,False,21294,31356,81689820069.0,1,BID,SHORT,0.5
HOOD,2026-06-17 16:23:06.088839+00:00,CALL,106.0,2026-06-18,679616,1915,12905,1623,108.2,REPEATEDHITSASCENDINGFILL,False,False,False,679276,340,81689820069.0,1,ASK,LONG,1.0
HOOD,2026-06-17 16:22:45.665198+00:00,CALL,112.0,2026-06-18,54090,601,2618,12,107.93,REPEATEDHITS,True,False,False,54090,0,81689820069.0,1,ASK,LONG,1.0
HOOD,2026-06-17 15:05:29.082291+00:00,PUT,106.0,2026-06-18,712714,2492,3075,9,104.995,REPEATEDHITS,False,False,False,574,712140,81689820069.0,1,BID,LONG,0.5
HOOD,2026-06-17 14:05:51.005721+00:00,CALL,109.0,2026-06-26,63882,428,476,171,100.49,REPEATEDHITSASCENDINGFILL,False,False,False,63882,0,81689820069.0,9,ASK,LONG,1.0
HOOD,2026-06-16 19:04:17.595033+00:00,CALL,103.0,2026-07-02,129724,452,532,90,96.31,REPEATEDHITS,False,False,False,129724,0,81689820069.0,16,ASK,LONG,1.0
HOOD,2026-06-16 17:04:24.802006+00:00,CALL,145.0,2027-04-16,165765,137,137,31,97.075,REPEATEDHITS,False,False,False,164555,1210,81689820069.0,304,ASK,LONG,1.0
HOOD,2026-06-16 14:39:01.476833+00:00,PUT,97.0,2026-06-18,118000,500,2047,326,96.99,REPEATEDHITS,False,False,False,0,118000,81689820069.0,2,BID,LONG,0.5
HOOD,2026-06-16 14:21:52.571923+00:00,PUT,97.0,2026-06-18,117500,500,1146,326,97.25,REPEATEDHITS,False,False,False,117500,0,81689820069.0,2,ASK,SHORT,1.0
HOOD,2026-06-15 19:04:19.347642+00:00,PUT,98.0,2026-07-10,82200,137,143,1,98.89,REPEATEDHITS,False,False,False,0,82200,81689820069.0,25,BID,LONG,0.5
HOOD,2026-06-15 18:37:00.650015+00:00,PUT,82.0,2026-06-26,50148,1393,1467,172,99.36,REPEATEDHITS,False,False,False,0,50148,81689820069.0,11,BID,LONG,0.5
HOOD,2026-06-15 18:17:49.617454+00:00,PUT,77.0,2026-07-02,53618,1411,1476,307,99.41,REPEATEDHITS,False,False,False,0,53618,81689820069.0,17,BID,LONG,0.5
HOOD,2026-06-15 15:49:18.728095+00:00,PUT,101.0,2026-07-10,200820,277,277,10,100.57,REPEATEDHITSASCENDINGFILL,False,False,False,0,200820,81689820069.0,25,BID,LONG,0.5
HOOD,2026-06-12 19:40:50.000478+00:00,PUT,89.0,2026-07-31,65315,91,92,0,93.3,REPEATEDHITSASCENDINGFILL,False,False,False,38160,27155,81689820069.0,49,ASK,SHORT,1.0
HOOD,2026-06-12 19:40:33.782324+00:00,PUT,85.0,2026-07-31,135110,245,276,5,93.3799,REPEATEDHITSDESCENDINGFILL,False,False,False,76395,58715,81689820069.0,49,ASK,SHORT,1.0
HOOD,2026-06-12 19:40:33.782324+00:00,PUT,85.0,2026-07-31,80020,146,422,5,93.36,REPEATEDHITSDESCENDINGFILL,False,False,False,42960,37060,81689820069.0,49,ASK,SHORT,1.0
HOOD,2026-06-12 17:48:17.074214+00:00,PUT,93.0,2026-06-12,71981,791,10917,171,92.44,REPEATEDHITS,False,False,False,71071,0,81689820069.0,0,ASK,SHORT,1.0
HOOD,2026-06-12 16:04:31.709778+00:00,PUT,93.0,2026-06-18,197943,535,951,101,92.87,REPEATEDHITSDESCENDINGFILL,True,False,False,197943,0,81689820069.0,6,ASK,SHORT,1.0
HOOD,2026-06-12 15:18:52.103527+00:00,CALL,98.0,2026-06-12,53757,1991,4503,1918,94.9,REPEATEDHITS,True,False,False,53757,0,81689820069.0,0,ASK,LONG,1.0
HOOD,2026-06-12 14:41:59.085185+00:00,PUT,94.0,2026-06-12,135865,918,1076,149,93.42,REPEATEDHITS,False,False,False,149,135716,81689820069.0,0,BID,LONG,0.5
HOOD,2026-06-12 13:40:48.771037+00:00,PUT,89.0,2026-06-12,279840,5280,5567,1409,91.26,REPEATEDHITS,False,False,False,0,279840,81689820069.0,0,BID,LONG,0.5
HOOD,2026-06-11 19:16:57.888415+00:00,CALL,104.0,2026-07-02,146028,516,517,29,92.97,REPEATEDHITS,False,False,False,146028,0,81689820069.0,21,ASK,LONG,1.0
HOOD,2026-06-11 19:16:11.608837+00:00,CALL,97.0,2026-06-18,78239,326,811,109,92.75,REPEATEDHITS,False,False,False,78000,239,81689820069.0,7,ASK,LONG,1.0
HOOD,2026-06-11 19:16:11.608837+00:00,CALL,99.0,2026-06-18,51800,280,4152,149,92.77,REPEATEDHITS,False,False,False,41625,10175,81689820069.0,7,ASK,LONG,1.0
HOOD,2026-06-11 17:47:51.950444+00:00,PUT,91.0,2026-06-12,143130,734,1019,304,90.99,REPEATEDHITS,False,False,False,143130,0,81689820069.0,1,ASK,SHORT,1.0
HOOD,2026-06-10 18:06:43.967712+00:00,PUT,81.0,2026-06-18,158270,1308,1554,294,89.48,REPEATEDHITSASCENDINGFILL,True,False,False,122,158148,81689820069.0,8,BID,LONG,0.5
HOOD,2026-06-10 15:07:10.983648+00:00,CALL,110.0,2026-06-26,56576,832,1924,788,88.205,REPEATEDHITS,False,False,False,68,55896,81689820069.0,16,BID,SHORT,0.5
HOOD,2026-06-10 13:33:59.425910+00:00,CALL,92.0,2026-06-18,150379,703,1363,201,86.6,REPEATEDHITSDESCENDINGFILL,True,False,False,34043,116119,81689820069.0,8,BID,SHORT,0.5
HOOD,2026-06-10 13:32:34.846500+00:00,CALL,92.0,2026-06-18,107709,483,618,201,87.03,REPEATEDHITS,False,False,False,107709,0,81689820069.0,8,ASK,LONG,1.0
HOOD,2026-06-09 16:30:33.150153+00:00,CALL,115.0,2026-09-18,673798,1925,2006,1917,80.12,REPEATEDHITS,False,False,False,0,673798,81689820069.0,101,BID,SHORT,0.5
HOOD,2026-06-08 19:59:33.760415+00:00,CALL,86.0,2026-07-10,131438,200,248,84,85.145,REPEATEDHITSASCENDINGFILL,False,False,False,131438,0,81689820069.0,32,ASK,LONG,1.0
HRL,2026-06-03 14:43:53.707952+00:00,PUT,23.0,2026-07-17,21905,337,341,139,23.485,REPEATEDHITS,True,False,False,16640,4290,13603785786.0,44,ASK,SHORT,1.0
HRL,2026-05-28 18:50:09.517655+00:00,CALL,25.0,2026-06-26,10002,400,804,1,23.79,REPEATEDHITSDESCENDINGFILL,False,False,False,0,10002,13603785786.0,29,BID,SHORT,0.5
HRL,2026-05-28 18:44:10.229905+00:00,CALL,25.0,2026-06-26,17989,400,404,1,23.83,REPEATEDHITSASCENDINGFILL,False,False,False,17989,0,13603785786.0,29,ASK,LONG,1.0
HRL,2026-05-19 16:05:30.641090+00:00,CALL,20.0,2026-07-17,53610,397,397,225,20.43,REPEATEDHITSASCENDINGFILL,False,False,False,0,53610,13603785786.0,59,BID,SHORT,0.5
HRL,2026-05-18 18:46:03.375586+00:00,CALL,20.0,2026-05-29,149918,1666,1674,229,20.32,REPEATEDHITSDESCENDINGFILL,False,False,False,149918,0,13603785786.0,11,ASK,LONG,1.0
HRL,2026-05-18 18:45:55.365690+00:00,CALL,20.5,2026-05-29,293410,4514,4523,145,20.285,LOWHISTORICVOLUMEFLOOR,False,True,False,293410,0,13603785786.0,11,ASK,LONG,1.0
HUT,2026-06-24 18:36:34.743348+00:00,PUT,105.0,2026-07-10,54525,102,103,30,114.37,REPEATEDHITSDESCENDINGFILL,False,False,False,52950,1575,13568716437.0,16,ASK,SHORT,1.0
HUT,2026-06-24 18:35:55.091142+00:00,PUT,119.0,2026-07-02,61759,64,82,5,114.64,REPEATEDHITS,True,False,False,61759,0,13568716437.0,8,ASK,SHORT,1.0
HUT,2026-06-24 17:56:19.261483+00:00,CALL,113.0,2026-07-02,23075,30,30,4,113.98,REPEATEDHITS,False,False,False,19995,3080,13568716437.0,8,ASK,LONG,1.0
HUT,2026-06-24 17:36:01.684411+00:00,CALL,195.0,2026-09-18,208832,360,360,12,113.925,REPEATEDHITSASCENDINGFILL,False,False,False,600,208232,13568716437.0,86,BID,SHORT,0.5
HUT,2026-06-24 14:54:09.289080+00:00,PUT,114.0,2026-07-17,101455,103,112,3,117.5,REPEATEDHITS,False,False,False,0,101455,13568716437.0,23,BID,LONG,0.5
HUT,2026-06-23 19:45:06.511580+00:00,PUT,112.0,2026-06-26,12312,57,62,43,119.62,REPEATEDHITS,False,False,False,12312,0,13568716437.0,3,ASK,SHORT,1.0
HUT,2026-06-23 18:43:21.921068+00:00,CALL,155.0,2026-07-24,56855,137,183,1,119.54,REPEATEDHITS,False,False,False,0,56855,13568716437.0,31,BID,SHORT,0.5
HUT,2026-06-23 18:12:07.115062+00:00,CALL,155.0,2026-07-24,11250,25,46,1,121.22,REPEATEDHITS,False,False,False,8100,900,13568716437.0,31,ASK,LONG,1.0
HUT,2026-06-23 16:45:41.054315+00:00,CALL,124.0,2026-07-17,259198,209,260,3,122.84,REPEATEDHITSASCENDINGFILL,True,False,False,0,259198,13568716437.0,24,BID,SHORT,0.5
HUT,2026-06-23 14:29:47.788669+00:00,PUT,113.0,2026-07-10,316793,480,480,5,122.92,REPEATEDHITSDESCENDINGFILL,False,False,False,316793,0,13568716437.0,17,ASK,SHORT,1.0
HUT,2026-06-23 14:14:59.623839+00:00,CALL,112.0,2026-06-26,65005,50,152,11,123.0,REPEATEDHITS,True,False,False,9100,55905,13568716437.0,3,BID,SHORT,0.5
HUT,2026-06-22 17:10:24.010912+00:00,PUT,100.0,2026-08-21,16015,15,28,0,119.21,REPEATEDHITSDESCENDINGFILL,False,False,False,4280,11735,13568716437.0,60,BID,LONG,0.5
HUT,2026-06-22 16:04:17.153386+00:00,PUT,93.0,2026-07-02,10080,144,146,6,121.7001,REPEATEDHITS,False,False,False,10080,0,13568716437.0,10,ASK,SHORT,1.0
HUT,2026-06-18 18:31:36.605010+00:00,PUT,109.0,2026-07-02,29094,99,99,4,126.39,REPEATEDHITSDESCENDINGFILL,False,False,False,28811,283,13568716437.0,14,ASK,SHORT,1.0
HUT,2026-06-18 17:49:15.489741+00:00,CALL,135.0,2026-09-18,1192500,500,3773,476,126.005,REPEATEDHITS,False,False,False,1192500,0,13568716437.0,92,ASK,LONG,1.0
HUT,2026-06-18 17:31:31.936191+00:00,PUT,105.0,2026-07-17,262562,505,714,213,125.415,REPEATEDHITS,False,False,False,259442,3120,13568716437.0,29,ASK,SHORT,1.0
HUT,2026-06-18 17:19:52.235816+00:00,PUT,80.0,2026-07-24,11817,101,101,8,125.99,REPEATEDHITS,True,False,False,11817,0,13568716437.0,36,ASK,SHORT,1.0
HUT,2026-06-18 16:55:33.544147+00:00,CALL,130.0,2026-07-31,62435,39,40,1,125.52,REPEATEDHITSASCENDINGFILL,True,False,False,24065,23925,13568716437.0,43,ASK,LONG,1.0
HUT,2026-06-18 16:53:20.741667+00:00,CALL,135.0,2026-09-18,6065000,2532,3074,476,125.7325,SWEEPSFOLLOWEDBYFLOOR,True,True,False,5818520,16590,13568716437.0,92,ASK,LONG,1.0
HUT,2026-06-18 16:52:47.078655+00:00,CALL,135.0,2026-09-18,1119575,487,510,476,124.6,REPEATEDHITSDESCENDINGFILL,True,False,False,683000,45575,13568716437.0,92,ASK,LONG,1.0
HUT,2026-06-18 15:57:32.879436+00:00,PUT,100.0,2026-07-02,79703,486,723,15,123.24,REPEATEDHITS,False,False,False,79540,0,13568716437.0,14,ASK,SHORT,1.0
HUT,2026-06-18 15:05:03.443207+00:00,PUT,100.0,2026-07-02,31029,214,225,15,123.27,REPEATEDHITS,False,False,False,30885,0,13568716437.0,14,ASK,SHORT,1.0
HUT,2026-06-15 15:27:55.690604+00:00,PUT,130.0,2026-09-18,306535,101,101,14,120.8,REPEATEDHITS,False,False,False,0,306535,13568716437.0,95,BID,LONG,0.5
HUT,2026-06-15 15:01:04.735729+00:00,PUT,128.0,2026-07-24,20150,10,10,0,120.14,REPEATEDHITS,False,False,False,10075,0,13568716437.0,39,ASK,SHORT,1.0
HUT,2026-06-15 15:00:57.920938+00:00,PUT,130.0,2026-07-24,21400,10,10,0,120.14,REPEATEDHITS,False,False,False,10700,0,13568716437.0,39,ASK,SHORT,1.0
HUT,2026-06-15 15:00:22.673417+00:00,PUT,125.0,2026-07-24,18350,10,10,0,119.795,REPEATEDHITS,True,False,False,1835,16515,13568716437.0,39,BID,LONG,0.5
HUT,2026-06-15 14:56:27.345202+00:00,CALL,129.0,2026-07-02,32433,46,46,16,119.97,REPEATEDHITS,False,False,False,0,32433,13568716437.0,17,BID,SHORT,0.5
HUT,2026-06-15 14:56:27.345202+00:00,CALL,130.0,2026-07-02,21600,32,32,18,119.97,REPEATEDHITS,False,False,False,0,21600,13568716437.0,17,BID,SHORT,0.5
HUT,2026-06-15 14:56:27.345202+00:00,CALL,133.0,2026-06-26,10530,27,30,3,119.97,REPEATEDHITS,False,False,False,0,10530,13568716437.0,11,BID,SHORT,0.5
HUT,2026-06-15 14:32:29.284670+00:00,CALL,134.0,2026-06-26,67364,148,148,6,121.68,REPEATEDHITSASCENDINGFILL,True,False,False,910,66454,13568716437.0,11,BID,SHORT,0.5
HUT,2026-06-15 14:00:12.622388+00:00,CALL,132.0,2026-06-26,10480,19,19,3,122.33,REPEATEDHITS,True,False,False,0,10480,13568716437.0,11,BID,SHORT,0.5
HUT,2026-06-12 15:41:18.920660+00:00,CALL,124.0,2026-06-12,26465,395,1479,54,120.885,REPEATEDHITS,False,False,False,0,26465,13568716437.0,0,BID,SHORT,0.5
HUT,2026-06-12 15:21:55.072769+00:00,CALL,118.0,2026-06-26,23940,19,19,8,122.625,REPEATEDHITSASCENDINGFILL,True,False,False,6325,17615,13568716437.0,14,BID,SHORT,0.5
HUT,2026-06-12 14:38:15.292874+00:00,CALL,124.0,2026-06-12,27300,273,651,54,121.28,REPEATEDHITS,True,False,False,27300,0,13568716437.0,0,ASK,LONG,1.0
HUT,2026-06-12 14:37:52.059503+00:00,CALL,124.0,2026-06-12,10450,95,310,54,121.86,REPEATEDHITS,False,False,False,10450,0,13568716437.0,0,ASK,LONG,1.0
HUT,2026-06-12 14:24:01.596000+00:00,CALL,132.0,2026-07-02,399200,499,499,0,120.74,REPEATEDHITS,True,False,False,0,120000,13568716437.0,20,BID,SHORT,0.5
HUT,2026-06-12 14:21:52.905304+00:00,PUT,75.0,2026-07-24,12160,80,750,4,120.395,REPEATEDHITS,False,False,False,0,12160,13568716437.0,42,BID,LONG,0.5
HUT,2026-06-12 14:21:52.905304+00:00,PUT,75.0,2026-07-24,19000,125,875,4,120.395,REPEATEDHITS,False,False,False,0,19000,13568716437.0,42,BID,LONG,0.5
HUT,2026-06-12 14:19:47.189700+00:00,PUT,75.0,2026-07-24,13923,91,329,4,121.06,REPEATEDHITS,False,False,False,13923,0,13568716437.0,42,ASK,SHORT,1.0
HUT,2026-06-12 14:19:41.978638+00:00,PUT,75.0,2026-07-24,14535,95,188,4,121.1,REPEATEDHITS,True,False,False,14535,0,13568716437.0,42,ASK,SHORT,1.0
HUT,2026-06-11 17:00:14.347094+00:00,PUT,89.0,2026-07-02,39054,138,144,4,110.925,REPEATEDHITS,False,False,False,39054,0,13568716437.0,21,ASK,SHORT,1.0
HUT,2026-06-11 16:34:24.219786+00:00,PUT,110.0,2026-06-26,38215,45,62,32,111.74,REPEATEDHITSASCENDINGFILL,True,False,False,14530,23685,13568716437.0,15,BID,LONG,0.5
HUT,2026-06-11 16:34:24.219786+00:00,PUT,112.0,2026-06-26,22865,24,24,0,111.74,REPEATEDHITSASCENDINGFILL,True,False,False,11465,11400,13568716437.0,15,ASK,SHORT,1.0
HUT,2026-06-11 13:47:51.238454+00:00,CALL,111.0,2026-07-02,232869,207,218,1,111.0,REPEATEDHITS,False,False,False,174369,58500,13568716437.0,21,ASK,LONG,1.0
HUT,2026-06-10 16:11:21.186335+00:00,CALL,109.0,2026-07-02,42025,41,45,1,107.63,REPEATEDHITS,False,False,False,0,37925,13568716437.0,22,BID,SHORT,0.5
HUT,2026-06-10 13:44:01.165847+00:00,PUT,107.0,2026-06-18,69453,162,162,14,114.7699,REPEATEDHITSASCENDINGFILL,False,False,False,63640,5813,13568716437.0,8,ASK,SHORT,1.0
HUT,2026-06-10 13:44:01.165847+00:00,PUT,107.0,2026-06-12,66523,350,350,112,114.7699,REPEATEDHITS,False,False,False,46031,20492,13568716437.0,2,ASK,SHORT,1.0
HUT,2026-06-09 16:51:35.475629+00:00,PUT,90.0,2026-06-12,11655,243,298,165,108.47,REPEATEDHITSDESCENDINGFILL,False,False,False,11615,40,13568716437.0,3,ASK,SHORT,1.0
HUT,2026-06-09 15:41:11.858142+00:00,PUT,104.0,2026-06-12,20844,108,125,83,112.42,REPEATEDHITS,False,False,False,20844,0,13568716437.0,3,ASK,SHORT,1.0
HUT,2026-06-09 15:40:59.635756+00:00,PUT,99.0,2026-06-18,30464,128,130,65,112.745,REPEATEDHITS,False,False,False,30464,0,13568716437.0,9,ASK,SHORT,1.0
IBKR,2026-06-24 17:18:43.016810+00:00,PUT,91.0,2026-06-26,16700,334,337,45,93.56,REPEATEDHITS,False,False,False,16700,0,42187369271.0,2,ASK,SHORT,1.0
IBKR,2026-06-24 17:07:25.057351+00:00,PUT,97.0,2026-07-02,18060,43,43,0,93.87,REPEATEDHITS,True,False,False,18060,0,42187369271.0,8,ASK,SHORT,1.0
IBKR,2026-06-24 15:26:27.341122+00:00,PUT,95.0,2026-09-18,95250,127,163,78,94.695,REPEATEDHITS,False,False,False,0,95250,42187369271.0,86,BID,LONG,0.5
IBKR,2026-06-24 14:16:16.209309+00:00,PUT,100.0,2026-08-21,40800,40,40,8,93.07,REPEATEDHITS,True,False,False,40800,0,42187369271.0,58,ASK,SHORT,1.0
IBKR,2026-06-23 15:38:28.303082+00:00,CALL,100.0,2026-06-26,12000,300,312,97,95.61,REPEATEDHITS,False,False,False,200,80,42187369271.0,3,ASK,LONG,1.0
IBKR,2026-06-23 15:18:52.267524+00:00,CALL,100.0,2026-07-02,76959,855,861,49,95.35,REPEATEDHITS,False,False,False,0,76959,42187369271.0,9,BID,SHORT,0.5
IBKR,2026-06-23 14:31:56.776185+00:00,PUT,88.0,2026-07-17,10650,71,180,1,95.58,REPEATEDHITS,False,False,False,10650,0,42187369271.0,24,ASK,SHORT,1.0
IBKR,2026-06-23 14:31:02.887633+00:00,PUT,88.0,2026-07-17,14850,99,101,1,95.735,REPEATEDHITS,False,False,False,14850,0,42187369271.0,24,ASK,SHORT,1.0
IBKR,2026-06-22 16:13:37.404100+00:00,CALL,97.0,2026-06-26,72530,372,404,48,97.06,REPEATEDHITS,False,False,False,72530,0,42187369271.0,4,ASK,LONG,1.0
IBKR,2026-06-22 13:57:19.752826+00:00,PUT,90.0,2026-08-21,78211,237,242,20,97.6,REPEATEDHITS,False,False,False,0,78211,42187369271.0,60,BID,LONG,0.5
IBKR,2026-06-18 18:11:19.529215+00:00,PUT,95.0,2026-06-26,46375,265,325,26,95.71,REPEATEDHITS,False,False,False,46375,0,42187369271.0,8,ASK,SHORT,1.0
IBKR,2026-06-17 19:37:23.478626+00:00,PUT,100.0,2026-09-18,39000,39,102,7,95.51,REPEATEDHITS,False,False,False,0,39000,42187369271.0,93,BID,LONG,0.5
IBKR,2026-06-17 18:25:22.944308+00:00,PUT,94.0,2026-06-26,16113,104,106,12,95.74,REPEATEDHITS,False,False,False,16113,0,42187369271.0,9,ASK,SHORT,1.0
IBKR,2026-06-17 16:49:40.788758+00:00,PUT,105.0,2026-09-18,35840,28,28,0,95.91,REPEATEDHITS,False,False,False,0,35840,42187369271.0,93,BID,LONG,0.5
IBKR,2026-06-17 16:14:12.094741+00:00,PUT,100.0,2026-09-18,25220,26,40,7,95.79,REPEATEDHITS,False,False,False,0,25220,42187369271.0,93,BID,LONG,0.5
IBKR,2026-06-17 15:00:41.096418+00:00,CALL,105.0,2026-09-18,167690,390,390,267,94.8,REPEATEDHITS,False,False,False,167690,0,42187369271.0,93,ASK,LONG,1.0
IBKR,2026-06-15 19:32:52.710325+00:00,PUT,93.0,2026-06-26,47515,221,244,12,93.62,REPEATEDHITS,False,False,False,47515,0,42187369271.0,11,ASK,SHORT,1.0
IBKR,2026-06-15 16:07:10.146174+00:00,CALL,110.0,2026-09-18,49270,176,349,141,93.23,REPEATEDHITS,False,False,False,49270,0,42187369271.0,95,ASK,LONG,1.0
IBKR,2026-06-15 15:10:11.388507+00:00,PUT,94.0,2026-07-02,16430,53,53,0,93.713,REPEATEDHITS,True,False,False,0,16430,42187369271.0,17,BID,LONG,0.5
IBKR,2026-06-09 16:06:39.522463+00:00,CALL,115.0,2026-09-18,162310,1623,1624,9,84.0,REPEATEDHITS,False,False,False,0,162310,42187369271.0,101,BID,SHORT,0.5
IBKR,2026-06-08 18:04:22.236268+00:00,CALL,87.0,2026-06-18,68693,229,360,180,87.39,REPEATEDHITSDESCENDINGFILL,False,False,False,68398,295,42187369271.0,10,ASK,LONG,1.0
IBKR,2026-06-08 17:18:56.426752+00:00,PUT,55.0,2026-09-18,31283,569,569,285,86.73,REPEATEDHITS,False,False,False,31283,0,42187369271.0,102,ASK,SHORT,1.0
IBKR,2026-06-08 16:27:55.407130+00:00,CALL,88.0,2026-06-18,15365,58,1596,35,87.73,REPEATEDHITS,False,False,False,15365,0,42187369271.0,10,ASK,LONG,1.0
IBKR,2026-06-08 16:22:37.489465+00:00,CALL,88.0,2026-06-18,111164,436,1536,35,87.51,REPEATEDHITS,False,False,False,105299,5355,42187369271.0,10,ASK,LONG,1.0
IBKR,2026-06-08 14:06:27.885044+00:00,CALL,88.0,2026-06-18,110000,500,543,35,86.92,REPEATEDHITS,False,False,False,110000,0,42187369271.0,10,ASK,LONG,1.0
IBKR,2026-06-05 14:01:50.867388+00:00,PUT,78.0,2026-06-26,22025,200,203,12,84.54,REPEATEDHITS,True,False,False,2420,18505,42187369271.0,21,BID,LONG,0.5
IBKR,2026-06-04 19:22:54.938137+00:00,CALL,130.0,2028-01-21,10740,12,13,1,87.08,REPEATEDHITS,False,False,False,10740,0,42187369271.0,596,ASK,LONG,1.0
IBKR,2026-06-04 16:24:36.475347+00:00,PUT,87.0,2026-06-12,83400,278,279,7,85.595,REPEATEDHITS,False,False,False,0,83400,42187369271.0,8,BID,LONG,0.5
IBKR,2026-06-04 13:54:39.428718+00:00,PUT,95.0,2026-06-05,21599,18,23,2,83.16,REPEATEDHITS,False,False,False,21599,0,42187369271.0,1,ASK,SHORT,1.0
IBKR,2026-06-03 16:23:37.553695+00:00,CALL,94.0,2026-06-18,49322,519,520,107,87.26,REPEATEDHITSASCENDINGFILL,False,False,False,0,44857,42187369271.0,15,BID,SHORT,0.5
IBKR,2026-06-03 13:50:39.268333+00:00,PUT,70.0,2026-09-18,106020,589,636,546,88.195,REPEATEDHITS,False,False,False,0,106020,42187369271.0,107,BID,LONG,0.5
IBKR,2026-06-02 18:00:30.870462+00:00,PUT,85.0,2026-07-17,43844,137,155,93,89.77,REPEATEDHITS,True,False,False,0,43844,42187369271.0,45,BID,LONG,0.5
IBKR,2026-06-01 14:50:43.646052+00:00,PUT,80.0,2026-06-12,21509,331,332,41,86.975,REPEATEDHITSDESCENDINGFILL,False,False,False,6169,14885,42187369271.0,11,BID,LONG,0.5
IBKR,2026-05-29 17:10:25.249858+00:00,CALL,93.0,2026-06-18,18400,184,362,51,85.72,REPEATEDHITS,False,False,False,18400,0,42187369271.0,20,ASK,LONG,1.0
IBKR,2026-05-28 16:01:50.037182+00:00,CALL,120.0,2026-12-18,17840,102,102,15,80.885,REPEATEDHITS,False,False,False,17840,0,42187369271.0,204,ASK,LONG,1.0
IBKR,2026-05-28 15:55:27.708379+00:00,PUT,75.0,2026-06-18,86349,785,3480,594,80.8,REPEATEDHITS,False,False,False,86349,0,42187369271.0,21,ASK,SHORT,1.0
IBKR,2026-05-27 16:32:25.457707+00:00,PUT,75.0,2026-06-05,30305,551,564,33,80.22,REPEATEDHITS,False,False,False,0,30305,42187369271.0,9,BID,LONG,0.5
IBKR,2026-05-27 14:03:29.371756+00:00,PUT,80.0,2026-05-29,27339,365,380,201,81.25,REPEATEDHITS,False,False,False,27339,0,42187369271.0,2,ASK,SHORT,1.0
IBKR,2026-05-27 13:53:06.981819+00:00,CALL,89.0,2026-06-05,14295,571,573,132,81.265,REPEATEDHITSASCENDINGFILL,False,False,False,0,14270,42187369271.0,9,BID,SHORT,0.5
IBKR,2026-05-26 15:36:27.225654+00:00,CALL,83.0,2026-06-18,201670,545,568,112,83.54,REPEATEDHITSASCENDINGFILL,False,False,False,0,201670,42187369271.0,23,BID,SHORT,0.5
IBKR,2026-05-26 15:15:58.992599+00:00,PUT,84.0,2026-05-29,15930,118,121,85,84.18,REPEATEDHITS,False,False,False,15930,0,42187369271.0,3,ASK,SHORT,1.0
IBKR,2026-05-22 18:07:41.772730+00:00,CALL,125.0,2026-09-18,29507,600,888,1,82.37,REPEATEDHITSASCENDINGFILL,False,False,False,29507,0,42187369271.0,119,ASK,LONG,1.0
IBKR,2026-05-22 16:56:42.417843+00:00,CALL,87.0,2026-06-05,45000,500,502,45,83.17,REPEATEDHITS,False,False,False,45000,0,42187369271.0,14,ASK,LONG,1.0
IBKR,2026-05-22 16:39:42.300139+00:00,PUT,83.0,2026-06-05,18719,72,73,28,82.67,REPEATEDHITS,False,False,False,18719,0,42187369271.0,14,ASK,SHORT,1.0
IBKR,2026-05-22 16:39:42.300139+00:00,CALL,82.0,2026-06-05,41709,147,147,19,82.67,REPEATEDHITSDESCENDINGFILL,False,False,False,37309,4400,42187369271.0,14,ASK,LONG,1.0
IBKR,2026-05-22 16:39:42.300139+00:00,PUT,82.0,2026-06-05,20880,99,102,26,82.67,REPEATEDHITSASCENDINGFILL,True,False,False,20880,0,42187369271.0,14,ASK,SHORT,1.0
IBKR,2026-05-22 16:38:42.815846+00:00,CALL,85.0,2026-05-29,45300,604,1093,92,82.68,REPEATEDHITS,False,False,False,45300,0,42187369271.0,7,ASK,LONG,1.0
IBKR,2026-05-21 17:18:26.712579+00:00,PUT,65.0,2027-01-15,253781,769,771,557,83.2,REPEATEDHITSASCENDINGFILL,False,False,False,0,253781,42187369271.0,239,BID,LONG,0.5
IBKR,2026-05-19 15:34:22.741228+00:00,PUT,80.0,2026-06-05,12220,94,109,93,83.66,REPEATEDHITS,False,False,False,910,0,42187369271.0,17,ASK,SHORT,1.0
IBKR,2026-05-19 14:38:31.096415+00:00,CALL,85.0,2026-07-17,48880,104,111,26,83.31,REPEATEDHITS,False,False,False,48880,0,42187369271.0,59,ASK,LONG,1.0
IBRX,2026-06-05 18:18:51.460691+00:00,PUT,7.0,2026-07-10,15000,200,200,22,6.935,REPEATEDHITS,True,False,False,0,13350,7666631112.0,35,BID,LONG,0.5
IBRX,2026-05-28 16:23:10.872883+00:00,CALL,8.0,2026-06-05,184140,4092,4322,2911,7.965,REPEATEDHITS,False,False,False,0,184140,7666631112.0,8,BID,SHORT,0.5
IBRX,2026-05-27 13:42:38.105084+00:00,CALL,8.0,2026-05-29,122710,3506,3822,3291,8.06,REPEATEDHITS,False,False,False,0,122710,7666631112.0,2,BID,SHORT,0.5
IBRX,2026-05-26 15:58:42.623113+00:00,CALL,8.0,2026-06-05,47500,1000,2141,856,7.79,FLOORTRADEMIDCAP,False,True,False,25000,22500,7666631112.0,10,ASK,LONG,1.0
IBRX,2026-05-14 19:34:37.622559+00:00,PUT,8.0,2026-05-22,25000,500,1029,250,8.23,REPEATEDHITS,False,False,False,25000,0,7666631112.0,8,ASK,SHORT,1.0
IBRX,2026-05-14 16:22:22.409347+00:00,CALL,13.0,2026-06-18,18750,750,756,92,8.137,REPEATEDHITS,False,False,False,18750,0,7666631112.0,35,ASK,LONG,1.0
IBRX,2026-05-11 15:51:20.943235+00:00,CALL,10.0,2026-05-22,10000,500,705,445,8.2799,REPEATEDHITS,False,False,False,0,10000,7666631112.0,11,BID,SHORT,0.5
IBRX,2026-05-08 18:08:58.800111+00:00,CALL,10.0,2026-06-05,11000,200,747,71,8.44,REPEATEDHITS,False,False,False,11000,0,7666631112.0,28,ASK,LONG,1.0
IBRX,2026-05-08 17:56:16.314914+00:00,CALL,10.0,2026-06-05,10999,200,507,71,8.425,REPEATEDHITSASCENDINGFILL,False,False,False,10999,0,7666631112.0,28,ASK,LONG,1.0
IBRX,2026-05-06 18:56:19.737558+00:00,PUT,8.0,2026-05-15,40260,732,965,682,8.28,REPEATEDHITS,False,False,False,40260,0,7666631112.0,9,ASK,SHORT,1.0
IBRX,2026-05-04 17:20:46.456177+00:00,CALL,8.5,2026-05-08,10000,1000,1253,437,7.525,REPEATEDHITS,False,False,False,10000,0,7666631112.0,4,ASK,LONG,1.0
IBRX,2026-04-27 19:44:17.536406+00:00,CALL,7.5,2026-05-01,14200,710,2705,578,7.165,REPEATEDHITS,False,False,False,0,12480,7666631112.0,4,BID,SHORT,0.5
IREN,2026-06-24 18:16:22.922581+00:00,PUT,29.0,2026-10-16,10775,44,46,27,50.33,REPEATEDHITSDESCENDINGFILL,False,False,False,10775,0,19555761041.0,114,ASK,SHORT,1.0
IREN,2026-06-24 18:11:38.548819+00:00,PUT,10.0,2027-06-17,27690,304,304,10,50.2499,REPEATEDHITSDESCENDINGFILL,False,False,False,16208,11482,19555761041.0,358,ASK,SHORT,1.0
IREN,2026-06-24 17:33:31.416691+00:00,CALL,47.5,2026-06-26,17759,48,52,5,50.185,REPEATEDHITS,True,False,False,17759,0,19555761041.0,2,ASK,LONG,1.0
IREN,2026-06-24 15:49:06.785076+00:00,PUT,41.0,2026-07-24,45888,239,278,54,51.775,REPEATEDHITS,False,False,False,45888,0,19555761041.0,30,ASK,SHORT,1.0
IREN,2026-06-24 14:50:43.591126+00:00,PUT,38.0,2026-07-17,137721,1583,1775,1193,52.6499,REPEATEDHITS,False,False,False,0,137721,19555761041.0,23,BID,LONG,0.5
IREN,2026-06-24 14:14:04.871366+00:00,PUT,47.0,2026-07-24,136500,350,370,206,51.7935,REPEATEDHITS,False,False,False,136500,0,19555761041.0,30,ASK,SHORT,1.0
IREN,2026-06-24 14:13:58.049938+00:00,PUT,43.0,2026-08-21,172364,392,392,325,51.8504,REPEATEDHITS,False,False,False,172364,0,19555761041.0,58,ASK,SHORT,1.0
IREN,2026-06-24 13:43:17.035157+00:00,PUT,47.5,2026-07-02,18052,98,347,28,51.71,REPEATEDHITS,True,False,False,18052,0,19555761041.0,8,ASK,SHORT,1.0
IREN,2026-06-24 13:43:17.035157+00:00,PUT,45.5,2026-07-02,11570,87,88,86,51.71,REPEATEDHITSDESCENDINGFILL,True,False,False,10265,1305,19555761041.0,8,ASK,SHORT,1.0
IREN,2026-06-23 19:46:31.436031+00:00,PUT,42.0,2026-07-02,40774,703,49891,571,54.23,REPEATEDHITS,False,False,False,0,40774,19555761041.0,9,BID,LONG,0.5
IREN,2026-06-23 19:42:40.532784+00:00,PUT,42.0,2026-07-02,70464,1101,49135,571,54.4,REPEATEDHITS,False,False,False,13312,57152,19555761041.0,9,BID,LONG,0.5
IREN,2026-06-23 19:42:40.532784+00:00,PUT,42.0,2026-07-02,65280,1020,48034,571,54.4,REPEATEDHITS,True,False,False,9536,9664,19555761041.0,9,BID,LONG,0.5
IREN,2026-06-23 19:42:06.866132+00:00,PUT,42.0,2026-07-02,48067,788,46438,571,54.61,REPEATEDHITS,True,False,False,60,4758,19555761041.0,9,BID,LONG,0.5
IREN,2026-06-23 19:18:03.652871+00:00,CALL,57.0,2026-07-17,40920,88,655,11,54.527,REPEATEDHITS,False,False,False,0,40920,19555761041.0,24,BID,SHORT,0.5
IREN,2026-06-23 19:04:19.010649+00:00,PUT,36.0,2026-09-18,110838,377,543,324,54.8894,REPEATEDHITS,False,False,False,110838,0,19555761041.0,87,ASK,SHORT,1.0
IREN,2026-06-23 18:45:25.315272+00:00,CALL,56.0,2026-06-26,83250,450,1563,419,54.65,REPEATEDHITS,False,False,False,0,83250,19555761041.0,3,BID,SHORT,0.5
IREN,2026-06-23 16:42:32.280355+00:00,CALL,58.0,2026-07-02,141856,496,616,217,55.84,REPEATEDHITS,False,False,False,0,141856,19555761041.0,9,BID,SHORT,0.5
IREN,2026-06-23 16:20:44.418389+00:00,PUT,48.0,2026-10-16,59500,70,1951,49,55.8,REPEATEDHITS,False,False,False,59500,0,19555761041.0,115,ASK,SHORT,1.0
IREN,2026-06-23 16:20:27.399974+00:00,PUT,48.0,2026-10-16,47600,56,1849,49,55.88,REPEATEDHITS,False,False,False,47600,0,19555761041.0,115,ASK,SHORT,1.0
IREN,2026-06-23 16:20:20.989417+00:00,PUT,48.0,2026-10-16,92650,109,1719,49,55.86,REPEATEDHITS,False,False,False,92650,0,19555761041.0,115,ASK,SHORT,1.0
IREN,2026-06-23 16:20:12.574388+00:00,PUT,48.0,2026-10-16,86700,102,1521,49,55.92,REPEATEDHITS,False,False,False,86700,0,19555761041.0,115,ASK,SHORT,1.0
IREN,2026-06-23 16:19:46.552973+00:00,PUT,48.0,2026-10-16,73100,86,1393,49,55.9101,REPEATEDHITS,False,False,False,73100,0,19555761041.0,115,ASK,SHORT,1.0
IREN,2026-06-23 16:17:44.804740+00:00,PUT,48.0,2026-10-16,117300,138,1246,49,55.96,REPEATEDHITS,False,False,False,117300,0,19555761041.0,115,ASK,SHORT,1.0
IREN,2026-06-23 16:17:33.195022+00:00,PUT,48.0,2026-10-16,127500,150,1108,49,55.95,REPEATEDHITS,False,False,False,127500,0,19555761041.0,115,ASK,SHORT,1.0
IREN,2026-06-23 16:17:21.985540+00:00,PUT,48.0,2026-10-16,91800,108,941,49,56.01,REPEATEDHITS,False,False,False,91800,0,19555761041.0,115,ASK,SHORT,1.0
IREN,2026-06-23 16:16:48.347000+00:00,PUT,48.0,2026-10-16,68850,81,828,49,56.06,REPEATEDHITS,False,False,False,68850,0,19555761041.0,115,ASK,SHORT,1.0
IREN,2026-06-23 16:16:03.301917+00:00,PUT,48.0,2026-10-16,75240,88,687,49,55.955,REPEATEDHITS,False,False,False,75240,0,19555761041.0,115,ASK,SHORT,1.0
IREN,2026-06-23 16:16:03.301917+00:00,PUT,48.0,2026-10-16,51300,60,747,49,55.935,REPEATEDHITS,False,False,False,51300,0,19555761041.0,115,ASK,SHORT,1.0
IREN,2026-06-23 16:14:02.778270+00:00,PUT,48.0,2026-10-16,66690,78,538,49,55.95,REPEATEDHITS,True,False,False,66690,0,19555761041.0,115,ASK,SHORT,1.0
IREN,2026-06-23 16:13:54.170104+00:00,PUT,48.0,2026-10-16,52155,61,442,49,56.09,REPEATEDHITS,False,False,False,52155,0,19555761041.0,115,ASK,SHORT,1.0
IREN,2026-06-23 16:13:25.941934+00:00,PUT,48.0,2026-10-16,195795,229,360,49,56.03,REPEATEDHITS,False,False,False,195795,0,19555761041.0,115,ASK,SHORT,1.0
IREN,2026-06-23 15:55:26.779516+00:00,PUT,42.0,2026-07-02,68220,1137,25467,571,54.96,REPEATEDHITS,True,False,False,62040,6180,19555761041.0,9,ASK,SHORT,1.0
IREN,2026-06-23 15:55:01.738914+00:00,PUT,42.0,2026-07-02,34043,577,24193,571,55.09,REPEATEDHITS,False,False,False,34043,0,19555761041.0,9,ASK,SHORT,1.0
IREN,2026-06-23 15:18:40.227368+00:00,CALL,66.0,2026-07-02,45075,601,655,235,54.86,REPEATEDHITS,False,False,False,75,45000,19555761041.0,9,BID,SHORT,0.5
IREN,2026-06-23 15:11:45.132071+00:00,CALL,110.0,2026-10-16,551772,1809,1911,392,55.05,REPEATEDHITSASCENDINGFILL,False,False,False,0,551772,19555761041.0,115,BID,SHORT,0.5
IREN,2026-06-23 14:48:25.030685+00:00,CALL,140.0,2028-03-17,48900,30,420,1,55.7,REPEATEDHITS,False,False,False,0,48900,19555761041.0,633,BID,SHORT,0.5
IREN,2026-06-23 14:47:10.851811+00:00,CALL,140.0,2028-03-17,48900,30,390,1,55.86,REPEATEDHITS,False,False,False,0,48900,19555761041.0,633,BID,SHORT,0.5
IREN,2026-06-23 14:41:46.015026+00:00,CALL,140.0,2028-03-17,33200,20,260,1,56.28,REPEATEDHITS,False,False,False,0,33200,19555761041.0,633,BID,SHORT,0.5
IREN,2026-06-23 14:11:27.107704+00:00,PUT,41.5,2026-07-02,15300,306,374,2,56.4842,REPEATEDHITS,False,False,False,15300,0,19555761041.0,9,ASK,SHORT,1.0
IREN,2026-06-23 14:11:02.072119+00:00,PUT,42.0,2026-07-02,68450,1369,14245,571,56.525,REPEATEDHITS,False,False,False,0,68450,19555761041.0,9,BID,LONG,0.5
IREN,2026-06-23 14:10:01.557685+00:00,PUT,42.0,2026-07-02,29520,615,11186,571,56.755,REPEATEDHITS,True,False,False,22848,6672,19555761041.0,9,ASK,SHORT,1.0
IREN,2026-06-23 13:55:27.904836+00:00,PUT,40.5,2026-07-02,16283,405,407,1,55.8,REPEATEDHITS,False,False,False,3403,12880,19555761041.0,9,BID,LONG,0.5
IREN,2026-06-23 13:53:22.658051+00:00,PUT,42.0,2026-07-02,35007,814,8844,571,56.0269,REPEATEDHITS,True,False,False,35007,0,19555761041.0,9,ASK,SHORT,1.0
IREN,2026-06-23 13:53:02.820367+00:00,PUT,42.0,2026-07-02,33497,779,5800,571,56.2293,REPEATEDHITS,False,False,False,33497,0,19555761041.0,9,ASK,SHORT,1.0
IREN,2026-06-23 13:52:55.002581+00:00,PUT,42.0,2026-07-02,225195,5005,5021,571,56.2107,REPEATEDHITSDESCENDINGFILL,True,False,False,57255,167940,19555761041.0,9,BID,LONG,0.5
IREN,2026-06-23 13:39:52.599389+00:00,CALL,57.0,2026-07-17,27930,57,60,11,54.7999,REPEATEDHITS,False,False,False,6860,18620,19555761041.0,24,BID,SHORT,0.5
IREN,2026-06-22 19:13:54.057157+00:00,CALL,58.0,2026-07-17,34780,62,261,0,56.935,REPEATEDHITS,False,False,False,34780,0,19555761041.0,25,ASK,LONG,1.0
IREN,2026-06-22 18:16:14.081750+00:00,PUT,59.0,2026-07-17,11120,16,24,0,57.29,REPEATEDHITS,False,False,False,0,11120,19555761041.0,25,BID,LONG,0.5
IREN,2026-06-22 18:14:47.790841+00:00,PUT,39.5,2026-07-02,16848,648,668,0,57.14,REPEATEDHITS,True,False,False,0,16848,19555761041.0,10,BID,LONG,0.5
IREN,2026-06-22 17:54:59.232802+00:00,PUT,44.5,2026-07-02,31906,602,634,0,57.13,REPEATEDHITS,False,False,False,0,31906,19555761041.0,10,BID,LONG,0.5
ISRG,2026-06-24 17:47:12.211546+00:00,CALL,410.0,2026-07-17,191980,120,123,92,401.73,REPEATEDHITSDESCENDINGFILL,True,False,False,190390,1590,142791374638.0,23,ASK,LONG,1.0
ISRG,2026-06-24 17:46:49.585120+00:00,PUT,407.5,2026-07-17,57510,27,37,0,401.66,REPEATEDHITS,False,False,False,0,57510,142791374638.0,23,BID,LONG,0.5
ISRG,2026-06-24 17:17:12.095032+00:00,CALL,395.0,2026-07-02,69662,54,54,0,401.945,REPEATEDHITS,True,False,False,0,69662,142791374638.0,8,BID,SHORT,0.5
ISRG,2026-06-24 15:23:11.062946+00:00,CALL,397.5,2026-06-26,190300,173,173,1,406.29,REPEATEDHITS,False,False,False,0,190300,142791374638.0,2,BID,SHORT,0.5
ISRG,2026-06-24 14:30:36.002810+00:00,PUT,400.0,2026-07-10,137760,164,167,103,406.23,REPEATEDHITS,False,False,False,0,137760,142791374638.0,16,BID,LONG,0.5
ISRG,2026-06-23 19:41:38.225701+00:00,CALL,392.5,2026-07-17,162560,64,66,3,403.08,REPEATEDHITS,False,False,False,162560,0,142791374638.0,24,ASK,LONG,1.0
ISRG,2026-06-23 18:32:47.948830+00:00,CALL,520.0,2026-09-18,145511,441,443,416,400.1401,REPEATEDHITSDESCENDINGFILL,False,False,False,145511,0,142791374638.0,87,ASK,LONG,1.0
ISRG,2026-06-23 16:56:22.917317+00:00,PUT,310.0,2028-01-21,66720,25,25,6,401.24,REPEATEDHITSASCENDINGFILL,False,False,False,0,66720,142791374638.0,577,BID,LONG,0.5
ISRG,2026-06-23 14:11:17.691549+00:00,PUT,365.0,2026-07-17,182510,338,338,69,403.095,REPEATEDHITSDESCENDINGFILL,False,False,False,182510,0,142791374638.0,24,ASK,SHORT,1.0
ISRG,2026-06-22 19:12:36.328159+00:00,CALL,407.5,2026-07-17,227010,141,149,0,401.455,REPEATEDHITS,False,False,False,156170,0,142791374638.0,25,ASK,LONG,1.0
ISRG,2026-06-22 18:32:17.251470+00:00,CALL,425.0,2026-07-31,283920,217,217,72,401.45,REPEATEDHITSASCENDINGFILL,True,False,False,198000,85920,142791374638.0,39,ASK,LONG,1.0
ISRG,2026-06-22 18:32:17.251470+00:00,CALL,420.0,2026-07-31,93460,64,99,9,401.45,REPEATEDHITSDESCENDINGFILL,True,False,False,0,51410,142791374638.0,39,BID,SHORT,0.5
ISRG,2026-06-22 18:32:17.251470+00:00,CALL,440.0,2026-07-31,77280,92,92,21,401.45,REPEATEDHITS,False,False,False,0,77280,142791374638.0,39,BID,SHORT,0.5
ISRG,2026-06-18 17:00:46.903262+00:00,PUT,360.0,2026-08-21,260408,310,312,80,404.47,REPEATEDHITSASCENDINGFILL,False,False,False,0,260408,142791374638.0,64,BID,LONG,0.5
ISRG,2026-06-18 16:25:54.000845+00:00,PUT,370.0,2026-09-18,353912,251,252,212,404.9,REPEATEDHITS,False,False,False,5640,348272,142791374638.0,92,BID,LONG,0.5
ISRG,2026-06-18 15:50:30.560513+00:00,PUT,340.0,2026-10-16,286842,284,326,54,404.11,REPEATEDHITS,False,False,False,0,286842,142791374638.0,120,BID,LONG,0.5
ISRG,2026-06-18 15:43:17.533718+00:00,CALL,475.0,2026-08-21,120280,194,237,68,403.09,REPEATEDHITS,False,False,False,116560,3720,142791374638.0,64,ASK,LONG,1.0
ISRG,2026-06-18 14:28:32.863893+00:00,CALL,427.5,2026-06-26,104480,550,595,39,406.0,REPEATEDHITSDESCENDINGFILL,False,False,False,104480,0,142791374638.0,8,ASK,LONG,1.0
ISRG,2026-06-17 16:49:06.748902+00:00,CALL,505.0,2026-10-16,88560,82,84,13,413.125,REPEATEDHITS,False,False,False,0,88560,142791374638.0,121,BID,SHORT,0.5
ISRG,2026-06-16 19:16:33.662295+00:00,CALL,515.0,2026-10-16,63860,62,62,49,417.74,REPEATEDHITS,False,False,False,0,63860,142791374638.0,122,BID,SHORT,0.5
ISRG,2026-06-16 16:24:46.888079+00:00,PUT,390.0,2026-11-20,132240,50,50,13,416.86,REPEATEDHITSASCENDINGFILL,False,False,False,26400,105840,142791374638.0,157,BID,LONG,0.5
ISRG,2026-06-16 14:22:38.659125+00:00,CALL,450.0,2026-07-10,57597,128,128,49,419.3,REPEATEDHITSDESCENDINGFILL,False,False,False,57597,0,142791374638.0,24,ASK,LONG,1.0
ISRG,2026-06-15 18:29:12.131330+00:00,CALL,445.0,2026-10-16,149990,53,58,7,415.62,REPEATEDHITS,False,False,False,0,149990,142791374638.0,123,BID,SHORT,0.5
ISRG,2026-06-15 15:11:24.274521+00:00,PUT,405.0,2026-08-21,182576,89,89,51,416.81,REPEATEDHITSDESCENDINGFILL,True,False,False,2050,180526,142791374638.0,67,BID,LONG,0.5
ISRG,2026-06-15 14:01:28.980642+00:00,PUT,400.0,2026-10-16,623700,231,231,77,417.12,REPEATEDHITS,False,False,False,0,623700,142791374638.0,123,BID,LONG,0.5
ISRG,2026-06-12 18:18:21.742329+00:00,PUT,395.0,2026-07-31,71745,41,42,0,407.16,REPEATEDHITS,True,False,False,69995,1750,142791374638.0,49,ASK,SHORT,1.0
ISRG,2026-06-12 15:03:01.418433+00:00,CALL,415.0,2026-06-26,198720,216,216,4,409.8,REPEATEDHITS,False,False,False,0,198720,142791374638.0,14,BID,SHORT,0.5
ISRG,2026-06-11 17:48:42.611345+00:00,PUT,405.0,2026-07-10,71762,69,75,3,415.41,REPEATEDHITS,False,False,False,0,71762,142791374638.0,29,BID,LONG,0.5
ISRG,2026-06-11 17:48:42.611345+00:00,PUT,395.0,2026-07-02,55320,101,101,12,415.345,REPEATEDHITS,False,False,False,14820,40500,142791374638.0,21,BID,LONG,0.5
ISRG,2026-06-11 16:09:34.361612+00:00,CALL,495.0,2026-10-16,210384,157,248,5,410.395,REPEATEDHITSASCENDINGFILL,False,False,False,0,210384,142791374638.0,127,BID,SHORT,0.5
ISRG,2026-06-11 14:56:17.441968+00:00,CALL,495.0,2026-10-16,117390,91,91,5,408.165,REPEATEDHITS,False,False,False,0,117390,142791374638.0,127,BID,SHORT,0.5
ISRG,2026-06-11 13:54:57.558364+00:00,PUT,400.0,2026-07-31,54300,30,187,0,412.2,REPEATEDHITS,False,False,False,54300,0,142791374638.0,50,ASK,SHORT,1.0
ISRG,2026-06-10 19:03:41.387684+00:00,PUT,400.0,2026-10-16,183330,63,63,15,414.5,REPEATEDHITS,False,False,False,0,183330,142791374638.0,128,BID,LONG,0.5
ISRG,2026-06-10 18:03:30.140472+00:00,PUT,415.0,2026-07-24,58860,27,31,3,417.0,REPEATEDHITS,False,False,False,28340,30520,142791374638.0,44,BID,LONG,0.5
ISRG,2026-06-10 15:04:19.393709+00:00,CALL,417.5,2026-06-26,99190,67,67,0,420.1375,REPEATEDHITS,True,False,False,28080,60680,142791374638.0,16,BID,SHORT,0.5
ISRG,2026-06-10 15:04:19.393709+00:00,CALL,420.0,2026-06-26,170780,127,130,39,420.1375,REPEATEDHITSDESCENDINGFILL,True,False,False,12770,149850,142791374638.0,16,BID,SHORT,0.5
ISRG,2026-06-09 14:24:10.989782+00:00,PUT,395.0,2026-07-17,170405,240,240,90,429.58,REPEATEDHITS,False,False,False,0,170405,142791374638.0,38,BID,LONG,0.5
ISRG,2026-06-08 17:14:54.350512+00:00,CALL,455.0,2026-06-26,123817,344,344,21,420.115,REPEATEDHITSDESCENDINGFILL,False,False,False,123117,700,142791374638.0,18,ASK,LONG,1.0
ISRG,2026-06-08 14:58:08.780529+00:00,CALL,432.5,2026-06-26,225367,230,230,0,422.34,REPEATEDHITSDESCENDINGFILL,False,False,False,225367,0,142791374638.0,18,ASK,LONG,1.0
ISRG,2026-06-05 13:36:16.066033+00:00,CALL,435.0,2026-07-17,136850,73,77,31,426.53,REPEATEDHITSDESCENDINGFILL,False,False,False,116560,10890,142791374638.0,42,ASK,LONG,1.0
ISRG,2026-06-05 13:36:16.066033+00:00,CALL,435.0,2026-07-17,111686,60,137,31,426.6325,REPEATEDHITSASCENDINGFILL,False,False,False,111686,0,142791374638.0,42,ASK,LONG,1.0
ISRG,2026-06-02 16:50:21.468628+00:00,PUT,360.0,2027-01-15,1273094,487,561,261,401.96,REPEATEDHITSDESCENDINGFILL,True,False,False,128710,1024784,142791374638.0,227,BID,LONG,0.5
ISRG,2026-06-02 14:32:10.823404+00:00,PUT,360.0,2026-09-18,120900,78,87,58,400.62,REPEATEDHITS,False,False,False,120900,0,142791374638.0,108,ASK,SHORT,1.0
ISRG,2026-06-01 16:47:07.050331+00:00,CALL,440.0,2026-08-21,73574,32,33,29,418.4835,REPEATEDHITSDESCENDINGFILL,False,False,False,66694,6880,142791374638.0,81,ASK,LONG,1.0
ISRG,2026-05-28 16:05:16.012780+00:00,CALL,445.0,2026-06-18,79200,132,163,68,422.485,REPEATEDHITS,False,False,False,12600,66000,142791374638.0,21,BID,SHORT,0.5
ISRG,2026-05-27 19:01:35.158500+00:00,PUT,417.5,2026-06-12,252833,193,194,0,416.94,REPEATEDHITS,False,False,False,0,252833,142791374638.0,16,BID,LONG,0.5
ISRG,2026-05-26 14:51:44.119471+00:00,PUT,422.5,2026-05-29,53986,270,371,98,437.34,REPEATEDHITSDESCENDINGFILL,True,False,False,49186,4800,142791374638.0,3,ASK,SHORT,1.0
ISRG,2026-05-26 14:13:29.182730+00:00,CALL,455.0,2026-06-18,170990,225,228,92,436.15,REPEATEDHITSDESCENDINGFILL,False,False,False,170990,0,142791374638.0,23,ASK,LONG,1.0
ISRG,2026-05-22 14:37:37.160409+00:00,CALL,495.0,2027-01-15,92140,26,34,15,439.43,REPEATEDHITSASCENDINGFILL,False,False,False,74440,0,142791374638.0,238,ASK,LONG,1.0
ISRG,2026-05-19 17:44:09.634210+00:00,PUT,425.0,2026-08-21,64120,28,38,15,441.54,REPEATEDHITS,True,False,False,0,64120,142791374638.0,94,BID,LONG,0.5
ITB,2026-06-24 17:44:29.009587+00:00,CALL,99.0,2026-07-17,23940,42,43,34,102.75,REPEATEDHITS,True,False,False,0,23940,2282864153.0,23,BID,SHORT,0.5
ITB,2026-06-23 19:40:30.530327+00:00,CALL,100.0,2026-07-17,109650,510,534,366,97.37,REPEATEDHITS,False,False,False,0,109650,2282864153.0,24,BID,SHORT,0.5
ITB,2026-06-23 17:21:50.815362+00:00,PUT,70.0,2026-10-16,38676,1289,1289,275,97.98,REPEATEDHITS,False,False,False,0,38676,2282864153.0,115,BID,LONG,0.5
ITB,2026-06-18 18:12:07.388790+00:00,CALL,106.0,2026-07-17,64610,497,507,170,99.84,REPEATEDHITS,False,False,False,0,64610,2282864153.0,29,BID,SHORT,0.5
ITB,2026-06-17 15:00:25.460926+00:00,PUT,98.5,2026-06-18,26580,443,443,215,99.6,REPEATEDHITS,False,False,False,0,26580,2282864153.0,1,BID,LONG,0.5
ITB,2026-06-16 14:00:45.025847+00:00,PUT,96.5,2026-06-18,10260,171,911,16,98.63,REPEATEDHITS,False,False,False,0,10260,2282864153.0,2,BID,LONG,0.5
ITB,2026-06-16 14:00:41.207428+00:00,PUT,96.5,2026-06-18,12600,210,708,16,98.53,REPEATEDHITS,False,False,False,0,12600,2282864153.0,2,BID,LONG,0.5
ITB,2026-06-09 19:40:55.562448+00:00,CALL,98.5,2026-06-18,50250,402,8251,50,95.97,REPEATEDHITS,True,False,False,50250,0,2282864153.0,9,ASK,LONG,1.0
ITB,2026-06-09 14:35:24.866874+00:00,CALL,98.5,2026-06-18,14850,90,3801,50,96.28,REPEATEDHITS,True,False,False,0,14850,2282864153.0,9,BID,SHORT,0.5
ITB,2026-06-09 14:33:35.113897+00:00,CALL,98.5,2026-06-18,20560,125,3129,50,96.42,REPEATEDHITSDESCENDINGFILL,True,False,False,18480,2080,2282864153.0,9,ASK,LONG,1.0
ITB,2026-05-27 16:45:57.481932+00:00,CALL,99.5,2026-06-18,33480,248,248,71,93.395,REPEATEDHITS,False,False,False,32670,0,2282864153.0,22,ASK,LONG,1.0
ITB,2026-05-26 15:13:39.671601+00:00,PUT,91.0,2026-07-17,46000,100,359,65,91.53,REPEATEDHITS,False,False,False,46000,0,2282864153.0,52,ASK,SHORT,1.0
ITB,2026-05-26 15:07:56.780636+00:00,PUT,91.0,2026-07-17,112950,251,259,65,91.675,REPEATEDHITS,False,False,False,112950,0,2282864153.0,52,ASK,SHORT,1.0
ITB,2026-05-20 17:25:56.968125+00:00,CALL,88.0,2026-07-17,61360,104,113,18,89.64,REPEATEDHITS,True,False,False,0,61360,2282864153.0,58,BID,SHORT,0.5
ITB,2026-05-20 15:40:59.968658+00:00,CALL,94.5,2026-06-18,645000,5000,5000,13,88.932,LOWHISTORICVOLUMEFLOOR,False,True,True,645000,0,2282864153.0,29,ASK,LONG,1.0
ITB,2026-05-12 16:10:34.639745+00:00,CALL,95.5,2026-06-18,512500,2500,2500,69,90.125,LOWHISTORICVOLUMEFLOOR,False,True,False,0,512500,2282864153.0,37,BID,SHORT,0.5
ITB,2026-05-11 18:29:16.316915+00:00,CALL,97.01,2027-01-15,11700,13,58,5,91.67,REPEATEDHITS,False,False,False,10800,900,2282864153.0,249,ASK,LONG,1.0
ITB,2026-05-11 18:23:55.948703+00:00,CALL,97.01,2027-01-15,37310,41,45,5,91.75,REPEATEDHITS,False,False,False,37310,0,2282864153.0,249,ASK,LONG,1.0
ITB,2026-05-01 15:51:27.584526+00:00,PUT,80.0,2026-10-16,41160,196,200,113,95.37,REPEATEDHITS,False,False,False,0,41160,2282864153.0,168,BID,LONG,0.5
ITB,2026-04-28 16:28:59.016038+00:00,CALL,99.0,2026-05-15,12985,49,65,40,98.44,REPEATEDHITS,False,False,False,0,12985,2282864153.0,17,BID,SHORT,0.5
IWM,2026-06-24 18:43:53.827629+00:00,PUT,279.0,2026-06-30,147114,4458,4516,806,296.46,REPEATEDHITS,False,False,False,0,147114,76844863080.0,6,BID,LONG,0.5
IWM,2026-06-24 18:24:00.387566+00:00,PUT,298.0,2026-06-24,198360,1710,74266,667,296.93,REPEATEDHITS,False,False,False,0,198360,76844863080.0,0,BID,LONG,0.5
IWM,2026-06-24 17:11:24.627173+00:00,CALL,304.0,2026-07-07,114130,505,506,47,297.83,REPEATEDHITS,False,False,False,0,114130,76844863080.0,13,BID,SHORT,0.5
IWM,2026-06-24 15:38:13.932201+00:00,CALL,310.0,2026-07-08,167914,1423,4124,0,299.48,REPEATEDHITS,False,False,False,0,167914,76844863080.0,14,BID,SHORT,0.5
IWM,2026-06-24 15:15:18.173924+00:00,CALL,310.0,2026-07-08,118272,1056,2700,0,299.1,REPEATEDHITS,False,False,False,0,118272,76844863080.0,14,BID,SHORT,0.5
IWM,2026-06-24 15:01:45.792265+00:00,PUT,280.0,2026-07-08,111684,1362,3465,0,299.295,REPEATEDHITS,False,False,False,111684,0,76844863080.0,14,ASK,SHORT,1.0
IWM,2026-06-24 14:52:12.119090+00:00,PUT,280.0,2026-07-08,129712,1474,1503,0,298.57,REPEATEDHITS,False,False,False,129712,0,76844863080.0,14,ASK,SHORT,1.0
IWM,2026-06-24 14:30:52.833940+00:00,CALL,310.0,2026-07-08,136764,1572,1599,0,297.715,REPEATEDHITS,False,False,False,0,136764,76844863080.0,14,BID,SHORT,0.5
IWM,2026-06-24 13:41:01.364058+00:00,PUT,300.0,2026-12-31,216378,110,110,13,295.88,REPEATEDHITSASCENDINGFILL,False,False,False,3940,212438,76844863080.0,190,BID,LONG,0.5
IWM,2026-06-23 19:45:27.543171+00:00,PUT,299.0,2026-06-23,194805,585,4619,584,295.68,REPEATEDHITS,False,False,False,194805,0,76844863080.0,0,ASK,SHORT,1.0
IWM,2026-06-23 18:56:57.040565+00:00,CALL,309.0,2026-07-17,978880,5152,5535,1381,294.85,REPEATEDHITS,False,False,False,0,978880,76844863080.0,24,BID,SHORT,0.5
IWM,2026-06-23 18:54:55.898511+00:00,CALL,305.0,2026-07-02,124713,1341,1747,1103,294.755,REPEATEDHITS,False,False,False,0,124713,76844863080.0,9,BID,SHORT,0.5
IWM,2026-06-23 18:15:08.672361+00:00,CALL,302.0,2026-07-06,279423,1179,1211,105,296.12,REPEATEDHITS,False,False,False,0,279423,76844863080.0,13,BID,SHORT,0.5
IWM,2026-06-23 17:44:18.256441+00:00,CALL,299.0,2026-06-25,491875,3935,4293,762,296.92,REPEATEDHITS,False,False,False,0,491875,76844863080.0,2,BID,SHORT,0.5
IWM,2026-06-23 17:23:28.528234+00:00,PUT,299.0,2026-06-23,311973,2025,3697,584,297.52,REPEATEDHITS,False,False,False,5616,306357,76844863080.0,0,BID,LONG,0.5
IWM,2026-06-23 17:08:13.236494+00:00,CALL,306.0,2026-07-02,449952,4128,4352,370,296.83,REPEATEDHITS,False,False,False,0,449952,76844863080.0,9,BID,SHORT,0.5
IWM,2026-06-23 16:37:15.443640+00:00,PUT,297.0,2026-06-23,106722,2541,27728,1669,297.49,REPEATEDHITS,False,False,False,85,106637,76844863080.0,0,BID,LONG,0.5
IWM,2026-06-23 16:06:07.782298+00:00,PUT,296.0,2026-06-23,174710,5823,57293,1279,297.11,REPEATEDHITSDESCENDINGFILL,False,False,False,620,174090,76844863080.0,0,BID,LONG,0.5
IWM,2026-06-23 13:57:54.356013+00:00,PUT,293.0,2026-06-24,228573,2097,3101,521,295.38,REPEATEDHITS,False,False,False,0,228573,76844863080.0,1,BID,LONG,0.5
IWM,2026-06-23 13:51:04.990598+00:00,PUT,293.0,2026-06-23,194219,4316,10665,1347,295.13,REPEATEDHITS,True,False,False,456,193763,76844863080.0,0,BID,LONG,0.5
IWM,2026-06-23 13:38:27.018934+00:00,CALL,298.0,2026-07-17,593250,1130,1196,1060,293.27,REPEATEDHITS,False,False,False,68250,525000,76844863080.0,24,BID,SHORT,0.5
IWM,2026-06-22 19:31:09.004384+00:00,CALL,303.0,2026-06-26,669370,7046,8085,1292,297.98,REPEATEDHITS,False,False,False,0,669370,76844863080.0,4,BID,SHORT,0.5
IWM,2026-06-22 18:44:52.835209+00:00,PUT,282.0,2026-07-06,132692,1368,3742,0,298.47,REPEATEDHITSASCENDINGFILL,False,False,False,132502,190,76844863080.0,14,ASK,SHORT,1.0
IWM,2026-06-22 18:26:44.745771+00:00,PUT,294.0,2026-07-10,131760,366,5157,180,299.02,REPEATEDHITS,False,False,False,131760,0,76844863080.0,18,ASK,SHORT,1.0
IWM,2026-06-22 17:37:02.569481+00:00,PUT,294.0,2026-07-10,178434,431,4735,180,297.46,REPEATEDHITS,False,False,False,178434,0,76844863080.0,18,ASK,SHORT,1.0
IWM,2026-06-22 17:36:08.720227+00:00,PUT,287.0,2026-07-06,199248,1186,1244,0,297.59,REPEATEDHITS,False,False,False,199248,0,76844863080.0,14,ASK,SHORT,1.0
IWM,2026-06-22 16:36:42.138130+00:00,PUT,283.0,2026-07-06,122488,1004,1052,0,297.375,REPEATEDHITS,False,False,False,122488,0,76844863080.0,14,ASK,SHORT,1.0
IWM,2026-06-22 15:55:33.681026+00:00,PUT,282.0,2026-07-06,129168,1242,2366,0,298.04,REPEATEDHITS,False,False,False,129168,0,76844863080.0,14,ASK,SHORT,1.0
IWM,2026-06-22 15:46:05.729550+00:00,PUT,297.0,2026-06-22,166292,6648,60230,567,298.15,REPEATEDHITSDESCENDINGFILL,False,False,False,2646,163646,76844863080.0,0,BID,LONG,0.5
IWM,2026-06-22 15:37:13.873241+00:00,PUT,282.0,2026-07-06,116810,1102,1124,0,297.8,REPEATEDHITS,False,False,False,116600,210,76844863080.0,14,ASK,SHORT,1.0
IWM,2026-06-18 20:13:50.752433+00:00,PUT,286.0,2026-06-30,280000,2000,18401,1680,295.71,REPEATEDHITS,False,False,False,280000,0,76844863080.0,12,ASK,SHORT,1.0
IWM,2026-06-18 19:44:10.426662+00:00,PUT,287.0,2026-07-10,159854,514,10515,372,294.79,REPEATEDHITS,False,False,False,159854,0,76844863080.0,22,ASK,SHORT,1.0
IWM,2026-06-18 19:39:07.196872+00:00,PUT,287.0,2026-07-10,161987,511,7760,372,294.63,REPEATEDHITS,False,False,False,161987,0,76844863080.0,22,ASK,SHORT,1.0
IWM,2026-06-18 19:38:17.732313+00:00,PUT,287.0,2026-07-10,139920,440,7209,372,294.6,REPEATEDHITS,False,False,False,139920,0,76844863080.0,22,ASK,SHORT,1.0
IWM,2026-06-18 19:30:08.139123+00:00,PUT,287.0,2026-07-10,163438,506,2807,372,294.39,REPEATEDHITS,False,False,False,163438,0,76844863080.0,22,ASK,SHORT,1.0
IWM,2026-06-18 19:28:08.507653+00:00,PUT,287.0,2026-07-10,157788,487,1707,372,294.365,REPEATEDHITS,False,False,False,157788,0,76844863080.0,22,ASK,SHORT,1.0
IWM,2026-06-18 19:26:20.366010+00:00,PUT,287.0,2026-07-10,142120,440,606,372,294.395,REPEATEDHITS,False,False,False,142120,0,76844863080.0,22,ASK,SHORT,1.0
IWM,2026-06-18 18:47:21.316109+00:00,PUT,292.0,2026-06-22,300240,3753,11314,1318,294.6499,REPEATEDHITS,False,False,False,300240,0,76844863080.0,4,ASK,SHORT,1.0
IWM,2026-06-18 18:40:54.310230+00:00,PUT,200.0,2027-04-16,102025,385,385,119,294.45,REPEATEDHITS,False,False,False,102025,0,76844863080.0,302,ASK,SHORT,1.0
IWM,2026-06-18 17:51:43.445460+00:00,PUT,288.0,2026-06-23,300776,5371,5723,253,294.575,REPEATEDHITS,False,False,False,300776,0,76844863080.0,5,ASK,SHORT,1.0
IWM,2026-06-18 15:14:25.444244+00:00,PUT,285.0,2026-06-24,128000,2000,4060,376,294.07,REPEATEDHITS,True,False,False,0,128000,76844863080.0,6,BID,LONG,0.5
IWM,2026-06-18 15:14:06.219987+00:00,PUT,292.0,2026-06-24,194040,980,1128,352,294.2,REPEATEDHITS,True,False,False,187902,6138,76844863080.0,6,ASK,SHORT,1.0
IWM,2026-06-18 15:14:06.219987+00:00,PUT,292.0,2026-06-24,165800,829,1957,352,294.17,REPEATEDHITS,True,False,False,130000,13800,76844863080.0,6,ASK,SHORT,1.0
IWM,2026-06-18 14:55:26.304033+00:00,CALL,304.0,2026-07-02,426603,3307,3416,140,294.02,REPEATEDHITS,False,False,False,0,426603,76844863080.0,14,BID,SHORT,0.5
IWM,2026-06-18 13:37:31.455687+00:00,PUT,287.0,2026-06-22,208802,3539,3791,1191,293.44,REPEATEDHITS,False,False,False,60,208742,76844863080.0,4,BID,LONG,0.5
IWM,2026-06-17 20:04:26.688320+00:00,PUT,281.0,2026-06-30,136576,624,12066,540,290.17,REPEATEDHITSASCENDINGFILL,False,False,False,136576,0,76844863080.0,13,ASK,SHORT,1.0
IWM,2026-06-17 20:03:46.861805+00:00,PUT,281.0,2026-06-30,280798,1294,9344,540,290.17,REPEATEDHITS,False,False,False,280798,0,76844863080.0,13,ASK,SHORT,1.0
IWM,2026-06-17 20:03:46.861805+00:00,PUT,281.0,2026-06-30,414609,1907,11427,540,290.17,REPEATEDHITSASCENDINGFILL,True,False,False,414394,215,76844863080.0,13,ASK,SHORT,1.0
IWM,2026-06-17 20:02:50.024757+00:00,PUT,281.0,2026-06-30,1658630,7752,8050,540,290.31,REPEATEDHITSASCENDINGFILL,False,False,False,1658630,0,76844863080.0,13,ASK,SHORT,1.0
IWM,2026-06-17 19:20:12.466457+00:00,PUT,287.5,2026-06-26,224024,750,2200,700,291.05,REPEATEDHITSASCENDINGFILL,False,False,False,224024,0,76844863080.0,9,ASK,SHORT,1.0
JD,2026-06-24 16:59:55.122783+00:00,CALL,30.0,2026-08-21,10206,243,2915,98,25.675,REPEATEDHITS,False,False,False,0,10206,31688231588.0,58,BID,SHORT,0.5
JD,2026-06-24 16:08:26.389841+00:00,PUT,22.0,2026-10-16,11844,188,188,133,25.73,REPEATEDHITS,False,False,False,11844,0,31688231588.0,114,ASK,SHORT,1.0
JD,2026-06-24 16:07:11.505735+00:00,CALL,30.0,2026-08-21,12978,309,1596,98,25.735,REPEATEDHITS,False,False,False,0,6174,31688231588.0,58,BID,SHORT,0.5
JD,2026-06-24 16:06:36.662755+00:00,CALL,30.0,2026-08-21,15036,358,887,98,25.758,REPEATEDHITS,False,False,False,0,9660,31688231588.0,58,BID,SHORT,0.5
JD,2026-06-24 16:06:26.246239+00:00,CALL,30.0,2026-08-21,21714,517,529,98,25.75,REPEATEDHITS,True,False,False,0,10752,31688231588.0,58,BID,SHORT,0.5
JD,2026-06-23 18:16:56.991342+00:00,CALL,31.0,2026-08-21,12708,353,1975,107,26.175,REPEATEDHITS,False,False,False,12708,0,31688231588.0,59,ASK,LONG,1.0
JD,2026-06-23 14:25:54.838194+00:00,PUT,24.0,2026-10-16,20200,200,702,152,26.448,REPEATEDHITS,False,False,False,20200,0,31688231588.0,115,ASK,SHORT,1.0
JD,2026-06-23 14:25:51.030625+00:00,PUT,24.0,2026-10-16,20200,200,502,152,26.448,REPEATEDHITS,False,False,False,20200,0,31688231588.0,115,ASK,SHORT,1.0
JD,2026-06-23 14:25:49.625311+00:00,PUT,24.0,2026-10-16,20200,200,302,152,26.45,REPEATEDHITS,False,False,False,20200,0,31688231588.0,115,ASK,SHORT,1.0
JD,2026-06-22 19:51:42.863051+00:00,CALL,32.0,2026-08-21,18760,469,2172,9,27.11,REPEATEDHITS,False,False,False,440,18240,31688231588.0,60,BID,SHORT,0.5
JD,2026-06-22 19:32:17.523915+00:00,CALL,32.0,2026-08-21,10880,272,1680,9,27.12,REPEATEDHITS,False,False,False,0,10880,31688231588.0,60,BID,SHORT,0.5
JD,2026-06-22 19:32:17.523915+00:00,CALL,32.0,2026-08-21,12120,303,1408,9,27.12,REPEATEDHITS,False,False,False,0,12120,31688231588.0,60,BID,SHORT,0.5
JD,2026-06-22 19:31:56.886198+00:00,CALL,32.0,2026-08-21,18560,464,752,9,27.12,REPEATEDHITS,False,False,False,0,18560,31688231588.0,60,BID,SHORT,0.5
JD,2026-06-22 19:31:56.886198+00:00,CALL,32.0,2026-08-21,14120,353,1105,9,27.12,REPEATEDHITS,False,False,False,0,14120,31688231588.0,60,BID,SHORT,0.5
JD,2026-06-22 16:06:15.293004+00:00,PUT,30.0,2026-07-31,10675,35,38,4,27.24,REPEATEDHITS,False,False,False,10370,305,31688231588.0,39,ASK,SHORT,1.0
JD,2026-06-22 14:49:27.553755+00:00,CALL,29.0,2026-09-18,41460,300,802,297,27.11,REPEATEDHITSASCENDINGFILL,False,False,False,40904,556,31688231588.0,88,ASK,LONG,1.0
JD,2026-06-22 14:45:36.849508+00:00,PUT,25.0,2026-08-21,11375,175,175,1,27.09,REPEATEDHITS,False,False,False,8125,3250,31688231588.0,60,ASK,SHORT,1.0
JD,2026-06-22 14:45:14.424817+00:00,PUT,26.0,2026-08-21,25800,258,259,2,27.09,REPEATEDHITS,False,False,False,12500,13300,31688231588.0,60,BID,LONG,0.5
JD,2026-06-17 19:29:18.662261+00:00,CALL,28.5,2026-07-02,25050,501,505,30,27.89,REPEATEDHITS,False,False,False,0,25050,31688231588.0,15,BID,SHORT,0.5
JD,2026-06-17 18:54:55.116541+00:00,CALL,30.0,2026-06-26,11803,1073,1312,860,28.12,REPEATEDHITS,False,False,False,0,11803,31688231588.0,9,BID,SHORT,0.5
JD,2026-06-16 19:43:42.870788+00:00,CALL,28.5,2026-06-18,32835,995,4056,478,28.39,REPEATEDHITS,False,False,False,0,32835,31688231588.0,2,BID,SHORT,0.5
JD,2026-06-16 19:29:56.014788+00:00,CALL,45.0,2027-03-19,13426,137,143,133,28.3399,REPEATEDHITS,True,False,False,13328,98,31688231588.0,276,ASK,LONG,1.0
JD,2026-06-12 18:24:32.212225+00:00,CALL,29.5,2026-06-18,12500,625,1017,215,28.6199,REPEATEDHITS,False,False,False,0,12100,31688231588.0,6,BID,SHORT,0.5
JD,2026-06-12 14:59:07.546176+00:00,CALL,30.0,2026-10-16,158620,721,721,660,28.545,REPEATEDHITS,False,False,False,158620,0,31688231588.0,126,ASK,LONG,1.0
JD,2026-06-10 17:33:03.900491+00:00,CALL,32.0,2026-10-16,281398,1781,1781,345,28.55,REPEATEDHITS,False,False,False,167164,15800,31688231588.0,128,ASK,LONG,1.0
JD,2026-06-05 17:08:13.082524+00:00,CALL,25.0,2026-06-26,10115,25,25,0,28.925,REPEATEDHITS,True,False,False,0,10115,31688231588.0,21,BID,SHORT,0.5
JD,2026-06-04 15:10:06.970390+00:00,CALL,31.0,2026-07-02,72407,1187,1504,342,29.315,REPEATEDHITS,False,False,False,0,67771,31688231588.0,28,BID,SHORT,0.5
JD,2026-06-03 18:22:46.934636+00:00,PUT,27.5,2026-06-18,16354,629,629,577,29.25,REPEATEDHITS,False,False,False,15418,936,31688231588.0,15,ASK,SHORT,1.0
JD,2026-06-03 16:27:43.339631+00:00,CALL,31.0,2026-06-12,18678,849,884,812,29.335,REPEATEDHITS,False,False,False,0,17270,31688231588.0,9,BID,SHORT,0.5
JD,2026-06-02 19:10:29.599556+00:00,PUT,28.0,2026-06-26,11832,348,353,122,30.27,REPEATEDHITS,False,False,False,11662,0,31688231588.0,24,ASK,SHORT,1.0
JD,2026-06-02 15:41:49.875465+00:00,CALL,31.5,2026-06-05,10017,477,1484,368,30.615,REPEATEDHITS,False,False,False,10017,0,31688231588.0,3,ASK,LONG,1.0
JD,2026-06-02 14:44:58.959620+00:00,PUT,31.0,2026-07-02,11600,80,91,13,30.595,REPEATEDHITS,True,False,False,11455,145,31688231588.0,30,ASK,SHORT,1.0
JD,2026-06-01 18:41:06.654252+00:00,PUT,27.5,2026-06-12,20040,1002,1636,6,29.15,REPEATEDHITS,False,False,False,18720,0,31688231588.0,11,ASK,SHORT,1.0
JD,2026-06-01 13:59:01.759612+00:00,CALL,29.5,2026-06-05,84630,2418,2508,1114,29.102,REPEATEDHITS,False,False,False,54145,0,31688231588.0,4,ASK,LONG,1.0
JD,2026-05-29 17:08:16.917268+00:00,CALL,32.0,2026-06-26,35100,1350,1399,358,28.965,REPEATEDHITS,False,False,False,0,35100,31688231588.0,28,BID,SHORT,0.5
JD,2026-05-29 14:32:21.765482+00:00,PUT,33.0,2026-06-26,12865,31,31,2,28.895,REPEATEDHITS,False,False,False,7055,0,31688231588.0,28,ASK,SHORT,1.0
JD,2026-05-28 18:50:28.954821+00:00,CALL,29.0,2026-07-17,18592,112,1067,59,29.1866,REPEATEDHITS,False,False,False,18592,0,31688231588.0,50,ASK,LONG,1.0
JD,2026-05-28 17:35:27.329669+00:00,CALL,28.5,2026-06-12,207161,1786,1946,0,29.115,REPEATEDHITSDESCENDINGFILL,True,False,False,190225,16936,31688231588.0,15,ASK,LONG,1.0
JD,2026-05-28 16:48:35.349169+00:00,CALL,28.0,2026-06-26,17100,100,200,78,29.035,REPEATEDHITS,False,False,False,0,10602,31688231588.0,29,BID,SHORT,0.5
JD,2026-05-28 15:56:31.630081+00:00,CALL,29.0,2026-07-17,33048,216,817,59,28.98,REPEATEDHITS,False,False,False,33048,0,31688231588.0,50,ASK,LONG,1.0
JD,2026-05-28 15:28:14.874487+00:00,CALL,29.0,2026-07-17,14918,97,560,59,29.0,REPEATEDHITSDESCENDINGFILL,True,False,False,14918,0,31688231588.0,50,ASK,LONG,1.0
JD,2026-05-28 15:10:04.344546+00:00,PUT,27.5,2026-06-18,36000,1000,1007,0,28.95,REPEATEDHITS,False,False,False,36000,0,31688231588.0,21,ASK,SHORT,1.0
JD,2026-05-28 14:00:13.225994+00:00,CALL,29.0,2026-07-17,53630,346,357,59,28.925,REPEATEDHITS,True,False,False,49600,4030,31688231588.0,50,ASK,LONG,1.0
JD,2026-05-22 15:44:27.220631+00:00,CALL,33.0,2026-09-18,441564,2374,2451,898,30.74,REPEATEDHITS,False,False,False,0,441564,31688231588.0,119,BID,SHORT,0.5
JD,2026-05-21 17:29:14.886335+00:00,PUT,28.0,2027-01-15,204000,1000,1000,26,31.535,FLOORTRADELARGECAP,False,True,True,204000,0,31688231588.0,239,ASK,SHORT,1.0
JD,2026-05-20 14:17:07.207401+00:00,CALL,34.5,2026-06-18,19575,280,286,91,32.64,REPEATEDHITSASCENDINGFILL,True,False,False,19015,560,31688231588.0,29,ASK,LONG,1.0
JD,2026-05-19 19:30:09.896988+00:00,CALL,34.5,2026-05-29,44814,2134,2311,306,32.51,REPEATEDHITS,False,False,False,0,43575,31688231588.0,10,BID,SHORT,0.5
JD,2026-05-19 13:41:27.383888+00:00,PUT,33.0,2026-10-16,67688,202,202,160,32.095,REPEATEDHITSASCENDINGFILL,True,False,False,680,67008,31688231588.0,150,BID,LONG,0.5
JD,2026-05-19 13:40:59.730466+00:00,CALL,34.0,2026-10-16,51110,190,200,43,32.1207,REPEATEDHITS,False,False,False,51110,0,31688231588.0,150,ASK,LONG,1.0
JD,2026-05-18 15:32:40.508559+00:00,CALL,40.0,2026-07-17,37500,1500,2505,119,31.68,REPEATEDHITS,False,False,False,0,37500,31688231588.0,60,BID,SHORT,0.5
KORU,2026-06-24 17:19:37.527005+00:00,PUT,450.0,2026-06-26,22198,30,38,0,704.64,REPEATEDHITS,True,False,False,22198,0,1595969599.0,2,ASK,SHORT,1.0
KORU,2026-06-24 17:06:37.585868+00:00,PUT,680.0,2026-06-26,117990,23,23,0,720.17,REPEATEDHITS,True,False,False,117990,0,1595969599.0,2,ASK,SHORT,1.0
KORU,2026-06-24 15:45:17.164759+00:00,CALL,740.0,2026-06-26,33500,5,40,0,734.055,REPEATEDHITS,False,False,False,33500,0,1595969599.0,2,ASK,LONG,1.0
KORU,2026-06-23 19:57:40.311975+00:00,CALL,1330.0,2026-07-17,42300,9,9,1,711.255,REPEATEDHITS,False,False,False,0,42300,1595969599.0,24,BID,SHORT,0.5
KORU,2026-06-23 19:07:15.885017+00:00,CALL,690.0,2026-07-17,146650,7,8,3,731.28,REPEATEDHITS,True,False,False,0,146650,1595969599.0,24,BID,SHORT,0.5
KORU,2026-06-23 17:43:07.995030+00:00,CALL,950.0,2026-06-26,55000,25,38,4,733.19,REPEATEDHITS,False,False,False,44000,11000,1595969599.0,3,ASK,LONG,1.0
KORU,2026-06-23 16:04:25.850036+00:00,PUT,740.0,2028-12-15,480800,8,98,0,767.93,REPEATEDHITS,False,False,False,0,480800,1595969599.0,906,BID,LONG,0.5
KORU,2026-06-23 15:55:00.334458+00:00,PUT,660.0,2028-06-16,2540000,50,119,0,760.1,REPEATEDHITS,False,False,False,0,2540000,1595969599.0,724,BID,LONG,0.5
KORU,2026-06-23 15:40:06.068209+00:00,PUT,700.0,2027-01-15,11200000,280,283,1,738.72,REPEATEDHITS,True,False,False,1600000,1120000,1595969599.0,206,ASK,SHORT,1.0
KORU,2026-06-23 15:37:10.616197+00:00,PUT,660.0,2028-06-16,2239600,44,69,0,752.335,REPEATEDHITS,False,False,False,0,2239600,1595969599.0,724,BID,LONG,0.5
KORU,2026-06-23 15:28:25.337355+00:00,PUT,740.0,2028-12-15,5194402,86,86,0,732.0,REPEATEDHITS,False,False,False,0,5194402,1595969599.0,906,BID,LONG,0.5
KORU,2026-06-22 15:16:39.276668+00:00,CALL,1080.0,2027-01-15,596900,10,202,2,1082.01,REPEATEDHITS,False,False,False,596900,0,1595969599.0,207,ASK,LONG,1.0
KORU,2026-06-22 15:11:52.908385+00:00,CALL,1080.0,2027-01-15,299850,5,189,2,1086.69,REPEATEDHITS,False,False,False,299850,0,1595969599.0,207,ASK,LONG,1.0
KORU,2026-06-22 14:59:53.690551+00:00,CALL,1080.0,2027-01-15,654720,11,108,2,1079.02,REPEATEDHITS,False,False,False,654720,0,1595969599.0,207,ASK,LONG,1.0
KORU,2026-06-22 14:59:22.838103+00:00,CALL,1080.0,2027-01-15,357120,6,97,2,1077.69,REPEATEDHITS,False,False,False,357120,0,1595969599.0,207,ASK,LONG,1.0
KORU,2026-06-22 14:46:40.933555+00:00,CALL,1080.0,2027-01-15,777920,13,90,2,1075.885,REPEATEDHITS,False,False,False,598400,179520,1595969599.0,207,ASK,LONG,1.0
KORU,2026-06-22 14:40:51.184171+00:00,CALL,1080.0,2027-01-15,1436160,24,77,2,1081.44,REPEATEDHITS,True,False,False,777920,359040,1595969599.0,207,ASK,LONG,1.0
KORU,2026-06-22 14:28:40.150626+00:00,CALL,1080.0,2027-01-15,600436,10,20,2,1082.565,REPEATEDHITS,True,False,False,120356,480080,1595969599.0,207,BID,SHORT,0.5
KORU,2026-06-22 14:07:14.989562+00:00,PUT,1050.0,2026-07-02,462000,30,60,0,1097.15,REPEATEDHITS,False,False,False,462000,0,1595969599.0,10,ASK,SHORT,1.0
KORU,2026-06-22 14:06:46.901891+00:00,PUT,1050.0,2026-07-02,465000,30,30,0,1098.37,REPEATEDHITS,False,False,False,465000,0,1595969599.0,10,ASK,SHORT,1.0
KORU,2026-06-22 13:49:24.767032+00:00,CALL,1100.0,2026-07-02,92500,5,8,0,1091.4001,REPEATEDHITS,False,False,False,92500,0,1595969599.0,10,ASK,LONG,1.0
KORU,2026-06-22 13:38:11.135123+00:00,PUT,550.0,2026-07-17,355710,74,75,14,1108.6294,REPEATEDHITS,False,False,False,245310,110400,1595969599.0,25,ASK,SHORT,1.0
KORU,2026-06-22 13:38:11.135123+00:00,PUT,550.0,2026-07-17,576533,115,201,14,1106.9,REPEATEDHITSDESCENDINGFILL,True,False,False,484800,91733,1595969599.0,25,ASK,SHORT,1.0
KORU,2026-06-18 18:05:13.471511+00:00,PUT,962.5,2026-06-26,262500,30,173,0,1103.64,REPEATEDHITS,True,False,False,0,262500,1595969599.0,8,BID,LONG,0.5
KORU,2026-06-18 18:01:18.423070+00:00,PUT,962.5,2026-06-26,169600,20,143,0,1101.46,REPEATEDHITS,True,False,False,0,169600,1595969599.0,8,BID,LONG,0.5
KORU,2026-06-18 14:34:47.289886+00:00,CALL,962.5,2026-06-26,100500,5,90,0,1074.9308,REPEATEDHITS,False,False,False,100500,0,1595969599.0,8,ASK,LONG,1.0
KORU,2026-06-17 18:08:17.216787+00:00,CALL,890.0,2026-06-18,81150,8,8,5,960.84,REPEATEDHITSASCENDINGFILL,False,False,False,81150,0,1595969599.0,1,ASK,LONG,1.0
KORU,2026-06-17 16:31:03.616747+00:00,CALL,1100.0,2026-07-17,1867500,83,178,73,1004.775,REPEATEDHITS,False,False,False,0,1867500,1595969599.0,30,BID,SHORT,0.5
KORU,2026-06-17 14:04:16.863779+00:00,CALL,1620.0,2026-08-21,451490,23,23,2,958.79,REPEATEDHITS,False,False,False,451490,0,1595969599.0,65,ASK,LONG,1.0
KORU,2026-06-16 18:42:47.845086+00:00,CALL,1700.0,2026-08-21,332600,20,20,0,920.83,REPEATEDHITS,False,False,False,332600,0,1595969599.0,66,ASK,LONG,1.0
KORU,2026-06-16 18:28:17.634056+00:00,CALL,1840.0,2026-08-21,407970,27,30,1,928.3,REPEATEDHITS,False,False,False,407970,0,1595969599.0,66,ASK,LONG,1.0
KORU,2026-06-16 13:36:58.856815+00:00,PUT,755.0,2026-07-17,67581,5,5,1,997.0,REPEATEDHITSDESCENDINGFILL,False,False,False,0,67581,1595969599.0,31,BID,LONG,0.5
KORU,2026-06-15 18:18:35.276761+00:00,CALL,1280.0,2026-06-18,10884,8,8,2,985.935,REPEATEDHITSDESCENDINGFILL,False,False,False,0,10884,1595969599.0,3,BID,SHORT,0.5
KORU,2026-06-15 15:26:25.576985+00:00,CALL,1900.0,2026-08-21,458200,29,601,7,972.38,REPEATEDHITS,False,False,False,458200,0,1595969599.0,67,ASK,LONG,1.0
KORU,2026-06-15 15:26:07.351600+00:00,CALL,1900.0,2026-08-21,932200,59,572,7,972.38,REPEATEDHITS,False,False,False,932200,0,1595969599.0,67,ASK,LONG,1.0
KORU,2026-06-15 15:25:35.710825+00:00,CALL,1900.0,2026-08-21,963000,60,511,7,971.93,REPEATEDHITS,False,False,False,963000,0,1595969599.0,67,ASK,LONG,1.0
KORU,2026-06-15 15:23:45.779279+00:00,CALL,1900.0,2026-08-21,884801,56,429,7,972.44,REPEATEDHITS,True,False,False,31600,853201,1595969599.0,67,BID,SHORT,0.5
KORU,2026-06-15 15:23:19.534318+00:00,CALL,1900.0,2026-08-21,853301,53,373,7,972.39,REPEATEDHITS,True,False,False,112700,740601,1595969599.0,67,BID,SHORT,0.5
KORU,2026-06-15 14:44:32.188818+00:00,CALL,1900.0,2026-08-21,153000,9,92,7,959.08,REPEATEDHITS,True,False,False,34000,119000,1595969599.0,67,BID,SHORT,0.5
KORU,2026-06-15 14:41:49.963430+00:00,CALL,1900.0,2026-08-21,262500,15,69,7,960.0,REPEATEDHITS,True,False,False,157500,105000,1595969599.0,67,ASK,LONG,1.0
KORU,2026-06-15 14:41:34.740936+00:00,CALL,1900.0,2026-08-21,472500,27,27,7,960.0,REPEATEDHITS,True,False,False,122500,350000,1595969599.0,67,BID,SHORT,0.5
KORU,2026-06-15 13:50:00.080722+00:00,PUT,860.0,2026-06-18,109460,18,32,7,957.81,REPEATEDHITSDESCENDINGFILL,True,False,False,6060,103400,1595969599.0,3,BID,LONG,0.5
KORU,2026-06-12 19:55:47.783605+00:00,CALL,800.0,2028-01-21,553500,9,10,1,827.55,REPEATEDHITS,False,False,False,0,553500,1595969599.0,588,BID,SHORT,0.5
KORU,2026-06-12 14:06:49.512978+00:00,CALL,830.0,2028-12-15,403200,6,6,0,825.57,REPEATEDHITS,True,False,False,403200,0,1595969599.0,917,ASK,LONG,1.0
KORU,2026-06-12 13:47:33.294727+00:00,PUT,400.0,2028-01-21,301400,11,20,5,779.67,REPEATEDHITS,False,False,False,301400,0,1595969599.0,588,ASK,SHORT,1.0
KORU,2026-06-12 13:33:05.648887+00:00,CALL,1880.0,2026-08-21,95690,7,7,1,795.0,REPEATEDHITS,False,False,False,95690,0,1595969599.0,70,ASK,LONG,1.0
KORU,2026-06-11 19:31:09.275689+00:00,CALL,1030.0,2026-06-18,32460,6,6,2,845.0,REPEATEDHITS,True,False,False,32460,0,1595969599.0,7,ASK,LONG,1.0
KORU,2026-06-11 18:46:54.906171+00:00,CALL,1680.0,2026-07-17,38520,6,6,2,801.04,REPEATEDHITSASCENDINGFILL,True,False,False,38520,0,1595969599.0,36,ASK,LONG,1.0
KORU,2026-06-10 18:09:35.603433+00:00,PUT,665.0,2026-06-18,52250,5,7,3,675.2,REPEATEDHITS,False,False,False,52250,0,1595969599.0,8,ASK,SHORT,1.0
KORU,2026-06-10 13:39:32.724385+00:00,CALL,630.0,2026-06-18,288800,19,19,8,710.85,REPEATEDHITS,True,False,False,0,288800,1595969599.0,8,BID,SHORT,0.5
KR,2026-06-24 16:21:43.339725+00:00,CALL,58.0,2026-07-17,13348,75,90,58,58.14,REPEATEDHITS,True,False,False,13348,0,34947438608.0,23,ASK,LONG,1.0
KR,2026-06-24 16:21:43.339725+00:00,CALL,59.0,2026-07-17,38184,296,297,25,58.14,REPEATEDHITS,False,False,False,38184,0,34947438608.0,23,ASK,LONG,1.0
KR,2026-06-23 19:35:14.919690+00:00,PUT,52.5,2026-07-17,25012,962,1971,196,57.03,REPEATEDHITS,False,False,False,0,25012,34947438608.0,24,BID,LONG,0.5
KR,2026-06-23 15:56:23.832528+00:00,PUT,57.5,2027-03-19,28250,50,94,49,57.4,REPEATEDHITS,False,False,False,0,28250,34947438608.0,269,BID,LONG,0.5
KR,2026-06-23 15:56:23.832528+00:00,PUT,57.5,2027-03-19,29404,52,154,49,57.42,REPEATEDHITSASCENDINGFILL,False,False,False,2280,27124,34947438608.0,269,BID,LONG,0.5
KR,2026-06-22 18:51:04.397430+00:00,CALL,57.0,2026-07-17,12420,90,124,0,56.1,REPEATEDHITS,False,False,False,12420,0,34947438608.0,25,ASK,LONG,1.0
KR,2026-06-22 17:09:13.744383+00:00,PUT,55.0,2026-08-21,24592,116,186,54,56.045,REPEATEDHITS,False,False,False,16748,7844,34947438608.0,60,ASK,SHORT,1.0
KR,2026-06-22 16:37:39.601451+00:00,PUT,50.0,2026-08-21,29510,454,483,31,56.27,REPEATEDHITS,True,False,False,29510,0,34947438608.0,60,ASK,SHORT,1.0
KR,2026-06-22 16:26:17.981934+00:00,CALL,60.0,2026-08-21,11146,86,105,18,56.43,REPEATEDHITS,False,False,False,0,11146,34947438608.0,60,BID,SHORT,0.5
KR,2026-06-18 19:20:59.561070+00:00,CALL,57.0,2026-07-02,12700,100,176,4,56.64,REPEATEDHITS,False,False,False,12700,0,34947438608.0,14,ASK,LONG,1.0
KR,2026-06-18 19:11:18.995506+00:00,PUT,58.0,2026-07-02,50745,255,608,40,56.68,REPEATEDHITS,False,False,False,47561,3184,34947438608.0,14,ASK,SHORT,1.0
KR,2026-06-18 18:44:53.564224+00:00,CALL,58.0,2026-06-26,74055,1502,1945,6,56.72,REPEATEDHITS,True,False,False,74055,0,34947438608.0,8,ASK,LONG,1.0
KR,2026-06-18 18:20:17.057330+00:00,CALL,58.0,2026-07-10,34441,341,341,0,56.75,REPEATEDHITS,False,False,False,34441,0,34947438608.0,22,ASK,LONG,1.0
KR,2026-06-18 17:31:16.922207+00:00,CALL,57.0,2026-06-26,23925,275,445,119,56.75,REPEATEDHITS,False,False,False,20358,3567,34947438608.0,8,ASK,LONG,1.0
KR,2026-06-18 17:05:06.404393+00:00,CALL,65.0,2027-03-19,21440,67,67,20,56.73,REPEATEDHITS,False,False,False,960,20480,34947438608.0,274,BID,SHORT,0.5
KR,2026-06-18 16:58:46.357659+00:00,CALL,57.5,2026-07-17,37760,236,320,36,56.93,REPEATEDHITS,False,False,False,37760,0,34947438608.0,29,ASK,LONG,1.0
KR,2026-06-18 16:11:00.425919+00:00,CALL,59.0,2026-06-26,17898,314,6531,29,57.93,REPEATEDHITS,False,False,False,17898,0,34947438608.0,8,ASK,LONG,1.0
KR,2026-06-17 19:58:25.914080+00:00,PUT,55.0,2026-09-18,60307,473,721,227,61.9,REPEATEDHITSDESCENDINGFILL,False,False,False,0,60307,34947438608.0,93,BID,LONG,0.5
KR,2026-06-17 19:23:24.199679+00:00,CALL,64.0,2026-06-18,61075,783,1658,534,62.07,REPEATEDHITS,False,False,False,79,59748,34947438608.0,1,BID,SHORT,0.5
KR,2026-06-17 18:21:10.230365+00:00,CALL,62.0,2026-06-18,76050,507,1952,155,61.74,REPEATEDHITS,False,False,False,0,76050,34947438608.0,1,BID,SHORT,0.5
KR,2026-06-17 18:20:56.615444+00:00,CALL,62.0,2026-06-18,29046,206,772,155,61.68,REPEATEDHITS,False,False,False,29046,0,34947438608.0,1,ASK,LONG,1.0
KR,2026-06-17 16:52:40.766550+00:00,CALL,64.0,2026-06-18,35868,588,771,534,61.665,REPEATEDHITS,False,False,False,0,35868,34947438608.0,1,BID,SHORT,0.5
KR,2026-06-12 17:32:08.664252+00:00,PUT,55.0,2026-10-16,86172,668,668,58,64.28,REPEATEDHITS,False,False,False,0,86172,34947438608.0,126,BID,LONG,0.5
KR,2026-06-12 15:53:12.719284+00:00,CALL,66.0,2026-07-02,44352,288,288,101,64.325,REPEATEDHITS,True,False,False,154,44198,34947438608.0,20,BID,SHORT,0.5
KR,2026-06-12 13:48:48.810737+00:00,CALL,62.5,2026-07-17,344817,841,871,593,64.59,REPEATEDHITS,False,False,False,0,331697,34947438608.0,35,BID,SHORT,0.5
KR,2026-06-11 15:11:57.958354+00:00,CALL,67.0,2026-06-18,495820,3814,4009,404,64.77,LOWHISTORICVOLUMEFLOOR,False,True,False,495820,0,34947438608.0,7,ASK,LONG,1.0
KR,2026-06-08 17:47:17.216713+00:00,PUT,63.0,2026-06-18,52630,277,337,126,63.02,REPEATEDHITS,False,False,False,52630,0,34947438608.0,10,ASK,SHORT,1.0
KR,2026-05-29 19:48:18.454920+00:00,CALL,63.0,2026-06-12,44980,346,3556,1,62.595,REPEATEDHITS,True,False,False,44980,0,34947438608.0,14,ASK,LONG,1.0
KR,2026-05-29 16:55:26.993489+00:00,CALL,61.0,2026-06-26,127350,398,398,2,62.0,REPEATEDHITS,False,False,False,114870,12480,34947438608.0,28,ASK,LONG,1.0
KR,2026-05-29 15:08:31.370559+00:00,CALL,63.0,2026-06-12,310615,2701,3147,1,62.19,REPEATEDHITS,False,False,False,0,310615,34947438608.0,14,BID,SHORT,0.5
KR,2026-05-29 14:36:44.934037+00:00,CALL,63.0,2026-06-12,25200,210,225,1,62.4,REPEATEDHITS,False,False,False,18600,6600,34947438608.0,14,ASK,LONG,1.0
KR,2026-05-28 19:19:13.623704+00:00,PUT,60.0,2026-06-12,13804,406,410,46,63.74,REPEATEDHITS,False,False,False,0,13804,34947438608.0,15,BID,LONG,0.5
KR,2026-05-28 16:19:48.998451+00:00,PUT,63.0,2026-06-12,13334,118,123,15,63.555,REPEATEDHITS,True,False,False,13334,0,34947438608.0,15,ASK,SHORT,1.0
KR,2026-05-28 14:59:34.144877+00:00,PUT,64.0,2026-06-18,30523,131,134,104,63.91,REPEATEDHITS,True,False,False,30290,233,34947438608.0,21,ASK,SHORT,1.0
KR,2026-05-27 18:19:34.929898+00:00,CALL,65.0,2026-07-17,127380,386,473,285,64.965,REPEATEDHITS,False,False,False,127380,0,34947438608.0,51,ASK,LONG,1.0
KR,2026-05-27 15:00:41.048678+00:00,CALL,72.5,2027-03-19,11220,22,32,4,65.08,REPEATEDHITS,False,False,False,0,11220,34947438608.0,296,BID,SHORT,0.5
KR,2026-05-26 19:31:23.014382+00:00,CALL,65.0,2026-05-29,17220,205,376,10,64.92,REPEATEDHITS,True,False,False,17220,0,34947438608.0,3,ASK,LONG,1.0
KR,2026-05-26 17:49:47.232442+00:00,PUT,64.0,2026-06-05,17857,186,212,40,64.81,REPEATEDHITS,True,False,False,193,17664,34947438608.0,10,BID,LONG,0.5
KR,2026-05-26 15:00:45.453808+00:00,PUT,67.5,2027-03-19,16173,21,21,15,66.0,REPEATEDHITS,False,False,False,6160,10013,34947438608.0,297,BID,LONG,0.5
KR,2026-05-22 19:38:36.852613+00:00,PUT,65.0,2026-05-29,11060,395,448,43,67.02,REPEATEDHITS,False,False,False,0,9604,34947438608.0,7,BID,LONG,0.5
KR,2026-05-22 17:20:24.156264+00:00,PUT,57.5,2026-10-16,13439,89,89,79,67.065,REPEATEDHITS,False,False,False,0,13439,34947438608.0,147,BID,LONG,0.5
KR,2026-05-22 17:19:52.886281+00:00,PUT,67.0,2026-06-12,29712,179,195,38,67.03,REPEATEDHITSDESCENDINGFILL,True,False,False,29712,0,34947438608.0,21,ASK,SHORT,1.0
KR,2026-05-21 15:22:39.845286+00:00,CALL,67.0,2026-05-29,14399,120,124,48,67.11,REPEATEDHITS,True,False,False,14399,0,34947438608.0,8,ASK,LONG,1.0
KR,2026-05-20 19:39:41.393264+00:00,CALL,68.0,2026-05-29,11736,72,73,59,68.68,REPEATEDHITS,True,False,False,11736,0,34947438608.0,9,ASK,LONG,1.0
KR,2026-05-20 16:37:18.897676+00:00,PUT,70.0,2026-05-29,191886,1133,1145,140,69.11,REPEATEDHITSASCENDINGFILL,True,False,False,131238,60648,34947438608.0,9,ASK,SHORT,1.0
KR,2026-05-20 16:37:18.897676+00:00,CALL,69.0,2026-05-29,37538,274,275,84,69.11,REPEATEDHITS,False,False,False,2329,35209,34947438608.0,9,BID,SHORT,0.5
KR,2026-05-20 15:19:30.942832+00:00,PUT,70.0,2026-06-12,24486,106,106,1,69.33,REPEATEDHITS,True,False,False,24486,0,34947438608.0,23,ASK,SHORT,1.0
KR,2026-05-20 14:30:33.292260+00:00,PUT,75.0,2026-10-16,14070,16,74,12,68.99,REPEATEDHITS,True,False,False,14070,0,34947438608.0,149,ASK,SHORT,1.0
KR,2026-05-19 19:03:21.662006+00:00,CALL,71.0,2026-06-05,35519,187,188,21,71.07,REPEATEDHITSASCENDINGFILL,True,False,False,34954,565,34947438608.0,17,ASK,LONG,1.0
KR,2026-05-19 17:01:07.936900+00:00,PUT,70.0,2026-05-29,10700,107,287,0,70.75,REPEATEDHITS,False,False,False,3800,6900,34947438608.0,10,BID,LONG,0.5
KRE,2026-06-24 18:07:35.630694+00:00,PUT,85.0,2027-01-15,102480,84,840,3,73.97,REPEATEDHITS,False,False,False,102480,0,73.099347,205,ASK,SHORT,1.0
KRE,2026-06-24 18:07:27.217216+00:00,PUT,85.0,2027-01-15,95160,78,756,3,73.97,REPEATEDHITS,False,False,False,95160,0,73.099347,205,ASK,SHORT,1.0
KRE,2026-06-24 16:23:44.882250+00:00,PUT,71.0,2026-07-02,26234,1009,1015,10,73.92,REPEATEDHITS,False,False,False,0,26234,73.099347,8,BID,LONG,0.5
KRE,2026-06-24 16:18:33.874604+00:00,CALL,73.5,2026-07-02,40392,297,498,74,73.87,REPEATEDHITS,False,False,False,0,40392,73.099347,8,BID,SHORT,0.5
KRE,2026-06-24 16:08:56.221389+00:00,PUT,70.5,2026-07-17,72605,1117,1201,0,73.869,REPEATEDHITS,False,False,False,130,72475,73.099347,23,BID,LONG,0.5
KRE,2026-06-24 14:24:58.865967+00:00,CALL,74.5,2026-07-17,27549,176,176,5,73.88,REPEATEDHITSDESCENDINGFILL,True,False,False,1583,25966,73.099347,23,BID,SHORT,0.5
KRE,2026-06-23 19:58:07.352013+00:00,CALL,65.0,2026-06-30,11550,14,14,0,73.165,REPEATEDHITS,True,False,False,11550,0,73.099347,7,ASK,LONG,1.0
KRE,2026-06-23 19:44:05.017348+00:00,CALL,73.0,2026-06-30,10580,115,316,65,72.91,REPEATEDHITS,True,False,False,0,10580,73.099347,7,BID,SHORT,0.5
KRE,2026-06-23 19:00:30.726834+00:00,PUT,73.0,2026-11-20,24360,56,56,49,72.905,REPEATEDHITS,False,False,False,0,24360,73.099347,150,BID,LONG,0.5
KRE,2026-06-23 18:26:32.591829+00:00,CALL,74.0,2026-06-30,50048,1088,1090,235,72.785,REPEATEDHITS,False,False,False,50048,0,73.099347,7,ASK,LONG,1.0
KRE,2026-06-23 18:25:10.106683+00:00,PUT,73.0,2027-06-17,152280,216,1591,0,72.775,REPEATEDHITS,False,False,False,139590,12690,73.099347,359,ASK,SHORT,1.0
KRE,2026-06-23 18:25:10.106683+00:00,PUT,73.0,2027-06-17,75205,107,1913,0,72.775,REPEATEDHITSASCENDINGFILL,False,False,False,57705,17500,73.099347,359,ASK,SHORT,1.0
KRE,2026-06-23 16:15:56.497300+00:00,PUT,69.5,2026-07-17,103638,1502,3201,78,72.704,REPEATEDHITS,False,False,False,138,103500,73.099347,24,BID,LONG,0.5
KRE,2026-06-23 16:06:33.424034+00:00,PUT,73.0,2027-06-17,45175,65,1036,0,72.73,REPEATEDHITS,False,False,False,39615,3475,73.099347,359,ASK,SHORT,1.0
KRE,2026-06-23 16:06:33.424034+00:00,PUT,73.0,2027-06-17,63940,92,958,0,72.73,REPEATEDHITS,False,False,False,36835,27105,73.099347,359,ASK,SHORT,1.0
KRE,2026-06-23 15:46:01.501323+00:00,CALL,72.5,2026-07-24,46833,201,203,3,72.69,REPEATEDHITS,False,False,False,0,46833,73.099347,31,BID,SHORT,0.5
KRE,2026-06-23 14:52:44.190502+00:00,CALL,75.5,2026-07-17,104440,1492,1544,80,72.49,REPEATEDHITS,False,False,False,0,104440,73.099347,24,BID,SHORT,0.5
KRE,2026-06-23 14:30:29.050168+00:00,PUT,69.5,2026-07-17,127218,1631,1678,78,72.34,REPEATEDHITS,False,False,False,78,78390,73.099347,24,BID,LONG,0.5
KRE,2026-06-22 20:00:09.970555+00:00,CALL,70.5,2026-06-26,18585,105,107,26,71.98,REPEATEDHITS,False,False,False,0,18585,73.099347,4,BID,SHORT,0.5
KRE,2026-06-22 16:37:23.185541+00:00,PUT,68.5,2026-07-17,164548,2654,2654,0,72.145,REPEATEDHITS,False,False,False,0,164548,73.099347,25,BID,LONG,0.5
KRE,2026-06-22 15:56:54.995194+00:00,PUT,72.5,2026-06-26,115328,1214,1233,264,72.15,REPEATEDHITS,False,False,False,113715,1613,73.099347,4,ASK,SHORT,1.0
KRE,2026-06-22 15:39:03.413815+00:00,CALL,74.0,2026-06-26,25542,1419,2009,160,72.19,REPEATEDHITS,False,False,False,25542,0,73.099347,4,ASK,LONG,1.0
KRE,2026-06-22 15:12:21.745337+00:00,PUT,69.0,2026-11-20,135470,437,1506,300,72.061,REPEATEDHITS,False,False,False,11470,123690,73.099347,151,BID,LONG,0.5
KRE,2026-06-22 14:31:18.030315+00:00,PUT,70.0,2026-06-26,14972,788,823,685,72.03,REPEATEDHITS,False,False,False,0,14972,73.099347,4,BID,LONG,0.5
KRE,2026-06-18 19:44:19.241766+00:00,PUT,66.5,2026-06-26,12145,1735,1737,12,71.59,REPEATEDHITS,False,False,False,12145,0,73.099347,8,ASK,SHORT,1.0
KRE,2026-06-18 19:18:19.729676+00:00,PUT,68.0,2026-07-17,178560,2232,5542,1748,71.595,REPEATEDHITS,False,False,False,178560,0,73.099347,29,ASK,SHORT,1.0
KRE,2026-06-18 14:13:34.881056+00:00,PUT,73.0,2026-08-21,22995,63,68,14,71.625,REPEATEDHITS,False,False,False,22995,0,73.099347,64,ASK,SHORT,1.0
KRE,2026-06-17 19:35:23.079375+00:00,CALL,71.0,2026-07-17,21000,120,144,97,70.64,REPEATEDHITS,True,False,False,21000,0,73.099347,30,ASK,LONG,1.0
KRE,2026-06-17 19:32:55.554721+00:00,PUT,67.0,2026-06-30,31406,766,766,701,70.61,REPEATEDHITS,False,False,False,31406,0,73.099347,13,ASK,SHORT,1.0
KRE,2026-06-17 19:32:16.471369+00:00,PUT,67.5,2026-06-26,18183,551,551,6,70.575,REPEATEDHITS,False,False,False,18183,0,73.099347,9,ASK,SHORT,1.0
KRE,2026-06-17 18:57:10.507415+00:00,CALL,72.0,2026-06-26,27222,349,363,17,71.64,REPEATEDHITS,True,False,False,936,26286,73.099347,9,BID,SHORT,0.5
KRE,2026-06-17 18:57:10.507415+00:00,CALL,71.5,2026-06-26,96859,959,960,38,71.65,REPEATEDHITS,False,False,False,70700,26159,73.099347,9,ASK,LONG,1.0
KRE,2026-06-17 18:00:06.992915+00:00,CALL,69.0,2026-06-30,68255,187,197,12,72.56,REPEATEDHITS,False,False,False,0,68255,73.099347,13,BID,SHORT,0.5
KRE,2026-06-16 19:54:02.634109+00:00,PUT,71.5,2026-06-18,44148,1132,1150,898,72.33,REPEATEDHITS,False,False,False,44148,0,73.099347,2,ASK,SHORT,1.0
KRE,2026-06-16 19:18:14.181773+00:00,PUT,66.0,2026-09-30,14018,86,91,42,72.34,REPEATEDHITS,False,False,False,0,14018,73.099347,106,BID,LONG,0.5
KRE,2026-06-16 17:37:06.645354+00:00,CALL,73.5,2026-06-18,19200,640,5712,428,72.365,REPEATEDHITS,False,False,False,19200,0,73.099347,2,ASK,LONG,1.0
KRE,2026-06-16 15:51:55.879002+00:00,CALL,71.0,2026-07-10,32504,136,139,2,72.45,REPEATEDHITS,True,False,False,32026,0,73.099347,24,ASK,LONG,1.0
KRE,2026-06-15 19:56:03.554505+00:00,PUT,44.0,2027-12-17,142200,948,973,300,72.17,REPEATEDHITS,False,False,False,86400,55800,73.099347,550,ASK,SHORT,1.0
KRE,2026-06-15 18:26:58.371650+00:00,PUT,43.0,2027-12-17,164159,1181,1376,8,72.505,REPEATEDHITS,False,False,False,73253,90906,73.099347,550,BID,LONG,0.5
KRE,2026-06-15 18:12:49.897618+00:00,PUT,64.0,2026-08-21,18944,296,321,95,72.575,REPEATEDHITS,False,False,False,18944,0,73.099347,67,ASK,SHORT,1.0
KRE,2026-06-15 17:45:32.808499+00:00,CALL,69.5,2026-06-26,12240,36,50,3,72.75,REPEATEDHITS,False,False,False,0,12240,73.099347,11,BID,SHORT,0.5
KRE,2026-06-15 16:32:26.170933+00:00,CALL,71.5,2026-07-02,20544,96,96,59,72.915,REPEATEDHITS,False,False,False,0,20544,73.099347,17,BID,SHORT,0.5
KRE,2026-06-15 16:07:01.136517+00:00,CALL,74.5,2026-06-26,55998,1098,4128,4,73.06,REPEATEDHITS,False,False,False,0,55998,73.099347,11,BID,SHORT,0.5
KRE,2026-06-15 16:00:51.056396+00:00,CALL,74.5,2026-06-26,40492,764,3003,4,73.1,REPEATEDHITS,False,False,False,0,40492,73.099347,11,BID,SHORT,0.5
KRE,2026-06-15 15:46:52.918833+00:00,PUT,71.0,2026-07-17,92131,743,2380,731,73.13,REPEATEDHITS,False,False,False,92131,0,73.099347,32,ASK,SHORT,1.0
KRE,2026-06-15 14:50:06.997489+00:00,PUT,71.0,2026-08-21,219136,1024,1031,662,73.24,REPEATEDHITS,False,False,False,0,219136,73.099347,67,BID,LONG,0.5
KRE,2026-06-15 14:10:54.685379+00:00,CALL,69.0,2026-06-26,15345,31,31,25,73.88,REPEATEDHITS,False,False,False,0,15345,73.099347,11,BID,SHORT,0.5
KRE,2026-06-12 18:36:19.632139+00:00,PUT,65.0,2026-06-30,18996,1583,1840,611,73.16,REPEATEDHITS,False,False,False,0,18168,73.099347,18,BID,LONG,0.5
KRE,2026-06-12 16:02:06.127794+00:00,PUT,74.0,2026-07-02,12351,53,53,0,73.12,REPEATEDHITSDESCENDINGFILL,True,False,False,11886,465,73.099347,20,ASK,SHORT,1.0
KRE,2026-06-12 16:02:02.518700+00:00,PUT,74.0,2026-06-30,26437,117,117,37,73.12,REPEATEDHITS,True,False,False,26216,221,73.099347,18,ASK,SHORT,1.0
LNG,2026-06-24 17:29:15.554244+00:00,PUT,235.0,2026-07-24,31500,30,30,2,230.34,REPEATEDHITS,True,False,False,31500,0,49081238523.0,30,ASK,SHORT,1.0
LNG,2026-06-24 17:26:48.348905+00:00,PUT,230.0,2026-07-02,18450,45,60,39,230.49,REPEATEDHITS,True,False,False,18040,410,49081238523.0,8,ASK,SHORT,1.0
LNG,2026-06-24 16:54:40.280379+00:00,PUT,232.5,2026-07-17,114760,151,152,27,231.24,REPEATEDHITS,False,False,False,114760,0,49081238523.0,23,ASK,SHORT,1.0
LNG,2026-06-23 15:47:19.773644+00:00,CALL,245.0,2026-07-02,20255,135,139,20,233.285,REPEATEDHITS,False,False,False,0,20255,49081238523.0,9,BID,SHORT,0.5
LNG,2026-06-22 18:31:26.792685+00:00,CALL,270.0,2026-08-21,23920,92,122,1,231.99,REPEATEDHITS,False,False,False,3640,20280,49081238523.0,60,BID,SHORT,0.5
LNG,2026-06-22 15:21:26.443207+00:00,CALL,290.0,2026-08-21,26261,328,332,0,227.25,REPEATEDHITSASCENDINGFILL,False,False,False,880,25381,49081238523.0,60,BID,SHORT,0.5
LNG,2026-06-22 14:44:12.924455+00:00,CALL,270.0,2026-11-20,71070,103,103,63,226.76,REPEATEDHITS,False,False,False,690,59340,49081238523.0,151,BID,SHORT,0.5
LNG,2026-06-18 19:02:17.075721+00:00,PUT,225.0,2026-07-10,26500,53,55,4,228.68,REPEATEDHITS,False,False,False,26000,0,49081238523.0,22,ASK,SHORT,1.0
LNG,2026-06-17 18:32:36.873919+00:00,PUT,227.5,2026-06-18,31900,290,326,165,229.82,REPEATEDHITS,False,False,False,0,31900,49081238523.0,1,BID,LONG,0.5
LNG,2026-06-17 16:29:10.905620+00:00,CALL,230.0,2026-07-17,98394,123,169,83,228.68,REPEATEDHITS,False,False,False,97594,800,49081238523.0,30,ASK,LONG,1.0
LNG,2026-06-17 16:15:20.776840+00:00,CALL,225.0,2026-07-31,11800,10,10,0,227.37,REPEATEDHITS,False,False,False,9440,2360,49081238523.0,44,ASK,LONG,1.0
LNG,2026-06-17 14:47:16.188987+00:00,CALL,225.0,2026-06-26,82357,142,142,5,227.51,REPEATEDHITS,False,False,False,82357,0,49081238523.0,9,ASK,LONG,1.0
LNG,2026-06-17 14:47:16.188987+00:00,CALL,230.0,2026-06-26,34680,102,109,19,227.51,REPEATEDHITS,False,False,False,34680,0,49081238523.0,9,ASK,LONG,1.0
LNG,2026-06-16 18:30:24.934094+00:00,PUT,230.0,2026-07-02,11750,25,25,2,231.74,REPEATEDHITS,True,False,False,0,11750,49081238523.0,16,BID,LONG,0.5
LNG,2026-06-10 18:25:10.817324+00:00,CALL,252.5,2026-06-26,122103,330,331,0,244.32,REPEATEDHITS,False,False,False,0,122103,49081238523.0,16,BID,SHORT,0.5
LNG,2026-06-10 15:18:25.701309+00:00,PUT,230.0,2026-07-17,129367,308,349,160,244.39,REPEATEDHITS,False,False,False,0,129367,49081238523.0,37,BID,LONG,0.5
LNG,2026-06-03 16:31:49.536675+00:00,PUT,240.0,2026-07-02,27200,32,32,4,240.9,REPEATEDHITS,False,False,False,27200,0,49081238523.0,29,ASK,SHORT,1.0
LNG,2026-05-29 16:08:02.806785+00:00,CALL,227.5,2026-06-05,20140,53,56,0,226.73,REPEATEDHITS,False,False,False,0,20140,49081238523.0,7,BID,SHORT,0.5
LNG,2026-05-29 14:51:32.559896+00:00,PUT,235.0,2026-06-18,88024,74,74,42,226.845,REPEATEDHITS,False,False,False,88024,0,49081238523.0,20,ASK,SHORT,1.0
LNG,2026-05-29 14:51:32.559896+00:00,PUT,232.5,2026-06-12,147863,159,159,19,226.845,REPEATEDHITSDESCENDINGFILL,False,False,False,147863,0,49081238523.0,14,ASK,SHORT,1.0
LNG,2026-05-28 19:48:28.526328+00:00,PUT,225.0,2026-06-18,24300,54,59,33,229.86,REPEATEDHITS,False,False,False,14850,900,49081238523.0,21,ASK,SHORT,1.0
LNG,2026-05-27 19:37:07.950414+00:00,PUT,260.0,2026-11-20,93500,25,25,9,231.81,REPEATEDHITS,False,False,False,93500,0,49081238523.0,177,ASK,SHORT,1.0
LNG,2026-05-27 16:39:49.229890+00:00,CALL,227.5,2026-06-12,11520,12,12,0,232.53,REPEATEDHITS,False,False,False,0,11520,49081238523.0,16,BID,SHORT,0.5
LNG,2026-05-27 16:35:43.309295+00:00,CALL,240.0,2026-06-05,40425,165,173,42,232.87,REPEATEDHITS,False,False,False,0,40425,49081238523.0,9,BID,SHORT,0.5
LNG,2026-05-22 15:01:38.958075+00:00,PUT,232.5,2026-05-29,60200,215,246,2,235.82,REPEATEDHITS,False,False,False,0,60200,49081238523.0,7,BID,LONG,0.5
LNG,2026-05-22 14:10:39.150223+00:00,PUT,230.0,2026-09-18,320000,256,256,193,238.59,REPEATEDHITS,False,False,False,0,320000,49081238523.0,119,BID,LONG,0.5
LNG,2026-05-22 13:34:00.011352+00:00,CALL,240.0,2026-05-29,96040,186,186,53,240.31,REPEATEDHITS,False,False,False,31270,64770,49081238523.0,7,BID,SHORT,0.5
LNG,2026-05-20 16:43:49.652481+00:00,CALL,257.5,2026-06-18,73610,175,176,0,243.44,REPEATEDHITSDESCENDINGFILL,False,False,False,4730,68880,49081238523.0,29,BID,SHORT,0.5
LNG,2026-05-18 19:01:33.733946+00:00,PUT,260.0,2026-07-17,144000,75,89,20,248.29,REPEATEDHITS,False,False,False,144000,0,49081238523.0,60,ASK,SHORT,1.0
LNG,2026-05-14 17:44:06.359742+00:00,CALL,270.0,2026-07-17,184922,451,464,71,240.07,REPEATEDHITSASCENDINGFILL,False,False,False,0,184922,49081238523.0,64,BID,SHORT,0.5
LNG,2026-05-14 15:42:49.575788+00:00,PUT,237.5,2026-05-22,121806,348,349,21,240.07,REPEATEDHITS,False,False,False,0,121806,49081238523.0,8,BID,LONG,0.5
LNG,2026-05-13 15:49:18.932348+00:00,PUT,210.0,2026-11-20,558714,614,630,42,240.5525,REPEATEDHITSDESCENDINGFILL,False,False,False,558714,0,49081238523.0,191,ASK,SHORT,1.0
LNG,2026-05-12 19:27:29.433327+00:00,PUT,220.0,2026-09-18,172380,221,226,180,243.485,REPEATEDHITS,False,False,False,171600,780,49081238523.0,129,ASK,SHORT,1.0
LNG,2026-05-12 14:32:33.739083+00:00,CALL,300.0,2026-07-17,60462,390,394,206,244.09,REPEATEDHITSASCENDINGFILL,False,False,False,0,55347,49081238523.0,66,BID,SHORT,0.5
LNG,2026-05-11 16:42:09.118444+00:00,PUT,245.0,2026-06-05,50400,56,56,12,243.24,REPEATEDHITS,False,False,False,50400,0,49081238523.0,25,ASK,SHORT,1.0
LNG,2026-05-04 17:17:33.741862+00:00,CALL,270.0,2026-05-29,86920,73,73,18,272.55,REPEATEDHITS,False,False,False,6000,80920,49081238523.0,25,BID,SHORT,0.5
LNG,2026-05-04 17:15:38.388869+00:00,PUT,275.0,2026-05-08,65516,78,84,20,272.865,REPEATEDHITSASCENDINGFILL,True,False,False,65516,0,49081238523.0,4,ASK,SHORT,1.0
LNG,2026-05-01 13:55:27.817141+00:00,CALL,265.0,2026-05-29,81920,63,63,7,269.3175,REPEATEDHITS,False,False,False,2620,79300,49081238523.0,28,BID,SHORT,0.5
LOW,2026-06-24 18:37:20.789696+00:00,PUT,215.0,2026-07-02,52325,327,341,31,221.58,REPEATEDHITS,False,False,False,0,52325,119733381535.0,8,BID,LONG,0.5
LOW,2026-06-24 17:53:58.700977+00:00,CALL,230.0,2026-08-21,174795,230,476,65,220.32,REPEATEDHITS,False,False,False,174795,0,119733381535.0,58,ASK,LONG,1.0
LOW,2026-06-24 17:17:32.930048+00:00,PUT,230.0,2026-08-21,63080,38,41,9,220.82,REPEATEDHITS,True,False,False,63080,0,119733381535.0,58,ASK,SHORT,1.0
LOW,2026-06-24 16:39:41.068655+00:00,CALL,217.5,2026-07-10,79790,101,101,1,221.02,REPEATEDHITS,False,False,False,0,79790,119733381535.0,16,BID,SHORT,0.5
LOW,2026-06-24 14:57:33.560325+00:00,PUT,205.0,2026-07-17,60300,335,346,69,219.87,REPEATEDHITS,False,False,False,0,60300,119733381535.0,23,BID,LONG,0.5
LOW,2026-06-24 14:23:09.275652+00:00,PUT,212.5,2026-07-17,127655,345,350,10,219.53,REPEATEDHITSDESCENDINGFILL,False,False,False,0,127655,119733381535.0,23,BID,LONG,0.5
LOW,2026-06-23 13:54:02.133591+00:00,PUT,220.0,2026-06-26,125800,185,189,74,214.29,REPEATEDHITS,False,False,False,125800,0,119733381535.0,3,ASK,SHORT,1.0
LOW,2026-06-22 14:06:35.684439+00:00,CALL,232.5,2026-07-02,57390,574,792,26,217.655,REPEATEDHITSDESCENDINGFILL,False,False,False,57295,95,119733381535.0,10,ASK,LONG,1.0
LOW,2026-06-18 14:52:24.613332+00:00,CALL,260.0,2026-10-16,131514,274,283,144,223.865,REPEATEDHITSDESCENDINGFILL,False,False,False,131514,0,119733381535.0,120,ASK,LONG,1.0
LOW,2026-06-17 17:32:48.511329+00:00,PUT,230.0,2026-06-26,321712,383,383,44,223.36,REPEATEDHITSDESCENDINGFILL,False,False,False,321712,0,119733381535.0,9,ASK,SHORT,1.0
LOW,2026-06-17 15:39:13.101418+00:00,CALL,240.0,2026-07-10,66200,331,331,6,225.37,REPEATEDHITS,False,False,False,66200,0,119733381535.0,23,ASK,LONG,1.0
LOW,2026-06-17 15:18:44.904179+00:00,CALL,230.0,2026-06-26,78295,348,391,192,224.315,REPEATEDHITSDESCENDINGFILL,False,False,False,78295,0,119733381535.0,9,ASK,LONG,1.0
LOW,2026-06-16 16:28:47.190576+00:00,CALL,227.5,2026-07-02,89040,212,214,1,223.54,REPEATEDHITS,False,False,False,0,89040,119733381535.0,16,BID,SHORT,0.5
LOW,2026-06-16 14:44:04.544907+00:00,CALL,240.0,2026-07-02,96132,625,625,41,224.66,REPEATEDHITSASCENDINGFILL,False,False,False,96132,0,119733381535.0,16,ASK,LONG,1.0
LOW,2026-06-11 16:33:46.761437+00:00,CALL,227.5,2026-06-26,73200,366,367,4,216.3,REPEATEDHITS,False,False,False,73200,0,119733381535.0,15,ASK,LONG,1.0
LOW,2026-06-10 18:30:34.041291+00:00,CALL,225.0,2026-07-10,132000,300,300,1,215.65,REPEATEDHITS,False,False,False,132000,0,119733381535.0,30,ASK,LONG,1.0
LOW,2026-06-10 15:52:16.834075+00:00,CALL,222.5,2026-06-18,78930,385,406,177,216.2,REPEATEDHITS,False,False,False,0,78930,119733381535.0,8,BID,SHORT,0.5
LOW,2026-06-08 15:43:18.781733+00:00,PUT,210.0,2026-07-02,221100,335,335,8,209.88,REPEATEDHITS,False,False,False,207240,0,119733381535.0,24,ASK,SHORT,1.0
LOW,2026-06-08 14:23:55.521664+00:00,CALL,210.0,2026-06-12,56365,131,619,100,211.89,REPEATEDHITSDESCENDINGFILL,False,False,False,0,56365,119733381535.0,4,BID,SHORT,0.5
LOW,2026-06-03 17:19:25.374278+00:00,PUT,207.5,2026-06-18,120945,205,206,120,206.055,REPEATEDHITS,False,False,False,120945,0,119733381535.0,15,ASK,SHORT,1.0
LOW,2026-06-01 17:54:34.178354+00:00,CALL,220.0,2026-06-12,114193,750,759,75,209.01,REPEATEDHITSDESCENDINGFILL,False,False,False,114193,0,119733381535.0,11,ASK,LONG,1.0
LOW,2026-06-01 16:45:04.016509+00:00,PUT,205.0,2026-06-12,91197,285,289,60,208.92,REPEATEDHITS,False,False,False,91197,0,119733381535.0,11,ASK,SHORT,1.0
LOW,2026-05-29 18:35:47.043350+00:00,CALL,215.0,2026-06-12,65280,128,134,45,214.69,REPEATEDHITS,False,False,False,58650,0,119733381535.0,14,ASK,LONG,1.0
LOW,2026-05-26 19:46:35.684324+00:00,CALL,210.0,2026-09-18,120400,70,75,48,212.24,REPEATEDHITS,False,False,False,120400,0,119733381535.0,115,ASK,LONG,1.0
LOW,2026-05-26 15:04:24.554324+00:00,PUT,210.0,2026-06-05,107440,316,329,45,213.345,REPEATEDHITS,False,False,False,107440,0,119733381535.0,10,ASK,SHORT,1.0
LOW,2026-05-26 14:48:23.003383+00:00,CALL,260.0,2026-12-18,137064,214,524,199,213.27,REPEATEDHITSDESCENDINGFILL,False,False,False,0,137064,119733381535.0,206,BID,SHORT,0.5
LOW,2026-05-26 14:38:38.127632+00:00,PUT,200.0,2026-07-17,221440,515,515,168,213.35,REPEATEDHITSDESCENDINGFILL,False,False,False,219720,0,119733381535.0,52,ASK,SHORT,1.0
LOW,2026-05-22 17:50:43.059287+00:00,CALL,222.5,2026-06-18,53710,131,133,40,214.98,REPEATEDHITS,False,False,False,53710,0,119733381535.0,27,ASK,LONG,1.0
LOW,2026-05-22 14:44:41.571442+00:00,PUT,190.0,2027-06-17,133300,86,86,1,213.67,REPEATEDHITS,False,False,False,133300,0,119733381535.0,391,ASK,SHORT,1.0
LOW,2026-05-22 14:44:33.547841+00:00,CALL,210.0,2026-07-17,123000,100,100,28,213.57,REPEATEDHITS,False,False,False,0,123000,119733381535.0,56,BID,SHORT,0.5
LOW,2026-05-21 17:50:10.533230+00:00,PUT,215.0,2026-06-18,106190,180,257,29,218.07,REPEATEDHITS,False,False,False,105610,580,119733381535.0,28,ASK,SHORT,1.0
LOW,2026-05-21 16:14:53.878198+00:00,PUT,185.0,2026-12-18,162240,208,210,38,215.76,REPEATEDHITS,False,False,False,0,162240,119733381535.0,211,BID,LONG,0.5
LOW,2026-05-20 19:39:55.620848+00:00,CALL,235.0,2026-06-18,60945,230,249,14,220.74,REPEATEDHITS,False,False,False,60945,0,119733381535.0,29,ASK,LONG,1.0
LOW,2026-05-19 19:44:29.957322+00:00,CALL,225.0,2026-06-18,87680,137,143,16,219.025,REPEATEDHITS,False,False,False,0,87680,119733381535.0,30,BID,SHORT,0.5
LOW,2026-05-19 16:27:02.994627+00:00,PUT,215.0,2026-06-05,380700,705,715,31,219.85,REPEATEDHITS,False,False,False,380700,0,119733381535.0,17,ASK,SHORT,1.0
LOW,2026-05-19 14:39:23.249774+00:00,PUT,222.5,2026-06-05,75052,79,79,0,218.93,REPEATEDHITS,False,False,False,0,75052,119733381535.0,17,BID,LONG,0.5
LOW,2026-05-19 13:54:03.618432+00:00,PUT,215.0,2026-05-29,62220,102,103,92,216.46,REPEATEDHITS,False,False,False,7930,54290,119733381535.0,10,BID,LONG,0.5
LOW,2026-05-18 16:14:58.088435+00:00,PUT,217.5,2026-05-22,72000,150,752,25,220.22,REPEATEDHITS,True,False,False,40800,28800,119733381535.0,4,ASK,SHORT,1.0
LOW,2026-05-18 15:42:41.069431+00:00,PUT,217.5,2026-05-22,89760,187,501,25,220.63,REPEATEDHITS,False,False,False,0,89760,119733381535.0,4,BID,LONG,0.5
LOW,2026-05-18 15:42:37.260426+00:00,PUT,217.5,2026-05-22,78070,167,314,25,220.63,REPEATEDHITSASCENDINGFILL,False,False,False,54570,23500,119733381535.0,4,ASK,SHORT,1.0
LOW,2026-05-15 16:26:01.137191+00:00,PUT,225.0,2026-05-22,145963,164,165,48,219.72,REPEATEDHITSASCENDINGFILL,False,False,False,0,145963,119733381535.0,7,BID,LONG,0.5
LOW,2026-05-15 15:56:23.284052+00:00,CALL,220.0,2026-06-05,174397,218,223,9,219.5,REPEATEDHITS,False,False,False,162397,12000,119733381535.0,21,ASK,LONG,1.0
LOW,2026-05-14 16:05:16.204191+00:00,CALL,240.0,2026-09-18,416303,382,382,329,224.0,REPEATEDHITSASCENDINGFILL,False,False,False,415223,1080,119733381535.0,127,ASK,LONG,1.0
LOW,2026-05-13 16:37:00.472058+00:00,PUT,245.0,2026-05-22,221861,87,93,30,219.77,REPEATEDHITS,True,False,False,0,221861,119733381535.0,9,BID,LONG,0.5
LOW,2026-05-13 14:56:06.466882+00:00,PUT,190.0,2026-10-16,224895,357,357,4,219.63,REPEATEDHITSDESCENDINGFILL,False,False,False,224895,0,119733381535.0,156,ASK,SHORT,1.0
LOW,2026-05-04 19:25:49.795008+00:00,PUT,195.0,2027-03-19,107360,88,90,2,224.69,REPEATEDHITS,False,False,False,0,107360,119733381535.0,319,BID,LONG,0.5
LOW,2026-04-30 19:15:12.730591+00:00,PUT,210.0,2026-10-16,111816,138,801,39,238.87,REPEATEDHITSDESCENDINGFILL,False,False,False,0,111816,119733381535.0,169,BID,LONG,0.5
LOW,2026-04-30 18:36:18.116905+00:00,PUT,210.0,2026-10-16,88811,107,607,39,238.27,REPEATEDHITS,False,False,False,0,88811,119733381535.0,169,BID,LONG,0.5
LOW,2026-04-30 16:18:37.618009+00:00,PUT,240.0,2026-05-29,160950,145,145,23,236.29,REPEATEDHITS,False,False,False,160950,0,119733381535.0,29,ASK,SHORT,1.0
LOW,2026-04-29 19:25:12.779832+00:00,CALL,227.5,2026-05-01,88686,143,143,1,232.2,REPEATEDHITSASCENDINGFILL,False,False,False,14280,74406,119733381535.0,2,BID,SHORT,0.5
LQD,2026-06-24 17:42:31.450343+00:00,CALL,109.5,2026-07-02,13891,479,10623,146,109.51,REPEATEDHITS,True,False,False,13891,0,28970709478.0,8,ASK,LONG,1.0
LQD,2026-06-23 16:57:39.407335+00:00,PUT,106.5,2026-07-17,19652,1156,1156,0,109.075,REPEATEDHITS,False,False,False,19652,0,28970709478.0,24,ASK,SHORT,1.0
LQD,2026-06-23 16:41:30.815135+00:00,CALL,109.0,2026-07-10,50024,962,962,567,109.105,REPEATEDHITS,False,False,False,50024,0,28970709478.0,17,ASK,LONG,1.0
LQD,2026-06-23 15:38:24.092593+00:00,PUT,108.0,2026-07-10,36484,1303,1303,6,109.0,REPEATEDHITS,False,False,False,36484,0,28970709478.0,17,ASK,SHORT,1.0
LQD,2026-06-23 14:25:03.367161+00:00,CALL,109.5,2026-07-17,58560,1952,2870,178,108.98,REPEATEDHITS,False,False,False,58560,0,28970709478.0,24,ASK,LONG,1.0
LQD,2026-06-23 14:04:22.602115+00:00,CALL,109.5,2026-07-17,26564,916,916,178,109.005,REPEATEDHITS,False,False,False,26564,0,28970709478.0,24,ASK,LONG,1.0
LQD,2026-06-22 18:51:13.642467+00:00,PUT,108.0,2026-07-24,20904,402,402,0,108.735,REPEATEDHITS,False,False,False,20904,0,28970709478.0,32,ASK,SHORT,1.0
LQD,2026-06-22 18:05:27.276503+00:00,CALL,108.5,2026-07-17,33408,522,1400,0,108.68,REPEATEDHITS,False,False,False,2880,30528,28970709478.0,25,BID,SHORT,0.5
LQD,2026-06-22 17:49:33.220254+00:00,PUT,109.0,2026-08-21,17446,122,122,10,108.63,REPEATEDHITS,False,False,False,17446,0,28970709478.0,60,ASK,SHORT,1.0
LQD,2026-06-22 15:49:16.974278+00:00,PUT,107.5,2026-07-24,21935,535,535,0,108.69,REPEATEDHITS,False,False,False,21935,0,28970709478.0,32,ASK,SHORT,1.0
LQD,2026-06-22 15:01:52.087077+00:00,CALL,108.5,2026-07-24,19600,245,245,32,108.74,REPEATEDHITS,False,False,False,19600,0,28970709478.0,32,ASK,LONG,1.0
LQD,2026-06-22 14:39:06.206726+00:00,PUT,105.0,2026-12-18,18070,139,139,23,108.665,REPEATEDHITS,False,False,False,130,0,28970709478.0,179,ASK,SHORT,1.0
LQD,2026-06-18 17:08:28.660531+00:00,CALL,109.0,2026-07-24,18225,225,225,35,109.155,REPEATEDHITS,False,False,False,0,18225,28970709478.0,36,BID,SHORT,0.5
LQD,2026-06-17 18:05:10.890066+00:00,PUT,108.5,2026-07-10,25842,438,438,5,108.855,REPEATEDHITS,False,False,False,25842,0,28970709478.0,23,ASK,SHORT,1.0
LQD,2026-06-17 17:08:31.993449+00:00,CALL,110.0,2026-07-10,11902,541,541,9,109.26,REPEATEDHITS,False,False,False,11902,0,28970709478.0,23,ASK,LONG,1.0
LQD,2026-06-16 19:25:09.498825+00:00,CALL,110.0,2026-06-26,10992,916,8468,204,109.255,REPEATEDHITS,False,False,False,10992,0,28970709478.0,10,ASK,LONG,1.0
LQD,2026-06-16 15:55:14.766168+00:00,CALL,109.5,2026-07-24,40600,700,790,0,109.225,REPEATEDHITS,False,False,False,30450,10150,28970709478.0,38,ASK,LONG,1.0
LQD,2026-06-16 13:55:30.969659+00:00,PUT,112.0,2026-09-18,40470,114,114,80,109.12,REPEATEDHITS,False,False,False,0,40470,28970709478.0,94,BID,LONG,0.5
LQD,2026-06-15 14:38:33.437169+00:00,PUT,107.0,2026-08-21,1590000,30000,30000,20654,109.24,LOWHISTORICVOLUMEFLOOR,False,True,True,0,1590000,28970709478.0,67,BID,LONG,0.5
LQD,2026-06-12 17:57:30.292192+00:00,PUT,110.0,2026-07-17,13376,88,88,63,108.965,REPEATEDHITS,False,False,False,13376,0,28970709478.0,35,ASK,SHORT,1.0
LQD,2026-06-12 15:06:35.763494+00:00,CALL,104.0,2026-09-18,65100,124,150,0,108.955,REPEATEDHITS,True,False,False,65100,0,28970709478.0,98,ASK,LONG,1.0
LQD,2026-06-11 13:45:32.789721+00:00,CALL,108.5,2026-07-10,19175,295,295,0,108.42,REPEATEDHITS,False,False,False,19175,0,28970709478.0,29,ASK,LONG,1.0
LQD,2026-06-09 15:31:20.707706+00:00,PUT,108.5,2026-06-26,26625,355,356,61,108.1,REPEATEDHITS,False,False,False,26625,0,28970709478.0,17,ASK,SHORT,1.0
LQD,2026-06-09 14:08:42.073106+00:00,PUT,108.0,2026-06-12,50853,3000,3000,1427,108.3104,REPEATEDHITSDESCENDINGFILL,False,False,False,50853,0,28970709478.0,3,ASK,SHORT,1.0
LQD,2026-06-04 19:37:47.149630+00:00,PUT,112.0,2026-09-18,28127,75,75,5,108.875,REPEATEDHITS,False,False,False,0,28127,28970709478.0,106,BID,LONG,0.5
LQD,2026-05-28 14:12:56.738619+00:00,CALL,109.5,2026-06-26,22000,500,500,8,108.955,REPEATEDHITS,False,False,False,22000,0,28970709478.0,29,ASK,LONG,1.0
LQD,2026-05-26 19:58:33.508937+00:00,PUT,107.0,2026-06-26,14945,427,4197,2,108.8154,REPEATEDHITS,False,False,False,14245,0,28970709478.0,31,ASK,SHORT,1.0
LQD,2026-05-26 18:34:11.471669+00:00,CALL,109.0,2026-07-02,27200,425,500,4,108.7869,REPEATEDHITS,False,False,False,27200,0,28970709478.0,37,ASK,LONG,1.0
LQD,2026-05-26 18:08:07.890637+00:00,CALL,109.5,2026-06-12,18160,908,908,504,108.725,REPEATEDHITS,False,False,False,18160,0,28970709478.0,17,ASK,LONG,1.0
LQD,2026-05-26 15:48:24.469108+00:00,CALL,109.0,2026-06-05,22464,832,905,795,108.725,REPEATEDHITS,False,False,False,22464,0,28970709478.0,10,ASK,LONG,1.0
LQD,2026-05-26 15:37:55.025462+00:00,CALL,109.5,2026-06-05,33810,3381,3409,317,108.685,REPEATEDHITS,False,False,False,33810,0,28970709478.0,10,ASK,LONG,1.0
LQD,2026-05-22 14:48:42.017571+00:00,PUT,108.0,2026-11-20,44422,167,167,53,108.125,REPEATEDHITS,False,False,False,0,44422,28970709478.0,182,BID,LONG,0.5
LQD,2026-05-21 17:41:42.625065+00:00,CALL,108.5,2026-06-18,30800,550,550,248,108.085,REPEATEDHITS,False,False,False,30800,0,28970709478.0,28,ASK,LONG,1.0
LQD,2026-05-19 16:35:51.122732+00:00,PUT,106.0,2027-05-21,25546,69,136,30,107.2,REPEATEDHITS,False,False,False,0,25546,28970709478.0,367,BID,LONG,0.5
LQD,2026-05-19 16:18:25.893632+00:00,PUT,105.0,2027-05-21,18090,54,95,34,107.095,REPEATEDHITS,False,False,False,0,18090,28970709478.0,367,BID,LONG,0.5
LQD,2026-05-19 15:18:25.641640+00:00,CALL,107.5,2026-06-18,31500,500,1000,0,107.125,REPEATEDHITS,False,False,False,23625,7875,28970709478.0,30,ASK,LONG,1.0
LQD,2026-05-19 15:02:05.543510+00:00,CALL,107.0,2026-05-29,19220,310,310,6,107.07,REPEATEDHITS,False,False,False,5580,13640,28970709478.0,10,BID,SHORT,0.5
LQD,2026-05-19 15:01:14.240992+00:00,PUT,107.0,2026-05-29,23046,501,724,313,107.09,REPEATEDHITS,False,False,False,9016,14030,28970709478.0,10,BID,LONG,0.5
LQD,2026-05-19 14:29:13.048341+00:00,PUT,106.0,2026-11-20,11520,45,45,27,106.94,REPEATEDHITS,False,False,False,11520,0,28970709478.0,185,ASK,SHORT,1.0
LQD,2026-05-18 16:35:56.380525+00:00,PUT,108.0,2026-05-22,10321,266,2628,83,107.8308,REPEATEDHITSASCENDINGFILL,False,False,False,9979,342,28970709478.0,4,ASK,SHORT,1.0
LQD,2026-05-18 16:35:33.359411+00:00,PUT,108.0,2026-05-22,14128,362,2362,83,107.8201,REPEATEDHITS,False,False,False,14128,0,28970709478.0,4,ASK,SHORT,1.0
LQD,2026-05-18 13:37:01.286973+00:00,PUT,102.0,2026-07-17,16000,1000,1000,0,107.925,REPEATEDHITS,False,False,False,0,16000,28970709478.0,60,BID,LONG,0.5
LQD,2026-05-12 18:54:53.518446+00:00,CALL,109.0,2026-06-18,570000,10000,10502,1437,108.455,FLOORTRADELARGECAP,False,True,False,570000,0,28970709478.0,37,ASK,LONG,1.0
LQD,2026-05-12 14:36:57.043851+00:00,PUT,103.0,2026-09-18,165000,2500,2500,80,108.525,FLOORTRADELARGECAP,False,True,True,165000,0,28970709478.0,129,ASK,SHORT,1.0
LQD,2026-05-12 13:58:03.099379+00:00,PUT,101.0,2026-11-20,11799,171,171,0,108.525,REPEATEDHITS,False,False,False,0,11799,28970709478.0,192,BID,LONG,0.5
LQD,2026-05-06 14:45:34.844709+00:00,CALL,109.5,2026-06-05,10400,160,268,6,109.31,REPEATEDHITS,False,False,False,10400,0,28970709478.0,30,ASK,LONG,1.0
LQD,2026-05-05 15:52:08.082645+00:00,PUT,110.0,2026-08-21,85050,350,350,115,108.73,REPEATEDHITS,False,False,False,0,85050,28970709478.0,108,BID,LONG,0.5
LQD,2026-04-28 14:15:46.345124+00:00,PUT,108.5,2026-05-01,17595,765,779,78,109.04,REPEATEDHITS,False,False,False,17595,0,28970709478.0,3,ASK,SHORT,1.0
LRCX,2026-06-24 17:25:54.478914+00:00,PUT,315.0,2026-07-17,101405,103,105,29,363.7199,REPEATEDHITSDESCENDINGFILL,True,False,False,17945,83460,464374529430.0,23,BID,LONG,0.5
LRCX,2026-06-24 16:50:15.163721+00:00,PUT,320.0,2027-03-19,326235,54,70,43,368.23,REPEATEDHITSASCENDINGFILL,False,False,False,247845,78390,464374529430.0,268,ASK,SHORT,1.0
LRCX,2026-06-24 14:26:22.994046+00:00,PUT,400.0,2026-09-18,1600031,223,223,207,369.78,REPEATEDHITSASCENDINGFILL,False,False,False,7180,1592851,464374529430.0,86,BID,LONG,0.5
LRCX,2026-06-24 14:22:19.952789+00:00,CALL,385.0,2026-06-26,211995,415,4647,402,367.77,REPEATEDHITSASCENDINGFILL,False,False,False,15965,196030,464374529430.0,2,BID,SHORT,0.5
LRCX,2026-06-24 14:22:03.518385+00:00,CALL,385.0,2026-06-26,228331,421,3845,402,368.3,REPEATEDHITSASCENDINGFILL,False,False,False,11270,213211,464374529430.0,2,BID,SHORT,0.5
LRCX,2026-06-24 14:11:33.348767+00:00,CALL,385.0,2026-06-26,275840,431,2383,402,371.4,REPEATEDHITS,True,False,False,272640,0,464374529430.0,2,ASK,LONG,1.0
LRCX,2026-06-24 14:11:08.703169+00:00,CALL,385.0,2026-06-26,338650,521,1835,402,371.37,REPEATEDHITS,True,False,False,338650,0,464374529430.0,2,ASK,LONG,1.0
LRCX,2026-06-24 14:10:52.058728+00:00,CALL,385.0,2026-06-26,384300,565,976,402,372.3175,REPEATEDHITSDESCENDINGFILL,True,False,False,384300,0,464374529430.0,2,ASK,LONG,1.0
LRCX,2026-06-23 19:36:37.202468+00:00,PUT,400.0,2026-10-16,237750,30,112,25,372.66,REPEATEDHITS,False,False,False,158500,0,464374529430.0,115,ASK,SHORT,1.0
LRCX,2026-06-23 19:36:33.196306+00:00,PUT,400.0,2026-10-16,554400,70,82,25,372.78,REPEATEDHITS,False,False,False,277200,0,464374529430.0,115,ASK,SHORT,1.0
LRCX,2026-06-23 19:06:01.376685+00:00,CALL,455.0,2026-07-17,153872,200,3415,22,371.98,REPEATEDHITSASCENDINGFILL,False,False,False,153872,0,464374529430.0,24,ASK,LONG,1.0
LRCX,2026-06-23 18:53:59.828868+00:00,PUT,365.0,2026-07-17,105305,37,79,8,367.48,REPEATEDHITSASCENDINGFILL,True,False,False,93885,11420,464374529430.0,24,ASK,SHORT,1.0
LRCX,2026-06-23 18:53:59.828868+00:00,PUT,355.0,2026-07-17,146274,62,68,31,367.48,REPEATEDHITSDESCENDINGFILL,True,False,False,129794,16480,464374529430.0,24,ASK,SHORT,1.0
LRCX,2026-06-23 18:47:14.885540+00:00,PUT,345.0,2026-07-17,237075,126,131,4,368.34,REPEATEDHITSDESCENDINGFILL,False,False,False,120640,41135,464374529430.0,24,ASK,SHORT,1.0
LRCX,2026-06-23 18:11:19.676061+00:00,PUT,380.0,2026-10-16,1215900,180,250,118,370.71,REPEATEDHITS,False,False,False,0,1215900,464374529430.0,115,BID,LONG,0.5
LRCX,2026-06-23 16:44:08.758252+00:00,PUT,325.0,2026-07-17,107500,100,115,28,373.955,REPEATEDHITS,False,False,False,77400,6450,464374529430.0,24,ASK,SHORT,1.0
LRCX,2026-06-23 16:39:00.613106+00:00,CALL,455.0,2026-07-17,192190,250,1019,22,371.94,REPEATEDHITSASCENDINGFILL,False,False,False,192190,0,464374529430.0,24,ASK,LONG,1.0
LRCX,2026-06-23 16:25:45.525911+00:00,CALL,455.0,2026-07-17,350154,450,459,22,372.74,REPEATEDHITSASCENDINGFILL,False,False,False,350154,0,464374529430.0,24,ASK,LONG,1.0
LRCX,2026-06-23 14:49:07.911427+00:00,CALL,600.0,2026-12-18,161662,60,141,19,369.3,REPEATEDHITSDESCENDINGFILL,False,False,False,158967,0,464374529430.0,178,ASK,LONG,1.0
LRCX,2026-06-23 13:53:09.036368+00:00,CALL,590.0,2026-12-18,356275,125,125,53,372.1,REPEATEDHITSDESCENDINGFILL,False,False,False,185725,170550,464374529430.0,178,ASK,LONG,1.0
LRCX,2026-06-23 13:53:04.627751+00:00,CALL,560.0,2027-01-15,271575,71,71,60,371.89,REPEATEDHITS,True,False,False,271575,0,464374529430.0,206,ASK,LONG,1.0
LRCX,2026-06-23 13:53:04.627751+00:00,CALL,550.0,2027-03-19,116985,23,23,10,371.89,REPEATEDHITSASCENDINGFILL,True,False,False,116985,0,464374529430.0,269,ASK,LONG,1.0
LRCX,2026-06-22 19:50:58.395632+00:00,CALL,445.0,2026-07-02,108040,145,157,1,402.88,REPEATEDHITSASCENDINGFILL,True,False,False,108040,0,464374529430.0,10,ASK,LONG,1.0
LRCX,2026-06-22 19:50:58.395632+00:00,CALL,437.5,2026-07-02,159020,171,181,0,402.88,REPEATEDHITS,True,False,False,159020,0,464374529430.0,10,ASK,LONG,1.0
LRCX,2026-06-22 19:50:52.788308+00:00,CALL,590.0,2027-01-15,215000,50,57,17,402.67,REPEATEDHITS,False,False,False,0,129000,464374529430.0,207,BID,SHORT,0.5
LRCX,2026-06-22 19:21:13.486868+00:00,CALL,405.0,2026-07-17,106640,38,132,0,395.09,REPEATEDHITS,True,False,False,42125,39270,464374529430.0,25,ASK,LONG,1.0
LRCX,2026-06-22 15:26:05.696101+00:00,CALL,402.5,2026-07-17,196350,66,129,0,395.27,REPEATEDHITS,True,False,False,0,196350,464374529430.0,25,BID,SHORT,0.5
LRCX,2026-06-22 15:24:31.579398+00:00,PUT,400.0,2028-01-21,320000,25,27,23,395.0375,REPEATEDHITS,False,False,False,0,281600,464374529430.0,578,BID,LONG,0.5
LRCX,2026-06-22 14:01:03.806507+00:00,CALL,397.5,2026-07-10,84640,32,158,0,395.315,REPEATEDHITS,False,False,False,84640,0,464374529430.0,18,ASK,LONG,1.0
LRCX,2026-06-22 14:00:38.749680+00:00,CALL,397.5,2026-07-10,253770,94,94,0,395.535,REPEATEDHITSASCENDINGFILL,True,False,False,40840,212930,464374529430.0,18,BID,SHORT,0.5
LRCX,2026-06-22 13:49:01.536209+00:00,PUT,405.0,2026-07-17,100940,28,28,0,398.0,REPEATEDHITS,False,False,False,75705,25235,464374529430.0,25,ASK,SHORT,1.0
LRCX,2026-06-22 13:46:46.260997+00:00,CALL,580.0,2026-09-18,68200,40,40,36,394.415,REPEATEDHITS,False,False,False,68200,0,464374529430.0,88,ASK,LONG,1.0
LRCX,2026-06-22 13:41:07.339174+00:00,PUT,372.5,2026-07-10,52780,33,33,0,400.46,REPEATEDHITSASCENDINGFILL,False,False,False,17710,35070,464374529430.0,18,BID,LONG,0.5
LRCX,2026-06-18 19:46:42.863053+00:00,CALL,570.0,2026-11-20,117530,33,33,0,396.03,REPEATEDHITSDESCENDINGFILL,False,False,False,81980,35550,464374529430.0,155,ASK,LONG,1.0
LRCX,2026-06-18 19:32:50.581883+00:00,CALL,570.0,2026-09-18,128450,70,76,0,392.13,REPEATEDHITS,False,False,False,18350,0,464374529430.0,92,ASK,LONG,1.0
LRCX,2026-06-18 19:28:33.208144+00:00,CALL,530.0,2026-07-17,60750,150,238,26,393.36,REPEATEDHITS,False,False,False,0,60750,464374529430.0,29,BID,SHORT,0.5
LRCX,2026-06-18 18:20:24.264300+00:00,PUT,310.0,2026-07-10,91453,244,245,137,392.47,REPEATEDHITSDESCENDINGFILL,False,False,False,91113,340,464374529430.0,22,ASK,SHORT,1.0
LRCX,2026-06-18 17:48:39.253182+00:00,CALL,390.0,2026-07-10,298485,93,103,81,396.335,REPEATEDHITSDESCENDINGFILL,False,False,False,295315,3170,464374529430.0,22,ASK,LONG,1.0
LRCX,2026-06-18 15:48:07.347853+00:00,PUT,372.5,2026-07-02,58960,44,45,18,395.205,REPEATEDHITS,False,False,False,58960,0,464374529430.0,14,ASK,SHORT,1.0
LRCX,2026-06-18 15:23:22.606672+00:00,CALL,422.5,2026-06-26,86930,116,293,6,394.84,REPEATEDHITSASCENDINGFILL,False,False,False,64890,22040,464374529430.0,8,ASK,LONG,1.0
LRCX,2026-06-18 15:21:18.665042+00:00,PUT,450.0,2026-09-18,1067285,113,115,7,395.63,REPEATEDHITS,False,False,False,0,1067285,464374529430.0,92,BID,LONG,0.5
LRCX,2026-06-18 14:47:42.969630+00:00,PUT,397.5,2026-06-18,52800,96,269,4,395.44,REPEATEDHITS,True,False,False,0,52800,464374529430.0,0,BID,LONG,0.5
LRCX,2026-06-18 14:34:21.058392+00:00,CALL,380.0,2026-07-02,398088,121,127,90,394.525,REPEATEDHITS,False,False,False,398088,0,464374529430.0,14,ASK,LONG,1.0
LRCX,2026-06-18 13:40:13.344596+00:00,CALL,410.0,2026-06-18,331760,1595,1636,989,398.44,REPEATEDHITS,False,False,False,0,331760,464374529430.0,0,BID,SHORT,0.5
LRCX,2026-06-17 17:41:27.268778+00:00,PUT,350.0,2026-07-10,248300,191,302,34,384.65,REPEATEDHITS,False,False,False,248300,0,464374529430.0,23,ASK,SHORT,1.0
LRCX,2026-06-17 17:24:22.564513+00:00,PUT,380.0,2026-09-18,277680,51,55,39,384.8001,REPEATEDHITSDESCENDINGFILL,False,False,False,158105,119575,464374529430.0,93,ASK,SHORT,1.0
LRCX,2026-06-17 15:27:19.508634+00:00,CALL,530.0,2026-08-21,84300,60,60,35,388.81,REPEATEDHITS,False,False,False,0,84300,464374529430.0,65,BID,SHORT,0.5
LRCX,2026-06-17 15:20:21.608415+00:00,PUT,407.5,2026-06-26,78540,26,26,6,389.07,REPEATEDHITSDESCENDINGFILL,True,False,False,39330,39210,464374529430.0,9,ASK,SHORT,1.0
LRCX,2026-06-17 14:23:17.087644+00:00,PUT,410.0,2026-10-16,297360,39,39,6,393.7,REPEATEDHITSDESCENDINGFILL,False,False,False,190750,106610,464374529430.0,121,ASK,SHORT,1.0
LRCX,2026-06-17 14:23:17.087644+00:00,PUT,400.0,2026-10-16,140495,20,20,7,393.7,REPEATEDHITSDESCENDINGFILL,False,False,False,63280,63155,464374529430.0,121,ASK,SHORT,1.0
LUV,2026-06-24 18:40:07.981842+00:00,CALL,53.0,2026-07-17,19079,129,5170,10,50.785,REPEATEDHITSDESCENDINGFILL,True,False,False,13423,5656,24150309159.0,23,ASK,LONG,1.0
LUV,2026-06-24 18:39:23.918838+00:00,CALL,53.0,2026-07-17,41569,279,5039,10,50.805,REPEATEDHITS,True,False,False,27414,14155,24150309159.0,23,ASK,LONG,1.0
LUV,2026-06-24 18:39:00.473529+00:00,CALL,53.0,2026-07-17,29586,204,4734,10,50.83,REPEATEDHITS,False,False,False,27703,1883,24150309159.0,23,ASK,LONG,1.0
LUV,2026-06-24 18:36:08.106723+00:00,CALL,53.0,2026-07-17,249337,1800,4530,10,50.735,REPEATEDHITSASCENDINGFILL,True,False,False,19710,229627,24150309159.0,23,BID,SHORT,0.5
LUV,2026-06-24 17:45:51.113586+00:00,PUT,48.5,2026-07-02,11468,188,188,3,50.5,REPEATEDHITS,False,False,False,11468,0,24150309159.0,8,ASK,SHORT,1.0
LUV,2026-06-24 16:40:06.902330+00:00,CALL,53.0,2026-07-17,109115,785,2308,10,50.78,REPEATEDHITS,False,False,False,92435,16680,24150309159.0,23,ASK,LONG,1.0
LUV,2026-06-24 16:39:09.387271+00:00,CALL,53.0,2026-07-17,71499,500,1523,10,50.81,REPEATEDHITS,False,False,False,71357,0,24150309159.0,23,ASK,LONG,1.0
LUV,2026-06-23 19:40:45.343674+00:00,CALL,51.0,2026-07-17,15300,100,163,82,49.42,REPEATEDHITS,False,False,False,0,15300,24150309159.0,24,BID,SHORT,0.5
LUV,2026-06-23 14:34:40.836496+00:00,PUT,42.5,2026-08-21,32314,302,303,1,49.41,REPEATEDHITS,False,False,False,32314,0,24150309159.0,59,ASK,SHORT,1.0
LUV,2026-06-23 14:07:17.476281+00:00,CALL,50.0,2026-07-24,61112,212,214,23,49.65,REPEATEDHITSDESCENDINGFILL,True,False,False,24248,36000,24150309159.0,31,BID,SHORT,0.5
LUV,2026-06-22 15:57:10.208277+00:00,CALL,48.5,2026-07-10,112500,500,1000,0,48.82,REPEATEDHITS,False,False,False,45000,22725,24150309159.0,18,ASK,LONG,1.0
LUV,2026-06-22 13:52:41.381517+00:00,PUT,50.0,2026-08-21,20650,48,48,0,48.38,REPEATEDHITSASCENDINGFILL,True,False,False,3010,17640,24150309159.0,60,BID,LONG,0.5
LUV,2026-06-18 15:52:54.938358+00:00,CALL,49.0,2026-07-02,73450,565,574,30,48.25,REPEATEDHITS,False,False,False,0,73450,24150309159.0,14,BID,SHORT,0.5
LUV,2026-06-16 15:18:55.812382+00:00,PUT,47.5,2026-07-17,63140,308,1386,71,48.07,REPEATEDHITS,False,False,False,0,63140,24150309159.0,31,BID,LONG,0.5
LUV,2026-06-16 13:36:49.043066+00:00,CALL,48.0,2026-07-10,15405,67,67,9,48.0,REPEATEDHITS,True,False,False,15405,0,24150309159.0,24,ASK,LONG,1.0
LUV,2026-06-16 13:36:49.043066+00:00,CALL,46.0,2026-07-10,19320,56,56,26,47.9775,REPEATEDHITS,True,False,False,19320,0,24150309159.0,24,ASK,LONG,1.0
LUV,2026-06-15 13:38:39.340342+00:00,CALL,46.5,2026-06-18,71272,472,485,21,47.31,REPEATEDHITS,False,False,False,453,70366,24150309159.0,3,BID,SHORT,0.5
LUV,2026-06-12 18:20:39.500314+00:00,PUT,50.0,2026-07-31,82800,138,138,0,45.34,REPEATEDHITS,True,False,False,82200,600,24150309159.0,49,ASK,SHORT,1.0
LUV,2026-06-12 17:47:53.454543+00:00,PUT,42.5,2026-07-17,227520,1896,1920,649,45.69,REPEATEDHITS,False,False,False,0,227520,24150309159.0,35,BID,LONG,0.5
LUV,2026-06-12 17:03:55.197977+00:00,CALL,45.5,2026-06-12,11258,268,10701,41,45.495,REPEATEDHITSDESCENDINGFILL,False,False,False,0,11258,24150309159.0,0,BID,SHORT,0.5
LUV,2026-06-12 16:47:09.984460+00:00,CALL,45.5,2026-06-12,18796,508,1543,41,45.45,REPEATEDHITS,False,False,False,37,14097,24150309159.0,0,BID,SHORT,0.5
LUV,2026-06-12 13:53:02.153839+00:00,PUT,45.0,2026-06-12,39078,334,1335,21,44.03,REPEATEDHITS,True,False,False,12636,26442,24150309159.0,0,BID,LONG,0.5
LUV,2026-06-12 13:53:02.153839+00:00,PUT,45.0,2026-06-12,46492,394,1729,21,44.01,REPEATEDHITS,True,False,False,46492,0,24150309159.0,0,ASK,SHORT,1.0
LUV,2026-06-12 13:51:43.056763+00:00,PUT,45.0,2026-06-12,53025,505,670,21,44.21,REPEATEDHITS,True,False,False,29085,23940,24150309159.0,0,ASK,SHORT,1.0
LUV,2026-06-11 19:27:54.918679+00:00,CALL,52.5,2026-09-18,67678,483,483,473,43.5,REPEATEDHITSASCENDINGFILL,True,False,False,35280,28336,24150309159.0,99,ASK,LONG,1.0
LUV,2026-06-11 17:44:51.026852+00:00,PUT,43.0,2026-07-24,51150,186,186,2,43.12,REPEATEDHITS,False,False,False,0,51150,24150309159.0,43,BID,LONG,0.5
LUV,2026-06-11 17:44:51.026852+00:00,PUT,45.0,2026-07-24,110112,286,286,0,43.12,REPEATEDHITS,False,False,False,0,110112,24150309159.0,43,BID,LONG,0.5
LUV,2026-06-09 17:56:40.566516+00:00,PUT,42.0,2026-06-12,18723,237,4058,20,42.435,REPEATEDHITS,False,False,False,0,0,24150309159.0,3,MIXED,,0.0
LUV,2026-06-09 17:56:15.330250+00:00,PUT,42.0,2026-06-12,19173,231,3495,20,42.41,REPEATEDHITS,False,False,False,2075,0,24150309159.0,3,ASK,SHORT,1.0
LUV,2026-06-09 17:49:31.056798+00:00,PUT,42.0,2026-06-18,14426,100,324,21,42.19,REPEATEDHITSDESCENDINGFILL,False,False,False,14426,0,24150309159.0,9,ASK,SHORT,1.0
LUV,2026-06-09 16:42:17.390260+00:00,PUT,42.0,2026-06-12,146012,844,1939,20,41.07,REPEATEDHITS,False,False,False,0,146012,24150309159.0,3,BID,LONG,0.5
LUV,2026-06-09 16:42:17.390260+00:00,PUT,42.0,2026-06-12,88110,495,2962,20,41.04,REPEATEDHITS,False,False,False,0,88110,24150309159.0,3,BID,LONG,0.5
LUV,2026-06-09 16:41:47.148039+00:00,PUT,42.0,2026-06-12,13973,89,283,20,41.225,REPEATEDHITS,False,False,False,0,13973,24150309159.0,3,BID,LONG,0.5
LUV,2026-06-09 16:38:15.564173+00:00,PUT,41.0,2026-06-12,29256,456,487,340,41.865,REPEATEDHITS,False,False,False,1608,27648,24150309159.0,3,BID,LONG,0.5
LUV,2026-06-09 16:38:15.564173+00:00,PUT,41.5,2026-06-12,27405,315,340,61,41.865,REPEATEDHITS,False,False,False,27405,0,24150309159.0,3,ASK,SHORT,1.0
LUV,2026-06-09 13:44:02.834401+00:00,PUT,42.0,2026-06-18,14400,100,122,21,42.34,REPEATEDHITS,False,False,False,14400,0,24150309159.0,9,ASK,SHORT,1.0
LUV,2026-06-08 14:14:51.105276+00:00,CALL,42.0,2026-06-18,12240,120,124,35,41.53,REPEATEDHITS,False,False,False,0,12240,24150309159.0,10,BID,SHORT,0.5
LUV,2026-06-05 15:19:50.872136+00:00,PUT,45.0,2026-09-18,604000,1000,1000,749,41.71,FLOORTRADELARGECAP,False,True,True,0,604000,24150309159.0,105,BID,LONG,0.5
LUV,2026-06-04 16:50:04.692195+00:00,CALL,44.0,2026-06-18,31500,500,3031,96,41.41,REPEATEDHITS,False,False,False,0,31500,24150309159.0,14,BID,SHORT,0.5
LUV,2026-06-04 16:07:02.345424+00:00,CALL,44.0,2026-06-18,12670,181,2361,96,41.4497,REPEATEDHITS,False,False,False,5390,0,24150309159.0,14,ASK,LONG,1.0
LUV,2026-06-04 15:53:20.596725+00:00,CALL,44.0,2026-06-18,144000,2000,2050,96,41.475,FLOORTRADELARGECAP,False,True,False,0,144000,24150309159.0,14,BID,SHORT,0.5
LUV,2026-06-03 17:09:48.283235+00:00,CALL,40.0,2026-06-05,25398,166,169,68,41.15,REPEATEDHITS,False,False,False,25398,0,24150309159.0,2,ASK,LONG,1.0
LUV,2026-06-03 17:09:48.283235+00:00,CALL,40.5,2026-06-05,10617,92,153,56,41.15,REPEATEDHITSDESCENDINGFILL,False,False,False,1275,9342,24150309159.0,2,BID,SHORT,0.5
LUV,2026-06-03 17:09:48.283235+00:00,CALL,39.0,2026-06-12,16379,60,60,9,41.23,REPEATEDHITS,False,False,False,16107,272,24150309159.0,9,ASK,LONG,1.0
LUV,2026-06-01 17:43:33.481517+00:00,CALL,41.5,2026-06-05,486558,2718,2728,91,42.6,REPEATEDHITSDESCENDINGFILL,False,False,False,2184,484374,24150309159.0,4,BID,SHORT,0.5
LUV,2026-06-01 13:39:06.810350+00:00,PUT,41.0,2026-06-18,27924,179,179,13,41.84,REPEATEDHITS,False,False,False,27924,0,24150309159.0,17,ASK,SHORT,1.0
LUV,2026-05-29 19:14:24.935631+00:00,CALL,45.0,2026-06-26,20364,129,130,56,43.2,REPEATEDHITS,True,False,False,17413,2951,24150309159.0,28,ASK,LONG,1.0
LUV,2026-05-29 18:05:47.666736+00:00,PUT,45.0,2026-06-26,26465,79,79,2,43.28,REPEATEDHITS,False,False,False,26465,0,24150309159.0,28,ASK,SHORT,1.0
LUV,2026-05-29 18:05:31.051253+00:00,PUT,39.0,2026-07-10,11000,100,101,0,43.29,REPEATEDHITS,False,False,False,0,11000,24150309159.0,42,BID,LONG,0.5
LUV,2026-05-28 18:20:07.466927+00:00,CALL,50.0,2026-07-17,132603,1559,2514,422,43.13,REPEATEDHITS,False,False,False,0,132603,24150309159.0,50,BID,SHORT,0.5
MARA,2026-06-24 17:07:54.715934+00:00,CALL,12.0,2026-07-02,59080,280,340,229,13.94,REPEATEDHITS,True,False,False,59080,0,5604676394.0,8,ASK,LONG,1.0
MARA,2026-06-22 18:25:13.055110+00:00,PUT,16.0,2026-07-02,25192,188,1757,6,15.215,REPEATEDHITS,False,False,False,25192,0,5604676394.0,10,ASK,SHORT,1.0
MARA,2026-06-22 17:27:12.043335+00:00,CALL,17.5,2026-07-02,15000,750,1343,198,14.93,REPEATEDHITS,False,False,False,0,15000,5604676394.0,10,BID,SHORT,0.5
MARA,2026-06-22 16:18:56.753315+00:00,PUT,15.0,2026-07-02,14886,185,2020,89,15.215,REPEATEDHITSDESCENDINGFILL,False,False,False,14886,0,5604676394.0,10,ASK,SHORT,1.0
MARA,2026-06-22 15:34:52.895837+00:00,PUT,16.5,2026-07-02,20850,150,364,50,15.635,REPEATEDHITS,False,False,False,0,20850,5604676394.0,10,BID,LONG,0.5
MARA,2026-06-22 15:14:21.916016+00:00,PUT,14.0,2026-07-31,303300,3003,3110,54,15.43,REPEATEDHITS,False,False,False,257850,45450,5604676394.0,39,ASK,SHORT,1.0
MARA,2026-06-22 15:03:33.218792+00:00,PUT,16.0,2026-06-26,19861,250,6527,161,15.77,REPEATEDHITSDESCENDINGFILL,False,False,False,0,19861,5604676394.0,4,BID,LONG,0.5
MARA,2026-06-22 14:35:57.542115+00:00,PUT,16.0,2026-06-26,27720,495,4662,161,16.365,REPEATEDHITS,False,False,False,27720,0,5604676394.0,4,ASK,SHORT,1.0
MARA,2026-06-22 14:25:44.838324+00:00,CALL,15.5,2026-07-17,10890,66,733,0,15.895,REPEATEDHITS,True,False,False,0,10890,5604676394.0,25,BID,SHORT,0.5
MARA,2026-06-22 14:05:49.189871+00:00,PUT,16.5,2026-06-26,10625,125,241,5,16.215,REPEATEDHITS,True,False,False,0,10625,5604676394.0,4,BID,LONG,0.5
MARA,2026-06-22 13:58:28.075031+00:00,CALL,18.5,2026-06-26,14060,1143,2412,236,16.21,REPEATEDHITSASCENDINGFILL,False,False,False,14048,0,5604676394.0,4,ASK,LONG,1.0
MARA,2026-06-22 13:56:19.237340+00:00,PUT,16.0,2026-06-26,14400,200,1277,161,15.975,REPEATEDHITS,False,False,False,11808,2592,5604676394.0,4,ASK,SHORT,1.0
MARA,2026-06-22 13:50:27.093393+00:00,CALL,20.0,2026-07-10,14784,672,1008,106,15.99,REPEATEDHITS,False,False,False,0,14740,5604676394.0,18,BID,SHORT,0.5
MARA,2026-06-22 13:50:10.861763+00:00,CALL,16.5,2026-07-24,14000,100,161,85,15.93,REPEATEDHITS,True,False,False,14000,0,5604676394.0,32,ASK,LONG,1.0
MARA,2026-06-22 13:39:18.711969+00:00,PUT,15.0,2026-06-26,46928,838,1154,718,15.185,REPEATEDHITS,False,False,False,46592,336,5604676394.0,4,ASK,SHORT,1.0
MARA,2026-06-18 17:16:01.173295+00:00,PUT,10.5,2026-07-24,32384,1472,2541,32,14.065,REPEATEDHITS,False,False,False,0,32384,5604676394.0,36,BID,LONG,0.5
MARA,2026-06-18 17:15:59.169372+00:00,PUT,10.5,2026-07-24,23518,1069,1069,32,14.065,REPEATEDHITS,False,False,False,0,23518,5604676394.0,36,BID,LONG,0.5
MARA,2026-06-17 14:40:23.519580+00:00,CALL,14.5,2026-07-10,69136,596,958,340,14.435,REPEATEDHITS,False,False,False,0,69136,5604676394.0,23,BID,SHORT,0.5
MARA,2026-06-15 16:21:10.153043+00:00,PUT,17.0,2026-07-24,57130,197,285,2,14.875,REPEATEDHITS,True,False,False,57130,0,5604676394.0,39,ASK,SHORT,1.0
MARA,2026-06-15 15:21:35.422976+00:00,PUT,14.5,2026-07-02,10648,121,143,44,14.735,REPEATEDHITS,True,False,False,88,10560,5604676394.0,17,BID,LONG,0.5
MARA,2026-06-12 17:53:55.801992+00:00,CALL,15.5,2026-07-10,51750,750,1025,168,13.94,REPEATEDHITS,True,False,False,0,51750,5604676394.0,28,BID,SHORT,0.5
MARA,2026-06-12 15:19:00.517314+00:00,PUT,11.0,2026-07-10,25956,1236,2641,116,14.61,REPEATEDHITS,False,False,False,0,25956,5604676394.0,28,BID,LONG,0.5
MARA,2026-06-12 15:18:54.709991+00:00,PUT,11.0,2026-07-10,19236,916,1405,116,14.605,REPEATEDHITS,False,False,False,0,19236,5604676394.0,28,BID,LONG,0.5
MARA,2026-06-12 15:10:23.326326+00:00,PUT,15.5,2026-06-18,47640,397,428,253,14.635,REPEATEDHITS,False,False,False,47640,0,5604676394.0,6,ASK,SHORT,1.0
MARA,2026-06-10 16:55:36.788608+00:00,CALL,19.0,2026-07-17,48528,2696,2759,1202,12.81,REPEATEDHITS,False,False,False,0,48528,5604676394.0,37,BID,SHORT,0.5
MARA,2026-06-08 16:02:22.839176+00:00,PUT,9.0,2026-06-26,17500,2500,12302,429,13.305,REPEATEDHITS,False,False,False,17500,0,5604676394.0,18,ASK,SHORT,1.0
MARA,2026-06-08 15:37:58.518019+00:00,PUT,9.0,2026-06-26,19691,2813,9365,429,13.33,REPEATEDHITS,False,False,False,19691,0,5604676394.0,18,ASK,SHORT,1.0
MARA,2026-06-08 15:09:40.610561+00:00,PUT,11.5,2026-06-26,24583,793,816,244,13.385,REPEATEDHITS,False,False,False,0,23467,5604676394.0,18,BID,LONG,0.5
MARA,2026-06-08 14:05:35.986173+00:00,PUT,9.0,2026-06-26,12000,1500,3302,429,12.755,REPEATEDHITS,False,False,False,12000,0,5604676394.0,18,ASK,SHORT,1.0
MARA,2026-06-08 13:57:37.030055+00:00,PUT,9.0,2026-06-26,12712,1589,1800,429,12.75,REPEATEDHITS,False,False,False,12712,0,5604676394.0,18,ASK,SHORT,1.0
MARA,2026-06-08 13:52:26.266742+00:00,PUT,9.0,2026-07-02,12000,1000,1626,41,12.83,REPEATEDHITS,False,False,False,0,0,5604676394.0,24,MIXED,,0.0
MARA,2026-06-05 15:43:08.085694+00:00,PUT,10.0,2026-07-17,81696,1776,1892,1058,12.26,REPEATEDHITS,False,False,False,75808,0,5604676394.0,42,ASK,SHORT,1.0
MARA,2026-06-05 14:37:31.314360+00:00,PUT,8.0,2026-08-21,189665,5419,5423,155,12.6501,REPEATEDHITS,False,False,False,189665,0,5604676394.0,77,ASK,SHORT,1.0
MARA,2026-06-04 18:25:19.806130+00:00,CALL,16.0,2026-07-17,209755,2305,5412,1982,13.915,REPEATEDHITS,False,False,False,209755,0,5604676394.0,43,ASK,LONG,1.0
MARA,2026-06-04 15:05:46.890762+00:00,CALL,16.0,2026-07-17,178500,2100,2238,1982,13.65,REPEATEDHITS,False,False,False,178500,0,5604676394.0,43,ASK,LONG,1.0
MARA,2026-06-03 14:22:03.680768+00:00,PUT,11.0,2026-08-21,26390,290,290,281,13.97,REPEATEDHITS,False,False,False,2184,20202,5604676394.0,79,BID,LONG,0.5
MARA,2026-06-03 13:38:44.776609+00:00,PUT,12.5,2026-06-12,20000,1000,1007,943,13.8902,REPEATEDHITS,False,False,False,0,20000,5604676394.0,9,BID,LONG,0.5
MARA,2026-06-02 18:45:29.685608+00:00,PUT,12.5,2026-07-02,90000,1500,2006,40,14.26,REPEATEDHITS,True,False,False,18000,72000,5604676394.0,30,BID,LONG,0.5
MARA,2026-06-02 18:27:12.979895+00:00,PUT,12.5,2026-07-02,25500,425,506,40,14.29,REPEATEDHITS,True,False,False,0,25500,5604676394.0,30,BID,LONG,0.5
MARA,2026-06-02 17:44:34.267997+00:00,CALL,15.5,2026-06-12,110484,2511,2858,1007,14.375,REPEATEDHITS,False,False,False,0,110484,5604676394.0,10,BID,SHORT,0.5
MARA,2026-06-02 16:06:00.599198+00:00,PUT,15.5,2026-06-18,11470,74,209,52,14.725,REPEATEDHITS,False,False,False,310,11160,5604676394.0,16,BID,LONG,0.5
MARA,2026-06-02 15:08:00.964893+00:00,PUT,15.5,2026-06-26,21840,130,130,3,14.86,REPEATEDHITS,True,False,False,0,21840,5604676394.0,24,BID,LONG,0.5
MARA,2026-06-01 19:51:52.555456+00:00,PUT,16.0,2026-06-05,30498,221,476,33,14.83,REPEATEDHITS,True,False,False,0,30498,5604676394.0,4,BID,LONG,0.5
MARA,2026-06-01 15:12:21.202297+00:00,PUT,15.5,2026-06-12,33649,250,286,1,14.8578,REPEATEDHITS,False,False,False,33649,0,5604676394.0,11,ASK,SHORT,1.0
MARA,2026-06-01 14:08:11.530438+00:00,CALL,17.0,2026-07-17,215145,2049,2058,1373,14.6509,REPEATEDHITS,False,False,False,215145,0,5604676394.0,46,ASK,LONG,1.0
MARA,2026-05-29 13:53:23.765690+00:00,CALL,18.0,2026-07-17,57771,917,920,892,14.13,REPEATEDHITS,False,False,False,57771,0,5604676394.0,49,ASK,LONG,1.0
MARA,2026-05-28 14:38:12.220097+00:00,PUT,13.0,2026-06-05,54908,1961,2357,1549,13.95,REPEATEDHITS,False,False,False,7224,43764,5604676394.0,8,BID,LONG,0.5
MARA,2026-05-27 19:13:36.629879+00:00,PUT,13.5,2026-06-05,41720,1043,1498,509,14.29,REPEATEDHITS,False,False,False,0,35760,5604676394.0,9,BID,LONG,0.5
MARA,2026-05-27 17:53:47.266058+00:00,PUT,15.0,2026-06-12,24640,176,192,40,14.295,REPEATEDHITS,True,False,False,0,24640,5604676394.0,16,BID,LONG,0.5
MARA,2026-05-27 16:47:04.358119+00:00,PUT,12.5,2026-06-05,47415,3161,3338,852,14.3293,REPEATEDHITS,False,False,False,0,47415,5604676394.0,9,BID,LONG,0.5
MCD,2026-06-23 15:49:52.963607+00:00,CALL,275.0,2026-07-10,110172,290,324,194,271.88,REPEATEDHITSDESCENDINGFILL,True,False,False,108297,1875,193016021656.0,17,ASK,LONG,1.0
MCD,2026-06-23 14:32:20.824338+00:00,CALL,270.0,2026-10-16,149036,92,99,80,272.549,REPEATEDHITS,False,False,False,149036,0,193016021656.0,115,ASK,LONG,1.0
MCD,2026-06-22 15:48:44.535787+00:00,CALL,240.0,2026-07-24,59120,16,16,0,274.17,REPEATEDHITS,False,False,False,59120,0,193016021656.0,32,ASK,LONG,1.0
MCD,2026-06-22 15:17:27.139515+00:00,PUT,290.0,2026-07-31,98000,58,58,1,274.825,REPEATEDHITS,True,False,False,0,98000,193016021656.0,39,BID,LONG,0.5
MCD,2026-06-18 19:31:48.504769+00:00,CALL,260.0,2026-07-31,86070,38,58,0,279.28,REPEATEDHITS,True,False,False,86070,0,193016021656.0,43,ASK,LONG,1.0
MCD,2026-06-18 19:25:23.102187+00:00,CALL,275.0,2026-07-10,107429,136,138,43,278.5,REPEATEDHITSDESCENDINGFILL,False,False,False,105859,1570,193016021656.0,22,ASK,LONG,1.0
MCD,2026-06-18 18:27:26.313642+00:00,CALL,265.0,2026-07-10,75590,48,49,7,278.86,REPEATEDHITS,False,False,False,72440,3150,193016021656.0,22,ASK,LONG,1.0
MCD,2026-06-18 17:54:44.806539+00:00,CALL,280.0,2026-10-16,540281,359,361,145,279.26,REPEATEDHITSDESCENDINGFILL,False,False,False,537281,3000,193016021656.0,120,ASK,LONG,1.0
MCD,2026-06-16 16:23:31.411381+00:00,PUT,280.0,2026-10-16,149000,149,171,82,288.12,REPEATEDHITS,False,False,False,149000,0,193016021656.0,122,ASK,SHORT,1.0
MCD,2026-06-16 15:42:07.723847+00:00,PUT,275.0,2026-07-31,69300,220,223,33,287.77,REPEATEDHITS,False,False,False,0,69300,193016021656.0,45,BID,LONG,0.5
MCD,2026-06-16 15:19:37.269009+00:00,CALL,287.5,2026-07-02,65000,125,394,4,287.37,REPEATEDHITS,False,False,False,5720,59280,193016021656.0,16,BID,SHORT,0.5
MCD,2026-06-16 14:58:44.930535+00:00,CALL,287.5,2026-07-02,126360,234,269,4,287.7,REPEATEDHITS,False,False,False,126360,0,193016021656.0,16,ASK,LONG,1.0
MCD,2026-06-16 13:48:06.799823+00:00,CALL,265.0,2026-07-24,71115,30,30,4,286.35,REPEATEDHITS,False,False,False,0,71115,193016021656.0,38,BID,SHORT,0.5
MCD,2026-06-15 15:49:32.744278+00:00,PUT,290.0,2026-07-02,81655,121,122,23,286.11,REPEATEDHITSDESCENDINGFILL,True,False,False,79645,2010,193016021656.0,17,ASK,SHORT,1.0
MCD,2026-06-10 18:36:24.681942+00:00,PUT,270.0,2026-07-02,53682,389,411,143,283.835,REPEATEDHITS,False,False,False,0,53682,193016021656.0,22,BID,LONG,0.5
MCD,2026-06-09 16:07:04.952673+00:00,CALL,305.0,2026-08-21,131747,251,264,245,283.89,REPEATEDHITSDESCENDINGFILL,True,False,False,128072,3675,193016021656.0,73,ASK,LONG,1.0
MCD,2026-06-09 14:51:47.989112+00:00,CALL,250.0,2026-06-12,97650,31,31,1,281.425,REPEATEDHITS,False,False,False,0,97650,193016021656.0,3,BID,SHORT,0.5
MCD,2026-06-08 19:11:21.545969+00:00,PUT,270.0,2026-07-24,52494,125,132,64,278.33,REPEATEDHITSDESCENDINGFILL,False,False,False,52079,415,193016021656.0,46,ASK,SHORT,1.0
MCD,2026-06-08 14:42:10.935458+00:00,CALL,282.5,2026-06-26,52500,125,134,0,279.05,REPEATEDHITS,False,False,False,4620,47880,193016021656.0,18,BID,SHORT,0.5
MCD,2026-06-05 13:59:14.290541+00:00,PUT,280.0,2026-07-10,108825,151,151,8,278.97,REPEATEDHITS,False,False,False,15225,93600,193016021656.0,35,BID,LONG,0.5
MCD,2026-06-05 13:59:11.274185+00:00,PUT,275.0,2026-07-24,96878,155,165,12,278.97,REPEATEDHITS,False,False,False,0,96878,193016021656.0,49,BID,LONG,0.5
MCD,2026-06-03 19:01:49.242937+00:00,PUT,277.5,2026-06-12,69293,126,234,49,274.2,REPEATEDHITSDESCENDINGFILL,False,False,False,68748,545,193016021656.0,9,ASK,SHORT,1.0
MCD,2026-06-03 18:32:28.671634+00:00,PUT,300.0,2026-06-05,50700,20,20,1,274.8,REPEATEDHITS,False,False,False,50700,0,193016021656.0,2,ASK,SHORT,1.0
MCD,2026-05-28 17:45:11.318701+00:00,PUT,277.5,2026-06-18,111506,189,192,88,277.75,REPEATEDHITS,False,False,False,111506,0,193016021656.0,21,ASK,SHORT,1.0
MCD,2026-05-26 15:23:46.878459+00:00,CALL,290.0,2026-08-21,156565,181,189,70,280.675,REPEATEDHITS,False,False,False,156565,0,193016021656.0,87,ASK,LONG,1.0
MCD,2026-05-22 14:13:07.744300+00:00,CALL,255.0,2026-07-02,141570,52,52,0,281.8,REPEATEDHITSASCENDINGFILL,True,False,False,70850,70720,193016021656.0,41,ASK,LONG,1.0
MCD,2026-05-21 16:46:03.123940+00:00,PUT,272.5,2026-06-18,129228,484,489,46,282.75,REPEATEDHITS,False,False,False,129228,0,193016021656.0,28,ASK,SHORT,1.0
MCD,2026-05-21 14:20:08.789525+00:00,PUT,290.0,2026-08-21,59040,36,36,13,281.49,REPEATEDHITS,False,False,False,0,59040,193016021656.0,92,BID,LONG,0.5
MCD,2026-05-20 14:32:53.656794+00:00,CALL,282.5,2026-06-05,64378,222,227,11,278.52,REPEATEDHITS,False,False,False,60610,3190,193016021656.0,16,ASK,LONG,1.0
MCD,2026-05-18 17:01:10.883758+00:00,CALL,285.0,2026-06-12,75434,184,228,100,281.14,REPEATEDHITSDESCENDINGFILL,False,False,False,75434,0,193016021656.0,25,ASK,LONG,1.0
MCD,2026-05-14 16:01:11.385693+00:00,CALL,290.0,2026-06-12,52080,372,482,146,275.485,REPEATEDHITS,False,False,False,0,52080,193016021656.0,29,BID,SHORT,0.5
MCD,2026-05-14 13:36:37.442039+00:00,PUT,305.0,2026-06-05,268105,88,88,46,275.43,REPEATEDHITSASCENDINGFILL,True,False,False,102425,165680,193016021656.0,22,BID,LONG,0.5
MCD,2026-05-14 13:36:34.636930+00:00,PUT,310.0,2026-06-05,270931,76,76,32,275.305,REPEATEDHITSASCENDINGFILL,True,False,False,3565,267366,193016021656.0,22,BID,LONG,0.5
MCD,2026-05-13 16:38:11.574331+00:00,CALL,275.0,2026-06-12,73710,117,127,51,275.46,REPEATEDHITS,False,False,False,73710,0,193016021656.0,30,ASK,LONG,1.0
MCD,2026-05-11 19:12:31.424787+00:00,CALL,270.0,2026-10-16,105028,58,73,2,273.34,REPEATEDHITSDESCENDINGFILL,False,False,False,0,105028,193016021656.0,158,BID,SHORT,0.5
MCD,2026-05-11 15:34:17.336998+00:00,PUT,275.0,2026-05-29,203830,374,411,150,273.1,REPEATEDHITS,False,False,False,203830,0,193016021656.0,18,ASK,SHORT,1.0
MCD,2026-05-08 17:52:47.608030+00:00,CALL,260.0,2026-05-15,453108,241,1001,36,278.65,REPEATEDHITSASCENDINGFILL,True,False,False,0,415508,193016021656.0,7,BID,SHORT,0.5
MCD,2026-05-08 15:58:54.512166+00:00,CALL,285.0,2026-06-05,64214,169,238,122,280.63,REPEATEDHITS,False,False,False,64214,0,193016021656.0,28,ASK,LONG,1.0
MCD,2026-05-08 13:38:19.872453+00:00,PUT,315.0,2026-06-26,201600,63,63,0,284.44,REPEATEDHITS,False,False,False,3200,198400,193016021656.0,49,BID,LONG,0.5
MCD,2026-05-06 18:44:23.176782+00:00,CALL,282.5,2026-05-22,118802,165,168,10,283.57,REPEATEDHITS,True,False,False,0,118802,193016021656.0,16,BID,SHORT,0.5
MCD,2026-05-06 14:02:25.693095+00:00,PUT,285.0,2026-06-12,144001,180,187,15,285.6,REPEATEDHITS,True,False,False,0,144001,193016021656.0,37,BID,LONG,0.5
MCD,2026-05-05 18:13:35.189619+00:00,PUT,297.5,2026-05-22,59620,44,44,0,285.94,REPEATEDHITS,False,False,False,0,59620,193016021656.0,17,BID,LONG,0.5
MCD,2026-05-04 17:21:29.918956+00:00,CALL,285.0,2026-05-08,129850,265,602,177,284.52,REPEATEDHITS,True,False,False,128870,980,193016021656.0,4,ASK,LONG,1.0
MCD,2026-05-04 17:21:29.918956+00:00,CALL,282.5,2026-05-08,71920,116,116,9,284.52,REPEATEDHITS,False,False,False,0,71920,193016021656.0,4,BID,SHORT,0.5
MCD,2026-05-04 16:43:49.998007+00:00,CALL,290.0,2028-01-21,1252800,360,384,192,285.64,REPEATEDHITS,False,False,False,0,66120,193016021656.0,627,BID,SHORT,0.5
MCD,2026-05-01 18:43:26.771104+00:00,CALL,280.0,2026-05-08,189050,199,431,4,286.96,REPEATEDHITS,True,False,False,189050,0,193016021656.0,7,ASK,LONG,1.0
MCD,2026-05-01 18:13:49.081971+00:00,CALL,285.0,2026-09-18,189721,106,108,9,287.87,REPEATEDHITSDESCENDINGFILL,False,False,False,189721,0,193016021656.0,140,ASK,LONG,1.0
MCD,2026-05-01 17:53:21.086569+00:00,CALL,290.0,2027-03-19,168810,67,68,10,288.9769,REPEATEDHITS,True,False,False,168810,0,193016021656.0,322,ASK,LONG,1.0
MCD,2026-05-01 15:19:28.365282+00:00,CALL,290.0,2028-01-21,284215,76,79,63,291.905,REPEATEDHITSDESCENDINGFILL,True,False,False,284215,0,193016021656.0,630,ASK,LONG,1.0
MCD,2026-05-01 13:50:07.278870+00:00,PUT,300.0,2026-07-17,133455,93,103,77,293.19,REPEATEDHITS,False,False,False,0,133455,193016021656.0,77,BID,LONG,0.5
MCHP,2026-06-24 17:02:21.521617+00:00,PUT,90.0,2026-07-10,117600,294,561,30,91.45,REPEATEDHITS,True,False,False,8800,4800,50554313746.0,16,ASK,SHORT,1.0
MCHP,2026-06-24 17:01:49.289582+00:00,PUT,90.0,2026-07-10,67080,172,172,30,91.5522,REPEATEDHITS,False,False,False,0,32760,50554313746.0,16,BID,LONG,0.5
MCHP,2026-06-22 14:55:41.559276+00:00,PUT,95.0,2026-08-21,229834,338,338,0,102.3,REPEATEDHITS,False,False,False,229154,680,50554313746.0,60,ASK,SHORT,1.0
MCHP,2026-06-18 19:41:41.003371+00:00,CALL,120.0,2026-12-18,178000,200,200,27,99.64,REPEATEDHITS,False,False,False,0,178000,50554313746.0,183,BID,SHORT,0.5
MCHP,2026-06-18 14:54:45.825943+00:00,PUT,110.0,2026-07-24,55760,41,41,0,99.68,REPEATEDHITS,False,False,False,54400,1360,50554313746.0,36,ASK,SHORT,1.0
MCHP,2026-06-17 18:31:08.766654+00:00,CALL,92.0,2026-07-10,641142,822,822,5,95.925,REPEATEDHITSDESCENDINGFILL,False,False,False,641142,0,50554313746.0,23,ASK,LONG,1.0
MCHP,2026-06-17 18:10:15.667019+00:00,CALL,97.0,2026-06-26,57710,199,199,30,95.38,REPEATEDHITS,False,False,False,57710,0,50554313746.0,9,ASK,LONG,1.0
MCHP,2026-06-15 19:04:37.164312+00:00,PUT,115.0,2026-10-16,128760,58,132,39,100.4,REPEATEDHITS,False,False,False,128760,0,50554313746.0,123,ASK,SHORT,1.0
MCHP,2026-06-15 18:17:38.807173+00:00,PUT,110.0,2026-10-16,103400,55,63,17,100.42,REPEATEDHITS,False,False,False,103400,0,50554313746.0,123,ASK,SHORT,1.0
MCHP,2026-06-12 16:01:45.693471+00:00,CALL,94.0,2026-06-18,152454,462,501,73,94.38,REPEATEDHITS,False,False,False,152454,0,50554313746.0,6,ASK,LONG,1.0
MCHP,2026-06-11 16:37:43.803411+00:00,CALL,92.5,2026-09-18,267744,255,265,177,90.07,REPEATEDHITS,False,False,False,267744,0,50554313746.0,99,ASK,LONG,1.0
MCHP,2026-06-11 15:12:26.394415+00:00,PUT,87.5,2026-07-17,442252,819,852,415,89.82,REPEATEDHITSDESCENDINGFILL,False,False,False,442252,0,50554313746.0,36,ASK,SHORT,1.0
MCHP,2026-06-10 17:14:13.649654+00:00,CALL,130.0,2026-10-16,201850,734,749,122,88.09,REPEATEDHITS,False,False,False,0,201850,50554313746.0,128,BID,SHORT,0.5
MCHP,2026-06-10 16:10:22.905160+00:00,PUT,67.5,2026-10-16,129954,361,361,38,89.06,REPEATEDHITS,False,False,False,129954,0,50554313746.0,128,ASK,SHORT,1.0
MCHP,2026-06-10 14:47:21.900026+00:00,PUT,83.0,2026-06-26,84830,499,499,31,90.765,REPEATEDHITS,False,False,False,84830,0,50554313746.0,16,ASK,SHORT,1.0
MCHP,2026-06-09 19:03:58.183826+00:00,CALL,145.0,2028-01-21,88730,66,66,38,91.13,REPEATEDHITSDESCENDINGFILL,False,False,False,80810,7920,50554313746.0,591,ASK,LONG,1.0
MCHP,2026-06-09 15:53:46.448570+00:00,PUT,84.0,2026-07-02,137270,518,518,7,90.11,REPEATEDHITS,False,False,False,137270,0,50554313746.0,23,ASK,SHORT,1.0
MCHP,2026-06-08 19:33:21.663279+00:00,CALL,110.0,2026-10-16,48280,68,74,46,91.94,REPEATEDHITS,False,False,False,29110,19170,50554313746.0,130,ASK,LONG,1.0
MCHP,2026-06-04 15:32:08.468101+00:00,PUT,82.5,2026-07-17,126914,668,671,643,98.06,REPEATEDHITS,False,False,False,126914,0,50554313746.0,43,ASK,SHORT,1.0
MCHP,2026-06-04 13:44:07.128401+00:00,CALL,150.0,2028-01-21,248000,200,200,137,96.58,REPEATEDHITS,False,False,False,0,248000,50554313746.0,596,BID,SHORT,0.5
MCHP,2026-06-03 17:54:06.807132+00:00,PUT,95.0,2028-01-21,159858,68,297,1,96.56,REPEATEDHITSDESCENDINGFILL,False,False,False,0,159858,50554313746.0,597,BID,LONG,0.5
MCHP,2026-06-03 17:53:52.988062+00:00,PUT,95.0,2028-01-21,56400,24,229,1,96.555,REPEATEDHITS,True,False,False,54050,2350,50554313746.0,597,ASK,SHORT,1.0
MCHP,2026-06-02 19:49:59.155563+00:00,PUT,90.0,2026-09-18,645000,750,750,70,96.42,REPEATEDHITS,False,False,False,0,645000,50554313746.0,108,BID,LONG,0.5
MCHP,2026-06-02 17:13:20.636212+00:00,CALL,106.0,2026-06-18,37045,239,297,53,95.47,REPEATEDHITS,False,False,False,0,37045,50554313746.0,16,BID,SHORT,0.5
MCHP,2026-06-02 14:51:48.461652+00:00,CALL,105.0,2026-09-18,818994,910,947,390,95.715,REPEATEDHITS,False,False,False,818994,0,50554313746.0,108,ASK,LONG,1.0
MCHP,2026-06-02 14:29:16.636358+00:00,PUT,97.0,2026-06-05,45184,113,150,8,95.42,REPEATEDHITS,True,False,False,45184,0,50554313746.0,3,ASK,SHORT,1.0
MCHP,2026-06-01 14:20:21.126630+00:00,PUT,91.0,2026-06-26,164830,311,319,10,90.91,REPEATEDHITS,False,False,False,0,164830,50554313746.0,25,BID,LONG,0.5
MCHP,2026-05-29 19:16:08.715061+00:00,PUT,94.0,2026-06-05,501480,1791,1822,6,94.63,REPEATEDHITS,False,False,False,2520,498960,50554313746.0,7,BID,LONG,0.5
MCHP,2026-05-29 19:15:21.250555+00:00,PUT,95.0,2026-06-12,285560,649,5034,15,94.59,REPEATEDHITS,False,False,False,0,285560,50554313746.0,14,BID,LONG,0.5
MCHP,2026-05-29 17:51:05.148004+00:00,PUT,95.0,2026-06-12,537866,1251,2716,15,94.75,REPEATEDHITSDESCENDINGFILL,True,False,False,528406,9460,50554313746.0,14,ASK,SHORT,1.0
MCHP,2026-05-29 17:50:44.718661+00:00,PUT,95.0,2026-06-12,259534,618,1427,15,94.84,REPEATEDHITS,True,False,False,247354,12180,50554313746.0,14,ASK,SHORT,1.0
MCHP,2026-05-29 17:50:21.489056+00:00,PUT,95.0,2026-06-12,314880,768,779,15,94.99,REPEATEDHITS,True,False,False,0,12300,50554313746.0,14,BID,LONG,0.5
MCHP,2026-05-29 17:17:01.514610+00:00,CALL,95.0,2026-06-05,76560,232,241,26,95.56,REPEATEDHITS,False,False,False,0,76560,50554313746.0,7,BID,SHORT,0.5
MCHP,2026-05-29 15:10:17.258170+00:00,PUT,100.0,2026-09-18,156798,112,115,98,95.4,REPEATEDHITS,False,False,False,156798,0,50554313746.0,112,ASK,SHORT,1.0
MCHP,2026-05-27 19:03:37.388089+00:00,PUT,100.0,2026-07-17,229691,247,247,134,96.59,REPEATEDHITSDESCENDINGFILL,False,False,False,228761,930,50554313746.0,51,ASK,SHORT,1.0
MCHP,2026-05-27 15:51:49.935928+00:00,CALL,105.0,2026-06-05,95106,1268,1291,91,95.39,REPEATEDHITS,False,False,False,0,95106,50554313746.0,9,BID,SHORT,0.5
MCHP,2026-05-26 14:52:00.963150+00:00,PUT,100.0,2026-06-18,273600,480,480,337,99.83,REPEATEDHITS,False,False,False,273600,0,50554313746.0,23,ASK,SHORT,1.0
MCHP,2026-05-26 13:56:30.962670+00:00,CALL,100.0,2026-05-29,426610,2306,2545,203,98.38,REPEATEDHITS,False,False,False,368150,185,50554313746.0,3,ASK,LONG,1.0
MCHP,2026-05-26 13:50:33.448670+00:00,CALL,150.0,2028-01-21,53910,39,39,10,98.785,REPEATEDHITSDESCENDINGFILL,True,False,False,41580,12330,50554313746.0,605,ASK,LONG,1.0
MCHP,2026-05-22 13:53:35.832461+00:00,CALL,94.0,2026-05-22,49280,1232,1614,51,92.98,REPEATEDHITS,False,False,False,0,49280,50554313746.0,0,BID,SHORT,0.5
MCHP,2026-05-21 19:44:57.326130+00:00,PUT,90.0,2026-05-29,82680,318,550,22,90.375,REPEATEDHITS,True,False,False,82680,0,50554313746.0,8,ASK,SHORT,1.0
MCHP,2026-05-20 19:57:56.386035+00:00,CALL,95.0,2026-05-22,28750,250,3484,176,93.98,REPEATEDHITS,False,False,False,0,23575,50554313746.0,2,BID,SHORT,0.5
MCHP,2026-05-20 18:53:26.705146+00:00,CALL,99.0,2026-06-18,19220,62,62,27,93.52,REPEATEDHITS,True,False,False,0,19220,50554313746.0,29,BID,SHORT,0.5
MCHP,2026-05-20 18:53:26.705146+00:00,CALL,97.0,2026-06-18,34200,90,90,2,93.52,REPEATEDHITS,True,False,False,0,34200,50554313746.0,29,BID,SHORT,0.5
MCHP,2026-05-20 15:25:41.298167+00:00,PUT,82.5,2026-10-16,75190,103,103,39,93.2,REPEATEDHITS,False,False,False,75190,0,50554313746.0,149,ASK,SHORT,1.0
MCHP,2026-05-20 14:54:01.994784+00:00,CALL,150.0,2027-01-15,22570,61,89,7,93.69,REPEATEDHITS,False,False,False,12950,0,50554313746.0,240,ASK,LONG,1.0
MCHP,2026-05-19 17:45:25.311058+00:00,CALL,101.0,2026-06-05,104313,652,700,65,93.25,REPEATEDHITSDESCENDINGFILL,False,False,False,104313,0,50554313746.0,17,ASK,LONG,1.0
MCHP,2026-05-19 17:20:14.757828+00:00,PUT,80.0,2027-01-15,533988,600,606,157,93.44,REPEATEDHITSDESCENDINGFILL,False,False,False,533988,0,50554313746.0,241,ASK,SHORT,1.0
MCHP,2026-05-18 19:10:39.351019+00:00,CALL,91.0,2026-05-22,145856,521,628,13,91.8,REPEATEDHITS,False,False,False,145856,0,50554313746.0,4,ASK,LONG,1.0
MCHP,2026-05-18 18:01:42.878158+00:00,CALL,92.5,2026-07-17,154745,218,242,102,92.04,REPEATEDHITSDESCENDINGFILL,False,False,False,154745,0,50554313746.0,60,ASK,LONG,1.0
MDB,2026-06-24 17:41:41.394715+00:00,CALL,325.0,2026-07-10,167983,200,279,27,303.73,REPEATEDHITSDESCENDINGFILL,True,False,False,167148,835,25816235609.0,16,ASK,LONG,1.0
MDB,2026-06-24 17:20:21.843482+00:00,PUT,280.0,2026-07-10,38720,61,61,47,303.55,REPEATEDHITS,False,False,False,36830,0,25816235609.0,16,ASK,SHORT,1.0
MDB,2026-06-24 14:18:01.687684+00:00,PUT,275.0,2026-07-17,317840,489,489,19,307.5009,REPEATEDHITSDESCENDINGFILL,False,False,False,317840,0,25816235609.0,23,ASK,SHORT,1.0
MDB,2026-06-23 17:39:15.188996+00:00,CALL,332.5,2026-07-17,46580,28,42,1,322.57,REPEATEDHITSDESCENDINGFILL,True,False,False,3330,43250,25816235609.0,24,BID,SHORT,0.5
MDB,2026-06-23 17:39:15.188996+00:00,CALL,332.5,2026-07-17,15046,9,10,1,322.97,REPEATEDHITSASCENDINGFILL,True,False,False,1671,13375,25816235609.0,24,BID,SHORT,0.5
MDB,2026-06-23 17:36:16.015253+00:00,PUT,292.5,2026-06-26,14013,173,176,7,322.91,REPEATEDHITS,False,False,False,0,14013,25816235609.0,3,BID,LONG,0.5
MDB,2026-06-23 17:33:21.258593+00:00,PUT,292.5,2026-07-02,10080,36,36,0,323.23,REPEATEDHITS,False,False,False,9240,840,25816235609.0,9,ASK,SHORT,1.0
MDB,2026-06-23 17:12:45.934850+00:00,CALL,450.0,2026-07-31,71806,322,344,4,324.15,REPEATEDHITS,False,False,False,0,71806,25816235609.0,38,BID,SHORT,0.5
MDB,2026-06-23 16:30:57.872084+00:00,CALL,380.0,2026-11-20,211095,53,70,8,324.77,REPEATEDHITSASCENDINGFILL,False,False,False,135285,75810,25816235609.0,150,ASK,LONG,1.0
MDB,2026-06-23 15:04:55.718738+00:00,CALL,400.0,2026-08-21,211120,208,210,122,320.37,REPEATEDHITS,False,False,False,0,211120,25816235609.0,59,BID,SHORT,0.5
MDB,2026-06-23 14:04:07.370608+00:00,CALL,327.5,2026-06-26,26000,52,52,18,317.73,REPEATEDHITS,False,False,False,0,26000,25816235609.0,3,BID,SHORT,0.5
MDB,2026-06-22 17:40:26.938954+00:00,CALL,305.0,2026-07-24,45305,16,53,3,312.73,REPEATEDHITSASCENDINGFILL,True,False,False,0,45305,25816235609.0,32,BID,SHORT,0.5
MDB,2026-06-22 17:40:26.938954+00:00,CALL,305.0,2026-07-24,62240,22,37,3,312.73,REPEATEDHITSASCENDINGFILL,False,False,False,48165,14075,25816235609.0,32,ASK,LONG,1.0
MDB,2026-06-22 17:38:16.833556+00:00,CALL,305.0,2026-07-24,27850,10,10,3,312.465,REPEATEDHITS,False,False,False,22280,5570,25816235609.0,32,ASK,LONG,1.0
MDB,2026-06-22 16:04:07.740412+00:00,PUT,340.0,2026-07-31,21300,5,5,3,312.05,REPEATEDHITS,True,False,False,17040,4260,25816235609.0,39,ASK,SHORT,1.0
MDB,2026-06-22 14:42:41.172780+00:00,CALL,302.5,2026-07-17,530147,188,188,0,314.61,REPEATEDHITSDESCENDINGFILL,False,False,False,527332,2815,25816235609.0,25,ASK,LONG,1.0
MDB,2026-06-22 14:39:35.070968+00:00,CALL,310.0,2026-07-10,32080,16,19,4,312.745,REPEATEDHITS,False,False,False,32080,0,25816235609.0,18,ASK,LONG,1.0
MDB,2026-06-18 19:56:13.014940+00:00,PUT,322.5,2026-06-26,22788,36,350,17,333.35,REPEATEDHITS,False,False,False,22788,0,25816235609.0,8,ASK,SHORT,1.0
MDB,2026-06-18 19:55:54.383834+00:00,PUT,322.5,2026-06-26,130383,206,306,17,333.78,REPEATEDHITS,False,False,False,130383,0,25816235609.0,8,ASK,SHORT,1.0
MDB,2026-06-18 19:21:55.829324+00:00,PUT,342.5,2026-06-26,31580,18,562,12,331.381,REPEATEDHITSASCENDINGFILL,True,False,False,31580,0,25816235609.0,8,ASK,SHORT,1.0
MDB,2026-06-18 15:25:22.771215+00:00,PUT,360.0,2026-07-31,64390,12,12,0,317.27,REPEATEDHITS,True,False,False,64390,0,25816235609.0,43,ASK,SHORT,1.0
MDB,2026-06-18 15:22:50.764170+00:00,CALL,355.0,2026-07-31,21000,15,24,2,318.59,REPEATEDHITS,True,False,False,8505,12495,25816235609.0,43,BID,SHORT,0.5
MDB,2026-06-18 15:22:49.561920+00:00,CALL,370.0,2026-07-31,14630,14,15,0,318.59,REPEATEDHITS,True,False,False,10530,4100,25816235609.0,43,ASK,LONG,1.0
MDB,2026-06-18 13:57:07.627128+00:00,CALL,340.0,2026-06-26,55295,152,155,40,315.74,REPEATEDHITS,True,False,False,33670,21625,25816235609.0,8,ASK,LONG,1.0
MDB,2026-06-18 13:57:07.627128+00:00,CALL,325.0,2026-06-26,51240,67,67,39,315.74,REPEATEDHITS,False,False,False,51240,0,25816235609.0,8,ASK,LONG,1.0
MDB,2026-06-18 13:57:07.627128+00:00,CALL,337.5,2026-06-26,51360,130,131,3,315.74,REPEATEDHITSASCENDINGFILL,True,False,False,0,51360,25816235609.0,8,BID,SHORT,0.5
MDB,2026-06-18 13:57:07.627128+00:00,CALL,347.5,2026-06-26,37020,156,157,9,315.74,REPEATEDHITSDESCENDINGFILL,True,False,False,0,37020,25816235609.0,8,BID,SHORT,0.5
MDB,2026-06-18 13:55:33.450988+00:00,PUT,305.0,2026-06-18,11880,220,221,104,318.1625,REPEATEDHITS,False,False,False,11880,0,25816235609.0,0,ASK,SHORT,1.0
MDB,2026-06-17 14:42:05.465090+00:00,PUT,310.0,2026-07-02,86110,158,158,21,339.83,REPEATEDHITS,False,False,False,86110,0,25816235609.0,15,ASK,SHORT,1.0
MDB,2026-06-17 13:45:11.193847+00:00,CALL,327.5,2026-06-26,47640,24,27,1,337.87,REPEATEDHITSASCENDINGFILL,True,False,False,41730,5910,25816235609.0,9,ASK,LONG,1.0
MDB,2026-06-17 13:45:08.581451+00:00,CALL,332.5,2026-06-26,22776,14,47,0,337.01,REPEATEDHITSASCENDINGFILL,True,False,False,22776,0,25816235609.0,9,ASK,LONG,1.0
MDB,2026-06-17 13:45:08.581451+00:00,CALL,332.5,2026-06-26,37085,23,33,0,337.01,REPEATEDHITSASCENDINGFILL,True,False,False,37085,0,25816235609.0,9,ASK,LONG,1.0
MDB,2026-06-16 13:54:36.872097+00:00,CALL,430.0,2026-07-31,24330,21,27,0,362.9,REPEATEDHITSASCENDINGFILL,True,False,False,10530,13800,25816235609.0,45,BID,SHORT,0.5
MDB,2026-06-16 13:43:10.909488+00:00,PUT,325.0,2026-07-02,17800,25,27,22,353.68,REPEATEDHITSASCENDINGFILL,False,False,False,3600,14200,25816235609.0,16,BID,LONG,0.5
MDB,2026-06-15 19:11:19.540540+00:00,PUT,250.0,2026-07-31,92104,397,399,3,354.36,REPEATEDHITS,False,False,False,0,92104,25816235609.0,46,BID,LONG,0.5
MDB,2026-06-15 18:35:38.172780+00:00,PUT,320.0,2026-09-18,796409,250,252,134,354.89,REPEATEDHITSDESCENDINGFILL,False,False,False,6445,789964,25816235609.0,95,BID,LONG,0.5
MDB,2026-06-15 18:33:53.874575+00:00,CALL,360.0,2026-07-31,119180,40,43,0,355.11,REPEATEDHITSDESCENDINGFILL,True,False,False,59380,59800,25816235609.0,46,BID,SHORT,0.5
MDB,2026-06-15 18:09:56.647734+00:00,PUT,357.5,2026-07-02,24365,13,13,0,356.21,REPEATEDHITSDESCENDINGFILL,True,False,False,5655,18710,25816235609.0,17,BID,LONG,0.5
MDB,2026-06-15 18:09:43.437013+00:00,PUT,352.5,2026-07-02,24300,15,24,0,356.21,REPEATEDHITSASCENDINGFILL,True,False,False,9765,14535,25816235609.0,17,BID,LONG,0.5
MDB,2026-06-15 16:43:09.375310+00:00,CALL,382.5,2026-06-26,43450,55,57,0,361.64,REPEATEDHITS,False,False,False,790,42660,25816235609.0,11,BID,SHORT,0.5
MDB,2026-06-15 14:43:12.880380+00:00,CALL,360.0,2026-07-02,42315,21,32,7,360.5,REPEATEDHITS,True,False,False,0,42315,25816235609.0,17,BID,SHORT,0.5
MDB,2026-06-15 14:32:51.120754+00:00,CALL,390.0,2026-07-31,39610,18,20,1,360.865,REPEATEDHITSASCENDINGFILL,True,False,False,39610,0,25816235609.0,46,ASK,LONG,1.0
MDB,2026-06-15 14:32:51.120754+00:00,CALL,390.0,2026-07-31,61375,28,48,1,360.865,REPEATEDHITSDESCENDINGFILL,True,False,False,61375,0,25816235609.0,46,ASK,LONG,1.0
MDB,2026-06-15 14:27:08.799606+00:00,CALL,425.0,2026-07-24,37090,36,38,1,359.835,REPEATEDHITS,True,False,False,32015,5075,25816235609.0,39,ASK,LONG,1.0
MDB,2026-06-15 14:27:08.799606+00:00,CALL,425.0,2026-07-24,10150,10,68,1,359.835,REPEATEDHITSDESCENDINGFILL,True,False,False,10150,0,25816235609.0,39,ASK,LONG,1.0
MDB,2026-06-12 16:54:59.334762+00:00,CALL,470.0,2026-07-31,11170,19,20,0,348.585,REPEATEDHITSDESCENDINGFILL,True,False,False,5950,5220,25816235609.0,49,ASK,LONG,1.0
MDB,2026-06-10 13:55:54.372817+00:00,PUT,342.5,2026-06-12,92040,189,191,5,355.5,REPEATEDHITS,True,False,False,43560,48480,25816235609.0,2,BID,LONG,0.5
MDB,2026-06-10 13:55:54.372817+00:00,PUT,345.0,2026-06-12,344254,604,606,80,355.5,REPEATEDHITSASCENDINGFILL,True,False,False,116580,227674,25816235609.0,2,BID,LONG,0.5
MDB,2026-06-09 19:11:06.538461+00:00,CALL,450.0,2026-07-17,143010,362,363,191,336.505,REPEATEDHITSASCENDINGFILL,True,False,False,400,142610,25816235609.0,38,BID,SHORT,0.5
MDB,2026-06-09 18:29:48.432315+00:00,PUT,332.5,2026-06-18,130520,102,173,13,336.9425,REPEATEDHITSDESCENDINGFILL,True,False,False,70380,60140,25816235609.0,9,ASK,SHORT,1.0
MELI,2026-06-24 18:19:01.547899+00:00,CALL,2300.0,2026-08-21,87359,182,182,10,1676.93,REPEATEDHITS,False,False,False,87359,0,80287099246.0,58,ASK,LONG,1.0
MELI,2026-06-24 17:47:00.801778+00:00,PUT,1550.0,2026-08-21,124608,20,20,0,1670.33,REPEATEDHITSDESCENDINGFILL,False,False,False,0,124608,80287099246.0,58,BID,LONG,0.5
MELI,2026-06-24 14:42:55.624859+00:00,CALL,1940.0,2026-10-16,82980,15,23,3,1637.325,REPEATEDHITS,False,False,False,50040,32940,80287099246.0,114,ASK,LONG,1.0
MELI,2026-06-24 13:56:16.930399+00:00,PUT,1590.0,2026-07-10,50480,14,22,6,1627.43,REPEATEDHITSASCENDINGFILL,False,False,False,28960,21520,80287099246.0,16,ASK,SHORT,1.0
MELI,2026-06-24 13:48:57.489052+00:00,CALL,1597.5,2026-06-26,81580,28,50,3,1607.53,REPEATEDHITSASCENDINGFILL,True,False,False,5820,75760,80287099246.0,2,BID,SHORT,0.5
MELI,2026-06-24 13:39:41.078634+00:00,CALL,1420.0,2026-07-31,200780,9,10,3,1620.1,REPEATEDHITSASCENDINGFILL,True,False,False,156200,44580,80287099246.0,37,ASK,LONG,1.0
MELI,2026-06-22 15:02:43.763900+00:00,CALL,1650.0,2026-08-21,139440,13,16,10,1611.63,REPEATEDHITSASCENDINGFILL,False,False,False,64260,75180,80287099246.0,60,BID,SHORT,0.5
MELI,2026-06-18 18:28:45.011719+00:00,PUT,1360.0,2026-10-16,120000,25,32,1,1627.9,REPEATEDHITS,False,False,False,4800,115200,80287099246.0,120,BID,LONG,0.5
MELI,2026-06-18 15:17:27.748109+00:00,CALL,1580.0,2026-07-24,113640,10,13,1,1637.5599,REPEATEDHITSDESCENDINGFILL,True,False,False,79620,34020,80287099246.0,36,ASK,LONG,1.0
MELI,2026-06-18 13:35:09.578648+00:00,CALL,1555.0,2026-07-10,77680,8,9,0,1615.9,REPEATEDHITS,False,False,False,0,77680,80287099246.0,22,BID,SHORT,0.5
MELI,2026-06-17 14:06:14.030639+00:00,PUT,1640.0,2026-07-24,116870,20,20,4,1683.18,REPEATEDHITSDESCENDINGFILL,False,False,False,93680,23190,80287099246.0,37,ASK,SHORT,1.0
MELI,2026-06-17 13:38:51.899433+00:00,CALL,1525.0,2026-07-24,285750,15,15,3,1686.82,REPEATEDHITS,False,False,False,190670,95080,80287099246.0,37,ASK,LONG,1.0
MELI,2026-06-16 17:08:24.038669+00:00,PUT,1550.0,2026-10-16,472360,49,51,14,1671.455,REPEATEDHITS,False,False,False,0,472360,80287099246.0,122,BID,LONG,0.5
MELI,2026-06-16 14:31:40.509803+00:00,PUT,1740.0,2026-07-02,126990,15,26,1,1682.0905,REPEATEDHITS,False,False,False,25350,101640,80287099246.0,16,BID,LONG,0.5
MELI,2026-06-12 17:48:57.108191+00:00,CALL,1580.0,2026-10-16,566405,32,34,6,1583.75,REPEATEDHITS,False,False,False,0,566405,80287099246.0,126,BID,SHORT,0.5
MELI,2026-06-11 15:39:12.978724+00:00,PUT,1535.0,2026-07-02,81720,21,33,5,1587.01,REPEATEDHITS,False,False,False,11790,69930,80287099246.0,21,BID,LONG,0.5
MELI,2026-06-11 15:37:09.641374+00:00,PUT,1585.0,2026-07-02,417601,72,98,1,1586.44,REPEATEDHITS,False,False,False,0,417601,80287099246.0,21,BID,LONG,0.5
MELI,2026-06-11 14:35:49.531292+00:00,CALL,1440.0,2026-07-02,182160,11,23,0,1584.5901,REPEATEDHITSASCENDINGFILL,True,False,False,49890,132270,80287099246.0,21,BID,SHORT,0.5
MELI,2026-06-11 14:00:39.088355+00:00,PUT,1590.0,2026-07-17,110850,15,15,9,1593.0105,REPEATEDHITS,False,False,False,0,110850,80287099246.0,36,BID,LONG,0.5
MELI,2026-06-11 13:39:08.627380+00:00,PUT,1565.0,2026-07-02,60300,9,9,0,1559.27,REPEATEDHITSDESCENDINGFILL,False,False,False,20250,19800,80287099246.0,21,ASK,SHORT,1.0
MELI,2026-06-11 13:39:08.627380+00:00,PUT,1565.0,2026-07-02,140010,21,30,0,1559.27,REPEATEDHITS,False,False,False,100050,39960,80287099246.0,21,ASK,SHORT,1.0
MELI,2026-06-11 13:39:08.627380+00:00,PUT,1580.0,2026-07-02,134100,18,29,1,1559.27,REPEATEDHITSASCENDINGFILL,False,False,False,89430,44670,80287099246.0,21,ASK,SHORT,1.0
MELI,2026-06-11 13:38:09.508020+00:00,PUT,1585.0,2026-07-02,85980,12,23,1,1567.51,REPEATEDHITSDESCENDINGFILL,False,False,False,50400,35580,80287099246.0,21,ASK,SHORT,1.0
MELI,2026-06-11 13:37:31.858399+00:00,PUT,1590.0,2026-07-02,66090,9,9,4,1569.52,REPEATEDHITS,False,False,False,58760,7330,80287099246.0,21,ASK,SHORT,1.0
MELI,2026-06-10 17:54:16.876982+00:00,PUT,1450.0,2026-06-18,76433,196,198,0,1594.7,REPEATEDHITSDESCENDINGFILL,False,False,False,76433,0,80287099246.0,8,ASK,SHORT,1.0
MELI,2026-06-10 16:42:57.661021+00:00,PUT,1460.0,2026-07-02,224907,147,149,0,1603.31,REPEATEDHITS,False,False,False,224907,0,80287099246.0,22,ASK,SHORT,1.0
MELI,2026-06-10 13:47:39.333605+00:00,PUT,1615.0,2026-06-18,199100,45,47,33,1609.54,REPEATEDHITS,True,False,False,44250,154850,80287099246.0,8,BID,LONG,0.5
MELI,2026-06-09 14:06:23.446581+00:00,CALL,1525.0,2026-06-26,115990,8,14,0,1650.25,REPEATEDHITSASCENDINGFILL,True,False,False,58150,57840,80287099246.0,17,ASK,LONG,1.0
MELI,2026-06-09 14:05:17.135768+00:00,CALL,1625.0,2026-06-26,84560,12,18,1,1648.815,REPEATEDHITSASCENDINGFILL,True,False,False,14140,70420,80287099246.0,17,BID,SHORT,0.5
MELI,2026-06-09 14:05:17.135768+00:00,CALL,1625.0,2026-06-26,70720,10,28,1,1648.815,REPEATEDHITSASCENDINGFILL,False,False,False,0,70720,80287099246.0,17,BID,SHORT,0.5
MELI,2026-06-09 14:05:17.135768+00:00,CALL,1625.0,2026-06-26,63460,9,37,1,1648.815,REPEATEDHITS,False,False,False,14140,49320,80287099246.0,17,BID,SHORT,0.5
MELI,2026-06-09 13:58:24.663337+00:00,PUT,1765.0,2026-06-26,195370,16,20,0,1657.0,REPEATEDHITSDESCENDINGFILL,True,False,False,85640,109730,80287099246.0,17,BID,LONG,0.5
MELI,2026-06-09 13:53:54.193783+00:00,CALL,1525.0,2026-06-18,169520,12,36,0,1655.0,REPEATEDHITSDESCENDINGFILL,False,False,False,85020,84500,80287099246.0,9,ASK,LONG,1.0
MELI,2026-06-09 13:53:54.193783+00:00,CALL,1525.0,2026-06-18,340020,24,24,0,1655.0,REPEATEDHITS,True,False,False,170760,169260,80287099246.0,9,ASK,LONG,1.0
MELI,2026-06-08 16:37:23.227271+00:00,PUT,1630.0,2026-06-12,84180,23,25,4,1620.105,REPEATEDHITS,True,False,False,84180,0,80287099246.0,4,ASK,SHORT,1.0
MELI,2026-06-08 15:10:16.867328+00:00,CALL,1580.0,2026-06-12,59000,10,11,4,1626.75,REPEATEDHITS,False,False,False,0,53100,80287099246.0,4,BID,SHORT,0.5
MELI,2026-06-04 13:48:59.242788+00:00,CALL,1560.0,2026-07-10,90000,6,8,1,1665.0,REPEATEDHITSASCENDINGFILL,False,False,False,45120,44880,80287099246.0,36,ASK,LONG,1.0
MELI,2026-06-03 16:44:16.099348+00:00,CALL,1450.0,2026-07-02,448160,21,23,0,1646.84,REPEATEDHITSASCENDINGFILL,True,False,False,192170,255990,80287099246.0,29,BID,SHORT,0.5
MELI,2026-06-02 14:19:22.469678+00:00,PUT,1795.0,2026-06-12,174150,16,17,0,1702.4,REPEATEDHITSASCENDINGFILL,True,False,False,10890,163260,80287099246.0,10,BID,LONG,0.5
MELI,2026-06-01 15:29:35.108199+00:00,PUT,1750.0,2026-12-18,106150,5,5,2,1717.69,REPEATEDHITS,False,False,False,21230,0,80287099246.0,200,ASK,SHORT,1.0
MELI,2026-06-01 15:21:26.852815+00:00,CALL,1810.0,2026-06-05,87220,178,184,21,1711.48,REPEATEDHITS,False,False,False,87220,0,80287099246.0,4,ASK,LONG,1.0
MELI,2026-05-29 18:40:45.456418+00:00,PUT,1660.0,2026-06-05,83600,38,41,16,1687.275,REPEATEDHITS,False,False,False,2200,81400,80287099246.0,7,BID,LONG,0.5
MELI,2026-05-29 17:28:47.678924+00:00,CALL,1450.0,2026-06-05,175700,7,7,5,1699.61,REPEATEDHITS,False,False,False,0,175700,80287099246.0,7,BID,SHORT,0.5
MELI,2026-05-29 17:07:43.078557+00:00,CALL,1710.0,2026-06-26,127020,18,20,1,1699.63,REPEATEDHITSASCENDINGFILL,True,False,False,105960,21060,80287099246.0,28,ASK,LONG,1.0
MELI,2026-05-29 17:07:18.848505+00:00,CALL,1640.0,2026-06-26,187000,17,17,10,1699.64,REPEATEDHITSASCENDINGFILL,False,False,False,44200,142800,80287099246.0,28,BID,SHORT,0.5
MELI,2026-05-29 16:14:12.595806+00:00,PUT,1660.0,2026-07-17,291200,40,51,22,1699.42,REPEATEDHITS,False,False,False,0,291200,80287099246.0,49,BID,LONG,0.5
MELI,2026-05-28 14:12:18.026831+00:00,PUT,1870.0,2026-07-02,512690,26,27,0,1688.12,REPEATEDHITS,False,False,False,512690,0,80287099246.0,35,ASK,SHORT,1.0
MELI,2026-05-28 14:12:18.026831+00:00,PUT,1870.0,2026-07-02,492500,25,52,0,1688.12,REPEATEDHITS,False,False,False,295800,98350,80287099246.0,35,ASK,SHORT,1.0
MELI,2026-05-27 18:55:32.241309+00:00,CALL,2100.0,2026-08-21,191100,65,66,24,1694.19,REPEATEDHITS,False,False,False,191100,0,80287099246.0,86,ASK,LONG,1.0
MELI,2026-05-27 15:03:41.501931+00:00,PUT,1690.0,2026-07-02,117210,16,17,0,1707.26,REPEATEDHITSDESCENDINGFILL,True,False,False,29400,87810,80287099246.0,36,BID,LONG,0.5
MO,2026-06-24 18:28:52.830749+00:00,CALL,74.0,2026-07-17,117380,1349,4183,335,72.055,REPEATEDHITSDESCENDINGFILL,True,False,False,0,117380,119724622010.0,23,BID,SHORT,0.5
MO,2026-06-24 17:44:08.575344+00:00,CALL,72.5,2026-08-21,70890,255,298,105,71.625,REPEATEDHITS,False,False,False,70890,0,119724622010.0,58,ASK,LONG,1.0
MO,2026-06-24 15:33:51.768658+00:00,CALL,72.0,2026-07-02,60912,564,1445,465,72.02,REPEATEDHITS,True,False,False,60804,108,119724622010.0,8,ASK,LONG,1.0
MO,2026-06-24 15:32:11.417860+00:00,CALL,72.0,2026-07-02,64817,667,881,465,71.94,REPEATEDHITSASCENDINGFILL,True,False,False,35993,28824,119724622010.0,8,ASK,LONG,1.0
MO,2026-06-23 18:39:03.554238+00:00,PUT,70.0,2026-08-21,55074,274,1588,144,71.56,REPEATEDHITS,False,False,False,55074,0,119724622010.0,59,ASK,SHORT,1.0
MO,2026-06-23 14:18:12.701067+00:00,PUT,71.0,2026-07-17,68211,429,429,0,71.005,REPEATEDHITS,False,False,False,68211,0,119724622010.0,24,ASK,SHORT,1.0
MO,2026-06-23 13:50:59.780111+00:00,PUT,72.0,2026-06-26,58208,428,428,308,71.049,REPEATEDHITS,False,False,False,58208,0,119724622010.0,3,ASK,SHORT,1.0
MO,2026-06-18 16:18:54.677394+00:00,CALL,70.0,2026-08-21,170272,626,818,0,69.1218,REPEATEDHITS,False,False,False,170272,0,119724622010.0,64,ASK,LONG,1.0
MO,2026-06-18 14:30:08.254657+00:00,CALL,68.0,2026-07-10,83658,438,438,0,68.59,REPEATEDHITS,True,False,False,83658,0,119724622010.0,22,ASK,LONG,1.0
MO,2026-06-09 19:05:56.814642+00:00,CALL,71.0,2026-07-02,50232,364,390,67,71.28,REPEATEDHITS,True,False,False,50232,0,119724622010.0,23,ASK,LONG,1.0
MO,2026-06-05 18:52:05.484901+00:00,CALL,68.0,2026-07-24,80460,149,187,0,73.055,REPEATEDHITS,True,False,False,0,80460,119724622010.0,49,BID,SHORT,0.5
MO,2026-06-05 14:33:38.592543+00:00,CALL,72.0,2026-06-18,74970,735,753,179,72.0,REPEATEDHITS,False,False,False,74970,0,119724622010.0,13,ASK,LONG,1.0
MO,2026-06-04 15:18:25.973052+00:00,PUT,70.0,2026-07-02,69147,351,351,182,70.48,REPEATEDHITS,True,False,False,69147,0,119724622010.0,28,ASK,SHORT,1.0
MO,2026-06-02 19:48:35.017057+00:00,CALL,68.0,2026-07-02,58104,269,289,13,69.27,REPEATEDHITS,True,False,False,58104,0,119724622010.0,30,ASK,LONG,1.0
MO,2026-05-28 16:58:15.183406+00:00,PUT,72.5,2026-09-18,322920,702,713,500,72.195,REPEATEDHITS,False,False,False,0,322920,119724622010.0,113,BID,LONG,0.5
MO,2026-05-27 15:59:11.869061+00:00,CALL,75.0,2026-06-26,91656,1273,1293,139,72.58,REPEATEDHITS,False,False,False,2952,88704,119724622010.0,30,BID,SHORT,0.5
MO,2026-05-26 14:52:16.412670+00:00,CALL,73.0,2026-06-12,282305,2155,2164,427,72.52,REPEATEDHITS,False,False,False,282305,0,119724622010.0,17,ASK,LONG,1.0
MO,2026-05-20 16:56:03.944004+00:00,PUT,70.0,2026-09-18,197538,708,734,190,73.87,REPEATEDHITSDESCENDINGFILL,False,False,False,285,197253,119724622010.0,121,BID,LONG,0.5
MO,2026-05-18 17:03:00.034419+00:00,CALL,85.0,2026-12-18,52950,353,354,204,73.385,REPEATEDHITS,False,False,False,52950,0,119724622010.0,214,ASK,LONG,1.0
MO,2026-05-18 16:06:14.283092+00:00,PUT,67.5,2026-07-17,107040,1338,1452,1278,73.2801,REPEATEDHITS,False,False,False,0,107040,119724622010.0,60,BID,LONG,0.5
MO,2026-05-13 14:51:57.154940+00:00,PUT,70.0,2026-07-17,216154,851,851,526,70.93,REPEATEDHITS,False,False,False,214884,1270,119724622010.0,65,ASK,SHORT,1.0
MO,2026-05-12 19:55:37.092856+00:00,PUT,47.5,2027-03-19,60000,1000,1001,170,70.015,REPEATEDHITS,False,False,False,60000,0,119724622010.0,311,ASK,SHORT,1.0
MO,2026-05-05 16:31:46.712195+00:00,CALL,72.0,2026-05-08,83961,491,505,370,73.37,REPEATEDHITS,True,False,False,83961,0,119724622010.0,3,ASK,LONG,1.0
MO,2026-05-05 15:54:30.348274+00:00,PUT,72.5,2026-09-18,93450,210,223,140,72.71,REPEATEDHITS,False,False,False,93450,0,119724622010.0,136,ASK,SHORT,1.0
MO,2026-04-30 14:27:20.196264+00:00,CALL,74.0,2026-05-15,173799,1413,1490,42,73.4,REPEATEDHITS,False,False,False,173799,0,119724622010.0,15,ASK,LONG,1.0
MO,2026-04-29 15:24:22.187531+00:00,CALL,68.0,2026-05-01,225834,1698,1812,1420,68.33,REPEATEDHITS,False,False,False,6384,219450,119724622010.0,2,BID,SHORT,0.5
MO,2026-04-29 14:50:49.274727+00:00,CALL,69.0,2026-05-15,102135,751,849,275,68.1,REPEATEDHITS,False,False,False,102135,0,119724622010.0,16,ASK,LONG,1.0
MRNA,2026-06-24 16:20:28.842832+00:00,PUT,59.0,2026-07-10,16276,64,64,26,61.655,REPEATEDHITSASCENDINGFILL,True,False,False,2558,13718,24203961799.0,16,BID,LONG,0.5
MRNA,2026-06-23 16:04:43.068168+00:00,PUT,62.0,2026-07-02,136419,440,510,20,61.9699,REPEATEDHITSASCENDINGFILL,False,False,False,0,136419,24203961799.0,9,BID,LONG,0.5
MRNA,2026-06-23 15:29:05.003392+00:00,CALL,62.0,2026-07-17,28320,59,115,25,61.8,REPEATEDHITS,True,False,False,0,28320,24203961799.0,24,BID,SHORT,0.5
MRNA,2026-06-23 15:11:49.137473+00:00,PUT,70.0,2026-09-18,37830,26,26,2,62.49,REPEATEDHITS,True,False,False,37830,0,24203961799.0,87,ASK,SHORT,1.0
MRNA,2026-06-23 14:48:02.338610+00:00,PUT,62.0,2026-07-17,26845,59,59,0,62.365,REPEATEDHITS,True,False,False,26845,0,24203961799.0,24,ASK,SHORT,1.0
MRNA,2026-06-23 14:34:56.858034+00:00,CALL,63.0,2026-07-17,29870,58,193,16,63.45,REPEATEDHITS,True,False,False,0,29870,24203961799.0,24,BID,SHORT,0.5
MRNA,2026-06-23 14:01:43.944211+00:00,CALL,63.0,2026-07-10,14520,33,116,9,63.3201,REPEATEDHITS,True,False,False,0,14520,24203961799.0,17,BID,SHORT,0.5
MRNA,2026-06-23 14:01:38.735918+00:00,CALL,63.0,2026-07-10,35640,81,83,9,63.45,REPEATEDHITS,True,False,False,0,35640,24203961799.0,17,BID,SHORT,0.5
MRNA,2026-06-22 19:44:35.102525+00:00,PUT,53.0,2026-07-02,76609,1079,1391,100,59.76,REPEATEDHITS,False,False,False,0,76609,24203961799.0,10,BID,LONG,0.5
MRNA,2026-06-22 18:53:17.030868+00:00,PUT,56.0,2026-07-10,82315,336,528,6,59.105,REPEATEDHITSDESCENDINGFILL,True,False,False,81830,485,24203961799.0,18,ASK,SHORT,1.0
MRNA,2026-06-22 18:13:37.934229+00:00,PUT,52.0,2026-07-02,17716,322,324,100,60.2,REPEATEDHITSASCENDINGFILL,False,False,False,60,17656,24203961799.0,10,BID,LONG,0.5
MRNA,2026-06-22 16:58:19.300405+00:00,CALL,63.0,2026-06-26,65537,451,642,148,60.39,REPEATEDHITSDESCENDINGFILL,True,False,False,61868,3669,24203961799.0,4,ASK,LONG,1.0
MRNA,2026-06-22 16:27:34.471705+00:00,PUT,56.0,2026-07-10,34638,150,156,6,59.805,REPEATEDHITSDESCENDINGFILL,False,False,False,33726,682,24203961799.0,18,ASK,SHORT,1.0
MRNA,2026-06-22 16:27:34.471705+00:00,PUT,64.0,2026-07-10,72591,110,110,1,59.805,REPEATEDHITS,True,False,False,72591,0,24203961799.0,18,ASK,SHORT,1.0
MRNA,2026-06-22 16:18:21.703009+00:00,PUT,59.0,2026-07-17,28560,68,72,0,60.05,REPEATEDHITS,False,False,False,420,28140,24203961799.0,25,BID,LONG,0.5
MRNA,2026-06-22 16:14:02.834552+00:00,CALL,63.0,2026-07-02,20766,100,147,35,59.9,REPEATEDHITSASCENDINGFILL,False,False,False,0,20766,24203961799.0,10,BID,SHORT,0.5
MRNA,2026-06-22 15:29:39.583775+00:00,CALL,62.0,2026-07-10,92736,322,326,1,58.8,REPEATEDHITS,False,False,False,92736,0,24203961799.0,18,ASK,LONG,1.0
MRNA,2026-06-22 15:11:58.719845+00:00,PUT,53.0,2026-07-02,28250,250,254,100,57.85,REPEATEDHITS,False,False,False,0,20453,24203961799.0,10,BID,LONG,0.5
MRNA,2026-06-22 14:20:37.154480+00:00,CALL,57.0,2026-07-17,10115,17,17,0,59.02,REPEATEDHITS,False,False,False,0,10115,24203961799.0,25,BID,SHORT,0.5
MRNA,2026-06-22 13:39:01.064302+00:00,PUT,60.0,2026-06-26,105756,433,1613,326,60.533,REPEATEDHITSASCENDINGFILL,False,False,False,38907,66081,24203961799.0,4,BID,LONG,0.5
MRNA,2026-06-22 13:31:37.555385+00:00,CALL,67.0,2026-07-24,13155,22,22,1,65.2,REPEATEDHITSDESCENDINGFILL,True,False,False,8300,4855,24203961799.0,32,ASK,LONG,1.0
MRNA,2026-06-22 13:31:37.555385+00:00,CALL,68.0,2026-07-24,11545,21,41,1,65.48,REPEATEDHITS,True,False,False,11000,545,24203961799.0,32,ASK,LONG,1.0
MRNA,2026-06-18 19:57:36.585334+00:00,PUT,63.0,2026-06-26,29600,100,266,0,63.725,REPEATEDHITS,False,False,False,29600,0,24203961799.0,8,ASK,SHORT,1.0
MRNA,2026-06-18 19:54:48.868763+00:00,PUT,64.0,2026-06-26,22110,66,118,9,63.58,REPEATEDHITS,True,False,False,0,22110,24203961799.0,8,BID,LONG,0.5
MRNA,2026-06-18 19:54:48.868763+00:00,PUT,62.0,2026-06-26,28022,120,410,12,63.55,REPEATEDHITSASCENDINGFILL,False,False,False,5528,22494,24203961799.0,8,BID,LONG,0.5
MRNA,2026-06-18 19:08:50.023721+00:00,PUT,65.0,2026-06-26,247680,688,773,0,64.17,REPEATEDHITS,False,False,False,247680,0,24203961799.0,8,ASK,SHORT,1.0
MRNA,2026-06-18 19:08:50.023721+00:00,PUT,65.0,2026-06-26,39600,110,885,0,63.92,REPEATEDHITS,False,False,False,39600,0,24203961799.0,8,ASK,SHORT,1.0
MRNA,2026-06-18 17:42:36.653830+00:00,PUT,55.0,2026-06-26,25217,634,12919,133,64.21,REPEATEDHITSASCENDINGFILL,True,False,False,12766,9041,24203961799.0,8,ASK,SHORT,1.0
MRNA,2026-06-18 16:59:23.802488+00:00,PUT,61.0,2026-07-02,12656,45,51,1,63.125,REPEATEDHITSDESCENDINGFILL,True,False,False,8721,3371,24203961799.0,14,ASK,SHORT,1.0
MRNA,2026-06-18 15:24:14.686042+00:00,PUT,65.0,2026-07-17,47905,67,79,51,62.06,REPEATEDHITS,True,False,False,0,47905,24203961799.0,29,BID,LONG,0.5
MRNA,2026-06-18 13:59:34.557688+00:00,PUT,60.0,2026-07-02,12218,41,62,3,61.65,REPEATEDHITSDESCENDINGFILL,False,False,False,11632,586,24203961799.0,14,ASK,SHORT,1.0
MRNA,2026-06-18 13:47:22.985669+00:00,PUT,55.0,2026-06-26,26739,356,10876,133,61.78,REPEATEDHITSDESCENDINGFILL,True,False,False,3094,22557,24203961799.0,8,BID,LONG,0.5
MRNA,2026-06-18 13:47:22.985669+00:00,PUT,55.0,2026-06-26,59321,736,9069,133,61.785,REPEATEDHITSDESCENDINGFILL,False,False,False,26740,32581,24203961799.0,8,BID,LONG,0.5
MRNA,2026-06-18 13:47:22.985669+00:00,PUT,55.0,2026-06-26,114096,1451,10520,133,61.78,REPEATEDHITSDESCENDINGFILL,False,False,False,22216,84928,24203961799.0,8,BID,LONG,0.5
MRNA,2026-06-18 13:47:20.775639+00:00,PUT,55.0,2026-06-26,85350,1073,8331,133,61.745,REPEATEDHITSASCENDINGFILL,True,False,False,19928,65338,24203961799.0,8,BID,LONG,0.5
MRNA,2026-06-18 13:47:20.775639+00:00,PUT,55.0,2026-06-26,59421,725,7215,133,61.655,REPEATEDHITSASCENDINGFILL,True,False,False,29271,28478,24203961799.0,8,ASK,SHORT,1.0
MRNA,2026-06-18 13:46:38.261140+00:00,PUT,55.0,2026-06-26,159527,2496,4722,133,62.3991,REPEATEDHITSASCENDINGFILL,True,False,False,128509,31018,24203961799.0,8,ASK,SHORT,1.0
MRNA,2026-06-18 13:46:38.261140+00:00,PUT,55.0,2026-06-26,18690,278,5000,133,62.48,REPEATEDHITSDESCENDINGFILL,True,False,False,15588,1494,24203961799.0,8,ASK,SHORT,1.0
MRNA,2026-06-18 13:46:35.451852+00:00,PUT,61.0,2026-06-26,15466,64,70,22,62.4115,REPEATEDHITSASCENDINGFILL,True,False,False,9740,5726,24203961799.0,8,ASK,SHORT,1.0
MRNA,2026-06-18 13:46:35.451852+00:00,PUT,62.0,2026-06-26,23407,81,145,12,62.4115,REPEATEDHITSDESCENDINGFILL,True,False,False,12899,10508,24203961799.0,8,ASK,SHORT,1.0
MRNA,2026-06-18 13:46:35.451852+00:00,PUT,55.0,2026-06-26,45138,746,2226,133,62.4115,REPEATEDHITSDESCENDINGFILL,False,False,False,33137,8638,24203961799.0,8,ASK,SHORT,1.0
MRNA,2026-06-18 13:46:32.844454+00:00,PUT,62.0,2026-06-26,16669,59,64,12,62.53,REPEATEDHITSDESCENDINGFILL,True,False,False,15845,824,24203961799.0,8,ASK,SHORT,1.0
MRNA,2026-06-18 13:46:32.844454+00:00,PUT,55.0,2026-06-26,76849,1386,1480,133,62.4106,REPEATEDHITSDESCENDINGFILL,True,False,False,57239,19610,24203961799.0,8,ASK,SHORT,1.0
MRNA,2026-06-17 14:18:17.618893+00:00,CALL,64.0,2026-06-26,20232,281,281,8,56.78,REPEATEDHITS,False,False,False,0,20232,24203961799.0,9,BID,SHORT,0.5
MRNA,2026-06-16 17:11:25.026469+00:00,PUT,59.0,2026-06-26,27050,63,65,0,56.8001,REPEATEDHITSDESCENDINGFILL,True,False,False,26625,425,24203961799.0,10,ASK,SHORT,1.0
MRNA,2026-06-16 17:11:25.026469+00:00,PUT,58.0,2026-06-26,25550,70,72,4,56.8001,REPEATEDHITS,True,False,False,25550,0,24203961799.0,10,ASK,SHORT,1.0
MRNA,2026-06-16 17:07:37.179070+00:00,CALL,55.0,2026-07-31,34414,45,49,7,57.26,REPEATEDHITSDESCENDINGFILL,False,False,False,34414,0,24203961799.0,45,ASK,LONG,1.0
MRNA,2026-06-16 16:23:18.593333+00:00,CALL,56.0,2026-07-02,30169,90,113,35,55.43,REPEATEDHITSASCENDINGFILL,False,False,False,0,30169,24203961799.0,16,BID,SHORT,0.5
MRNA,2026-06-16 16:00:53.769211+00:00,CALL,61.0,2026-06-26,18600,186,450,18,55.26,REPEATEDHITS,True,False,False,17900,0,24203961799.0,10,ASK,LONG,1.0
MRNA,2026-06-16 15:56:36.244375+00:00,CALL,65.0,2026-07-10,10560,96,114,9,54.4001,REPEATEDHITS,False,False,False,10560,0,24203961799.0,24,ASK,LONG,1.0
MRVL,2026-06-24 17:49:14.568695+00:00,PUT,207.5,2026-07-02,100275,573,595,78,268.385,REPEATEDHITS,False,False,False,100275,0,244104192000.0,8,ASK,SHORT,1.0
MRVL,2026-06-24 17:16:42.427341+00:00,CALL,295.0,2026-07-17,66385,43,372,23,267.185,REPEATEDHITSASCENDINGFILL,False,False,False,32510,33875,244104192000.0,23,BID,SHORT,0.5
MRVL,2026-06-24 17:16:36.813647+00:00,CALL,295.0,2026-07-17,271630,176,329,23,267.1801,REPEATEDHITSASCENDINGFILL,True,False,False,134585,137045,244104192000.0,23,BID,SHORT,0.5
MRVL,2026-06-24 16:41:14.866771+00:00,CALL,470.0,2027-02-19,61539,17,27,0,271.04,REPEATEDHITSASCENDINGFILL,False,False,False,29019,32520,244104192000.0,240,BID,SHORT,0.5
MRVL,2026-06-24 15:19:20.325888+00:00,PUT,215.0,2026-07-02,99875,537,581,381,270.945,REPEATEDHITSDESCENDINGFILL,False,False,False,99695,180,244104192000.0,8,ASK,SHORT,1.0
MRVL,2026-06-24 14:21:08.788673+00:00,CALL,252.5,2026-06-26,489525,273,273,17,265.42,REPEATEDHITSASCENDINGFILL,False,False,False,306945,182580,244104192000.0,2,ASK,LONG,1.0
MRVL,2026-06-24 14:21:08.788673+00:00,CALL,247.5,2026-06-26,142365,66,66,17,265.42,REPEATEDHITSASCENDINGFILL,False,False,False,58320,84045,244104192000.0,2,BID,SHORT,0.5
MRVL,2026-06-24 14:03:41.382857+00:00,PUT,300.0,2027-02-19,298720,32,32,1,268.9,REPEATEDHITS,False,False,False,233375,0,244104192000.0,240,ASK,SHORT,1.0
MRVL,2026-06-24 14:01:51.159212+00:00,CALL,252.5,2026-07-02,480765,184,184,11,269.5799,REPEATEDHITS,False,False,False,274575,206190,244104192000.0,8,ASK,LONG,1.0
MRVL,2026-06-24 13:47:05.657848+00:00,CALL,295.0,2026-07-17,72618,39,39,23,273.155,REPEATEDHITS,False,False,False,0,72618,244104192000.0,23,BID,SHORT,0.5
MRVL,2026-06-24 13:41:24.237843+00:00,CALL,250.0,2026-07-31,404400,92,94,17,270.55,REPEATEDHITSASCENDINGFILL,False,False,False,197815,206585,244104192000.0,37,BID,SHORT,0.5
MRVL,2026-06-23 19:57:25.088750+00:00,CALL,275.0,2026-07-17,96285,31,293,8,279.18,REPEATEDHITSDESCENDINGFILL,True,False,False,6240,90045,244104192000.0,24,BID,SHORT,0.5
MRVL,2026-06-23 19:06:53.251331+00:00,CALL,285.0,2026-07-17,253834,93,202,35,279.84,REPEATEDHITSASCENDINGFILL,False,False,False,253834,0,244104192000.0,24,ASK,LONG,1.0
MRVL,2026-06-23 17:52:06.908566+00:00,PUT,267.5,2026-07-10,80400,45,47,30,280.04,REPEATEDHITSDESCENDINGFILL,True,False,False,67905,12495,244104192000.0,17,ASK,SHORT,1.0
MRVL,2026-06-23 17:05:57.510122+00:00,CALL,262.5,2026-07-02,88470,31,34,13,279.775,REPEATEDHITSDESCENDINGFILL,True,False,False,57120,31350,244104192000.0,9,ASK,LONG,1.0
MRVL,2026-06-23 16:22:46.560616+00:00,PUT,210.0,2026-10-16,275137,118,1108,81,282.0,REPEATEDHITSDESCENDINGFILL,True,False,False,128347,111845,244104192000.0,115,ASK,SHORT,1.0
MRVL,2026-06-23 16:21:12.670874+00:00,PUT,310.0,2027-02-19,107259,11,25,2,281.04,REPEATEDHITS,False,False,False,38995,68264,244104192000.0,241,BID,LONG,0.5
MRVL,2026-06-23 15:55:47.802596+00:00,PUT,280.0,2026-07-10,1200000,500,1500,451,280.375,REPEATEDHITS,False,False,False,0,1200000,244104192000.0,17,BID,LONG,0.5
MRVL,2026-06-23 15:40:29.297473+00:00,CALL,357.5,2026-07-02,69930,333,337,189,280.14,REPEATEDHITS,False,False,False,0,69930,244104192000.0,9,BID,SHORT,0.5
MRVL,2026-06-23 15:26:47.619321+00:00,PUT,265.0,2026-07-17,241035,117,132,34,281.6,REPEATEDHITSASCENDINGFILL,True,False,False,140090,100945,244104192000.0,24,ASK,SHORT,1.0
MRVL,2026-06-23 15:19:32.744551+00:00,CALL,280.0,2027-02-19,198260,23,23,2,280.3,REPEATEDHITS,False,False,False,198260,0,244104192000.0,241,ASK,LONG,1.0
MRVL,2026-06-23 13:33:26.698097+00:00,CALL,272.5,2026-07-02,103310,43,43,33,280.52,REPEATEDHITSDESCENDINGFILL,True,False,False,50535,52775,244104192000.0,9,BID,SHORT,0.5
MRVL,2026-06-23 13:33:25.292812+00:00,CALL,272.5,2026-06-26,206400,112,112,95,280.52,REPEATEDHITSDESCENDINGFILL,True,False,False,29490,176910,244104192000.0,3,BID,SHORT,0.5
MRVL,2026-06-23 13:32:44.968025+00:00,CALL,312.5,2026-07-17,66310,37,37,27,280.2372,REPEATEDHITSASCENDINGFILL,True,False,False,7220,59090,244104192000.0,24,BID,SHORT,0.5
MRVL,2026-06-22 16:10:51.401746+00:00,CALL,327.5,2026-07-17,85785,39,55,0,300.17,REPEATEDHITSDESCENDINGFILL,True,False,False,79200,6585,244104192000.0,25,ASK,LONG,1.0
MRVL,2026-06-22 16:09:04.862143+00:00,PUT,285.0,2026-07-17,52690,22,96,0,299.295,REPEATEDHITS,True,False,False,40715,11975,244104192000.0,25,ASK,SHORT,1.0
MRVL,2026-06-22 15:33:14.581173+00:00,PUT,322.5,2026-06-26,1014345,359,397,158,301.63,REPEATEDHITSASCENDINGFILL,True,False,False,2865,1011480,244104192000.0,4,BID,LONG,0.5
MRVL,2026-06-22 15:06:40.882889+00:00,PUT,275.0,2026-07-02,528243,559,600,447,304.86,REPEATEDHITSDESCENDINGFILL,False,False,False,528243,0,244104192000.0,10,ASK,SHORT,1.0
MRVL,2026-06-22 14:47:14.782168+00:00,PUT,310.0,2026-12-18,970445,123,144,75,307.59,REPEATEDHITSASCENDINGFILL,True,False,False,551410,371695,244104192000.0,179,ASK,SHORT,1.0
MRVL,2026-06-22 14:38:02.913154+00:00,PUT,307.5,2026-07-17,108776,34,42,0,307.59,REPEATEDHITSDESCENDINGFILL,True,False,False,6401,102375,244104192000.0,25,BID,LONG,0.5
MRVL,2026-06-22 14:19:09.600463+00:00,CALL,315.0,2026-07-17,68205,21,55,0,311.59,REPEATEDHITSDESCENDINGFILL,True,False,False,55235,12970,244104192000.0,25,ASK,LONG,1.0
MRVL,2026-06-22 13:56:47.491180+00:00,PUT,277.5,2026-07-10,68410,48,88,11,308.64,REPEATEDHITSASCENDINGFILL,True,False,False,1440,66970,244104192000.0,18,BID,LONG,0.5
MRVL,2026-06-22 13:41:31.218246+00:00,PUT,237.5,2026-06-26,123665,1230,1232,149,301.78,REPEATEDHITS,True,False,False,0,84249,244104192000.0,4,BID,LONG,0.5
MRVL,2026-06-22 13:37:34.062979+00:00,CALL,415.0,2026-06-26,70000,1000,1012,244,307.58,REPEATEDHITS,False,False,False,20650,49350,244104192000.0,4,BID,SHORT,0.5
MRVL,2026-06-22 13:36:09.052935+00:00,PUT,295.0,2026-07-17,85500,32,32,0,307.55,REPEATEDHITS,True,False,False,16080,69420,244104192000.0,25,BID,LONG,0.5
MRVL,2026-06-22 13:35:18.722302+00:00,CALL,317.5,2026-07-17,66860,23,23,0,305.615,REPEATEDHITSASCENDINGFILL,True,False,False,17460,49400,244104192000.0,25,BID,SHORT,0.5
MRVL,2026-06-22 13:30:07.713078+00:00,PUT,222.5,2026-06-26,59378,746,746,374,313.59,REPEATEDHITSASCENDINGFILL,False,False,False,0,59378,244104192000.0,4,BID,LONG,0.5
MRVL,2026-06-18 19:59:28.987511+00:00,PUT,315.0,2026-06-18,250860,500,6170,180,311.045,REPEATEDHITS,True,False,False,0,236360,244104192000.0,0,BID,LONG,0.5
MRVL,2026-06-18 19:54:52.682026+00:00,PUT,320.0,2026-06-18,288000,360,12843,282,313.4501,REPEATEDHITS,False,False,False,288000,0,244104192000.0,0,ASK,SHORT,1.0
MRVL,2026-06-18 19:51:51.612803+00:00,CALL,362.5,2026-06-26,175100,253,345,14,318.05,REPEATEDHITSDESCENDINGFILL,True,False,False,90940,84160,244104192000.0,8,ASK,LONG,1.0
MRVL,2026-06-18 19:33:52.695852+00:00,PUT,340.0,2026-09-18,246160,34,288,33,328.4901,REPEATEDHITS,False,False,False,246160,0,244104192000.0,92,ASK,SHORT,1.0
MRVL,2026-06-18 19:33:37.072470+00:00,PUT,340.0,2026-09-18,254450,35,254,33,327.6,REPEATEDHITS,False,False,False,254450,0,244104192000.0,92,ASK,SHORT,1.0
MRVL,2026-06-18 19:33:23.651627+00:00,PUT,340.0,2026-09-18,328045,45,158,33,327.465,REPEATEDHITS,False,False,False,328045,0,244104192000.0,92,ASK,SHORT,1.0
MRVL,2026-06-18 19:20:34.128862+00:00,PUT,302.5,2026-06-26,91080,92,4069,71,327.47,REPEATEDHITS,False,False,False,36630,54450,244104192000.0,8,BID,LONG,0.5
MRVL,2026-06-18 19:20:34.128862+00:00,PUT,297.5,2026-06-26,241132,287,381,136,327.285,REPEATEDHITSASCENDINGFILL,False,False,False,0,241132,244104192000.0,8,BID,LONG,0.5
MRVL,2026-06-18 19:18:48.980840+00:00,PUT,320.0,2026-06-26,856800,504,2027,126,327.76,REPEATEDHITS,False,False,False,856800,0,244104192000.0,8,ASK,SHORT,1.0
MRVL,2026-06-18 19:11:50.840156+00:00,PUT,350.0,2026-12-18,798000,80,80,28,326.25,REPEATEDHITS,False,False,False,0,0,244104192000.0,183,MIXED,,0.0
MRVL,2026-06-18 18:47:06.702858+00:00,PUT,315.0,2026-06-18,66960,248,4661,180,321.55,REPEATEDHITS,False,False,False,0,66960,244104192000.0,0,BID,LONG,0.5
MRVL,2026-06-18 18:46:39.475856+00:00,PUT,322.5,2026-06-18,50718,92,3370,58,321.8499,REPEATEDHITSDESCENDINGFILL,True,False,False,2240,48478,244104192000.0,0,BID,LONG,0.5
MRVL,2026-06-18 18:40:46.504025+00:00,PUT,325.0,2026-06-26,458850,210,2334,30,322.23,REPEATEDHITS,False,False,False,458850,0,244104192000.0,8,ASK,SHORT,1.0
MSTU,2026-06-24 17:29:38.816807+00:00,PUT,2.0,2026-07-02,12501,500,1172,74,1.9393,REPEATEDHITS,False,False,False,0,12501,1200000.0,8,BID,LONG,0.5
MSTU,2026-06-22 16:19:45.997446+00:00,CALL,15.0,2026-12-18,18480,880,9453,697,2.76,REPEATEDHITS,False,False,False,0,18480,1200000.0,179,BID,SHORT,0.5
MSTU,2026-06-22 15:38:45.183366+00:00,CALL,15.0,2026-12-18,18009,783,7344,697,2.89,REPEATEDHITS,False,False,False,0,18009,1200000.0,179,BID,SHORT,0.5
MSTU,2026-06-22 15:26:31.938152+00:00,CALL,15.0,2026-12-18,35880,1560,4836,697,2.9197,REPEATEDHITS,False,False,False,0,35880,1200000.0,179,BID,SHORT,0.5
MSTU,2026-06-22 15:20:42.380162+00:00,CALL,15.0,2026-12-18,31048,1400,2807,697,2.9,REPEATEDHITS,False,False,False,0,31048,1200000.0,179,BID,SHORT,0.5
MSTU,2026-06-22 14:54:49.266743+00:00,CALL,15.0,2026-12-18,30690,1395,1407,697,2.915,REPEATEDHITS,False,False,False,0,30690,1200000.0,179,BID,SHORT,0.5
MSTU,2026-05-28 17:15:08.817706+00:00,CALL,6.0,2026-07-17,23100,300,340,71,5.595,REPEATEDHITS,False,False,False,0,23100,1200000.0,50,BID,SHORT,0.5
MSTU,2026-05-26 14:04:34.087424+00:00,CALL,18.0,2026-12-18,248920,2540,2540,0,6.635,REPEATEDHITS,True,False,False,81536,134064,1200000.0,206,BID,SHORT,0.5
MSTU,2026-05-21 19:03:53.786248+00:00,CALL,13.0,2026-07-17,33767,1339,1351,0,6.685,REPEATEDHITSASCENDINGFILL,False,False,False,0,33767,1200000.0,57,BID,SHORT,0.5
MSTU,2026-05-18 16:11:29.423232+00:00,PUT,6.0,2026-05-22,19520,976,2501,298,6.66,REPEATEDHITS,False,False,False,0,19520,1200000.0,4,BID,LONG,0.5
MSTU,2026-05-14 19:28:21.848409+00:00,PUT,9.0,2026-05-22,13224,152,200,143,8.74,REPEATEDHITS,False,False,False,13224,0,1200000.0,8,ASK,SHORT,1.0
MSTU,2026-05-13 14:00:53.735927+00:00,PUT,7.0,2026-06-18,40000,500,501,293,7.895,REPEATEDHITS,True,False,False,40000,0,1200000.0,36,ASK,SHORT,1.0
MSTU,2026-05-11 14:35:17.177961+00:00,PUT,8.0,2026-05-15,24960,960,1937,939,8.7,REPEATEDHITS,False,False,False,0,24960,1200000.0,4,BID,LONG,0.5
MSTU,2026-05-06 14:48:54.483285+00:00,CALL,12.0,2026-05-15,53600,5000,10180,369,8.6401,REPEATEDHITSASCENDINGFILL,True,False,False,53600,0,1200000.0,9,ASK,LONG,1.0
MSTU,2026-05-05 17:31:59.548402+00:00,PUT,9.0,2026-06-18,55322,278,280,249,8.5901,REPEATEDHITS,True,False,False,55322,0,1200000.0,44,ASK,SHORT,1.0
MSTU,2026-05-04 15:21:23.994159+00:00,PUT,8.0,2026-05-08,22000,500,1962,246,8.4001,REPEATEDHITS,False,False,False,0,22000,1200000.0,4,BID,LONG,0.5
MSTU,2026-05-04 14:11:20.061765+00:00,PUT,8.0,2026-05-08,26447,499,642,246,8.1597,REPEATEDHITS,False,False,False,0,26447,1200000.0,4,BID,LONG,0.5
MSTU,2026-05-01 13:37:25.061039+00:00,CALL,9.0,2026-05-08,13680,720,978,591,7.645,REPEATEDHITS,False,False,False,0,13680,1200000.0,7,BID,SHORT,0.5
MSTU,2026-04-30 13:36:37.978750+00:00,CALL,7.5,2026-05-08,14800,740,740,429,6.52,REPEATEDHITS,False,False,False,0,14800,1200000.0,8,BID,SHORT,0.5
NAIL,2026-06-24 17:41:05.950755+00:00,CALL,45.0,2026-07-31,72680,79,89,0,50.5101,REPEATEDHITS,True,False,False,0,72680,683293500.0,37,BID,SHORT,0.5
NAIL,2026-06-24 15:39:26.644341+00:00,CALL,50.0,2026-07-02,82402,206,721,138,51.9601,REPEATEDHITS,True,False,False,0,82402,683293500.0,8,BID,SHORT,0.5
NAIL,2026-06-24 15:03:45.214485+00:00,CALL,52.0,2026-07-17,16800,35,536,17,51.725,REPEATEDHITS,False,False,False,16800,0,683293500.0,23,ASK,LONG,1.0
NAIL,2026-06-24 13:31:47.614799+00:00,CALL,50.0,2026-07-02,29040,242,402,138,46.435,REPEATEDHITS,False,False,False,3000,26040,683293500.0,8,BID,SHORT,0.5
NAIL,2026-06-16 17:30:49.700892+00:00,PUT,51.0,2026-06-26,12350,19,39,0,45.41,REPEATEDHITS,False,False,False,2600,9750,683293500.0,10,BID,LONG,0.5
NAIL,2026-06-16 15:04:09.615513+00:00,CALL,44.5,2026-06-18,56460,205,205,38,45.235,REPEATEDHITSASCENDINGFILL,False,False,False,8680,47780,683293500.0,2,BID,SHORT,0.5
NAIL,2026-06-11 14:42:09.395814+00:00,CALL,40.0,2026-07-17,201960,396,1021,240,40.2299,REPEATEDHITS,False,False,False,201960,0,683293500.0,36,ASK,LONG,1.0
NAIL,2026-06-11 14:41:33.321588+00:00,CALL,40.0,2026-07-17,260000,500,521,240,40.16,REPEATEDHITS,False,False,False,0,0,683293500.0,36,MIXED,,0.0
NAIL,2026-06-09 14:02:17.076776+00:00,CALL,42.5,2026-06-12,95000,500,515,90,42.21,REPEATEDHITS,False,False,False,95000,0,683293500.0,3,ASK,LONG,1.0
NAIL,2026-06-03 17:23:03.896477+00:00,CALL,40.0,2026-07-17,37440,96,285,17,37.33,REPEATEDHITS,False,False,False,0,37440,683293500.0,44,BID,SHORT,0.5
NAIL,2026-06-03 15:56:30.896387+00:00,CALL,45.0,2026-06-12,12635,361,763,275,37.61,REPEATEDHITS,False,False,False,0,12635,683293500.0,9,BID,SHORT,0.5
NAIL,2026-06-03 15:55:20.390771+00:00,CALL,45.0,2026-06-12,13895,397,402,275,37.53,REPEATEDHITS,False,False,False,0,13895,683293500.0,9,BID,SHORT,0.5
NAIL,2026-05-29 19:05:54.582375+00:00,CALL,41.0,2026-06-05,24840,184,206,59,39.15,REPEATEDHITS,False,False,False,0,24840,683293500.0,7,BID,SHORT,0.5
NAIL,2026-05-20 18:00:10.647917+00:00,CALL,33.0,2026-06-12,58000,145,148,0,34.325,REPEATEDHITS,True,False,False,0,58000,683293500.0,23,BID,SHORT,0.5
NAIL,2026-05-19 17:15:34.186460+00:00,PUT,16.0,2026-12-18,36000,200,530,0,31.2299,REPEATEDHITS,False,False,False,0,36000,683293500.0,213,BID,LONG,0.5
NAIL,2026-05-19 17:03:47.036226+00:00,PUT,16.0,2026-12-18,24050,130,160,0,31.185,REPEATEDHITS,False,False,False,0,10730,683293500.0,213,BID,LONG,0.5
NAIL,2026-05-19 14:53:14.835852+00:00,CALL,31.0,2026-05-22,15345,118,140,7,30.68,REPEATEDHITS,True,False,False,265,14950,683293500.0,3,BID,SHORT,0.5
NAIL,2026-05-15 17:44:38.068548+00:00,CALL,32.5,2026-05-29,19000,100,101,0,31.56,REPEATEDHITS,False,False,False,18810,190,683293500.0,14,ASK,LONG,1.0
NAIL,2026-05-12 16:55:46.736720+00:00,PUT,25.0,2026-06-18,11000,200,429,170,36.11,REPEATEDHITS,False,False,False,0,11000,683293500.0,37,BID,LONG,0.5
NAIL,2026-05-08 14:19:38.487362+00:00,PUT,36.5,2026-05-29,24605,133,135,5,39.1,REPEATEDHITS,False,False,False,0,24605,683293500.0,21,BID,LONG,0.5
NAIL,2026-05-05 14:09:28.173995+00:00,PUT,39.5,2026-05-22,13600,40,40,0,39.06,REPEATEDHITS,False,False,False,0,13600,683293500.0,17,BID,LONG,0.5
NAIL,2026-05-04 18:40:09.948732+00:00,CALL,37.0,2026-06-18,15120,28,29,6,37.68,REPEATEDHITS,False,False,False,15120,0,683293500.0,45,ASK,LONG,1.0
NAIL,2026-05-04 13:44:05.769299+00:00,PUT,38.0,2026-05-08,19600,280,316,23,40.19,REPEATEDHITS,False,False,False,0,19600,683293500.0,4,BID,LONG,0.5
NAIL,2026-05-01 19:17:36.980963+00:00,PUT,41.5,2026-05-08,15124,121,121,12,42.58,REPEATEDHITS,False,False,False,15124,0,683293500.0,7,ASK,SHORT,1.0
NVDA,2026-06-24 17:25:13.825613+00:00,CALL,197.5,2026-06-24,235751,1985,19254,439,198.155,REPEATEDHITSASCENDINGFILL,True,False,False,213109,18792,4840968000000.0,0,ASK,LONG,1.0
NVDA,2026-06-24 14:22:10.732148+00:00,CALL,197.5,2026-06-24,120184,516,6038,439,199.4101,REPEATEDHITSDESCENDINGFILL,False,False,False,116734,3220,4840968000000.0,0,ASK,LONG,1.0
NVDA,2026-06-24 14:15:34.852438+00:00,CALL,197.5,2026-06-24,130527,500,3630,439,199.81,REPEATEDHITSDESCENDINGFILL,False,False,False,0,130527,4840968000000.0,0,BID,SHORT,0.5
NVDA,2026-06-24 14:11:25.334955+00:00,CALL,197.5,2026-06-24,111775,499,2268,439,199.31,REPEATEDHITS,True,False,False,7391,103936,4840968000000.0,0,BID,SHORT,0.5
NVDA,2026-06-24 14:08:40.876663+00:00,CALL,197.5,2026-06-29,251615,553,685,67,199.72,REPEATEDHITS,False,False,False,0,251615,4840968000000.0,5,BID,SHORT,0.5
NVDA,2026-06-23 19:35:42.148618+00:00,PUT,187.5,2026-06-29,132569,3083,5296,195,201.4,REPEATEDHITS,False,False,False,0,132569,4840968000000.0,6,BID,LONG,0.5
NVDA,2026-06-23 19:01:56.039207+00:00,CALL,202.5,2026-06-24,288860,2626,89058,605,200.96,REPEATEDHITS,False,False,False,288860,0,4840968000000.0,1,ASK,LONG,1.0
NVDA,2026-06-23 15:37:37.440302+00:00,CALL,210.0,2026-07-10,2492292,7912,8986,4406,201.36,REPEATEDHITSASCENDINGFILL,False,False,False,0,2492292,4840968000000.0,17,BID,SHORT,0.5
NVDA,2026-06-23 15:13:17.022306+00:00,CALL,200.0,2026-06-24,261212,982,10268,929,201.06,REPEATEDHITS,True,False,False,261212,0,4840968000000.0,1,ASK,LONG,1.0
NVDA,2026-06-23 14:51:54.140114+00:00,CALL,202.5,2026-06-24,146932,674,30278,605,202.815,REPEATEDHITS,False,False,False,12426,61912,4840968000000.0,1,BID,SHORT,0.5
NVDA,2026-06-23 14:43:36.349514+00:00,PUT,202.5,2026-06-29,1679988,5250,5664,1650,203.15,REPEATEDHITSDESCENDINGFILL,False,False,False,1679988,0,4840968000000.0,6,ASK,SHORT,1.0
NVDA,2026-06-23 14:34:40.836496+00:00,CALL,217.5,2026-06-29,111930,4305,4526,1555,202.98,REPEATEDHITS,False,False,False,0,111930,4840968000000.0,6,BID,SHORT,0.5
NVDA,2026-06-23 14:29:19.148877+00:00,PUT,187.5,2026-07-02,168340,2215,2474,2200,202.895,REPEATEDHITS,False,False,False,0,168340,4840968000000.0,9,BID,LONG,0.5
NVDA,2026-06-23 14:22:21.495554+00:00,CALL,205.0,2026-07-01,1979650,5499,6004,601,202.9701,REPEATEDHITS,False,False,False,0,1979650,4840968000000.0,8,BID,SHORT,0.5
NVDA,2026-06-23 13:50:33.139483+00:00,CALL,205.0,2026-06-29,126000,420,886,277,203.12,REPEATEDHITS,False,False,False,0,121200,4840968000000.0,6,BID,SHORT,0.5
NVDA,2026-06-23 13:44:03.966337+00:00,PUT,192.5,2026-07-01,183764,1215,1230,51,201.79,REPEATEDHITSASCENDINGFILL,True,False,False,32154,151610,4840968000000.0,8,BID,LONG,0.5
NVDA,2026-06-22 14:27:44.671805+00:00,PUT,130.0,2026-11-20,435000,3000,3000,2298,211.23,REPEATEDHITS,True,False,False,29290,347130,4840968000000.0,151,BID,LONG,0.5
NVDA,2026-06-22 13:52:18.738013+00:00,CALL,217.5,2026-06-24,491590,4510,10358,2643,212.53,REPEATEDHITS,False,False,False,0,491590,4840968000000.0,2,BID,SHORT,0.5
NVDA,2026-06-18 18:27:26.313642+00:00,CALL,205.0,2027-06-17,21535051,5001,5488,2842,210.22,REPEATEDHITSDESCENDINGFILL,False,False,False,21530761,4290,4840968000000.0,364,ASK,LONG,1.0
NVDA,2026-06-18 15:26:18.449748+00:00,PUT,187.5,2026-07-02,100705,1831,1910,741,209.06,REPEATEDHITS,False,False,False,100705,0,4840968000000.0,14,ASK,SHORT,1.0
NVDA,2026-06-17 18:41:23.900547+00:00,CALL,217.5,2026-07-02,226000,1000,2141,525,206.6,REPEATEDHITS,True,False,False,226000,0,4840968000000.0,15,ASK,LONG,1.0
NVDA,2026-06-17 18:26:43.272596+00:00,CALL,205.0,2026-06-22,698546,2117,9709,1428,205.815,REPEATEDHITSDESCENDINGFILL,False,False,False,698546,0,4840968000000.0,5,ASK,LONG,1.0
NVDA,2026-06-17 16:43:34.186554+00:00,CALL,205.0,2026-06-22,619194,1529,5928,1428,207.22,REPEATEDHITSDESCENDINGFILL,False,False,False,618790,404,4840968000000.0,5,ASK,LONG,1.0
NVDA,2026-06-17 16:04:04.144950+00:00,CALL,205.0,2026-06-22,642361,1760,3939,1428,206.67,REPEATEDHITSASCENDINGFILL,False,False,False,642361,0,4840968000000.0,5,ASK,LONG,1.0
NVDA,2026-06-17 15:34:24.294810+00:00,CALL,235.0,2026-07-31,174038,687,952,485,206.51,REPEATEDHITSDESCENDINGFILL,False,False,False,0,136954,4840968000000.0,44,BID,SHORT,0.5
NVDA,2026-06-16 17:13:10.923396+00:00,CALL,207.5,2026-06-22,670654,1656,3113,516,209.12,REPEATEDHITSDESCENDINGFILL,False,False,False,670654,0,4840968000000.0,6,ASK,LONG,1.0
NVDA,2026-06-16 13:52:19.627841+00:00,CALL,210.0,2026-06-24,1808930,4412,4670,1260,209.8112,REPEATEDHITS,False,False,False,0,1808930,4840968000000.0,8,BID,SHORT,0.5
NVDA,2026-06-16 13:51:58.996944+00:00,CALL,207.5,2026-07-02,149310,189,286,92,209.9,REPEATEDHITS,False,False,False,149310,0,4840968000000.0,16,ASK,LONG,1.0
NVDA,2026-06-15 19:59:07.794518+00:00,CALL,212.5,2026-07-02,112080,171,1226,0,212.135,REPEATEDHITS,True,False,False,0,112080,4840968000000.0,17,BID,SHORT,0.5
NVDA,2026-06-15 15:11:18.870521+00:00,CALL,215.0,2026-07-31,248750,250,361,102,211.08,REPEATEDHITS,False,False,False,0,248750,4840968000000.0,46,BID,SHORT,0.5
NVDA,2026-06-12 16:13:11.098878+00:00,PUT,202.5,2026-06-24,651890,1516,1645,343,204.705,REPEATEDHITS,False,False,False,0,651890,4840968000000.0,12,BID,LONG,0.5
NVDA,2026-06-12 14:44:20.738211+00:00,PUT,190.0,2026-06-22,249000,3000,5056,1150,204.586,REPEATEDHITS,False,False,False,249000,0,4840968000000.0,10,ASK,SHORT,1.0
NVDA,2026-06-11 16:16:24.202315+00:00,CALL,200.0,2026-06-22,219425,335,483,250,201.93,REPEATEDHITS,True,False,False,218115,1310,4840968000000.0,11,ASK,LONG,1.0
NVDA,2026-06-11 16:00:04.186324+00:00,CALL,195.0,2026-06-26,2764880,2584,2617,1654,201.28,REPEATEDHITS,False,False,False,53500,2711380,4840968000000.0,15,BID,SHORT,0.5
NVDA,2026-06-10 19:37:05.541668+00:00,PUT,192.5,2026-06-26,192500,500,1423,148,200.7853,REPEATEDHITS,False,False,False,0,169400,4840968000000.0,16,BID,LONG,0.5
NVDA,2026-06-10 18:59:40.574784+00:00,PUT,175.0,2026-07-10,390476,2077,2247,853,201.15,REPEATEDHITS,False,False,False,0,390476,4840968000000.0,30,BID,LONG,0.5
NVDA,2026-06-10 18:48:48.869857+00:00,PUT,192.5,2026-06-26,180000,500,910,148,201.68,REPEATEDHITS,False,False,False,180000,0,4840968000000.0,16,ASK,SHORT,1.0
NVDA,2026-06-10 18:36:07.453968+00:00,PUT,185.0,2026-06-15,129611,3503,6884,344,202.06,REPEATEDHITS,False,False,False,0,129611,4840968000000.0,5,BID,LONG,0.5
NVDA,2026-06-10 15:10:34.423601+00:00,CALL,245.0,2026-07-02,163125,3625,3650,2774,203.158,REPEATEDHITS,False,False,False,0,163125,4840968000000.0,22,BID,SHORT,0.5
NVDA,2026-06-09 19:08:29.445926+00:00,CALL,215.0,2027-12-17,12604800,2626,5238,2298,207.145,REPEATEDHITS,False,False,False,4608000,2812800,4840968000000.0,556,ASK,LONG,1.0
NVDA,2026-06-09 17:49:19.447183+00:00,CALL,200.0,2026-06-24,100318,100,131,0,204.335,REPEATEDHITSDESCENDINGFILL,False,False,False,49450,50868,4840968000000.0,15,BID,SHORT,0.5
NVDA,2026-06-09 17:22:24.192547+00:00,CALL,190.0,2026-06-24,178500,100,102,0,203.83,REPEATEDHITS,False,False,False,178500,0,4840968000000.0,15,ASK,LONG,1.0
NVDA,2026-06-08 15:34:39.790498+00:00,PUT,207.5,2026-06-17,113000,200,478,155,207.2188,REPEATEDHITS,False,False,False,113000,0,4840968000000.0,9,ASK,SHORT,1.0
NVDA,2026-06-08 15:17:44.199604+00:00,CALL,210.0,2026-06-15,2665575,6664,9588,1369,208.63,REPEATEDHITSDESCENDINGFILL,False,False,False,2641175,12800,4840968000000.0,7,ASK,LONG,1.0
NVDA,2026-06-08 14:46:27.940198+00:00,PUT,190.0,2026-06-17,183075,2441,2624,251,208.48,REPEATEDHITS,False,False,False,0,183075,4840968000000.0,9,BID,LONG,0.5
NVDA,2026-06-08 13:34:03.735339+00:00,PUT,207.5,2026-06-15,223190,496,547,382,208.41,REPEATEDHITS,True,False,False,223190,0,4840968000000.0,7,ASK,SHORT,1.0
NVDA,2026-06-05 19:24:48.682250+00:00,CALL,205.0,2026-06-08,145000,500,27595,154,205.43,REPEATEDHITS,True,False,False,0,46110,4840968000000.0,3,BID,SHORT,0.5
NVDA,2026-06-05 19:24:39.263508+00:00,CALL,205.0,2026-06-08,108375,375,27028,154,205.33,REPEATEDHITS,True,False,False,108375,0,4840968000000.0,3,ASK,LONG,1.0
NVDA,2026-06-05 19:17:35.108728+00:00,CALL,205.0,2026-06-08,211900,815,25202,154,204.69,REPEATEDHITS,True,False,False,196300,15600,4840968000000.0,3,ASK,LONG,1.0
NVDA,2026-06-05 19:12:17.098256+00:00,CALL,205.0,2026-06-08,127521,471,24085,154,204.96,REPEATEDHITS,True,False,False,115988,10991,4840968000000.0,3,ASK,LONG,1.0
ON,2026-06-24 18:31:11.796591+00:00,PUT,90.0,2026-08-21,57780,107,109,22,113.24,REPEATEDHITS,False,False,False,57780,0,45876187538.0,58,ASK,SHORT,1.0
ON,2026-06-24 17:01:31.668115+00:00,PUT,115.0,2026-08-21,268522,170,2006,19,113.72,REPEATEDHITSDESCENDINGFILL,True,False,False,248047,20475,45876187538.0,58,ASK,SHORT,1.0
ON,2026-06-24 16:25:33.003003+00:00,PUT,85.0,2026-07-31,39494,217,240,16,114.99,REPEATEDHITS,False,False,False,39494,0,45876187538.0,37,ASK,SHORT,1.0
ON,2026-06-24 14:54:48.554140+00:00,CALL,131.0,2026-07-17,66300,156,156,62,116.11,REPEATEDHITS,False,False,False,0,66300,45876187538.0,23,BID,SHORT,0.5
ON,2026-06-24 14:12:39.082304+00:00,PUT,130.0,2026-08-21,34560,14,14,5,114.68,REPEATEDHITSDESCENDINGFILL,False,False,False,4990,29570,45876187538.0,58,BID,LONG,0.5
ON,2026-06-24 14:02:22.445707+00:00,PUT,113.0,2026-07-17,20935,23,39,1,113.37,REPEATEDHITS,True,False,False,11830,9105,45876187538.0,23,ASK,SHORT,1.0
ON,2026-06-24 13:48:24.422137+00:00,CALL,138.0,2026-07-02,28985,527,530,19,113.44,REPEATEDHITS,False,False,False,0,28985,45876187538.0,8,BID,SHORT,0.5
ON,2026-06-23 18:23:06.789129+00:00,PUT,117.0,2026-07-10,249280,304,2117,5,117.66,REPEATEDHITS,False,False,False,194340,54940,45876187538.0,17,ASK,SHORT,1.0
ON,2026-06-23 18:23:00.378770+00:00,PUT,117.0,2026-07-10,485981,600,1643,5,117.72,REPEATEDHITS,True,False,False,298061,187920,45876187538.0,17,ASK,SHORT,1.0
ON,2026-06-23 18:23:00.378770+00:00,PUT,117.0,2026-07-10,244620,302,1043,5,117.75,REPEATEDHITS,True,False,False,4860,153090,45876187538.0,17,BID,LONG,0.5
ON,2026-06-23 18:22:56.974866+00:00,PUT,117.0,2026-07-10,82400,103,657,5,117.73,REPEATEDHITS,True,False,False,15200,67200,45876187538.0,17,BID,LONG,0.5
ON,2026-06-23 18:22:56.974866+00:00,PUT,117.0,2026-07-10,57941,72,731,5,117.73,REPEATEDHITS,True,False,False,57136,805,45876187538.0,17,ASK,SHORT,1.0
ON,2026-06-23 18:22:54.768671+00:00,PUT,117.0,2026-07-10,264650,335,335,5,117.94,REPEATEDHITS,True,False,False,124030,140620,45876187538.0,17,BID,LONG,0.5
ON,2026-06-23 17:44:42.470371+00:00,PUT,85.0,2026-08-21,74196,212,212,2,117.5,REPEATEDHITS,False,False,False,74196,0,45876187538.0,59,ASK,SHORT,1.0
ON,2026-06-23 15:41:23.374560+00:00,PUT,135.0,2026-08-21,79720,30,130,7,117.79,REPEATEDHITSASCENDINGFILL,False,False,False,18620,61100,45876187538.0,59,BID,LONG,0.5
ON,2026-06-23 15:20:24.999393+00:00,PUT,130.0,2026-09-18,74095,29,30,28,118.12,REPEATEDHITS,False,False,False,0,74095,45876187538.0,87,BID,LONG,0.5
ON,2026-06-23 14:56:03.013796+00:00,PUT,135.0,2026-08-21,60235,23,99,7,118.44,REPEATEDHITSASCENDINGFILL,False,False,False,5250,54985,45876187538.0,59,BID,LONG,0.5
ON,2026-06-23 14:44:11.188932+00:00,PUT,135.0,2026-08-21,79875,31,68,7,119.14,REPEATEDHITSASCENDINGFILL,False,False,False,5190,74685,45876187538.0,59,BID,LONG,0.5
ON,2026-06-23 14:28:15.646609+00:00,CALL,150.0,2026-07-17,130896,606,611,598,119.73,REPEATEDHITS,False,False,False,0,130896,45876187538.0,24,BID,SHORT,0.5
ON,2026-06-23 14:23:27.242276+00:00,PUT,135.0,2026-08-21,82620,34,37,7,121.57,REPEATEDHITS,False,False,False,0,82620,45876187538.0,59,BID,LONG,0.5
ON,2026-06-22 16:38:35.463152+00:00,PUT,131.0,2026-07-17,28340,26,63,0,131.09,REPEATEDHITS,False,False,False,0,28340,45876187538.0,25,BID,LONG,0.5
ON,2026-06-22 16:38:35.463152+00:00,PUT,131.0,2026-07-17,14235,13,76,0,131.09,REPEATEDHITS,True,False,False,0,14235,45876187538.0,25,BID,LONG,0.5
ON,2026-06-22 15:55:33.681026+00:00,PUT,90.0,2027-03-19,71205,63,100,11,131.13,REPEATEDHITS,True,False,False,3390,44085,45876187538.0,270,BID,LONG,0.5
ON,2026-06-22 15:55:32.476108+00:00,PUT,90.0,2027-03-19,42735,37,37,11,131.13,REPEATEDHITS,False,False,False,39270,0,45876187538.0,270,ASK,SHORT,1.0
ON,2026-06-22 15:14:37.945617+00:00,PUT,115.0,2027-03-19,55200,24,36,3,129.2575,REPEATEDHITS,False,False,False,0,55200,45876187538.0,270,BID,LONG,0.5
ON,2026-06-22 14:53:24.737136+00:00,PUT,131.0,2026-07-17,28395,25,33,0,130.32,REPEATEDHITSASCENDINGFILL,False,False,False,3425,24970,45876187538.0,25,BID,LONG,0.5
ON,2026-06-22 14:53:24.737136+00:00,PUT,132.0,2026-07-17,10670,9,50,0,130.32,REPEATEDHITSDESCENDINGFILL,False,False,False,1185,9485,45876187538.0,25,BID,LONG,0.5
ON,2026-06-22 14:45:09.419617+00:00,PUT,132.0,2026-07-17,22610,19,37,0,130.44,REPEATEDHITS,False,False,False,22610,0,45876187538.0,25,ASK,SHORT,1.0
ON,2026-06-22 14:43:12.824954+00:00,CALL,135.0,2026-08-21,10050,6,357,0,130.82,REPEATEDHITS,False,False,False,3350,6700,45876187538.0,60,BID,SHORT,0.5
ON,2026-06-22 14:10:43.168362+00:00,CALL,175.0,2026-10-16,92430,79,109,1,131.9382,REPEATEDHITS,False,False,False,92430,0,45876187538.0,116,ASK,LONG,1.0
ON,2026-06-22 14:06:51.709785+00:00,PUT,125.0,2026-08-21,277830,189,189,13,130.67,REPEATEDHITS,False,False,False,277830,0,45876187538.0,60,ASK,SHORT,1.0
ON,2026-06-22 14:05:19.532276+00:00,CALL,135.0,2026-08-21,488410,289,332,0,131.09,REPEATEDHITS,True,False,False,0,488410,45876187538.0,60,BID,SHORT,0.5
ON,2026-06-22 13:48:52.720901+00:00,CALL,143.0,2026-06-26,27361,141,142,51,131.31,REPEATEDHITSASCENDINGFILL,True,False,False,27361,0,45876187538.0,4,ASK,LONG,1.0
ON,2026-06-22 13:48:52.720901+00:00,CALL,149.0,2026-06-26,25980,259,260,0,131.31,REPEATEDHITS,True,False,False,11526,14454,45876187538.0,4,BID,SHORT,0.5
ON,2026-06-22 13:48:25.878440+00:00,CALL,160.0,2026-07-24,71645,161,161,0,131.38,REPEATEDHITS,False,False,False,71645,0,45876187538.0,32,ASK,LONG,1.0
ON,2026-06-22 13:38:38.815037+00:00,CALL,160.0,2026-07-10,46020,281,281,46,128.8,REPEATEDHITSDESCENDINGFILL,True,False,False,11458,34562,45876187538.0,18,BID,SHORT,0.5
ON,2026-06-18 19:46:42.863053+00:00,PUT,124.0,2026-06-26,225600,320,663,69,121.02,REPEATEDHITS,False,False,False,222780,2820,45876187538.0,8,ASK,SHORT,1.0
ON,2026-06-18 19:35:31.616610+00:00,PUT,120.0,2026-07-02,23865,37,67,9,120.65,REPEATEDHITS,False,False,False,0,23865,45876187538.0,14,BID,LONG,0.5
ON,2026-06-18 19:29:18.687377+00:00,PUT,120.0,2026-07-02,14070,21,30,9,120.205,REPEATEDHITS,False,False,False,0,14070,45876187538.0,14,BID,LONG,0.5
ON,2026-06-18 19:20:39.538009+00:00,PUT,115.0,2026-06-26,24320,76,1110,53,119.93,REPEATEDHITS,False,False,False,23680,640,45876187538.0,8,ASK,SHORT,1.0
ON,2026-06-18 18:18:54.764584+00:00,PUT,124.0,2026-07-02,24360,28,28,0,120.76,REPEATEDHITS,False,False,False,0,24360,45876187538.0,14,BID,LONG,0.5
ON,2026-06-18 17:38:25.799346+00:00,PUT,126.0,2026-07-02,27580,28,28,15,120.8905,REPEATEDHITS,False,False,False,0,27580,45876187538.0,14,BID,LONG,0.5
ON,2026-06-18 15:10:49.321600+00:00,PUT,103.0,2026-06-26,27064,398,401,209,120.255,REPEATEDHITS,False,False,False,27064,0,45876187538.0,8,ASK,SHORT,1.0
ON,2026-06-17 16:34:49.462552+00:00,PUT,125.0,2027-01-15,1174800,400,400,40,116.23,FLOORTRADELARGECAP,False,True,True,0,1174800,45876187538.0,212,BID,LONG,0.5
ON,2026-06-17 15:09:26.769503+00:00,PUT,100.0,2026-07-02,71680,448,460,23,116.24,REPEATEDHITS,False,False,False,71680,0,45876187538.0,15,ASK,SHORT,1.0
ON,2026-06-17 14:46:34.746760+00:00,PUT,115.0,2026-09-18,529650,321,322,184,117.025,REPEATEDHITS,False,False,False,0,529650,45876187538.0,93,BID,LONG,0.5
ON,2026-06-16 17:13:31.349082+00:00,PUT,125.0,2026-10-16,350895,157,160,2,122.07,REPEATEDHITS,False,False,False,0,350895,45876187538.0,122,BID,LONG,0.5
ON,2026-06-16 15:04:56.457835+00:00,CALL,125.0,2026-07-02,135610,191,193,75,122.64,REPEATEDHITS,False,False,False,135610,0,45876187538.0,16,ASK,LONG,1.0
ON,2026-06-16 14:39:57.759164+00:00,PUT,124.0,2026-06-18,54825,129,664,18,123.22,REPEATEDHITS,True,False,False,38675,0,45876187538.0,2,ASK,SHORT,1.0
ON,2026-06-16 14:33:32.710823+00:00,PUT,125.0,2026-09-18,74160,36,37,26,121.945,REPEATEDHITS,True,False,False,22660,51500,45876187538.0,94,BID,LONG,0.5
ONDS,2026-06-24 18:40:14.988989+00:00,CALL,7.0,2026-07-10,18281,181,185,8,7.725,REPEATEDHITS,False,False,False,18281,0,4228855405.0,16,ASK,LONG,1.0
ONDS,2026-06-24 18:32:15.056720+00:00,PUT,7.5,2026-07-17,130312,2327,2919,411,7.77,REPEATEDHITS,False,False,False,79016,51240,4228855405.0,23,ASK,SHORT,1.0
ONDS,2026-06-24 17:34:23.523711+00:00,CALL,7.5,2026-07-02,11000,200,770,20,7.745,REPEATEDHITS,False,False,False,0,11000,4228855405.0,8,BID,SHORT,0.5
ONDS,2026-06-24 14:37:08.291683+00:00,PUT,7.5,2026-07-10,27621,891,1170,570,8.0896,REPEATEDHITS,False,False,False,27621,0,4228855405.0,16,ASK,SHORT,1.0
ONDS,2026-06-23 16:31:35.705809+00:00,CALL,10.5,2026-07-24,39146,1058,1086,608,8.805,REPEATEDHITS,False,False,False,0,38776,4228855405.0,31,BID,SHORT,0.5
ONDS,2026-06-23 16:01:42.847743+00:00,CALL,14.0,2026-08-21,11206,431,737,134,8.81,REPEATEDHITS,False,False,False,0,11206,4228855405.0,59,BID,SHORT,0.5
ONDS,2026-06-22 15:19:20.881713+00:00,PUT,8.0,2026-06-26,15918,2274,5701,1978,8.79,REPEATEDHITS,True,False,False,15918,0,4228855405.0,4,ASK,SHORT,1.0
ONDS,2026-06-22 14:43:00.008332+00:00,PUT,8.0,2026-06-26,14000,2000,3015,1978,8.965,REPEATEDHITS,False,False,False,0,14000,4228855405.0,4,BID,LONG,0.5
ONDS,2026-06-18 18:15:22.386172+00:00,PUT,7.5,2026-06-26,10040,2008,7226,976,9.0693,REPEATEDHITS,True,False,False,10040,0,4228855405.0,8,ASK,SHORT,1.0
ONDS,2026-06-18 16:07:36.261229+00:00,PUT,5.0,2026-07-17,12930,2586,2586,401,9.065,REPEATEDHITS,False,False,False,12930,0,4228855405.0,29,ASK,SHORT,1.0
ONDS,2026-06-12 15:36:23.196125+00:00,PUT,4.0,2026-07-17,20000,5000,5000,141,9.485,REPEATEDHITS,False,False,False,20000,0,4228855405.0,35,ASK,SHORT,1.0
ONDS,2026-06-11 15:36:02.751081+00:00,CALL,10.5,2026-07-31,49500,450,1093,0,9.545,REPEATEDHITS,True,False,False,0,0,4228855405.0,50,MIXED,,0.0
ONDS,2026-06-08 14:24:15.355811+00:00,CALL,14.5,2026-06-26,11250,750,755,614,10.6301,REPEATEDHITS,False,False,False,0,11250,4228855405.0,18,BID,SHORT,0.5
ONDS,2026-06-05 15:58:43.138860+00:00,CALL,11.0,2026-06-26,167994,1750,3281,1559,10.835,REPEATEDHITSASCENDINGFILL,False,False,False,167994,0,4228855405.0,21,ASK,LONG,1.0
ONDS,2026-06-04 15:19:19.675154+00:00,PUT,8.5,2026-07-10,15028,884,1998,41,12.175,REPEATEDHITS,False,False,False,0,15028,4228855405.0,36,BID,LONG,0.5
ONDS,2026-06-04 15:19:19.675154+00:00,PUT,8.5,2026-07-10,23001,1353,3351,41,12.175,REPEATEDHITS,False,False,False,0,23001,4228855405.0,36,BID,LONG,0.5
ONDS,2026-06-04 15:19:12.666596+00:00,PUT,8.5,2026-07-10,17765,1045,1114,41,12.16,REPEATEDHITS,False,False,False,0,17765,4228855405.0,36,BID,LONG,0.5
ONDS,2026-06-03 13:52:31.750721+00:00,CALL,17.0,2026-07-02,27600,690,1496,549,12.2899,REPEATEDHITS,False,False,False,0,27600,4228855405.0,29,BID,SHORT,0.5
ONDS,2026-06-02 14:33:45.410136+00:00,CALL,21.0,2026-07-17,131725,2395,2947,366,13.3701,REPEATEDHITS,False,False,False,0,131725,4228855405.0,45,BID,SHORT,0.5
ONDS,2026-05-29 19:41:10.391248+00:00,PUT,12.5,2026-06-18,23368,254,496,232,13.335,REPEATEDHITS,False,False,False,23368,0,4228855405.0,20,ASK,SHORT,1.0
ONDS,2026-05-29 15:37:43.795691+00:00,CALL,17.0,2026-06-26,40922,1106,1818,1071,12.165,REPEATEDHITS,False,False,False,0,40922,4228855405.0,28,BID,SHORT,0.5
ONDS,2026-05-28 19:54:12.519679+00:00,CALL,16.0,2026-05-29,15000,2500,6069,1141,13.425,REPEATEDHITS,False,False,False,15000,0,4228855405.0,1,ASK,LONG,1.0
ONDS,2026-05-28 18:56:13.090304+00:00,CALL,13.5,2026-06-18,21970,169,15894,126,13.21,REPEATEDHITS,False,False,False,0,21970,4228855405.0,21,BID,SHORT,0.5
ONDS,2026-05-28 17:06:04.753428+00:00,CALL,19.0,2026-06-05,30412,2857,3269,11,13.4201,REPEATEDHITSASCENDINGFILL,True,False,False,0,30412,4228855405.0,8,BID,SHORT,0.5
ONDS,2026-05-28 16:38:51.145098+00:00,PUT,11.5,2026-06-18,10440,180,838,35,13.4199,REPEATEDHITS,False,False,False,10440,0,4228855405.0,21,ASK,SHORT,1.0
ONDS,2026-05-28 16:04:36.356345+00:00,PUT,14.0,2026-06-12,24070,145,162,117,13.4025,REPEATEDHITS,False,False,False,6308,5644,4228855405.0,15,ASK,SHORT,1.0
ONDS,2026-05-28 15:56:02.755114+00:00,CALL,21.0,2026-07-17,11940,199,348,34,13.31,REPEATEDHITS,False,False,False,11940,0,4228855405.0,50,ASK,LONG,1.0
ONDS,2026-05-28 13:47:40.145262+00:00,CALL,13.5,2026-06-05,61125,815,1913,691,12.64,REPEATEDHITS,True,False,False,59850,975,4228855405.0,8,ASK,LONG,1.0
ONDS,2026-05-28 13:38:21.048079+00:00,PUT,12.0,2026-05-29,35000,1000,2468,356,12.56,REPEATEDHITS,False,False,False,35000,0,4228855405.0,1,ASK,SHORT,1.0
ONDS,2026-05-28 13:34:47.625028+00:00,CALL,14.0,2026-06-05,50572,1076,1195,958,12.315,REPEATEDHITS,False,False,False,50572,0,4228855405.0,8,ASK,LONG,1.0
ONDS,2026-05-27 19:42:03.560177+00:00,CALL,14.5,2026-06-18,32381,1000,1045,40,11.045,REPEATEDHITSASCENDINGFILL,False,False,False,32381,0,4228855405.0,22,ASK,LONG,1.0
ONDS,2026-05-27 19:25:48.118791+00:00,CALL,15.0,2026-06-05,10000,1000,1070,940,10.985,REPEATEDHITS,False,False,False,10000,0,4228855405.0,9,ASK,LONG,1.0
ONDS,2026-05-27 18:43:16.076010+00:00,CALL,13.0,2026-07-17,662319,7130,10537,2368,10.81,REPEATEDHITSASCENDINGFILL,True,False,False,662319,0,4228855405.0,51,ASK,LONG,1.0
ONDS,2026-05-27 17:47:51.454668+00:00,CALL,11.0,2026-07-02,12148,100,129,78,10.66,REPEATEDHITS,False,False,False,12148,0,4228855405.0,36,ASK,LONG,1.0
ONDS,2026-05-27 14:51:06.813250+00:00,CALL,13.0,2026-06-26,91260,2535,2563,773,10.16,REPEATEDHITS,False,False,False,14400,76860,4228855405.0,30,BID,SHORT,0.5
ONDS,2026-05-26 14:17:45.083370+00:00,CALL,11.5,2026-06-18,127716,2500,3711,2490,10.055,REPEATEDHITSASCENDINGFILL,False,False,False,127716,0,4228855405.0,23,ASK,LONG,1.0
ONDS,2026-05-19 18:45:29.096202+00:00,CALL,9.0,2027-01-15,339300,1131,1222,852,9.155,REPEATEDHITS,False,False,False,338400,900,4228855405.0,241,ASK,LONG,1.0
ONDS,2026-05-19 16:28:00.866773+00:00,CALL,9.0,2026-09-18,971880,4628,5246,2652,9.055,REPEATEDHITS,False,False,False,743400,228480,4228855405.0,122,ASK,LONG,1.0
ONDS,2026-05-19 13:53:36.146442+00:00,CALL,12.5,2026-06-05,29876,2716,2722,347,9.4,REPEATEDHITS,False,False,False,0,29084,4228855405.0,17,BID,SHORT,0.5
ONDS,2026-05-15 15:22:58.825590+00:00,CALL,15.0,2026-05-29,13538,967,3574,709,11.1711,REPEATEDHITS,False,False,False,13538,0,4228855405.0,14,ASK,LONG,1.0
ONDS,2026-05-15 13:36:14.842870+00:00,CALL,15.0,2026-05-22,45000,3000,3179,1633,11.96,REPEATEDHITS,False,False,False,45000,0,4228855405.0,7,ASK,LONG,1.0
ONDS,2026-05-14 18:59:29.728927+00:00,PUT,11.5,2026-05-29,18800,200,1615,51,11.425,REPEATEDHITS,False,False,False,0,16544,4228855405.0,15,BID,LONG,0.5
ONDS,2026-05-14 18:22:45.251573+00:00,PUT,11.5,2026-05-29,38724,461,633,51,11.66,REPEATEDHITS,False,False,False,38724,0,4228855405.0,15,ASK,SHORT,1.0
ONDS,2026-05-14 16:15:33.641969+00:00,CALL,12.5,2026-06-12,14481,203,637,73,11.045,REPEATEDHITS,False,False,False,4896,9585,4228855405.0,29,BID,SHORT,0.5
ONDS,2026-05-12 15:22:37.960092+00:00,CALL,8.5,2026-05-29,181260,2014,2047,301,8.835,REPEATEDHITS,False,False,False,181170,90,4228855405.0,17,ASK,LONG,1.0
ONDS,2026-05-07 16:39:55.920357+00:00,PUT,6.0,2026-07-17,51165,1895,1913,203,8.845,REPEATEDHITS,False,False,False,51165,0,4228855405.0,71,ASK,SHORT,1.0
ONDS,2026-05-06 19:48:19.730418+00:00,PUT,6.0,2026-05-22,13555,2711,2712,152,9.31,REPEATEDHITS,False,False,False,13255,300,4228855405.0,16,ASK,SHORT,1.0
ONDS,2026-05-06 16:01:49.758872+00:00,CALL,9.5,2026-06-12,10200,100,196,45,9.205,REPEATEDHITS,False,False,False,10200,0,4228855405.0,37,ASK,LONG,1.0
ONDS,2026-05-05 16:17:36.371910+00:00,PUT,7.0,2026-05-29,20241,1557,1588,898,9.2801,REPEATEDHITS,False,False,False,19084,0,4228855405.0,24,ASK,SHORT,1.0
ONDS,2026-05-04 15:04:03.089821+00:00,PUT,10.0,2026-05-29,170585,1565,1935,981,9.855,REPEATEDHITS,False,False,False,170585,0,4228855405.0,25,ASK,SHORT,1.0
ORCL,2026-06-24 18:19:51.055711+00:00,CALL,150.0,2026-06-26,430000,500,823,70,157.68,REPEATEDHITS,True,False,False,0,430000,475738590360.0,2,BID,SHORT,0.5
ORCL,2026-06-24 17:37:01.378111+00:00,PUT,145.0,2026-07-31,157307,250,342,105,155.96,REPEATEDHITSDESCENDINGFILL,False,False,False,116992,39690,475738590360.0,37,ASK,SHORT,1.0
ORCL,2026-06-24 16:39:09.387271+00:00,PUT,115.0,2026-10-16,223070,507,508,287,157.38,REPEATEDHITSDESCENDINGFILL,False,False,False,222630,440,475738590360.0,114,ASK,SHORT,1.0
ORCL,2026-06-24 15:35:13.263374+00:00,PUT,160.0,2028-09-15,583468,122,319,57,159.69,REPEATEDHITSASCENDINGFILL,False,False,False,90915,492553,475738590360.0,814,BID,LONG,0.5
ORCL,2026-06-24 15:33:16.299275+00:00,CALL,157.5,2026-07-10,51697,60,67,9,159.795,REPEATEDHITS,False,False,False,43047,0,475738590360.0,16,ASK,LONG,1.0
ORCL,2026-06-24 14:38:01.764953+00:00,CALL,162.5,2026-07-02,75575,165,432,13,160.2,REPEATEDHITSDESCENDINGFILL,False,False,False,9200,66375,475738590360.0,8,BID,SHORT,0.5
ORCL,2026-06-24 14:20:27.043577+00:00,CALL,170.0,2026-07-10,56610,153,204,134,160.02,REPEATEDHITS,False,False,False,0,56610,475738590360.0,16,BID,SHORT,0.5
ORCL,2026-06-24 14:20:27.043577+00:00,CALL,167.5,2026-07-10,91225,205,213,33,160.02,REPEATEDHITS,False,False,False,0,91225,475738590360.0,16,BID,SHORT,0.5
ORCL,2026-06-22 19:46:39.073558+00:00,CALL,170.0,2026-06-26,398098,538,693,155,174.69,REPEATEDHITSDESCENDINGFILL,False,False,False,398098,0,475738590360.0,4,ASK,LONG,1.0
ORCL,2026-06-18 19:43:57.804767+00:00,CALL,162.5,2026-06-26,460000,200,275,17,184.96,REPEATEDHITS,False,False,False,243800,0,475738590360.0,8,ASK,LONG,1.0
ORCL,2026-06-18 17:57:18.131151+00:00,PUT,177.5,2026-07-02,218880,608,630,267,187.09,REPEATEDHITS,False,False,False,218880,0,475738590360.0,14,ASK,SHORT,1.0
ORCL,2026-06-18 14:53:13.102362+00:00,CALL,182.5,2026-07-10,934521,862,3480,168,184.86,REPEATEDHITSDESCENDINGFILL,False,False,False,934521,0,475738590360.0,22,ASK,LONG,1.0
ORCL,2026-06-18 14:45:35.650423+00:00,CALL,182.5,2026-07-10,1231518,1239,1626,168,183.365,REPEATEDHITSASCENDINGFILL,False,False,False,1231518,0,475738590360.0,22,ASK,LONG,1.0
ORCL,2026-06-18 14:26:43.258694+00:00,PUT,165.0,2026-07-02,120735,686,699,311,182.42,REPEATEDHITS,False,False,False,120560,175,475738590360.0,14,ASK,SHORT,1.0
ORCL,2026-06-18 14:18:46.472654+00:00,CALL,190.0,2026-07-24,910000,1000,1007,215,181.9901,REPEATEDHITS,False,False,False,910000,0,475738590360.0,36,ASK,LONG,1.0
ORCL,2026-06-17 19:45:02.430844+00:00,CALL,192.5,2026-06-26,309246,1194,1462,565,182.65,REPEATEDHITS,True,False,False,0,309246,475738590360.0,9,BID,SHORT,0.5
ORCL,2026-06-17 14:39:04.614879+00:00,CALL,190.0,2026-07-24,110880,100,209,98,187.792,REPEATEDHITSASCENDINGFILL,False,False,False,0,26520,475738590360.0,37,BID,SHORT,0.5
ORCL,2026-06-17 14:24:58.904939+00:00,CALL,190.0,2026-07-24,128500,100,109,98,189.33,REPEATEDHITS,False,False,False,128500,0,475738590360.0,37,ASK,LONG,1.0
ORCL,2026-06-15 17:12:42.357464+00:00,CALL,172.5,2026-07-02,109275,47,47,13,193.28,REPEATEDHITS,True,False,False,97650,11625,475738590360.0,17,ASK,LONG,1.0
ORCL,2026-06-15 14:02:23.270043+00:00,PUT,110.0,2028-09-15,161400,90,91,76,192.615,REPEATEDHITSASCENDINGFILL,False,False,False,37905,123495,475738590360.0,823,BID,LONG,0.5
ORCL,2026-06-11 18:04:36.679152+00:00,CALL,195.0,2026-07-24,113250,150,1611,26,178.72,REPEATEDHITS,False,False,False,0,88335,475738590360.0,43,BID,SHORT,0.5
ORCL,2026-06-11 16:45:59.311648+00:00,PUT,155.0,2026-07-24,234002,500,1780,128,176.85,REPEATEDHITSASCENDINGFILL,False,False,False,23250,210752,475738590360.0,43,BID,LONG,0.5
ORCL,2026-06-11 16:32:40.652977+00:00,PUT,155.0,2026-07-24,142140,309,476,128,177.7,REPEATEDHITS,False,False,False,42320,99820,475738590360.0,43,BID,LONG,0.5
ORCL,2026-06-11 15:13:59.962144+00:00,PUT,157.5,2026-07-10,332648,993,1026,48,179.3,REPEATEDHITS,False,False,False,332313,335,475738590360.0,29,ASK,SHORT,1.0
ORCL,2026-06-11 15:04:48.405734+00:00,CALL,180.0,2026-06-12,181125,575,8482,342,178.63,REPEATEDHITS,False,False,False,0,181125,475738590360.0,1,BID,SHORT,0.5
ORCL,2026-06-11 13:35:49.399366+00:00,CALL,175.0,2027-09-17,467325,93,93,59,176.72,REPEATEDHITS,False,False,False,170850,25125,475738590360.0,463,ASK,LONG,1.0
ORCL,2026-06-11 13:33:31.351367+00:00,PUT,180.0,2026-07-24,118895,82,82,73,178.87,REPEATEDHITS,True,False,False,59445,59450,475738590360.0,43,BID,LONG,0.5
ORCL,2026-06-11 13:33:04.873149+00:00,CALL,320.0,2028-09-15,693465,196,196,37,178.3043,REPEATEDHITSASCENDINGFILL,False,False,False,301950,391515,475738590360.0,827,BID,SHORT,0.5
ORCL,2026-06-10 14:49:50.541452+00:00,CALL,212.5,2026-06-12,2400206,2143,2980,1074,208.2801,REPEATEDHITSASCENDINGFILL,False,False,False,1125,2399081,475738590360.0,2,BID,SHORT,0.5
ORCL,2026-06-09 16:51:49.300530+00:00,CALL,480.0,2027-06-17,182190,187,478,133,199.8,REPEATEDHITSASCENDINGFILL,False,False,False,173545,8645,475738590360.0,373,ASK,LONG,1.0
ORCL,2026-06-09 16:06:35.515616+00:00,PUT,177.5,2026-06-12,159983,500,923,386,201.7701,REPEATEDHITS,False,False,False,159983,0,475738590360.0,3,ASK,SHORT,1.0
ORCL,2026-06-09 14:32:25.210927+00:00,CALL,215.0,2026-06-26,1388440,924,1964,522,212.22,REPEATEDHITSASCENDINGFILL,False,False,False,710420,678020,475738590360.0,17,ASK,LONG,1.0
ORCL,2026-06-08 14:58:48.628209+00:00,PUT,245.0,2026-06-12,2252663,631,635,244,214.14,REPEATEDHITS,False,False,False,2077733,174930,475738590360.0,4,ASK,SHORT,1.0
ORCL,2026-06-05 14:11:34.976220+00:00,CALL,252.5,2026-06-18,160485,245,252,219,221.405,REPEATEDHITS,False,False,False,64190,96295,475738590360.0,13,BID,SHORT,0.5
ORCL,2026-06-04 16:46:27.614663+00:00,CALL,237.5,2026-06-05,197715,1300,6853,818,232.15,REPEATEDHITSDESCENDINGFILL,True,False,False,186808,9235,475738590360.0,1,ASK,LONG,1.0
ORCL,2026-06-04 14:13:03.743496+00:00,PUT,225.0,2026-06-05,288000,3000,4305,1471,234.64,REPEATEDHITS,False,False,False,288000,0,475738590360.0,1,ASK,SHORT,1.0
ORCL,2026-06-03 15:13:23.219571+00:00,PUT,260.0,2027-09-17,504530,66,100,46,231.98,REPEATEDHITS,False,False,False,68765,435765,475738590360.0,471,BID,LONG,0.5
ORCL,2026-06-03 14:36:26.522075+00:00,CALL,232.5,2026-06-12,297420,190,344,84,231.68,REPEATEDHITS,False,False,False,297420,0,475738590360.0,9,ASK,LONG,1.0
ORCL,2026-06-03 14:12:02.968359+00:00,CALL,350.0,2027-03-19,120335,46,103,22,233.4899,REPEATEDHITS,False,False,False,36655,75835,475738590360.0,289,BID,SHORT,0.5
ORCL,2026-06-03 14:11:48.338826+00:00,CALL,350.0,2027-03-19,103720,40,46,22,233.2474,REPEATEDHITSASCENDINGFILL,False,False,False,80410,23310,475738590360.0,289,ASK,LONG,1.0
ORCL,2026-06-03 13:51:56.671790+00:00,PUT,222.5,2026-06-05,143007,719,1213,580,231.675,REPEATEDHITSDESCENDINGFILL,True,False,False,135309,6106,475738590360.0,2,ASK,SHORT,1.0
ORCL,2026-06-02 19:36:11.396112+00:00,PUT,195.0,2028-09-15,162680,33,44,17,244.635,REPEATEDHITSASCENDINGFILL,False,False,False,79040,83640,475738590360.0,836,BID,LONG,0.5
ORCL,2026-06-02 19:19:53.693913+00:00,CALL,370.0,2028-09-15,586420,94,237,0,243.715,REPEATEDHITSDESCENDINGFILL,True,False,False,324550,87150,475738590360.0,836,ASK,LONG,1.0
ORCL,2026-06-02 18:59:31.622830+00:00,PUT,252.5,2026-06-05,357204,294,331,11,243.7298,REPEATEDHITS,False,False,False,357204,0,475738590360.0,3,ASK,SHORT,1.0
ORCL,2026-06-02 18:32:40.804520+00:00,CALL,370.0,2027-09-17,266615,66,272,0,243.7,REPEATEDHITS,False,False,False,266615,0,475738590360.0,472,ASK,LONG,1.0
ORCL,2026-06-02 16:59:49.725501+00:00,PUT,185.0,2028-09-15,109395,25,401,7,244.47,REPEATEDHITSDESCENDINGFILL,False,False,False,4390,105005,475738590360.0,836,BID,LONG,0.5
ORCL,2026-06-02 15:21:35.530559+00:00,CALL,370.0,2026-11-20,167810,106,180,0,240.415,REPEATEDHITSDESCENDINGFILL,False,False,False,134630,33180,475738590360.0,171,ASK,LONG,1.0
ORCL,2026-06-02 14:58:03.415594+00:00,PUT,90.0,2027-12-17,123855,205,220,171,240.795,REPEATEDHITSDESCENDINGFILL,False,False,False,114345,9510,475738590360.0,563,ASK,SHORT,1.0
ORCL,2026-06-02 14:32:20.844802+00:00,CALL,325.0,2026-07-10,517010,780,809,34,240.5387,REPEATEDHITSDESCENDINGFILL,True,False,False,40995,476015,475738590360.0,38,BID,SHORT,0.5
ORCL,2026-06-02 14:05:36.100099+00:00,CALL,370.0,2028-09-15,107567,17,21,0,244.285,REPEATEDHITSASCENDINGFILL,False,False,False,88592,18975,475738590360.0,836,ASK,LONG,1.0
OSCR,2026-06-24 17:16:42.427341+00:00,PUT,28.5,2026-07-17,21420,119,119,0,29.03,REPEATEDHITS,True,False,False,8820,12600,7958446860.0,23,BID,LONG,0.5
OSCR,2026-06-24 17:01:41.683060+00:00,PUT,28.0,2026-07-10,176432,1500,1506,35,29.2185,REPEATEDHITSASCENDINGFILL,False,False,False,975,175457,7958446860.0,16,BID,LONG,0.5
OSCR,2026-06-24 17:01:15.633415+00:00,PUT,27.0,2026-06-26,11330,1030,1052,387,29.2,REPEATEDHITS,False,False,False,0,11330,7958446860.0,2,BID,LONG,0.5
OSCR,2026-06-24 14:55:13.991247+00:00,PUT,27.0,2026-09-18,189405,621,624,84,28.97,REPEATEDHITS,False,False,False,0,189405,7958446860.0,86,BID,LONG,0.5
OSCR,2026-06-23 14:20:20.717649+00:00,PUT,28.0,2026-07-17,67173,448,539,349,29.49,REPEATEDHITS,False,False,False,63150,4023,7958446860.0,24,ASK,SHORT,1.0
OSCR,2026-06-22 17:07:43.050014+00:00,CALL,29.0,2026-09-18,337755,759,794,68,29.01,REPEATEDHITS,False,False,False,0,337755,7958446860.0,88,BID,SHORT,0.5
OSCR,2026-06-22 16:11:16.636951+00:00,CALL,31.0,2026-06-26,50692,1102,3387,467,29.37,REPEATEDHITS,True,False,False,50692,0,7958446860.0,4,ASK,LONG,1.0
OSCR,2026-06-22 14:14:22.281229+00:00,PUT,22.0,2026-10-16,27189,171,171,118,29.4,REPEATEDHITS,False,False,False,0,27189,7958446860.0,116,BID,LONG,0.5
OSCR,2026-06-18 16:01:37.397641+00:00,CALL,34.0,2026-11-20,24296,64,86,41,27.875,REPEATEDHITS,False,False,False,20496,3800,7958446860.0,155,ASK,LONG,1.0
OSCR,2026-06-17 17:42:45.416323+00:00,CALL,35.0,2026-06-26,11649,1059,1069,2,29.08,REPEATEDHITS,False,False,False,0,11649,7958446860.0,9,BID,SHORT,0.5
OSCR,2026-06-16 16:17:13.199093+00:00,CALL,28.0,2026-08-21,387860,946,953,258,28.525,REPEATEDHITS,False,False,False,820,387040,7958446860.0,66,BID,SHORT,0.5
OSCR,2026-06-15 19:10:49.304705+00:00,PUT,26.0,2026-09-18,215325,725,741,34,28.65,REPEATEDHITS,False,False,False,0,215325,7958446860.0,95,BID,LONG,0.5
OSCR,2026-06-12 15:37:10.448728+00:00,CALL,29.0,2026-06-26,40138,350,386,76,28.06,REPEATEDHITS,False,False,False,27370,12768,7958446860.0,14,ASK,LONG,1.0
OSCR,2026-06-11 19:01:56.490558+00:00,CALL,28.5,2026-06-12,33600,400,925,221,28.94,REPEATEDHITS,False,False,False,33600,0,7958446860.0,1,ASK,LONG,1.0
OSCR,2026-06-11 18:37:56.503686+00:00,CALL,30.0,2026-07-02,34000,200,246,136,28.935,REPEATEDHITS,False,False,False,6970,27030,7958446860.0,21,BID,SHORT,0.5
OSCR,2026-06-11 16:44:50.635992+00:00,CALL,28.0,2026-09-18,596824,1170,3170,876,28.46,REPEATEDHITS,True,False,False,0,596824,7958446860.0,99,BID,SHORT,0.5
OSCR,2026-06-11 16:44:50.635992+00:00,CALL,28.0,2026-07-24,18150,55,59,21,28.51,REPEATEDHITS,True,False,False,17490,660,7958446860.0,43,ASK,LONG,1.0
OSCR,2026-06-11 16:44:08.398362+00:00,CALL,28.0,2026-09-18,1035840,2000,2000,876,28.53,REPEATEDHITSASCENDINGFILL,False,False,False,1035840,0,7958446860.0,99,ASK,LONG,1.0
OSCR,2026-06-09 18:45:51.720058+00:00,CALL,31.0,2026-07-17,50320,340,357,253,27.385,REPEATEDHITS,False,False,False,0,50320,7958446860.0,38,BID,SHORT,0.5
OSCR,2026-06-09 17:25:39.463138+00:00,CALL,30.0,2026-07-17,261285,1574,2385,1239,27.02,REPEATEDHITS,False,False,False,333,260952,7958446860.0,38,BID,SHORT,0.5
OSCR,2026-06-09 15:21:45.587746+00:00,CALL,32.0,2026-07-17,174800,1748,1815,257,26.53,REPEATEDHITS,False,False,False,100,174700,7958446860.0,38,BID,SHORT,0.5
OSCR,2026-06-09 14:05:19.944648+00:00,CALL,28.0,2026-07-17,391473,1611,1672,454,27.17,REPEATEDHITS,False,False,False,0,391473,7958446860.0,38,BID,SHORT,0.5
OSCR,2026-06-09 14:05:19.944648+00:00,CALL,27.0,2026-07-24,52080,168,168,24,27.052,REPEATEDHITS,False,False,False,52080,0,7958446860.0,45,ASK,LONG,1.0
OSCR,2026-06-08 15:35:35.670924+00:00,CALL,27.5,2026-07-02,67624,316,319,25,26.94,REPEATEDHITS,True,False,False,65056,0,7958446860.0,24,ASK,LONG,1.0
OSCR,2026-06-08 14:37:23.034091+00:00,CALL,26.0,2026-07-24,60691,210,215,0,25.92,REPEATEDHITS,False,False,False,0,60691,7958446860.0,46,BID,SHORT,0.5
OSCR,2026-06-08 14:28:23.408718+00:00,PUT,24.0,2026-07-02,23400,200,200,2,26.2701,REPEATEDHITS,False,False,False,23400,0,7958446860.0,24,ASK,SHORT,1.0
OSCR,2026-06-08 14:22:30.617590+00:00,CALL,27.0,2026-07-02,10615,55,64,24,26.375,REPEATEDHITS,False,False,False,0,10615,7958446860.0,24,BID,SHORT,0.5
OSCR,2026-06-08 13:58:09.748540+00:00,CALL,26.0,2026-07-10,12750,50,162,3,26.131,REPEATEDHITS,False,False,False,0,12750,7958446860.0,32,BID,SHORT,0.5
OSCR,2026-06-08 13:46:37.122532+00:00,CALL,25.0,2026-07-10,28531,103,112,38,25.84,REPEATEDHITS,False,False,False,0,28531,7958446860.0,32,BID,SHORT,0.5
OSCR,2026-06-05 14:57:54.373429+00:00,CALL,28.0,2026-09-18,214225,779,780,32,24.0571,REPEATEDHITS,False,False,False,214225,0,7958446860.0,105,ASK,LONG,1.0
OSCR,2026-06-05 14:51:42.809899+00:00,CALL,28.0,2026-06-26,13310,242,247,144,24.12,REPEATEDHITS,False,False,False,0,13310,7958446860.0,21,BID,SHORT,0.5
OSCR,2026-06-05 13:51:49.580222+00:00,CALL,24.0,2026-07-10,21408,96,209,2,24.05,REPEATEDHITS,True,False,False,0,21408,7958446860.0,35,BID,SHORT,0.5
OSCR,2026-06-05 13:50:37.821082+00:00,CALL,26.0,2026-06-26,15651,141,145,74,24.11,REPEATEDHITS,False,False,False,15651,0,7958446860.0,21,ASK,LONG,1.0
OSCR,2026-06-05 13:44:44.404926+00:00,CALL,24.0,2026-07-10,27664,112,113,2,24.5,REPEATEDHITS,True,False,False,0,27664,7958446860.0,35,BID,SHORT,0.5
OSCR,2026-06-04 18:00:37.173711+00:00,PUT,22.5,2026-06-26,40320,336,343,106,23.6,REPEATEDHITS,False,False,False,40320,0,7958446860.0,22,ASK,SHORT,1.0
OSCR,2026-06-04 17:59:17.685922+00:00,CALL,29.0,2026-07-02,47424,988,1001,7,23.605,REPEATEDHITS,False,False,False,288,47136,7958446860.0,28,BID,SHORT,0.5
OSCR,2026-06-04 13:40:43.904769+00:00,CALL,25.5,2026-06-18,52023,1038,1053,733,22.69,REPEATEDHITSASCENDINGFILL,True,False,False,52023,0,7958446860.0,14,ASK,LONG,1.0
OSCR,2026-06-03 16:17:35.155160+00:00,CALL,21.0,2026-06-26,12998,97,113,79,20.59,REPEATEDHITS,True,False,False,12194,804,7958446860.0,23,ASK,LONG,1.0
OSCR,2026-06-03 15:01:37.963402+00:00,PUT,20.5,2026-06-18,160686,1266,1268,121,20.36,REPEATEDHITSDESCENDINGFILL,False,False,False,156718,3968,7958446860.0,15,ASK,SHORT,1.0
OSCR,2026-06-02 15:16:14.992281+00:00,CALL,21.5,2026-06-12,14946,94,132,55,22.4,REPEATEDHITS,False,False,False,0,14946,7958446860.0,10,BID,SHORT,0.5
OSCR,2026-06-01 15:00:59.706537+00:00,PUT,22.5,2026-06-18,57663,447,449,348,22.81,REPEATEDHITS,False,False,False,57663,0,7958446860.0,17,ASK,SHORT,1.0
OSCR,2026-05-29 19:19:16.370438+00:00,CALL,23.0,2026-07-17,265068,1332,1495,625,22.395,REPEATEDHITS,False,False,False,0,265068,7958446860.0,49,BID,SHORT,0.5
OSCR,2026-05-29 17:26:24.913573+00:00,CALL,22.0,2026-07-17,351820,1436,1585,1043,22.38,REPEATEDHITS,False,False,False,0,351820,7958446860.0,49,BID,SHORT,0.5
OSCR,2026-05-29 16:34:49.636479+00:00,CALL,21.5,2026-06-05,31720,244,1547,50,22.33,REPEATEDHITS,False,False,False,0,31720,7958446860.0,7,BID,SHORT,0.5
OSCR,2026-05-29 16:13:11.295483+00:00,CALL,21.5,2026-06-05,17640,126,1018,50,22.43,REPEATEDHITS,False,False,False,1960,12600,7958446860.0,7,BID,SHORT,0.5
OSCR,2026-05-28 18:50:36.762934+00:00,PUT,22.0,2026-07-02,22062,136,136,0,22.35,REPEATEDHITSASCENDINGFILL,True,False,False,22062,0,7958446860.0,35,ASK,SHORT,1.0
OSCR,2026-05-28 18:13:13.704759+00:00,CALL,20.5,2026-07-02,18525,65,65,0,22.32,REPEATEDHITS,True,False,False,0,18525,7958446860.0,35,BID,SHORT,0.5
OSCR,2026-05-28 16:10:27.883681+00:00,CALL,23.0,2026-06-05,115782,1678,1688,215,22.45,REPEATEDHITS,False,False,False,0,115782,7958446860.0,8,BID,SHORT,0.5
OSCR,2026-05-28 15:20:47.571227+00:00,PUT,23.0,2026-08-21,72105,209,218,64,22.38,REPEATEDHITS,True,False,False,28635,43470,7958446860.0,85,BID,LONG,0.5
OSCR,2026-05-27 18:29:07.186726+00:00,PUT,20.0,2026-06-18,227367,3609,4243,2395,21.965,REPEATEDHITS,False,False,False,0,227367,7958446860.0,22,BID,LONG,0.5
PATH,2026-06-24 18:27:00.068382+00:00,CALL,11.5,2026-07-02,14421,1311,7882,613,10.4836,REPEATEDHITS,True,False,False,14421,0,4606844330.0,8,ASK,LONG,1.0
PATH,2026-06-23 13:30:27.649329+00:00,CALL,14.0,2026-11-20,29572,347,425,262,10.32,REPEATEDHITSASCENDINGFILL,True,False,False,4189,21133,4606844330.0,150,BID,SHORT,0.5
PATH,2026-06-22 14:23:28.946367+00:00,CALL,10.5,2026-06-26,12787,673,2110,592,10.2201,REPEATEDHITS,False,False,False,11172,0,4606844330.0,4,ASK,LONG,1.0
PATH,2026-06-22 14:15:33.617908+00:00,CALL,10.5,2026-06-26,24140,1207,1429,592,10.2901,REPEATEDHITS,False,False,False,0,24140,4606844330.0,4,BID,SHORT,0.5
PATH,2026-06-12 15:07:34.450305+00:00,CALL,11.0,2026-07-10,13932,258,280,94,10.49,REPEATEDHITS,True,False,False,13932,0,4606844330.0,28,ASK,LONG,1.0
PATH,2026-06-09 18:11:17.897482+00:00,PUT,8.0,2026-09-18,33948,738,741,357,10.59,REPEATEDHITS,False,False,False,31234,92,4606844330.0,101,ASK,SHORT,1.0
PATH,2026-06-09 15:55:43.786543+00:00,CALL,11.0,2026-07-24,61680,771,771,1,10.525,REPEATEDHITS,False,False,False,61600,80,4606844330.0,45,ASK,LONG,1.0
PATH,2026-06-05 19:39:41.250030+00:00,CALL,13.0,2026-06-12,13279,1897,2430,1272,11.255,REPEATEDHITS,False,False,False,13279,0,4606844330.0,7,ASK,LONG,1.0
PATH,2026-06-05 17:33:17.112548+00:00,PUT,10.0,2026-08-21,150852,1934,2375,1478,11.24,REPEATEDHITS,False,False,False,150852,0,4606844330.0,77,ASK,SHORT,1.0
PATH,2026-06-03 14:45:11.429799+00:00,PUT,13.0,2026-11-20,93620,302,302,75,11.6,REPEATEDHITS,True,False,False,5890,87730,4606844330.0,170,BID,LONG,0.5
PATH,2026-06-02 19:38:38.046320+00:00,PUT,12.0,2026-06-12,24681,433,793,172,12.025,REPEATEDHITS,False,False,False,0,24681,4606844330.0,10,BID,LONG,0.5
PATH,2026-06-02 18:01:27.940453+00:00,PUT,11.0,2026-12-18,14600,73,202,59,11.9414,REPEATEDHITS,False,False,False,4400,0,4606844330.0,199,ASK,SHORT,1.0
PATH,2026-06-02 17:37:07.451370+00:00,PUT,11.0,2026-12-18,25400,127,129,59,12.035,REPEATEDHITS,True,False,False,0,16200,4606844330.0,199,BID,LONG,0.5
PATH,2026-06-02 15:42:04.093665+00:00,PUT,13.0,2026-12-18,45440,142,144,113,11.9699,REPEATEDHITS,False,False,False,0,45440,4606844330.0,199,BID,LONG,0.5
PATH,2026-06-01 16:09:13.910807+00:00,PUT,12.5,2026-06-05,13200,400,2891,59,12.875,REPEATEDHITS,False,False,False,13200,0,4606844330.0,4,ASK,SHORT,1.0
PATH,2026-06-01 16:09:08.893253+00:00,PUT,12.5,2026-06-05,13504,422,2316,59,12.875,REPEATEDHITS,False,False,False,13184,0,4606844330.0,4,ASK,SHORT,1.0
PATH,2026-06-01 16:09:04.874441+00:00,PUT,12.5,2026-06-05,20088,648,1828,59,12.875,REPEATEDHITS,False,False,False,20088,0,4606844330.0,4,ASK,SHORT,1.0
PATH,2026-05-29 17:45:48.711956+00:00,CALL,13.5,2026-06-05,26790,1824,3759,478,11.965,REPEATEDHITSDESCENDINGFILL,True,False,False,0,26790,4606844330.0,7,BID,SHORT,0.5
PATH,2026-05-27 15:48:48.262857+00:00,CALL,11.0,2026-07-17,385050,2567,2588,395,11.13,REPEATEDHITS,False,False,False,4350,380700,4606844330.0,51,BID,SHORT,0.5
PATH,2026-05-27 13:45:28.492977+00:00,CALL,13.0,2026-07-17,461648,5246,5247,1916,11.325,REPEATEDHITS,False,False,False,0,461560,4606844330.0,51,BID,SHORT,0.5
PATH,2026-05-26 16:07:28.790434+00:00,CALL,13.0,2026-06-05,96756,2199,2306,1150,11.35,REPEATEDHITS,False,False,False,440,82060,4606844330.0,10,BID,SHORT,0.5
PATH,2026-05-26 15:31:53.527392+00:00,PUT,11.5,2026-05-29,24012,261,701,242,11.335,REPEATEDHITS,False,False,False,24012,0,4606844330.0,3,ASK,SHORT,1.0
PATH,2026-05-26 13:52:55.816020+00:00,CALL,14.0,2026-07-17,212000,4000,4906,305,11.0201,FLOORTRADEMIDCAP,False,True,True,0,212000,4606844330.0,52,BID,SHORT,0.5
PATH,2026-05-22 16:25:30.141886+00:00,CALL,16.0,2026-07-17,10065,305,470,139,10.9869,REPEATEDHITS,False,False,False,231,9834,4606844330.0,56,BID,SHORT,0.5
PATH,2026-05-21 17:54:21.600423+00:00,CALL,10.0,2026-06-12,25080,190,190,108,10.555,REPEATEDHITS,False,False,False,22572,2508,4606844330.0,22,ASK,LONG,1.0
PATH,2026-05-20 16:10:22.781747+00:00,CALL,13.0,2026-07-17,94185,1449,1478,208,10.5599,REPEATEDHITS,False,False,False,325,93860,4606844330.0,58,BID,SHORT,0.5
PATH,2026-05-18 14:35:46.715450+00:00,CALL,10.5,2026-06-18,13933,100,100,0,10.5401,REPEATEDHITS,False,False,False,13933,0,4606844330.0,31,ASK,LONG,1.0
PATH,2026-05-15 14:29:31.008785+00:00,PUT,10.0,2026-07-17,26000,200,210,0,9.83,REPEATEDHITS,False,False,False,2990,0,4606844330.0,63,ASK,SHORT,1.0
PATH,2026-05-15 14:23:29.131171+00:00,CALL,11.5,2026-05-29,170275,4865,4904,522,9.83,REPEATEDHITS,False,False,False,0,118265,4606844330.0,14,BID,SHORT,0.5
PATH,2026-05-13 14:50:42.456699+00:00,CALL,11.0,2026-08-21,443254,4523,4568,1811,9.5,REPEATEDHITS,False,False,False,0,328202,4606844330.0,100,BID,SHORT,0.5
PATH,2026-05-13 14:14:41.049493+00:00,CALL,10.0,2026-05-29,177905,2737,2867,286,9.4699,REPEATEDHITS,False,False,False,112450,0,4606844330.0,16,ASK,LONG,1.0
PATH,2026-05-11 15:07:31.756031+00:00,PUT,9.0,2026-08-21,273000,3500,3505,2777,10.665,REPEATEDHITS,False,False,False,390,196170,4606844330.0,102,BID,LONG,0.5
PATH,2026-05-06 17:04:57.435764+00:00,CALL,10.5,2026-05-15,32164,748,893,617,10.5,REPEATEDHITS,False,False,False,0,32164,4606844330.0,9,BID,SHORT,0.5
PATH,2026-05-06 15:17:11.457614+00:00,PUT,11.0,2026-06-05,10480,80,257,32,10.495,REPEATEDHITS,False,False,False,0,10480,4606844330.0,30,BID,LONG,0.5
PATH,2026-05-06 15:14:22.415860+00:00,PUT,11.0,2026-06-05,10480,80,177,32,10.48,REPEATEDHITS,False,False,False,0,10480,4606844330.0,30,BID,LONG,0.5
PATH,2026-05-06 14:22:57.925047+00:00,CALL,12.0,2026-05-22,22230,1482,1514,767,10.465,REPEATEDHITS,False,False,False,0,22230,4606844330.0,16,BID,SHORT,0.5
PATH,2026-05-05 18:07:34.052188+00:00,CALL,15.0,2026-09-18,48636,593,605,444,10.635,REPEATEDHITS,False,False,False,830,47806,4606844330.0,136,BID,SHORT,0.5
PATH,2026-05-04 19:26:09.032172+00:00,PUT,9.5,2026-05-15,11501,1643,1769,615,10.86,REPEATEDHITS,False,False,False,0,11501,4606844330.0,11,BID,LONG,0.5
PATH,2026-05-04 18:23:32.573834+00:00,PUT,11.0,2026-05-22,29634,449,928,51,11.0,REPEATEDHITS,False,False,False,21648,2244,4606844330.0,18,ASK,SHORT,1.0
PATH,2026-05-01 19:54:32.065835+00:00,CALL,12.0,2026-05-08,45000,4500,8521,844,10.7,REPEATEDHITS,False,False,False,45000,0,4606844330.0,7,ASK,LONG,1.0
PATH,2026-04-30 15:30:50.682348+00:00,CALL,11.0,2026-05-08,90828,5046,5130,727,10.36,REPEATEDHITS,False,False,False,0,90828,4606844330.0,8,BID,SHORT,0.5
PATH,2026-04-30 15:01:24.824863+00:00,CALL,18.0,2026-09-18,43480,1087,1090,623,10.3,REPEATEDHITS,False,False,False,40,43440,4606844330.0,141,BID,SHORT,0.5
PATH,2026-04-30 14:08:30.655702+00:00,PUT,10.0,2026-05-29,246476,2866,2887,812,10.0898,REPEATEDHITS,False,False,False,0,246476,4606844330.0,29,BID,LONG,0.5
PATH,2026-04-29 14:14:45.440845+00:00,CALL,11.5,2026-05-08,11561,1051,1162,784,10.295,REPEATEDHITS,False,False,False,0,10967,4606844330.0,9,BID,SHORT,0.5
PATH,2026-04-28 15:56:27.657409+00:00,CALL,11.5,2026-05-22,40736,1072,1078,292,10.4701,REPEATEDHITS,False,False,False,0,40736,4606844330.0,24,BID,SHORT,0.5
PATH,2026-04-28 14:04:10.801681+00:00,PUT,10.0,2026-05-08,134640,5610,5635,885,10.64,REPEATEDHITS,False,False,False,132408,0,4606844330.0,10,ASK,SHORT,1.0
PATH,2026-04-27 14:29:12.506317+00:00,PUT,12.0,2026-09-18,247032,876,876,574,10.535,REPEATEDHITS,False,False,False,247032,0,4606844330.0,144,ASK,SHORT,1.0
PD,2026-06-24 17:32:31.283756+00:00,PUT,2.5,2027-12-17,36180,804,1180,0,8.81,REPEATEDHITS,True,False,False,36180,0,654770577.0,541,ASK,SHORT,1.0
PD,2026-06-24 17:32:10.854819+00:00,PUT,2.5,2027-12-17,10760,269,269,0,8.805,REPEATEDHITS,True,False,False,6120,2200,654770577.0,541,ASK,SHORT,1.0
PD,2026-05-27 16:56:13.339583+00:00,CALL,7.5,2026-07-17,10806,154,173,81,7.18,REPEATEDHITSDESCENDINGFILL,True,False,False,0,10806,654770577.0,51,BID,SHORT,0.5
PD,2026-05-27 16:56:13.339583+00:00,PUT,7.5,2026-07-17,15400,154,156,2,7.18,REPEATEDHITS,True,False,False,0,15400,654770577.0,51,BID,LONG,0.5
PD,2026-05-26 17:06:38.655991+00:00,PUT,7.5,2026-06-18,34000,425,439,415,7.25,REPEATEDHITS,False,False,False,0,34000,654770577.0,23,BID,LONG,0.5
PTON,2026-06-24 16:05:11.147417+00:00,PUT,5.0,2026-08-21,73029,2213,2244,48,5.715,REPEATEDHITS,True,False,False,73029,0,2269324293.0,58,ASK,SHORT,1.0
PTON,2026-06-23 15:28:14.717884+00:00,CALL,5.0,2026-07-31,368517,5342,5342,50,5.41,REPEATEDHITSASCENDINGFILL,True,False,False,363768,4749,2269324293.0,38,ASK,LONG,1.0
PTON,2026-06-23 15:28:14.717884+00:00,PUT,5.0,2026-07-31,23566,963,972,54,5.41,REPEATEDHITSDESCENDINGFILL,True,False,False,17025,6541,2269324293.0,38,ASK,SHORT,1.0
PTON,2026-06-09 15:44:11.071724+00:00,PUT,6.0,2026-07-10,32830,469,469,2,5.545,REPEATEDHITS,True,False,False,32830,0,2269324293.0,31,ASK,SHORT,1.0
PTON,2026-06-05 19:56:44.900630+00:00,PUT,5.5,2026-06-12,12980,1180,6363,266,5.795,REPEATEDHITS,True,False,False,6897,6083,2269324293.0,7,ASK,SHORT,1.0
PTON,2026-05-29 19:46:18.645000+00:00,PUT,6.0,2026-06-05,27500,2500,10153,244,6.3701,REPEATEDHITS,True,False,False,27500,0,2269324293.0,7,ASK,SHORT,1.0
PTON,2026-05-28 17:31:53.056087+00:00,PUT,6.0,2026-05-29,20900,2090,17624,1067,6.095,REPEATEDHITS,False,False,False,20900,0,2269324293.0,1,ASK,SHORT,1.0
PTON,2026-05-26 16:08:41.109207+00:00,PUT,5.5,2026-05-29,20142,2238,5499,170,5.695,REPEATEDHITS,True,False,False,20115,9,2269324293.0,3,ASK,SHORT,1.0
PTON,2026-05-19 15:02:17.366491+00:00,CALL,6.5,2026-06-18,10773,1539,1540,33,5.1462,REPEATEDHITS,False,False,False,10325,0,2269324293.0,30,ASK,LONG,1.0
PTON,2026-05-12 16:34:12.805158+00:00,CALL,6.0,2026-06-18,61920,3440,5968,1410,5.27,REPEATEDHITS,False,False,False,54,34074,2269324293.0,37,BID,SHORT,0.5
PTON,2026-05-12 15:56:40.200973+00:00,CALL,5.5,2026-05-22,11792,737,750,506,5.295,REPEATEDHITS,False,False,False,0,11792,2269324293.0,10,BID,SHORT,0.5
PTON,2026-05-11 18:11:47.385134+00:00,CALL,5.0,2026-06-18,140544,2304,2354,1321,5.295,REPEATEDHITS,False,False,False,122,63867,2269324293.0,38,BID,SHORT,0.5
PTON,2026-05-11 17:05:03.343094+00:00,CALL,5.5,2026-06-05,26691,988,994,390,5.255,REPEATEDHITS,False,False,False,150,26541,2269324293.0,25,BID,SHORT,0.5
PTON,2026-05-07 16:12:07.977967+00:00,CALL,5.0,2026-06-12,20821,257,337,143,5.61,REPEATEDHITSASCENDINGFILL,False,False,False,166,20655,2269324293.0,36,BID,SHORT,0.5
PTON,2026-05-06 19:07:08.325586+00:00,CALL,5.5,2026-06-12,11750,250,1260,62,5.16,REPEATEDHITS,False,False,False,11750,0,2269324293.0,37,ASK,LONG,1.0
PTON,2026-04-30 19:11:56.799665+00:00,PUT,4.0,2026-10-16,115290,3294,3344,2026,5.44,REPEATEDHITS,False,False,False,0,115290,2269324293.0,169,BID,LONG,0.5
PTON,2026-04-29 19:12:15.078638+00:00,PUT,5.5,2026-05-01,22000,2000,5093,303,5.55,REPEATEDHITS,True,False,False,3234,18766,2269324293.0,2,BID,LONG,0.5
PTON,2026-04-28 14:56:36.860553+00:00,PUT,5.0,2026-05-08,15469,499,645,282,5.235,REPEATEDHITS,False,False,False,15469,0,2269324293.0,10,ASK,SHORT,1.0
QCOM,2026-06-24 17:40:47.718789+00:00,CALL,182.5,2026-07-31,144760,54,136,6,195.35,REPEATEDHITSASCENDINGFILL,True,False,False,58960,85800,215153020000.0,37,BID,SHORT,0.5
QCOM,2026-06-24 17:26:35.736644+00:00,CALL,222.5,2026-07-17,52169,73,77,71,195.23,REPEATEDHITSASCENDINGFILL,True,False,False,52169,0,215153020000.0,23,ASK,LONG,1.0
QCOM,2026-06-24 14:17:52.667730+00:00,CALL,212.5,2026-07-02,165628,265,279,49,195.43,REPEATEDHITS,False,False,False,0,165628,215153020000.0,8,BID,SHORT,0.5
QCOM,2026-06-24 13:58:23.292837+00:00,CALL,205.0,2026-07-31,67800,40,43,28,195.1355,REPEATEDHITS,False,False,False,0,0,215153020000.0,37,MIXED,,0.0
QCOM,2026-06-24 13:34:43.916112+00:00,CALL,190.0,2026-07-31,1472308,554,1501,9,199.07,REPEATEDHITSASCENDINGFILL,False,False,False,1472308,0,215153020000.0,37,ASK,LONG,1.0
QCOM,2026-06-23 18:27:15.041859+00:00,CALL,207.5,2026-07-17,80500,50,187,0,203.4,REPEATEDHITS,False,False,False,80500,0,215153020000.0,24,ASK,LONG,1.0
QCOM,2026-06-23 15:08:09.593039+00:00,CALL,200.0,2026-07-31,742410,339,1651,52,199.51,REPEATEDHITS,False,False,False,2190,740220,215153020000.0,38,BID,SHORT,0.5
QCOM,2026-06-23 14:44:36.030712+00:00,CALL,207.5,2026-07-17,150635,94,132,0,202.1106,REPEATEDHITSDESCENDINGFILL,True,False,False,75435,75200,215153020000.0,24,ASK,LONG,1.0
QCOM,2026-06-23 13:50:41.352085+00:00,CALL,202.5,2026-07-02,56819,39,255,28,203.06,REPEATEDHITSASCENDINGFILL,True,False,False,17499,39320,215153020000.0,9,BID,SHORT,0.5
QCOM,2026-06-23 13:49:24.581238+00:00,CALL,255.0,2026-07-17,78480,144,219,109,203.3911,REPEATEDHITS,False,False,False,10355,68125,215153020000.0,24,BID,SHORT,0.5
QCOM,2026-06-22 19:02:26.038038+00:00,CALL,287.5,2026-06-26,130926,922,952,2,222.07,REPEATEDHITS,False,False,False,0,130640,215153020000.0,4,BID,SHORT,0.5
QCOM,2026-06-22 16:58:15.488656+00:00,PUT,215.0,2026-07-17,60290,42,56,0,228.89,REPEATEDHITSASCENDINGFILL,True,False,False,1440,58850,215153020000.0,25,BID,LONG,0.5
QCOM,2026-06-22 14:30:39.959058+00:00,CALL,270.0,2026-07-31,97195,66,70,12,230.7,REPEATEDHITSASCENDINGFILL,True,False,False,53020,41225,215153020000.0,39,ASK,LONG,1.0
QCOM,2026-06-22 14:29:58.083931+00:00,CALL,237.5,2026-07-17,62230,32,94,0,230.4999,REPEATEDHITS,False,False,False,62230,0,215153020000.0,25,ASK,LONG,1.0
QCOM,2026-06-22 14:17:08.995338+00:00,CALL,242.5,2026-07-17,101320,56,139,0,231.56,REPEATEDHITSASCENDINGFILL,True,False,False,14480,86840,215153020000.0,25,BID,SHORT,0.5
QCOM,2026-06-22 14:06:31.265893+00:00,PUT,255.0,2026-07-17,86990,23,49,0,229.56,REPEATEDHITSASCENDINGFILL,False,False,False,86990,0,215153020000.0,25,ASK,SHORT,1.0
QCOM,2026-06-22 13:53:48.752784+00:00,CALL,237.5,2026-07-17,60100,37,51,0,224.145,REPEATEDHITSASCENDINGFILL,True,False,False,26080,34020,215153020000.0,25,BID,SHORT,0.5
QCOM,2026-06-18 19:33:42.682013+00:00,PUT,227.5,2026-07-10,101760,53,54,3,227.66,REPEATEDHITS,True,False,False,21065,80695,215153020000.0,22,BID,LONG,0.5
QCOM,2026-06-18 18:57:02.737304+00:00,CALL,235.0,2026-07-10,524400,304,375,48,227.975,REPEATEDHITS,True,False,False,0,524400,215153020000.0,22,BID,SHORT,0.5
QCOM,2026-06-18 18:55:15.843601+00:00,PUT,205.0,2026-07-10,287470,323,337,72,228.34,REPEATEDHITS,False,False,False,890,286580,215153020000.0,22,BID,LONG,0.5
QCOM,2026-06-18 17:04:49.586199+00:00,CALL,225.0,2026-07-02,445232,282,485,207,223.5812,REPEATEDHITSDESCENDINGFILL,False,False,False,295342,149890,215153020000.0,14,ASK,LONG,1.0
QCOM,2026-06-17 19:59:20.054614+00:00,PUT,237.5,2026-07-02,118175,38,38,7,212.995,REPEATEDHITS,True,False,False,59085,59090,215153020000.0,15,BID,LONG,0.5
QCOM,2026-06-17 18:39:51.378091+00:00,CALL,237.5,2026-07-10,54810,51,52,40,218.65,REPEATEDHITSASCENDINGFILL,True,False,False,34480,20330,215153020000.0,23,ASK,LONG,1.0
QCOM,2026-06-17 14:23:44.767786+00:00,PUT,217.5,2026-06-26,155025,130,143,97,219.77,REPEATEDHITSASCENDINGFILL,True,False,False,77675,77350,215153020000.0,9,ASK,SHORT,1.0
QCOM,2026-06-16 17:23:24.715007+00:00,PUT,240.0,2026-10-16,1036802,216,305,186,219.04,REPEATEDHITS,False,False,False,0,1036802,215153020000.0,122,BID,LONG,0.5
QCOM,2026-06-15 19:47:36.959603+00:00,CALL,270.0,2026-07-02,120812,300,2467,59,221.16,REPEATEDHITSASCENDINGFILL,False,False,False,120812,0,215153020000.0,17,ASK,LONG,1.0
QCOM,2026-06-15 15:47:22.766248+00:00,PUT,240.0,2026-07-10,108120,36,46,5,221.25,REPEATEDHITSASCENDINGFILL,False,False,False,18090,90030,215153020000.0,25,BID,LONG,0.5
QCOM,2026-06-15 15:47:22.766248+00:00,PUT,240.0,2026-07-10,392000,130,176,5,221.18,REPEATEDHITSASCENDINGFILL,False,False,False,30175,361825,215153020000.0,25,BID,LONG,0.5
QCOM,2026-06-12 18:18:25.746911+00:00,CALL,232.5,2026-07-10,100620,86,94,21,211.79,REPEATEDHITS,False,False,False,100620,0,215153020000.0,28,ASK,LONG,1.0
QCOM,2026-06-10 19:46:40.780480+00:00,CALL,192.5,2026-06-12,138320,247,660,33,191.76,REPEATEDHITS,False,False,False,0,138320,215153020000.0,2,BID,SHORT,0.5
QCOM,2026-06-10 18:13:21.876721+00:00,CALL,192.5,2026-06-12,100575,149,380,33,193.985,REPEATEDHITS,False,False,False,60075,40500,215153020000.0,2,ASK,LONG,1.0
QCOM,2026-06-10 17:41:23.133705+00:00,PUT,130.0,2026-10-16,233097,315,321,207,191.49,REPEATEDHITS,True,False,False,233097,0,215153020000.0,128,ASK,SHORT,1.0
QCOM,2026-06-09 17:23:49.509034+00:00,CALL,205.0,2026-07-02,472500,300,808,5,199.15,REPEATEDHITS,True,False,False,0,472500,215153020000.0,23,BID,SHORT,0.5
QCOM,2026-06-09 16:13:23.999641+00:00,PUT,182.5,2026-06-18,254960,500,699,271,197.515,REPEATEDHITSDESCENDINGFILL,False,False,False,14240,0,215153020000.0,9,ASK,SHORT,1.0
QCOM,2026-06-08 17:24:35.196842+00:00,PUT,175.0,2026-07-17,2862584,4911,5069,2675,216.745,REPEATEDHITSDESCENDINGFILL,False,False,False,0,2862584,215153020000.0,39,BID,LONG,0.5
QCOM,2026-06-08 17:20:57.546041+00:00,PUT,195.0,2026-07-24,114400,85,95,4,216.89,REPEATEDHITSDESCENDINGFILL,True,False,False,98260,16140,215153020000.0,46,ASK,SHORT,1.0
QCOM,2026-06-05 16:52:55.976026+00:00,PUT,207.5,2026-06-12,51129,110,144,80,220.69,REPEATEDHITSASCENDINGFILL,False,False,False,42777,8352,215153020000.0,7,ASK,SHORT,1.0
QCOM,2026-06-04 17:51:00.764802+00:00,CALL,310.0,2026-09-18,1426480,724,734,107,241.0325,REPEATEDHITSASCENDINGFILL,True,False,False,7930,1180120,215153020000.0,106,BID,SHORT,0.5
QCOM,2026-06-03 16:54:51.745166+00:00,PUT,250.0,2026-06-12,298000,200,872,145,250.24,REPEATEDHITS,False,False,False,0,298000,215153020000.0,9,BID,LONG,0.5
QCOM,2026-06-02 18:40:46.544483+00:00,PUT,217.5,2026-06-05,54470,419,537,212,242.256,REPEATEDHITS,False,False,False,54470,0,215153020000.0,3,ASK,SHORT,1.0
QCOM,2026-06-02 17:08:20.898901+00:00,PUT,222.5,2026-06-26,57675,45,55,6,242.77,REPEATEDHITSASCENDINGFILL,False,False,False,28415,29260,215153020000.0,24,BID,LONG,0.5
QCOM,2026-06-02 16:06:00.599198+00:00,CALL,295.0,2026-06-26,411473,500,1910,39,242.485,REPEATEDHITSASCENDINGFILL,False,False,False,411473,0,215153020000.0,24,ASK,LONG,1.0
QCOM,2026-06-02 16:01:11.999072+00:00,CALL,295.0,2026-06-26,401440,500,1409,39,241.83,REPEATEDHITSASCENDINGFILL,False,False,False,401440,0,215153020000.0,24,ASK,LONG,1.0
QCOM,2026-06-02 14:45:35.842820+00:00,PUT,270.0,2026-11-20,129714,20,50,14,240.24,REPEATEDHITSASCENDINGFILL,False,False,False,110329,19385,215153020000.0,171,ASK,SHORT,1.0
QCOM,2026-06-02 14:24:39.637874+00:00,CALL,257.5,2026-06-18,53919,63,88,23,234.735,REPEATEDHITSDESCENDINGFILL,True,False,False,0,53919,215153020000.0,16,BID,SHORT,0.5
QCOM,2026-06-01 19:03:27.872448+00:00,CALL,207.5,2026-07-02,78900,24,36,15,228.85,REPEATEDHITSASCENDINGFILL,True,False,False,39480,39420,215153020000.0,31,ASK,LONG,1.0
QCOM,2026-06-01 18:11:46.891927+00:00,CALL,227.5,2026-06-26,55593,25,95,1,230.71,REPEATEDHITSASCENDINGFILL,False,False,False,0,55593,215153020000.0,25,BID,SHORT,0.5
QCOM,2026-06-01 13:47:01.216328+00:00,PUT,250.0,2026-06-05,2741813,1131,1164,478,230.01,REPEATEDHITSASCENDINGFILL,False,False,False,4848,2736965,215153020000.0,4,BID,LONG,0.5
QCOM,2026-05-29 19:50:21.476568+00:00,PUT,247.5,2026-06-05,121705,110,200,14,250.8,REPEATEDHITSDESCENDINGFILL,True,False,False,80290,41415,215153020000.0,7,ASK,SHORT,1.0
QCOM,2026-05-29 18:55:04.266915+00:00,CALL,262.5,2026-06-18,69528,45,333,34,253.515,REPEATEDHITSDESCENDINGFILL,False,False,False,47968,21560,215153020000.0,20,ASK,LONG,1.0
QUBT,2026-06-24 17:27:39.214187+00:00,CALL,10.5,2026-07-24,24178,298,410,73,9.835,REPEATEDHITS,True,False,False,0,24178,2365862014.0,30,BID,SHORT,0.5
QUBT,2026-06-24 17:27:39.214187+00:00,CALL,11.0,2026-07-10,29211,749,856,183,9.835,REPEATEDHITS,False,False,False,0,29211,2365862014.0,16,BID,SHORT,0.5
QUBT,2026-06-24 16:25:55.426318+00:00,CALL,9.5,2026-07-17,17401,138,168,5,10.11,REPEATEDHITSDESCENDINGFILL,True,False,False,0,17401,2365862014.0,23,BID,SHORT,0.5
QUBT,2026-06-24 16:20:20.028339+00:00,CALL,10.5,2026-07-17,29680,371,393,50,10.055,REPEATEDHITS,False,False,False,0,29680,2365862014.0,23,BID,SHORT,0.5
QUBT,2026-06-24 14:55:40.624681+00:00,CALL,10.0,2026-07-02,12285,195,254,136,9.915,REPEATEDHITS,False,False,False,12285,0,2365862014.0,8,ASK,LONG,1.0
QUBT,2026-06-23 13:55:55.335792+00:00,CALL,11.0,2026-07-24,23200,200,612,120,10.73,REPEATEDHITS,False,False,False,0,23200,2365862014.0,31,BID,SHORT,0.5
QUBT,2026-06-23 13:52:44.981471+00:00,CALL,10.5,2026-07-02,34800,300,307,278,11.0499,REPEATEDHITS,False,False,False,34800,0,2365862014.0,9,ASK,LONG,1.0
QUBT,2026-06-18 16:51:40.566259+00:00,CALL,22.0,2026-09-18,83946,1646,1648,380,10.375,REPEATEDHITS,False,False,False,83946,0,2365862014.0,92,ASK,LONG,1.0
QUBT,2026-06-16 13:48:29.033610+00:00,CALL,10.5,2026-06-18,124260,2071,2087,980,10.85,REPEATEDHITS,False,False,False,0,124260,2365862014.0,2,BID,SHORT,0.5
QUBT,2026-06-15 19:30:40.513061+00:00,CALL,23.0,2026-10-16,48195,567,569,106,11.31,REPEATEDHITS,False,False,False,48195,0,2365862014.0,123,ASK,LONG,1.0
QUBT,2026-06-15 19:00:29.326814+00:00,CALL,11.5,2026-06-26,77818,1066,1587,409,11.285,REPEATEDHITS,False,False,False,73,77745,2365862014.0,11,BID,SHORT,0.5
QUBT,2026-06-15 18:00:05.178391+00:00,PUT,12.0,2026-06-26,22001,188,317,118,11.47,REPEATEDHITSASCENDINGFILL,True,False,False,15098,3510,2365862014.0,11,ASK,SHORT,1.0
QUBT,2026-06-15 17:48:23.196032+00:00,CALL,11.0,2026-06-26,54915,523,1710,455,11.405,REPEATEDHITS,True,False,False,54915,0,2365862014.0,11,ASK,LONG,1.0
QUBT,2026-06-15 16:38:19.803657+00:00,CALL,13.5,2026-06-26,25000,1000,1149,157,11.3319,REPEATEDHITS,False,False,False,0,25000,2365862014.0,11,BID,SHORT,0.5
QUBT,2026-06-10 19:03:37.580972+00:00,CALL,10.0,2026-07-24,47328,408,620,57,9.59,REPEATEDHITS,True,False,False,47212,116,2365862014.0,44,ASK,LONG,1.0
QUBT,2026-06-10 14:35:45.051228+00:00,CALL,10.0,2026-07-24,29095,200,203,57,10.065,REPEATEDHITS,True,False,False,0,29095,2365862014.0,44,BID,SHORT,0.5
QUBT,2026-06-09 16:21:10.915962+00:00,CALL,12.5,2026-06-18,14568,1821,2031,1184,9.19,REPEATEDHITS,False,False,False,0,13928,2365862014.0,9,BID,SHORT,0.5
QUBT,2026-06-09 14:27:01.078603+00:00,CALL,10.0,2026-06-12,45423,927,1264,587,10.105,REPEATEDHITS,False,False,False,45423,0,2365862014.0,3,ASK,LONG,1.0
QUBT,2026-06-05 15:28:34.958331+00:00,CALL,11.0,2026-09-18,78195,401,404,126,10.13,REPEATEDHITS,False,False,False,0,78195,2365862014.0,105,BID,SHORT,0.5
QUBT,2026-06-04 19:04:54.795177+00:00,CALL,22.0,2026-09-18,20670,265,366,11,11.055,REPEATEDHITS,False,False,False,20670,0,2365862014.0,106,ASK,LONG,1.0
QUBT,2026-06-04 16:31:22.508515+00:00,CALL,11.5,2026-06-18,50302,729,5386,611,10.97,REPEATEDHITS,False,False,False,0,50302,2365862014.0,14,BID,SHORT,0.5
QUBT,2026-06-03 16:42:05.085915+00:00,PUT,10.0,2026-08-21,36750,245,297,111,11.195,REPEATEDHITS,False,False,False,300,36450,2365862014.0,79,BID,LONG,0.5
QUBT,2026-06-02 15:24:44.826676+00:00,PUT,12.0,2026-06-12,70296,808,853,176,12.11,REPEATEDHITS,False,False,False,0,70296,2365862014.0,10,BID,LONG,0.5
QUBT,2026-06-02 13:48:53.316859+00:00,CALL,18.0,2026-07-17,263444,3932,3933,1076,12.355,REPEATEDHITS,False,False,False,4422,259022,2365862014.0,45,BID,SHORT,0.5
QUBT,2026-06-01 19:26:49.346783+00:00,CALL,15.0,2026-06-05,60458,3182,7306,2733,12.54,REPEATEDHITS,False,False,False,19,42674,2365862014.0,4,BID,SHORT,0.5
QUBT,2026-06-01 16:17:18.055977+00:00,CALL,14.0,2026-08-21,22000,100,248,76,12.415,REPEATEDHITS,True,False,False,5280,11000,2365862014.0,81,BID,SHORT,0.5
QUBT,2026-06-01 16:09:39.983557+00:00,CALL,16.0,2026-08-21,1210825,6919,22769,223,12.5051,REPEATEDHITS,False,False,False,1185450,25375,2365862014.0,81,ASK,LONG,1.0
QUBT,2026-06-01 15:42:43.366454+00:00,PUT,12.5,2026-06-05,16884,252,554,168,12.74,REPEATEDHITS,False,False,False,16884,0,2365862014.0,4,ASK,SHORT,1.0
QUBT,2026-06-01 15:42:43.366454+00:00,PUT,13.5,2026-06-05,12771,99,99,64,12.74,REPEATEDHITS,False,False,False,12771,0,2365862014.0,4,ASK,SHORT,1.0
QUBT,2026-06-01 14:52:11.145348+00:00,CALL,16.0,2026-08-21,767686,5729,5738,223,12.095,REPEATEDHITS,False,False,False,757234,0,2365862014.0,81,ASK,LONG,1.0
QUBT,2026-05-29 19:01:28.985645+00:00,CALL,18.0,2026-08-21,1321722,13626,13636,78,11.73,REPEATEDHITS,False,False,False,220287,1101435,2365862014.0,84,BID,SHORT,0.5
QUBT,2026-05-28 19:22:49.179930+00:00,PUT,12.5,2026-06-18,14592,96,170,57,12.04,REPEATEDHITS,False,False,False,0,14592,2365862014.0,21,BID,LONG,0.5
QUBT,2026-05-28 16:07:21.981244+00:00,PUT,13.0,2026-08-21,19873,67,79,1,12.2602,REPEATEDHITSASCENDINGFILL,True,False,False,19873,0,2365862014.0,85,ASK,SHORT,1.0
QUBT,2026-05-28 15:48:03.359762+00:00,CALL,15.0,2026-09-18,263425,1285,1374,139,12.25,REPEATEDHITS,False,False,False,262400,1025,2365862014.0,113,ASK,LONG,1.0
QUBT,2026-05-28 15:40:59.432305+00:00,CALL,25.0,2026-07-17,26000,1000,1003,942,12.25,REPEATEDHITS,True,False,False,26000,0,2365862014.0,50,ASK,LONG,1.0
QUBT,2026-05-28 14:19:36.133702+00:00,CALL,11.5,2026-06-05,97440,1015,2709,416,11.8201,REPEATEDHITS,False,False,False,0,97440,2365862014.0,8,BID,SHORT,0.5
QUBT,2026-05-27 18:07:18.353276+00:00,CALL,14.0,2026-07-17,183840,1915,2048,1133,11.565,REPEATEDHITS,False,False,False,183840,0,2365862014.0,51,ASK,LONG,1.0
QUBT,2026-05-26 19:11:59.604669+00:00,CALL,12.0,2026-08-21,51060,222,392,89,11.565,REPEATEDHITS,True,False,False,46460,4600,2365862014.0,87,ASK,LONG,1.0
QUBT,2026-05-26 15:55:56.691366+00:00,PUT,10.5,2026-06-12,15572,229,353,116,11.315,REPEATEDHITS,True,False,False,15572,0,2365862014.0,17,ASK,SHORT,1.0
QUBT,2026-05-26 15:55:53.079930+00:00,CALL,11.5,2026-06-12,220541,2205,2897,392,11.31,REPEATEDHITS,False,False,False,220145,396,2365862014.0,17,ASK,LONG,1.0
QUBT,2026-05-22 17:03:28.476263+00:00,CALL,13.0,2026-05-22,40128,3648,25921,3310,12.8323,REPEATEDHITS,False,False,False,24024,1540,2365862014.0,0,ASK,LONG,1.0
QUBT,2026-05-22 16:07:50.877697+00:00,PUT,13.0,2026-05-22,31670,3167,4843,917,13.25,REPEATEDHITS,False,False,False,0,30360,2365862014.0,0,BID,LONG,0.5
QUBT,2026-05-22 14:31:42.723564+00:00,CALL,24.0,2026-10-16,19738,139,143,39,13.03,REPEATEDHITS,False,False,False,2840,16898,2365862014.0,147,BID,SHORT,0.5
QUBT,2026-05-22 13:54:34.327814+00:00,CALL,13.0,2026-05-22,120241,7073,11124,3310,12.62,REPEATEDHITS,False,False,False,120241,0,2365862014.0,0,ASK,LONG,1.0
QUBT,2026-05-22 13:41:35.410389+00:00,CALL,12.5,2026-05-22,220570,4795,8379,2919,12.74,REPEATEDHITS,False,False,False,44574,175996,2365862014.0,0,BID,SHORT,0.5
QUBT,2026-05-21 18:32:42.713552+00:00,CALL,13.5,2026-06-05,33900,1000,1049,412,11.31,REPEATEDHITSDESCENDINGFILL,False,False,False,0,33900,2365862014.0,15,BID,SHORT,0.5
QUBT,2026-05-21 16:32:07.054416+00:00,PUT,10.5,2026-06-05,16368,264,304,119,11.275,REPEATEDHITS,False,False,False,0,16368,2365862014.0,15,BID,LONG,0.5
QUBT,2026-05-21 14:44:21.886326+00:00,CALL,10.5,2026-05-29,151214,1543,1963,657,10.975,REPEATEDHITS,False,False,False,0,146510,2365862014.0,8,BID,SHORT,0.5
QUBT,2026-05-21 14:13:16.731642+00:00,PUT,11.0,2026-05-22,90835,2455,2804,1218,11.11,REPEATEDHITS,False,False,False,81548,7030,2365862014.0,1,ASK,SHORT,1.0
QUBT,2026-05-20 19:24:07.223981+00:00,CALL,9.5,2026-05-29,27425,500,1731,412,9.5,REPEATEDHITSASCENDINGFILL,False,False,False,0,27425,2365862014.0,9,BID,SHORT,0.5
RCAT,2026-06-24 17:22:59.410848+00:00,CALL,10.0,2026-08-21,27000,200,1001,107,9.44,REPEATEDHITS,False,False,False,14040,7830,1249517235.0,58,ASK,LONG,1.0
RCAT,2026-06-24 17:22:29.338442+00:00,CALL,10.0,2026-08-21,27000,200,801,107,9.43,REPEATEDHITS,False,False,False,27000,0,1249517235.0,58,ASK,LONG,1.0
RCAT,2026-06-24 15:59:13.731735+00:00,PUT,9.5,2026-07-02,14086,321,382,268,9.73,REPEATEDHITSASCENDINGFILL,True,False,False,14086,0,1249517235.0,8,ASK,SHORT,1.0
RCAT,2026-06-24 15:59:13.731735+00:00,PUT,10.5,2026-07-17,32232,237,239,116,9.795,REPEATEDHITS,False,False,False,32232,0,1249517235.0,23,ASK,SHORT,1.0
RCAT,2026-06-23 14:47:19.872847+00:00,CALL,15.0,2026-08-21,91325,1405,1455,166,10.48,REPEATEDHITS,False,False,False,0,91325,1249517235.0,59,BID,SHORT,0.5
RCAT,2026-06-23 14:05:19.087137+00:00,CALL,11.5,2026-07-02,22040,551,618,140,10.63,REPEATEDHITS,False,False,False,0,22040,1249517235.0,9,BID,SHORT,0.5
RCAT,2026-06-18 19:25:23.102187+00:00,CALL,12.5,2026-06-26,19368,750,942,367,11.14,REPEATEDHITSASCENDINGFILL,False,False,False,19368,0,1249517235.0,8,ASK,LONG,1.0
RCAT,2026-06-16 16:31:49.179837+00:00,PUT,11.0,2026-06-18,104118,2479,3136,1425,10.9577,REPEATEDHITS,False,False,False,294,103824,1249517235.0,2,BID,LONG,0.5
RCAT,2026-06-15 15:56:00.664927+00:00,CALL,12.5,2026-07-31,37000,200,200,6,12.015,REPEATEDHITS,False,False,False,37000,0,1249517235.0,46,ASK,LONG,1.0
RCAT,2026-06-09 16:55:03.363155+00:00,PUT,9.0,2026-07-17,151554,2613,2720,1890,10.915,REPEATEDHITS,False,False,False,148074,0,1249517235.0,38,ASK,SHORT,1.0
RCAT,2026-06-09 14:25:31.102152+00:00,CALL,11.5,2026-06-12,14328,199,413,183,11.83,REPEATEDHITS,False,False,False,14328,0,1249517235.0,3,ASK,LONG,1.0
RCAT,2026-06-05 19:18:34.681843+00:00,CALL,16.5,2026-07-02,14594,343,347,7,12.31,REPEATEDHITSDESCENDINGFILL,True,False,False,0,14594,1249517235.0,27,BID,SHORT,0.5
RCAT,2026-06-05 19:18:34.681843+00:00,CALL,17.0,2026-07-02,23195,617,625,77,12.315,REPEATEDHITSDESCENDINGFILL,True,False,False,0,23195,1249517235.0,27,BID,SHORT,0.5
RCAT,2026-06-05 13:43:09.403379+00:00,PUT,12.5,2026-06-26,33750,450,450,436,13.86,REPEATEDHITS,False,False,False,20775,8250,1249517235.0,21,ASK,SHORT,1.0
RCAT,2026-06-04 18:43:54.409068+00:00,CALL,21.0,2026-07-17,170820,1898,1909,583,15.05,REPEATEDHITS,False,False,False,170730,90,1249517235.0,43,ASK,LONG,1.0
RCAT,2026-06-02 14:08:53.193129+00:00,CALL,18.0,2026-06-18,133275,1777,1859,691,15.09,REPEATEDHITS,False,False,False,0,133275,1249517235.0,16,BID,SHORT,0.5
RCAT,2026-06-01 16:39:08.858655+00:00,CALL,16.0,2026-06-05,71939,1673,3040,893,14.5,REPEATEDHITS,False,False,False,0,68327,1249517235.0,4,BID,SHORT,0.5
RCAT,2026-06-01 14:54:09.620854+00:00,CALL,34.0,2026-07-17,10150,290,291,52,14.34,REPEATEDHITS,False,False,False,10150,0,1249517235.0,46,ASK,LONG,1.0
RCAT,2026-06-01 14:20:35.364764+00:00,PUT,15.0,2026-06-05,21000,200,266,115,14.89,REPEATEDHITS,False,False,False,0,21000,1249517235.0,4,BID,LONG,0.5
RCAT,2026-05-29 17:21:27.777219+00:00,CALL,25.0,2026-10-16,166559,863,1707,391,14.105,REPEATEDHITS,True,False,False,166559,0,1249517235.0,140,ASK,LONG,1.0
RCAT,2026-05-29 16:40:29.620095+00:00,CALL,13.5,2026-05-29,122468,2848,5373,1166,13.87,REPEATEDHITS,False,False,False,122468,0,1249517235.0,0,ASK,LONG,1.0
RCAT,2026-05-29 15:20:03.684145+00:00,CALL,14.0,2026-06-12,133722,1311,1441,311,13.44,REPEATEDHITS,False,False,False,0,133722,1249517235.0,14,BID,SHORT,0.5
RCAT,2026-05-28 19:08:13.073483+00:00,PUT,14.0,2026-06-18,72986,480,741,208,14.29,REPEATEDHITSDESCENDINGFILL,False,False,False,153,72833,1249517235.0,21,BID,LONG,0.5
RCAT,2026-05-28 19:05:40.886700+00:00,PUT,13.0,2026-06-18,431244,3993,4100,493,14.165,REPEATEDHITS,False,False,False,0,431244,1249517235.0,21,BID,LONG,0.5
RCAT,2026-05-28 16:45:41.889409+00:00,CALL,15.5,2026-06-05,168000,1500,2056,60,14.755,REPEATEDHITS,True,False,False,168000,0,1249517235.0,8,ASK,LONG,1.0
RCAT,2026-05-28 16:03:35.849255+00:00,CALL,15.0,2026-06-05,23585,265,1613,253,14.3499,REPEATEDHITS,False,False,False,0,23585,1249517235.0,8,BID,SHORT,0.5
RCAT,2026-05-28 15:57:55.720011+00:00,CALL,15.0,2026-05-29,17765,600,7557,256,14.2501,REPEATEDHITSASCENDINGFILL,False,False,False,0,6815,1249517235.0,1,BID,SHORT,0.5
RCAT,2026-05-28 13:41:05.422274+00:00,CALL,11.0,2026-06-05,784992,3552,3667,684,12.9,REPEATEDHITS,False,False,False,12155,772837,1249517235.0,8,BID,SHORT,0.5
RCAT,2026-05-28 13:36:10.769169+00:00,CALL,13.0,2026-05-29,35000,500,1296,386,13.08,REPEATEDHITS,False,False,False,19250,15750,1249517235.0,1,ASK,LONG,1.0
RCAT,2026-05-28 13:35:31.095875+00:00,CALL,15.0,2026-05-29,12000,1000,1289,256,12.88,REPEATEDHITS,True,False,False,0,12000,1249517235.0,1,BID,SHORT,0.5
RCAT,2026-05-27 16:17:33.942232+00:00,CALL,11.5,2026-06-05,164080,4102,4205,444,10.46,REPEATEDHITS,False,False,False,0,164080,1249517235.0,9,BID,SHORT,0.5
RCAT,2026-05-27 15:12:13.946391+00:00,PUT,8.0,2026-10-16,66346,543,544,415,10.64,REPEATEDHITSDESCENDINGFILL,True,False,False,0,66346,1249517235.0,142,BID,LONG,0.5
RCAT,2026-05-27 13:49:05.469515+00:00,CALL,10.0,2026-07-17,324576,2254,2437,2198,9.975,REPEATEDHITS,False,False,False,324576,0,1249517235.0,51,ASK,LONG,1.0
RCAT,2026-05-26 15:32:22.985477+00:00,PUT,10.0,2026-07-17,938115,6949,6992,1253,9.93,REPEATEDHITS,False,False,False,745875,0,1249517235.0,52,ASK,SHORT,1.0
RCAT,2026-05-22 15:24:41.543025+00:00,CALL,9.5,2026-06-18,20254,247,277,88,9.38,REPEATEDHITS,False,False,False,20254,0,1249517235.0,27,ASK,LONG,1.0
RCAT,2026-05-22 15:23:50.444324+00:00,CALL,10.5,2026-06-12,17500,500,525,311,9.315,REPEATEDHITS,False,False,False,17500,0,1249517235.0,21,ASK,LONG,1.0
RCAT,2026-05-21 16:13:52.397030+00:00,PUT,9.0,2026-06-05,61000,1000,1011,365,8.93,REPEATEDHITS,False,False,False,0,61000,1249517235.0,15,BID,LONG,0.5
RCAT,2026-05-18 18:57:29.575962+00:00,CALL,9.0,2026-05-22,13152,411,1145,200,8.85,REPEATEDHITS,False,False,False,13152,0,1249517235.0,4,ASK,LONG,1.0
RCAT,2026-05-15 17:23:59.981154+00:00,PUT,9.0,2026-06-12,11178,162,189,155,9.395,REPEATEDHITS,False,False,False,0,11178,1249517235.0,28,BID,LONG,0.5
RCAT,2026-05-13 15:19:27.916711+00:00,CALL,9.0,2026-06-12,51750,450,473,4,9.34,REPEATEDHITS,True,False,False,41400,0,1249517235.0,30,ASK,LONG,1.0
RCAT,2026-05-08 18:46:47.310759+00:00,PUT,11.5,2026-05-22,39000,250,274,142,10.1501,REPEATEDHITS,False,False,False,0,39000,1249517235.0,14,BID,LONG,0.5
RCAT,2026-05-08 16:35:04.005209+00:00,CALL,12.0,2026-05-22,15450,1030,1131,310,10.06,REPEATEDHITS,False,False,False,0,15450,1249517235.0,14,BID,SHORT,0.5
RCAT,2026-05-07 17:23:13.283920+00:00,CALL,10.0,2026-05-22,43785,417,422,71,10.3,REPEATEDHITS,True,False,False,43785,0,1249517235.0,15,ASK,LONG,1.0
RCAT,2026-05-05 15:52:31.561504+00:00,PUT,10.5,2026-05-15,109804,1132,1653,285,10.2807,REPEATEDHITS,False,False,False,109707,97,1249517235.0,10,ASK,SHORT,1.0
RCAT,2026-05-01 16:33:48.013451+00:00,PUT,11.0,2026-05-08,44019,657,859,570,11.285,REPEATEDHITS,True,False,False,0,44019,1249517235.0,7,BID,LONG,0.5
RCAT,2026-04-30 14:10:22.738991+00:00,CALL,12.5,2026-05-29,24300,300,602,80,11.43,REPEATEDHITS,False,False,False,0,24300,1249517235.0,29,BID,SHORT,0.5
RCAT,2026-04-30 13:43:35.206201+00:00,CALL,12.5,2026-05-29,37200,300,300,80,11.54,REPEATEDHITS,False,False,False,37200,0,1249517235.0,29,ASK,LONG,1.0
RDDT,2026-06-24 17:44:34.218507+00:00,CALL,205.0,2026-07-17,78608,578,582,37,159.76,REPEATEDHITS,False,False,False,0,78608,23513769284.0,23,BID,SHORT,0.5
RDDT,2026-06-24 16:03:58.271106+00:00,PUT,162.5,2026-07-24,324863,273,273,9,165.42,REPEATEDHITSDESCENDINGFILL,True,False,False,323678,1185,23513769284.0,30,ASK,SHORT,1.0
RDDT,2026-06-24 14:22:24.961813+00:00,CALL,160.0,2026-08-21,597994,260,296,187,163.12,REPEATEDHITSDESCENDINGFILL,False,False,False,597994,0,23513769284.0,58,ASK,LONG,1.0
RDDT,2026-06-24 14:20:29.649675+00:00,PUT,149.0,2026-07-10,63190,142,142,16,160.74,REPEATEDHITS,True,False,False,63190,0,23513769284.0,16,ASK,SHORT,1.0
RDDT,2026-06-23 19:44:39.263114+00:00,CALL,185.0,2026-07-24,60775,85,85,78,166.65,REPEATEDHITS,False,False,False,60775,0,23513769284.0,31,ASK,LONG,1.0
RDDT,2026-06-23 19:06:44.243026+00:00,CALL,177.5,2026-07-10,191590,322,358,39,166.7407,REPEATEDHITS,False,False,False,0,191590,23513769284.0,17,BID,SHORT,0.5
RDDT,2026-06-23 14:16:23.939769+00:00,PUT,143.0,2026-07-10,56571,327,328,9,171.035,REPEATEDHITS,False,False,False,0,56571,23513769284.0,17,BID,LONG,0.5
RDDT,2026-06-23 13:51:31.838090+00:00,CALL,200.0,2026-07-10,49184,212,226,194,169.2,REPEATEDHITS,False,False,False,0,49184,23513769284.0,17,BID,SHORT,0.5
RDDT,2026-06-22 19:48:09.786211+00:00,CALL,280.0,2026-08-21,85717,395,398,261,169.8,REPEATEDHITSASCENDINGFILL,False,False,False,0,85499,23513769284.0,60,BID,SHORT,0.5
RDDT,2026-06-22 19:30:05.730501+00:00,PUT,140.0,2026-07-10,35632,285,337,90,170.825,REPEATEDHITS,True,False,False,0,35632,23513769284.0,18,BID,LONG,0.5
RDDT,2026-06-22 18:25:13.055110+00:00,PUT,182.5,2026-07-02,346250,277,278,14,175.55,REPEATEDHITS,False,False,False,346250,0,23513769284.0,10,ASK,SHORT,1.0
RDDT,2026-06-22 17:18:25.481573+00:00,CALL,180.0,2026-07-02,190973,341,581,146,173.1825,REPEATEDHITSASCENDINGFILL,False,False,False,0,190973,23513769284.0,10,BID,SHORT,0.5
RDDT,2026-06-22 14:43:39.472684+00:00,CALL,197.5,2026-07-02,95638,449,460,25,174.69,REPEATEDHITS,True,False,False,213,95211,23513769284.0,10,BID,SHORT,0.5
RDDT,2026-06-18 19:59:44.012575+00:00,PUT,177.5,2026-07-10,94170,75,75,5,175.01,REPEATEDHITSDESCENDINGFILL,False,False,False,11340,82830,23513769284.0,22,BID,LONG,0.5
RDDT,2026-06-18 19:45:15.524892+00:00,CALL,177.5,2026-06-18,31275,2085,3435,449,174.55,REPEATEDHITS,True,False,False,18315,12960,23513769284.0,0,ASK,LONG,1.0
RDDT,2026-06-18 19:45:15.524892+00:00,CALL,175.0,2026-07-10,73350,63,107,26,174.55,REPEATEDHITSDESCENDINGFILL,True,False,False,69900,3450,23513769284.0,22,ASK,LONG,1.0
RDDT,2026-06-18 19:45:13.519173+00:00,CALL,177.5,2026-06-18,16756,1129,1305,449,174.3,REPEATEDHITSASCENDINGFILL,True,False,False,9653,6353,23513769284.0,0,ASK,LONG,1.0
RDDT,2026-06-18 16:45:32.912131+00:00,CALL,185.0,2026-11-20,68280,24,24,21,169.99,REPEATEDHITS,False,False,False,0,68280,23513769284.0,155,BID,SHORT,0.5
RDDT,2026-06-18 16:21:22.833182+00:00,PUT,110.0,2026-08-21,64680,294,294,189,169.68,REPEATEDHITS,False,False,False,0,64680,23513769284.0,64,BID,LONG,0.5
RDDT,2026-06-16 17:08:55.077104+00:00,CALL,190.0,2026-06-26,240400,601,728,516,178.94,REPEATEDHITS,False,False,False,0,240400,23513769284.0,10,BID,SHORT,0.5
RDDT,2026-06-15 19:29:16.087491+00:00,PUT,182.5,2026-07-10,48642,36,37,2,180.0,REPEATEDHITSASCENDINGFILL,False,False,False,1355,47287,23513769284.0,25,BID,LONG,0.5
RDDT,2026-06-15 17:14:29.079261+00:00,PUT,180.0,2026-07-10,78285,59,72,29,177.9,REPEATEDHITSASCENDINGFILL,True,False,False,29210,49075,23513769284.0,25,BID,LONG,0.5
RDDT,2026-06-15 16:27:14.618370+00:00,CALL,195.0,2026-06-26,212091,633,783,75,178.88,REPEATEDHITSASCENDINGFILL,True,False,False,0,211411,23513769284.0,11,BID,SHORT,0.5
RDDT,2026-06-15 15:08:15.240699+00:00,CALL,185.0,2026-08-21,671202,300,2083,170,179.415,REPEATEDHITS,False,False,False,58119,423108,23513769284.0,67,BID,SHORT,0.5
RDDT,2026-06-15 15:08:05.823439+00:00,CALL,185.0,2026-08-21,474010,214,1783,170,179.22,REPEATEDHITS,False,False,False,0,474010,23513769284.0,67,BID,SHORT,0.5
RDDT,2026-06-15 15:06:55.132502+00:00,CALL,185.0,2026-08-21,1171160,536,1567,170,179.0271,REPEATEDHITS,False,False,False,0,1171160,23513769284.0,67,BID,SHORT,0.5
RDDT,2026-06-15 15:06:19.081229+00:00,CALL,185.0,2026-08-21,1055115,484,950,170,178.565,REPEATEDHITS,True,False,False,2175,200560,23513769284.0,67,BID,SHORT,0.5
RDDT,2026-06-15 15:05:29.582282+00:00,CALL,185.0,2026-08-21,595020,282,304,170,177.91,REPEATEDHITS,True,False,False,0,481080,23513769284.0,67,BID,SHORT,0.5
RDDT,2026-06-15 14:57:46.856799+00:00,CALL,192.5,2026-06-26,25890,75,107,50,177.85,REPEATEDHITSASCENDINGFILL,False,False,False,25890,0,23513769284.0,11,ASK,LONG,1.0
RDDT,2026-06-12 19:54:02.979091+00:00,CALL,162.5,2026-06-12,18278,571,2854,323,162.08,REPEATEDHITSASCENDINGFILL,True,False,False,1318,16960,23513769284.0,0,BID,SHORT,0.5
RDDT,2026-06-12 18:17:44.277579+00:00,PUT,165.0,2026-07-02,71371,67,111,31,163.43,REPEATEDHITSASCENDINGFILL,True,False,False,2145,69226,23513769284.0,20,BID,LONG,0.5
RDDT,2026-06-12 18:16:40.589479+00:00,PUT,160.0,2026-07-17,311370,278,385,198,163.22,REPEATEDHITSASCENDINGFILL,True,False,False,1125,310245,23513769284.0,35,BID,LONG,0.5
RDDT,2026-06-12 16:36:27.938213+00:00,CALL,170.0,2026-06-12,12974,998,13504,631,164.155,REPEATEDHITS,False,False,False,0,12974,23513769284.0,0,BID,SHORT,0.5
RDDT,2026-06-12 15:41:38.741828+00:00,CALL,160.0,2026-06-26,334879,364,384,106,160.98,REPEATEDHITS,False,False,False,334879,0,23513769284.0,14,ASK,LONG,1.0
RDDT,2026-06-12 15:32:48.206763+00:00,PUT,152.5,2026-07-02,26350,43,44,13,160.1764,REPEATEDHITSDESCENDINGFILL,True,False,False,14855,11495,23513769284.0,20,ASK,SHORT,1.0
RDDT,2026-06-12 15:32:48.206763+00:00,PUT,155.0,2026-07-02,60140,83,87,72,160.1764,REPEATEDHITSDESCENDINGFILL,True,False,False,22475,2140,23513769284.0,20,ASK,SHORT,1.0
RDDT,2026-06-12 14:21:02.987554+00:00,PUT,143.0,2026-06-26,10952,54,63,14,163.91,REPEATEDHITSDESCENDINGFILL,True,False,False,5188,5764,23513769284.0,14,BID,LONG,0.5
RDDT,2026-06-12 14:05:52.824045+00:00,CALL,167.5,2026-07-02,38640,46,223,31,161.41,REPEATEDHITS,True,False,False,18860,19780,23513769284.0,20,BID,SHORT,0.5
RDDT,2026-06-12 14:05:51.217645+00:00,CALL,167.5,2026-07-02,145350,171,171,31,161.68,REPEATEDHITS,False,False,False,0,145350,23513769284.0,20,BID,SHORT,0.5
RDDT,2026-06-12 13:39:58.901305+00:00,PUT,160.0,2026-07-02,84328,91,92,71,164.11,REPEATEDHITSASCENDINGFILL,True,False,False,60293,24035,23513769284.0,20,ASK,SHORT,1.0
RDDT,2026-06-11 17:55:03.596265+00:00,PUT,182.5,2026-07-24,16110,7,7,1,170.26,REPEATEDHITS,True,False,False,6910,9200,23513769284.0,43,BID,LONG,0.5
RDDT,2026-06-11 16:34:10.599118+00:00,PUT,167.5,2026-07-02,16850,15,15,8,167.84,REPEATEDHITS,True,False,False,5600,11250,23513769284.0,21,BID,LONG,0.5
RDDT,2026-06-10 18:38:16.027657+00:00,PUT,110.0,2026-10-16,174420,323,329,215,173.77,REPEATEDHITS,False,False,False,174420,0,23513769284.0,128,ASK,SHORT,1.0
RDDT,2026-06-10 15:16:15.858082+00:00,PUT,105.0,2026-10-16,250540,576,576,30,174.78,REPEATEDHITSDESCENDINGFILL,False,False,False,250540,0,23513769284.0,128,ASK,SHORT,1.0
RDDT,2026-06-09 19:57:51.815405+00:00,PUT,130.0,2026-07-02,46305,735,1344,225,179.27,REPEATEDHITS,False,False,False,0,46305,23513769284.0,23,BID,LONG,0.5
RDDT,2026-06-09 19:19:10.225735+00:00,PUT,187.5,2026-06-12,23515,21,21,8,178.71,REPEATEDHITS,False,False,False,23515,0,23513769284.0,3,ASK,SHORT,1.0
RDDT,2026-06-09 18:21:44.764675+00:00,CALL,185.0,2026-07-24,28500,19,43,5,177.68,REPEATEDHITS,False,False,False,27000,1500,23513769284.0,45,ASK,LONG,1.0
RDDT,2026-06-09 16:30:33.150153+00:00,CALL,197.5,2026-06-18,69224,509,534,486,169.105,REPEATEDHITS,False,False,False,0,69224,23513769284.0,9,BID,SHORT,0.5
RDDT,2026-06-09 15:00:27.210070+00:00,CALL,167.5,2026-06-18,70005,50,59,37,177.05,REPEATEDHITSASCENDINGFILL,True,False,False,8405,61600,23513769284.0,9,BID,SHORT,0.5
RDDT,2026-06-09 14:48:55.462119+00:00,PUT,187.5,2026-07-10,45150,21,39,2,175.0,REPEATEDHITS,True,False,False,45150,0,23513769284.0,31,ASK,SHORT,1.0
RH,2026-06-24 16:46:27.656250+00:00,PUT,149.0,2026-07-02,12090,39,39,0,156.68,REPEATEDHITS,True,False,False,12090,0,2679023346.0,8,ASK,SHORT,1.0
RH,2026-06-24 16:46:27.656250+00:00,PUT,152.5,2026-07-02,106640,248,258,12,156.68,REPEATEDHITS,False,False,False,106640,0,2679023346.0,8,ASK,SHORT,1.0
RH,2026-06-24 16:35:59.528942+00:00,CALL,195.0,2027-06-17,38485,12,17,6,157.335,REPEATEDHITSASCENDINGFILL,False,False,False,19230,19255,2679023346.0,358,BID,SHORT,0.5
RH,2026-06-24 16:05:49.192649+00:00,CALL,155.0,2026-07-02,21900,30,30,6,156.85,REPEATEDHITS,True,False,False,21900,0,2679023346.0,8,ASK,LONG,1.0
RH,2026-06-23 19:50:24.823234+00:00,CALL,160.0,2026-11-20,72060,40,40,5,140.92,REPEATEDHITSDESCENDINGFILL,False,False,False,48920,23140,2679023346.0,150,ASK,LONG,1.0
RH,2026-06-23 15:58:05.748510+00:00,CALL,140.0,2026-08-21,368692,229,231,39,143.78,REPEATEDHITS,False,False,False,0,368692,2679023346.0,59,BID,SHORT,0.5
RH,2026-06-18 19:39:35.440393+00:00,CALL,135.0,2026-07-17,154152,90,90,56,146.825,REPEATEDHITSASCENDINGFILL,False,False,False,133716,20436,2679023346.0,29,ASK,LONG,1.0
RH,2026-06-18 18:36:40.962852+00:00,CALL,157.5,2026-06-26,13135,71,77,12,147.73,REPEATEDHITS,False,False,False,0,13135,2679023346.0,8,BID,SHORT,0.5
RH,2026-06-18 16:58:50.164615+00:00,PUT,140.0,2026-09-18,94240,62,125,58,147.36,REPEATEDHITS,False,False,False,92720,1520,2679023346.0,92,ASK,SHORT,1.0
RH,2026-06-18 16:08:11.510961+00:00,CALL,180.0,2026-08-21,72500,145,157,57,145.62,REPEATEDHITS,False,False,False,72500,0,2679023346.0,64,ASK,LONG,1.0
RH,2026-06-18 15:15:31.750005+00:00,PUT,160.0,2026-07-17,704821,381,381,262,146.69,REPEATEDHITSDESCENDINGFILL,False,False,False,701141,3680,2679023346.0,29,ASK,SHORT,1.0
RH,2026-06-18 14:05:31.395495+00:00,CALL,165.0,2026-08-21,142120,209,209,56,142.09,REPEATEDHITS,False,False,False,142120,0,2679023346.0,64,ASK,LONG,1.0
RH,2026-06-17 19:36:45.349029+00:00,CALL,155.0,2026-09-18,83189,64,89,62,138.21,REPEATEDHITSDESCENDINGFILL,False,False,False,81889,1300,2679023346.0,93,ASK,LONG,1.0
RH,2026-06-17 16:55:49.537823+00:00,PUT,143.0,2026-06-18,12975,173,174,23,147.98,REPEATEDHITS,False,False,False,0,12975,2679023346.0,1,BID,LONG,0.5
RH,2026-06-16 19:20:43.780378+00:00,CALL,146.0,2026-06-18,21090,37,37,1,149.645,REPEATEDHITS,True,False,False,21090,0,2679023346.0,2,ASK,LONG,1.0
RH,2026-06-16 16:41:37.247677+00:00,PUT,157.5,2026-06-18,68623,73,73,43,148.18,REPEATEDHITS,False,False,False,0,68623,2679023346.0,2,BID,LONG,0.5
RH,2026-06-16 16:41:37.247677+00:00,PUT,162.5,2026-06-18,19660,14,29,0,148.605,REPEATEDHITSASCENDINGFILL,False,False,False,8460,11200,2679023346.0,2,BID,LONG,0.5
RH,2026-06-16 14:30:18.950273+00:00,PUT,110.0,2026-08-21,68470,334,344,43,152.15,REPEATEDHITS,False,False,False,0,68470,2679023346.0,66,BID,LONG,0.5
RH,2026-06-12 18:54:55.175064+00:00,PUT,120.0,2026-07-17,31024,188,218,136,155.6,REPEATEDHITSASCENDINGFILL,False,False,False,0,31024,2679023346.0,35,BID,LONG,0.5
RH,2026-06-12 17:35:23.053588+00:00,CALL,150.0,2026-07-31,113040,72,79,0,151.371,REPEATEDHITS,False,False,False,111470,1570,2679023346.0,49,ASK,LONG,1.0
RH,2026-06-12 16:32:42.439927+00:00,CALL,152.5,2026-06-26,20030,30,31,2,149.79,REPEATEDHITSDESCENDINGFILL,True,False,False,18070,1300,2679023346.0,14,ASK,LONG,1.0
RH,2026-06-12 16:32:42.439927+00:00,CALL,155.0,2026-06-26,23920,42,42,4,149.79,REPEATEDHITS,False,False,False,23920,0,2679023346.0,14,ASK,LONG,1.0
RH,2026-06-12 13:40:48.771037+00:00,PUT,147.0,2026-06-12,18815,103,109,30,152.51,REPEATEDHITSDESCENDINGFILL,False,False,False,17945,330,2679023346.0,0,ASK,SHORT,1.0
RH,2026-06-12 13:40:48.771037+00:00,PUT,148.0,2026-06-12,22265,105,109,42,152.51,REPEATEDHITSDESCENDINGFILL,False,False,False,19295,450,2679023346.0,0,ASK,SHORT,1.0
RH,2026-06-11 17:28:55.387115+00:00,CALL,167.5,2026-06-12,13600,40,48,21,150.28,REPEATEDHITS,False,False,False,13600,0,2679023346.0,1,ASK,LONG,1.0
RH,2026-06-10 16:27:54.944655+00:00,CALL,185.0,2026-11-20,12320,7,7,0,149.115,REPEATEDHITS,False,False,False,10560,0,2679023346.0,163,ASK,LONG,1.0
RH,2026-06-09 15:09:35.254918+00:00,CALL,140.0,2026-07-24,10750,5,6,1,148.35,REPEATEDHITS,True,False,False,2150,8600,2679023346.0,45,BID,SHORT,0.5
RH,2026-06-09 14:47:42.929071+00:00,PUT,152.5,2026-06-12,11430,9,12,1,149.42,REPEATEDHITS,True,False,False,11430,0,2679023346.0,3,ASK,SHORT,1.0
RH,2026-06-09 13:34:06.151632+00:00,CALL,170.0,2026-11-20,42370,19,19,13,149.385,REPEATEDHITS,False,False,False,4460,0,2679023346.0,164,ASK,LONG,1.0
RH,2026-06-08 19:58:18.463814+00:00,CALL,150.0,2026-11-20,32620,11,96,3,147.11,REPEATEDHITS,True,False,False,23710,2970,2679023346.0,165,ASK,LONG,1.0
RH,2026-06-08 19:58:18.463814+00:00,CALL,150.0,2026-11-20,62202,21,141,3,147.12,REPEATEDHITSASCENDINGFILL,True,False,False,62202,0,2679023346.0,165,ASK,LONG,1.0
RH,2026-06-08 17:24:42.402941+00:00,CALL,152.5,2026-06-12,14390,16,24,7,148.575,REPEATEDHITS,False,False,False,13500,890,2679023346.0,4,ASK,LONG,1.0
RH,2026-06-08 16:47:16.920945+00:00,PUT,135.0,2026-08-21,313742,255,307,49,150.14,REPEATEDHITSASCENDINGFILL,True,False,False,3750,309992,2679023346.0,74,BID,LONG,0.5
RH,2026-06-05 17:22:23.495114+00:00,CALL,149.0,2026-06-12,10668,11,11,8,145.725,REPEATEDHITS,False,False,False,10668,0,2679023346.0,7,ASK,LONG,1.0
RH,2026-06-05 16:53:29.055357+00:00,CALL,134.0,2026-06-18,44394,24,24,0,145.01,REPEATEDHITS,True,False,False,20354,24040,2679023346.0,13,BID,SHORT,0.5
RH,2026-06-05 15:04:02.764850+00:00,PUT,145.0,2026-07-24,28680,19,35,0,150.465,REPEATEDHITSASCENDINGFILL,False,False,False,9120,19560,2679023346.0,49,BID,LONG,0.5
RH,2026-06-04 13:47:27.010061+00:00,CALL,195.0,2026-06-12,35360,221,223,20,154.0,REPEATEDHITS,False,False,False,0,35360,2679023346.0,8,BID,SHORT,0.5
RH,2026-06-02 19:12:39.172088+00:00,CALL,157.5,2026-06-12,47699,40,41,3,155.81,REPEATEDHITSDESCENDINGFILL,False,False,False,47699,0,2679023346.0,10,ASK,LONG,1.0
RH,2026-06-01 18:52:38.686258+00:00,PUT,109.0,2026-06-12,26625,355,383,0,149.34,REPEATEDHITS,True,False,False,75,26550,2679023346.0,11,BID,LONG,0.5
RH,2026-06-01 17:30:03.093624+00:00,PUT,136.0,2026-06-18,18755,25,26,0,148.15,REPEATEDHITS,True,False,False,0,18755,2679023346.0,17,BID,LONG,0.5
RH,2026-06-01 15:22:18.568472+00:00,PUT,150.0,2026-08-21,563160,247,247,131,143.93,REPEATEDHITS,False,False,False,0,563160,2679023346.0,81,BID,LONG,0.5
RH,2026-05-28 19:13:35.096228+00:00,CALL,310.0,2027-06-17,10000,8,8,0,149.425,REPEATEDHITS,True,False,False,5000,5000,2679023346.0,385,MIXED,,0.0
RH,2026-05-28 13:39:46.871736+00:00,CALL,142.0,2026-06-26,56326,35,35,0,144.94,REPEATEDHITSASCENDINGFILL,False,False,False,56326,0,2679023346.0,29,ASK,LONG,1.0
RH,2026-05-22 17:31:48.238277+00:00,CALL,149.0,2026-05-29,21168,146,148,11,138.115,REPEATEDHITS,False,False,False,18413,2755,2679023346.0,7,ASK,LONG,1.0
RH,2026-05-22 16:53:51.548269+00:00,CALL,136.0,2026-05-29,32240,62,118,18,136.7125,REPEATEDHITS,True,False,False,7800,24440,2679023346.0,7,BID,SHORT,0.5
RH,2026-05-22 14:47:42.117992+00:00,PUT,95.0,2026-06-18,119160,1324,1356,209,137.055,REPEATEDHITS,False,False,False,0,119160,2679023346.0,27,BID,LONG,0.5
RH,2026-05-21 18:27:41.333652+00:00,CALL,144.0,2026-05-22,11092,80,191,10,141.1299,REPEATEDHITSASCENDINGFILL,False,False,False,0,11092,2679023346.0,1,BID,SHORT,0.5
RH,2026-05-21 17:47:57.707873+00:00,CALL,144.0,2026-05-22,10350,109,110,10,139.71,REPEATEDHITS,False,False,False,10350,0,2679023346.0,1,ASK,LONG,1.0
RH,2026-05-21 16:59:33.755132+00:00,CALL,135.0,2026-06-18,95160,78,341,70,133.66,REPEATEDHITS,False,False,False,0,95160,2679023346.0,28,BID,SHORT,0.5
RH,2026-05-21 15:42:15.306322+00:00,PUT,116.0,2026-06-12,12220,26,26,0,132.33,REPEATEDHITS,False,False,False,0,12220,2679023346.0,22,BID,LONG,0.5
RKLB,2026-06-24 17:23:13.235423+00:00,CALL,90.0,2026-06-26,63918,603,2749,154,85.25,REPEATEDHITS,True,False,False,0,63918,55050794169.0,2,BID,SHORT,0.5
RKLB,2026-06-24 14:22:29.571726+00:00,PUT,89.0,2026-06-26,234275,689,1151,627,87.8999,REPEATEDHITSASCENDINGFILL,False,False,False,0,234275,55050794169.0,2,BID,LONG,0.5
RKLB,2026-06-23 19:39:15.221672+00:00,CALL,195.0,2026-08-21,129000,1500,2530,779,95.73,REPEATEDHITS,False,False,False,129000,0,55050794169.0,59,ASK,LONG,1.0
RKLB,2026-06-23 19:33:56.216432+00:00,CALL,195.0,2026-08-21,87609,1007,1028,779,95.83,REPEATEDHITS,False,False,False,87609,0,55050794169.0,59,ASK,LONG,1.0
RKLB,2026-06-23 18:38:45.528848+00:00,CALL,120.0,2026-09-18,1644400,1704,1787,1392,96.11,REPEATEDHITSASCENDINGFILL,False,False,False,0,1644400,55050794169.0,87,BID,SHORT,0.5
RKLB,2026-06-23 16:21:57.714925+00:00,PUT,90.0,2026-10-16,1846507,1231,1258,351,97.59,REPEATEDHITSASCENDINGFILL,False,False,False,1505,1845002,55050794169.0,115,BID,LONG,0.5
RKLB,2026-06-22 18:36:56.748275+00:00,CALL,102.0,2026-06-26,180960,416,1267,81,101.71,REPEATEDHITS,False,False,False,180960,0,55050794169.0,4,ASK,LONG,1.0
RKLB,2026-06-22 17:58:32.872980+00:00,PUT,102.0,2026-06-26,401298,704,905,522,99.52,REPEATEDHITSASCENDINGFILL,False,False,False,0,401298,55050794169.0,4,BID,LONG,0.5
RKLB,2026-06-22 14:12:59.542200+00:00,PUT,96.0,2026-06-26,105637,392,635,233,99.75,REPEATEDHITSASCENDINGFILL,True,False,False,2992,102645,55050794169.0,4,BID,LONG,0.5
RKLB,2026-06-22 14:12:59.542200+00:00,PUT,97.0,2026-06-26,144456,466,520,381,99.78,REPEATEDHITS,False,False,False,144456,0,55050794169.0,4,ASK,SHORT,1.0
RKLB,2026-06-22 14:12:59.542200+00:00,PUT,94.0,2026-06-26,57444,284,449,208,99.75,REPEATEDHITS,True,False,False,49692,7752,55050794169.0,4,ASK,SHORT,1.0
RKLB,2026-06-18 16:34:24.993294+00:00,CALL,103.0,2026-06-18,57850,445,1413,157,103.445,REPEATEDHITS,False,False,False,57850,0,55050794169.0,0,ASK,LONG,1.0
RKLB,2026-06-18 13:58:46.840845+00:00,CALL,104.0,2026-06-18,83249,1003,1506,274,101.35,REPEATEDHITS,False,False,False,0,83249,55050794169.0,0,BID,SHORT,0.5
RKLB,2026-06-17 17:43:46.684467+00:00,PUT,112.0,2026-07-10,69870,60,121,51,109.578,REPEATEDHITSDESCENDINGFILL,False,False,False,14040,48840,55050794169.0,23,BID,LONG,0.5
RKLB,2026-06-17 13:45:07.575192+00:00,CALL,106.0,2026-06-18,629896,1235,6668,534,109.14,REPEATEDHITSASCENDINGFILL,False,False,False,0,629896,55050794169.0,1,BID,SHORT,0.5
RKLB,2026-06-16 18:18:26.727328+00:00,CALL,120.0,2026-07-31,102720,107,121,42,107.325,REPEATEDHITSDESCENDINGFILL,True,False,False,93116,9604,55050794169.0,45,ASK,LONG,1.0
RKLB,2026-06-16 16:30:31.947540+00:00,CALL,115.0,2026-09-18,523327,294,547,238,106.86,REPEATEDHITS,False,False,False,0,523327,55050794169.0,94,BID,SHORT,0.5
RKLB,2026-06-16 13:54:24.256823+00:00,CALL,190.0,2026-09-18,378004,840,840,185,104.23,REPEATEDHITS,True,False,False,0,378004,55050794169.0,94,BID,SHORT,0.5
RKLB,2026-06-15 16:18:52.974158+00:00,PUT,125.0,2026-07-24,56018,24,36,14,110.335,REPEATEDHITSASCENDINGFILL,True,False,False,32730,23288,55050794169.0,39,ASK,SHORT,1.0
RKLB,2026-06-12 19:29:53.553509+00:00,PUT,98.0,2026-06-18,119873,424,1067,17,104.66,REPEATEDHITSDESCENDINGFILL,True,False,False,79631,40242,55050794169.0,6,ASK,SHORT,1.0
RKLB,2026-06-12 17:42:32.711323+00:00,CALL,105.0,2026-06-12,81000,450,4158,333,105.555,REPEATEDHITS,False,False,False,0,81000,55050794169.0,0,BID,SHORT,0.5
RKLB,2026-06-12 16:12:19.231053+00:00,CALL,105.0,2026-06-26,392490,441,1156,99,103.225,REPEATEDHITS,False,False,False,0,392490,55050794169.0,14,BID,SHORT,0.5
RKLB,2026-06-12 15:06:51.983279+00:00,PUT,96.0,2026-06-18,268229,1000,2121,33,107.7,REPEATEDHITS,False,False,False,0,268229,55050794169.0,6,BID,LONG,0.5
RKLB,2026-06-12 14:43:06.999171+00:00,CALL,108.0,2026-06-12,81316,324,2856,213,105.45,REPEATEDHITSASCENDINGFILL,True,False,False,59127,22189,55050794169.0,0,ASK,LONG,1.0
RKLB,2026-06-12 14:42:27.130897+00:00,CALL,106.0,2026-06-12,220709,613,1333,242,106.6,REPEATEDHITSASCENDINGFILL,False,False,False,0,220709,55050794169.0,0,BID,SHORT,0.5
RKLB,2026-06-12 14:37:49.855499+00:00,CALL,108.0,2026-06-12,145597,399,1911,213,108.15,REPEATEDHITSDESCENDINGFILL,True,False,False,145597,0,55050794169.0,0,ASK,LONG,1.0
RKLB,2026-06-12 14:14:14.331187+00:00,PUT,96.0,2026-06-18,337808,1000,1077,33,105.645,REPEATEDHITSDESCENDINGFILL,False,False,False,337808,0,55050794169.0,6,ASK,SHORT,1.0
RKLB,2026-06-12 13:44:41.335043+00:00,CALL,110.0,2026-07-24,74569,50,61,31,106.675,REPEATEDHITSDESCENDINGFILL,False,False,False,74569,0,55050794169.0,42,ASK,LONG,1.0
RKLB,2026-06-10 18:32:04.332183+00:00,CALL,103.0,2026-06-12,184800,280,572,271,106.5,REPEATEDHITS,False,False,False,97020,0,55050794169.0,2,ASK,LONG,1.0
RKLB,2026-06-10 18:31:31.502370+00:00,PUT,106.0,2026-06-18,167625,225,282,45,106.62,REPEATEDHITS,False,False,False,0,163900,55050794169.0,8,BID,LONG,0.5
RKLB,2026-06-10 15:27:57.331052+00:00,CALL,140.0,2026-07-17,2068855,4030,4068,2053,107.26,REPEATEDHITSDESCENDINGFILL,True,False,False,159910,1766535,55050794169.0,37,BID,SHORT,0.5
RKLB,2026-06-10 15:03:17.924423+00:00,PUT,92.0,2026-06-18,107502,500,829,0,106.9599,REPEATEDHITS,False,False,False,0,107070,55050794169.0,8,BID,LONG,0.5
RKLB,2026-06-10 14:50:08.786019+00:00,CALL,110.0,2026-07-10,95992,83,86,33,106.85,REPEATEDHITSASCENDINGFILL,False,False,False,0,95992,55050794169.0,30,BID,SHORT,0.5
RKLB,2026-06-10 14:23:41.729770+00:00,PUT,101.0,2026-06-18,343090,754,761,19,108.49,REPEATEDHITSASCENDINGFILL,False,False,False,0,343090,55050794169.0,8,BID,LONG,0.5
RKLB,2026-06-09 19:13:38.024678+00:00,CALL,103.0,2026-06-12,149872,200,654,9,107.4,REPEATEDHITSASCENDINGFILL,False,False,False,0,20122,55050794169.0,3,BID,SHORT,0.5
RKLB,2026-06-09 17:39:40.913489+00:00,CALL,103.0,2026-06-18,94500,90,194,0,107.43,REPEATEDHITS,False,False,False,0,94500,55050794169.0,9,BID,SHORT,0.5
RKLB,2026-06-09 14:00:55.750471+00:00,CALL,112.0,2026-07-24,228375,145,190,108,113.655,REPEATEDHITS,False,False,False,0,228375,55050794169.0,45,BID,SHORT,0.5
RKLB,2026-06-09 13:30:44.941066+00:00,CALL,125.0,2026-06-26,608000,800,800,442,118.405,REPEATEDHITS,True,False,False,0,608000,55050794169.0,17,BID,SHORT,0.5
RKLB,2026-06-08 15:38:35.413808+00:00,CALL,190.0,2026-07-17,130711,699,699,167,115.285,REPEATEDHITS,False,False,False,113696,17015,55050794169.0,39,ASK,LONG,1.0
RKLB,2026-06-08 14:41:46.088397+00:00,CALL,113.0,2026-06-26,121200,101,110,12,114.64,REPEATEDHITS,False,False,False,1200,120000,55050794169.0,18,BID,SHORT,0.5
RKLB,2026-06-08 14:31:26.129528+00:00,PUT,110.0,2026-07-24,58015,41,41,8,113.85,REPEATEDHITS,False,False,False,7075,50940,55050794169.0,46,BID,LONG,0.5
RKLB,2026-06-05 19:58:16.794698+00:00,CALL,109.0,2026-06-26,313360,271,295,43,110.05,REPEATEDHITSASCENDINGFILL,False,False,False,196885,116475,55050794169.0,21,ASK,LONG,1.0
RKLB,2026-06-05 18:38:24.749226+00:00,PUT,75.0,2026-09-18,355740,484,497,191,107.55,REPEATEDHITS,False,False,False,355740,0,55050794169.0,105,ASK,SHORT,1.0
RKLB,2026-06-05 18:13:55.931433+00:00,PUT,108.0,2026-06-12,271825,415,516,87,108.34,REPEATEDHITS,False,False,False,0,271825,55050794169.0,7,BID,LONG,0.5
RKLB,2026-06-05 18:13:55.931433+00:00,PUT,109.0,2026-06-12,921580,1298,1583,132,108.34,REPEATEDHITS,False,False,False,0,921580,55050794169.0,7,BID,LONG,0.5
RKLB,2026-06-05 18:13:55.931433+00:00,PUT,99.0,2026-06-12,187695,645,792,173,108.34,REPEATEDHITS,False,False,False,0,187695,55050794169.0,7,BID,LONG,0.5
RKLB,2026-06-05 17:02:59.982697+00:00,CALL,126.0,2026-06-18,412290,970,988,232,110.34,REPEATEDHITSASCENDINGFILL,False,False,False,0,412290,55050794169.0,13,BID,SHORT,0.5
RKLB,2026-06-05 16:44:27.771172+00:00,PUT,90.0,2026-09-18,1050837,821,1673,255,109.57,REPEATEDHITSDESCENDINGFILL,False,False,False,1050837,0,55050794169.0,105,ASK,SHORT,1.0
RKLB,2026-06-05 16:16:49.174908+00:00,PUT,90.0,2026-09-18,981713,808,837,255,111.4101,REPEATEDHITS,False,False,False,981713,0,55050794169.0,105,ASK,SHORT,1.0
RKLB,2026-06-04 17:28:29.586736+00:00,CALL,121.0,2026-06-18,81725,78,353,61,120.74,REPEATEDHITSDESCENDINGFILL,True,False,False,52465,16720,55050794169.0,14,ASK,LONG,1.0
RLMD,2026-06-24 18:26:03.390613+00:00,CALL,7.5,2026-07-17,20026,1000,1086,674,6.675,REPEATEDHITSASCENDINGFILL,True,False,False,0,20026,710106810.0,23,BID,SHORT,0.5
RLMD,2026-06-22 14:10:30.541414+00:00,CALL,7.5,2027-02-19,57806,289,290,0,6.99,REPEATEDHITS,False,False,False,0,57806,710106810.0,242,BID,SHORT,0.5
RLMD,2026-06-22 14:10:13.111482+00:00,CALL,7.5,2026-07-17,27836,618,644,32,7.0,REPEATEDHITSASCENDINGFILL,True,False,False,450,27386,710106810.0,25,BID,SHORT,0.5
RLMD,2026-05-21 14:46:25.065431+00:00,CALL,10.0,2026-08-21,22505,500,500,267,7.125,REPEATEDHITS,True,False,False,0,22505,710106810.0,92,BID,SHORT,0.5
RLMD,2026-05-19 18:58:36.071559+00:00,CALL,7.5,2026-06-18,20041,500,519,472,6.87,REPEATEDHITSASCENDINGFILL,True,False,False,0,20041,710106810.0,30,BID,SHORT,0.5
RLMD,2026-05-18 14:13:18.134341+00:00,CALL,7.5,2026-11-20,17024,100,100,89,6.9174,REPEATEDHITSDESCENDINGFILL,False,False,False,0,17024,710106810.0,186,BID,SHORT,0.5
RLMD,2026-05-15 16:26:38.593879+00:00,CALL,7.5,2026-06-18,17602,352,356,54,7.0,REPEATEDHITS,True,False,False,9100,8502,710106810.0,34,ASK,LONG,1.0
ROKU,2026-06-24 17:47:48.866417+00:00,CALL,148.0,2026-07-17,10989,297,1298,0,136.4,REPEATEDHITS,True,False,False,10989,0,17696191959.0,23,ASK,LONG,1.0
ROKU,2026-06-24 17:45:43.504736+00:00,CALL,148.0,2026-07-17,12390,354,902,0,136.355,REPEATEDHITS,True,False,False,9555,2835,17696191959.0,23,ASK,LONG,1.0
ROKU,2026-06-24 17:29:03.534991+00:00,CALL,137.0,2026-07-10,12780,60,72,8,136.57,REPEATEDHITSDESCENDINGFILL,True,False,False,6630,6150,17696191959.0,16,ASK,LONG,1.0
ROKU,2026-06-22 14:24:48.953778+00:00,CALL,118.0,2026-07-10,32555,17,17,0,137.0,REPEATEDHITS,True,False,False,0,32555,17696191959.0,18,BID,SHORT,0.5
ROKU,2026-06-18 16:55:03.297201+00:00,CALL,140.0,2026-10-16,26425,35,73,24,138.95,REPEATEDHITS,False,False,False,0,26425,17696191959.0,120,BID,SHORT,0.5
ROKU,2026-06-16 17:06:43.329976+00:00,PUT,130.0,2026-12-18,13500,30,30,2,139.07,REPEATEDHITS,False,False,False,1350,12150,17696191959.0,185,BID,LONG,0.5
ROKU,2026-06-16 14:50:08.716350+00:00,PUT,134.0,2026-07-24,26125,105,117,0,138.9325,REPEATEDHITS,False,False,False,12625,13500,17696191959.0,38,BID,LONG,0.5
ROKU,2026-06-15 17:28:07.782053+00:00,PUT,141.0,2026-07-24,46250,125,126,0,142.35,REPEATEDHITS,True,False,False,0,46250,17696191959.0,39,BID,LONG,0.5
ROKU,2026-06-15 17:07:54.289330+00:00,PUT,140.0,2026-07-17,27264,96,128,18,142.48,REPEATEDHITS,False,False,False,27264,0,17696191959.0,32,ASK,SHORT,1.0
ROKU,2026-06-15 15:12:32.586111+00:00,CALL,142.0,2026-06-18,82250,350,992,36,143.35,REPEATEDHITS,True,False,False,82250,0,17696191959.0,3,ASK,LONG,1.0
ROKU,2026-06-15 14:58:23.308649+00:00,CALL,135.0,2026-07-17,740700,823,1075,759,142.19,REPEATEDHITS,False,False,False,0,740700,17696191959.0,32,BID,SHORT,0.5
ROKU,2026-06-12 19:59:36.955695+00:00,CALL,145.0,2026-07-31,14340,12,27,0,143.38,REPEATEDHITS,False,False,False,0,0,17696191959.0,49,MIXED,,0.0
ROKU,2026-06-12 19:58:02.820174+00:00,CALL,128.0,2026-06-12,313035,204,1099,80,143.365,REPEATEDHITSASCENDINGFILL,False,False,False,101510,3080,17696191959.0,0,ASK,LONG,1.0
ROKU,2026-06-12 19:56:50.516578+00:00,CALL,127.0,2026-06-12,380320,241,592,140,143.24,REPEATEDHITSASCENDINGFILL,True,False,False,150510,100945,17696191959.0,0,ASK,LONG,1.0
ROKU,2026-06-12 19:56:10.431031+00:00,CALL,126.0,2026-06-12,331200,192,3466,52,143.58,REPEATEDHITS,False,False,False,331200,0,17696191959.0,0,ASK,LONG,1.0
ROKU,2026-06-12 19:56:10.431031+00:00,CALL,126.0,2026-06-12,1074295,625,3274,52,143.435,REPEATEDHITSASCENDINGFILL,True,False,False,1074295,0,17696191959.0,0,ASK,LONG,1.0
ROKU,2026-06-12 19:56:05.023376+00:00,CALL,126.0,2026-06-12,533280,303,2649,52,143.64,REPEATEDHITS,False,False,False,533280,0,17696191959.0,0,ASK,LONG,1.0
ROKU,2026-06-12 19:56:03.219832+00:00,CALL,126.0,2026-06-12,665405,377,2346,52,143.62,REPEATEDHITS,False,False,False,665405,0,17696191959.0,0,ASK,LONG,1.0
ROKU,2026-06-12 19:56:00.009124+00:00,CALL,126.0,2026-06-12,299130,169,1921,52,143.66,REPEATEDHITS,True,False,False,299130,0,17696191959.0,0,ASK,LONG,1.0
ROKU,2026-06-12 19:55:44.975436+00:00,CALL,125.0,2026-06-12,699200,380,3351,258,143.64,REPEATEDHITS,True,False,False,677120,22080,17696191959.0,0,ASK,LONG,1.0
ROKU,2026-06-12 19:55:43.969441+00:00,CALL,125.0,2026-06-12,2440515,1298,2516,258,144.03,REPEATEDHITSASCENDINGFILL,True,False,False,1297310,0,17696191959.0,0,ASK,LONG,1.0
ROKU,2026-06-12 19:55:43.969441+00:00,CALL,125.0,2026-06-12,859250,455,2971,258,144.08,REPEATEDHITSASCENDINGFILL,False,False,False,345305,50895,17696191959.0,0,ASK,LONG,1.0
ROKU,2026-06-12 19:55:39.149148+00:00,CALL,125.0,2026-06-12,1097150,567,1218,258,144.405,REPEATEDHITS,False,False,False,121910,0,17696191959.0,0,ASK,LONG,1.0
ROKU,2026-06-12 19:46:02.990688+00:00,CALL,128.0,2026-06-12,220379,133,828,80,145.655,REPEATEDHITSASCENDINGFILL,True,False,False,0,217059,17696191959.0,0,BID,SHORT,0.5
ROKU,2026-06-12 19:34:42.972314+00:00,CALL,155.0,2026-06-18,60858,252,409,224,144.99,REPEATEDHITSASCENDINGFILL,False,False,False,20522,7016,17696191959.0,6,ASK,LONG,1.0
ROKU,2026-06-12 19:29:07.469913+00:00,CALL,170.0,2027-03-19,13650,13,104,3,148.48,REPEATEDHITS,False,False,False,0,13650,17696191959.0,280,BID,SHORT,0.5
ROKU,2026-06-12 19:27:15.729622+00:00,CALL,144.0,2026-07-10,10000,10,10,0,145.68,REPEATEDHITS,False,False,False,0,10000,17696191959.0,28,BID,SHORT,0.5
ROKU,2026-06-12 19:25:28.993905+00:00,CALL,170.0,2027-03-19,11770,15,91,3,143.555,REPEATEDHITSASCENDINGFILL,True,False,False,6260,5510,17696191959.0,280,ASK,LONG,1.0
ROKU,2026-06-12 19:18:11.071534+00:00,PUT,160.0,2026-12-18,27270,9,9,0,140.635,REPEATEDHITS,False,False,False,0,27270,17696191959.0,189,BID,LONG,0.5
ROKU,2026-06-12 19:18:11.071534+00:00,PUT,160.0,2027-01-15,118490,38,38,2,140.635,REPEATEDHITS,False,False,False,31270,87220,17696191959.0,217,BID,LONG,0.5
ROKU,2026-06-12 19:15:25.025787+00:00,CALL,145.0,2028-12-15,46950,10,10,2,142.4901,REPEATEDHITS,False,False,False,0,46950,17696191959.0,917,BID,SHORT,0.5
ROKU,2026-06-12 19:15:25.025787+00:00,CALL,140.0,2028-12-15,34300,7,7,6,142.4901,REPEATEDHITS,False,False,False,0,34300,17696191959.0,917,BID,SHORT,0.5
ROKU,2026-06-12 19:06:20.905942+00:00,CALL,170.0,2027-03-19,74250,55,75,3,134.48,REPEATEDHITS,False,False,False,0,74250,17696191959.0,280,BID,SHORT,0.5
ROKU,2026-06-12 19:06:20.905942+00:00,CALL,180.0,2027-06-17,39153,27,77,25,134.48,REPEATEDHITS,False,False,False,0,39153,17696191959.0,370,BID,SHORT,0.5
ROKU,2026-06-12 18:44:57.567420+00:00,CALL,170.0,2026-06-26,10026,68,136,0,131.51,REPEATEDHITSASCENDINGFILL,True,False,False,8606,1420,17696191959.0,14,ASK,LONG,1.0
ROKU,2026-06-12 18:30:53.073618+00:00,CALL,170.0,2028-01-21,72000,30,160,4,131.505,REPEATEDHITS,True,False,False,0,72000,17696191959.0,588,BID,SHORT,0.5
ROKU,2026-06-12 18:24:10.989957+00:00,CALL,185.0,2028-12-15,75001,25,35,0,130.58,REPEATEDHITS,False,False,False,0,75001,17696191959.0,917,BID,SHORT,0.5
ROKU,2026-06-12 18:20:25.084619+00:00,PUT,124.0,2026-06-18,200670,540,563,49,129.94,REPEATEDHITSASCENDINGFILL,False,False,False,156750,43920,17696191959.0,6,ASK,SHORT,1.0
ROKU,2026-06-12 18:20:25.084619+00:00,PUT,125.0,2026-06-18,301017,721,904,559,129.94,REPEATEDHITSASCENDINGFILL,False,False,False,252000,49017,17696191959.0,6,ASK,SHORT,1.0
ROKU,2026-06-12 18:20:25.084619+00:00,PUT,126.0,2026-06-18,194790,426,426,55,129.94,REPEATEDHITSASCENDINGFILL,False,False,False,160080,34710,17696191959.0,6,ASK,SHORT,1.0
ROKU,2026-06-12 18:12:17.900970+00:00,CALL,135.0,2026-06-26,53675,113,497,10,128.26,REPEATEDHITS,False,False,False,53675,0,17696191959.0,14,ASK,LONG,1.0
ROKU,2026-06-12 18:06:46.888065+00:00,CALL,135.0,2026-06-26,25785,60,383,10,127.785,REPEATEDHITSDESCENDINGFILL,False,False,False,24935,425,17696191959.0,14,ASK,LONG,1.0
ROKU,2026-06-12 18:06:28.862373+00:00,CALL,185.0,2027-06-17,76500,60,60,1,127.92,REPEATEDHITS,False,False,False,3825,72675,17696191959.0,370,BID,SHORT,0.5
ROKU,2026-06-12 18:06:28.862373+00:00,CALL,190.0,2028-12-15,263907,91,126,27,127.98,REPEATEDHITSASCENDINGFILL,False,False,False,2905,261002,17696191959.0,917,BID,SHORT,0.5
ROKU,2026-06-12 18:06:28.862373+00:00,CALL,170.0,2027-06-17,22415,14,14,2,127.98,REPEATEDHITS,False,False,False,1615,20800,17696191959.0,370,BID,SHORT,0.5
ROKU,2026-06-12 18:06:28.862373+00:00,CALL,180.0,2027-06-17,67545,50,50,25,127.98,REPEATEDHITSASCENDINGFILL,False,False,False,6795,60750,17696191959.0,370,BID,SHORT,0.5
ROKU,2026-06-12 18:06:28.862373+00:00,CALL,175.0,2027-06-17,82651,57,57,4,127.98,REPEATEDHITS,False,False,False,0,82651,17696191959.0,370,BID,SHORT,0.5
ROKU,2026-06-12 18:06:10.838818+00:00,CALL,135.0,2026-06-26,18480,44,316,10,127.995,REPEATEDHITS,False,False,False,0,11760,17696191959.0,14,BID,SHORT,0.5
ROKU,2026-06-12 17:58:15.335754+00:00,CALL,135.0,2026-06-26,30000,100,208,10,128.4,REPEATEDHITS,False,False,False,6900,0,17696191959.0,14,ASK,LONG,1.0
ROKU,2026-06-12 17:48:57.108191+00:00,CALL,132.0,2026-06-26,37720,82,88,28,127.38,REPEATEDHITS,False,False,False,0,37720,17696191959.0,14,BID,SHORT,0.5
SBAC,2026-06-18 13:52:42.525979+00:00,PUT,175.0,2026-07-17,13940,68,296,53,189.85,REPEATEDHITS,False,False,False,13940,0,20108487393.0,29,ASK,SHORT,1.0
SBAC,2026-06-18 13:47:05.750096+00:00,PUT,175.0,2026-07-17,41205,201,221,53,190.15,REPEATEDHITS,False,False,False,0,41205,20108487393.0,29,BID,LONG,0.5
SBAC,2026-06-15 17:49:50.698821+00:00,CALL,200.0,2026-07-17,18720,26,32,8,194.86,REPEATEDHITS,False,False,False,18720,0,20108487393.0,32,ASK,LONG,1.0
SBAC,2026-06-15 14:47:53.247463+00:00,CALL,180.0,2026-06-18,26460,14,14,3,199.695,REPEATEDHITS,False,False,False,0,26460,20108487393.0,3,BID,SHORT,0.5
SBAC,2026-06-15 14:47:53.247463+00:00,CALL,175.0,2026-06-18,30680,13,13,0,199.695,REPEATEDHITS,False,False,False,0,30680,20108487393.0,3,BID,SHORT,0.5
SBAC,2026-05-13 14:20:02.121776+00:00,CALL,200.0,2026-05-15,46796,78,156,74,201.89,REPEATEDHITSDESCENDINGFILL,True,False,False,44996,0,20108487393.0,2,ASK,LONG,1.0
SBET,2026-06-24 17:44:16.789730+00:00,PUT,5.0,2026-07-24,10920,168,200,45,4.675,REPEATEDHITS,True,False,False,10920,0,979154661.0,30,ASK,SHORT,1.0
SBET,2026-06-24 14:07:06.684777+00:00,PUT,3.0,2026-09-18,15834,1218,1218,1,4.8035,REPEATEDHITS,False,False,False,15834,0,979154661.0,86,ASK,SHORT,1.0
SBET,2026-06-24 13:57:53.950313+00:00,PUT,3.0,2027-01-15,118464,3702,4000,3624,4.845,REPEATEDHITS,False,False,False,118464,0,979154661.0,205,ASK,SHORT,1.0
SBET,2026-06-22 18:43:30.963482+00:00,CALL,13.0,2026-10-16,19000,1000,1159,383,5.465,REPEATEDHITS,True,False,False,0,19000,979154661.0,116,BID,SHORT,0.5
SBET,2026-06-22 15:17:27.139515+00:00,CALL,7.5,2026-07-24,11052,921,923,132,5.455,REPEATEDHITS,True,False,False,420,10632,979154661.0,32,BID,SHORT,0.5
SBET,2026-06-15 17:47:05.727050+00:00,CALL,12.0,2027-01-15,32500,500,505,29,5.9899,REPEATEDHITS,False,False,False,32500,0,979154661.0,214,ASK,LONG,1.0
SBET,2026-06-15 15:16:59.646920+00:00,CALL,5.5,2026-06-26,19630,302,669,280,6.015,REPEATEDHITS,False,False,False,0,19630,979154661.0,11,BID,SHORT,0.5
SBET,2026-06-08 18:03:19.377894+00:00,CALL,5.5,2026-07-02,15012,278,279,90,5.525,REPEATEDHITS,False,False,False,15012,0,979154661.0,24,ASK,LONG,1.0
SBET,2026-06-08 15:12:58.946660+00:00,PUT,4.0,2026-10-16,14060,380,621,37,5.6499,REPEATEDHITS,False,False,False,0,14060,979154661.0,130,BID,LONG,0.5
SBET,2026-06-05 17:57:23.025494+00:00,PUT,5.0,2026-06-26,12800,400,3291,113,5.185,REPEATEDHITS,False,False,False,0,12800,979154661.0,21,BID,LONG,0.5
SBET,2026-06-05 15:01:04.663406+00:00,PUT,5.5,2026-06-18,24600,492,513,448,5.225,REPEATEDHITS,False,False,False,0,24600,979154661.0,13,BID,LONG,0.5
SBET,2026-05-29 15:32:12.668604+00:00,CALL,6.5,2026-06-05,59661,2841,3092,2673,6.27,REPEATEDHITS,False,False,False,59661,0,979154661.0,7,ASK,LONG,1.0
SBET,2026-05-28 18:14:18.226927+00:00,CALL,6.5,2026-06-18,22432,701,1423,80,6.1219,REPEATEDHITS,False,False,False,32,22400,979154661.0,21,BID,SHORT,0.5
SBET,2026-05-28 18:14:08.208637+00:00,CALL,6.5,2026-06-18,22400,700,722,80,6.14,REPEATEDHITS,False,False,False,0,22400,979154661.0,21,BID,SHORT,0.5
SBET,2026-05-26 15:05:33.656289+00:00,CALL,13.0,2026-07-17,16983,1887,1992,1063,6.345,REPEATEDHITS,False,False,False,0,16983,979154661.0,52,BID,SHORT,0.5
SBET,2026-05-18 18:35:05.750581+00:00,CALL,7.0,2026-06-12,27000,1000,1039,487,6.205,REPEATEDHITS,False,False,False,0,27000,979154661.0,25,BID,SHORT,0.5
SBET,2026-05-14 15:38:40.790850+00:00,CALL,8.0,2026-05-29,28405,1235,1300,813,7.22,REPEATEDHITS,False,False,False,2346,26059,979154661.0,15,BID,SHORT,0.5
SBET,2026-05-14 14:05:39.711313+00:00,CALL,7.0,2026-06-18,63474,894,894,795,6.925,REPEATEDHITS,False,False,False,0,63474,979154661.0,35,BID,SHORT,0.5
SBET,2026-05-13 14:34:40.773719+00:00,CALL,7.0,2026-05-22,60534,1376,1384,189,7.085,REPEATEDHITS,False,False,False,430,57068,979154661.0,9,BID,SHORT,0.5
SBET,2026-05-11 19:20:49.607804+00:00,PUT,4.0,2027-01-15,24081,602,653,160,7.885,REPEATEDHITS,False,False,False,24081,0,979154661.0,249,ASK,SHORT,1.0
SBET,2026-05-11 14:31:25.684950+00:00,PUT,7.0,2026-05-22,31220,1561,4599,113,7.58,REPEATEDHITS,False,False,False,0,31220,979154661.0,11,BID,LONG,0.5
SBET,2026-05-11 14:28:46.969582+00:00,PUT,7.0,2026-05-22,18340,917,1737,113,7.605,REPEATEDHITS,False,False,False,0,18340,979154661.0,11,BID,LONG,0.5
SBET,2026-05-08 14:26:03.451146+00:00,CALL,25.0,2027-01-15,940000,20000,20000,3295,7.38,LOWHISTORICVOLUMEFLOOR,False,True,False,0,940000,979154661.0,252,BID,SHORT,0.5
SBET,2026-05-08 14:25:11.936858+00:00,CALL,18.0,2027-01-15,221854,3310,3313,2726,7.37,REPEATEDHITS,True,False,False,219579,2275,979154661.0,252,ASK,LONG,1.0
SBET,2026-05-01 18:00:11.603189+00:00,CALL,8.0,2026-06-12,15015,231,246,0,7.28,REPEATEDHITS,True,False,False,14950,0,979154661.0,42,ASK,LONG,1.0
SBET,2026-04-30 14:01:00.701808+00:00,CALL,10.0,2026-06-18,139140,4638,4638,1323,7.165,REPEATEDHITS,False,False,False,210,138930,979154661.0,49,BID,SHORT,0.5
SBET,2026-04-28 14:41:02.835043+00:00,CALL,9.0,2026-05-15,30420,2028,2042,1873,6.9527,REPEATEDHITS,False,False,False,0,29820,979154661.0,17,BID,SHORT,0.5
SBET,2026-04-27 15:21:48.228672+00:00,PUT,8.0,2026-10-16,113566,507,573,175,7.22,REPEATEDHITSASCENDINGFILL,False,False,False,103264,10080,979154661.0,172,ASK,SHORT,1.0
SBET,2026-04-27 14:18:59.157228+00:00,PUT,7.0,2027-01-15,104286,546,546,122,7.285,REPEATEDHITS,False,False,False,104286,0,979154661.0,263,ASK,SHORT,1.0
SGI,2026-06-18 19:42:53.314274+00:00,PUT,60.0,2026-09-18,39240,218,222,7,75.09,REPEATEDHITS,False,False,False,3780,35460,15533655082.0,92,BID,LONG,0.5
SGI,2026-06-11 19:01:22.855091+00:00,PUT,70.0,2026-08-21,243062,434,434,48,71.34,REPEATEDHITSASCENDINGFILL,False,False,False,0,243062,15533655082.0,71,BID,LONG,0.5
SGI,2026-06-09 19:18:55.403891+00:00,CALL,75.0,2026-07-17,80299,292,5059,14,71.06,REPEATEDHITS,False,False,False,73149,275,15533655082.0,38,ASK,LONG,1.0
SGI,2026-05-29 15:18:47.575559+00:00,PUT,75.0,2026-08-21,63840,76,76,18,71.77,REPEATEDHITS,False,False,False,63840,0,15533655082.0,84,ASK,SHORT,1.0
SGI,2026-05-26 15:08:18.085632+00:00,PUT,65.0,2026-07-17,358009,1053,1642,6,68.59,REPEATEDHITS,False,False,False,346789,2720,15533655082.0,52,ASK,SHORT,1.0
SGI,2026-05-26 15:04:44.384552+00:00,PUT,65.0,2026-07-17,179479,579,579,6,68.99,REPEATEDHITS,False,False,False,179479,0,15533655082.0,52,ASK,SHORT,1.0
SGI,2026-05-20 14:10:38.862264+00:00,CALL,75.0,2026-09-18,29150,110,2022,27,61.335,REPEATEDHITS,False,False,False,0,29150,15533655082.0,121,BID,SHORT,0.5
SGI,2026-05-20 13:57:23.700408+00:00,CALL,75.0,2026-09-18,12040,43,1731,27,61.81,REPEATEDHITS,False,False,False,0,2520,15533655082.0,121,BID,SHORT,0.5
SGI,2026-05-20 13:57:23.700408+00:00,CALL,75.0,2026-09-18,50680,181,1912,27,61.81,REPEATEDHITS,True,False,False,0,50680,15533655082.0,121,BID,SHORT,0.5
SGI,2026-05-20 13:55:18.355113+00:00,CALL,75.0,2026-09-18,24840,92,1648,27,61.49,REPEATEDHITS,True,False,False,0,0,15533655082.0,121,MIXED,,0.0
SGI,2026-05-20 13:51:59.634374+00:00,CALL,75.0,2026-09-18,37630,142,1443,27,61.3,REPEATEDHITS,False,False,False,0,37630,15533655082.0,121,BID,SHORT,0.5
SGI,2026-05-20 13:51:51.205925+00:00,CALL,75.0,2026-09-18,15370,58,989,27,61.3,REPEATEDHITS,False,False,False,0,15370,15533655082.0,121,BID,SHORT,0.5
SGI,2026-05-20 13:51:51.205925+00:00,CALL,75.0,2026-09-18,64130,242,1231,27,61.3,REPEATEDHITS,False,False,False,0,64130,15533655082.0,121,BID,SHORT,0.5
SGI,2026-05-20 13:51:43.978600+00:00,CALL,75.0,2026-09-18,10865,41,778,27,61.305,REPEATEDHITS,False,False,False,0,10865,15533655082.0,121,BID,SHORT,0.5
SGI,2026-05-20 13:51:37.361660+00:00,CALL,75.0,2026-09-18,14840,56,737,27,61.305,REPEATEDHITS,False,False,False,0,14840,15533655082.0,121,BID,SHORT,0.5
SGI,2026-05-20 13:51:17.033381+00:00,CALL,75.0,2026-09-18,26500,100,681,27,61.27,REPEATEDHITS,False,False,False,0,26500,15533655082.0,121,BID,SHORT,0.5
SGI,2026-05-20 13:51:02.940063+00:00,CALL,75.0,2026-09-18,10865,41,571,27,61.165,REPEATEDHITS,False,False,False,0,2385,15533655082.0,121,BID,SHORT,0.5
SGI,2026-05-20 13:49:54.998841+00:00,CALL,75.0,2026-09-18,13780,53,530,27,61.215,REPEATEDHITS,False,False,False,2340,8320,15533655082.0,121,BID,SHORT,0.5
SGI,2026-05-20 13:49:48.969555+00:00,CALL,75.0,2026-09-18,39520,152,402,27,61.215,REPEATEDHITS,True,False,False,0,39520,15533655082.0,121,BID,SHORT,0.5
SGI,2026-05-20 13:49:39.329850+00:00,CALL,75.0,2026-09-18,53560,206,250,27,61.24,REPEATEDHITS,False,False,False,0,11700,15533655082.0,121,BID,SHORT,0.5
SGI,2026-05-20 13:49:30.887398+00:00,CALL,75.0,2026-09-18,11220,44,44,27,61.24,REPEATEDHITS,False,False,False,0,11220,15533655082.0,121,BID,SHORT,0.5
SGI,2026-05-12 19:34:01.033038+00:00,CALL,75.0,2026-08-21,28710,87,3779,10,65.61,REPEATEDHITS,False,False,False,28710,0,15533655082.0,101,ASK,LONG,1.0
SGI,2026-05-12 19:28:19.302133+00:00,CALL,75.0,2026-08-21,56430,171,3433,10,65.65,REPEATEDHITS,False,False,False,56430,0,15533655082.0,101,ASK,LONG,1.0
SGI,2026-05-12 18:25:47.193229+00:00,CALL,75.0,2026-08-21,49299,145,2696,10,66.03,REPEATEDHITS,False,False,False,49299,0,15533655082.0,101,ASK,LONG,1.0
SGI,2026-05-12 18:03:15.128634+00:00,CALL,75.0,2026-08-21,371962,1113,1113,10,65.91,REPEATEDHITSASCENDINGFILL,False,False,False,365692,6270,15533655082.0,101,ASK,LONG,1.0
SGI,2026-05-12 14:39:23.510230+00:00,PUT,65.0,2026-06-18,1310199,3749,4001,79,65.245,REPEATEDHITSASCENDINGFILL,False,False,False,1310199,0,15533655082.0,37,ASK,SHORT,1.0
SGI,2026-05-08 15:33:03.117085+00:00,PUT,65.0,2026-05-15,10950,219,559,7,68.71,REPEATEDHITS,False,False,False,10950,0,15533655082.0,7,ASK,SHORT,1.0
SGI,2026-05-08 15:32:47.694135+00:00,PUT,65.0,2026-05-15,10537,211,262,7,68.815,REPEATEDHITSDESCENDINGFILL,False,False,False,10537,0,15533655082.0,7,ASK,SHORT,1.0
SGI,2026-05-01 18:15:23.800616+00:00,CALL,85.0,2026-06-18,163619,909,23536,484,75.25,REPEATEDHITS,True,False,False,10440,719,15533655082.0,48,ASK,LONG,1.0
SGI,2026-04-29 17:42:44.247827+00:00,CALL,85.0,2026-08-21,1950000,5000,5000,4,75.66,LOWHISTORICVOLUMEFLOOR,False,True,True,1950000,0,15533655082.0,114,ASK,LONG,1.0
SLV,2026-06-24 18:43:21.590886+00:00,CALL,100.0,2026-12-18,93220,1180,10591,207,51.4,REPEATEDHITS,False,False,False,0,93220,38529495748.0,177,BID,SHORT,0.5
SLV,2026-06-24 18:38:51.265074+00:00,CALL,100.0,2026-12-18,79996,1000,9407,207,51.455,REPEATEDHITS,False,False,False,79996,0,38529495748.0,177,ASK,LONG,1.0
SLV,2026-06-24 18:34:28.387591+00:00,CALL,100.0,2026-12-18,62900,769,8376,207,51.615,REPEATEDHITSDESCENDINGFILL,False,False,False,60030,2870,38529495748.0,177,ASK,LONG,1.0
SLV,2026-06-24 18:24:42.649768+00:00,CALL,53.5,2026-07-24,60480,280,523,68,51.44,REPEATEDHITS,True,False,False,0,60480,38529495748.0,30,BID,SHORT,0.5
SLV,2026-06-24 18:24:42.649768+00:00,CALL,53.0,2026-07-24,23089,97,296,45,51.44,REPEATEDHITSASCENDINGFILL,True,False,False,238,22851,38529495748.0,30,BID,SHORT,0.5
SLV,2026-06-24 18:18:46.120918+00:00,CALL,50.0,2026-12-18,24750,33,3840,28,51.305,REPEATEDHITS,False,False,False,0,24750,38529495748.0,177,BID,SHORT,0.5
SLV,2026-06-24 18:18:14.869397+00:00,CALL,50.0,2026-12-18,49075,65,3803,28,51.3,REPEATEDHITS,False,False,False,0,49075,38529495748.0,177,BID,SHORT,0.5
SLV,2026-06-24 18:16:39.957063+00:00,CALL,51.0,2026-08-21,11000,25,286,2,51.375,REPEATEDHITS,True,False,False,0,11000,38529495748.0,58,BID,SHORT,0.5
SLV,2026-06-24 18:16:38.153085+00:00,CALL,51.0,2026-08-21,15840,36,216,2,51.3599,REPEATEDHITS,True,False,False,0,15840,38529495748.0,58,BID,SHORT,0.5
SLV,2026-06-24 18:16:20.314273+00:00,CALL,51.0,2026-08-21,21120,48,180,2,51.3301,REPEATEDHITS,True,False,False,0,21120,38529495748.0,58,BID,SHORT,0.5
SLV,2026-06-24 18:12:00.776897+00:00,CALL,83.0,2027-06-17,100500,300,350,244,51.2799,REPEATEDHITS,False,False,False,16080,40200,38529495748.0,358,BID,SHORT,0.5
SLV,2026-06-24 18:08:13.291790+00:00,CALL,50.0,2026-06-24,112000,1000,2157,21,51.055,REPEATEDHITS,False,False,False,0,45248,38529495748.0,0,BID,SHORT,0.5
SLV,2026-06-24 18:06:25.529132+00:00,PUT,52.5,2026-06-24,45904,302,12153,52,50.95,REPEATEDHITS,False,False,False,0,45904,38529495748.0,0,BID,LONG,0.5
SLV,2026-06-24 18:06:08.107934+00:00,CALL,56.0,2027-09-17,142800,163,238,0,50.88,REPEATEDHITSDESCENDINGFILL,False,False,False,35435,107365,38529495748.0,450,BID,SHORT,0.5
SLV,2026-06-24 18:05:56.893076+00:00,CALL,51.0,2026-08-21,18899,45,120,2,50.815,REPEATEDHITS,False,False,False,18899,0,38529495748.0,58,ASK,LONG,1.0
SLV,2026-06-24 18:05:56.290177+00:00,CALL,57.0,2027-09-17,312680,372,701,6,50.82,REPEATEDHITSDESCENDINGFILL,False,False,False,130240,182440,38529495748.0,450,BID,SHORT,0.5
SLV,2026-06-24 18:05:36.654721+00:00,CALL,53.0,2027-09-17,38334,40,451,3,50.8399,REPEATEDHITSDESCENDINGFILL,False,False,False,19034,19300,38529495748.0,450,BID,SHORT,0.5
SLV,2026-06-24 18:05:19.222756+00:00,CALL,50.0,2027-09-17,64585,59,65,49,50.925,REPEATEDHITSASCENDINGFILL,True,False,False,16855,47730,38529495748.0,450,BID,SHORT,0.5
SLV,2026-06-24 18:05:19.222756+00:00,CALL,53.0,2027-09-17,267160,274,411,3,50.91,REPEATEDHITSASCENDINGFILL,False,False,False,131350,135810,38529495748.0,450,BID,SHORT,0.5
SLV,2026-06-24 18:05:12.806544+00:00,CALL,50.5,2026-06-24,15990,246,3003,11,50.86,REPEATEDHITS,True,False,False,15990,0,38529495748.0,0,ASK,LONG,1.0
SLV,2026-06-24 18:05:03.395093+00:00,CALL,51.0,2026-06-24,13365,405,1697,9,50.75,REPEATEDHITS,False,False,False,13365,0,38529495748.0,0,ASK,LONG,1.0
SLV,2026-06-24 18:04:33.560130+00:00,CALL,50.5,2026-06-24,28500,500,2120,11,50.64,REPEATEDHITS,False,False,False,28500,0,38529495748.0,0,ASK,LONG,1.0
SLV,2026-06-24 18:04:19.138881+00:00,CALL,48.5,2026-07-06,11220,33,72,0,50.37,REPEATEDHITS,False,False,False,8500,2720,38529495748.0,12,ASK,LONG,1.0
SLV,2026-06-24 18:03:02.639826+00:00,PUT,50.5,2026-06-24,20175,807,2021,12,50.7043,REPEATEDHITS,False,False,False,20175,0,38529495748.0,0,ASK,SHORT,1.0
SLV,2026-06-24 18:03:02.639826+00:00,CALL,50.0,2026-12-18,23510,34,3546,28,50.68,REPEATEDHITSASCENDINGFILL,False,False,False,2085,21425,38529495748.0,177,BID,SHORT,0.5
SLV,2026-06-24 18:00:28.212105+00:00,CALL,57.0,2027-09-17,75500,90,164,6,51.05,REPEATEDHITSDESCENDINGFILL,False,False,False,33850,41650,38529495748.0,450,BID,SHORT,0.5
SLV,2026-06-24 18:00:21.406072+00:00,CALL,54.0,2027-09-17,70470,75,171,0,51.15,REPEATEDHITSASCENDINGFILL,False,False,False,34035,36435,38529495748.0,450,BID,SHORT,0.5
SLV,2026-06-24 18:00:01.585024+00:00,CALL,57.0,2027-09-17,43685,52,52,6,51.175,REPEATEDHITSASCENDINGFILL,False,False,False,17800,25885,38529495748.0,450,BID,SHORT,0.5
SLV,2026-06-24 17:59:16.524898+00:00,PUT,52.5,2026-06-24,10170,90,11152,52,51.35,REPEATEDHITS,False,False,False,0,10170,38529495748.0,0,BID,LONG,0.5
SLV,2026-06-24 17:59:06.108149+00:00,PUT,52.5,2026-06-24,32400,300,11062,52,51.405,REPEATEDHITS,False,False,False,0,32400,38529495748.0,0,BID,LONG,0.5
SLV,2026-06-24 17:59:04.500825+00:00,PUT,52.5,2026-06-24,33000,300,10762,52,51.3729,REPEATEDHITS,False,False,False,0,33000,38529495748.0,0,BID,LONG,0.5
SLV,2026-06-24 17:58:28.631155+00:00,CALL,51.0,2026-06-26,13802,103,1603,36,51.2601,REPEATEDHITS,False,False,False,13802,0,38529495748.0,2,ASK,LONG,1.0
SLV,2026-06-24 17:58:22.813096+00:00,PUT,50.5,2026-07-02,12986,86,109,0,51.315,REPEATEDHITS,True,False,False,12986,0,38529495748.0,8,ASK,SHORT,1.0
SLV,2026-06-24 17:58:05.584878+00:00,CALL,50.0,2026-06-24,12320,88,153,21,51.35,REPEATEDHITS,False,False,False,12320,0,38529495748.0,0,ASK,LONG,1.0
SLV,2026-06-24 17:57:58.778209+00:00,PUT,51.5,2026-06-26,35872,304,1002,40,51.395,REPEATEDHITS,True,False,False,33512,2360,38529495748.0,2,ASK,SHORT,1.0
SLV,2026-06-24 17:57:37.750188+00:00,PUT,49.0,2026-07-08,10790,83,87,8,51.41,REPEATEDHITS,False,False,False,10790,0,38529495748.0,14,ASK,SHORT,1.0
SLV,2026-06-24 17:57:24.130135+00:00,PUT,50.0,2026-07-06,22152,156,181,57,51.46,REPEATEDHITS,True,False,False,18460,0,38529495748.0,12,ASK,SHORT,1.0
SLV,2026-06-24 17:57:24.130135+00:00,PUT,51.0,2026-07-06,14579,81,138,30,51.45,REPEATEDHITS,True,False,False,14400,179,38529495748.0,12,ASK,SHORT,1.0
SLV,2026-06-24 17:56:58.102134+00:00,PUT,52.5,2026-06-24,33250,350,10135,52,51.54,REPEATEDHITS,False,False,False,0,33250,38529495748.0,0,BID,LONG,0.5
SLV,2026-06-24 17:54:47.953881+00:00,CALL,54.0,2026-07-31,26676,117,324,72,51.6954,REPEATEDHITS,False,False,False,0,26676,38529495748.0,37,BID,SHORT,0.5
SLV,2026-06-24 17:50:13.446341+00:00,CALL,125.0,2027-03-19,91000,1000,5001,980,51.81,REPEATEDHITS,False,False,False,0,91000,38529495748.0,268,BID,SHORT,0.5
SLV,2026-06-24 17:39:24.986326+00:00,CALL,50.0,2026-12-18,25840,34,2998,28,52.03,REPEATEDHITS,False,False,False,0,25840,38529495748.0,177,BID,SHORT,0.5
SLV,2026-06-24 17:31:37.406859+00:00,PUT,50.0,2026-06-29,15750,250,471,110,52.14,REPEATEDHITS,True,False,False,15750,0,38529495748.0,5,ASK,SHORT,1.0
SLV,2026-06-24 17:26:18.710912+00:00,CALL,125.0,2027-03-19,90000,1000,3501,980,52.33,REPEATEDHITS,False,False,False,0,90000,38529495748.0,268,BID,SHORT,0.5
SLV,2026-06-24 17:25:04.204456+00:00,PUT,52.5,2026-06-24,20398,658,8224,52,52.435,REPEATEDHITS,False,False,False,20398,0,38529495748.0,0,ASK,SHORT,1.0
SLV,2026-06-24 17:22:36.548286+00:00,CALL,50.0,2026-12-18,23550,30,2745,28,52.54,REPEATEDHITS,False,False,False,0,23550,38529495748.0,177,BID,SHORT,0.5
SLV,2026-06-24 17:20:54.360809+00:00,PUT,51.5,2026-07-01,15410,134,139,0,52.53,REPEATEDHITS,True,False,False,15410,0,38529495748.0,7,ASK,SHORT,1.0
SLV,2026-06-24 17:20:23.048484+00:00,CALL,100.0,2026-12-18,112500,1500,4502,207,52.61,REPEATEDHITS,False,False,False,104175,0,38529495748.0,177,ASK,LONG,1.0
SLV,2026-06-24 17:20:11.787995+00:00,CALL,53.0,2026-06-26,15470,182,1347,56,52.63,REPEATEDHITS,True,False,False,15470,0,38529495748.0,2,ASK,LONG,1.0
SLV,2026-06-24 17:19:06.649762+00:00,PUT,35.0,2026-10-16,213576,4854,4875,754,52.685,REPEATEDHITS,False,False,False,213576,0,38529495748.0,114,ASK,SHORT,1.0
SMH,2026-06-24 18:48:11.238968+00:00,PUT,632.5,2026-07-17,107180,23,72,13,610.69,REPEATEDHITS,True,False,False,102520,4660,73490152722.0,23,ASK,SHORT,1.0
SMH,2026-06-24 17:56:58.102134+00:00,PUT,532.5,2026-07-02,87500,250,253,8,612.8,REPEATEDHITS,True,False,False,0,87500,73490152722.0,8,BID,LONG,0.5
SMH,2026-06-24 17:21:18.201917+00:00,PUT,535.0,2028-06-16,81580,8,8,3,612.6,REPEATEDHITS,False,False,False,81580,0,73490152722.0,723,ASK,SHORT,1.0
SMH,2026-06-24 17:09:15.625272+00:00,CALL,615.0,2026-06-26,251335,164,217,160,615.9,REPEATEDHITSASCENDINGFILL,True,False,False,152235,99100,73490152722.0,2,ASK,LONG,1.0
SMH,2026-06-24 16:55:12.737714+00:00,PUT,660.0,2027-03-19,154830,13,23,11,617.12,REPEATEDHITS,False,False,False,154830,0,73490152722.0,268,ASK,SHORT,1.0
SMH,2026-06-24 15:02:31.721327+00:00,CALL,675.0,2026-07-31,1392495,579,1977,17,624.6,REPEATEDHITS,False,False,False,0,1392495,73490152722.0,37,BID,SHORT,0.5
SMH,2026-06-24 15:02:31.721327+00:00,PUT,705.0,2026-07-17,175400,20,60,11,624.6,REPEATEDHITSASCENDINGFILL,True,False,False,175400,0,73490152722.0,23,ASK,SHORT,1.0
SMH,2026-06-24 14:57:18.141200+00:00,CALL,675.0,2026-07-31,1455450,626,626,17,622.6,REPEATEDHITS,False,False,False,0,1455450,73490152722.0,37,BID,SHORT,0.5
SMH,2026-06-24 13:55:36.855194+00:00,CALL,795.0,2028-12-15,88770,6,6,2,618.64,REPEATEDHITS,False,False,False,0,88770,73490152722.0,905,BID,SHORT,0.5
SMH,2026-06-24 13:46:46.194863+00:00,CALL,835.0,2027-02-19,71078,19,35,0,618.65,REPEATEDHITSASCENDINGFILL,False,False,False,41118,29960,73490152722.0,240,ASK,LONG,1.0
SMH,2026-06-23 19:51:12.097482+00:00,CALL,582.5,2026-07-02,266219,53,62,41,621.02,REPEATEDHITSDESCENDINGFILL,True,False,False,0,266219,73490152722.0,9,BID,SHORT,0.5
SMH,2026-06-23 19:01:17.181249+00:00,PUT,600.0,2026-07-02,5374079,3220,21796,2826,620.68,REPEATEDHITSASCENDINGFILL,True,False,False,3749229,1624850,73490152722.0,9,ASK,SHORT,1.0
SMH,2026-06-23 18:50:47.624792+00:00,CALL,625.0,2026-07-02,284510,124,1010,77,619.925,REPEATEDHITSDESCENDINGFILL,False,False,False,254740,13740,73490152722.0,9,ASK,LONG,1.0
SMH,2026-06-23 18:01:30.683062+00:00,CALL,675.0,2027-12-17,1176000,84,201,10,624.15,REPEATEDHITS,True,False,False,0,1176000,73490152722.0,542,BID,SHORT,0.5
SMH,2026-06-23 17:56:46.870668+00:00,PUT,555.0,2026-06-26,164368,856,940,402,622.81,REPEATEDHITSASCENDINGFILL,False,False,False,398,163970,73490152722.0,3,BID,LONG,0.5
SMH,2026-06-23 17:51:02.422534+00:00,PUT,670.0,2026-07-24,540626,82,282,8,624.75,REPEATEDHITS,False,False,False,204383,336243,73490152722.0,31,BID,LONG,0.5
SMH,2026-06-23 17:29:12.835227+00:00,PUT,620.0,2026-07-10,443520,168,624,104,628.5,REPEATEDHITS,True,False,False,0,443520,73490152722.0,17,BID,LONG,0.5
SMH,2026-06-23 16:44:28.584921+00:00,PUT,632.5,2026-07-24,87465,21,33,12,628.89,REPEATEDHITS,True,False,False,0,87465,73490152722.0,31,BID,LONG,0.5
SMH,2026-06-23 16:42:12.863293+00:00,CALL,625.0,2026-07-02,562030,217,666,77,627.94,REPEATEDHITS,False,False,False,0,562030,73490152722.0,9,BID,SHORT,0.5
SMH,2026-06-23 16:01:05.397587+00:00,PUT,620.0,2026-07-10,472610,167,416,104,625.77,REPEATEDHITS,True,False,False,0,472610,73490152722.0,17,BID,LONG,0.5
SMH,2026-06-23 15:11:39.523278+00:00,PUT,490.0,2026-07-17,484676,961,1902,800,623.77,REPEATEDHITSDESCENDINGFILL,True,False,False,446327,37844,73490152722.0,24,ASK,SHORT,1.0
SMH,2026-06-23 14:56:17.034744+00:00,PUT,647.5,2026-07-24,259245,50,58,4,626.9,REPEATEDHITSASCENDINGFILL,True,False,False,134685,124560,73490152722.0,31,ASK,SHORT,1.0
SMH,2026-06-23 14:48:12.994115+00:00,PUT,620.0,2026-08-21,523180,101,4144,99,626.095,REPEATEDHITS,True,False,False,0,93240,73490152722.0,59,BID,LONG,0.5
SMH,2026-06-23 14:47:48.725455+00:00,PUT,620.0,2026-08-21,535600,104,4027,99,625.95,REPEATEDHITS,False,False,False,15450,520150,73490152722.0,59,BID,LONG,0.5
SMH,2026-06-23 14:47:44.711627+00:00,PUT,620.0,2026-08-21,762200,148,3923,99,626.31,REPEATEDHITS,False,False,False,0,726150,73490152722.0,59,BID,LONG,0.5
SMH,2026-06-23 14:46:44.213159+00:00,PUT,620.0,2026-08-21,678965,133,3235,99,627.14,REPEATEDHITS,True,False,False,0,86785,73490152722.0,59,BID,LONG,0.5
SMH,2026-06-23 14:45:26.888773+00:00,PUT,620.0,2026-08-21,561105,111,2836,99,627.91,REPEATEDHITS,False,False,False,0,561105,73490152722.0,59,BID,LONG,0.5
SMH,2026-06-23 14:40:25.503649+00:00,PUT,595.0,2026-07-02,162000,135,219,114,628.67,REPEATEDHITS,False,False,False,54000,105600,73490152722.0,9,BID,LONG,0.5
SMH,2026-06-23 14:32:20.824338+00:00,PUT,642.5,2026-07-17,229630,53,60,0,628.87,REPEATEDHITSDESCENDINGFILL,True,False,False,117180,112450,73490152722.0,24,ASK,SHORT,1.0
SMH,2026-06-23 14:27:38.987620+00:00,CALL,750.0,2026-07-02,64491,777,840,97,632.2,REPEATEDHITS,False,False,False,0,64491,73490152722.0,9,BID,SHORT,0.5
SMH,2026-06-23 14:15:38.876712+00:00,PUT,600.0,2027-02-19,269720,34,34,1,635.05,REPEATEDHITS,False,False,False,134990,134730,73490152722.0,241,ASK,SHORT,1.0
SMH,2026-06-23 14:00:38.610173+00:00,CALL,675.0,2026-07-24,205300,82,82,63,633.8875,REPEATEDHITS,True,False,False,102710,102590,73490152722.0,31,ASK,LONG,1.0
SMH,2026-06-23 13:56:02.752691+00:00,PUT,620.0,2026-08-21,812605,166,1718,99,631.68,REPEATEDHITSASCENDINGFILL,False,False,False,573085,239520,73490152722.0,59,ASK,SHORT,1.0
SMH,2026-06-23 13:56:00.947169+00:00,PUT,620.0,2026-08-21,1289625,264,1251,99,631.73,REPEATEDHITSASCENDINGFILL,False,False,False,1030735,4870,73490152722.0,59,ASK,SHORT,1.0
SMH,2026-06-23 13:56:00.947169+00:00,PUT,620.0,2026-08-21,1445500,295,1552,99,631.81,REPEATEDHITS,True,False,False,0,249900,73490152722.0,59,BID,LONG,0.5
SMH,2026-06-23 13:55:58.943018+00:00,PUT,620.0,2026-08-21,769460,158,533,99,631.89,REPEATEDHITS,False,False,False,594140,68180,73490152722.0,59,ASK,SHORT,1.0
SMH,2026-06-23 13:55:58.943018+00:00,PUT,620.0,2026-08-21,720760,148,681,99,631.664,REPEATEDHITS,True,False,False,360380,297070,73490152722.0,59,ASK,SHORT,1.0
SMH,2026-06-23 13:55:57.339702+00:00,PUT,620.0,2026-08-21,1232110,253,330,99,631.89,REPEATEDHITS,False,False,False,253240,418820,73490152722.0,59,BID,LONG,0.5
SMH,2026-06-23 13:50:17.077104+00:00,PUT,617.5,2026-07-02,391750,203,203,102,628.99,REPEATEDHITS,True,False,False,187695,204055,73490152722.0,9,BID,LONG,0.5
SMH,2026-06-23 13:44:47.061240+00:00,PUT,620.0,2026-07-24,558720,144,1421,12,625.66,REPEATEDHITS,False,False,False,0,558720,73490152722.0,31,BID,LONG,0.5
SMH,2026-06-23 13:44:47.061240+00:00,PUT,620.0,2026-07-24,823245,213,1634,12,625.8961,REPEATEDHITS,True,False,False,224170,599075,73490152722.0,31,BID,LONG,0.5
SMH,2026-06-23 13:44:45.055448+00:00,PUT,620.0,2026-07-24,901045,235,547,12,625.79,REPEATEDHITSDESCENDINGFILL,True,False,False,644100,0,73490152722.0,31,ASK,SHORT,1.0
SMH,2026-06-23 13:44:45.055448+00:00,PUT,620.0,2026-07-24,1501940,389,978,12,625.25,REPEATEDHITSDESCENDINGFILL,True,False,False,877125,624815,73490152722.0,31,ASK,SHORT,1.0
SMH,2026-06-23 13:44:43.050162+00:00,PUT,620.0,2026-07-24,1181915,309,310,12,625.76,REPEATEDHITSDESCENDINGFILL,True,False,False,680840,367200,73490152722.0,31,ASK,SHORT,1.0
SMH,2026-06-23 13:39:37.767801+00:00,CALL,652.5,2026-07-17,131420,48,48,3,627.63,REPEATEDHITSDESCENDINGFILL,True,False,False,65780,65640,73490152722.0,24,ASK,LONG,1.0
SMH,2026-06-23 13:36:04.700180+00:00,CALL,630.0,2028-01-21,234511,14,14,12,626.34,REPEATEDHITSDESCENDINGFILL,False,False,False,0,234511,73490152722.0,577,BID,SHORT,0.5
SMH,2026-06-23 13:32:47.373390+00:00,PUT,720.0,2026-10-16,204960,16,16,0,627.22,REPEATEDHITS,False,False,False,204960,0,73490152722.0,115,ASK,SHORT,1.0
SMH,2026-06-23 13:32:18.851035+00:00,PUT,625.0,2026-07-10,270000,90,100,63,628.73,REPEATEDHITS,False,False,False,0,270000,73490152722.0,17,BID,LONG,0.5
SMH,2026-06-23 13:31:25.685306+00:00,CALL,637.5,2026-07-02,208090,111,111,21,622.51,REPEATEDHITSASCENDINGFILL,True,False,False,102800,105290,73490152722.0,9,BID,SHORT,0.5
SMH,2026-06-23 13:31:25.685306+00:00,PUT,577.5,2026-07-02,64220,67,68,62,622.435,REPEATEDHITSASCENDINGFILL,False,False,False,32710,31510,73490152722.0,9,ASK,SHORT,1.0
SNAP,2026-06-24 16:18:41.681212+00:00,CALL,7.0,2026-08-21,13370,1337,2555,302,4.49,REPEATEDHITS,False,False,False,0,13370,6257427726.0,58,BID,SHORT,0.5
SNAP,2026-06-23 16:28:10.454248+00:00,PUT,5.0,2026-08-21,438074,5038,5095,1124,4.5097,REPEATEDHITSASCENDINGFILL,True,False,False,87849,350225,6257427726.0,59,BID,LONG,0.5
SNAP,2026-06-22 14:46:56.956838+00:00,PUT,4.5,2026-07-17,13248,576,4625,0,4.71,REPEATEDHITS,True,False,False,10028,3220,6257427726.0,25,ASK,SHORT,1.0
SNAP,2026-06-22 14:46:56.956838+00:00,PUT,4.5,2026-07-17,33994,1478,4049,0,4.715,REPEATEDHITS,True,False,False,33994,0,6257427726.0,25,ASK,SHORT,1.0
SNAP,2026-06-22 14:46:46.943901+00:00,PUT,4.5,2026-07-17,54510,2370,2571,0,4.725,REPEATEDHITS,False,False,False,54510,0,6257427726.0,25,ASK,SHORT,1.0
SNAP,2026-06-22 14:27:06.573028+00:00,CALL,5.0,2026-08-21,15810,310,715,166,4.73,REPEATEDHITS,False,False,False,0,15810,6257427726.0,60,BID,SHORT,0.5
SNAP,2026-06-18 19:59:58.847805+00:00,CALL,4.5,2026-06-18,17820,1188,6368,343,4.655,REPEATEDHITS,False,False,False,17625,0,6257427726.0,0,ASK,LONG,1.0
SNAP,2026-06-18 19:46:46.675098+00:00,PUT,4.0,2026-07-17,31114,3458,17471,3326,4.665,REPEATEDHITS,False,False,False,31050,64,6257427726.0,29,ASK,SHORT,1.0
SNAP,2026-06-18 19:46:38.047124+00:00,PUT,4.0,2026-07-17,29344,3668,8983,3326,4.665,REPEATEDHITS,False,False,False,29344,0,6257427726.0,29,ASK,SHORT,1.0
SNAP,2026-06-18 18:28:52.222437+00:00,CALL,4.5,2026-06-18,16148,1000,1776,343,4.64,REPEATEDHITSDESCENDINGFILL,False,False,False,16148,0,6257427726.0,0,ASK,LONG,1.0
SNAP,2026-06-17 15:28:02.959229+00:00,CALL,5.5,2026-07-02,10000,1000,2071,522,4.93,REPEATEDHITS,True,False,False,0,10000,6257427726.0,15,BID,SHORT,0.5
SNAP,2026-06-17 15:22:11.532526+00:00,CALL,5.5,2026-07-02,10000,1000,1071,522,4.925,REPEATEDHITS,True,False,False,0,10000,6257427726.0,15,BID,SHORT,0.5
SNAP,2026-06-17 13:41:29.764926+00:00,PUT,4.5,2026-06-26,16452,1828,4055,1776,4.795,REPEATEDHITS,True,False,False,0,16452,6257427726.0,9,BID,LONG,0.5
SNAP,2026-06-16 19:52:45.752449+00:00,PUT,5.0,2026-06-26,28000,1750,8606,1007,5.17,REPEATEDHITS,False,False,False,28000,0,6257427726.0,10,ASK,SHORT,1.0
SNAP,2026-06-16 19:47:07.285737+00:00,PUT,5.0,2026-06-26,25987,1999,5860,1007,5.215,REPEATEDHITS,False,False,False,25987,0,6257427726.0,10,ASK,SHORT,1.0
SNAP,2026-06-08 15:44:26.866530+00:00,CALL,11.0,2027-01-15,43500,1500,1750,49,5.625,REPEATEDHITS,False,False,False,43500,0,6257427726.0,221,ASK,LONG,1.0
SNAP,2026-06-04 17:00:25.345313+00:00,PUT,6.0,2026-06-26,18463,499,569,476,6.005,REPEATEDHITS,False,False,False,18463,0,6257427726.0,22,ASK,SHORT,1.0
SNAP,2026-06-01 15:21:21.016458+00:00,PUT,6.0,2026-06-26,10416,248,325,235,5.9,REPEATEDHITS,False,False,False,10416,0,6257427726.0,25,ASK,SHORT,1.0
SNAP,2026-05-20 16:40:57.602182+00:00,CALL,6.0,2026-06-26,135001,5000,10066,392,5.6,REPEATEDHITS,True,False,False,8938,115749,6257427726.0,37,BID,SHORT,0.5
SNAP,2026-05-19 15:26:15.437455+00:00,PUT,5.5,2026-06-05,13473,499,935,239,5.5544,REPEATEDHITS,False,False,False,13473,0,6257427726.0,17,ASK,SHORT,1.0
SNAP,2026-05-18 17:48:52.349036+00:00,CALL,6.5,2026-06-12,10039,1000,1117,966,5.7,REPEATEDHITSDESCENDINGFILL,True,False,False,0,10039,6257427726.0,25,BID,SHORT,0.5
SNAP,2026-05-15 15:34:27.927904+00:00,PUT,5.0,2026-10-16,86121,1367,1372,1030,5.535,REPEATEDHITS,False,False,False,86121,0,6257427726.0,154,ASK,SHORT,1.0
SNAP,2026-05-14 14:11:16.051640+00:00,CALL,6.0,2027-01-15,515185,5423,5539,4258,5.255,REPEATEDHITS,False,False,False,510435,0,6257427726.0,246,ASK,LONG,1.0
SNAP,2026-05-12 14:07:18.912820+00:00,CALL,6.0,2026-05-22,104874,7491,7575,2630,5.71,REPEATEDHITS,False,False,False,0,81116,6257427726.0,10,BID,SHORT,0.5
SNAP,2026-05-11 18:48:54.396438+00:00,PUT,5.5,2026-06-12,169302,5838,5962,93,5.721,REPEATEDHITS,False,False,False,0,169302,6257427726.0,32,BID,LONG,0.5
SNAP,2026-05-11 14:11:50.229202+00:00,CALL,7.0,2026-06-05,21069,2341,2367,350,5.895,REPEATEDHITS,False,False,False,9,21060,6257427726.0,25,BID,SHORT,0.5
SNAP,2026-05-06 17:32:15.638643+00:00,CALL,8.0,2026-05-22,14750,1475,1738,1263,6.205,REPEATEDHITS,True,False,False,70,14180,6257427726.0,16,BID,SHORT,0.5
SNAP,2026-05-04 19:13:11.705832+00:00,PUT,7.0,2026-05-22,22261,197,207,117,6.145,REPEATEDHITS,False,False,False,20566,1695,6257427726.0,18,ASK,SHORT,1.0
SNAP,2026-05-04 17:10:14.145458+00:00,PUT,7.0,2026-05-08,20600,200,210,73,6.145,REPEATEDHITS,False,False,False,0,20600,6257427726.0,4,BID,LONG,0.5
SNOW,2026-06-24 17:51:51.748081+00:00,PUT,222.5,2026-07-10,56154,72,76,5,229.625,REPEATEDHITSDESCENDINGFILL,False,False,False,55379,0,79860106000.0,16,ASK,SHORT,1.0
SNOW,2026-06-24 16:48:30.811520+00:00,PUT,250.0,2026-07-24,250000,100,143,24,233.235,REPEATEDHITS,True,False,False,0,250000,79860106000.0,30,BID,LONG,0.5
SNOW,2026-06-24 14:16:06.393314+00:00,CALL,225.0,2026-07-17,328640,208,208,26,229.7,REPEATEDHITS,True,False,False,0,328640,79860106000.0,23,BID,SHORT,0.5
SNOW,2026-06-23 14:26:29.498294+00:00,PUT,227.5,2026-07-17,81760,64,64,12,227.87,REPEATEDHITSASCENDINGFILL,True,False,False,40960,40800,79860106000.0,24,ASK,SHORT,1.0
SNOW,2026-06-22 16:54:42.285895+00:00,CALL,237.5,2026-07-02,118601,201,227,57,229.48,REPEATEDHITSASCENDINGFILL,False,False,False,0,118006,79860106000.0,10,BID,SHORT,0.5
SNOW,2026-06-22 13:55:14.930362+00:00,CALL,252.5,2026-07-17,51020,57,67,0,238.1601,REPEATEDHITS,True,False,False,0,51020,79860106000.0,25,BID,SHORT,0.5
SNOW,2026-06-18 14:19:21.669422+00:00,CALL,217.5,2026-06-18,196281,201,204,13,227.14,REPEATEDHITSDESCENDINGFILL,True,False,False,96795,99486,79860106000.0,0,BID,SHORT,0.5
SNOW,2026-06-18 13:36:31.331349+00:00,PUT,220.0,2026-06-26,468510,679,839,563,222.04,REPEATEDHITS,False,False,False,0,468510,79860106000.0,8,BID,LONG,0.5
SNOW,2026-06-17 19:20:27.690655+00:00,PUT,220.0,2026-07-02,146468,315,315,206,234.92,REPEATEDHITSDESCENDINGFILL,False,False,False,122753,23715,79860106000.0,15,ASK,SHORT,1.0
SNOW,2026-06-16 17:57:34.200019+00:00,PUT,180.0,2026-10-16,60140,62,62,53,238.485,REPEATEDHITS,False,False,False,0,60140,79860106000.0,122,BID,LONG,0.5
SNOW,2026-06-16 13:50:11.801581+00:00,PUT,232.5,2026-06-26,101000,200,200,174,244.355,REPEATEDHITS,False,False,False,101000,0,79860106000.0,10,ASK,SHORT,1.0
SNOW,2026-06-16 13:45:36.712311+00:00,CALL,245.0,2026-07-02,145530,142,182,67,240.73,REPEATEDHITSDESCENDINGFILL,True,False,False,77895,67635,79860106000.0,16,ASK,LONG,1.0
SNOW,2026-06-15 17:05:17.868225+00:00,PUT,220.0,2026-10-16,600965,263,291,37,240.791,REPEATEDHITS,False,False,False,0,600965,79860106000.0,123,BID,LONG,0.5
SNOW,2026-06-15 16:28:53.740805+00:00,CALL,245.0,2026-06-26,165378,175,656,156,243.435,REPEATEDHITS,False,False,False,0,165378,79860106000.0,11,BID,SHORT,0.5
SNOW,2026-06-15 16:09:40.116383+00:00,PUT,240.0,2026-07-31,101775,56,173,10,243.245,REPEATEDHITSDESCENDINGFILL,True,False,False,83720,18055,79860106000.0,46,ASK,SHORT,1.0
SNOW,2026-06-15 14:59:17.969841+00:00,PUT,230.0,2026-10-16,398754,145,149,99,241.6,REPEATEDHITS,False,False,False,0,398754,79860106000.0,123,BID,LONG,0.5
SNOW,2026-06-15 14:32:46.113910+00:00,PUT,247.5,2026-06-18,330641,329,333,237,241.89,REPEATEDHITS,False,False,False,325616,5025,79860106000.0,3,ASK,SHORT,1.0
SNOW,2026-06-15 13:30:47.593892+00:00,PUT,245.0,2026-06-26,124490,80,81,45,235.105,REPEATEDHITSDESCENDINGFILL,True,False,False,74865,49625,79860106000.0,11,ASK,SHORT,1.0
SNOW,2026-06-12 14:03:45.672841+00:00,PUT,230.0,2028-01-21,3097416,511,511,279,241.1908,REPEATEDHITSDESCENDINGFILL,False,False,False,121300,2976116,79860106000.0,588,BID,LONG,0.5
SNOW,2026-06-11 13:56:43.174878+00:00,PUT,237.5,2026-06-12,124206,345,379,274,239.675,REPEATEDHITS,False,False,False,0,124206,79860106000.0,1,BID,LONG,0.5
SNOW,2026-06-10 19:24:00.158419+00:00,CALL,390.0,2026-09-18,145978,356,362,106,240.38,REPEATEDHITSASCENDINGFILL,False,False,False,0,145148,79860106000.0,100,BID,SHORT,0.5
SNOW,2026-06-08 17:26:44.927104+00:00,PUT,245.0,2026-07-24,55000,25,158,8,240.7425,REPEATEDHITS,True,False,False,0,55000,79860106000.0,46,BID,LONG,0.5
SNOW,2026-06-08 17:26:23.709636+00:00,PUT,245.0,2026-07-24,75270,34,35,8,240.775,REPEATEDHITSASCENDINGFILL,True,False,False,31150,44120,79860106000.0,46,BID,LONG,0.5
SNOW,2026-06-05 18:27:11.342705+00:00,PUT,227.5,2026-06-18,53508,83,311,44,236.835,REPEATEDHITSASCENDINGFILL,True,False,False,53508,0,79860106000.0,13,ASK,SHORT,1.0
SNOW,2026-06-05 17:26:57.686607+00:00,PUT,220.0,2026-07-24,55575,46,62,0,238.02,REPEATEDHITSASCENDINGFILL,True,False,False,15770,39805,79860106000.0,49,BID,LONG,0.5
SNOW,2026-06-05 15:54:38.687035+00:00,CALL,240.0,2026-07-24,84870,43,80,3,237.22,REPEATEDHITSASCENDINGFILL,False,False,False,57360,27510,79860106000.0,49,ASK,LONG,1.0
SNOW,2026-06-05 14:46:26.861896+00:00,PUT,240.0,2026-07-24,106100,51,72,8,238.61,REPEATEDHITS,False,False,False,104020,2080,79860106000.0,49,ASK,SHORT,1.0
SNOW,2026-06-04 18:18:25.333742+00:00,PUT,190.0,2026-07-17,130854,569,748,202,248.66,REPEATEDHITSDESCENDINGFILL,False,False,False,130408,446,79860106000.0,43,ASK,SHORT,1.0
SNOW,2026-06-04 16:27:53.569647+00:00,PUT,252.5,2026-06-12,319731,261,266,59,246.62,REPEATEDHITS,False,False,False,39200,280531,79860106000.0,8,BID,LONG,0.5
SNOW,2026-06-04 15:09:50.744624+00:00,CALL,270.0,2026-06-26,90415,107,213,91,251.245,REPEATEDHITS,True,False,False,0,90415,79860106000.0,22,BID,SHORT,0.5
SNOW,2026-06-04 15:09:50.138051+00:00,CALL,270.0,2026-06-26,81500,97,105,91,251.245,REPEATEDHITSASCENDINGFILL,False,False,False,1700,79800,79860106000.0,22,BID,SHORT,0.5
SNOW,2026-06-03 19:21:14.988908+00:00,PUT,227.5,2026-06-12,177896,458,473,31,243.42,REPEATEDHITSDESCENDINGFILL,False,False,False,124961,52545,79860106000.0,9,ASK,SHORT,1.0
SNOW,2026-06-03 18:55:35.394407+00:00,PUT,232.5,2026-06-12,215019,448,546,33,245.19,REPEATEDHITS,True,False,False,29259,180480,79860106000.0,9,BID,LONG,0.5
SNOW,2026-06-03 15:56:26.890892+00:00,CALL,262.5,2026-06-05,65915,507,999,461,246.3,REPEATEDHITSASCENDINGFILL,True,False,False,48490,12615,79860106000.0,2,ASK,LONG,1.0
SNOW,2026-06-02 13:41:16.669803+00:00,PUT,257.5,2026-06-05,104327,149,153,136,261.82,REPEATEDHITSASCENDINGFILL,True,False,False,710,102912,79860106000.0,3,BID,LONG,0.5
SNOW,2026-06-01 19:43:04.954035+00:00,CALL,282.5,2026-06-12,148526,88,167,8,284.48,REPEATEDHITSDESCENDINGFILL,True,False,False,143496,5030,79860106000.0,11,ASK,LONG,1.0
SNOW,2026-06-01 18:41:45.505778+00:00,PUT,270.0,2026-06-05,152500,250,1191,0,280.39,REPEATEDHITS,False,False,False,0,152500,79860106000.0,4,BID,LONG,0.5
SNOW,2026-06-01 18:36:29.533617+00:00,PUT,270.0,2026-06-05,66645,101,791,0,279.73,REPEATEDHITSDESCENDINGFILL,True,False,False,65995,650,79860106000.0,4,ASK,SHORT,1.0
SNOW,2026-06-01 17:30:49.776658+00:00,PUT,260.0,2026-08-21,216660,92,116,30,279.865,REPEATEDHITS,False,False,False,0,216660,79860106000.0,81,BID,LONG,0.5
SNOW,2026-06-01 17:28:35.196768+00:00,PUT,287.5,2026-06-12,145234,74,120,0,279.52,REPEATEDHITSASCENDINGFILL,True,False,False,145234,0,79860106000.0,11,ASK,SHORT,1.0
SNOW,2026-06-01 17:00:23.147879+00:00,PUT,280.0,2027-01-15,145300,26,1398,17,278.81,REPEATEDHITSDESCENDINGFILL,False,False,False,0,145300,79860106000.0,228,BID,LONG,0.5
SNOW,2026-06-01 17:00:07.928144+00:00,PUT,280.0,2027-01-15,100890,18,1266,17,278.96,REPEATEDHITS,False,False,False,0,100890,79860106000.0,228,BID,LONG,0.5
SNOW,2026-06-01 15:46:57.162822+00:00,PUT,285.0,2026-06-12,533280,303,303,0,280.98,REPEATEDHITS,True,False,False,0,533280,79860106000.0,11,BID,LONG,0.5
SNOW,2026-06-01 15:07:04.580165+00:00,CALL,295.0,2026-06-18,182726,155,401,13,278.24,REPEATEDHITSDESCENDINGFILL,False,False,False,103811,78915,79860106000.0,17,ASK,LONG,1.0
SNOW,2026-06-01 14:38:54.176193+00:00,PUT,277.5,2026-06-05,56250,50,54,0,277.315,REPEATEDHITS,False,False,False,0,56250,79860106000.0,4,BID,LONG,0.5
SNOW,2026-06-01 14:33:56.509082+00:00,PUT,287.5,2026-06-05,297270,162,165,0,275.565,REPEATEDHITS,True,False,False,0,297270,79860106000.0,4,BID,LONG,0.5
SNOW,2026-05-29 19:35:36.514537+00:00,CALL,300.0,2026-06-12,84255,411,1662,104,254.025,REPEATEDHITS,False,False,False,27675,56580,79860106000.0,14,BID,SHORT,0.5
SNOW,2026-05-29 19:08:48.987207+00:00,PUT,255.0,2026-06-05,92325,86,118,3,253.01,REPEATEDHITSDESCENDINGFILL,True,False,False,89120,3205,79860106000.0,7,ASK,SHORT,1.0
SNOW,2026-05-29 19:08:48.987207+00:00,PUT,252.5,2026-06-05,55629,59,243,2,253.01,REPEATEDHITSDESCENDINGFILL,True,False,False,55629,0,79860106000.0,7,ASK,SHORT,1.0
SNOW,2026-05-29 19:08:48.987207+00:00,PUT,252.5,2026-06-05,58040,62,184,2,253.01,REPEATEDHITSDESCENDINGFILL,True,False,False,54310,3730,79860106000.0,7,ASK,SHORT,1.0
SOXS,2026-06-24 17:33:55.479161+00:00,CALL,9.5,2026-07-10,12276,1023,1035,84,4.285,REPEATEDHITS,False,False,False,12276,0,2118559032.0,16,ASK,LONG,1.0
SOXS,2026-06-23 18:28:31.712266+00:00,CALL,12.0,2026-07-31,25365,1335,1360,0,4.035,REPEATEDHITS,False,False,False,25346,0,2118559032.0,38,ASK,LONG,1.0
SOXS,2026-06-23 16:23:31.601093+00:00,CALL,50.0,2027-01-15,316680,10556,10596,390,3.9599,REPEATEDHITS,False,False,False,0,316680,2118559032.0,206,BID,SHORT,0.5
SOXS,2026-06-23 16:23:31.601093+00:00,CALL,42.0,2027-01-15,196688,5176,5182,232,3.9599,REPEATEDHITS,False,False,False,0,196688,2118559032.0,206,BID,SHORT,0.5
SOXS,2026-06-23 13:52:02.890061+00:00,CALL,4.5,2026-07-24,110760,1560,1730,938,3.9003,REPEATEDHITS,True,False,False,0,110689,2118559032.0,31,BID,SHORT,0.5
SOXS,2026-06-23 13:51:24.826147+00:00,CALL,5.5,2026-07-17,28308,674,698,0,3.9302,REPEATEDHITS,False,False,False,0,28308,2118559032.0,24,BID,SHORT,0.5
SOXS,2026-06-23 13:47:55.760948+00:00,CALL,3.5,2026-07-31,82836,708,893,654,3.9603,REPEATEDHITS,False,False,False,1287,81549,2118559032.0,38,BID,SHORT,0.5
SOXS,2026-06-22 19:09:43.293327+00:00,CALL,4.5,2026-07-17,40000,1000,1892,0,3.425,REPEATEDHITS,False,False,False,40000,0,2118559032.0,25,ASK,LONG,1.0
SOXS,2026-06-22 19:04:04.747200+00:00,CALL,4.5,2026-07-17,20000,500,852,0,3.41,REPEATEDHITS,False,False,False,20000,0,2118559032.0,25,ASK,LONG,1.0
SOXS,2026-06-18 16:31:04.731109+00:00,CALL,7.0,2026-07-31,35000,1000,1060,165,3.585,REPEATEDHITS,False,False,False,35000,0,2118559032.0,43,ASK,LONG,1.0
SOXS,2026-06-18 15:38:52.976727+00:00,CALL,3.5,2026-07-10,18135,242,840,79,3.71,REPEATEDHITSASCENDINGFILL,True,False,False,17987,0,2118559032.0,22,ASK,LONG,1.0
SOXS,2026-06-18 14:30:31.489814+00:00,CALL,3.5,2026-07-10,24803,318,366,79,3.7325,REPEATEDHITS,True,False,False,24803,0,2118559032.0,22,ASK,LONG,1.0
SOXS,2026-06-16 14:59:09.362600+00:00,CALL,5.5,2026-07-31,25382,343,642,33,4.2703,REPEATEDHITS,False,False,False,25382,0,2118559032.0,45,ASK,LONG,1.0
SOXS,2026-06-16 13:52:54.469176+00:00,PUT,3.0,2026-08-21,93554,1613,1666,1610,3.9496,REPEATEDHITS,True,False,False,0,93554,2118559032.0,66,BID,LONG,0.5
SOXS,2026-06-15 19:53:20.741036+00:00,CALL,3.5,2026-06-26,13600,200,623,137,3.9145,REPEATEDHITS,False,False,False,3808,4080,2118559032.0,11,BID,SHORT,0.5
SOXS,2026-06-15 19:47:49.374769+00:00,CALL,4.0,2026-06-18,46104,1921,26963,1859,3.925,REPEATEDHITS,True,False,False,46104,0,2118559032.0,3,ASK,LONG,1.0
SOXS,2026-06-15 18:59:05.233747+00:00,PUT,4.0,2026-07-31,58548,574,604,11,3.95,REPEATEDHITS,True,False,False,0,58548,2118559032.0,46,BID,LONG,0.5
SOXS,2026-06-15 17:24:16.896176+00:00,CALL,73.0,2026-08-21,59996,9999,10169,365,3.9972,REPEATEDHITSDESCENDINGFILL,False,False,False,0,59996,2118559032.0,67,BID,SHORT,0.5
SOXS,2026-06-15 17:15:32.349887+00:00,PUT,4.0,2026-07-10,71929,999,1182,222,4.0299,REPEATEDHITSDESCENDINGFILL,False,False,False,0,71929,2118559032.0,25,BID,LONG,0.5
SOXS,2026-06-15 17:11:30.290455+00:00,CALL,3.5,2026-06-18,27900,450,2312,125,4.0201,REPEATEDHITS,False,False,False,27900,0,2118559032.0,3,ASK,LONG,1.0
SOXS,2026-06-15 16:42:00.635183+00:00,CALL,4.0,2026-07-31,20000,200,1685,1,3.9999,REPEATEDHITS,False,False,False,17800,2200,2118559032.0,46,ASK,LONG,1.0
SOXS,2026-06-15 15:01:18.789594+00:00,CALL,4.0,2026-07-31,24800,200,249,1,4.105,REPEATEDHITS,False,False,False,24800,0,2118559032.0,46,ASK,LONG,1.0
SOXS,2026-06-12 19:57:30.377782+00:00,CALL,4.5,2026-06-26,14375,200,4782,23,4.685,REPEATEDHITSASCENDINGFILL,False,False,False,0,14375,2118559032.0,14,BID,SHORT,0.5
SOXS,2026-06-12 19:27:38.561579+00:00,CALL,4.5,2026-06-26,15476,200,4276,23,4.6299,REPEATEDHITS,False,False,False,5928,0,2118559032.0,14,ASK,LONG,1.0
SOXS,2026-06-12 19:04:43.569759+00:00,CALL,4.5,2026-06-26,15134,200,3535,23,4.635,REPEATEDHITSDESCENDINGFILL,False,False,False,15134,0,2118559032.0,14,ASK,LONG,1.0
SOXS,2026-06-12 18:44:16.529181+00:00,CALL,4.5,2026-06-26,24140,340,3119,23,4.605,REPEATEDHITS,False,False,False,0,24140,2118559032.0,14,BID,SHORT,0.5
SOXS,2026-06-12 17:23:11.279619+00:00,PUT,4.5,2026-07-24,103371,923,1082,35,4.5773,REPEATEDHITSASCENDINGFILL,False,False,False,0,103371,2118559032.0,42,BID,LONG,0.5
SOXS,2026-06-12 17:15:01.539967+00:00,CALL,4.5,2026-06-26,15000,200,1011,23,4.605,REPEATEDHITS,False,False,False,3750,7500,2118559032.0,14,BID,SHORT,0.5
SOXS,2026-06-12 15:55:16.889266+00:00,CALL,4.5,2026-06-26,16000,200,684,23,4.695,REPEATEDHITS,True,False,False,4000,12000,2118559032.0,14,BID,SHORT,0.5
SOXS,2026-06-12 14:47:21.058594+00:00,CALL,4.5,2026-07-31,11250,75,78,10,4.9299,REPEATEDHITS,False,False,False,11250,0,2118559032.0,49,ASK,LONG,1.0
SOXS,2026-06-08 18:20:17.433669+00:00,PUT,4.0,2026-07-17,336000,7000,7237,4710,5.4101,REPEATEDHITS,False,False,False,0,336000,2118559032.0,39,BID,LONG,0.5
SOXS,2026-06-05 18:41:17.531740+00:00,CALL,14.0,2026-08-21,224754,2391,2451,965,6.695,REPEATEDHITS,True,False,False,224754,0,2118559032.0,77,ASK,LONG,1.0
SOXS,2026-06-05 17:18:50.590524+00:00,PUT,6.0,2026-07-17,248880,2040,2490,1706,6.491,REPEATEDHITS,True,False,False,0,248270,2118559032.0,42,BID,LONG,0.5
SOXS,2026-06-05 16:52:38.742196+00:00,CALL,7.5,2026-06-26,34265,445,2604,414,6.4107,REPEATEDHITS,False,False,False,0,34265,2118559032.0,21,BID,SHORT,0.5
SOXS,2026-06-05 16:37:49.315154+00:00,CALL,7.5,2026-06-26,158000,2000,2137,414,6.4001,REPEATEDHITS,False,False,False,158000,0,2118559032.0,21,ASK,LONG,1.0
SOXS,2026-06-03 15:50:30.886362+00:00,CALL,4.5,2026-06-05,58000,1000,4646,900,4.97,REPEATEDHITS,True,False,False,58,57942,2118559032.0,2,BID,SHORT,0.5
SOXS,2026-06-03 14:38:26.121044+00:00,CALL,5.0,2026-07-10,51822,500,504,64,4.875,REPEATEDHITSASCENDINGFILL,False,False,False,0,51822,2118559032.0,37,BID,SHORT,0.5
SOXS,2026-06-02 15:25:53.347270+00:00,CALL,5.5,2026-06-05,34000,1000,6947,667,5.375,REPEATEDHITS,False,False,False,34000,0,2118559032.0,3,ASK,LONG,1.0
SOXS,2026-06-02 14:00:21.789747+00:00,PUT,4.0,2026-07-17,36750,750,2869,615,5.535,REPEATEDHITS,False,False,False,0,36750,2118559032.0,45,BID,LONG,0.5
SOXS,2026-06-01 17:48:16.992441+00:00,PUT,6.0,2026-07-02,150473,1368,1402,247,6.075,REPEATEDHITSASCENDINGFILL,True,False,False,0,150473,2118559032.0,31,BID,LONG,0.5
SOXS,2026-05-29 17:58:05.251661+00:00,CALL,6.5,2026-07-10,78144,592,602,0,6.4699,REPEATEDHITS,True,False,False,50424,0,2118559032.0,42,ASK,LONG,1.0
SOXS,2026-05-29 16:17:08.048320+00:00,PUT,3.0,2027-01-15,42500,500,501,75,6.32,REPEATEDHITS,False,False,False,42500,0,2118559032.0,231,ASK,SHORT,1.0
SOXS,2026-05-27 16:18:56.651179+00:00,PUT,6.5,2026-07-02,11300,100,107,28,6.6299,REPEATEDHITS,False,False,False,0,11300,2118559032.0,36,BID,LONG,0.5
SOXS,2026-05-27 16:08:42.848743+00:00,PUT,7.5,2026-06-05,262440,2187,2812,285,6.71,REPEATEDHITS,False,False,False,0,262320,2118559032.0,9,BID,LONG,0.5
SOXS,2026-05-26 19:49:18.773308+00:00,CALL,6.5,2026-05-29,11200,400,21264,68,6.2199,REPEATEDHITS,False,False,False,0,11200,2118559032.0,3,BID,SHORT,0.5
SOXS,2026-05-26 19:42:27.259456+00:00,CALL,5.5,2026-06-05,21800,200,809,1,6.25,REPEATEDHITS,False,False,False,20710,0,2118559032.0,10,ASK,LONG,1.0
SOXS,2026-05-26 19:42:02.423962+00:00,CALL,5.5,2026-06-05,16261,148,609,1,6.24,REPEATEDHITSASCENDINGFILL,False,False,False,16261,0,2118559032.0,10,ASK,LONG,1.0
SOXS,2026-05-26 19:24:43.020481+00:00,CALL,6.5,2026-05-29,16110,537,20054,68,6.28,REPEATEDHITS,False,False,False,0,16110,2118559032.0,3,BID,SHORT,0.5
SOXS,2026-05-26 19:24:43.020481+00:00,CALL,6.5,2026-05-29,17580,586,19517,68,6.28,REPEATEDHITS,False,False,False,0,17580,2118559032.0,3,BID,SHORT,0.5
SOXS,2026-05-26 18:29:22.846251+00:00,CALL,6.5,2026-05-29,11305,323,17298,68,6.3699,REPEATEDHITS,False,False,False,11305,0,2118559032.0,3,ASK,LONG,1.0
SOXX,2026-06-24 18:46:58.268539+00:00,PUT,622.5,2026-07-02,105500,25,34,21,592.42,REPEATEDHITS,False,False,False,105500,0,33517036476.0,8,ASK,SHORT,1.0
SOXX,2026-06-24 18:46:58.268539+00:00,PUT,592.5,2026-07-02,93480,38,103,14,592.42,REPEATEDHITS,True,False,False,78720,9840,33517036476.0,8,ASK,SHORT,1.0
SOXX,2026-06-24 18:46:58.268539+00:00,PUT,592.5,2026-07-02,71340,29,65,14,592.42,REPEATEDHITS,True,False,False,71340,0,33517036476.0,8,ASK,SHORT,1.0
SOXX,2026-06-24 18:25:12.907100+00:00,PUT,630.0,2026-07-31,148130,23,23,14,597.3701,REPEATEDHITS,True,False,False,6450,141680,33517036476.0,37,BID,LONG,0.5
SOXX,2026-06-24 18:25:09.093462+00:00,PUT,587.5,2026-07-10,22480,8,67,6,597.35,REPEATEDHITS,False,False,False,0,22480,33517036476.0,16,BID,LONG,0.5
SOXX,2026-06-24 18:17:52.034866+00:00,PUT,587.5,2026-07-10,37440,13,59,6,595.4,REPEATEDHITS,True,False,False,0,37440,33517036476.0,16,BID,LONG,0.5
SOXX,2026-06-24 18:15:43.664527+00:00,PUT,547.5,2026-07-02,30930,33,33,15,594.55,REPEATEDHITSASCENDINGFILL,True,False,False,0,30930,33517036476.0,8,BID,LONG,0.5
SOXX,2026-06-24 18:15:43.664527+00:00,PUT,542.5,2026-07-02,28710,35,35,5,594.55,REPEATEDHITSASCENDINGFILL,True,False,False,0,28710,33517036476.0,8,BID,LONG,0.5
SOXX,2026-06-24 16:42:24.762912+00:00,PUT,567.5,2026-07-10,163400,86,95,56,600.245,REPEATEDHITS,True,False,False,140600,0,33517036476.0,16,ASK,SHORT,1.0
SOXX,2026-06-24 16:35:39.103912+00:00,CALL,605.0,2026-07-02,117600,49,54,18,603.79,REPEATEDHITS,True,False,False,117600,0,33517036476.0,8,ASK,LONG,1.0
SOXX,2026-06-24 16:09:54.493508+00:00,PUT,500.0,2026-07-02,276461,1202,4025,376,603.79,REPEATEDHITS,False,False,False,0,276461,33517036476.0,8,BID,LONG,0.5
SOXX,2026-06-24 16:03:46.057048+00:00,PUT,500.0,2026-07-02,154375,643,2823,376,603.98,REPEATEDHITS,False,False,False,0,154375,33517036476.0,8,BID,LONG,0.5
SOXX,2026-06-24 15:26:21.334903+00:00,PUT,450.0,2027-06-17,1262500,250,255,151,600.5701,FLOORTRADELARGECAP,False,True,False,0,1262500,33517036476.0,358,BID,LONG,0.5
SOXX,2026-06-24 15:14:39.872207+00:00,PUT,500.0,2026-07-02,501745,2135,2151,376,603.55,REPEATEDHITSASCENDINGFILL,False,False,False,0,501745,33517036476.0,8,BID,LONG,0.5
SOXX,2026-06-24 14:46:31.348074+00:00,PUT,587.5,2026-07-10,26400,11,25,6,606.41,REPEATEDHITS,False,False,False,0,26400,33517036476.0,16,BID,LONG,0.5
SOXX,2026-06-24 14:46:29.945203+00:00,PUT,587.5,2026-07-10,21600,9,9,6,606.19,REPEATEDHITS,True,False,False,0,21600,33517036476.0,16,BID,LONG,0.5
SOXX,2026-06-24 14:46:27.741944+00:00,PUT,572.5,2026-07-10,11340,6,6,3,606.19,REPEATEDHITS,True,False,False,0,11340,33517036476.0,16,BID,LONG,0.5
SOXX,2026-06-24 14:46:05.903616+00:00,PUT,587.5,2026-07-02,12180,7,11,4,604.87,REPEATEDHITS,False,False,False,0,12180,33517036476.0,8,BID,LONG,0.5
SOXX,2026-06-24 14:20:43.091273+00:00,PUT,602.5,2026-07-24,27540,6,6,5,595.01,REPEATEDHITS,False,False,False,27540,0,33517036476.0,30,ASK,SHORT,1.0
SOXX,2026-06-24 14:18:46.370214+00:00,CALL,617.5,2026-06-26,30400,40,40,34,597.0,REPEATEDHITS,True,False,False,0,30400,33517036476.0,2,BID,SHORT,0.5
SOXX,2026-06-24 14:18:19.518971+00:00,CALL,615.0,2026-07-17,4530724,1471,1490,482,597.68,REPEATEDHITS,False,False,False,0,4530724,33517036476.0,23,BID,SHORT,0.5
SOXX,2026-06-24 14:16:27.466400+00:00,PUT,587.5,2026-06-26,37440,32,34,20,597.45,REPEATEDHITS,False,False,False,37440,0,33517036476.0,2,ASK,SHORT,1.0
SOXX,2026-06-24 13:47:36.719883+00:00,CALL,660.0,2026-06-26,235080,1959,2704,111,598.385,REPEATEDHITS,False,False,False,0,235080,33517036476.0,2,BID,SHORT,0.5
SOXX,2026-06-24 13:38:26.857071+00:00,CALL,660.0,2026-06-26,111475,743,744,111,601.6201,REPEATEDHITS,False,False,False,0,111475,33517036476.0,2,BID,SHORT,0.5
SOXX,2026-06-23 19:46:27.226939+00:00,CALL,830.0,2026-07-24,12746,50,50,3,602.83,REPEATEDHITSDESCENDINGFILL,True,False,False,12746,0,33517036476.0,31,ASK,LONG,1.0
SOXX,2026-06-23 19:42:22.291957+00:00,PUT,622.5,2026-07-24,48690,9,43,0,603.68,REPEATEDHITS,True,False,False,48690,0,33517036476.0,31,ASK,SHORT,1.0
SOXX,2026-06-23 19:42:22.291957+00:00,PUT,607.5,2026-07-24,36800,8,10,1,603.68,REPEATEDHITS,True,False,False,36800,0,33517036476.0,31,ASK,SHORT,1.0
SOXX,2026-06-23 19:42:22.291957+00:00,PUT,625.0,2026-07-24,44400,8,23,4,603.68,REPEATEDHITS,True,False,False,44400,0,33517036476.0,31,ASK,SHORT,1.0
SOXX,2026-06-23 19:40:36.336083+00:00,CALL,655.0,2026-12-18,56370,7,676,6,604.86,REPEATEDHITSDESCENDINGFILL,False,False,False,24160,24160,33517036476.0,178,MIXED,,0.0
SOXX,2026-06-23 19:35:12.314468+00:00,CALL,655.0,2026-12-18,56420,7,665,6,606.01,REPEATEDHITS,False,False,False,8060,48360,33517036476.0,178,BID,SHORT,0.5
SOXX,2026-06-23 19:01:16.376373+00:00,PUT,597.5,2026-06-26,55440,33,68,16,601.703,REPEATEDHITS,True,False,False,0,55440,33517036476.0,3,BID,LONG,0.5
SOXX,2026-06-23 18:48:32.838560+00:00,CALL,655.0,2026-12-18,69750,9,583,6,599.99,REPEATEDHITS,False,False,False,0,54250,33517036476.0,178,BID,SHORT,0.5
SOXX,2026-06-23 18:42:52.678735+00:00,CALL,627.5,2026-07-24,16750,5,9,0,601.21,REPEATEDHITS,False,False,False,3350,10050,33517036476.0,31,BID,SHORT,0.5
SOXX,2026-06-23 18:40:54.680831+00:00,CALL,725.0,2026-07-17,1007142,1707,1708,306,602.175,REPEATEDHITSASCENDINGFILL,False,False,False,0,1007142,33517036476.0,24,BID,SHORT,0.5
SOXX,2026-06-23 18:40:15.216619+00:00,PUT,605.0,2026-07-02,320960,118,252,15,603.175,REPEATEDHITS,True,False,False,320960,0,33517036476.0,9,ASK,SHORT,1.0
SOXX,2026-06-23 18:40:15.216619+00:00,PUT,612.5,2026-07-02,59090,19,20,16,603.175,REPEATEDHITS,True,False,False,59090,0,33517036476.0,9,ASK,SHORT,1.0
SOXX,2026-06-23 18:13:11.580233+00:00,CALL,655.0,2026-12-18,63840,8,513,6,603.5775,REPEATEDHITS,False,False,False,55860,0,33517036476.0,178,ASK,LONG,1.0
SOXX,2026-06-23 18:12:28.531229+00:00,PUT,450.0,2026-07-24,10800,20,20,5,603.975,REPEATEDHITS,False,False,False,0,0,33517036476.0,31,MIXED,,0.0
SOXX,2026-06-23 18:02:22.319187+00:00,CALL,655.0,2026-12-18,64720,8,492,6,605.615,REPEATEDHITS,False,False,False,0,56630,33517036476.0,178,BID,SHORT,0.5
SOXX,2026-06-23 18:00:01.171846+00:00,PUT,605.0,2027-01-15,338450,35,35,9,603.23,REPEATEDHITS,False,False,False,0,0,33517036476.0,206,MIXED,,0.0
SOXX,2026-06-23 17:57:12.900987+00:00,CALL,655.0,2026-12-18,63840,8,484,6,603.88,REPEATEDHITS,False,False,False,47880,0,33517036476.0,178,ASK,LONG,1.0
SOXX,2026-06-23 17:48:44.295111+00:00,CALL,605.0,2026-06-26,253257,134,203,35,606.1,REPEATEDHITS,False,False,False,253257,0,33517036476.0,3,ASK,LONG,1.0
SOXX,2026-06-23 17:48:44.295111+00:00,CALL,615.0,2026-06-26,156744,112,179,69,606.1,REPEATEDHITSDESCENDINGFILL,False,False,False,156744,0,33517036476.0,3,ASK,LONG,1.0
SOXX,2026-06-23 17:48:44.295111+00:00,CALL,597.5,2026-06-26,55200,24,24,8,606.1,REPEATEDHITS,False,False,False,55200,0,33517036476.0,3,ASK,LONG,1.0
SOXX,2026-06-23 17:47:05.794794+00:00,CALL,655.0,2026-12-18,64880,8,464,6,605.65,REPEATEDHITS,False,False,False,56770,0,33517036476.0,178,ASK,LONG,1.0
SOXX,2026-06-23 17:46:06.740098+00:00,CALL,670.0,2026-07-17,1704242,1052,1115,945,606.55,REPEATEDHITS,False,False,False,0,1704242,33517036476.0,24,BID,SHORT,0.5
SOXX,2026-06-23 17:19:35.291567+00:00,PUT,535.0,2026-06-26,280313,1274,1281,403,606.8844,REPEATEDHITS,False,False,False,0,280313,33517036476.0,3,BID,LONG,0.5
SOXX,2026-06-23 17:16:47.537277+00:00,CALL,655.0,2026-12-18,65920,8,419,6,608.46,REPEATEDHITS,False,False,False,57680,0,33517036476.0,178,ASK,LONG,1.0
SOXX,2026-06-23 17:11:37.260802+00:00,CALL,655.0,2026-12-18,65680,8,409,6,608.38,REPEATEDHITS,False,False,False,16420,0,33517036476.0,178,ASK,LONG,1.0
SOXX,2026-06-23 17:07:05.176560+00:00,CALL,655.0,2026-12-18,65060,8,401,6,605.435,REPEATEDHITSDESCENDINGFILL,False,False,False,16270,0,33517036476.0,178,ASK,LONG,1.0
SPOT,2026-06-24 17:05:03.289838+00:00,PUT,447.5,2026-07-10,291924,222,223,0,455.61,REPEATEDHITSDESCENDINGFILL,False,False,False,291924,0,93756716049.0,16,ASK,SHORT,1.0
SPOT,2026-06-24 15:56:49.565702+00:00,PUT,450.0,2026-07-02,80860,76,93,42,454.94,REPEATEDHITS,True,False,False,2130,78730,93756716049.0,8,BID,LONG,0.5
SPOT,2026-06-24 15:56:49.565702+00:00,PUT,445.0,2026-07-02,76951,90,93,19,454.94,REPEATEDHITS,True,False,False,0,76951,93756716049.0,8,BID,LONG,0.5
SPOT,2026-06-24 15:39:28.247169+00:00,PUT,400.0,2026-10-16,422997,180,181,71,454.95,REPEATEDHITS,False,False,False,422997,0,93756716049.0,114,ASK,SHORT,1.0
SPOT,2026-06-24 15:10:45.178467+00:00,PUT,435.0,2026-07-17,207870,169,169,0,453.01,REPEATEDHITS,False,False,False,207870,0,93756716049.0,23,ASK,SHORT,1.0
SPOT,2026-06-24 14:44:18.723503+00:00,CALL,460.0,2026-09-18,757795,180,338,43,451.695,REPEATEDHITSDESCENDINGFILL,False,False,False,757795,0,93756716049.0,86,ASK,LONG,1.0
SPOT,2026-06-24 13:47:46.742450+00:00,CALL,460.0,2026-09-18,672747,150,150,43,457.28,REPEATEDHITS,False,False,False,672747,0,93756716049.0,86,ASK,LONG,1.0
SPOT,2026-06-23 17:18:47.856054+00:00,PUT,420.0,2026-08-21,512562,298,299,71,465.77,REPEATEDHITS,False,False,False,0,512562,93756716049.0,59,BID,LONG,0.5
SPOT,2026-06-23 15:39:34.026471+00:00,CALL,500.0,2026-08-21,1135274,472,473,315,461.93,REPEATEDHITSASCENDINGFILL,False,False,False,16920,1118354,93756716049.0,59,BID,SHORT,0.5
SPOT,2026-06-23 14:39:34.407958+00:00,PUT,452.5,2026-07-02,123765,136,136,0,464.72,REPEATEDHITS,False,False,False,915,122850,93756716049.0,9,BID,LONG,0.5
SPOT,2026-06-22 18:51:31.485577+00:00,PUT,485.0,2026-07-17,340848,92,92,0,458.78,REPEATEDHITSDESCENDINGFILL,False,False,False,333448,7400,93756716049.0,25,ASK,SHORT,1.0
SPOT,2026-06-22 18:21:05.991211+00:00,CALL,640.0,2026-08-21,53007,171,171,68,461.32,REPEATEDHITS,False,False,False,53007,0,93756716049.0,60,ASK,LONG,1.0
SPOT,2026-06-22 16:43:43.151934+00:00,CALL,480.0,2026-07-02,76736,149,152,2,453.71,REPEATEDHITS,False,False,False,0,76736,93756716049.0,10,BID,SHORT,0.5
SPOT,2026-06-22 16:14:24.860095+00:00,CALL,445.0,2026-07-31,53550,14,17,1,454.74,REPEATEDHITS,True,False,False,0,53550,93756716049.0,39,BID,SHORT,0.5
SPOT,2026-06-22 16:14:15.451875+00:00,CALL,485.0,2026-07-02,150923,343,343,5,454.97,REPEATEDHITSASCENDINGFILL,False,False,False,0,150923,93756716049.0,10,BID,SHORT,0.5
SPOT,2026-06-22 15:47:05.436776+00:00,CALL,570.0,2026-10-16,305235,171,171,17,458.7683,REPEATEDHITS,False,False,False,0,305235,93756716049.0,116,BID,SHORT,0.5
SPOT,2026-06-18 19:13:59.801280+00:00,CALL,472.5,2026-06-18,56134,624,647,8,470.85,REPEATEDHITSDESCENDINGFILL,True,False,False,55978,156,93756716049.0,0,ASK,LONG,1.0
SPOT,2026-06-18 15:10:19.672372+00:00,CALL,452.5,2026-06-26,311044,192,192,4,460.32,REPEATEDHITS,False,False,False,0,311044,93756716049.0,8,BID,SHORT,0.5
SPOT,2026-06-17 18:27:40.338350+00:00,CALL,495.0,2026-07-24,95820,71,77,3,457.91,REPEATEDHITSASCENDINGFILL,False,False,False,40725,55095,93756716049.0,37,BID,SHORT,0.5
SPOT,2026-06-17 17:51:15.770920+00:00,CALL,465.0,2026-06-18,84423,252,252,6,460.04,REPEATEDHITS,False,False,False,0,84423,93756716049.0,1,BID,SHORT,0.5
SPOT,2026-06-17 14:50:15.506514+00:00,CALL,495.0,2026-07-02,202724,362,362,37,461.44,REPEATEDHITSASCENDINGFILL,False,False,False,0,202724,93756716049.0,15,BID,SHORT,0.5
SPOT,2026-06-16 14:31:25.070817+00:00,PUT,442.5,2026-06-26,74508,162,162,0,468.67,REPEATEDHITSDESCENDINGFILL,False,False,False,74508,0,93756716049.0,10,ASK,SHORT,1.0
SPOT,2026-06-15 19:48:43.223467+00:00,CALL,517.5,2026-06-26,58090,157,157,0,481.0985,REPEATEDHITS,False,False,False,39220,0,93756716049.0,11,ASK,LONG,1.0
SPOT,2026-06-15 19:15:15.151495+00:00,CALL,590.0,2026-08-21,237375,225,227,129,477.7,REPEATEDHITS,False,False,False,237375,0,93756716049.0,67,ASK,LONG,1.0
SPOT,2026-06-15 17:01:42.803950+00:00,PUT,420.0,2026-07-17,167692,353,356,203,480.965,REPEATEDHITSASCENDINGFILL,False,False,False,960,166732,93756716049.0,32,BID,LONG,0.5
SPOT,2026-06-15 13:33:42.152372+00:00,CALL,650.0,2027-01-15,420865,144,505,69,486.0,REPEATEDHITSDESCENDINGFILL,True,False,False,29220,11700,93756716049.0,214,ASK,LONG,1.0
SPOT,2026-06-15 13:33:42.152372+00:00,CALL,650.0,2027-01-15,230751,79,584,69,486.0,REPEATEDHITSASCENDINGFILL,False,False,False,20475,210276,93756716049.0,214,BID,SHORT,0.5
SPOT,2026-06-15 13:33:32.875007+00:00,CALL,650.0,2027-01-15,483840,168,303,69,484.705,REPEATEDHITS,False,False,False,0,115200,93756716049.0,214,BID,SHORT,0.5
SPOT,2026-06-15 13:33:23.246253+00:00,CALL,650.0,2027-01-15,378675,135,135,69,483.36,REPEATEDHITS,False,False,False,0,187935,93756716049.0,214,BID,SHORT,0.5
SPOT,2026-06-12 18:28:50.744458+00:00,CALL,500.0,2026-06-26,152000,152,178,34,484.01,REPEATEDHITS,False,False,False,0,152000,93756716049.0,14,BID,SHORT,0.5
SPOT,2026-06-12 17:04:00.602403+00:00,CALL,500.0,2026-10-16,1564080,294,295,91,487.81,REPEATEDHITS,False,False,False,0,1564080,93756716049.0,126,BID,SHORT,0.5
SPOT,2026-06-12 15:14:17.070687+00:00,CALL,435.0,2026-07-24,75000,12,20,9,484.45,REPEATEDHITSDESCENDINGFILL,True,False,False,0,75000,93756716049.0,42,BID,SHORT,0.5
SPOT,2026-06-12 13:53:24.587077+00:00,CALL,475.0,2026-06-12,538616,1766,1772,37,471.365,REPEATEDHITS,True,False,False,538020,596,93756716049.0,0,ASK,LONG,1.0
SPOT,2026-06-10 19:13:04.150483+00:00,CALL,520.0,2026-06-12,70191,291,425,215,500.52,REPEATEDHITS,False,False,False,39584,30607,93756716049.0,2,ASK,LONG,1.0
SPOT,2026-06-10 18:28:11.657728+00:00,CALL,550.0,2026-06-26,156087,289,292,139,504.42,REPEATEDHITS,False,False,False,0,156087,93756716049.0,16,BID,SHORT,0.5
SPOT,2026-06-10 14:58:14.663144+00:00,PUT,540.0,2026-07-17,1075974,223,223,51,508.01,REPEATEDHITS,False,False,False,1075974,0,93756716049.0,37,ASK,SHORT,1.0
SPOT,2026-06-09 16:58:10.873693+00:00,CALL,540.0,2026-08-21,722171,257,259,219,490.65,REPEATEDHITS,False,False,False,0,722171,93756716049.0,73,BID,SHORT,0.5
SPOT,2026-06-09 15:55:55.225224+00:00,CALL,505.0,2026-06-12,159160,236,240,67,496.29,REPEATEDHITSDESCENDINGFILL,False,False,False,8775,150385,93756716049.0,3,BID,SHORT,0.5
SPOT,2026-06-09 15:55:55.225224+00:00,CALL,510.0,2026-06-12,134935,265,272,154,496.29,REPEATEDHITSASCENDINGFILL,True,False,False,54025,80910,93756716049.0,3,BID,SHORT,0.5
SPOT,2026-06-09 15:55:55.225224+00:00,CALL,512.5,2026-06-12,69280,158,159,40,496.29,REPEATEDHITSASCENDINGFILL,True,False,False,7900,61380,93756716049.0,3,BID,SHORT,0.5
SPOT,2026-06-09 15:55:55.225224+00:00,CALL,507.5,2026-06-12,614835,1051,1062,12,496.29,REPEATEDHITS,False,False,False,5265,609570,93756716049.0,3,BID,SHORT,0.5
SPOT,2026-06-08 15:17:11.739834+00:00,PUT,505.0,2026-06-26,550620,266,267,8,506.35,REPEATEDHITS,False,False,False,550620,0,93756716049.0,18,ASK,SHORT,1.0
SPOT,2026-06-04 19:05:36.449354+00:00,CALL,720.0,2026-09-18,155250,230,242,177,493.51,REPEATEDHITS,False,False,False,155250,0,93756716049.0,106,ASK,LONG,1.0
SPOT,2026-06-04 16:38:55.106289+00:00,PUT,470.0,2026-06-18,272267,332,346,299,492.67,REPEATEDHITSASCENDINGFILL,False,False,False,825,268142,93756716049.0,14,BID,LONG,0.5
SPOT,2026-06-04 16:27:41.352242+00:00,CALL,485.0,2026-06-18,202475,91,91,16,492.045,REPEATEDHITS,True,False,False,0,202475,93756716049.0,14,BID,SHORT,0.5
SPOT,2026-06-04 15:44:48.572408+00:00,CALL,487.5,2026-06-12,85950,45,45,30,496.265,REPEATEDHITS,True,False,False,0,85950,93756716049.0,8,BID,SHORT,0.5
SPOT,2026-06-04 15:36:05.798336+00:00,CALL,500.0,2026-06-05,150001,300,328,104,496.83,REPEATEDHITS,False,False,False,0,150001,93756716049.0,1,BID,SHORT,0.5
SPOT,2026-06-03 14:48:56.014408+00:00,CALL,550.0,2026-06-12,72194,552,553,145,491.12,REPEATEDHITSASCENDINGFILL,False,False,False,2240,69954,93756716049.0,9,BID,SHORT,0.5
SPOT,2026-06-01 17:48:25.600932+00:00,CALL,650.0,2026-07-17,136496,491,492,113,506.04,REPEATEDHITS,False,False,False,120930,0,93756716049.0,46,ASK,LONG,1.0
SPOT,2026-06-01 16:23:46.843488+00:00,CALL,560.0,2026-06-26,226980,291,291,5,504.99,REPEATEDHITS,False,False,False,226980,0,93756716049.0,25,ASK,LONG,1.0
SPXS,2026-06-24 18:17:03.978627+00:00,CALL,28.5,2026-07-02,20923,317,318,164,27.88,REPEATEDHITS,True,False,False,0,20923,320640296.0,8,BID,SHORT,0.5
SPXS,2026-06-23 15:53:26.416734+00:00,CALL,28.0,2026-07-02,84778,1101,1123,383,27.59,REPEATEDHITS,True,False,False,78,84700,320640296.0,9,BID,SHORT,0.5
SPXS,2026-06-23 13:40:56.945572+00:00,CALL,27.5,2026-06-26,25080,330,358,244,27.7219,REPEATEDHITS,True,False,False,152,24928,320640296.0,3,BID,SHORT,0.5
SPXS,2026-06-22 14:43:44.885889+00:00,CALL,28.0,2026-07-10,52063,801,801,306,26.83,REPEATEDHITS,True,False,False,52063,0,320640296.0,18,ASK,LONG,1.0
SPXS,2026-06-17 19:21:01.346738+00:00,CALL,27.5,2026-06-18,22560,752,1271,268,27.24,REPEATEDHITS,True,False,False,22560,0,320640296.0,1,ASK,LONG,1.0
SPXS,2026-06-15 19:51:12.376731+00:00,CALL,27.0,2026-07-10,14516,191,315,106,26.0603,REPEATEDHITS,True,False,False,14516,0,320640296.0,25,ASK,LONG,1.0
SPXS,2026-06-12 16:59:31.927063+00:00,CALL,29.0,2026-07-24,14000,100,100,57,27.45,REPEATEDHITS,False,False,False,14000,0,320640296.0,42,ASK,LONG,1.0
SPXS,2026-06-09 17:37:04.194907+00:00,CALL,30.0,2026-07-17,267732,1998,2254,1551,28.58,REPEATEDHITS,True,False,False,0,267732,320640296.0,38,BID,SHORT,0.5
SPXS,2026-06-05 19:28:25.539467+00:00,CALL,27.0,2026-06-12,55626,438,707,411,27.87,REPEATEDHITS,True,False,False,0,55626,320640296.0,7,BID,SHORT,0.5
SPXS,2026-06-05 18:36:07.472844+00:00,CALL,27.5,2026-06-05,12600,630,3978,240,27.63,REPEATEDHITS,False,False,False,11640,960,320640296.0,0,ASK,LONG,1.0
SPXS,2026-05-14 19:41:43.482759+00:00,CALL,24.0,2026-06-18,227835,747,749,5,26.6472,REPEATEDHITS,True,False,False,227835,0,320640296.0,35,ASK,LONG,1.0
SPXS,2026-05-11 16:34:30.227780+00:00,CALL,28.0,2026-05-29,85405,899,1113,188,27.53,REPEATEDHITS,True,False,False,0,85405,320640296.0,18,BID,SHORT,0.5
SPXS,2026-05-07 15:29:01.836949+00:00,PUT,29.0,2026-06-12,46332,228,228,0,28.1201,REPEATEDHITSASCENDINGFILL,True,False,False,1260,45072,320640296.0,36,BID,LONG,0.5
SPXS,2026-05-05 18:11:47.628978+00:00,CALL,25.0,2026-07-17,276930,577,578,56,29.36,REPEATEDHITS,True,False,False,275490,1440,320640296.0,73,ASK,LONG,1.0
SPXS,2026-05-04 16:38:08.315744+00:00,CALL,31.0,2026-06-18,16323,86,87,75,30.3,REPEATEDHITSDESCENDINGFILL,True,False,False,15007,1316,320640296.0,45,ASK,LONG,1.0
SPXS,2026-05-01 18:35:37.065859+00:00,CALL,31.0,2026-05-29,88601,814,814,86,29.72,REPEATEDHITSDESCENDINGFILL,True,False,False,85926,2675,320640296.0,28,ASK,LONG,1.0
SPXS,2026-05-01 14:57:43.908889+00:00,CALL,60.0,2026-07-17,19024,464,468,201,29.5,REPEATEDHITS,False,False,False,18983,0,320640296.0,77,ASK,LONG,1.0
SPXS,2026-05-01 14:55:51.344065+00:00,CALL,29.5,2026-05-15,12000,125,218,24,29.52,REPEATEDHITS,False,False,False,12000,0,320640296.0,14,ASK,LONG,1.0
SPXS,2026-05-01 13:58:47.435070+00:00,PUT,29.5,2026-05-15,42971,443,443,22,29.4299,REPEATEDHITS,False,False,False,42874,97,320640296.0,14,ASK,SHORT,1.0
SPXS,2026-04-30 19:46:04.173676+00:00,PUT,31.0,2026-06-05,11450,50,50,1,29.97,REPEATEDHITS,False,False,False,0,11450,320640296.0,36,BID,LONG,0.5
SPXS,2026-04-30 17:30:41.545154+00:00,CALL,32.5,2026-05-29,65703,722,726,327,30.325,REPEATEDHITS,True,False,False,92,65611,320640296.0,29,BID,SHORT,0.5
SPXS,2026-04-30 17:30:37.139667+00:00,CALL,32.0,2026-06-18,111281,727,805,554,30.34,REPEATEDHITS,True,False,False,3875,107406,320640296.0,49,BID,SHORT,0.5
SPXS,2026-04-30 16:13:49.300936+00:00,PUT,30.0,2026-05-22,21539,202,202,172,30.48,REPEATEDHITSDESCENDINGFILL,True,False,False,18914,2625,320640296.0,22,ASK,SHORT,1.0
SPXS,2026-04-29 15:48:53.258061+00:00,CALL,30.0,2026-07-17,129150,410,411,183,31.05,REPEATEDHITS,True,False,False,128835,0,320640296.0,79,ASK,LONG,1.0
SPXS,2026-04-28 17:41:53.730704+00:00,CALL,32.5,2026-05-15,12813,152,165,89,31.015,REPEATEDHITSASCENDINGFILL,True,False,False,0,12813,320640296.0,17,BID,SHORT,0.5
SPXS,2026-04-28 16:44:01.170995+00:00,PUT,32.0,2026-05-22,69422,337,337,36,31.206,REPEATEDHITS,False,False,False,0,69422,320640296.0,24,BID,LONG,0.5
SPXS,2026-04-27 17:23:22.461072+00:00,PUT,35.0,2026-05-01,135000,300,300,33,30.56,REPEATEDHITS,True,False,False,135000,0,320640296.0,4,ASK,SHORT,1.0
SPXS,2026-04-27 15:54:00.695447+00:00,CALL,32.0,2026-07-17,69225,275,308,192,30.705,REPEATEDHITSASCENDINGFILL,True,False,False,19027,50198,320640296.0,81,BID,SHORT,0.5
SPXS,2026-04-27 14:36:16.864184+00:00,PUT,28.5,2026-06-05,34870,398,421,0,30.59,REPEATEDHITSDESCENDINGFILL,True,False,False,18353,3735,320640296.0,39,ASK,SHORT,1.0
SQQQ,2026-06-24 14:38:16.987660+00:00,CALL,40.0,2026-07-10,264915,1015,1037,395,39.39,REPEATEDHITS,False,False,False,0,264915,40.5489,16,BID,SHORT,0.5
SQQQ,2026-06-23 19:08:51.616256+00:00,PUT,40.5,2026-06-26,14410,71,435,29,40.545,REPEATEDHITSASCENDINGFILL,True,False,False,13197,1213,40.5489,3,ASK,SHORT,1.0
SQQQ,2026-06-23 19:04:36.446550+00:00,CALL,41.0,2026-07-24,17395,49,56,26,40.3313,REPEATEDHITS,True,False,False,710,16685,40.5489,31,BID,SHORT,0.5
SQQQ,2026-06-23 13:36:56.617744+00:00,PUT,39.0,2026-12-18,23795,26,26,20,40.38,REPEATEDHITSDESCENDINGFILL,False,False,False,11995,11800,40.5489,178,ASK,SHORT,1.0
SQQQ,2026-06-23 13:34:42.892180+00:00,CALL,40.5,2026-06-26,51875,415,745,407,40.115,REPEATEDHITS,True,False,False,0,51875,40.5489,3,BID,SHORT,0.5
SQQQ,2026-06-22 18:20:24.946145+00:00,CALL,40.5,2026-07-24,70200,360,494,58,36.915,REPEATEDHITS,False,False,False,0,70200,40.5489,32,BID,SHORT,0.5
SQQQ,2026-06-22 17:49:22.609628+00:00,CALL,40.5,2026-07-24,26934,134,134,58,37.065,REPEATEDHITS,False,False,False,0,26934,40.5489,32,BID,SHORT,0.5
SQQQ,2026-06-18 19:56:44.067346+00:00,PUT,33.0,2026-12-18,12505,19,65,5,36.5801,REPEATEDHITSDESCENDINGFILL,False,False,False,7920,4585,40.5489,183,ASK,SHORT,1.0
SQQQ,2026-06-18 17:23:14.263766+00:00,PUT,34.0,2026-07-31,10286,42,42,0,36.6701,REPEATEDHITSDESCENDINGFILL,True,False,False,5187,5099,40.5489,43,ASK,SHORT,1.0
SQQQ,2026-06-18 17:06:56.949201+00:00,CALL,37.0,2026-06-26,177548,1492,2248,865,36.7455,REPEATEDHITS,False,False,False,161245,0,40.5489,8,ASK,LONG,1.0
SQQQ,2026-06-18 16:12:43.370420+00:00,CALL,38.0,2026-07-02,73081,500,2729,359,37.0,REPEATEDHITSASCENDINGFILL,True,False,False,54750,18331,40.5489,14,ASK,LONG,1.0
SQQQ,2026-06-18 16:11:54.296238+00:00,CALL,38.0,2026-07-02,69696,484,2213,359,36.9597,REPEATEDHITS,True,False,False,69696,0,40.5489,14,ASK,LONG,1.0
SQQQ,2026-06-18 13:45:13.683164+00:00,CALL,38.0,2026-07-02,97292,512,522,359,37.82,REPEATEDHITSASCENDINGFILL,True,False,False,25660,71632,40.5489,14,BID,SHORT,0.5
SQQQ,2026-06-18 13:33:23.835222+00:00,CALL,39.5,2026-06-26,13200,176,183,143,37.25,REPEATEDHITS,True,False,False,0,13200,40.5489,8,BID,SHORT,0.5
SQQQ,2026-06-17 17:08:24.170094+00:00,CALL,37.5,2026-06-18,136160,1184,1608,1076,38.0793,REPEATEDHITS,False,False,False,136160,0,40.5489,1,ASK,LONG,1.0
SQQQ,2026-06-16 18:37:51.161624+00:00,PUT,35.0,2026-07-02,42125,354,361,229,37.855,REPEATEDHITS,True,False,False,42125,0,40.5489,16,ASK,SHORT,1.0
SQQQ,2026-06-15 18:53:37.706448+00:00,PUT,36.0,2026-06-18,54936,654,1974,268,36.305,REPEATEDHITS,False,False,False,0,54936,40.5489,3,BID,LONG,0.5
SQQQ,2026-06-15 18:10:56.507817+00:00,CALL,36.5,2026-06-18,13500,135,2376,46,36.365,REPEATEDHITS,False,False,False,0,13500,40.5489,3,BID,SHORT,0.5
SQQQ,2026-06-15 18:04:01.667783+00:00,CALL,35.0,2026-06-26,116233,501,1171,192,36.45,REPEATEDHITS,False,False,False,87000,29001,40.5489,11,ASK,LONG,1.0
SQQQ,2026-06-15 16:15:12.196048+00:00,CALL,36.0,2026-07-17,40186,142,975,134,36.245,REPEATEDHITS,False,False,False,0,23489,40.5489,32,BID,SHORT,0.5
SQQQ,2026-06-15 16:15:12.196048+00:00,CALL,36.0,2026-07-17,48222,171,1146,134,36.2302,REPEATEDHITS,False,False,False,6486,9870,40.5489,32,BID,SHORT,0.5
SQQQ,2026-06-15 16:14:59.551912+00:00,CALL,36.0,2026-07-17,122293,433,833,134,36.245,REPEATEDHITSDESCENDINGFILL,False,False,False,39837,79343,40.5489,32,BID,SHORT,0.5
SQQQ,2026-06-15 16:14:46.941682+00:00,CALL,36.0,2026-07-17,71989,254,400,134,36.25,REPEATEDHITSDESCENDINGFILL,False,False,False,8236,33755,40.5489,32,BID,SHORT,0.5
SQQQ,2026-06-15 16:02:47.186089+00:00,CALL,35.0,2026-07-24,13300,38,138,10,36.25,REPEATEDHITS,False,False,False,7350,5950,40.5489,39,ASK,LONG,1.0
SQQQ,2026-06-15 14:25:12.953693+00:00,CALL,36.5,2026-06-26,134140,706,715,0,36.975,REPEATEDHITS,False,False,False,132240,1900,40.5489,11,ASK,LONG,1.0
SQQQ,2026-06-15 14:18:53.272117+00:00,CALL,37.0,2026-07-31,372185,1111,1173,0,36.88,REPEATEDHITS,True,False,False,371515,670,40.5489,46,ASK,LONG,1.0
SQQQ,2026-06-12 18:19:05.799724+00:00,CALL,45.5,2026-06-26,20800,200,214,173,40.0807,REPEATEDHITS,False,False,False,20800,0,40.5489,14,ASK,LONG,1.0
SQQQ,2026-06-12 17:06:11.010728+00:00,PUT,44.0,2026-06-12,784812,1848,1943,1079,39.8,REPEATEDHITS,False,False,False,784812,0,40.5489,0,ASK,SHORT,1.0
SQQQ,2026-06-12 17:04:25.029196+00:00,CALL,40.5,2026-06-12,61590,4106,7363,1511,39.87,REPEATEDHITS,False,False,False,61590,0,40.5489,0,ASK,LONG,1.0
SQQQ,2026-06-12 14:10:00.096113+00:00,CALL,48.0,2026-06-18,182324,4798,6068,838,40.335,REPEATEDHITS,False,False,False,162108,20216,40.5489,6,ASK,LONG,1.0
SQQQ,2026-06-11 14:43:15.502999+00:00,PUT,43.0,2026-06-12,105930,963,1205,466,43.4999,REPEATEDHITS,False,False,False,105820,110,40.5489,1,ASK,SHORT,1.0
SQQQ,2026-06-10 19:46:00.937781+00:00,PUT,44.5,2026-06-12,49155,339,756,65,44.9401,REPEATEDHITS,True,False,False,49155,0,40.5489,2,ASK,SHORT,1.0
SQQQ,2026-06-10 19:34:05.323773+00:00,CALL,45.5,2026-06-18,53000,200,1126,149,44.97,REPEATEDHITS,True,False,False,0,53000,40.5489,8,BID,SHORT,0.5
SQQQ,2026-06-10 19:27:36.910668+00:00,PUT,43.0,2026-06-26,174882,636,715,46,45.3464,REPEATEDHITSDESCENDINGFILL,True,False,False,72319,1638,40.5489,16,ASK,SHORT,1.0
SQQQ,2026-06-10 19:26:11.999375+00:00,PUT,41.5,2026-07-02,13851,57,210,4,45.26,REPEATEDHITS,False,False,False,13851,0,40.5489,22,ASK,SHORT,1.0
SQQQ,2026-06-10 19:25:50.358768+00:00,PUT,42.5,2026-07-02,16575,56,269,15,45.24,REPEATEDHITSDESCENDINGFILL,True,False,False,15693,882,40.5489,22,ASK,SHORT,1.0
SQQQ,2026-06-10 19:25:29.530386+00:00,PUT,42.0,2026-07-02,41875,153,240,5,45.2085,REPEATEDHITS,True,False,False,28325,13550,40.5489,22,ASK,SHORT,1.0
SQQQ,2026-06-10 19:25:29.530386+00:00,PUT,42.0,2026-07-02,58688,214,572,5,45.2156,REPEATEDHITSASCENDINGFILL,True,False,False,44550,14138,40.5489,22,ASK,SHORT,1.0
SQQQ,2026-06-10 17:26:54.891827+00:00,PUT,40.0,2026-06-18,245016,3403,3835,1893,44.665,REPEATEDHITS,False,False,False,245016,0,40.5489,8,ASK,SHORT,1.0
SQQQ,2026-06-10 15:22:41.071819+00:00,CALL,43.5,2026-06-12,271854,1373,6905,760,44.045,REPEATEDHITS,False,False,False,198,271656,40.5489,2,BID,SHORT,0.5
SQQQ,2026-06-09 19:33:29.669882+00:00,CALL,46.5,2026-06-18,42812,278,1219,118,43.262,REPEATEDHITS,False,False,False,30800,12012,40.5489,9,ASK,LONG,1.0
SQQQ,2026-06-09 16:58:28.508470+00:00,CALL,47.5,2026-06-12,24300,150,584,106,45.72,REPEATEDHITS,True,False,False,0,24300,40.5489,3,BID,SHORT,0.5
SQQQ,2026-06-09 16:38:24.221210+00:00,CALL,60.0,2026-07-24,25020,100,338,17,45.885,REPEATEDHITSDESCENDINGFILL,False,False,False,12700,12320,40.5489,45,ASK,LONG,1.0
SQQQ,2026-06-09 16:25:44.650917+00:00,CALL,51.0,2026-06-18,47452,325,405,117,44.925,REPEATEDHITS,True,False,False,0,47452,40.5489,9,BID,SHORT,0.5
SQQQ,2026-06-09 16:10:48.967913+00:00,PUT,42.0,2026-06-18,50554,322,446,168,44.8799,REPEATEDHITS,False,False,False,32970,17584,40.5489,9,ASK,SHORT,1.0
SQQQ,2026-06-09 15:28:21.974782+00:00,CALL,71.0,2026-12-18,47950,90,90,1,43.465,REPEATEDHITSDESCENDINGFILL,False,False,False,26950,21000,40.5489,192,ASK,LONG,1.0
SQQQ,2026-06-09 14:48:17.791687+00:00,PUT,41.0,2026-07-17,790494,2137,2174,159,42.46,REPEATEDHITS,True,False,False,790494,0,40.5489,38,ASK,SHORT,1.0
SQQQ,2026-06-09 14:36:39.855294+00:00,CALL,41.5,2026-07-10,54270,162,162,45,41.37,REPEATEDHITS,False,False,False,53935,0,40.5489,31,ASK,LONG,1.0
SQQQ,2026-06-09 14:23:29.703764+00:00,CALL,43.0,2026-07-24,17750,50,53,11,41.3,REPEATEDHITS,False,False,False,17750,0,40.5489,45,ASK,LONG,1.0
SQQQ,2026-06-09 14:04:50.706094+00:00,CALL,44.0,2026-06-18,451260,5014,5656,845,40.3,REPEATEDHITS,False,False,False,451260,0,40.5489,9,ASK,LONG,1.0
STGW,2026-06-24 17:40:51.127090+00:00,CALL,8.0,2026-08-21,17175,229,233,18,7.119,REPEATEDHITS,False,False,False,17175,0,1744894737.0,58,ASK,LONG,1.0
STGW,2026-06-24 17:40:40.906252+00:00,CALL,8.0,2026-09-18,22500,250,250,34,7.12,REPEATEDHITS,True,False,False,3330,19170,1744894737.0,86,BID,SHORT,0.5
TE,2026-06-22 18:33:17.518189+00:00,CALL,12.5,2026-07-02,25125,335,392,174,10.845,REPEATEDHITS,False,False,False,25125,0,2580467551.0,10,ASK,LONG,1.0
TE,2026-06-22 16:19:36.989514+00:00,CALL,22.0,2026-08-21,65000,1000,2024,180,10.435,REPEATEDHITS,False,False,False,65000,0,2580467551.0,60,ASK,LONG,1.0
TE,2026-06-22 15:11:49.298055+00:00,CALL,11.5,2026-06-26,26400,660,2905,613,10.275,REPEATEDHITS,False,False,False,26400,0,2580467551.0,4,ASK,LONG,1.0
TE,2026-06-17 19:23:10.573860+00:00,CALL,15.0,2026-07-31,142450,2035,2038,490,9.6001,REPEATEDHITS,False,False,False,350,142100,2580467551.0,44,BID,SHORT,0.5
TE,2026-06-16 19:44:47.348483+00:00,PUT,8.0,2026-07-17,452251,4310,4389,4261,8.775,REPEATEDHITSDESCENDINGFILL,False,False,False,452251,0,2580467551.0,31,ASK,SHORT,1.0
TE,2026-06-16 19:29:09.367019+00:00,PUT,10.0,2026-09-18,46500,150,152,66,8.79,REPEATEDHITS,True,False,False,24180,2170,2580467551.0,94,ASK,SHORT,1.0
TE,2026-06-15 14:18:53.272117+00:00,CALL,9.0,2026-07-10,27634,230,244,141,8.74,REPEATEDHITSDESCENDINGFILL,False,False,False,0,27634,2580467551.0,25,BID,SHORT,0.5
TE,2026-06-11 18:31:21.229591+00:00,CALL,18.0,2026-10-16,578899,7236,11926,101,7.95,REPEATEDHITSASCENDINGFILL,False,False,False,0,574899,2580467551.0,127,BID,SHORT,0.5
TE,2026-06-11 17:57:41.220377+00:00,PUT,6.5,2026-07-24,21000,300,300,6,7.875,REPEATEDHITS,False,False,False,10220,10780,2580467551.0,43,BID,LONG,0.5
TE,2026-06-11 16:11:03.324158+00:00,CALL,20.0,2027-06-17,42300,180,184,114,7.605,REPEATEDHITS,False,False,False,42300,0,2580467551.0,371,ASK,LONG,1.0
TE,2026-06-11 14:36:43.864232+00:00,CALL,8.0,2026-06-26,63636,750,1077,177,7.78,REPEATEDHITS,False,False,False,63636,0,2580467551.0,15,ASK,LONG,1.0
TE,2026-06-11 14:08:57.513361+00:00,CALL,18.0,2026-10-16,372640,4658,4658,101,7.705,REPEATEDHITS,False,False,False,400,369760,2580467551.0,127,BID,SHORT,0.5
TE,2026-06-11 14:04:06.876065+00:00,CALL,8.0,2026-06-26,18000,200,215,177,7.855,REPEATEDHITS,True,False,False,16470,0,2580467551.0,15,ASK,LONG,1.0
TE,2026-06-10 16:35:20.774325+00:00,PUT,7.5,2026-07-24,24570,200,2505,58,7.875,REPEATEDHITSASCENDINGFILL,False,False,False,0,24570,2580467551.0,44,BID,LONG,0.5
TE,2026-06-09 19:26:31.073456+00:00,CALL,9.0,2026-07-02,55000,550,707,110,8.32,REPEATEDHITS,False,False,False,55000,0,2580467551.0,23,ASK,LONG,1.0
TE,2026-06-09 17:19:56.882741+00:00,CALL,13.5,2026-06-26,15000,1000,1006,30,8.375,REPEATEDHITS,True,False,False,15000,0,2580467551.0,17,ASK,LONG,1.0
TE,2026-06-08 18:40:26.864081+00:00,PUT,9.5,2026-06-18,14400,144,194,131,9.165,REPEATEDHITS,False,False,False,0,14400,2580467551.0,10,BID,LONG,0.5
TE,2026-06-05 19:46:58.952198+00:00,CALL,8.5,2026-06-12,26600,190,293,96,9.555,REPEATEDHITS,False,False,False,26600,0,2580467551.0,7,ASK,LONG,1.0
TE,2026-06-04 17:56:09.218141+00:00,PUT,10.5,2026-06-12,19552,416,2828,399,11.59,REPEATEDHITS,False,False,False,0,19552,2580467551.0,8,BID,LONG,0.5
TE,2026-06-04 17:56:09.218141+00:00,PUT,10.5,2026-06-12,40032,834,2412,399,11.565,REPEATEDHITS,False,False,False,0,40032,2580467551.0,8,BID,LONG,0.5
TE,2026-06-04 17:53:21.131253+00:00,PUT,10.5,2026-06-12,36400,728,1136,399,11.535,REPEATEDHITS,True,False,False,0,36400,2580467551.0,8,BID,LONG,0.5
TE,2026-06-03 16:00:22.247626+00:00,CALL,22.0,2027-01-15,128040,388,1498,134,11.865,REPEATEDHITS,False,False,False,1320,0,2580467551.0,226,ASK,LONG,1.0
TE,2026-06-03 15:59:09.924807+00:00,CALL,22.0,2027-01-15,92400,280,1106,134,11.79,REPEATEDHITS,False,False,False,26070,0,2580467551.0,226,ASK,LONG,1.0
TE,2026-06-03 14:52:16.775343+00:00,CALL,18.0,2026-06-26,46140,769,791,29,11.99,REPEATEDHITS,False,False,False,6900,39240,2580467551.0,23,BID,SHORT,0.5
TE,2026-06-03 14:12:35.886170+00:00,CALL,22.0,2027-01-15,126360,351,400,134,12.195,REPEATEDHITS,False,False,False,113400,12960,2580467551.0,226,ASK,LONG,1.0
TE,2026-06-03 13:42:06.591823+00:00,CALL,16.0,2026-07-17,450170,3000,3008,2144,12.09,REPEATEDHITSDESCENDINGFILL,False,False,False,0,450170,2580467551.0,44,BID,SHORT,0.5
TE,2026-06-02 18:11:50.770793+00:00,CALL,13.5,2026-06-05,12983,371,1302,286,11.77,REPEATEDHITSDESCENDINGFILL,False,False,False,12983,0,2580467551.0,3,ASK,LONG,1.0
TE,2026-06-02 17:23:26.644062+00:00,PUT,10.0,2026-07-17,59740,412,472,351,11.865,REPEATEDHITS,False,False,False,59740,0,2580467551.0,45,ASK,SHORT,1.0
TE,2026-06-02 14:09:52.305246+00:00,CALL,12.5,2026-06-05,27343,500,667,244,11.44,REPEATEDHITSASCENDINGFILL,False,False,False,26343,0,2580467551.0,3,ASK,LONG,1.0
TE,2026-06-02 14:07:55.846277+00:00,CALL,14.0,2026-08-21,23230,83,105,54,11.485,REPEATEDHITSASCENDINGFILL,False,False,False,23230,0,2580467551.0,80,ASK,LONG,1.0
TE,2026-06-01 13:58:41.398788+00:00,CALL,10.0,2026-06-12,176580,1962,2189,1079,9.61,REPEATEDHITS,False,False,False,176580,0,2580467551.0,11,ASK,LONG,1.0
TE,2026-05-28 19:30:15.449044+00:00,PUT,11.0,2026-06-12,22560,141,144,17,10.94,REPEATEDHITS,True,False,False,0,22560,2580467551.0,15,BID,LONG,0.5
TE,2026-05-28 18:54:05.874554+00:00,CALL,16.0,2026-07-02,60360,503,813,23,11.1,REPEATEDHITS,False,False,False,60360,0,2580467551.0,35,ASK,LONG,1.0
TE,2026-05-28 16:51:22.203578+00:00,CALL,14.0,2026-06-05,24970,454,1125,162,11.33,REPEATEDHITS,False,False,False,24970,0,2580467551.0,8,ASK,LONG,1.0
TE,2026-05-28 14:49:20.108136+00:00,CALL,22.0,2028-01-21,22384,38,61,0,11.12,REPEATEDHITSDESCENDINGFILL,False,False,False,22384,0,2580467551.0,603,ASK,LONG,1.0
TE,2026-05-27 19:39:12.910139+00:00,CALL,20.0,2026-07-17,11338,84,11380,0,10.75,REPEATEDHITSASCENDINGFILL,False,False,False,11338,0,2580467551.0,51,ASK,LONG,1.0
TE,2026-05-27 18:59:51.005018+00:00,PUT,9.0,2026-06-26,13130,100,167,87,10.62,REPEATEDHITSDESCENDINGFILL,False,False,False,0,13130,2580467551.0,30,BID,LONG,0.5
TE,2026-05-27 18:50:09.374309+00:00,CALL,20.0,2026-07-17,22140,164,10723,0,10.7,REPEATEDHITS,False,False,False,0,22140,2580467551.0,51,BID,SHORT,0.5
TE,2026-05-27 17:34:13.581531+00:00,CALL,20.0,2026-07-17,14222,90,9435,0,11.23,REPEATEDHITSASCENDINGFILL,True,False,False,13915,152,2580467551.0,51,ASK,LONG,1.0
TE,2026-05-27 17:31:45.779459+00:00,CALL,20.0,2026-06-18,10304,122,6429,0,11.105,REPEATEDHITSDESCENDINGFILL,False,False,False,10144,160,2580467551.0,22,ASK,LONG,1.0
TE,2026-05-27 17:27:37.922096+00:00,CALL,20.0,2026-06-18,16480,206,3399,0,11.18,REPEATEDHITS,False,False,False,800,0,2580467551.0,22,ASK,LONG,1.0
TE,2026-05-27 17:27:28.314697+00:00,CALL,20.0,2026-06-18,16350,205,2957,0,11.16,REPEATEDHITS,False,False,False,16350,0,2580467551.0,22,ASK,LONG,1.0
TE,2026-05-27 17:27:12.888787+00:00,CALL,21.0,2026-10-16,72500,290,294,0,11.0851,REPEATEDHITS,False,False,False,72500,0,2580467551.0,142,ASK,LONG,1.0
TE,2026-05-27 17:25:45.761236+00:00,CALL,20.0,2026-06-18,21000,300,833,0,10.935,REPEATEDHITS,False,False,False,21000,0,2580467551.0,22,ASK,LONG,1.0
TE,2026-05-27 17:12:57.648700+00:00,CALL,20.0,2026-07-17,18977,146,8520,0,10.6321,REPEATEDHITSASCENDINGFILL,False,False,False,18850,127,2580467551.0,51,ASK,LONG,1.0
TE,2026-05-27 17:10:30.871959+00:00,CALL,20.0,2026-07-17,18380,140,8306,0,10.675,REPEATEDHITSDESCENDINGFILL,False,False,False,0,16170,2580467551.0,51,BID,SHORT,0.5
TE,2026-05-27 17:10:30.465770+00:00,CALL,12.5,2026-05-29,121162,3029,9785,731,10.716,REPEATEDHITSDESCENDINGFILL,False,False,False,0,121162,2580467551.0,2,BID,SHORT,0.5
TE,2026-05-27 16:54:35.014013+00:00,PUT,11.0,2026-06-05,10850,70,649,14,11.0193,REPEATEDHITS,False,False,False,0,10850,2580467551.0,9,BID,LONG,0.5
TE,2026-05-27 16:52:50.048950+00:00,CALL,20.0,2026-07-17,13500,100,7354,0,10.93,REPEATEDHITS,False,False,False,0,13500,2580467551.0,51,BID,SHORT,0.5
TE,2026-05-27 16:49:33.556190+00:00,CALL,20.0,2026-07-17,14000,100,7066,0,11.015,REPEATEDHITS,False,False,False,14000,0,2580467551.0,51,ASK,LONG,1.0
TECL,2026-06-24 18:25:15.911851+00:00,PUT,195.0,2026-08-21,64410,23,23,2,205.59,REPEATEDHITS,True,False,False,0,64410,6086448000.0,58,BID,LONG,0.5
TECL,2026-06-24 13:32:37.769516+00:00,PUT,195.0,2026-07-17,77280,48,48,29,210.5,REPEATEDHITS,True,False,False,0,77280,6086448000.0,23,BID,LONG,0.5
TECL,2026-06-23 15:51:47.299508+00:00,CALL,215.0,2026-08-21,49000,14,30,0,212.11,REPEATEDHITS,False,False,False,49000,0,6086448000.0,59,ASK,LONG,1.0
TECL,2026-06-23 14:46:44.213159+00:00,PUT,185.0,2026-07-17,70179,58,60,25,215.705,REPEATEDHITS,True,False,False,70179,0,6086448000.0,24,ASK,SHORT,1.0
TECL,2026-06-23 14:04:29.613593+00:00,PUT,199.0,2026-07-17,68850,45,45,28,220.14,REPEATEDHITS,False,False,False,0,68850,6086448000.0,24,BID,LONG,0.5
TECL,2026-06-23 14:04:22.602115+00:00,CALL,220.0,2026-09-18,187050,43,44,15,220.14,REPEATEDHITS,False,False,False,0,187050,6086448000.0,87,BID,SHORT,0.5
TECL,2026-06-23 13:53:42.300222+00:00,PUT,196.0,2026-07-17,13860,9,9,7,217.415,REPEATEDHITS,True,False,False,0,13860,6086448000.0,24,BID,LONG,0.5
TECL,2026-06-23 13:53:42.300222+00:00,PUT,194.0,2026-07-17,22050,15,16,2,217.415,REPEATEDHITS,True,False,False,0,22050,6086448000.0,24,BID,LONG,0.5
TECL,2026-06-22 18:23:21.558692+00:00,PUT,160.0,2026-08-21,18466,20,21,0,239.8,REPEATEDHITSASCENDINGFILL,False,False,False,2760,15706,6086448000.0,60,BID,LONG,0.5
TECL,2026-06-22 17:50:49.910594+00:00,PUT,240.0,2026-07-17,50600,20,25,8,238.465,REPEATEDHITS,False,False,False,0,50600,6086448000.0,25,BID,LONG,0.5
TECL,2026-06-22 17:50:49.910594+00:00,PUT,265.0,2026-07-17,44110,11,11,1,238.465,REPEATEDHITS,True,False,False,0,44110,6086448000.0,25,BID,LONG,0.5
TECL,2026-06-22 17:50:49.910594+00:00,PUT,255.0,2026-07-17,47180,14,14,1,238.465,REPEATEDHITS,False,False,False,0,47180,6086448000.0,25,BID,LONG,0.5
TECL,2026-06-17 17:28:03.013726+00:00,CALL,360.0,2027-01-15,47523,16,51,1,228.2071,REPEATEDHITSDESCENDINGFILL,False,False,False,0,47523,6086448000.0,212,BID,SHORT,0.5
TECL,2026-06-17 17:27:40.788149+00:00,CALL,350.0,2027-03-19,217940,54,54,0,228.2071,REPEATEDHITSDESCENDINGFILL,False,False,False,97040,120900,6086448000.0,275,BID,SHORT,0.5
TECL,2026-06-17 14:20:35.416657+00:00,CALL,335.0,2027-01-15,82751,25,75,0,228.04,REPEATEDHITSDESCENDINGFILL,False,False,False,0,82751,6086448000.0,212,BID,SHORT,0.5
TECL,2026-06-17 14:19:21.314888+00:00,CALL,335.0,2027-01-15,171119,50,50,0,228.4,REPEATEDHITSASCENDINGFILL,False,False,False,124776,46343,6086448000.0,212,ASK,LONG,1.0
TECL,2026-06-17 13:45:12.799450+00:00,CALL,221.96,2026-09-18,120000,25,25,24,229.29,REPEATEDHITS,False,False,False,120000,0,6086448000.0,93,ASK,LONG,1.0
TECL,2026-06-16 16:31:35.366011+00:00,CALL,199.0,2026-07-17,112280,28,28,8,226.455,REPEATEDHITS,True,False,False,12030,100250,6086448000.0,31,BID,SHORT,0.5
TECL,2026-06-16 16:05:49.878344+00:00,PUT,215.0,2026-07-17,30780,17,37,13,227.67,REPEATEDHITS,True,False,False,0,30780,6086448000.0,31,BID,LONG,0.5
TECL,2026-06-16 14:16:30.949007+00:00,PUT,221.96,2026-06-18,15180,46,57,16,236.855,REPEATEDHITS,True,False,False,15180,0,6086448000.0,2,ASK,SHORT,1.0
TECL,2026-06-15 13:47:48.977218+00:00,PUT,240.0,2026-06-18,330000,300,300,75,236.87,REPEATEDHITS,False,False,False,330000,0,6086448000.0,3,ASK,SHORT,1.0
TECL,2026-06-12 19:31:26.944260+00:00,CALL,216.96,2026-06-18,58850,55,55,16,215.05,REPEATEDHITS,True,False,False,1070,57780,6086448000.0,6,BID,SHORT,0.5
TECL,2026-06-12 15:59:24.059202+00:00,PUT,194.0,2026-06-18,25460,38,38,5,211.615,REPEATEDHITS,True,False,False,25460,0,6086448000.0,6,ASK,SHORT,1.0
TECL,2026-06-12 15:57:35.103691+00:00,CALL,230.0,2027-06-17,146960,20,20,0,212.98,FLOORTRADEMIDCAP,False,True,True,0,146960,6086448000.0,370,BID,SHORT,0.5
TECL,2026-06-11 17:50:28.985164+00:00,CALL,199.0,2026-06-18,20150,13,18,6,202.1501,REPEATEDHITS,True,False,False,0,20150,6086448000.0,7,BID,SHORT,0.5
TECL,2026-06-11 15:16:01.319538+00:00,PUT,186.96,2026-06-18,10400,10,55,7,194.835,REPEATEDHITS,True,False,False,0,10400,6086448000.0,7,BID,LONG,0.5
TECL,2026-06-11 14:58:54.289733+00:00,PUT,186.96,2026-06-18,55350,45,45,7,190.76,REPEATEDHITS,True,False,False,55350,0,6086448000.0,7,ASK,SHORT,1.0
TECL,2026-06-11 14:58:54.289733+00:00,PUT,181.96,2026-06-18,31620,31,98,19,190.76,REPEATEDHITS,True,False,False,31620,0,6086448000.0,7,ASK,SHORT,1.0
TECL,2026-06-11 14:01:14.795790+00:00,PUT,191.96,2026-06-18,14280,14,14,11,199.51,REPEATEDHITS,True,False,False,0,14280,6086448000.0,7,BID,LONG,0.5
TECL,2026-06-11 13:53:40.938767+00:00,PUT,193.0,2026-06-18,11880,11,19,5,200.0,REPEATEDHITS,True,False,False,0,11880,6086448000.0,7,BID,LONG,0.5
TECL,2026-06-11 13:46:39.903567+00:00,PUT,181.96,2026-06-18,54940,67,67,19,196.58,REPEATEDHITS,True,False,False,0,54940,6086448000.0,7,BID,LONG,0.5
TECL,2026-06-11 13:46:39.903567+00:00,PUT,183.0,2026-06-18,41650,49,49,35,196.58,REPEATEDHITS,False,False,False,0,41650,6086448000.0,7,BID,LONG,0.5
TECL,2026-06-10 19:59:57.579018+00:00,CALL,186.96,2026-06-18,56702,35,35,2,189.765,REPEATEDHITS,False,False,False,0,56702,6086448000.0,8,BID,SHORT,0.5
TECL,2026-06-10 15:11:27.125913+00:00,PUT,183.0,2026-06-18,23098,22,23,13,194.6,REPEATEDHITS,True,False,False,22048,1050,6086448000.0,8,ASK,SHORT,1.0
TECL,2026-06-10 14:56:47.113481+00:00,PUT,188.0,2026-06-18,28340,26,26,21,198.0042,REPEATEDHITS,True,False,False,28340,0,6086448000.0,8,ASK,SHORT,1.0
TECL,2026-06-10 14:55:58.835898+00:00,PUT,189.0,2026-06-18,25910,24,24,19,199.21,REPEATEDHITS,False,False,False,25910,0,6086448000.0,8,ASK,SHORT,1.0
TECL,2026-06-10 14:55:58.835898+00:00,PUT,184.0,2026-06-18,27000,30,30,11,199.21,REPEATEDHITS,True,False,False,27000,0,6086448000.0,8,ASK,SHORT,1.0
TECL,2026-06-10 13:49:52.766255+00:00,PUT,184.0,2026-07-17,30780,18,18,5,205.49,REPEATEDHITS,True,False,False,0,30780,6086448000.0,37,BID,LONG,0.5
TECL,2026-06-09 19:20:16.308564+00:00,PUT,187.0,2026-07-17,35680,16,16,5,193.9025,REPEATEDHITS,True,False,False,35680,0,6086448000.0,38,ASK,SHORT,1.0
TECL,2026-06-09 18:37:23.582863+00:00,PUT,189.0,2026-06-18,16960,16,21,9,199.7399,REPEATEDHITS,False,False,False,0,16960,6086448000.0,9,BID,LONG,0.5
TECL,2026-06-09 16:59:12.440722+00:00,PUT,166.96,2026-06-18,40590,41,61,21,181.3028,REPEATEDHITS,True,False,False,0,40590,6086448000.0,9,BID,LONG,0.5
TECL,2026-06-09 16:59:12.440722+00:00,PUT,171.96,2026-06-18,31590,27,46,17,181.3028,REPEATEDHITS,False,False,False,0,31590,6086448000.0,9,BID,LONG,0.5
TECL,2026-06-09 16:21:13.119431+00:00,CALL,186.0,2026-07-17,19520,8,8,3,181.18,REPEATEDHITS,True,False,False,19520,0,6086448000.0,38,ASK,LONG,1.0
TECL,2026-06-09 16:20:09.570909+00:00,PUT,171.96,2026-06-18,23748,19,19,17,181.2301,REPEATEDHITS,False,False,False,23748,0,6086448000.0,9,ASK,SHORT,1.0
TECL,2026-06-09 16:20:09.570909+00:00,PUT,166.96,2026-07-17,43700,23,24,3,181.2301,REPEATEDHITS,False,False,False,43700,0,6086448000.0,38,ASK,SHORT,1.0
TECL,2026-06-09 16:20:01.757138+00:00,PUT,171.96,2026-09-18,104640,32,32,0,181.47,REPEATEDHITS,False,False,False,104640,0,6086448000.0,101,ASK,SHORT,1.0
TECL,2026-06-09 16:20:01.757138+00:00,PUT,176.96,2026-09-18,56640,16,16,0,181.47,REPEATEDHITS,False,False,False,56640,0,6086448000.0,101,ASK,SHORT,1.0
TECL,2026-06-09 16:20:01.757138+00:00,PUT,170.0,2026-07-17,122609,61,66,16,181.47,REPEATEDHITS,False,False,False,122609,0,6086448000.0,38,ASK,SHORT,1.0
TECL,2026-06-09 16:08:43.327751+00:00,PUT,183.0,2026-06-18,13960,10,13,2,187.155,REPEATEDHITSASCENDINGFILL,True,False,False,13960,0,6086448000.0,9,ASK,SHORT,1.0
TECL,2026-06-09 14:55:06.331359+00:00,PUT,181.96,2026-07-17,31500,21,21,5,205.55,REPEATEDHITS,False,False,False,0,31500,6086448000.0,38,BID,LONG,0.5
TQQQ,2026-06-24 18:46:53.263387+00:00,CALL,80.0,2026-07-10,324225,1441,1674,1070,72.48,REPEATEDHITS,False,False,False,324225,0,74.4704,16,ASK,LONG,1.0
TQQQ,2026-06-24 17:28:07.448618+00:00,PUT,67.5,2026-07-24,32815,67,67,48,72.63,REPEATEDHITSDESCENDINGFILL,True,False,False,32330,485,74.4704,30,ASK,SHORT,1.0
TQQQ,2026-06-24 17:08:34.178131+00:00,CALL,69.0,2026-08-21,116620,98,124,0,73.53,REPEATEDHITS,False,False,False,1190,115430,74.4704,58,BID,SHORT,0.5
TQQQ,2026-06-24 15:49:13.595112+00:00,CALL,81.0,2026-06-26,148015,4229,5240,2365,74.755,REPEATEDHITS,False,False,False,148015,0,74.4704,2,ASK,LONG,1.0
TQQQ,2026-06-24 15:13:51.017015+00:00,CALL,81.0,2026-07-31,24990,51,57,43,75.0899,REPEATEDHITS,True,False,False,0,24990,74.4704,37,BID,SHORT,0.5
TQQQ,2026-06-24 14:44:13.317208+00:00,CALL,75.0,2026-07-10,262500,500,1016,367,74.975,REPEATEDHITS,False,False,False,262500,0,74.4704,16,ASK,LONG,1.0
TQQQ,2026-06-24 13:52:17.577574+00:00,PUT,74.0,2026-08-21,45845,53,54,36,75.255,REPEATEDHITS,True,False,False,0,45845,74.4704,58,BID,LONG,0.5
TQQQ,2026-06-23 19:48:06.995032+00:00,PUT,69.0,2026-07-17,776160,1764,1883,743,74.5,REPEATEDHITS,False,False,False,440,775720,74.4704,24,BID,LONG,0.5
TQQQ,2026-06-23 19:42:22.291957+00:00,PUT,65.0,2026-07-24,755306,2041,2466,1209,74.77,REPEATEDHITSASCENDINGFILL,False,False,False,0,755306,74.4704,31,BID,LONG,0.5
TQQQ,2026-06-23 18:58:05.726290+00:00,CALL,76.0,2026-08-21,26378,30,739,2,74.0999,REPEATEDHITSDESCENDINGFILL,False,False,False,26378,0,74.4704,59,ASK,LONG,1.0
TQQQ,2026-06-23 18:39:55.996183+00:00,CALL,77.0,2026-07-17,825550,1501,1685,482,74.845,REPEATEDHITS,False,False,False,825550,0,74.4704,24,ASK,LONG,1.0
TQQQ,2026-06-23 18:36:22.165159+00:00,PUT,80.5,2026-07-02,86440,113,124,43,74.995,REPEATEDHITS,False,False,False,85680,760,74.4704,9,ASK,SHORT,1.0
TQQQ,2026-06-23 18:07:33.212061+00:00,PUT,66.5,2026-06-26,59598,903,1014,647,75.1708,REPEATEDHITS,False,False,False,0,59598,74.4704,3,BID,LONG,0.5
TQQQ,2026-06-23 17:51:27.852478+00:00,CALL,95.0,2026-07-31,62856,398,590,235,75.7107,REPEATEDHITS,False,False,False,38078,20382,74.4704,38,ASK,LONG,1.0
TQQQ,2026-06-23 15:41:59.818588+00:00,CALL,75.0,2026-07-17,1080625,1625,2128,1326,75.16,REPEATEDHITS,False,False,False,1080625,0,74.4704,24,ASK,LONG,1.0
TQQQ,2026-06-23 14:28:11.235375+00:00,PUT,71.5,2026-07-02,74289,302,312,65,76.97,REPEATEDHITSDESCENDINGFILL,True,False,False,73554,245,74.4704,9,ASK,SHORT,1.0
TQQQ,2026-06-23 13:49:06.528752+00:00,CALL,79.5,2026-07-17,47284,100,100,0,76.1125,REPEATEDHITS,False,False,False,47284,0,74.4704,24,ASK,LONG,1.0
TQQQ,2026-06-22 19:07:27.342326+00:00,CALL,88.0,2026-07-02,333909,2241,2360,346,81.85,REPEATEDHITS,False,False,False,333909,0,74.4704,10,ASK,LONG,1.0
TQQQ,2026-06-22 14:57:09.662765+00:00,CALL,82.5,2026-07-02,55600,139,148,38,82.1499,REPEATEDHITS,True,False,False,0,55600,74.4704,10,BID,SHORT,0.5
TQQQ,2026-06-22 14:50:16.211408+00:00,PUT,81.5,2026-07-02,69000,200,209,172,82.55,REPEATEDHITS,False,False,False,0,69000,74.4704,10,BID,LONG,0.5
TQQQ,2026-06-22 14:42:15.526804+00:00,PUT,72.0,2026-07-10,877772,4324,4403,783,82.66,REPEATEDHITS,False,False,False,0,877772,74.4704,18,BID,LONG,0.5
TQQQ,2026-06-22 14:32:01.547762+00:00,PUT,81.0,2026-08-21,23614,27,69,0,82.88,REPEATEDHITSDESCENDINGFILL,True,False,False,23614,0,74.4704,60,ASK,SHORT,1.0
TQQQ,2026-06-22 14:30:26.934306+00:00,PUT,81.0,2026-08-21,26660,31,37,0,83.1,REPEATEDHITS,False,False,False,24080,860,74.4704,60,ASK,SHORT,1.0
TQQQ,2026-06-22 14:24:04.656468+00:00,PUT,45.0,2026-08-21,20122,234,383,0,83.99,REPEATEDHITS,True,False,False,20122,0,74.4704,60,ASK,SHORT,1.0
TQQQ,2026-06-18 19:54:31.451346+00:00,PUT,83.0,2026-07-02,135020,314,430,239,83.31,REPEATEDHITS,True,False,False,0,134590,74.4704,14,BID,LONG,0.5
TQQQ,2026-06-18 19:45:49.781714+00:00,PUT,91.0,2026-06-26,13940,17,40,15,83.4,REPEATEDHITS,False,False,False,0,13940,74.4704,8,BID,LONG,0.5
TQQQ,2026-06-18 17:52:36.095544+00:00,CALL,88.5,2026-06-26,38000,380,608,136,83.1942,REPEATEDHITS,False,False,False,28500,9500,74.4704,8,ASK,LONG,1.0
TQQQ,2026-06-18 17:12:37.753804+00:00,PUT,83.5,2026-06-18,431457,6253,12740,745,83.0623,REPEATEDHITS,False,False,False,431457,0,74.4704,0,ASK,SHORT,1.0
TQQQ,2026-06-18 17:07:23.383042+00:00,PUT,83.5,2026-06-18,400015,5195,6471,745,82.955,REPEATEDHITS,False,False,False,400015,0,74.4704,0,ASK,SHORT,1.0
TQQQ,2026-06-18 15:53:44.998694+00:00,CALL,88.0,2026-06-26,246666,2517,3731,1374,82.375,REPEATEDHITS,False,False,False,392,246274,74.4704,8,BID,SHORT,0.5
TQQQ,2026-06-18 15:52:38.709923+00:00,PUT,88.0,2026-06-26,108230,158,461,77,82.1701,REPEATEDHITS,False,False,False,685,107545,74.4704,8,BID,LONG,0.5
TQQQ,2026-06-18 14:48:12.820261+00:00,PUT,91.0,2026-06-26,18900,21,21,15,82.57,REPEATEDHITS,False,False,False,0,18900,74.4704,8,BID,LONG,0.5
TQQQ,2026-06-18 14:43:47.814576+00:00,PUT,83.5,2026-06-18,154020,906,974,745,81.99,REPEATEDHITS,False,False,False,133450,13090,74.4704,0,ASK,SHORT,1.0
TQQQ,2026-06-18 14:31:53.035194+00:00,CALL,93.0,2026-08-21,11730,23,26,0,81.56,REPEATEDHITS,False,False,False,1530,0,74.4704,64,ASK,LONG,1.0
TQQQ,2026-06-18 14:23:45.182633+00:00,PUT,86.0,2026-06-26,75060,139,148,110,82.3795,REPEATEDHITS,False,False,False,0,75060,74.4704,8,BID,LONG,0.5
TQQQ,2026-06-18 14:23:19.331431+00:00,PUT,82.5,2026-06-18,95000,1000,3109,697,82.19,REPEATEDHITS,False,False,False,0,95000,74.4704,0,BID,LONG,0.5
TQQQ,2026-06-18 14:17:49.699695+00:00,CALL,85.0,2026-08-21,170680,202,420,0,82.135,REPEATEDHITSASCENDINGFILL,False,False,False,1680,169000,74.4704,64,BID,SHORT,0.5
TQQQ,2026-06-18 14:06:27.126266+00:00,PUT,88.0,2026-06-26,82485,117,301,77,81.99,REPEATEDHITS,False,False,False,0,82485,74.4704,8,BID,LONG,0.5
TQQQ,2026-06-18 14:06:09.491271+00:00,PUT,88.0,2026-06-26,116640,162,184,77,81.8,REPEATEDHITS,False,False,False,0,116640,74.4704,8,BID,LONG,0.5
TQQQ,2026-06-18 14:00:24.431240+00:00,CALL,85.0,2026-08-21,77600,97,100,0,81.29,REPEATEDHITS,False,False,False,8800,68800,74.4704,64,BID,SHORT,0.5
TQQQ,2026-06-17 19:53:31.237527+00:00,CALL,76.0,2026-06-26,225600,480,544,399,77.2249,REPEATEDHITS,True,False,False,0,225600,74.4704,9,BID,SHORT,0.5
TQQQ,2026-06-17 19:36:15.268943+00:00,CALL,79.0,2026-07-02,46000,100,123,57,78.27,REPEATEDHITS,False,False,False,12880,33120,74.4704,15,BID,SHORT,0.5
TQQQ,2026-06-17 18:45:30.253792+00:00,CALL,84.0,2026-07-02,140225,400,3996,309,81.46,REPEATEDHITSASCENDINGFILL,False,False,False,0,140225,74.4704,15,BID,SHORT,0.5
TQQQ,2026-06-17 18:37:15.944475+00:00,PUT,69.5,2026-06-26,84769,838,871,233,80.26,REPEATEDHITSDESCENDINGFILL,False,False,False,0,78281,74.4704,9,BID,LONG,0.5
TQQQ,2026-06-17 18:30:09.313299+00:00,CALL,89.5,2026-07-24,20640,50,50,7,79.53,REPEATEDHITSDESCENDINGFILL,True,False,False,20640,0,74.4704,37,ASK,LONG,1.0
TQQQ,2026-06-17 18:19:42.735043+00:00,CALL,84.0,2026-07-02,732300,2441,2491,309,80.24,REPEATEDHITS,False,False,False,157500,574800,74.4704,15,BID,SHORT,0.5
TQQQ,2026-06-17 18:03:10.653536+00:00,PUT,76.5,2026-07-02,76325,215,218,51,79.56,REPEATEDHITS,False,False,False,76325,0,74.4704,15,ASK,SHORT,1.0
TQQQ,2026-06-17 17:52:16.048856+00:00,PUT,89.0,2026-06-26,30977,35,37,4,81.0,REPEATEDHITS,False,False,False,0,30977,74.4704,9,BID,LONG,0.5
TQQQ,2026-06-17 14:19:31.137428+00:00,CALL,81.0,2026-07-02,237500,500,2008,160,81.125,REPEATEDHITS,False,False,False,0,237500,74.4704,15,BID,SHORT,0.5
TQQQ,2026-06-16 18:35:55.824122+00:00,PUT,88.0,2026-07-10,27985,29,107,3,80.95,REPEATEDHITS,False,False,False,27020,965,74.4704,24,ASK,SHORT,1.0
TSLA,2026-06-24 18:15:55.286757+00:00,CALL,377.5,2026-07-02,203010,200,1463,72,376.3501,REPEATEDHITSASCENDINGFILL,False,False,False,0,203010,1431965569414.0,8,BID,SHORT,0.5
TSLA,2026-06-24 17:53:42.874029+00:00,CALL,372.5,2026-06-24,137500,500,2850,150,374.61,REPEATEDHITS,True,False,False,0,137500,1431965569414.0,0,BID,SHORT,0.5
TSLA,2026-06-24 17:27:39.214187+00:00,CALL,377.5,2026-07-17,163500,100,251,74,375.66,REPEATEDHITS,False,False,False,1635,161865,1431965569414.0,23,BID,SHORT,0.5
TSLA,2026-06-24 17:21:18.201917+00:00,CALL,372.5,2026-06-26,156000,200,3768,117,375.62,REPEATEDHITS,False,False,False,156000,0,1431965569414.0,2,ASK,LONG,1.0
TSLA,2026-06-24 16:58:58.228449+00:00,PUT,372.5,2026-07-01,152600,250,292,24,378.605,REPEATEDHITSDESCENDINGFILL,False,False,False,12300,140300,1431965569414.0,7,BID,LONG,0.5
TSLA,2026-06-24 16:58:58.228449+00:00,PUT,367.5,2026-07-01,109350,248,390,24,378.68,REPEATEDHITSDESCENDINGFILL,False,False,False,20470,88880,1431965569414.0,7,BID,LONG,0.5
TSLA,2026-06-24 16:58:58.228449+00:00,PUT,370.0,2026-07-01,133220,256,457,242,378.68,REPEATEDHITSDESCENDINGFILL,False,False,False,10500,122720,1431965569414.0,7,BID,LONG,0.5
TSLA,2026-06-24 16:58:58.228449+00:00,PUT,365.0,2026-07-01,117386,315,418,129,378.605,REPEATEDHITSDESCENDINGFILL,False,False,False,63366,54020,1431965569414.0,7,ASK,SHORT,1.0
TSLA,2026-06-24 15:40:06.098029+00:00,CALL,395.0,2026-07-10,891428,1013,1374,753,381.59,REPEATEDHITSDESCENDINGFILL,False,False,False,891428,0,1431965569414.0,16,ASK,LONG,1.0
TSLA,2026-06-24 13:31:17.766441+00:00,CALL,382.5,2026-07-06,140805,117,127,98,382.3468,REPEATEDHITSASCENDINGFILL,True,False,False,7235,133570,1431965569414.0,12,BID,SHORT,0.5
TSLA,2026-06-23 19:40:51.350132+00:00,CALL,382.5,2026-06-24,478520,1227,28590,370,381.84,REPEATEDHITSDESCENDINGFILL,False,False,False,478520,0,1431965569414.0,1,ASK,LONG,1.0
TSLA,2026-06-23 19:33:39.799348+00:00,CALL,387.5,2026-07-17,266891,175,633,82,381.74,REPEATEDHITS,False,False,False,0,266891,1431965569414.0,24,BID,SHORT,0.5
TSLA,2026-06-23 19:02:07.448829+00:00,CALL,380.0,2026-06-24,316471,688,34935,294,380.47,REPEATEDHITSDESCENDINGFILL,False,False,False,316471,0,1431965569414.0,1,ASK,LONG,1.0
TSLA,2026-06-23 19:01:31.803914+00:00,CALL,382.5,2026-07-17,164160,96,959,8,380.1475,REPEATEDHITS,False,False,False,0,164160,1431965569414.0,24,BID,SHORT,0.5
TSLA,2026-06-23 19:00:33.732625+00:00,CALL,382.5,2026-07-17,170000,100,862,8,379.81,REPEATEDHITS,True,False,False,0,170000,1431965569414.0,24,BID,SHORT,0.5
TSLA,2026-06-23 18:50:12.173166+00:00,PUT,367.5,2026-07-17,132240,116,267,70,379.9121,REPEATEDHITS,False,False,False,19380,111720,1431965569414.0,24,BID,LONG,0.5
TSLA,2026-06-23 18:41:37.731575+00:00,CALL,385.0,2026-07-01,216095,250,1502,53,380.88,REPEATEDHITS,False,False,False,0,216095,1431965569414.0,8,BID,SHORT,0.5
TSLA,2026-06-23 18:38:39.313920+00:00,CALL,382.5,2026-06-24,581176,1550,19251,370,381.05,REPEATEDHITSASCENDINGFILL,False,False,False,580810,366,1431965569414.0,1,ASK,LONG,1.0
TSLA,2026-06-23 18:28:01.277549+00:00,CALL,367.5,2026-07-17,101985,39,44,1,381.53,REPEATEDHITS,False,False,False,99370,2615,1431965569414.0,24,ASK,LONG,1.0
TSLA,2026-06-23 18:25:37.339490+00:00,CALL,630.0,2026-10-16,270635,873,2275,746,381.24,REPEATEDHITS,False,False,False,0,270635,1431965569414.0,115,BID,SHORT,0.5
TSLA,2026-06-23 18:23:03.383582+00:00,CALL,630.0,2026-10-16,242550,770,1171,746,381.4852,REPEATEDHITS,False,False,False,116865,7875,1431965569414.0,115,ASK,LONG,1.0
TSLA,2026-06-23 17:35:26.776728+00:00,CALL,387.5,2026-06-24,335335,1001,32143,184,385.57,REPEATEDHITS,True,False,False,335335,0,1431965569414.0,1,ASK,LONG,1.0
TSLA,2026-06-23 17:04:50.842951+00:00,PUT,382.5,2026-06-24,448814,1213,31404,590,383.925,REPEATEDHITSASCENDINGFILL,False,False,False,0,448814,1431965569414.0,1,BID,LONG,0.5
TSLA,2026-06-23 16:59:34.936820+00:00,CALL,387.5,2026-06-24,418516,1231,28550,184,385.32,REPEATEDHITSDESCENDINGFILL,False,False,False,416831,1685,1431965569414.0,1,ASK,LONG,1.0
TSLA,2026-06-23 16:56:09.497905+00:00,CALL,387.5,2026-07-02,130625,125,1649,91,384.7201,REPEATEDHITS,True,False,False,0,130625,1431965569414.0,9,BID,SHORT,0.5
TSLA,2026-06-23 15:32:41.460772+00:00,CALL,390.0,2026-07-31,240350,110,328,76,383.865,REPEATEDHITS,False,False,False,2185,203205,1431965569414.0,38,BID,SHORT,0.5
TSLA,2026-06-23 15:32:27.635540+00:00,CALL,390.0,2026-07-31,170040,78,206,76,384.02,REPEATEDHITS,False,False,False,0,154780,1431965569414.0,38,BID,SHORT,0.5
TSLA,2026-06-23 15:25:31.724632+00:00,PUT,382.5,2026-06-24,435212,1036,17382,590,383.415,REPEATEDHITSASCENDINGFILL,False,False,False,4240,430972,1431965569414.0,1,BID,LONG,0.5
TSLA,2026-06-23 14:38:34.532517+00:00,CALL,390.0,2026-07-01,308000,308,1832,55,388.7999,REPEATEDHITS,True,False,False,308000,0,1431965569414.0,8,ASK,LONG,1.0
TSLA,2026-06-23 14:11:43.545938+00:00,CALL,395.0,2026-06-24,291794,1505,14400,1453,386.81,REPEATEDHITSDESCENDINGFILL,True,False,False,980,290618,1431965569414.0,1,BID,SHORT,0.5
TSLA,2026-06-23 14:09:28.498004+00:00,CALL,385.0,2026-06-24,301500,450,4181,353,388.0,REPEATEDHITS,False,False,False,301500,0,1431965569414.0,1,ASK,LONG,1.0
TSLA,2026-06-23 13:59:31.297717+00:00,CALL,392.5,2026-07-10,106400,76,226,17,389.2899,REPEATEDHITS,False,False,False,85400,0,1431965569414.0,17,ASK,LONG,1.0
TSLA,2026-06-23 13:32:47.373390+00:00,PUT,380.0,2026-07-08,125315,133,133,0,391.03,REPEATEDHITSDESCENDINGFILL,True,False,False,66480,58835,1431965569414.0,15,ASK,SHORT,1.0
TSLA,2026-06-22 19:50:44.768932+00:00,PUT,407.5,2026-06-24,130450,200,16046,150,405.9455,REPEATEDHITSDESCENDINGFILL,False,False,False,32750,97700,1431965569414.0,2,BID,LONG,0.5
TSLA,2026-06-22 17:59:40.739285+00:00,PUT,407.5,2026-06-24,160480,272,13073,150,407.91,REPEATEDHITS,False,False,False,160480,0,1431965569414.0,2,ASK,SHORT,1.0
TSLA,2026-06-22 17:51:00.518556+00:00,PUT,345.0,2026-07-10,117711,957,1059,459,407.59,REPEATEDHITS,False,False,False,117711,0,1431965569414.0,18,ASK,SHORT,1.0
TSLA,2026-06-22 17:30:17.206690+00:00,PUT,407.5,2026-06-24,125270,200,11478,150,407.22,REPEATEDHITS,False,False,False,125270,0,1431965569414.0,2,ASK,SHORT,1.0
TSLA,2026-06-22 17:16:11.764988+00:00,CALL,405.0,2026-06-24,895703,1244,13597,1132,406.82,REPEATEDHITSASCENDINGFILL,False,False,False,0,895703,1431965569414.0,2,BID,SHORT,0.5
TSLA,2026-06-22 14:30:31.142376+00:00,PUT,412.5,2026-06-22,127588,250,11134,171,409.14,REPEATEDHITS,False,False,False,0,127588,1431965569414.0,0,BID,LONG,0.5
TSLA,2026-06-22 14:23:19.292747+00:00,PUT,412.5,2026-06-22,109652,255,9159,171,410.35,REPEATEDHITS,False,False,False,12900,96752,1431965569414.0,0,BID,LONG,0.5
TSLA,2026-06-22 14:10:30.541414+00:00,PUT,400.0,2026-07-06,128000,160,378,0,414.135,REPEATEDHITS,False,False,False,0,128000,1431965569414.0,14,BID,LONG,0.5
TSLA,2026-06-22 14:06:46.901891+00:00,CALL,410.0,2026-07-31,2785000,1000,1397,609,411.96,REPEATEDHITS,False,False,False,2785000,0,1431965569414.0,39,ASK,LONG,1.0
TSLA,2026-06-22 14:02:26.826412+00:00,CALL,405.0,2026-07-31,2769010,1002,2129,676,408.09,REPEATEDHITSDESCENDINGFILL,True,False,False,2691828,77182,1431965569414.0,39,ASK,LONG,1.0
TSLA,2026-06-22 14:01:27.251635+00:00,CALL,400.0,2026-07-31,1388280,460,1602,335,408.47,REPEATEDHITS,False,False,False,540222,848058,1431965569414.0,39,BID,SHORT,0.5
TSLA,2026-06-22 13:53:05.643622+00:00,CALL,392.5,2026-07-17,101881,41,82,0,403.4976,REPEATEDHITSDESCENDINGFILL,True,False,False,84489,17392,1431965569414.0,25,ASK,LONG,1.0
TSLA,2026-06-22 13:53:03.035293+00:00,CALL,400.0,2026-07-31,2712710,1001,1025,335,403.525,REPEATEDHITS,False,False,False,2712710,0,1431965569414.0,39,ASK,LONG,1.0
TSLA,2026-06-22 13:51:52.876213+00:00,PUT,400.0,2026-06-24,541329,1041,2612,955,401.98,REPEATEDHITSASCENDINGFILL,False,False,False,0,541329,1431965569414.0,2,BID,LONG,0.5
TSLA,2026-06-22 13:44:55.655381+00:00,CALL,402.5,2026-07-17,146300,76,176,0,402.95,REPEATEDHITS,False,False,False,0,146300,1431965569414.0,25,BID,SHORT,0.5
TSLA,2026-06-18 19:54:57.087678+00:00,PUT,420.0,2026-06-24,131231,62,93,45,400.2522,REPEATEDHITSASCENDINGFILL,False,False,False,16960,114271,1431965569414.0,6,BID,LONG,0.5
TSLA,2026-06-18 18:19:21.791882+00:00,CALL,445.0,2026-12-18,6783040,1804,1834,443,394.73,REPEATEDHITS,True,False,False,0,6783040,1431965569414.0,183,BID,SHORT,0.5
TSM,2026-06-24 18:14:39.136274+00:00,CALL,445.0,2026-07-02,467630,463,1117,339,436.66,REPEATEDHITS,False,False,False,2020,465610,2100000000000.0,8,BID,SHORT,0.5
TSM,2026-06-24 15:59:48.983354+00:00,PUT,390.0,2026-07-31,172685,203,226,104,441.92,REPEATEDHITSASCENDINGFILL,True,False,False,2670,170015,2100000000000.0,37,BID,LONG,0.5
TSM,2026-06-23 19:54:12.765794+00:00,CALL,462.5,2026-07-17,117600,80,97,0,437.2358,REPEATEDHITS,False,False,False,0,58800,2100000000000.0,24,BID,SHORT,0.5
TSM,2026-06-23 18:59:07.811186+00:00,PUT,375.0,2026-07-17,146920,316,414,9,436.8,REPEATEDHITSDESCENDINGFILL,False,False,False,3760,143160,2100000000000.0,24,BID,LONG,0.5
TSM,2026-06-23 16:39:50.079405+00:00,CALL,570.0,2026-10-16,968873,502,508,458,441.525,REPEATEDHITSASCENDINGFILL,False,False,False,3870,965003,2100000000000.0,115,BID,SHORT,0.5
TSM,2026-06-23 13:52:26.735421+00:00,PUT,485.0,2026-07-17,136025,27,27,1,443.975,REPEATEDHITSASCENDINGFILL,True,False,False,5040,130985,2100000000000.0,24,BID,LONG,0.5
TSM,2026-06-23 13:52:26.735421+00:00,PUT,475.0,2026-07-17,632160,147,150,145,443.975,REPEATEDHITS,True,False,False,25860,606300,2100000000000.0,24,BID,LONG,0.5
TSM,2026-06-22 19:48:42.015095+00:00,PUT,470.0,2026-07-24,1022861,350,432,26,466.18,REPEATEDHITSDESCENDINGFILL,False,False,False,1022861,0,2100000000000.0,32,ASK,SHORT,1.0
TSM,2026-06-22 19:45:21.360505+00:00,PUT,455.0,2026-07-24,174020,77,93,36,465.5,REPEATEDHITS,False,False,False,0,49720,2100000000000.0,32,BID,LONG,0.5
TSM,2026-06-22 16:20:12.230535+00:00,PUT,425.0,2026-07-17,142944,166,709,0,468.615,REPEATEDHITSASCENDINGFILL,False,False,False,0,142944,2100000000000.0,25,BID,LONG,0.5
TSM,2026-06-22 15:59:52.987052+00:00,PUT,435.0,2026-07-24,143260,104,154,33,469.3728,REPEATEDHITSDESCENDINGFILL,True,False,False,20495,122765,2100000000000.0,32,BID,LONG,0.5
TSM,2026-06-22 15:29:13.743820+00:00,PUT,465.0,2026-07-02,151385,112,1130,8,468.5899,REPEATEDHITS,True,False,False,36615,114770,2100000000000.0,10,BID,LONG,0.5
TSM,2026-06-22 14:59:22.838103+00:00,PUT,465.0,2026-07-02,1242895,907,1012,8,468.5,REPEATEDHITSDESCENDINGFILL,True,False,False,1242895,0,2100000000000.0,10,ASK,SHORT,1.0
TSM,2026-06-22 14:06:41.693296+00:00,PUT,470.0,2026-06-26,152960,128,260,36,468.0,REPEATEDHITS,False,False,False,152960,0,2100000000000.0,4,ASK,SHORT,1.0
TSM,2026-06-18 17:49:54.335442+00:00,CALL,395.0,2026-07-31,119600,16,66,11,459.11,REPEATEDHITSDESCENDINGFILL,True,False,False,112130,7470,2100000000000.0,43,ASK,LONG,1.0
TSM,2026-06-18 16:17:41.585352+00:00,PUT,455.0,2026-06-26,953290,746,815,35,454.09,REPEATEDHITSASCENDINGFILL,True,False,False,953290,0,2100000000000.0,8,ASK,SHORT,1.0
TSM,2026-06-18 16:14:44.930922+00:00,PUT,450.0,2026-06-26,437623,413,2167,51,453.66,REPEATEDHITSDESCENDINGFILL,False,False,False,243390,106668,2100000000000.0,8,ASK,SHORT,1.0
TSM,2026-06-18 16:14:44.930922+00:00,PUT,450.0,2026-06-26,137535,131,2298,51,453.795,REPEATEDHITSASCENDINGFILL,False,False,False,134400,3135,2100000000000.0,8,ASK,SHORT,1.0
TSM,2026-06-18 16:14:40.726288+00:00,PUT,450.0,2026-06-26,188320,176,1606,51,453.7,REPEATEDHITS,False,False,False,188320,0,2100000000000.0,8,ASK,SHORT,1.0
TSM,2026-06-18 16:14:39.522198+00:00,PUT,450.0,2026-06-26,241900,226,1130,51,453.73,REPEATEDHITSASCENDINGFILL,True,False,False,225805,16095,2100000000000.0,8,ASK,SHORT,1.0
TSM,2026-06-18 13:45:51.946359+00:00,CALL,390.0,2026-07-10,312000,50,50,42,447.25,REPEATEDHITS,False,False,False,0,312000,2100000000000.0,22,BID,SHORT,0.5
TSM,2026-06-17 15:09:49.254144+00:00,CALL,450.0,2026-07-10,734624,500,842,308,435.39,REPEATEDHITSDESCENDINGFILL,False,False,False,734624,0,2100000000000.0,23,ASK,LONG,1.0
TSM,2026-06-16 17:38:48.953481+00:00,CALL,460.0,2026-06-26,245607,614,757,599,431.64,REPEATEDHITSASCENDINGFILL,False,False,False,1205,244402,2100000000000.0,10,BID,SHORT,0.5
TSM,2026-06-15 19:15:57.401341+00:00,CALL,490.0,2027-12-17,1832400,180,204,156,438.92,REPEATEDHITS,False,False,False,1832400,0,2100000000000.0,550,ASK,LONG,1.0
TSM,2026-06-15 18:09:29.623159+00:00,CALL,452.5,2026-06-18,152865,387,621,185,440.619,REPEATEDHITS,False,False,False,152865,0,2100000000000.0,3,ASK,LONG,1.0
TSM,2026-06-15 17:26:15.396548+00:00,PUT,450.0,2026-07-17,1198065,411,487,344,441.96,REPEATEDHITS,False,False,False,1198065,0,2100000000000.0,32,ASK,SHORT,1.0
TSM,2026-06-15 15:56:55.742301+00:00,PUT,412.5,2026-06-26,474554,1043,1069,72,439.3301,REPEATEDHITSDESCENDINGFILL,True,False,False,470464,4090,2100000000000.0,11,ASK,SHORT,1.0
TSM,2026-06-15 14:56:00.908557+00:00,PUT,395.0,2026-06-26,109516,524,590,451,437.945,REPEATEDHITS,False,False,False,109516,0,2100000000000.0,11,ASK,SHORT,1.0
TSM,2026-06-15 13:52:22.952771+00:00,CALL,442.5,2026-06-18,305000,500,689,301,436.95,REPEATEDHITS,False,False,False,197640,31110,2100000000000.0,3,ASK,LONG,1.0
TSM,2026-06-12 14:03:54.484286+00:00,PUT,422.5,2026-06-26,103230,67,67,20,422.42,REPEATEDHITSASCENDINGFILL,True,False,False,4685,98545,2100000000000.0,14,BID,LONG,0.5
TSM,2026-06-12 13:40:48.771037+00:00,PUT,417.5,2026-06-12,635186,2247,2251,324,420.79,REPEATEDHITSASCENDINGFILL,True,False,False,549020,86166,2100000000000.0,0,ASK,SHORT,1.0
TSM,2026-06-11 19:13:31.114239+00:00,CALL,580.0,2027-01-15,1069334,391,398,226,418.7,REPEATEDHITSDESCENDINGFILL,False,False,False,1069334,0,2100000000000.0,218,ASK,LONG,1.0
TSM,2026-06-11 19:13:21.501904+00:00,CALL,670.0,2028-01-21,827820,146,148,69,418.68,REPEATEDHITS,False,False,False,827820,0,2100000000000.0,589,ASK,LONG,1.0
TSM,2026-06-11 19:11:56.554945+00:00,CALL,630.0,2027-06-17,187849,49,720,8,417.9988,REPEATEDHITSASCENDINGFILL,False,False,False,187849,0,2100000000000.0,371,ASK,LONG,1.0
TSM,2026-06-11 19:10:33.975121+00:00,CALL,630.0,2027-06-17,156860,41,579,8,417.91,REPEATEDHITSASCENDINGFILL,False,False,False,156860,0,2100000000000.0,371,ASK,LONG,1.0
TSM,2026-06-11 19:09:00.224402+00:00,CALL,630.0,2027-06-17,160086,42,453,8,417.315,REPEATEDHITSASCENDINGFILL,False,False,False,160086,0,2100000000000.0,371,ASK,LONG,1.0
TSM,2026-06-11 18:17:26.948096+00:00,PUT,220.0,2027-06-17,184800,231,231,157,416.89,REPEATEDHITS,True,False,False,0,184800,2100000000000.0,371,BID,LONG,0.5
TSM,2026-06-10 14:34:53.780988+00:00,CALL,530.0,2026-07-10,125000,500,500,185,425.435,REPEATEDHITS,False,False,False,125000,0,2100000000000.0,30,ASK,LONG,1.0
TSM,2026-06-09 19:00:12.078949+00:00,CALL,407.5,2026-06-26,118640,37,128,1,428.555,REPEATEDHITS,False,False,False,35310,83330,2100000000000.0,17,BID,SHORT,0.5
TSM,2026-06-09 15:59:41.937913+00:00,PUT,445.0,2026-07-10,231855,56,72,10,415.45,REPEATEDHITSDESCENDINGFILL,False,False,False,41525,190330,2100000000000.0,31,BID,LONG,0.5
TSM,2026-06-09 15:59:41.937913+00:00,PUT,445.0,2026-07-10,344080,83,155,10,415.38,REPEATEDHITSASCENDINGFILL,False,False,False,137055,207025,2100000000000.0,31,BID,LONG,0.5
TSM,2026-06-09 15:57:02.583998+00:00,CALL,490.0,2026-07-10,116148,237,292,90,417.0,REPEATEDHITSASCENDINGFILL,False,False,False,1485,114663,2100000000000.0,31,BID,SHORT,0.5
TSM,2026-06-08 16:27:15.959375+00:00,CALL,660.0,2027-12-17,138355,24,147,11,429.8142,REPEATEDHITSASCENDINGFILL,True,False,False,80630,57725,2100000000000.0,557,ASK,LONG,1.0
TSM,2026-06-08 15:04:43.382252+00:00,CALL,660.0,2027-12-17,163410,28,112,11,431.505,REPEATEDHITSASCENDINGFILL,True,False,False,116730,5835,2100000000000.0,557,ASK,LONG,1.0
TSM,2026-06-08 14:03:41.348664+00:00,CALL,417.5,2026-06-18,938213,452,1053,105,427.79,REPEATEDHITSDESCENDINGFILL,True,False,False,574698,363515,2100000000000.0,10,ASK,LONG,1.0
TSM,2026-06-05 19:12:08.285171+00:00,PUT,435.0,2026-07-10,132915,37,64,18,414.235,REPEATEDHITSDESCENDINGFILL,False,False,False,82725,50190,2100000000000.0,35,ASK,SHORT,1.0
TSM,2026-06-05 15:38:48.964867+00:00,PUT,430.0,2026-07-10,133560,53,2030,51,423.88,REPEATEDHITS,False,False,False,133560,0,2100000000000.0,35,ASK,SHORT,1.0
TSM,2026-06-05 15:09:29.603184+00:00,PUT,400.0,2026-07-24,111170,68,95,4,426.82,REPEATEDHITSDESCENDINGFILL,True,False,False,55760,55410,2100000000000.0,49,ASK,SHORT,1.0
TSM,2026-06-05 14:44:34.893644+00:00,PUT,427.5,2026-06-18,1278274,940,943,149,429.235,REPEATEDHITSDESCENDINGFILL,False,False,False,1274299,3975,2100000000000.0,13,ASK,SHORT,1.0
TSM,2026-06-05 14:29:02.964609+00:00,PUT,430.0,2026-07-10,170624,75,781,51,428.9,REPEATEDHITS,True,False,False,170624,0,2100000000000.0,35,ASK,SHORT,1.0
TTWO,2026-06-24 14:51:46.078448+00:00,PUT,235.0,2026-06-26,80776,323,371,134,243.84,REPEATEDHITSASCENDINGFILL,False,False,False,515,80261,45050159110.0,2,BID,LONG,0.5
TTWO,2026-06-24 14:36:25.037369+00:00,CALL,257.5,2026-07-17,57498,71,80,11,242.15,REPEATEDHITSDESCENDINGFILL,True,False,False,57498,0,45050159110.0,23,ASK,LONG,1.0
TTWO,2026-06-23 19:30:50.384658+00:00,CALL,330.0,2026-08-21,79501,318,320,27,244.345,REPEATEDHITS,False,False,False,0,79501,45050159110.0,59,BID,SHORT,0.5
TTWO,2026-06-23 18:01:53.700294+00:00,PUT,260.0,2026-12-18,429070,107,371,34,245.135,REPEATEDHITS,False,False,False,0,200500,45050159110.0,178,BID,LONG,0.5
TTWO,2026-06-23 15:41:03.947381+00:00,PUT,260.0,2026-12-18,310310,77,229,34,245.23,REPEATEDHITS,False,False,False,0,310310,45050159110.0,178,BID,LONG,0.5
TTWO,2026-06-23 15:41:01.142380+00:00,PUT,260.0,2026-12-18,225680,56,152,34,245.14,REPEATEDHITS,True,False,False,12090,4030,45050159110.0,178,ASK,SHORT,1.0
TTWO,2026-06-23 15:40:51.327716+00:00,PUT,260.0,2026-12-18,385920,96,96,34,245.18,REPEATEDHITS,False,False,False,0,4020,45050159110.0,178,BID,LONG,0.5
TTWO,2026-06-23 14:14:24.969756+00:00,CALL,350.0,2027-06-17,25730,12,30,8,243.03,REPEATEDHITS,False,False,False,0,25730,45050159110.0,359,BID,SHORT,0.5
TTWO,2026-06-23 14:14:24.969756+00:00,CALL,350.0,2027-06-17,32100,15,45,8,243.03,REPEATEDHITS,False,False,False,2140,29960,45050159110.0,359,BID,SHORT,0.5
TTWO,2026-06-23 14:13:19.868016+00:00,CALL,290.0,2026-07-02,54638,607,620,468,243.49,REPEATEDHITSASCENDINGFILL,False,False,False,0,54638,45050159110.0,9,BID,SHORT,0.5
TTWO,2026-06-23 14:08:21.397008+00:00,CALL,350.0,2027-06-17,38520,18,18,8,244.01,REPEATEDHITS,False,False,False,0,4280,45050159110.0,359,BID,SHORT,0.5
TTWO,2026-06-22 19:24:44.176062+00:00,CALL,237.5,2026-07-02,404700,426,470,34,238.35,REPEATEDHITS,False,False,False,0,404700,45050159110.0,10,BID,SHORT,0.5
TTWO,2026-06-22 17:42:52.664046+00:00,CALL,252.5,2026-07-17,16280,22,30,0,238.975,REPEATEDHITS,False,False,False,16280,0,45050159110.0,25,ASK,LONG,1.0
TTWO,2026-06-22 17:20:05.761626+00:00,CALL,242.5,2026-07-10,26320,28,29,0,239.02,REPEATEDHITS,False,False,False,20680,5640,45050159110.0,18,ASK,LONG,1.0
TTWO,2026-06-22 16:29:30.383631+00:00,CALL,250.0,2026-06-26,134850,435,3868,288,237.87,REPEATEDHITS,False,False,False,134850,0,45050159110.0,4,ASK,LONG,1.0
TTWO,2026-06-22 16:25:23.884816+00:00,CALL,250.0,2026-06-26,171650,505,3368,288,238.35,REPEATEDHITSDESCENDINGFILL,False,False,False,166940,3010,45050159110.0,4,ASK,LONG,1.0
TTWO,2026-06-22 16:18:37.323053+00:00,CALL,320.0,2026-11-20,53000,50,359,4,239.17,REPEATEDHITS,False,False,False,0,53000,45050159110.0,151,BID,SHORT,0.5
TTWO,2026-06-22 16:11:54.861548+00:00,CALL,320.0,2026-11-20,108000,100,309,4,239.945,REPEATEDHITS,False,False,False,16200,91800,45050159110.0,151,BID,SHORT,0.5
TTWO,2026-06-22 16:09:52.113374+00:00,CALL,320.0,2026-11-20,54500,50,209,4,240.29,REPEATEDHITS,False,False,False,0,54500,45050159110.0,151,BID,SHORT,0.5
TTWO,2026-06-22 15:58:53.316201+00:00,CALL,320.0,2026-11-20,21290,19,128,4,240.95,REPEATEDHITS,True,False,False,0,21290,45050159110.0,151,BID,SHORT,0.5
TTWO,2026-06-22 14:35:39.909299+00:00,CALL,320.0,2026-11-20,27830,23,92,4,244.27,REPEATEDHITS,True,False,False,0,22990,45050159110.0,151,BID,SHORT,0.5
TTWO,2026-06-22 14:25:26.018835+00:00,CALL,255.0,2026-07-02,64640,101,233,13,245.305,REPEATEDHITS,False,False,False,64640,0,45050159110.0,10,ASK,LONG,1.0
TTWO,2026-06-18 19:59:22.980289+00:00,CALL,260.0,2026-06-26,18700,110,227,29,239.34,REPEATEDHITS,False,False,False,18700,0,45050159110.0,8,ASK,LONG,1.0
TTWO,2026-06-18 18:25:57.621547+00:00,PUT,240.0,2026-06-18,17997,240,245,231,240.88,REPEATEDHITS,False,False,False,17997,0,45050159110.0,0,ASK,SHORT,1.0
TTWO,2026-06-18 15:56:48.814678+00:00,CALL,242.5,2026-06-18,37935,542,559,47,240.41,REPEATEDHITS,False,False,False,37870,65,45050159110.0,0,ASK,LONG,1.0
TTWO,2026-06-18 15:14:30.254063+00:00,PUT,230.0,2026-06-26,15750,45,71,10,238.5,REPEATEDHITS,False,False,False,0,15750,45050159110.0,8,BID,LONG,0.5
TTWO,2026-06-18 14:19:42.554372+00:00,CALL,245.0,2026-07-02,144550,245,247,186,235.905,REPEATEDHITS,False,False,False,0,144550,45050159110.0,14,BID,SHORT,0.5
TTWO,2026-06-17 15:20:03.189819+00:00,CALL,240.0,2026-06-26,76845,327,364,139,228.24,REPEATEDHITS,False,False,False,0,76845,45050159110.0,9,BID,SHORT,0.5
TTWO,2026-06-17 14:47:31.246792+00:00,PUT,222.5,2026-06-26,108720,291,317,7,228.12,REPEATEDHITSDESCENDINGFILL,False,False,False,39900,68820,45050159110.0,9,BID,LONG,0.5
TTWO,2026-06-17 14:30:49.733086+00:00,PUT,240.0,2026-08-21,31780,14,14,2,228.67,REPEATEDHITS,True,False,False,0,31780,45050159110.0,65,BID,LONG,0.5
TTWO,2026-06-16 18:32:50.856477+00:00,CALL,235.0,2026-07-10,39040,64,67,11,226.8,REPEATEDHITS,False,False,False,39040,0,45050159110.0,24,ASK,LONG,1.0
TTWO,2026-06-15 14:09:57.362799+00:00,PUT,202.5,2026-06-26,60198,463,466,459,216.58,REPEATEDHITS,False,False,False,0,60198,45050159110.0,11,BID,LONG,0.5
TTWO,2026-06-12 19:47:28.296499+00:00,PUT,215.0,2026-07-31,64350,48,48,0,211.51,REPEATEDHITS,True,False,False,64350,0,45050159110.0,49,ASK,SHORT,1.0
TTWO,2026-06-12 16:59:03.688844+00:00,CALL,212.5,2026-06-26,59590,101,101,0,211.48,REPEATEDHITS,False,False,False,0,59590,45050159110.0,14,BID,SHORT,0.5
TTWO,2026-06-12 16:17:17.692032+00:00,PUT,210.0,2026-06-12,20781,299,306,160,210.94,REPEATEDHITSDESCENDINGFILL,True,False,False,85,19086,45050159110.0,0,BID,LONG,0.5
TTWO,2026-06-12 13:46:42.427254+00:00,CALL,200.0,2026-07-24,64750,35,75,0,210.25,REPEATEDHITS,False,False,False,5550,11100,45050159110.0,42,BID,SHORT,0.5
TTWO,2026-06-10 15:55:28.124244+00:00,CALL,217.5,2026-06-12,37704,377,417,81,211.0599,REPEATEDHITS,False,False,False,2900,34804,45050159110.0,2,BID,SHORT,0.5
TTWO,2026-06-10 14:57:50.813535+00:00,PUT,180.0,2026-07-24,16345,86,1878,0,210.995,REPEATEDHITS,False,False,False,190,16155,45050159110.0,44,BID,LONG,0.5
TTWO,2026-06-10 14:53:06.446401+00:00,PUT,180.0,2026-07-24,19412,102,1792,0,211.37,REPEATEDHITSASCENDINGFILL,False,False,False,400,19012,45050159110.0,44,BID,LONG,0.5
TTWO,2026-06-10 14:49:42.105293+00:00,PUT,180.0,2026-07-24,285955,1466,1466,0,210.74,REPEATEDHITS,True,False,False,94660,135720,45050159110.0,44,BID,LONG,0.5
TTWO,2026-06-09 16:43:58.744053+00:00,PUT,155.0,2028-01-21,27530,16,16,7,208.6,REPEATEDHITSASCENDINGFILL,False,False,False,0,27530,45050159110.0,591,BID,LONG,0.5
TTWO,2026-06-08 18:33:37.841478+00:00,PUT,180.0,2028-01-21,132000,50,50,6,212.32,FLOORTRADELARGECAP,False,True,False,0,132000,45050159110.0,592,BID,LONG,0.5
TTWO,2026-06-08 16:16:44.295898+00:00,CALL,212.5,2026-06-18,32860,62,98,39,210.74,REPEATEDHITS,False,False,False,32860,0,45050159110.0,10,ASK,LONG,1.0
TTWO,2026-06-08 14:57:32.697212+00:00,CALL,220.0,2026-07-02,72497,125,125,16,211.24,REPEATEDHITSDESCENDINGFILL,False,False,False,72497,0,45050159110.0,24,ASK,LONG,1.0
TTWO,2026-06-05 19:22:11.562032+00:00,PUT,197.5,2026-06-12,16317,201,205,26,214.0725,REPEATEDHITSDESCENDINGFILL,True,False,False,12725,3592,45050159110.0,7,ASK,SHORT,1.0
TTWO,2026-06-05 19:21:25.675744+00:00,PUT,207.5,2026-06-12,69293,278,1011,19,214.01,REPEATEDHITSASCENDINGFILL,True,False,False,68758,535,45050159110.0,7,ASK,SHORT,1.0
TTWO,2026-06-05 19:21:25.675744+00:00,PUT,207.5,2026-06-12,25375,100,1116,19,214.01,REPEATEDHITSDESCENDINGFILL,True,False,False,7020,18355,45050159110.0,7,BID,LONG,0.5
TTWO,2026-06-05 14:06:42.674859+00:00,CALL,240.0,2026-08-21,137283,132,132,16,216.7,REPEATEDHITS,False,False,False,0,137283,45050159110.0,77,BID,SHORT,0.5
TTWO,2026-06-03 18:55:07.559533+00:00,CALL,225.0,2026-06-05,20300,203,1861,84,216.385,REPEATEDHITS,True,False,False,1900,17300,45050159110.0,2,BID,SHORT,0.5
TTWO,2026-06-03 18:32:56.724576+00:00,CALL,225.0,2026-06-05,16610,175,1414,84,216.4675,REPEATEDHITS,True,False,False,11195,5415,45050159110.0,2,ASK,LONG,1.0
U,2026-06-24 16:38:43.150831+00:00,PUT,29.5,2026-07-17,81270,258,258,0,27.36,REPEATEDHITS,True,False,False,81270,0,12052731267.0,23,ASK,SHORT,1.0
U,2026-06-23 13:32:49.182537+00:00,CALL,27.5,2026-07-02,16072,135,175,57,27.18,REPEATEDHITSDESCENDINGFILL,True,False,False,8314,7758,12052731267.0,9,ASK,LONG,1.0
U,2026-06-22 15:11:03.432522+00:00,CALL,30.0,2026-07-10,19387,359,362,30,26.45,REPEATEDHITS,False,False,False,0,19387,12052731267.0,18,BID,SHORT,0.5
U,2026-06-22 13:54:46.471481+00:00,PUT,25.0,2026-07-02,25499,593,601,105,27.325,REPEATEDHITS,False,False,False,0,25499,12052731267.0,10,BID,LONG,0.5
U,2026-06-17 19:49:48.095221+00:00,PUT,24.0,2026-06-26,11650,466,473,26,26.439,REPEATEDHITS,False,False,False,11650,0,12052731267.0,9,ASK,SHORT,1.0
U,2026-06-17 19:49:48.095221+00:00,PUT,24.5,2026-06-26,86466,2521,2531,34,26.439,REPEATEDHITSDESCENDINGFILL,False,False,False,13536,14586,12052731267.0,9,BID,LONG,0.5
U,2026-06-17 16:50:28.630937+00:00,CALL,28.5,2026-07-02,14800,148,149,49,27.4468,REPEATEDHITS,False,False,False,0,14800,12052731267.0,15,BID,SHORT,0.5
U,2026-06-16 15:52:13.897105+00:00,PUT,27.5,2026-07-10,11470,74,74,7,27.93,REPEATEDHITS,False,False,False,0,11470,12052731267.0,24,BID,LONG,0.5
U,2026-06-11 17:10:51.268227+00:00,PUT,23.0,2026-07-17,36921,397,418,94,26.39,REPEATEDHITS,False,False,False,36921,0,12052731267.0,36,ASK,SHORT,1.0
U,2026-06-05 19:47:59.082174+00:00,PUT,25.5,2026-06-12,16106,938,1999,10,29.29,REPEATEDHITSASCENDINGFILL,False,False,False,16106,0,12052731267.0,7,ASK,SHORT,1.0
U,2026-06-05 19:15:02.940179+00:00,PUT,29.0,2026-06-12,137768,1028,1144,142,28.83,REPEATEDHITSDESCENDINGFILL,False,False,False,2160,135608,12052731267.0,7,BID,LONG,0.5
U,2026-06-05 19:14:32.886964+00:00,PUT,29.5,2026-06-05,18650,373,1726,323,28.88,REPEATEDHITS,False,False,False,15300,3350,12052731267.0,0,ASK,SHORT,1.0
U,2026-06-05 19:10:21.331267+00:00,PUT,24.5,2026-06-18,11620,581,619,322,29.35,REPEATEDHITS,False,False,False,11620,0,12052731267.0,13,ASK,SHORT,1.0
U,2026-06-05 18:15:54.870245+00:00,PUT,27.0,2026-07-17,78624,504,533,338,29.485,REPEATEDHITS,False,False,False,78624,0,12052731267.0,42,ASK,SHORT,1.0
U,2026-06-05 16:20:43.174773+00:00,PUT,25.5,2026-06-18,10422,354,354,286,29.31,REPEATEDHITSASCENDINGFILL,False,False,False,1664,8758,12052731267.0,13,BID,LONG,0.5
U,2026-06-05 13:53:29.765617+00:00,PUT,29.5,2026-06-05,16274,1000,1025,323,30.25,REPEATEDHITSASCENDINGFILL,False,False,False,16274,0,12052731267.0,0,ASK,SHORT,1.0
U,2026-06-04 18:07:02.866131+00:00,CALL,45.0,2027-05-21,80992,167,1254,1,30.02,REPEATEDHITS,False,False,False,80510,482,12052731267.0,351,ASK,LONG,1.0
U,2026-06-04 18:04:15.627951+00:00,CALL,45.0,2027-05-21,397700,820,1086,1,29.93,REPEATEDHITS,False,False,False,397700,0,12052731267.0,351,ASK,LONG,1.0
U,2026-06-04 15:12:02.809227+00:00,CALL,33.0,2026-06-12,550036,10577,10585,273,30.6,REPEATEDHITSDESCENDINGFILL,False,False,False,1696,548340,12052731267.0,8,BID,SHORT,0.5
U,2026-06-04 15:12:02.809227+00:00,CALL,32.5,2026-06-12,20745,317,405,239,30.6,REPEATEDHITSDESCENDINGFILL,False,False,False,7260,13485,12052731267.0,8,BID,SHORT,0.5
U,2026-06-03 14:55:55.084912+00:00,CALL,29.5,2026-06-18,12483,73,94,35,29.39,REPEATEDHITS,False,False,False,0,7524,12052731267.0,15,BID,SHORT,0.5
U,2026-06-02 15:28:12.693429+00:00,PUT,35.0,2026-08-21,68000,100,100,97,30.73,REPEATEDHITS,False,False,False,4760,0,12052731267.0,80,ASK,SHORT,1.0
U,2026-06-01 19:07:14.782821+00:00,CALL,37.0,2026-07-17,64980,361,1212,0,32.36,REPEATEDHITS,False,False,False,3420,61560,12052731267.0,46,BID,SHORT,0.5
U,2026-06-01 17:12:49.553301+00:00,CALL,37.0,2026-07-17,57536,324,827,0,32.25,REPEATEDHITSDESCENDINGFILL,True,False,False,177,57359,12052731267.0,46,BID,SHORT,0.5
U,2026-06-01 17:12:45.545882+00:00,CALL,37.0,2026-07-17,87260,493,503,0,32.29,REPEATEDHITSASCENDINGFILL,True,False,False,10560,76700,12052731267.0,46,BID,SHORT,0.5
U,2026-06-01 15:58:47.722195+00:00,CALL,32.5,2026-06-12,32636,199,202,17,32.055,REPEATEDHITS,True,False,False,32636,0,12052731267.0,11,ASK,LONG,1.0
U,2026-06-01 14:22:54.606783+00:00,PUT,34.0,2026-11-20,16170,21,24,1,31.15,REPEATEDHITS,False,False,False,16170,0,12052731267.0,172,ASK,SHORT,1.0
U,2026-06-01 14:22:36.554144+00:00,PUT,32.0,2026-11-20,13970,22,22,9,31.17,REPEATEDHITS,False,False,False,635,0,12052731267.0,172,ASK,SHORT,1.0
U,2026-05-29 16:24:51.292946+00:00,PUT,27.0,2027-05-21,29835,51,170,27,30.68,REPEATEDHITS,False,False,False,1755,28080,12052731267.0,357,BID,LONG,0.5
U,2026-05-29 16:24:49.489114+00:00,PUT,27.0,2027-05-21,34550,59,59,27,30.68,REPEATEDHITSASCENDINGFILL,False,False,False,5365,29185,12052731267.0,357,BID,LONG,0.5
U,2026-05-28 19:48:18.913717+00:00,CALL,30.5,2026-05-29,18126,490,559,291,30.0522,REPEATEDHITSDESCENDINGFILL,False,False,False,16021,2105,12052731267.0,1,ASK,LONG,1.0
U,2026-05-28 19:44:58.934443+00:00,CALL,30.5,2026-06-05,20943,179,240,143,30.06,REPEATEDHITS,False,False,False,20826,117,12052731267.0,8,ASK,LONG,1.0
U,2026-05-28 19:30:42.692125+00:00,CALL,31.0,2026-05-29,11000,500,1786,449,29.94,REPEATEDHITS,False,False,False,22,10978,12052731267.0,1,BID,SHORT,0.5
U,2026-05-28 18:36:14.008207+00:00,PUT,27.0,2026-06-12,72065,1015,1017,265,29.28,REPEATEDHITS,False,False,False,0,72065,12052731267.0,15,BID,LONG,0.5
U,2026-05-28 14:48:12.828594+00:00,PUT,31.0,2026-08-21,124236,251,251,90,29.285,REPEATEDHITSDESCENDINGFILL,False,False,False,123746,0,12052731267.0,85,ASK,SHORT,1.0
U,2026-05-28 13:44:36.439816+00:00,PUT,27.5,2026-05-29,39598,1523,1524,313,28.58,REPEATEDHITS,False,False,False,0,39598,12052731267.0,1,BID,LONG,0.5
U,2026-05-27 16:44:37.597197+00:00,CALL,29.5,2026-06-12,12314,131,132,54,27.44,REPEATEDHITS,False,False,False,11092,1222,12052731267.0,16,ASK,LONG,1.0
U,2026-05-27 16:44:37.597197+00:00,CALL,30.5,2026-06-12,15043,218,219,60,27.44,REPEATEDHITS,True,False,False,15043,0,12052731267.0,16,ASK,LONG,1.0
U,2026-05-27 16:11:30.875111+00:00,CALL,27.5,2026-06-05,121464,964,1301,163,27.405,REPEATEDHITS,False,False,False,0,121464,12052731267.0,9,BID,SHORT,0.5
U,2026-05-27 13:45:40.924006+00:00,CALL,28.5,2026-06-05,305208,3768,3768,567,27.24,REPEATEDHITS,False,False,False,0,305208,12052731267.0,9,BID,SHORT,0.5
U,2026-05-26 16:59:46.155290+00:00,PUT,27.5,2026-06-18,21384,99,142,61,26.91,REPEATEDHITS,False,False,False,0,21384,12052731267.0,23,BID,LONG,0.5
U,2026-05-26 15:07:32.707180+00:00,PUT,27.0,2026-07-17,45384,186,187,32,27.31,REPEATEDHITS,False,False,False,45384,0,12052731267.0,52,ASK,SHORT,1.0
U,2026-05-26 14:52:39.670473+00:00,CALL,47.0,2028-01-21,82225,143,2304,125,27.545,REPEATEDHITS,False,False,False,17250,64975,12052731267.0,605,BID,SHORT,0.5
U,2026-05-26 14:43:09.416175+00:00,CALL,35.0,2026-07-17,58945,786,11281,77,27.48,REPEATEDHITS,False,False,False,58575,0,12052731267.0,52,ASK,LONG,1.0
U,2026-05-26 14:37:15.246477+00:00,CALL,28.0,2027-01-15,225220,367,439,142,27.49,REPEATEDHITSDESCENDINGFILL,False,False,False,33210,192010,12052731267.0,234,BID,SHORT,0.5
U,2026-05-26 13:57:29.265741+00:00,CALL,35.0,2026-07-17,17286,258,491,77,27.025,REPEATEDHITS,False,False,False,17286,0,12052731267.0,52,ASK,LONG,1.0
U,2026-05-26 13:50:04.921556+00:00,CALL,28.5,2026-05-29,10395,297,323,143,27.2499,REPEATEDHITS,True,False,False,10395,0,12052731267.0,3,ASK,LONG,1.0
U,2026-05-22 18:05:13.600826+00:00,CALL,25.0,2026-05-29,13728,176,841,42,25.13,REPEATEDHITS,True,False,False,0,13728,12052731267.0,7,BID,SHORT,0.5
U,2026-05-22 17:09:55.710104+00:00,CALL,40.0,2026-06-18,10000,2000,2256,1807,25.285,REPEATEDHITS,True,False,False,180,9820,12052731267.0,27,BID,SHORT,0.5
U,2026-05-22 16:51:48.936103+00:00,CALL,25.5,2026-05-22,13034,1862,1990,60,25.31,REPEATEDHITS,False,False,False,7497,70,12052731267.0,0,ASK,LONG,1.0
ULTA,2026-06-24 17:33:11.973660+00:00,PUT,495.0,2026-08-21,16700,5,5,0,476.83,REPEATEDHITS,True,False,False,13360,3340,19746280222.0,58,ASK,SHORT,1.0
ULTA,2026-06-23 18:59:31.245559+00:00,CALL,505.0,2026-07-10,33775,193,226,1,461.62,REPEATEDHITS,False,False,False,0,33775,19746280222.0,17,BID,SHORT,0.5
ULTA,2026-06-23 17:34:36.136305+00:00,CALL,470.0,2026-08-21,143650,65,67,0,463.08,REPEATEDHITS,False,False,False,4420,139230,19746280222.0,59,BID,SHORT,0.5
ULTA,2026-06-23 17:05:07.462753+00:00,PUT,452.5,2026-07-17,133000,133,133,0,463.79,REPEATEDHITS,False,False,False,0,133000,19746280222.0,24,BID,LONG,0.5
ULTA,2026-06-23 15:49:01.294726+00:00,PUT,470.0,2026-08-21,30030,11,13,0,461.95,REPEATEDHITS,True,False,False,0,30030,19746280222.0,59,BID,LONG,0.5
ULTA,2026-06-23 15:49:01.294726+00:00,PUT,465.0,2026-08-21,27060,11,13,0,461.86,REPEATEDHITS,False,False,False,0,27060,19746280222.0,59,BID,LONG,0.5
ULTA,2026-06-23 15:29:05.003392+00:00,CALL,447.5,2026-07-02,12740,7,7,0,459.85,REPEATEDHITS,False,False,False,0,12740,19746280222.0,9,BID,SHORT,0.5
ULTA,2026-06-23 15:29:05.003392+00:00,CALL,427.5,2026-06-26,26400,8,8,0,459.85,REPEATEDHITS,False,False,False,0,26400,19746280222.0,3,BID,SHORT,0.5
ULTA,2026-06-23 15:29:05.003392+00:00,CALL,485.0,2026-08-21,453043,302,302,0,460.6632,REPEATEDHITSASCENDINGFILL,False,False,False,6040,447003,19746280222.0,59,BID,SHORT,0.5
ULTA,2026-06-23 13:57:48.949178+00:00,CALL,437.5,2026-07-17,44400,12,12,0,467.87,REPEATEDHITS,True,False,False,44400,0,19746280222.0,24,ASK,LONG,1.0
ULTA,2026-06-22 19:26:03.061299+00:00,PUT,460.0,2026-07-24,51375,30,62,15,460.2,REPEATEDHITSASCENDINGFILL,False,False,False,0,51375,19746280222.0,32,BID,LONG,0.5
ULTA,2026-06-22 19:22:07.380870+00:00,CALL,460.0,2026-07-24,57900,30,30,5,460.505,REPEATEDHITS,False,False,False,0,57900,19746280222.0,32,BID,SHORT,0.5
ULTA,2026-06-18 16:12:16.931701+00:00,CALL,420.0,2026-07-31,22345,5,37,0,457.0,REPEATEDHITS,False,False,False,0,22345,19746280222.0,43,BID,SHORT,0.5
ULTA,2026-06-16 14:07:36.907112+00:00,PUT,420.0,2026-09-18,41180,29,29,16,473.71,REPEATEDHITS,False,False,False,8520,32660,19746280222.0,94,BID,LONG,0.5
ULTA,2026-06-15 19:19:54.729472+00:00,CALL,480.0,2026-07-10,69030,59,74,1,469.34,REPEATEDHITS,False,False,False,69030,0,19746280222.0,25,ASK,LONG,1.0
ULTA,2026-06-15 17:08:30.927439+00:00,CALL,490.0,2026-06-26,40500,150,150,37,466.04,REPEATEDHITS,False,False,False,0,40500,19746280222.0,11,BID,SHORT,0.5
ULTA,2026-06-12 16:49:17.118597+00:00,PUT,270.0,2026-11-20,62976,440,440,19,470.12,REPEATEDHITSASCENDINGFILL,True,False,False,1716,60245,19746280222.0,161,BID,LONG,0.5
ULTA,2026-06-09 15:15:55.154800+00:00,PUT,490.0,2026-07-10,70280,28,28,0,478.46,REPEATEDHITS,False,False,False,70280,0,19746280222.0,31,ASK,SHORT,1.0
ULTA,2026-06-08 14:06:19.261923+00:00,CALL,425.0,2026-06-26,101860,22,24,4,468.305,REPEATEDHITS,False,False,False,78710,23150,19746280222.0,18,ASK,LONG,1.0
ULTA,2026-06-05 13:37:18.466326+00:00,CALL,445.0,2026-06-05,13200,5,5,0,471.5,REPEATEDHITS,False,False,False,13200,0,19746280222.0,0,ASK,LONG,1.0
ULTA,2026-06-04 17:46:34.000783+00:00,CALL,460.0,2026-09-18,341880,77,340,11,460.76,REPEATEDHITS,False,False,False,341880,0,19746280222.0,106,ASK,LONG,1.0
ULTA,2026-06-04 14:59:11.696018+00:00,CALL,460.0,2026-09-18,259840,58,63,11,461.39,REPEATEDHITS,False,False,False,259840,0,19746280222.0,106,ASK,LONG,1.0
ULTA,2026-06-03 17:36:33.262293+00:00,CALL,455.0,2026-06-18,86800,35,36,3,471.8,REPEATEDHITS,True,False,False,0,86800,19746280222.0,15,BID,SHORT,0.5
ULTA,2026-06-03 16:29:15.245688+00:00,CALL,480.0,2026-06-26,14750,10,31,9,471.885,REPEATEDHITS,False,False,False,0,14750,19746280222.0,23,BID,SHORT,0.5
ULTA,2026-06-03 15:44:43.536846+00:00,CALL,500.0,2026-07-02,84480,88,105,7,470.875,REPEATEDHITS,False,False,False,83520,0,19746280222.0,29,ASK,LONG,1.0
ULTA,2026-06-03 14:55:59.489589+00:00,CALL,430.0,2026-06-05,37000,10,20,0,466.0,REPEATEDHITS,False,False,False,37000,0,19746280222.0,2,ASK,LONG,1.0
ULTA,2026-06-03 14:32:50.273107+00:00,PUT,470.0,2027-06-17,355000,50,200,3,464.01,FLOORTRADELARGECAP,False,True,False,0,355000,19746280222.0,379,BID,LONG,0.5
ULTA,2026-06-03 14:19:29.659927+00:00,PUT,425.0,2026-07-17,34800,40,41,16,465.185,REPEATEDHITS,False,False,False,25230,9570,19746280222.0,44,ASK,SHORT,1.0
ULTA,2026-06-02 19:47:56.546643+00:00,CALL,497.5,2026-06-05,13260,5,42,4,496.37,REPEATEDHITS,False,False,False,0,13260,19746280222.0,3,BID,SHORT,0.5
ULTA,2026-06-02 19:14:07.493920+00:00,PUT,390.0,2026-06-05,15720,394,741,78,497.35,REPEATEDHITS,False,False,False,15280,360,19746280222.0,3,ASK,SHORT,1.0
ULTA,2026-06-02 18:53:14.216376+00:00,PUT,462.5,2026-06-05,274990,268,268,2,498.02,REPEATEDHITSASCENDINGFILL,True,False,False,62280,209650,19746280222.0,3,BID,LONG,0.5
ULTA,2026-06-02 18:18:37.288769+00:00,PUT,400.0,2026-07-17,10080,21,210,18,498.72,REPEATEDHITS,False,False,False,10080,0,19746280222.0,45,ASK,SHORT,1.0
ULTA,2026-06-02 16:59:49.725501+00:00,CALL,505.0,2026-06-05,52550,23,32,20,495.34,REPEATEDHITSDESCENDINGFILL,True,False,False,9170,18300,19746280222.0,3,BID,SHORT,0.5
ULTA,2026-06-01 19:51:43.733523+00:00,CALL,535.0,2026-06-05,63750,51,418,15,500.18,REPEATEDHITS,False,False,False,0,63750,19746280222.0,4,BID,SHORT,0.5
ULTA,2026-06-01 19:22:27.050101+00:00,CALL,535.0,2026-06-05,233960,174,197,15,505.34,REPEATEDHITSASCENDINGFILL,False,False,False,222170,11790,19746280222.0,4,ASK,LONG,1.0
ULTA,2026-06-01 19:22:27.050101+00:00,CALL,535.0,2026-06-05,79186,59,256,15,505.34,REPEATEDHITSDESCENDINGFILL,False,False,False,60566,18620,19746280222.0,4,ASK,LONG,1.0
ULTA,2026-06-01 15:44:47.311879+00:00,PUT,465.0,2026-07-17,52200,30,30,0,503.145,REPEATEDHITS,False,False,False,0,52200,19746280222.0,46,BID,LONG,0.5
ULTA,2026-06-01 13:40:30.796699+00:00,PUT,440.0,2026-06-05,16430,53,54,18,508.54,REPEATEDHITS,False,False,False,1860,14570,19746280222.0,4,BID,LONG,0.5
ULTA,2026-06-01 13:39:38.758072+00:00,CALL,1000.0,2027-06-17,17000,20,25,3,509.31,REPEATEDHITS,False,False,False,0,17000,19746280222.0,381,BID,SHORT,0.5
ULTA,2026-05-29 19:27:41.790523+00:00,PUT,495.0,2026-06-18,500000,250,250,143,509.8,REPEATEDHITS,False,False,False,0,20000,19746280222.0,20,BID,LONG,0.5
ULTA,2026-05-28 15:52:07.393364+00:00,PUT,445.0,2026-07-10,97021,126,212,0,519.215,REPEATEDHITS,False,False,False,0,97021,19746280222.0,43,BID,LONG,0.5
ULTA,2026-05-27 18:15:14.398850+00:00,CALL,465.0,2026-06-05,119910,22,23,1,512.18,REPEATEDHITSDESCENDINGFILL,False,False,False,70920,48990,19746280222.0,9,ASK,LONG,1.0
ULTA,2026-05-27 16:04:41.707626+00:00,CALL,540.0,2026-09-18,431482,102,106,90,515.3,REPEATEDHITSASCENDINGFILL,False,False,False,0,431482,19746280222.0,114,BID,SHORT,0.5
ULTA,2026-05-27 14:17:13.249959+00:00,CALL,585.0,2026-06-12,31981,41,66,5,524.8,REPEATEDHITS,False,False,False,23400,4681,19746280222.0,16,ASK,LONG,1.0
ULTA,2026-05-27 14:17:06.636303+00:00,CALL,585.0,2026-06-12,19501,25,25,5,524.8,REPEATEDHITS,False,False,False,10920,8581,19746280222.0,16,ASK,LONG,1.0
ULTA,2026-05-27 13:59:17.261848+00:00,CALL,525.0,2026-06-18,288320,106,107,31,520.6,REPEATEDHITS,False,False,False,0,288320,19746280222.0,22,BID,SHORT,0.5
ULTA,2026-05-26 14:48:06.705069+00:00,PUT,517.5,2026-06-18,113875,39,40,0,516.34,REPEATEDHITS,False,False,False,113875,0,19746280222.0,23,ASK,SHORT,1.0
ULTA,2026-05-22 18:34:10.812338+00:00,PUT,480.0,2026-07-17,160380,81,82,3,514.88,REPEATEDHITS,False,False,False,0,160380,19746280222.0,56,BID,LONG,0.5
ULTA,2026-05-22 17:01:41.693907+00:00,PUT,420.0,2027-01-15,331380,126,127,93,514.46,REPEATEDHITS,False,False,False,0,331380,19746280222.0,238,BID,LONG,0.5
ULTA,2026-05-22 16:12:08.657882+00:00,CALL,520.0,2026-06-05,321752,143,144,1,513.76,REPEATEDHITSASCENDINGFILL,False,False,False,15750,306002,19746280222.0,14,BID,SHORT,0.5
UNH,2026-06-24 18:15:39.049380+00:00,PUT,397.5,2026-07-10,265200,408,414,5,403.855,REPEATEDHITS,False,False,False,0,265200,371658097337.0,16,BID,LONG,0.5
UNH,2026-06-24 17:21:14.796384+00:00,PUT,412.5,2026-07-17,55215,27,27,13,403.5,REPEATEDHITS,False,False,False,51125,4090,371658097337.0,23,ASK,SHORT,1.0
UNH,2026-06-24 17:06:17.561249+00:00,PUT,392.5,2026-07-17,353130,348,650,3,405.13,REPEATEDHITSDESCENDINGFILL,False,False,False,352120,1010,371658097337.0,23,ASK,SHORT,1.0
UNH,2026-06-24 16:49:15.463022+00:00,PUT,392.5,2026-07-17,296010,299,302,3,405.765,REPEATEDHITS,False,False,False,296010,0,371658097337.0,23,ASK,SHORT,1.0
UNH,2026-06-24 15:51:14.201754+00:00,PUT,407.5,2026-07-10,57970,62,64,35,406.365,REPEATEDHITS,True,False,False,0,57970,371658097337.0,16,BID,LONG,0.5
UNH,2026-06-24 15:50:00.700163+00:00,PUT,387.5,2026-07-17,144225,177,192,9,406.24,REPEATEDHITSDESCENDINGFILL,False,False,False,144225,0,371658097337.0,23,ASK,SHORT,1.0
UNH,2026-06-23 18:27:13.438742+00:00,PUT,402.5,2026-07-02,179039,381,560,288,408.44,REPEATEDHITSDESCENDINGFILL,True,False,False,179039,0,371658097337.0,9,ASK,SHORT,1.0
UNH,2026-06-23 18:26:29.788620+00:00,CALL,417.5,2026-07-02,211222,571,597,251,408.41,REPEATEDHITSDESCENDINGFILL,True,False,False,211222,0,371658097337.0,9,ASK,LONG,1.0
UNH,2026-06-23 15:57:26.501460+00:00,PUT,420.0,2026-07-31,129965,55,59,2,408.49,REPEATEDHITSASCENDINGFILL,False,False,False,42595,75520,371658097337.0,38,BID,LONG,0.5
UNH,2026-06-22 18:09:31.691262+00:00,PUT,420.0,2026-06-26,458306,337,361,23,407.62,REPEATEDHITSDESCENDINGFILL,False,False,False,458306,0,371658097337.0,4,ASK,SHORT,1.0
UNH,2026-06-22 17:14:42.868948+00:00,PUT,422.5,2026-06-26,555946,361,361,1,407.7401,REPEATEDHITS,True,False,False,554396,1550,371658097337.0,4,ASK,SHORT,1.0
UNH,2026-06-22 17:01:04.051042+00:00,CALL,415.0,2026-07-17,75858,56,66,0,408.99,REPEATEDHITSASCENDINGFILL,False,False,False,8250,54108,371658097337.0,25,BID,SHORT,0.5
UNH,2026-06-22 14:20:13.106171+00:00,PUT,412.5,2026-06-26,344969,352,353,80,404.475,REPEATEDHITSASCENDINGFILL,False,False,False,0,344969,371658097337.0,4,BID,LONG,0.5
UNH,2026-06-22 14:00:46.771549+00:00,PUT,382.5,2026-07-17,108257,164,164,0,407.185,REPEATEDHITSASCENDINGFILL,False,False,False,660,107597,371658097337.0,25,BID,LONG,0.5
UNH,2026-06-18 16:25:54.000845+00:00,PUT,395.0,2026-07-10,80516,115,117,83,401.74,REPEATEDHITSASCENDINGFILL,False,False,False,700,79116,371658097337.0,22,BID,LONG,0.5
UNH,2026-06-17 15:49:34.173477+00:00,PUT,397.5,2026-07-02,184478,473,519,98,408.68,REPEATEDHITSASCENDINGFILL,False,False,False,0,184088,371658097337.0,15,BID,LONG,0.5
UNH,2026-06-16 15:58:03.941877+00:00,PUT,420.0,2026-08-21,1626200,634,1336,253,410.24,REPEATEDHITSDESCENDINGFILL,False,False,False,1603120,23080,371658097337.0,66,ASK,SHORT,1.0
UNH,2026-06-16 15:45:53.992794+00:00,PUT,420.0,2026-08-21,1744160,680,702,253,409.895,REPEATEDHITSDESCENDINGFILL,True,False,False,1741600,2560,371658097337.0,66,ASK,SHORT,1.0
UNH,2026-06-16 14:24:42.894577+00:00,PUT,410.0,2026-07-17,808503,493,526,446,408.525,REPEATEDHITSDESCENDINGFILL,False,False,False,806868,1635,371658097337.0,31,ASK,SHORT,1.0
UNH,2026-06-15 16:58:28.790434+00:00,PUT,405.0,2026-07-10,612977,882,1192,318,414.1,REPEATEDHITSDESCENDINGFILL,False,False,False,612287,0,371658097337.0,25,ASK,SHORT,1.0
UNH,2026-06-15 16:16:25.348491+00:00,CALL,385.0,2026-07-24,87060,24,50,18,412.61,REPEATEDHITSASCENDINGFILL,False,False,False,87060,0,371658097337.0,39,ASK,LONG,1.0
UNH,2026-06-15 14:30:08.070049+00:00,PUT,400.0,2026-07-10,216048,298,346,71,407.9,REPEATEDHITS,False,False,False,216048,0,371658097337.0,25,ASK,SHORT,1.0
UNH,2026-06-15 14:23:38.039458+00:00,PUT,410.0,2026-07-02,306855,318,336,109,408.685,REPEATEDHITSDESCENDINGFILL,True,False,False,306855,0,371658097337.0,17,ASK,SHORT,1.0
UNH,2026-06-15 14:14:02.006129+00:00,CALL,415.0,2026-06-26,189395,492,557,235,405.1,REPEATEDHITSDESCENDINGFILL,True,False,False,189395,0,371658097337.0,11,ASK,LONG,1.0
UNH,2026-06-15 13:38:56.791861+00:00,PUT,400.0,2026-07-17,691303,446,456,435,400.07,REPEATEDHITS,False,False,False,0,691303,371658097337.0,32,BID,LONG,0.5
UNH,2026-06-12 18:51:01.329782+00:00,PUT,430.0,2026-07-17,67450,21,47,20,406.43,REPEATEDHITS,False,False,False,28875,38575,371658097337.0,35,BID,LONG,0.5
UNH,2026-06-12 18:35:34.955981+00:00,PUT,395.0,2026-07-02,244311,479,505,108,407.795,REPEATEDHITS,True,False,False,0,244311,371658097337.0,20,BID,LONG,0.5
UNH,2026-06-12 18:29:51.604709+00:00,PUT,400.0,2026-07-02,398915,558,567,285,407.64,REPEATEDHITSDESCENDINGFILL,True,False,False,395360,3555,371658097337.0,20,ASK,SHORT,1.0
UNH,2026-06-12 17:18:07.182993+00:00,CALL,402.5,2026-06-26,215061,214,217,41,407.78,REPEATEDHITSDESCENDINGFILL,False,False,False,215061,0,371658097337.0,14,ASK,LONG,1.0
UNH,2026-06-12 16:42:25.927649+00:00,PUT,390.0,2026-07-02,76405,191,191,47,406.79,REPEATEDHITS,True,False,False,0,76005,371658097337.0,20,BID,LONG,0.5
UNH,2026-06-12 14:40:15.280966+00:00,CALL,430.0,2026-07-24,382415,409,425,13,406.67,REPEATEDHITS,False,False,False,0,382415,371658097337.0,42,BID,SHORT,0.5
UNH,2026-06-12 14:01:51.493216+00:00,PUT,420.0,2026-07-17,1039376,406,406,57,407.45,REPEATEDHITSASCENDINGFILL,True,False,False,2565,1036811,371658097337.0,35,BID,LONG,0.5
UNH,2026-06-11 18:18:11.804380+00:00,PUT,390.0,2026-08-21,789794,486,597,428,406.35,REPEATEDHITSASCENDINGFILL,False,False,False,1655,788139,371658097337.0,71,BID,LONG,0.5
UNH,2026-06-11 18:00:05.185150+00:00,PUT,395.0,2026-07-02,53040,78,78,33,405.79,REPEATEDHITSASCENDINGFILL,False,False,False,17940,35100,371658097337.0,21,BID,LONG,0.5
UNH,2026-06-11 17:13:06.493945+00:00,CALL,410.0,2026-07-24,621425,353,359,46,406.18,REPEATEDHITSASCENDINGFILL,False,False,False,7165,614260,371658097337.0,43,BID,SHORT,0.5
UNH,2026-06-11 16:43:20.352219+00:00,CALL,425.0,2026-07-24,287985,242,242,12,406.42,REPEATEDHITS,False,False,False,0,287985,371658097337.0,43,BID,SHORT,0.5
UNH,2026-06-11 15:25:54.464523+00:00,PUT,405.0,2026-06-26,532879,561,592,68,406.35,REPEATEDHITSDESCENDINGFILL,True,False,False,526264,6615,371658097337.0,15,ASK,SHORT,1.0
UNH,2026-06-11 15:10:34.241367+00:00,PUT,410.0,2026-06-18,353337,382,404,344,407.34,REPEATEDHITSDESCENDINGFILL,False,False,False,353337,0,371658097337.0,7,ASK,SHORT,1.0
UNH,2026-06-11 14:48:50.171393+00:00,PUT,405.0,2026-07-10,306160,244,245,81,406.57,REPEATEDHITS,False,False,False,306160,0,371658097337.0,29,ASK,SHORT,1.0
UNH,2026-06-10 18:00:13.477011+00:00,PUT,415.0,2026-06-12,321161,318,342,157,406.12,REPEATEDHITSDESCENDINGFILL,False,False,False,321161,0,371658097337.0,2,ASK,SHORT,1.0
UNH,2026-06-10 16:46:56.336368+00:00,PUT,450.0,2028-12-15,317118,32,37,3,407.24,REPEATEDHITSASCENDINGFILL,False,False,False,317118,0,371658097337.0,919,ASK,SHORT,1.0
UNH,2026-06-10 15:15:52.196080+00:00,CALL,412.5,2026-06-18,210168,452,577,176,407.99,REPEATEDHITSDESCENDINGFILL,False,False,False,210168,0,371658097337.0,8,ASK,LONG,1.0
UNH,2026-06-10 14:49:37.291395+00:00,PUT,410.0,2026-06-12,279682,437,795,327,406.29,REPEATEDHITS,False,False,False,0,279682,371658097337.0,2,BID,LONG,0.5
UNH,2026-06-09 17:57:31.433407+00:00,PUT,395.0,2026-06-18,105490,385,487,178,412.165,REPEATEDHITS,False,False,False,12878,92612,371658097337.0,9,BID,LONG,0.5
UNH,2026-06-09 14:58:57.279665+00:00,PUT,407.5,2026-06-12,159440,412,591,31,411.65,REPEATEDHITSASCENDINGFILL,False,False,False,35855,123585,371658097337.0,3,BID,LONG,0.5
UNH,2026-06-08 19:01:12.625462+00:00,PUT,415.0,2026-07-10,723950,362,392,0,406.18,REPEATEDHITSDESCENDINGFILL,False,False,False,645995,60000,371658097337.0,32,ASK,SHORT,1.0
UNH,2026-06-08 18:17:27.072214+00:00,CALL,520.0,2027-09-17,466260,152,352,54,404.71,REPEATEDHITSASCENDINGFILL,True,False,False,417215,49045,371658097337.0,466,ASK,LONG,1.0
UNH,2026-06-08 15:48:51.200627+00:00,CALL,420.0,2026-06-26,135748,292,326,135,404.41,REPEATEDHITSDESCENDINGFILL,False,False,False,124153,7875,371658097337.0,18,ASK,LONG,1.0
UNH,2026-06-08 15:08:55.742605+00:00,PUT,387.5,2026-06-18,60376,175,203,149,402.975,REPEATEDHITS,False,False,False,10695,49681,371658097337.0,10,BID,LONG,0.5
UNH,2026-06-05 18:59:48.337126+00:00,CALL,415.0,2026-07-10,171130,230,265,39,399.39,REPEATEDHITSASCENDINGFILL,False,False,False,39670,107300,371658097337.0,35,BID,SHORT,0.5
UPRO,2026-06-24 18:25:10.902785+00:00,PUT,139.0,2026-07-02,38940,66,67,10,135.46,REPEATEDHITS,True,False,False,0,38940,135.3663,8,BID,LONG,0.5
UPRO,2026-06-24 17:07:42.294210+00:00,PUT,139.5,2026-07-10,22627,31,31,0,135.72,REPEATEDHITS,True,False,False,22627,0,135.3663,16,ASK,SHORT,1.0
UPRO,2026-06-24 16:55:17.750910+00:00,PUT,143.0,2026-07-10,21840,24,25,14,136.185,REPEATEDHITS,False,False,False,21840,0,135.3663,16,ASK,SHORT,1.0
UPRO,2026-06-24 14:20:22.797792+00:00,PUT,149.0,2026-08-21,51040,29,29,5,135.42,REPEATEDHITS,True,False,False,51040,0,135.3663,58,ASK,SHORT,1.0
UPRO,2026-06-23 15:15:14.352524+00:00,PUT,140.0,2026-08-21,14160,12,48,11,136.8099,REPEATEDHITS,True,False,False,14160,0,135.3663,59,ASK,SHORT,1.0
UPRO,2026-06-23 15:14:55.924130+00:00,PUT,140.0,2026-08-21,25720,22,22,11,136.62,REPEATEDHITSASCENDINGFILL,True,False,False,14100,1160,135.3663,59,ASK,SHORT,1.0
UPRO,2026-06-23 14:59:14.898909+00:00,CALL,152.0,2026-07-24,14767,87,105,6,137.05,REPEATEDHITS,False,False,False,14767,0,135.3663,31,ASK,LONG,1.0
UPRO,2026-06-23 13:54:58.645137+00:00,CALL,133.0,2026-09-18,54000,36,37,18,136.985,REPEATEDHITS,True,False,False,0,54000,135.3663,87,BID,SHORT,0.5
UPRO,2026-06-22 14:20:21.520265+00:00,CALL,142.0,2026-08-21,29702,27,33,6,143.815,REPEATEDHITS,True,False,False,0,29702,135.3663,60,BID,SHORT,0.5
UPRO,2026-06-15 15:29:13.857100+00:00,CALL,154.0,2026-06-18,24990,833,1016,0,146.955,REPEATEDHITS,False,False,False,17910,4800,135.3663,3,ASK,LONG,1.0
UPRO,2026-06-11 18:50:18.977521+00:00,PUT,138.5,2026-06-26,24420,37,37,5,136.51,REPEATEDHITS,False,False,False,0,24420,135.3663,15,BID,LONG,0.5
UPRO,2026-06-11 18:50:18.977521+00:00,PUT,137.0,2026-06-26,70210,119,120,18,136.48,REPEATEDHITS,True,False,False,0,70210,135.3663,15,BID,LONG,0.5
UPRO,2026-06-11 18:50:18.977521+00:00,PUT,135.5,2026-07-02,135422,222,222,1,136.51,REPEATEDHITS,True,False,False,610,134812,135.3663,21,BID,LONG,0.5
UPRO,2026-06-10 18:04:15.193913+00:00,PUT,133.0,2026-06-18,18060,42,48,16,134.06,REPEATEDHITS,True,False,False,0,18060,135.3663,8,BID,LONG,0.5
UPRO,2026-06-10 13:46:11.421085+00:00,PUT,125.0,2026-07-10,10530,27,27,22,136.72,REPEATEDHITS,True,False,False,0,10530,135.3663,30,BID,LONG,0.5
UPRO,2026-06-09 19:40:14.966095+00:00,PUT,137.0,2026-06-18,13570,23,41,8,135.145,REPEATEDHITS,True,False,False,13570,0,135.3663,9,ASK,SHORT,1.0
UPRO,2026-06-09 19:15:24.599198+00:00,PUT,152.0,2026-06-18,109210,67,67,14,136.06,REPEATEDHITS,True,False,False,109210,0,135.3663,9,ASK,SHORT,1.0
UPRO,2026-06-09 17:46:50.380881+00:00,PUT,146.0,2026-06-26,78090,57,57,37,134.44,REPEATEDHITS,False,False,False,78090,0,135.3663,17,ASK,SHORT,1.0
UPRO,2026-06-09 17:02:42.267608+00:00,PUT,129.0,2026-06-18,27212,68,73,45,131.4181,REPEATEDHITS,True,False,False,0,27212,135.3663,9,BID,LONG,0.5
UPRO,2026-06-09 17:02:39.060149+00:00,PUT,132.0,2026-06-18,26020,50,50,25,131.4181,REPEATEDHITSASCENDINGFILL,True,False,False,530,25490,135.3663,9,BID,LONG,0.5
UPRO,2026-06-09 17:02:36.657199+00:00,PUT,134.0,2026-06-18,71300,115,118,6,131.4181,REPEATEDHITS,True,False,False,0,71300,135.3663,9,BID,LONG,0.5
UPRO,2026-06-09 16:20:20.796831+00:00,PUT,124.5,2026-06-12,13295,76,76,16,130.705,REPEATEDHITS,True,False,False,13295,0,135.3663,3,ASK,SHORT,1.0
UPRO,2026-06-09 13:56:32.251693+00:00,PUT,155.0,2026-06-26,318049,224,229,54,141.858,REPEATEDHITS,True,False,False,318049,0,135.3663,17,ASK,SHORT,1.0
UPRO,2026-06-05 19:39:37.040102+00:00,PUT,138.0,2026-06-12,28860,74,246,33,138.25,REPEATEDHITS,False,False,False,0,28860,135.3663,7,BID,LONG,0.5
UPRO,2026-06-05 17:40:46.953996+00:00,PUT,143.0,2026-06-18,62222,122,137,14,142.2,REPEATEDHITSDESCENDINGFILL,True,False,False,0,61202,135.3663,13,BID,LONG,0.5
UPRO,2026-06-05 13:39:14.108176+00:00,PUT,151.0,2026-06-12,25620,42,42,12,145.77,REPEATEDHITS,True,False,False,25620,0,135.3663,7,ASK,SHORT,1.0
UPRO,2026-06-03 18:26:04.163220+00:00,CALL,156.0,2026-06-12,12948,185,186,6,148.64,REPEATEDHITS,True,False,False,12948,0,135.3663,9,ASK,LONG,1.0
UPRO,2026-06-02 14:17:26.471613+00:00,CALL,151.0,2026-06-05,60885,369,374,65,150.06,REPEATEDHITS,True,False,False,165,60720,135.3663,3,BID,SHORT,0.5
UPRO,2026-06-01 16:53:14.999087+00:00,PUT,140.0,2026-06-26,93515,317,321,96,149.8,REPEATEDHITS,False,False,False,0,93515,135.3663,25,BID,LONG,0.5
UPRO,2026-06-01 16:51:23.531847+00:00,PUT,139.0,2026-06-12,28666,273,295,10,149.59,REPEATEDHITS,True,False,False,0,28666,135.3663,11,BID,LONG,0.5
UPRO,2026-06-01 16:51:23.531847+00:00,PUT,136.0,2026-06-18,15225,105,105,27,149.59,REPEATEDHITS,True,False,False,0,15225,135.3663,17,BID,LONG,0.5
UPRO,2026-05-28 19:41:15.540066+00:00,CALL,148.0,2026-07-17,179403,195,202,8,148.39,REPEATEDHITSASCENDINGFILL,True,False,False,0,179403,135.3663,50,BID,SHORT,0.5
UPRO,2026-05-26 17:28:42.823328+00:00,PUT,145.0,2026-05-29,23030,98,1386,12,144.86,REPEATEDHITS,False,False,False,0,23030,135.3663,3,BID,LONG,0.5
UPRO,2026-05-26 13:37:08.884939+00:00,PUT,143.0,2026-05-29,16416,108,205,21,145.32,REPEATEDHITS,False,False,False,0,16416,135.3663,3,BID,LONG,0.5
UPRO,2026-05-19 19:25:06.691920+00:00,CALL,136.0,2026-05-22,13340,43,47,12,136.9099,REPEATEDHITS,True,False,False,0,13340,135.3663,3,BID,SHORT,0.5
UPRO,2026-05-18 17:16:27.054184+00:00,PUT,134.0,2026-05-29,36720,136,180,5,138.55,REPEATEDHITS,True,False,False,0,36720,135.3663,11,BID,LONG,0.5
UPRO,2026-05-14 16:45:41.345920+00:00,PUT,140.0,2026-06-18,357210,567,569,17,144.81,REPEATEDHITS,False,False,False,357210,0,135.3663,35,ASK,SHORT,1.0
UPRO,2026-05-13 16:07:52.595571+00:00,PUT,133.0,2026-05-29,22360,86,97,14,140.64,REPEATEDHITS,False,False,False,0,22360,135.3663,16,BID,LONG,0.5
UPRO,2026-05-07 16:15:10.891716+00:00,PUT,137.0,2026-05-15,15400,44,81,2,136.46,REPEATEDHITS,False,False,False,15400,0,135.3663,8,ASK,SHORT,1.0
UPRO,2026-05-06 18:23:06.094345+00:00,CALL,150.0,2026-06-05,20060,118,132,18,136.925,REPEATEDHITS,False,False,False,20060,0,135.3663,30,ASK,LONG,1.0
UPRO,2026-05-05 19:11:24.067517+00:00,CALL,141.0,2026-05-22,11500,92,92,0,132.52,REPEATEDHITS,False,False,False,11500,0,135.3663,17,ASK,LONG,1.0
UPRO,2026-05-04 17:06:40.859784+00:00,PUT,120.0,2026-05-22,85426,335,344,8,128.5,REPEATEDHITS,False,False,False,0,85426,135.3663,18,BID,LONG,0.5
UPRO,2026-05-01 18:16:18.072807+00:00,PUT,136.0,2026-05-08,23780,41,41,0,130.84,REPEATEDHITS,True,False,False,23780,0,135.3663,7,ASK,SHORT,1.0
UPRO,2026-05-01 16:25:27.812334+00:00,CALL,127.0,2026-06-05,97560,104,146,84,131.13,REPEATEDHITSASCENDINGFILL,True,False,False,9400,88160,135.3663,35,BID,SHORT,0.5
UPRO,2026-05-01 14:31:13.639703+00:00,CALL,130.0,2026-05-29,137201,196,356,58,131.99,REPEATEDHITS,True,False,False,0,137201,135.3663,28,BID,SHORT,0.5
UPRO,2026-05-01 14:25:30.277127+00:00,CALL,130.0,2026-05-29,84000,120,160,58,132.345,REPEATEDHITS,True,False,False,0,84000,135.3663,28,BID,SHORT,0.5
UPRO,2026-05-01 14:25:05.042739+00:00,PUT,135.0,2026-05-08,32800,82,86,0,132.51,REPEATEDHITS,False,False,False,32800,0,135.3663,7,ASK,SHORT,1.0
UPRO,2026-04-30 17:43:08.823356+00:00,CALL,124.0,2026-05-22,48820,62,64,59,128.105,REPEATEDHITS,False,False,False,0,48820,135.3663,22,BID,SHORT,0.5
UPRO,2026-04-29 19:13:16.347845+00:00,PUT,126.0,2026-05-01,27540,108,114,91,125.24,REPEATEDHITS,True,False,False,0,27540,135.3663,2,BID,LONG,0.5
UPRO,2026-04-29 18:45:14.799350+00:00,PUT,125.0,2026-05-22,67200,105,105,2,124.0299,REPEATEDHITS,True,False,False,67200,0,135.3663,23,ASK,SHORT,1.0
URI,2026-06-24 17:55:25.996632+00:00,CALL,1090.0,2026-08-21,223300,35,35,3,1070.615,REPEATEDHITS,False,False,False,185020,0,66602060609.0,58,ASK,LONG,1.0
URI,2026-06-24 17:28:17.660284+00:00,PUT,1090.0,2026-07-24,490590,79,79,1,1069.94,REPEATEDHITS,False,False,False,478170,12420,66602060609.0,30,ASK,SHORT,1.0
URI,2026-06-24 17:21:19.012573+00:00,PUT,980.0,2027-01-15,87119,12,12,6,1070.17,REPEATEDHITS,True,False,False,87119,0,66602060609.0,205,ASK,SHORT,1.0
URI,2026-06-24 16:35:31.093068+00:00,PUT,1077.5,2026-06-26,175560,133,133,20,1079.24,REPEATEDHITS,False,False,False,150480,25080,66602060609.0,2,ASK,SHORT,1.0
URI,2026-06-24 13:49:52.037886+00:00,CALL,1100.0,2026-07-31,218010,43,43,1,1075.265,REPEATEDHITS,False,False,False,218010,0,66602060609.0,37,ASK,LONG,1.0
URI,2026-06-23 19:30:20.146927+00:00,CALL,1070.0,2026-06-26,187600,140,145,12,1063.7478,REPEATEDHITS,False,False,False,187600,0,66602060609.0,3,ASK,LONG,1.0
URI,2026-06-23 16:21:31.687248+00:00,CALL,1105.0,2026-07-17,339380,142,142,9,1072.41,REPEATEDHITS,False,False,False,0,339380,66602060609.0,24,BID,SHORT,0.5
URI,2026-06-22 15:28:25.082594+00:00,CALL,1110.0,2026-07-17,262570,77,77,0,1095.24,REPEATEDHITS,False,False,False,0,262570,66602060609.0,25,BID,SHORT,0.5
URI,2026-06-22 14:16:39.342878+00:00,PUT,1000.0,2026-09-18,310500,75,116,44,1087.79,REPEATEDHITS,False,False,False,310500,0,66602060609.0,88,ASK,SHORT,1.0
URI,2026-06-18 18:34:56.453089+00:00,PUT,1010.0,2026-07-17,111350,85,87,35,1083.945,REPEATEDHITS,False,False,False,111350,0,66602060609.0,29,ASK,SHORT,1.0
URI,2026-06-18 16:23:33.255676+00:00,CALL,1100.0,2026-07-02,141440,64,64,23,1083.66,REPEATEDHITS,False,False,False,0,141440,66602060609.0,14,BID,SHORT,0.5
URI,2026-06-18 15:13:48.599666+00:00,PUT,1040.0,2026-07-17,144000,75,75,24,1091.135,REPEATEDHITS,False,False,False,144000,0,66602060609.0,29,ASK,SHORT,1.0
URI,2026-06-16 15:22:28.671527+00:00,PUT,1090.0,2026-07-02,60960,16,16,2,1072.88,REPEATEDHITS,False,False,False,60960,0,66602060609.0,16,ASK,SHORT,1.0
URI,2026-06-16 14:56:47.173418+00:00,PUT,1050.0,2026-07-10,70039,34,34,1,1082.425,REPEATEDHITS,False,False,False,70039,0,66602060609.0,24,ASK,SHORT,1.0
URI,2026-06-16 14:13:24.852512+00:00,PUT,1075.0,2026-06-26,645880,268,276,0,1076.13,REPEATEDHITS,False,False,False,0,645880,66602060609.0,10,BID,LONG,0.5
URI,2026-06-15 19:15:15.151495+00:00,CALL,1160.0,2026-07-17,69200,40,45,20,1086.21,REPEATEDHITS,False,False,False,0,69200,66602060609.0,32,BID,SHORT,0.5
URI,2026-06-15 13:50:51.570618+00:00,PUT,1030.0,2026-07-17,159080,82,82,9,1083.28,REPEATEDHITS,False,False,False,0,159080,66602060609.0,32,BID,LONG,0.5
URI,2026-06-12 14:10:05.507373+00:00,PUT,1005.0,2026-06-26,60840,78,78,11,1077.51,REPEATEDHITS,False,False,False,0,60840,66602060609.0,14,BID,LONG,0.5
URI,2026-06-11 15:14:19.792254+00:00,PUT,970.0,2026-07-17,51810,33,33,10,1058.29,REPEATEDHITS,False,False,False,51810,0,66602060609.0,36,ASK,SHORT,1.0
URI,2026-06-10 18:33:11.613166+00:00,PUT,1080.0,2026-09-18,675980,73,73,1,1062.17,REPEATEDHITS,False,False,False,0,675980,66602060609.0,100,BID,LONG,0.5
URI,2026-06-10 17:30:47.721262+00:00,PUT,910.0,2026-09-18,277440,102,134,4,1068.0,REPEATEDHITS,False,False,False,277440,0,66602060609.0,100,ASK,SHORT,1.0
URI,2026-06-10 15:00:31.121512+00:00,PUT,910.0,2026-09-18,81280,32,32,4,1086.44,REPEATEDHITS,False,False,False,81280,0,66602060609.0,100,ASK,SHORT,1.0
URI,2026-06-09 18:09:09.105255+00:00,PUT,1020.0,2026-07-17,93740,43,44,5,1092.12,REPEATEDHITS,False,False,False,93740,0,66602060609.0,38,ASK,SHORT,1.0
URI,2026-06-09 15:40:18.959944+00:00,PUT,1100.0,2026-09-18,917761,96,97,15,1078.43,REPEATEDHITS,False,False,False,0,917761,66602060609.0,101,BID,LONG,0.5
URI,2026-06-09 14:17:35.401430+00:00,CALL,1140.0,2026-07-17,291572,85,86,14,1094.58,REPEATEDHITSASCENDINGFILL,False,False,False,0,291572,66602060609.0,38,BID,SHORT,0.5
URI,2026-06-08 16:05:38.440555+00:00,PUT,1070.0,2026-06-26,145159,55,55,0,1089.505,REPEATEDHITSDESCENDINGFILL,False,False,False,134639,5240,66602060609.0,18,ASK,SHORT,1.0
URI,2026-06-08 16:04:40.778012+00:00,PUT,1100.0,2026-06-18,91560,28,28,3,1089.01,REPEATEDHITS,False,False,False,91560,0,66602060609.0,10,ASK,SHORT,1.0
URI,2026-06-08 14:50:12.559913+00:00,PUT,1100.0,2026-06-12,247500,110,112,1,1092.9375,REPEATEDHITS,False,False,False,247500,0,66602060609.0,4,ASK,SHORT,1.0
URI,2026-06-05 18:53:48.870403+00:00,PUT,1010.0,2026-06-18,118339,122,126,4,1061.505,REPEATEDHITS,False,False,False,118339,0,66602060609.0,13,ASK,SHORT,1.0
URI,2026-06-05 17:10:21.085817+00:00,CALL,1080.0,2026-06-26,290290,91,91,1,1070.62,REPEATEDHITS,False,False,False,0,290290,66602060609.0,21,BID,SHORT,0.5
URI,2026-06-05 16:58:42.777883+00:00,CALL,1055.0,2026-06-05,51809,33,33,0,1069.19,REPEATEDHITS,True,False,False,51809,0,66602060609.0,0,ASK,LONG,1.0
URI,2026-06-05 16:00:10.096535+00:00,CALL,1100.0,2026-12-18,393380,34,62,14,1065.37,REPEATEDHITS,False,False,False,161980,173550,66602060609.0,196,BID,SHORT,0.5
URI,2026-06-05 15:34:50.613893+00:00,PUT,1040.0,2026-09-18,515780,74,74,5,1073.76,REPEATEDHITS,False,False,False,515780,0,66602060609.0,105,ASK,SHORT,1.0
URI,2026-06-04 16:42:53.979411+00:00,CALL,1480.0,2026-09-18,84359,111,113,5,1078.265,REPEATEDHITS,False,False,False,84359,0,66602060609.0,106,ASK,LONG,1.0
URI,2026-06-03 18:44:38.391799+00:00,CALL,1040.0,2026-06-05,63680,32,35,27,1051.75,REPEATEDHITS,False,False,False,0,63680,66602060609.0,2,BID,SHORT,0.5
URI,2026-06-03 14:33:59.051395+00:00,PUT,950.0,2026-07-17,123900,59,59,7,1017.08,REPEATEDHITS,False,False,False,0,123900,66602060609.0,44,BID,LONG,0.5
URI,2026-06-02 19:10:49.821799+00:00,CALL,985.0,2026-06-18,181790,49,49,0,996.685,REPEATEDHITS,False,False,False,0,181790,66602060609.0,16,BID,SHORT,0.5
URI,2026-06-02 15:13:49.950410+00:00,CALL,1010.0,2026-06-12,154000,56,56,34,1012.86,REPEATEDHITS,False,False,False,0,154000,66602060609.0,10,BID,SHORT,0.5
URI,2026-06-01 18:36:29.533617+00:00,CALL,1050.0,2026-06-26,51570,27,27,4,998.49,REPEATEDHITS,False,False,False,51570,0,66602060609.0,25,ASK,LONG,1.0
URI,2026-06-01 14:49:12.997144+00:00,PUT,965.0,2026-06-05,146400,120,120,2,977.14,REPEATEDHITS,False,False,False,146400,0,66602060609.0,4,ASK,SHORT,1.0
URI,2026-05-29 16:18:18.953240+00:00,CALL,1000.0,2026-06-12,63600,24,31,7,999.855,REPEATEDHITS,False,False,False,0,63600,66602060609.0,14,BID,SHORT,0.5
URI,2026-05-29 14:53:27.278150+00:00,PUT,890.0,2026-09-18,176460,51,51,5,992.88,REPEATEDHITS,False,False,False,0,176460,66602060609.0,112,BID,LONG,0.5
URI,2026-05-27 13:35:36.697875+00:00,PUT,990.0,2026-05-29,109650,51,51,10,977.0,REPEATEDHITS,False,False,False,109650,0,66602060609.0,2,ASK,SHORT,1.0
URI,2026-05-26 15:07:19.879897+00:00,PUT,990.0,2026-07-17,171340,26,26,0,955.62,REPEATEDHITS,False,False,False,171340,0,66602060609.0,52,ASK,SHORT,1.0
URI,2026-05-26 14:39:02.189884+00:00,PUT,945.0,2026-05-29,69342,73,75,6,960.159,REPEATEDHITSDESCENDINGFILL,False,False,False,69342,0,66602060609.0,3,ASK,SHORT,1.0
URI,2026-05-20 14:48:15.546258+00:00,CALL,950.0,2026-06-05,141572,60,61,27,941.11,REPEATEDHITSDESCENDINGFILL,False,False,False,113518,28054,66602060609.0,16,ASK,LONG,1.0
URI,2026-05-14 15:01:58.552521+00:00,CALL,990.0,2026-06-05,99500,50,50,1,960.575,REPEATEDHITS,False,False,False,99500,0,66602060609.0,22,ASK,LONG,1.0
URI,2026-05-07 19:17:01.036975+00:00,PUT,950.0,2028-01-21,365220,21,21,12,938.99,REPEATEDHITSDESCENDINGFILL,False,False,False,365220,0,66602060609.0,624,ASK,SHORT,1.0
URI,2026-05-01 15:48:32.932262+00:00,PUT,950.0,2026-06-18,322500,75,75,29,948.2125,REPEATEDHITS,False,False,False,322500,0,66602060609.0,48,ASK,SHORT,1.0
URI,2026-05-01 13:37:11.427520+00:00,CALL,830.0,2026-05-15,1895134,140,140,62,967.815,REPEATEDHITSASCENDINGFILL,False,False,False,1215000,680134,66602060609.0,14,ASK,LONG,1.0
USO,2026-06-24 17:15:57.944214+00:00,PUT,101.0,2026-08-21,18060,42,73,1,106.8,REPEATEDHITS,True,False,False,17630,430,1228364647.0,58,ASK,SHORT,1.0
USO,2026-06-24 14:16:16.209309+00:00,CALL,106.0,2026-06-24,10680,120,695,116,106.395,REPEATEDHITS,False,False,False,0,10680,1228364647.0,0,BID,SHORT,0.5
USO,2026-06-23 18:28:10.883982+00:00,CALL,108.0,2026-07-08,36795,64,94,0,110.9488,REPEATEDHITS,True,False,False,36795,0,1228364647.0,15,ASK,LONG,1.0
USO,2026-06-23 18:04:15.410144+00:00,CALL,108.0,2026-07-08,17400,30,30,0,111.1,REPEATEDHITS,False,False,False,17400,0,1228364647.0,15,ASK,LONG,1.0
USO,2026-06-23 17:01:54.875180+00:00,CALL,104.0,2026-07-24,50490,51,51,0,110.945,REPEATEDHITS,True,False,False,50490,0,1228364647.0,31,ASK,LONG,1.0
USO,2026-06-22 19:28:18.007384+00:00,CALL,120.0,2026-08-21,182495,323,485,60,112.535,REPEATEDHITS,True,False,False,69495,113000,1228364647.0,60,BID,SHORT,0.5
USO,2026-06-22 19:27:51.578157+00:00,CALL,112.0,2026-07-10,10600,20,106,8,112.595,REPEATEDHITS,False,False,False,10600,0,1228364647.0,18,ASK,LONG,1.0
USO,2026-06-22 13:51:09.777291+00:00,CALL,200.0,2027-03-19,669735,3267,3276,408,111.68,REPEATEDHITS,True,False,False,567235,102500,1228364647.0,270,ASK,LONG,1.0
USO,2026-06-18 16:23:49.676185+00:00,PUT,127.0,2026-06-24,23825,16,16,6,112.46,REPEATEDHITSDESCENDINGFILL,True,False,False,22345,1480,1228364647.0,6,ASK,SHORT,1.0
USO,2026-06-18 15:30:21.014351+00:00,PUT,119.0,2026-07-24,29160,27,27,0,111.86,REPEATEDHITS,True,False,False,0,29160,1228364647.0,36,BID,LONG,0.5
USO,2026-06-18 14:34:54.701636+00:00,PUT,100.0,2026-08-21,216000,600,1217,0,111.135,REPEATEDHITS,False,False,False,86400,129600,1228364647.0,64,BID,LONG,0.5
USO,2026-06-17 17:23:22.286425+00:00,PUT,100.0,2026-06-26,93150,1863,2358,1754,114.445,REPEATEDHITS,False,False,False,93150,0,1228364647.0,9,ASK,SHORT,1.0
USO,2026-06-17 14:47:16.188987+00:00,CALL,112.0,2026-06-17,27177,58,72,40,116.43,REPEATEDHITS,False,False,False,27177,0,1228364647.0,0,ASK,LONG,1.0
USO,2026-06-16 19:48:28.414526+00:00,CALL,125.0,2026-06-24,71000,1000,7074,513,115.6001,REPEATEDHITS,True,False,False,0,7526,1228364647.0,8,BID,SHORT,0.5
USO,2026-06-16 17:31:01.716982+00:00,PUT,112.0,2026-06-18,45424,334,1257,218,113.655,REPEATEDHITS,True,False,False,45424,0,1228364647.0,2,ASK,SHORT,1.0
USO,2026-06-16 16:29:45.107707+00:00,PUT,117.0,2026-07-02,16000,25,106,21,113.94,REPEATEDHITS,False,False,False,16000,0,1228364647.0,16,ASK,SHORT,1.0
USO,2026-06-16 16:28:52.797404+00:00,PUT,117.0,2026-07-02,13970,22,31,21,113.98,REPEATEDHITS,True,False,False,12065,635,1228364647.0,16,ASK,SHORT,1.0
USO,2026-06-16 16:17:13.199093+00:00,CALL,110.0,2026-06-26,326900,519,565,417,113.94,REPEATEDHITSASCENDINGFILL,True,False,False,326900,0,1228364647.0,10,ASK,LONG,1.0
USO,2026-06-16 15:50:26.300350+00:00,PUT,112.0,2026-06-26,62884,250,296,152,114.73,REPEATEDHITSDESCENDINGFILL,True,False,False,60173,2711,1228364647.0,10,ASK,SHORT,1.0
USO,2026-06-16 15:41:29.279505+00:00,CALL,115.0,2026-06-17,16851,123,207,84,114.965,REPEATEDHITS,True,False,False,16440,411,1228364647.0,1,ASK,LONG,1.0
USO,2026-06-16 15:33:08.206075+00:00,CALL,114.0,2026-06-26,13485,31,56,4,115.3688,REPEATEDHITS,True,False,False,13485,0,1228364647.0,10,ASK,LONG,1.0
USO,2026-06-16 14:40:00.969275+00:00,CALL,115.0,2026-07-02,83573,176,177,131,115.81,REPEATEDHITSDESCENDINGFILL,True,False,False,83573,0,1228364647.0,16,ASK,LONG,1.0
USO,2026-06-16 13:49:08.896644+00:00,PUT,120.0,2026-07-31,297500,350,352,168,116.805,REPEATEDHITS,False,False,False,74800,0,1228364647.0,45,ASK,SHORT,1.0
USO,2026-06-15 18:10:27.882432+00:00,CALL,121.0,2026-06-24,27528,93,117,84,120.01,REPEATEDHITS,True,False,False,27528,0,1228364647.0,9,ASK,LONG,1.0
USO,2026-06-15 16:26:52.596371+00:00,PUT,117.0,2026-09-18,70512,82,88,77,119.59,REPEATEDHITS,True,False,False,70512,0,1228364647.0,95,ASK,SHORT,1.0
USO,2026-06-15 16:06:03.035427+00:00,CALL,118.0,2026-06-24,30960,72,103,41,119.7,REPEATEDHITS,True,False,False,30960,0,1228364647.0,9,ASK,LONG,1.0
USO,2026-06-15 15:58:10.873345+00:00,CALL,141.0,2026-07-31,25091,112,117,0,119.63,REPEATEDHITS,True,False,False,227,24864,1228364647.0,46,BID,SHORT,0.5
USO,2026-06-15 15:58:10.873345+00:00,CALL,136.0,2026-07-31,13920,48,50,2,119.63,REPEATEDHITS,False,False,False,0,13920,1228364647.0,46,BID,SHORT,0.5
USO,2026-06-15 14:58:23.308649+00:00,PUT,95.0,2026-07-31,16404,266,286,0,119.9,REPEATEDHITSASCENDINGFILL,True,False,False,5733,10671,1228364647.0,46,BID,LONG,0.5
USO,2026-06-15 14:48:30.894337+00:00,PUT,115.0,2026-07-31,75950,155,530,109,119.39,REPEATEDHITS,True,False,False,490,75460,1228364647.0,46,BID,LONG,0.5
USO,2026-06-15 14:48:23.480780+00:00,PUT,115.0,2026-07-31,74435,152,282,109,119.3801,REPEATEDHITSASCENDINGFILL,True,False,False,20565,50930,1228364647.0,46,BID,LONG,0.5
USO,2026-06-15 14:46:29.118780+00:00,CALL,114.0,2026-09-18,65415,49,49,3,119.2,REPEATEDHITS,True,False,False,65415,0,1228364647.0,95,ASK,LONG,1.0
USO,2026-06-15 14:02:50.523429+00:00,CALL,135.0,2026-07-31,27216,85,618,35,119.72,REPEATEDHITS,False,False,False,0,27216,1228364647.0,46,BID,SHORT,0.5
USO,2026-06-15 13:47:12.902259+00:00,PUT,128.0,2026-07-02,67550,68,68,17,120.0,REPEATEDHITSASCENDINGFILL,True,False,False,12935,54615,1228364647.0,17,BID,LONG,0.5
USO,2026-06-15 13:47:12.902259+00:00,PUT,128.0,2026-07-10,156950,148,243,73,120.0,REPEATEDHITSASCENDINGFILL,True,False,False,3210,153740,1228364647.0,25,BID,LONG,0.5
USO,2026-06-15 13:45:18.677809+00:00,PUT,90.0,2026-07-24,26531,991,1019,117,119.945,REPEATEDHITSASCENDINGFILL,True,False,False,13920,12611,1228364647.0,39,ASK,SHORT,1.0
USO,2026-06-15 13:44:53.823760+00:00,PUT,127.0,2026-07-10,123407,124,124,110,119.935,REPEATEDHITSASCENDINGFILL,True,False,False,4982,118425,1228364647.0,25,BID,LONG,0.5
USO,2026-06-12 19:30:21.224496+00:00,PUT,141.0,2026-06-17,62000,40,45,34,125.735,REPEATEDHITS,False,False,False,40300,0,1228364647.0,5,ASK,SHORT,1.0
USO,2026-06-12 19:07:25.394670+00:00,PUT,130.0,2026-07-31,51530,45,191,2,125.93,REPEATEDHITS,False,False,False,0,51530,1228364647.0,49,BID,LONG,0.5
USO,2026-06-12 19:07:24.787022+00:00,PUT,130.0,2026-07-31,26335,23,146,2,125.93,REPEATEDHITS,True,False,False,0,26335,1228364647.0,49,BID,LONG,0.5
USO,2026-06-12 17:55:55.976169+00:00,PUT,140.0,2026-07-31,25765,14,15,0,126.52,REPEATEDHITS,True,False,False,1845,23920,1228364647.0,49,BID,LONG,0.5
USO,2026-06-12 17:05:26.101499+00:00,CALL,170.0,2026-07-24,52026,377,383,64,126.235,REPEATEDHITS,False,False,False,49956,2070,1228364647.0,42,ASK,LONG,1.0
USO,2026-06-12 16:34:06.743641+00:00,PUT,131.0,2026-07-31,52805,44,48,0,126.22,REPEATEDHITS,True,False,False,1205,51600,1228364647.0,49,BID,LONG,0.5
USO,2026-06-12 16:32:04.393544+00:00,PUT,116.0,2026-07-10,101826,401,403,19,126.22,REPEATEDHITS,True,False,False,62202,19304,1228364647.0,28,ASK,SHORT,1.0
USO,2026-06-12 15:27:16.229098+00:00,PUT,124.0,2026-06-12,38305,1000,4571,533,125.64,REPEATEDHITSASCENDINGFILL,False,False,False,38305,0,1228364647.0,0,ASK,SHORT,1.0
USO,2026-06-12 14:53:05.899731+00:00,PUT,120.0,2026-07-31,67165,115,140,0,127.2325,REPEATEDHITSDESCENDINGFILL,True,False,False,41670,25495,1228364647.0,49,ASK,SHORT,1.0
USO,2026-06-12 14:03:41.864452+00:00,CALL,140.0,2026-07-31,44213,68,115,5,129.6,REPEATEDHITSASCENDINGFILL,True,False,False,3250,40963,1228364647.0,49,BID,SHORT,0.5
USO,2026-06-12 13:40:48.771037+00:00,CALL,129.0,2026-06-12,43740,673,746,471,127.92,REPEATEDHITS,False,False,False,43740,0,1228364647.0,0,ASK,LONG,1.0
USO,2026-06-12 13:40:48.771037+00:00,CALL,127.0,2026-06-12,14996,92,115,52,127.92,REPEATEDHITS,False,False,False,14996,0,1228364647.0,0,ASK,LONG,1.0
USO,2026-06-12 13:40:38.755998+00:00,PUT,137.5,2026-07-31,10885,7,7,1,127.81,REPEATEDHITS,True,False,False,0,10885,1228364647.0,49,BID,LONG,0.5
VYX,2026-06-24 16:33:48.785820+00:00,CALL,7.5,2026-12-18,226773,1134,1155,564,7.45,REPEATEDHITSDESCENDINGFILL,True,False,False,4982,1991,964650225.0,177,ASK,LONG,1.0
VYX,2026-06-15 13:52:58.023326+00:00,CALL,12.5,2027-01-15,24033,209,216,114,8.0899,REPEATEDHITS,False,False,False,23918,115,964650225.0,214,ASK,LONG,1.0
VYX,2026-06-12 18:16:22.760984+00:00,CALL,10.0,2027-01-15,13500,100,215,45,7.605,REPEATEDHITS,False,False,False,13500,0,964650225.0,217,ASK,LONG,1.0
W,2026-06-24 17:55:25.996632+00:00,CALL,92.0,2026-07-17,10800,16,21,0,92.41,REPEATEDHITS,False,False,False,10125,675,9419920149.0,23,ASK,LONG,1.0
W,2026-06-24 17:55:25.996632+00:00,CALL,93.0,2026-07-17,22050,35,39,1,92.41,REPEATEDHITS,True,False,False,22050,0,9419920149.0,23,ASK,LONG,1.0
W,2026-06-24 17:19:26.501190+00:00,CALL,93.0,2026-07-10,13230,27,27,1,92.21,REPEATEDHITS,True,False,False,490,12740,9419920149.0,16,BID,SHORT,0.5
W,2026-06-24 17:05:28.308452+00:00,PUT,85.0,2026-09-18,122400,144,156,128,93.345,REPEATEDHITS,False,False,False,122400,0,9419920149.0,86,ASK,SHORT,1.0
W,2026-06-24 15:55:56.669798+00:00,PUT,80.0,2026-09-18,60720,92,97,44,92.84,REPEATEDHITS,False,False,False,60720,0,9419920149.0,86,ASK,SHORT,1.0
W,2026-06-24 15:17:11.311479+00:00,CALL,98.0,2026-07-02,20643,85,85,2,93.68,REPEATEDHITSDESCENDINGFILL,False,False,False,19683,960,9419920149.0,8,ASK,LONG,1.0
W,2026-06-24 15:08:53.554511+00:00,PUT,97.0,2026-07-17,32745,37,196,0,92.45,REPEATEDHITS,True,False,False,14160,16815,9419920149.0,23,BID,LONG,0.5
W,2026-06-24 15:08:53.554511+00:00,PUT,95.0,2026-07-17,14415,19,65,4,92.45,REPEATEDHITS,True,False,False,9885,4530,9419920149.0,23,ASK,SHORT,1.0
W,2026-06-24 15:04:41.478699+00:00,PUT,95.0,2026-07-17,14820,19,46,4,91.965,REPEATEDHITS,True,False,False,10920,3900,9419920149.0,23,ASK,SHORT,1.0
W,2026-06-24 14:51:01.822312+00:00,PUT,87.5,2026-09-18,129665,133,133,92,92.81,REPEATEDHITS,False,False,False,127725,1940,9419920149.0,86,ASK,SHORT,1.0
W,2026-06-24 14:48:08.895413+00:00,PUT,95.0,2026-07-17,20250,27,27,4,92.56,REPEATEDHITS,False,False,False,0,20250,9419920149.0,23,BID,LONG,0.5
W,2026-06-24 14:06:14.360464+00:00,CALL,105.0,2026-08-21,456450,787,788,660,90.405,REPEATEDHITS,False,False,False,456450,0,9419920149.0,58,ASK,LONG,1.0
W,2026-06-23 14:47:44.711627+00:00,CALL,87.0,2026-07-10,10665,27,45,2,84.71,REPEATEDHITS,True,False,False,0,10270,9419920149.0,17,BID,SHORT,0.5
W,2026-06-22 19:04:28.975080+00:00,CALL,97.5,2026-11-20,12225,10,15,7,86.31,REPEATEDHITSDESCENDINGFILL,False,False,False,6125,6100,9419920149.0,151,ASK,LONG,1.0
W,2026-06-22 17:05:46.140672+00:00,CALL,95.0,2026-09-18,695069,768,768,38,87.11,REPEATEDHITSASCENDINGFILL,True,False,False,2730,692339,9419920149.0,88,BID,SHORT,0.5
W,2026-06-22 16:30:15.279719+00:00,PUT,92.0,2026-06-26,10525,18,18,0,87.43,REPEATEDHITS,True,False,False,10525,0,9419920149.0,4,ASK,SHORT,1.0
W,2026-06-22 16:05:14.021535+00:00,PUT,93.0,2026-06-26,13335,21,21,4,87.83,REPEATEDHITS,False,False,False,11430,1905,9419920149.0,4,ASK,SHORT,1.0
W,2026-06-22 14:37:34.875458+00:00,CALL,105.0,2026-08-21,456026,912,916,714,88.61,REPEATEDHITSASCENDINGFILL,False,False,False,1010,455016,9419920149.0,60,BID,SHORT,0.5
W,2026-06-22 14:14:31.700176+00:00,PUT,87.5,2026-08-21,791948,838,838,141,89.46,REPEATEDHITSASCENDINGFILL,True,False,False,2850,789098,9419920149.0,60,BID,LONG,0.5
W,2026-06-22 14:14:31.700176+00:00,PUT,92.5,2026-07-17,18785,23,23,0,89.53,REPEATEDHITSASCENDINGFILL,True,False,False,6560,12225,9419920149.0,25,BID,LONG,0.5
W,2026-06-22 13:52:44.790387+00:00,PUT,90.0,2026-08-21,108500,100,115,50,89.48,REPEATEDHITS,False,False,False,0,108500,9419920149.0,60,BID,LONG,0.5
W,2026-06-18 19:46:42.863053+00:00,PUT,90.0,2026-06-18,19760,247,1509,54,89.215,REPEATEDHITS,False,False,False,19760,0,9419920149.0,0,ASK,SHORT,1.0
W,2026-06-18 19:12:04.860488+00:00,CALL,95.0,2027-08-20,25754,10,10,0,89.005,REPEATEDHITS,False,False,False,7760,17994,9419920149.0,428,BID,SHORT,0.5
W,2026-06-18 19:10:26.717421+00:00,PUT,90.0,2026-07-17,76680,108,151,44,89.265,REPEATEDHITS,False,False,False,76680,0,9419920149.0,29,ASK,SHORT,1.0
W,2026-06-18 18:10:42.881778+00:00,PUT,91.0,2026-06-26,48447,102,102,0,88.54,REPEATEDHITS,False,False,False,48447,0,9419920149.0,8,ASK,SHORT,1.0
W,2026-06-18 16:36:13.819794+00:00,CALL,87.0,2026-07-02,183546,322,365,0,88.8401,REPEATEDHITS,False,False,False,0,183546,9419920149.0,14,BID,SHORT,0.5
W,2026-06-18 16:36:13.819794+00:00,CALL,88.0,2026-07-02,21115,41,41,2,88.73,REPEATEDHITS,True,False,False,0,21115,9419920149.0,14,BID,SHORT,0.5
W,2026-06-18 15:19:33.335195+00:00,PUT,97.5,2026-09-18,13680,8,8,0,89.51,REPEATEDHITS,True,False,False,0,13680,9419920149.0,92,BID,LONG,0.5
W,2026-06-18 15:17:08.885283+00:00,CALL,93.0,2026-06-26,22932,91,94,3,89.69,REPEATEDHITS,True,False,False,0,22932,9419920149.0,8,BID,SHORT,0.5
W,2026-06-18 15:12:43.505828+00:00,PUT,90.0,2026-06-18,17500,140,1006,54,90.41,REPEATEDHITS,True,False,False,0,17500,9419920149.0,0,BID,LONG,0.5
W,2026-06-18 14:57:33.876530+00:00,PUT,90.0,2026-06-18,19125,153,788,54,90.14,REPEATEDHITS,False,False,False,0,19125,9419920149.0,0,BID,LONG,0.5
W,2026-06-18 14:28:12.823747+00:00,PUT,90.0,2026-06-18,75000,500,504,54,89.97,REPEATEDHITS,True,False,False,0,75000,9419920149.0,0,BID,LONG,0.5
W,2026-06-18 14:22:55.277664+00:00,PUT,87.5,2026-06-18,30700,614,1012,283,89.98,REPEATEDHITS,False,False,False,0,30700,9419920149.0,0,BID,LONG,0.5
W,2026-06-18 14:20:02.788616+00:00,PUT,87.5,2026-06-18,18921,357,371,283,89.8,REPEATEDHITS,True,False,False,0,18921,9419920149.0,0,BID,LONG,0.5
W,2026-06-18 14:08:00.894102+00:00,CALL,105.0,2026-07-17,39375,175,176,55,89.75,REPEATEDHITS,False,False,False,39375,0,9419920149.0,29,ASK,LONG,1.0
W,2026-06-17 19:38:53.339017+00:00,PUT,80.0,2026-07-24,17240,29,29,0,81.66,REPEATEDHITS,True,False,False,17240,0,9419920149.0,37,ASK,SHORT,1.0
W,2026-06-17 18:22:44.756465+00:00,PUT,80.0,2026-07-17,102058,243,275,217,84.925,REPEATEDHITS,False,False,False,102058,0,9419920149.0,30,ASK,SHORT,1.0
W,2026-06-17 18:01:19.104476+00:00,CALL,89.0,2026-07-02,16060,44,44,0,86.59,REPEATEDHITS,False,False,False,0,16060,9419920149.0,15,BID,SHORT,0.5
W,2026-06-17 17:07:15.496117+00:00,CALL,91.0,2026-06-26,20700,90,90,2,87.32,REPEATEDHITS,False,False,False,20700,0,9419920149.0,9,ASK,LONG,1.0
W,2026-06-17 15:53:48.317782+00:00,PUT,87.5,2026-06-18,24892,127,195,31,87.12,REPEATEDHITS,True,False,False,0,24892,9419920149.0,1,BID,LONG,0.5
W,2026-06-17 15:21:17.080115+00:00,PUT,82.0,2026-06-26,25155,129,157,3,86.63,REPEATEDHITS,False,False,False,390,24765,9419920149.0,9,BID,LONG,0.5
W,2026-06-17 15:05:29.082291+00:00,PUT,87.5,2026-08-21,111755,103,195,17,86.375,REPEATEDHITS,True,False,False,0,111755,9419920149.0,65,BID,LONG,0.5
W,2026-06-17 15:05:29.082291+00:00,PUT,86.0,2026-07-10,62700,114,114,1,86.375,REPEATEDHITS,True,False,False,0,62700,9419920149.0,23,BID,LONG,0.5
W,2026-06-17 14:48:03.911896+00:00,PUT,87.5,2026-08-21,92130,83,84,17,86.3,REPEATEDHITS,False,False,False,92130,0,9419920149.0,65,ASK,SHORT,1.0
W,2026-06-17 14:48:03.911896+00:00,PUT,85.0,2026-08-21,254140,262,272,69,86.3,REPEATEDHITS,False,False,False,254140,0,9419920149.0,65,ASK,SHORT,1.0
W,2026-06-17 14:48:03.911896+00:00,PUT,82.5,2026-08-21,179977,213,216,42,86.05,REPEATEDHITS,False,False,False,162232,17745,9419920149.0,65,ASK,SHORT,1.0
W,2026-06-17 14:47:20.607864+00:00,PUT,84.0,2026-07-02,18150,55,55,5,86.855,REPEATEDHITS,True,False,False,18150,0,9419920149.0,15,ASK,SHORT,1.0
W,2026-06-17 14:47:20.607864+00:00,PUT,82.0,2026-07-02,34588,136,141,0,86.775,REPEATEDHITSDESCENDINGFILL,True,False,False,33847,741,9419920149.0,15,ASK,SHORT,1.0
W,2026-06-17 14:23:32.943526+00:00,PUT,84.0,2026-06-18,14848,303,312,25,88.58,REPEATEDHITS,False,False,False,50,14798,9419920149.0,1,BID,LONG,0.5
W,2026-06-17 14:09:50.951691+00:00,CALL,95.0,2026-08-21,81993,100,102,62,88.16,REPEATEDHITS,False,False,False,81993,0,9419920149.0,65,ASK,LONG,1.0
WDC,2026-06-24 18:05:36.654721+00:00,CALL,910.0,2026-12-18,189650,21,23,2,617.77,REPEATEDHITSDESCENDINGFILL,False,False,False,99500,90150,231195539368.0,177,ASK,LONG,1.0
WDC,2026-06-24 17:34:23.523711+00:00,CALL,760.0,2026-07-10,85680,66,87,64,622.08,REPEATEDHITSDESCENDINGFILL,True,False,False,27300,47980,231195539368.0,16,BID,SHORT,0.5
WDC,2026-06-24 17:24:16.126663+00:00,CALL,710.0,2026-06-26,71400,255,282,231,624.93,REPEATEDHITS,False,False,False,0,71400,231195539368.0,2,BID,SHORT,0.5
WDC,2026-06-24 15:45:48.812724+00:00,CALL,1000.0,2027-06-17,76850,5,8,0,644.025,REPEATEDHITS,True,False,False,76850,0,231195539368.0,358,ASK,LONG,1.0
WDC,2026-06-24 13:33:06.865847+00:00,PUT,550.0,2027-01-15,2048695,170,173,59,655.49,REPEATEDHITSDESCENDINGFILL,True,False,False,397780,481770,231195539368.0,205,BID,LONG,0.5
WDC,2026-06-23 19:14:03.598310+00:00,PUT,460.0,2026-10-16,2814990,618,622,48,669.06,REPEATEDHITS,False,False,False,0,2814990,231195539368.0,115,BID,LONG,0.5
WDC,2026-06-23 18:24:22.862301+00:00,PUT,657.5,2026-06-26,122500,50,64,40,671.5,REPEATEDHITS,True,False,False,78400,29400,231195539368.0,3,ASK,SHORT,1.0
WDC,2026-06-23 17:47:16.606411+00:00,PUT,495.0,2026-07-02,70763,221,235,30,671.43,REPEATEDHITSASCENDINGFILL,False,False,False,355,70408,231195539368.0,9,BID,LONG,0.5
WDC,2026-06-23 17:44:44.873568+00:00,CALL,790.0,2026-07-24,513000,135,401,36,671.27,REPEATEDHITS,False,False,False,0,513000,231195539368.0,31,BID,SHORT,0.5
WDC,2026-06-23 16:31:27.098464+00:00,CALL,900.0,2027-01-15,202355,15,61,3,676.72,REPEATEDHITS,False,False,False,0,202355,231195539368.0,206,BID,SHORT,0.5
WDC,2026-06-23 14:35:18.683795+00:00,PUT,595.0,2026-07-02,105780,58,60,16,661.66,REPEATEDHITSASCENDINGFILL,True,False,False,51480,54300,231195539368.0,9,BID,LONG,0.5
WDC,2026-06-23 13:37:57.145715+00:00,CALL,790.0,2026-07-24,520800,124,226,36,667.2299,REPEATEDHITS,False,False,False,0,457800,231195539368.0,31,BID,SHORT,0.5
WDC,2026-06-23 13:31:04.779257+00:00,CALL,720.0,2026-07-10,469480,121,133,46,663.76,REPEATEDHITS,False,False,False,0,469480,231195539368.0,17,BID,SHORT,0.5
WDC,2026-06-22 19:54:40.295381+00:00,CALL,900.0,2026-07-02,153000,170,964,60,733.83,REPEATEDHITS,True,False,False,0,153000,231195539368.0,10,BID,SHORT,0.5
WDC,2026-06-22 19:53:57.443786+00:00,CALL,900.0,2026-07-02,117008,130,470,60,733.81,REPEATEDHITSDESCENDINGFILL,True,False,False,0,117008,231195539368.0,10,BID,SHORT,0.5
WDC,2026-06-22 19:53:57.443786+00:00,CALL,900.0,2026-07-02,113420,126,330,60,733.81,REPEATEDHITS,True,False,False,0,113420,231195539368.0,10,BID,SHORT,0.5
WDC,2026-06-22 19:53:57.443786+00:00,CALL,900.0,2026-07-02,70200,78,550,60,733.81,REPEATEDHITS,True,False,False,0,70200,231195539368.0,10,BID,SHORT,0.5
WDC,2026-06-22 19:28:25.213825+00:00,CALL,930.0,2026-07-10,64635,46,56,32,731.6,REPEATEDHITS,False,False,False,1410,63225,231195539368.0,18,BID,SHORT,0.5
WDC,2026-06-22 18:51:36.303761+00:00,CALL,1000.0,2026-07-24,54170,25,42,0,737.07,REPEATEDHITSASCENDINGFILL,False,False,False,21800,32370,231195539368.0,32,BID,SHORT,0.5
WDC,2026-06-22 18:45:06.857246+00:00,PUT,625.0,2026-06-26,121184,240,555,165,734.7801,REPEATEDHITSDESCENDINGFILL,False,False,False,120184,0,231195539368.0,4,ASK,SHORT,1.0
WDC,2026-06-22 17:07:54.864224+00:00,CALL,1120.0,2026-07-17,83770,134,237,0,728.34,REPEATEDHITSASCENDINGFILL,False,False,False,0,83140,231195539368.0,25,BID,SHORT,0.5
WDC,2026-06-22 16:38:17.842028+00:00,CALL,1120.0,2026-08-21,84245,24,71,0,738.42,REPEATEDHITS,False,False,False,31800,52445,231195539368.0,60,BID,SHORT,0.5
WDC,2026-06-22 16:38:17.842028+00:00,CALL,1100.0,2026-08-21,89805,24,83,0,738.42,REPEATEDHITSDESCENDINGFILL,False,False,False,37480,52325,231195539368.0,60,BID,SHORT,0.5
WDC,2026-06-22 16:38:17.842028+00:00,CALL,1100.0,2026-08-21,200080,54,59,0,738.42,REPEATEDHITS,False,False,False,0,37060,231195539368.0,60,BID,SHORT,0.5
WDC,2026-06-22 16:31:21.537097+00:00,CALL,1120.0,2026-07-17,64980,89,98,0,741.93,REPEATEDHITSASCENDINGFILL,False,False,False,0,64980,231195539368.0,25,BID,SHORT,0.5
WDC,2026-06-22 16:07:52.989014+00:00,PUT,635.0,2026-06-26,167881,287,324,74,745.0,REPEATEDHITSDESCENDINGFILL,False,False,False,166721,0,231195539368.0,4,ASK,SHORT,1.0
WDC,2026-06-22 15:26:23.124133+00:00,CALL,855.0,2026-07-17,454955,105,105,0,750.74,REPEATEDHITSASCENDINGFILL,False,False,False,252395,202560,231195539368.0,25,ASK,LONG,1.0
WDC,2026-06-22 15:24:31.579398+00:00,CALL,1140.0,2026-11-20,356130,37,37,0,753.5001,REPEATEDHITSDESCENDINGFILL,False,False,False,19380,115720,231195539368.0,151,BID,SHORT,0.5
WDC,2026-06-22 15:20:47.385185+00:00,PUT,645.0,2026-06-26,128745,206,282,120,754.925,REPEATEDHITSDESCENDINGFILL,False,False,False,128745,0,231195539368.0,4,ASK,SHORT,1.0
WDC,2026-06-22 14:50:16.211408+00:00,CALL,1100.0,2026-12-18,60000,5,5,0,750.525,REPEATEDHITS,False,False,False,0,12000,231195539368.0,179,BID,SHORT,0.5
WDC,2026-06-22 14:47:48.020900+00:00,CALL,950.0,2026-12-18,195040,13,14,2,751.05,REPEATEDHITSASCENDINGFILL,False,False,False,0,195040,231195539368.0,179,BID,SHORT,0.5
WDC,2026-06-22 14:42:41.172780+00:00,CALL,940.0,2027-01-15,149490,9,9,1,751.55,REPEATEDHITS,False,False,False,0,149490,231195539368.0,207,BID,SHORT,0.5
WDC,2026-06-22 14:42:08.914626+00:00,PUT,625.0,2026-06-26,83160,187,225,165,753.015,REPEATEDHITSDESCENDINGFILL,False,False,False,82760,400,231195539368.0,4,ASK,SHORT,1.0
WDC,2026-06-22 14:28:04.707062+00:00,PUT,615.0,2026-06-26,52848,151,175,36,756.04,REPEATEDHITS,False,False,False,52848,0,231195539368.0,4,ASK,SHORT,1.0
WDC,2026-06-22 14:26:21.896526+00:00,CALL,890.0,2026-07-17,75100,20,25,10,760.1501,REPEATEDHITS,False,False,False,56325,18775,231195539368.0,25,ASK,LONG,1.0
WDC,2026-06-22 14:18:26.133260+00:00,PUT,640.0,2026-06-26,94015,168,234,146,758.35,REPEATEDHITSDESCENDINGFILL,False,False,False,93505,510,231195539368.0,4,ASK,SHORT,1.0
WDC,2026-06-22 14:06:41.693296+00:00,CALL,1140.0,2027-01-15,190450,15,33,0,758.745,REPEATEDHITSASCENDINGFILL,False,False,False,139480,50970,231195539368.0,207,ASK,LONG,1.0
WDC,2026-06-22 14:02:50.073586+00:00,PUT,690.0,2026-07-10,85385,23,35,12,757.84,REPEATEDHITSASCENDINGFILL,False,False,False,74295,11090,231195539368.0,18,ASK,SHORT,1.0
WDC,2026-06-22 14:00:46.771549+00:00,PUT,715.0,2026-07-10,73500,15,20,0,750.56,REPEATEDHITS,False,False,False,24500,49000,231195539368.0,18,BID,LONG,0.5
WDC,2026-06-22 13:32:27.214321+00:00,CALL,970.0,2026-07-10,56720,32,34,14,768.7,REPEATEDHITS,False,False,False,12565,44155,231195539368.0,18,BID,SHORT,0.5
WDC,2026-06-18 19:16:01.921370+00:00,PUT,625.0,2026-06-26,74800,104,168,42,744.87,REPEATEDHITSDESCENDINGFILL,False,False,False,74150,650,231195539368.0,8,ASK,SHORT,1.0
WDC,2026-06-18 18:38:33.164002+00:00,PUT,655.0,2026-07-10,190420,64,129,27,745.01,REPEATEDHITSASCENDINGFILL,False,False,False,101320,89100,231195539368.0,22,ASK,SHORT,1.0
WDC,2026-06-18 17:04:03.136073+00:00,PUT,742.5,2026-06-26,425000,100,100,9,742.14,REPEATEDHITS,True,False,False,0,425000,231195539368.0,8,BID,LONG,0.5
WDC,2026-06-18 16:45:03.879801+00:00,PUT,760.0,2026-06-18,73184,55,591,6,750.359,REPEATEDHITSASCENDINGFILL,False,False,False,66674,6510,231195539368.0,0,ASK,SHORT,1.0
WDC,2026-06-18 14:47:01.671901+00:00,PUT,700.0,2026-07-02,472716,162,224,58,774.04,REPEATEDHITSDESCENDINGFILL,False,False,False,467166,5550,231195539368.0,14,ASK,SHORT,1.0
WDC,2026-06-18 14:39:04.775086+00:00,PUT,630.0,2026-06-26,200198,286,435,269,772.6201,REPEATEDHITS,False,False,False,200198,0,231195539368.0,8,ASK,SHORT,1.0
WDC,2026-06-18 14:30:12.059348+00:00,PUT,700.0,2027-03-19,423060,22,140,1,780.18,REPEATEDHITS,False,False,False,19230,403830,231195539368.0,274,BID,LONG,0.5
WDC,2026-06-18 14:28:52.912471+00:00,PUT,710.0,2026-06-26,358888,179,232,53,781.4244,REPEATEDHITSDESCENDINGFILL,False,False,False,358888,0,231195539368.0,8,ASK,SHORT,1.0
WDC,2026-06-18 14:24:55.301327+00:00,PUT,900.0,2027-01-15,145250,5,5,0,789.875,REPEATEDHITS,False,False,False,58100,0,231195539368.0,211,ASK,SHORT,1.0
WDC,2026-06-18 14:19:22.674615+00:00,PUT,650.0,2026-07-02,500634,323,346,38,784.0915,REPEATEDHITSDESCENDINGFILL,False,False,False,497544,3090,231195539368.0,14,ASK,SHORT,1.0
WYNN,2026-06-23 19:29:15.654433+00:00,PUT,109.0,2026-07-10,26015,43,43,0,104.155,REPEATEDHITS,False,False,False,0,26015,10809387825.0,17,BID,LONG,0.5
WYNN,2026-06-23 13:51:37.654634+00:00,CALL,90.0,2026-06-26,70802,49,49,2,104.31,REPEATEDHITS,True,False,False,70802,0,10809387825.0,3,ASK,LONG,1.0
WYNN,2026-06-22 17:11:02.043210+00:00,PUT,110.0,2026-10-16,296555,259,259,3,104.03,REPEATEDHITS,False,False,False,0,296555,10809387825.0,116,BID,LONG,0.5
WYNN,2026-06-17 15:27:58.954607+00:00,PUT,99.0,2026-07-24,105702,446,449,1,104.36,REPEATEDHITS,False,False,False,0,105702,10809387825.0,37,BID,LONG,0.5
WYNN,2026-06-16 15:42:19.146116+00:00,PUT,92.5,2026-09-18,80290,259,260,123,104.71,REPEATEDHITS,True,False,False,0,80290,10809387825.0,94,BID,LONG,0.5
WYNN,2026-06-15 18:23:55.149204+00:00,PUT,105.0,2027-06-17,66960,48,85,46,106.255,REPEATEDHITS,True,False,False,4185,54405,10809387825.0,367,BID,LONG,0.5
WYNN,2026-06-15 18:20:21.188207+00:00,PUT,107.0,2026-06-26,18275,63,64,62,106.1194,REPEATEDHITS,True,False,False,0,18275,10809387825.0,11,BID,LONG,0.5
WYNN,2026-06-15 14:14:29.265837+00:00,PUT,92.5,2026-07-17,14198,229,229,76,107.8,REPEATEDHITS,False,False,False,0,14198,10809387825.0,32,BID,LONG,0.5
WYNN,2026-06-12 18:56:50.556530+00:00,CALL,120.0,2026-07-02,19520,488,565,232,108.08,REPEATEDHITS,False,False,False,0,19520,10809387825.0,20,BID,SHORT,0.5
WYNN,2026-06-11 18:01:43.789672+00:00,CALL,104.0,2026-06-18,59690,127,260,72,107.69,REPEATEDHITS,False,False,False,0,59690,10809387825.0,7,BID,SHORT,0.5
WYNN,2026-06-10 16:31:11.540220+00:00,PUT,100.0,2026-10-16,41250,66,66,0,106.27,REPEATEDHITS,False,False,False,41250,0,10809387825.0,128,ASK,SHORT,1.0
WYNN,2026-06-09 18:00:53.425161+00:00,PUT,107.0,2026-07-02,12240,34,34,0,107.61,REPEATEDHITS,True,False,False,12240,0,10809387825.0,23,ASK,SHORT,1.0
WYNN,2026-06-09 14:05:45.378475+00:00,CALL,105.0,2026-11-20,138000,100,102,34,109.13,REPEATEDHITS,False,False,False,0,138000,10809387825.0,164,BID,SHORT,0.5
WYNN,2026-06-08 19:22:05.087557+00:00,PUT,105.0,2026-06-12,18127,89,91,21,104.79,REPEATEDHITSDESCENDINGFILL,True,False,False,13463,4664,10809387825.0,4,ASK,SHORT,1.0
WYNN,2026-06-05 16:05:30.012180+00:00,CALL,111.0,2026-07-02,85200,426,426,2,104.91,REPEATEDHITS,False,False,False,0,85200,10809387825.0,27,BID,SHORT,0.5
WYNN,2026-06-04 17:24:50.939290+00:00,CALL,105.0,2026-06-26,50700,156,158,12,103.73,REPEATEDHITS,True,False,False,0,50700,10809387825.0,22,BID,SHORT,0.5
WYNN,2026-06-04 14:07:59.881495+00:00,PUT,105.0,2026-07-17,199801,408,415,406,105.4,REPEATEDHITS,True,False,False,460,198896,10809387825.0,43,BID,LONG,0.5
WYNN,2026-06-03 17:30:13.560517+00:00,CALL,103.0,2026-07-02,16650,30,30,0,104.52,REPEATEDHITS,False,False,False,16650,0,10809387825.0,29,ASK,LONG,1.0
WYNN,2026-06-03 15:26:56.230579+00:00,CALL,103.0,2026-06-18,12635,32,37,17,104.16,REPEATEDHITS,False,False,False,12635,0,10809387825.0,15,ASK,LONG,1.0
WYNN,2026-06-03 15:17:23.788495+00:00,CALL,115.0,2028-01-21,79425,45,50,14,103.505,REPEATEDHITS,False,False,False,0,79425,10809387825.0,597,BID,SHORT,0.5
WYNN,2026-06-01 19:07:10.174460+00:00,PUT,105.0,2026-08-21,257690,409,416,133,107.21,REPEATEDHITSASCENDINGFILL,True,False,False,0,257690,10809387825.0,81,BID,LONG,0.5
WYNN,2026-06-01 18:26:09.069199+00:00,CALL,109.0,2026-06-12,24824,130,135,3,106.35,REPEATEDHITSDESCENDINGFILL,False,False,False,24448,376,10809387825.0,11,ASK,LONG,1.0
WYNN,2026-05-29 15:58:59.349872+00:00,PUT,98.0,2026-06-05,14025,187,206,10,101.875,REPEATEDHITS,False,False,False,0,14025,10809387825.0,7,BID,LONG,0.5
WYNN,2026-05-27 16:20:14.965523+00:00,PUT,80.0,2026-08-21,119217,924,925,210,101.36,REPEATEDHITSASCENDINGFILL,False,False,False,528,118689,10809387825.0,86,BID,LONG,0.5
WYNN,2026-05-27 14:10:17.154272+00:00,CALL,125.0,2027-06-17,48499,53,74,45,101.88,REPEATEDHITS,False,False,False,4575,40264,10809387825.0,386,BID,SHORT,0.5
WYNN,2026-05-27 13:40:42.832855+00:00,CALL,115.0,2026-08-21,78970,265,265,209,100.54,REPEATEDHITS,False,False,False,78970,0,10809387825.0,86,ASK,LONG,1.0
WYNN,2026-05-26 19:46:54.881361+00:00,CALL,99.0,2026-06-18,12920,38,78,2,97.8,REPEATEDHITS,False,False,False,0,12920,10809387825.0,23,BID,SHORT,0.5
WYNN,2026-05-26 19:25:39.490917+00:00,CALL,110.0,2026-11-20,49610,82,522,19,97.62,REPEATEDHITS,False,False,False,0,49610,10809387825.0,178,BID,SHORT,0.5
WYNN,2026-05-26 17:56:21.861424+00:00,CALL,110.0,2026-11-20,18030,29,89,19,97.26,REPEATEDHITS,False,False,False,9350,8680,10809387825.0,178,ASK,LONG,1.0
WYNN,2026-05-26 17:54:35.954652+00:00,CALL,110.0,2026-11-20,16120,26,42,19,97.335,REPEATEDHITS,False,False,False,3720,12400,10809387825.0,178,BID,SHORT,0.5
WYNN,2026-05-26 15:20:08.488611+00:00,CALL,115.0,2026-07-17,207090,1900,1906,92,98.085,REPEATEDHITS,False,False,False,206010,1080,10809387825.0,52,ASK,LONG,1.0
WYNN,2026-05-22 19:48:19.033588+00:00,CALL,115.0,2026-11-20,59690,127,3701,18,97.08,REPEATEDHITS,False,False,False,0,59690,10809387825.0,182,BID,SHORT,0.5
WYNN,2026-05-22 19:42:59.088423+00:00,CALL,115.0,2026-11-20,17860,38,3244,18,97.24,REPEATEDHITS,False,False,False,0,17860,10809387825.0,182,BID,SHORT,0.5
WYNN,2026-05-22 19:42:12.601084+00:00,CALL,120.0,2026-11-20,23111,63,388,38,97.19,REPEATEDHITSASCENDINGFILL,False,False,False,2960,20151,10809387825.0,182,BID,SHORT,0.5
WYNN,2026-05-22 18:41:39.382137+00:00,CALL,120.0,2026-11-20,26605,76,103,38,96.89,REPEATEDHITSASCENDINGFILL,False,False,False,12690,13915,10809387825.0,182,BID,SHORT,0.5
WYNN,2026-05-22 17:32:10.669086+00:00,CALL,115.0,2026-11-20,23075,49,210,18,97.39,REPEATEDHITSASCENDINGFILL,False,False,False,4275,18800,10809387825.0,182,BID,SHORT,0.5
WYNN,2026-05-22 17:16:36.009634+00:00,CALL,115.0,2026-11-20,10230,22,108,18,97.15,REPEATEDHITS,False,False,False,0,10230,10809387825.0,182,BID,SHORT,0.5
WYNN,2026-05-19 16:30:57.894983+00:00,PUT,100.0,2026-07-17,15390,19,304,9,95.01,REPEATEDHITS,True,False,False,15390,0,10809387825.0,59,ASK,SHORT,1.0
WYNN,2026-05-19 14:44:43.217711+00:00,PUT,100.0,2026-07-17,27200,34,34,9,95.225,REPEATEDHITS,False,False,False,0,26400,10809387825.0,59,BID,LONG,0.5
WYNN,2026-05-14 19:22:03.137872+00:00,CALL,97.0,2026-05-22,19022,92,93,18,96.275,REPEATEDHITSDESCENDINGFILL,True,False,False,18836,186,10809387825.0,8,ASK,LONG,1.0
WYNN,2026-05-14 15:50:04.749551+00:00,PUT,96.0,2026-06-12,12962,36,36,0,96.98,REPEATEDHITS,True,False,False,2160,10802,10809387825.0,29,BID,LONG,0.5
WYNN,2026-05-13 16:51:12.952682+00:00,CALL,94.0,2026-05-15,63800,290,293,0,95.26,REPEATEDHITS,False,False,False,52360,11440,10809387825.0,2,ASK,LONG,1.0
WYNN,2026-05-13 14:25:16.236943+00:00,CALL,100.0,2026-06-05,71557,350,350,0,95.88,REPEATEDHITSASCENDINGFILL,False,False,False,20400,51157,10809387825.0,23,BID,SHORT,0.5
WYNN,2026-05-12 16:31:19.939878+00:00,PUT,80.0,2027-06-17,57000,75,445,2,97.34,REPEATEDHITS,True,False,False,57000,0,10809387825.0,401,ASK,SHORT,1.0
WYNN,2026-05-12 14:59:46.384883+00:00,PUT,80.0,2027-06-17,93240,126,126,2,98.21,REPEATEDHITS,True,False,False,91760,1480,10809387825.0,401,ASK,SHORT,1.0
WYNN,2026-05-06 19:41:20.678758+00:00,CALL,106.0,2026-05-15,28219,59,59,42,107.97,REPEATEDHITSDESCENDINGFILL,False,False,False,18719,9500,10809387825.0,9,ASK,LONG,1.0
WYNN,2026-05-04 15:36:39.016253+00:00,PUT,105.0,2026-05-08,34580,91,125,28,103.42,REPEATEDHITS,False,False,False,34580,0,10809387825.0,4,ASK,SHORT,1.0
WYNN,2026-04-28 19:38:05.389041+00:00,PUT,108.0,2026-05-01,61539,219,464,6,106.22,REPEATEDHITS,False,False,False,12364,12364,10809387825.0,3,MIXED,,0.0
WYNN,2026-04-28 19:35:15.571225+00:00,PUT,108.0,2026-05-01,27900,98,233,6,106.385,REPEATEDHITSDESCENDINGFILL,True,False,False,6265,6530,10809387825.0,3,BID,LONG,0.5
WYNN,2026-04-27 19:03:50.394343+00:00,PUT,109.0,2026-05-08,18185,34,43,2,106.13,REPEATEDHITS,True,False,False,17115,1070,10809387825.0,11,ASK,SHORT,1.0
XBI,2026-06-24 18:36:43.950457+00:00,PUT,141.0,2026-07-17,94227,641,2230,365,150.68,REPEATEDHITS,False,False,False,94227,0,146.999819,23,ASK,SHORT,1.0
XBI,2026-06-24 17:44:21.594361+00:00,PUT,153.0,2026-07-02,14105,31,31,0,150.16,REPEATEDHITS,True,False,False,14105,0,146.999819,8,ASK,SHORT,1.0
XBI,2026-06-24 17:32:21.466874+00:00,PUT,145.0,2026-08-21,96000,192,232,72,150.12,REPEATEDHITS,True,False,False,96000,0,146.999819,58,ASK,SHORT,1.0
XBI,2026-06-24 16:33:48.785820+00:00,CALL,159.0,2026-08-21,66000,132,151,0,151.51,REPEATEDHITS,True,False,False,42500,23500,146.999819,58,ASK,LONG,1.0
XBI,2026-06-24 15:32:33.240460+00:00,PUT,151.0,2026-06-26,49400,247,249,0,150.79,REPEATEDHITS,True,False,False,49400,0,146.999819,2,ASK,SHORT,1.0
XBI,2026-06-24 15:26:04.716087+00:00,CALL,165.0,2027-06-17,484500,300,300,3,150.66,REPEATEDHITS,False,False,False,387600,96900,146.999819,358,ASK,LONG,1.0
XBI,2026-06-24 14:48:36.957264+00:00,CALL,158.0,2026-08-21,34485,69,69,0,150.91,REPEATEDHITS,False,False,False,34485,0,146.999819,58,ASK,LONG,1.0
XBI,2026-06-23 19:17:31.412378+00:00,CALL,165.0,2026-07-31,52596,487,650,19,146.9,REPEATEDHITS,False,False,False,0,52596,146.999819,38,BID,SHORT,0.5
XBI,2026-06-23 18:38:09.064513+00:00,CALL,138.5,2026-07-10,11165,11,11,0,147.3,REPEATEDHITS,True,False,False,0,11165,146.999819,17,BID,SHORT,0.5
XBI,2026-06-23 18:35:48.124358+00:00,PUT,150.0,2026-07-31,42773,59,59,0,147.415,REPEATEDHITS,True,False,False,40598,0,146.999819,38,ASK,SHORT,1.0
XBI,2026-06-23 18:17:21.812002+00:00,CALL,200.0,2027-01-15,127400,490,1519,275,147.505,REPEATEDHITS,True,False,False,0,127400,146.999819,206,BID,SHORT,0.5
XBI,2026-06-23 17:49:23.529347+00:00,PUT,145.0,2026-06-26,189732,1956,4054,1821,148.04,REPEATEDHITS,False,False,False,35599,38800,146.999819,3,BID,LONG,0.5
XBI,2026-06-23 17:04:41.830919+00:00,PUT,137.5,2026-07-17,29845,235,522,3,148.475,REPEATEDHITS,True,False,False,7493,22352,146.999819,24,BID,LONG,0.5
XBI,2026-06-23 17:04:37.825444+00:00,PUT,137.5,2026-07-17,33021,260,287,3,148.475,REPEATEDHITS,True,False,False,7493,22480,146.999819,24,BID,LONG,0.5
XBI,2026-06-23 16:26:20.758816+00:00,CALL,165.0,2026-07-31,18495,137,143,19,148.0256,REPEATEDHITS,False,False,False,135,18360,146.999819,38,BID,SHORT,0.5
XBI,2026-06-23 15:48:11.415176+00:00,PUT,147.0,2026-07-31,20520,36,56,0,147.51,REPEATEDHITS,True,False,False,0,20520,146.999819,38,BID,LONG,0.5
XBI,2026-06-23 15:33:43.134985+00:00,PUT,155.0,2026-07-17,19200,20,178,3,147.25,REPEATEDHITS,False,False,False,0,19200,146.999819,24,BID,LONG,0.5
XBI,2026-06-23 14:13:33.086150+00:00,CALL,185.0,2026-09-18,11449,107,2056,101,147.98,REPEATEDHITS,True,False,False,107,11342,146.999819,87,BID,SHORT,0.5
XBI,2026-06-23 14:10:33.613894+00:00,CALL,185.0,2026-09-18,212136,1948,1948,101,148.36,REPEATEDHITSASCENDINGFILL,True,False,False,212136,0,146.999819,87,ASK,LONG,1.0
XBI,2026-06-23 13:34:19.626904+00:00,CALL,152.0,2026-08-21,26950,49,75,0,146.3,REPEATEDHITS,False,False,False,26950,0,146.999819,59,ASK,LONG,1.0
XBI,2026-06-22 19:31:30.431211+00:00,PUT,145.0,2026-06-26,18900,105,1669,1,145.85,REPEATEDHITS,True,False,False,0,18900,146.999819,4,BID,LONG,0.5
XBI,2026-06-22 19:12:05.085253+00:00,CALL,152.0,2026-07-17,320580,1233,1240,73,145.84,REPEATEDHITS,False,False,False,320580,0,146.999819,25,ASK,LONG,1.0
XBI,2026-06-22 18:27:49.999669+00:00,CALL,165.0,2026-07-17,38514,786,793,159,146.375,REPEATEDHITS,False,False,False,38514,0,146.999819,25,ASK,LONG,1.0
XBI,2026-06-22 17:51:10.526430+00:00,CALL,147.0,2026-07-17,175260,381,1215,159,146.21,REPEATEDHITS,True,False,False,175260,0,146.999819,25,ASK,LONG,1.0
XBI,2026-06-22 15:50:08.659342+00:00,PUT,148.0,2026-06-26,10080,28,28,0,145.6,REPEATEDHITS,True,False,False,10080,0,146.999819,4,ASK,SHORT,1.0
XBI,2026-06-22 15:50:08.659342+00:00,PUT,147.0,2026-06-26,21229,71,71,0,145.6,REPEATEDHITS,True,False,False,21229,0,146.999819,4,ASK,SHORT,1.0
XBI,2026-06-22 14:51:37.343655+00:00,PUT,110.0,2027-06-17,48780,121,270,0,144.38,REPEATEDHITSASCENDINGFILL,False,False,False,32350,16430,146.999819,360,ASK,SHORT,1.0
XBI,2026-06-22 14:46:00.083231+00:00,PUT,110.0,2027-06-17,12000,30,146,0,144.81,REPEATEDHITS,False,False,False,12000,0,146.999819,360,ASK,SHORT,1.0
XBI,2026-06-22 14:15:47.039955+00:00,CALL,148.0,2026-06-26,10088,97,272,7,144.94,REPEATEDHITS,True,False,False,0,10088,146.999819,4,BID,SHORT,0.5
XBI,2026-06-22 13:58:40.914296+00:00,CALL,148.0,2026-06-26,14788,111,114,7,145.675,REPEATEDHITSDESCENDINGFILL,False,False,False,0,14788,146.999819,4,BID,SHORT,0.5
XBI,2026-06-22 13:45:12.891326+00:00,PUT,141.0,2026-08-21,55000,100,100,31,144.68,REPEATEDHITS,False,False,False,39050,15950,146.999819,60,ASK,SHORT,1.0
XBI,2026-06-22 13:30:51.753203+00:00,CALL,148.0,2026-08-21,33630,57,75,24,144.0,REPEATEDHITS,False,False,False,0,33630,146.999819,60,BID,SHORT,0.5
XBI,2026-06-18 19:32:22.750227+00:00,CALL,147.0,2026-07-02,69926,744,897,2,139.87,REPEATEDHITSASCENDINGFILL,False,False,False,930,68996,146.999819,14,BID,SHORT,0.5
XBI,2026-06-18 19:06:53.040640+00:00,CALL,145.0,2026-07-31,41315,102,114,8,140.01,REPEATEDHITS,False,False,False,0,41315,146.999819,43,BID,SHORT,0.5
XBI,2026-06-18 17:46:02.066330+00:00,PUT,154.0,2026-07-17,53650,37,37,0,140.11,REPEATEDHITS,False,False,False,0,53650,146.999819,29,BID,LONG,0.5
XBI,2026-06-18 15:36:33.496177+00:00,CALL,146.0,2026-07-02,39346,382,386,6,138.99,REPEATEDHITS,False,False,False,0,39346,146.999819,14,BID,SHORT,0.5
XBI,2026-06-17 19:48:09.726558+00:00,PUT,140.0,2026-06-18,146700,900,11545,409,139.11,REPEATEDHITS,True,False,False,0,146700,146.999819,1,BID,LONG,0.5
XBI,2026-06-17 17:01:57.527779+00:00,PUT,140.0,2026-06-18,70464,750,5984,409,141.07,REPEATEDHITSDESCENDINGFILL,True,False,False,67488,0,146.999819,1,ASK,SHORT,1.0
XBI,2026-06-17 16:31:28.871333+00:00,PUT,145.0,2026-07-17,14910,21,531,6,140.965,REPEATEDHITS,True,False,False,14910,0,146.999819,30,ASK,SHORT,1.0
XBI,2026-06-17 16:06:35.310249+00:00,PUT,141.0,2026-06-18,41400,360,737,0,141.61,REPEATEDHITS,False,False,False,41400,0,146.999819,1,ASK,SHORT,1.0
XBI,2026-06-17 15:51:11.682336+00:00,PUT,138.5,2026-07-02,319872,1344,1936,0,141.4,REPEATEDHITS,False,False,False,319872,0,146.999819,15,ASK,SHORT,1.0
XBI,2026-06-17 15:34:50.933062+00:00,CALL,141.0,2026-06-18,150294,1002,1022,581,141.2,REPEATEDHITSDESCENDINGFILL,True,False,False,120000,30294,146.999819,1,ASK,LONG,1.0
XBI,2026-06-17 15:14:28.571052+00:00,CALL,155.0,2026-09-18,73190,200,219,76,140.055,REPEATEDHITS,False,False,False,32310,40880,146.999819,93,BID,SHORT,0.5
XBI,2026-06-17 13:37:24.117368+00:00,PUT,127.5,2026-06-26,21966,1046,1049,21,137.47,REPEATEDHITS,False,False,False,21966,0,146.999819,9,ASK,SHORT,1.0
XBI,2026-06-16 18:26:30.148620+00:00,CALL,140.0,2026-06-26,244875,1959,2085,64,136.33,REPEATEDHITS,False,False,False,244875,0,146.999819,10,ASK,LONG,1.0
XBI,2026-06-16 18:18:00.302177+00:00,CALL,135.0,2026-06-26,655200,1872,2078,1359,136.46,REPEATEDHITS,False,False,False,654850,350,146.999819,10,ASK,LONG,1.0
XBI,2026-06-16 15:19:17.642208+00:00,PUT,132.0,2026-06-18,13948,317,750,302,134.87,REPEATEDHITS,False,False,False,13948,0,146.999819,2,ASK,SHORT,1.0
XBI,2026-06-16 14:56:04.726691+00:00,PUT,130.0,2026-06-26,144358,1622,1677,546,134.385,REPEATEDHITS,False,False,False,144358,0,146.999819,10,ASK,SHORT,1.0
XBI,2026-06-15 19:30:05.468471+00:00,PUT,135.5,2026-06-18,12150,81,2919,40,135.8,REPEATEDHITS,False,False,False,0,12150,146.999819,3,BID,LONG,0.5
XBI,2026-06-15 19:30:01.463098+00:00,PUT,135.5,2026-06-18,29550,197,2752,40,135.8,REPEATEDHITS,True,False,False,0,29550,146.999819,3,BID,LONG,0.5
XLI,2026-06-24 18:49:16.954092+00:00,PUT,179.0,2026-06-26,14613,172,172,34,180.11,REPEATEDHITSDESCENDINGFILL,False,False,False,14534,79,178.129315,2,ASK,SHORT,1.0
XLI,2026-06-24 17:40:14.873561+00:00,PUT,165.0,2026-09-18,428440,1750,1750,356,179.54,REPEATEDHITSASCENDINGFILL,False,False,False,428440,0,178.129315,86,ASK,SHORT,1.0
XLI,2026-06-24 17:16:30.990835+00:00,CALL,174.0,2026-07-17,53235,63,63,31,180.32,REPEATEDHITS,True,False,False,0,53235,178.129315,23,BID,SHORT,0.5
XLI,2026-06-23 13:45:23.532229+00:00,PUT,154.0,2026-09-18,30798,261,914,23,178.25,REPEATEDHITS,True,False,False,0,13098,178.129315,87,BID,LONG,0.5
XLI,2026-06-23 13:43:27.875150+00:00,PUT,154.0,2026-09-18,17442,153,653,23,178.295,REPEATEDHITS,True,False,False,0,17442,178.129315,87,BID,LONG,0.5
XLI,2026-06-23 13:42:03.875191+00:00,PUT,154.0,2026-09-18,59000,500,500,23,178.29,REPEATEDHITS,True,False,False,7080,24780,178.129315,87,BID,LONG,0.5
XLI,2026-06-23 13:37:27.084425+00:00,PUT,169.0,2026-07-17,22260,178,178,131,177.36,REPEATEDHITSASCENDINGFILL,True,False,False,17220,5040,178.129315,24,ASK,SHORT,1.0
XLI,2026-06-22 14:35:45.120112+00:00,CALL,188.0,2026-07-17,72024,453,467,93,181.39,REPEATEDHITSDESCENDINGFILL,False,False,False,71867,157,178.129315,25,ASK,LONG,1.0
XLI,2026-06-22 13:38:05.523678+00:00,CALL,182.0,2026-08-21,11700,18,18,5,181.39,REPEATEDHITS,False,False,False,0,1950,178.129315,60,BID,SHORT,0.5
XLI,2026-06-18 19:15:18.677297+00:00,PUT,183.0,2026-07-02,24225,57,57,3,180.53,REPEATEDHITS,False,False,False,0,24225,178.129315,14,BID,LONG,0.5
XLI,2026-06-18 19:06:32.021065+00:00,CALL,183.0,2026-07-02,10881,64,65,18,180.59,REPEATEDHITS,False,False,False,171,10710,178.129315,14,BID,SHORT,0.5
XLI,2026-06-18 18:54:41.016441+00:00,PUT,184.0,2026-07-02,84602,180,278,0,180.92,REPEATEDHITS,False,False,False,0,84602,178.129315,14,BID,LONG,0.5
XLI,2026-06-18 17:39:46.076416+00:00,CALL,186.0,2026-06-26,23400,390,392,4,181.24,REPEATEDHITS,False,False,False,0,23400,178.129315,8,BID,SHORT,0.5
XLI,2026-06-18 17:32:36.204066+00:00,CALL,186.0,2026-07-02,38160,360,361,0,181.4,REPEATEDHITS,False,False,False,0,38160,178.129315,14,BID,SHORT,0.5
XLI,2026-06-18 16:44:18.839789+00:00,PUT,184.0,2026-07-02,43612,98,98,0,181.51,REPEATEDHITSASCENDINGFILL,False,False,False,0,43612,178.129315,14,BID,LONG,0.5
XLI,2026-06-18 16:14:06.874538+00:00,PUT,185.0,2026-07-02,61360,118,118,0,181.42,REPEATEDHITS,False,False,False,0,61360,178.129315,14,BID,LONG,0.5
XLI,2026-06-18 15:00:19.396471+00:00,PUT,175.0,2026-12-18,56120,85,103,62,182.275,REPEATEDHITSDESCENDINGFILL,True,False,False,1995,54125,178.129315,183,BID,LONG,0.5
XLI,2026-06-17 19:48:54.395522+00:00,PUT,172.5,2026-07-10,108550,835,836,46,179.79,REPEATEDHITS,False,False,False,0,108550,178.129315,23,BID,LONG,0.5
XLI,2026-06-17 19:44:16.774654+00:00,PUT,179.0,2026-07-02,551430,1671,8023,1,179.34,REPEATEDHITS,False,False,False,330,463650,178.129315,15,BID,LONG,0.5
XLI,2026-06-17 19:43:08.854114+00:00,PUT,179.0,2026-07-02,421760,1318,6340,1,179.32,REPEATEDHITS,False,False,False,82560,153920,178.129315,15,BID,LONG,0.5
XLI,2026-06-17 19:35:02.248866+00:00,CALL,190.0,2026-07-24,24480,204,226,32,179.53,REPEATEDHITS,False,False,False,0,24480,178.129315,37,BID,SHORT,0.5
XLI,2026-06-17 19:24:52.943775+00:00,PUT,179.0,2026-07-02,424480,1516,5022,1,179.92,REPEATEDHITS,False,False,False,25480,399000,178.129315,15,BID,LONG,0.5
XLI,2026-06-17 19:24:35.917624+00:00,PUT,179.0,2026-07-02,341820,1266,3288,1,179.94,REPEATEDHITS,False,False,False,0,341820,178.129315,15,BID,LONG,0.5
XLI,2026-06-17 19:12:01.647817+00:00,PUT,183.0,2026-07-17,17850,34,34,0,180.78,REPEATEDHITS,True,False,False,17850,0,178.129315,30,ASK,SHORT,1.0
XLI,2026-06-17 19:10:32.108311+00:00,PUT,180.0,2026-07-02,16062,60,60,0,181.08,REPEATEDHITSDESCENDINGFILL,True,False,False,15794,268,178.129315,15,ASK,SHORT,1.0
XLI,2026-06-17 18:58:22.002364+00:00,CALL,185.0,2026-06-26,43885,477,478,34,181.3,REPEATEDHITS,False,False,False,0,43885,178.129315,9,BID,SHORT,0.5
XLI,2026-06-17 18:04:43.043666+00:00,CALL,171.0,2026-07-17,40515,37,37,22,180.69,REPEATEDHITS,True,False,False,0,40515,178.129315,30,BID,SHORT,0.5
XLI,2026-06-17 15:35:03.162618+00:00,PUT,181.0,2026-09-18,32733,51,59,5,181.95,REPEATEDHITSASCENDINGFILL,False,False,False,0,32733,178.129315,93,BID,LONG,0.5
XLI,2026-06-17 15:35:03.162618+00:00,PUT,181.0,2026-09-18,14095,22,81,5,181.95,REPEATEDHITSDESCENDINGFILL,False,False,False,640,13455,178.129315,93,BID,LONG,0.5
XLI,2026-06-17 15:28:02.959229+00:00,CALL,190.0,2026-07-31,247965,1355,1356,0,181.54,REPEATEDHITS,False,False,False,0,247965,178.129315,44,BID,SHORT,0.5
XLI,2026-06-17 14:47:26.839359+00:00,PUT,187.0,2026-07-17,35550,45,55,0,180.72,REPEATEDHITS,True,False,False,35550,0,178.129315,30,ASK,SHORT,1.0
XLI,2026-06-16 16:46:54.000705+00:00,PUT,155.0,2027-06-17,11865,21,84,0,180.93,REPEATEDHITS,True,False,False,11865,0,178.129315,366,ASK,SHORT,1.0
XLI,2026-06-16 16:46:45.392692+00:00,PUT,155.0,2027-06-17,11865,21,63,0,180.93,REPEATEDHITS,False,False,False,0,2825,178.129315,366,BID,LONG,0.5
XLI,2026-06-16 16:46:41.987098+00:00,PUT,140.0,2027-06-17,15174,46,63,0,180.93,REPEATEDHITSDESCENDINGFILL,False,False,False,15174,0,178.129315,366,ASK,SHORT,1.0
XLI,2026-06-16 16:03:48.390117+00:00,PUT,180.0,2026-07-17,31025,85,1568,14,180.98,REPEATEDHITS,True,False,False,31025,0,178.129315,31,ASK,SHORT,1.0
XLI,2026-06-16 15:40:29.809114+00:00,PUT,180.0,2026-07-17,39372,105,1443,14,180.555,REPEATEDHITS,True,False,False,39372,0,178.129315,31,ASK,SHORT,1.0
XLI,2026-06-16 15:36:37.486549+00:00,PUT,180.0,2026-07-17,57234,158,1318,14,180.59,REPEATEDHITSDESCENDINGFILL,False,False,False,0,57234,178.129315,31,BID,LONG,0.5
XLI,2026-06-16 15:24:57.678481+00:00,PUT,180.0,2026-07-17,78155,203,1021,14,180.255,REPEATEDHITS,True,False,False,78155,0,178.129315,31,ASK,SHORT,1.0
XLI,2026-06-16 15:22:55.117032+00:00,PUT,180.0,2026-07-17,52650,135,818,14,180.215,REPEATEDHITS,True,False,False,52650,0,178.129315,31,ASK,SHORT,1.0
XLI,2026-06-16 15:22:49.104008+00:00,PUT,180.0,2026-07-17,10394,27,543,14,180.22,REPEATEDHITS,True,False,False,10394,0,178.129315,31,ASK,SHORT,1.0
XLI,2026-06-16 15:02:00.661347+00:00,PUT,180.0,2026-07-17,19760,52,465,14,180.325,REPEATEDHITS,False,False,False,0,19760,178.129315,31,BID,LONG,0.5
XLI,2026-06-16 14:59:35.203994+00:00,PUT,180.0,2026-07-17,21660,57,315,14,180.32,REPEATEDHITS,False,False,False,0,21660,178.129315,31,BID,LONG,0.5
XLI,2026-06-16 14:59:32.996120+00:00,PUT,180.0,2026-07-17,44839,118,230,14,180.335,REPEATEDHITS,True,False,False,44839,0,178.129315,31,ASK,SHORT,1.0
XLI,2026-06-16 14:57:16.603373+00:00,PUT,179.0,2026-07-17,649994,2000,2000,12,180.395,REPEATEDHITSASCENDINGFILL,False,False,False,649994,0,178.129315,31,ASK,SHORT,1.0
XLI,2026-06-16 13:37:16.085096+00:00,PUT,177.0,2026-07-17,291160,1255,1255,29,180.69,REPEATEDHITS,True,False,False,291160,0,178.129315,31,ASK,SHORT,1.0
XLI,2026-06-16 13:37:07.673700+00:00,CALL,192.0,2026-07-17,57906,816,816,2,180.795,REPEATEDHITSDESCENDINGFILL,False,False,False,57906,0,178.129315,31,ASK,LONG,1.0
XLI,2026-06-15 18:45:04.739271+00:00,PUT,178.0,2026-06-26,27700,100,102,21,179.6,REPEATEDHITS,False,False,False,27700,0,178.129315,11,ASK,SHORT,1.0
XLI,2026-06-12 19:09:26.942669+00:00,CALL,161.0,2026-06-12,38375,25,76,2,176.315,REPEATEDHITS,True,False,False,38375,0,178.129315,0,ASK,LONG,1.0
XLI,2026-06-12 19:03:34.890398+00:00,CALL,177.5,2026-06-18,10040,64,78,47,176.43,REPEATEDHITSDESCENDINGFILL,False,False,False,9886,154,178.129315,6,ASK,LONG,1.0
XLI,2026-06-12 18:51:01.329782+00:00,CALL,161.0,2026-06-12,30700,20,20,2,176.34,REPEATEDHITS,True,False,False,30700,0,178.129315,0,ASK,LONG,1.0
XLK,2026-06-24 18:19:26.214446+00:00,PUT,177.5,2026-07-02,19760,76,77,71,182.815,REPEATEDHITS,True,False,False,0,19760,184.205216,8,BID,LONG,0.5
XLK,2026-06-24 17:33:21.195254+00:00,PUT,169.0,2026-07-02,13670,119,119,30,181.8001,REPEATEDHITSDESCENDINGFILL,True,False,False,13221,449,184.205216,8,ASK,SHORT,1.0
XLK,2026-06-24 17:20:27.057005+00:00,PUT,183.0,2026-07-24,10495,14,61,5,182.51,REPEATEDHITSASCENDINGFILL,True,False,False,9750,745,184.205216,30,ASK,SHORT,1.0
XLK,2026-06-24 14:44:09.112293+00:00,CALL,185.0,2026-07-24,11400,15,22,8,184.49,REPEATEDHITS,True,False,False,11400,0,184.205216,30,ASK,LONG,1.0
XLK,2026-06-24 14:01:35.321064+00:00,CALL,179.0,2026-07-02,268200,360,360,3,183.7,REPEATEDHITS,True,False,False,268200,0,184.205216,8,ASK,LONG,1.0
XLK,2026-06-24 13:52:17.577574+00:00,PUT,172.5,2026-07-24,17895,55,55,39,184.73,REPEATEDHITSASCENDINGFILL,True,False,False,0,17895,184.205216,30,BID,LONG,0.5
XLK,2026-06-24 13:52:17.577574+00:00,PUT,174.0,2026-07-24,51485,143,143,11,184.73,REPEATEDHITS,True,False,False,0,51120,184.205216,30,BID,LONG,0.5
XLK,2026-06-24 13:46:48.805906+00:00,PUT,168.0,2026-07-24,10441,42,90,2,184.213,REPEATEDHITSASCENDINGFILL,False,False,False,8705,1736,184.205216,30,ASK,SHORT,1.0
XLK,2026-06-23 19:04:52.867474+00:00,PUT,183.0,2026-07-10,41195,80,84,69,184.77,REPEATEDHITS,True,False,False,0,41195,184.205216,17,BID,LONG,0.5
XLK,2026-06-23 19:04:00.175916+00:00,PUT,182.0,2026-07-24,37010,56,56,3,184.647,REPEATEDHITSASCENDINGFILL,True,False,False,0,37010,184.205216,31,BID,LONG,0.5
XLK,2026-06-23 18:41:21.714841+00:00,PUT,183.0,2026-07-02,16403,40,41,15,184.44,REPEATEDHITS,True,False,False,15993,410,184.205216,9,ASK,SHORT,1.0
XLK,2026-06-23 18:41:15.107675+00:00,PUT,178.0,2026-07-02,63455,259,262,123,184.4314,REPEATEDHITS,True,False,False,63455,0,184.205216,9,ASK,SHORT,1.0
XLK,2026-06-23 17:54:52.936088+00:00,PUT,189.0,2026-07-24,12415,13,38,0,185.065,REPEATEDHITS,True,False,False,12415,0,184.205216,31,ASK,SHORT,1.0
XLK,2026-06-23 17:39:30.603679+00:00,CALL,187.0,2026-07-24,72380,94,263,0,185.8699,REPEATEDHITS,True,False,False,0,72380,184.205216,31,BID,SHORT,0.5
XLK,2026-06-23 17:25:33.033763+00:00,CALL,187.0,2026-07-24,16695,21,167,0,186.12,REPEATEDHITS,True,False,False,16695,0,184.205216,31,ASK,LONG,1.0
XLK,2026-06-23 17:04:32.420087+00:00,PUT,188.0,2026-07-24,19575,22,39,3,185.44,REPEATEDHITS,True,False,False,19575,0,184.205216,31,ASK,SHORT,1.0
XLK,2026-06-23 16:21:16.874931+00:00,CALL,187.0,2026-07-24,104805,137,146,0,185.79,REPEATEDHITS,True,False,False,0,104805,184.205216,31,BID,SHORT,0.5
XLK,2026-06-23 14:05:06.866130+00:00,CALL,187.0,2026-06-26,30018,91,93,63,186.87,REPEATEDHITSDESCENDINGFILL,False,False,False,26718,3300,184.205216,3,ASK,LONG,1.0
XLK,2026-06-23 13:32:42.958248+00:00,PUT,165.0,2026-08-21,144149,370,373,318,184.75,REPEATEDHITSASCENDINGFILL,False,False,False,144149,0,184.205216,59,ASK,SHORT,1.0
XLK,2026-06-22 18:52:55.202548+00:00,PUT,192.5,2026-07-24,28860,37,37,6,191.51,REPEATEDHITS,False,False,False,28860,0,184.205216,32,ASK,SHORT,1.0
XLK,2026-06-22 18:50:44.982217+00:00,CALL,205.0,2026-07-17,298151,1337,2886,494,191.7465,REPEATEDHITS,False,False,False,298151,0,184.205216,25,ASK,LONG,1.0
XLK,2026-06-22 18:47:23.376414+00:00,CALL,217.5,2026-09-18,47175,111,136,57,191.71,REPEATEDHITS,True,False,False,47175,0,184.205216,88,ASK,LONG,1.0
XLK,2026-06-22 18:23:28.765826+00:00,CALL,205.0,2026-07-17,294525,1309,1449,494,192.08,REPEATEDHITS,True,False,False,294525,0,184.205216,25,ASK,LONG,1.0
XLK,2026-06-22 18:06:02.303538+00:00,PUT,192.0,2026-07-10,64980,116,119,41,191.9499,REPEATEDHITSASCENDINGFILL,True,False,False,565,64415,184.205216,18,BID,LONG,0.5
XLK,2026-06-22 17:08:44.318237+00:00,CALL,190.0,2026-07-17,1214743,1509,1529,1141,191.3,REPEATEDHITS,False,False,False,1214743,0,184.205216,25,ASK,LONG,1.0
XLK,2026-06-22 16:20:49.272991+00:00,CALL,193.0,2026-07-17,949638,1461,1530,0,191.73,REPEATEDHITSDESCENDINGFILL,False,False,False,949638,0,184.205216,25,ASK,LONG,1.0
XLK,2026-06-22 16:08:04.201389+00:00,CALL,197.0,2026-07-24,10600,20,23,2,191.13,REPEATEDHITS,False,False,False,10070,530,184.205216,32,ASK,LONG,1.0
XLK,2026-06-22 16:01:40.739656+00:00,PUT,195.0,2026-07-24,12155,13,13,0,191.03,REPEATEDHITS,True,False,False,12155,0,184.205216,32,ASK,SHORT,1.0
XLK,2026-06-22 16:01:40.739656+00:00,PUT,194.0,2026-07-24,11440,13,14,1,191.03,REPEATEDHITS,True,False,False,11440,0,184.205216,32,ASK,SHORT,1.0
XLK,2026-06-22 16:01:33.317848+00:00,PUT,191.0,2026-07-24,18120,25,25,6,191.17,REPEATEDHITS,True,False,False,17400,720,184.205216,32,ASK,SHORT,1.0
XLK,2026-06-18 19:49:39.012366+00:00,PUT,182.0,2026-07-17,33000,100,118,99,191.86,REPEATEDHITS,True,False,False,0,33000,184.205216,29,BID,LONG,0.5
XLK,2026-06-18 19:20:01.094025+00:00,PUT,210.0,2027-01-15,195990,70,73,0,191.2397,REPEATEDHITS,False,False,False,83990,112000,184.205216,211,BID,LONG,0.5
XLK,2026-06-18 17:45:12.414060+00:00,PUT,159.0,2026-07-17,38850,555,607,60,191.49,REPEATEDHITS,False,False,False,0,38850,184.205216,29,BID,LONG,0.5
XLK,2026-06-17 19:38:51.932026+00:00,PUT,173.0,2026-07-17,131815,485,488,45,186.32,REPEATEDHITSASCENDINGFILL,False,False,False,101290,30525,184.205216,30,ASK,SHORT,1.0
XLK,2026-06-17 18:39:05.103186+00:00,CALL,199.0,2026-07-02,47600,340,340,1,188.788,REPEATEDHITS,False,False,False,560,47040,184.205216,15,BID,SHORT,0.5
XLK,2026-06-17 17:18:51.203216+00:00,CALL,189.0,2026-06-26,108616,275,277,33,188.62,REPEATEDHITS,False,False,False,108616,0,184.205216,9,ASK,LONG,1.0
XLK,2026-06-17 13:50:48.996373+00:00,PUT,188.0,2026-06-18,188439,1185,1186,135,188.445,REPEATEDHITSASCENDINGFILL,False,False,False,340,187940,184.205216,1,BID,LONG,0.5
XLK,2026-06-16 14:53:17.130377+00:00,CALL,195.0,2026-07-17,1196880,2574,2683,2432,189.61,REPEATEDHITS,False,False,False,1196880,0,184.205216,31,ASK,LONG,1.0
XLK,2026-06-15 18:35:23.549925+00:00,PUT,140.0,2026-08-21,54054,693,696,155,191.4897,REPEATEDHITS,False,False,False,0,54054,184.205216,67,BID,LONG,0.5
XLK,2026-06-15 17:46:05.649289+00:00,PUT,185.0,2026-06-26,231858,1171,1392,27,191.6,REPEATEDHITS,False,False,False,2376,229482,184.205216,11,BID,LONG,0.5
XLK,2026-06-15 17:30:38.747753+00:00,PUT,185.0,2026-06-26,14625,75,209,27,191.725,REPEATEDHITS,False,False,False,0,14625,184.205216,11,BID,LONG,0.5
XLK,2026-06-15 17:07:54.289330+00:00,PUT,192.0,2026-07-02,17506,32,47,0,191.37,REPEATEDHITSDESCENDINGFILL,False,False,False,0,17506,184.205216,17,BID,LONG,0.5
XLK,2026-06-15 16:04:41.503540+00:00,CALL,200.0,2026-06-26,19706,167,180,69,191.89,REPEATEDHITS,False,False,False,0,19706,184.205216,11,BID,SHORT,0.5
XLK,2026-06-15 15:49:37.350820+00:00,PUT,191.0,2026-06-18,198880,880,888,6,191.645,REPEATEDHITS,False,False,False,198880,0,184.205216,3,ASK,SHORT,1.0
XLK,2026-06-15 15:01:42.012722+00:00,CALL,196.0,2026-06-26,87312,408,413,12,191.03,REPEATEDHITS,False,False,False,87312,0,184.205216,11,ASK,LONG,1.0
XLK,2026-06-15 13:36:53.605231+00:00,PUT,195.0,2026-06-18,115875,225,225,53,190.72,REPEATEDHITS,True,False,False,0,115875,184.205216,3,BID,LONG,0.5
XLK,2026-06-11 19:44:59.967607+00:00,PUT,170.0,2026-12-18,72600,66,67,57,183.35,REPEATEDHITS,False,False,False,68200,4400,184.205216,190,ASK,SHORT,1.0
XLK,2026-06-11 19:14:31.401118+00:00,CALL,182.5,2026-07-02,23100,35,35,6,182.25,REPEATEDHITS,False,False,False,23100,0,184.205216,21,ASK,LONG,1.0
XLK,2026-06-11 18:06:34.276148+00:00,CALL,178.0,2026-07-02,32757,43,43,1,180.12,REPEATEDHITSASCENDINGFILL,True,False,False,1560,31197,184.205216,21,BID,SHORT,0.5
XLK,2026-06-11 18:00:43.840354+00:00,PUT,178.0,2026-07-02,52814,110,111,4,181.39,REPEATEDHITSASCENDINGFILL,True,False,False,0,52814,184.205216,21,BID,LONG,0.5
XLP,2026-06-24 17:28:55.514064+00:00,PUT,86.0,2026-08-21,70104,254,254,0,84.31,REPEATEDHITS,True,False,False,70104,0,83.698305,58,ASK,SHORT,1.0
XLP,2026-06-23 18:11:49.900850+00:00,CALL,88.0,2026-08-21,28860,444,492,1,83.61,REPEATEDHITS,False,False,False,28860,0,83.698305,59,ASK,LONG,1.0
XLP,2026-06-23 17:18:01.598626+00:00,CALL,89.0,2026-08-21,12390,295,488,1,83.49,REPEATEDHITS,False,False,False,12390,0,83.698305,59,ASK,LONG,1.0
XLP,2026-06-23 15:42:25.445064+00:00,CALL,83.0,2026-07-02,37084,292,846,63,83.62,REPEATEDHITS,False,False,False,37084,0,83.698305,9,ASK,LONG,1.0
XLP,2026-06-23 15:10:21.797328+00:00,PUT,84.0,2026-08-21,27520,139,139,1,83.615,REPEATEDHITSASCENDINGFILL,True,False,False,0,27520,83.698305,59,BID,LONG,0.5
XLP,2026-06-23 14:46:36.605256+00:00,CALL,87.0,2026-08-21,29584,344,344,25,83.525,REPEATEDHITS,False,False,False,3784,25800,83.698305,59,BID,SHORT,0.5
XLP,2026-06-18 18:38:52.585174+00:00,CALL,84.0,2026-07-17,91819,1009,1804,666,83.375,REPEATEDHITS,True,False,False,0,78351,83.698305,29,BID,SHORT,0.5
XLP,2026-06-17 14:39:33.258154+00:00,PUT,84.5,2026-07-10,13125,105,105,21,84.79,REPEATEDHITS,False,False,False,0,13125,83.698305,23,BID,LONG,0.5
XLP,2026-06-16 17:18:00.387656+00:00,PUT,87.0,2026-06-26,11761,60,60,16,85.67,REPEATEDHITSDESCENDINGFILL,True,False,False,11761,0,83.698305,10,ASK,SHORT,1.0
XLP,2026-06-16 13:50:53.286484+00:00,PUT,84.5,2026-07-02,11337,135,135,17,85.21,REPEATEDHITS,True,False,False,11253,84,83.698305,16,ASK,SHORT,1.0
XLP,2026-06-16 13:47:19.876524+00:00,CALL,85.0,2028-01-21,114564,120,120,68,85.47,REPEATEDHITSASCENDINGFILL,False,False,False,114564,0,83.698305,584,ASK,LONG,1.0
XLP,2026-06-15 18:29:30.745387+00:00,PUT,87.5,2026-07-02,28841,106,106,0,85.46,REPEATEDHITSDESCENDINGFILL,True,False,False,28841,0,83.698305,17,ASK,SHORT,1.0
XLP,2026-06-15 17:29:25.870310+00:00,PUT,90.0,2026-06-26,19596,40,44,0,85.69,REPEATEDHITSDESCENDINGFILL,True,False,False,19596,0,83.698305,11,ASK,SHORT,1.0
XLP,2026-06-12 18:06:36.672713+00:00,PUT,85.5,2026-07-02,20724,157,157,5,85.64,REPEATEDHITS,True,False,False,0,18348,83.698305,20,BID,LONG,0.5
XLP,2026-06-11 19:13:52.740098+00:00,PUT,85.5,2026-06-12,10836,387,796,70,85.74,REPEATEDHITS,True,False,False,0,10836,83.698305,1,BID,LONG,0.5
XLP,2026-06-10 17:36:33.800993+00:00,PUT,87.0,2026-07-24,15435,49,49,0,85.19,REPEATEDHITS,False,False,False,15435,0,83.698305,44,ASK,SHORT,1.0
XLP,2026-06-10 13:42:06.165034+00:00,CALL,86.5,2026-06-26,20020,455,514,43,84.82,REPEATEDHITS,False,False,False,20020,0,83.698305,16,ASK,LONG,1.0
XLP,2026-06-09 19:12:44.160194+00:00,CALL,84.0,2026-06-26,30250,275,334,101,83.96,REPEATEDHITS,True,False,False,30250,0,83.698305,17,ASK,LONG,1.0
XLP,2026-06-09 15:30:51.474317+00:00,PUT,81.0,2026-09-18,449556,2659,2660,759,84.055,REPEATEDHITSDESCENDINGFILL,False,False,False,15430,380703,83.698305,101,BID,LONG,0.5
XLP,2026-06-08 14:43:29.453670+00:00,CALL,82.5,2026-06-26,41817,263,263,6,83.205,REPEATEDHITS,True,False,False,318,41499,83.698305,18,BID,SHORT,0.5
XLP,2026-06-05 18:54:09.311233+00:00,CALL,80.0,2026-07-24,36101,76,76,0,84.18,REPEATEDHITS,False,False,False,0,36101,83.698305,49,BID,SHORT,0.5
XLP,2026-06-05 15:50:19.041571+00:00,PUT,84.0,2026-06-26,17672,94,96,50,83.37,REPEATEDHITS,True,False,False,17672,0,83.698305,21,ASK,SHORT,1.0
XLP,2026-06-04 15:42:25.001454+00:00,PUT,79.0,2026-12-18,12801,51,118,23,82.265,REPEATEDHITS,False,False,False,3514,9287,83.698305,197,BID,LONG,0.5
XLP,2026-06-03 17:11:32.410219+00:00,CALL,81.5,2026-06-26,25740,130,131,10,82.615,REPEATEDHITS,True,False,False,25542,198,83.698305,23,ASK,LONG,1.0
XLP,2026-06-03 15:42:12.127807+00:00,PUT,80.0,2026-06-26,46050,918,928,132,82.51,REPEATEDHITS,False,False,False,0,38400,83.698305,23,BID,LONG,0.5
XLP,2026-06-02 13:51:00.555262+00:00,CALL,79.0,2027-06-17,10335,13,13,11,81.72,REPEATEDHITS,False,False,False,795,9540,83.698305,380,BID,SHORT,0.5
XLP,2026-06-01 16:47:43.934892+00:00,PUT,80.0,2027-03-19,12410,34,130,0,81.76,REPEATEDHITS,False,False,False,0,12410,83.698305,291,BID,LONG,0.5
XLP,2026-06-01 16:47:39.924432+00:00,PUT,80.0,2027-03-19,14322,39,92,0,81.76,REPEATEDHITSASCENDINGFILL,False,False,False,1122,13200,83.698305,291,BID,LONG,0.5
XLP,2026-06-01 16:47:33.311717+00:00,PUT,81.0,2027-03-19,11620,28,76,11,81.77,REPEATEDHITS,False,False,False,0,11620,83.698305,291,BID,LONG,0.5
XLP,2026-06-01 16:47:29.100812+00:00,PUT,82.0,2027-03-19,19810,43,53,0,81.78,REPEATEDHITSASCENDINGFILL,False,False,False,0,19810,83.698305,291,BID,LONG,0.5
XLP,2026-06-01 16:47:29.100812+00:00,PUT,82.0,2027-03-19,16155,35,88,0,81.78,REPEATEDHITS,False,False,False,5115,11040,83.698305,291,BID,LONG,0.5
XLP,2026-06-01 16:47:29.100812+00:00,PUT,82.0,2027-03-19,14310,31,119,0,81.775,REPEATEDHITS,False,False,False,2350,11960,83.698305,291,BID,LONG,0.5
XLP,2026-06-01 14:50:05.369931+00:00,CALL,80.5,2026-06-18,11088,48,48,2,82.03,REPEATEDHITS,True,False,False,0,11088,83.698305,17,BID,SHORT,0.5
XLP,2026-05-27 14:24:38.589559+00:00,CALL,84.5,2026-05-29,72450,966,981,336,84.86,REPEATEDHITS,True,False,False,0,72450,83.698305,2,BID,SHORT,0.5
XLP,2026-05-27 14:21:24.051735+00:00,CALL,85.5,2026-06-12,64400,644,644,22,84.96,REPEATEDHITS,True,False,False,64400,0,83.698305,16,ASK,LONG,1.0
XLP,2026-05-27 13:48:11.775908+00:00,CALL,85.0,2026-06-26,18729,124,149,76,84.905,REPEATEDHITSASCENDINGFILL,True,False,False,455,18274,83.698305,30,BID,SHORT,0.5
XLP,2026-05-27 13:48:11.775908+00:00,CALL,85.0,2026-06-26,24969,171,384,76,84.815,REPEATEDHITS,True,False,False,441,24528,83.698305,30,BID,SHORT,0.5
XLP,2026-05-26 14:14:19.292631+00:00,CALL,83.0,2026-06-12,16016,88,88,71,83.88,REPEATEDHITS,False,False,False,0,16016,83.698305,17,BID,SHORT,0.5
XLP,2026-05-21 17:17:30.584683+00:00,PUT,87.0,2026-06-12,47827,169,169,40,84.44,REPEATEDHITS,False,False,False,0,47827,83.698305,22,BID,LONG,0.5
XLP,2026-05-21 14:07:38.798803+00:00,CALL,83.0,2026-06-12,14807,67,67,10,84.19,REPEATEDHITS,True,False,False,14807,0,83.698305,22,ASK,LONG,1.0
XLP,2026-05-20 15:56:03.173624+00:00,PUT,89.0,2026-07-17,22950,54,54,0,85.8,REPEATEDHITS,True,False,False,22950,0,83.698305,58,ASK,SHORT,1.0
XLP,2026-05-19 18:06:31.749350+00:00,CALL,84.5,2026-06-12,56751,229,229,14,85.91,REPEATEDHITSASCENDINGFILL,True,False,False,0,56751,83.698305,24,BID,SHORT,0.5
XLP,2026-05-19 14:01:53.384225+00:00,PUT,80.0,2026-09-18,1338750,11250,11250,1525,86.07,LOWHISTORICVOLUMEFLOOR,False,True,False,1338750,0,83.698305,122,ASK,SHORT,1.0
XLP,2026-05-19 13:36:40.568264+00:00,PUT,86.5,2026-06-12,19296,96,96,8,85.28,REPEATEDHITS,True,False,False,19296,0,83.698305,24,ASK,SHORT,1.0
XLP,2026-05-18 18:58:23.444042+00:00,PUT,87.0,2026-06-05,31164,159,159,0,85.59,REPEATEDHITS,True,False,False,31164,0,83.698305,18,ASK,SHORT,1.0
XLP,2026-05-18 16:44:41.014023+00:00,CALL,85.0,2026-05-29,18327,149,152,124,85.32,REPEATEDHITS,True,False,False,0,18327,83.698305,11,BID,SHORT,0.5
XLP,2026-05-18 13:50:05.229715+00:00,CALL,85.0,2026-06-12,22774,118,118,40,85.54,REPEATEDHITS,True,False,False,22774,0,83.698305,25,ASK,LONG,1.0
XLP,2026-05-15 17:09:11.120531+00:00,PUT,84.5,2026-06-05,33384,321,321,95,84.9199,REPEATEDHITS,True,False,False,0,33384,83.698305,21,BID,LONG,0.5
XLP,2026-05-15 16:57:32.702129+00:00,PUT,86.0,2026-07-17,50224,172,172,15,84.825,REPEATEDHITS,False,False,False,44968,5256,83.698305,63,ASK,SHORT,1.0
XLP,2026-05-14 19:34:29.215728+00:00,PUT,82.5,2026-05-22,21816,1212,1215,266,84.935,REPEATEDHITS,False,False,False,0,21816,83.698305,8,BID,LONG,0.5
XLV,2026-06-24 17:29:15.554244+00:00,PUT,162.0,2026-08-21,16320,17,17,0,152.67,REPEATEDHITS,True,False,False,16320,0,152.123346,58,ASK,SHORT,1.0
XLV,2026-06-24 16:42:32.183027+00:00,PUT,152.0,2026-07-02,16740,197,1310,10,153.32,REPEATEDHITS,False,False,False,16740,0,152.123346,8,ASK,SHORT,1.0
XLV,2026-06-24 16:33:48.785820+00:00,CALL,155.0,2026-07-02,15120,168,204,40,153.46,REPEATEDHITS,False,False,False,15120,0,152.123346,8,ASK,LONG,1.0
XLV,2026-06-24 15:56:00.874533+00:00,PUT,152.0,2026-07-02,96976,1102,1113,10,153.055,REPEATEDHITS,False,False,False,96976,0,152.123346,8,ASK,SHORT,1.0
XLV,2026-06-24 14:13:07.744016+00:00,CALL,154.0,2026-08-21,39130,91,94,44,153.69,REPEATEDHITS,False,False,False,1290,37840,152.123346,58,BID,SHORT,0.5
XLV,2026-06-23 18:53:52.219743+00:00,CALL,153.0,2026-07-02,53460,486,599,123,151.925,REPEATEDHITS,True,False,False,53460,0,152.123346,9,ASK,LONG,1.0
XLV,2026-06-23 16:31:55.723121+00:00,CALL,147.0,2026-08-21,54760,74,74,4,151.545,REPEATEDHITS,True,False,False,54760,0,152.123346,59,ASK,LONG,1.0
XLV,2026-06-23 15:01:34.647431+00:00,PUT,151.0,2026-07-17,30292,162,251,149,151.49,REPEATEDHITS,False,False,False,30292,0,152.123346,24,ASK,SHORT,1.0
XLV,2026-06-22 19:33:48.142491+00:00,PUT,143.0,2026-08-21,31204,269,274,1,150.08,REPEATEDHITS,False,False,False,0,31204,152.123346,60,BID,LONG,0.5
XLV,2026-06-22 19:08:17.600705+00:00,PUT,149.5,2026-07-17,20116,107,107,0,149.87,REPEATEDHITS,True,False,False,20116,0,152.123346,25,ASK,SHORT,1.0
XLV,2026-06-22 17:17:12.622365+00:00,PUT,150.0,2026-06-26,74000,925,1032,338,150.52,REPEATEDHITS,False,False,False,73680,320,152.123346,4,ASK,SHORT,1.0
XLV,2026-06-22 15:36:48.034500+00:00,PUT,150.0,2026-07-31,15400,56,56,5,149.73,REPEATEDHITS,False,False,False,0,15400,152.123346,39,BID,LONG,0.5
XLV,2026-06-22 14:13:41.217260+00:00,CALL,152.5,2026-07-10,36872,419,420,11,149.28,REPEATEDHITS,False,False,False,0,36872,152.123346,18,BID,SHORT,0.5
XLV,2026-06-18 18:46:55.288951+00:00,CALL,148.0,2026-07-02,18427,74,76,26,149.79,REPEATEDHITS,True,False,False,18177,250,152.123346,14,ASK,LONG,1.0
XLV,2026-06-18 18:01:33.042428+00:00,PUT,143.0,2026-07-17,25829,410,468,60,149.4614,REPEATEDHITS,False,False,False,25767,62,152.123346,29,ASK,SHORT,1.0
XLV,2026-06-18 15:32:42.396782+00:00,PUT,147.0,2026-09-18,363160,1023,1027,292,148.975,REPEATEDHITS,False,False,False,362455,705,152.123346,92,ASK,SHORT,1.0
XLV,2026-06-18 14:25:10.926122+00:00,PUT,148.0,2026-07-02,28536,232,233,19,149.44,REPEATEDHITS,False,False,False,28536,0,152.123346,14,ASK,SHORT,1.0
XLV,2026-06-17 18:58:27.038378+00:00,PUT,150.0,2026-07-02,33514,228,233,6,150.85,REPEATEDHITS,True,False,False,33514,0,152.123346,15,ASK,SHORT,1.0
XLV,2026-06-17 18:33:50.546551+00:00,PUT,149.0,2026-06-26,41025,547,574,73,151.175,REPEATEDHITS,False,False,False,41025,0,152.123346,9,ASK,SHORT,1.0
XLV,2026-06-17 15:44:01.606753+00:00,CALL,152.0,2026-07-17,58050,225,883,114,152.495,REPEATEDHITS,False,False,False,0,58050,152.123346,30,BID,SHORT,0.5
XLV,2026-06-17 15:38:26.227154+00:00,CALL,152.0,2026-07-17,38753,143,158,114,152.49,REPEATEDHITS,True,False,False,0,38753,152.123346,30,BID,SHORT,0.5
XLV,2026-06-17 15:38:26.227154+00:00,CALL,152.0,2026-07-17,52332,196,542,114,152.495,REPEATEDHITS,False,False,False,0,52332,152.123346,30,BID,SHORT,0.5
XLV,2026-06-17 15:38:26.227154+00:00,CALL,152.0,2026-07-17,45153,167,325,114,152.49,REPEATEDHITSDESCENDINGFILL,False,False,False,0,45153,152.123346,30,BID,SHORT,0.5
XLV,2026-06-16 15:46:01.003107+00:00,CALL,151.0,2026-07-02,53460,180,180,102,153.13,REPEATEDHITS,True,False,False,53460,0,152.123346,16,ASK,LONG,1.0
XLV,2026-06-15 19:05:14.003786+00:00,CALL,156.0,2027-03-19,85500,95,95,15,153.01,REPEATEDHITS,False,False,False,41400,44100,152.123346,277,BID,SHORT,0.5
XLV,2026-06-15 18:13:15.719605+00:00,PUT,147.0,2026-06-26,11154,429,430,11,152.8,REPEATEDHITS,False,False,False,0,11154,152.123346,11,BID,LONG,0.5
XLV,2026-06-15 16:40:21.731720+00:00,PUT,151.0,2026-06-26,153502,1633,1635,5,153.21,REPEATEDHITS,False,False,False,0,153502,152.123346,11,BID,LONG,0.5
XLV,2026-06-15 13:35:16.706873+00:00,PUT,150.0,2026-07-10,15561,91,91,4,151.9,REPEATEDHITS,False,False,False,15561,0,152.123346,25,ASK,SHORT,1.0
XLV,2026-06-11 18:25:48.042045+00:00,CALL,154.0,2026-07-02,61215,231,247,20,154.64,REPEATEDHITS,True,False,False,0,61215,152.123346,21,BID,SHORT,0.5
XLV,2026-06-11 16:04:54.029671+00:00,PUT,153.0,2026-06-12,17202,366,2002,32,153.915,REPEATEDHITS,True,False,False,17202,0,152.123346,1,ASK,SHORT,1.0
XLV,2026-06-10 18:55:17.258088+00:00,PUT,152.5,2026-06-18,135810,1006,1018,92,153.09,REPEATEDHITS,False,False,False,0,135810,152.123346,8,BID,LONG,0.5
XLV,2026-06-10 15:04:13.385141+00:00,CALL,160.0,2026-07-17,209510,1502,1519,436,154.595,REPEATEDHITSASCENDINGFILL,False,False,False,206326,3184,152.123346,37,ASK,LONG,1.0
XLV,2026-06-09 18:29:54.240609+00:00,PUT,155.0,2026-06-12,162433,1279,1419,10,154.84,REPEATEDHITS,False,False,False,381,162052,152.123346,3,BID,LONG,0.5
XLV,2026-06-09 18:21:08.716314+00:00,CALL,159.0,2026-06-18,17628,339,908,132,154.8,REPEATEDHITS,True,False,False,17628,0,152.123346,9,ASK,LONG,1.0
XLV,2026-06-09 17:10:31.098422+00:00,CALL,156.0,2026-07-10,186345,909,917,20,153.805,REPEATEDHITS,False,False,False,205,186140,152.123346,31,BID,SHORT,0.5
XLV,2026-06-08 18:07:27.436049+00:00,CALL,152.5,2026-06-18,30523,131,205,0,153.0,REPEATEDHITS,True,False,False,30523,0,152.123346,10,ASK,LONG,1.0
XLV,2026-06-08 17:56:56.201590+00:00,PUT,147.0,2026-07-17,72078,504,523,224,152.685,REPEATEDHITSASCENDINGFILL,True,False,False,290,71788,152.123346,39,BID,LONG,0.5
XLV,2026-06-08 17:38:04.316110+00:00,CALL,151.0,2028-01-21,104595,57,120,11,152.545,REPEATEDHITS,False,False,False,104595,0,152.123346,592,ASK,LONG,1.0
XLV,2026-06-08 16:07:29.187589+00:00,CALL,143.0,2026-07-10,54315,51,51,2,152.995,REPEATEDHITS,True,False,False,0,54315,152.123346,32,BID,SHORT,0.5
XLV,2026-06-08 15:50:46.970598+00:00,CALL,153.0,2026-07-10,35100,108,120,107,153.135,REPEATEDHITS,False,False,False,2600,32500,152.123346,32,BID,SHORT,0.5
XLV,2026-06-08 14:28:45.834665+00:00,CALL,170.0,2027-03-19,220840,513,525,1,153.95,REPEATEDHITSASCENDINGFILL,True,False,False,6450,214390,152.123346,284,BID,SHORT,0.5
XLV,2026-06-08 13:51:18.570880+00:00,CALL,153.0,2026-07-24,40495,91,91,4,153.72,REPEATEDHITS,False,False,False,40495,0,152.123346,46,ASK,LONG,1.0
XLV,2026-06-05 18:53:48.870403+00:00,CALL,165.0,2026-07-17,11800,236,350,13,153.77,REPEATEDHITS,False,False,False,10550,1250,152.123346,42,ASK,LONG,1.0
XLV,2026-06-05 13:40:36.714178+00:00,CALL,165.0,2026-08-21,109664,736,766,57,153.96,REPEATEDHITS,False,False,False,108174,1490,152.123346,77,ASK,LONG,1.0
XLV,2026-06-05 13:39:00.680832+00:00,CALL,154.0,2026-06-05,11908,229,304,45,153.94,REPEATEDHITS,False,False,False,11648,0,152.123346,0,ASK,LONG,1.0
XLV,2026-06-04 18:54:13.924436+00:00,CALL,155.0,2026-08-21,246480,632,2113,333,151.66,REPEATEDHITS,False,False,False,246480,0,152.123346,78,ASK,LONG,1.0
XLV,2026-06-04 18:07:08.271510+00:00,CALL,153.0,2026-06-12,23580,262,266,101,151.29,REPEATEDHITS,True,False,False,0,23580,152.123346,8,BID,SHORT,0.5
XLV,2026-06-04 16:21:25.234702+00:00,CALL,151.0,2026-06-12,19776,100,108,13,151.635,REPEATEDHITSASCENDINGFILL,False,False,False,0,19776,152.123346,8,BID,SHORT,0.5
XLV,2026-06-04 15:58:35.973885+00:00,PUT,160.0,2026-09-18,370518,358,406,182,151.83,REPEATEDHITSDESCENDINGFILL,False,False,False,370518,0,152.123346,106,ASK,SHORT,1.0
XLV,2026-06-04 14:18:35.723548+00:00,PUT,151.0,2027-01-15,197393,278,286,111,152.18,REPEATEDHITS,False,False,False,0,197393,152.123346,225,BID,LONG,0.5
YINN,2026-06-24 16:55:12.737714+00:00,PUT,25.0,2026-07-24,93621,338,338,62,23.3507,REPEATEDHITS,True,False,False,93344,277,564849600.0,30,ASK,SHORT,1.0
YINN,2026-06-23 18:42:52.678735+00:00,PUT,25.0,2026-07-02,25600,160,179,115,24.21,REPEATEDHITS,True,False,False,25600,0,564849600.0,9,ASK,SHORT,1.0
YINN,2026-06-23 18:16:39.971746+00:00,CALL,22.0,2026-07-10,10010,35,335,0,24.295,REPEATEDHITS,True,False,False,0,10010,564849600.0,17,BID,SHORT,0.5
YINN,2026-06-18 14:49:53.586426+00:00,CALL,28.5,2026-07-02,22017,537,537,107,25.6603,REPEATEDHITS,True,False,False,22017,0,564849600.0,14,ASK,LONG,1.0
YINN,2026-06-18 14:14:49.783572+00:00,CALL,23.0,2026-07-02,27552,96,115,0,25.51,REPEATEDHITS,True,False,False,27552,0,564849600.0,14,ASK,LONG,1.0
YINN,2026-06-17 15:41:35.658283+00:00,CALL,24.0,2026-06-26,41493,109,131,28,27.7693,REPEATEDHITSDESCENDINGFILL,True,False,False,5350,36143,564849600.0,9,BID,SHORT,0.5
YINN,2026-06-16 19:14:51.141323+00:00,CALL,28.5,2026-07-31,15003,67,76,1,28.395,REPEATEDHITSDESCENDINGFILL,True,False,False,0,15003,564849600.0,45,BID,SHORT,0.5
YINN,2026-06-15 16:06:46.316438+00:00,PUT,27.5,2026-07-31,18106,120,120,0,30.13,REPEATEDHITSDESCENDINGFILL,True,False,False,9160,8946,564849600.0,46,ASK,SHORT,1.0
YINN,2026-06-15 16:03:50.244549+00:00,PUT,30.5,2026-07-10,10750,50,60,17,30.1553,REPEATEDHITSASCENDINGFILL,True,False,False,4330,6420,564849600.0,25,BID,LONG,0.5
YINN,2026-06-15 16:02:09.543510+00:00,CALL,26.0,2026-06-26,16383,39,180,1,30.15,REPEATEDHITSASCENDINGFILL,True,False,False,0,16383,564849600.0,11,BID,SHORT,0.5
YINN,2026-06-15 14:44:53.030630+00:00,CALL,26.0,2026-06-26,11220,27,127,1,30.095,REPEATEDHITS,True,False,False,0,11220,564849600.0,11,BID,SHORT,0.5
YINN,2026-06-15 13:52:55.018850+00:00,CALL,33.0,2026-06-26,10906,266,294,161,30.2317,REPEATEDHITS,True,False,False,41,10865,564849600.0,11,BID,SHORT,0.5
YINN,2026-06-12 17:06:08.598632+00:00,PUT,29.0,2026-06-18,15213,216,494,119,29.7701,REPEATEDHITSDESCENDINGFILL,False,False,False,15213,0,564849600.0,6,ASK,SHORT,1.0
YINN,2026-06-12 13:51:28.625871+00:00,PUT,30.0,2026-07-02,42268,198,198,33,29.6,REPEATEDHITSASCENDINGFILL,False,False,False,21367,20901,564849600.0,20,ASK,SHORT,1.0
YINN,2026-06-10 13:38:15.201244+00:00,PUT,27.5,2026-07-10,10901,74,84,1,29.07,REPEATEDHITSDESCENDINGFILL,True,False,False,5627,5274,564849600.0,30,ASK,SHORT,1.0
YINN,2026-06-08 17:19:00.431125+00:00,PUT,29.0,2026-07-17,36716,133,158,131,28.5,REPEATEDHITSDESCENDINGFILL,True,False,False,22714,14002,564849600.0,39,ASK,SHORT,1.0
YINN,2026-06-05 19:28:32.771798+00:00,CALL,28.5,2026-07-24,26600,95,100,0,28.47,REPEATEDHITS,True,False,False,26600,0,564849600.0,49,ASK,LONG,1.0
YINN,2026-06-05 14:20:38.844448+00:00,CALL,29.0,2026-06-18,16144,100,100,19,29.315,REPEATEDHITSASCENDINGFILL,False,False,False,0,16144,564849600.0,13,BID,SHORT,0.5
YINN,2026-06-02 13:43:36.889561+00:00,CALL,32.0,2026-07-02,22639,82,82,0,32.84,REPEATEDHITSASCENDINGFILL,True,False,False,11092,11547,564849600.0,30,BID,SHORT,0.5
YINN,2026-06-02 13:32:17.261975+00:00,PUT,32.5,2026-06-26,11398,52,52,11,32.83,REPEATEDHITSDESCENDINGFILL,True,False,False,8577,2821,564849600.0,24,ASK,SHORT,1.0
YINN,2026-06-01 15:03:28.763482+00:00,CALL,34.0,2026-06-18,14448,344,532,153,29.87,REPEATEDHITS,False,False,False,0,14448,564849600.0,17,BID,SHORT,0.5
YINN,2026-05-28 18:14:03.600763+00:00,CALL,29.5,2026-06-05,19872,184,243,24,29.495,REPEATEDHITS,False,False,False,18144,1728,564849600.0,8,ASK,LONG,1.0
YINN,2026-05-28 15:35:14.862816+00:00,PUT,29.0,2026-07-17,31817,119,121,68,29.24,REPEATEDHITSDESCENDINGFILL,True,False,False,16081,15736,564849600.0,50,ASK,SHORT,1.0
YINN,2026-05-26 15:11:52.480126+00:00,CALL,32.5,2026-06-26,30721,200,2800,0,30.995,REPEATEDHITSASCENDINGFILL,False,False,False,0,30721,564849600.0,31,BID,SHORT,0.5
YINN,2026-05-26 15:07:49.143405+00:00,CALL,32.5,2026-06-26,28800,200,2000,0,31.005,REPEATEDHITS,False,False,False,0,28800,564849600.0,31,BID,SHORT,0.5
YINN,2026-05-26 15:04:32.767373+00:00,CALL,32.5,2026-06-26,30400,200,1800,0,30.925,REPEATEDHITS,False,False,False,0,30400,564849600.0,31,BID,SHORT,0.5
YINN,2026-05-26 15:04:02.889815+00:00,CALL,32.5,2026-06-26,30000,200,1600,0,30.955,REPEATEDHITS,False,False,False,0,30000,564849600.0,31,BID,SHORT,0.5
YINN,2026-05-26 14:49:20.149750+00:00,CALL,32.5,2026-06-26,16992,96,1296,0,31.14,REPEATEDHITS,False,False,False,16992,0,564849600.0,31,ASK,LONG,1.0
YINN,2026-05-26 14:47:41.353410+00:00,CALL,32.5,2026-06-26,35400,200,1000,0,31.105,REPEATEDHITS,False,False,False,35400,0,564849600.0,31,ASK,LONG,1.0
YINN,2026-05-26 14:47:04.296882+00:00,CALL,32.5,2026-06-26,38800,200,800,0,31.1192,REPEATEDHITS,False,False,False,38800,0,564849600.0,31,ASK,LONG,1.0
YINN,2026-05-26 13:39:40.856944+00:00,CALL,32.5,2026-06-26,39000,200,400,0,31.295,REPEATEDHITS,False,False,False,39000,0,564849600.0,31,ASK,LONG,1.0
YINN,2026-05-26 13:39:13.578655+00:00,CALL,32.5,2026-06-26,42400,200,200,0,31.255,REPEATEDHITS,False,False,False,42400,0,564849600.0,31,ASK,LONG,1.0
YINN,2026-05-22 14:51:45.522120+00:00,CALL,31.0,2026-06-18,10098,51,62,14,30.632,REPEATEDHITS,True,False,False,0,10098,564849600.0,27,BID,SHORT,0.5
YINN,2026-05-21 19:22:18.729056+00:00,CALL,32.5,2026-05-29,12717,157,961,154,31.7099,REPEATEDHITS,False,False,False,10206,2511,564849600.0,8,ASK,LONG,1.0
YINN,2026-05-21 19:20:36.195985+00:00,CALL,32.5,2026-05-29,22541,279,804,154,31.7,REPEATEDHITSASCENDINGFILL,True,False,False,21731,810,564849600.0,8,ASK,LONG,1.0
YINN,2026-05-21 19:20:30.588099+00:00,CALL,32.5,2026-05-29,20000,250,497,154,31.69,REPEATEDHITS,True,False,False,17440,1680,564849600.0,8,ASK,LONG,1.0
YINN,2026-05-21 19:19:47.518319+00:00,CALL,32.5,2026-05-29,15440,193,247,154,31.69,REPEATEDHITS,True,False,False,13920,1520,564849600.0,8,ASK,LONG,1.0
YINN,2026-05-21 17:55:14.767836+00:00,CALL,32.0,2026-06-12,11208,59,59,0,31.9321,REPEATEDHITS,True,False,False,10830,0,564849600.0,22,ASK,LONG,1.0
YINN,2026-05-21 15:13:53.630047+00:00,CALL,30.5,2026-06-18,11661,48,48,0,30.935,REPEATEDHITSDESCENDINGFILL,True,False,False,11420,241,564849600.0,28,ASK,LONG,1.0
YINN,2026-05-20 19:51:51.393967+00:00,CALL,33.0,2026-05-22,22945,353,1438,304,32.82,REPEATEDHITS,True,False,False,22620,325,564849600.0,2,ASK,LONG,1.0
YINN,2026-05-20 19:48:40.798420+00:00,CALL,33.0,2026-05-22,26573,409,435,304,32.855,REPEATEDHITSDESCENDINGFILL,True,False,False,25988,325,564849600.0,2,ASK,LONG,1.0
YINN,2026-05-20 15:29:28.039823+00:00,PUT,32.0,2026-10-16,86918,167,167,124,32.6792,REPEATEDHITSASCENDINGFILL,True,False,False,54618,31250,564849600.0,149,ASK,SHORT,1.0
YINN,2026-05-13 16:28:12.993736+00:00,CALL,41.5,2026-05-22,24107,195,202,71,38.77,REPEATEDHITSASCENDINGFILL,True,False,False,23863,244,564849600.0,9,ASK,LONG,1.0
YINN,2026-05-12 13:47:49.716336+00:00,CALL,37.0,2026-06-12,53626,200,202,12,35.985,REPEATEDHITSASCENDINGFILL,False,False,False,6994,46632,564849600.0,31,BID,SHORT,0.5
YINN,2026-05-07 15:35:59.421322+00:00,PUT,33.0,2026-05-15,32720,818,833,242,36.28,REPEATEDHITS,False,False,False,0,32720,564849600.0,8,BID,LONG,0.5
YINN,2026-05-07 15:18:06.804655+00:00,CALL,36.0,2026-05-22,14030,61,73,49,36.49,REPEATEDHITS,False,False,False,0,14030,564849600.0,15,BID,SHORT,0.5
YINN,2026-05-04 19:39:29.170407+00:00,PUT,34.0,2026-07-17,39109,99,99,32,34.1802,REPEATEDHITS,True,False,False,1188,37921,564849600.0,74,BID,LONG,0.5
YINN,2026-05-04 17:50:14.077506+00:00,CALL,40.0,2026-05-29,16500,250,581,228,34.285,REPEATEDHITS,False,False,False,16500,0,564849600.0,25,ASK,LONG,1.0
YINN,2026-05-04 13:57:42.117184+00:00,CALL,30.0,2026-05-22,14852,30,47,4,34.51,REPEATEDHITS,False,False,False,0,14852,564849600.0,18,BID,SHORT,0.5
YINN,2026-05-04 13:43:27.903735+00:00,CALL,60.0,2028-01-21,153615,231,231,12,34.4101,REPEATEDHITS,False,False,False,120365,33250,564849600.0,627,ASK,LONG,1.0
