ticker,event_ts,option_type,strike,expiration_date,premium,contracts,volume,open_interest,underlying_price,alert_rule,is_sweep,is_floor,is_multileg,ask_side_premium,bid_side_premium,marketcap,dte,execution_side,direction,direction_confidence
INTC,2026-07-22 15:35:29.539940+00:00,PUT,115.0,2026-07-22,1357481,1500,4575,1260,105.97,REPEATEDHITSDESCENDINGFILL,True,False,False,0,1357481,529991700000.0,0,BID,LONG,0.5
NVDA,2026-07-22 15:34:44.483137+00:00,PUT,215.0,2026-07-22,746148,2487,10373,885,212.26,REPEATEDHITSASCENDINGFILL,False,False,False,0,746148,5016418000000.0,0,BID,LONG,0.5
MTZ,2026-07-22 15:34:16.658254+00:00,PUT,370.0,2027-01-15,700660,106,106,37,355.085,REPEATEDHITS,True,False,False,6610,694050,27767120578.0,177,BID,LONG,0.5
DLLL,2026-07-22 15:25:13.119600+00:00,CALL,38.0,2026-09-18,4440000,12000,12045,3,25.44,REPEATEDHITS,False,False,False,0,0,3710000.0,58,MIXED,,0.0
DELL,2026-07-22 15:24:15.255389+00:00,CALL,550.0,2026-09-18,3090000,1000,1020,254,446.19,REPEATEDHITS,False,False,False,0,0,131297681606.0,58,MIXED,,0.0
CSX,2026-07-22 15:22:44.733102+00:00,PUT,48.0,2026-07-24,686000,14000,14814,213,49.71,LOWHISTORICVOLUMEFLOOR,False,True,True,0,686000,92702547526.0,2,BID,LONG,0.5
SPX,2026-07-22 15:20:12.930981+00:00,CALL,8350.0,2028-06-16,44548000,740,740,9,7514.18,REPEATEDHITS,False,False,False,0,0,,695,MIXED,,0.0
XLE,2026-07-22 15:19:45.095880+00:00,CALL,59.0,2026-08-07,2364476,15248,15306,15061,59.2,REPEATEDHITSASCENDINGFILL,True,False,False,1697192,259634,58.521188,16,ASK,LONG,1.0
NOW,2026-07-22 15:18:11.984588+00:00,PUT,108.0,2026-07-24,712820,540,543,475,96.925,REPEATEDHITSASCENDINGFILL,False,False,False,0,712820,105223860000.0,2,BID,LONG,0.5
FSLR,2026-07-22 15:16:32.870590+00:00,CALL,220.0,2026-12-18,2221707,633,634,224,210.33,REPEATEDHITSDESCENDINGFILL,True,False,False,1617557,604150,22140765446.0,149,ASK,LONG,1.0
SOXL,2026-07-22 15:15:18.968452+00:00,PUT,115.0,2026-08-21,1465930,1094,1357,795,164.05,REPEATEDHITSDESCENDINGFILL,False,False,False,1465930,0,23138922512.0,30,ASK,SHORT,1.0
NVDA,2026-07-22 15:00:07.083582+00:00,PUT,215.0,2026-07-24,1309190,2000,4400,1820,209.285,REPEATEDHITSASCENDINGFILL,False,False,False,1309190,0,5016418000000.0,2,ASK,SHORT,1.0
META,2026-07-22 14:56:18.993657+00:00,CALL,630.0,2026-07-27,617500,500,603,47,629.2,REPEATEDHITS,True,False,False,154375,0,1413836110010.0,5,ASK,LONG,1.0
QQQ,2026-07-22 14:44:28.959142+00:00,PUT,714.0,2026-07-24,921475,899,4073,462,706.06,REPEATEDHITS,False,False,False,921475,0,469919975798.0,2,ASK,SHORT,1.0
QQQ,2026-07-22 14:44:28.959142+00:00,PUT,714.0,2026-07-24,1127500,1100,3173,462,706.06,REPEATEDHITS,True,False,False,717500,342350,469919975798.0,2,ASK,SHORT,1.0
QQQ,2026-07-22 14:40:09.391456+00:00,PUT,691.0,2026-08-21,899321,676,678,222,706.64,REPEATEDHITSASCENDINGFILL,False,False,False,890011,0,469919975798.0,30,ASK,SHORT,1.0
INTC,2026-07-22 14:35:20.416975+00:00,PUT,100.0,2027-02-19,631900,284,284,18,105.7,REPEATEDHITS,False,False,False,2225,629675,529991700000.0,212,BID,LONG,0.5
AMP,2026-07-22 14:26:19.418659+00:00,PUT,520.0,2026-08-21,777400,460,461,0,528.5575,FLOORTRADELARGECAP,False,True,True,777400,0,47498922273.0,30,ASK,SHORT,1.0
MU,2026-07-22 14:23:31.103921+00:00,CALL,855.0,2026-08-21,596475,33,33,7,970.83,REPEATEDHITS,False,False,False,0,596475,1096437458854.0,30,BID,SHORT,0.5
SOXL,2026-07-22 14:16:54.553902+00:00,PUT,95.0,2026-08-21,1244386,1447,1456,867,157.19,REPEATEDHITS,True,False,False,1237505,6881,23138922512.0,30,ASK,SHORT,1.0
CRDO,2026-07-22 14:15:58.666242+00:00,PUT,230.0,2026-08-14,869035,306,306,75,226.125,REPEATEDHITSDESCENDINGFILL,False,False,False,869035,0,41746807025.0,23,ASK,SHORT,1.0
STX,2026-07-22 14:11:38.800341+00:00,PUT,900.0,2026-07-24,1135620,353,356,106,906.51,REPEATEDHITSASCENDINGFILL,False,False,False,190730,944890,199974141935.0,2,BID,LONG,0.5
MU,2026-07-22 14:10:09.059533+00:00,PUT,712.5,2026-07-29,607632,1240,1262,7,964.11,REPEATEDHITSASCENDINGFILL,False,False,False,15680,591952,1096437458854.0,7,BID,LONG,0.5
ORCL,2026-07-22 14:07:34.991757+00:00,PUT,118.0,2026-08-21,758148,1501,2594,104,127.845,REPEATEDHITSASCENDINGFILL,True,False,False,12625,745523,365963840550.0,30,BID,LONG,0.5
GOOG,2026-07-22 14:06:57.270041+00:00,PUT,347.5,2026-08-21,728445,508,520,35,349.245,REPEATEDHITSDESCENDINGFILL,True,False,False,272560,431490,1879382770000.0,30,BID,LONG,0.5
INTC,2026-07-22 14:05:22.096196+00:00,CALL,90.0,2026-07-24,1665000,1000,2029,862,105.27,REPEATEDHITS,False,False,False,1665000,0,529991700000.0,2,ASK,LONG,1.0
DELL,2026-07-22 14:01:18.995669+00:00,PUT,450.0,2026-07-24,947452,522,666,126,441.55,REPEATEDHITSASCENDINGFILL,False,False,False,0,947452,131297681606.0,2,BID,LONG,0.5
USO,2026-07-22 13:58:08.632965+00:00,CALL,132.0,2026-08-21,734866,739,774,90,132.43,REPEATEDHITSDESCENDINGFILL,True,False,False,995,733871,1228364647.0,30,BID,SHORT,0.5
SPY,2026-07-22 13:52:12.707036+00:00,CALL,728.0,2026-07-30,657985,301,301,0,747.54,REPEATEDHITS,False,False,False,657985,0,748.409251,8,ASK,LONG,1.0
SPCX,2026-07-22 13:51:32.948306+00:00,CALL,120.0,2026-10-16,2097200,980,983,337,123.33,REPEATEDHITS,False,False,False,2097200,0,1770000000000.0,86,ASK,LONG,1.0
IWM,2026-07-22 13:46:52.996017+00:00,PUT,294.0,2026-08-21,1162700,2114,2375,1553,295.83,REPEATEDHITS,False,False,False,0,1162700,82029777041.0,30,BID,LONG,0.5
GEV,2026-07-22 13:46:30.947957+00:00,CALL,980.0,2026-10-16,1644398,123,124,39,1003.25,REPEATEDHITSDESCENDINGFILL,False,False,False,1497438,0,287323330519.0,86,ASK,LONG,1.0
SKHY,2026-07-22 13:43:07.258619+00:00,CALL,390.0,2027-12-17,799998,200,200,14,165.37,REPEATEDHITSASCENDINGFILL,False,False,False,0,799998,1110000000000.0,513,BID,SHORT,0.5
DELL,2026-07-22 13:37:49.034907+00:00,CALL,405.0,2026-08-07,792700,154,156,54,436.71,REPEATEDHITSDESCENDINGFILL,True,False,False,396940,395760,131297681606.0,16,ASK,LONG,1.0
IWM,2026-07-22 13:36:48.787875+00:00,PUT,295.0,2026-08-28,519281,787,787,699,295.91,REPEATEDHITSDESCENDINGFILL,False,False,False,519281,0,82029777041.0,37,ASK,SHORT,1.0
SOXL,2026-07-22 13:32:48.470597+00:00,PUT,145.0,2026-08-07,1118620,528,528,484,152.37,REPEATEDHITS,True,False,False,558695,559925,23138922512.0,16,BID,LONG,0.5
SPY,2026-07-21 19:59:34.669776+00:00,CALL,693.0,2026-10-30,510408,72,76,6,748.33,REPEATEDHITS,False,False,False,0,510408,748.409251,101,BID,SHORT,0.5
SPY,2026-07-21 19:58:49.305485+00:00,CALL,695.0,2026-10-30,518691,75,138,69,748.31,REPEATEDHITSASCENDINGFILL,False,False,False,0,518691,748.409251,101,BID,SHORT,0.5
SMH,2026-07-21 19:58:35.281177+00:00,PUT,580.0,2026-08-07,1060500,404,406,119,584.835,REPEATEDHITS,False,False,False,351750,708750,71399033766.0,17,BID,LONG,0.5
LRCX,2026-07-21 19:57:52.409161+00:00,PUT,340.0,2026-07-24,787125,318,328,235,321.96,REPEATEDHITSASCENDINGFILL,True,False,False,2485,784640,402683862000.0,3,BID,LONG,0.5
CRWD,2026-07-21 19:56:01.247134+00:00,PUT,192.5,2026-07-31,517000,550,585,128,190.84,REPEATEDHITS,False,False,False,0,25380,194640261372.0,10,BID,LONG,0.5
UNH,2026-07-21 19:51:17.107032+00:00,CALL,400.0,2026-10-16,1883625,375,376,29,436.14,REPEATEDHITS,False,False,False,1024692,858933,396268810685.0,87,ASK,LONG,1.0
AVGO,2026-07-21 19:49:53.374763+00:00,CALL,387.5,2026-08-21,568235,242,339,41,386.635,REPEATEDHITSDESCENDINGFILL,True,False,False,352245,215990,1838804746527.0,31,ASK,LONG,1.0
LLY,2026-07-21 19:46:21.008130+00:00,PUT,1070.0,2026-09-18,634604,190,226,177,1168.82,REPEATEDHITSASCENDINGFILL,False,False,False,0,634604,1106932266026.0,59,BID,LONG,0.5
MU,2026-07-21 19:45:37.740663+00:00,CALL,1140.0,2026-08-03,511410,204,209,0,973.24,REPEATEDHITSDESCENDINGFILL,False,False,False,256415,254995,1096437458854.0,13,ASK,LONG,1.0
NXPI,2026-07-21 19:38:07.120551+00:00,CALL,320.0,2026-08-21,1260000,1500,3105,1350,271.78,LOWHISTORICVOLUMEFLOOR,False,True,False,1260000,0,68962475229.0,31,ASK,LONG,1.0
TSM,2026-07-21 19:37:22.651939+00:00,CALL,430.0,2026-07-31,1106231,871,1600,636,423.4882,REPEATEDHITSASCENDINGFILL,False,False,False,2550,1103681,2100000000000.0,10,BID,SHORT,0.5
SPY,2026-07-21 19:33:55.894949+00:00,PUT,746.0,2026-07-29,791190,1770,4195,525,748.22,REPEATEDHITS,False,False,False,0,791190,748.409251,8,BID,LONG,0.5
SPY,2026-07-21 19:30:38.333204+00:00,PUT,746.0,2026-07-29,727872,1632,2405,525,748.3,REPEATEDHITS,False,False,False,0,727872,748.409251,8,BID,LONG,0.5
SKHY,2026-07-21 19:28:39.773489+00:00,CALL,195.0,2026-08-21,1537816,872,919,370,170.235,REPEATEDHITSDESCENDINGFILL,False,False,False,886756,385560,1110000000000.0,31,ASK,LONG,1.0
GM,2026-07-22 15:08:44.437315+00:00,PUT,83.0,2026-07-24,50315,362,1150,112,82.39,REPEATEDHITS,False,False,False,49901,414,69774946540.0,2,ASK,SHORT,1.0
GM,2026-07-22 14:10:21.275261+00:00,PUT,80.0,2026-12-18,464138,826,914,751,83.18,REPEATEDHITSASCENDINGFILL,True,False,False,464138,0,69774946540.0,149,ASK,SHORT,1.0
GM,2026-07-21 18:09:34.864346+00:00,PUT,80.0,2026-07-24,84768,547,750,78,79.65,REPEATEDHITS,False,False,False,82150,2618,69774946540.0,3,ASK,SHORT,1.0
GM,2026-07-21 17:49:16.820639+00:00,PUT,81.0,2026-08-14,50000,140,140,0,79.79,REPEATEDHITS,False,False,False,24440,25560,69774946540.0,24,BID,LONG,0.5
GM,2026-07-21 13:48:53.349772+00:00,PUT,77.0,2026-07-24,65697,597,833,315,78.1351,REPEATEDHITSDESCENDINGFILL,True,False,False,65697,0,69774946540.0,3,ASK,SHORT,1.0
GM,2026-07-20 19:54:20.786578+00:00,PUT,77.0,2026-08-14,68890,166,171,12,75.615,REPEATEDHITS,False,False,False,68890,0,69774946540.0,25,ASK,SHORT,1.0
GM,2026-07-20 19:47:34.453982+00:00,PUT,74.0,2026-07-24,93000,500,3518,339,75.51,REPEATEDHITS,True,False,False,21390,26040,69774946540.0,4,BID,LONG,0.5
GM,2026-07-20 19:46:40.997172+00:00,PUT,74.0,2026-07-24,74385,435,1869,339,75.52,REPEATEDHITS,True,False,False,45144,21204,69774946540.0,4,ASK,SHORT,1.0
GM,2026-07-20 19:46:21.570146+00:00,PUT,74.0,2026-07-24,60175,367,1094,339,75.55,REPEATEDHITSASCENDINGFILL,True,False,False,41315,3280,69774946540.0,4,ASK,SHORT,1.0
GM,2026-07-20 17:19:42.954002+00:00,CALL,67.5,2026-12-18,294104,242,244,89,75.59,REPEATEDHITS,False,False,False,0,294104,69774946540.0,151,BID,SHORT,0.5
GM,2026-07-20 15:18:38.207792+00:00,CALL,77.0,2026-07-24,93240,444,554,317,76.46,REPEATEDHITS,False,False,False,0,93240,69774946540.0,4,BID,SHORT,0.5
GM,2026-07-20 14:19:14.723312+00:00,CALL,82.0,2026-08-21,131781,799,799,0,76.02,REPEATEDHITSASCENDINGFILL,False,False,False,13035,2916,69774946540.0,32,ASK,LONG,1.0
GM,2026-07-17 17:37:35.351662+00:00,CALL,77.0,2026-07-31,89264,310,371,198,76.815,REPEATEDHITSASCENDINGFILL,False,False,False,29281,59983,69774946540.0,14,BID,SHORT,0.5
GM,2026-07-15 18:19:09.426718+00:00,CALL,78.0,2026-07-24,58520,266,326,197,77.05,REPEATEDHITS,False,False,False,0,58520,69774946540.0,9,BID,SHORT,0.5
GM,2026-07-06 17:12:12.849723+00:00,CALL,82.5,2026-08-21,93130,335,362,200,77.9,REPEATEDHITS,True,False,False,92852,278,69774946540.0,46,ASK,LONG,1.0
GM,2026-07-06 17:07:21.143582+00:00,PUT,70.0,2026-08-21,60208,424,454,206,77.82,REPEATEDHITS,False,False,False,0,60208,69774946540.0,46,BID,LONG,0.5
GM,2026-07-06 14:11:37.457342+00:00,PUT,78.0,2026-07-17,70448,259,259,162,76.36,REPEATEDHITS,False,False,False,69360,1088,69774946540.0,11,ASK,SHORT,1.0
GM,2026-07-02 19:24:16.149332+00:00,CALL,76.0,2026-07-10,50112,464,996,98,75.28,REPEATEDHITS,False,False,False,50112,0,69774946540.0,8,ASK,LONG,1.0
GM,2026-07-02 16:30:14.918914+00:00,PUT,76.0,2026-07-10,66356,313,381,243,74.7201,REPEATEDHITS,True,False,False,66356,0,69774946540.0,8,ASK,SHORT,1.0
GM,2026-07-02 14:21:18.144236+00:00,CALL,77.5,2026-07-17,55627,438,446,255,75.335,REPEATEDHITS,False,False,False,0,55627,69774946540.0,15,BID,SHORT,0.5
GM,2026-07-01 14:33:09.980418+00:00,CALL,75.0,2026-07-10,117216,407,407,5,76.92,REPEATEDHITS,False,False,False,0,117216,69774946540.0,9,BID,SHORT,0.5
GM,2026-06-30 19:20:19.882325+00:00,PUT,75.0,2026-07-10,52554,506,1036,93,76.7,REPEATEDHITSDESCENDINGFILL,True,False,False,23458,29096,69774946540.0,10,BID,LONG,0.5
GM,2026-06-30 18:07:14.799686+00:00,CALL,77.0,2026-07-10,50560,320,373,90,76.66,REPEATEDHITS,False,False,False,0,50560,69774946540.0,10,BID,SHORT,0.5
GM,2026-06-29 19:23:52.543667+00:00,PUT,74.0,2026-07-31,372841,1629,1629,64,77.76,REPEATEDHITSASCENDINGFILL,False,False,False,372841,0,69774946540.0,32,ASK,SHORT,1.0
GM,2026-06-24 19:33:08.592114+00:00,CALL,80.0,2026-06-26,51921,641,764,479,79.52,REPEATEDHITS,False,False,False,0,51921,69774946540.0,2,BID,SHORT,0.5
GM,2026-06-23 14:28:13.838113+00:00,CALL,81.0,2026-07-02,67770,502,502,128,79.4,REPEATEDHITS,True,False,False,0,67770,69774946540.0,9,BID,SHORT,0.5
GM,2026-06-22 19:41:25.263525+00:00,PUT,85.0,2026-06-26,402927,820,3042,50,80.24,REPEATEDHITSASCENDINGFILL,True,False,False,5335,397592,69774946540.0,4,BID,LONG,0.5
GM,2026-06-22 15:58:44.904132+00:00,PUT,84.0,2026-06-26,108315,435,447,188,82.43,REPEATEDHITS,False,False,False,108315,0,69774946540.0,4,ASK,SHORT,1.0
GM,2026-06-18 15:26:59.498380+00:00,CALL,79.0,2026-07-24,58905,119,119,0,80.02,REPEATEDHITS,True,False,False,58905,0,69774946540.0,36,ASK,LONG,1.0
GM,2026-06-17 17:41:27.268778+00:00,CALL,72.0,2026-06-18,52525,55,77,25,81.47,REPEATEDHITS,True,False,False,52525,0,69774946540.0,1,ASK,LONG,1.0
ARWR,2026-07-22 13:37:58.460628+00:00,PUT,85.0,2026-08-21,398657,906,1722,203,89.64,REPEATEDHITS,False,False,False,0,398657,10496665205.0,30,BID,LONG,0.5
ARWR,2026-07-21 19:23:14.195406+00:00,PUT,85.0,2026-09-18,126360,81,121,2,74.14,REPEATEDHITS,True,False,False,0,126360,10496665205.0,59,BID,LONG,0.5
ARWR,2026-07-21 14:44:40.113369+00:00,PUT,85.0,2026-09-18,62000,40,40,2,74.495,REPEATEDHITS,False,False,False,62000,0,10496665205.0,59,ASK,SHORT,1.0
ARWR,2026-07-17 18:33:50.934972+00:00,PUT,72.5,2026-08-21,140030,209,213,28,73.51,REPEATEDHITS,True,False,False,140030,0,10496665205.0,35,ASK,SHORT,1.0
ARWR,2026-07-17 18:33:50.934972+00:00,PUT,72.5,2026-08-21,113900,170,383,28,73.365,REPEATEDHITS,False,False,False,0,670,10496665205.0,35,BID,LONG,0.5
ARWR,2026-07-17 16:13:19.628182+00:00,PUT,70.0,2026-08-21,222000,444,1963,344,74.14,REPEATEDHITS,True,False,False,119500,102500,10496665205.0,35,ASK,SHORT,1.0
ARWR,2026-07-17 16:13:02.995249+00:00,PUT,70.0,2026-08-21,192600,428,429,344,74.53,REPEATEDHITS,True,False,False,192600,0,10496665205.0,35,ASK,SHORT,1.0
ARWR,2026-07-15 15:33:35.037901+00:00,CALL,70.0,2026-07-17,30780,162,212,127,70.68,REPEATEDHITS,False,False,False,0,30780,10496665205.0,2,BID,SHORT,0.5
ARWR,2026-07-14 19:35:48.619117+00:00,PUT,75.0,2026-08-21,15800,20,136,16,72.59,REPEATEDHITS,False,False,False,15800,0,10496665205.0,38,ASK,SHORT,1.0
ARWR,2026-07-14 18:25:56.350728+00:00,PUT,75.0,2026-08-21,15600,20,81,16,73.125,REPEATEDHITS,False,False,False,15600,0,10496665205.0,38,ASK,SHORT,1.0
ARWR,2026-07-13 14:08:36.383936+00:00,PUT,82.5,2026-09-18,80300,55,55,6,73.625,REPEATEDHITS,True,False,False,80300,0,10496665205.0,67,ASK,SHORT,1.0
ARWR,2026-07-08 15:13:42.525831+00:00,PUT,90.0,2026-07-17,99454,153,178,60,84.885,REPEATEDHITS,False,False,False,0,99454,10496665205.0,9,BID,LONG,0.5
ARWR,2026-07-06 19:12:55.701628+00:00,CALL,87.5,2026-07-17,468720,1116,1127,122,86.6499,LOWHISTORICVOLUMEFLOOR,False,True,False,468720,0,10496665205.0,11,ASK,LONG,1.0
ARWR,2026-07-01 15:05:00.858732+00:00,PUT,87.5,2026-08-21,61560,54,54,0,81.395,REPEATEDHITS,False,False,False,0,61560,10496665205.0,51,BID,LONG,0.5
ARWR,2026-06-26 15:26:42.354192+00:00,CALL,100.0,2026-08-21,12752,50,50,10,81.37,REPEATEDHITS,False,False,False,0,12752,10496665205.0,56,BID,SHORT,0.5
ARWR,2026-06-18 16:21:29.641888+00:00,CALL,87.5,2026-09-18,139500,150,150,4,80.84,REPEATEDHITS,False,False,False,25110,114390,10496665205.0,92,BID,SHORT,0.5
ARWR,2026-06-15 16:54:13.473832+00:00,PUT,77.5,2026-06-18,23275,99,103,48,76.74,REPEATEDHITS,False,False,False,245,23030,10496665205.0,3,BID,LONG,0.5
ARWR,2026-06-12 14:56:15.626930+00:00,CALL,72.5,2026-07-17,345130,450,454,0,75.26,REPEATEDHITSDESCENDINGFILL,False,False,False,295660,33300,10496665205.0,35,ASK,LONG,1.0
PPL,2026-07-21 14:58:10.368970+00:00,CALL,36.0,2026-08-21,10500,175,175,32,35.14,REPEATEDHITS,False,False,False,10500,0,26640726318.0,31,ASK,LONG,1.0
PPL,2026-07-20 15:53:15.969637+00:00,CALL,37.0,2026-08-21,34875,869,2300,428,35.575,REPEATEDHITSASCENDINGFILL,False,False,False,8440,10515,26640726318.0,32,BID,SHORT,0.5
PPL,2026-06-03 14:03:51.526145+00:00,CALL,36.0,2026-06-18,48800,1220,5646,222,35.33,REPEATEDHITS,False,False,False,48800,0,26640726318.0,15,ASK,LONG,1.0
PPL,2026-06-03 13:58:21.459163+00:00,CALL,36.0,2026-06-18,43155,1233,1234,222,35.3,REPEATEDHITS,False,False,False,12530,30625,26640726318.0,15,BID,SHORT,0.5
PPL,2026-06-03 13:58:21.459163+00:00,CALL,36.0,2026-06-18,23886,683,1917,222,35.335,REPEATEDHITSDESCENDINGFILL,False,False,False,23886,0,26640726318.0,15,ASK,LONG,1.0
PPL,2026-05-26 15:41:58.944983+00:00,PUT,35.0,2026-06-18,80000,2000,2504,469,35.805,LOWHISTORICVOLUMEFLOOR,False,True,True,0,80000,26640726318.0,23,BID,LONG,0.5
VISN,2026-07-22 15:02:31.496334+00:00,CALL,13.0,2026-08-21,150000,5000,5001,2682,12.125,LOWHISTORICVOLUMEFLOOR,False,True,False,150000,0,2815108995.0,30,ASK,LONG,1.0
VISN,2026-06-11 19:03:01.781246+00:00,CALL,12.0,2026-08-21,300000,2500,2647,1466,12.575,LOWHISTORICVOLUMEFLOOR,False,True,True,0,300000,2815108995.0,71,BID,SHORT,0.5
GPC,2026-07-21 15:40:44.383100+00:00,CALL,120.0,2026-09-18,83580,199,200,19,114.92,REPEATEDHITS,False,False,False,83580,0,16421854373.0,59,ASK,LONG,1.0
GPC,2026-07-16 16:15:08.980929+00:00,CALL,135.0,2026-11-20,256310,361,361,157,125.13,REPEATEDHITS,False,False,False,256310,0,16421854373.0,127,ASK,LONG,1.0
GPC,2026-07-08 18:00:10.290708+00:00,CALL,140.0,2026-08-21,480000,2000,2029,66,124.89,FLOORTRADELARGECAP,False,True,True,480000,0,16421854373.0,44,ASK,LONG,1.0
GPC,2026-07-06 13:55:24.044786+00:00,CALL,135.0,2026-07-17,22000,200,412,61,126.605,REPEATEDHITS,False,False,False,5720,16280,16421854373.0,11,BID,SHORT,0.5
GPC,2026-07-02 19:38:48.669429+00:00,CALL,145.0,2026-11-20,15400,35,35,0,132.345,REPEATEDHITS,False,False,False,0,15400,16421854373.0,141,BID,SHORT,0.5
GPC,2026-07-02 19:11:04.800945+00:00,CALL,125.0,2026-07-17,49000,100,144,7,126.98,REPEATEDHITS,True,False,False,49000,0,16421854373.0,15,ASK,LONG,1.0
GPC,2026-06-23 16:05:32.740580+00:00,PUT,90.0,2026-08-21,26415,278,278,105,107.46,REPEATEDHITS,False,False,False,0,26415,16421854373.0,59,BID,LONG,0.5
GPC,2026-06-18 15:21:34.679586+00:00,CALL,120.0,2026-07-17,19989,202,210,18,111.09,REPEATEDHITSASCENDINGFILL,True,False,False,19989,0,16421854373.0,29,ASK,LONG,1.0
GPC,2026-06-05 15:12:01.919379+00:00,CALL,100.0,2026-06-18,26910,138,1072,111,98.5601,REPEATEDHITS,False,False,False,0,26910,16421854373.0,13,BID,SHORT,0.5
GPC,2026-05-29 19:35:56.189769+00:00,CALL,115.0,2027-06-17,13500,18,18,9,98.36,REPEATEDHITS,False,False,False,6750,6750,16421854373.0,384,MIXED,,0.0
PSN,2026-07-22 15:29:49.096282+00:00,CALL,70.0,2026-08-21,20000,500,510,77,56.355,REPEATEDHITS,False,False,False,520,0,5903074789.0,30,ASK,LONG,1.0
PSN,2026-07-22 15:29:49.096282+00:00,CALL,70.0,2026-08-21,20000,500,1010,77,56.45,REPEATEDHITS,False,False,False,20000,0,5903074789.0,30,ASK,LONG,1.0
PSN,2026-05-28 15:04:50.926863+00:00,CALL,65.0,2026-06-18,103500,900,1372,298,60.38,REPEATEDHITS,False,False,False,103500,0,5903074789.0,21,ASK,LONG,1.0
CNM,2026-07-09 19:43:20.315090+00:00,PUT,45.0,2026-08-21,21600,108,108,0,45.21,REPEATEDHITS,False,False,False,0,21600,8118553080.0,43,BID,LONG,0.5
CNM,2026-07-09 15:57:25.842231+00:00,CALL,47.5,2026-08-21,14281,84,84,0,46.035,REPEATEDHITS,False,False,False,0,14281,8118553080.0,43,BID,SHORT,0.5
CNM,2026-06-15 15:04:59.310301+00:00,CALL,50.0,2026-06-18,480000,8000,8004,186,48.41,LOWHISTORICVOLUMEFLOOR,False,True,True,0,480000,8118553080.0,3,BID,SHORT,0.5
PEGA,2026-07-21 19:18:38.853973+00:00,PUT,25.0,2026-08-21,12825,135,440,129,30.76,REPEATEDHITS,False,False,False,12825,0,5086688998.0,31,ASK,SHORT,1.0
PEGA,2026-06-03 18:25:51.544413+00:00,CALL,35.0,2026-07-17,60000,200,215,73,34.9275,REPEATEDHITS,True,False,False,60000,0,5086688998.0,44,ASK,LONG,1.0
BOX,2026-07-22 14:24:44.238320+00:00,PUT,28.0,2026-08-21,22315,248,597,36,28.91,REPEATEDHITSASCENDINGFILL,False,False,False,22315,0,4145187761.0,30,ASK,SHORT,1.0
BOX,2026-07-22 14:24:44.238320+00:00,PUT,28.0,2026-08-21,24930,277,954,36,28.87,REPEATEDHITS,False,False,False,3510,21420,4145187761.0,30,BID,LONG,0.5
BOX,2026-07-07 17:56:14.917331+00:00,PUT,29.0,2026-09-18,16380,84,86,1,29.15,REPEATEDHITS,False,False,False,0,16380,4145187761.0,73,BID,LONG,0.5
BOX,2026-07-07 14:31:55.984713+00:00,CALL,32.0,2026-08-21,29350,587,587,7,28.83,REPEATEDHITS,False,False,False,0,29350,4145187761.0,45,BID,SHORT,0.5
BOX,2026-06-23 17:06:17.734513+00:00,PUT,24.0,2026-08-21,26315,277,367,76,25.05,REPEATEDHITS,False,False,False,0,26315,4145187761.0,59,BID,LONG,0.5
BOX,2026-06-22 18:34:33.601039+00:00,CALL,25.0,2026-07-17,19760,304,368,73,24.24,REPEATEDHITS,False,False,False,325,19435,4145187761.0,25,BID,SHORT,0.5
BOX,2026-06-04 19:53:21.773626+00:00,CALL,25.0,2026-07-17,13971,55,114,28,26.76,REPEATEDHITSASCENDINGFILL,False,False,False,0,12441,4145187761.0,43,BID,SHORT,0.5
BOX,2026-05-26 19:12:12.616364+00:00,PUT,26.0,2026-06-18,13125,75,688,37,26.015,REPEATEDHITS,False,False,False,13125,0,4145187761.0,23,ASK,SHORT,1.0
BOX,2026-05-26 18:53:13.689197+00:00,PUT,26.0,2026-06-18,48180,292,612,37,26.035,REPEATEDHITS,False,False,False,0,48180,4145187761.0,23,BID,LONG,0.5
BOX,2026-05-26 18:01:46.817305+00:00,PUT,21.0,2026-06-18,10856,500,554,108,26.11,REPEATEDHITSASCENDINGFILL,False,False,False,0,10856,4145187761.0,23,BID,LONG,0.5
BOX,2026-05-26 17:11:23.466650+00:00,PUT,22.0,2026-06-18,12085,302,383,262,26.005,REPEATEDHITSASCENDINGFILL,False,False,False,0,12085,4145187761.0,23,BID,LONG,0.5
MCO,2026-07-22 14:24:25.410136+00:00,CALL,550.0,2026-11-20,61490,43,44,2,491.12,REPEATEDHITS,False,False,False,61490,0,85737519000.0,121,ASK,LONG,1.0
MCO,2026-07-21 19:09:06.399993+00:00,PUT,490.0,2026-08-21,122850,65,346,34,489.165,REPEATEDHITS,False,False,False,122850,0,85737519000.0,31,ASK,SHORT,1.0
MCO,2026-07-21 18:05:47.794625+00:00,PUT,490.0,2026-08-21,130562,71,176,34,490.95,REPEATEDHITSDESCENDINGFILL,False,False,False,117752,12810,85737519000.0,31,ASK,SHORT,1.0
MCO,2026-07-21 16:53:22.638813+00:00,PUT,490.0,2026-08-21,164700,90,92,34,491.57,REPEATEDHITS,False,False,False,164700,0,85737519000.0,31,ASK,SHORT,1.0
MCO,2026-07-20 16:30:18.026800+00:00,CALL,530.0,2026-11-20,65550,23,65,18,507.435,REPEATEDHITS,False,False,False,65550,0,85737519000.0,123,ASK,LONG,1.0
MCO,2026-07-20 15:39:10.637585+00:00,CALL,550.0,2026-09-18,51410,53,56,5,506.885,REPEATEDHITS,False,False,False,51410,0,85737519000.0,60,ASK,LONG,1.0
MCO,2026-07-20 15:17:00.835867+00:00,PUT,530.0,2026-09-18,147600,40,40,0,506.515,REPEATEDHITS,False,False,False,147600,0,85737519000.0,60,ASK,SHORT,1.0
MCO,2026-07-20 14:38:16.624271+00:00,CALL,530.0,2026-11-20,105600,40,42,18,503.025,REPEATEDHITS,False,False,False,105600,0,85737519000.0,123,ASK,LONG,1.0
MCO,2026-07-14 15:40:12.696847+00:00,PUT,480.0,2026-08-21,105570,69,69,28,490.665,REPEATEDHITS,False,False,False,104040,1530,85737519000.0,38,ASK,SHORT,1.0
MCO,2026-06-30 19:29:12.345817+00:00,CALL,430.0,2026-08-21,115520,32,32,20,452.53,REPEATEDHITS,False,False,False,0,115520,85737519000.0,52,BID,SHORT,0.5
MCO,2026-06-18 18:02:11.693939+00:00,PUT,460.0,2026-07-17,202460,106,107,43,450.58,REPEATEDHITS,False,False,False,202460,0,85737519000.0,29,ASK,SHORT,1.0
MCO,2026-06-17 16:05:37.450734+00:00,CALL,480.0,2026-08-21,148200,78,79,27,466.99,REPEATEDHITS,False,False,False,0,148200,85737519000.0,65,BID,SHORT,0.5
MCO,2026-06-09 14:46:01.124585+00:00,CALL,470.0,2026-07-17,109000,109,110,33,450.05,REPEATEDHITS,False,False,False,0,109000,85737519000.0,38,BID,SHORT,0.5
MCO,2026-06-02 14:31:05.884094+00:00,CALL,450.0,2026-08-21,401850,141,141,78,448.39,REPEATEDHITS,False,False,False,401850,0,85737519000.0,80,ASK,LONG,1.0
MCO,2026-06-01 15:17:45.591378+00:00,PUT,420.0,2026-07-17,68200,110,117,16,457.9325,REPEATEDHITS,False,False,False,0,68200,85737519000.0,46,BID,LONG,0.5
MCO,2026-05-27 19:29:00.035679+00:00,PUT,460.0,2026-06-18,162870,89,89,44,450.3,REPEATEDHITS,False,False,False,162870,0,85737519000.0,22,ASK,SHORT,1.0
MCO,2026-05-27 15:23:01.033687+00:00,PUT,420.0,2026-08-21,143420,101,101,43,450.81,REPEATEDHITS,False,False,False,0,143420,85737519000.0,86,BID,LONG,0.5
DOV,2026-07-21 16:52:33.561576+00:00,CALL,220.0,2026-11-20,55350,41,42,3,213.65,REPEATEDHITS,False,False,False,55350,0,28470116148.0,122,ASK,LONG,1.0
DOV,2026-07-20 14:08:30.859838+00:00,CALL,220.0,2026-08-21,56100,110,116,25,211.575,REPEATEDHITS,False,False,False,56100,0,28470116148.0,32,ASK,LONG,1.0
DOV,2026-07-15 15:01:21.423137+00:00,CALL,210.0,2026-08-21,107100,102,103,36,211.99,REPEATEDHITS,False,False,False,107100,0,28470116148.0,37,ASK,LONG,1.0
DOV,2026-07-09 19:41:42.164464+00:00,CALL,220.0,2026-09-18,76500,102,102,59,210.34,REPEATEDHITS,False,False,False,1500,75000,28470116148.0,71,BID,SHORT,0.5
DOV,2026-07-09 18:44:12.178720+00:00,CALL,210.0,2026-07-17,59340,138,138,29,211.61,REPEATEDHITS,False,False,False,0,59340,28470116148.0,8,BID,SHORT,0.5
DOV,2026-07-02 18:32:05.060290+00:00,PUT,195.0,2026-08-21,44160,138,139,0,213.01,REPEATEDHITS,False,False,False,0,44160,28470116148.0,50,BID,LONG,0.5
DOV,2026-06-12 16:33:38.707675+00:00,CALL,220.0,2026-07-17,364500,450,454,175,218.7975,LOWHISTORICVOLUMEFLOOR,False,True,True,364500,0,28470116148.0,35,ASK,LONG,1.0
DOV,2026-06-05 14:14:08.129140+00:00,CALL,260.0,2026-09-18,31750,127,296,50,214.825,REPEATEDHITS,False,False,False,2750,29000,28470116148.0,105,BID,SHORT,0.5
WH,2026-07-17 19:17:30.265178+00:00,PUT,75.0,2026-08-21,544500,1500,4500,67,76.67,LOWHISTORICVOLUMEFLOOR,False,True,True,544500,0,5668435697.0,35,ASK,SHORT,1.0
WH,2026-06-16 19:00:41.370610+00:00,CALL,85.0,2026-06-18,67200,700,704,395,84.22,LOWHISTORICVOLUMEFLOOR,False,True,False,67200,0,5668435697.0,2,ASK,LONG,1.0
XYL,2026-07-22 14:42:56.245588+00:00,CALL,135.0,2026-10-16,284340,2031,2031,68,116.32,LOWHISTORICVOLUMEFLOOR,False,True,False,0,284340,27810138681.0,86,BID,SHORT,0.5
XYL,2026-07-16 15:08:01.444988+00:00,PUT,110.0,2026-09-18,267820,1913,1913,16,125.345,LOWHISTORICVOLUMEFLOOR,False,True,False,0,267820,27810138681.0,64,BID,LONG,0.5
XYL,2026-07-13 18:03:23.153952+00:00,CALL,145.0,2026-12-18,121500,450,450,23,120.91,LOWHISTORICVOLUMEFLOOR,False,True,False,0,121500,27810138681.0,158,BID,SHORT,0.5
XYL,2026-06-24 15:06:30.499441+00:00,CALL,120.0,2026-07-17,54998,500,1396,144,113.45,REPEATEDHITS,False,False,False,54998,0,27810138681.0,23,ASK,LONG,1.0
XYL,2026-06-24 14:59:35.331042+00:00,CALL,120.0,2026-07-17,12561,148,154,144,113.14,REPEATEDHITSDESCENDINGFILL,True,False,False,11626,0,27810138681.0,23,ASK,LONG,1.0
XYL,2026-06-23 13:44:43.050162+00:00,CALL,130.0,2026-12-18,51600,129,2705,54,111.04,REPEATEDHITS,True,False,False,0,51600,27810138681.0,178,BID,SHORT,0.5
XYL,2026-06-23 13:44:21.398861+00:00,CALL,130.0,2026-12-18,42400,106,2529,54,110.77,REPEATEDHITS,False,False,False,2400,40000,27810138681.0,178,BID,SHORT,0.5
XYL,2026-06-23 13:44:14.985935+00:00,CALL,130.0,2026-12-18,37199,93,2354,54,110.77,REPEATEDHITS,False,False,False,37199,0,27810138681.0,178,ASK,LONG,1.0
XYL,2026-06-23 13:43:49.124711+00:00,CALL,130.0,2026-12-18,24960,64,2258,54,110.855,REPEATEDHITS,False,False,False,0,24960,27810138681.0,178,BID,SHORT,0.5
XYL,2026-06-23 13:43:44.913594+00:00,CALL,130.0,2026-12-18,25350,65,2194,54,110.855,REPEATEDHITS,False,False,False,0,25350,27810138681.0,178,BID,SHORT,0.5
XYL,2026-06-23 13:43:12.852643+00:00,CALL,130.0,2026-12-18,71370,183,2075,54,110.5,REPEATEDHITS,False,False,False,0,71370,27810138681.0,178,BID,SHORT,0.5
XYL,2026-06-23 13:43:10.043997+00:00,CALL,130.0,2026-12-18,54990,141,1839,54,110.44,REPEATEDHITS,True,False,False,3120,35880,27810138681.0,178,BID,SHORT,0.5
XYL,2026-06-23 13:42:32.755202+00:00,CALL,130.0,2026-12-18,57000,150,1698,54,110.44,REPEATEDHITS,False,False,False,0,57000,27810138681.0,178,BID,SHORT,0.5
XYL,2026-06-23 13:42:26.939874+00:00,CALL,130.0,2026-12-18,38000,100,1548,54,110.34,REPEATEDHITS,False,False,False,0,38000,27810138681.0,178,BID,SHORT,0.5
XYL,2026-06-23 13:41:55.259186+00:00,CALL,130.0,2026-12-18,50320,136,1398,54,110.14,REPEATEDHITS,False,False,False,0,50320,27810138681.0,178,BID,SHORT,0.5
XYL,2026-06-23 13:41:53.453877+00:00,CALL,130.0,2026-12-18,78440,212,1262,54,110.14,REPEATEDHITS,True,False,False,0,6660,27810138681.0,178,BID,SHORT,0.5
XYL,2026-06-23 13:41:33.820954+00:00,CALL,130.0,2026-12-18,21600,60,1050,54,110.02,REPEATEDHITS,False,False,False,0,21600,27810138681.0,178,BID,SHORT,0.5
XYL,2026-06-23 13:39:26.540942+00:00,CALL,130.0,2026-12-18,34000,100,940,54,109.615,REPEATEDHITS,True,False,False,0,34000,27810138681.0,178,BID,SHORT,0.5
XYL,2026-06-23 13:38:44.654952+00:00,CALL,130.0,2026-12-18,31680,96,787,54,109.46,REPEATEDHITS,False,False,False,0,31680,27810138681.0,178,BID,SHORT,0.5
XYL,2026-06-23 13:38:41.250152+00:00,CALL,130.0,2026-12-18,24479,72,691,54,109.46,REPEATEDHITS,False,False,False,24479,0,27810138681.0,178,ASK,LONG,1.0
XYL,2026-06-23 13:38:30.424747+00:00,CALL,130.0,2026-12-18,57420,174,619,54,109.46,REPEATEDHITS,False,False,False,0,57420,27810138681.0,178,BID,SHORT,0.5
XYL,2026-06-23 13:38:22.604104+00:00,CALL,130.0,2026-12-18,26730,81,432,54,109.43,REPEATEDHITS,False,False,False,0,26730,27810138681.0,178,BID,SHORT,0.5
XYL,2026-06-23 13:38:08.970934+00:00,CALL,130.0,2026-12-18,35640,108,307,54,109.45,REPEATEDHITS,False,False,False,0,35640,27810138681.0,178,BID,SHORT,0.5
XYL,2026-06-23 13:37:51.737717+00:00,CALL,130.0,2026-12-18,56640,177,177,54,109.11,REPEATEDHITS,False,False,False,0,17600,27810138681.0,178,BID,SHORT,0.5
XYL,2026-06-15 15:59:33.177770+00:00,CALL,110.0,2026-07-17,83188,177,182,42,111.57,REPEATEDHITS,True,False,False,83188,0,27810138681.0,32,ASK,LONG,1.0
XYL,2026-05-27 19:13:58.049704+00:00,PUT,115.0,2026-09-18,201529,203,407,2,110.15,REPEATEDHITSDESCENDINGFILL,False,False,False,201529,0,27810138681.0,114,ASK,SHORT,1.0
XYL,2026-05-22 16:56:17.169123+00:00,PUT,100.0,2026-07-17,20735,143,144,28,110.53,REPEATEDHITS,False,False,False,0,20735,27810138681.0,56,BID,LONG,0.5
DCH,2026-07-02 17:55:57.135725+00:00,CALL,5.0,2026-10-16,25500,300,300,232,5.06,REPEATEDHITS,False,False,False,4590,20910,1310264361.0,106,BID,SHORT,0.5
DCH,2026-06-29 19:16:31.137246+00:00,CALL,5.0,2026-10-16,11210,118,173,24,5.165,REPEATEDHITS,False,False,False,7600,2755,1310264361.0,109,ASK,LONG,1.0
DCH,2026-06-29 16:10:30.231427+00:00,CALL,7.0,2028-01-21,140000,1000,2006,533,5.055,REPEATEDHITS,False,False,False,140000,0,1310264361.0,571,ASK,LONG,1.0
DCH,2026-06-29 16:07:57.286077+00:00,CALL,7.0,2028-01-21,130000,1000,1006,533,5.044,REPEATEDHITS,False,False,False,14820,0,1310264361.0,571,ASK,LONG,1.0
OVV,2026-07-10 15:12:48.723010+00:00,PUT,45.0,2026-08-21,12510,500,1000,275,54.95,REPEATEDHITS,False,False,False,0,12510,16684074341.0,42,BID,LONG,0.5
OVV,2026-07-07 19:16:32.678509+00:00,CALL,60.0,2026-07-17,13794,690,697,557,54.975,REPEATEDHITSDESCENDINGFILL,False,False,False,13794,0,16684074341.0,10,ASK,LONG,1.0
OVV,2026-07-02 15:51:47.675367+00:00,PUT,45.0,2026-08-21,12006,200,200,75,52.32,REPEATEDHITS,False,False,False,2520,666,16684074341.0,50,ASK,SHORT,1.0
OVV,2026-06-17 14:06:29.055332+00:00,PUT,40.0,2026-10-16,11970,171,171,17,53.195,REPEATEDHITS,False,False,False,11970,0,16684074341.0,121,ASK,SHORT,1.0
EXP,2026-07-17 16:38:33.187518+00:00,PUT,230.0,2026-11-20,73830,23,69,2,207.555,REPEATEDHITS,False,False,False,73830,0,6344679616.0,126,ASK,SHORT,1.0
EXP,2026-07-17 16:02:28.937085+00:00,PUT,210.0,2026-11-20,77220,39,39,1,207.83,REPEATEDHITS,False,False,False,77220,0,6344679616.0,126,ASK,SHORT,1.0
EXP,2026-07-17 15:22:57.867349+00:00,PUT,230.0,2026-11-20,137058,46,46,2,210.66,REPEATEDHITSDESCENDINGFILL,False,False,False,137058,0,6344679616.0,126,ASK,SHORT,1.0
EXP,2026-06-18 17:16:31.005844+00:00,CALL,240.0,2026-08-21,693600,816,816,0,224.745,LOWHISTORICVOLUMEFLOOR,False,True,True,693600,0,6344679616.0,64,ASK,LONG,1.0
MGY,2026-07-22 14:07:59.048293+00:00,PUT,25.0,2026-12-18,70540,336,350,325,25.82,REPEATEDHITSDESCENDINGFILL,False,False,False,70540,0,4640343037.0,149,ASK,SHORT,1.0
CLDX,2026-07-22 14:33:53.703124+00:00,CALL,34.0,2026-10-16,56540,87,87,0,33.73,REPEATEDHITS,False,False,False,54600,1940,2799027288.0,86,ASK,LONG,1.0
CLDX,2026-07-22 14:33:53.703124+00:00,CALL,31.0,2026-10-16,16000,20,20,1,33.73,REPEATEDHITS,False,False,False,16000,0,2799027288.0,86,ASK,LONG,1.0
CLDX,2026-07-22 14:33:53.703124+00:00,CALL,33.0,2026-10-16,46200,66,66,0,33.73,REPEATEDHITS,False,False,False,46200,0,2799027288.0,86,ASK,LONG,1.0
CLDX,2026-07-22 14:33:53.703124+00:00,PUT,36.0,2026-10-16,30010,38,38,1,33.8,REPEATEDHITS,True,False,False,790,29220,2799027288.0,86,BID,LONG,0.5
CLDX,2026-07-13 19:37:52.777808+00:00,CALL,41.0,2026-12-18,49220,46,637,6,38.4,REPEATEDHITS,True,False,False,0,49220,2799027288.0,158,BID,SHORT,0.5
CLDX,2026-07-13 19:37:41.963669+00:00,CALL,41.0,2026-12-18,32700,30,587,6,38.46,REPEATEDHITS,True,False,False,0,32700,2799027288.0,158,BID,SHORT,0.5
CLDX,2026-07-06 14:08:27.938287+00:00,PUT,37.0,2027-01-15,21080,17,17,1,37.41,REPEATEDHITS,False,False,False,7440,13640,2799027288.0,193,BID,LONG,0.5
CLDX,2026-06-25 15:21:08.860334+00:00,PUT,33.0,2026-07-17,56418,403,745,6,34.93,REPEATEDHITS,True,False,False,53338,3080,2799027288.0,22,ASK,SHORT,1.0
CLDX,2026-06-22 15:28:05.055277+00:00,CALL,37.0,2026-11-20,17000,20,20,11,32.79,REPEATEDHITS,False,False,False,17000,0,2799027288.0,151,ASK,LONG,1.0
ALLE,2026-07-16 14:09:28.110710+00:00,CALL,145.0,2026-09-18,42790,77,77,53,140.045,REPEATEDHITS,False,False,False,42790,0,11798993715.0,64,ASK,LONG,1.0
ALLE,2026-07-16 14:06:36.414902+00:00,CALL,150.0,2026-08-21,64241,250,251,8,139.63,REPEATEDHITSASCENDINGFILL,False,False,False,64241,0,11798993715.0,36,ASK,LONG,1.0
ALLE,2026-07-16 14:06:36.414902+00:00,CALL,150.0,2026-08-21,24581,94,470,8,139.63,REPEATEDHITSDESCENDINGFILL,False,False,False,23801,780,11798993715.0,36,ASK,LONG,1.0
ALLE,2026-07-07 19:18:47.928420+00:00,CALL,140.0,2026-07-17,20927,93,93,41,139.115,REPEATEDHITS,False,False,False,0,20927,11798993715.0,10,BID,SHORT,0.5
ALLE,2026-06-29 13:35:44.852264+00:00,CALL,160.0,2026-12-18,125984,200,700,2,140.0,REPEATEDHITSDESCENDINGFILL,False,False,False,125984,0,11798993715.0,172,ASK,LONG,1.0
ALLE,2026-06-29 13:35:36.814317+00:00,CALL,160.0,2026-12-18,66780,118,500,2,140.0,REPEATEDHITSDESCENDINGFILL,False,False,False,39900,14560,11798993715.0,172,ASK,LONG,1.0
ALLE,2026-06-29 13:35:31.393976+00:00,CALL,160.0,2026-12-18,55550,101,382,2,140.06,REPEATEDHITS,False,False,False,0,55550,11798993715.0,172,BID,SHORT,0.5
ALLE,2026-06-29 13:35:05.647208+00:00,CALL,160.0,2026-12-18,20800,40,265,2,140.1693,REPEATEDHITS,False,False,False,0,20800,11798993715.0,172,BID,SHORT,0.5
ALLE,2026-06-29 13:34:58.630070+00:00,CALL,160.0,2026-12-18,45050,85,225,2,140.1693,REPEATEDHITS,False,False,False,0,45050,11798993715.0,172,BID,SHORT,0.5
ALLE,2026-06-29 13:34:36.697219+00:00,CALL,160.0,2026-12-18,45390,89,124,2,139.71,REPEATEDHITS,False,False,False,0,12750,11798993715.0,172,BID,SHORT,0.5
ALLE,2026-06-29 13:34:26.942215+00:00,CALL,160.0,2026-12-18,16100,35,35,2,139.26,REPEATEDHITS,False,False,False,0,7360,11798993715.0,172,BID,SHORT,0.5
ALLE,2026-06-25 18:10:04.765431+00:00,CALL,145.0,2026-09-18,24480,48,50,3,136.89,REPEATEDHITS,False,False,False,24480,0,11798993715.0,85,ASK,LONG,1.0
TYL,2026-07-22 13:47:49.691908+00:00,PUT,210.0,2026-12-18,51830,71,515,11,294.75,REPEATEDHITS,True,False,False,51100,730,12639272962.0,149,ASK,SHORT,1.0
TYL,2026-06-17 17:27:57.806266+00:00,CALL,420.0,2026-12-18,30000,30,30,7,295.025,REPEATEDHITS,False,False,False,30000,0,12639272962.0,184,ASK,LONG,1.0
TYL,2026-06-17 17:21:30.960663+00:00,CALL,410.0,2026-12-18,32770,29,29,28,294.88,REPEATEDHITS,False,False,False,16950,0,12639272962.0,184,ASK,LONG,1.0
TYL,2026-06-09 16:22:01.586637+00:00,CALL,260.0,2026-06-18,36530,9,9,0,297.0975,REPEATEDHITS,False,False,False,32480,4050,12639272962.0,9,ASK,LONG,1.0
TYL,2026-06-09 16:22:01.586637+00:00,CALL,290.0,2026-06-18,49264,31,31,3,297.0975,REPEATEDHITSDESCENDINGFILL,False,False,False,46104,3160,12639272962.0,9,ASK,LONG,1.0
TYL,2026-06-09 16:22:01.586637+00:00,CALL,270.0,2026-06-18,63970,20,20,1,297.0975,REPEATEDHITS,False,False,False,54400,9570,12639272962.0,9,ASK,LONG,1.0
TYL,2026-06-08 14:33:11.116020+00:00,CALL,410.0,2026-12-18,32200,23,23,5,306.0,REPEATEDHITS,False,False,False,32200,0,12639272962.0,193,ASK,LONG,1.0
AIR,2026-07-21 15:08:14.799180+00:00,CALL,155.0,2026-08-21,23940,63,65,14,139.25,REPEATEDHITS,False,False,False,23940,0,5640795541.0,31,ASK,LONG,1.0
AIR,2026-07-20 15:08:56.791565+00:00,CALL,140.0,2026-11-20,149640,86,86,35,137.825,REPEATEDHITS,False,False,False,149640,0,5640795541.0,123,ASK,LONG,1.0
AIR,2026-07-17 19:24:56.298965+00:00,PUT,130.0,2026-11-20,241200,180,180,0,135.905,REPEATEDHITS,False,False,False,241200,0,5640795541.0,126,ASK,SHORT,1.0
AIR,2026-07-17 17:48:46.669726+00:00,CALL,130.0,2026-11-20,77650,37,223,6,137.0075,REPEATEDHITS,False,False,False,77650,0,5640795541.0,126,ASK,LONG,1.0
AIR,2026-07-17 15:16:28.867294+00:00,CALL,130.0,2026-11-20,96600,46,186,6,136.67,REPEATEDHITS,False,False,False,96600,0,5640795541.0,126,ASK,LONG,1.0
AIR,2026-07-17 14:50:53.228638+00:00,CALL,130.0,2026-11-20,61770,29,132,6,136.85,REPEATEDHITS,False,False,False,61770,0,5640795541.0,126,ASK,LONG,1.0
AIR,2026-07-17 14:03:35.546069+00:00,CALL,130.0,2026-11-20,199817,103,103,6,134.47,REPEATEDHITS,False,False,False,199817,0,5640795541.0,126,ASK,LONG,1.0
AIR,2026-06-26 19:45:50.380328+00:00,CALL,165.0,2026-08-21,34855,109,120,16,140.85,REPEATEDHITSDESCENDINGFILL,False,False,False,34235,620,5640795541.0,56,ASK,LONG,1.0
AIR,2026-06-16 13:34:17.101010+00:00,CALL,170.0,2026-12-18,106720,135,298,53,132.975,REPEATEDHITSDESCENDINGFILL,False,False,False,2370,39510,5640795541.0,185,BID,SHORT,0.5
WAB,2026-06-16 17:54:12.608435+00:00,PUT,260.0,2026-07-17,72150,200,200,31,274.215,REPEATEDHITSDESCENDINGFILL,False,False,False,65210,6940,44715070991.0,31,ASK,SHORT,1.0
MEDP,2026-07-22 15:27:17.707734+00:00,CALL,620.0,2026-08-21,48300,35,50,6,535.0,REPEATEDHITS,False,False,False,48300,0,15184329851.0,30,ASK,LONG,1.0
MEDP,2026-07-20 17:46:03.367878+00:00,PUT,520.0,2026-08-21,78200,23,25,4,534.71,REPEATEDHITS,True,False,False,64600,13600,15184329851.0,32,ASK,SHORT,1.0
MEDP,2026-06-22 19:41:45.089340+00:00,PUT,450.0,2026-07-17,43000,25,150,9,452.765,REPEATEDHITS,False,False,False,43000,0,15184329851.0,25,ASK,SHORT,1.0
MEDP,2026-06-18 16:34:32.001950+00:00,PUT,420.0,2026-07-17,27562,52,100,10,452.9286,REPEATEDHITS,False,False,False,0,27562,15184329851.0,29,BID,LONG,0.5
MEDP,2026-06-17 19:24:44.129865+00:00,PUT,460.0,2026-07-17,97440,48,105,0,460.17,REPEATEDHITS,False,False,False,97440,0,15184329851.0,30,ASK,SHORT,1.0
MEDP,2026-06-04 17:38:12.571545+00:00,PUT,460.0,2026-06-18,37750,25,50,4,460.35,REPEATEDHITS,False,False,False,37750,0,15184329851.0,14,ASK,SHORT,1.0
PAG,2026-07-16 15:22:26.049707+00:00,CALL,220.0,2026-08-21,34610,77,79,4,206.41,REPEATEDHITSDESCENDINGFILL,False,False,False,33740,870,12833597083.0,36,ASK,LONG,1.0
PAG,2026-07-16 15:22:26.049707+00:00,CALL,210.0,2026-08-21,57400,70,70,14,206.41,REPEATEDHITS,False,False,False,56580,0,12833597083.0,36,ASK,LONG,1.0
PAG,2026-07-15 15:40:51.320961+00:00,CALL,240.0,2026-11-20,15910,37,38,4,198.88,REPEATEDHITS,False,False,False,15910,0,12833597083.0,128,ASK,LONG,1.0
PAG,2026-07-15 15:40:51.320961+00:00,CALL,230.0,2026-11-20,17010,27,28,11,198.88,REPEATEDHITS,False,False,False,17010,0,12833597083.0,128,ASK,LONG,1.0
PAG,2026-07-09 19:37:29.661454+00:00,CALL,230.0,2027-02-19,31849,49,49,0,190.445,REPEATEDHITS,False,False,False,31849,0,12833597083.0,225,ASK,LONG,1.0
PAG,2026-07-09 19:37:29.661454+00:00,CALL,220.0,2027-02-19,87993,100,100,0,190.445,REPEATEDHITSDESCENDINGFILL,False,False,False,87993,0,12833597083.0,225,ASK,LONG,1.0
PAG,2026-07-09 19:37:29.661454+00:00,CALL,210.0,2026-11-20,35040,47,47,11,190.445,REPEATEDHITS,False,False,False,30000,5040,12833597083.0,134,ASK,LONG,1.0
PAG,2026-06-24 13:45:38.617513+00:00,CALL,175.0,2026-07-17,110360,124,233,6,179.39,REPEATEDHITS,False,False,False,27590,81880,12833597083.0,23,BID,SHORT,0.5
BMI,2026-07-22 15:01:39.422242+00:00,CALL,145.0,2026-11-20,43680,39,39,5,136.02,REPEATEDHITS,False,False,False,43680,0,4257299096.0,121,ASK,LONG,1.0
BMI,2026-07-21 19:47:02.480029+00:00,CALL,155.0,2026-11-20,36890,31,32,12,145.195,REPEATEDHITS,False,False,False,36890,0,4257299096.0,122,ASK,LONG,1.0
BMI,2026-07-17 15:55:00.792540+00:00,CALL,190.0,2026-11-20,17278,36,38,3,151.0,REPEATEDHITSDESCENDINGFILL,False,False,False,17278,0,4257299096.0,126,ASK,LONG,1.0
BMI,2026-07-17 14:15:32.681851+00:00,PUT,170.0,2026-11-20,36680,14,14,0,151.87,REPEATEDHITS,False,False,False,36680,0,4257299096.0,126,ASK,SHORT,1.0
BMI,2026-07-08 17:10:34.692920+00:00,CALL,150.0,2026-07-17,10866,53,58,25,146.61,REPEATEDHITS,False,False,False,0,10866,4257299096.0,9,BID,SHORT,0.5
BMI,2026-06-12 14:47:55.927122+00:00,CALL,140.0,2026-07-17,22440,44,44,3,133.54,REPEATEDHITS,False,False,False,22440,0,4257299096.0,35,ASK,LONG,1.0
AAP,2026-07-21 19:22:11.300550+00:00,CALL,54.0,2026-08-14,10920,26,26,2,54.36,REPEATEDHITS,True,False,False,10920,0,3355092000.0,24,ASK,LONG,1.0
AAP,2026-07-20 14:15:32.210886+00:00,PUT,48.0,2026-08-21,10080,42,42,0,52.62,REPEATEDHITS,False,False,False,240,9840,3355092000.0,32,BID,LONG,0.5
AAP,2026-07-17 16:45:25.791239+00:00,PUT,42.5,2026-08-21,20695,197,197,34,52.72,REPEATEDHITS,False,False,False,0,20590,3355092000.0,35,BID,LONG,0.5
AAP,2026-07-17 14:33:51.864967+00:00,PUT,45.0,2026-07-31,10248,409,411,10,53.41,REPEATEDHITSASCENDINGFILL,False,False,False,25,10223,3355092000.0,14,BID,LONG,0.5
AAP,2026-07-16 13:54:49.709803+00:00,CALL,51.0,2026-07-24,63920,188,188,1,53.39,REPEATEDHITS,False,False,False,0,63580,3355092000.0,8,BID,SHORT,0.5
AAP,2026-07-15 19:08:40.333089+00:00,CALL,55.0,2026-08-21,11700,30,595,26,52.795,REPEATEDHITS,False,False,False,11700,0,3355092000.0,37,ASK,LONG,1.0
AAP,2026-07-15 17:22:26.719043+00:00,CALL,53.0,2026-07-24,41615,157,159,0,54.12,REPEATEDHITS,False,False,False,0,41615,3355092000.0,9,BID,SHORT,0.5
AAP,2026-07-14 18:46:40.262722+00:00,PUT,53.0,2026-07-17,10778,154,175,34,54.72,REPEATEDHITS,True,False,False,10778,0,3355092000.0,3,ASK,SHORT,1.0
AAP,2026-07-14 18:24:14.617965+00:00,CALL,54.0,2026-08-07,10140,26,30,8,55.05,REPEATEDHITS,True,False,False,10140,0,3355092000.0,24,ASK,LONG,1.0
AAP,2026-07-13 19:19:47.146086+00:00,PUT,56.0,2026-08-07,21090,57,86,0,55.04,REPEATEDHITS,False,False,False,21090,0,3355092000.0,25,ASK,SHORT,1.0
AAP,2026-07-13 18:13:23.326849+00:00,PUT,54.0,2026-08-07,74097,285,285,3,55.2,REPEATEDHITS,False,False,False,74097,0,3355092000.0,25,ASK,SHORT,1.0
AAP,2026-07-08 16:57:41.992716+00:00,CALL,54.0,2026-07-17,139850,608,639,1,54.67,REPEATEDHITS,False,False,False,0,139850,3355092000.0,9,BID,SHORT,0.5
AAP,2026-07-08 16:13:19.249624+00:00,PUT,58.0,2026-07-17,22140,54,54,19,55.045,REPEATEDHITS,True,False,False,22140,0,3355092000.0,9,ASK,SHORT,1.0
AAP,2026-07-06 17:44:27.089630+00:00,CALL,59.0,2026-07-31,24485,83,83,0,57.95,REPEATEDHITS,True,False,False,24485,0,3355092000.0,25,ASK,LONG,1.0
AAP,2026-07-06 16:57:46.210442+00:00,PUT,57.0,2026-07-31,37990,131,131,0,58.195,REPEATEDHITS,True,False,False,37990,0,3355092000.0,25,ASK,SHORT,1.0
AAP,2026-07-02 17:41:55.931048+00:00,CALL,59.0,2026-07-10,29870,103,113,0,61.06,REPEATEDHITS,False,False,False,0,29870,3355092000.0,8,BID,SHORT,0.5
AAP,2026-07-01 16:09:11.014325+00:00,PUT,58.0,2026-07-31,24140,142,142,0,63.085,REPEATEDHITS,False,False,False,0,24140,3355092000.0,30,BID,LONG,0.5
AAP,2026-07-01 15:35:57.328898+00:00,PUT,61.0,2026-07-17,69750,377,377,187,62.69,REPEATEDHITS,False,False,False,0,69750,3355092000.0,16,BID,LONG,0.5
AAP,2026-07-01 15:11:42.274357+00:00,PUT,60.0,2026-07-17,24160,151,151,75,62.545,REPEATEDHITS,False,False,False,0,24160,3355092000.0,16,BID,LONG,0.5
AAP,2026-06-30 17:33:30.433697+00:00,PUT,60.0,2026-07-10,19875,159,174,7,62.23,REPEATEDHITS,False,False,False,0,19875,3355092000.0,10,BID,LONG,0.5
AAP,2026-06-30 14:22:25.520522+00:00,PUT,60.0,2026-07-02,18930,344,344,58,61.87,REPEATEDHITS,False,False,False,0,18930,3355092000.0,2,BID,LONG,0.5
AAP,2026-06-29 16:36:10.043817+00:00,CALL,63.0,2026-07-17,15660,58,192,17,62.61,REPEATEDHITS,False,False,False,3276,12384,3355092000.0,18,BID,SHORT,0.5
AAP,2026-06-26 17:07:19.230871+00:00,PUT,62.0,2026-07-02,13760,86,86,1,62.23,REPEATEDHITS,True,False,False,13760,0,3355092000.0,6,ASK,SHORT,1.0
AAP,2026-06-26 16:08:14.573826+00:00,PUT,61.0,2026-07-17,49300,186,196,0,61.74,REPEATEDHITS,False,False,False,0,49300,3355092000.0,21,BID,LONG,0.5
AAP,2026-06-25 17:53:08.848102+00:00,CALL,58.0,2026-07-02,64800,360,360,17,58.01,REPEATEDHITS,False,False,False,53460,0,3355092000.0,7,ASK,LONG,1.0
AAP,2026-06-25 15:21:48.926726+00:00,PUT,58.0,2026-07-02,46560,291,331,33,58.01,REPEATEDHITS,False,False,False,0,46560,3355092000.0,7,BID,LONG,0.5
AAP,2026-06-25 15:16:53.455221+00:00,PUT,58.0,2026-07-24,25560,71,71,2,57.92,REPEATEDHITS,True,False,False,25560,0,3355092000.0,29,ASK,SHORT,1.0
AAP,2026-06-25 14:46:38.698148+00:00,PUT,62.0,2026-07-31,16378,26,26,0,58.355,REPEATEDHITS,True,False,False,16378,0,3355092000.0,36,ASK,SHORT,1.0
AAP,2026-06-24 19:48:14.538520+00:00,PUT,55.0,2026-07-17,29706,180,181,128,58.26,REPEATEDHITS,False,False,False,0,29706,3355092000.0,23,BID,LONG,0.5
AAP,2026-06-24 19:19:48.260817+00:00,CALL,59.0,2026-07-17,119880,444,444,0,58.01,REPEATEDHITS,False,False,False,119070,810,3355092000.0,23,ASK,LONG,1.0
AAP,2026-06-24 17:28:11.254419+00:00,PUT,57.0,2026-06-26,17025,227,370,126,57.73,REPEATEDHITS,False,False,False,0,17025,3355092000.0,2,BID,LONG,0.5
AAP,2026-06-24 16:44:26.912886+00:00,PUT,57.0,2026-06-26,11999,141,143,126,57.59,REPEATEDHITSASCENDINGFILL,False,False,False,0,11999,3355092000.0,2,BID,LONG,0.5
AAP,2026-06-23 14:25:49.625311+00:00,CALL,57.5,2026-07-17,66440,302,302,72,55.4,REPEATEDHITS,False,False,False,66440,0,3355092000.0,24,ASK,LONG,1.0
AAP,2026-06-22 19:16:46.216130+00:00,PUT,57.0,2026-07-10,42780,138,138,0,56.315,REPEATEDHITS,True,False,False,42780,0,3355092000.0,18,ASK,SHORT,1.0
AAP,2026-06-22 15:15:06.780639+00:00,CALL,56.0,2026-06-26,26640,148,159,8,56.395,REPEATEDHITS,False,False,False,0,9000,3355092000.0,4,BID,SHORT,0.5
AAP,2026-06-22 15:03:47.236017+00:00,CALL,55.0,2026-07-02,77022,280,280,0,56.26,REPEATEDHITSASCENDINGFILL,False,False,False,560,76462,3355092000.0,10,BID,SHORT,0.5
AAP,2026-06-18 15:07:50.868989+00:00,CALL,67.5,2026-08-21,16890,47,47,0,60.66,REPEATEDHITSDESCENDINGFILL,True,False,False,14580,330,3355092000.0,64,ASK,LONG,1.0
AAP,2026-06-17 19:16:50.746495+00:00,CALL,60.0,2026-07-02,43671,213,656,3,58.77,REPEATEDHITS,False,False,False,0,43671,3355092000.0,15,BID,SHORT,0.5
AAP,2026-06-17 18:18:35.442243+00:00,CALL,59.0,2026-06-26,68310,297,361,12,59.335,REPEATEDHITS,False,False,False,68310,0,3355092000.0,9,ASK,LONG,1.0
AAP,2026-06-17 18:18:28.427413+00:00,CALL,59.0,2026-06-26,10500,50,64,12,59.0,REPEATEDHITS,False,False,False,4830,4620,3355092000.0,9,ASK,LONG,1.0
AAP,2026-06-17 18:01:39.729330+00:00,PUT,62.5,2026-07-17,59800,115,116,3,59.53,REPEATEDHITS,True,False,False,50440,9360,3355092000.0,30,ASK,SHORT,1.0
AAP,2026-06-17 17:52:09.640575+00:00,CALL,60.0,2026-07-02,11925,46,239,3,59.78,REPEATEDHITS,False,False,False,11925,0,3355092000.0,15,ASK,LONG,1.0
AAP,2026-06-16 14:45:03.071941+00:00,CALL,70.0,2026-07-17,100329,1254,1259,803,60.84,REPEATEDHITS,False,False,False,0,100329,3355092000.0,31,BID,SHORT,0.5
AAP,2026-06-12 18:04:56.922060+00:00,PUT,50.0,2026-07-17,82509,1375,1384,68,60.865,REPEATEDHITS,False,False,False,0,82509,3355092000.0,35,BID,LONG,0.5
AAP,2026-06-11 18:42:23.618363+00:00,PUT,61.0,2026-07-02,34987,106,106,33,60.35,REPEATEDHITS,False,False,False,0,34987,3355092000.0,21,BID,LONG,0.5
AAP,2026-06-08 19:32:33.409973+00:00,PUT,61.0,2026-07-02,14390,30,30,0,58.61,REPEATEDHITS,True,False,False,14390,0,3355092000.0,24,ASK,SHORT,1.0
AAP,2026-06-08 19:32:01.774026+00:00,PUT,60.0,2026-07-02,12300,30,30,20,58.75,REPEATEDHITS,True,False,False,12300,0,3355092000.0,24,ASK,SHORT,1.0
AAP,2026-06-08 17:03:05.000641+00:00,PUT,65.0,2026-07-02,51120,72,72,0,59.48,REPEATEDHITS,True,False,False,51120,0,3355092000.0,24,ASK,SHORT,1.0
AAP,2026-06-08 16:38:32.762034+00:00,PUT,65.0,2026-07-10,12640,16,16,0,59.22,REPEATEDHITS,True,False,False,12640,0,3355092000.0,32,ASK,SHORT,1.0
AAP,2026-06-05 16:22:47.208610+00:00,PUT,52.0,2026-06-18,53826,633,635,87,56.0,REPEATEDHITSASCENDINGFILL,False,False,False,1190,51786,3355092000.0,13,BID,LONG,0.5
AAPL,2026-07-21 19:02:21.711360+00:00,CALL,340.0,2026-07-27,223213,2508,3221,569,328.17,REPEATEDHITS,False,False,False,223213,0,4813634055440.0,6,ASK,LONG,1.0
AAPL,2026-07-21 13:58:02.314739+00:00,CALL,322.5,2026-07-24,1475545,3243,3525,1835,323.1999,REPEATEDHITS,False,False,False,1472360,3185,4813634055440.0,3,ASK,LONG,1.0
AAPL,2026-07-20 19:26:04.495929+00:00,CALL,400.0,2026-11-20,689667,1916,12224,1254,328.66,REPEATEDHITSASCENDINGFILL,False,False,False,689312,355,4813634055440.0,123,ASK,LONG,1.0
AAPL,2026-07-20 19:24:14.977574+00:00,CALL,330.0,2026-07-22,683058,2858,30167,1414,328.36,REPEATEDHITSDESCENDINGFILL,False,False,False,682822,236,4813634055440.0,2,ASK,LONG,1.0
AAPL,2026-07-20 19:20:13.215678+00:00,CALL,400.0,2026-11-20,550200,1572,6800,1254,328.19,REPEATEDHITS,False,False,False,0,478450,4813634055440.0,123,BID,SHORT,0.5
AAPL,2026-07-20 19:20:07.410044+00:00,CALL,400.0,2026-11-20,482651,1379,5228,1254,328.22,REPEATEDHITSDESCENDINGFILL,False,False,False,482300,351,4813634055440.0,123,ASK,LONG,1.0
AAPL,2026-07-20 19:12:55.157445+00:00,CALL,400.0,2026-11-20,1019500,3000,3700,1254,328.175,REPEATEDHITSDESCENDINGFILL,False,False,False,1019500,0,4813634055440.0,123,ASK,LONG,1.0
AAPL,2026-07-20 15:21:15.874278+00:00,CALL,322.5,2026-08-21,119250,90,106,0,324.7,REPEATEDHITS,True,False,False,117925,1325,4813634055440.0,32,ASK,LONG,1.0
AAPL,2026-07-20 14:39:35.144082+00:00,CALL,320.0,2026-07-22,3332812,4166,4580,639,327.115,REPEATEDHITS,False,False,False,0,3332812,4813634055440.0,2,BID,SHORT,0.5
AAPL,2026-07-20 14:29:57.412683+00:00,CALL,327.5,2026-07-20,149513,1347,11147,1198,326.91,REPEATEDHITSDESCENDINGFILL,False,False,False,0,148413,4813634055440.0,0,BID,SHORT,0.5
AAPL,2026-07-20 14:18:31.462637+00:00,PUT,370.0,2027-12-17,187690,31,31,4,326.58,REPEATEDHITS,False,False,False,181635,6055,4813634055440.0,515,ASK,SHORT,1.0
AAPL,2026-07-20 13:55:01.995440+00:00,PUT,365.0,2027-12-17,158150,28,28,16,328.68,REPEATEDHITSDESCENDINGFILL,False,False,False,146890,11260,4813634055440.0,515,ASK,SHORT,1.0
AAPL,2026-07-20 13:35:15.075091+00:00,PUT,332.5,2026-08-21,101213,84,111,0,331.445,REPEATEDHITSASCENDINGFILL,True,False,False,80735,18068,4813634055440.0,32,ASK,SHORT,1.0
AAPL,2026-07-17 19:36:49.566137+00:00,PUT,335.0,2026-07-20,2940000,7000,26742,707,332.8,REPEATEDHITS,True,False,False,0,2940000,4813634055440.0,3,BID,LONG,0.5
AAPL,2026-07-17 19:29:38.804621+00:00,PUT,335.0,2026-07-20,2181820,5074,11723,707,332.71,REPEATEDHITS,False,False,False,0,2181820,4813634055440.0,3,BID,LONG,0.5
AAPL,2026-07-17 17:38:47.229189+00:00,PUT,330.0,2026-07-24,1510817,2992,13940,2317,330.52,REPEATEDHITSDESCENDINGFILL,False,False,False,1510817,0,4813634055440.0,7,ASK,SHORT,1.0
AAPL,2026-07-17 17:24:01.279458+00:00,PUT,330.0,2026-07-22,1054128,2317,5813,1046,329.31,REPEATEDHITSDESCENDINGFILL,False,False,False,1052763,0,4813634055440.0,5,ASK,SHORT,1.0
AAPL,2026-07-17 16:35:14.967675+00:00,PUT,327.5,2026-07-24,1126899,3315,5337,1453,331.905,REPEATEDHITSDESCENDINGFILL,False,False,False,1113984,12915,4813634055440.0,7,ASK,SHORT,1.0
AAPL,2026-07-17 15:53:07.181837+00:00,PUT,337.5,2026-07-24,190032,250,1001,118,333.14,REPEATEDHITS,False,False,False,19000,171032,4813634055440.0,7,BID,LONG,0.5
AAPL,2026-07-17 14:54:11.690874+00:00,PUT,335.0,2026-07-17,690169,1972,7881,955,332.0,REPEATEDHITSDESCENDINGFILL,False,False,False,690169,0,4813634055440.0,0,ASK,SHORT,1.0
AAPL,2026-07-17 13:42:31.253030+00:00,PUT,337.5,2026-07-24,178750,250,288,118,334.5,REPEATEDHITS,True,False,False,178750,0,4813634055440.0,7,ASK,SHORT,1.0
AAPL,2026-07-17 13:31:45.013034+00:00,PUT,340.0,2026-07-24,262500,250,252,107,331.78,REPEATEDHITS,False,False,False,197400,65100,4813634055440.0,7,ASK,SHORT,1.0
AAPL,2026-07-16 19:49:25.795982+00:00,PUT,335.0,2026-07-31,1075000,1000,3248,30,331.32,REPEATEDHITS,False,False,False,80625,989000,4813634055440.0,15,BID,LONG,0.5
AAPL,2026-07-16 19:46:28.402246+00:00,PUT,335.0,2026-07-31,2110500,2010,2248,30,331.88,REPEATEDHITS,False,False,False,2110500,0,4813634055440.0,15,ASK,SHORT,1.0
AAPL,2026-07-16 19:43:57.264002+00:00,PUT,340.0,2026-07-31,108240,82,2248,37,332.3,REPEATEDHITS,False,False,False,87120,0,4813634055440.0,15,ASK,SHORT,1.0
AAPL,2026-07-16 18:52:38.906985+00:00,PUT,335.0,2026-07-22,172220,316,446,22,333.27,REPEATEDHITS,True,False,False,172220,0,4813634055440.0,6,ASK,SHORT,1.0
AAPL,2026-07-16 17:56:36.425766+00:00,PUT,330.0,2026-07-20,113120,404,8016,225,330.96,REPEATEDHITS,False,False,False,113120,0,4813634055440.0,4,ASK,SHORT,1.0
AAPL,2026-07-16 17:36:05.616120+00:00,CALL,450.0,2027-12-17,597618,378,478,262,333.38,REPEATEDHITS,False,False,False,597618,0,4813634055440.0,519,ASK,LONG,1.0
AAPL,2026-07-16 17:19:41.033313+00:00,PUT,332.5,2026-07-17,122500,500,14414,193,332.31,REPEATEDHITS,False,False,False,0,122500,4813634055440.0,1,BID,LONG,0.5
AAPL,2026-07-16 17:08:05.460267+00:00,PUT,332.5,2026-07-24,1365009,2482,3155,65,332.025,REPEATEDHITSDESCENDINGFILL,False,False,False,1365009,0,4813634055440.0,8,ASK,SHORT,1.0
AAPL,2026-07-16 17:03:57.188081+00:00,PUT,332.5,2026-07-17,111384,442,11647,193,332.17,REPEATEDHITS,False,False,False,0,111384,4813634055440.0,1,BID,LONG,0.5
AAPL,2026-07-16 17:03:15.551832+00:00,PUT,332.5,2026-07-17,129644,500,11130,193,332.045,REPEATEDHITSDESCENDINGFILL,True,False,False,129644,0,4813634055440.0,1,ASK,SHORT,1.0
AAPL,2026-07-16 15:50:11.726751+00:00,CALL,400.0,2027-09-17,2811060,1358,1976,438,331.64,REPEATEDHITS,False,False,False,103500,0,4813634055440.0,428,ASK,LONG,1.0
AAPL,2026-07-16 15:41:43.233870+00:00,PUT,332.5,2026-07-20,718960,1892,2142,71,331.24,REPEATEDHITS,False,False,False,714020,4940,4813634055440.0,4,ASK,SHORT,1.0
AAPL,2026-07-16 15:32:09.716644+00:00,PUT,330.0,2026-07-17,303167,1547,23372,746,330.66,REPEATEDHITSASCENDINGFILL,False,False,False,300272,2895,4813634055440.0,1,ASK,SHORT,1.0
AAPL,2026-07-16 15:04:02.604735+00:00,PUT,332.5,2026-07-17,793407,2235,3659,193,330.34,REPEATEDHITS,False,False,False,793407,0,4813634055440.0,1,ASK,SHORT,1.0
AAPL,2026-07-16 13:36:08.939199+00:00,PUT,330.0,2026-07-17,719161,1844,2301,746,327.305,REPEATEDHITS,False,False,False,0,719161,4813634055440.0,1,BID,LONG,0.5
AAPL,2026-07-15 17:06:55.254707+00:00,PUT,327.5,2026-07-20,221550,633,1418,4,327.86,REPEATEDHITS,False,False,False,221200,0,4813634055440.0,5,ASK,SHORT,1.0
AAPL,2026-07-15 17:00:15.941954+00:00,PUT,325.0,2026-07-20,103212,423,11166,10,327.9501,REPEATEDHITS,False,False,False,0,103212,4813634055440.0,5,BID,LONG,0.5
AAPL,2026-07-15 16:13:23.204933+00:00,PUT,325.0,2026-07-20,141284,494,2111,10,326.935,REPEATEDHITS,False,False,False,0,141284,4813634055440.0,5,BID,LONG,0.5
AAPL,2026-07-15 16:09:55.123957+00:00,CALL,580.0,2028-12-15,111000,100,136,25,326.97,REPEATEDHITS,False,False,False,88800,22200,4813634055440.0,884,ASK,LONG,1.0
AAPL,2026-07-15 15:47:34.052367+00:00,CALL,345.0,2026-08-28,123540,213,348,59,326.9,REPEATEDHITS,False,False,False,99760,23780,4813634055440.0,44,ASK,LONG,1.0
AAPL,2026-07-15 15:47:18.622703+00:00,CALL,360.0,2026-10-16,2185441,3100,44884,1623,326.755,REPEATEDHITS,False,False,False,2185441,0,4813634055440.0,93,ASK,LONG,1.0
AAPL,2026-07-15 15:39:08.936345+00:00,CALL,337.5,2026-07-24,104399,550,2165,162,326.93,REPEATEDHITS,False,False,False,99649,4560,4813634055440.0,9,ASK,LONG,1.0
AAPL,2026-07-15 14:46:53.652808+00:00,CALL,350.0,2026-08-07,571269,3002,3330,670,324.46,REPEATEDHITSASCENDINGFILL,False,False,False,84106,487163,4813634055440.0,23,BID,SHORT,0.5
AAPL,2026-07-15 14:31:36.989934+00:00,PUT,327.5,2026-07-15,847378,2648,3502,1,324.5355,REPEATEDHITS,False,False,False,0,847378,4813634055440.0,0,BID,LONG,0.5
AAPL,2026-07-15 14:23:03.158700+00:00,CALL,440.0,2027-03-19,147060,387,890,212,325.21,REPEATEDHITS,False,False,False,129200,17860,4813634055440.0,247,ASK,LONG,1.0
AAPL,2026-07-15 14:17:52.031675+00:00,CALL,355.0,2026-08-14,146376,684,712,159,325.52,REPEATEDHITS,False,False,False,0,214,4813634055440.0,30,BID,SHORT,0.5
AAPL,2026-07-14 18:14:53.613599+00:00,PUT,320.0,2026-07-20,128000,200,227,135,315.25,REPEATEDHITS,True,False,False,0,128000,4813634055440.0,6,BID,LONG,0.5
AAPL,2026-07-14 16:59:28.643109+00:00,CALL,315.0,2026-07-20,581740,1711,5181,548,314.11,REPEATEDHITS,False,False,False,581400,340,4813634055440.0,6,ASK,LONG,1.0
ADBE,2026-07-22 13:35:33.620118+00:00,PUT,217.5,2026-07-31,186440,472,508,43,225.27,REPEATEDHITS,True,False,False,186440,0,90296100000.0,9,ASK,SHORT,1.0
ADBE,2026-07-21 17:28:00.759763+00:00,CALL,230.0,2027-02-19,309400,90,147,86,226.525,REPEATEDHITSDESCENDINGFILL,False,False,False,137710,171690,90296100000.0,213,BID,SHORT,0.5
ADBE,2026-07-21 15:59:08.063931+00:00,PUT,222.5,2026-07-24,209168,769,789,422,227.96,REPEATEDHITS,False,False,False,209168,0,90296100000.0,3,ASK,SHORT,1.0
ADBE,2026-07-21 14:25:19.029261+00:00,PUT,215.0,2026-08-07,161970,395,396,112,229.4877,REPEATEDHITSASCENDINGFILL,False,False,False,1660,160310,90296100000.0,17,BID,LONG,0.5
ADBE,2026-07-20 18:19:33.142267+00:00,PUT,205.0,2026-08-14,84942,429,434,66,236.08,REPEATEDHITS,False,False,False,0,84942,90296100000.0,25,BID,LONG,0.5
ADBE,2026-07-20 16:10:19.455961+00:00,CALL,255.0,2026-07-31,103917,466,496,155,233.46,REPEATEDHITS,False,False,False,103695,222,90296100000.0,11,ASK,LONG,1.0
ADBE,2026-07-17 19:26:17.618980+00:00,CALL,237.5,2026-07-31,85985,91,140,15,237.73,REPEATEDHITSDESCENDINGFILL,False,False,False,84105,940,90296100000.0,14,ASK,LONG,1.0
ADBE,2026-07-17 17:54:01.275994+00:00,CALL,275.0,2026-08-21,439645,1142,1246,823,239.58,REPEATEDHITSDESCENDINGFILL,False,False,False,439270,375,90296100000.0,35,ASK,LONG,1.0
ADBE,2026-07-17 17:37:24.339296+00:00,CALL,242.5,2026-07-17,53250,845,1779,209,239.26,REPEATEDHITSASCENDINGFILL,False,False,False,833,52417,90296100000.0,0,BID,SHORT,0.5
ADBE,2026-07-17 17:01:14.130879+00:00,CALL,410.0,2027-06-17,180000,200,200,163,238.41,REPEATEDHITS,False,False,False,90000,90000,90296100000.0,335,MIXED,,0.0
ADBE,2026-07-17 16:50:43.536464+00:00,CALL,260.0,2026-07-31,60403,231,246,161,238.83,REPEATEDHITSASCENDINGFILL,False,False,False,34651,25752,90296100000.0,14,ASK,LONG,1.0
ADBE,2026-07-16 19:33:35.700537+00:00,CALL,237.5,2026-07-17,267557,1305,2682,1037,234.16,REPEATEDHITSASCENDINGFILL,True,False,False,2896,264661,90296100000.0,1,BID,SHORT,0.5
ADBE,2026-07-16 18:58:50.626160+00:00,CALL,227.5,2026-07-24,247497,220,257,111,234.835,REPEATEDHITS,False,False,False,247497,0,90296100000.0,8,ASK,LONG,1.0
ADBE,2026-07-16 18:04:04.873002+00:00,CALL,235.0,2026-08-07,333250,310,320,46,234.28,REPEATEDHITS,False,False,False,0,333250,90296100000.0,22,BID,SHORT,0.5
ADBE,2026-07-16 16:56:03.697106+00:00,PUT,237.5,2026-07-24,476553,518,519,12,232.6,REPEATEDHITSDESCENDINGFILL,False,False,False,476553,0,90296100000.0,8,ASK,SHORT,1.0
ADBE,2026-07-16 16:41:18.930456+00:00,CALL,255.0,2026-08-07,114839,388,390,78,231.493,REPEATEDHITSDESCENDINGFILL,True,False,False,114839,0,90296100000.0,22,ASK,LONG,1.0
ADBE,2026-07-16 14:22:50.265949+00:00,PUT,222.5,2026-07-17,196731,955,1008,260,223.92,REPEATEDHITS,True,False,False,4532,191992,90296100000.0,1,BID,LONG,0.5
ADBE,2026-07-15 19:21:01.828325+00:00,PUT,205.0,2026-07-24,58560,732,781,265,224.615,REPEATEDHITS,False,False,False,0,58560,90296100000.0,9,BID,LONG,0.5
ADBE,2026-07-15 14:28:15.419841+00:00,CALL,460.0,2028-01-21,242000,200,243,157,230.2007,REPEATEDHITS,False,False,False,121000,121000,90296100000.0,555,MIXED,,0.0
ADBE,2026-07-14 17:31:12.339240+00:00,CALL,227.5,2026-07-17,132934,573,650,383,223.1,REPEATEDHITSDESCENDINGFILL,False,False,False,132472,231,90296100000.0,3,ASK,LONG,1.0
ADBE,2026-07-14 15:55:43.680334+00:00,PUT,225.0,2026-07-31,423150,403,541,94,221.575,REPEATEDHITS,False,False,False,423150,0,90296100000.0,17,ASK,SHORT,1.0
ADBE,2026-07-14 15:48:38.820506+00:00,CALL,227.5,2026-07-31,106920,162,162,4,221.75,REPEATEDHITS,False,False,False,106920,0,90296100000.0,17,ASK,LONG,1.0
ADBE,2026-07-14 15:41:31.396982+00:00,PUT,225.0,2026-07-31,141434,136,138,94,221.73,REPEATEDHITS,False,False,False,141434,0,90296100000.0,17,ASK,SHORT,1.0
ADBE,2026-07-14 15:13:02.633235+00:00,PUT,222.5,2026-07-24,160288,229,242,22,221.9382,REPEATEDHITSDESCENDINGFILL,False,False,False,160288,0,90296100000.0,10,ASK,SHORT,1.0
ADBE,2026-07-14 14:23:03.234119+00:00,PUT,227.5,2026-07-17,626465,737,755,591,220.605,REPEATEDHITSASCENDINGFILL,False,False,False,0,626465,90296100000.0,3,BID,LONG,0.5
ADBE,2026-07-13 17:02:23.560883+00:00,CALL,240.0,2026-08-07,248992,332,346,84,231.37,REPEATEDHITSDESCENDINGFILL,True,False,False,248247,0,90296100000.0,25,ASK,LONG,1.0
ADBE,2026-07-13 16:47:13.499255+00:00,PUT,227.5,2026-07-17,132300,441,617,9,231.3,REPEATEDHITS,False,False,False,132300,0,90296100000.0,4,ASK,SHORT,1.0
ADBE,2026-07-13 16:12:51.406021+00:00,CALL,245.0,2026-08-07,246793,433,454,60,231.06,REPEATEDHITSDESCENDINGFILL,True,False,False,246228,0,90296100000.0,25,ASK,LONG,1.0
ADBE,2026-07-13 16:07:50.795341+00:00,CALL,240.0,2026-07-24,163421,419,477,270,230.8,REPEATEDHITSASCENDINGFILL,False,False,False,0,163421,90296100000.0,11,BID,SHORT,0.5
ADBE,2026-07-13 16:01:50.625622+00:00,PUT,212.5,2026-07-24,60863,503,793,7,230.94,REPEATEDHITS,False,False,False,0,60863,90296100000.0,11,BID,LONG,0.5
ADBE,2026-07-13 15:43:24.598136+00:00,CALL,250.0,2026-07-31,132800,415,436,399,231.1,REPEATEDHITS,False,False,False,132800,0,90296100000.0,18,ASK,LONG,1.0
ADBE,2026-07-13 14:36:32.576450+00:00,PUT,215.0,2026-07-24,118950,524,528,396,227.68,REPEATEDHITS,False,False,False,456,118494,90296100000.0,11,BID,LONG,0.5
ADBE,2026-07-10 14:45:25.649939+00:00,CALL,235.0,2026-07-31,142270,271,282,189,224.5,REPEATEDHITS,True,False,False,142270,0,90296100000.0,21,ASK,LONG,1.0
ADBE,2026-07-08 15:03:28.966485+00:00,CALL,227.5,2026-07-10,226590,2158,2261,1903,218.755,REPEATEDHITS,False,False,False,105,226485,90296100000.0,2,BID,SHORT,0.5
ADBE,2026-07-08 13:47:35.752786+00:00,PUT,215.0,2026-07-17,322816,609,612,510,217.225,REPEATEDHITSASCENDINGFILL,False,False,False,4280,318536,90296100000.0,9,BID,LONG,0.5
ADBE,2026-07-07 17:00:02.276203+00:00,CALL,420.0,2028-01-21,624000,400,432,327,227.79,REPEATEDHITS,False,False,False,312000,0,90296100000.0,563,ASK,LONG,1.0
ADBE,2026-07-07 16:34:10.497654+00:00,PUT,217.5,2026-07-17,63557,223,319,149,228.64,REPEATEDHITS,False,False,False,572,62985,90296100000.0,10,BID,LONG,0.5
ADBE,2026-07-07 16:08:45.667592+00:00,PUT,135.0,2027-01-15,243250,1101,1114,104,230.03,REPEATEDHITSASCENDINGFILL,False,False,False,119830,123420,90296100000.0,192,BID,LONG,0.5
ADBE,2026-07-07 15:23:04.486045+00:00,CALL,265.0,2026-07-17,76000,1000,1015,593,227.33,REPEATEDHITS,True,False,False,76000,0,90296100000.0,10,ASK,LONG,1.0
ADBE,2026-07-07 13:51:36.603122+00:00,CALL,245.0,2026-07-17,262441,2435,2450,987,220.93,REPEATEDHITSDESCENDINGFILL,False,False,False,58080,204361,90296100000.0,10,BID,SHORT,0.5
ADBE,2026-07-01 15:03:29.893301+00:00,PUT,215.0,2026-07-24,205000,200,219,93,211.96,REPEATEDHITS,False,False,False,0,51250,90296100000.0,23,BID,LONG,0.5
ADBE,2026-06-30 17:51:09.154690+00:00,CALL,217.5,2026-07-17,163852,598,609,317,203.23,REPEATEDHITS,False,False,False,163852,0,90296100000.0,17,ASK,LONG,1.0
ADBE,2026-06-30 15:20:47.437720+00:00,PUT,202.5,2026-07-02,93449,292,559,158,201.8075,REPEATEDHITSASCENDINGFILL,False,False,False,0,93449,90296100000.0,2,BID,LONG,0.5
ADBE,2026-06-29 13:45:48.835967+00:00,CALL,212.5,2026-07-02,52920,294,404,288,207.51,REPEATEDHITS,False,False,False,52920,0,90296100000.0,3,ASK,LONG,1.0
ADBE,2026-06-26 18:07:01.467173+00:00,CALL,215.0,2026-07-10,281347,1705,2237,269,201.21,REPEATEDHITSASCENDINGFILL,False,False,False,281347,0,90296100000.0,14,ASK,LONG,1.0
ADBE,2026-06-26 18:06:52.457961+00:00,CALL,215.0,2026-07-10,61710,374,499,269,201.26,REPEATEDHITS,False,False,False,61710,0,90296100000.0,14,ASK,LONG,1.0
ADBE,2026-06-26 15:38:25.749225+00:00,CALL,217.5,2026-07-17,70308,279,282,103,201.06,REPEATEDHITS,True,False,False,70308,0,90296100000.0,21,ASK,LONG,1.0
ADBE,2026-06-26 14:41:18.037158+00:00,PUT,175.0,2026-07-31,103155,529,531,171,199.51,REPEATEDHITS,False,False,False,0,103155,90296100000.0,35,BID,LONG,0.5
ADBE,2026-06-25 16:56:10.986736+00:00,PUT,185.0,2026-08-07,115000,184,656,0,195.46,REPEATEDHITS,False,False,False,115000,0,90296100000.0,43,ASK,SHORT,1.0
ADBE,2026-06-24 14:55:40.624681+00:00,PUT,190.0,2026-07-24,189007,378,379,99,199.09,REPEATEDHITS,False,False,False,0,189007,90296100000.0,30,BID,LONG,0.5
AMAT,2026-07-22 14:32:01.296921+00:00,CALL,570.0,2026-09-18,161490,21,22,16,559.17,REPEATEDHITS,True,False,False,0,153800,448229796207.0,58,BID,SHORT,0.5
AMAT,2026-07-21 19:38:31.153075+00:00,PUT,585.0,2026-08-07,216220,38,38,32,564.815,REPEATEDHITS,True,False,False,0,216220,448229796207.0,17,BID,LONG,0.5
AMAT,2026-07-21 18:24:01.647423+00:00,CALL,1020.0,2026-11-20,52330,23,27,21,567.8501,REPEATEDHITS,False,False,False,22750,29580,448229796207.0,122,BID,SHORT,0.5
AMAT,2026-07-21 17:53:44.978986+00:00,CALL,545.0,2026-08-21,75240,10,14,0,567.73,REPEATEDHITSDESCENDINGFILL,True,False,False,0,75240,448229796207.0,31,BID,SHORT,0.5
AMAT,2026-07-21 16:11:31.083896+00:00,PUT,540.0,2026-07-24,279400,220,240,151,565.13,REPEATEDHITS,False,False,False,0,279400,448229796207.0,3,BID,LONG,0.5
AMAT,2026-07-21 15:33:27.131155+00:00,CALL,525.0,2026-08-21,94110,11,11,0,566.67,REPEATEDHITS,True,False,False,42780,51330,448229796207.0,31,BID,SHORT,0.5
AMAT,2026-07-21 15:28:10.647284+00:00,CALL,800.0,2027-02-19,600000,75,225,34,571.24,REPEATEDHITS,False,False,False,600000,0,448229796207.0,213,ASK,LONG,1.0
AMAT,2026-07-21 14:21:05.138403+00:00,PUT,525.0,2026-07-24,738713,684,715,265,564.08,REPEATEDHITSDESCENDINGFILL,False,False,False,738713,0,448229796207.0,3,ASK,SHORT,1.0
AMAT,2026-07-21 14:00:34.791961+00:00,PUT,587.5,2026-07-24,336600,88,88,9,562.31,REPEATEDHITS,False,False,False,336600,0,448229796207.0,3,ASK,SHORT,1.0
AMAT,2026-07-21 13:54:03.242053+00:00,PUT,542.5,2026-07-31,60900,21,26,0,560.13,REPEATEDHITS,False,False,False,0,60900,448229796207.0,10,BID,LONG,0.5
AMAT,2026-07-21 13:32:43.471400+00:00,CALL,610.0,2026-07-31,81846,45,45,42,560.64,REPEATEDHITSASCENDINGFILL,False,False,False,16200,65646,448229796207.0,10,BID,SHORT,0.5
AMAT,2026-07-20 17:50:32.864396+00:00,PUT,360.0,2026-08-07,150548,500,508,85,529.795,REPEATEDHITSASCENDINGFILL,True,False,False,0,149938,448229796207.0,18,BID,LONG,0.5
AMAT,2026-07-20 16:07:14.171667+00:00,CALL,575.0,2026-08-21,84165,19,19,0,535.33,REPEATEDHITS,False,False,False,84165,0,448229796207.0,32,ASK,LONG,1.0
AMAT,2026-07-20 16:07:06.764104+00:00,PUT,595.0,2026-08-21,581330,61,61,0,535.13,REPEATEDHITS,True,False,False,123890,447910,448229796207.0,32,BID,LONG,0.5
AMAT,2026-07-20 16:07:06.764104+00:00,PUT,545.0,2026-08-21,64075,10,10,0,535.33,REPEATEDHITSASCENDINGFILL,False,False,False,6425,57650,448229796207.0,32,BID,LONG,0.5
AMAT,2026-07-20 15:30:00.193267+00:00,CALL,507.5,2026-07-24,589294,142,144,0,532.4883,REPEATEDHITSDESCENDINGFILL,False,False,False,589294,0,448229796207.0,4,ASK,LONG,1.0
AMAT,2026-07-20 15:20:13.353428+00:00,PUT,435.0,2026-07-24,143186,434,1315,68,531.28,REPEATEDHITSDESCENDINGFILL,False,False,False,142881,305,448229796207.0,4,ASK,SHORT,1.0
AMAT,2026-07-20 15:12:36.056300+00:00,PUT,470.0,2026-11-20,1401480,201,222,179,531.155,REPEATEDHITSASCENDINGFILL,False,False,False,703480,698000,448229796207.0,123,ASK,SHORT,1.0
AMAT,2026-07-20 15:01:23.280272+00:00,PUT,435.0,2026-07-24,121249,362,869,68,530.985,REPEATEDHITSDESCENDINGFILL,False,False,False,121249,0,448229796207.0,4,ASK,SHORT,1.0
AMAT,2026-07-20 14:27:44.825422+00:00,PUT,542.5,2026-07-24,79100,28,70,16,539.3,REPEATEDHITS,False,False,False,59325,0,448229796207.0,4,ASK,SHORT,1.0
AMAT,2026-07-20 14:27:39.817970+00:00,PUT,542.5,2026-07-24,99400,35,42,16,539.21,REPEATEDHITS,False,False,False,59640,0,448229796207.0,4,ASK,SHORT,1.0
AMAT,2026-07-20 14:25:05.778952+00:00,PUT,435.0,2026-07-24,125744,393,475,68,537.01,REPEATEDHITSDESCENDINGFILL,False,False,False,125744,0,448229796207.0,4,ASK,SHORT,1.0
AMAT,2026-07-20 13:58:11.759800+00:00,PUT,425.0,2026-07-31,64580,128,128,43,543.495,REPEATEDHITSASCENDINGFILL,True,False,False,23950,30630,448229796207.0,11,BID,LONG,0.5
AMAT,2026-07-20 13:51:57.078879+00:00,CALL,552.5,2026-08-21,200600,34,35,0,543.51,REPEATEDHITS,False,False,False,0,0,448229796207.0,32,MIXED,,0.0
AMAT,2026-07-20 13:51:57.078879+00:00,CALL,552.5,2026-08-21,118000,20,69,0,543.465,REPEATEDHITS,False,False,False,118000,0,448229796207.0,32,ASK,LONG,1.0
AMAT,2026-07-20 13:51:57.078879+00:00,CALL,552.5,2026-08-21,200430,34,103,0,543.465,REPEATEDHITS,False,False,False,35370,41265,448229796207.0,32,BID,SHORT,0.5
AMAT,2026-07-20 13:35:26.919988+00:00,CALL,552.5,2026-07-24,154440,54,55,10,553.9799,REPEATEDHITS,False,False,False,154440,0,448229796207.0,4,ASK,LONG,1.0
AMAT,2026-07-20 13:35:26.919988+00:00,CALL,565.0,2026-07-24,295615,132,134,76,553.6,REPEATEDHITS,False,False,False,63010,232605,448229796207.0,4,BID,SHORT,0.5
AMAT,2026-07-17 19:59:15.098274+00:00,CALL,550.0,2026-07-24,83885,42,718,17,530.175,REPEATEDHITSASCENDINGFILL,False,False,False,81890,1995,448229796207.0,7,ASK,LONG,1.0
AMAT,2026-07-17 19:59:13.492130+00:00,CALL,550.0,2026-07-24,67555,34,663,17,530.03,REPEATEDHITSASCENDINGFILL,False,False,False,9940,0,448229796207.0,7,ASK,LONG,1.0
AMAT,2026-07-17 19:19:10.609782+00:00,CALL,525.0,2026-07-17,72244,206,284,6,527.06,REPEATEDHITSASCENDINGFILL,True,False,False,28119,34675,448229796207.0,0,BID,SHORT,0.5
AMAT,2026-07-17 19:04:33.394183+00:00,CALL,525.0,2026-08-07,474300,93,248,5,533.29,REPEATEDHITS,True,False,False,474300,0,448229796207.0,21,ASK,LONG,1.0
AMAT,2026-07-17 18:11:44.850855+00:00,PUT,485.0,2026-08-28,142800,35,37,1,533.045,REPEATEDHITS,False,False,False,114240,28560,448229796207.0,42,ASK,SHORT,1.0
AMAT,2026-07-17 17:44:25.105318+00:00,CALL,535.0,2026-07-17,196365,302,324,10,539.96,REPEATEDHITSASCENDINGFILL,True,False,False,44880,109235,448229796207.0,0,BID,SHORT,0.5
AMAT,2026-07-17 16:22:32.371611+00:00,CALL,650.0,2026-09-18,224445,55,100,41,544.63,REPEATEDHITSASCENDINGFILL,False,False,False,102820,121625,448229796207.0,63,BID,SHORT,0.5
AMAT,2026-07-17 14:47:26.674235+00:00,CALL,540.0,2026-07-24,150600,60,140,6,535.05,REPEATEDHITS,True,False,False,150600,0,448229796207.0,7,ASK,LONG,1.0
AMAT,2026-07-17 13:36:01.106273+00:00,CALL,640.0,2026-07-24,113960,407,409,264,524.01,REPEATEDHITS,False,False,False,0,113960,448229796207.0,7,BID,SHORT,0.5
AMAT,2026-07-17 13:32:00.864267+00:00,CALL,477.5,2026-07-17,53550,10,11,0,530.115,REPEATEDHITS,False,False,False,48195,5355,448229796207.0,0,ASK,LONG,1.0
AMAT,2026-07-16 19:27:47.058325+00:00,PUT,557.5,2026-07-17,165750,150,184,36,561.23,REPEATEDHITS,True,False,False,0,165750,448229796207.0,1,BID,LONG,0.5
AMAT,2026-07-16 19:15:52.240511+00:00,PUT,460.0,2026-07-24,70863,175,182,120,560.73,REPEATEDHITSDESCENDINGFILL,False,False,False,70863,0,448229796207.0,8,ASK,SHORT,1.0
AMAT,2026-07-16 15:46:47.641539+00:00,CALL,525.0,2026-08-14,82875,10,10,5,569.46,REPEATEDHITSDESCENDINGFILL,True,False,False,66300,16575,448229796207.0,29,ASK,LONG,1.0
AMAT,2026-07-16 14:38:09.523498+00:00,PUT,415.0,2026-08-28,76215,59,67,1,579.495,REPEATEDHITSDESCENDINGFILL,False,False,False,41925,34290,448229796207.0,43,ASK,SHORT,1.0
AMAT,2026-07-16 14:21:43.073227+00:00,CALL,650.0,2026-09-18,63805,11,72,0,580.55,REPEATEDHITS,False,False,False,0,63805,448229796207.0,64,BID,SHORT,0.5
AMAT,2026-07-15 17:51:37.675865+00:00,CALL,590.0,2026-07-24,271000,100,113,75,578.2482,REPEATEDHITS,False,False,False,0,108400,448229796207.0,9,BID,SHORT,0.5
AMAT,2026-07-15 17:47:44.857434+00:00,CALL,582.5,2026-07-24,321385,107,183,8,576.94,REPEATEDHITS,True,False,False,81385,81000,448229796207.0,9,ASK,LONG,1.0
AMAT,2026-07-15 13:39:59.226335+00:00,CALL,597.5,2026-07-24,120760,36,40,33,593.925,REPEATEDHITSASCENDINGFILL,False,False,False,60610,60150,448229796207.0,9,ASK,LONG,1.0
AMAT,2026-07-14 16:19:47.549005+00:00,PUT,552.5,2026-07-17,310717,322,323,11,592.1023,REPEATEDHITSDESCENDINGFILL,False,False,False,310717,0,448229796207.0,3,ASK,SHORT,1.0
AMAT,2026-07-13 16:26:50.511910+00:00,PUT,555.0,2026-08-14,81120,16,17,3,574.915,REPEATEDHITS,False,False,False,76050,5070,448229796207.0,32,ASK,SHORT,1.0
AMAT,2026-07-13 15:51:48.975994+00:00,PUT,515.0,2026-07-17,133176,234,278,34,579.5423,REPEATEDHITSDESCENDINGFILL,True,False,False,123656,9520,448229796207.0,4,ASK,SHORT,1.0
AMAT,2026-07-10 18:48:13.020488+00:00,CALL,617.5,2026-07-24,75600,21,31,13,604.075,REPEATEDHITS,False,False,False,54000,0,448229796207.0,14,ASK,LONG,1.0
AMD,2026-07-22 15:16:40.682083+00:00,CALL,585.0,2026-07-27,350635,375,803,32,555.81,REPEATEDHITSASCENDINGFILL,True,False,False,940,349695,887747905891.0,5,BID,SHORT,0.5
AMD,2026-07-22 15:10:10.950577+00:00,PUT,560.0,2026-07-22,187531,302,464,52,557.42,REPEATEDHITSASCENDINGFILL,True,False,False,1260,186271,887747905891.0,0,BID,LONG,0.5
AMD,2026-07-22 15:04:51.690724+00:00,CALL,600.0,2026-07-29,128965,141,632,132,554.11,REPEATEDHITSASCENDINGFILL,True,False,False,118965,10000,887747905891.0,7,ASK,LONG,1.0
AMD,2026-07-22 14:49:55.841375+00:00,CALL,580.0,2026-07-27,164364,166,254,138,552.1898,REPEATEDHITSASCENDINGFILL,True,False,False,163379,985,887747905891.0,5,ASK,LONG,1.0
AMD,2026-07-22 14:22:42.412030+00:00,CALL,750.0,2026-08-28,156945,154,156,25,552.31,REPEATEDHITSASCENDINGFILL,True,False,False,77630,79315,887747905891.0,37,BID,SHORT,0.5
AMD,2026-07-22 14:22:37.000852+00:00,PUT,552.5,2026-07-22,106655,172,292,70,551.9888,REPEATEDHITSASCENDINGFILL,True,False,False,0,106655,887747905891.0,0,BID,LONG,0.5
AMD,2026-07-22 13:55:52.331613+00:00,CALL,562.5,2026-07-22,155372,716,1237,403,551.5425,REPEATEDHITS,False,False,False,0,155372,887747905891.0,0,BID,SHORT,0.5
AMD,2026-07-22 13:51:47.465366+00:00,CALL,557.5,2026-07-22,207001,690,1082,305,548.0325,REPEATEDHITSASCENDINGFILL,False,False,False,51307,155694,887747905891.0,0,BID,SHORT,0.5
AMD,2026-07-22 13:37:41.707079+00:00,CALL,600.0,2026-07-29,138619,170,181,132,547.01,REPEATEDHITS,True,False,False,73009,65610,887747905891.0,7,ASK,LONG,1.0
AMD,2026-07-22 13:32:11.537317+00:00,CALL,552.5,2026-07-31,115345,50,50,31,535.7801,REPEATEDHITSASCENDINGFILL,True,False,False,57450,57895,887747905891.0,9,BID,SHORT,0.5
AMD,2026-07-21 19:57:52.409161+00:00,PUT,555.0,2026-07-22,100459,63,152,31,544.3,REPEATEDHITS,False,False,False,100459,0,887747905891.0,1,ASK,SHORT,1.0
AMD,2026-07-21 19:55:34.006258+00:00,CALL,555.0,2026-07-22,247500,500,2743,289,544.02,REPEATEDHITS,True,False,False,0,247500,887747905891.0,1,BID,SHORT,0.5
AMD,2026-07-21 19:51:16.101235+00:00,CALL,587.5,2026-07-31,173830,116,128,26,543.3499,REPEATEDHITSASCENDINGFILL,False,False,False,170840,1495,887747905891.0,10,ASK,LONG,1.0
AMD,2026-07-21 19:50:23.231949+00:00,CALL,555.0,2026-07-27,155730,91,273,55,542.53,REPEATEDHITS,True,False,False,87515,68215,887747905891.0,6,ASK,LONG,1.0
AMD,2026-07-21 19:49:32.941282+00:00,CALL,820.0,2026-08-21,152490,510,545,212,541.725,REPEATEDHITS,True,False,False,0,1495,887747905891.0,31,BID,SHORT,0.5
AMD,2026-07-21 19:40:32.301630+00:00,CALL,552.5,2026-07-29,109415,50,60,44,541.73,REPEATEDHITSDESCENDINGFILL,True,False,False,28550,76515,887747905891.0,8,BID,SHORT,0.5
AMD,2026-07-21 19:40:12.483468+00:00,CALL,547.5,2026-07-27,261918,131,178,7,542.0401,REPEATEDHITSDESCENDINGFILL,False,False,False,261918,0,887747905891.0,6,ASK,LONG,1.0
AMD,2026-07-21 19:40:12.483468+00:00,CALL,545.0,2026-07-27,390049,184,6417,15,542.0401,REPEATEDHITSDESCENDINGFILL,True,False,False,390049,0,887747905891.0,6,ASK,LONG,1.0
AMD,2026-07-21 19:38:38.967209+00:00,PUT,532.5,2026-07-27,153560,88,213,38,542.22,REPEATEDHITS,True,False,False,17450,136110,887747905891.0,6,BID,LONG,0.5
AMD,2026-07-21 19:33:42.607191+00:00,PUT,540.0,2026-07-27,316240,145,383,8,540.835,REPEATEDHITSASCENDINGFILL,True,False,False,58955,257285,887747905891.0,6,BID,LONG,0.5
AMD,2026-07-21 19:22:43.341228+00:00,CALL,580.0,2026-07-29,216537,176,201,5,541.2,REPEATEDHITSASCENDINGFILL,True,False,False,1235,215302,887747905891.0,8,BID,SHORT,0.5
AMD,2026-07-21 19:14:32.969580+00:00,CALL,590.0,2026-07-27,168245,253,399,36,541.34,REPEATEDHITS,False,False,False,0,168245,887747905891.0,6,BID,SHORT,0.5
AMD,2026-07-21 18:48:45.170556+00:00,CALL,547.5,2026-07-22,480000,500,3231,253,545.71,REPEATEDHITS,False,False,False,95040,7680,887747905891.0,1,ASK,LONG,1.0
AMD,2026-07-21 18:45:37.724679+00:00,CALL,547.5,2026-07-22,485000,500,1966,253,545.745,REPEATEDHITS,False,False,False,0,215340,887747905891.0,1,BID,SHORT,0.5
AMD,2026-07-21 18:45:26.909558+00:00,CALL,547.5,2026-07-22,490000,500,1461,253,545.805,REPEATEDHITS,True,False,False,0,490000,887747905891.0,1,BID,SHORT,0.5
AMD,2026-07-21 18:43:27.524049+00:00,PUT,540.0,2026-07-22,607457,750,1983,66,544.7301,REPEATEDHITSDESCENDINGFILL,True,False,False,606652,805,887747905891.0,1,ASK,SHORT,1.0
AMD,2026-07-21 18:24:01.647423+00:00,PUT,520.0,2026-07-22,270445,959,2750,99,543.01,REPEATEDHITSDESCENDINGFILL,True,False,False,571,269874,887747905891.0,1,BID,LONG,0.5
AMD,2026-07-21 18:22:57.579716+00:00,PUT,510.0,2027-02-19,2291940,238,238,0,542.8,REPEATEDHITS,False,False,False,0,1906740,887747905891.0,213,BID,LONG,0.5
AMD,2026-07-21 18:12:35.469573+00:00,CALL,535.0,2026-07-22,1055596,723,6259,252,542.39,REPEATEDHITS,False,False,False,0,1055596,887747905891.0,1,BID,SHORT,0.5
AMD,2026-07-21 17:43:43.451009+00:00,PUT,530.0,2026-07-22,378502,701,3857,150,543.26,REPEATEDHITSDESCENDINGFILL,False,False,False,378502,0,887747905891.0,1,ASK,SHORT,1.0
AMD,2026-07-21 17:19:59.219624+00:00,CALL,542.5,2026-07-22,767059,741,3014,196,541.6101,REPEATEDHITSDESCENDINGFILL,True,False,False,12475,754584,887747905891.0,1,BID,SHORT,0.5
AMD,2026-07-21 16:38:25.204845+00:00,PUT,537.5,2026-07-22,396020,396,614,57,539.26,REPEATEDHITSASCENDINGFILL,False,False,False,0,396020,887747905891.0,1,BID,LONG,0.5
AMD,2026-07-21 16:30:32.856800+00:00,CALL,560.0,2026-07-22,147360,500,3092,356,537.625,REPEATEDHITSASCENDINGFILL,False,False,False,147360,0,887747905891.0,1,ASK,LONG,1.0
AMD,2026-07-21 15:15:02.299054+00:00,PUT,485.0,2026-07-22,114034,1541,2006,356,535.5,REPEATEDHITS,False,False,False,114034,0,887747905891.0,1,ASK,SHORT,1.0
AMD,2026-07-21 14:31:09.033270+00:00,CALL,532.5,2026-07-22,144540,132,1572,130,531.83,REPEATEDHITS,True,False,False,0,144540,887747905891.0,1,BID,SHORT,0.5
AMD,2026-07-21 14:25:39.078299+00:00,CALL,540.0,2026-07-22,677625,975,4174,763,529.63,REPEATEDHITS,False,False,False,677625,0,887747905891.0,1,ASK,LONG,1.0
AMD,2026-07-21 13:55:44.033159+00:00,CALL,1060.0,2027-01-15,133675,70,70,62,529.32,REPEATEDHITSASCENDINGFILL,False,False,False,67070,66605,887747905891.0,178,ASK,LONG,1.0
AMD,2026-07-21 13:55:44.033159+00:00,CALL,1070.0,2027-01-15,196160,106,108,68,529.19,REPEATEDHITSASCENDINGFILL,False,False,False,98655,97505,887747905891.0,178,ASK,LONG,1.0
AMD,2026-07-21 13:51:14.679870+00:00,PUT,517.5,2026-07-22,273592,445,518,38,534.5408,REPEATEDHITSASCENDINGFILL,False,False,False,273592,0,887747905891.0,1,ASK,SHORT,1.0
AMD,2026-07-21 13:37:42.714438+00:00,CALL,532.5,2026-08-03,202925,64,65,0,526.11,REPEATEDHITSASCENDINGFILL,True,False,False,108025,94900,887747905891.0,13,ASK,LONG,1.0
AMD,2026-07-21 13:33:00.741999+00:00,CALL,550.0,2026-07-29,431725,215,216,49,529.21,REPEATEDHITSASCENDINGFILL,True,False,False,270440,161285,887747905891.0,8,ASK,LONG,1.0
AMD,2026-07-21 13:30:28.710157+00:00,CALL,527.5,2026-07-22,308965,218,250,92,529.14,REPEATEDHITSASCENDINGFILL,True,False,False,163675,145290,887747905891.0,1,ASK,LONG,1.0
AMD,2026-07-20 19:57:09.614270+00:00,PUT,505.0,2026-07-20,221000,1000,11923,289,503.11,REPEATEDHITS,True,False,False,0,221000,887747905891.0,0,BID,LONG,0.5
AMD,2026-07-20 19:39:26.935837+00:00,CALL,475.0,2026-08-14,178205,27,31,6,508.17,REPEATEDHITS,True,False,False,13200,165005,887747905891.0,25,BID,SHORT,0.5
AMD,2026-07-20 19:25:27.662366+00:00,PUT,507.5,2026-07-24,233500,100,340,74,507.11,REPEATEDHITS,False,False,False,233500,0,887747905891.0,4,ASK,SHORT,1.0
AMD,2026-07-20 19:11:31.425510+00:00,PUT,545.0,2026-08-21,478630,66,76,0,510.28,REPEATEDHITSDESCENDINGFILL,True,False,False,239560,239070,887747905891.0,32,ASK,SHORT,1.0
AMD,2026-07-20 19:11:31.425510+00:00,PUT,535.0,2026-08-21,338185,51,85,0,510.235,REPEATEDHITSDESCENDINGFILL,True,False,False,179170,159015,887747905891.0,32,ASK,SHORT,1.0
AMD,2026-07-20 19:11:31.425510+00:00,PUT,525.0,2026-08-21,235780,39,58,0,510.235,REPEATEDHITSDESCENDINGFILL,True,False,False,181500,54280,887747905891.0,32,ASK,SHORT,1.0
AMD,2026-07-20 18:32:21.849711+00:00,CALL,512.5,2026-07-27,190990,71,192,50,515.5,REPEATEDHITS,False,False,False,134500,56490,887747905891.0,7,ASK,LONG,1.0
AMD,2026-07-20 18:23:04.751787+00:00,PUT,507.5,2026-07-22,107868,100,638,41,515.08,REPEATEDHITSASCENDINGFILL,False,False,False,99268,0,887747905891.0,2,ASK,SHORT,1.0
AMZN,2026-07-22 14:01:04.971853+00:00,CALL,247.5,2026-07-22,279070,4228,13549,2200,246.04,REPEATEDHITSDESCENDINGFILL,True,False,False,276286,804,2662922440882.0,0,ASK,LONG,1.0
AMZN,2026-07-21 15:24:14.300067+00:00,CALL,260.0,2026-07-27,244948,3223,4533,1679,248.095,REPEATEDHITS,False,False,False,244948,0,2662922440882.0,6,ASK,LONG,1.0
AMZN,2026-07-21 15:20:17.725013+00:00,CALL,280.0,2026-07-31,2760000,23000,25163,4164,248.015,REPEATEDHITS,False,False,False,0,0,2662922440882.0,10,MIXED,,0.0
AMZN,2026-07-21 15:20:17.725013+00:00,CALL,265.0,2026-07-31,8395000,23000,25137,6088,248.015,REPEATEDHITS,False,False,False,0,0,2662922440882.0,10,MIXED,,0.0
AMZN,2026-07-21 14:52:59.682867+00:00,CALL,245.0,2026-07-29,210000,300,805,0,248.13,REPEATEDHITS,False,False,False,0,210000,2662922440882.0,8,BID,SHORT,0.5
AMZN,2026-07-21 14:50:02.439305+00:00,CALL,247.5,2026-07-27,144569,300,1625,92,248.44,REPEATEDHITSASCENDINGFILL,False,False,False,144569,0,2662922440882.0,6,ASK,LONG,1.0
AMZN,2026-07-21 14:49:44.807342+00:00,CALL,245.0,2026-07-27,125834,200,1754,175,248.445,REPEATEDHITSASCENDINGFILL,False,False,False,0,52124,2662922440882.0,6,BID,SHORT,0.5
AMZN,2026-07-20 19:14:41.122240+00:00,PUT,252.5,2026-07-22,171570,399,1386,103,249.79,REPEATEDHITS,True,False,False,68800,102770,2662922440882.0,2,BID,LONG,0.5
AMZN,2026-07-20 18:09:49.799008+00:00,CALL,250.0,2026-07-22,493543,1592,8033,1214,250.55,REPEATEDHITS,False,False,False,0,493543,2662922440882.0,2,BID,SHORT,0.5
AMZN,2026-07-20 17:25:05.178659+00:00,PUT,252.5,2026-07-20,124440,488,10373,259,249.98,REPEATEDHITS,False,False,False,123930,510,2662922440882.0,0,ASK,SHORT,1.0
AMZN,2026-07-20 15:49:25.962448+00:00,PUT,247.5,2026-07-24,580417,2341,3903,757,251.42,REPEATEDHITSDESCENDINGFILL,True,False,False,543120,37297,2662922440882.0,4,ASK,SHORT,1.0
AMZN,2026-07-20 14:11:18.193040+00:00,CALL,250.0,2026-07-22,370840,1236,3191,1214,249.825,REPEATEDHITSASCENDINGFILL,False,False,False,3600,366941,2662922440882.0,2,BID,SHORT,0.5
AMZN,2026-07-17 16:46:55.710381+00:00,PUT,250.0,2026-07-22,1528898,3324,3445,224,248.53,REPEATEDHITSDESCENDINGFILL,False,False,False,1528898,0,2662922440882.0,5,ASK,SHORT,1.0
AMZN,2026-07-17 16:34:27.917706+00:00,PUT,245.0,2026-07-22,107352,426,682,267,248.07,REPEATEDHITS,False,False,False,107352,0,2662922440882.0,5,ASK,SHORT,1.0
AMZN,2026-07-17 16:01:19.235180+00:00,CALL,250.0,2026-07-22,199640,644,1104,518,248.57,REPEATEDHITS,False,False,False,0,199640,2662922440882.0,5,BID,SHORT,0.5
AMZN,2026-07-16 19:04:29.022687+00:00,PUT,255.0,2026-07-24,733902,1165,1788,331,253.2,REPEATEDHITSDESCENDINGFILL,False,False,False,733902,0,2662922440882.0,8,ASK,SHORT,1.0
AMZN,2026-07-16 18:29:17.680260+00:00,PUT,237.5,2026-07-27,109176,1000,1005,8,252.85,REPEATEDHITS,False,False,False,0,109176,2662922440882.0,11,BID,LONG,0.5
AMZN,2026-07-16 17:55:17.495737+00:00,PUT,255.0,2026-07-22,1135132,2911,4150,345,255.99,REPEATEDHITSDESCENDINGFILL,False,False,False,1134742,390,2662922440882.0,6,ASK,SHORT,1.0
AMZN,2026-07-16 16:57:32.612918+00:00,PUT,257.5,2026-07-17,194400,648,3137,505,256.075,REPEATEDHITS,False,False,False,194400,0,2662922440882.0,1,ASK,SHORT,1.0
AMZN,2026-07-16 16:40:11.454713+00:00,PUT,255.0,2026-07-22,446040,1062,1197,345,255.375,REPEATEDHITS,False,False,False,446040,0,2662922440882.0,6,ASK,SHORT,1.0
AMZN,2026-07-16 16:26:18.878775+00:00,CALL,255.0,2026-07-20,648585,1827,6032,766,255.66,REPEATEDHITS,False,False,False,0,648585,2662922440882.0,4,BID,SHORT,0.5
AMZN,2026-07-16 15:44:13.635571+00:00,PUT,257.5,2026-07-17,254314,748,2213,505,255.42,REPEATEDHITSDESCENDINGFILL,False,False,False,254314,0,2662922440882.0,1,ASK,SHORT,1.0
AMZN,2026-07-16 14:25:01.511257+00:00,CALL,255.0,2026-07-20,873014,2494,3457,766,255.55,REPEATEDHITSASCENDINGFILL,False,False,False,350,872664,2662922440882.0,4,BID,SHORT,0.5
AMZN,2026-07-16 14:08:24.544067+00:00,CALL,252.5,2026-07-20,636345,1611,1650,852,253.77,REPEATEDHITS,False,False,False,0,636345,2662922440882.0,4,BID,SHORT,0.5
AMZN,2026-07-16 13:32:56.774404+00:00,CALL,257.5,2026-07-31,406575,417,417,288,255.535,REPEATEDHITS,False,False,False,100425,0,2662922440882.0,15,ASK,LONG,1.0
AMZN,2026-07-15 19:45:40.972419+00:00,CALL,300.0,2026-08-07,129048,1032,1132,829,254.25,REPEATEDHITSDESCENDINGFILL,False,False,False,0,129048,2662922440882.0,23,BID,SHORT,0.5
AMZN,2026-07-15 19:06:51.749936+00:00,PUT,255.0,2026-07-15,121920,1270,34724,103,254.225,REPEATEDHITS,False,False,False,121920,0,2662922440882.0,0,ASK,SHORT,1.0
AMZN,2026-07-15 16:42:54.221762+00:00,PUT,257.5,2026-07-20,1387907,2953,3013,179,255.88,REPEATEDHITSDESCENDINGFILL,False,False,False,1387907,0,2662922440882.0,5,ASK,SHORT,1.0
AMZN,2026-07-15 14:03:30.032408+00:00,CALL,252.5,2026-07-15,597621,4596,51014,3640,252.77,REPEATEDHITSASCENDINGFILL,False,False,False,595627,0,2662922440882.0,0,ASK,LONG,1.0
AMZN,2026-07-15 14:01:14.725351+00:00,CALL,252.5,2026-07-15,523960,4362,43005,3640,252.6199,REPEATEDHITSASCENDINGFILL,True,False,False,518756,630,2662922440882.0,0,ASK,LONG,1.0
AMZN,2026-07-15 13:48:44.681701+00:00,CALL,252.5,2026-07-15,489191,5012,28151,3640,251.56,REPEATEDHITSASCENDINGFILL,True,False,False,228191,25400,2662922440882.0,0,ASK,LONG,1.0
AMZN,2026-07-13 15:36:13.722133+00:00,PUT,250.0,2026-07-13,141384,822,2966,555,248.605,REPEATEDHITS,False,False,False,0,141384,2662922440882.0,0,BID,LONG,0.5
AMZN,2026-07-13 15:33:08.907123+00:00,CALL,247.5,2026-07-31,1169280,1044,5416,0,248.535,REPEATEDHITS,False,False,False,812000,356160,2662922440882.0,18,ASK,LONG,1.0
AMZN,2026-07-13 15:04:52.846825+00:00,CALL,247.5,2026-07-31,462150,395,2547,0,249.14,REPEATEDHITS,False,False,False,198900,263250,2662922440882.0,18,BID,SHORT,0.5
AMZN,2026-07-13 15:04:52.846825+00:00,CALL,247.5,2026-07-31,706680,604,3152,0,249.14,REPEATEDHITS,True,False,False,234000,472680,2662922440882.0,18,BID,SHORT,0.5
AMZN,2026-07-13 15:03:58.368255+00:00,CALL,247.5,2026-07-31,1185000,1000,2144,0,249.095,REPEATEDHITS,False,False,False,1185000,0,2662922440882.0,18,ASK,LONG,1.0
AMZN,2026-07-13 15:03:38.949692+00:00,CALL,247.5,2026-07-31,1171083,1001,1144,0,249.0699,REPEATEDHITSDESCENDINGFILL,True,False,False,1102348,68735,2662922440882.0,18,ASK,LONG,1.0
AMZN,2026-07-10 18:49:47.945152+00:00,CALL,255.0,2026-08-07,666960,794,884,790,245.66,REPEATEDHITS,False,False,False,240240,0,2662922440882.0,28,ASK,LONG,1.0
AMZN,2026-07-10 18:29:04.799719+00:00,PUT,247.5,2026-07-13,269080,868,2444,60,245.54,REPEATEDHITS,False,False,False,0,269080,2662922440882.0,3,BID,LONG,0.5
AMZN,2026-07-10 15:50:29.579093+00:00,PUT,247.5,2026-07-13,155397,561,1439,60,246.32,REPEATEDHITS,False,False,False,0,155397,2662922440882.0,3,BID,LONG,0.5
AMZN,2026-07-10 15:09:28.705249+00:00,PUT,220.0,2026-08-07,313105,1010,1053,505,245.17,REPEATEDHITS,False,False,False,0,312795,2662922440882.0,28,BID,LONG,0.5
AMZN,2026-07-10 14:23:11.991428+00:00,PUT,247.5,2026-07-10,120228,699,6562,585,246.54,REPEATEDHITS,False,False,False,0,120228,2662922440882.0,0,BID,LONG,0.5
AMZN,2026-07-09 19:48:57.575924+00:00,CALL,247.5,2026-07-24,130560,204,5507,168,245.9,REPEATEDHITS,True,False,False,130560,0,2662922440882.0,15,ASK,LONG,1.0
AMZN,2026-07-09 18:56:47.179152+00:00,CALL,247.5,2026-07-15,263808,916,1528,679,244.34,REPEATEDHITS,False,False,False,263808,0,2662922440882.0,6,ASK,LONG,1.0
AMZN,2026-07-09 18:07:03.291553+00:00,CALL,250.0,2026-07-15,350266,1778,2706,480,244.135,REPEATEDHITS,False,False,False,350266,0,2662922440882.0,6,ASK,LONG,1.0
AMZN,2026-07-09 14:42:28.756023+00:00,PUT,235.0,2026-07-13,186120,1980,2085,306,241.04,REPEATEDHITS,False,False,False,186120,0,2662922440882.0,4,ASK,SHORT,1.0
AMZN,2026-07-08 18:51:01.742080+00:00,CALL,247.5,2026-07-13,213120,1332,1709,414,242.555,REPEATEDHITS,False,False,False,212960,160,2662922440882.0,5,ASK,LONG,1.0
AMZN,2026-07-07 18:44:19.941287+00:00,PUT,257.5,2026-07-10,696490,578,2871,157,245.76,REPEATEDHITS,False,False,False,0,696490,2662922440882.0,3,BID,LONG,0.5
AMZN,2026-07-07 16:47:50.477050+00:00,CALL,245.0,2026-08-14,722500,500,1024,49,245.87,REPEATEDHITS,False,False,False,359805,362695,2662922440882.0,38,BID,SHORT,0.5
AMZN,2026-07-07 13:54:56.556343+00:00,CALL,245.0,2026-07-15,2250000,3000,4536,123,248.74,REPEATEDHITS,False,False,False,0,2250000,2662922440882.0,8,BID,SHORT,0.5
APP,2026-07-22 15:09:17.480117+00:00,CALL,420.0,2026-07-31,131790,69,324,18,417.325,REPEATEDHITS,True,False,False,131790,0,131064251080.0,9,ASK,LONG,1.0
APP,2026-07-22 15:08:33.226061+00:00,CALL,410.0,2026-07-24,74460,51,68,26,416.78,REPEATEDHITS,False,False,False,0,74460,131064251080.0,2,BID,SHORT,0.5
APP,2026-07-22 13:39:46.658175+00:00,CALL,455.0,2026-07-24,59844,520,522,273,411.2,REPEATEDHITSASCENDINGFILL,False,False,False,135,59709,131064251080.0,2,BID,SHORT,0.5
APP,2026-07-21 16:38:35.012662+00:00,CALL,427.5,2026-07-24,92400,70,87,42,426.84,REPEATEDHITS,False,False,False,92400,0,131064251080.0,3,ASK,LONG,1.0
APP,2026-07-21 14:00:12.134743+00:00,CALL,465.0,2026-07-24,58310,238,240,107,427.23,REPEATEDHITS,True,False,False,58065,245,131064251080.0,3,ASK,LONG,1.0
APP,2026-07-21 13:55:53.248849+00:00,CALL,550.0,2026-08-28,61800,50,68,32,428.665,REPEATEDHITSASCENDINGFILL,True,False,False,43230,18570,131064251080.0,38,ASK,LONG,1.0
APP,2026-07-20 17:50:06.796505+00:00,PUT,220.0,2028-12-15,51750,10,236,7,429.95,REPEATEDHITS,False,False,False,0,51750,131064251080.0,879,BID,LONG,0.5
APP,2026-07-20 17:04:50.959070+00:00,PUT,320.0,2027-03-19,94904,21,23,0,427.19,REPEATEDHITSDESCENDINGFILL,False,False,False,94904,0,131064251080.0,242,ASK,SHORT,1.0
APP,2026-07-17 17:25:30.582598+00:00,CALL,430.0,2026-07-31,1224000,480,753,2,429.995,REPEATEDHITS,False,False,False,0,1224000,131064251080.0,14,BID,SHORT,0.5
APP,2026-07-17 17:25:24.773630+00:00,CALL,430.0,2026-07-31,227700,90,253,2,430.375,REPEATEDHITS,False,False,False,177100,25300,131064251080.0,14,ASK,LONG,1.0
APP,2026-07-17 17:25:08.750964+00:00,CALL,430.0,2026-07-31,276100,110,163,2,430.45,REPEATEDHITS,False,False,False,0,276100,131064251080.0,14,BID,SHORT,0.5
APP,2026-07-17 14:48:14.367606+00:00,CALL,497.5,2026-07-24,75293,753,769,21,417.21,REPEATEDHITSDESCENDINGFILL,False,False,False,75293,0,131064251080.0,7,ASK,LONG,1.0
APP,2026-07-17 13:59:21.494750+00:00,CALL,412.5,2026-07-31,55680,20,20,0,418.565,REPEATEDHITSASCENDINGFILL,True,False,False,2790,52890,131064251080.0,14,BID,SHORT,0.5
APP,2026-07-17 13:59:21.494750+00:00,CALL,415.0,2026-07-31,105503,40,40,15,418.565,REPEATEDHITSDESCENDINGFILL,True,False,False,26381,76472,131064251080.0,14,BID,SHORT,0.5
APP,2026-07-16 16:02:23.059595+00:00,CALL,437.5,2026-07-17,61390,59,184,22,442.2,REPEATEDHITSASCENDINGFILL,True,False,False,2110,59280,131064251080.0,1,BID,SHORT,0.5
APP,2026-07-16 15:36:39.291040+00:00,PUT,415.0,2026-07-17,75010,750,927,342,442.755,REPEATEDHITS,False,False,False,0,75010,131064251080.0,1,BID,LONG,0.5
APP,2026-07-15 19:39:25.379725+00:00,CALL,445.0,2026-07-17,118940,73,98,53,454.66,REPEATEDHITS,True,False,False,9730,102690,131064251080.0,2,BID,SHORT,0.5
APP,2026-07-14 17:51:21.800354+00:00,CALL,730.0,2027-02-19,55560,14,22,1,448.295,REPEATEDHITS,False,False,False,31920,23640,131064251080.0,220,ASK,LONG,1.0
APP,2026-07-14 16:46:15.699428+00:00,CALL,445.0,2026-07-31,111550,33,45,8,451.98,REPEATEDHITS,False,False,False,0,111550,131064251080.0,17,BID,SHORT,0.5
APP,2026-07-14 15:06:00.948877+00:00,CALL,455.0,2026-08-28,60540,11,12,2,454.73,REPEATEDHITSASCENDINGFILL,True,False,False,11020,49520,131064251080.0,45,BID,SHORT,0.5
APP,2026-07-13 19:33:36.702009+00:00,CALL,455.0,2026-08-07,71940,19,27,1,440.8,REPEATEDHITS,False,False,False,3790,68150,131064251080.0,25,BID,SHORT,0.5
APP,2026-07-13 18:04:34.830639+00:00,CALL,427.5,2026-07-24,63030,15,42,0,455.69,REPEATEDHITSDESCENDINGFILL,False,False,False,50460,12570,131064251080.0,11,ASK,LONG,1.0
APP,2026-07-13 18:04:34.830639+00:00,CALL,420.0,2026-07-24,61620,13,58,3,455.86,REPEATEDHITS,False,False,False,56880,4740,131064251080.0,11,ASK,LONG,1.0
APP,2026-07-13 18:04:34.830639+00:00,CALL,420.0,2026-07-24,170310,36,45,3,455.86,REPEATEDHITS,True,False,False,28440,71250,131064251080.0,11,BID,SHORT,0.5
APP,2026-07-13 18:04:34.830639+00:00,CALL,422.5,2026-07-24,68190,15,35,0,455.69,REPEATEDHITSASCENDINGFILL,False,False,False,40950,27240,131064251080.0,11,ASK,LONG,1.0
APP,2026-07-13 18:04:34.830639+00:00,CALL,425.0,2026-07-24,65610,15,87,4,455.69,REPEATEDHITSASCENDINGFILL,False,False,False,26370,39240,131064251080.0,11,BID,SHORT,0.5
APP,2026-07-13 14:59:13.744834+00:00,PUT,467.5,2026-07-24,80210,27,67,0,457.42,REPEATEDHITSASCENDINGFILL,True,False,False,5950,74260,131064251080.0,11,BID,LONG,0.5
APP,2026-07-13 14:39:53.802506+00:00,PUT,470.0,2026-07-24,115260,40,90,26,462.055,REPEATEDHITSASCENDINGFILL,True,False,False,5810,109450,131064251080.0,11,BID,LONG,0.5
APP,2026-07-13 14:27:40.682614+00:00,CALL,455.0,2026-07-17,178700,81,83,7,463.065,REPEATEDHITSDESCENDINGFILL,False,False,False,161100,17600,131064251080.0,4,ASK,LONG,1.0
APP,2026-07-10 19:08:17.034408+00:00,PUT,492.5,2026-07-17,56540,46,69,0,507.35,REPEATEDHITSASCENDINGFILL,True,False,False,0,56540,131064251080.0,7,BID,LONG,0.5
APP,2026-07-10 14:00:42.660397+00:00,PUT,485.0,2026-07-24,52460,33,33,30,512.4,REPEATEDHITS,True,False,False,50910,1550,131064251080.0,14,ASK,SHORT,1.0
APP,2026-07-09 19:06:26.275970+00:00,PUT,520.0,2026-07-24,82350,27,33,22,516.095,REPEATEDHITS,False,False,False,0,82350,131064251080.0,15,BID,LONG,0.5
APP,2026-07-09 15:41:02.719284+00:00,PUT,510.0,2026-07-10,144722,268,280,114,518.71,REPEATEDHITS,False,False,False,0,144722,131064251080.0,1,BID,LONG,0.5
APP,2026-07-09 14:52:21.776524+00:00,CALL,520.0,2026-07-10,203000,223,321,202,517.71,REPEATEDHITSASCENDINGFILL,True,False,False,970,202030,131064251080.0,1,BID,SHORT,0.5
APP,2026-07-09 14:10:38.967635+00:00,CALL,580.0,2026-07-31,62430,36,64,19,525.3663,REPEATEDHITS,False,False,False,22700,39730,131064251080.0,22,BID,SHORT,0.5
APP,2026-07-09 14:08:34.788966+00:00,CALL,620.0,2026-07-31,54310,56,56,27,529.64,REPEATEDHITS,True,False,False,54310,0,131064251080.0,22,ASK,LONG,1.0
APP,2026-07-09 13:49:52.001044+00:00,CALL,530.0,2026-07-24,121260,43,70,24,522.93,REPEATEDHITS,False,False,False,81780,39480,131064251080.0,15,ASK,LONG,1.0
APP,2026-07-08 17:15:54.028536+00:00,PUT,490.0,2026-07-31,213714,81,96,43,513.63,REPEATEDHITSASCENDINGFILL,True,False,False,208544,5170,131064251080.0,23,ASK,SHORT,1.0
APP,2026-07-07 17:16:40.160053+00:00,PUT,555.0,2026-07-31,90720,18,18,4,533.87,REPEATEDHITS,False,False,False,90720,0,131064251080.0,24,ASK,SHORT,1.0
APP,2026-07-07 14:16:08.959844+00:00,PUT,545.0,2026-07-31,61460,12,21,7,520.2,REPEATEDHITS,False,False,False,51220,10240,131064251080.0,24,ASK,SHORT,1.0
APP,2026-07-07 14:05:31.697249+00:00,CALL,675.0,2026-07-31,75950,155,155,37,528.29,REPEATEDHITS,True,False,False,0,75950,131064251080.0,24,BID,SHORT,0.5
APP,2026-07-06 16:39:38.447102+00:00,CALL,720.0,2026-08-14,73500,60,72,0,541.43,REPEATEDHITSDESCENDINGFILL,False,False,False,30750,42750,131064251080.0,39,BID,SHORT,0.5
APP,2026-07-06 13:41:07.126611+00:00,PUT,527.5,2026-07-24,51910,14,22,0,518.045,REPEATEDHITS,True,False,False,3710,48200,131064251080.0,18,BID,LONG,0.5
APP,2026-07-01 13:53:37.946245+00:00,PUT,525.0,2026-07-02,104179,359,387,56,551.51,REPEATEDHITSASCENDINGFILL,False,False,False,3835,100344,131064251080.0,1,BID,LONG,0.5
APP,2026-06-30 15:11:56.932878+00:00,PUT,495.0,2026-07-02,98310,117,157,30,505.07,REPEATEDHITSASCENDINGFILL,True,False,False,9260,89050,131064251080.0,2,BID,LONG,0.5
APP,2026-06-30 14:10:37.040852+00:00,CALL,800.0,2026-11-20,59520,23,24,12,507.08,REPEATEDHITS,False,False,False,20760,38760,131064251080.0,143,BID,SHORT,0.5
APP,2026-06-30 14:03:14.087692+00:00,CALL,530.0,2026-07-17,607700,298,1258,273,508.08,REPEATEDHITSASCENDINGFILL,False,False,False,469690,138010,131064251080.0,17,ASK,LONG,1.0
APP,2026-06-29 18:28:38.604319+00:00,PUT,482.5,2026-07-10,65050,41,41,0,500.4899,REPEATEDHITSASCENDINGFILL,True,False,False,41440,22010,131064251080.0,11,ASK,SHORT,1.0
APP,2026-06-29 13:48:05.473572+00:00,CALL,550.0,2026-07-10,64776,82,132,80,503.92,REPEATEDHITS,True,False,False,64776,0,131064251080.0,11,ASK,LONG,1.0
APP,2026-06-26 15:30:26.824681+00:00,PUT,425.0,2026-07-02,62700,285,362,91,477.61,REPEATEDHITS,False,False,False,0,62700,131064251080.0,6,BID,LONG,0.5
ARM,2026-07-22 13:32:49.885352+00:00,CALL,247.5,2026-08-07,463925,90,90,0,284.0,REPEATEDHITSDESCENDINGFILL,True,False,False,232200,231725,308288728162.0,16,ASK,LONG,1.0
ARM,2026-07-21 19:58:45.894637+00:00,PUT,287.5,2026-07-24,102060,81,328,62,290.01,REPEATEDHITS,False,False,False,6300,0,308288728162.0,3,ASK,SHORT,1.0
ARM,2026-07-21 17:27:01.898996+00:00,PUT,312.5,2026-07-24,590610,225,226,16,293.28,REPEATEDHITSDESCENDINGFILL,False,False,False,587990,2620,308288728162.0,3,ASK,SHORT,1.0
ARM,2026-07-21 17:27:01.898996+00:00,PUT,312.5,2026-07-24,165955,63,289,16,293.17,REPEATEDHITSASCENDINGFILL,False,False,False,86775,79180,308288728162.0,3,ASK,SHORT,1.0
ARM,2026-07-21 16:06:00.869827+00:00,CALL,312.5,2026-07-31,78325,42,68,35,291.6,REPEATEDHITS,True,False,False,78325,0,308288728162.0,10,ASK,LONG,1.0
ARM,2026-07-21 15:26:50.329554+00:00,CALL,267.5,2026-08-21,109015,22,22,0,289.65,REPEATEDHITS,False,False,False,0,99100,308288728162.0,31,BID,SHORT,0.5
ARM,2026-07-21 15:26:34.703865+00:00,PUT,257.5,2026-07-31,65070,50,52,15,289.61,REPEATEDHITS,False,False,False,0,65070,308288728162.0,10,BID,LONG,0.5
ARM,2026-07-21 15:06:18.167449+00:00,CALL,285.0,2026-08-14,70740,19,36,4,289.13,REPEATEDHITSDESCENDINGFILL,True,False,False,0,70740,308288728162.0,24,BID,SHORT,0.5
ARM,2026-07-21 15:04:49.611270+00:00,CALL,277.5,2026-07-31,102085,32,40,12,287.78,REPEATEDHITS,False,False,False,3195,98890,308288728162.0,10,BID,SHORT,0.5
ARM,2026-07-21 14:59:19.654149+00:00,PUT,242.5,2026-07-24,76428,386,403,363,286.05,REPEATEDHITS,False,False,False,0,76428,308288728162.0,3,BID,LONG,0.5
ARM,2026-07-21 14:38:20.638501+00:00,CALL,420.0,2026-08-21,574532,720,1784,669,286.685,REPEATEDHITSDESCENDINGFILL,False,False,False,414622,141855,308288728162.0,31,ASK,LONG,1.0
ARM,2026-07-21 14:01:30.292439+00:00,CALL,310.0,2026-08-07,202760,101,109,46,282.16,REPEATEDHITSDESCENDINGFILL,True,False,False,102510,100250,308288728162.0,17,ASK,LONG,1.0
ARM,2026-07-20 16:38:55.921550+00:00,PUT,255.0,2026-07-24,574832,737,768,426,272.92,REPEATEDHITSDESCENDINGFILL,True,False,False,569377,5455,308288728162.0,4,ASK,SHORT,1.0
ARM,2026-07-20 15:46:57.552832+00:00,PUT,237.5,2026-07-24,477246,1256,3814,151,271.4769,REPEATEDHITSDESCENDINGFILL,True,False,False,475736,1510,308288728162.0,4,ASK,SHORT,1.0
ARM,2026-07-20 15:32:45.557487+00:00,PUT,237.5,2026-07-24,377338,1063,2543,151,271.975,REPEATEDHITSDESCENDINGFILL,False,False,False,376983,355,308288728162.0,4,ASK,SHORT,1.0
ARM,2026-07-20 14:49:24.867441+00:00,PUT,237.5,2026-07-24,476478,1444,1451,151,271.09,REPEATEDHITSDESCENDINGFILL,False,False,False,475178,975,308288728162.0,4,ASK,SHORT,1.0
ARM,2026-07-20 13:44:51.682402+00:00,CALL,320.0,2026-07-31,165000,150,156,134,276.9,REPEATEDHITS,False,False,False,165000,0,308288728162.0,11,ASK,LONG,1.0
ARM,2026-07-17 19:07:44.888017+00:00,CALL,330.0,2026-07-24,120410,703,829,312,266.725,REPEATEDHITSDESCENDINGFILL,True,False,False,71004,49406,308288728162.0,7,ASK,LONG,1.0
ARM,2026-07-17 17:09:22.870390+00:00,PUT,272.5,2026-07-17,112845,342,367,247,271.0662,REPEATEDHITSDESCENDINGFILL,False,False,False,112845,0,308288728162.0,0,ASK,SHORT,1.0
ARM,2026-07-17 15:54:39.150082+00:00,PUT,252.5,2026-07-31,70347,36,40,11,262.3353,REPEATEDHITSASCENDINGFILL,True,False,False,13702,56645,308288728162.0,14,BID,LONG,0.5
ARM,2026-07-17 15:35:50.016321+00:00,CALL,257.5,2026-07-17,166090,468,682,234,258.1,REPEATEDHITSDESCENDINGFILL,False,False,False,163640,1400,308288728162.0,0,ASK,LONG,1.0
ARM,2026-07-17 13:53:17.727971+00:00,PUT,207.5,2026-07-31,159910,204,204,76,250.285,REPEATEDHITSASCENDINGFILL,True,False,False,80450,79460,308288728162.0,14,ASK,SHORT,1.0
ARM,2026-07-17 13:38:39.725051+00:00,PUT,200.0,2026-08-28,134365,99,99,88,245.34,REPEATEDHITSDESCENDINGFILL,True,False,False,68180,66185,308288728162.0,42,ASK,SHORT,1.0
ARM,2026-07-16 19:59:12.822100+00:00,PUT,220.0,2027-06-17,221325,39,91,31,261.8,REPEATEDHITSASCENDINGFILL,False,False,False,45440,175885,308288728162.0,336,BID,LONG,0.5
ARM,2026-07-16 19:55:07.526526+00:00,CALL,257.5,2026-07-17,156000,200,653,5,260.5594,REPEATEDHITS,True,False,False,156000,0,308288728162.0,1,ASK,LONG,1.0
ARM,2026-07-16 19:00:47.761969+00:00,CALL,327.5,2026-07-24,64584,552,983,43,256.52,REPEATEDHITS,False,False,False,0,64584,308288728162.0,8,BID,SHORT,0.5
ARM,2026-07-16 17:44:48.047600+00:00,PUT,247.5,2026-07-24,111960,92,146,48,255.075,REPEATEDHITSDESCENDINGFILL,True,False,False,108330,2415,308288728162.0,8,ASK,SHORT,1.0
ARM,2026-07-16 16:33:32.856531+00:00,PUT,262.5,2026-07-17,439580,389,438,174,254.055,REPEATEDHITSASCENDINGFILL,False,False,False,0,439580,308288728162.0,1,BID,LONG,0.5
ARM,2026-07-16 16:09:07.959364+00:00,CALL,320.0,2026-07-24,51988,342,406,158,255.17,REPEATEDHITSASCENDINGFILL,False,False,False,155,51833,308288728162.0,8,BID,SHORT,0.5
ARM,2026-07-16 15:56:55.587893+00:00,CALL,327.5,2026-07-24,51972,426,428,43,256.42,REPEATEDHITS,False,False,False,0,51972,308288728162.0,8,BID,SHORT,0.5
ARM,2026-07-16 15:38:27.642027+00:00,PUT,265.0,2026-07-17,518860,476,617,387,257.23,REPEATEDHITSASCENDINGFILL,False,False,False,2190,516670,308288728162.0,1,BID,LONG,0.5
ARM,2026-07-16 15:31:12.844250+00:00,PUT,165.0,2026-10-16,94500,100,101,27,256.51,REPEATEDHITS,False,False,False,94500,0,308288728162.0,92,ASK,SHORT,1.0
ARM,2026-07-16 14:40:28.578745+00:00,CALL,257.5,2026-07-17,140000,200,238,5,257.54,REPEATEDHITS,False,False,False,0,140000,308288728162.0,1,BID,SHORT,0.5
ARM,2026-07-16 14:21:37.461519+00:00,CALL,325.0,2026-07-24,60111,398,408,343,258.59,REPEATEDHITSASCENDINGFILL,False,False,False,163,59948,308288728162.0,8,BID,SHORT,0.5
ARM,2026-07-16 14:08:16.916838+00:00,PUT,237.5,2026-07-24,72083,106,123,20,261.13,REPEATEDHITS,True,False,False,0,72083,308288728162.0,8,BID,LONG,0.5
ARM,2026-07-16 13:55:25.493187+00:00,PUT,215.0,2026-07-24,287199,967,967,88,258.345,REPEATEDHITS,False,False,False,287199,0,308288728162.0,8,ASK,SHORT,1.0
ARM,2026-07-15 18:59:10.027990+00:00,PUT,247.5,2026-07-31,320555,213,236,0,272.495,REPEATEDHITSDESCENDINGFILL,True,False,False,317555,1500,308288728162.0,16,ASK,SHORT,1.0
ARM,2026-07-15 16:29:12.615266+00:00,CALL,285.0,2026-07-17,81180,246,1279,151,267.77,REPEATEDHITS,False,False,False,81180,0,308288728162.0,2,ASK,LONG,1.0
ARM,2026-07-15 15:55:08.112744+00:00,CALL,275.0,2026-07-17,53555,69,617,51,271.48,REPEATEDHITSASCENDINGFILL,True,False,False,24035,29520,308288728162.0,2,BID,SHORT,0.5
ARM,2026-07-15 14:25:59.374427+00:00,PUT,260.0,2026-08-14,159475,64,64,42,276.255,REPEATEDHITS,True,False,False,157000,2475,308288728162.0,30,ASK,SHORT,1.0
ARM,2026-07-14 16:58:31.377499+00:00,CALL,282.5,2026-07-17,116398,98,953,3,281.76,REPEATEDHITSDESCENDINGFILL,False,False,False,0,116398,308288728162.0,3,BID,SHORT,0.5
ARM,2026-07-14 15:51:20.631273+00:00,PUT,267.5,2026-07-24,62510,46,136,27,280.4499,REPEATEDHITSDESCENDINGFILL,True,False,False,57150,5360,308288728162.0,10,ASK,SHORT,1.0
ARM,2026-07-14 14:09:58.551961+00:00,PUT,282.5,2026-07-17,647721,508,580,157,282.18,REPEATEDHITSASCENDINGFILL,False,False,False,0,647721,308288728162.0,3,BID,LONG,0.5
ARM,2026-07-14 14:07:25.870198+00:00,CALL,285.0,2026-08-28,96000,24,34,1,281.49,REPEATEDHITSASCENDINGFILL,True,False,False,48060,47940,308288728162.0,45,ASK,LONG,1.0
ARM,2026-07-14 13:43:12.767132+00:00,PUT,277.5,2026-07-24,220895,148,228,135,289.14,REPEATEDHITSASCENDINGFILL,True,False,False,46350,174545,308288728162.0,10,BID,LONG,0.5
ARM,2026-07-14 13:43:12.767132+00:00,PUT,267.5,2026-07-24,59540,54,54,27,289.14,REPEATEDHITSASCENDINGFILL,False,False,False,29845,29695,308288728162.0,10,ASK,SHORT,1.0
ARM,2026-07-14 13:43:12.767132+00:00,PUT,272.5,2026-07-24,139830,109,110,41,289.14,REPEATEDHITSASCENDINGFILL,True,False,False,63085,76745,308288728162.0,10,BID,LONG,0.5
ARM,2026-07-14 13:32:27.156943+00:00,PUT,220.0,2026-07-31,66475,143,143,87,291.43,REPEATEDHITSDESCENDINGFILL,False,False,False,34175,32300,308288728162.0,17,ASK,SHORT,1.0
ARM,2026-07-13 16:16:58.106778+00:00,PUT,282.5,2026-07-24,177500,135,213,14,299.94,REPEATEDHITSDESCENDINGFILL,True,False,False,176205,1295,308288728162.0,11,ASK,SHORT,1.0
ARM,2026-07-13 16:09:14.704891+00:00,CALL,600.0,2026-11-20,203030,120,120,29,302.37,REPEATEDHITS,True,False,False,61320,141710,308288728162.0,130,BID,SHORT,0.5
AWK,2026-07-21 19:30:17.508845+00:00,CALL,130.0,2026-09-18,306203,567,880,497,131.13,REPEATEDHITSASCENDINGFILL,True,False,False,540,305663,25685246927.0,59,BID,SHORT,0.5
AWK,2026-07-20 16:24:14.093538+00:00,PUT,140.0,2026-08-21,53070,61,61,10,133.245,REPEATEDHITS,False,False,False,53070,0,25685246927.0,32,ASK,SHORT,1.0
AWK,2026-07-20 15:21:27.110262+00:00,PUT,135.0,2026-09-18,71820,126,127,49,134.165,REPEATEDHITS,False,False,False,71820,0,25685246927.0,60,ASK,SHORT,1.0
AWK,2026-07-17 19:08:08.922999+00:00,PUT,135.0,2026-08-21,49720,113,120,6,134.75,REPEATEDHITS,False,False,False,49720,0,25685246927.0,35,ASK,SHORT,1.0
AWK,2026-07-08 19:29:27.655289+00:00,PUT,130.0,2026-07-17,109000,1000,1002,291,132.71,LOWHISTORICVOLUMEFLOOR,False,True,False,109000,0,25685246927.0,9,ASK,SHORT,1.0
AWK,2026-07-07 14:32:08.603105+00:00,PUT,135.0,2026-07-17,19105,201,490,69,137.37,REPEATEDHITS,False,False,False,0,19105,25685246927.0,10,BID,LONG,0.5
AWK,2026-07-07 14:11:56.492324+00:00,PUT,135.0,2026-07-17,28723,287,287,69,137.08,REPEATEDHITSASCENDINGFILL,False,False,False,0,28723,25685246927.0,10,BID,LONG,0.5
AWK,2026-06-30 16:25:54.775426+00:00,CALL,145.0,2026-08-21,24300,256,267,19,133.23,REPEATEDHITSDESCENDINGFILL,False,False,False,24300,0,25685246927.0,52,ASK,LONG,1.0
AWK,2026-06-25 15:59:37.348901+00:00,PUT,130.0,2026-07-17,63300,211,229,56,129.355,REPEATEDHITS,False,False,False,63300,0,25685246927.0,22,ASK,SHORT,1.0
AWK,2026-06-24 18:31:00.983911+00:00,CALL,130.0,2026-08-21,37200,93,278,19,128.55,REPEATEDHITS,False,False,False,37200,0,25685246927.0,58,ASK,LONG,1.0
AWK,2026-06-24 15:25:46.890107+00:00,CALL,140.0,2026-08-21,29246,344,347,3,127.99,REPEATEDHITSASCENDINGFILL,True,False,False,0,29246,25685246927.0,58,BID,SHORT,0.5
AWK,2026-06-24 13:36:56.804690+00:00,CALL,135.0,2026-09-18,64639,202,202,164,128.4416,REPEATEDHITS,False,False,False,64639,0,25685246927.0,86,ASK,LONG,1.0
AWK,2026-06-03 16:01:55.383745+00:00,PUT,115.0,2026-07-17,23940,266,266,43,124.84,REPEATEDHITS,True,False,False,0,23940,25685246927.0,44,BID,LONG,0.5
BABA,2026-07-21 19:47:23.937646+00:00,PUT,114.0,2026-08-28,51975,99,202,2,118.04,REPEATEDHITS,False,False,False,51975,0,27399084364.0,38,ASK,SHORT,1.0
BABA,2026-07-21 19:16:05.477682+00:00,PUT,115.0,2028-12-15,1016800,400,400,52,118.21,FLOORTRADELARGECAP,False,True,False,0,1016800,27399084364.0,878,BID,LONG,0.5
BABA,2026-07-21 15:21:04.209841+00:00,PUT,118.0,2026-08-21,85120,133,1428,38,118.07,REPEATEDHITS,False,False,False,0,85120,27399084364.0,31,BID,LONG,0.5
BABA,2026-07-21 14:26:19.164884+00:00,CALL,125.0,2026-11-20,1703869,1600,1604,544,118.22,REPEATEDHITSDESCENDINGFILL,False,False,False,1702804,1065,27399084364.0,122,ASK,LONG,1.0
BABA,2026-07-21 13:36:41.129868+00:00,CALL,127.0,2026-07-31,74676,588,599,143,118.92,REPEATEDHITS,False,False,False,0,74676,27399084364.0,10,BID,SHORT,0.5
BABA,2026-07-20 18:48:54.938377+00:00,CALL,134.0,2026-07-24,10400,400,566,92,120.5,REPEATEDHITS,False,False,False,10400,0,27399084364.0,4,ASK,LONG,1.0
BABA,2026-07-20 18:42:27.197156+00:00,CALL,126.0,2026-07-24,67640,712,8800,626,120.58,REPEATEDHITS,False,False,False,95,67545,27399084364.0,4,BID,SHORT,0.5
BABA,2026-07-20 18:24:32.859518+00:00,PUT,125.0,2026-07-24,53500,100,635,35,120.961,REPEATEDHITS,False,False,False,53500,0,27399084364.0,4,ASK,SHORT,1.0
BABA,2026-07-20 17:51:56.970483+00:00,PUT,125.0,2026-07-24,53500,107,505,35,121.555,REPEATEDHITS,False,False,False,53500,0,27399084364.0,4,ASK,SHORT,1.0
BABA,2026-07-20 17:51:54.165544+00:00,PUT,125.0,2026-07-24,89595,181,398,35,121.5595,REPEATEDHITS,False,False,False,89595,0,27399084364.0,4,ASK,SHORT,1.0
BABA,2026-07-20 17:51:51.159672+00:00,PUT,125.0,2026-07-24,95280,194,217,35,121.585,REPEATEDHITSASCENDINGFILL,False,False,False,58530,36750,27399084364.0,4,ASK,SHORT,1.0
BABA,2026-07-20 17:10:37.128382+00:00,PUT,120.0,2026-08-28,108630,153,910,51,121.09,REPEATEDHITS,False,False,False,108630,0,27399084364.0,39,ASK,SHORT,1.0
BABA,2026-07-20 16:48:58.818269+00:00,CALL,145.0,2026-08-07,68850,1275,2498,18,121.515,REPEATEDHITS,False,False,False,0,68850,27399084364.0,18,BID,SHORT,0.5
BABA,2026-07-20 15:26:35.060722+00:00,CALL,135.0,2026-08-07,35205,309,504,197,120.08,REPEATEDHITSDESCENDINGFILL,False,False,False,23691,11514,27399084364.0,18,ASK,LONG,1.0
BABA,2026-07-20 15:12:48.476960+00:00,PUT,100.0,2026-07-31,10727,998,1009,686,119.27,REPEATEDHITSASCENDINGFILL,False,False,False,0,10727,27399084364.0,11,BID,LONG,0.5
BABA,2026-07-17 19:24:36.860976+00:00,PUT,116.0,2026-07-31,28560,68,143,38,115.4956,REPEATEDHITS,False,False,False,28560,0,27399084364.0,14,ASK,SHORT,1.0
BABA,2026-07-17 16:32:34.561545+00:00,CALL,122.0,2026-08-14,888741,2746,2999,1312,115.32,REPEATEDHITSASCENDINGFILL,True,False,False,448175,438616,27399084364.0,28,ASK,LONG,1.0
BABA,2026-07-16 19:20:51.417826+00:00,PUT,108.0,2026-07-24,11515,329,410,314,118.03,REPEATEDHITS,False,False,False,11515,0,27399084364.0,8,ASK,SHORT,1.0
BABA,2026-07-16 16:39:23.789628+00:00,CALL,140.0,2026-07-31,29182,768,1199,403,118.195,REPEATEDHITS,False,False,False,29146,36,27399084364.0,15,ASK,LONG,1.0
BABA,2026-07-15 19:39:50.216306+00:00,CALL,150.0,2026-08-07,18984,678,698,67,117.685,REPEATEDHITS,False,False,False,0,18984,27399084364.0,23,BID,SHORT,0.5
BABA,2026-07-15 18:50:46.035991+00:00,CALL,140.0,2026-08-07,67940,860,2255,137,117.96,REPEATEDHITS,False,False,False,0,67940,27399084364.0,23,BID,SHORT,0.5
BABA,2026-07-15 15:33:35.037901+00:00,CALL,240.0,2026-11-20,12480,320,345,75,118.61,REPEATEDHITS,False,False,False,3315,0,27399084364.0,128,ASK,LONG,1.0
BABA,2026-07-15 15:33:00.781012+00:00,CALL,123.0,2026-07-31,135780,438,484,134,118.67,REPEATEDHITS,False,False,False,132060,3720,27399084364.0,16,ASK,LONG,1.0
BABA,2026-07-15 15:16:17.561695+00:00,PUT,121.0,2026-07-17,290780,938,1148,27,119.35,REPEATEDHITS,False,False,False,202430,88350,27399084364.0,2,ASK,SHORT,1.0
BABA,2026-07-15 14:24:41.434682+00:00,PUT,114.0,2026-07-17,32796,911,2194,347,119.6,REPEATEDHITS,True,False,False,32796,0,27399084364.0,2,ASK,SHORT,1.0
BABA,2026-07-15 14:04:12.494301+00:00,PUT,122.0,2026-07-17,11640,40,69,30,121.0,REPEATEDHITS,False,False,False,11640,0,27399084364.0,2,ASK,SHORT,1.0
BABA,2026-07-15 13:54:00.147675+00:00,CALL,126.0,2026-07-24,68482,353,477,76,120.325,REPEATEDHITS,False,False,False,68482,0,27399084364.0,9,ASK,LONG,1.0
BABA,2026-07-15 13:44:43.811034+00:00,CALL,140.0,2026-08-07,31240,355,365,137,119.11,REPEATEDHITS,False,False,False,31152,88,27399084364.0,23,ASK,LONG,1.0
BABA,2026-07-15 13:41:54.310121+00:00,CALL,128.0,2026-07-24,15481,114,158,89,119.68,REPEATEDHITSASCENDINGFILL,False,False,False,15481,0,27399084364.0,9,ASK,LONG,1.0
BABA,2026-07-15 13:33:28.828399+00:00,CALL,126.0,2026-07-24,13803,97,97,76,118.98,REPEATEDHITSDESCENDINGFILL,True,False,False,8064,5739,27399084364.0,9,ASK,LONG,1.0
BABA,2026-07-15 13:33:18.800900+00:00,CALL,125.0,2026-08-28,35520,64,66,32,118.41,REPEATEDHITS,False,False,False,35520,0,27399084364.0,44,ASK,LONG,1.0
BABA,2026-07-14 19:28:13.676577+00:00,PUT,96.0,2026-08-07,17346,294,594,239,112.555,REPEATEDHITS,False,False,False,16933,0,27399084364.0,24,ASK,SHORT,1.0
BABA,2026-07-13 18:51:48.451323+00:00,CALL,122.0,2026-07-17,14742,546,704,251,112.75,REPEATEDHITS,False,False,False,14742,0,27399084364.0,4,ASK,LONG,1.0
BABA,2026-07-13 17:40:33.223140+00:00,CALL,116.0,2026-08-14,309026,612,613,16,112.78,REPEATEDHITS,True,False,False,309026,0,27399084364.0,32,ASK,LONG,1.0
BABA,2026-07-13 17:40:33.223140+00:00,PUT,111.0,2026-08-14,128705,252,252,3,112.78,REPEATEDHITSDESCENDINGFILL,True,False,False,18545,110160,27399084364.0,32,BID,LONG,0.5
BABA,2026-07-13 17:40:33.223140+00:00,PUT,113.0,2026-08-14,26040,42,46,40,112.78,REPEATEDHITS,True,False,False,26040,0,27399084364.0,32,ASK,SHORT,1.0
BABA,2026-07-13 17:40:33.223140+00:00,CALL,114.0,2026-08-14,268345,451,543,20,112.785,REPEATEDHITS,False,False,False,259420,8925,27399084364.0,32,ASK,LONG,1.0
BABA,2026-07-13 17:40:33.223140+00:00,CALL,118.0,2026-08-14,35223,82,87,9,112.785,REPEATEDHITSDESCENDINGFILL,False,False,False,33104,2119,27399084364.0,32,ASK,LONG,1.0
BABA,2026-07-13 17:01:47.723823+00:00,PUT,100.0,2026-07-24,27660,922,963,641,112.9,REPEATEDHITS,True,False,False,2700,24960,27399084364.0,11,BID,LONG,0.5
BABA,2026-07-13 14:46:38.364107+00:00,CALL,121.0,2026-07-17,22919,559,705,206,113.095,REPEATEDHITS,False,False,False,22919,0,27399084364.0,4,ASK,LONG,1.0
BABA,2026-07-13 13:51:06.752738+00:00,PUT,114.0,2026-07-31,26107,55,55,52,113.97,REPEATEDHITSDESCENDINGFILL,False,False,False,0,26107,27399084364.0,18,BID,LONG,0.5
BABA,2026-07-10 19:42:40.254802+00:00,PUT,96.0,2026-07-24,22954,998,1009,85,112.15,REPEATEDHITS,False,False,False,22954,0,27399084364.0,14,ASK,SHORT,1.0
BABA,2026-07-10 15:34:21.073637+00:00,PUT,113.0,2026-07-10,24945,552,9844,289,112.92,REPEATEDHITSDESCENDINGFILL,True,False,False,7256,16002,27399084364.0,0,BID,LONG,0.5
BABA,2026-07-10 15:34:07.255932+00:00,PUT,113.0,2026-07-10,35517,701,9231,289,112.835,REPEATEDHITS,True,False,False,2095,30504,27399084364.0,0,BID,LONG,0.5
BABA,2026-07-10 14:42:07.438585+00:00,PUT,115.0,2026-07-10,63591,517,1265,144,114.07,REPEATEDHITS,False,False,False,63591,0,27399084364.0,0,ASK,SHORT,1.0
BABA,2026-07-10 14:34:58.649349+00:00,CALL,118.0,2026-07-17,80044,500,1073,296,113.935,REPEATEDHITS,False,False,False,80044,0,27399084364.0,7,ASK,LONG,1.0
BABA,2026-07-10 14:33:08.772090+00:00,PUT,114.0,2026-07-10,14446,129,5250,26,113.36,REPEATEDHITSASCENDINGFILL,False,False,False,7235,7211,27399084364.0,0,ASK,SHORT,1.0
BABA,2026-07-10 14:16:09.396771+00:00,PUT,114.0,2026-07-10,16380,390,4019,26,114.755,REPEATEDHITS,False,False,False,16380,0,27399084364.0,0,ASK,SHORT,1.0
BABA,2026-07-10 14:15:37.757461+00:00,PUT,114.0,2026-07-10,16002,381,3629,26,114.74,REPEATEDHITS,False,False,False,16002,0,27399084364.0,0,ASK,SHORT,1.0
BABA,2026-07-10 14:13:51.124747+00:00,PUT,114.0,2026-07-10,36000,1000,2489,26,115.09,REPEATEDHITS,False,False,False,36000,0,27399084364.0,0,ASK,SHORT,1.0
BBAI,2026-06-26 14:21:22.466623+00:00,CALL,12.0,2028-01-21,310692,3663,3666,1909,3.515,REPEATEDHITSDESCENDINGFILL,False,False,False,292570,1066,1408111383.0,574,ASK,LONG,1.0
BBAI,2026-06-25 13:44:12.736516+00:00,CALL,3.5,2026-07-02,10736,976,1226,751,3.4201,REPEATEDHITS,False,False,False,10736,0,1408111383.0,7,ASK,LONG,1.0
BBAI,2026-06-24 14:19:30.251949+00:00,PUT,3.5,2026-07-10,13719,807,853,450,3.605,REPEATEDHITS,False,False,False,13719,0,1408111383.0,16,ASK,SHORT,1.0
BBAI,2026-06-22 15:24:11.148998+00:00,CALL,4.0,2026-07-24,37016,1322,1400,422,3.8064,REPEATEDHITS,False,False,False,0,37016,1408111383.0,32,BID,SHORT,0.5
BBAI,2026-06-08 13:49:29.584033+00:00,CALL,4.5,2026-07-02,14805,423,428,254,4.375,REPEATEDHITS,False,False,False,35,14770,1408111383.0,24,BID,SHORT,0.5
BBAI,2026-05-29 19:19:25.582316+00:00,PUT,5.0,2026-06-12,13455,345,3631,280,5.0217,REPEATEDHITS,False,False,False,0,13455,1408111383.0,14,BID,LONG,0.5
BBAI,2026-05-29 17:06:02.759509+00:00,PUT,5.0,2026-06-12,47175,1275,1566,280,5.115,REPEATEDHITS,True,False,False,22866,0,1408111383.0,14,ASK,SHORT,1.0
BBAI,2026-05-28 19:13:09.065091+00:00,PUT,5.0,2026-06-05,18204,444,830,60,4.8,REPEATEDHITS,False,False,False,0,18204,1408111383.0,8,BID,LONG,0.5
BBAI,2026-05-26 17:55:06.584151+00:00,CALL,5.0,2026-12-18,114856,1172,1249,921,4.17,REPEATEDHITS,False,False,False,107604,7252,1408111383.0,206,ASK,LONG,1.0
BIDU,2026-07-22 15:36:08.383950+00:00,CALL,165.0,2026-10-16,26779,227,227,16,107.695,REPEATEDHITSDESCENDINGFILL,False,False,False,26549,230,29733360588.0,86,ASK,LONG,1.0
BIDU,2026-07-22 14:20:01.518264+00:00,CALL,109.0,2026-08-21,58535,90,100,4,107.93,REPEATEDHITSASCENDINGFILL,True,False,False,41620,16915,29733360588.0,30,ASK,LONG,1.0
BIDU,2026-07-21 16:45:10.942484+00:00,PUT,115.0,2026-08-07,15750,18,18,14,108.42,REPEATEDHITS,True,False,False,0,15750,29733360588.0,17,BID,LONG,0.5
BIDU,2026-07-21 14:59:40.887986+00:00,PUT,108.0,2026-07-24,97237,444,451,279,108.05,REPEATEDHITS,False,False,False,0,97017,29733360588.0,3,BID,LONG,0.5
BIDU,2026-07-20 19:29:33.753262+00:00,PUT,109.0,2026-08-14,18550,35,35,9,110.025,REPEATEDHITS,False,False,False,18550,0,29733360588.0,25,ASK,SHORT,1.0
BIDU,2026-07-20 19:29:33.753262+00:00,CALL,107.0,2026-08-14,37192,48,51,15,110.025,REPEATEDHITS,False,False,False,37192,0,29733360588.0,25,ASK,LONG,1.0
BIDU,2026-07-20 16:26:00.657585+00:00,CALL,119.0,2026-07-31,56212,299,415,138,112.3,REPEATEDHITS,False,False,False,56212,0,29733360588.0,11,ASK,LONG,1.0
BIDU,2026-07-20 16:21:41.868711+00:00,CALL,120.0,2026-08-07,262474,998,1007,41,112.38,REPEATEDHITS,False,False,False,0,262474,29733360588.0,18,BID,SHORT,0.5
BIDU,2026-07-20 16:05:16.354743+00:00,CALL,117.0,2026-08-07,57510,162,462,22,112.45,REPEATEDHITS,False,False,False,57510,0,29733360588.0,18,ASK,LONG,1.0
BIDU,2026-07-20 15:58:08.311856+00:00,CALL,117.0,2026-08-07,25460,76,150,22,112.06,REPEATEDHITS,True,False,False,0,25460,29733360588.0,18,BID,SHORT,0.5
BIDU,2026-07-20 15:39:06.829317+00:00,CALL,121.0,2026-07-24,15000,300,329,85,111.8904,REPEATEDHITS,False,False,False,15000,0,29733360588.0,4,ASK,LONG,1.0
BIDU,2026-07-20 15:36:59.475462+00:00,CALL,116.0,2026-08-14,14520,33,53,4,111.8508,REPEATEDHITS,True,False,False,9240,5280,29733360588.0,25,ASK,LONG,1.0
BIDU,2026-07-20 15:34:59.527819+00:00,CALL,118.0,2026-07-24,11205,139,311,100,111.63,REPEATEDHITS,True,False,False,9444,1761,29733360588.0,4,ASK,LONG,1.0
BIDU,2026-07-20 15:23:23.538745+00:00,CALL,111.0,2026-08-14,20910,34,34,0,111.05,REPEATEDHITS,True,False,False,20295,615,29733360588.0,25,ASK,LONG,1.0
BIDU,2026-07-20 14:43:16.933322+00:00,CALL,125.0,2026-07-31,20961,411,499,89,110.17,REPEATEDHITS,False,False,False,0,20961,29733360588.0,11,BID,SHORT,0.5
BIDU,2026-07-20 14:10:37.310721+00:00,CALL,109.0,2026-07-24,57375,153,160,48,110.67,REPEATEDHITS,True,False,False,0,57375,29733360588.0,4,BID,SHORT,0.5
BIDU,2026-07-20 14:01:40.670024+00:00,CALL,111.0,2026-07-31,116440,284,284,83,110.75,REPEATEDHITS,False,False,False,0,116440,29733360588.0,11,BID,SHORT,0.5
BIDU,2026-07-17 14:52:03.323950+00:00,PUT,85.0,2027-06-17,43500,50,51,41,107.88,REPEATEDHITS,False,False,False,0,43500,29733360588.0,335,BID,LONG,0.5
BIDU,2026-07-17 14:39:55.149108+00:00,CALL,130.0,2026-07-31,21782,726,737,76,108.07,REPEATEDHITS,True,False,False,32,21750,29733360588.0,14,BID,SHORT,0.5
BIDU,2026-07-17 13:58:38.782821+00:00,CALL,123.0,2026-07-24,18300,610,610,25,108.59,REPEATEDHITS,False,False,False,0,18300,29733360588.0,7,BID,SHORT,0.5
BIDU,2026-07-17 13:35:45.052130+00:00,PUT,107.0,2026-07-17,14040,270,281,267,107.76,REPEATEDHITS,False,False,False,0,14040,29733360588.0,0,BID,LONG,0.5
BIDU,2026-07-16 19:10:05.589279+00:00,CALL,101.0,2026-07-31,50325,37,269,25,113.51,REPEATEDHITS,False,False,False,0,50325,29733360588.0,15,BID,SHORT,0.5
BIDU,2026-07-16 16:25:37.205277+00:00,CALL,112.0,2026-07-31,15120,24,35,10,114.2725,REPEATEDHITS,True,False,False,11970,3150,29733360588.0,15,ASK,LONG,1.0
BIDU,2026-07-16 15:18:25.642927+00:00,PUT,113.0,2026-07-17,41400,345,400,115,114.535,REPEATEDHITS,False,False,False,0,41400,29733360588.0,1,BID,LONG,0.5
BIDU,2026-07-16 13:54:40.490400+00:00,CALL,108.0,2026-07-17,545406,742,748,95,115.22,REPEATEDHITSASCENDINGFILL,True,False,False,26495,484366,29733360588.0,1,BID,SHORT,0.5
BIDU,2026-07-16 13:54:40.490400+00:00,CALL,100.0,2026-07-17,724615,476,476,59,115.22,REPEATEDHITSASCENDINGFILL,True,False,False,47200,101845,29733360588.0,1,BID,SHORT,0.5
BIDU,2026-07-16 13:37:34.947844+00:00,PUT,114.0,2026-07-17,37370,202,202,159,115.15,REPEATEDHITS,True,False,False,0,37370,29733360588.0,1,BID,LONG,0.5
BIDU,2026-07-14 17:26:47.675647+00:00,PUT,121.0,2026-07-24,67320,51,355,10,108.475,REPEATEDHITS,False,False,False,0,67320,29733360588.0,10,BID,LONG,0.5
BIDU,2026-07-14 14:39:26.978461+00:00,CALL,113.0,2026-07-17,48185,491,3261,206,108.04,REPEATEDHITS,False,False,False,21333,26852,29733360588.0,3,BID,SHORT,0.5
BIDU,2026-07-14 14:19:06.742447+00:00,CALL,114.0,2026-07-17,13276,163,2305,120,107.605,REPEATEDHITS,True,False,False,7634,2240,29733360588.0,3,ASK,LONG,1.0
BIDU,2026-07-14 14:15:58.538513+00:00,CALL,114.0,2026-07-17,141656,1669,2106,120,107.735,REPEATEDHITSDESCENDINGFILL,False,False,False,69402,72167,29733360588.0,3,BID,SHORT,0.5
BIDU,2026-07-14 14:15:58.538513+00:00,CALL,107.0,2026-07-17,10065,33,71,23,107.65,REPEATEDHITS,False,False,False,10065,0,29733360588.0,3,ASK,LONG,1.0
BIDU,2026-07-14 14:15:43.293008+00:00,CALL,116.0,2026-07-17,21359,403,3940,133,107.75,REPEATEDHITS,False,False,False,0,21359,29733360588.0,3,BID,SHORT,0.5
BIDU,2026-07-14 14:15:26.858300+00:00,CALL,116.0,2026-07-17,14039,270,2281,133,107.66,REPEATEDHITS,False,False,False,14039,0,29733360588.0,3,ASK,LONG,1.0
BIDU,2026-07-14 14:14:47.182978+00:00,CALL,114.0,2026-07-17,27513,386,437,120,107.48,REPEATEDHITSASCENDINGFILL,False,False,False,27297,216,29733360588.0,3,ASK,LONG,1.0
BIDU,2026-07-14 14:13:05.177773+00:00,CALL,113.0,2026-07-17,73073,870,1740,206,107.41,REPEATEDHITSDESCENDINGFILL,True,False,False,72991,82,29733360588.0,3,ASK,LONG,1.0
BIDU,2026-07-13 19:47:31.877037+00:00,CALL,111.0,2026-07-24,43560,88,89,11,112.295,REPEATEDHITS,False,False,False,43065,0,29733360588.0,11,ASK,LONG,1.0
BIDU,2026-07-13 17:24:05.004695+00:00,PUT,110.0,2026-07-31,23355,64,64,53,113.11,REPEATEDHITS,False,False,False,23355,0,29733360588.0,18,ASK,SHORT,1.0
BIDU,2026-07-13 16:32:44.627445+00:00,PUT,112.0,2026-07-17,75624,411,515,50,113.82,REPEATEDHITS,False,False,False,75624,0,29733360588.0,4,ASK,SHORT,1.0
BIDU,2026-07-13 15:33:40.153924+00:00,PUT,113.0,2026-07-31,71815,171,171,1,115.01,REPEATEDHITS,False,False,False,71400,415,29733360588.0,18,ASK,SHORT,1.0
BIDU,2026-07-13 14:36:38.384200+00:00,PUT,80.0,2026-09-18,38080,544,546,300,115.23,REPEATEDHITS,False,False,False,0,38080,29733360588.0,67,BID,LONG,0.5
BIDU,2026-07-13 14:31:04.559248+00:00,CALL,123.0,2026-07-31,27000,100,150,1,115.3,REPEATEDHITS,True,False,False,0,27000,29733360588.0,18,BID,SHORT,0.5
BIDU,2026-07-10 16:50:38.731365+00:00,PUT,102.0,2026-07-24,17956,352,359,3,117.89,REPEATEDHITS,True,False,False,106,17850,29733360588.0,14,BID,LONG,0.5
BIDU,2026-07-09 19:02:30.971243+00:00,CALL,119.0,2026-07-17,80570,237,241,61,118.05,REPEATEDHITS,False,False,False,80570,0,29733360588.0,8,ASK,LONG,1.0
BIDU,2026-07-09 16:46:52.271363+00:00,PUT,90.0,2026-08-21,50225,558,559,544,117.22,REPEATEDHITSASCENDINGFILL,False,False,False,94,50131,29733360588.0,43,BID,LONG,0.5
BIDU,2026-07-09 16:04:34.146089+00:00,PUT,121.0,2026-07-17,70000,112,112,1,116.77,REPEATEDHITS,True,False,False,70000,0,29733360588.0,8,ASK,SHORT,1.0
BIDU,2026-07-09 15:25:25.493845+00:00,PUT,113.0,2026-07-10,31518,927,1839,455,116.97,REPEATEDHITS,False,False,False,0,31518,29733360588.0,1,BID,LONG,0.5
BIDU,2026-07-09 14:52:54.611171+00:00,CALL,119.0,2026-07-10,39805,419,792,332,117.35,REPEATEDHITS,False,False,False,0,39805,29733360588.0,1,BID,SHORT,0.5
BIDU,2026-07-09 14:07:43.124140+00:00,PUT,113.0,2026-07-10,40995,911,911,455,116.77,REPEATEDHITS,False,False,False,0,40995,29733360588.0,1,BID,LONG,0.5
BIDU,2026-07-07 16:06:01.437589+00:00,PUT,104.0,2026-07-17,30705,267,282,64,112.2,REPEATEDHITS,False,False,False,0,30705,29733360588.0,10,BID,LONG,0.5
BLSH,2026-07-22 14:54:36.613638+00:00,PUT,24.0,2026-07-31,13844,117,134,31,24.0408,REPEATEDHITSASCENDINGFILL,True,False,False,11720,2124,3736156099.0,9,ASK,SHORT,1.0
BLSH,2026-07-16 17:29:53.848951+00:00,CALL,25.0,2026-08-14,11109,66,208,12,23.9101,REPEATEDHITSDESCENDINGFILL,False,False,False,4930,6179,3736156099.0,29,BID,SHORT,0.5
BLSH,2026-07-15 18:45:29.838615+00:00,CALL,24.0,2026-07-24,66993,411,413,20,24.92,REPEATEDHITS,False,False,False,0,66993,3736156099.0,9,BID,SHORT,0.5
BLSH,2026-07-06 16:08:33.258696+00:00,PUT,26.0,2026-08-14,28265,118,134,0,26.615,REPEATEDHITSDESCENDINGFILL,True,False,False,14107,14158,3736156099.0,39,BID,LONG,0.5
BLSH,2026-06-25 15:32:17.295029+00:00,CALL,21.0,2026-07-17,18176,71,71,0,22.39,REPEATEDHITS,True,False,False,18176,0,3736156099.0,22,ASK,LONG,1.0
BLSH,2026-06-23 14:21:40.033394+00:00,PUT,27.0,2026-06-26,73730,365,365,89,25.31,REPEATEDHITS,False,False,False,73730,0,3736156099.0,3,ASK,SHORT,1.0
BLSH,2026-06-22 19:13:23.378809+00:00,CALL,25.5,2026-07-17,12180,70,70,0,24.8875,REPEATEDHITS,False,False,False,0,12180,3736156099.0,25,BID,SHORT,0.5
BLSH,2026-06-22 16:22:43.099964+00:00,PUT,25.0,2026-08-21,21105,63,81,9,24.61,REPEATEDHITS,True,False,False,20770,0,3736156099.0,60,ASK,SHORT,1.0
BLSH,2026-06-18 19:56:07.207807+00:00,PUT,27.0,2026-06-26,20700,69,71,13,24.15,REPEATEDHITS,False,False,False,17100,3600,3736156099.0,8,ASK,SHORT,1.0
BLSH,2026-06-17 16:22:34.850842+00:00,PUT,26.5,2026-06-26,13200,100,100,0,26.2,REPEATEDHITS,True,False,False,13200,0,3736156099.0,9,ASK,SHORT,1.0
BLSH,2026-06-08 18:41:43.345737+00:00,PUT,26.0,2026-06-12,20026,527,560,4,27.61,REPEATEDHITS,False,False,False,19950,76,3736156099.0,4,ASK,SHORT,1.0
BLSH,2026-06-05 15:58:27.108724+00:00,CALL,30.0,2028-01-21,163100,140,140,113,27.205,REPEATEDHITS,False,False,False,163100,0,3736156099.0,595,ASK,LONG,1.0
BLSH,2026-06-05 15:08:15.259101+00:00,CALL,28.0,2026-06-12,17765,187,198,15,27.25,REPEATEDHITS,False,False,False,0,17765,3736156099.0,7,BID,SHORT,0.5
BLSH,2026-06-03 16:58:54.256663+00:00,CALL,27.0,2026-06-18,12480,39,39,0,29.21,REPEATEDHITS,True,False,False,12480,0,3736156099.0,15,ASK,LONG,1.0
BLSH,2026-06-03 16:53:21.038039+00:00,PUT,30.0,2026-07-17,44800,128,139,60,29.08,REPEATEDHITS,False,False,False,44800,0,3736156099.0,44,ASK,SHORT,1.0
BLSH,2026-06-03 15:16:13.278869+00:00,PUT,30.0,2026-09-18,381615,741,741,219,29.59,REPEATEDHITS,False,False,False,361015,20600,3736156099.0,107,ASK,SHORT,1.0
BLSH,2026-05-27 19:45:13.488462+00:00,CALL,34.0,2026-05-29,10494,106,107,0,34.32,REPEATEDHITS,True,False,False,10494,0,3736156099.0,2,ASK,LONG,1.0
BLSH,2026-05-27 19:24:40.619328+00:00,PUT,35.5,2026-06-12,30800,110,110,0,34.25,REPEATEDHITS,False,False,False,28280,2520,3736156099.0,16,ASK,SHORT,1.0
BLSH,2026-05-27 19:24:40.619328+00:00,PUT,34.0,2026-06-18,14426,63,63,25,34.25,REPEATEDHITS,True,False,False,14197,229,3736156099.0,22,ASK,SHORT,1.0
BLSH,2026-05-26 17:30:17.930371+00:00,PUT,25.0,2027-01-15,171200,535,536,311,35.08,REPEATEDHITS,False,False,False,171200,0,3736156099.0,234,ASK,SHORT,1.0
BLSH,2026-05-26 17:30:17.930371+00:00,PUT,38.0,2026-06-05,17500,50,250,20,35.09,REPEATEDHITS,False,False,False,17500,0,3736156099.0,10,ASK,SHORT,1.0
BLSH,2026-05-26 14:48:46.866963+00:00,PUT,33.0,2026-06-05,58110,894,955,14,35.52,REPEATEDHITS,False,False,False,0,58110,3736156099.0,10,BID,LONG,0.5
BLSH,2026-05-22 19:43:19.157851+00:00,CALL,34.5,2026-05-29,11748,66,66,3,35.44,REPEATEDHITS,True,False,False,11748,0,3736156099.0,7,ASK,LONG,1.0
BMNR,2026-07-22 15:32:15.090146+00:00,PUT,17.5,2026-07-31,21988,300,337,297,17.8801,REPEATEDHITSASCENDINGFILL,False,False,False,21988,0,10393590769.0,9,ASK,SHORT,1.0
BMNR,2026-07-22 14:21:58.537005+00:00,PUT,13.0,2026-09-18,80960,1760,1766,54,17.92,REPEATEDHITS,False,False,False,2070,78890,10393590769.0,58,BID,LONG,0.5
BMNR,2026-07-22 13:42:46.826855+00:00,CALL,24.0,2026-08-07,10153,923,924,61,17.755,REPEATEDHITS,False,False,False,10153,0,10393590769.0,16,ASK,LONG,1.0
BMNR,2026-07-21 17:27:19.722684+00:00,PUT,17.0,2026-07-31,16030,177,503,70,16.915,REPEATEDHITSASCENDINGFILL,False,False,False,0,16030,10393590769.0,10,BID,LONG,0.5
BMNR,2026-07-21 16:26:19.566833+00:00,PUT,17.0,2026-07-31,16150,170,219,70,16.865,REPEATEDHITS,False,False,False,16150,0,10393590769.0,10,ASK,SHORT,1.0
BMNR,2026-07-21 15:52:33.137070+00:00,CALL,18.5,2026-08-21,28600,275,392,218,17.0201,REPEATEDHITS,False,False,False,28600,0,10393590769.0,31,ASK,LONG,1.0
BMNR,2026-07-21 15:18:22.171889+00:00,PUT,14.0,2026-07-31,13360,1670,1692,763,17.125,REPEATEDHITS,False,False,False,0,13360,10393590769.0,10,BID,LONG,0.5
BMNR,2026-07-21 14:49:36.193095+00:00,PUT,16.0,2026-09-18,25428,156,157,31,17.08,REPEATEDHITS,True,False,False,0,25428,10393590769.0,59,BID,LONG,0.5
BMNR,2026-07-21 14:49:36.193095+00:00,PUT,17.0,2026-09-18,44021,206,230,138,17.08,REPEATEDHITS,True,False,False,0,44021,10393590769.0,59,BID,LONG,0.5
BMNR,2026-07-21 14:39:50.771653+00:00,PUT,14.5,2026-08-21,69312,1216,1273,40,16.985,REPEATEDHITS,False,False,False,0,69312,10393590769.0,31,BID,LONG,0.5
BMNR,2026-07-21 14:13:35.728795+00:00,PUT,14.0,2026-11-20,1000482,6027,6033,5757,17.0199,REPEATEDHITS,False,False,False,830,999652,10393590769.0,122,BID,LONG,0.5
BMNR,2026-07-20 19:00:43.798659+00:00,CALL,25.0,2026-08-14,63435,5416,5503,124,16.51,REPEATEDHITSDESCENDINGFILL,True,False,False,37776,25659,10393590769.0,25,ASK,LONG,1.0
BMNR,2026-07-20 18:18:47.486516+00:00,CALL,30.0,2026-09-18,18382,707,1864,574,16.735,REPEATEDHITS,False,False,False,0,18382,10393590769.0,60,BID,SHORT,0.5
BMNR,2026-07-20 17:37:01.548323+00:00,CALL,25.0,2026-08-28,12000,500,919,428,16.675,REPEATEDHITS,False,False,False,0,12000,10393590769.0,39,BID,SHORT,0.5
BMNR,2026-07-20 17:22:38.215041+00:00,PUT,14.5,2026-07-24,12929,1847,2650,1155,16.7,REPEATEDHITS,False,False,False,0,12929,10393590769.0,4,BID,LONG,0.5
BMNR,2026-07-20 15:58:57.374786+00:00,CALL,20.0,2026-09-18,56544,456,613,10,16.685,REPEATEDHITS,True,False,False,50592,0,10393590769.0,60,ASK,LONG,1.0
BMNR,2026-07-20 15:43:10.777271+00:00,CALL,18.0,2026-09-18,87120,528,1037,103,16.405,REPEATEDHITS,False,False,False,12375,39930,10393590769.0,60,BID,SHORT,0.5
BMNR,2026-07-20 15:31:07.576739+00:00,CALL,18.0,2026-09-18,71775,435,509,103,16.4,REPEATEDHITS,False,False,False,25245,46530,10393590769.0,60,BID,SHORT,0.5
BMNR,2026-07-17 17:40:26.979708+00:00,PUT,17.0,2026-09-18,26784,96,96,0,15.745,REPEATEDHITS,True,False,False,26784,0,10393590769.0,63,ASK,SHORT,1.0
BMNR,2026-07-17 17:29:18.857709+00:00,PUT,18.0,2026-11-20,1846665,4197,4299,1849,15.79,REPEATEDHITS,False,False,False,1845785,440,10393590769.0,126,ASK,SHORT,1.0
BMNR,2026-07-17 17:17:11.914363+00:00,CALL,30.0,2026-09-18,14994,633,645,0,15.765,REPEATEDHITSDESCENDINGFILL,True,False,False,12146,2827,10393590769.0,63,ASK,LONG,1.0
BMNR,2026-07-17 16:09:13.026170+00:00,CALL,25.0,2026-11-20,665119,7309,7358,4881,15.08,REPEATEDHITS,False,False,False,665119,0,10393590769.0,126,ASK,LONG,1.0
BMNR,2026-07-16 17:30:11.281055+00:00,PUT,15.5,2026-08-07,103945,945,966,93,15.63,REPEATEDHITS,False,False,False,103400,545,10393590769.0,22,ASK,SHORT,1.0
BMNR,2026-07-15 15:27:24.806855+00:00,PUT,14.5,2026-07-17,16395,3279,3326,1135,16.17,REPEATEDHITS,False,False,False,0,16395,10393590769.0,2,BID,LONG,0.5
BMNR,2026-07-15 14:07:02.954123+00:00,CALL,19.5,2026-07-31,44688,1862,1874,478,16.26,REPEATEDHITS,False,False,False,44688,0,10393590769.0,16,ASK,LONG,1.0
BMNR,2026-07-15 13:59:30.761815+00:00,PUT,16.0,2026-07-24,18750,250,325,237,16.1114,REPEATEDHITS,False,False,False,0,18750,10393590769.0,9,BID,LONG,0.5
BMNR,2026-07-14 13:42:01.403112+00:00,PUT,16.5,2026-07-17,847440,7704,8106,238,15.75,REPEATEDHITS,False,False,False,847440,0,10393590769.0,3,ASK,SHORT,1.0
BMNR,2026-07-09 19:39:18.593535+00:00,PUT,13.0,2026-07-31,34132,742,1122,661,14.775,REPEATEDHITS,False,False,False,0,34132,10393590769.0,22,BID,LONG,0.5
BMNR,2026-07-09 16:18:15.499191+00:00,PUT,11.0,2026-08-21,294659,8929,8936,794,14.64,REPEATEDHITS,False,False,False,68,294591,10393590769.0,43,BID,LONG,0.5
BMNR,2026-07-09 15:04:42.089525+00:00,CALL,16.5,2026-07-31,12600,200,201,199,14.765,REPEATEDHITS,False,False,False,0,12600,10393590769.0,22,BID,SHORT,0.5
BMNR,2026-07-09 14:19:57.821541+00:00,PUT,10.0,2026-11-20,320595,3685,3709,1799,14.615,FLOORTRADEMIDCAP,False,True,False,0,320595,10393590769.0,134,BID,LONG,0.5
BMNR,2026-07-08 19:21:10.815416+00:00,PUT,13.0,2026-07-24,51824,1264,1415,441,14.62,REPEATEDHITS,False,False,False,0,51824,10393590769.0,16,BID,LONG,0.5
BMNR,2026-07-08 18:32:49.382512+00:00,PUT,12.5,2026-07-31,27135,603,628,197,14.6017,REPEATEDHITS,False,False,False,0,27135,10393590769.0,23,BID,LONG,0.5
BMNR,2026-07-06 19:38:19.975075+00:00,CALL,18.0,2026-07-10,23177,3311,8650,1039,15.705,REPEATEDHITS,False,False,False,23177,0,10393590769.0,4,ASK,LONG,1.0
BMNR,2026-07-06 18:19:45.168453+00:00,CALL,18.5,2026-07-31,53144,1022,1148,717,15.555,REPEATEDHITS,False,False,False,0,53144,10393590769.0,25,BID,SHORT,0.5
BMNR,2026-07-06 16:23:56.858850+00:00,PUT,16.5,2026-07-31,77850,450,451,89,16.02,REPEATEDHITS,False,False,False,77677,173,10393590769.0,25,ASK,SHORT,1.0
BMNR,2026-07-01 17:09:10.551251+00:00,CALL,14.5,2026-08-07,29000,200,215,4,14.365,REPEATEDHITS,False,False,False,1015,2320,10393590769.0,37,BID,SHORT,0.5
BMNR,2026-07-01 17:04:52.876182+00:00,CALL,14.0,2026-07-17,149760,1248,1441,849,14.38,REPEATEDHITS,False,False,False,0,149760,10393590769.0,16,BID,SHORT,0.5
BMNR,2026-07-01 16:12:10.013520+00:00,PUT,12.5,2026-07-17,60536,2162,2242,683,14.49,REPEATEDHITS,False,False,False,0,60536,10393590769.0,16,BID,LONG,0.5
BMNR,2026-07-01 14:21:53.688653+00:00,PUT,12.0,2026-07-17,36662,1594,1650,844,14.23,REPEATEDHITS,False,False,False,0,36662,10393590769.0,16,BID,LONG,0.5
BMNR,2026-06-30 15:09:21.929935+00:00,CALL,12.5,2026-07-02,13400,200,1027,47,12.96,REPEATEDHITS,False,False,False,13400,0,10393590769.0,2,ASK,LONG,1.0
BMNR,2026-06-30 15:04:00.670426+00:00,CALL,13.0,2026-07-02,36312,1068,3072,1053,12.895,REPEATEDHITS,False,False,False,0,36312,10393590769.0,2,BID,SHORT,0.5
BMNR,2026-06-29 19:07:32.788328+00:00,CALL,14.0,2026-08-21,193722,1167,1414,835,13.72,REPEATEDHITS,False,False,False,193722,0,10393590769.0,53,ASK,LONG,1.0
BMNR,2026-06-29 14:49:06.849441+00:00,CALL,14.5,2026-07-17,12903,253,509,212,13.23,REPEATEDHITS,True,False,False,51,12852,10393590769.0,18,BID,SHORT,0.5
BMNR,2026-06-26 17:21:15.151161+00:00,CALL,15.0,2027-02-19,29700,90,160,89,13.575,REPEATEDHITS,False,False,False,11550,18150,10393590769.0,238,BID,SHORT,0.5
BMNR,2026-06-25 15:44:15.067562+00:00,PUT,13.5,2026-06-26,57783,1751,3220,1466,13.43,REPEATEDHITS,False,False,False,0,57783,10393590769.0,1,BID,LONG,0.5
BMNR,2026-06-25 15:21:43.120369+00:00,PUT,13.0,2027-02-19,16000,50,51,18,13.4224,REPEATEDHITS,True,False,False,16000,0,10393590769.0,239,ASK,SHORT,1.0
BMNR,2026-06-25 15:05:47.537768+00:00,CALL,17.5,2026-07-10,33160,4145,4340,629,13.525,REPEATEDHITS,False,False,False,0,33160,10393590769.0,15,BID,SHORT,0.5
BMNR,2026-06-25 14:46:54.531661+00:00,CALL,13.0,2026-06-26,26000,400,2610,227,13.5101,REPEATEDHITS,False,False,False,0,26000,10393590769.0,1,BID,SHORT,0.5
BMNR,2026-06-25 14:39:00.073982+00:00,CALL,14.0,2026-07-02,52800,1056,2220,1044,13.64,REPEATEDHITS,False,False,False,0,52800,10393590769.0,7,BID,SHORT,0.5
BNO,2026-07-22 15:39:34.209412+00:00,PUT,51.0,2026-08-21,104114,274,290,79,51.2,REPEATEDHITSDESCENDINGFILL,False,False,False,104114,0,215640000.0,30,ASK,SHORT,1.0
BNO,2026-07-21 19:29:04.409113+00:00,PUT,51.5,2026-08-21,15400,35,112,0,50.4999,REPEATEDHITS,False,False,False,15400,0,215640000.0,31,ASK,SHORT,1.0
BNO,2026-07-20 18:08:37.109245+00:00,PUT,47.0,2026-08-28,12040,43,44,9,49.22,REPEATEDHITS,True,False,False,11760,280,215640000.0,39,ASK,SHORT,1.0
BNO,2026-07-20 14:54:54.088558+00:00,CALL,50.5,2026-08-07,45776,199,213,0,48.915,REPEATEDHITS,False,False,False,0,45776,215640000.0,18,BID,SHORT,0.5
BNO,2026-07-20 14:34:15.692071+00:00,CALL,52.5,2026-08-07,23101,132,143,0,48.7599,REPEATEDHITS,False,False,False,0,23101,215640000.0,18,BID,SHORT,0.5
BNO,2026-07-20 14:26:15.062837+00:00,CALL,48.5,2026-07-31,12471,50,61,48,48.76,REPEATEDHITS,False,False,False,10971,1500,215640000.0,11,ASK,LONG,1.0
BNO,2026-07-17 18:14:16.640859+00:00,PUT,48.0,2026-07-17,15170,1000,1020,801,48.835,REPEATEDHITS,False,False,False,15170,0,215640000.0,0,ASK,SHORT,1.0
BNO,2026-07-17 15:32:45.134308+00:00,CALL,55.0,2026-09-18,22680,81,299,6,48.03,REPEATEDHITS,False,False,False,0,22680,215640000.0,63,BID,SHORT,0.5
BNO,2026-07-17 14:13:15.626135+00:00,CALL,55.0,2026-09-18,52500,175,217,6,48.255,REPEATEDHITS,False,False,False,52500,0,215640000.0,63,ASK,LONG,1.0
BNO,2026-07-17 14:10:13.136252+00:00,PUT,55.0,2026-08-21,500520,582,597,136,48.2,REPEATEDHITS,False,False,False,491920,0,215640000.0,35,ASK,SHORT,1.0
BNO,2026-07-16 14:53:03.725085+00:00,CALL,46.0,2026-08-14,57600,144,145,30,47.095,REPEATEDHITS,True,False,False,57600,0,215640000.0,29,ASK,LONG,1.0
BNO,2026-07-15 13:55:24.942171+00:00,CALL,75.0,2026-08-21,186669,4666,4678,3084,47.15,REPEATEDHITSASCENDINGFILL,False,False,False,0,186669,215640000.0,37,BID,SHORT,0.5
BNO,2026-07-14 15:53:16.477297+00:00,CALL,45.0,2026-08-14,10500,21,31,10,47.36,REPEATEDHITS,True,False,False,10000,500,215640000.0,31,ASK,LONG,1.0
BNO,2026-07-14 15:04:44.016664+00:00,PUT,45.0,2026-07-31,16575,85,104,75,46.53,REPEATEDHITS,True,False,False,16575,0,215640000.0,17,ASK,SHORT,1.0
BNO,2026-07-13 17:57:10.859800+00:00,CALL,65.0,2026-07-24,137160,6860,6863,1218,45.69,REPEATEDHITS,False,False,False,137160,0,215640000.0,11,ASK,LONG,1.0
BNO,2026-07-13 15:27:20.691419+00:00,PUT,50.0,2026-08-21,87600,120,120,33,44.06,REPEATEDHITS,False,False,False,87600,0,215640000.0,39,ASK,SHORT,1.0
BNO,2026-07-09 16:29:16.836599+00:00,CALL,43.5,2026-07-24,12000,96,106,11,42.295,REPEATEDHITS,False,False,False,0,12000,215640000.0,15,BID,SHORT,0.5
BNO,2026-07-09 15:03:47.408520+00:00,CALL,44.0,2026-07-31,61600,385,417,82,42.63,REPEATEDHITS,False,False,False,0,61600,215640000.0,22,BID,SHORT,0.5
BNO,2026-07-09 14:00:43.033930+00:00,CALL,42.0,2026-07-24,27060,123,140,50,42.85,REPEATEDHITS,False,False,False,0,27060,215640000.0,15,BID,SHORT,0.5
BNO,2026-07-08 19:31:23.230877+00:00,CALL,46.0,2026-08-21,103950,462,510,111,43.325,REPEATEDHITS,True,False,False,103725,0,215640000.0,44,ASK,LONG,1.0
BNO,2026-07-08 16:00:20.903899+00:00,CALL,45.0,2026-07-10,48820,751,1589,86,44.49,REPEATEDHITSDESCENDINGFILL,False,False,False,70,48750,215640000.0,2,BID,SHORT,0.5
BNO,2026-07-08 14:04:58.309179+00:00,PUT,43.0,2026-07-17,82422,634,636,99,43.278,REPEATEDHITS,False,False,False,0,82422,215640000.0,9,BID,LONG,0.5
BNO,2026-06-29 16:02:40.906589+00:00,CALL,43.5,2026-08-07,119520,747,749,0,40.9299,REPEATEDHITS,False,False,False,0,119520,215640000.0,39,BID,SHORT,0.5
BNO,2026-06-26 19:50:26.854211+00:00,CALL,51.0,2026-08-21,16000,200,200,25,40.3,REPEATEDHITS,False,False,False,0,16000,215640000.0,56,BID,SHORT,0.5
BNO,2026-06-25 19:17:03.329929+00:00,CALL,80.0,2026-10-16,238445,4770,5011,3449,42.06,REPEATEDHITSDESCENDINGFILL,False,False,False,238445,0,215640000.0,113,ASK,LONG,1.0
BNO,2026-06-22 17:45:26.181679+00:00,PUT,35.0,2026-07-17,31330,1566,1566,350,42.78,REPEATEDHITS,False,False,False,0,31330,215640000.0,25,BID,LONG,0.5
BNO,2026-06-16 18:41:28.579934+00:00,CALL,43.0,2026-06-18,55001,500,1523,42,43.62,REPEATEDHITS,True,False,False,0,55001,215640000.0,2,BID,SHORT,0.5
BNO,2026-06-16 18:41:03.759565+00:00,CALL,43.0,2026-06-18,56144,500,1023,42,43.6278,REPEATEDHITS,False,False,False,0,56144,215640000.0,2,BID,SHORT,0.5
BNO,2026-06-16 15:56:09.416443+00:00,CALL,41.0,2027-01-15,71100,90,90,53,43.46,REPEATEDHITS,False,False,False,0,71100,215640000.0,213,BID,SHORT,0.5
BNO,2026-06-12 17:52:14.098512+00:00,CALL,48.0,2026-07-10,120590,389,525,1,48.06,REPEATEDHITS,True,False,False,120590,0,215640000.0,28,ASK,LONG,1.0
BNO,2026-06-11 19:52:04.255896+00:00,CALL,48.0,2026-07-31,25282,40,40,0,49.09,REPEATEDHITSDESCENDINGFILL,False,False,False,19270,6012,215640000.0,50,ASK,LONG,1.0
BNO,2026-06-11 19:41:00.349814+00:00,CALL,49.0,2026-06-18,81853,500,1506,76,48.8799,REPEATEDHITSDESCENDINGFILL,True,False,False,81853,0,215640000.0,7,ASK,LONG,1.0
BNO,2026-06-11 16:14:35.229172+00:00,CALL,52.5,2026-06-12,32002,800,1010,44,51.535,REPEATEDHITSDESCENDINGFILL,True,False,False,0,32002,215640000.0,1,BID,SHORT,0.5
BNO,2026-06-11 15:43:38.565798+00:00,CALL,48.5,2026-07-24,36540,58,59,4,51.645,REPEATEDHITS,True,False,False,36540,0,215640000.0,43,ASK,LONG,1.0
BNO,2026-06-10 19:39:22.989084+00:00,CALL,53.0,2026-06-26,54999,200,200,18,51.54,REPEATEDHITS,False,False,False,54999,0,215640000.0,16,ASK,LONG,1.0
BNO,2026-06-10 17:23:16.242589+00:00,CALL,50.5,2026-06-26,18200,52,59,14,51.9,REPEATEDHITS,True,False,False,14700,0,215640000.0,16,ASK,LONG,1.0
BNO,2026-06-09 16:46:29.435311+00:00,CALL,52.0,2026-06-26,24298,108,120,63,50.53,REPEATEDHITSDESCENDINGFILL,True,False,False,17998,0,215640000.0,17,ASK,LONG,1.0
BNO,2026-06-05 19:54:46.444168+00:00,CALL,55.0,2026-06-12,23004,500,3740,324,51.22,REPEATEDHITSDESCENDINGFILL,False,False,False,0,23004,215640000.0,7,BID,SHORT,0.5
BNO,2026-06-05 19:54:34.980165+00:00,CALL,55.0,2026-06-12,23004,500,3240,324,51.22,REPEATEDHITSDESCENDINGFILL,False,False,False,0,23004,215640000.0,7,BID,SHORT,0.5
BNO,2026-06-05 18:55:10.797476+00:00,CALL,55.0,2026-06-12,40804,800,1827,324,51.31,REPEATEDHITSDESCENDINGFILL,False,False,False,0,40804,215640000.0,7,BID,SHORT,0.5
BNO,2026-06-01 14:09:38.938715+00:00,PUT,59.0,2026-07-17,17608,20,20,5,53.37,REPEATEDHITSDESCENDINGFILL,False,False,False,17608,0,215640000.0,46,ASK,SHORT,1.0
BNO,2026-05-29 15:47:35.760209+00:00,CALL,50.0,2026-05-29,14069,201,344,102,50.22,REPEATEDHITS,False,False,False,14069,0,215640000.0,0,ASK,LONG,1.0
BNO,2026-05-29 14:16:31.367488+00:00,CALL,85.0,2027-01-15,260000,1000,1012,805,50.43,REPEATEDHITS,False,False,False,0,260000,215640000.0,231,BID,SHORT,0.5
BNO,2026-05-28 14:50:20.794921+00:00,PUT,51.0,2026-06-18,42930,159,161,94,51.41,REPEATEDHITS,False,False,False,0,42930,215640000.0,21,BID,LONG,0.5
BNO,2026-05-27 14:40:26.118806+00:00,PUT,52.5,2026-06-18,60514,168,168,22,51.595,REPEATEDHITSASCENDINGFILL,False,False,False,0,60514,215640000.0,22,BID,LONG,0.5
BNO,2026-05-27 13:39:59.936696+00:00,CALL,50.0,2026-06-26,50470,103,105,4,51.385,REPEATEDHITS,False,False,False,50470,0,215640000.0,30,ASK,LONG,1.0
BNO,2026-05-26 13:43:20.797529+00:00,CALL,58.0,2026-06-18,17640,63,64,61,53.195,REPEATEDHITS,False,False,False,17640,0,215640000.0,23,ASK,LONG,1.0
BNO,2026-05-26 13:37:49.014678+00:00,PUT,52.5,2026-05-29,20182,130,130,129,53.09,REPEATEDHITSASCENDINGFILL,False,False,False,0,20182,215640000.0,3,BID,LONG,0.5
BNO,2026-05-22 19:35:21.523065+00:00,PUT,51.0,2026-05-29,20000,200,293,124,55.285,REPEATEDHITS,False,False,False,20000,0,215640000.0,7,ASK,SHORT,1.0
CAT,2026-07-22 14:15:49.645580+00:00,CALL,900.0,2026-08-14,183480,39,39,25,889.81,REPEATEDHITSDESCENDINGFILL,True,False,False,94555,88925,409953134029.0,23,ASK,LONG,1.0
CAT,2026-07-22 13:50:44.653708+00:00,PUT,835.0,2026-07-24,68816,253,256,95,887.83,REPEATEDHITS,False,False,False,0,68816,409953134029.0,2,BID,LONG,0.5
CAT,2026-07-21 19:05:41.983593+00:00,CALL,905.0,2026-07-24,468470,399,530,144,887.62,REPEATEDHITSDESCENDINGFILL,True,False,False,392420,76050,409953134029.0,3,ASK,LONG,1.0
CAT,2026-07-21 19:03:43.041448+00:00,CALL,870.0,2026-10-16,1568883,158,162,20,888.21,REPEATEDHITSDESCENDINGFILL,False,False,False,1568883,0,409953134029.0,87,ASK,LONG,1.0
CAT,2026-07-21 18:19:23.125315+00:00,PUT,910.0,2026-08-07,252225,45,45,12,889.68,REPEATEDHITS,False,False,False,252225,0,409953134029.0,17,ASK,SHORT,1.0
CAT,2026-07-21 18:04:02.896273+00:00,PUT,865.0,2026-08-07,179540,54,72,39,891.205,REPEATEDHITSDESCENDINGFILL,False,False,False,176220,3320,409953134029.0,17,ASK,SHORT,1.0
CAT,2026-07-21 17:45:46.990298+00:00,CALL,940.0,2026-10-16,208500,30,427,5,893.145,REPEATEDHITS,False,False,False,208500,0,409953134029.0,87,ASK,LONG,1.0
CAT,2026-07-21 15:56:12.229478+00:00,PUT,855.0,2026-08-21,50218,13,13,7,887.36,REPEATEDHITSASCENDINGFILL,False,False,False,3890,46328,409953134029.0,31,BID,LONG,0.5
CAT,2026-07-21 15:54:03.666846+00:00,CALL,940.0,2026-10-16,107285,16,384,5,887.74,REPEATEDHITSASCENDINGFILL,False,False,False,13460,93825,409953134029.0,87,BID,SHORT,0.5
CAT,2026-07-21 15:54:03.666846+00:00,CALL,940.0,2026-10-16,2308158,344,368,5,887.74,REPEATEDHITSDESCENDINGFILL,False,False,False,2200878,107280,409953134029.0,87,ASK,LONG,1.0
CAT,2026-07-21 14:30:07.131304+00:00,PUT,955.0,2026-08-14,166600,18,23,6,885.0,REPEATEDHITSASCENDINGFILL,False,False,False,0,166600,409953134029.0,24,BID,LONG,0.5
CAT,2026-07-21 14:29:39.680907+00:00,CALL,900.0,2026-07-24,540000,500,578,191,884.68,REPEATEDHITS,False,False,False,0,540000,409953134029.0,3,BID,SHORT,0.5
CAT,2026-07-21 14:25:22.839013+00:00,CALL,905.0,2026-08-21,97122,21,21,3,881.16,REPEATEDHITSDESCENDINGFILL,False,False,False,97122,0,409953134029.0,31,ASK,LONG,1.0
CAT,2026-07-21 14:13:53.782941+00:00,CALL,960.0,2026-11-20,564750,75,75,50,881.88,REPEATEDHITS,False,False,False,564750,0,409953134029.0,122,ASK,LONG,1.0
CAT,2026-07-21 14:03:32.549589+00:00,CALL,1100.0,2026-08-07,68985,365,368,55,879.35,REPEATEDHITS,False,False,False,0,68985,409953134029.0,17,BID,SHORT,0.5
CAT,2026-07-21 13:48:35.084243+00:00,PUT,855.0,2026-08-07,79515,24,25,21,879.465,REPEATEDHITS,True,False,False,46515,33000,409953134029.0,17,ASK,SHORT,1.0
CAT,2026-07-20 19:52:37.001556+00:00,PUT,830.0,2026-10-16,101220,16,18,6,863.76,REPEATEDHITSDESCENDINGFILL,False,False,False,44390,56830,409953134029.0,88,BID,LONG,0.5
CAT,2026-07-20 18:50:45.666746+00:00,CALL,870.0,2026-08-07,2327798,515,531,0,863.62,REPEATEDHITS,False,False,False,2327798,0,409953134029.0,18,ASK,LONG,1.0
CAT,2026-07-20 16:13:19.390451+00:00,PUT,865.0,2026-08-21,202215,39,43,0,870.7,REPEATEDHITS,True,False,False,0,202215,409953134029.0,32,BID,LONG,0.5
CAT,2026-07-20 15:37:56.740044+00:00,PUT,740.0,2026-08-07,977660,1207,1211,30,870.58,REPEATEDHITS,False,False,False,977660,0,409953134029.0,18,ASK,SHORT,1.0
CAT,2026-07-20 13:54:24.533120+00:00,CALL,910.0,2026-08-07,81534,22,24,20,884.935,REPEATEDHITSDESCENDINGFILL,False,False,False,63109,18425,409953134029.0,18,ASK,LONG,1.0
CAT,2026-07-20 13:50:54.717067+00:00,CALL,870.0,2026-07-24,243200,76,78,19,885.55,REPEATEDHITS,False,False,False,0,243200,409953134029.0,4,BID,SHORT,0.5
CAT,2026-07-17 18:45:21.103147+00:00,PUT,785.0,2026-07-31,294060,377,384,23,883.31,REPEATEDHITS,False,False,False,294060,0,409953134029.0,14,ASK,SHORT,1.0
CAT,2026-07-17 17:41:15.050328+00:00,PUT,845.0,2026-07-31,698002,343,354,60,886.6738,REPEATEDHITS,False,False,False,698002,0,409953134029.0,14,ASK,SHORT,1.0
CAT,2026-07-17 17:32:57.768921+00:00,CALL,925.0,2026-08-07,2294351,689,919,57,889.8,REPEATEDHITSDESCENDINGFILL,True,False,False,2291026,3325,409953134029.0,21,ASK,LONG,1.0
CAT,2026-07-17 17:01:21.346140+00:00,CALL,925.0,2026-08-07,724130,227,229,57,887.175,REPEATEDHITS,False,False,False,724130,0,409953134029.0,21,ASK,LONG,1.0
CAT,2026-07-17 16:42:41.559643+00:00,CALL,1070.0,2026-10-16,52720,18,827,16,884.97,REPEATEDHITSASCENDINGFILL,False,False,False,46870,5850,409953134029.0,91,ASK,LONG,1.0
CAT,2026-07-17 16:42:41.559643+00:00,CALL,1070.0,2026-10-16,128955,44,889,16,884.97,REPEATEDHITS,True,False,False,85055,43900,409953134029.0,91,ASK,LONG,1.0
CAT,2026-07-17 16:35:00.748724+00:00,PUT,750.0,2026-10-16,2262870,723,778,52,884.055,REPEATEDHITSDESCENDINGFILL,False,False,False,2250450,12420,409953134029.0,91,ASK,SHORT,1.0
CAT,2026-07-17 16:13:53.277144+00:00,CALL,1070.0,2026-10-16,2454235,767,768,16,892.96,REPEATEDHITSDESCENDINGFILL,True,False,False,2441585,12650,409953134029.0,91,ASK,LONG,1.0
CAT,2026-07-17 15:31:45.420127+00:00,CALL,950.0,2026-10-16,1146946,191,244,3,878.89,REPEATEDHITS,False,False,False,1146946,0,409953134029.0,91,ASK,LONG,1.0
CAT,2026-07-17 15:21:00.498010+00:00,PUT,865.0,2026-07-17,56885,367,418,167,876.01,REPEATEDHITS,False,False,False,0,56885,409953134029.0,0,BID,LONG,0.5
CAT,2026-07-17 14:03:54.992994+00:00,CALL,875.0,2026-07-17,124114,207,221,94,870.11,REPEATEDHITSDESCENDINGFILL,True,False,False,110929,12585,409953134029.0,0,ASK,LONG,1.0
CAT,2026-07-16 19:07:58.591882+00:00,CALL,1020.0,2026-07-31,64752,284,299,45,874.18,REPEATEDHITS,False,False,False,0,64752,409953134029.0,15,BID,SHORT,0.5
CAT,2026-07-16 18:12:45.984760+00:00,PUT,770.0,2026-07-31,350746,575,587,32,872.53,REPEATEDHITS,False,False,False,350746,0,409953134029.0,15,ASK,SHORT,1.0
CAT,2026-07-16 16:55:53.479100+00:00,CALL,920.0,2026-11-20,3345870,377,380,71,880.32,REPEATEDHITS,False,False,False,3345870,0,409953134029.0,127,ASK,LONG,1.0
CAT,2026-07-16 16:10:54.349126+00:00,PUT,805.0,2026-07-31,82800,92,92,59,886.98,REPEATEDHITS,False,False,False,82800,0,409953134029.0,15,ASK,SHORT,1.0
CAT,2026-07-16 14:09:33.525456+00:00,CALL,890.0,2026-08-21,1644650,259,268,17,900.1,REPEATEDHITS,False,False,False,1644650,0,409953134029.0,36,ASK,LONG,1.0
CAT,2026-07-15 19:27:27.068344+00:00,PUT,785.0,2026-07-24,65010,591,791,18,910.65,REPEATEDHITS,False,False,False,0,65010,409953134029.0,9,BID,LONG,0.5
CAT,2026-07-15 19:03:00.624647+00:00,CALL,905.0,2026-08-07,1632353,324,330,0,906.76,REPEATEDHITSDESCENDINGFILL,False,False,False,1592553,39800,409953134029.0,23,ASK,LONG,1.0
CAT,2026-07-15 18:05:03.954582+00:00,CALL,1300.0,2026-11-20,88572,55,65,26,912.0,REPEATEDHITSASCENDINGFILL,False,False,False,49880,38692,409953134029.0,128,ASK,LONG,1.0
CAT,2026-07-15 17:15:28.806581+00:00,PUT,920.0,2026-10-16,234445,25,40,3,898.43,REPEATEDHITSDESCENDINGFILL,False,False,False,56350,178095,409953134029.0,93,BID,LONG,0.5
CAT,2026-07-15 17:05:07.711159+00:00,CALL,810.0,2026-10-16,2179870,154,155,0,898.935,REPEATEDHITS,False,False,False,2179870,0,409953134029.0,93,ASK,LONG,1.0
CAT,2026-07-15 16:46:56.231262+00:00,CALL,885.0,2026-07-17,50640,24,25,3,893.97,REPEATEDHITSDESCENDINGFILL,False,False,False,38220,12420,409953134029.0,2,ASK,LONG,1.0
CAT,2026-07-15 16:46:56.231262+00:00,CALL,875.0,2026-07-17,249780,89,89,2,893.97,REPEATEDHITSDESCENDINGFILL,False,False,False,221780,28000,409953134029.0,2,ASK,LONG,1.0
CAT,2026-07-15 15:46:19.125932+00:00,CALL,1025.0,2026-07-31,51450,98,101,72,906.19,REPEATEDHITS,False,False,False,0,51450,409953134029.0,16,BID,SHORT,0.5
CAT,2026-07-15 15:14:35.123413+00:00,CALL,1005.0,2026-07-24,114420,369,378,24,907.5,REPEATEDHITSASCENDINGFILL,False,False,False,955,113465,409953134029.0,9,BID,SHORT,0.5
CAT,2026-07-15 14:03:55.474882+00:00,CALL,1280.0,2026-09-18,242519,500,500,133,923.9,REPEATEDHITSASCENDINGFILL,False,False,False,0,242519,409953134029.0,65,BID,SHORT,0.5
CAT,2026-07-15 13:51:30.713048+00:00,PUT,830.0,2026-07-31,252007,317,317,90,926.85,REPEATEDHITSDESCENDINGFILL,False,False,False,252007,0,409953134029.0,16,ASK,SHORT,1.0
CAT,2026-07-14 14:47:05.127162+00:00,PUT,880.0,2026-07-31,396360,216,216,112,934.53,REPEATEDHITS,False,False,False,396360,0,409953134029.0,17,ASK,SHORT,1.0
CBRG,2026-07-22 15:35:29.539940+00:00,CALL,8.0,2026-08-21,136469,1948,11572,629,5.26,REPEATEDHITS,True,False,False,26950,109519,10432676.0,30,BID,SHORT,0.5
CBRG,2026-07-22 15:18:47.425383+00:00,CALL,8.0,2026-08-21,280000,4000,9615,629,5.39,REPEATEDHITS,False,False,False,238000,0,10432676.0,30,ASK,LONG,1.0
CBRG,2026-07-22 14:30:44.997124+00:00,CALL,10.0,2026-08-21,16000,400,459,246,5.1,REPEATEDHITS,False,False,False,0,16000,10432676.0,30,BID,SHORT,0.5
CBRG,2026-07-22 14:29:22.495601+00:00,CALL,8.0,2026-08-21,68089,1046,4891,629,5.15,REPEATEDHITS,True,False,False,910,66724,10432676.0,30,BID,SHORT,0.5
CBRG,2026-07-22 14:29:22.495601+00:00,CALL,8.0,2026-08-21,63811,980,3804,629,5.15,REPEATEDHITS,True,False,False,520,62771,10432676.0,30,BID,SHORT,0.5
CBRG,2026-07-22 14:28:57.461662+00:00,CALL,8.0,2026-08-21,87850,1255,2287,629,5.145,REPEATEDHITS,True,False,False,70,87780,10432676.0,30,BID,SHORT,0.5
CBRG,2026-07-21 17:13:42.364738+00:00,CALL,5.0,2026-08-21,44538,405,549,158,4.67,REPEATEDHITSASCENDINGFILL,False,False,False,44538,0,10432676.0,31,ASK,LONG,1.0
CBRG,2026-06-29 16:59:37.321952+00:00,CALL,6.0,2026-07-17,37660,538,9420,135,5.3101,REPEATEDHITS,True,False,False,0,37660,10432676.0,18,BID,SHORT,0.5
CBRG,2026-06-29 16:59:37.321952+00:00,CALL,6.0,2026-07-17,39858,567,9987,135,5.3101,REPEATEDHITSASCENDINGFILL,True,False,False,0,39858,10432676.0,18,BID,SHORT,0.5
CBRG,2026-06-29 16:59:34.518340+00:00,CALL,6.0,2026-07-17,99559,1420,8882,135,5.3101,REPEATEDHITS,True,False,False,0,99559,10432676.0,18,BID,SHORT,0.5
CBRG,2026-06-29 16:59:31.712502+00:00,CALL,6.0,2026-07-17,91006,1299,7462,135,5.33,REPEATEDHITSASCENDINGFILL,True,False,False,0,91006,10432676.0,18,BID,SHORT,0.5
CBRG,2026-06-29 15:53:07.810589+00:00,CALL,6.0,2026-07-17,18300,366,6060,135,4.86,REPEATEDHITS,False,False,False,0,18300,10432676.0,18,BID,SHORT,0.5
CBRG,2026-06-29 15:52:59.003575+00:00,CALL,6.0,2026-07-17,21400,428,5693,135,4.87,REPEATEDHITS,False,False,False,0,21400,10432676.0,18,BID,SHORT,0.5
CBRG,2026-06-29 15:51:12.067811+00:00,CALL,6.0,2026-07-17,12200,244,5261,135,4.885,REPEATEDHITS,False,False,False,12200,0,10432676.0,18,ASK,LONG,1.0
CBRG,2026-06-29 15:50:37.830331+00:00,CALL,6.0,2026-07-17,17500,350,4999,135,4.87,REPEATEDHITS,False,False,False,17500,0,10432676.0,18,ASK,LONG,1.0
CBRG,2026-06-29 15:50:12.793663+00:00,CALL,6.0,2026-07-17,24000,480,4644,135,4.87,REPEATEDHITS,False,False,False,24000,0,10432676.0,18,ASK,LONG,1.0
CBRG,2026-06-29 15:50:08.382944+00:00,CALL,6.0,2026-07-17,29300,586,4164,135,4.87,REPEATEDHITS,False,False,False,29300,0,10432676.0,18,ASK,LONG,1.0
CBRG,2026-06-29 15:50:03.176910+00:00,CALL,6.0,2026-07-17,32750,655,3535,135,4.879,REPEATEDHITS,False,False,False,17700,0,10432676.0,18,ASK,LONG,1.0
CBRG,2026-06-29 15:49:56.567772+00:00,CALL,6.0,2026-07-17,37200,744,2823,135,4.875,REPEATEDHITS,False,False,False,5700,0,10432676.0,18,ASK,LONG,1.0
CBRG,2026-06-24 13:38:38.879832+00:00,PUT,5.0,2026-07-17,320179,4000,4005,114,5.0409,REPEATEDHITSASCENDINGFILL,True,False,False,0,320179,10432676.0,23,BID,LONG,0.5
CBRG,2026-06-15 15:34:32.685423+00:00,PUT,6.0,2026-06-18,95670,3189,4833,3072,6.2,REPEATEDHITS,False,False,False,93750,0,10432676.0,3,ASK,SHORT,1.0
CBRG,2026-06-04 15:50:09.009155+00:00,PUT,6.0,2026-06-18,16000,200,1612,39,5.97,REPEATEDHITS,False,False,False,16000,0,10432676.0,14,ASK,SHORT,1.0
CBRG,2026-06-04 15:49:58.583171+00:00,PUT,6.0,2026-06-18,35760,447,1367,39,5.97,REPEATEDHITS,False,False,False,35760,0,10432676.0,14,ASK,SHORT,1.0
CBRG,2026-06-04 15:48:44.994051+00:00,PUT,6.0,2026-06-18,16830,198,738,39,5.9499,REPEATEDHITS,False,False,False,16830,0,10432676.0,14,ASK,SHORT,1.0
CBRG,2026-06-04 15:48:29.756347+00:00,PUT,6.0,2026-06-18,19805,233,539,39,5.9401,REPEATEDHITS,True,False,False,0,19805,10432676.0,14,BID,LONG,0.5
CBRG,2026-06-03 16:35:52.283822+00:00,CALL,7.0,2026-06-18,68085,851,921,52,6.56,REPEATEDHITS,True,False,False,85,68000,10432676.0,15,BID,SHORT,0.5
CBRG,2026-06-02 14:30:28.786587+00:00,PUT,7.0,2026-06-18,140050,2000,2013,123,7.42,REPEATEDHITS,True,False,False,41650,98400,10432676.0,16,BID,LONG,0.5
CBRS,2026-07-22 14:28:00.791018+00:00,CALL,217.5,2026-08-14,481250,175,175,11,215.77,REPEATEDHITS,False,False,False,0,85250,19215593311.0,23,BID,SHORT,0.5
CBRS,2026-07-22 14:20:19.153182+00:00,PUT,200.0,2026-08-07,65580,47,77,41,217.64,REPEATEDHITSASCENDINGFILL,False,False,False,26650,38930,19215593311.0,16,BID,LONG,0.5
CBRS,2026-07-22 14:17:40.824688+00:00,PUT,217.5,2026-07-24,46870,43,107,9,216.96,REPEATEDHITS,False,False,False,46870,0,19215593311.0,2,ASK,SHORT,1.0
CBRS,2026-07-22 14:07:33.987421+00:00,PUT,230.0,2026-07-31,26700,15,25,11,233.51,REPEATEDHITS,False,False,False,26700,0,19215593311.0,9,ASK,SHORT,1.0
CBRS,2026-07-22 14:07:33.987421+00:00,PUT,230.0,2026-07-31,28480,16,41,11,233.22,REPEATEDHITS,False,False,False,28480,0,19215593311.0,9,ASK,SHORT,1.0
CBRS,2026-07-22 14:03:33.874392+00:00,PUT,190.0,2026-09-18,53980,29,51,6,239.38,REPEATEDHITSDESCENDINGFILL,False,False,False,33570,16730,19215593311.0,58,ASK,SHORT,1.0
CBRS,2026-07-22 13:50:13.002644+00:00,PUT,230.0,2026-07-24,15480,18,235,15,237.745,REPEATEDHITS,True,False,False,15480,0,19215593311.0,2,ASK,SHORT,1.0
CBRS,2026-07-22 13:46:00.084503+00:00,CALL,265.0,2026-07-24,35200,110,127,32,232.835,REPEATEDHITS,True,False,False,35200,0,19215593311.0,2,ASK,LONG,1.0
CBRS,2026-07-21 19:32:34.693200+00:00,CALL,212.5,2026-08-28,93720,33,713,3,207.57,REPEATEDHITS,False,False,False,14200,79520,19215593311.0,38,BID,SHORT,0.5
CBRS,2026-07-21 19:32:32.689623+00:00,CALL,212.5,2026-08-28,76630,27,532,3,207.45,REPEATEDHITSASCENDINGFILL,True,False,False,17040,59590,19215593311.0,38,BID,SHORT,0.5
CBRS,2026-07-21 19:12:12.600187+00:00,CALL,240.0,2026-08-07,23761,27,884,18,203.69,REPEATEDHITS,False,False,False,0,23761,19215593311.0,17,BID,SHORT,0.5
CBRS,2026-07-21 19:02:02.269571+00:00,CALL,240.0,2026-08-07,48480,48,51,18,207.18,REPEATEDHITS,False,False,False,48480,0,19215593311.0,17,ASK,LONG,1.0
CBRS,2026-07-21 18:03:05.038401+00:00,CALL,212.5,2026-08-28,61400,23,135,3,205.15,REPEATEDHITS,False,False,False,40050,21350,19215593311.0,38,ASK,LONG,1.0
CBRS,2026-07-21 17:06:52.051553+00:00,CALL,217.5,2026-07-24,80597,126,200,99,207.84,REPEATEDHITSDESCENDINGFILL,False,False,False,79357,1240,19215593311.0,3,ASK,LONG,1.0
CBRS,2026-07-21 16:07:18.983634+00:00,CALL,182.5,2026-07-31,23800,10,136,9,198.22,REPEATEDHITS,False,False,False,12000,11800,19215593311.0,10,ASK,LONG,1.0
CBRS,2026-07-20 18:05:43.926261+00:00,CALL,200.0,2026-08-28,49400,26,27,9,179.6866,REPEATEDHITS,False,False,False,47500,0,19215593311.0,39,ASK,LONG,1.0
CBRS,2026-07-20 15:06:22.396683+00:00,CALL,172.5,2026-07-24,844434,1126,1262,40,168.77,REPEATEDHITSDESCENDINGFILL,False,False,False,842974,720,19215593311.0,4,ASK,LONG,1.0
CBRS,2026-07-20 13:31:54.614920+00:00,CALL,162.5,2026-07-24,39480,28,38,21,171.57,REPEATEDHITS,True,False,False,7050,32430,19215593311.0,4,BID,SHORT,0.5
CBRS,2026-07-17 17:27:06.089152+00:00,PUT,115.0,2028-12-15,2310000,550,550,4,175.05,FLOORTRADELARGECAP,False,True,False,0,2310000,19215593311.0,882,BID,LONG,0.5
CBRS,2026-07-17 15:09:11.452150+00:00,CALL,195.0,2026-09-18,53640,27,27,0,164.75,REPEATEDHITSASCENDINGFILL,False,False,False,3940,49700,19215593311.0,63,BID,SHORT,0.5
CBRS,2026-07-16 13:52:25.240919+00:00,CALL,177.5,2026-07-24,69615,63,64,16,176.44,REPEATEDHITS,False,False,False,69615,0,19215593311.0,8,ASK,LONG,1.0
CBRS,2026-07-15 15:39:04.931454+00:00,PUT,135.0,2026-08-07,75900,330,331,47,186.7334,REPEATEDHITS,False,False,False,44390,16330,19215593311.0,23,ASK,SHORT,1.0
CBRS,2026-07-14 19:25:00.890751+00:00,CALL,340.0,2026-08-21,510985,1002,1007,299,200.5,REPEATEDHITSDESCENDINGFILL,False,False,False,510495,490,19215593311.0,38,ASK,LONG,1.0
CBRS,2026-07-14 13:54:06.233910+00:00,CALL,185.0,2027-01-15,231805,39,45,34,193.9,REPEATEDHITSASCENDINGFILL,False,False,False,59595,172210,19215593311.0,185,BID,SHORT,0.5
CBRS,2026-07-10 19:36:41.927768+00:00,PUT,225.0,2026-07-24,78210,33,120,24,213.9225,REPEATEDHITS,False,False,False,78210,0,19215593311.0,14,ASK,SHORT,1.0
CBRS,2026-07-10 19:35:11.786019+00:00,PUT,225.0,2026-07-24,84960,36,41,24,214.28,REPEATEDHITS,False,False,False,84960,0,19215593311.0,14,ASK,SHORT,1.0
CBRS,2026-07-10 18:27:51.326699+00:00,PUT,220.0,2027-06-17,3224000,400,400,10,212.6499,FLOORTRADELARGECAP,False,True,False,0,3224000,19215593311.0,342,BID,LONG,0.5
CBRS,2026-07-10 15:20:20.935824+00:00,CALL,217.5,2026-07-10,19500,100,131,81,213.26,REPEATEDHITS,False,False,False,19500,0,19215593311.0,0,ASK,LONG,1.0
CBRS,2026-07-10 15:04:15.943349+00:00,CALL,215.0,2026-07-31,469594,280,281,107,204.41,REPEATEDHITSDESCENDINGFILL,True,False,False,118474,351120,19215593311.0,21,BID,SHORT,0.5
CBRS,2026-07-10 14:46:11.701169+00:00,CALL,205.0,2026-07-17,146000,146,258,132,201.0,REPEATEDHITS,True,False,False,146000,0,19215593311.0,7,ASK,LONG,1.0
CBRS,2026-07-08 14:09:07.914403+00:00,CALL,300.0,2026-07-24,30000,200,204,77,183.66,REPEATEDHITS,False,False,False,12000,0,19215593311.0,16,ASK,LONG,1.0
CBRS,2026-07-07 15:49:38.997324+00:00,CALL,440.0,2028-01-21,39438,9,23,8,174.675,REPEATEDHITS,False,False,False,0,39438,19215593311.0,563,BID,SHORT,0.5
CBRS,2026-07-06 19:57:38.390933+00:00,PUT,172.5,2026-07-10,10800,54,78,23,192.525,REPEATEDHITS,False,False,False,10800,0,19215593311.0,4,ASK,SHORT,1.0
CBRS,2026-07-06 18:21:08.463950+00:00,CALL,410.0,2028-01-21,110200,19,149,0,196.915,REPEATEDHITS,False,False,False,17400,92800,19215593311.0,564,BID,SHORT,0.5
CBRS,2026-07-01 17:55:35.459763+00:00,PUT,232.5,2026-07-17,75130,31,31,0,223.86,REPEATEDHITSASCENDINGFILL,True,False,False,2520,72610,19215593311.0,16,BID,LONG,0.5
CBRS,2026-07-01 13:41:36.596803+00:00,CALL,265.0,2026-07-17,21250,23,23,12,224.475,REPEATEDHITSDESCENDINGFILL,True,False,False,15730,5520,19215593311.0,16,ASK,LONG,1.0
CBRS,2026-07-01 13:41:21.560647+00:00,PUT,217.5,2026-07-10,47050,37,37,14,222.36,REPEATEDHITSASCENDINGFILL,True,False,False,39430,7620,19215593311.0,9,ASK,SHORT,1.0
CBRS,2026-06-30 14:48:34.094824+00:00,CALL,195.0,2026-07-24,23490,9,12,7,202.8819,REPEATEDHITS,True,False,False,2610,20880,19215593311.0,24,BID,SHORT,0.5
CBRS,2026-06-29 19:45:48.177215+00:00,PUT,220.0,2026-07-02,90480,78,404,57,218.025,REPEATEDHITS,False,False,False,89320,0,19215593311.0,3,ASK,SHORT,1.0
CBRS,2026-06-29 18:44:23.142342+00:00,PUT,205.0,2026-07-31,98730,46,95,13,217.4599,REPEATEDHITSDESCENDINGFILL,False,False,False,62350,25680,19215593311.0,32,ASK,SHORT,1.0
CBRS,2026-06-29 18:34:32.187226+00:00,PUT,215.0,2026-07-24,60580,26,39,24,217.7,REPEATEDHITS,False,False,False,34950,25630,19215593311.0,25,ASK,SHORT,1.0
CBRS,2026-06-29 17:30:03.020186+00:00,PUT,220.0,2026-07-02,101600,80,114,57,215.855,REPEATEDHITS,False,False,False,101600,0,19215593311.0,3,ASK,SHORT,1.0
CBRS,2026-06-29 17:19:54.341283+00:00,CALL,220.0,2027-06-17,819658,100,301,35,214.08,REPEATEDHITSDESCENDINGFILL,True,False,False,819658,0,19215593311.0,353,ASK,LONG,1.0
CBRS,2026-06-29 17:11:56.878792+00:00,PUT,230.0,2026-07-02,646010,291,301,141,213.28,REPEATEDHITSDESCENDINGFILL,False,False,False,646010,0,19215593311.0,3,ASK,SHORT,1.0
CBRS,2026-06-29 17:07:16.814836+00:00,CALL,260.0,2026-07-31,61810,49,62,25,212.6501,REPEATEDHITSASCENDINGFILL,True,False,False,14220,43990,19215593311.0,32,BID,SHORT,0.5
CBRS,2026-06-29 16:45:55.824677+00:00,CALL,245.0,2026-07-02,18685,101,181,76,209.43,REPEATEDHITS,False,False,False,18685,0,19215593311.0,3,ASK,LONG,1.0
CBRS,2026-06-29 16:45:55.824677+00:00,CALL,242.5,2026-07-02,18475,88,122,19,209.43,REPEATEDHITS,False,False,False,18475,0,19215593311.0,3,ASK,LONG,1.0
CBRS,2026-06-29 16:20:57.966372+00:00,PUT,200.0,2026-08-21,1070810,350,357,248,205.415,REPEATEDHITSDESCENDINGFILL,False,False,False,1015910,54900,19215593311.0,53,ASK,SHORT,1.0
CBRS,2026-06-29 16:04:36.244893+00:00,CALL,195.0,2026-10-16,381580,76,86,21,203.78,REPEATEDHITS,False,False,False,371470,10110,19215593311.0,109,ASK,LONG,1.0
CBRS,2026-06-29 14:54:53.773282+00:00,CALL,180.0,2027-01-15,651700,98,158,50,199.245,REPEATEDHITS,False,False,False,339150,312550,19215593311.0,200,ASK,LONG,1.0
CCJ,2026-07-22 15:39:17.786633+00:00,PUT,86.0,2026-08-14,72644,286,292,5,91.59,REPEATEDHITS,False,False,False,0,72644,38616413489.0,23,BID,LONG,0.5
CCJ,2026-07-22 15:39:17.786633+00:00,PUT,87.0,2026-08-14,10381,36,36,8,91.602,REPEATEDHITSASCENDINGFILL,True,False,False,587,9504,38616413489.0,23,BID,LONG,0.5
CCJ,2026-07-20 19:28:28.872075+00:00,CALL,84.0,2026-07-24,28800,120,137,37,84.53,REPEATEDHITS,False,False,False,28800,0,38616413489.0,4,ASK,LONG,1.0
CCJ,2026-07-20 18:30:12.256318+00:00,PUT,75.0,2026-08-28,35697,170,176,6,84.65,REPEATEDHITSDESCENDINGFILL,False,False,False,35280,417,38616413489.0,39,ASK,SHORT,1.0
CCJ,2026-07-20 16:38:47.914644+00:00,CALL,85.0,2026-07-24,35420,161,263,22,85.245,REPEATEDHITS,False,False,False,35200,220,38616413489.0,4,ASK,LONG,1.0
CCJ,2026-07-20 14:39:28.729539+00:00,CALL,83.0,2026-07-24,159535,432,432,138,85.48,REPEATEDHITSDESCENDINGFILL,False,False,False,45510,35585,38616413489.0,4,ASK,LONG,1.0
CCJ,2026-07-17 17:16:34.462888+00:00,PUT,87.0,2026-07-17,10965,129,152,125,86.5,REPEATEDHITS,False,False,False,0,10965,38616413489.0,0,BID,LONG,0.5
CCJ,2026-07-17 13:35:50.876284+00:00,PUT,70.0,2026-08-28,14796,108,468,18,83.89,REPEATEDHITS,False,False,False,14796,0,38616413489.0,42,ASK,SHORT,1.0
CCJ,2026-07-17 13:34:02.636304+00:00,PUT,70.0,2026-08-28,39511,320,320,18,84.35,REPEATEDHITSDESCENDINGFILL,False,False,False,20116,19395,38616413489.0,42,ASK,SHORT,1.0
CCJ,2026-07-16 15:55:36.710941+00:00,CALL,105.0,2026-08-14,20710,218,223,25,87.76,REPEATEDHITS,False,False,False,0,20710,38616413489.0,29,BID,SHORT,0.5
CCJ,2026-07-15 13:33:28.828399+00:00,CALL,92.0,2026-07-17,33625,165,165,148,92.31,REPEATEDHITSDESCENDINGFILL,True,False,False,18570,12935,38616413489.0,2,ASK,LONG,1.0
CCJ,2026-07-14 14:22:38.181438+00:00,CALL,92.0,2026-07-24,23450,67,67,17,92.3675,REPEATEDHITS,False,False,False,23450,0,38616413489.0,10,ASK,LONG,1.0
CCJ,2026-07-13 19:14:22.899993+00:00,PUT,95.0,2027-06-17,109155,57,118,23,89.84,REPEATEDHITS,False,False,False,109155,0,38616413489.0,339,ASK,SHORT,1.0
CCJ,2026-07-13 19:14:09.476806+00:00,PUT,95.0,2027-06-17,114900,60,61,23,89.75,REPEATEDHITS,False,False,False,114900,0,38616413489.0,339,ASK,SHORT,1.0
CCJ,2026-07-13 19:14:09.476806+00:00,PUT,100.0,2027-06-17,109025,49,50,26,89.75,REPEATEDHITS,False,False,False,109025,0,38616413489.0,339,ASK,SHORT,1.0
CCJ,2026-07-13 16:55:22.671130+00:00,CALL,92.0,2026-07-17,15300,100,114,4,90.69,REPEATEDHITS,False,False,False,13770,0,38616413489.0,4,ASK,LONG,1.0
CCJ,2026-07-13 16:07:47.190181+00:00,PUT,75.0,2026-08-14,846600,10200,10200,5,91.6095,LOWHISTORICVOLUMEFLOOR,False,True,False,0,846600,38616413489.0,32,BID,LONG,0.5
CCJ,2026-07-13 15:48:57.157980+00:00,CALL,95.0,2026-07-24,288225,1525,1527,12,91.98,REPEATEDHITS,False,False,False,0,288225,38616413489.0,11,BID,SHORT,0.5
CCJ,2026-07-13 15:29:55.286069+00:00,CALL,97.0,2026-07-31,43772,150,150,3,92.455,REPEATEDHITSDESCENDINGFILL,False,False,False,0,43772,38616413489.0,18,BID,SHORT,0.5
CCJ,2026-07-13 14:28:24.326034+00:00,PUT,89.0,2026-07-17,10640,133,182,5,92.7,REPEATEDHITS,False,False,False,80,10560,38616413489.0,4,BID,LONG,0.5
CCJ,2026-07-13 14:01:55.177304+00:00,CALL,94.0,2026-07-24,65636,244,244,40,92.45,REPEATEDHITS,False,False,False,0,65636,38616413489.0,11,BID,SHORT,0.5
CCJ,2026-07-10 17:20:27.154171+00:00,PUT,88.0,2026-07-17,11408,368,380,48,95.63,REPEATEDHITS,False,False,False,0,11408,38616413489.0,7,BID,LONG,0.5
CCJ,2026-07-10 16:38:12.118991+00:00,PUT,106.0,2026-07-24,111600,100,100,46,95.72,FLOORTRADELARGECAP,False,True,True,0,111600,38616413489.0,14,BID,LONG,0.5
CCJ,2026-07-09 17:14:14.281065+00:00,PUT,91.0,2026-07-17,11484,132,148,1,96.3527,REPEATEDHITS,False,False,False,0,11484,38616413489.0,8,BID,LONG,0.5
CCJ,2026-07-09 13:57:13.526286+00:00,CALL,95.0,2026-07-17,57240,159,160,140,96.28,REPEATEDHITS,False,False,False,0,57240,38616413489.0,8,BID,SHORT,0.5
CCJ,2026-07-08 17:28:45.729208+00:00,CALL,92.0,2026-07-10,12710,41,44,22,94.15,REPEATEDHITS,False,False,False,930,11780,38616413489.0,2,BID,SHORT,0.5
CCJ,2026-07-08 14:59:11.559044+00:00,CALL,106.0,2026-07-17,12608,548,548,43,92.585,REPEATEDHITSASCENDINGFILL,True,False,False,26,12582,38616413489.0,9,BID,SHORT,0.5
CCJ,2026-07-08 14:03:37.394505+00:00,CALL,99.0,2026-07-17,30384,211,211,105,94.0,REPEATEDHITS,False,False,False,0,30384,38616413489.0,9,BID,SHORT,0.5
CCJ,2026-07-08 13:48:09.223138+00:00,CALL,98.0,2026-07-10,10244,160,161,48,94.67,REPEATEDHITS,False,False,False,1919,8325,38616413489.0,2,BID,SHORT,0.5
CCJ,2026-07-07 19:21:53.005781+00:00,PUT,86.0,2026-07-24,15400,140,389,97,94.63,REPEATEDHITS,True,False,False,15400,0,38616413489.0,17,ASK,SHORT,1.0
CCJ,2026-07-07 19:21:53.005781+00:00,PUT,86.0,2026-07-24,12430,113,502,97,94.63,REPEATEDHITS,True,False,False,1760,3300,38616413489.0,17,BID,LONG,0.5
CCJ,2026-07-07 14:11:10.998056+00:00,CALL,106.0,2026-07-31,81430,479,479,17,93.46,REPEATEDHITS,False,False,False,0,81430,38616413489.0,24,BID,SHORT,0.5
CCJ,2026-07-06 15:12:16.304614+00:00,PUT,80.0,2026-09-18,119242,530,582,495,98.655,REPEATEDHITSDESCENDINGFILL,False,False,False,75600,1792,38616413489.0,74,ASK,SHORT,1.0
CCJ,2026-07-06 14:44:21.258777+00:00,PUT,92.0,2026-07-10,11781,231,231,83,98.0,REPEATEDHITS,False,False,False,7548,4233,38616413489.0,4,ASK,SHORT,1.0
CCJ,2026-07-02 19:29:03.565001+00:00,PUT,99.0,2026-07-17,22800,40,85,28,95.51,REPEATEDHITS,False,False,False,2280,20520,38616413489.0,15,BID,LONG,0.5
CCJ,2026-07-02 19:04:29.997702+00:00,CALL,93.0,2026-07-24,234195,398,398,0,95.125,REPEATEDHITSDESCENDINGFILL,True,False,False,221325,12870,38616413489.0,22,ASK,LONG,1.0
CCJ,2026-07-02 19:04:29.997702+00:00,CALL,90.0,2026-08-21,585405,559,561,10,95.11,REPEATEDHITSASCENDINGFILL,False,False,False,357595,227810,38616413489.0,50,ASK,LONG,1.0
CCJ,2026-07-02 17:02:53.750559+00:00,PUT,85.0,2026-07-17,88992,1236,1267,1171,95.67,REPEATEDHITS,False,False,False,88992,0,38616413489.0,15,ASK,SHORT,1.0
CCJ,2026-07-02 16:13:19.875817+00:00,PUT,87.0,2026-07-24,48891,379,381,6,96.98,REPEATEDHITS,False,False,False,48891,0,38616413489.0,22,ASK,SHORT,1.0
CCJ,2026-07-02 15:30:16.879806+00:00,PUT,85.0,2026-08-21,135840,480,508,167,97.06,REPEATEDHITS,False,False,False,135840,0,38616413489.0,50,ASK,SHORT,1.0
CCJ,2026-07-02 14:02:20.642742+00:00,PUT,84.0,2026-07-24,13872,272,272,38,99.76,REPEATEDHITS,False,False,False,13872,0,38616413489.0,22,ASK,SHORT,1.0
CCJ,2026-07-02 13:50:40.383991+00:00,PUT,97.0,2026-07-24,25200,84,84,18,101.31,REPEATEDHITS,False,False,False,0,25200,38616413489.0,22,BID,LONG,0.5
CCJ,2026-07-01 19:46:08.111095+00:00,PUT,94.0,2026-07-17,130476,524,538,83,97.4,REPEATEDHITS,False,False,False,130476,0,38616413489.0,16,ASK,SHORT,1.0
CCJ,2026-07-01 17:18:37.412976+00:00,PUT,80.0,2026-08-07,145272,1909,17953,4,100.37,REPEATEDHITSASCENDINGFILL,True,False,False,58024,81700,38616413489.0,37,BID,LONG,0.5
CCJ,2026-07-01 13:49:19.885924+00:00,PUT,80.0,2026-08-07,897000,13000,13000,4,103.56,FLOORTRADELARGECAP,False,True,False,897000,0,38616413489.0,37,ASK,SHORT,1.0
CCJ,2026-06-30 19:48:58.926261+00:00,PUT,101.0,2026-07-02,66196,494,761,159,101.625,REPEATEDHITS,False,False,False,0,66196,38616413489.0,2,BID,LONG,0.5
CCJ,2026-06-30 19:28:50.093716+00:00,CALL,110.0,2026-07-24,12850,50,303,46,101.56,REPEATEDHITS,False,False,False,12850,0,38616413489.0,24,ASK,LONG,1.0
CCJ,2026-06-30 19:28:18.250740+00:00,CALL,110.0,2026-07-24,62500,250,253,46,101.47,REPEATEDHITS,False,False,False,22000,0,38616413489.0,24,ASK,LONG,1.0
CCJ,2026-06-30 18:35:06.817160+00:00,CALL,101.0,2026-07-17,51415,113,130,0,100.84,REPEATEDHITS,False,False,False,0,51415,38616413489.0,17,BID,SHORT,0.5
CCJ,2026-06-30 16:43:59.541520+00:00,PUT,101.0,2026-07-02,30621,173,220,159,100.905,REPEATEDHITS,False,False,False,0,30621,38616413489.0,2,BID,LONG,0.5
CDNS,2026-07-22 15:27:28.126944+00:00,CALL,342.5,2026-08-21,193600,80,103,3,344.16,REPEATEDHITS,False,False,False,0,193600,95057226240.0,30,BID,SHORT,0.5
CDNS,2026-07-22 13:44:13.004683+00:00,PUT,342.5,2026-08-21,63280,28,28,0,342.987,REPEATEDHITS,False,False,False,22600,40680,95057226240.0,30,BID,LONG,0.5
CDNS,2026-07-21 19:37:45.697960+00:00,CALL,340.0,2026-11-20,95000,20,1515,11,345.295,REPEATEDHITS,True,False,False,95000,0,95057226240.0,122,ASK,LONG,1.0
CDNS,2026-07-21 19:28:30.166664+00:00,CALL,340.0,2026-11-20,123760,26,1495,11,345.25,REPEATEDHITS,True,False,False,76160,28560,95057226240.0,122,ASK,LONG,1.0
CDNS,2026-07-21 19:19:18.498353+00:00,CALL,340.0,2026-11-20,152320,32,1429,11,344.62,REPEATEDHITS,True,False,False,114240,0,95057226240.0,122,ASK,LONG,1.0
CDNS,2026-07-21 19:19:18.498353+00:00,CALL,340.0,2026-11-20,190400,40,1469,11,344.79,REPEATEDHITS,False,False,False,185640,4760,95057226240.0,122,ASK,LONG,1.0
CDNS,2026-07-21 19:05:20.165631+00:00,CALL,340.0,2026-11-20,159060,33,1397,11,345.37,REPEATEDHITS,False,False,False,43380,0,95057226240.0,122,ASK,LONG,1.0
CDNS,2026-07-21 18:49:25.403336+00:00,CALL,340.0,2026-11-20,151900,31,1364,11,346.52,REPEATEDHITS,True,False,False,151900,0,95057226240.0,122,ASK,LONG,1.0
CDNS,2026-07-21 18:33:35.413627+00:00,CALL,340.0,2026-11-20,136920,28,1333,11,346.775,REPEATEDHITS,True,False,False,132030,0,95057226240.0,122,ASK,LONG,1.0
CDNS,2026-07-21 18:21:12.839029+00:00,CALL,340.0,2026-11-20,135240,28,1304,11,346.11,REPEATEDHITS,True,False,False,115920,0,95057226240.0,122,ASK,LONG,1.0
CDNS,2026-07-21 18:09:34.864346+00:00,CALL,340.0,2026-11-20,148800,31,1276,11,345.175,REPEATEDHITS,False,False,False,110400,0,95057226240.0,122,ASK,LONG,1.0
CDNS,2026-07-21 17:54:08.806791+00:00,CALL,340.0,2026-11-20,135520,28,1245,11,345.9,REPEATEDHITS,True,False,False,48400,67760,95057226240.0,122,BID,SHORT,0.5
CDNS,2026-07-21 17:52:36.469534+00:00,CALL,340.0,2026-08-07,158010,69,70,2,345.43,REPEATEDHITS,False,False,False,158010,0,95057226240.0,17,ASK,LONG,1.0
CDNS,2026-07-21 17:37:55.275110+00:00,CALL,340.0,2026-11-20,144300,30,1208,11,345.825,REPEATEDHITS,True,False,False,72150,0,95057226240.0,122,ASK,LONG,1.0
CDNS,2026-07-21 17:23:09.455955+00:00,CALL,340.0,2026-11-20,132440,28,1178,11,344.585,REPEATEDHITS,True,False,False,80410,28380,95057226240.0,122,ASK,LONG,1.0
CDNS,2026-07-21 17:12:58.718733+00:00,CALL,340.0,2026-11-20,117750,25,1150,11,344.09,REPEATEDHITS,False,False,False,113040,0,95057226240.0,122,ASK,LONG,1.0
CDNS,2026-07-21 16:57:20.563277+00:00,CALL,340.0,2026-11-20,149760,32,1115,11,343.565,REPEATEDHITS,False,False,False,112320,37440,95057226240.0,122,ASK,LONG,1.0
CDNS,2026-07-21 16:39:20.075242+00:00,CALL,375.0,2026-07-31,52200,90,91,14,342.985,REPEATEDHITS,False,False,False,52200,0,95057226240.0,10,ASK,LONG,1.0
CDNS,2026-07-21 16:35:10.991112+00:00,CALL,340.0,2026-11-20,136800,30,1068,11,341.525,REPEATEDHITS,True,False,False,59280,41040,95057226240.0,122,ASK,LONG,1.0
CDNS,2026-07-21 16:20:48.409054+00:00,CALL,340.0,2026-11-20,132530,29,1038,11,341.785,REPEATEDHITS,True,False,False,45700,68550,95057226240.0,122,BID,SHORT,0.5
CDNS,2026-07-21 15:59:18.279690+00:00,CALL,340.0,2026-11-20,76670,17,991,11,340.95,REPEATEDHITS,False,False,False,0,76670,95057226240.0,122,BID,SHORT,0.5
CDNS,2026-07-21 15:54:15.486473+00:00,CALL,340.0,2026-11-20,108960,24,973,11,340.68,REPEATEDHITS,True,False,False,77180,0,95057226240.0,122,ASK,LONG,1.0
CDNS,2026-07-21 15:51:13.839344+00:00,CALL,340.0,2026-11-20,347320,76,828,11,341.285,REPEATEDHITS,True,False,False,45700,233070,95057226240.0,122,BID,SHORT,0.5
CDNS,2026-07-21 15:51:13.839344+00:00,CALL,340.0,2026-11-20,174420,38,944,11,341.285,REPEATEDHITS,False,False,False,174420,0,95057226240.0,122,ASK,LONG,1.0
CDNS,2026-07-21 15:51:07.033131+00:00,CALL,340.0,2026-11-20,340500,75,717,11,341.16,REPEATEDHITS,True,False,False,0,163440,95057226240.0,122,BID,SHORT,0.5
CDNS,2026-07-21 15:51:05.828103+00:00,CALL,340.0,2026-11-20,348660,78,521,11,340.31,REPEATEDHITS,False,False,False,129630,160920,95057226240.0,122,BID,SHORT,0.5
CDNS,2026-07-21 15:21:04.209841+00:00,PUT,300.0,2026-08-21,186751,249,250,49,340.255,REPEATEDHITS,False,False,False,2250,184501,95057226240.0,31,BID,LONG,0.5
CDNS,2026-07-21 14:31:46.709422+00:00,CALL,340.0,2026-11-20,181020,42,442,11,338.14,REPEATEDHITS,False,False,False,176710,0,95057226240.0,122,ASK,LONG,1.0
CDNS,2026-07-21 14:11:29.689264+00:00,CALL,340.0,2026-11-20,188320,44,310,11,336.9825,REPEATEDHITS,False,False,False,89880,68480,95057226240.0,122,ASK,LONG,1.0
CDNS,2026-07-21 14:11:26.683535+00:00,CALL,340.0,2026-11-20,328020,77,219,11,336.74,REPEATEDHITS,False,False,False,191700,136320,95057226240.0,122,ASK,LONG,1.0
CDNS,2026-07-21 14:11:25.678536+00:00,CALL,340.0,2026-11-20,203840,49,49,11,335.73,REPEATEDHITS,False,False,False,49920,153920,95057226240.0,122,BID,SHORT,0.5
CDNS,2026-07-21 14:11:25.678536+00:00,CALL,340.0,2026-11-20,273000,65,114,11,336.12,REPEATEDHITS,False,False,False,151200,79800,95057226240.0,122,ASK,LONG,1.0
CDNS,2026-07-20 14:07:14.938816+00:00,PUT,322.5,2026-08-21,94590,51,51,0,331.84,REPEATEDHITSDESCENDINGFILL,False,False,False,13160,81430,95057226240.0,32,BID,LONG,0.5
CDNS,2026-07-20 14:07:14.938816+00:00,PUT,327.5,2026-08-21,102410,49,49,0,331.84,REPEATEDHITS,False,False,False,102410,0,95057226240.0,32,ASK,SHORT,1.0
CDNS,2026-07-17 17:23:41.854718+00:00,PUT,325.0,2026-07-24,109619,126,127,2,328.5975,REPEATEDHITS,False,False,False,109619,0,95057226240.0,7,ASK,SHORT,1.0
CDNS,2026-07-17 16:08:40.784771+00:00,PUT,340.0,2026-07-24,95200,56,144,30,328.64,REPEATEDHITS,False,False,False,95200,0,95057226240.0,7,ASK,SHORT,1.0
CDNS,2026-07-17 15:37:56.069800+00:00,PUT,340.0,2026-07-24,135720,87,88,30,330.68,REPEATEDHITS,False,False,False,135720,0,95057226240.0,7,ASK,SHORT,1.0
CDNS,2026-07-17 14:47:23.065552+00:00,CALL,320.0,2026-07-24,108540,81,83,2,325.96,REPEATEDHITS,False,False,False,108540,0,95057226240.0,7,ASK,LONG,1.0
CDNS,2026-07-17 14:43:10.068834+00:00,PUT,250.0,2026-08-21,965925,3645,3646,54,323.275,LOWHISTORICVOLUMEFLOOR,False,True,False,0,965925,95057226240.0,35,BID,LONG,0.5
CDNS,2026-07-17 14:36:03.657863+00:00,CALL,300.0,2027-06-17,259049,33,33,0,321.9,REPEATEDHITS,False,False,False,251200,7849,95057226240.0,335,ASK,LONG,1.0
CDNS,2026-07-17 14:36:03.657863+00:00,PUT,270.0,2027-06-17,558269,172,173,0,321.9,REPEATEDHITSDESCENDINGFILL,False,False,False,480989,77280,95057226240.0,335,ASK,SHORT,1.0
CDNS,2026-07-16 16:32:47.607514+00:00,CALL,375.0,2026-11-20,858497,202,203,23,364.72,REPEATEDHITSDESCENDINGFILL,False,False,False,858497,0,95057226240.0,127,ASK,LONG,1.0
CDNS,2026-07-15 14:48:41.820138+00:00,CALL,370.0,2026-08-21,238938,81,81,30,374.36,REPEATEDHITSDESCENDINGFILL,False,False,False,238938,0,95057226240.0,37,ASK,LONG,1.0
CDNS,2026-07-14 19:38:06.204857+00:00,PUT,375.0,2026-08-07,98870,46,60,6,376.88,REPEATEDHITS,False,False,False,85970,12900,95057226240.0,24,ASK,SHORT,1.0
CDNS,2026-07-14 18:02:46.259650+00:00,CALL,375.0,2026-08-07,127200,48,51,6,380.19,REPEATEDHITS,False,False,False,127200,0,95057226240.0,24,ASK,LONG,1.0
CDNS,2026-07-14 16:37:57.948805+00:00,CALL,395.0,2026-09-18,169330,59,60,2,379.73,REPEATEDHITS,False,False,False,169330,0,95057226240.0,66,ASK,LONG,1.0
CDNS,2026-07-13 16:31:15.273404+00:00,PUT,400.0,2026-08-21,402280,113,116,56,384.0825,REPEATEDHITS,False,False,False,402280,0,95057226240.0,39,ASK,SHORT,1.0
CDNS,2026-07-10 17:42:31.910814+00:00,PUT,325.0,2026-08-21,118260,162,172,38,383.6501,REPEATEDHITS,False,False,False,0,118260,95057226240.0,42,BID,LONG,0.5
CDNS,2026-07-10 15:24:36.491319+00:00,PUT,385.0,2026-07-24,85840,58,58,1,383.47,REPEATEDHITS,False,False,False,0,85840,95057226240.0,14,BID,LONG,0.5
CDNS,2026-07-09 15:15:37.793693+00:00,PUT,382.5,2026-07-10,51850,85,85,64,381.02,REPEATEDHITS,False,False,False,0,51850,95057226240.0,1,BID,LONG,0.5
CHTR,2026-07-22 14:09:03.378242+00:00,PUT,121.0,2026-08-21,10920,14,14,5,128.61,REPEATEDHITS,True,False,False,10920,0,15716193855.0,30,ASK,SHORT,1.0
CHTR,2026-07-21 19:41:50.997969+00:00,PUT,124.0,2026-07-24,93274,155,155,11,128.205,REPEATEDHITSDESCENDINGFILL,True,False,False,8054,85220,15716193855.0,3,BID,LONG,0.5
CHTR,2026-07-21 19:41:50.997969+00:00,PUT,122.0,2026-07-24,205997,393,394,112,128.205,REPEATEDHITSDESCENDINGFILL,True,False,False,43737,162260,15716193855.0,3,BID,LONG,0.5
CHTR,2026-07-21 19:41:50.997969+00:00,PUT,123.0,2026-07-24,145640,258,258,9,128.205,REPEATEDHITSDESCENDINGFILL,True,False,False,33060,112580,15716193855.0,3,BID,LONG,0.5
CHTR,2026-07-20 19:45:02.261956+00:00,PUT,131.0,2026-08-21,29284,24,78,0,130.12,REPEATEDHITSASCENDINGFILL,False,False,False,29284,0,15716193855.0,32,ASK,SHORT,1.0
CHTR,2026-07-20 19:44:50.844049+00:00,PUT,131.0,2026-08-21,29264,24,54,0,130.18,REPEATEDHITSASCENDINGFILL,False,False,False,29264,0,15716193855.0,32,ASK,SHORT,1.0
CHTR,2026-07-17 19:34:24.699705+00:00,CALL,167.5,2026-07-24,14081,128,265,0,132.34,REPEATEDHITS,False,False,False,0,14081,15716193855.0,7,BID,SHORT,0.5
CHTR,2026-07-17 16:42:48.768847+00:00,CALL,170.0,2026-07-24,16721,209,219,88,131.9,REPEATEDHITS,False,False,False,0,16721,15716193855.0,7,BID,SHORT,0.5
CHTR,2026-07-17 15:19:52.385024+00:00,CALL,167.5,2026-07-24,10828,94,126,0,133.805,REPEATEDHITSDESCENDINGFILL,False,False,False,0,10828,15716193855.0,7,BID,SHORT,0.5
CHTR,2026-07-17 15:16:03.636517+00:00,PUT,133.0,2026-07-31,15200,16,17,0,133.96,REPEATEDHITS,True,False,False,15200,0,15716193855.0,14,ASK,SHORT,1.0
CHTR,2026-07-16 19:24:57.691326+00:00,CALL,160.0,2026-12-18,801500,500,501,140,134.89,FLOORTRADELARGECAP,False,True,False,801500,0,15716193855.0,155,ASK,LONG,1.0
CHTR,2026-07-16 16:31:21.486638+00:00,PUT,100.0,2026-10-16,24570,63,66,47,134.9,REPEATEDHITS,False,False,False,0,24570,15716193855.0,92,BID,LONG,0.5
CHTR,2026-07-15 19:42:01.196549+00:00,CALL,170.0,2026-08-21,87750,325,335,202,130.84,REPEATEDHITS,False,False,False,0,87750,15716193855.0,37,BID,SHORT,0.5
CHTR,2026-07-15 19:05:51.449719+00:00,PUT,122.0,2026-07-24,20400,40,40,20,131.13,REPEATEDHITS,False,False,False,0,20400,15716193855.0,9,BID,LONG,0.5
CHTR,2026-07-15 16:27:29.047829+00:00,CALL,135.0,2026-11-20,194430,93,93,21,131.465,REPEATEDHITSDESCENDINGFILL,False,False,False,4200,188130,15716193855.0,128,BID,SHORT,0.5
CHTR,2026-07-15 15:04:59.148728+00:00,CALL,190.0,2026-08-28,16100,115,116,1,132.785,REPEATEDHITS,False,False,False,0,16100,15716193855.0,44,BID,SHORT,0.5
CHTR,2026-07-13 14:00:38.832249+00:00,PUT,95.0,2026-09-18,76760,404,412,37,134.48,REPEATEDHITS,False,False,False,0,76760,15716193855.0,67,BID,LONG,0.5
CHTR,2026-07-10 19:44:53.410341+00:00,CALL,134.0,2026-07-24,186750,225,295,0,130.855,REPEATEDHITS,False,False,False,0,186750,15716193855.0,14,BID,SHORT,0.5
CHTR,2026-07-10 19:28:12.230097+00:00,CALL,134.0,2026-07-24,56320,64,64,0,131.5,REPEATEDHITS,False,False,False,55440,880,15716193855.0,14,ASK,LONG,1.0
CHTR,2026-07-10 19:28:12.230097+00:00,CALL,132.0,2026-07-24,38799,40,42,0,131.5,REPEATEDHITS,False,False,False,38799,0,15716193855.0,14,ASK,LONG,1.0
CHTR,2026-07-10 18:23:44.102252+00:00,PUT,95.0,2026-08-14,16905,147,149,10,131.22,REPEATEDHITS,False,False,False,0,16905,15716193855.0,35,BID,LONG,0.5
CHTR,2026-07-10 16:05:23.241088+00:00,PUT,129.0,2026-07-17,11160,30,30,27,129.415,REPEATEDHITS,False,False,False,0,11160,15716193855.0,7,BID,LONG,0.5
CHTR,2026-07-09 17:16:12.633069+00:00,PUT,127.0,2026-07-24,78750,125,128,2,134.965,REPEATEDHITS,False,False,False,0,78750,15716193855.0,15,BID,LONG,0.5
CHTR,2026-07-09 14:46:14.856211+00:00,PUT,130.0,2026-08-14,44840,38,38,12,131.71,REPEATEDHITS,False,False,False,44840,0,15716193855.0,36,ASK,SHORT,1.0
CHTR,2026-07-08 19:51:54.951289+00:00,CALL,130.0,2026-11-20,374850,153,203,87,133.16,REPEATEDHITS,False,False,False,0,0,15716193855.0,135,MIXED,,0.0
CHTR,2026-07-07 18:10:51.194390+00:00,CALL,190.0,2026-07-31,49660,382,382,6,138.05,REPEATEDHITS,False,False,False,0,49660,15716193855.0,24,BID,SHORT,0.5
CHTR,2026-07-07 16:52:13.167712+00:00,CALL,180.0,2026-07-31,11480,56,1611,43,137.37,REPEATEDHITS,False,False,False,0,11480,15716193855.0,24,BID,SHORT,0.5
CHTR,2026-07-07 15:43:41.272075+00:00,CALL,180.0,2026-07-31,12650,55,1555,43,138.27,REPEATEDHITS,False,False,False,0,12650,15716193855.0,24,BID,SHORT,0.5
CHTR,2026-07-07 14:20:04.810252+00:00,PUT,138.0,2026-07-10,13400,40,40,12,138.39,REPEATEDHITS,False,False,False,13400,0,15716193855.0,3,ASK,SHORT,1.0
CHTR,2026-07-07 14:05:05.056192+00:00,CALL,180.0,2026-07-31,418620,1443,1443,43,141.25,REPEATEDHITSDESCENDINGFILL,False,False,False,4500,48720,15716193855.0,24,BID,SHORT,0.5
CHTR,2026-07-07 13:53:03.952796+00:00,CALL,149.0,2026-07-10,14000,100,100,17,142.0,REPEATEDHITS,False,False,False,14000,0,15716193855.0,3,ASK,LONG,1.0
CHTR,2026-07-06 19:06:35.001765+00:00,CALL,210.0,2027-12-17,239964,100,100,6,137.275,REPEATEDHITSDESCENDINGFILL,False,False,False,155964,84000,15716193855.0,529,ASK,LONG,1.0
CHTR,2026-07-06 15:33:14.823645+00:00,CALL,120.0,2026-07-10,14300,10,12,0,133.87,REPEATEDHITS,False,False,False,0,14300,15716193855.0,4,BID,SHORT,0.5
CHTR,2026-07-06 14:07:18.989210+00:00,PUT,138.0,2026-08-14,44800,28,32,0,133.52,REPEATEDHITS,False,False,False,0,44800,15716193855.0,39,BID,LONG,0.5
CHTR,2026-07-02 18:05:12.545021+00:00,PUT,100.0,2027-12-17,25220,13,13,4,132.745,REPEATEDHITS,True,False,False,11640,7760,15716193855.0,533,ASK,SHORT,1.0
CHTR,2026-07-02 16:15:39.012619+00:00,PUT,115.0,2027-12-17,28490,11,11,1,133.33,REPEATEDHITS,True,False,False,28490,0,15716193855.0,533,ASK,SHORT,1.0
CHTR,2026-07-02 13:58:03.077213+00:00,PUT,130.0,2026-08-07,42610,46,79,41,137.7,REPEATEDHITSDESCENDINGFILL,False,False,False,26850,15760,15716193855.0,36,ASK,SHORT,1.0
CHTR,2026-07-01 14:29:06.943436+00:00,PUT,145.0,2026-07-31,63450,45,67,41,143.0,REPEATEDHITS,False,False,False,0,63450,15716193855.0,30,BID,LONG,0.5
CHTR,2026-06-30 19:13:35.882787+00:00,CALL,145.0,2026-07-02,27720,132,342,103,142.0,REPEATEDHITS,True,False,False,27720,0,15716193855.0,2,ASK,LONG,1.0
CHTR,2026-06-30 19:09:26.586699+00:00,CALL,152.5,2026-07-17,35640,99,167,11,141.72,REPEATEDHITS,False,False,False,32040,0,15716193855.0,17,ASK,LONG,1.0
CHTR,2026-06-30 17:28:50.295718+00:00,PUT,142.0,2026-07-17,31320,36,112,4,139.5,REPEATEDHITS,False,False,False,31320,0,15716193855.0,17,ASK,SHORT,1.0
CHTR,2026-06-30 16:52:27.735066+00:00,PUT,141.0,2026-07-17,31910,42,149,14,140.64,REPEATEDHITS,False,False,False,31160,750,15716193855.0,17,ASK,SHORT,1.0
CHTR,2026-06-30 13:58:52.986842+00:00,PUT,135.0,2026-07-02,54397,544,547,197,142.19,REPEATEDHITS,False,False,False,54397,0,15716193855.0,2,ASK,SHORT,1.0
CHTR,2026-06-29 19:14:35.975441+00:00,CALL,180.0,2026-07-24,20000,60,80,1,146.785,REPEATEDHITSDESCENDINGFILL,False,False,False,10400,9600,15716193855.0,25,ASK,LONG,1.0
CHTR,2026-06-29 19:11:50.935849+00:00,CALL,165.0,2026-08-21,425189,421,550,112,146.05,REPEATEDHITSDESCENDINGFILL,False,False,False,423189,2000,15716193855.0,53,ASK,LONG,1.0
CHTR,2026-06-29 19:07:37.594007+00:00,PUT,145.0,2026-07-24,33600,30,59,1,146.185,REPEATEDHITSDESCENDINGFILL,True,False,False,11400,22200,15716193855.0,25,BID,LONG,0.5
CHTR,2026-06-29 19:07:10.754370+00:00,PUT,150.0,2026-07-24,35000,25,138,5,146.18,REPEATEDHITSDESCENDINGFILL,True,False,False,7100,27900,15716193855.0,25,BID,LONG,0.5
CHTR,2026-06-29 19:06:04.457186+00:00,CALL,150.0,2026-07-24,46530,41,242,4,146.34,REPEATEDHITSASCENDINGFILL,True,False,False,22800,23730,15716193855.0,25,BID,SHORT,0.5
CHTR,2026-06-29 19:05:59.850571+00:00,CALL,155.0,2026-07-24,65920,71,229,2,146.34,REPEATEDHITSASCENDINGFILL,False,False,False,37400,28520,15716193855.0,25,ASK,LONG,1.0
CHTR,2026-06-29 19:05:42.029402+00:00,CALL,150.0,2026-07-24,22420,20,27,4,146.205,REPEATEDHITSASCENDINGFILL,True,False,False,9600,12820,15716193855.0,25,BID,SHORT,0.5
CME,2026-07-22 14:49:08.782776+00:00,PUT,247.5,2026-07-31,50035,139,139,38,251.46,REPEATEDHITS,False,False,False,50035,0,86016116892.0,9,ASK,SHORT,1.0
CME,2026-07-22 14:06:36.827099+00:00,CALL,280.0,2026-10-16,97910,178,182,17,254.53,REPEATEDHITS,True,False,False,560,97350,86016116892.0,86,BID,SHORT,0.5
CME,2026-07-21 17:11:33.399252+00:00,PUT,245.0,2026-07-24,81650,115,116,52,241.17,REPEATEDHITS,False,False,False,0,81650,86016116892.0,3,BID,LONG,0.5
CME,2026-07-21 14:41:44.754081+00:00,CALL,245.0,2026-08-21,86500,108,108,0,240.995,REPEATEDHITSDESCENDINGFILL,False,False,False,3280,83220,86016116892.0,31,BID,SHORT,0.5
CME,2026-07-21 14:41:44.754081+00:00,PUT,237.5,2026-08-21,118980,159,159,1,240.995,REPEATEDHITSDESCENDINGFILL,False,False,False,50160,68820,86016116892.0,31,BID,LONG,0.5
CME,2026-07-21 13:58:34.171183+00:00,PUT,235.0,2026-07-24,54400,170,171,53,240.5,REPEATEDHITS,False,False,False,0,54400,86016116892.0,3,BID,LONG,0.5
CME,2026-07-13 17:16:35.541631+00:00,PUT,230.0,2026-10-16,88730,101,101,3,243.15,REPEATEDHITSASCENDINGFILL,False,False,False,900,87830,86016116892.0,95,BID,LONG,0.5
CME,2026-07-09 14:43:45.453608+00:00,PUT,237.5,2026-07-17,78490,141,141,17,235.92,REPEATEDHITSDESCENDINGFILL,False,False,False,52080,26410,86016116892.0,8,ASK,SHORT,1.0
CME,2026-07-09 14:43:45.453608+00:00,CALL,235.0,2026-07-17,69960,130,130,101,235.92,REPEATEDHITS,False,False,False,29150,40810,86016116892.0,8,BID,SHORT,0.5
CME,2026-07-01 14:53:31.786172+00:00,CALL,210.0,2026-12-18,69240,24,29,18,224.24,REPEATEDHITSDESCENDINGFILL,False,False,False,5760,63480,86016116892.0,170,BID,SHORT,0.5
CME,2026-06-30 17:46:08.772447+00:00,CALL,217.5,2026-07-17,144400,152,153,0,221.69,REPEATEDHITS,False,False,False,144400,0,86016116892.0,17,ASK,LONG,1.0
CME,2026-06-25 17:31:30.580929+00:00,CALL,240.0,2027-01-15,78000,50,129,44,225.585,REPEATEDHITS,False,False,False,0,78000,86016116892.0,204,BID,SHORT,0.5
CME,2026-06-25 17:30:28.113154+00:00,PUT,217.5,2026-07-17,120385,301,306,0,225.66,REPEATEDHITSDESCENDINGFILL,False,False,False,73995,46390,86016116892.0,22,ASK,SHORT,1.0
CME,2026-06-25 16:16:13.874475+00:00,CALL,230.0,2026-06-26,52950,353,360,0,227.58,REPEATEDHITS,False,False,False,0,52950,86016116892.0,1,BID,SHORT,0.5
CME,2026-06-25 15:49:19.640398+00:00,CALL,227.5,2026-07-02,118720,212,212,0,228.85,REPEATEDHITS,False,False,False,0,118720,86016116892.0,7,BID,SHORT,0.5
CME,2026-06-25 15:08:11.755628+00:00,CALL,250.0,2026-09-18,204094,314,378,82,228.61,REPEATEDHITS,False,False,False,203444,0,86016116892.0,85,ASK,LONG,1.0
CME,2026-06-25 14:46:54.531661+00:00,PUT,210.0,2026-07-17,55281,335,345,25,229.22,REPEATEDHITS,False,False,False,0,55281,86016116892.0,22,BID,LONG,0.5
CME,2026-06-25 13:33:33.783245+00:00,PUT,215.0,2026-07-17,51475,156,156,11,226.95,REPEATEDHITS,False,False,False,51475,0,86016116892.0,22,ASK,SHORT,1.0
CME,2026-06-24 19:27:47.824444+00:00,PUT,220.0,2026-08-21,168960,264,274,84,232.27,REPEATEDHITS,True,False,False,168960,0,86016116892.0,58,ASK,SHORT,1.0
CME,2026-06-24 18:52:45.228004+00:00,CALL,230.0,2026-08-21,156920,107,109,0,233.865,REPEATEDHITSASCENDINGFILL,True,False,False,148040,8880,86016116892.0,58,ASK,LONG,1.0
CME,2026-06-24 15:06:30.499441+00:00,CALL,250.0,2026-08-21,135720,174,176,52,239.74,REPEATEDHITS,False,False,False,135720,0,86016116892.0,58,ASK,LONG,1.0
CME,2026-06-24 14:11:17.323121+00:00,CALL,245.0,2026-06-26,57450,383,501,11,240.92,REPEATEDHITS,False,False,False,0,57450,86016116892.0,2,BID,SHORT,0.5
CME,2026-06-23 16:21:50.306261+00:00,PUT,257.5,2026-07-17,60750,45,45,0,246.39,REPEATEDHITS,True,False,False,0,60750,86016116892.0,24,BID,LONG,0.5
CME,2026-06-23 15:36:07.956678+00:00,CALL,242.5,2026-06-26,108350,197,197,2,245.87,REPEATEDHITS,False,False,False,0,108350,86016116892.0,3,BID,SHORT,0.5
CME,2026-06-22 17:30:11.398349+00:00,PUT,245.0,2026-07-02,54999,110,112,27,245.355,REPEATEDHITS,False,False,False,54999,0,86016116892.0,10,ASK,SHORT,1.0
CME,2026-06-22 17:30:11.398349+00:00,PUT,235.0,2026-07-17,80143,229,230,0,245.355,REPEATEDHITS,False,False,False,80143,0,86016116892.0,25,ASK,SHORT,1.0
CME,2026-06-22 17:12:38.741929+00:00,PUT,210.0,2026-08-21,68310,414,415,189,246.37,REPEATEDHITS,False,False,False,0,68310,86016116892.0,60,BID,LONG,0.5
CME,2026-06-18 18:15:26.791542+00:00,CALL,255.0,2026-07-10,57600,144,175,18,247.19,REPEATEDHITS,False,False,False,57600,0,86016116892.0,22,ASK,LONG,1.0
CME,2026-06-17 16:22:45.665198+00:00,CALL,260.0,2026-07-17,140400,312,367,177,250.03,REPEATEDHITS,False,False,False,140400,0,86016116892.0,30,ASK,LONG,1.0
CME,2026-06-17 14:28:21.165076+00:00,CALL,250.0,2026-12-18,73600,32,33,28,250.49,REPEATEDHITS,False,False,False,0,2300,86016116892.0,184,BID,SHORT,0.5
CME,2026-06-10 19:18:45.777680+00:00,CALL,262.5,2026-06-26,81188,116,116,0,262.8099,REPEATEDHITSDESCENDINGFILL,False,False,False,65098,16090,86016116892.0,16,ASK,LONG,1.0
CME,2026-06-10 19:18:45.777680+00:00,CALL,265.0,2026-06-26,399000,700,726,10,262.8099,REPEATEDHITS,False,False,False,57000,342000,86016116892.0,16,BID,SHORT,0.5
CME,2026-06-10 19:18:45.777680+00:00,CALL,262.5,2026-06-18,63540,124,167,1,262.79,REPEATEDHITSDESCENDINGFILL,False,False,False,15600,47940,86016116892.0,8,BID,SHORT,0.5
CME,2026-06-09 17:19:42.652790+00:00,PUT,290.0,2026-08-21,71980,21,21,12,257.8,REPEATEDHITS,False,False,False,71980,0,86016116892.0,73,ASK,SHORT,1.0
CME,2026-06-09 16:20:43.657224+00:00,CALL,265.0,2026-06-18,102630,311,328,41,260.01,REPEATEDHITS,False,False,False,6270,95700,86016116892.0,9,BID,SHORT,0.5
CME,2026-06-09 14:52:29.456740+00:00,CALL,280.0,2026-08-21,105840,196,204,45,256.7,REPEATEDHITS,True,False,False,52920,52920,86016116892.0,73,MIXED,,0.0
CME,2026-06-03 19:22:32.500377+00:00,PUT,255.0,2026-06-05,242400,606,707,28,252.94,REPEATEDHITS,False,False,False,40400,202000,86016116892.0,2,BID,LONG,0.5
CME,2026-06-02 19:10:18.785414+00:00,PUT,240.0,2026-07-17,66220,110,272,41,250.235,REPEATEDHITSASCENDINGFILL,True,False,False,66220,0,86016116892.0,45,ASK,SHORT,1.0
CME,2026-06-02 16:38:59.506480+00:00,CALL,270.0,2026-08-21,63050,97,148,10,249.12,REPEATEDHITS,False,False,False,3250,59800,86016116892.0,80,BID,SHORT,0.5
CME,2026-06-02 16:35:22.229462+00:00,PUT,245.0,2026-06-12,70930,173,177,4,249.99,REPEATEDHITS,False,False,False,0,70930,86016116892.0,10,BID,LONG,0.5
CME,2026-06-02 14:19:43.317747+00:00,PUT,240.0,2026-07-17,71440,94,101,41,245.4153,REPEATEDHITS,False,False,False,69160,2280,86016116892.0,45,ASK,SHORT,1.0
CME,2026-06-02 14:19:33.295312+00:00,PUT,245.0,2026-06-18,58500,90,177,5,245.775,REPEATEDHITS,False,False,False,58500,0,86016116892.0,16,ASK,SHORT,1.0
CME,2026-06-02 13:44:15.390646+00:00,CALL,270.0,2026-07-17,206460,666,671,74,252.27,REPEATEDHITS,False,False,False,172050,34410,86016116892.0,45,ASK,LONG,1.0
CME,2026-05-29 16:43:18.251193+00:00,PUT,250.0,2026-08-21,85051,243,317,39,277.64,REPEATEDHITS,False,False,False,0,85051,86016116892.0,84,BID,LONG,0.5
CME,2026-05-27 16:46:44.129720+00:00,PUT,260.0,2026-07-17,112685,313,317,228,277.4,REPEATEDHITS,False,False,False,0,112685,86016116892.0,51,BID,LONG,0.5
CNC,2026-07-22 15:06:35.866062+00:00,CALL,67.0,2026-07-24,52779,475,501,277,66.72,REPEATEDHITSDESCENDINGFILL,True,False,False,3051,49728,33375739230.0,2,BID,SHORT,0.5
CNC,2026-07-22 15:06:35.866062+00:00,CALL,68.0,2026-07-24,15331,215,216,71,66.72,REPEATEDHITSDESCENDINGFILL,True,False,False,1628,13703,33375739230.0,2,BID,SHORT,0.5
CNC,2026-07-22 15:06:35.866062+00:00,PUT,65.0,2026-07-24,16830,290,310,264,66.72,REPEATEDHITS,True,False,False,0,16830,33375739230.0,2,BID,LONG,0.5
CNC,2026-07-22 15:06:35.866062+00:00,CALL,66.0,2026-07-24,29467,174,179,171,66.72,REPEATEDHITSASCENDINGFILL,True,False,False,22286,7181,33375739230.0,2,ASK,LONG,1.0
CNC,2026-07-22 15:06:35.866062+00:00,CALL,69.0,2026-07-24,16740,372,622,168,66.72,REPEATEDHITS,True,False,False,0,16740,33375739230.0,2,BID,SHORT,0.5
CNC,2026-07-22 15:04:16.837818+00:00,CALL,65.0,2026-07-24,28438,120,140,99,66.675,REPEATEDHITS,True,False,False,27966,472,33375739230.0,2,ASK,LONG,1.0
CNC,2026-07-22 15:04:16.837818+00:00,CALL,69.0,2026-07-24,10008,224,250,168,66.675,REPEATEDHITS,True,False,False,2256,7752,33375739230.0,2,BID,SHORT,0.5
CNC,2026-07-22 15:01:44.827362+00:00,PUT,66.0,2026-07-24,126620,1500,1500,165,66.71,REPEATEDHITSASCENDINGFILL,False,False,False,114402,0,33375739230.0,2,ASK,SHORT,1.0
CNC,2026-07-21 18:28:26.021862+00:00,PUT,70.0,2026-07-31,19300,39,40,11,67.35,REPEATEDHITS,False,False,False,19300,0,33375739230.0,10,ASK,SHORT,1.0
CNC,2026-07-21 16:29:22.969646+00:00,PUT,61.0,2026-07-31,100000,1000,1000,9,67.3,REPEATEDHITS,False,False,False,25600,74400,33375739230.0,10,BID,LONG,0.5
CNC,2026-07-21 14:40:39.039851+00:00,PUT,65.0,2026-10-16,61620,122,137,17,66.95,REPEATEDHITSASCENDINGFILL,False,False,False,0,61620,33375739230.0,87,BID,LONG,0.5
CNC,2026-07-21 13:45:09.843618+00:00,PUT,64.0,2026-08-21,11520,36,36,0,65.87,REPEATEDHITS,False,False,False,0,11520,33375739230.0,31,BID,LONG,0.5
CNC,2026-07-20 17:03:43.692467+00:00,CALL,69.0,2026-07-31,17925,75,79,17,66.57,REPEATEDHITS,False,False,False,17686,239,33375739230.0,11,ASK,LONG,1.0
CNC,2026-07-17 19:08:12.729387+00:00,CALL,71.0,2026-08-07,32038,166,166,51,66.145,REPEATEDHITS,False,False,False,32038,0,33375739230.0,21,ASK,LONG,1.0
CNC,2026-07-17 14:49:36.107766+00:00,PUT,64.0,2026-08-07,60390,183,183,3,64.59,REPEATEDHITS,False,False,False,60390,0,33375739230.0,21,ASK,SHORT,1.0
CNC,2026-07-16 18:03:38.121620+00:00,CALL,65.0,2026-07-31,15480,43,43,22,65.34,REPEATEDHITS,True,False,False,0,15480,33375739230.0,15,BID,SHORT,0.5
CNC,2026-07-15 14:30:23.050198+00:00,CALL,65.0,2026-08-07,25665,59,59,0,65.905,REPEATEDHITS,True,False,False,0,25665,33375739230.0,23,BID,SHORT,0.5
CNC,2026-07-14 17:39:07.422281+00:00,PUT,50.0,2026-10-16,40824,504,546,0,68.29,REPEATEDHITS,True,False,False,405,40419,33375739230.0,94,BID,LONG,0.5
CNC,2026-07-14 16:45:49.471525+00:00,PUT,68.0,2026-07-31,20100,60,72,6,68.715,REPEATEDHITS,False,False,False,0,20100,33375739230.0,17,BID,LONG,0.5
CNC,2026-07-14 15:53:24.294163+00:00,PUT,69.0,2026-07-17,57760,361,376,32,69.01,REPEATEDHITS,True,False,False,41280,0,33375739230.0,3,ASK,SHORT,1.0
CNC,2026-07-14 14:08:04.948621+00:00,PUT,60.0,2026-07-31,24344,278,520,17,69.13,REPEATEDHITS,False,False,False,352,21176,33375739230.0,17,BID,LONG,0.5
CNC,2026-07-13 15:49:28.602002+00:00,PUT,64.0,2026-07-24,179493,2679,2683,27,68.31,REPEATEDHITS,False,False,False,0,179493,33375739230.0,11,BID,LONG,0.5
CNC,2026-07-13 15:28:34.360865+00:00,CALL,66.0,2026-07-31,32330,61,150,20,68.39,REPEATEDHITS,False,False,False,9540,22790,33375739230.0,18,BID,SHORT,0.5
CNC,2026-07-13 15:20:19.375987+00:00,CALL,70.0,2026-07-24,35607,207,207,103,68.345,REPEATEDHITSASCENDINGFILL,True,False,False,346,35088,33375739230.0,11,BID,SHORT,0.5
CNC,2026-07-13 14:35:33.718043+00:00,PUT,57.5,2026-10-16,59220,252,252,0,68.145,REPEATEDHITS,True,False,False,2350,56870,33375739230.0,95,BID,LONG,0.5
CNC,2026-07-13 14:03:43.967556+00:00,PUT,66.0,2026-07-17,26208,336,338,68,68.43,REPEATEDHITS,False,False,False,0,26208,33375739230.0,4,BID,LONG,0.5
CNC,2026-07-10 15:00:16.472784+00:00,PUT,65.0,2026-07-24,20573,148,148,76,67.67,REPEATEDHITS,False,False,False,0,20433,33375739230.0,14,BID,LONG,0.5
CNC,2026-07-08 17:13:28.893271+00:00,PUT,57.5,2026-08-21,38476,285,301,137,67.8,REPEATEDHITS,False,False,False,136,38340,33375739230.0,44,BID,LONG,0.5
CNC,2026-07-07 15:04:05.175129+00:00,PUT,62.5,2026-08-21,88147,289,295,238,66.61,REPEATEDHITS,False,False,False,0,88147,33375739230.0,45,BID,LONG,0.5
CNC,2026-07-06 14:54:41.762186+00:00,PUT,65.0,2026-07-10,110549,737,750,597,65.55,REPEATEDHITS,False,False,False,0,110400,33375739230.0,4,BID,LONG,0.5
CNC,2026-07-02 16:49:22.987857+00:00,PUT,47.5,2026-08-21,14935,515,516,7,67.67,REPEATEDHITS,False,False,False,0,14935,33375739230.0,50,BID,LONG,0.5
CNC,2026-07-01 19:38:10.797382+00:00,CALL,95.0,2027-01-15,27648,96,98,52,67.99,REPEATEDHITS,True,False,False,27648,0,33375739230.0,198,ASK,LONG,1.0
CNC,2026-07-01 19:37:30.344647+00:00,PUT,62.5,2027-01-15,219289,340,354,166,68.0173,REPEATEDHITSDESCENDINGFILL,True,False,False,219289,0,33375739230.0,198,ASK,SHORT,1.0
CNC,2026-07-01 17:22:38.487077+00:00,PUT,75.0,2026-09-18,14910,14,14,0,67.545,REPEATEDHITS,True,False,False,0,14910,33375739230.0,79,BID,LONG,0.5
CNC,2026-07-01 15:45:15.096835+00:00,CALL,68.0,2026-07-10,108490,500,581,55,67.175,REPEATEDHITS,False,False,False,108490,0,33375739230.0,9,ASK,LONG,1.0
CNC,2026-06-29 19:40:16.054470+00:00,PUT,65.0,2026-07-17,199580,587,742,401,64.47,REPEATEDHITS,False,False,False,199580,0,33375739230.0,18,ASK,SHORT,1.0
CNC,2026-06-29 18:46:49.525991+00:00,CALL,72.5,2026-09-18,59965,179,192,78,64.48,REPEATEDHITS,False,False,False,59965,0,33375739230.0,81,ASK,LONG,1.0
CNC,2026-06-29 14:20:55.381197+00:00,PUT,65.0,2026-09-18,708660,1143,1643,305,64.13,FLOORTRADELARGECAP,False,True,True,0,708660,33375739230.0,81,BID,LONG,0.5
CNC,2026-06-26 19:28:52.803235+00:00,PUT,62.0,2026-07-02,50400,600,671,206,64.93,REPEATEDHITS,True,False,False,50400,0,33375739230.0,6,ASK,SHORT,1.0
CNC,2026-06-26 18:09:15.014827+00:00,CALL,67.5,2026-08-21,125480,282,282,275,65.16,REPEATEDHITSDESCENDINGFILL,False,False,False,125480,0,33375739230.0,56,ASK,LONG,1.0
CNC,2026-06-26 17:45:01.578476+00:00,PUT,68.0,2026-07-24,24500,50,50,1,65.19,REPEATEDHITS,False,False,False,24500,0,33375739230.0,28,ASK,SHORT,1.0
CNC,2026-06-25 15:56:30.125121+00:00,PUT,66.0,2026-07-10,58000,200,200,0,65.215,REPEATEDHITS,False,False,False,27550,30450,33375739230.0,15,BID,LONG,0.5
CNC,2026-06-25 15:14:35.992219+00:00,CALL,62.0,2026-07-17,198180,467,467,1,63.94,REPEATEDHITS,False,False,False,143650,54530,33375739230.0,22,ASK,LONG,1.0
CNC,2026-06-25 15:14:35.992219+00:00,CALL,61.0,2026-07-17,351138,717,717,2,63.94,REPEATEDHITSDESCENDINGFILL,False,False,False,317013,34125,33375739230.0,22,ASK,LONG,1.0
CNC,2026-06-25 15:14:35.992219+00:00,CALL,63.0,2026-07-17,90589,249,251,18,63.94,REPEATEDHITSDESCENDINGFILL,False,False,False,70069,20520,33375739230.0,22,ASK,LONG,1.0
CNC,2026-06-24 18:24:56.867778+00:00,PUT,58.0,2026-07-02,14910,355,356,194,62.6,REPEATEDHITS,False,False,False,0,14910,33375739230.0,8,BID,LONG,0.5
CNC,2026-06-23 16:00:08.326856+00:00,CALL,63.0,2026-07-10,358200,1194,1204,541,63.7,REPEATEDHITS,False,False,False,0,358200,33375739230.0,17,BID,SHORT,0.5
CNC,2026-06-23 15:13:35.247420+00:00,CALL,62.0,2026-07-02,76704,272,272,160,63.46,REPEATEDHITS,False,False,False,0,76704,33375739230.0,9,BID,SHORT,0.5
CNC,2026-06-23 14:36:53.007200+00:00,PUT,70.0,2027-01-15,10975,9,10,7,63.64,REPEATEDHITS,False,False,False,9755,1220,33375739230.0,206,ASK,SHORT,1.0
CNC,2026-06-22 19:33:40.047347+00:00,CALL,63.0,2026-07-10,166005,507,507,90,63.67,REPEATEDHITSASCENDINGFILL,True,False,False,163765,2240,33375739230.0,18,ASK,LONG,1.0
COHR,2026-07-22 14:15:24.608060+00:00,CALL,295.0,2026-08-07,204140,54,54,5,313.75,REPEATEDHITSASCENDINGFILL,True,False,False,0,204140,62060705408.0,16,BID,SHORT,0.5
COHR,2026-07-21 17:57:50.778806+00:00,PUT,302.5,2026-07-31,117150,71,73,1,318.31,REPEATEDHITS,False,False,False,117150,0,62060705408.0,10,ASK,SHORT,1.0
COHR,2026-07-21 17:14:43.434594+00:00,PUT,175.0,2027-03-19,53360,23,23,1,318.25,REPEATEDHITS,False,False,False,34800,16240,62060705408.0,241,ASK,SHORT,1.0
COHR,2026-07-21 17:11:23.187358+00:00,PUT,315.0,2026-08-07,337590,121,161,60,318.365,REPEATEDHITS,False,False,False,337590,0,62060705408.0,17,ASK,SHORT,1.0
COHR,2026-07-20 19:30:24.679528+00:00,PUT,250.0,2026-08-07,590073,461,579,183,288.53,REPEATEDHITSDESCENDINGFILL,False,False,False,590073,0,62060705408.0,18,ASK,SHORT,1.0
COHR,2026-07-20 19:10:22.297846+00:00,PUT,240.0,2026-08-07,196230,211,222,48,288.294,REPEATEDHITS,False,False,False,196230,0,62060705408.0,18,ASK,SHORT,1.0
COHR,2026-07-20 18:30:38.705343+00:00,PUT,277.5,2026-08-07,623278,294,336,0,291.4507,REPEATEDHITS,False,False,False,623278,0,62060705408.0,18,ASK,SHORT,1.0
COHR,2026-07-20 17:26:35.876195+00:00,PUT,270.0,2026-08-07,413971,230,452,151,293.13,REPEATEDHITSDESCENDINGFILL,False,False,False,413971,0,62060705408.0,18,ASK,SHORT,1.0
COHR,2026-07-20 16:17:27.579035+00:00,PUT,270.0,2026-08-07,363799,214,219,151,296.4,REPEATEDHITS,False,False,False,363799,0,62060705408.0,18,ASK,SHORT,1.0
COHR,2026-07-20 15:18:38.207792+00:00,CALL,335.0,2026-08-14,97000,50,58,22,292.95,REPEATEDHITSDESCENDINGFILL,False,False,False,0,97000,62060705408.0,25,BID,SHORT,0.5
COHR,2026-07-20 15:17:15.047393+00:00,CALL,305.0,2026-07-31,87500,50,105,8,292.615,REPEATEDHITS,False,False,False,80500,7000,62060705408.0,11,ASK,LONG,1.0
COHR,2026-07-20 15:16:55.222891+00:00,CALL,305.0,2026-07-31,87500,50,55,8,292.285,REPEATEDHITS,False,False,False,87500,0,62060705408.0,11,ASK,LONG,1.0
COHR,2026-07-20 15:16:34.405917+00:00,PUT,275.0,2026-07-31,940453,577,585,168,292.2125,REPEATEDHITS,False,False,False,940453,0,62060705408.0,11,ASK,SHORT,1.0
COHR,2026-07-20 13:47:45.806718+00:00,CALL,320.0,2026-11-20,80160,13,21,7,297.765,REPEATEDHITSDESCENDINGFILL,False,False,False,0,80160,62060705408.0,123,BID,SHORT,0.5
COHR,2026-07-17 19:21:25.603494+00:00,PUT,260.0,2026-07-31,578115,373,382,98,277.94,REPEATEDHITSDESCENDINGFILL,False,False,False,578115,0,62060705408.0,14,ASK,SHORT,1.0
COHR,2026-07-17 18:58:53.451659+00:00,PUT,240.0,2026-07-31,129473,156,349,109,279.1,REPEATEDHITSDESCENDINGFILL,False,False,False,129473,0,62060705408.0,14,ASK,SHORT,1.0
COHR,2026-07-17 17:30:09.338120+00:00,PUT,240.0,2026-07-31,120720,161,191,109,284.375,REPEATEDHITS,True,False,False,120000,720,62060705408.0,14,ASK,SHORT,1.0
COHR,2026-07-17 16:16:36.094531+00:00,PUT,280.0,2026-08-07,1036171,394,408,340,282.82,REPEATEDHITSDESCENDINGFILL,False,False,False,1033551,2620,62060705408.0,21,ASK,SHORT,1.0
COHR,2026-07-17 15:15:01.304715+00:00,CALL,275.0,2026-07-31,1516137,665,676,10,274.5,REPEATEDHITSDESCENDINGFILL,True,False,False,1456887,50130,62060705408.0,14,ASK,LONG,1.0
COHR,2026-07-16 19:10:58.721692+00:00,PUT,270.0,2026-11-20,99450,17,115,8,275.52,REPEATEDHITS,False,False,False,35100,64350,62060705408.0,127,BID,LONG,0.5
COHR,2026-07-15 17:12:02.697276+00:00,CALL,580.0,2026-09-18,162245,416,774,54,288.62,REPEATEDHITSASCENDINGFILL,False,False,False,0,162245,62060705408.0,65,BID,SHORT,0.5
COHR,2026-07-15 16:20:48.842172+00:00,CALL,580.0,2026-09-18,123495,343,354,54,282.66,REPEATEDHITSASCENDINGFILL,False,False,False,0,123495,62060705408.0,65,BID,SHORT,0.5
COHR,2026-07-15 13:38:51.097778+00:00,CALL,450.0,2026-09-18,363493,233,233,186,303.8,REPEATEDHITSASCENDINGFILL,False,False,False,0,363493,62060705408.0,65,BID,SHORT,0.5
COHR,2026-07-14 15:20:19.777459+00:00,PUT,295.0,2026-08-07,269520,117,117,49,315.05,REPEATEDHITSASCENDINGFILL,False,False,False,2300,267220,62060705408.0,24,BID,LONG,0.5
COHR,2026-07-13 18:07:26.840309+00:00,PUT,270.0,2026-07-24,319110,394,956,56,311.13,REPEATEDHITS,False,False,False,319110,0,62060705408.0,11,ASK,SHORT,1.0
COHR,2026-07-13 17:38:56.680622+00:00,PUT,240.0,2026-07-24,142530,432,456,409,308.66,REPEATEDHITSDESCENDINGFILL,True,False,False,142200,0,62060705408.0,11,ASK,SHORT,1.0
COHR,2026-07-13 17:14:42.403780+00:00,PUT,225.0,2026-07-31,76315,212,522,33,310.51,REPEATEDHITS,False,False,False,76315,0,62060705408.0,18,ASK,SHORT,1.0
COHR,2026-07-13 16:23:47.067646+00:00,PUT,270.0,2026-07-24,353963,472,554,56,313.145,REPEATEDHITSDESCENDINGFILL,False,False,False,353963,0,62060705408.0,11,ASK,SHORT,1.0
COHR,2026-07-13 15:40:17.802352+00:00,PUT,270.0,2026-07-31,381974,357,362,181,317.68,REPEATEDHITSDESCENDINGFILL,False,False,False,381974,0,62060705408.0,18,ASK,SHORT,1.0
COHR,2026-07-13 15:19:19.295167+00:00,PUT,225.0,2026-07-31,94541,305,309,33,317.795,REPEATEDHITSDESCENDINGFILL,False,False,False,94541,0,62060705408.0,18,ASK,SHORT,1.0
COHR,2026-07-13 14:01:51.169834+00:00,PUT,290.0,2026-07-24,295311,214,222,114,310.815,REPEATEDHITSDESCENDINGFILL,False,False,False,295311,0,62060705408.0,11,ASK,SHORT,1.0
COHR,2026-07-10 19:28:15.440035+00:00,CALL,322.5,2026-07-24,80100,30,31,14,326.65,REPEATEDHITS,False,False,False,21360,58740,62060705408.0,14,BID,SHORT,0.5
COHR,2026-07-10 18:57:04.393257+00:00,PUT,277.5,2026-07-17,80725,269,319,2,325.09,REPEATEDHITSASCENDINGFILL,True,False,False,300,80425,62060705408.0,7,BID,LONG,0.5
COHR,2026-07-09 19:15:15.005478+00:00,PUT,240.0,2026-07-24,61548,228,242,25,329.68,REPEATEDHITSDESCENDINGFILL,False,False,False,61548,0,62060705408.0,15,ASK,SHORT,1.0
COHR,2026-07-09 17:25:46.318420+00:00,PUT,375.0,2026-07-31,59160,10,20,7,332.3964,REPEATEDHITSDESCENDINGFILL,True,False,False,59160,0,62060705408.0,22,ASK,SHORT,1.0
COHR,2026-07-09 17:24:41.242782+00:00,PUT,335.0,2026-07-31,743330,218,232,46,333.24,REPEATEDHITSASCENDINGFILL,False,False,False,739970,3360,62060705408.0,22,ASK,SHORT,1.0
COHR,2026-07-09 14:55:43.618648+00:00,CALL,395.0,2026-07-24,72416,100,100,24,327.65,REPEATEDHITSDESCENDINGFILL,False,False,False,0,72416,62060705408.0,15,BID,SHORT,0.5
COHR,2026-07-09 14:21:00.527978+00:00,CALL,320.0,2026-08-14,121728,25,25,4,328.375,REPEATEDHITSASCENDINGFILL,False,False,False,43785,58483,62060705408.0,36,BID,SHORT,0.5
COHR,2026-07-08 16:46:47.239572+00:00,CALL,300.0,2026-08-14,99300,20,91,1,312.35,REPEATEDHITS,False,False,False,44685,54615,62060705408.0,37,BID,SHORT,0.5
COHR,2026-07-08 16:44:09.463989+00:00,CALL,300.0,2026-08-14,79440,16,55,1,312.06,REPEATEDHITS,False,False,False,44685,34755,62060705408.0,37,ASK,LONG,1.0
COHR,2026-07-08 15:10:18.088213+00:00,PUT,260.0,2026-07-24,199748,227,227,48,312.01,REPEATEDHITSDESCENDINGFILL,False,False,False,198878,870,62060705408.0,16,ASK,SHORT,1.0
COHR,2026-07-08 13:55:19.279817+00:00,PUT,275.0,2026-07-24,364870,341,341,95,323.6,REPEATEDHITS,False,False,False,364870,0,62060705408.0,16,ASK,SHORT,1.0
COHR,2026-07-06 15:15:10.587422+00:00,CALL,337.5,2026-07-24,312400,88,88,0,344.2201,REPEATEDHITS,False,False,False,31950,14200,62060705408.0,18,ASK,LONG,1.0
COHR,2026-07-06 15:08:09.347074+00:00,PUT,297.5,2026-07-10,140160,438,444,31,346.87,REPEATEDHITS,False,False,False,140160,0,62060705408.0,4,ASK,SHORT,1.0
COHR,2026-07-06 14:56:04.869428+00:00,PUT,260.0,2026-07-17,183897,694,742,572,347.78,REPEATEDHITSDESCENDINGFILL,False,False,False,183897,0,62060705408.0,11,ASK,SHORT,1.0
COHR,2026-07-02 19:48:29.667561+00:00,PUT,165.0,2026-08-21,160000,1000,1000,185,331.36,REPEATEDHITS,False,False,False,80000,0,62060705408.0,50,ASK,SHORT,1.0
COHR,2026-07-02 19:04:29.997702+00:00,CALL,315.0,2026-07-24,339860,85,85,1,331.72,REPEATEDHITSDESCENDINGFILL,False,False,False,287990,51870,62060705408.0,22,ASK,LONG,1.0
COHR,2026-07-02 17:43:23.023431+00:00,CALL,590.0,2026-09-18,219223,194,301,18,329.77,REPEATEDHITS,False,False,False,0,219223,62060705408.0,78,BID,SHORT,0.5
COHR,2026-07-02 17:35:29.216006+00:00,CALL,345.0,2026-07-10,55900,43,161,29,330.715,REPEATEDHITS,True,False,False,48100,3900,62060705408.0,8,ASK,LONG,1.0
COHR,2026-07-02 17:08:21.768711+00:00,CALL,425.0,2026-07-17,199814,540,570,495,330.735,REPEATEDHITSASCENDINGFILL,False,False,False,0,199814,62060705408.0,15,BID,SHORT,0.5
COIN,2026-07-21 19:55:20.379039+00:00,PUT,177.5,2026-08-21,15480,9,92,1,175.66,REPEATEDHITS,False,False,False,15480,0,39113765969.0,31,ASK,SHORT,1.0
COIN,2026-07-21 19:54:31.449406+00:00,PUT,177.5,2026-08-21,12040,7,82,1,175.76,REPEATEDHITS,False,False,False,6880,5160,39113765969.0,31,ASK,SHORT,1.0
COIN,2026-07-21 19:23:38.623658+00:00,PUT,140.0,2026-08-28,66000,165,218,51,176.835,REPEATEDHITS,False,False,False,66000,0,39113765969.0,38,ASK,SHORT,1.0
COIN,2026-07-21 19:13:50.708271+00:00,CALL,177.5,2026-08-21,46480,28,79,1,176.7197,REPEATEDHITS,False,False,False,0,46480,39113765969.0,31,BID,SHORT,0.5
COIN,2026-07-21 18:56:16.186356+00:00,PUT,150.0,2026-08-14,18860,41,96,33,176.27,REPEATEDHITS,False,False,False,9660,9200,39113765969.0,24,ASK,SHORT,1.0
COIN,2026-07-21 17:57:28.542502+00:00,CALL,202.5,2026-07-24,59000,1000,1303,217,178.115,REPEATEDHITS,False,False,False,59000,0,39113765969.0,3,ASK,LONG,1.0
COIN,2026-07-21 15:45:56.801420+00:00,PUT,185.0,2026-07-24,94245,103,348,17,179.845,REPEATEDHITS,False,False,False,0,0,39113765969.0,3,MIXED,,0.0
COIN,2026-07-21 15:45:43.586232+00:00,PUT,185.0,2026-07-24,30940,34,143,17,179.79,REPEATEDHITS,False,False,False,0,18200,39113765969.0,3,BID,LONG,0.5
COIN,2026-07-21 15:45:43.586232+00:00,PUT,185.0,2026-07-24,73200,80,223,17,179.79,REPEATEDHITS,True,False,False,1830,71370,39113765969.0,3,BID,LONG,0.5
COIN,2026-07-21 15:45:41.581833+00:00,PUT,185.0,2026-07-24,58500,65,109,17,179.875,REPEATEDHITS,False,False,False,0,14400,39113765969.0,3,BID,LONG,0.5
COIN,2026-07-21 14:35:24.495063+00:00,PUT,182.5,2026-07-31,56330,43,58,37,179.99,REPEATEDHITS,False,False,False,0,56330,39113765969.0,10,BID,LONG,0.5
COIN,2026-07-21 13:39:09.341310+00:00,PUT,155.0,2026-07-31,368615,970,983,639,175.17,REPEATEDHITSASCENDINGFILL,False,False,False,380,368235,39113765969.0,10,BID,LONG,0.5
COIN,2026-07-20 19:33:20.067011+00:00,PUT,125.0,2026-07-31,123499,1436,1812,303,159.66,REPEATEDHITSASCENDINGFILL,False,False,False,88,123411,39113765969.0,11,BID,LONG,0.5
COIN,2026-07-20 18:59:11.468938+00:00,CALL,210.0,2026-07-31,68222,886,1065,743,160.36,REPEATEDHITS,False,False,False,0,68222,39113765969.0,11,BID,SHORT,0.5
COIN,2026-07-20 18:44:41.814836+00:00,PUT,142.0,2026-07-31,13730,41,53,6,161.39,REPEATEDHITS,True,False,False,13730,0,39113765969.0,11,ASK,SHORT,1.0
COIN,2026-07-20 18:12:53.451492+00:00,PUT,152.5,2026-08-07,11275,15,26,11,164.44,REPEATEDHITSASCENDINGFILL,False,False,False,750,10525,39113765969.0,18,BID,LONG,0.5
COIN,2026-07-20 17:43:02.169077+00:00,PUT,128.0,2026-07-31,48918,526,528,0,162.84,REPEATEDHITS,False,False,False,0,48918,39113765969.0,11,BID,LONG,0.5
COIN,2026-07-20 15:45:36.611011+00:00,PUT,55.0,2028-12-15,121000,121,122,20,160.9244,REPEATEDHITS,False,False,False,120000,1000,39113765969.0,879,ASK,SHORT,1.0
COIN,2026-07-20 15:25:27.125514+00:00,PUT,125.0,2026-07-31,34865,367,374,303,160.011,REPEATEDHITS,False,False,False,0,34865,39113765969.0,11,BID,LONG,0.5
COIN,2026-07-20 14:39:05.284662+00:00,PUT,157.5,2026-08-21,19890,13,19,0,157.19,REPEATEDHITS,True,False,False,0,19890,39113765969.0,32,BID,LONG,0.5
COIN,2026-07-17 18:50:01.185280+00:00,CALL,210.0,2027-02-19,401310,178,178,14,157.5,REPEATEDHITS,False,False,False,200250,201060,39113765969.0,217,BID,SHORT,0.5
COIN,2026-07-17 18:49:57.311851+00:00,PUT,142.0,2026-07-24,41272,308,467,170,157.61,REPEATEDHITS,False,False,False,41272,0,39113765969.0,7,ASK,SHORT,1.0
COIN,2026-07-17 18:14:11.827870+00:00,PUT,167.5,2026-07-24,466400,400,710,70,158.85,FLOORTRADELARGECAP,False,True,True,0,466400,39113765969.0,7,BID,LONG,0.5
COIN,2026-07-17 15:27:44.054111+00:00,CALL,157.5,2026-07-24,328588,620,905,217,155.0299,REPEATEDHITSDESCENDINGFILL,False,False,False,328588,0,39113765969.0,7,ASK,LONG,1.0
COIN,2026-07-17 15:10:16.744617+00:00,CALL,152.5,2026-07-24,25625,29,62,13,156.85,REPEATEDHITSASCENDINGFILL,False,False,False,5310,19435,39113765969.0,7,BID,SHORT,0.5
COIN,2026-07-16 19:59:20.848052+00:00,PUT,177.5,2026-07-24,188496,102,127,6,160.61,REPEATEDHITS,False,False,False,188496,0,39113765969.0,8,ASK,SHORT,1.0
COIN,2026-07-16 19:59:17.837648+00:00,PUT,177.5,2026-07-24,14784,8,25,6,160.625,REPEATEDHITS,False,False,False,14784,0,39113765969.0,8,ASK,SHORT,1.0
COIN,2026-07-16 18:44:54.613581+00:00,PUT,165.0,2026-08-28,85100,46,46,15,161.47,REPEATEDHITS,False,False,False,1850,83250,39113765969.0,43,BID,LONG,0.5
COIN,2026-07-16 18:17:24.838325+00:00,PUT,148.0,2026-07-24,77272,345,373,120,160.38,REPEATEDHITS,False,False,False,21728,55544,39113765969.0,8,BID,LONG,0.5
COIN,2026-07-16 16:04:26.447706+00:00,CALL,160.0,2028-01-21,1631250,250,261,163,164.8,FLOORTRADELARGECAP,False,True,False,1631250,0,39113765969.0,554,ASK,LONG,1.0
COIN,2026-07-16 14:19:35.552977+00:00,PUT,149.0,2026-07-24,300248,1668,1671,48,163.39,REPEATEDHITS,False,False,False,1448,298800,39113765969.0,8,BID,LONG,0.5
COIN,2026-07-15 19:45:11.529716+00:00,PUT,125.0,2026-10-16,308172,428,428,172,167.755,REPEATEDHITSASCENDINGFILL,False,False,False,720,307452,39113765969.0,93,BID,LONG,0.5
COIN,2026-07-15 19:30:54.961397+00:00,PUT,138.0,2026-07-24,11834,201,273,17,166.075,REPEATEDHITSASCENDINGFILL,False,False,False,11834,0,39113765969.0,9,ASK,SHORT,1.0
COIN,2026-07-15 19:26:47.429093+00:00,PUT,80.0,2026-10-16,24750,275,280,47,165.9,REPEATEDHITS,False,False,False,0,24750,39113765969.0,93,BID,LONG,0.5
COIN,2026-07-15 19:07:56.647020+00:00,PUT,143.0,2026-07-24,37716,449,725,245,166.95,REPEATEDHITS,False,False,False,0,37716,39113765969.0,9,BID,LONG,0.5
COIN,2026-07-15 18:34:19.378779+00:00,PUT,141.0,2026-07-24,17918,289,301,28,168.18,REPEATEDHITS,False,False,False,0,17918,39113765969.0,9,BID,LONG,0.5
COIN,2026-07-15 18:22:42.352938+00:00,PUT,143.0,2026-07-24,23114,254,272,245,166.38,REPEATEDHITS,False,False,False,0,23114,39113765969.0,9,BID,LONG,0.5
COIN,2026-07-15 14:34:17.058282+00:00,CALL,167.5,2026-08-14,18395,13,90,5,164.315,REPEATEDHITS,False,False,False,18395,0,39113765969.0,30,ASK,LONG,1.0
COIN,2026-07-15 14:10:59.561716+00:00,CALL,400.0,2026-10-16,43837,482,494,381,163.33,REPEATEDHITSDESCENDINGFILL,False,False,False,25290,18547,39113765969.0,93,ASK,LONG,1.0
COIN,2026-07-15 13:59:06.126497+00:00,PUT,137.0,2026-07-24,46056,606,607,46,161.72,REPEATEDHITS,False,False,False,0,46056,39113765969.0,9,BID,LONG,0.5
COIN,2026-07-14 19:49:25.963384+00:00,CALL,149.0,2026-07-17,15540,12,118,10,160.76,REPEATEDHITS,True,False,False,15540,0,39113765969.0,3,ASK,LONG,1.0
COIN,2026-07-14 19:26:13.363005+00:00,CALL,225.0,2026-07-31,20933,322,330,86,160.815,REPEATEDHITSASCENDINGFILL,False,False,False,67,20866,39113765969.0,17,BID,SHORT,0.5
COIN,2026-07-14 18:26:38.234694+00:00,CALL,157.5,2026-08-28,131750,65,109,0,161.7613,REPEATEDHITSASCENDINGFILL,False,False,False,81125,50625,39113765969.0,45,ASK,LONG,1.0
COIN,2026-07-14 18:02:03.198074+00:00,PUT,182.5,2026-08-28,138620,45,96,0,161.265,REPEATEDHITSASCENDINGFILL,True,False,False,36990,101630,39113765969.0,45,BID,LONG,0.5
COIN,2026-07-14 17:46:03.883264+00:00,CALL,185.0,2026-08-28,41315,42,76,13,161.385,REPEATEDHITSASCENDINGFILL,False,False,False,10835,30480,39113765969.0,45,BID,SHORT,0.5
COIN,2026-07-14 16:09:04.457346+00:00,CALL,167.5,2026-08-28,56120,38,46,2,159.29,REPEATEDHITSASCENDINGFILL,True,False,False,31055,25065,39113765969.0,45,ASK,LONG,1.0
COIN,2026-07-14 16:08:04.188131+00:00,PUT,160.0,2026-08-28,118750,68,69,29,159.22,REPEATEDHITSASCENDINGFILL,False,False,False,45470,38480,39113765969.0,45,ASK,SHORT,1.0
COIN,2026-07-14 15:45:41.172407+00:00,CALL,140.0,2026-08-28,28320,10,22,0,158.96,REPEATEDHITSDESCENDINGFILL,True,False,False,28320,0,39113765969.0,45,ASK,LONG,1.0
COIN,2026-07-14 15:44:25.062890+00:00,PUT,172.5,2026-08-14,46300,20,32,3,158.2425,REPEATEDHITSDESCENDINGFILL,True,False,False,23165,23135,39113765969.0,31,ASK,SHORT,1.0
COIN,2026-07-14 15:44:21.656535+00:00,PUT,162.5,2026-08-14,26920,16,16,15,158.09,REPEATEDHITSDESCENDINGFILL,True,False,False,15185,11735,39113765969.0,31,ASK,SHORT,1.0
COPX,2026-07-22 15:12:58.616157+00:00,PUT,79.0,2026-07-24,21497,307,308,10,80.36,REPEATEDHITSASCENDINGFILL,False,False,False,0,21497,2256686669.0,2,BID,LONG,0.5
COPX,2026-07-22 15:06:35.866062+00:00,PUT,82.0,2028-01-21,33260,20,104,2,80.35,REPEATEDHITS,False,False,False,33260,0,2256686669.0,548,ASK,SHORT,1.0
COPX,2026-07-22 14:27:45.566323+00:00,CALL,84.0,2026-09-18,174580,388,469,234,79.98,REPEATEDHITSDESCENDINGFILL,False,False,False,174580,0,2256686669.0,58,ASK,LONG,1.0
COPX,2026-07-22 14:26:35.447136+00:00,PUT,76.5,2026-07-31,11660,106,106,20,80.11,REPEATEDHITS,False,False,False,0,11660,2256686669.0,9,BID,LONG,0.5
COPX,2026-07-21 17:49:27.230685+00:00,PUT,76.0,2026-07-24,20428,314,739,68,78.235,REPEATEDHITSASCENDINGFILL,False,False,False,0,20428,2256686669.0,3,BID,LONG,0.5
COPX,2026-07-21 16:36:22.864803+00:00,CALL,85.5,2026-07-31,17080,380,396,12,78.4,REPEATEDHITSDESCENDINGFILL,False,False,False,17080,0,2256686669.0,10,ASK,LONG,1.0
COPX,2026-07-21 16:12:12.741462+00:00,PUT,76.0,2026-07-24,25070,358,425,68,78.22,REPEATEDHITS,False,False,False,0,25070,2256686669.0,3,BID,LONG,0.5
COPX,2026-07-21 14:00:39.199653+00:00,CALL,81.5,2026-08-07,46849,375,376,1,76.6,REPEATEDHITSDESCENDINGFILL,False,False,False,46849,0,2256686669.0,17,ASK,LONG,1.0
COPX,2026-07-20 19:57:55.869766+00:00,CALL,74.0,2026-07-24,42400,265,1041,113,73.8587,REPEATEDHITS,False,False,False,42400,0,2256686669.0,4,ASK,LONG,1.0
COPX,2026-07-20 19:57:36.449347+00:00,CALL,74.0,2026-07-24,78275,505,550,113,73.835,REPEATEDHITS,False,False,False,78275,0,2256686669.0,4,ASK,LONG,1.0
COPX,2026-07-20 15:01:53.730036+00:00,CALL,76.0,2026-08-07,24395,119,164,22,73.755,REPEATEDHITS,False,False,False,24395,0,2256686669.0,18,ASK,LONG,1.0
COPX,2026-07-20 14:21:46.884714+00:00,PUT,70.0,2026-10-16,56280,134,287,98,73.6,REPEATEDHITS,False,False,False,56280,0,2256686669.0,88,ASK,SHORT,1.0
COPX,2026-07-20 14:10:00.209469+00:00,CALL,76.0,2026-07-24,10000,125,142,24,73.91,REPEATEDHITS,False,False,False,0,10000,2256686669.0,4,BID,SHORT,0.5
COPX,2026-07-20 13:48:53.989880+00:00,CALL,78.0,2026-07-31,38009,400,403,15,73.99,REPEATEDHITSASCENDINGFILL,False,False,False,0,38009,2256686669.0,11,BID,SHORT,0.5
COPX,2026-07-16 17:22:01.106496+00:00,CALL,90.0,2026-08-28,177486,2366,2371,2,74.6,REPEATEDHITS,False,False,False,0,177486,2256686669.0,43,BID,SHORT,0.5
COPX,2026-07-16 16:42:27.850075+00:00,PUT,72.0,2026-07-31,28130,194,195,24,74.79,REPEATEDHITS,False,False,False,28130,0,2256686669.0,15,ASK,SHORT,1.0
COPX,2026-07-16 16:04:26.447706+00:00,PUT,71.0,2026-07-31,15640,149,149,7,75.16,REPEATEDHITS,False,False,False,15640,0,2256686669.0,15,ASK,SHORT,1.0
COPX,2026-07-16 14:48:14.997074+00:00,CALL,77.0,2026-07-17,16015,457,459,57,75.52,REPEATEDHITSASCENDINGFILL,False,False,False,0,16015,2256686669.0,1,BID,SHORT,0.5
COPX,2026-07-15 18:44:35.764452+00:00,CALL,78.0,2026-07-17,11200,112,130,99,77.59,REPEATEDHITS,True,False,False,0,11200,2256686669.0,2,BID,SHORT,0.5
COPX,2026-07-15 15:15:44.889516+00:00,CALL,87.0,2026-08-14,126280,1148,1151,2,77.14,REPEATEDHITS,False,False,False,0,126280,2256686669.0,30,BID,SHORT,0.5
COPX,2026-07-15 14:38:00.999967+00:00,CALL,79.0,2026-07-17,17270,314,317,276,77.565,REPEATEDHITS,False,False,False,0,17270,2256686669.0,2,BID,SHORT,0.5
COPX,2026-07-15 14:09:04.968335+00:00,CALL,95.0,2026-08-07,10325,295,298,22,78.39,REPEATEDHITS,False,False,False,0,10325,2256686669.0,23,BID,SHORT,0.5
COPX,2026-07-13 16:26:14.659250+00:00,CALL,65.0,2026-08-07,27000,25,25,7,75.08,REPEATEDHITS,False,False,False,0,27000,2256686669.0,25,BID,SHORT,0.5
COPX,2026-07-13 15:10:19.639566+00:00,CALL,70.0,2026-08-21,27650,35,35,2,75.4209,REPEATEDHITS,True,False,False,0,27650,2256686669.0,39,BID,SHORT,0.5
COPX,2026-07-10 17:46:37.354559+00:00,CALL,83.0,2026-08-07,62220,366,366,11,76.79,REPEATEDHITS,False,False,False,62220,0,2256686669.0,28,ASK,LONG,1.0
COPX,2026-07-10 16:40:26.639651+00:00,CALL,74.0,2026-09-18,77420,98,98,3,76.79,REPEATEDHITS,False,False,False,790,76630,2256686669.0,70,BID,SHORT,0.5
COPX,2026-07-10 14:00:42.660397+00:00,CALL,80.0,2026-08-21,257280,804,804,100,75.88,REPEATEDHITS,False,False,False,0,256960,2256686669.0,42,BID,SHORT,0.5
COPX,2026-07-09 19:34:03.167156+00:00,CALL,76.0,2026-07-10,27040,416,447,369,75.405,REPEATEDHITS,False,False,False,0,27040,2256686669.0,1,BID,SHORT,0.5
COPX,2026-07-08 18:01:57.619783+00:00,CALL,72.0,2028-01-21,67600,40,110,2,72.78,REPEATEDHITS,False,False,False,0,67600,2256686669.0,562,BID,SHORT,0.5
COPX,2026-07-08 16:11:27.832792+00:00,CALL,70.0,2026-08-07,17280,36,36,0,71.445,REPEATEDHITS,True,False,False,17280,0,2256686669.0,30,ASK,LONG,1.0
COPX,2026-07-07 14:32:49.069706+00:00,PUT,73.0,2026-08-07,16199,54,54,10,74.925,REPEATEDHITS,True,False,False,16199,0,2256686669.0,31,ASK,SHORT,1.0
COPX,2026-07-07 14:16:36.868207+00:00,CALL,76.0,2026-07-17,32400,162,162,34,75.03,REPEATEDHITS,True,False,False,200,32200,2256686669.0,10,BID,SHORT,0.5
COPX,2026-07-06 18:15:39.041938+00:00,CALL,79.0,2026-07-10,21000,150,213,58,78.31,REPEATEDHITS,False,False,False,21000,0,2256686669.0,4,ASK,LONG,1.0
COPX,2026-07-06 17:49:29.832515+00:00,PUT,70.5,2026-08-07,29680,212,240,1,78.21,REPEATEDHITS,False,False,False,0,0,2256686669.0,32,MIXED,,0.0
COPX,2026-07-06 17:48:27.371746+00:00,CALL,78.5,2026-08-07,52486,122,122,6,78.22,REPEATEDHITSASCENDINGFILL,False,False,False,6020,46466,2256686669.0,32,BID,SHORT,0.5
COPX,2026-07-06 14:59:58.293777+00:00,CALL,85.0,2026-07-24,10000,100,101,78,77.78,REPEATEDHITS,False,False,False,10000,0,2256686669.0,18,ASK,LONG,1.0
COPX,2026-07-02 13:59:47.037418+00:00,CALL,84.0,2026-07-17,14200,142,151,91,78.455,REPEATEDHITS,False,False,False,12000,0,2256686669.0,15,ASK,LONG,1.0
COPX,2026-07-01 19:05:27.249729+00:00,PUT,73.0,2026-07-10,21090,222,228,10,75.75,REPEATEDHITS,False,False,False,0,21090,2256686669.0,9,BID,LONG,0.5
COPX,2026-07-01 17:50:04.916186+00:00,PUT,76.0,2026-07-02,13877,185,185,26,76.295,REPEATEDHITS,True,False,False,1425,12452,2256686669.0,1,BID,LONG,0.5
COPX,2026-07-01 14:53:01.139149+00:00,CALL,75.0,2026-08-21,26230,43,44,6,76.27,REPEATEDHITS,True,False,False,0,26230,2256686669.0,51,BID,SHORT,0.5
COPX,2026-07-01 14:21:31.038074+00:00,CALL,85.0,2026-10-16,467490,899,903,234,77.1574,REPEATEDHITS,False,False,False,0,467490,2256686669.0,107,BID,SHORT,0.5
COPX,2026-06-30 19:25:07.158468+00:00,PUT,70.0,2026-07-31,68580,508,512,41,76.9986,REPEATEDHITS,False,False,False,135,68445,2256686669.0,31,BID,LONG,0.5
COPX,2026-06-30 18:42:08.639391+00:00,CALL,79.5,2026-07-02,12760,319,325,137,76.96,REPEATEDHITS,False,False,False,0,12760,2256686669.0,2,BID,SHORT,0.5
COPX,2026-06-30 17:16:42.664800+00:00,CALL,92.0,2026-09-18,170520,696,696,123,76.87,REPEATEDHITS,False,False,False,0,170520,2256686669.0,80,BID,SHORT,0.5
COPX,2026-06-30 16:25:33.349626+00:00,CALL,135.0,2026-09-18,17453,700,2586,431,76.985,REPEATEDHITSDESCENDINGFILL,True,False,False,17453,0,2256686669.0,80,ASK,LONG,1.0
COPX,2026-06-30 16:24:24.050218+00:00,CALL,135.0,2026-09-18,13574,600,1586,431,77.0101,REPEATEDHITSASCENDINGFILL,False,False,False,13574,0,2256686669.0,80,ASK,LONG,1.0
COPX,2026-06-29 18:45:33.843705+00:00,CALL,105.0,2027-06-17,12130,17,50,1,75.76,REPEATEDHITSDESCENDINGFILL,False,False,False,1430,10700,2256686669.0,353,BID,SHORT,0.5
COPX,2026-06-29 14:00:58.218179+00:00,CALL,90.0,2026-07-24,22545,501,501,48,75.22,REPEATEDHITS,False,False,False,0,22545,2256686669.0,25,BID,SHORT,0.5
COPX,2026-06-26 18:51:37.341906+00:00,CALL,77.0,2026-07-10,17200,80,87,29,75.7913,REPEATEDHITS,False,False,False,17200,0,2256686669.0,14,ASK,LONG,1.0
COPX,2026-06-26 17:25:19.686343+00:00,PUT,77.0,2026-07-02,16100,70,72,42,76.49,REPEATEDHITS,True,False,False,16100,0,2256686669.0,6,ASK,SHORT,1.0
COST,2026-07-22 14:15:32.619455+00:00,PUT,942.5,2026-08-21,132440,44,44,0,928.8,REPEATEDHITS,True,False,False,0,132440,412089374253.0,30,BID,LONG,0.5
COST,2026-07-22 14:05:51.357301+00:00,CALL,950.0,2026-08-28,166815,92,100,31,926.21,REPEATEDHITSASCENDINGFILL,False,False,False,7320,159495,412089374253.0,37,BID,SHORT,0.5
COST,2026-07-22 13:42:05.120201+00:00,CALL,957.5,2026-08-07,109965,148,158,1,926.505,REPEATEDHITSDESCENDINGFILL,True,False,False,13015,89750,412089374253.0,16,BID,SHORT,0.5
COST,2026-07-21 15:48:04.993863+00:00,PUT,880.0,2026-08-28,214890,247,249,17,928.48,REPEATEDHITS,False,False,False,214890,0,412089374253.0,38,ASK,SHORT,1.0
COST,2026-07-21 14:46:55.327446+00:00,CALL,1015.0,2026-08-07,60491,517,517,34,927.04,REPEATEDHITS,True,False,False,0,60491,412089374253.0,17,BID,SHORT,0.5
COST,2026-07-21 14:19:27.383646+00:00,PUT,940.0,2026-08-28,193410,63,63,32,930.33,REPEATEDHITS,True,False,False,0,193410,412089374253.0,38,BID,LONG,0.5
COST,2026-07-21 13:36:07.027993+00:00,PUT,945.0,2026-08-14,789635,255,255,28,928.3,REPEATEDHITS,True,False,False,455915,333720,412089374253.0,24,ASK,SHORT,1.0
COST,2026-07-20 18:59:53.316621+00:00,PUT,885.0,2026-09-18,393120,288,292,39,933.48,REPEATEDHITS,False,False,False,0,391755,412089374253.0,60,BID,LONG,0.5
COST,2026-07-20 16:36:05.096619+00:00,PUT,925.0,2026-08-14,405340,242,242,81,936.98,REPEATEDHITSDESCENDINGFILL,False,False,False,403670,1670,412089374253.0,25,ASK,SHORT,1.0
COST,2026-07-20 14:43:42.162267+00:00,CALL,960.0,2026-08-07,452120,356,356,213,942.295,REPEATEDHITS,False,False,False,452120,0,412089374253.0,18,ASK,LONG,1.0
COST,2026-07-20 14:11:45.452064+00:00,PUT,940.0,2026-08-28,66430,26,26,9,943.8,REPEATEDHITS,False,False,False,66430,0,412089374253.0,39,ASK,SHORT,1.0
COST,2026-07-20 13:57:30.037824+00:00,PUT,930.0,2026-07-31,415210,437,438,139,944.91,REPEATEDHITSASCENDINGFILL,False,False,False,1005,413250,412089374253.0,11,BID,LONG,0.5
COST,2026-07-20 13:33:27.217096+00:00,PUT,935.0,2026-08-14,197800,92,116,61,937.67,REPEATEDHITS,True,False,False,176300,21500,412089374253.0,25,ASK,SHORT,1.0
COST,2026-07-17 15:30:21.085385+00:00,PUT,930.0,2026-08-28,417040,208,210,24,945.47,REPEATEDHITS,False,False,False,417040,0,412089374253.0,42,ASK,SHORT,1.0
COST,2026-07-17 15:02:58.485639+00:00,CALL,970.0,2026-07-31,487514,591,607,131,947.98,REPEATEDHITSDESCENDINGFILL,True,False,False,484259,3255,412089374253.0,14,ASK,LONG,1.0
COST,2026-07-17 13:46:30.778614+00:00,CALL,950.0,2026-08-07,214505,78,79,38,961.26,REPEATEDHITS,True,False,False,0,214505,412089374253.0,21,BID,SHORT,0.5
COST,2026-07-16 19:42:24.715287+00:00,CALL,955.0,2026-07-31,353919,316,370,114,941.455,REPEATEDHITS,False,False,False,353919,0,412089374253.0,15,ASK,LONG,1.0
COST,2026-07-16 19:14:33.057829+00:00,PUT,905.0,2026-09-18,459560,276,285,22,943.02,REPEATEDHITS,False,False,False,1685,457875,412089374253.0,64,BID,LONG,0.5
COST,2026-07-16 16:57:29.002876+00:00,PUT,895.0,2026-07-24,55046,505,546,337,937.21,REPEATEDHITS,False,False,False,0,55046,412089374253.0,8,BID,LONG,0.5
COST,2026-07-16 16:32:44.203072+00:00,CALL,940.0,2026-07-24,353855,337,384,214,936.42,REPEATEDHITS,False,False,False,1055,352800,412089374253.0,8,BID,SHORT,0.5
COST,2026-07-16 16:22:18.833727+00:00,CALL,980.0,2026-11-20,2419992,605,606,87,936.7825,REPEATEDHITSDESCENDINGFILL,False,False,False,2419992,0,412089374253.0,127,ASK,LONG,1.0
COST,2026-07-16 14:50:49.057409+00:00,PUT,850.0,2026-08-07,92550,617,619,113,929.9682,REPEATEDHITS,True,False,False,150,92400,412089374253.0,22,BID,LONG,0.5
COST,2026-07-16 13:40:08.585031+00:00,CALL,922.5,2026-07-31,66750,25,46,12,937.0296,REPEATEDHITSASCENDINGFILL,True,False,False,26750,40000,412089374253.0,15,BID,SHORT,0.5
COST,2026-07-15 19:36:05.951447+00:00,PUT,880.0,2026-07-31,208180,382,393,153,912.53,REPEATEDHITSDESCENDINGFILL,True,False,False,208180,0,412089374253.0,16,ASK,SHORT,1.0
COST,2026-07-15 19:30:06.886017+00:00,CALL,945.0,2026-08-28,108860,62,63,1,914.53,REPEATEDHITSASCENDINGFILL,True,False,False,3550,105310,412089374253.0,44,BID,SHORT,0.5
COST,2026-07-15 15:29:55.352522+00:00,CALL,950.0,2026-08-14,120145,91,92,30,921.43,REPEATEDHITSASCENDINGFILL,True,False,False,0,120145,412089374253.0,30,BID,SHORT,0.5
COST,2026-07-15 14:42:22.805719+00:00,PUT,935.0,2026-08-21,681543,222,425,96,924.42,REPEATEDHITS,True,False,False,620143,0,412089374253.0,37,ASK,SHORT,1.0
COST,2026-07-15 13:58:59.118796+00:00,CALL,930.0,2026-08-14,201495,94,94,31,922.89,REPEATEDHITSASCENDINGFILL,True,False,False,70970,130525,412089374253.0,30,BID,SHORT,0.5
COST,2026-07-14 16:50:55.406343+00:00,CALL,1040.0,2026-10-16,163027,137,268,29,921.215,REPEATEDHITS,False,False,False,163027,0,412089374253.0,94,ASK,LONG,1.0
COST,2026-07-14 16:44:07.117500+00:00,CALL,1040.0,2026-10-16,152865,129,130,29,921.69,REPEATEDHITS,True,False,False,151680,1185,412089374253.0,94,ASK,LONG,1.0
COST,2026-07-14 16:37:54.138607+00:00,PUT,935.0,2026-08-14,168265,56,56,6,922.6351,REPEATEDHITSDESCENDINGFILL,False,False,False,162260,6005,412089374253.0,31,ASK,SHORT,1.0
COST,2026-07-14 15:51:38.057750+00:00,CALL,940.0,2026-07-31,385120,332,350,226,924.27,REPEATEDHITS,False,False,False,385120,0,412089374253.0,17,ASK,LONG,1.0
COST,2026-07-14 15:20:32.796855+00:00,PUT,920.0,2026-08-28,488880,194,194,31,924.47,REPEATEDHITS,False,False,False,488880,0,412089374253.0,45,ASK,SHORT,1.0
COST,2026-07-14 15:03:49.327102+00:00,PUT,910.0,2026-08-07,517290,379,381,74,925.82,REPEATEDHITSDESCENDINGFILL,False,False,False,514600,2690,412089374253.0,24,ASK,SHORT,1.0
COST,2026-07-13 19:17:07.899958+00:00,CALL,950.0,2026-07-24,297750,397,2126,136,929.72,REPEATEDHITS,True,False,False,21750,276000,412089374253.0,11,BID,SHORT,0.5
COST,2026-07-13 19:16:51.072857+00:00,CALL,950.0,2026-07-24,113960,154,1643,136,929.66,REPEATEDHITS,True,False,False,0,113960,412089374253.0,11,BID,SHORT,0.5
COST,2026-07-13 19:15:35.192168+00:00,CALL,950.0,2026-07-24,531080,781,905,136,929.355,REPEATEDHITS,True,False,False,0,406640,412089374253.0,11,BID,SHORT,0.5
COST,2026-07-13 18:30:18.674031+00:00,PUT,925.0,2026-09-18,123800,40,53,35,926.99,REPEATEDHITS,True,False,False,0,123800,412089374253.0,67,BID,LONG,0.5
COST,2026-07-13 17:40:08.990044+00:00,CALL,960.0,2026-10-16,1803938,545,547,32,923.2,REPEATEDHITSDESCENDINGFILL,False,False,False,1803938,0,412089374253.0,95,ASK,LONG,1.0
COST,2026-07-13 15:54:12.551249+00:00,PUT,865.0,2026-09-18,146300,133,155,67,924.1935,REPEATEDHITS,False,False,False,0,146300,412089374253.0,67,BID,LONG,0.5
COST,2026-07-13 15:16:42.901076+00:00,CALL,935.0,2026-07-24,202070,242,244,119,921.38,REPEATEDHITS,False,False,False,0,202070,412089374253.0,11,BID,SHORT,0.5
COST,2026-07-10 18:52:07.507963+00:00,CALL,1180.0,2027-06-17,103545,39,69,38,915.27,REPEATEDHITS,False,False,False,103545,0,412089374253.0,342,ASK,LONG,1.0
COST,2026-07-10 18:46:36.666206+00:00,CALL,925.0,2026-08-07,180103,102,107,28,915.19,REPEATEDHITSDESCENDINGFILL,False,False,False,0,180103,412089374253.0,28,BID,SHORT,0.5
COST,2026-07-10 18:46:36.666206+00:00,CALL,925.0,2026-08-07,52965,30,191,28,915.0,REPEATEDHITSASCENDINGFILL,False,False,False,7140,45825,412089374253.0,28,BID,SHORT,0.5
COST,2026-07-10 16:03:42.499164+00:00,CALL,912.5,2026-07-10,56115,215,514,139,912.87,REPEATEDHITS,False,False,False,56115,0,412089374253.0,0,ASK,LONG,1.0
COST,2026-07-10 13:40:53.059986+00:00,CALL,910.0,2026-08-28,170268,51,51,4,911.855,REPEATEDHITSDESCENDINGFILL,True,False,False,166928,3340,412089374253.0,49,ASK,LONG,1.0
COST,2026-07-09 19:43:53.161306+00:00,CALL,970.0,2026-08-21,723445,660,1367,382,914.32,SWEEPSFOLLOWEDBYFLOOR,True,True,False,657650,65795,412089374253.0,43,ASK,LONG,1.0
COST,2026-07-09 16:13:40.982436+00:00,PUT,870.0,2026-08-07,135290,166,174,21,911.37,REPEATEDHITS,False,False,False,0,135290,412089374253.0,29,BID,LONG,0.5
COST,2026-07-09 15:58:16.891311+00:00,CALL,915.0,2026-07-17,111100,101,425,14,910.185,REPEATEDHITS,False,False,False,0,111100,412089374253.0,8,BID,SHORT,0.5
COST,2026-07-09 15:10:05.549757+00:00,CALL,910.0,2026-07-17,157375,113,255,45,910.0001,REPEATEDHITSDESCENDINGFILL,True,False,False,111535,45840,412089374253.0,8,ASK,LONG,1.0
CRCL,2026-07-22 14:24:04.182798+00:00,PUT,63.0,2026-07-24,32968,634,1363,510,68.4099,REPEATEDHITS,False,False,False,0,32968,16213415881.0,2,BID,LONG,0.5
CRCL,2026-07-22 14:03:23.656825+00:00,PUT,66.0,2026-08-21,12075,21,21,17,69.88,REPEATEDHITS,True,False,False,0,12075,16213415881.0,30,BID,LONG,0.5
CRCL,2026-07-22 14:03:23.656825+00:00,PUT,63.0,2026-08-21,18690,42,46,15,69.88,REPEATEDHITS,True,False,False,0,18690,16213415881.0,30,BID,LONG,0.5
CRCL,2026-07-22 13:38:48.356828+00:00,PUT,63.0,2026-07-24,38703,679,687,510,68.3579,REPEATEDHITS,False,False,False,0,38703,16213415881.0,2,BID,LONG,0.5
CRCL,2026-07-21 17:28:45.606163+00:00,PUT,58.0,2026-08-07,92554,601,611,212,71.2925,REPEATEDHITS,False,False,False,0,92554,16213415881.0,17,BID,LONG,0.5
CRCL,2026-07-21 16:05:03.380619+00:00,PUT,58.0,2026-07-31,177128,3163,3174,110,71.4,REPEATEDHITS,False,False,False,0,177128,16213415881.0,10,BID,LONG,0.5
CRCL,2026-07-21 16:01:55.297916+00:00,PUT,71.0,2026-07-24,55332,200,510,65,71.3508,REPEATEDHITSASCENDINGFILL,True,False,False,48532,6800,16213415881.0,3,ASK,SHORT,1.0
CRCL,2026-07-21 14:56:03.169891+00:00,PUT,69.0,2026-07-24,69114,256,354,113,69.565,REPEATEDHITSDESCENDINGFILL,True,False,False,69114,0,16213415881.0,3,ASK,SHORT,1.0
CRCL,2026-07-21 13:42:59.155585+00:00,PUT,71.0,2026-07-24,66000,200,233,65,70.83,REPEATEDHITS,False,False,False,66000,0,16213415881.0,3,ASK,SHORT,1.0
CRCL,2026-07-21 13:32:16.920132+00:00,CALL,68.0,2026-08-21,15760,16,16,6,70.94,REPEATEDHITS,True,False,False,13795,1965,16213415881.0,31,ASK,LONG,1.0
CRCL,2026-07-21 13:32:16.920132+00:00,CALL,69.0,2026-08-21,13090,14,14,10,70.94,REPEATEDHITS,True,False,False,10285,2805,16213415881.0,31,ASK,LONG,1.0
CRCL,2026-07-20 19:55:36.689916+00:00,CALL,72.0,2026-08-21,53560,104,126,0,65.3575,REPEATEDHITS,False,False,False,0,53560,16213415881.0,32,BID,SHORT,0.5
CRCL,2026-07-20 19:11:36.035902+00:00,CALL,67.0,2026-08-21,17160,26,39,0,64.71,REPEATEDHITS,False,False,False,0,0,16213415881.0,32,MIXED,,0.0
CRCL,2026-07-20 19:11:36.035902+00:00,CALL,67.0,2026-08-21,25080,38,77,0,64.71,REPEATEDHITS,True,False,False,0,22440,16213415881.0,32,BID,SHORT,0.5
CRCL,2026-07-20 18:54:44.530671+00:00,CALL,71.0,2026-07-24,18492,201,7978,165,65.46,REPEATEDHITS,True,False,False,1196,17296,16213415881.0,4,BID,SHORT,0.5
CRCL,2026-07-20 18:54:29.716750+00:00,CALL,71.0,2026-07-24,23000,250,7727,165,65.39,REPEATEDHITS,True,False,False,0,23000,16213415881.0,4,BID,SHORT,0.5
CRCL,2026-07-20 18:44:11.968606+00:00,PUT,67.0,2026-07-24,34010,100,234,79,65.68,REPEATEDHITSDESCENDINGFILL,False,False,False,0,34010,16213415881.0,4,BID,LONG,0.5
CRCL,2026-07-20 18:19:33.142267+00:00,CALL,67.0,2026-07-24,223945,868,1603,840,66.5,REPEATEDHITS,False,False,False,259,223686,16213415881.0,4,BID,SHORT,0.5
CRCL,2026-07-20 16:10:09.632730+00:00,CALL,71.0,2026-07-24,19170,213,6736,165,65.04,REPEATEDHITS,True,False,False,0,19170,16213415881.0,4,BID,SHORT,0.5
CRCL,2026-07-20 15:27:23.349920+00:00,CALL,71.0,2026-07-24,41500,500,6029,165,64.525,REPEATEDHITS,True,False,False,0,41500,16213415881.0,4,BID,SHORT,0.5
CRCL,2026-07-20 15:02:00.143713+00:00,CALL,100.0,2027-06-17,1808984,1465,1465,1352,63.26,REPEATEDHITSASCENDINGFILL,True,False,False,297920,1372744,16213415881.0,332,BID,SHORT,0.5
CRCL,2026-07-20 14:32:28.940930+00:00,CALL,71.0,2026-07-24,12350,247,1109,165,62.57,REPEATEDHITS,True,False,False,0,4250,16213415881.0,4,BID,SHORT,0.5
CRCL,2026-07-20 14:32:24.530255+00:00,CALL,71.0,2026-07-24,12300,246,862,165,62.5,REPEATEDHITS,False,False,False,12300,0,16213415881.0,4,ASK,LONG,1.0
CRCL,2026-07-20 14:24:34.923933+00:00,PUT,45.0,2026-07-31,19560,978,987,186,61.8,REPEATEDHITS,False,False,False,0,19560,16213415881.0,11,BID,LONG,0.5
CRCL,2026-07-20 14:06:55.706016+00:00,PUT,62.0,2026-07-24,107700,359,1028,195,61.5,REPEATEDHITS,False,False,False,107700,0,16213415881.0,4,ASK,SHORT,1.0
CRCL,2026-07-17 19:51:56.780058+00:00,CALL,62.0,2026-07-24,39886,154,1008,105,60.7325,REPEATEDHITS,False,False,False,0,39886,16213415881.0,7,BID,SHORT,0.5
CRCL,2026-07-17 19:51:46.958895+00:00,CALL,62.0,2026-07-24,29412,114,795,105,60.75,REPEATEDHITS,False,False,False,0,29412,16213415881.0,7,BID,SHORT,0.5
CRCL,2026-07-17 19:51:31.125594+00:00,CALL,62.0,2026-07-24,95250,375,614,105,60.69,REPEATEDHITS,True,False,False,0,95250,16213415881.0,7,BID,SHORT,0.5
CRCL,2026-07-17 19:10:30.982694+00:00,CALL,77.0,2026-07-24,14832,824,939,271,60.4,REPEATEDHITS,False,False,False,0,14832,16213415881.0,7,BID,SHORT,0.5
CRCL,2026-07-17 18:00:53.896714+00:00,CALL,62.0,2026-07-17,11594,374,2258,351,61.68,REPEATEDHITS,False,False,False,8463,0,16213415881.0,0,ASK,LONG,1.0
CRCL,2026-07-17 16:31:38.502893+00:00,PUT,62.0,2026-07-17,56711,597,774,493,61.38,REPEATEDHITS,True,False,False,56240,471,16213415881.0,0,ASK,SHORT,1.0
CRCL,2026-07-17 16:00:16.065505+00:00,PUT,53.0,2026-07-31,11097,73,83,54,60.1395,REPEATEDHITS,False,False,False,0,11097,16213415881.0,14,BID,LONG,0.5
CRCL,2026-07-16 15:41:33.510904+00:00,PUT,40.0,2026-08-21,83676,1468,1480,355,62.215,REPEATEDHITS,False,False,False,0,83676,16213415881.0,36,BID,LONG,0.5
CRCL,2026-07-15 17:56:12.757883+00:00,PUT,63.0,2026-07-17,64612,557,925,440,65.31,REPEATEDHITS,False,False,False,0,64612,16213415881.0,2,BID,LONG,0.5
CRCL,2026-07-15 17:11:18.647247+00:00,CALL,69.0,2026-07-24,139122,531,642,127,65.2,REPEATEDHITS,False,False,False,139122,0,16213415881.0,9,ASK,LONG,1.0
CRCL,2026-07-15 14:38:00.999967+00:00,PUT,67.5,2026-07-17,184220,604,625,440,65.96,REPEATEDHITS,False,False,False,184220,0,16213415881.0,2,ASK,SHORT,1.0
CRCL,2026-07-15 14:00:48.286670+00:00,CALL,67.0,2026-07-24,92140,271,278,159,65.72,REPEATEDHITS,False,False,False,0,23120,16213415881.0,9,BID,SHORT,0.5
CRCL,2026-07-14 17:38:02.356839+00:00,CALL,65.0,2026-08-07,825000,1500,1518,485,62.825,REPEATEDHITS,False,False,False,824450,0,16213415881.0,24,ASK,LONG,1.0
CRCL,2026-07-14 16:30:59.412380+00:00,PUT,49.0,2026-07-24,13250,530,1292,2,63.0,REPEATEDHITS,False,False,False,0,13250,16213415881.0,10,BID,LONG,0.5
CRCL,2026-07-14 15:17:42.927992+00:00,PUT,49.0,2026-07-24,22410,747,761,2,62.04,REPEATEDHITS,False,False,False,0,22410,16213415881.0,10,BID,LONG,0.5
CRCL,2026-07-14 13:38:09.344084+00:00,PUT,59.0,2026-07-17,115019,710,739,473,60.65,REPEATEDHITS,True,False,False,114858,161,16213415881.0,3,ASK,SHORT,1.0
CRCL,2026-07-13 19:48:37.226345+00:00,CALL,105.0,2026-09-18,198774,1227,1230,960,62.39,REPEATEDHITS,False,False,False,0,198774,16213415881.0,67,BID,SHORT,0.5
CRCL,2026-07-13 19:19:58.163638+00:00,CALL,59.0,2026-07-17,25217,52,85,2,62.72,REPEATEDHITS,False,False,False,25217,0,16213415881.0,4,ASK,LONG,1.0
CRCL,2026-07-13 16:03:43.146488+00:00,PUT,54.0,2026-07-17,12620,631,736,81,63.8875,REPEATEDHITS,False,False,False,0,12460,16213415881.0,4,BID,LONG,0.5
CRCL,2026-07-13 14:26:12.374965+00:00,CALL,55.0,2026-09-18,885000,590,591,86,63.96,REPEATEDHITS,False,False,False,885000,0,16213415881.0,67,ASK,LONG,1.0
CRCL,2026-07-13 14:09:09.433041+00:00,PUT,58.0,2026-08-14,23650,55,60,7,63.275,REPEATEDHITS,False,False,False,23650,0,16213415881.0,32,ASK,SHORT,1.0
CRCL,2026-07-13 13:59:38.921121+00:00,PUT,62.0,2026-07-17,60480,320,416,276,63.555,REPEATEDHITS,True,False,False,0,60480,16213415881.0,4,BID,LONG,0.5
CRCL,2026-07-13 13:46:51.559981+00:00,PUT,59.0,2026-07-24,10916,50,53,44,63.07,REPEATEDHITSDESCENDINGFILL,True,False,False,7227,3689,16213415881.0,11,ASK,SHORT,1.0
CRCL,2026-07-10 19:05:49.788220+00:00,PUT,57.0,2026-07-17,10363,241,354,154,65.39,REPEATEDHITS,False,False,False,0,10363,16213415881.0,7,BID,LONG,0.5
CRCL,2026-07-10 18:04:05.518209+00:00,PUT,58.0,2026-07-24,37210,305,312,24,66.255,REPEATEDHITS,False,False,False,0,37210,16213415881.0,14,BID,LONG,0.5
CRM,2026-07-21 19:39:12.817916+00:00,PUT,170.0,2026-07-24,455115,1097,2222,883,170.5257,REPEATEDHITS,True,False,False,455115,0,139279140000.0,3,ASK,SHORT,1.0
CRM,2026-07-21 16:34:38.762035+00:00,PUT,170.0,2026-07-31,152865,237,260,184,169.15,REPEATEDHITS,False,False,False,152865,0,139279140000.0,10,ASK,SHORT,1.0
CRM,2026-07-20 19:58:55.961788+00:00,PUT,177.5,2026-07-24,76756,112,125,20,173.81,REPEATEDHITS,False,False,False,0,76756,139279140000.0,4,BID,LONG,0.5
CRM,2026-07-20 19:06:32.780781+00:00,CALL,202.5,2026-07-31,57720,1110,1161,1,173.31,REPEATEDHITS,False,False,False,0,57720,139279140000.0,11,BID,SHORT,0.5
CRM,2026-07-20 18:04:37.204306+00:00,CALL,210.0,2026-08-28,311237,1564,1604,38,174.495,REPEATEDHITSDESCENDINGFILL,True,False,False,200,311037,139279140000.0,39,BID,SHORT,0.5
CRM,2026-07-20 17:53:25.482029+00:00,CALL,195.0,2026-08-14,139908,553,1590,99,174.08,REPEATEDHITS,False,False,False,139656,252,139279140000.0,25,ASK,LONG,1.0
CRM,2026-07-20 17:08:44.605131+00:00,CALL,195.0,2026-08-14,76874,323,651,99,173.025,REPEATEDHITS,False,False,False,76874,0,139279140000.0,25,ASK,LONG,1.0
CRM,2026-07-20 15:47:19.786696+00:00,CALL,190.0,2026-07-31,128256,1002,1050,708,171.33,REPEATEDHITS,False,False,False,128256,0,139279140000.0,11,ASK,LONG,1.0
CRM,2026-07-20 15:37:40.516756+00:00,CALL,180.0,2026-08-14,88400,170,359,85,170.76,REPEATEDHITS,True,False,False,0,88400,139279140000.0,25,BID,SHORT,0.5
CRM,2026-07-20 14:27:38.414439+00:00,CALL,170.0,2026-07-24,592484,1463,1598,1213,168.63,REPEATEDHITSDESCENDINGFILL,False,False,False,592079,405,139279140000.0,4,ASK,LONG,1.0
CRM,2026-07-17 18:37:28.439603+00:00,PUT,170.0,2026-08-07,107030,154,166,110,170.95,REPEATEDHITS,True,False,False,100080,6950,139279140000.0,21,ASK,SHORT,1.0
CRM,2026-07-17 17:10:29.599329+00:00,CALL,185.0,2026-11-20,491829,359,361,358,170.725,REPEATEDHITS,False,False,False,491829,0,139279140000.0,126,ASK,LONG,1.0
CRM,2026-07-16 18:09:11.072267+00:00,PUT,120.0,2026-11-20,144300,740,741,237,173.78,REPEATEDHITS,False,False,False,0,144300,139279140000.0,127,BID,LONG,0.5
CRM,2026-07-16 17:40:08.600194+00:00,PUT,165.0,2026-07-24,242989,1259,1329,743,173.03,REPEATEDHITS,False,False,False,388,242601,139279140000.0,8,BID,LONG,0.5
CRM,2026-07-16 17:27:13.536386+00:00,CALL,180.0,2026-09-18,2365137,2093,2174,1840,172.96,REPEATEDHITSASCENDINGFILL,True,False,False,2260,2362877,139279140000.0,64,BID,SHORT,0.5
CRM,2026-07-14 17:30:03.081250+00:00,CALL,172.5,2026-07-31,249610,387,422,17,170.735,REPEATEDHITS,False,False,False,248970,640,139279140000.0,17,ASK,LONG,1.0
CRM,2026-07-14 17:24:44.950657+00:00,CALL,177.5,2026-07-24,89900,290,341,188,170.68,REPEATEDHITS,False,False,False,89900,0,139279140000.0,10,ASK,LONG,1.0
CRM,2026-07-14 14:01:43.509247+00:00,PUT,157.5,2026-07-24,92269,466,568,75,166.9,REPEATEDHITS,False,False,False,199,92070,139279140000.0,10,BID,LONG,0.5
CRM,2026-07-13 19:53:48.568592+00:00,CALL,177.5,2026-07-17,103197,839,3922,767,170.02,REPEATEDHITS,False,False,False,103197,0,139279140000.0,4,ASK,LONG,1.0
CRM,2026-07-13 15:54:21.967758+00:00,PUT,135.0,2026-09-18,562210,2959,2962,1927,172.13,REPEATEDHITS,False,False,False,0,562210,139279140000.0,67,BID,LONG,0.5
CRM,2026-07-13 15:49:12.983442+00:00,PUT,172.5,2026-07-24,169645,290,293,35,172.035,REPEATEDHITS,False,False,False,139815,29830,139279140000.0,11,ASK,SHORT,1.0
CRM,2026-07-10 17:06:14.262978+00:00,CALL,175.0,2026-10-16,411764,366,406,224,163.175,REPEATEDHITSASCENDINGFILL,False,False,False,0,411764,139279140000.0,98,BID,SHORT,0.5
CRM,2026-07-09 17:10:49.862127+00:00,PUT,140.0,2026-09-18,1114712,2686,2831,1682,163.04,REPEATEDHITSASCENDINGFILL,False,False,False,0,1114712,139279140000.0,71,BID,LONG,0.5
CRM,2026-07-09 14:02:44.008928+00:00,CALL,172.5,2026-07-24,122860,525,531,139,162.2351,REPEATEDHITSASCENDINGFILL,False,False,False,243,122617,139279140000.0,15,BID,SHORT,0.5
CRM,2026-07-07 18:15:32.285345+00:00,CALL,185.0,2026-10-16,1042622,891,906,113,171.855,REPEATEDHITSASCENDINGFILL,False,False,False,0,1042622,139279140000.0,101,BID,SHORT,0.5
CRM,2026-07-02 19:14:30.068499+00:00,CALL,175.0,2026-07-10,323706,2259,3498,883,167.12,REPEATEDHITSASCENDINGFILL,False,False,False,314398,7640,139279140000.0,8,ASK,LONG,1.0
CRM,2026-07-02 19:07:17.534812+00:00,PUT,180.0,2026-07-31,156360,98,100,91,166.7599,REPEATEDHITS,True,False,False,39925,116435,139279140000.0,29,BID,LONG,0.5
CRM,2026-07-02 19:07:17.534812+00:00,PUT,172.5,2026-07-10,184075,250,250,5,166.8,REPEATEDHITSASCENDINGFILL,False,False,False,134095,49980,139279140000.0,8,ASK,SHORT,1.0
CRM,2026-07-01 15:02:38.989176+00:00,PUT,170.0,2026-07-24,160378,162,175,151,164.685,REPEATEDHITS,False,False,False,160378,0,139279140000.0,23,ASK,SHORT,1.0
CRM,2026-07-01 15:02:38.989176+00:00,PUT,165.0,2026-07-24,203017,288,310,190,164.685,REPEATEDHITSDESCENDINGFILL,False,False,False,202317,700,139279140000.0,23,ASK,SHORT,1.0
CRM,2026-07-01 13:46:09.095644+00:00,CALL,160.0,2026-07-24,194970,201,275,188,164.125,REPEATEDHITS,False,False,False,970,194000,139279140000.0,23,BID,SHORT,0.5
CRM,2026-06-30 17:52:36.842655+00:00,CALL,165.0,2026-07-24,73485,207,212,168,155.95,REPEATEDHITS,False,False,False,73485,0,139279140000.0,24,ASK,LONG,1.0
CRM,2026-06-29 16:04:28.434118+00:00,PUT,175.0,2027-02-19,59090,19,24,4,158.95,REPEATEDHITS,False,False,False,3110,52870,139279140000.0,235,BID,LONG,0.5
CRM,2026-06-29 13:48:51.563009+00:00,PUT,160.0,2026-07-10,251761,530,531,283,159.58,REPEATEDHITSASCENDINGFILL,False,False,False,480,251281,139279140000.0,11,BID,LONG,0.5
CRM,2026-06-26 19:38:24.779085+00:00,CALL,165.0,2026-07-02,162999,1681,4294,568,157.08,REPEATEDHITS,False,False,False,5376,157623,139279140000.0,6,BID,SHORT,0.5
CRM,2026-06-26 19:38:24.779085+00:00,CALL,165.0,2026-07-02,55438,582,2613,568,157.15,REPEATEDHITSASCENDINGFILL,True,False,False,48497,1140,139279140000.0,6,ASK,LONG,1.0
CRM,2026-06-24 19:40:53.427897+00:00,CALL,160.0,2026-07-02,103785,629,889,611,153.1809,REPEATEDHITS,False,False,False,0,103785,139279140000.0,8,BID,SHORT,0.5
CRM,2026-06-24 17:18:42.413815+00:00,PUT,145.0,2026-07-24,85910,249,272,121,154.2322,REPEATEDHITS,False,False,False,350,85560,139279140000.0,30,BID,LONG,0.5
CRM,2026-06-24 14:02:27.056543+00:00,CALL,175.0,2026-07-24,69200,400,406,128,153.64,REPEATEDHITS,False,False,False,0,69200,139279140000.0,30,BID,SHORT,0.5
CRM,2026-06-23 17:50:29.781324+00:00,CALL,180.0,2026-10-16,104839,131,503,123,154.41,REPEATEDHITSDESCENDINGFILL,False,False,False,0,104839,139279140000.0,115,BID,SHORT,0.5
CRM,2026-06-23 17:27:39.142243+00:00,CALL,155.0,2026-11-20,197500,100,106,28,154.915,REPEATEDHITS,False,False,False,197500,0,139279140000.0,150,ASK,LONG,1.0
CRM,2026-06-23 16:00:23.149228+00:00,PUT,157.5,2026-07-17,50160,57,57,8,153.41,REPEATEDHITS,True,False,False,0,50160,139279140000.0,24,BID,LONG,0.5
CRM,2026-06-23 13:58:55.037096+00:00,CALL,157.5,2026-07-17,151340,322,323,25,152.175,REPEATEDHITS,True,False,False,0,151340,139279140000.0,24,BID,SHORT,0.5
CRM,2026-06-23 13:46:42.853053+00:00,CALL,167.5,2026-07-17,86328,396,397,8,151.7,REPEATEDHITS,False,False,False,0,86328,139279140000.0,24,BID,SHORT,0.5
CRM,2026-06-22 19:47:37.343621+00:00,CALL,162.5,2026-07-02,221760,2016,2712,181,150.56,REPEATEDHITS,True,False,False,94490,61710,139279140000.0,10,ASK,LONG,1.0
CRM,2026-06-22 18:54:38.933482+00:00,PUT,140.0,2027-02-19,281255,172,217,4,149.2135,REPEATEDHITSASCENDINGFILL,False,False,False,58860,222395,139279140000.0,242,BID,LONG,0.5
CRM,2026-06-22 18:40:55.781228+00:00,CALL,150.0,2026-07-02,221850,522,1708,391,149.525,REPEATEDHITS,False,False,False,221850,0,139279140000.0,10,ASK,LONG,1.0
CRM,2026-06-22 18:19:59.915432+00:00,PUT,130.0,2026-10-16,281520,408,442,191,149.15,REPEATEDHITS,False,False,False,0,281520,139279140000.0,116,BID,LONG,0.5
CRM,2026-06-22 17:46:17.028730+00:00,CALL,147.0,2026-06-26,79935,219,241,69,147.9393,REPEATEDHITS,True,False,False,79935,0,139279140000.0,4,ASK,LONG,1.0
CRM,2026-06-22 16:46:02.911057+00:00,PUT,144.0,2026-07-17,57500,128,170,0,148.24,REPEATEDHITSASCENDINGFILL,True,False,False,0,57500,139279140000.0,25,BID,LONG,0.5
CRML,2026-07-22 13:58:42.700562+00:00,CALL,7.0,2026-08-21,22500,300,333,2,7.0157,REPEATEDHITS,True,False,False,22500,0,666196617.0,30,ASK,LONG,1.0
CRML,2026-07-14 15:45:13.530662+00:00,CALL,10.0,2026-09-18,73710,1134,1141,2,7.905,REPEATEDHITS,False,False,False,975,72735,666196617.0,66,BID,SHORT,0.5
CRML,2026-07-10 18:33:14.832279+00:00,PUT,7.0,2026-08-14,43650,873,874,25,8.0,REPEATEDHITS,False,False,False,0,43650,666196617.0,35,BID,LONG,0.5
CRML,2026-07-07 13:39:33.311039+00:00,CALL,9.5,2026-08-07,234020,2925,3425,12,9.05,REPEATEDHITSASCENDINGFILL,False,False,False,0,234020,666196617.0,31,BID,SHORT,0.5
CRML,2026-06-30 17:58:39.167504+00:00,PUT,9.0,2026-07-17,27135,603,622,116,10.14,REPEATEDHITS,False,False,False,0,27135,666196617.0,17,BID,LONG,0.5
CRML,2026-06-30 17:36:54.102224+00:00,CALL,11.5,2026-07-10,12500,500,533,399,10.175,REPEATEDHITS,False,False,False,0,10625,666196617.0,10,BID,SHORT,0.5
CRML,2026-06-30 13:58:44.972849+00:00,CALL,9.5,2026-07-02,96090,1201,1208,440,10.25,REPEATEDHITS,False,False,False,0,96090,666196617.0,2,BID,SHORT,0.5
CRML,2026-06-29 18:54:44.687383+00:00,PUT,9.5,2026-07-10,13500,300,493,107,10.16,REPEATEDHITS,False,False,False,0,12825,666196617.0,11,BID,LONG,0.5
CRML,2026-06-26 19:44:13.413622+00:00,PUT,9.5,2026-07-17,28666,273,2596,6,9.335,REPEATEDHITS,True,False,False,0,3886,666196617.0,21,BID,LONG,0.5
CRML,2026-06-26 16:35:59.452359+00:00,CALL,9.5,2026-07-17,89930,1058,2082,15,9.445,REPEATEDHITS,False,False,False,0,89930,666196617.0,21,BID,SHORT,0.5
CRML,2026-06-18 19:01:49.648706+00:00,PUT,11.5,2026-06-26,41250,250,280,97,10.05,REPEATEDHITS,False,False,False,12375,24750,666196617.0,8,BID,LONG,0.5
CRML,2026-06-18 17:23:47.705398+00:00,CALL,10.5,2026-07-24,15226,145,151,59,10.02,REPEATEDHITSDESCENDINGFILL,False,False,False,0,15226,666196617.0,36,BID,SHORT,0.5
CRML,2026-06-17 16:10:55.074223+00:00,CALL,11.0,2026-07-10,90355,1063,1063,154,10.46,REPEATEDHITS,False,False,False,850,89505,666196617.0,23,BID,SHORT,0.5
CRML,2026-06-15 14:59:58.835346+00:00,PUT,9.0,2026-07-31,25460,268,268,0,10.3,REPEATEDHITS,False,False,False,95,25365,666196617.0,46,BID,LONG,0.5
CRML,2026-06-12 15:44:14.786733+00:00,CALL,11.0,2026-06-26,116620,3332,3335,168,9.65,REPEATEDHITS,False,False,False,0,116620,666196617.0,14,BID,SHORT,0.5
CRML,2026-06-12 14:43:51.078892+00:00,CALL,10.0,2026-06-26,150525,2007,2019,277,9.81,REPEATEDHITS,False,False,False,225,150300,666196617.0,14,BID,SHORT,0.5
CRML,2026-06-05 18:07:36.991394+00:00,CALL,10.0,2026-06-12,35154,703,763,294,9.78,REPEATEDHITS,False,False,False,0,35154,666196617.0,7,BID,SHORT,0.5
CRML,2026-06-05 15:19:55.077799+00:00,CALL,12.5,2026-07-17,162641,2323,2893,1603,10.0,REPEATEDHITSASCENDINGFILL,False,False,False,6160,156481,666196617.0,42,BID,SHORT,0.5
CRML,2026-06-05 13:39:14.108176+00:00,CALL,17.5,2026-07-17,20700,827,830,474,10.3301,REPEATEDHITSASCENDINGFILL,False,False,False,0,20700,666196617.0,42,BID,SHORT,0.5
CRML,2026-06-04 14:11:42.657254+00:00,CALL,12.0,2026-06-12,36120,903,921,878,10.7711,REPEATEDHITS,False,False,False,40,35960,666196617.0,8,BID,SHORT,0.5
CRML,2026-06-02 13:35:29.222913+00:00,CALL,16.0,2026-07-02,156780,2412,2413,11,12.38,REPEATEDHITS,False,False,False,1365,155415,666196617.0,30,BID,SHORT,0.5
CRML,2026-06-01 14:32:50.287282+00:00,CALL,17.5,2026-06-26,10000,250,250,1,11.85,REPEATEDHITS,False,False,False,10000,0,666196617.0,25,ASK,LONG,1.0
CRML,2026-05-29 19:12:56.373724+00:00,PUT,11.5,2026-06-05,23750,250,990,201,11.1,REPEATEDHITS,False,False,False,0,23750,666196617.0,7,BID,LONG,0.5
CRML,2026-05-29 14:58:48.888483+00:00,CALL,11.5,2026-06-05,149380,2134,2170,508,11.4,REPEATEDHITS,False,False,False,70,149310,666196617.0,7,BID,SHORT,0.5
CRML,2026-05-28 15:14:48.811861+00:00,CALL,20.0,2026-07-17,29700,660,750,241,11.83,REPEATEDHITS,False,False,False,22950,6750,666196617.0,50,ASK,LONG,1.0
CRML,2026-05-27 13:57:09.449330+00:00,CALL,13.0,2026-06-05,111120,2778,2790,1800,11.21,REPEATEDHITS,False,False,False,0,111120,666196617.0,9,BID,SHORT,0.5
CRML,2026-05-26 19:55:48.766115+00:00,CALL,13.0,2026-05-29,35993,1200,2540,784,11.775,REPEATEDHITSDESCENDINGFILL,False,False,False,35993,0,666196617.0,3,ASK,LONG,1.0
CRML,2026-05-26 18:28:05.710968+00:00,CALL,17.0,2026-06-18,12000,300,301,0,11.98,REPEATEDHITS,True,False,False,12000,0,666196617.0,23,ASK,LONG,1.0
CRML,2026-05-26 14:16:57.002078+00:00,CALL,14.5,2026-06-18,27445,499,573,37,11.5293,REPEATEDHITS,False,False,False,27445,0,666196617.0,23,ASK,LONG,1.0
CRWV,2026-07-22 15:15:31.385752+00:00,PUT,62.0,2026-08-21,135740,617,619,32,84.05,REPEATEDHITS,True,False,False,0,135740,35617934066.0,30,BID,LONG,0.5
CRWV,2026-07-21 19:44:44.466702+00:00,CALL,100.0,2026-08-14,289000,1000,1378,867,78.38,REPEATEDHITS,False,False,False,289000,0,35617934066.0,24,ASK,LONG,1.0
CRWV,2026-07-21 18:33:05.770650+00:00,CALL,87.5,2026-11-20,1299295,872,1762,195,78.835,REPEATEDHITSASCENDINGFILL,False,False,False,1495,1296305,35617934066.0,122,BID,SHORT,0.5
CRWV,2026-07-21 17:43:36.037928+00:00,CALL,87.5,2026-11-20,325995,211,886,195,79.765,REPEATEDHITS,False,False,False,1545,324450,35617934066.0,122,BID,SHORT,0.5
CRWV,2026-07-21 17:28:09.173443+00:00,PUT,81.0,2026-08-21,10750,10,42,0,79.85,REPEATEDHITS,False,False,False,0,10750,35617934066.0,31,BID,LONG,0.5
CRWV,2026-07-21 15:08:59.092265+00:00,CALL,87.5,2026-11-20,975997,673,675,195,77.8,REPEATEDHITSASCENDINGFILL,True,False,False,1455,973092,35617934066.0,122,BID,SHORT,0.5
CRWV,2026-07-21 14:17:26.516474+00:00,PUT,71.0,2026-07-31,514772,1560,1569,55,76.37,REPEATEDHITSDESCENDINGFILL,False,False,False,513472,1300,35617934066.0,10,ASK,SHORT,1.0
CRWV,2026-07-20 19:14:06.265003+00:00,CALL,71.0,2026-08-07,16950,20,20,0,73.46,REPEATEDHITSASCENDINGFILL,False,False,False,16950,0,35617934066.0,18,ASK,LONG,1.0
CRWV,2026-07-20 17:30:29.343137+00:00,PUT,62.0,2026-07-24,28446,862,1020,531,74.54,REPEATEDHITS,False,False,False,28446,0,35617934066.0,4,ASK,SHORT,1.0
CRWV,2026-07-20 16:49:25.883247+00:00,CALL,73.0,2026-07-31,597996,913,973,158,74.755,REPEATEDHITS,False,False,False,565246,32750,35617934066.0,11,ASK,LONG,1.0
CRWV,2026-07-20 14:28:05.856948+00:00,PUT,62.0,2026-07-31,165795,1658,2923,38,77.22,REPEATEDHITSDESCENDINGFILL,False,False,False,165699,96,35617934066.0,11,ASK,SHORT,1.0
CRWV,2026-07-20 13:46:11.276245+00:00,PUT,62.0,2026-07-31,101493,1253,1256,38,78.8301,REPEATEDHITS,False,False,False,101493,0,35617934066.0,11,ASK,SHORT,1.0
CRWV,2026-07-20 13:32:10.867851+00:00,PUT,67.0,2026-08-21,241254,473,475,0,76.935,REPEATEDHITSDESCENDINGFILL,True,False,False,56610,184644,35617934066.0,32,BID,LONG,0.5
CRWV,2026-07-20 13:32:10.867851+00:00,PUT,63.0,2026-08-21,21005,56,83,0,76.935,REPEATEDHITS,True,False,False,7125,13880,35617934066.0,32,BID,LONG,0.5
CRWV,2026-07-17 19:09:41.693207+00:00,CALL,195.0,2026-09-18,134944,3214,3218,2388,73.135,REPEATEDHITSDESCENDINGFILL,True,False,False,131880,1804,35617934066.0,63,ASK,LONG,1.0
CRWV,2026-07-17 19:03:52.238766+00:00,CALL,210.0,2026-09-18,47312,1578,1583,738,73.66,REPEATEDHITSDESCENDINGFILL,True,False,False,39574,0,35617934066.0,63,ASK,LONG,1.0
CRWV,2026-07-17 19:03:08.165883+00:00,CALL,110.0,2026-10-16,1159781,2148,2175,1124,73.75,REPEATEDHITSDESCENDINGFILL,True,False,False,317993,811008,35617934066.0,91,BID,SHORT,0.5
CRWV,2026-07-17 18:21:38.845540+00:00,CALL,80.0,2026-07-31,1001300,2945,9820,1068,73.32,REPEATEDHITS,True,False,False,0,1001300,35617934066.0,14,BID,SHORT,0.5
CRWV,2026-07-17 18:19:43.849670+00:00,PUT,72.0,2026-07-31,31355,62,169,0,73.445,REPEATEDHITS,True,False,False,26765,4590,35617934066.0,14,ASK,SHORT,1.0
CRWV,2026-07-17 18:13:06.930609+00:00,CALL,115.0,2026-12-18,668281,823,850,772,73.715,REPEATEDHITSDESCENDINGFILL,False,False,False,0,668281,35617934066.0,154,BID,SHORT,0.5
CRWV,2026-07-17 15:59:12.689055+00:00,PUT,66.0,2026-07-31,18782,81,89,0,74.28,REPEATEDHITSASCENDINGFILL,True,False,False,235,18547,35617934066.0,14,BID,LONG,0.5
CRWV,2026-07-17 14:30:00.017107+00:00,CALL,71.0,2026-07-17,49082,253,949,204,72.395,REPEATEDHITS,False,False,False,49082,0,35617934066.0,0,ASK,LONG,1.0
CRWV,2026-07-17 14:26:10.776983+00:00,CALL,74.0,2026-07-31,93555,189,191,0,72.13,REPEATEDHITS,True,False,False,0,93555,35617934066.0,14,BID,SHORT,0.5
CRWV,2026-07-17 13:54:37.335258+00:00,CALL,92.5,2027-01-15,527335,427,428,371,70.34,REPEATEDHITSDESCENDINGFILL,False,False,False,527335,0,35617934066.0,182,ASK,LONG,1.0
CRWV,2026-07-17 13:53:40.782074+00:00,CALL,90.0,2026-09-18,2116974,3781,5610,2384,70.16,REPEATEDHITSDESCENDINGFILL,True,False,False,2065454,10640,35617934066.0,63,ASK,LONG,1.0
CRWV,2026-07-17 13:52:49.062750+00:00,CALL,70.0,2026-07-17,76727,679,1239,354,70.04,REPEATEDHITS,False,False,False,76727,0,35617934066.0,0,ASK,LONG,1.0
CRWV,2026-07-16 19:25:59.811848+00:00,CALL,78.0,2026-07-24,56316,247,597,167,73.34,REPEATEDHITS,False,False,False,56316,0,35617934066.0,8,ASK,LONG,1.0
CRWV,2026-07-16 19:09:29.335187+00:00,CALL,75.0,2026-08-21,482205,554,2216,457,73.25,REPEATEDHITSASCENDINGFILL,True,False,False,37625,444580,35617934066.0,36,BID,SHORT,0.5
CRWV,2026-07-16 16:05:12.752846+00:00,PUT,37.5,2027-06-17,149340,262,1121,96,72.565,REPEATEDHITS,True,False,False,149340,0,35617934066.0,336,ASK,SHORT,1.0
CRWV,2026-07-16 16:05:09.748203+00:00,PUT,37.5,2027-06-17,475689,835,857,96,72.565,REPEATEDHITSDESCENDINGFILL,True,False,False,474569,1120,35617934066.0,336,ASK,SHORT,1.0
CRWV,2026-07-16 15:56:16.957476+00:00,PUT,55.0,2026-07-31,24440,470,665,346,72.58,REPEATEDHITS,False,False,False,24440,0,35617934066.0,15,ASK,SHORT,1.0
CRWV,2026-07-16 15:56:04.545337+00:00,PUT,40.0,2027-06-17,2599946,4000,4003,291,72.77,REPEATEDHITSASCENDINGFILL,False,False,False,2599946,0,35617934066.0,336,ASK,SHORT,1.0
CRWV,2026-07-16 15:48:17.963710+00:00,PUT,69.0,2026-07-24,141350,589,747,304,72.51,REPEATEDHITSDESCENDINGFILL,False,False,False,141113,237,35617934066.0,8,ASK,SHORT,1.0
CRWV,2026-07-16 15:15:30.582549+00:00,CALL,70.0,2026-07-24,58500,100,130,41,73.22,REPEATEDHITS,True,False,False,29250,29250,35617934066.0,8,MIXED,,0.0
CRWV,2026-07-16 14:27:46.254572+00:00,CALL,74.0,2026-07-17,122130,690,1517,192,74.02,REPEATEDHITS,False,False,False,177,121953,35617934066.0,1,BID,SHORT,0.5
CRWV,2026-07-16 14:07:20.370980+00:00,CALL,75.0,2026-07-17,134096,882,1911,462,74.19,REPEATEDHITS,False,False,False,4896,129200,35617934066.0,1,BID,SHORT,0.5
CRWV,2026-07-16 13:59:52.830806+00:00,CALL,71.0,2026-07-17,34000,100,100,44,73.5386,REPEATEDHITS,False,False,False,0,34000,35617934066.0,1,BID,SHORT,0.5
CRWV,2026-07-16 13:58:12.024976+00:00,CALL,77.5,2026-07-17,51507,873,1196,825,73.23,REPEATEDHITS,False,False,False,51507,0,35617934066.0,1,ASK,LONG,1.0
CRWV,2026-07-16 13:58:12.024976+00:00,CALL,74.0,2026-07-17,53298,329,610,192,73.23,REPEATEDHITS,False,False,False,53298,0,35617934066.0,1,ASK,LONG,1.0
CRWV,2026-07-15 19:56:02.911137+00:00,CALL,80.0,2026-07-24,93870,298,2595,277,76.9124,REPEATEDHITS,False,False,False,89145,0,35617934066.0,9,ASK,LONG,1.0
CRWV,2026-07-15 19:23:45.017516+00:00,CALL,76.0,2026-07-17,150640,560,2614,102,76.7999,REPEATEDHITS,False,False,False,150640,0,35617934066.0,2,ASK,LONG,1.0
CRWV,2026-07-15 18:04:25.517290+00:00,CALL,97.5,2026-08-21,592500,1500,1569,412,78.14,FLOORTRADELARGECAP,False,True,False,0,592500,35617934066.0,37,BID,SHORT,0.5
CRWV,2026-07-15 18:02:55.388494+00:00,CALL,79.0,2026-07-17,76383,382,3519,272,78.15,REPEATEDHITSDESCENDINGFILL,False,False,False,0,69983,35617934066.0,2,BID,SHORT,0.5
CRWV,2026-07-15 16:39:50.950283+00:00,CALL,74.0,2026-07-24,11760,24,24,0,74.975,REPEATEDHITS,True,False,False,0,3920,35617934066.0,9,BID,SHORT,0.5
CRWV,2026-07-15 15:47:07.000179+00:00,CALL,76.0,2026-07-17,268731,999,1111,102,76.74,REPEATEDHITS,False,False,False,268731,0,35617934066.0,2,ASK,LONG,1.0
CRWV,2026-07-15 14:30:36.687526+00:00,CALL,77.0,2026-07-24,516450,1054,1064,15,77.5199,REPEATEDHITSDESCENDINGFILL,False,False,False,516450,0,35617934066.0,9,ASK,LONG,1.0
CRWV,2026-07-15 13:43:58.338898+00:00,CALL,80.0,2026-08-07,777000,1000,1000,231,79.68,FLOORTRADELARGECAP,False,True,True,0,777000,35617934066.0,23,BID,SHORT,0.5
CRWV,2026-07-14 19:19:31.173200+00:00,CALL,79.0,2026-07-17,10805,30,797,3,80.33,REPEATEDHITS,False,False,False,0,10805,35617934066.0,3,BID,SHORT,0.5
CRWV,2026-07-14 18:29:04.799944+00:00,PUT,70.0,2027-09-17,298900,140,540,50,79.7799,REPEATEDHITS,False,False,False,286090,12810,35617934066.0,430,ASK,SHORT,1.0
CRWV,2026-07-14 18:28:58.386232+00:00,PUT,70.0,2027-09-17,117425,55,320,50,79.77,REPEATEDHITS,False,False,False,0,117425,35617934066.0,430,BID,LONG,0.5
CVNA,2026-07-22 14:39:16.710824+00:00,CALL,64.5,2026-08-07,13955,30,30,2,63.1,REPEATEDHITS,False,False,False,0,13955,46974192288.0,16,BID,SHORT,0.5
CVNA,2026-07-22 14:00:48.549674+00:00,CALL,65.5,2026-07-31,17940,46,46,8,63.56,REPEATEDHITS,False,False,False,17940,0,46974192288.0,9,ASK,LONG,1.0
CVNA,2026-07-22 13:55:31.703178+00:00,CALL,63.5,2026-07-31,13650,30,46,9,63.155,REPEATEDHITS,True,False,False,2730,10920,46974192288.0,9,BID,SHORT,0.5
CVNA,2026-07-21 14:31:08.230303+00:00,PUT,68.0,2026-08-14,24150,30,30,25,64.4,REPEATEDHITS,True,False,False,0,24150,46974192288.0,24,BID,LONG,0.5
CVNA,2026-07-20 19:02:34.188011+00:00,CALL,66.0,2026-09-18,269690,362,676,154,64.21,REPEATEDHITS,False,False,False,269690,0,46974192288.0,60,ASK,LONG,1.0
CVNA,2026-07-20 18:35:09.854128+00:00,CALL,65.0,2026-09-18,430675,535,734,97,64.46,REPEATEDHITS,True,False,False,415380,0,46974192288.0,60,ASK,LONG,1.0
CVNA,2026-07-20 18:04:05.157561+00:00,PUT,69.0,2026-08-07,42930,54,62,49,64.81,REPEATEDHITS,True,False,False,795,42135,46974192288.0,18,BID,LONG,0.5
CVNA,2026-07-20 15:37:09.488715+00:00,PUT,63.5,2026-07-31,19475,41,43,27,64.06,REPEATEDHITS,False,False,False,19475,0,46974192288.0,11,ASK,SHORT,1.0
CVNA,2026-07-20 13:33:37.659406+00:00,CALL,67.0,2026-07-24,27353,119,119,97,66.955,REPEATEDHITSDESCENDINGFILL,True,False,False,458,26895,46974192288.0,4,BID,SHORT,0.5
CVNA,2026-07-16 19:38:45.244772+00:00,PUT,65.0,2026-11-20,702913,781,787,148,70.11,REPEATEDHITSASCENDINGFILL,False,False,False,0,702913,46974192288.0,127,BID,LONG,0.5
CVNA,2026-07-14 19:20:25.023924+00:00,CALL,95.0,2026-09-18,113226,501,715,303,71.13,REPEATEDHITS,False,False,False,113226,0,46974192288.0,66,ASK,LONG,1.0
CVNA,2026-07-14 16:42:54.646792+00:00,PUT,36.0,2026-09-18,24500,490,492,412,68.34,REPEATEDHITS,False,False,False,0,24500,46974192288.0,66,BID,LONG,0.5
CVNA,2026-07-14 14:04:42.255664+00:00,CALL,104.0,2026-08-21,16410,547,547,208,66.57,REPEATEDHITS,False,False,False,0,16410,46974192288.0,38,BID,SHORT,0.5
CVNA,2026-07-13 17:52:55.311378+00:00,CALL,70.0,2026-07-24,111000,1000,2045,430,64.45,REPEATEDHITS,True,False,False,1110,109890,46974192288.0,11,BID,SHORT,0.5
CVNA,2026-07-13 17:52:35.076423+00:00,CALL,70.0,2026-07-24,111942,1000,1045,430,64.57,REPEATEDHITSDESCENDINGFILL,False,False,False,0,111942,46974192288.0,11,BID,SHORT,0.5
CVNA,2026-07-13 14:21:04.366996+00:00,CALL,98.0,2026-08-21,57145,1039,1039,810,66.29,REPEATEDHITS,False,False,False,0,57145,46974192288.0,39,BID,SHORT,0.5
CVNA,2026-07-10 19:43:30.111806+00:00,CALL,70.0,2027-03-19,147076,100,400,68,66.345,REPEATEDHITSDESCENDINGFILL,False,False,False,0,147076,46974192288.0,252,BID,SHORT,0.5
CVNA,2026-07-10 19:43:04.085831+00:00,CALL,70.0,2027-03-19,147192,100,300,68,66.33,REPEATEDHITSDESCENDINGFILL,False,False,False,0,125067,46974192288.0,252,BID,SHORT,0.5
CVNA,2026-07-10 15:42:50.629982+00:00,PUT,56.0,2026-07-24,15455,281,284,122,66.69,REPEATEDHITS,False,False,False,0,15455,46974192288.0,14,BID,LONG,0.5
CVNA,2026-07-09 14:35:23.253471+00:00,CALL,68.0,2026-08-28,32760,39,46,0,68.17,REPEATEDHITS,False,False,False,28560,4200,46974192288.0,50,ASK,LONG,1.0
CVNA,2026-07-09 14:25:32.139408+00:00,CALL,75.0,2026-08-28,18300,35,210,0,67.455,REPEATEDHITSASCENDINGFILL,True,False,False,10500,7800,46974192288.0,50,ASK,LONG,1.0
CVNA,2026-07-08 18:25:50.716059+00:00,PUT,53.0,2026-07-24,16082,240,245,50,65.58,REPEATEDHITSASCENDINGFILL,False,False,False,136,15946,46974192288.0,16,BID,LONG,0.5
CVNA,2026-07-08 17:11:47.780267+00:00,CALL,66.5,2026-07-17,33090,123,147,101,65.32,REPEATEDHITSASCENDINGFILL,False,False,False,271,32819,46974192288.0,9,BID,SHORT,0.5
CVNA,2026-07-08 15:43:08.743606+00:00,PUT,34.0,2026-11-20,136906,889,889,576,64.07,REPEATEDHITS,True,False,False,114884,16170,46974192288.0,135,ASK,SHORT,1.0
CVNA,2026-07-08 13:41:57.252889+00:00,PUT,45.0,2026-09-18,197100,1095,1095,645,66.32,REPEATEDHITS,False,False,False,197100,0,46974192288.0,72,ASK,SHORT,1.0
CVNA,2026-07-07 19:34:29.827214+00:00,PUT,64.5,2026-07-10,87885,651,691,299,66.11,REPEATEDHITS,False,False,False,87885,0,46974192288.0,3,ASK,SHORT,1.0
CVNA,2026-07-07 19:30:54.877643+00:00,PUT,65.5,2026-07-17,124000,400,414,126,66.41,REPEATEDHITS,True,False,False,124000,0,46974192288.0,10,ASK,SHORT,1.0
CVNA,2026-07-07 19:30:29.987212+00:00,PUT,44.0,2026-09-18,584378,3922,14434,3545,66.27,REPEATEDHITS,False,False,False,584378,0,46974192288.0,73,ASK,SHORT,1.0
CVNA,2026-07-07 19:26:06.763171+00:00,PUT,45.0,2026-08-21,55196,575,575,277,67.27,REPEATEDHITS,False,False,False,55196,0,46974192288.0,45,ASK,SHORT,1.0
CVNA,2026-07-07 18:04:34.039779+00:00,PUT,71.0,2026-07-17,67150,170,187,68,69.735,REPEATEDHITS,False,False,False,0,67150,46974192288.0,10,BID,LONG,0.5
CVNA,2026-07-06 19:21:45.196185+00:00,CALL,73.0,2026-07-17,11270,46,2108,45,70.34,REPEATEDHITS,False,False,False,11270,0,46974192288.0,11,ASK,LONG,1.0
CVNA,2026-07-06 19:08:30.149478+00:00,CALL,73.0,2026-07-17,85416,338,1176,45,70.51,REPEATEDHITSASCENDINGFILL,False,False,False,10373,75043,46974192288.0,11,BID,SHORT,0.5
CVNA,2026-07-06 19:08:26.744509+00:00,CALL,73.0,2026-07-17,47918,194,586,45,70.415,REPEATEDHITS,True,False,False,11609,24700,46974192288.0,11,BID,SHORT,0.5
CVNA,2026-07-06 19:08:26.744509+00:00,CALL,73.0,2026-07-17,60500,242,828,45,70.465,REPEATEDHITS,True,False,False,31750,28750,46974192288.0,11,ASK,LONG,1.0
CVNA,2026-07-06 19:08:00.503110+00:00,CALL,73.0,2026-07-17,18446,74,94,45,70.48,REPEATEDHITSASCENDINGFILL,False,False,False,1265,17181,46974192288.0,11,BID,SHORT,0.5
CVNA,2026-07-06 19:08:00.503110+00:00,CALL,73.0,2026-07-17,70280,280,374,45,70.5,REPEATEDHITS,True,False,False,31626,13554,46974192288.0,11,ASK,LONG,1.0
CVNA,2026-07-06 17:07:10.929073+00:00,CALL,75.0,2026-07-24,28795,103,138,47,70.4795,REPEATEDHITS,False,False,False,24640,4155,46974192288.0,18,ASK,LONG,1.0
CVNA,2026-07-06 16:32:09.714165+00:00,CALL,73.0,2026-07-24,30373,81,2094,22,70.4799,REPEATEDHITSDESCENDINGFILL,True,False,False,23623,3375,46974192288.0,18,ASK,LONG,1.0
CVNA,2026-07-06 16:08:47.078025+00:00,CALL,67.5,2026-07-24,21875,35,35,0,70.59,REPEATEDHITS,False,False,False,625,21250,46974192288.0,18,BID,SHORT,0.5
CVNA,2026-07-06 16:06:50.522291+00:00,PUT,62.0,2026-09-18,571387,1078,1081,436,70.41,REPEATEDHITSASCENDINGFILL,False,False,False,0,571387,46974192288.0,74,BID,LONG,0.5
CVNA,2026-07-06 15:42:11.282373+00:00,PUT,68.5,2026-07-17,26344,89,150,9,69.55,REPEATEDHITS,False,False,False,0,26344,46974192288.0,11,BID,LONG,0.5
CVNA,2026-07-06 14:56:22.101926+00:00,PUT,55.0,2026-09-18,429538,1245,1245,334,68.83,REPEATEDHITSASCENDINGFILL,False,False,False,0,429538,46974192288.0,74,BID,LONG,0.5
CVNA,2026-07-01 19:22:14.076877+00:00,PUT,66.0,2026-07-10,19983,111,156,52,68.505,REPEATEDHITS,False,False,False,0,19440,46974192288.0,9,BID,LONG,0.5
CVNA,2026-07-01 19:09:11.138465+00:00,PUT,69.0,2026-07-02,12506,74,380,73,68.045,REPEATEDHITS,True,False,False,0,12506,46974192288.0,1,BID,LONG,0.5
CVNA,2026-07-01 18:56:54.847598+00:00,CALL,67.0,2026-07-24,26320,47,47,24,68.25,REPEATEDHITS,False,False,False,0,26320,46974192288.0,23,BID,SHORT,0.5
CVNA,2026-07-01 16:52:53.653553+00:00,CALL,70.5,2026-07-02,12500,100,229,72,70.455,REPEATEDHITS,False,False,False,0,12500,46974192288.0,1,BID,SHORT,0.5
CVNA,2026-07-01 16:36:47.342987+00:00,PUT,70.0,2026-07-02,40850,430,769,244,70.67,REPEATEDHITS,False,False,False,0,40850,46974192288.0,1,BID,LONG,0.5
CVNA,2026-07-01 15:21:53.821437+00:00,PUT,68.0,2026-07-02,25988,356,452,212,69.48,REPEATEDHITS,False,False,False,0,25988,46974192288.0,1,BID,LONG,0.5
CVNA,2026-06-30 19:20:04.459139+00:00,CALL,66.0,2026-07-10,52796,197,224,141,65.22,REPEATEDHITS,False,False,False,0,52796,46974192288.0,10,BID,SHORT,0.5
CVNA,2026-06-30 15:11:14.276605+00:00,PUT,61.0,2026-07-17,13330,43,131,13,62.63,REPEATEDHITS,True,False,False,0,13330,46974192288.0,17,BID,LONG,0.5
CVX,2026-07-22 15:39:34.209412+00:00,PUT,187.5,2026-08-21,184258,405,429,11,192.305,REPEATEDHITSDESCENDINGFILL,True,False,False,184258,0,380534578653.0,30,ASK,SHORT,1.0
CVX,2026-07-21 18:30:49.600822+00:00,CALL,205.0,2026-08-21,88275,535,17357,407,190.05,REPEATEDHITS,False,False,False,0,88275,380534578653.0,31,BID,SHORT,0.5
CVX,2026-07-21 18:22:37.151088+00:00,CALL,205.0,2026-08-21,73398,479,14941,407,189.78,REPEATEDHITSASCENDINGFILL,False,False,False,8641,64757,380534578653.0,31,BID,SHORT,0.5
CVX,2026-07-21 18:22:09.520239+00:00,PUT,187.5,2026-07-24,126429,1139,1459,212,189.905,REPEATEDHITS,False,False,False,126429,0,380534578653.0,3,ASK,SHORT,1.0
CVX,2026-07-21 18:20:24.981801+00:00,CALL,205.0,2026-08-21,76050,450,14118,407,189.99,REPEATEDHITS,True,False,False,0,17576,380534578653.0,31,BID,SHORT,0.5
CVX,2026-07-21 17:55:47.537170+00:00,CALL,205.0,2026-08-21,78300,450,6749,407,190.02,REPEATEDHITS,True,False,False,0,16008,380534578653.0,31,BID,SHORT,0.5
CVX,2026-07-21 17:45:13.546789+00:00,CALL,205.0,2026-08-21,81220,450,2752,407,190.04,REPEATEDHITSDESCENDINGFILL,True,False,False,0,81220,380534578653.0,31,BID,SHORT,0.5
CVX,2026-07-21 14:38:45.281110+00:00,PUT,195.0,2026-08-14,293174,337,337,13,190.13,REPEATEDHITSDESCENDINGFILL,False,False,False,293174,0,380534578653.0,24,ASK,SHORT,1.0
CVX,2026-07-20 19:24:20.786648+00:00,PUT,190.0,2026-07-31,160984,350,372,195,189.77,REPEATEDHITSDESCENDINGFILL,False,False,False,160984,0,380534578653.0,11,ASK,SHORT,1.0
CVX,2026-07-20 16:27:27.358803+00:00,CALL,200.0,2026-08-07,173554,811,1112,232,189.66,REPEATEDHITS,False,False,False,173554,0,380534578653.0,18,ASK,LONG,1.0
CVX,2026-07-20 14:45:38.731020+00:00,PUT,180.0,2026-07-31,97243,748,864,609,189.15,REPEATEDHITS,False,False,False,393,96850,380534578653.0,11,BID,LONG,0.5
CVX,2026-07-17 19:55:49.220063+00:00,PUT,185.0,2026-07-24,63526,340,693,12,187.37,REPEATEDHITS,False,False,False,58905,4621,380534578653.0,7,ASK,SHORT,1.0
CVX,2026-07-17 17:41:27.075626+00:00,CALL,200.0,2026-07-24,219789,10000,10079,156,186.73,SWEEPSFOLLOWEDBYFLOOR,True,True,False,20953,198836,380534578653.0,7,BID,SHORT,0.5
CVX,2026-07-17 15:29:36.794077+00:00,PUT,190.0,2026-07-31,153925,235,265,1,186.41,REPEATEDHITS,False,False,False,153925,0,380534578653.0,14,ASK,SHORT,1.0
CVX,2026-07-17 15:00:35.122634+00:00,PUT,185.0,2026-07-24,56752,259,293,12,186.14,REPEATEDHITS,False,False,False,6380,50152,380534578653.0,7,BID,LONG,0.5
CVX,2026-07-16 19:00:21.734426+00:00,PUT,185.0,2026-08-14,158130,251,263,7,184.085,REPEATEDHITS,False,False,False,158130,0,380534578653.0,29,ASK,SHORT,1.0
CVX,2026-07-15 18:36:52.212151+00:00,CALL,182.5,2026-07-24,184320,768,1075,670,180.75,REPEATEDHITS,False,False,False,0,184320,380534578653.0,9,BID,SHORT,0.5
CVX,2026-07-15 14:42:10.774922+00:00,CALL,180.0,2026-07-24,400356,1348,1406,994,179.535,REPEATEDHITS,False,False,False,400059,297,380534578653.0,9,ASK,LONG,1.0
CVX,2026-07-15 14:15:31.574278+00:00,CALL,185.0,2026-10-16,226440,296,297,104,180.168,REPEATEDHITS,False,False,False,226440,0,380534578653.0,93,ASK,LONG,1.0
CVX,2026-07-14 19:40:03.728250+00:00,CALL,190.0,2026-10-16,54940,82,97,64,182.275,REPEATEDHITS,True,False,False,54940,0,380534578653.0,94,ASK,LONG,1.0
CVX,2026-07-14 17:40:56.533922+00:00,CALL,187.5,2026-07-31,72078,293,293,16,181.335,REPEATEDHITS,False,False,False,72078,0,380534578653.0,17,ASK,LONG,1.0
CVX,2026-07-14 15:00:16.844482+00:00,CALL,190.0,2026-07-24,126592,1472,1572,445,181.3199,REPEATEDHITS,False,False,False,0,126592,380534578653.0,10,BID,SHORT,0.5
CVX,2026-07-14 14:31:55.024902+00:00,PUT,180.0,2026-10-16,1067121,1199,1204,35,182.18,REPEATEDHITSASCENDINGFILL,False,False,False,890,1066231,380534578653.0,94,BID,LONG,0.5
CVX,2026-07-13 18:14:58.836005+00:00,CALL,210.0,2026-10-16,315210,1330,1342,23,181.57,REPEATEDHITS,False,False,False,315210,0,380534578653.0,95,ASK,LONG,1.0
CVX,2026-07-13 15:50:09.253681+00:00,CALL,187.5,2026-07-24,55994,454,472,112,180.28,REPEATEDHITS,False,False,False,24000,31994,380534578653.0,11,BID,SHORT,0.5
CVX,2026-07-13 15:48:30.526771+00:00,PUT,180.0,2026-07-31,269695,613,615,37,180.42,REPEATEDHITSASCENDINGFILL,False,False,False,269695,0,380534578653.0,18,ASK,SHORT,1.0
CVX,2026-07-09 19:39:25.001319+00:00,PUT,175.0,2026-08-07,241110,423,424,16,174.0424,REPEATEDHITS,False,False,False,240540,570,380534578653.0,29,ASK,SHORT,1.0
CVX,2026-07-09 14:28:56.831880+00:00,CALL,175.0,2026-07-10,167791,1410,1488,1142,174.73,REPEATEDHITS,False,False,False,715,167076,380534578653.0,1,BID,SHORT,0.5
CVX,2026-07-08 13:37:42.206669+00:00,PUT,167.5,2026-07-17,139934,2257,2259,1046,175.99,REPEATEDHITS,False,False,False,0,139934,380534578653.0,9,BID,LONG,0.5
CVX,2026-07-01 16:12:01.606875+00:00,CALL,165.0,2026-08-21,191259,250,318,200,166.515,REPEATEDHITS,True,False,False,0,191259,380534578653.0,51,BID,SHORT,0.5
CVX,2026-07-01 16:02:53.146397+00:00,CALL,165.0,2026-07-10,144540,396,415,113,166.649,REPEATEDHITS,False,False,False,143810,365,380534578653.0,9,ASK,LONG,1.0
CVX,2026-06-30 19:08:16.510163+00:00,CALL,170.0,2026-07-17,219647,858,1040,693,166.835,REPEATEDHITS,False,False,False,219136,511,380534578653.0,17,ASK,LONG,1.0
CVX,2026-06-30 14:52:51.673572+00:00,CALL,167.5,2026-07-10,106445,349,353,68,167.5443,REPEATEDHITS,False,False,False,106445,0,380534578653.0,10,ASK,LONG,1.0
CVX,2026-06-29 19:05:23.004389+00:00,CALL,175.0,2026-08-21,1657431,3482,4132,556,169.73,REPEATEDHITSDESCENDINGFILL,False,False,False,348806,153900,380534578653.0,53,ASK,LONG,1.0
CVX,2026-06-25 17:32:51.856866+00:00,PUT,170.0,2026-07-10,77910,294,366,125,171.44,REPEATEDHITS,False,False,False,0,77910,380534578653.0,15,BID,LONG,0.5
CVX,2026-06-25 14:20:54.869390+00:00,CALL,172.5,2026-07-10,60125,185,235,89,171.47,REPEATEDHITS,False,False,False,0,60125,380534578653.0,15,BID,SHORT,0.5
CVX,2026-06-24 14:25:32.721658+00:00,CALL,170.0,2026-08-21,979460,1139,1162,155,171.67,REPEATEDHITSDESCENDINGFILL,False,False,False,979460,0,380534578653.0,58,ASK,LONG,1.0
CVX,2026-06-23 18:55:18.327016+00:00,CALL,180.0,2026-07-24,73075,185,205,92,176.01,REPEATEDHITS,False,False,False,0,73075,380534578653.0,31,BID,SHORT,0.5
CVX,2026-06-23 17:21:37.007122+00:00,CALL,177.5,2026-07-17,65025,153,186,70,176.115,REPEATEDHITS,False,False,False,0,65025,380534578653.0,24,BID,SHORT,0.5
CVX,2026-06-23 15:52:21.733132+00:00,CALL,182.5,2026-07-02,88804,897,903,71,175.95,REPEATEDHITS,False,False,False,0,88804,380534578653.0,9,BID,SHORT,0.5
CVX,2026-06-23 15:35:36.473734+00:00,CALL,165.0,2026-07-31,61875,45,45,0,175.71,REPEATEDHITS,False,False,False,0,61875,380534578653.0,38,BID,SHORT,0.5
CVX,2026-06-22 14:26:46.932681+00:00,CALL,175.0,2026-07-02,57936,204,249,109,173.58,REPEATEDHITS,False,False,False,0,57936,380534578653.0,10,BID,SHORT,0.5
CVX,2026-06-22 13:33:22.549207+00:00,CALL,170.0,2026-07-31,63014,67,68,4,174.7475,REPEATEDHITS,True,False,False,37769,25245,380534578653.0,39,ASK,LONG,1.0
CVX,2026-06-17 13:42:53.523996+00:00,CALL,185.0,2026-07-10,108000,450,450,60,178.63,REPEATEDHITS,False,False,False,108000,0,380534578653.0,23,ASK,LONG,1.0
CVX,2026-06-16 18:20:54.661882+00:00,PUT,155.0,2027-06-17,163468,190,209,128,179.7001,REPEATEDHITSASCENDINGFILL,False,False,False,0,163468,380534578653.0,366,BID,LONG,0.5
CVX,2026-06-16 15:19:07.829021+00:00,PUT,175.0,2026-07-10,59360,224,229,149,179.535,REPEATEDHITS,False,False,False,59360,0,380534578653.0,24,ASK,SHORT,1.0
CVX,2026-06-15 18:01:03.035851+00:00,CALL,182.5,2026-06-26,118164,458,498,2,180.48,REPEATEDHITS,False,False,False,117390,774,380534578653.0,11,ASK,LONG,1.0
CVX,2026-06-15 15:12:32.586111+00:00,PUT,185.0,2027-03-19,1753904,928,957,250,180.49,REPEATEDHITSDESCENDINGFILL,False,False,False,1753904,0,380534578653.0,277,ASK,SHORT,1.0
CVX,2026-06-15 14:41:22.864673+00:00,PUT,175.0,2026-08-21,566794,929,955,417,180.56,REPEATEDHITSASCENDINGFILL,False,False,False,610,566184,380534578653.0,67,BID,LONG,0.5
CVX,2026-06-11 14:20:19.617382+00:00,CALL,190.0,2026-07-10,54000,75,78,63,190.8445,REPEATEDHITS,False,False,False,54000,0,380534578653.0,29,ASK,LONG,1.0
EEM,2026-07-22 15:30:15.925277+00:00,CALL,65.5,2026-09-18,46575,135,136,74,65.125,REPEATEDHITS,False,False,False,12765,0,29369160880.0,58,ASK,LONG,1.0
EEM,2026-07-22 15:30:15.925277+00:00,CALL,65.5,2026-09-18,67000,197,333,74,65.125,REPEATEDHITSASCENDINGFILL,False,False,False,0,67000,29369160880.0,58,BID,SHORT,0.5
EEM,2026-07-20 14:20:45.145867+00:00,CALL,64.5,2026-08-21,178362,734,750,397,63.735,REPEATEDHITS,True,False,False,178119,243,29369160880.0,32,ASK,LONG,1.0
EEM,2026-07-17 19:28:21.982343+00:00,PUT,63.0,2026-08-07,98800,494,619,19,63.29,REPEATEDHITS,False,False,False,98000,800,29369160880.0,21,ASK,SHORT,1.0
EEM,2026-07-17 17:11:35.295186+00:00,CALL,64.5,2026-08-21,16817,67,338,13,63.84,REPEATEDHITS,True,False,False,0,16817,29369160880.0,35,BID,SHORT,0.5
EEM,2026-07-17 17:00:16.623314+00:00,CALL,64.5,2026-08-21,41452,172,214,13,63.67,REPEATEDHITS,False,False,False,241,41211,29369160880.0,35,BID,SHORT,0.5
EEM,2026-07-17 13:54:37.335258+00:00,CALL,60.0,2026-08-21,66000,150,151,132,62.465,REPEATEDHITS,True,False,False,16280,0,29369160880.0,35,ASK,LONG,1.0
EEM,2026-07-17 13:45:09.821299+00:00,PUT,62.0,2026-07-24,33250,250,253,86,62.07,REPEATEDHITS,False,False,False,33250,0,29369160880.0,7,ASK,SHORT,1.0
EEM,2026-07-16 16:02:23.059595+00:00,PUT,45.0,2026-10-16,31191,843,850,6,64.415,REPEATEDHITS,False,False,False,31191,0,29369160880.0,92,ASK,SHORT,1.0
EEM,2026-07-16 15:09:20.966391+00:00,CALL,64.5,2026-07-17,45812,881,897,621,64.36,REPEATEDHITS,False,False,False,0,45812,29369160880.0,1,BID,SHORT,0.5
EEM,2026-07-14 16:46:19.708871+00:00,PUT,63.5,2026-11-20,58111,153,153,67,65.65,REPEATEDHITSASCENDINGFILL,False,False,False,57736,375,29369160880.0,129,ASK,SHORT,1.0
EEM,2026-07-14 16:08:17.201959+00:00,CALL,68.0,2026-09-30,62400,195,204,27,65.4,REPEATEDHITS,False,False,False,62400,0,29369160880.0,78,ASK,LONG,1.0
EEM,2026-07-13 18:53:04.144753+00:00,CALL,64.5,2026-07-31,46512,204,204,0,64.5701,REPEATEDHITS,False,False,False,46512,0,29369160880.0,18,ASK,LONG,1.0
EEM,2026-07-13 18:31:56.190348+00:00,CALL,65.5,2026-07-31,83248,473,959,99,64.51,REPEATEDHITS,False,False,False,83248,0,29369160880.0,18,ASK,LONG,1.0
EEM,2026-07-13 18:00:41.950753+00:00,CALL,65.5,2026-07-31,85536,486,486,99,64.53,REPEATEDHITS,False,False,False,85536,0,29369160880.0,18,ASK,LONG,1.0
EEM,2026-07-13 17:52:21.457490+00:00,CALL,63.0,2026-07-31,99830,317,317,89,64.52,REPEATEDHITSDESCENDINGFILL,False,False,False,99830,0,29369160880.0,18,ASK,LONG,1.0
EEM,2026-07-13 16:35:54.753607+00:00,PUT,63.5,2026-09-18,12025,37,255,23,64.545,REPEATEDHITS,False,False,False,12025,0,29369160880.0,67,ASK,SHORT,1.0
EEM,2026-07-13 16:35:49.144863+00:00,PUT,63.5,2026-09-18,33280,104,218,23,64.545,REPEATEDHITS,False,False,False,0,31680,29369160880.0,67,BID,LONG,0.5
EEM,2026-07-13 16:24:44.946939+00:00,PUT,64.5,2026-08-21,95140,335,354,209,64.76,REPEATEDHITS,False,False,False,95140,0,29369160880.0,39,ASK,SHORT,1.0
EEM,2026-07-13 13:49:48.831558+00:00,PUT,64.5,2026-07-24,46056,303,317,52,65.03,REPEATEDHITS,True,False,False,0,46056,29369160880.0,11,BID,LONG,0.5
EEM,2026-07-10 19:38:51.546576+00:00,PUT,64.0,2026-08-21,245272,1333,2198,661,66.865,REPEATEDHITS,False,False,False,245272,0,29369160880.0,42,ASK,SHORT,1.0
EEM,2026-07-10 19:32:22.758091+00:00,PUT,64.0,2026-08-21,139629,763,865,661,66.89,REPEATEDHITS,False,False,False,139629,0,29369160880.0,42,ASK,SHORT,1.0
EEM,2026-07-10 14:55:01.457409+00:00,CALL,70.0,2026-08-07,10004,82,296,11,66.715,REPEATEDHITS,False,False,False,10004,0,29369160880.0,28,ASK,LONG,1.0
EEM,2026-07-10 14:54:52.648598+00:00,CALL,70.0,2026-08-07,12896,107,163,11,66.71,REPEATEDHITSDESCENDINGFILL,False,False,False,6896,0,29369160880.0,28,ASK,LONG,1.0
EEM,2026-07-08 19:59:16.115267+00:00,CALL,69.5,2026-08-21,25047,124,958,48,66.235,REPEATEDHITSASCENDINGFILL,False,False,False,24846,0,29369160880.0,44,ASK,LONG,1.0
EEM,2026-07-08 19:59:14.512126+00:00,CALL,69.5,2026-08-21,16200,81,833,48,66.24,REPEATEDHITS,True,False,False,0,16200,29369160880.0,44,BID,SHORT,0.5
EEM,2026-07-08 19:59:14.512126+00:00,CALL,69.5,2026-08-21,13312,64,752,48,66.24,REPEATEDHITS,False,False,False,5200,5616,29369160880.0,44,BID,SHORT,0.5
EEM,2026-07-08 19:59:10.906869+00:00,CALL,69.5,2026-08-21,11832,58,621,48,66.24,REPEATEDHITS,False,False,False,0,11832,29369160880.0,44,BID,SHORT,0.5
EEM,2026-07-08 19:59:10.906869+00:00,CALL,69.5,2026-08-21,12400,62,563,48,66.23,REPEATEDHITS,False,False,False,0,12400,29369160880.0,44,BID,SHORT,0.5
EEM,2026-07-08 19:59:10.906869+00:00,CALL,69.5,2026-08-21,13668,67,688,48,66.24,REPEATEDHITS,False,False,False,0,13668,29369160880.0,44,BID,SHORT,0.5
EEM,2026-07-08 13:54:42.989979+00:00,PUT,64.0,2026-08-07,37104,181,186,7,65.585,REPEATEDHITS,True,False,False,0,37104,29369160880.0,30,BID,LONG,0.5
EEM,2026-07-06 17:02:06.554631+00:00,PUT,66.0,2026-07-10,11648,182,215,143,67.611,REPEATEDHITS,False,False,False,11648,0,29369160880.0,4,ASK,SHORT,1.0
EEM,2026-07-06 14:53:44.480617+00:00,PUT,63.0,2026-07-10,37335,1965,1966,775,67.555,REPEATEDHITS,False,False,False,37335,0,29369160880.0,4,ASK,SHORT,1.0
EEM,2026-07-02 19:03:10.315364+00:00,PUT,61.5,2026-09-18,38608,152,241,0,65.325,REPEATEDHITS,False,False,False,38608,0,29369160880.0,78,ASK,SHORT,1.0
EEM,2026-07-02 16:30:35.751287+00:00,PUT,59.5,2026-09-18,29733,159,159,1,65.51,REPEATEDHITS,False,False,False,29733,0,29369160880.0,78,ASK,SHORT,1.0
EEM,2026-07-02 14:42:14.633669+00:00,PUT,67.0,2026-08-07,10560,33,75,4,66.095,REPEATEDHITS,True,False,False,10560,0,29369160880.0,36,ASK,SHORT,1.0
EEM,2026-07-01 18:33:58.869080+00:00,PUT,68.5,2026-08-21,126929,302,307,94,66.715,REPEATEDHITS,False,False,False,840,126089,29369160880.0,51,BID,LONG,0.5
EEM,2026-07-01 15:01:02.622760+00:00,CALL,67.5,2026-08-21,45870,139,141,79,66.94,REPEATEDHITS,False,False,False,330,45540,29369160880.0,51,BID,SHORT,0.5
EEM,2026-06-30 19:00:31.838774+00:00,PUT,65.0,2026-07-31,65205,483,483,39,68.475,REPEATEDHITS,False,False,False,65205,0,29369160880.0,31,ASK,SHORT,1.0
EEM,2026-06-30 14:44:54.966406+00:00,CALL,73.0,2026-07-17,174728,3426,3782,2853,68.21,REPEATEDHITS,False,False,False,174677,51,29369160880.0,17,ASK,LONG,1.0
EEM,2026-06-30 13:57:31.454942+00:00,PUT,67.5,2026-08-21,38610,130,130,45,67.91,REPEATEDHITS,False,False,False,0,38610,29369160880.0,52,BID,LONG,0.5
EEM,2026-06-29 13:55:41.454880+00:00,PUT,66.5,2026-07-02,158025,1505,1510,19,66.735,REPEATEDHITS,False,False,False,0,158025,29369160880.0,3,BID,LONG,0.5
EEM,2026-06-26 18:30:30.312117+00:00,CALL,69.0,2026-06-30,10857,329,1820,71,67.255,REPEATEDHITS,False,False,False,0,10857,29369160880.0,4,BID,SHORT,0.5
EEM,2026-06-26 16:27:50.462695+00:00,CALL,69.0,2026-06-30,59052,1406,1479,71,67.43,REPEATEDHITS,False,False,False,0,59052,29369160880.0,4,BID,SHORT,0.5
EEM,2026-06-26 15:23:32.850392+00:00,PUT,63.0,2026-07-10,40275,537,539,473,67.11,REPEATEDHITS,False,False,False,0,40275,29369160880.0,14,BID,LONG,0.5
EEM,2026-06-26 15:05:09.439191+00:00,PUT,50.0,2026-09-30,38528,602,1990,15,67.005,REPEATEDHITS,False,False,False,33344,5184,29369160880.0,96,ASK,SHORT,1.0
EEM,2026-06-26 14:42:03.684470+00:00,CALL,71.0,2026-07-31,152000,1000,1037,5,67.0562,FLOORTRADELARGECAP,False,True,False,0,152000,29369160880.0,35,BID,SHORT,0.5
EEM,2026-06-26 14:07:15.017701+00:00,CALL,66.5,2026-08-21,152000,380,380,281,67.08,REPEATEDHITS,False,False,False,0,0,29369160880.0,56,MIXED,,0.0
EEM,2026-06-25 17:33:14.888928+00:00,CALL,74.0,2026-11-20,42335,113,131,2,68.0,REPEATEDHITSASCENDINGFILL,False,False,False,21090,21245,29369160880.0,148,BID,SHORT,0.5
EEM,2026-06-24 19:47:58.113206+00:00,PUT,62.0,2026-07-02,22152,426,428,21,66.985,REPEATEDHITS,False,False,False,22152,0,29369160880.0,8,ASK,SHORT,1.0
ENPH,2026-07-22 13:30:38.027410+00:00,CALL,44.0,2026-08-28,18360,54,54,4,39.52,REPEATEDHITS,False,False,False,18360,0,5264020907.0,37,ASK,LONG,1.0
ENPH,2026-07-21 19:49:46.360745+00:00,CALL,46.0,2026-07-31,54016,422,453,54,39.93,REPEATEDHITS,True,False,False,1024,52992,5264020907.0,10,BID,SHORT,0.5
ENPH,2026-07-21 15:03:25.891276+00:00,PUT,30.0,2026-08-14,22826,380,380,84,40.34,REPEATEDHITSASCENDINGFILL,True,False,False,5000,17236,5264020907.0,24,BID,LONG,0.5
ENPH,2026-07-20 19:39:52.979453+00:00,PUT,42.0,2026-08-21,67155,111,136,0,39.51,REPEATEDHITS,True,False,False,67155,0,5264020907.0,32,ASK,SHORT,1.0
ENPH,2026-07-20 18:07:45.660858+00:00,CALL,39.5,2026-07-24,21210,101,117,1,40.19,REPEATEDHITS,False,False,False,21210,0,5264020907.0,4,ASK,LONG,1.0
ENPH,2026-07-20 16:25:13.993342+00:00,PUT,42.5,2026-08-21,12870,22,26,0,40.57,REPEATEDHITS,True,False,False,0,12870,5264020907.0,32,BID,LONG,0.5
ENPH,2026-07-20 15:28:42.273875+00:00,CALL,40.5,2026-08-21,39130,91,91,0,39.665,REPEATEDHITS,True,False,False,0,39130,5264020907.0,32,BID,SHORT,0.5
ENPH,2026-07-20 15:09:01.799448+00:00,PUT,41.0,2026-08-21,13910,26,27,0,39.505,REPEATEDHITS,True,False,False,0,13910,5264020907.0,32,BID,LONG,0.5
ENPH,2026-07-17 19:20:08.900160+00:00,PUT,39.0,2026-07-24,17711,199,243,60,41.6,REPEATEDHITS,False,False,False,17711,0,5264020907.0,7,ASK,SHORT,1.0
ENPH,2026-07-17 17:41:07.234747+00:00,CALL,43.0,2026-07-31,101760,318,330,85,41.97,REPEATEDHITS,False,False,False,101760,0,5264020907.0,14,ASK,LONG,1.0
ENPH,2026-07-17 13:44:03.447282+00:00,CALL,41.0,2026-07-17,10032,418,527,108,39.81,REPEATEDHITS,True,False,False,0,10032,5264020907.0,0,BID,SHORT,0.5
ENPH,2026-07-15 15:51:13.581108+00:00,PUT,46.5,2026-07-31,10441,18,19,4,43.43,REPEATEDHITS,True,False,False,5220,5221,5264020907.0,16,BID,LONG,0.5
ENPH,2026-07-14 16:33:06.190243+00:00,CALL,46.0,2026-08-28,24525,45,45,9,44.775,REPEATEDHITS,True,False,False,2725,21800,5264020907.0,45,BID,SHORT,0.5
ENPH,2026-07-13 19:46:18.126782+00:00,CALL,49.5,2026-07-17,21698,1142,1165,227,42.71,REPEATEDHITS,False,False,False,0,21698,5264020907.0,4,BID,SHORT,0.5
ENPH,2026-07-13 18:01:20.605158+00:00,CALL,43.5,2026-07-24,115255,445,464,0,43.16,REPEATEDHITS,False,False,False,115255,0,5264020907.0,11,ASK,LONG,1.0
ENPH,2026-07-13 17:10:14.897207+00:00,CALL,50.0,2026-10-16,233100,420,422,0,43.095,REPEATEDHITS,False,False,False,233100,0,5264020907.0,95,ASK,LONG,1.0
ENPH,2026-07-13 16:27:58.198054+00:00,PUT,35.0,2026-10-16,98000,280,295,0,42.88,REPEATEDHITS,False,False,False,98000,0,5264020907.0,95,ASK,SHORT,1.0
ENPH,2026-07-10 18:24:28.752648+00:00,CALL,46.0,2026-07-10,25593,2241,14185,323,45.46,REPEATEDHITSASCENDINGFILL,True,False,False,200,25393,5264020907.0,0,BID,SHORT,0.5
ENPH,2026-07-10 18:20:11.302407+00:00,CALL,46.0,2026-07-10,10702,669,10146,323,45.6,REPEATEDHITSDESCENDINGFILL,False,False,False,10582,120,5264020907.0,0,ASK,LONG,1.0
ENPH,2026-07-10 18:02:23.412364+00:00,CALL,46.0,2026-07-10,10382,358,9086,323,45.67,REPEATEDHITS,False,False,False,0,10382,5264020907.0,0,BID,SHORT,0.5
ENPH,2026-07-10 15:49:47.929780+00:00,CALL,47.0,2026-07-17,65731,406,2210,379,45.4007,REPEATEDHITSDESCENDINGFILL,True,False,False,19427,45660,5264020907.0,7,BID,SHORT,0.5
ENPH,2026-07-10 13:55:20.346482+00:00,CALL,46.0,2026-07-10,23836,681,1814,323,45.1425,REPEATEDHITS,False,False,False,0,23836,5264020907.0,0,BID,SHORT,0.5
ENPH,2026-07-08 19:50:57.883583+00:00,CALL,42.0,2026-07-31,51500,100,102,28,42.475,REPEATEDHITS,False,False,False,51500,0,5264020907.0,23,ASK,LONG,1.0
ENPH,2026-07-07 15:43:50.884339+00:00,PUT,41.0,2026-07-17,115960,520,555,59,41.445,REPEATEDHITS,False,False,False,0,115960,5264020907.0,10,BID,LONG,0.5
ENPH,2026-07-06 17:33:22.974661+00:00,CALL,47.0,2026-07-10,62992,496,1155,129,45.33,REPEATEDHITS,False,False,False,0,62992,5264020907.0,4,BID,SHORT,0.5
ENPH,2026-07-06 14:32:38.551176+00:00,PUT,42.0,2026-07-10,16192,184,356,152,44.75,REPEATEDHITS,True,False,False,0,12672,5264020907.0,4,BID,LONG,0.5
ENPH,2026-07-02 19:28:36.857249+00:00,PUT,43.5,2026-07-02,58253,697,718,200,42.615,REPEATEDHITSASCENDINGFILL,True,False,False,33934,24319,5264020907.0,0,ASK,SHORT,1.0
ENPH,2026-07-02 19:04:29.997702+00:00,CALL,41.0,2026-07-17,40180,103,103,29,42.79,REPEATEDHITS,False,False,False,0,40180,5264020907.0,15,BID,SHORT,0.5
ENPH,2026-07-02 16:14:33.550080+00:00,PUT,44.0,2026-07-10,167960,760,821,217,43.96,REPEATEDHITS,False,False,False,0,167960,5264020907.0,8,BID,LONG,0.5
ENPH,2026-07-02 14:23:05.330954+00:00,CALL,49.0,2026-07-10,16608,119,126,103,45.88,REPEATEDHITSASCENDINGFILL,True,False,False,2706,13902,5264020907.0,8,BID,SHORT,0.5
ENPH,2026-07-01 19:49:06.918401+00:00,CALL,59.0,2026-07-17,13558,205,876,12,46.89,REPEATEDHITSASCENDINGFILL,True,False,False,402,13156,5264020907.0,16,BID,SHORT,0.5
ENPH,2026-07-01 19:48:47.692715+00:00,CALL,58.0,2026-07-17,15200,200,405,82,46.955,REPEATEDHITS,False,False,False,0,15200,5264020907.0,16,BID,SHORT,0.5
ENPH,2026-07-01 17:14:42.348967+00:00,CALL,53.0,2026-07-10,37044,252,262,100,49.07,REPEATEDHITS,False,False,False,33516,0,5264020907.0,9,ASK,LONG,1.0
ENPH,2026-07-01 16:54:40.579388+00:00,PUT,48.5,2026-07-02,45277,462,464,105,49.01,REPEATEDHITS,False,False,False,3626,41552,5264020907.0,1,BID,LONG,0.5
ENPH,2026-07-01 16:20:41.444554+00:00,PUT,47.0,2026-07-17,62766,267,326,164,49.83,REPEATEDHITS,True,False,False,42728,20038,5264020907.0,16,ASK,SHORT,1.0
ENPH,2026-07-01 14:28:39.482565+00:00,CALL,51.0,2026-07-17,37170,118,124,44,49.261,REPEATEDHITS,False,False,False,0,37170,5264020907.0,16,BID,SHORT,0.5
ENPH,2026-07-01 13:30:28.319697+00:00,CALL,49.5,2026-07-17,28545,82,82,35,48.4,REPEATEDHITSDESCENDINGFILL,True,False,False,14350,14195,5264020907.0,16,ASK,LONG,1.0
ENPH,2026-07-01 13:30:28.319697+00:00,CALL,49.0,2026-07-17,30185,82,82,72,48.4,REPEATEDHITSDESCENDINGFILL,True,False,False,15170,15015,5264020907.0,16,ASK,LONG,1.0
ENPH,2026-06-30 17:35:23.180648+00:00,CALL,48.0,2026-07-02,103880,371,675,79,49.61,REPEATEDHITS,False,False,False,0,103880,5264020907.0,2,BID,SHORT,0.5
ENPH,2026-06-30 16:00:34.628977+00:00,CALL,51.0,2026-07-10,73058,343,474,78,48.48,REPEATEDHITS,False,False,False,72846,212,5264020907.0,10,ASK,LONG,1.0
ENPH,2026-06-30 15:46:03.129707+00:00,CALL,52.0,2026-08-07,24690,47,249,0,48.47,REPEATEDHITSDESCENDINGFILL,False,False,False,18900,510,5264020907.0,38,ASK,LONG,1.0
ENPH,2026-06-30 15:40:57.164691+00:00,PUT,48.5,2026-07-17,40500,100,144,56,48.61,REPEATEDHITS,False,False,False,19845,20655,5264020907.0,17,BID,LONG,0.5
ENPH,2026-06-30 15:37:23.635983+00:00,PUT,53.0,2026-07-31,10360,12,45,4,48.75,REPEATEDHITS,False,False,False,1725,8635,5264020907.0,31,BID,LONG,0.5
ENPH,2026-06-30 15:37:14.825302+00:00,CALL,51.0,2026-07-31,32945,61,261,9,48.7999,REPEATEDHITS,True,False,False,0,32945,5264020907.0,31,BID,SHORT,0.5
ENPH,2026-06-30 15:37:14.825302+00:00,PUT,53.0,2026-07-31,19165,22,22,4,48.78,REPEATEDHITSASCENDINGFILL,True,False,False,1760,17405,5264020907.0,31,BID,LONG,0.5
ENPH,2026-06-30 15:37:14.825302+00:00,CALL,52.0,2026-07-31,45037,90,107,59,48.78,REPEATEDHITSASCENDINGFILL,True,False,False,510,44527,5264020907.0,31,BID,SHORT,0.5
ENPH,2026-06-30 15:37:14.825302+00:00,CALL,49.0,2026-07-31,43790,71,73,19,48.78,REPEATEDHITSASCENDINGFILL,True,False,False,3730,40060,5264020907.0,31,BID,SHORT,0.5
ENPH,2026-06-30 15:37:14.825302+00:00,PUT,49.5,2026-07-10,81750,218,285,21,48.78,REPEATEDHITS,True,False,False,0,81750,5264020907.0,10,BID,LONG,0.5
ENPH,2026-06-30 15:37:11.218757+00:00,CALL,52.0,2026-07-17,39690,126,239,87,48.75,REPEATEDHITS,True,False,False,6615,33075,5264020907.0,17,BID,SHORT,0.5
ENPH,2026-06-30 15:37:11.218757+00:00,PUT,49.5,2026-07-17,25115,54,66,18,48.76,REPEATEDHITS,True,False,False,0,25115,5264020907.0,17,BID,LONG,0.5
EQPT,2026-07-22 14:14:21.675957+00:00,PUT,15.0,2026-08-21,72479,604,1191,476,17.66,REPEATEDHITS,True,False,False,72479,0,3767699924.0,30,ASK,SHORT,1.0
EQPT,2026-07-21 16:56:00.465710+00:00,CALL,17.5,2026-09-18,17850,70,76,12,17.25,REPEATEDHITS,False,False,False,0,17850,3767699924.0,59,BID,SHORT,0.5
EQPT,2026-07-20 19:52:43.609152+00:00,PUT,15.0,2026-09-18,43290,234,300,2,16.25,REPEATEDHITS,False,False,False,43290,0,3767699924.0,60,ASK,SHORT,1.0
EQPT,2026-07-14 16:01:44.715452+00:00,CALL,17.5,2026-07-17,40500,900,974,101,17.15,REPEATEDHITS,False,False,False,20250,11880,3767699924.0,3,ASK,LONG,1.0
EQPT,2026-07-07 15:47:19.781737+00:00,CALL,20.0,2026-08-21,31200,160,561,98,18.0906,REPEATEDHITS,False,False,False,22230,1170,3767699924.0,45,ASK,LONG,1.0
EQPT,2026-07-07 15:47:09.167861+00:00,CALL,20.0,2026-08-21,74100,390,401,98,18.12,REPEATEDHITS,False,False,False,6460,22230,3767699924.0,45,BID,SHORT,0.5
EQPT,2026-06-26 16:21:57.825330+00:00,CALL,25.0,2026-08-21,143000,715,847,10,20.13,REPEATEDHITS,True,False,False,40600,55200,3767699924.0,56,BID,SHORT,0.5
EQPT,2026-06-26 16:17:34.878492+00:00,CALL,25.0,2026-08-21,22925,131,131,10,20.18,REPEATEDHITS,False,False,False,0,19600,3767699924.0,56,BID,SHORT,0.5
EQT,2026-07-22 14:33:33.276363+00:00,PUT,52.0,2026-08-14,27354,282,304,124,53.53,REPEATEDHITS,False,False,False,27354,0,31148804400.0,23,ASK,SHORT,1.0
EQT,2026-07-22 14:08:47.359888+00:00,CALL,54.0,2026-07-31,43455,679,698,226,52.83,REPEATEDHITS,True,False,False,43392,63,31148804400.0,9,ASK,LONG,1.0
EQT,2026-07-22 13:58:40.696038+00:00,PUT,60.0,2026-07-31,13778,19,19,16,52.74,REPEATEDHITS,True,False,False,0,13778,31148804400.0,9,BID,LONG,0.5
EQT,2026-07-22 13:48:17.946405+00:00,PUT,58.0,2026-07-31,26400,44,44,1,52.005,REPEATEDHITS,False,False,False,0,26400,31148804400.0,9,BID,LONG,0.5
EQT,2026-07-21 19:18:11.615880+00:00,CALL,49.5,2026-07-24,31310,310,979,124,49.565,REPEATEDHITS,False,False,False,0,31310,31148804400.0,3,BID,SHORT,0.5
EQT,2026-07-21 18:28:55.458698+00:00,CALL,46.5,2026-07-31,20060,59,59,0,49.6,REPEATEDHITS,True,False,False,20060,0,31148804400.0,10,ASK,LONG,1.0
EQT,2026-07-20 17:53:17.472085+00:00,PUT,46.0,2026-08-28,13937,181,181,5,49.165,REPEATEDHITS,False,False,False,13937,0,31148804400.0,39,ASK,SHORT,1.0
EQT,2026-07-20 15:19:52.510408+00:00,PUT,50.0,2026-08-28,11383,42,68,40,48.8498,REPEATEDHITS,True,False,False,0,11383,31148804400.0,39,BID,LONG,0.5
EQT,2026-07-20 14:39:00.673272+00:00,PUT,48.5,2026-08-21,21842,133,133,0,48.94,REPEATEDHITSASCENDINGFILL,False,False,False,11506,10336,31148804400.0,32,ASK,SHORT,1.0
EQT,2026-07-16 18:51:31.008952+00:00,PUT,55.0,2026-07-17,495075,861,862,574,49.47,FLOORTRADELARGECAP,False,True,True,495075,0,31148804400.0,1,ASK,SHORT,1.0
EQT,2026-07-16 16:28:39.469135+00:00,CALL,49.5,2026-07-31,40166,302,302,6,49.295,REPEATEDHITS,False,False,False,0,40166,31148804400.0,15,BID,SHORT,0.5
EQT,2026-07-16 15:37:06.935776+00:00,CALL,48.5,2026-07-24,30351,201,201,105,49.21,REPEATEDHITS,False,False,False,0,30351,31148804400.0,8,BID,SHORT,0.5
EQT,2026-07-14 14:37:59.026668+00:00,PUT,49.5,2026-07-17,25275,337,339,92,49.5199,REPEATEDHITS,False,False,False,0,25275,31148804400.0,3,BID,LONG,0.5
EQT,2026-07-13 17:46:21.050918+00:00,PUT,45.0,2027-06-17,39220,106,302,39,49.84,REPEATEDHITS,False,False,False,0,39220,31148804400.0,339,BID,LONG,0.5
EQT,2026-07-13 17:45:25.171579+00:00,PUT,45.0,2027-06-17,18130,49,161,39,49.825,REPEATEDHITS,False,False,False,0,18130,31148804400.0,339,BID,LONG,0.5
EQT,2026-07-13 15:23:40.433279+00:00,CALL,49.0,2026-07-24,24150,150,184,22,49.35,REPEATEDHITS,False,False,False,0,24150,31148804400.0,11,BID,SHORT,0.5
EQT,2026-07-10 17:58:43.755341+00:00,PUT,49.0,2026-08-07,18309,92,110,5,48.605,REPEATEDHITS,True,False,False,0,18309,31148804400.0,28,BID,LONG,0.5
EQT,2026-07-10 16:39:30.194659+00:00,PUT,40.0,2028-01-21,35150,95,96,74,47.9564,REPEATEDHITS,False,False,False,0,35150,31148804400.0,560,BID,LONG,0.5
EQT,2026-07-10 16:36:52.204493+00:00,PUT,42.5,2026-09-18,42842,691,859,315,48.12,REPEATEDHITS,False,False,False,42842,0,31148804400.0,70,ASK,SHORT,1.0
EQT,2026-07-10 15:59:43.233236+00:00,PUT,47.5,2026-07-17,12584,242,254,192,48.28,REPEATEDHITS,False,False,False,12584,0,31148804400.0,7,ASK,SHORT,1.0
EQT,2026-07-10 15:59:43.233236+00:00,CALL,47.5,2026-07-17,33135,249,250,65,48.28,REPEATEDHITSASCENDINGFILL,False,False,False,816,32319,31148804400.0,7,BID,SHORT,0.5
EQT,2026-07-10 13:56:47.277202+00:00,PUT,45.0,2026-08-21,13978,241,246,192,48.925,REPEATEDHITS,False,False,False,13920,58,31148804400.0,42,ASK,SHORT,1.0
EQT,2026-07-09 17:18:13.047769+00:00,PUT,50.0,2026-07-24,15914,146,158,108,50.66,REPEATEDHITS,False,False,False,0,15914,31148804400.0,15,BID,LONG,0.5
EQT,2026-07-09 16:44:36.125676+00:00,CALL,51.0,2026-07-31,19635,119,119,105,50.77,REPEATEDHITS,False,False,False,825,18810,31148804400.0,22,BID,SHORT,0.5
EQT,2026-07-06 16:14:48.774609+00:00,PUT,53.0,2026-07-24,17388,84,84,8,52.04,REPEATEDHITS,False,False,False,0,17388,31148804400.0,18,BID,LONG,0.5
EQT,2026-07-02 15:23:07.902523+00:00,PUT,55.0,2026-08-21,72930,187,189,106,52.46,REPEATEDHITS,False,False,False,0,72930,31148804400.0,50,BID,LONG,0.5
EQT,2026-06-30 15:31:11.992730+00:00,CALL,49.0,2026-07-02,21160,46,47,7,53.52,REPEATEDHITS,True,False,False,21160,0,31148804400.0,2,ASK,LONG,1.0
EQT,2026-06-26 15:03:16.097301+00:00,CALL,54.0,2026-07-17,28589,242,371,33,53.165,REPEATEDHITSDESCENDINGFILL,True,False,False,14520,14069,31148804400.0,21,ASK,LONG,1.0
EQT,2026-06-24 19:38:17.519689+00:00,CALL,52.0,2026-07-02,23088,296,305,120,51.54,REPEATEDHITS,False,False,False,3900,19188,31148804400.0,8,BID,SHORT,0.5
EQT,2026-06-24 15:09:13.594905+00:00,PUT,52.0,2026-07-17,14820,95,104,3,51.86,REPEATEDHITS,True,False,False,7956,6864,31148804400.0,23,ASK,SHORT,1.0
EQT,2026-06-23 16:48:33.235064+00:00,CALL,55.0,2026-08-21,176250,1250,1253,600,51.49,REPEATEDHITS,False,False,False,0,0,31148804400.0,59,MIXED,,0.0
EQT,2026-06-23 16:48:33.235064+00:00,CALL,60.0,2026-08-21,78750,1750,1801,182,51.47,REPEATEDHITS,False,False,False,0,0,31148804400.0,59,MIXED,,0.0
EQT,2026-06-23 15:01:52.063927+00:00,CALL,47.5,2026-08-21,101311,193,209,20,51.545,REPEATEDHITSDESCENDINGFILL,False,False,False,97111,4200,31148804400.0,59,ASK,LONG,1.0
EQT,2026-06-23 14:14:22.565258+00:00,CALL,52.0,2026-07-10,48177,477,477,55,51.16,REPEATEDHITS,False,False,False,0,48177,31148804400.0,17,BID,SHORT,0.5
EQT,2026-06-22 18:54:15.514058+00:00,CALL,52.0,2026-07-17,33441,226,1641,0,51.45,REPEATEDHITS,True,False,False,33441,0,31148804400.0,25,ASK,LONG,1.0
EQT,2026-06-22 18:54:12.108924+00:00,CALL,52.0,2026-07-17,13013,88,1374,0,51.46,REPEATEDHITS,True,False,False,13013,0,31148804400.0,25,ASK,LONG,1.0
EQT,2026-06-22 18:54:05.098136+00:00,CALL,52.0,2026-07-17,21170,145,1206,0,51.4399,REPEATEDHITS,True,False,False,21170,0,31148804400.0,25,ASK,LONG,1.0
EQT,2026-06-22 18:54:02.289387+00:00,CALL,52.0,2026-07-17,25488,177,821,0,51.41,REPEATEDHITS,True,False,False,25488,0,31148804400.0,25,ASK,LONG,1.0
EQT,2026-06-22 14:02:22.210648+00:00,CALL,55.0,2026-08-21,54312,438,473,0,50.855,REPEATEDHITS,False,False,False,0,54312,31148804400.0,60,BID,SHORT,0.5
EQT,2026-06-18 18:43:01.648082+00:00,CALL,52.5,2026-08-21,74880,360,365,0,50.95,REPEATEDHITS,False,False,False,0,74880,31148804400.0,64,BID,SHORT,0.5
EQT,2026-06-17 18:27:10.899284+00:00,CALL,50.0,2026-07-17,45668,196,210,62,51.04,REPEATEDHITS,False,False,False,45668,0,31148804400.0,30,ASK,LONG,1.0
EQT,2026-06-16 14:29:39.294043+00:00,PUT,52.0,2026-07-10,55704,264,264,35,50.79,REPEATEDHITS,False,False,False,0,55704,31148804400.0,24,BID,LONG,0.5
EQT,2026-06-15 14:58:31.720298+00:00,PUT,51.0,2026-07-10,25636,221,224,44,51.77,REPEATEDHITS,False,False,False,25636,0,31148804400.0,25,ASK,SHORT,1.0
EQT,2026-06-11 15:32:36.528731+00:00,CALL,52.0,2026-06-18,35728,406,406,42,51.82,REPEATEDHITS,False,False,False,3432,32296,31148804400.0,7,BID,SHORT,0.5
EQT,2026-06-11 14:33:30.346717+00:00,CALL,52.0,2026-06-26,14960,110,110,4,52.02,REPEATEDHITS,True,False,False,0,14960,31148804400.0,15,BID,SHORT,0.5
EQT,2026-06-11 14:01:25.612532+00:00,CALL,51.0,2026-06-18,18090,134,230,28,51.51,REPEATEDHITS,True,False,False,135,17955,31148804400.0,7,BID,SHORT,0.5
EQT,2026-06-09 17:01:13.090828+00:00,CALL,52.5,2026-07-17,12500,50,343,35,52.94,REPEATEDHITS,False,False,False,250,12250,31148804400.0,38,BID,SHORT,0.5
EQT,2026-06-09 14:23:04.856228+00:00,CALL,53.0,2026-06-18,34410,370,393,99,52.66,REPEATEDHITS,False,False,False,0,34410,31148804400.0,9,BID,SHORT,0.5
EQT,2026-06-08 14:18:54.074281+00:00,CALL,54.0,2026-06-12,12395,185,242,56,53.65,REPEATEDHITS,True,False,False,0,12395,31148804400.0,4,BID,SHORT,0.5
EQT,2026-06-04 17:43:40.989474+00:00,PUT,56.0,2026-06-26,37632,196,497,31,55.36,REPEATEDHITS,False,False,False,0,37632,31148804400.0,22,BID,LONG,0.5
ETHA,2026-07-22 14:12:02.033947+00:00,CALL,15.5,2026-07-31,28500,1500,7326,1271,14.6764,REPEATEDHITS,True,False,False,28500,0,6944643005.0,9,ASK,LONG,1.0
ETHA,2026-07-22 13:45:11.114775+00:00,CALL,15.5,2026-07-31,52416,2912,2929,1271,14.63,REPEATEDHITS,True,False,False,52416,0,6944643005.0,9,ASK,LONG,1.0
ETHA,2026-07-21 19:48:44.461049+00:00,CALL,16.0,2026-07-31,95360,9536,43873,6674,14.515,REPEATEDHITS,False,False,False,0,95360,6944643005.0,10,BID,SHORT,0.5
ETHA,2026-07-21 19:34:42.163186+00:00,PUT,11.5,2026-08-14,11910,1191,1941,124,14.505,REPEATEDHITS,False,False,False,11810,0,6944643005.0,24,ASK,SHORT,1.0
ETHA,2026-07-21 13:39:46.042376+00:00,CALL,20.0,2026-10-16,85943,3183,3183,1754,14.5777,REPEATEDHITS,True,False,False,2513,9423,6944643005.0,87,BID,SHORT,0.5
ETHA,2026-07-17 18:35:02.837820+00:00,PUT,13.5,2026-07-24,35640,1980,3909,1298,13.8687,REPEATEDHITS,False,False,False,2988,32652,6944643005.0,7,BID,LONG,0.5
ETHA,2026-07-17 17:12:10.146724+00:00,PUT,14.0,2026-07-24,70422,2134,3247,1663,13.99,REPEATEDHITS,False,False,False,0,70422,6944643005.0,7,BID,LONG,0.5
ETHA,2026-07-17 17:01:14.130879+00:00,PUT,13.5,2026-07-24,25080,1320,1500,1298,13.87,REPEATEDHITS,False,False,False,1387,19418,6944643005.0,7,BID,LONG,0.5
ETHA,2026-07-17 14:55:32.808619+00:00,PUT,5.0,2026-08-07,30000,10000,49885,324,13.7321,REPEATEDHITS,False,False,False,30000,0,6944643005.0,21,ASK,SHORT,1.0
ETHA,2026-07-17 14:54:35.326297+00:00,PUT,5.0,2026-08-07,42165,14055,27681,324,13.725,REPEATEDHITS,True,False,False,40671,582,6944643005.0,21,ASK,SHORT,1.0
ETHA,2026-07-17 14:54:35.326297+00:00,PUT,5.0,2026-08-07,11295,3765,31446,324,13.725,REPEATEDHITS,False,False,False,9900,0,6944643005.0,21,ASK,SHORT,1.0
ETHA,2026-07-17 14:52:25.753800+00:00,PUT,5.0,2026-08-07,22671,7557,7580,324,13.7228,REPEATEDHITS,False,False,False,22671,0,6944643005.0,21,ASK,SHORT,1.0
ETHA,2026-07-17 14:40:37.820678+00:00,PUT,11.5,2026-07-31,33920,4240,4289,4191,13.7699,REPEATEDHITS,False,False,False,33920,0,6944643005.0,14,ASK,SHORT,1.0
ETHA,2026-07-16 15:27:55.150946+00:00,CALL,15.0,2026-07-24,140203,10000,10146,5203,14.255,REPEATEDHITSDESCENDINGFILL,False,False,False,133539,0,6944643005.0,8,ASK,LONG,1.0
ETHA,2026-07-15 18:54:31.944805+00:00,PUT,14.5,2026-07-17,42000,2000,5045,397,14.515,REPEATEDHITS,True,False,False,42000,0,6944643005.0,2,ASK,SHORT,1.0
ETHA,2026-07-15 16:16:36.882386+00:00,PUT,12.5,2026-07-31,11322,1258,1273,325,14.475,REPEATEDHITS,False,False,False,11322,0,6944643005.0,16,ASK,SHORT,1.0
ETHA,2026-07-14 19:02:55.684981+00:00,CALL,17.0,2026-08-21,17000,1000,1298,922,14.15,REPEATEDHITS,False,False,False,17000,0,6944643005.0,38,ASK,LONG,1.0
ETHA,2026-07-14 18:35:29.216236+00:00,PUT,14.0,2026-07-24,13246,358,1364,158,14.135,REPEATEDHITS,False,False,False,0,13246,6944643005.0,10,BID,LONG,0.5
ETHA,2026-07-14 13:34:54.366739+00:00,PUT,13.5,2026-07-24,21164,962,965,488,14.1373,REPEATEDHITS,False,False,False,21164,0,6944643005.0,10,ASK,SHORT,1.0
ETHA,2026-07-13 15:01:42.410711+00:00,PUT,13.0,2026-10-16,248980,2110,2165,917,13.4313,REPEATEDHITS,False,False,False,0,248980,6944643005.0,95,BID,LONG,0.5
ETHA,2026-07-10 17:44:15.437189+00:00,CALL,16.0,2026-10-16,42545,635,636,149,13.5,REPEATEDHITS,False,False,False,0,42545,6944643005.0,98,BID,SHORT,0.5
ETHA,2026-07-10 15:21:45.633028+00:00,PUT,13.5,2026-08-28,15744,164,164,0,13.5299,REPEATEDHITS,True,False,False,15744,0,6944643005.0,49,ASK,SHORT,1.0
ETHA,2026-07-10 14:52:31.463148+00:00,CALL,14.0,2026-07-24,120344,4298,4539,2044,13.48,REPEATEDHITS,False,False,False,0,120344,6944643005.0,14,BID,SHORT,0.5
ETHA,2026-07-10 14:21:51.476561+00:00,PUT,9.0,2026-08-21,34461,3829,3829,3001,13.45,REPEATEDHITS,False,False,False,34461,0,6944643005.0,42,ASK,SHORT,1.0
ETHA,2026-07-10 14:14:39.642992+00:00,PUT,10.0,2026-07-31,40800,6800,6800,1649,13.52,REPEATEDHITS,False,False,False,40800,0,6944643005.0,21,ASK,SHORT,1.0
ETHA,2026-07-10 14:03:05.269661+00:00,CALL,15.0,2026-08-07,127675,5107,5117,585,13.6013,REPEATEDHITS,False,False,False,0,127675,6944643005.0,28,BID,SHORT,0.5
ETHA,2026-07-10 14:02:08.570800+00:00,CALL,14.5,2026-08-28,103887,1649,1662,0,13.615,REPEATEDHITS,True,False,False,3087,0,6944643005.0,49,ASK,LONG,1.0
ETHA,2026-07-09 19:47:17.006228+00:00,CALL,14.5,2026-08-14,16272,452,455,16,13.205,REPEATEDHITS,False,False,False,0,16272,6944643005.0,36,BID,SHORT,0.5
ETHA,2026-07-09 15:35:54.980199+00:00,CALL,17.0,2026-10-16,92620,2105,2113,137,13.1299,REPEATEDHITS,False,False,False,0,92620,6944643005.0,99,BID,SHORT,0.5
ETHA,2026-07-08 16:06:24.787794+00:00,PUT,11.0,2026-10-16,244270,3758,3769,1857,13.005,REPEATEDHITS,False,False,False,0,244270,6944643005.0,100,BID,LONG,0.5
ETHA,2026-07-06 19:44:45.162492+00:00,PUT,13.5,2026-07-17,10912,248,735,99,13.545,REPEATEDHITS,True,False,False,10912,0,6944643005.0,11,ASK,SHORT,1.0
ETHA,2026-07-06 17:55:12.669935+00:00,PUT,14.0,2026-08-14,12152,103,109,0,13.48,REPEATEDHITS,True,False,False,12036,116,6944643005.0,39,ASK,SHORT,1.0
ETHA,2026-07-06 17:35:16.344344+00:00,CALL,13.0,2026-10-16,73168,379,1319,241,13.52,REPEATEDHITSASCENDINGFILL,False,False,False,0,73168,6944643005.0,102,BID,SHORT,0.5
ETHA,2026-07-06 17:27:01.017451+00:00,PUT,11.0,2026-10-16,28000,500,1682,304,13.575,REPEATEDHITS,True,False,False,0,28000,6944643005.0,102,BID,LONG,0.5
ETHA,2026-07-06 16:25:32.964116+00:00,PUT,13.0,2026-08-14,20692,297,303,0,13.525,REPEATEDHITSDESCENDINGFILL,True,False,False,20623,69,6944643005.0,39,ASK,SHORT,1.0
ETHA,2026-07-06 16:12:16.795135+00:00,PUT,13.5,2026-07-10,12714,489,1653,175,13.595,REPEATEDHITS,True,False,False,12714,0,6944643005.0,4,ASK,SHORT,1.0
ETHA,2026-07-06 16:08:32.255798+00:00,PUT,11.0,2026-10-16,28101,493,1178,304,13.52,REPEATEDHITS,True,False,False,228,27873,6944643005.0,102,BID,LONG,0.5
ETHA,2026-07-06 16:08:24.243207+00:00,PUT,11.0,2026-10-16,19044,334,340,304,13.515,REPEATEDHITSASCENDINGFILL,False,False,False,0,19044,6944643005.0,102,BID,LONG,0.5
ETHA,2026-07-06 16:05:11.917823+00:00,PUT,13.5,2026-07-10,12400,400,479,175,13.48,REPEATEDHITS,False,False,False,12400,0,6944643005.0,4,ASK,SHORT,1.0
ETHA,2026-07-06 15:35:12.963190+00:00,CALL,13.0,2026-10-16,78588,444,667,241,13.285,REPEATEDHITS,False,False,False,0,52746,6944643005.0,102,BID,SHORT,0.5
ETHA,2026-07-06 15:17:12.053002+00:00,CALL,14.0,2026-07-31,213990,5095,5277,1046,13.2801,REPEATEDHITS,False,False,False,0,213990,6944643005.0,25,BID,SHORT,0.5
ETHA,2026-07-06 14:41:28.426347+00:00,CALL,14.0,2026-08-07,10073,194,251,97,13.235,REPEATEDHITS,True,False,False,9308,765,6944643005.0,32,ASK,LONG,1.0
ETHA,2026-07-06 14:11:10.204778+00:00,CALL,16.0,2026-08-21,184842,8802,8838,845,13.175,REPEATEDHITS,False,False,False,0,184842,6944643005.0,46,BID,SHORT,0.5
ETHA,2026-07-02 17:32:32.996247+00:00,CALL,13.5,2026-07-10,169966,9998,24971,7238,12.845,REPEATEDHITS,False,False,False,169966,0,6944643005.0,8,ASK,LONG,1.0
ETHA,2026-07-02 15:50:03.549458+00:00,PUT,5.0,2026-07-31,28000,7000,16329,2,12.815,REPEATEDHITS,False,False,False,28000,0,6944643005.0,29,ASK,SHORT,1.0
ETHA,2026-07-02 15:45:31.046682+00:00,PUT,5.0,2026-07-31,39875,7975,7980,2,12.845,REPEATEDHITS,False,False,False,35600,4275,6944643005.0,29,ASK,SHORT,1.0
ETHA,2026-07-02 15:14:55.158037+00:00,PUT,9.5,2026-07-31,16203,1473,1490,1248,12.775,REPEATEDHITS,False,False,False,16203,0,6944643005.0,29,ASK,SHORT,1.0
ETHA,2026-07-02 15:14:55.158037+00:00,PUT,9.0,2026-07-31,17640,1960,9439,445,12.775,REPEATEDHITS,False,False,False,17640,0,6944643005.0,29,ASK,SHORT,1.0
ETHA,2026-07-02 15:10:31.775280+00:00,PUT,9.5,2026-07-24,19184,2398,6958,276,12.7703,REPEATEDHITS,False,False,False,18208,0,6944643005.0,22,ASK,SHORT,1.0
ETHA,2026-07-02 15:10:31.775280+00:00,PUT,9.0,2026-07-31,25155,2795,6391,445,12.7703,REPEATEDHITS,False,False,False,25146,0,6944643005.0,29,ASK,SHORT,1.0
EWY,2026-07-22 15:22:44.733102+00:00,PUT,171.0,2026-08-21,32560,22,246,2,171.495,REPEATEDHITS,False,False,False,26640,5920,23562940593.0,30,ASK,SHORT,1.0
EWY,2026-07-22 14:42:13.183321+00:00,PUT,186.0,2026-08-07,83600,40,40,1,170.38,REPEATEDHITS,True,False,False,83600,0,23562940593.0,16,ASK,SHORT,1.0
EWY,2026-07-22 14:06:47.454644+00:00,PUT,175.0,2026-08-07,68000,50,50,31,170.9,REPEATEDHITS,False,False,False,66640,1360,23562940593.0,16,ASK,SHORT,1.0
EWY,2026-07-22 13:59:19.568393+00:00,PUT,171.0,2026-08-21,12000,8,10,2,170.835,REPEATEDHITS,False,False,False,1500,10500,23562940593.0,30,BID,LONG,0.5
EWY,2026-07-22 13:36:21.512385+00:00,PUT,140.0,2026-07-31,135900,906,912,369,168.97,REPEATEDHITS,False,False,False,0,135900,23562940593.0,9,BID,LONG,0.5
EWY,2026-07-22 13:30:08.098260+00:00,PUT,140.0,2027-06-17,330100,133,133,7,167.911,REPEATEDHITS,False,False,False,161740,168360,23562940593.0,330,BID,LONG,0.5
EWY,2026-07-21 19:54:52.316309+00:00,PUT,174.0,2026-08-21,12800,8,189,0,173.19,REPEATEDHITS,False,False,False,12800,0,23562940593.0,31,ASK,SHORT,1.0
EWY,2026-07-21 19:54:49.103165+00:00,PUT,174.0,2026-08-21,19200,12,181,0,173.19,REPEATEDHITS,False,False,False,19200,0,23562940593.0,31,ASK,SHORT,1.0
EWY,2026-07-21 17:50:11.678345+00:00,PUT,174.0,2026-08-21,66780,42,50,0,173.75,REPEATEDHITS,False,False,False,0,66780,23562940593.0,31,BID,LONG,0.5
EWY,2026-07-21 16:23:26.101632+00:00,PUT,167.0,2026-08-07,37813,41,41,1,174.0,REPEATEDHITSDESCENDINGFILL,False,False,False,0,37813,23562940593.0,17,BID,LONG,0.5
EWY,2026-07-21 14:33:11.047816+00:00,CALL,190.0,2026-07-24,55000,1000,3555,328,170.78,FLOORTRADELARGECAP,False,True,False,55000,0,23562940593.0,3,ASK,LONG,1.0
EWY,2026-07-21 13:30:06.974286+00:00,PUT,135.0,2027-06-17,143020,64,64,0,169.89,REPEATEDHITS,False,False,False,42510,100510,23562940593.0,331,BID,LONG,0.5
EWY,2026-07-21 13:30:06.974286+00:00,PUT,130.0,2027-06-17,90220,44,49,0,169.89,REPEATEDHITSASCENDINGFILL,False,False,False,45360,44860,23562940593.0,331,ASK,SHORT,1.0
EWY,2026-07-20 18:42:12.781235+00:00,PUT,130.0,2026-09-18,14960,22,52,12,164.15,REPEATEDHITS,False,False,False,5440,6800,23562940593.0,60,BID,LONG,0.5
EWY,2026-07-20 16:27:06.333803+00:00,PUT,150.0,2026-08-07,1102270,1807,1873,695,165.64,REPEATEDHITS,False,False,False,1102270,0,23562940593.0,18,ASK,SHORT,1.0
EWY,2026-07-20 16:23:50.853387+00:00,PUT,140.0,2026-09-18,329000,350,1026,79,166.07,FLOORTRADELARGECAP,False,True,True,0,0,23562940593.0,60,MIXED,,0.0
EWY,2026-07-20 15:06:06.971194+00:00,PUT,162.0,2026-07-31,859140,914,916,0,162.92,REPEATEDHITS,False,False,False,859140,0,23562940593.0,11,ASK,SHORT,1.0
EWY,2026-07-20 14:44:45.446159+00:00,PUT,174.0,2026-09-18,66320,26,26,0,164.3999,REPEATEDHITSASCENDINGFILL,False,False,False,0,66320,23562940593.0,60,BID,LONG,0.5
EWY,2026-07-20 13:50:08.330732+00:00,PUT,168.0,2026-08-21,30300,18,111,0,166.57,REPEATEDHITSASCENDINGFILL,True,False,False,1680,26940,23562940593.0,32,BID,LONG,0.5
EWY,2026-07-20 13:45:58.233610+00:00,PUT,177.5,2026-08-14,16000,8,11,1,167.47,REPEATEDHITS,True,False,False,0,16000,23562940593.0,25,BID,LONG,0.5
EWY,2026-07-20 13:45:48.410471+00:00,PUT,168.0,2026-08-21,19810,12,72,0,167.41,REPEATEDHITS,False,False,False,3300,14860,23562940593.0,32,BID,LONG,0.5
EWY,2026-07-20 13:34:24.709890+00:00,PUT,188.0,2026-09-18,166528,50,50,0,166.56,REPEATEDHITSDESCENDINGFILL,True,False,False,0,166528,23562940593.0,60,BID,LONG,0.5
EWY,2026-07-20 13:32:10.867851+00:00,PUT,140.0,2026-09-18,108640,112,652,79,165.7201,REPEATEDHITS,False,False,False,81480,0,23562940593.0,60,ASK,SHORT,1.0
EWY,2026-07-20 13:30:15.981312+00:00,PUT,140.0,2026-09-18,119700,126,313,79,165.18,REPEATEDHITS,False,False,False,119700,0,23562940593.0,60,ASK,SHORT,1.0
EWY,2026-07-17 19:29:40.814366+00:00,CALL,166.0,2026-07-31,194000,200,200,0,163.74,REPEATEDHITS,False,False,False,145500,48500,23562940593.0,14,ASK,LONG,1.0
EWY,2026-07-17 18:51:08.953098+00:00,PUT,166.0,2026-09-18,131441,62,62,0,164.86,REPEATEDHITS,True,False,False,0,131441,23562940593.0,63,BID,LONG,0.5
EWY,2026-07-17 18:51:08.953098+00:00,PUT,169.0,2026-09-18,29662,13,13,0,164.86,REPEATEDHITSASCENDINGFILL,True,False,False,2290,27372,23562940593.0,63,BID,LONG,0.5
EWY,2026-07-17 17:40:04.342663+00:00,PUT,190.0,2028-01-21,178920,28,29,16,166.89,REPEATEDHITS,False,False,False,178920,0,23562940593.0,553,ASK,SHORT,1.0
EWY,2026-07-17 17:03:24.772728+00:00,CALL,182.0,2026-07-31,119880,222,257,21,167.56,REPEATEDHITS,False,False,False,0,119880,23562940593.0,14,BID,SHORT,0.5
EWY,2026-07-17 17:01:36.193181+00:00,CALL,171.0,2026-07-17,24440,611,640,123,167.94,REPEATEDHITS,False,False,False,15560,8880,23562940593.0,0,ASK,LONG,1.0
EWY,2026-07-17 15:42:35.430275+00:00,PUT,100.0,2026-07-24,10000,1000,1006,106,164.89,REPEATEDHITS,False,False,False,10000,0,23562940593.0,7,ASK,SHORT,1.0
EWY,2026-07-17 14:37:55.053027+00:00,CALL,166.0,2026-07-17,24155,179,204,169,164.47,REPEATEDHITSDESCENDINGFILL,True,False,False,24025,130,23562940593.0,0,ASK,LONG,1.0
EWY,2026-07-17 14:22:44.653660+00:00,CALL,163.0,2026-09-18,13200,6,6,0,163.645,REPEATEDHITS,False,False,False,4400,2200,23562940593.0,63,ASK,LONG,1.0
EWY,2026-07-17 14:07:20.820731+00:00,CALL,162.5,2026-07-24,158000,200,201,2,162.64,REPEATEDHITS,False,False,False,158000,0,23562940593.0,7,ASK,LONG,1.0
EWY,2026-07-17 14:02:37.199279+00:00,CALL,172.5,2026-08-14,16839,17,17,14,161.86,REPEATEDHITSASCENDINGFILL,False,False,False,16839,0,23562940593.0,28,ASK,LONG,1.0
EWY,2026-07-17 14:02:21.764854+00:00,PUT,153.0,2026-07-31,178050,258,258,0,161.48,REPEATEDHITSASCENDINGFILL,True,False,False,700,177350,23562940593.0,14,BID,LONG,0.5
EWY,2026-07-16 19:10:55.113364+00:00,PUT,145.0,2028-01-21,168760,45,45,37,162.9425,REPEATEDHITSDESCENDINGFILL,False,False,False,22560,146200,23562940593.0,554,BID,LONG,0.5
EWY,2026-07-16 19:10:55.113364+00:00,PUT,145.0,2028-01-21,172960,46,91,37,162.9425,REPEATEDHITS,False,False,False,172960,0,23562940593.0,554,ASK,SHORT,1.0
EWY,2026-07-16 18:20:35.148243+00:00,CALL,180.0,2026-07-24,142810,621,653,302,164.37,REPEATEDHITSDESCENDINGFILL,False,False,False,142810,0,23562940593.0,8,ASK,LONG,1.0
EWY,2026-07-16 18:04:48.741190+00:00,PUT,158.0,2026-07-24,30240,54,309,18,162.955,REPEATEDHITS,False,False,False,30240,0,23562940593.0,8,ASK,SHORT,1.0
EWY,2026-07-16 18:03:43.728738+00:00,PUT,166.0,2026-07-24,27190,30,381,6,163.175,REPEATEDHITSASCENDINGFILL,False,False,False,27190,0,23562940593.0,8,ASK,SHORT,1.0
EWY,2026-07-16 16:55:50.067174+00:00,PUT,145.0,2026-08-14,69327,105,124,15,164.48,REPEATEDHITS,True,False,False,5940,63387,23562940593.0,29,BID,LONG,0.5
EWY,2026-07-15 18:34:05.963102+00:00,PUT,169.0,2026-08-07,14160,12,22,2,171.82,REPEATEDHITS,True,False,False,3540,10620,23562940593.0,23,BID,LONG,0.5
EWY,2026-07-15 18:01:19.826591+00:00,CALL,189.0,2027-01-15,80940,32,32,3,170.96,REPEATEDHITSDESCENDINGFILL,False,False,False,73350,7590,23562940593.0,184,ASK,LONG,1.0
EWY,2026-07-15 17:30:10.919762+00:00,CALL,182.0,2026-08-07,20690,25,25,1,169.27,REPEATEDHITSDESCENDINGFILL,True,False,False,8280,12410,23562940593.0,23,BID,SHORT,0.5
EWY,2026-07-15 17:24:18.483425+00:00,CALL,196.0,2026-07-31,45240,174,374,86,168.435,REPEATEDHITS,True,False,False,45240,0,23562940593.0,16,ASK,LONG,1.0
EWY,2026-07-15 17:12:14.719192+00:00,PUT,105.0,2026-08-14,106120,1516,1518,30,167.54,REPEATEDHITS,False,False,False,0,106120,23562940593.0,30,BID,LONG,0.5
EWY,2026-07-15 16:46:52.761153+00:00,CALL,180.0,2026-09-18,276590,173,1327,10,166.36,REPEATEDHITSDESCENDINGFILL,False,False,False,243200,33390,23562940593.0,65,ASK,LONG,1.0
EWY,2026-07-15 16:09:02.454078+00:00,CALL,178.0,2026-07-17,85942,716,723,44,167.327,REPEATEDHITSDESCENDINGFILL,False,False,False,140,85802,23562940593.0,2,BID,SHORT,0.5
EWY,2026-07-15 16:00:14.305561+00:00,PUT,82.0,2028-01-21,88400,85,285,3,169.39,REPEATEDHITS,False,False,False,88400,0,23562940593.0,555,ASK,SHORT,1.0
FAS,2026-07-22 13:49:02.006406+00:00,CALL,169.0,2026-07-24,39950,170,180,74,168.5,REPEATEDHITS,True,False,False,24205,2350,2349462599.0,2,ASK,LONG,1.0
FAS,2026-07-21 13:49:00.763147+00:00,CALL,157.0,2026-08-07,37990,29,29,7,166.15,REPEATEDHITS,True,False,False,37990,0,2349462599.0,17,ASK,LONG,1.0
FAS,2026-07-20 15:26:04.593691+00:00,PUT,159.0,2026-08-14,37840,86,86,0,168.63,REPEATEDHITS,False,False,False,37840,0,2349462599.0,25,ASK,SHORT,1.0
FAS,2026-07-20 15:26:04.593691+00:00,PUT,158.0,2026-08-14,47199,118,118,1,168.63,REPEATEDHITS,False,False,False,47199,0,2349462599.0,25,ASK,SHORT,1.0
FAS,2026-07-20 15:25:43.354259+00:00,PUT,156.0,2026-08-07,40545,159,159,2,168.63,REPEATEDHITS,False,False,False,40545,0,2349462599.0,18,ASK,SHORT,1.0
FAS,2026-07-20 15:25:43.354259+00:00,PUT,160.0,2026-08-07,13320,37,37,2,168.63,REPEATEDHITS,False,False,False,13320,0,2349462599.0,18,ASK,SHORT,1.0
FAS,2026-07-20 15:25:43.354259+00:00,PUT,159.0,2026-08-07,32669,99,99,0,168.63,REPEATEDHITS,False,False,False,32669,0,2349462599.0,18,ASK,SHORT,1.0
FAS,2026-07-20 15:21:40.948167+00:00,PUT,177.0,2026-08-07,12100,10,10,0,167.86,REPEATEDHITS,True,False,False,0,12100,2349462599.0,18,BID,LONG,0.5
FAS,2026-07-20 15:04:27.006633+00:00,PUT,183.0,2026-08-07,42500,25,25,0,167.7,REPEATEDHITS,False,False,False,0,42500,2349462599.0,18,BID,LONG,0.5
FAS,2026-07-20 14:58:20.802362+00:00,CALL,160.0,2027-03-19,320379,100,100,11,167.16,REPEATEDHITSASCENDINGFILL,True,False,False,0,320379,2349462599.0,242,BID,SHORT,0.5
FAS,2026-07-20 13:36:11.665208+00:00,PUT,170.0,2026-07-24,202805,436,436,192,168.0,REPEATEDHITSDESCENDINGFILL,False,False,False,67490,135315,2349462599.0,4,BID,LONG,0.5
FAS,2026-07-17 19:59:49.980469+00:00,PUT,170.0,2026-07-24,48760,106,176,28,168.74,REPEATEDHITS,False,False,False,21620,17020,2349462599.0,7,ASK,SHORT,1.0
FAS,2026-07-14 15:15:33.102358+00:00,CALL,164.0,2026-08-21,58000,40,40,4,170.97,REPEATEDHITS,True,False,False,0,58000,2349462599.0,38,BID,SHORT,0.5
FAS,2026-07-14 15:15:26.685792+00:00,CALL,157.0,2026-08-21,64020,33,33,27,170.97,REPEATEDHITS,True,False,False,0,64020,2349462599.0,38,BID,SHORT,0.5
FAS,2026-07-14 14:23:48.514031+00:00,CALL,167.0,2026-07-24,18920,22,25,4,172.395,REPEATEDHITS,True,False,False,0,18920,2349462599.0,10,BID,SHORT,0.5
FAS,2026-07-14 13:45:26.197858+00:00,CALL,158.0,2026-07-17,36400,28,28,19,170.6563,REPEATEDHITS,True,False,False,0,36400,2349462599.0,3,BID,SHORT,0.5
FAS,2026-07-14 13:33:12.890667+00:00,PUT,162.91,2026-07-17,54187,197,197,94,165.0,REPEATEDHITSASCENDINGFILL,False,False,False,0,54187,2349462599.0,3,BID,LONG,0.5
FAS,2026-07-14 13:33:12.890667+00:00,PUT,162.0,2026-07-17,34570,144,144,6,165.0,REPEATEDHITS,False,False,False,240,34330,2349462599.0,3,BID,LONG,0.5
FAS,2026-07-13 19:54:58.832341+00:00,CALL,167.91,2026-07-17,99999,200,769,143,167.205,REPEATEDHITS,False,False,False,99999,0,2349462599.0,4,ASK,LONG,1.0
FAS,2026-07-13 15:45:37.758116+00:00,CALL,169.0,2026-07-24,26660,62,62,12,164.7,REPEATEDHITS,True,False,False,26660,0,2349462599.0,11,ASK,LONG,1.0
FAS,2026-07-13 13:55:05.323987+00:00,CALL,167.91,2026-07-17,137015,321,323,143,167.2499,REPEATEDHITS,False,False,False,116615,20400,2349462599.0,4,ASK,LONG,1.0
FAS,2026-07-10 14:41:33.401613+00:00,PUT,180.0,2026-07-24,152040,84,84,0,163.18,REPEATEDHITS,True,False,False,0,152040,2349462599.0,14,BID,LONG,0.5
FAS,2026-07-09 13:45:18.943998+00:00,CALL,157.0,2026-07-17,40880,56,56,15,160.1,REPEATEDHITS,True,False,False,40880,0,2349462599.0,8,ASK,LONG,1.0
FAS,2026-07-08 14:52:14.688317+00:00,PUT,145.91,2026-07-17,10715,67,67,12,158.38,REPEATEDHITS,False,False,False,10715,0,2349462599.0,9,ASK,SHORT,1.0
FAS,2026-07-08 14:52:14.688317+00:00,PUT,147.0,2026-07-17,10450,55,55,1,158.38,REPEATEDHITS,False,False,False,10450,0,2349462599.0,9,ASK,SHORT,1.0
FAS,2026-07-08 14:52:14.688317+00:00,PUT,145.0,2026-07-17,18150,121,122,6,158.38,REPEATEDHITS,False,False,False,18150,0,2349462599.0,9,ASK,SHORT,1.0
FAS,2026-07-07 15:13:11.108650+00:00,CALL,168.0,2026-07-31,46750,55,55,2,168.82,REPEATEDHITS,True,False,False,0,46750,2349462599.0,24,BID,SHORT,0.5
FAS,2026-07-07 14:42:20.662187+00:00,PUT,165.0,2026-07-10,58188,562,562,115,170.285,REPEATEDHITSASCENDINGFILL,False,False,False,58188,0,2349462599.0,3,ASK,SHORT,1.0
FAS,2026-07-07 14:34:13.172411+00:00,CALL,167.0,2026-07-10,54320,97,101,72,171.41,REPEATEDHITS,True,False,False,0,54320,2349462599.0,3,BID,SHORT,0.5
FAS,2026-07-06 17:59:18.586991+00:00,CALL,180.0,2026-07-31,41480,122,135,115,167.66,REPEATEDHITS,True,False,False,41140,0,2349462599.0,25,ASK,LONG,1.0
FAS,2026-07-06 16:06:20.271419+00:00,CALL,200.0,2028-12-15,414060,103,104,0,166.05,FLOORTRADEMIDCAP,False,True,True,414060,0,2349462599.0,893,ASK,LONG,1.0
FAS,2026-07-01 16:49:11.574063+00:00,CALL,150.91,2026-07-17,294300,270,281,185,158.97,REPEATEDHITS,True,False,False,0,294300,2349462599.0,16,BID,SHORT,0.5
FAS,2026-07-01 16:21:05.080538+00:00,CALL,154.0,2026-07-10,12070,17,38,7,158.88,REPEATEDHITS,True,False,False,0,12070,2349462599.0,9,BID,SHORT,0.5
FAS,2026-07-01 15:37:36.903759+00:00,CALL,155.0,2026-07-10,56580,123,167,91,156.0801,REPEATEDHITS,False,False,False,0,56580,2349462599.0,9,BID,SHORT,0.5
FAS,2026-07-01 15:36:04.346404+00:00,CALL,156.0,2026-07-17,24801,40,60,0,155.934,REPEATEDHITS,True,False,False,0,24801,2349462599.0,16,BID,SHORT,0.5
FAS,2026-06-29 14:25:27.035586+00:00,PUT,147.0,2026-07-02,13330,86,86,2,150.29,REPEATEDHITS,True,False,False,155,13175,2349462599.0,3,BID,LONG,0.5
FAS,2026-06-26 18:38:01.320528+00:00,CALL,148.0,2026-07-10,29280,61,61,0,147.54,REPEATEDHITS,True,False,False,0,29280,2349462599.0,14,BID,SHORT,0.5
FAS,2026-06-26 17:40:25.306478+00:00,CALL,150.0,2026-08-21,33951,35,49,4,148.34,REPEATEDHITS,True,False,False,0,33951,2349462599.0,56,BID,SHORT,0.5
FAS,2026-06-25 18:25:47.739840+00:00,CALL,139.5,2026-07-02,15897,15,15,0,148.8282,REPEATEDHITS,True,False,False,15897,0,2349462599.0,7,ASK,LONG,1.0
FAS,2026-06-25 15:06:28.793063+00:00,PUT,161.0,2026-08-07,31020,22,22,0,153.0,REPEATEDHITS,False,False,False,31020,0,2349462599.0,43,ASK,SHORT,1.0
FAS,2026-06-25 14:59:54.634176+00:00,CALL,138.0,2026-08-07,16320,8,8,0,153.91,REPEATEDHITS,True,False,False,0,16320,2349462599.0,43,BID,SHORT,0.5
FAS,2026-06-25 14:40:43.035654+00:00,PUT,166.0,2026-07-10,65000,52,52,0,154.845,REPEATEDHITS,True,False,False,65000,0,2349462599.0,15,ASK,SHORT,1.0
FAS,2026-06-25 14:40:16.790812+00:00,PUT,159.0,2026-06-26,29900,65,65,2,155.06,REPEATEDHITS,True,False,False,28060,0,2349462599.0,1,ASK,SHORT,1.0
FAS,2026-06-23 19:39:15.221672+00:00,CALL,140.0,2026-07-02,68202,62,63,10,149.71,REPEATEDHITS,True,False,False,0,68202,2349462599.0,9,BID,SHORT,0.5
FAS,2026-06-23 18:43:50.763216+00:00,CALL,145.0,2026-07-10,43502,50,54,41,149.85,REPEATEDHITS,True,False,False,0,43502,2349462599.0,17,BID,SHORT,0.5
FAS,2026-06-23 16:54:13.394405+00:00,CALL,133.91,2026-07-17,66600,36,36,17,150.205,REPEATEDHITS,False,False,False,0,66600,2349462599.0,24,BID,SHORT,0.5
FAS,2026-06-23 15:15:37.780798+00:00,PUT,150.0,2026-08-21,15120,14,50,0,150.68,REPEATEDHITS,False,False,False,6480,1080,2349462599.0,59,ASK,SHORT,1.0
FAS,2026-06-22 14:32:25.199864+00:00,CALL,139.91,2026-07-17,77400,60,60,20,149.13,REPEATEDHITS,True,False,False,0,77400,2349462599.0,25,BID,SHORT,0.5
FAS,2026-06-18 19:36:21.091879+00:00,CALL,154.91,2026-07-17,37400,85,89,66,147.36,REPEATEDHITS,True,False,False,36080,0,2349462599.0,29,ASK,LONG,1.0
FAS,2026-06-18 17:15:53.755171+00:00,PUT,169.0,2026-07-10,102464,47,47,0,148.12,REPEATEDHITS,True,False,False,0,102464,2349462599.0,22,BID,LONG,0.5
FCX,2026-07-22 14:23:19.283129+00:00,CALL,67.0,2026-07-24,61977,849,3903,540,64.11,REPEATEDHITS,True,False,False,56283,0,89933745154.0,2,ASK,LONG,1.0
FCX,2026-07-22 14:23:19.283129+00:00,CALL,67.0,2026-07-24,93719,1320,2612,540,64.07,REPEATEDHITS,True,False,False,87188,6531,89933745154.0,2,ASK,LONG,1.0
FCX,2026-07-21 17:19:56.412804+00:00,CALL,62.0,2026-08-14,96250,250,254,48,62.41,REPEATEDHITS,False,False,False,16555,41195,89933745154.0,24,BID,SHORT,0.5
FCX,2026-07-20 19:15:11.387545+00:00,PUT,52.0,2026-08-21,60624,485,525,0,58.64,REPEATEDHITS,False,False,False,60500,124,89933745154.0,32,ASK,SHORT,1.0
FCX,2026-07-17 18:06:29.390398+00:00,PUT,55.0,2026-10-16,141450,345,451,295,58.7,REPEATEDHITS,False,False,False,141450,0,89933745154.0,91,ASK,SHORT,1.0
FCX,2026-07-17 15:15:20.528481+00:00,CALL,55.0,2026-11-20,591040,646,647,322,58.21,REPEATEDHITSDESCENDINGFILL,False,False,False,591040,0,89933745154.0,126,ASK,LONG,1.0
FCX,2026-07-16 16:04:40.067016+00:00,CALL,63.0,2026-07-24,259350,3814,4353,1322,58.335,REPEATEDHITSASCENDINGFILL,True,False,False,0,259350,89933745154.0,8,BID,SHORT,0.5
FCX,2026-07-16 16:01:11.167156+00:00,PUT,58.0,2026-07-24,91292,473,484,133,58.42,REPEATEDHITSASCENDINGFILL,False,False,False,195,90903,89933745154.0,8,BID,LONG,0.5
FCX,2026-07-14 15:39:20.620070+00:00,PUT,50.0,2026-10-16,59292,324,770,4,61.57,REPEATEDHITS,False,False,False,47580,4941,89933745154.0,94,ASK,SHORT,1.0
FCX,2026-07-14 15:39:20.620070+00:00,PUT,50.0,2026-10-16,50414,277,1047,4,61.58,REPEATEDHITS,False,False,False,42770,1456,89933745154.0,94,ASK,SHORT,1.0
FCX,2026-07-14 15:39:19.816963+00:00,PUT,50.0,2026-10-16,73416,399,446,4,61.57,REPEATEDHITS,False,False,False,4600,0,89933745154.0,94,ASK,SHORT,1.0
FCX,2026-07-10 19:02:07.533310+00:00,CALL,63.0,2026-08-07,97340,314,329,72,61.615,REPEATEDHITS,False,False,False,0,97340,89933745154.0,28,BID,SHORT,0.5
FCX,2026-07-09 15:44:34.755840+00:00,CALL,63.0,2026-07-24,71400,350,504,153,60.46,REPEATEDHITS,True,False,False,70992,408,89933745154.0,15,ASK,LONG,1.0
FCX,2026-07-09 13:38:39.878840+00:00,PUT,45.0,2026-08-21,630000,15000,15000,1409,59.365,LOWHISTORICVOLUMEFLOOR,False,True,False,0,630000,89933745154.0,43,BID,LONG,0.5
FCX,2026-07-08 14:04:40.887249+00:00,PUT,57.0,2026-07-10,96143,1217,1222,1069,57.85,REPEATEDHITS,False,False,False,0,96143,89933745154.0,2,BID,LONG,0.5
FCX,2026-07-07 15:54:37.362321+00:00,CALL,65.0,2026-07-31,86000,500,507,368,59.35,REPEATEDHITS,True,False,False,86000,0,89933745154.0,24,ASK,LONG,1.0
FCX,2026-07-07 15:08:29.686506+00:00,CALL,59.0,2026-07-17,359544,1688,1754,192,58.839,REPEATEDHITS,True,False,False,359118,426,89933745154.0,10,ASK,LONG,1.0
FCX,2026-07-06 15:42:41.357897+00:00,CALL,70.0,2026-07-31,209997,2000,2010,116,60.9401,REPEATEDHITSASCENDINGFILL,False,False,False,209997,0,89933745154.0,25,ASK,LONG,1.0
FCX,2026-07-01 15:38:57.773946+00:00,PUT,61.0,2026-07-02,54060,901,948,769,61.7,REPEATEDHITS,False,False,False,0,54060,89933745154.0,1,BID,LONG,0.5
FCX,2026-07-01 14:59:31.236866+00:00,CALL,67.0,2026-07-17,72662,773,1029,531,61.115,REPEATEDHITS,False,False,False,0,72662,89933745154.0,16,BID,SHORT,0.5
FCX,2026-06-29 17:05:58.743067+00:00,PUT,59.0,2026-07-02,95474,1675,2200,710,61.57,REPEATEDHITSASCENDINGFILL,True,False,False,95474,0,89933745154.0,3,ASK,SHORT,1.0
FCX,2026-06-24 19:00:12.700934+00:00,CALL,68.0,2026-07-17,57856,452,691,352,61.365,REPEATEDHITS,True,False,False,56576,1280,89933745154.0,23,ASK,LONG,1.0
FCX,2026-06-24 18:22:09.630948+00:00,CALL,70.0,2026-07-10,226311,3902,6994,312,61.32,REPEATEDHITSASCENDINGFILL,False,False,False,0,226311,89933745154.0,16,BID,SHORT,0.5
FCX,2026-06-24 14:46:11.510158+00:00,PUT,63.0,2026-07-17,94500,252,256,42,62.47,REPEATEDHITS,False,False,False,0,94500,89933745154.0,23,BID,LONG,0.5
FCX,2026-06-23 18:50:42.819508+00:00,PUT,68.0,2026-07-17,231840,414,815,54,64.475,REPEATEDHITS,False,False,False,0,75040,89933745154.0,24,BID,LONG,0.5
FCX,2026-06-23 18:50:37.014290+00:00,PUT,68.0,2026-07-17,218655,387,401,54,64.42,REPEATEDHITS,False,False,False,0,0,89933745154.0,24,MIXED,,0.0
FCX,2026-06-23 16:34:19.673439+00:00,PUT,64.0,2026-07-10,83020,328,408,134,64.94,REPEATEDHITS,True,False,False,22036,60984,89933745154.0,17,BID,LONG,0.5
FCX,2026-06-23 16:34:19.673439+00:00,CALL,63.0,2026-07-10,107050,252,252,69,64.94,REPEATEDHITSDESCENDINGFILL,False,False,False,107050,0,89933745154.0,17,ASK,LONG,1.0
FCX,2026-06-23 16:04:48.676637+00:00,PUT,66.0,2026-07-17,88203,210,218,21,64.89,REPEATEDHITS,False,False,False,0,88203,89933745154.0,24,BID,LONG,0.5
FCX,2026-06-23 15:24:20.236888+00:00,PUT,52.0,2026-07-24,113108,2020,2020,1,64.24,REPEATEDHITSDESCENDINGFILL,False,False,False,0,113108,89933745154.0,31,BID,LONG,0.5
FCX,2026-06-17 18:25:33.360346+00:00,PUT,67.0,2026-06-26,50592,527,585,105,70.715,REPEATEDHITS,False,False,False,50592,0,89933745154.0,9,ASK,SHORT,1.0
FCX,2026-06-16 17:14:37.604359+00:00,PUT,72.0,2026-07-10,92020,214,632,32,70.77,REPEATEDHITS,False,False,False,87290,0,89933745154.0,24,ASK,SHORT,1.0
FCX,2026-06-16 17:12:23.077419+00:00,PUT,72.0,2026-07-10,84825,195,418,32,70.72,REPEATEDHITS,False,False,False,84825,0,89933745154.0,24,ASK,SHORT,1.0
FCX,2026-06-16 17:12:14.671158+00:00,PUT,72.0,2026-07-10,72645,167,223,32,70.7099,REPEATEDHITS,False,False,False,72645,0,89933745154.0,24,ASK,SHORT,1.0
FCX,2026-06-15 14:06:48.835823+00:00,PUT,66.0,2026-06-26,57362,743,750,102,71.52,REPEATEDHITSDESCENDINGFILL,True,False,False,12086,45276,89933745154.0,11,BID,LONG,0.5
FCX,2026-06-15 14:06:48.835823+00:00,PUT,65.0,2026-06-26,99103,1651,1837,678,71.49,REPEATEDHITSASCENDINGFILL,True,False,False,72782,26321,89933745154.0,11,ASK,SHORT,1.0
FCX,2026-06-10 15:52:53.088470+00:00,PUT,54.0,2026-07-02,62188,748,748,419,62.1763,REPEATEDHITSDESCENDINGFILL,False,False,False,21930,38048,89933745154.0,22,BID,LONG,0.5
FCX,2026-06-05 19:24:03.199442+00:00,CALL,72.0,2026-06-18,227497,3272,6925,642,62.985,REPEATEDHITSASCENDINGFILL,False,False,False,227432,65,89933745154.0,13,ASK,LONG,1.0
FCX,2026-06-05 18:36:07.472844+00:00,CALL,63.0,2026-06-18,287570,965,967,107,62.98,REPEATEDHITS,False,False,False,0,287570,89933745154.0,13,BID,SHORT,0.5
FCX,2026-06-05 15:38:20.685199+00:00,PUT,64.0,2026-06-12,89420,416,467,331,63.92,REPEATEDHITS,True,False,False,85140,4280,89933745154.0,7,ASK,SHORT,1.0
FCX,2026-06-04 19:18:54.562740+00:00,CALL,74.0,2026-06-18,161347,972,992,256,69.63,REPEATEDHITSDESCENDINGFILL,True,False,False,158859,2158,89933745154.0,14,ASK,LONG,1.0
FCX,2026-06-04 15:21:21.758566+00:00,PUT,70.0,2026-06-12,67029,251,374,176,69.6,REPEATEDHITSASCENDINGFILL,True,False,False,37990,3205,89933745154.0,8,ASK,SHORT,1.0
FCX,2026-06-04 14:43:41.766374+00:00,CALL,73.0,2026-06-18,323375,1625,1911,299,69.57,REPEATEDHITS,False,False,False,0,323375,89933745154.0,14,BID,SHORT,0.5
FCX,2026-06-03 16:18:35.652205+00:00,PUT,70.0,2026-09-18,331705,407,784,295,70.37,REPEATEDHITS,False,False,False,331705,0,89933745154.0,107,ASK,SHORT,1.0
FCX,2026-06-03 15:54:07.307477+00:00,CALL,77.0,2026-06-12,197499,2500,2518,446,70.17,REPEATEDHITSASCENDINGFILL,False,False,False,197499,0,89933745154.0,9,ASK,LONG,1.0
FCX,2026-06-02 17:47:01.903059+00:00,PUT,70.0,2026-06-05,113133,838,4537,59,70.76,REPEATEDHITS,True,False,False,94908,2160,89933745154.0,3,ASK,SHORT,1.0
FCX,2026-06-02 17:26:54.685939+00:00,PUT,70.0,2026-06-05,103540,835,3488,59,71.09,REPEATEDHITS,True,False,False,79732,11284,89933745154.0,3,ASK,SHORT,1.0
FCX,2026-06-02 16:49:03.575137+00:00,CALL,72.0,2026-06-18,51658,159,336,130,71.21,REPEATEDHITSDESCENDINGFILL,False,False,False,51658,0,89933745154.0,16,ASK,LONG,1.0
FCX,2026-06-02 16:37:18.954230+00:00,CALL,72.0,2026-06-26,176960,448,496,333,71.12,REPEATEDHITS,False,False,False,0,176960,89933745154.0,24,BID,SHORT,0.5
FCX,2026-06-02 15:50:20.657409+00:00,CALL,90.0,2026-11-20,86400,160,165,141,71.01,REPEATEDHITS,False,False,False,86400,0,89933745154.0,171,ASK,LONG,1.0
FHN,2026-07-22 15:38:56.159880+00:00,CALL,29.0,2027-02-19,29240,344,500,0,25.56,REPEATEDHITS,True,False,False,0,29240,12107500410.0,212,BID,SHORT,0.5
FHN,2026-07-16 19:58:55.392859+00:00,CALL,27.0,2026-11-20,10400000,100000,100000,444,25.29,FLOORTRADELARGECAP,False,True,True,10400000,0,12107500410.0,127,ASK,LONG,1.0
FHN,2026-07-14 15:47:16.695719+00:00,PUT,26.0,2026-07-17,18500,308,754,88,25.77,REPEATEDHITSASCENDINGFILL,True,False,False,0,17840,12107500410.0,3,BID,LONG,0.5
FHN,2026-07-14 15:37:22.626378+00:00,PUT,26.0,2026-07-17,11495,209,305,88,25.835,REPEATEDHITS,True,False,False,0,11495,12107500410.0,3,BID,LONG,0.5
FHN,2026-06-23 16:42:27.076489+00:00,CALL,26.0,2026-07-17,66185,1891,8580,968,24.85,REPEATEDHITS,False,False,False,0,66185,12107500410.0,24,BID,SHORT,0.5
FHN,2026-06-18 15:30:10.804757+00:00,CALL,26.0,2026-07-17,16650,370,427,253,24.83,REPEATEDHITS,False,False,False,0,16650,12107500410.0,29,BID,SHORT,0.5
FTAI,2026-07-22 14:26:19.418659+00:00,PUT,215.0,2026-07-24,15120,28,43,6,218.0504,REPEATEDHITS,True,False,False,2700,12420,21568069863.0,2,BID,LONG,0.5
FTAI,2026-07-22 13:56:41.422525+00:00,PUT,150.0,2026-08-21,29571,219,219,55,225.13,REPEATEDHITS,False,False,False,0,29571,21568069863.0,30,BID,LONG,0.5
FTAI,2026-07-22 13:53:18.285899+00:00,CALL,215.0,2026-07-24,44400,37,60,33,222.93,REPEATEDHITS,False,False,False,0,44400,21568069863.0,2,BID,SHORT,0.5
FTAI,2026-07-22 13:43:25.084560+00:00,PUT,217.5,2026-08-21,45000,30,30,0,224.37,REPEATEDHITS,False,False,False,0,45000,21568069863.0,30,BID,LONG,0.5
FTAI,2026-07-21 19:46:10.790963+00:00,CALL,235.0,2026-08-21,10800,8,184,0,209.52,REPEATEDHITS,False,False,False,1350,6750,21568069863.0,31,BID,SHORT,0.5
FTAI,2026-07-21 18:13:48.759767+00:00,CALL,235.0,2026-08-21,16320,12,64,0,211.31,REPEATEDHITS,False,False,False,0,16320,21568069863.0,31,BID,SHORT,0.5
FTAI,2026-07-21 13:48:32.076058+00:00,CALL,205.0,2026-07-24,44000,110,127,79,198.615,REPEATEDHITS,False,False,False,44000,0,21568069863.0,3,ASK,LONG,1.0
FTAI,2026-07-20 15:56:51.382440+00:00,PUT,180.0,2026-08-21,175420,179,180,119,205.7,REPEATEDHITS,False,False,False,172480,2940,21568069863.0,32,ASK,SHORT,1.0
FTAI,2026-07-16 18:41:41.352183+00:00,CALL,205.0,2026-07-31,15070,11,12,0,199.48,REPEATEDHITS,False,False,False,0,15070,21568069863.0,15,BID,SHORT,0.5
FTAI,2026-07-16 17:33:50.991918+00:00,CALL,210.0,2026-08-21,48900,30,31,16,199.5675,REPEATEDHITS,False,False,False,0,48900,21568069863.0,36,BID,SHORT,0.5
FTAI,2026-07-16 16:48:39.816208+00:00,CALL,210.0,2026-09-18,139080,61,78,11,200.29,REPEATEDHITS,False,False,False,139080,0,21568069863.0,64,ASK,LONG,1.0
FTAI,2026-07-16 13:54:01.812101+00:00,CALL,202.5,2026-07-17,12600,30,31,4,202.415,REPEATEDHITS,False,False,False,0,12600,21568069863.0,1,BID,SHORT,0.5
FTAI,2026-07-14 17:48:26.631740+00:00,CALL,205.0,2026-07-24,31202,30,30,0,206.16,REPEATEDHITSDESCENDINGFILL,False,False,False,0,31202,21568069863.0,10,BID,SHORT,0.5
FTAI,2026-07-14 17:10:24.773878+00:00,PUT,190.0,2026-08-21,68600,49,371,44,206.985,REPEATEDHITS,False,False,False,0,46200,21568069863.0,38,BID,LONG,0.5
FTAI,2026-07-14 16:55:49.371422+00:00,CALL,207.5,2026-07-24,30050,30,30,0,207.165,REPEATEDHITSASCENDINGFILL,False,False,False,0,30050,21568069863.0,10,BID,SHORT,0.5
FTAI,2026-07-13 19:00:42.466223+00:00,PUT,180.0,2026-08-21,63900,71,85,40,212.3,REPEATEDHITS,False,False,False,63900,0,21568069863.0,39,ASK,SHORT,1.0
FTAI,2026-07-10 17:41:15.826432+00:00,CALL,265.0,2026-08-28,287500,250,250,0,224.06,REPEATEDHITS,False,False,False,143750,72450,21568069863.0,49,ASK,LONG,1.0
FTAI,2026-07-09 16:09:07.107045+00:00,CALL,235.0,2026-07-31,69030,39,273,0,227.59,REPEATEDHITS,False,False,False,0,67260,21568069863.0,22,BID,SHORT,0.5
FTAI,2026-07-09 16:08:35.076422+00:00,CALL,235.0,2026-07-31,38940,22,208,0,227.525,REPEATEDHITS,False,False,False,0,38940,21568069863.0,22,BID,SHORT,0.5
FTAI,2026-07-09 16:08:17.841495+00:00,CALL,235.0,2026-07-31,31860,18,186,0,227.55,REPEATEDHITS,True,False,False,0,31860,21568069863.0,22,BID,SHORT,0.5
FTAI,2026-07-09 16:08:03.426480+00:00,CALL,235.0,2026-07-31,36960,21,168,0,227.315,REPEATEDHITS,False,False,False,0,36960,21568069863.0,22,BID,SHORT,0.5
FTAI,2026-07-09 16:07:59.022429+00:00,CALL,235.0,2026-07-31,45500,26,147,0,227.315,REPEATEDHITS,False,False,False,1750,43750,21568069863.0,22,BID,SHORT,0.5
FTAI,2026-07-09 16:07:39.403494+00:00,CALL,235.0,2026-07-31,48440,28,121,0,227.13,REPEATEDHITS,True,False,False,0,48440,21568069863.0,22,BID,SHORT,0.5
FTAI,2026-07-09 16:07:25.377048+00:00,CALL,235.0,2026-07-31,20520,12,93,0,227.13,REPEATEDHITS,False,False,False,0,20520,21568069863.0,22,BID,SHORT,0.5
FTAI,2026-07-09 16:06:50.732860+00:00,CALL,235.0,2026-07-31,51770,31,81,0,227.16,REPEATEDHITS,False,False,False,0,51770,21568069863.0,22,BID,SHORT,0.5
FTAI,2026-07-09 16:06:08.683143+00:00,CALL,235.0,2026-07-31,20040,12,32,0,226.76,REPEATEDHITS,False,False,False,0,20040,21568069863.0,22,BID,SHORT,0.5
FTAI,2026-07-08 19:52:42.008130+00:00,CALL,230.0,2026-08-21,1119550,600,601,175,212.92,REPEATEDHITSASCENDINGFILL,False,False,False,0,0,21568069863.0,44,MIXED,,0.0
FTAI,2026-07-07 15:08:41.697869+00:00,CALL,215.0,2026-07-10,131100,114,114,0,222.07,REPEATEDHITS,False,False,False,131100,0,21568069863.0,3,ASK,LONG,1.0
FTAI,2026-07-02 18:08:13.842145+00:00,PUT,245.0,2026-07-17,31500,30,30,2,250.16,REPEATEDHITS,False,False,False,0,31500,21568069863.0,15,BID,LONG,0.5
FTAI,2026-07-01 18:25:32.157337+00:00,PUT,262.5,2026-07-10,29580,29,29,0,263.14,REPEATEDHITS,False,False,False,0,29580,21568069863.0,9,BID,LONG,0.5
FTAI,2026-07-01 17:47:07.901871+00:00,CALL,320.0,2026-07-31,147600,180,185,155,262.5,REPEATEDHITS,False,False,False,73800,73800,21568069863.0,30,MIXED,,0.0
FTAI,2026-07-01 16:39:56.574710+00:00,CALL,262.5,2026-07-10,52000,40,40,0,266.6,REPEATEDHITS,False,False,False,0,52000,21568069863.0,9,BID,SHORT,0.5
FTAI,2026-07-01 16:19:28.949120+00:00,PUT,195.0,2026-08-07,14400,40,41,0,265.535,REPEATEDHITS,False,False,False,360,14040,21568069863.0,37,BID,LONG,0.5
FTAI,2026-07-01 15:30:53.658708+00:00,PUT,270.0,2026-07-10,52480,41,41,11,265.865,REPEATEDHITS,False,False,False,0,52480,21568069863.0,9,BID,LONG,0.5
FTAI,2026-07-01 15:02:20.954739+00:00,PUT,260.0,2026-07-10,22620,26,26,1,263.425,REPEATEDHITS,False,False,False,0,22620,21568069863.0,9,BID,LONG,0.5
FTAI,2026-06-30 19:26:39.499026+00:00,PUT,250.0,2026-09-18,165660,66,66,59,270.05,REPEATEDHITS,False,False,False,0,165660,21568069863.0,80,BID,LONG,0.5
FTAI,2026-06-26 17:55:37.056989+00:00,CALL,250.0,2026-08-07,72460,20,35,1,263.9,REPEATEDHITS,False,False,False,0,72460,21568069863.0,42,BID,SHORT,0.5
FTAI,2026-06-26 15:01:07.966045+00:00,CALL,252.5,2026-07-02,318460,153,153,0,267.43,REPEATEDHITSASCENDINGFILL,True,False,False,14660,27160,21568069863.0,6,BID,SHORT,0.5
FTAI,2026-06-26 14:34:43.352391+00:00,CALL,260.0,2026-06-26,121069,199,199,22,264.525,REPEATEDHITSASCENDINGFILL,False,False,False,1829,119240,21568069863.0,0,BID,SHORT,0.5
FTAI,2026-06-26 14:34:43.352391+00:00,CALL,250.0,2026-07-24,425050,154,157,4,261.559,REPEATEDHITS,False,False,False,0,27610,21568069863.0,28,BID,SHORT,0.5
FTAI,2026-06-26 14:11:44.120614+00:00,CALL,290.0,2026-08-07,25950,15,260,0,260.86,REPEATEDHITS,False,False,False,25950,0,21568069863.0,42,ASK,LONG,1.0
FTAI,2026-06-25 14:16:17.087757+00:00,PUT,277.5,2026-07-02,32400,27,100,0,275.12,REPEATEDHITS,False,False,False,32400,0,21568069863.0,7,ASK,SHORT,1.0
FTAI,2026-06-24 19:30:55.806352+00:00,CALL,302.5,2026-07-02,27560,106,359,10,272.12,REPEATEDHITS,False,False,False,1040,26520,21568069863.0,8,BID,SHORT,0.5
FTAI,2026-06-24 16:41:06.658647+00:00,CALL,320.0,2026-07-24,24540,30,284,6,275.425,REPEATEDHITS,False,False,False,24540,0,21568069863.0,30,ASK,LONG,1.0
FTAI,2026-06-24 16:35:51.518910+00:00,CALL,320.0,2026-07-24,24852,30,164,6,274.74,REPEATEDHITSASCENDINGFILL,True,False,False,4932,19920,21568069863.0,30,BID,SHORT,0.5
FTAI,2026-06-23 19:52:21.004656+00:00,PUT,210.0,2026-12-18,402500,175,175,5,259.79,REPEATEDHITS,False,False,False,55200,0,21568069863.0,178,ASK,SHORT,1.0
FTAI,2026-06-23 19:22:55.997646+00:00,PUT,255.0,2026-07-17,15400,10,15,0,259.545,REPEATEDHITS,False,False,False,15400,0,21568069863.0,24,ASK,SHORT,1.0
FTAI,2026-06-22 16:01:28.707801+00:00,PUT,275.0,2026-07-02,20000,16,50,0,274.43,REPEATEDHITS,False,False,False,20000,0,21568069863.0,10,ASK,SHORT,1.0
FTAI,2026-06-22 14:34:39.615897+00:00,PUT,257.5,2026-07-17,32132,30,30,0,273.775,REPEATEDHITSDESCENDINGFILL,False,False,False,25760,6372,21568069863.0,25,ASK,SHORT,1.0
FTAI,2026-06-22 13:54:25.238720+00:00,CALL,285.0,2026-07-17,59400,36,36,0,276.455,REPEATEDHITS,False,False,False,0,59400,21568069863.0,25,BID,SHORT,0.5
FUTU,2026-07-22 14:09:45.421938+00:00,PUT,104.0,2026-07-24,10964,85,85,11,106.11,REPEATEDHITS,False,False,False,10319,0,9922710553.0,2,ASK,SHORT,1.0
FUTU,2026-07-22 14:04:04.930354+00:00,CALL,110.0,2026-08-07,54030,124,152,34,108.15,REPEATEDHITSASCENDINGFILL,True,False,False,445,53585,9922710553.0,16,BID,SHORT,0.5
FUTU,2026-07-22 13:50:30.430037+00:00,CALL,109.0,2026-07-24,17080,91,92,12,108.07,REPEATEDHITSDESCENDINGFILL,True,False,False,17080,0,9922710553.0,2,ASK,LONG,1.0
FUTU,2026-07-22 13:50:30.430037+00:00,CALL,109.0,2026-07-24,30140,160,252,12,108.27,REPEATEDHITSASCENDINGFILL,False,False,False,25278,4862,9922710553.0,2,ASK,LONG,1.0
FUTU,2026-07-22 13:49:33.886940+00:00,CALL,115.0,2026-07-31,40579,341,342,64,107.64,REPEATEDHITS,False,False,False,40579,0,9922710553.0,9,ASK,LONG,1.0
FUTU,2026-07-22 13:44:09.789228+00:00,CALL,108.0,2026-07-24,11934,77,77,53,106.66,REPEATEDHITS,False,False,False,11934,0,9922710553.0,2,ASK,LONG,1.0
FUTU,2026-07-22 13:43:57.764000+00:00,CALL,106.0,2026-07-31,41200,103,106,55,106.38,REPEATEDHITS,True,False,False,11600,1200,9922710553.0,9,ASK,LONG,1.0
FUTU,2026-07-20 19:04:09.562803+00:00,CALL,98.0,2026-07-24,18675,75,133,15,98.41,REPEATEDHITS,False,False,False,0,18675,9922710553.0,4,BID,SHORT,0.5
FUTU,2026-07-20 17:09:49.872836+00:00,PUT,99.0,2026-07-24,14323,62,65,30,98.97,REPEATEDHITS,False,False,False,0,14323,9922710553.0,4,BID,LONG,0.5
FUTU,2026-07-20 15:00:55.044206+00:00,CALL,122.45,2027-01-15,36900,41,45,16,98.4,REPEATEDHITS,False,False,False,1800,35100,9922710553.0,179,BID,SHORT,0.5
FUTU,2026-07-20 13:38:21.387854+00:00,CALL,99.0,2026-07-24,16764,73,108,38,98.45,REPEATEDHITS,False,False,False,16764,0,9922710553.0,4,ASK,LONG,1.0
FUTU,2026-07-20 13:37:18.825610+00:00,CALL,98.0,2026-07-24,12064,54,54,15,97.87,REPEATEDHITSDESCENDINGFILL,True,False,False,6470,5594,9922710553.0,4,ASK,LONG,1.0
FUTU,2026-07-17 18:37:47.877484+00:00,PUT,95.0,2026-10-16,169050,161,162,43,95.5,REPEATEDHITS,False,False,False,169050,0,9922710553.0,91,ASK,SHORT,1.0
FUTU,2026-07-17 14:24:58.861288+00:00,CALL,100.0,2026-07-24,99600,996,1032,49,94.54,REPEATEDHITS,False,False,False,0,99600,9922710553.0,7,BID,SHORT,0.5
FUTU,2026-07-17 13:47:28.929295+00:00,PUT,93.0,2026-07-24,24510,86,92,8,93.075,REPEATEDHITS,False,False,False,0,24510,9922710553.0,7,BID,LONG,0.5
FUTU,2026-07-16 19:54:56.701854+00:00,CALL,95.0,2026-07-24,12920,29,29,18,97.96,REPEATEDHITSASCENDINGFILL,True,False,False,6250,6670,9922710553.0,8,BID,SHORT,0.5
FUTU,2026-07-16 16:38:51.535528+00:00,CALL,102.0,2026-07-31,72448,283,283,18,98.38,REPEATEDHITS,False,False,False,72448,0,9922710553.0,15,ASK,LONG,1.0
FUTU,2026-07-16 15:11:24.138308+00:00,PUT,94.0,2026-08-07,50592,184,184,22,98.885,REPEATEDHITS,False,False,False,50592,0,9922710553.0,22,ASK,SHORT,1.0
FUTU,2026-07-15 19:27:32.875990+00:00,PUT,110.0,2026-07-31,23312,20,20,1,99.14,REPEATEDHITSASCENDINGFILL,False,False,False,10485,12827,9922710553.0,16,BID,LONG,0.5
FUTU,2026-07-15 18:32:09.185570+00:00,PUT,97.0,2026-07-17,12709,179,193,175,99.72,REPEATEDHITS,True,False,False,71,12638,9922710553.0,2,BID,LONG,0.5
FUTU,2026-07-15 15:29:28.455564+00:00,PUT,98.0,2026-07-17,20963,223,224,52,100.19,REPEATEDHITS,False,False,False,95,20868,9922710553.0,2,BID,LONG,0.5
FUTU,2026-07-14 15:05:09.482223+00:00,CALL,97.0,2026-07-17,15169,77,77,53,97.02,REPEATEDHITS,False,False,False,0,15169,9922710553.0,3,BID,SHORT,0.5
FUTU,2026-07-13 19:35:10.855853+00:00,PUT,97.0,2026-07-17,41273,149,150,32,96.0,REPEATEDHITS,False,False,False,41273,0,9922710553.0,4,ASK,SHORT,1.0
FUTU,2026-07-13 14:25:34.516847+00:00,PUT,90.0,2026-08-07,28890,100,206,67,96.11,REPEATEDHITSDESCENDINGFILL,False,False,False,12302,16588,9922710553.0,25,BID,LONG,0.5
FUTU,2026-07-09 16:55:33.167443+00:00,PUT,97.0,2026-07-10,19995,155,155,107,97.17,REPEATEDHITS,False,False,False,0,19995,9922710553.0,1,BID,LONG,0.5
FUTU,2026-07-09 13:33:32.910811+00:00,PUT,92.0,2026-07-17,84000,400,400,344,94.77,REPEATEDHITS,False,False,False,16800,52920,9922710553.0,8,BID,LONG,0.5
FUTU,2026-07-08 19:47:50.551806+00:00,PUT,95.0,2026-07-10,34320,220,289,192,95.625,REPEATEDHITS,False,False,False,1560,32760,9922710553.0,2,BID,LONG,0.5
FUTU,2026-07-08 19:24:06.004658+00:00,CALL,96.0,2026-07-10,45936,264,283,61,95.69,REPEATEDHITS,False,False,False,0,45588,9922710553.0,2,BID,SHORT,0.5
FUTU,2026-07-08 16:26:06.232189+00:00,PUT,100.0,2026-07-31,10455,11,11,7,92.79,REPEATEDHITSDESCENDINGFILL,True,False,False,3800,6655,9922710553.0,23,BID,LONG,0.5
FUTU,2026-07-07 18:51:08.668033+00:00,CALL,95.0,2026-07-10,10890,65,95,25,93.89,REPEATEDHITSDESCENDINGFILL,True,False,False,7070,3820,9922710553.0,3,ASK,LONG,1.0
FUTU,2026-07-07 17:52:27.095744+00:00,PUT,88.0,2026-07-10,10948,322,373,58,94.23,REPEATEDHITS,False,False,False,0,10948,9922710553.0,3,BID,LONG,0.5
FUTU,2026-07-07 16:55:50.810824+00:00,PUT,92.0,2026-07-17,58497,195,530,11,93.06,REPEATEDHITSDESCENDINGFILL,False,False,False,53697,4800,9922710553.0,10,ASK,SHORT,1.0
FUTU,2026-07-07 16:26:58.573012+00:00,PUT,92.0,2026-07-17,101674,329,335,11,92.815,REPEATEDHITS,False,False,False,5254,96420,9922710553.0,10,BID,LONG,0.5
FUTU,2026-07-07 14:21:49.207707+00:00,PUT,98.0,2026-07-10,52800,176,176,84,96.34,REPEATEDHITS,False,False,False,52800,0,9922710553.0,3,ASK,SHORT,1.0
FUTU,2026-07-07 14:09:25.816139+00:00,PUT,96.0,2026-07-10,29455,137,1203,123,96.16,REPEATEDHITS,False,False,False,22145,7310,9922710553.0,3,ASK,SHORT,1.0
FUTU,2026-07-07 14:08:52.964996+00:00,PUT,96.0,2026-07-10,86400,400,1003,123,96.08,REPEATEDHITS,False,False,False,65448,20952,9922710553.0,3,ASK,SHORT,1.0
FUTU,2026-07-06 16:26:18.416127+00:00,CALL,96.5,2026-07-17,124555,235,258,24,98.75,REPEATEDHITS,False,False,False,530,124025,9922710553.0,11,BID,SHORT,0.5
FUTU,2026-07-06 14:44:15.651915+00:00,CALL,98.0,2026-07-31,11895,20,31,14,97.525,REPEATEDHITS,True,False,False,11895,0,9922710553.0,25,ASK,LONG,1.0
FUTU,2026-07-06 14:04:35.063369+00:00,CALL,98.0,2026-07-17,73215,183,188,4,97.42,REPEATEDHITSASCENDINGFILL,True,False,False,410,72805,9922710553.0,11,BID,SHORT,0.5
FUTU,2026-07-06 13:53:52.662058+00:00,PUT,97.0,2026-07-10,18400,80,80,23,98.0,REPEATEDHITS,True,False,False,230,18170,9922710553.0,4,BID,LONG,0.5
FUTU,2026-07-06 13:40:16.185564+00:00,CALL,96.5,2026-07-10,62040,188,188,1,96.99,REPEATEDHITS,False,False,False,62040,0,9922710553.0,4,ASK,LONG,1.0
FUTU,2026-07-02 17:06:52.863822+00:00,CALL,101.0,2026-07-17,34170,134,137,91,95.4787,REPEATEDHITS,False,False,False,0,34170,9922710553.0,15,BID,SHORT,0.5
FUTU,2026-07-02 15:08:56.212503+00:00,CALL,104.0,2026-07-17,58464,261,261,16,97.5,REPEATEDHITS,False,False,False,0,58464,9922710553.0,15,BID,SHORT,0.5
FUTU,2026-07-01 19:31:16.200694+00:00,CALL,105.0,2026-07-02,16170,462,557,87,101.2,REPEATEDHITS,False,False,False,16170,0,9922710553.0,1,ASK,LONG,1.0
FUTU,2026-07-01 17:49:46.284273+00:00,CALL,107.0,2026-07-17,78824,334,349,14,100.67,REPEATEDHITS,True,False,False,78588,236,9922710553.0,16,ASK,LONG,1.0
FUTU,2026-07-01 17:04:16.832611+00:00,PUT,102.0,2026-07-10,11161,24,24,9,99.66,REPEATEDHITS,False,False,False,0,11161,9922710553.0,9,BID,LONG,0.5
FUTU,2026-07-01 16:59:35.311669+00:00,PUT,103.0,2026-07-10,13920,24,25,0,98.745,REPEATEDHITS,True,False,False,0,13920,9922710553.0,9,BID,LONG,0.5
FUTU,2026-07-01 16:48:01.911100+00:00,CALL,107.0,2026-07-10,18042,194,204,25,98.85,REPEATEDHITS,False,False,False,18042,0,9922710553.0,9,ASK,LONG,1.0
FUTU,2026-07-01 15:45:26.912755+00:00,PUT,99.0,2026-07-17,101835,219,220,3,98.885,REPEATEDHITS,False,False,False,101835,0,9922710553.0,16,ASK,SHORT,1.0
FUTU,2026-07-01 15:06:19.387049+00:00,CALL,104.0,2026-07-24,12400,31,31,24,99.205,REPEATEDHITS,True,False,False,12400,0,9922710553.0,23,ASK,LONG,1.0
GDX,2026-07-22 15:38:42.544129+00:00,CALL,82.0,2026-08-07,61000,488,504,83,77.62,REPEATEDHITS,True,False,False,0,61000,52.3404,16,BID,SHORT,0.5
GDX,2026-07-22 15:33:51.822147+00:00,CALL,73.0,2028-12-15,24250,10,10,3,77.6,REPEATEDHITS,False,False,False,19400,4850,52.3404,877,ASK,LONG,1.0
GDX,2026-07-22 14:17:54.650948+00:00,CALL,73.5,2026-08-21,42700,70,73,1,77.375,REPEATEDHITS,False,False,False,30500,0,52.3404,30,ASK,LONG,1.0
GDX,2026-07-22 14:14:01.443415+00:00,CALL,74.0,2026-12-18,78100,71,73,23,77.63,REPEATEDHITS,False,False,False,0,75900,52.3404,149,BID,SHORT,0.5
GDX,2026-07-22 13:43:15.470872+00:00,CALL,79.0,2026-07-31,18000,125,145,124,77.16,REPEATEDHITS,False,False,False,18000,0,52.3404,9,ASK,LONG,1.0
GDX,2026-07-22 13:36:21.512385+00:00,CALL,99.0,2027-12-17,59700,60,73,11,76.89,REPEATEDHITS,False,False,False,59700,0,52.3404,513,ASK,LONG,1.0
GDX,2026-07-21 18:52:18.589935+00:00,CALL,71.5,2026-08-07,13175,31,35,11,73.86,REPEATEDHITS,True,False,False,0,13175,52.3404,17,BID,SHORT,0.5
GDX,2026-07-21 15:46:46.874862+00:00,CALL,72.0,2026-08-14,23590,53,55,23,73.85,REPEATEDHITS,True,False,False,445,23145,52.3404,24,BID,SHORT,0.5
GDX,2026-07-21 14:14:20.624613+00:00,PUT,69.0,2026-07-24,38826,2157,2283,324,73.11,REPEATEDHITS,False,False,False,0,38826,52.3404,3,BID,LONG,0.5
GDX,2026-07-21 13:37:03.375475+00:00,CALL,73.0,2026-07-24,55097,463,506,344,72.65,REPEATEDHITS,True,False,False,0,55097,52.3404,3,BID,SHORT,0.5
GDX,2026-07-20 19:03:57.535447+00:00,CALL,70.5,2026-08-14,30600,85,118,34,70.885,REPEATEDHITS,True,False,False,0,30600,52.3404,25,BID,SHORT,0.5
GDX,2026-07-20 18:11:11.119835+00:00,PUT,71.5,2026-08-14,16500,50,59,24,71.325,REPEATEDHITS,False,False,False,0,16500,52.3404,25,BID,LONG,0.5
GDX,2026-07-20 14:22:01.912897+00:00,CALL,71.0,2026-07-31,25742,122,125,31,70.565,REPEATEDHITS,True,False,False,4220,21522,52.3404,11,BID,SHORT,0.5
GDX,2026-07-20 13:53:29.430568+00:00,CALL,68.0,2026-09-18,15755,23,23,13,70.93,REPEATEDHITS,True,False,False,0,15755,52.3404,60,BID,SHORT,0.5
GDX,2026-07-17 16:50:51.753207+00:00,CALL,76.0,2027-03-19,189730,212,214,125,71.6199,REPEATEDHITSDESCENDINGFILL,False,False,False,188835,895,52.3404,245,ASK,LONG,1.0
GDX,2026-07-17 15:51:15.637182+00:00,CALL,71.0,2026-07-17,17640,280,2205,94,71.49,REPEATEDHITS,False,False,False,17640,0,52.3404,0,ASK,LONG,1.0
GDX,2026-07-17 13:36:12.956827+00:00,PUT,60.0,2026-08-21,241344,3771,3815,2838,69.97,REPEATEDHITS,False,False,False,241344,0,52.3404,35,ASK,SHORT,1.0
GDX,2026-07-16 19:55:19.954388+00:00,CALL,72.0,2026-07-24,10260,60,1549,6,71.615,REPEATEDHITS,False,False,False,10260,0,52.3404,8,ASK,LONG,1.0
GDX,2026-07-16 19:55:02.718075+00:00,CALL,72.0,2026-07-24,40581,243,606,6,71.585,REPEATEDHITS,True,False,False,0,40581,52.3404,8,BID,SHORT,0.5
GDX,2026-07-16 19:52:30.213880+00:00,CALL,71.0,2027-03-19,56160,52,52,1,71.445,REPEATEDHITS,True,False,False,56160,0,52.3404,246,ASK,LONG,1.0
GDX,2026-07-16 19:24:16.397702+00:00,CALL,81.0,2027-03-19,105610,149,149,2,71.445,REPEATEDHITSDESCENDINGFILL,True,False,False,99970,0,52.3404,246,ASK,LONG,1.0
GDX,2026-07-16 18:52:23.073002+00:00,CALL,73.0,2027-03-19,125775,129,132,2,71.34,REPEATEDHITS,False,False,False,125775,0,52.3404,246,ASK,LONG,1.0
GDX,2026-07-16 18:41:53.374237+00:00,CALL,69.0,2026-12-18,403515,416,565,6,71.16,REPEATEDHITS,True,False,False,340470,1935,52.3404,155,ASK,LONG,1.0
GDX,2026-07-16 18:28:15.190442+00:00,PUT,71.0,2026-07-17,92895,1689,2399,1344,71.37,REPEATEDHITS,False,False,False,550,92345,52.3404,1,BID,LONG,0.5
GDX,2026-07-16 18:19:57.490493+00:00,CALL,73.0,2027-01-15,311394,371,372,12,71.41,REPEATEDHITSDESCENDINGFILL,True,False,False,310554,0,52.3404,183,ASK,LONG,1.0
GDX,2026-07-16 16:14:38.697313+00:00,PUT,72.0,2026-07-24,458755,2195,2768,922,71.46,REPEATEDHITS,False,False,False,458755,0,52.3404,8,ASK,SHORT,1.0
GDX,2026-07-16 15:53:15.963940+00:00,CALL,78.0,2027-01-15,242589,357,414,119,71.93,REPEATEDHITSDESCENDINGFILL,True,False,False,235789,0,52.3404,183,ASK,LONG,1.0
GDX,2026-07-16 14:30:29.570159+00:00,CALL,73.0,2026-07-17,89097,1747,5140,942,72.1,REPEATEDHITS,False,False,False,0,89097,52.3404,1,BID,SHORT,0.5
GDX,2026-07-16 14:07:45.832921+00:00,CALL,79.0,2026-08-21,51600,300,18423,274,72.16,REPEATEDHITS,False,False,False,51600,0,52.3404,36,ASK,LONG,1.0
GDX,2026-07-16 13:59:05.341020+00:00,CALL,79.0,2026-08-21,99120,590,13858,274,72.12,REPEATEDHITS,False,False,False,0,99120,52.3404,36,BID,SHORT,0.5
GDX,2026-07-16 13:51:02.698752+00:00,CALL,79.0,2026-08-21,107561,591,7109,274,72.36,REPEATEDHITS,True,False,False,107380,181,52.3404,36,ASK,LONG,1.0
GDX,2026-07-16 13:50:04.779797+00:00,CALL,79.0,2026-08-21,52196,307,5715,274,72.11,REPEATEDHITSDESCENDINGFILL,False,False,False,1026,51170,52.3404,36,BID,SHORT,0.5
GDX,2026-07-16 13:37:54.984699+00:00,CALL,73.0,2026-07-17,131985,2095,2103,942,72.185,REPEATEDHITS,False,False,False,0,131985,52.3404,1,BID,SHORT,0.5
GDX,2026-07-15 17:09:23.285998+00:00,CALL,84.5,2026-07-24,20004,3334,3353,713,73.34,REPEATEDHITS,False,False,False,0,20004,52.3404,9,BID,SHORT,0.5
GDX,2026-07-15 15:19:56.724795+00:00,PUT,67.0,2026-08-28,235450,1385,1386,0,73.285,REPEATEDHITS,False,False,False,0,235450,52.3404,44,BID,LONG,0.5
GDX,2026-07-14 17:30:33.705291+00:00,PUT,79.0,2026-08-07,26100,45,45,5,74.78,REPEATEDHITS,True,False,False,0,26100,52.3404,24,BID,LONG,0.5
GDX,2026-07-14 16:45:09.985874+00:00,CALL,220.0,2027-01-15,17991,1999,2033,1291,74.96,REPEATEDHITS,False,False,False,17991,0,52.3404,185,ASK,LONG,1.0
GDX,2026-07-14 16:25:17.591341+00:00,PUT,74.0,2026-07-24,35000,200,211,45,74.925,REPEATEDHITS,False,False,False,29400,0,52.3404,10,ASK,SHORT,1.0
GDX,2026-07-13 18:53:46.187911+00:00,CALL,73.0,2026-07-17,16625,95,913,90,73.205,REPEATEDHITS,False,False,False,16625,0,52.3404,4,ASK,LONG,1.0
GDX,2026-07-13 17:29:34.647021+00:00,PUT,68.0,2026-07-24,27500,500,517,99,73.15,REPEATEDHITS,False,False,False,0,27500,52.3404,11,BID,LONG,0.5
GDX,2026-07-13 16:10:16.600718+00:00,CALL,91.0,2028-12-15,152125,95,95,0,73.6603,REPEATEDHITSDESCENDINGFILL,False,False,False,0,152125,52.3404,886,BID,SHORT,0.5
GDX,2026-07-13 14:56:53.004412+00:00,PUT,75.0,2026-08-14,147050,346,2405,51,73.95,REPEATEDHITS,False,False,False,0,147050,52.3404,32,BID,LONG,0.5
GDX,2026-07-13 14:53:13.874719+00:00,PUT,72.5,2026-08-28,119520,332,340,0,73.825,REPEATEDHITS,True,False,False,360,119160,52.3404,46,BID,LONG,0.5
GDX,2026-07-13 13:53:20.162880+00:00,PUT,75.0,2026-08-14,36960,88,863,51,74.09,REPEATEDHITS,False,False,False,36960,0,52.3404,32,ASK,SHORT,1.0
GDX,2026-07-10 19:26:19.689634+00:00,CALL,88.0,2026-08-21,78073,773,781,407,75.63,REPEATEDHITS,True,False,False,0,77871,52.3404,42,BID,SHORT,0.5
GDX,2026-07-10 19:03:52.244821+00:00,PUT,70.0,2026-08-07,74613,561,580,258,75.505,REPEATEDHITS,False,False,False,399,74214,52.3404,28,BID,LONG,0.5
GDX,2026-07-10 17:58:55.981020+00:00,PUT,70.0,2026-07-31,206700,2067,2094,1755,75.5999,REPEATEDHITS,False,False,False,0,206700,52.3404,21,BID,LONG,0.5
GDX,2026-07-10 17:19:17.291919+00:00,CALL,88.0,2026-08-14,257411,3343,3345,4,75.605,REPEATEDHITS,False,False,False,0,257411,52.3404,35,BID,SHORT,0.5
GDX,2026-07-09 19:36:34.776381+00:00,CALL,78.0,2026-08-21,192360,527,610,497,75.565,REPEATEDHITS,False,False,False,0,191990,52.3404,43,BID,SHORT,0.5
GDX,2026-07-09 17:11:32.719323+00:00,PUT,77.0,2026-09-18,15770,25,168,20,75.705,REPEATEDHITSASCENDINGFILL,True,False,False,2540,13230,52.3404,71,BID,LONG,0.5
GDXJ,2026-07-22 15:17:17.324872+00:00,PUT,102.0,2026-08-07,23780,58,58,22,102.0,REPEATEDHITS,False,False,False,0,23780,68.6819,16,BID,LONG,0.5
GDXJ,2026-07-22 14:56:27.800394+00:00,CALL,97.5,2026-08-07,22750,35,35,0,101.34,REPEATEDHITS,False,False,False,0,22750,68.6819,16,BID,SHORT,0.5
GDXJ,2026-07-21 19:48:52.879070+00:00,PUT,96.0,2026-07-24,39000,300,301,19,96.89,REPEATEDHITS,True,False,False,39000,0,68.6819,3,ASK,SHORT,1.0
GDXJ,2026-07-21 19:33:46.676981+00:00,PUT,95.0,2026-07-24,20685,197,288,118,96.65,REPEATEDHITS,True,False,False,20685,0,68.6819,3,ASK,SHORT,1.0
GDXJ,2026-07-21 17:41:10.882229+00:00,CALL,93.0,2026-08-07,21700,35,42,2,96.46,REPEATEDHITS,False,False,False,0,21700,68.6819,17,BID,SHORT,0.5
GDXJ,2026-07-21 16:20:09.161986+00:00,CALL,96.0,2028-01-21,63360,25,25,1,96.76,REPEATEDHITSDESCENDINGFILL,True,False,False,63360,0,68.6819,549,ASK,LONG,1.0
GDXJ,2026-07-21 14:39:50.771653+00:00,PUT,90.0,2026-08-07,10725,55,296,18,95.27,REPEATEDHITS,True,False,False,195,0,68.6819,17,ASK,SHORT,1.0
GDXJ,2026-07-21 14:38:28.050786+00:00,PUT,107.0,2026-08-21,15360,12,12,10,95.26,REPEATEDHITS,False,False,False,0,15360,68.6819,31,BID,LONG,0.5
GDXJ,2026-07-21 13:43:02.772234+00:00,PUT,83.0,2026-09-18,109134,387,387,295,94.525,REPEATEDHITS,False,False,False,109134,0,68.6819,59,ASK,SHORT,1.0
GDXJ,2026-07-21 13:35:23.251988+00:00,CALL,93.5,2026-07-24,19520,64,64,18,95.23,REPEATEDHITS,True,False,False,19520,0,68.6819,3,ASK,LONG,1.0
GDXJ,2026-07-21 13:35:23.251988+00:00,CALL,96.0,2026-07-24,12800,76,76,38,95.38,REPEATEDHITSDESCENDINGFILL,True,False,False,10132,1992,68.6819,3,ASK,LONG,1.0
GDXJ,2026-07-20 19:37:17.570664+00:00,CALL,95.0,2026-07-24,33490,394,491,35,91.93,REPEATEDHITS,True,False,False,0,33490,68.6819,4,BID,SHORT,0.5
GDXJ,2026-07-20 18:30:08.041854+00:00,PUT,92.5,2026-07-24,54133,259,301,12,92.28,REPEATEDHITSASCENDINGFILL,True,False,False,0,54133,68.6819,4,BID,LONG,0.5
GDXJ,2026-07-20 18:00:09.262403+00:00,PUT,91.0,2026-07-24,12496,88,91,24,92.2701,REPEATEDHITS,False,False,False,0,12496,68.6819,4,BID,LONG,0.5
GDXJ,2026-07-20 13:51:50.668617+00:00,PUT,100.0,2026-11-20,84960,59,59,20,92.325,REPEATEDHITS,False,False,False,73440,0,68.6819,123,ASK,SHORT,1.0
GDXJ,2026-07-17 15:51:40.072342+00:00,CALL,105.0,2027-02-19,24360,24,25,4,92.765,REPEATEDHITS,True,False,False,19285,0,68.6819,217,ASK,LONG,1.0
GDXJ,2026-07-17 13:40:07.972152+00:00,PUT,82.0,2026-09-18,129880,382,382,36,90.461,REPEATEDHITS,False,False,False,129880,0,68.6819,63,ASK,SHORT,1.0
GDXJ,2026-07-16 17:18:35.666540+00:00,CALL,108.0,2026-08-28,12900,86,86,0,92.5999,REPEATEDHITS,False,False,False,0,12900,68.6819,43,BID,SHORT,0.5
GDXJ,2026-07-16 16:46:22.381061+00:00,CALL,105.0,2026-08-14,21414,166,173,12,92.57,REPEATEDHITS,False,False,False,0,21414,68.6819,29,BID,SHORT,0.5
GDXJ,2026-07-16 15:53:30.977309+00:00,PUT,93.0,2026-07-17,38709,391,907,276,93.28,REPEATEDHITS,False,False,False,0,38709,68.6819,1,BID,LONG,0.5
GDXJ,2026-07-16 15:19:15.519538+00:00,PUT,93.0,2026-07-17,39765,282,296,276,92.54,REPEATEDHITS,True,False,False,282,39483,68.6819,1,BID,LONG,0.5
GDXJ,2026-07-16 14:31:50.723806+00:00,CALL,96.0,2026-08-21,49680,108,270,20,93.45,REPEATEDHITS,False,False,False,0,49680,68.6819,36,BID,SHORT,0.5
GDXJ,2026-07-15 19:48:44.074351+00:00,CALL,99.5,2026-08-07,105740,311,311,0,96.65,REPEATEDHITS,False,False,False,0,105740,68.6819,23,BID,SHORT,0.5
GDXJ,2026-07-15 18:13:59.725021+00:00,PUT,94.0,2026-08-21,55084,136,158,51,97.205,REPEATEDHITS,False,False,False,0,55084,68.6819,37,BID,LONG,0.5
GDXJ,2026-07-15 17:35:39.562755+00:00,PUT,98.0,2026-09-18,268870,334,537,300,96.51,REPEATEDHITS,False,False,False,0,268870,68.6819,65,BID,LONG,0.5
GDXJ,2026-07-15 16:46:52.761153+00:00,CALL,92.0,2026-09-18,13300,14,14,1,94.92,REPEATEDHITS,True,False,False,13300,0,68.6819,65,ASK,LONG,1.0
GDXJ,2026-07-15 16:27:52.879884+00:00,CALL,106.0,2026-08-07,14319,111,125,0,95.02,REPEATEDHITS,False,False,False,0,14319,68.6819,23,BID,SHORT,0.5
GDXJ,2026-07-15 15:11:20.657657+00:00,CALL,95.0,2026-08-28,217970,307,307,0,96.35,REPEATEDHITS,False,False,False,0,217970,68.6819,44,BID,SHORT,0.5
GDXJ,2026-07-15 14:45:47.364405+00:00,CALL,99.5,2026-07-31,32818,122,122,2,96.4,REPEATEDHITS,False,False,False,0,32818,68.6819,16,BID,SHORT,0.5
GDXJ,2026-07-15 14:18:13.674698+00:00,CALL,98.5,2026-07-31,224414,660,660,1,97.1886,REPEATEDHITSASCENDINGFILL,False,False,False,0,224414,68.6819,16,BID,SHORT,0.5
GDXJ,2026-07-14 17:51:15.194186+00:00,PUT,99.0,2026-07-24,17500,50,50,11,98.47,REPEATEDHITS,False,False,False,0,17500,68.6819,10,BID,LONG,0.5
GDXJ,2026-07-14 17:27:14.498683+00:00,PUT,98.0,2026-07-17,11059,57,63,40,98.128,REPEATEDHITS,False,False,False,0,11059,68.6819,3,BID,LONG,0.5
GDXJ,2026-07-14 17:05:40.654262+00:00,CALL,98.0,2026-07-17,30306,145,147,24,98.08,REPEATEDHITS,False,False,False,0,30306,68.6819,3,BID,SHORT,0.5
GDXJ,2026-07-13 16:25:15.787436+00:00,PUT,85.0,2026-12-18,76195,120,140,6,95.79,REPEATEDHITS,True,False,False,75565,630,68.6819,158,ASK,SHORT,1.0
GDXJ,2026-07-13 15:51:50.980843+00:00,PUT,96.0,2026-08-21,19470,33,53,11,96.09,REPEATEDHITS,False,False,False,19470,0,68.6819,39,ASK,SHORT,1.0
GDXJ,2026-07-13 15:51:50.980843+00:00,PUT,96.0,2026-08-21,10030,17,20,11,96.09,REPEATEDHITS,False,False,False,10030,0,68.6819,39,ASK,SHORT,1.0
GDXJ,2026-07-13 15:29:13.210262+00:00,PUT,94.0,2026-07-17,26443,226,228,115,96.575,REPEATEDHITS,False,False,False,0,26443,68.6819,4,BID,LONG,0.5
GDXJ,2026-07-13 15:09:02.345139+00:00,PUT,96.0,2026-07-17,16810,82,115,10,96.4,REPEATEDHITS,False,False,False,0,16810,68.6819,4,BID,LONG,0.5
GDXJ,2026-07-10 17:48:09.439515+00:00,CALL,105.0,2026-08-07,19530,63,63,4,99.215,REPEATEDHITS,False,False,False,310,19220,68.6819,28,BID,SHORT,0.5
GDXJ,2026-07-10 15:46:14.062427+00:00,PUT,94.0,2026-07-24,20034,126,127,28,98.985,REPEATEDHITS,False,False,False,0,20034,68.6819,14,BID,LONG,0.5
GDXJ,2026-07-10 15:17:46.742558+00:00,CALL,115.0,2026-08-07,18300,183,183,15,98.74,REPEATEDHITS,False,False,False,5000,13300,68.6819,28,BID,SHORT,0.5
GDXJ,2026-07-09 19:24:51.523132+00:00,CALL,115.0,2026-08-14,105920,662,663,0,98.925,REPEATEDHITS,False,False,False,160,105760,68.6819,36,BID,SHORT,0.5
GDXJ,2026-07-09 18:57:48.848465+00:00,CALL,101.0,2026-07-31,17200,43,43,11,98.94,REPEATEDHITS,False,False,False,0,15600,68.6819,22,BID,SHORT,0.5
GDXJ,2026-07-08 16:22:00.104797+00:00,CALL,98.0,2026-09-18,30450,42,65,9,94.58,REPEATEDHITS,True,False,False,30450,0,68.6819,72,ASK,LONG,1.0
GDXJ,2026-07-08 16:10:26.741825+00:00,PUT,96.5,2026-08-07,11135,17,17,0,94.115,REPEATEDHITS,True,False,False,0,11135,68.6819,30,BID,LONG,0.5
GDXJ,2026-07-08 16:10:11.481245+00:00,PUT,96.0,2026-08-07,12600,20,22,0,94.08,REPEATEDHITS,True,False,False,0,12600,68.6819,30,BID,LONG,0.5
GDXJ,2026-07-07 17:05:03.630031+00:00,CALL,126.0,2026-09-18,61895,280,283,18,100.25,REPEATEDHITSASCENDINGFILL,True,False,False,19458,42437,68.6819,73,BID,SHORT,0.5
GDXJ,2026-07-06 19:58:11.032718+00:00,CALL,99.0,2026-07-10,36160,64,64,4,103.998,REPEATEDHITS,True,False,False,0,36160,68.6819,4,BID,SHORT,0.5
GDXJ,2026-07-06 18:20:33.021668+00:00,PUT,100.0,2026-08-14,39100,85,88,1,103.89,REPEATEDHITS,False,False,False,0,39100,68.6819,39,BID,LONG,0.5
GDXJ,2026-07-06 13:42:16.104776+00:00,CALL,102.0,2026-08-21,23400,26,26,19,104.51,REPEATEDHITS,True,False,False,0,23400,68.6819,46,BID,SHORT,0.5
GLD,2026-07-22 15:35:19.124530+00:00,PUT,350.0,2026-08-07,90240,1504,3064,511,381.38,REPEATEDHITS,False,False,False,90240,0,371.79462,16,ASK,SHORT,1.0
GLD,2026-07-22 15:12:49.793137+00:00,PUT,350.0,2026-08-07,74940,1249,1559,511,381.375,REPEATEDHITS,False,False,False,74940,0,371.79462,16,ASK,SHORT,1.0
GLD,2026-07-22 15:05:53.590622+00:00,PUT,330.0,2027-09-17,232750,190,692,97,381.2686,REPEATEDHITS,False,False,False,232750,0,371.79462,422,ASK,SHORT,1.0
GLD,2026-07-22 14:59:12.394348+00:00,PUT,369.0,2026-08-05,21000,100,101,0,380.73,REPEATEDHITS,False,False,False,0,21000,371.79462,14,BID,LONG,0.5
GLD,2026-07-22 14:34:05.117372+00:00,CALL,381.0,2026-08-28,56250,50,63,7,380.6799,REPEATEDHITS,True,False,False,0,56250,371.79462,37,BID,SHORT,0.5
GLD,2026-07-22 14:27:20.517344+00:00,PUT,381.0,2026-07-22,11200,100,1094,5,380.47,REPEATEDHITS,True,False,False,0,11200,371.79462,0,BID,LONG,0.5
GLD,2026-07-22 14:12:25.258315+00:00,CALL,390.0,2026-07-27,76986,987,1731,248,381.45,REPEATEDHITS,False,False,False,76986,0,371.79462,5,ASK,LONG,1.0
GLD,2026-07-22 14:04:35.393991+00:00,PUT,382.0,2026-07-24,12784,47,48,25,381.675,REPEATEDHITS,False,False,False,12784,0,371.79462,2,ASK,SHORT,1.0
GLD,2026-07-22 13:59:53.625622+00:00,PUT,387.0,2026-08-05,83700,90,90,0,381.2,REPEATEDHITS,True,False,False,81840,1860,371.79462,14,ASK,SHORT,1.0
GLD,2026-07-22 13:57:59.415764+00:00,CALL,408.0,2026-08-07,120129,1741,3773,25,380.7108,REPEATEDHITS,False,False,False,120129,0,371.79462,16,ASK,LONG,1.0
GLD,2026-07-22 13:57:59.415764+00:00,CALL,388.0,2026-08-05,15935,47,90,0,380.69,REPEATEDHITSDESCENDINGFILL,True,False,False,11560,4035,371.79462,14,ASK,LONG,1.0
GLD,2026-07-22 13:57:59.415764+00:00,CALL,398.0,2026-08-14,18224,68,69,13,380.7108,REPEATEDHITS,True,False,False,18224,0,371.79462,23,ASK,LONG,1.0
GLD,2026-07-22 13:53:15.075037+00:00,CALL,408.0,2026-08-07,103496,1522,1522,25,380.49,REPEATEDHITS,False,False,False,103496,0,371.79462,16,ASK,LONG,1.0
GLD,2026-07-22 13:35:42.837412+00:00,PUT,340.0,2026-08-14,142910,2305,2310,132,379.77,REPEATEDHITS,False,False,False,142910,0,371.79462,23,ASK,SHORT,1.0
GLD,2026-07-22 13:30:32.200862+00:00,CALL,383.0,2026-07-29,52804,184,222,102,379.5,REPEATEDHITSDESCENDINGFILL,True,False,False,51945,859,371.79462,7,ASK,LONG,1.0
GLD,2026-07-21 19:31:22.988043+00:00,CALL,485.0,2027-06-30,18880,20,1386,5,374.77,REPEATEDHITS,False,False,False,16992,1888,371.79462,344,ASK,LONG,1.0
GLD,2026-07-21 19:13:30.289961+00:00,CALL,485.0,2027-06-30,18540,20,84,5,374.4,REPEATEDHITS,False,False,False,0,18540,371.79462,344,BID,SHORT,0.5
GLD,2026-07-21 18:33:24.600698+00:00,PUT,428.0,2026-12-31,705583,126,126,90,374.715,REPEATEDHITS,False,False,False,699983,5600,371.79462,163,ASK,SHORT,1.0
GLD,2026-07-21 18:30:59.409861+00:00,CALL,377.0,2026-07-22,74850,998,1651,293,374.6,REPEATEDHITS,False,False,False,74850,0,371.79462,1,ASK,LONG,1.0
GLD,2026-07-21 18:17:41.824683+00:00,PUT,369.0,2026-08-21,454550,654,654,525,373.645,REPEATEDHITSASCENDINGFILL,False,False,False,0,454550,371.79462,31,BID,LONG,0.5
GLD,2026-07-21 16:54:03.308429+00:00,CALL,435.0,2028-12-15,421402,86,142,72,373.665,REPEATEDHITS,False,False,False,0,421402,371.79462,878,BID,SHORT,0.5
GLD,2026-07-21 16:48:54.448986+00:00,PUT,362.0,2026-08-21,761926,1604,2990,92,373.59,REPEATEDHITSASCENDINGFILL,False,False,False,0,761926,371.79462,31,BID,LONG,0.5
GLD,2026-07-21 16:40:02.931546+00:00,PUT,357.0,2026-07-31,13728,143,155,73,373.83,REPEATEDHITS,False,False,False,0,13728,371.79462,10,BID,LONG,0.5
GLD,2026-07-21 16:39:23.281925+00:00,PUT,362.0,2026-08-21,657885,1385,1386,92,373.79,REPEATEDHITS,False,False,False,0,657885,371.79462,31,BID,LONG,0.5
GLD,2026-07-21 14:56:31.014087+00:00,CALL,372.0,2026-07-31,606300,940,1009,492,373.395,REPEATEDHITS,False,False,False,0,605010,371.79462,10,BID,SHORT,0.5
GLD,2026-07-21 14:31:58.541518+00:00,CALL,385.0,2026-07-29,54367,500,540,84,373.56,REPEATEDHITSASCENDINGFILL,False,False,False,54367,0,371.79462,8,ASK,LONG,1.0
GLD,2026-07-21 13:46:24.829558+00:00,PUT,371.0,2026-07-22,23188,124,262,87,371.28,REPEATEDHITS,False,False,False,23188,0,371.79462,1,ASK,SHORT,1.0
GLD,2026-07-21 13:30:37.425951+00:00,PUT,362.0,2026-08-03,19920,80,80,17,371.63,REPEATEDHITS,False,False,False,0,19920,371.79462,13,BID,LONG,0.5
GLD,2026-07-20 19:04:09.562803+00:00,PUT,368.0,2026-07-31,584415,999,1021,184,367.55,REPEATEDHITS,True,False,False,0,584415,371.79462,11,BID,LONG,0.5
GLD,2026-07-20 19:02:51.228757+00:00,CALL,368.0,2026-07-31,180542,310,1039,287,367.6,REPEATEDHITSDESCENDINGFILL,False,False,False,0,180542,371.79462,11,BID,SHORT,0.5
GLD,2026-07-20 18:46:38.595094+00:00,PUT,364.0,2026-07-29,23460,68,81,0,367.69,REPEATEDHITS,True,False,False,0,23460,371.79462,9,BID,LONG,0.5
GLD,2026-07-20 18:34:45.019140+00:00,CALL,405.0,2026-08-28,11954,86,109,60,367.4407,REPEATEDHITS,False,False,False,0,11954,371.79462,39,BID,SHORT,0.5
GLD,2026-07-20 18:21:40.673449+00:00,CALL,353.0,2026-07-22,34045,23,27,1,367.71,REPEATEDHITSASCENDINGFILL,False,False,False,16290,17755,371.79462,2,BID,SHORT,0.5
GLD,2026-07-20 18:09:06.740945+00:00,PUT,350.0,2026-07-24,48022,1847,1962,1635,367.79,REPEATEDHITS,False,False,False,0,48022,371.79462,4,BID,LONG,0.5
GLD,2026-07-20 17:47:21.652426+00:00,CALL,376.0,2026-07-29,57512,316,320,8,367.5925,REPEATEDHITS,False,False,False,0,57512,371.79462,9,BID,SHORT,0.5
GLD,2026-07-20 17:39:56.735111+00:00,CALL,368.0,2026-07-22,15341,65,269,59,368.02,REPEATEDHITS,True,False,False,0,15341,371.79462,2,BID,SHORT,0.5
GLD,2026-07-20 17:29:14.036159+00:00,CALL,378.0,2026-07-22,19578,1506,1794,119,367.98,REPEATEDHITS,False,False,False,0,19578,371.79462,2,BID,SHORT,0.5
GLD,2026-07-20 16:46:59.503585+00:00,PUT,367.0,2026-07-20,11066,503,2034,154,367.92,REPEATEDHITS,False,False,False,11066,0,371.79462,0,ASK,SHORT,1.0
GLD,2026-07-20 16:42:52.402657+00:00,PUT,363.0,2026-07-31,91245,231,4081,200,367.68,REPEATEDHITS,False,False,False,0,84530,371.79462,11,BID,LONG,0.5
GLD,2026-07-20 16:41:28.748652+00:00,CALL,367.0,2026-07-27,53978,117,261,80,368.095,REPEATEDHITSDESCENDINGFILL,False,False,False,0,53978,371.79462,7,BID,SHORT,0.5
GLD,2026-07-20 16:41:28.748652+00:00,PUT,363.0,2026-07-31,582920,1534,2922,200,368.095,REPEATEDHITS,False,False,False,582920,0,371.79462,11,ASK,SHORT,1.0
GLD,2026-07-20 16:37:09.186182+00:00,PUT,363.0,2026-07-31,90870,233,238,200,367.9799,REPEATEDHITS,False,False,False,90870,0,371.79462,11,ASK,SHORT,1.0
GLD,2026-07-20 16:30:30.881100+00:00,CALL,367.0,2026-07-22,15600,52,210,26,368.045,REPEATEDHITS,True,False,False,0,15600,371.79462,2,BID,SHORT,0.5
GLD,2026-07-20 16:25:23.404954+00:00,CALL,367.0,2026-07-29,11600,20,50,8,368.03,REPEATEDHITS,False,False,False,0,11600,371.79462,9,BID,SHORT,0.5
GLD,2026-07-20 15:58:18.120007+00:00,CALL,372.0,2026-09-18,22610,17,17,14,368.16,REPEATEDHITS,True,False,False,9310,13300,371.79462,60,BID,SHORT,0.5
GLD,2026-07-20 15:57:17.224278+00:00,CALL,368.0,2026-07-29,29695,55,56,20,368.195,REPEATEDHITS,True,False,False,535,29160,371.79462,9,BID,SHORT,0.5
GLD,2026-07-20 15:14:45.465171+00:00,CALL,368.0,2026-07-31,316865,499,514,287,368.23,REPEATEDHITS,False,False,False,316865,0,371.79462,11,ASK,LONG,1.0
GLD,2026-07-20 14:43:01.719153+00:00,CALL,377.0,2026-07-27,125952,1312,1314,43,367.84,REPEATEDHITS,False,False,False,110016,96,371.79462,7,ASK,LONG,1.0
GLD,2026-07-20 14:30:37.118585+00:00,CALL,368.0,2026-07-27,24490,62,89,47,367.555,REPEATEDHITS,True,False,False,395,24095,371.79462,7,BID,SHORT,0.5
GLD,2026-07-20 13:54:33.945592+00:00,PUT,368.0,2026-07-20,21168,196,593,104,367.8757,REPEATEDHITS,False,False,False,21168,0,371.79462,0,ASK,SHORT,1.0
GOOGL,2026-07-21 19:59:01.147961+00:00,CALL,380.0,2026-07-27,156450,894,1213,435,347.125,REPEATEDHITS,True,False,False,18900,137550,2021801600000.0,6,BID,SHORT,0.5
GOOGL,2026-07-21 19:46:20.601759+00:00,CALL,377.5,2026-07-31,192965,576,1273,339,348.79,REPEATEDHITSASCENDINGFILL,False,False,False,12060,180905,2021801600000.0,10,BID,SHORT,0.5
GOOGL,2026-07-21 19:34:36.954620+00:00,CALL,350.0,2027-02-19,157620,37,45,7,349.43,REPEATEDHITS,False,False,False,0,157620,2021801600000.0,213,BID,SHORT,0.5
GOOGL,2026-07-21 19:11:52.778713+00:00,CALL,430.0,2026-11-20,485060,614,625,361,349.02,REPEATEDHITS,False,False,False,336540,148520,2021801600000.0,122,ASK,LONG,1.0
GOOGL,2026-07-21 18:14:58.843874+00:00,CALL,377.5,2026-07-31,140770,414,627,339,349.02,REPEATEDHITS,False,False,False,0,140770,2021801600000.0,10,BID,SHORT,0.5
GOOGL,2026-07-21 16:50:11.550818+00:00,CALL,410.0,2027-02-19,160160,77,77,44,349.48,REPEATEDHITS,False,False,False,0,160160,2021801600000.0,213,BID,SHORT,0.5
GOOGL,2026-07-21 15:21:13.624754+00:00,PUT,335.0,2026-08-07,660615,875,916,360,348.18,REPEATEDHITSASCENDINGFILL,False,False,False,650810,9805,2021801600000.0,17,ASK,SHORT,1.0
GOOGL,2026-07-21 13:43:43.270152+00:00,PUT,335.0,2026-07-27,438750,975,977,433,349.85,REPEATEDHITS,True,False,False,90450,242550,2021801600000.0,6,BID,LONG,0.5
GOOGL,2026-07-20 18:27:13.454246+00:00,PUT,352.5,2026-07-20,204900,2049,23316,927,352.02,REPEATEDHITS,True,False,False,204900,0,2021801600000.0,0,ASK,SHORT,1.0
GOOGL,2026-07-20 15:53:48.832554+00:00,PUT,357.5,2026-07-20,122720,1040,12177,446,357.32,REPEATEDHITS,False,False,False,0,122720,2021801600000.0,0,BID,LONG,0.5
GOOGL,2026-07-20 14:39:44.360795+00:00,CALL,357.5,2026-07-20,192596,1082,12626,546,357.88,REPEATEDHITS,False,False,False,192596,0,2021801600000.0,0,ASK,LONG,1.0
GOOGL,2026-07-20 14:32:47.768856+00:00,PUT,357.5,2026-07-20,126277,1010,6820,446,358.235,REPEATEDHITSASCENDINGFILL,True,False,False,104899,7753,2021801600000.0,0,ASK,SHORT,1.0
GOOGL,2026-07-20 13:54:57.385154+00:00,PUT,355.0,2026-07-20,105000,1000,5961,702,357.39,REPEATEDHITS,False,False,False,105000,0,2021801600000.0,0,ASK,SHORT,1.0
GOOGL,2026-07-20 13:54:37.550955+00:00,PUT,355.0,2026-07-20,103436,1006,4928,702,357.645,REPEATEDHITSDESCENDINGFILL,False,False,False,105,103016,2021801600000.0,0,BID,LONG,0.5
GOOGL,2026-07-20 13:53:12.797135+00:00,PUT,310.0,2026-07-31,259669,2677,2699,1830,357.19,REPEATEDHITS,False,False,False,0,259669,2021801600000.0,11,BID,LONG,0.5
GOOGL,2026-07-17 17:36:01.646915+00:00,CALL,330.0,2027-02-19,157470,31,32,0,345.1286,REPEATEDHITSASCENDINGFILL,False,False,False,76275,81195,2021801600000.0,217,BID,SHORT,0.5
GOOGL,2026-07-17 14:21:15.303513+00:00,PUT,317.5,2026-07-24,101089,393,459,140,344.79,REPEATEDHITSDESCENDINGFILL,False,False,False,61825,39264,2021801600000.0,7,ASK,SHORT,1.0
GOOGL,2026-07-17 13:34:12.865403+00:00,CALL,355.0,2026-07-20,135720,1044,1812,451,345.75,REPEATEDHITS,False,False,False,135720,0,2021801600000.0,3,ASK,LONG,1.0
GOOGL,2026-07-16 19:59:36.883186+00:00,CALL,415.0,2027-03-19,120480,48,48,0,354.61,REPEATEDHITS,False,False,False,120480,0,2021801600000.0,246,ASK,LONG,1.0
GOOGL,2026-07-16 19:42:34.535596+00:00,CALL,405.0,2027-03-19,566830,200,203,0,354.12,REPEATEDHITSASCENDINGFILL,False,False,False,566830,0,2021801600000.0,246,ASK,LONG,1.0
GOOGL,2026-07-16 18:30:05.145466+00:00,PUT,362.5,2026-07-20,109000,200,486,121,361.12,REPEATEDHITS,False,False,False,109000,0,2021801600000.0,4,ASK,SHORT,1.0
GOOGL,2026-07-16 18:08:10.298448+00:00,PUT,330.0,2026-08-28,138035,246,276,39,364.47,REPEATEDHITSDESCENDINGFILL,True,False,False,20125,67885,2021801600000.0,43,BID,LONG,0.5
GOOGL,2026-07-16 18:07:37.579774+00:00,PUT,372.5,2026-07-17,358675,683,3010,593,368.86,REPEATEDHITS,False,False,False,5350,353325,2021801600000.0,1,BID,LONG,0.5
GOOGL,2026-07-16 17:11:41.527508+00:00,PUT,372.5,2026-07-17,433560,1141,2259,593,371.08,REPEATEDHITSDESCENDINGFILL,False,False,False,433560,0,2021801600000.0,1,ASK,SHORT,1.0
GOOGL,2026-07-15 19:46:24.841432+00:00,PUT,362.5,2026-07-17,220000,2000,5263,445,370.72,REPEATEDHITS,True,False,False,76340,84040,2021801600000.0,2,BID,LONG,0.5
GOOGL,2026-07-15 19:45:51.992052+00:00,PUT,362.5,2026-07-17,177666,1615,2876,445,370.89,REPEATEDHITSASCENDINGFILL,True,False,False,13202,120024,2021801600000.0,2,BID,LONG,0.5
GOOGL,2026-07-15 17:09:27.693321+00:00,PUT,375.0,2026-07-31,150500,100,114,67,372.21,REPEATEDHITS,False,False,False,0,150500,2021801600000.0,16,BID,LONG,0.5
GOOGL,2026-07-15 15:14:21.903833+00:00,CALL,365.0,2026-08-07,1885958,1006,2149,802,369.59,REPEATEDHITSDESCENDINGFILL,True,False,False,1874753,3725,2021801600000.0,23,ASK,LONG,1.0
GOOGL,2026-07-14 19:55:46.048773+00:00,CALL,365.0,2026-07-15,136803,1750,10170,1316,359.45,REPEATEDHITSASCENDINGFILL,True,False,False,134087,2156,2021801600000.0,1,ASK,LONG,1.0
GOOGL,2026-07-14 19:15:26.906519+00:00,PUT,352.5,2026-07-20,110424,428,909,75,359.41,REPEATEDHITS,False,False,False,110424,0,2021801600000.0,6,ASK,SHORT,1.0
GOOGL,2026-07-14 19:08:36.783344+00:00,PUT,352.5,2026-07-20,108712,428,480,75,359.57,REPEATEDHITS,True,False,False,108712,0,2021801600000.0,6,ASK,SHORT,1.0
GOOGL,2026-07-14 17:15:45.360894+00:00,CALL,377.5,2026-07-24,212488,425,446,330,357.33,REPEATEDHITSDESCENDINGFILL,True,False,False,205488,7000,2021801600000.0,10,ASK,LONG,1.0
GOOGL,2026-07-14 17:10:35.788728+00:00,PUT,347.5,2026-07-31,591995,647,699,20,356.89,REPEATEDHITS,False,False,False,591995,0,2021801600000.0,17,ASK,SHORT,1.0
GOOGL,2026-07-14 16:12:44.986951+00:00,CALL,360.0,2026-08-07,983321,710,730,471,356.0199,REPEATEDHITS,False,False,False,983321,0,2021801600000.0,24,ASK,LONG,1.0
GOOGL,2026-07-14 14:01:59.746979+00:00,PUT,347.5,2026-07-20,204326,722,723,35,353.92,REPEATEDHITS,False,False,False,204326,0,2021801600000.0,6,ASK,SHORT,1.0
GOOGL,2026-07-10 19:12:31.920216+00:00,CALL,355.0,2026-07-10,419980,3818,39607,2689,355.98,REPEATEDHITS,False,False,False,419980,0,2021801600000.0,0,ASK,LONG,1.0
GOOGL,2026-07-10 18:44:29.475009+00:00,PUT,355.0,2026-07-13,134610,641,2003,360,355.89,REPEATEDHITS,False,False,False,0,134610,2021801600000.0,3,BID,LONG,0.5
GOOGL,2026-07-09 19:27:13.060613+00:00,CALL,375.0,2026-07-15,104404,1214,1707,251,357.755,REPEATEDHITS,False,False,False,104404,0,2021801600000.0,6,ASK,LONG,1.0
GOOGL,2026-07-09 17:12:30.984352+00:00,CALL,355.0,2026-07-10,398464,1408,13264,887,354.945,REPEATEDHITS,False,False,False,0,398464,2021801600000.0,1,BID,SHORT,0.5
GOOGL,2026-07-09 16:25:40.432696+00:00,CALL,352.5,2026-07-10,232086,566,2782,556,354.315,REPEATEDHITS,False,False,False,0,232086,2021801600000.0,1,BID,SHORT,0.5
GOOGL,2026-07-09 15:57:01.214686+00:00,PUT,352.5,2026-07-17,506067,761,1211,368,352.6,REPEATEDHITS,False,False,False,0,506067,2021801600000.0,8,BID,LONG,0.5
GOOGL,2026-07-09 15:35:45.971671+00:00,CALL,355.0,2026-07-15,457942,856,1728,32,353.63,REPEATEDHITS,False,False,False,457942,0,2021801600000.0,6,ASK,LONG,1.0
GOOGL,2026-07-09 15:15:37.793693+00:00,CALL,355.0,2026-07-10,215031,939,5073,887,352.77,REPEATEDHITS,False,False,False,215031,0,2021801600000.0,1,ASK,LONG,1.0
GOOGL,2026-07-09 15:05:47.816298+00:00,CALL,355.0,2026-07-15,376360,738,823,32,352.845,REPEATEDHITSDESCENDINGFILL,False,False,False,376360,0,2021801600000.0,6,ASK,LONG,1.0
GOOGL,2026-07-09 14:55:04.577840+00:00,CALL,362.5,2026-07-15,115920,460,520,114,353.16,REPEATEDHITS,False,False,False,115920,0,2021801600000.0,6,ASK,LONG,1.0
GOOGL,2026-07-09 14:13:34.596318+00:00,CALL,357.5,2026-07-13,189392,712,770,26,352.93,REPEATEDHITS,False,False,False,189392,0,2021801600000.0,4,ASK,LONG,1.0
GOOGL,2026-07-09 13:35:58.264205+00:00,CALL,370.0,2026-07-22,136020,170,496,103,357.66,REPEATEDHITSDESCENDINGFILL,False,False,False,68310,67710,2021801600000.0,13,ASK,LONG,1.0
GOOGL,2026-07-09 13:31:14.987903+00:00,CALL,370.0,2026-07-22,113505,147,157,103,356.71,REPEATEDHITS,False,False,False,58690,54815,2021801600000.0,13,ASK,LONG,1.0
GOOGL,2026-07-08 18:47:45.355497+00:00,CALL,355.0,2026-07-13,239525,335,512,54,358.86,REPEATEDHITS,False,False,False,239525,0,2021801600000.0,5,ASK,LONG,1.0
GOOGL,2026-07-08 18:05:54.680351+00:00,CALL,355.0,2026-07-08,174800,380,432,211,359.56,REPEATEDHITS,False,False,False,0,174800,2021801600000.0,0,BID,SHORT,0.5
GS,2026-07-22 15:34:59.297332+00:00,CALL,1125.0,2026-08-21,214975,74,107,61,1093.61,REPEATEDHITS,True,False,False,0,214975,320248255941.0,30,BID,SHORT,0.5
GS,2026-07-22 14:56:39.413273+00:00,CALL,1100.0,2026-08-14,276500,79,84,15,1092.46,REPEATEDHITS,False,False,False,276500,0,320248255941.0,23,ASK,LONG,1.0
GS,2026-07-22 14:34:42.773558+00:00,PUT,985.0,2026-08-07,112486,326,328,223,1098.24,REPEATEDHITSASCENDINGFILL,False,False,False,350,112136,320248255941.0,16,BID,LONG,0.5
GS,2026-07-22 14:05:19.291057+00:00,CALL,1105.0,2026-07-31,67230,30,38,25,1100.225,REPEATEDHITSASCENDINGFILL,True,False,False,4495,62735,320248255941.0,9,BID,SHORT,0.5
GS,2026-07-22 14:04:08.746854+00:00,CALL,1090.0,2026-08-28,100215,18,19,10,1102.38,REPEATEDHITSASCENDINGFILL,True,False,False,44735,55480,320248255941.0,37,BID,SHORT,0.5
GS,2026-07-22 13:59:03.934436+00:00,PUT,1205.0,2026-09-18,72600,6,6,0,1103.505,REPEATEDHITS,False,False,False,72600,0,320248255941.0,58,ASK,SHORT,1.0
GS,2026-07-22 13:53:14.069894+00:00,PUT,1095.0,2026-08-28,67360,16,16,1,1100.16,REPEATEDHITS,False,False,False,0,67360,320248255941.0,37,BID,LONG,0.5
GS,2026-07-22 13:39:57.090782+00:00,CALL,1075.0,2026-08-07,127160,30,30,10,1092.31,REPEATEDHITSASCENDINGFILL,True,False,False,59705,67455,320248255941.0,16,BID,SHORT,0.5
GS,2026-07-22 13:38:27.326653+00:00,PUT,1145.0,2026-08-14,187315,28,28,6,1092.72,REPEATEDHITS,True,False,False,180625,0,320248255941.0,23,ASK,SHORT,1.0
GS,2026-07-21 19:58:45.894637+00:00,CALL,975.0,2026-08-28,112110,9,9,0,1083.63,REPEATEDHITSDESCENDINGFILL,True,False,False,112110,0,320248255941.0,38,ASK,LONG,1.0
GS,2026-07-21 19:47:02.480029+00:00,PUT,1105.0,2026-08-14,108235,23,27,5,1083.19,REPEATEDHITSASCENDINGFILL,False,False,False,14220,94015,320248255941.0,24,BID,LONG,0.5
GS,2026-07-21 17:30:52.733020+00:00,CALL,1115.0,2026-07-31,106610,82,98,35,1084.62,REPEATEDHITSASCENDINGFILL,True,False,False,1305,105305,320248255941.0,10,BID,SHORT,0.5
GS,2026-07-21 16:33:14.666443+00:00,CALL,1070.0,2026-08-14,1112705,237,242,25,1083.74,REPEATEDHITSDESCENDINGFILL,True,False,False,601310,511395,320248255941.0,24,ASK,LONG,1.0
GS,2026-07-21 16:10:22.794351+00:00,PUT,1120.0,2026-11-20,1320960,128,128,6,1082.67,REPEATEDHITS,False,False,False,1320960,0,320248255941.0,122,ASK,SHORT,1.0
GS,2026-07-21 15:04:23.568309+00:00,CALL,940.0,2026-08-28,73550,5,5,1,1074.85,REPEATEDHITS,False,False,False,73550,0,320248255941.0,38,ASK,LONG,1.0
GS,2026-07-21 14:21:53.999172+00:00,CALL,1035.0,2026-08-28,118880,16,16,1,1077.615,REPEATEDHITS,True,False,False,0,118880,320248255941.0,38,BID,SHORT,0.5
GS,2026-07-20 17:40:15.179852+00:00,CALL,1050.0,2026-08-14,788096,185,187,15,1054.77,REPEATEDHITSDESCENDINGFILL,False,False,False,788096,0,320248255941.0,25,ASK,LONG,1.0
GS,2026-07-20 14:46:31.810298+00:00,CALL,1240.0,2026-08-14,67492,377,399,2,1064.0,REPEATEDHITS,False,False,False,0,67492,320248255941.0,25,BID,SHORT,0.5
GS,2026-07-20 14:41:25.356627+00:00,CALL,1210.0,2026-08-07,61048,399,405,52,1061.49,REPEATEDHITS,False,False,False,0,61048,320248255941.0,18,BID,SHORT,0.5
GS,2026-07-20 14:18:59.498678+00:00,PUT,1032.5,2026-07-31,109995,72,87,6,1060.41,REPEATEDHITSDESCENDINGFILL,True,False,False,81735,28260,320248255941.0,11,ASK,SHORT,1.0
GS,2026-07-20 13:34:19.090883+00:00,PUT,1045.0,2026-07-31,86105,69,89,32,1085.455,REPEATEDHITSDESCENDINGFILL,True,False,False,46265,39840,320248255941.0,11,ASK,SHORT,1.0
GS,2026-07-17 17:07:38.149343+00:00,PUT,1050.0,2026-11-20,1196993,168,169,21,1079.8,REPEATEDHITSDESCENDINGFILL,True,False,False,1189873,7120,320248255941.0,126,ASK,SHORT,1.0
GS,2026-07-17 17:01:22.761738+00:00,CALL,1080.0,2026-08-14,402695,96,100,10,1079.4501,REPEATEDHITSDESCENDINGFILL,False,False,False,398520,4175,320248255941.0,28,ASK,LONG,1.0
GS,2026-07-17 15:54:25.720812+00:00,CALL,1115.0,2026-08-07,186565,91,93,38,1079.9,REPEATEDHITSDESCENDINGFILL,True,False,False,98835,87730,320248255941.0,21,ASK,LONG,1.0
GS,2026-07-17 14:37:45.842146+00:00,CALL,1270.0,2026-11-20,300965,101,101,29,1081.18,REPEATEDHITSDESCENDINGFILL,False,False,False,295015,5950,320248255941.0,126,ASK,LONG,1.0
GS,2026-07-17 14:27:29.141531+00:00,PUT,1130.0,2026-11-20,1259950,113,113,3,1080.69,REPEATEDHITS,False,False,False,1259950,0,320248255941.0,126,ASK,SHORT,1.0
GS,2026-07-17 13:54:47.556910+00:00,CALL,1070.0,2026-08-28,72410,14,14,9,1068.66,REPEATEDHITSDESCENDINGFILL,False,False,False,0,72410,320248255941.0,42,BID,SHORT,0.5
GS,2026-07-17 13:46:52.649698+00:00,PUT,1190.0,2027-01-15,120145,7,7,1,1069.12,REPEATEDHITSDESCENDINGFILL,False,False,False,120145,0,320248255941.0,182,ASK,SHORT,1.0
GS,2026-07-17 13:38:39.725051+00:00,PUT,1135.0,2026-08-21,287785,32,32,19,1060.18,REPEATEDHITSDESCENDINGFILL,True,False,False,171080,116705,320248255941.0,35,ASK,SHORT,1.0
GS,2026-07-17 13:38:39.725051+00:00,PUT,1125.0,2026-08-14,198725,25,26,2,1060.18,REPEATEDHITS,True,False,False,95570,103155,320248255941.0,28,BID,LONG,0.5
GS,2026-07-17 13:38:36.873707+00:00,PUT,1140.0,2026-09-18,373975,35,36,12,1060.18,REPEATEDHITS,True,False,False,373975,0,320248255941.0,63,ASK,SHORT,1.0
GS,2026-07-16 19:45:16.461721+00:00,PUT,885.0,2026-11-20,1187518,578,667,34,1090.71,REPEATEDHITSDESCENDINGFILL,False,False,False,1076818,110700,320248255941.0,127,ASK,SHORT,1.0
GS,2026-07-16 19:38:45.244772+00:00,PUT,880.0,2026-11-20,1207117,632,1227,400,1092.06,REPEATEDHITSDESCENDINGFILL,False,False,False,1207117,0,320248255941.0,127,ASK,SHORT,1.0
GS,2026-07-16 19:35:26.960260+00:00,CALL,1095.0,2026-08-07,64460,18,19,16,1092.73,REPEATEDHITS,False,False,False,18050,46410,320248255941.0,22,BID,SHORT,0.5
GS,2026-07-16 19:19:44.264804+00:00,CALL,1260.0,2026-09-18,563770,486,512,146,1094.785,REPEATEDHITSASCENDINGFILL,False,False,False,0,563770,320248255941.0,64,BID,SHORT,0.5
GS,2026-07-16 19:07:40.953432+00:00,CALL,1150.0,2026-07-24,215834,485,735,227,1095.115,REPEATEDHITSASCENDINGFILL,False,False,False,0,215834,320248255941.0,8,BID,SHORT,0.5
GS,2026-07-16 17:24:32.043256+00:00,CALL,1175.0,2026-08-07,109155,110,110,23,1097.115,REPEATEDHITSDESCENDINGFILL,True,False,False,107190,1965,320248255941.0,22,ASK,LONG,1.0
GS,2026-07-16 17:18:20.009770+00:00,PUT,1060.0,2026-11-20,1084765,163,176,27,1099.86,REPEATEDHITS,False,False,False,1084765,0,320248255941.0,127,ASK,SHORT,1.0
GS,2026-07-16 16:55:17.221938+00:00,CALL,1020.0,2026-08-28,52300,5,6,0,1101.64,REPEATEDHITS,False,False,False,41840,10460,320248255941.0,43,ASK,LONG,1.0
GS,2026-07-16 16:28:16.839247+00:00,CALL,1040.0,2026-08-07,508530,66,66,9,1101.41,REPEATEDHITS,False,False,False,508530,0,320248255941.0,22,ASK,LONG,1.0
GS,2026-07-16 16:18:15.181244+00:00,PUT,995.0,2026-09-18,106413,51,53,39,1102.815,REPEATEDHITSASCENDINGFILL,True,False,False,93818,12595,320248255941.0,64,ASK,SHORT,1.0
GS,2026-07-16 16:17:35.489733+00:00,PUT,885.0,2026-11-20,66310,38,58,34,1105.0001,REPEATEDHITS,True,False,False,66310,0,320248255941.0,127,ASK,SHORT,1.0
GS,2026-07-16 16:17:35.489733+00:00,PUT,880.0,2026-11-20,934069,556,577,400,1105.0001,REPEATEDHITSDESCENDINGFILL,True,False,False,929029,5040,320248255941.0,127,ASK,SHORT,1.0
GS,2026-07-16 16:10:19.710073+00:00,PUT,1005.0,2026-10-16,530125,163,165,44,1108.9,REPEATEDHITS,True,False,False,468720,61405,320248255941.0,92,ASK,SHORT,1.0
GS,2026-07-16 15:22:26.049707+00:00,PUT,980.0,2026-10-16,763035,301,304,80,1112.79,REPEATEDHITS,True,False,False,763035,0,320248255941.0,92,ASK,SHORT,1.0
GS,2026-07-16 14:01:58.218977+00:00,CALL,1230.0,2026-09-18,50500,25,25,0,1105.14,REPEATEDHITS,False,False,False,50500,0,320248255941.0,64,ASK,LONG,1.0
GS,2026-07-15 19:51:00.697097+00:00,PUT,845.0,2028-12-15,262905,28,28,14,1151.38,REPEATEDHITS,False,False,False,9425,253480,320248255941.0,884,BID,LONG,0.5
GS,2026-07-15 18:45:59.889000+00:00,CALL,1155.0,2026-08-14,579610,149,152,22,1144.12,REPEATEDHITS,False,False,False,579610,0,320248255941.0,30,ASK,LONG,1.0
GS,2026-07-15 18:35:30.511410+00:00,PUT,1045.0,2026-07-24,50250,335,386,312,1143.65,REPEATEDHITS,False,False,False,0,50250,320248255941.0,9,BID,LONG,0.5
GS,2026-07-15 18:03:31.641700+00:00,PUT,1120.0,2026-10-16,623770,98,109,24,1142.045,REPEATEDHITS,False,False,False,623770,0,320248255941.0,93,ASK,SHORT,1.0
GWRE,2026-07-22 15:25:52.585162+00:00,PUT,100.0,2026-10-16,40170,103,104,30,134.335,REPEATEDHITS,False,False,False,40170,0,11866529561.0,86,ASK,SHORT,1.0
GWRE,2026-07-22 14:31:24.857560+00:00,CALL,150.0,2026-08-21,95030,221,648,31,134.16,REPEATEDHITS,False,False,False,95030,0,11866529561.0,30,ASK,LONG,1.0
GWRE,2026-07-22 14:25:45.579967+00:00,CALL,150.0,2026-08-21,61230,157,266,31,132.68,REPEATEDHITS,True,False,False,37830,0,11866529561.0,30,ASK,LONG,1.0
GWRE,2026-07-17 17:07:41.555686+00:00,CALL,170.0,2026-08-21,63200,158,208,29,148.53,REPEATEDHITS,False,False,False,63200,0,11866529561.0,35,ASK,LONG,1.0
GWRE,2026-06-12 19:12:02.344328+00:00,PUT,90.0,2026-09-18,159110,400,400,15,121.08,REPEATEDHITSASCENDINGFILL,False,False,False,159110,0,11866529561.0,98,ASK,SHORT,1.0
GWRE,2026-06-09 15:07:09.491101+00:00,CALL,120.0,2027-01-15,222780,79,85,9,123.91,REPEATEDHITS,False,False,False,222780,0,11866529561.0,220,ASK,LONG,1.0
GWRE,2026-06-05 13:36:47.188377+00:00,CALL,130.0,2026-06-18,54318,30,30,23,145.29,REPEATEDHITSASCENDINGFILL,False,False,False,54318,0,11866529561.0,13,ASK,LONG,1.0
GWRE,2026-06-04 18:56:28.701079+00:00,CALL,175.0,2026-06-18,40320,63,213,35,155.74,REPEATEDHITS,False,False,False,40320,0,11866529561.0,14,ASK,LONG,1.0
GWRE,2026-06-04 18:56:15.488230+00:00,CALL,175.0,2026-06-18,67710,111,138,35,155.74,REPEATEDHITS,False,False,False,0,67710,11866529561.0,14,BID,SHORT,0.5
GWRE,2026-06-01 13:46:46.161855+00:00,CALL,180.0,2026-12-18,256600,100,100,3,161.265,FLOORTRADELARGECAP,False,True,True,256600,0,11866529561.0,200,ASK,LONG,1.0
GWRE,2026-05-29 16:33:54.755408+00:00,CALL,190.0,2026-06-18,50925,262,267,34,150.88,REPEATEDHITSDESCENDINGFILL,True,False,False,48890,2035,11866529561.0,20,ASK,LONG,1.0
GWRE,2026-05-27 19:47:59.933315+00:00,PUT,115.0,2026-06-18,16200,45,45,24,132.795,REPEATEDHITS,False,False,False,14760,0,11866529561.0,22,ASK,SHORT,1.0
HAL,2026-07-22 15:35:07.109922+00:00,PUT,27.0,2026-10-16,19000,500,900,26,33.125,REPEATEDHITS,True,False,False,152,18772,27726850825.0,86,BID,LONG,0.5
HAL,2026-07-22 15:31:48.844049+00:00,PUT,27.0,2026-10-16,14440,380,400,26,33.1087,REPEATEDHITS,False,False,False,836,11400,27726850825.0,86,BID,LONG,0.5
HAL,2026-07-22 15:24:51.899459+00:00,CALL,34.0,2026-10-16,61858,314,466,100,33.055,REPEATEDHITS,False,False,False,61858,0,27726850825.0,86,ASK,LONG,1.0
HAL,2026-07-22 14:44:28.959142+00:00,PUT,31.0,2026-07-31,15096,1258,1268,191,33.28,REPEATEDHITS,False,False,False,84,15012,27726850825.0,9,BID,LONG,0.5
HAL,2026-07-21 19:40:21.490868+00:00,PUT,33.0,2026-07-31,33185,488,600,47,33.285,REPEATEDHITS,False,False,False,33185,0,27726850825.0,10,ASK,SHORT,1.0
HAL,2026-07-21 18:09:34.864346+00:00,CALL,32.5,2026-07-31,25984,224,547,1,33.035,REPEATEDHITS,False,False,False,25984,0,27726850825.0,10,ASK,LONG,1.0
HAL,2026-07-21 17:09:32.633968+00:00,CALL,32.5,2026-07-31,34542,303,323,1,32.995,REPEATEDHITS,False,False,False,34542,0,27726850825.0,10,ASK,LONG,1.0
HAL,2026-07-21 16:40:14.751200+00:00,CALL,33.0,2026-07-31,27900,310,691,140,33.06,REPEATEDHITS,False,False,False,27900,0,27726850825.0,10,ASK,LONG,1.0
HAL,2026-07-21 16:15:25.795311+00:00,CALL,33.5,2026-07-31,16264,214,237,1,33.255,REPEATEDHITS,False,False,False,16264,0,27726850825.0,10,ASK,LONG,1.0
HAL,2026-07-21 14:57:37.910907+00:00,CALL,33.0,2026-07-24,71872,1123,1232,803,33.075,REPEATEDHITS,False,False,False,65408,64,27726850825.0,3,ASK,LONG,1.0
HAL,2026-07-20 19:57:40.055345+00:00,PUT,33.5,2026-07-24,20655,765,1211,14,35.18,REPEATEDHITS,False,False,False,0,20655,27726850825.0,4,BID,LONG,0.5
HAL,2026-07-20 19:43:13.119692+00:00,PUT,34.0,2026-07-24,24188,832,2476,148,35.33,REPEATEDHITSDESCENDINGFILL,True,False,False,0,23768,27726850825.0,4,BID,LONG,0.5
HAL,2026-07-20 19:43:09.915642+00:00,PUT,34.0,2026-07-24,10131,307,1150,148,35.315,REPEATEDHITS,True,False,False,594,5313,27726850825.0,4,BID,LONG,0.5
HAL,2026-07-20 15:45:29.792033+00:00,CALL,36.5,2026-07-24,15600,300,1520,282,35.645,REPEATEDHITS,False,False,False,0,15600,27726850825.0,4,BID,SHORT,0.5
HAL,2026-07-20 13:44:18.225001+00:00,CALL,36.5,2026-07-24,27097,553,842,282,35.49,REPEATEDHITS,False,False,False,27097,0,27726850825.0,4,ASK,LONG,1.0
HAL,2026-07-08 19:53:41.493276+00:00,CALL,35.0,2026-07-10,15050,430,18791,405,34.845,REPEATEDHITS,True,False,False,0,15050,27726850825.0,2,BID,SHORT,0.5
HAL,2026-07-08 19:53:29.273486+00:00,CALL,35.0,2026-07-10,25419,687,18049,405,34.84,REPEATEDHITS,True,False,False,0,25419,27726850825.0,2,BID,SHORT,0.5
HAL,2026-07-08 16:40:18.756202+00:00,PUT,34.5,2026-07-10,95328,2648,6211,6,34.755,REPEATEDHITS,True,False,False,95328,0,27726850825.0,2,ASK,SHORT,1.0
HAL,2026-07-08 16:33:27.765386+00:00,PUT,34.5,2026-07-10,15552,432,3547,6,34.795,REPEATEDHITS,True,False,False,15552,0,27726850825.0,2,ASK,SHORT,1.0
HAL,2026-07-08 16:25:00.554165+00:00,CALL,35.0,2026-07-10,20706,493,13638,405,34.86,REPEATEDHITS,False,False,False,0,20706,27726850825.0,2,BID,SHORT,0.5
HAL,2026-07-08 16:25:00.554165+00:00,CALL,35.0,2026-07-10,29750,737,14636,405,34.84,REPEATEDHITSDESCENDINGFILL,True,False,False,11070,18680,27726850825.0,2,BID,SHORT,0.5
HAL,2026-07-08 14:33:55.819479+00:00,CALL,36.0,2026-07-17,93651,2014,5011,267,34.77,REPEATEDHITSDESCENDINGFILL,False,False,False,93651,0,27726850825.0,9,ASK,LONG,1.0
HAL,2026-07-08 14:33:08.530332+00:00,CALL,36.0,2026-07-17,98692,2243,2994,267,34.72,REPEATEDHITS,False,False,False,47124,4444,27726850825.0,9,ASK,LONG,1.0
HAL,2026-07-08 14:33:05.121977+00:00,CALL,36.0,2026-07-17,23177,539,549,267,34.74,REPEATEDHITS,False,False,False,12771,6149,27726850825.0,9,ASK,LONG,1.0
HAL,2026-07-08 14:27:20.583408+00:00,CALL,40.0,2026-10-16,21105,201,201,200,34.64,REPEATEDHITS,False,False,False,21105,0,27726850825.0,100,ASK,LONG,1.0
HAL,2026-07-06 17:01:38.127906+00:00,CALL,32.0,2026-10-16,13735,41,136,12,33.29,REPEATEDHITS,True,False,False,4020,9715,27726850825.0,102,BID,SHORT,0.5
HAL,2026-07-02 16:23:12.402770+00:00,CALL,35.0,2027-06-17,10875,25,25,1,32.99,REPEATEDHITS,False,False,False,0,10875,27726850825.0,350,BID,SHORT,0.5
HAL,2026-06-26 16:57:21.443156+00:00,CALL,35.5,2026-07-02,14040,936,1962,752,33.99,REPEATEDHITS,False,False,False,14040,0,27726850825.0,6,ASK,LONG,1.0
HAL,2026-06-25 15:18:35.064406+00:00,CALL,35.0,2026-07-02,65424,1392,3824,97,34.42,REPEATEDHITS,False,False,False,65424,0,27726850825.0,7,ASK,LONG,1.0
HAL,2026-06-25 14:42:27.184894+00:00,CALL,35.0,2026-07-02,18499,500,1750,97,34.065,REPEATEDHITS,False,False,False,18499,0,27726850825.0,7,ASK,LONG,1.0
HAL,2026-06-24 15:19:07.088652+00:00,CALL,34.0,2027-01-15,21465,53,53,18,33.88,REPEATEDHITS,False,False,False,15795,5670,27726850825.0,205,ASK,LONG,1.0
HAL,2026-06-24 14:59:14.903116+00:00,CALL,34.5,2026-06-26,11000,500,1089,109,33.7817,REPEATEDHITS,False,False,False,0,11000,27726850825.0,2,BID,SHORT,0.5
HAL,2026-06-23 14:21:14.390690+00:00,CALL,34.5,2026-07-02,26325,225,225,14,35.0,REPEATEDHITS,False,False,False,0,24336,27726850825.0,9,BID,SHORT,0.5
HAL,2026-06-22 16:40:55.777746+00:00,CALL,35.0,2026-07-24,16729,99,101,6,34.9,REPEATEDHITS,True,False,False,15715,0,27726850825.0,32,ASK,LONG,1.0
HAL,2026-06-22 14:21:56.755316+00:00,CALL,35.0,2026-07-10,20553,221,225,6,34.515,REPEATEDHITS,True,False,False,0,20553,27726850825.0,18,BID,SHORT,0.5
HAL,2026-06-18 17:14:50.090770+00:00,PUT,35.0,2026-07-02,33800,325,330,48,34.8,REPEATEDHITS,False,False,False,33800,0,27726850825.0,14,ASK,SHORT,1.0
HAL,2026-06-18 16:22:41.127737+00:00,PUT,35.5,2026-07-02,55195,415,421,33,34.785,REPEATEDHITS,False,False,False,55195,0,27726850825.0,14,ASK,SHORT,1.0
HAL,2026-06-18 15:59:40.662473+00:00,PUT,30.0,2026-10-16,17022,150,151,60,34.625,REPEATEDHITS,False,False,False,17022,0,27726850825.0,120,ASK,SHORT,1.0
HAL,2026-06-18 14:14:21.936635+00:00,CALL,36.0,2026-10-16,379646,1483,1483,9,34.74,REPEATEDHITS,False,False,False,379646,0,27726850825.0,120,ASK,LONG,1.0
HAL,2026-06-17 17:34:43.041341+00:00,PUT,34.0,2026-10-16,61605,333,652,101,36.52,REPEATEDHITS,False,False,False,61605,0,27726850825.0,121,ASK,SHORT,1.0
HAL,2026-06-17 15:19:20.141664+00:00,PUT,34.0,2026-10-16,56286,318,319,101,36.82,REPEATEDHITS,False,False,False,56286,0,27726850825.0,121,ASK,SHORT,1.0
HAL,2026-06-17 14:06:02.015899+00:00,CALL,38.0,2026-10-16,135168,528,528,37,36.42,REPEATEDHITS,False,False,False,135168,0,27726850825.0,121,ASK,LONG,1.0
HAL,2026-06-12 18:16:45.996133+00:00,CALL,41.0,2026-07-02,24000,300,369,86,39.58,REPEATEDHITS,False,False,False,24000,0,27726850825.0,20,ASK,LONG,1.0
HAL,2026-06-12 15:52:53.099901+00:00,PUT,36.0,2026-10-16,52440,276,391,52,39.7206,REPEATEDHITS,False,False,False,50920,0,27726850825.0,126,ASK,SHORT,1.0
HAL,2026-06-12 14:49:54.720353+00:00,PUT,39.0,2026-08-21,30506,137,137,90,39.77,REPEATEDHITSDESCENDINGFILL,True,False,False,0,28053,27726850825.0,70,BID,LONG,0.5
HAL,2026-06-11 19:28:34.569793+00:00,PUT,42.0,2026-09-18,267335,629,1101,416,40.04,REPEATEDHITS,False,False,False,0,267335,27726850825.0,99,BID,LONG,0.5
HAL,2026-06-11 18:00:05.185150+00:00,CALL,45.0,2026-10-16,289984,1472,1472,509,39.78,REPEATEDHITS,False,False,False,0,289984,27726850825.0,127,BID,SHORT,0.5
HAL,2026-06-11 15:15:08.240263+00:00,PUT,42.0,2026-09-18,205330,472,472,416,40.01,REPEATEDHITS,False,False,False,13485,191845,27726850825.0,99,BID,LONG,0.5
HAL,2026-06-11 14:04:43.815731+00:00,PUT,39.5,2026-06-12,29349,1087,1091,87,39.99,REPEATEDHITS,False,False,False,27,29322,27726850825.0,1,BID,LONG,0.5
HAL,2026-06-10 18:05:22.666191+00:00,PUT,39.0,2026-06-26,31278,401,556,126,40.26,REPEATEDHITS,False,False,False,0,31278,27726850825.0,16,BID,LONG,0.5
HUT,2026-07-22 14:45:55.106363+00:00,CALL,150.0,2026-08-21,218444,514,515,359,111.44,REPEATEDHITS,False,False,False,218444,0,12270506326.0,30,ASK,LONG,1.0
HUT,2026-07-22 13:51:28.740969+00:00,CALL,123.0,2026-07-24,14668,123,123,50,111.84,REPEATEDHITSASCENDINGFILL,True,False,False,14668,0,12270506326.0,2,ASK,LONG,1.0
HUT,2026-07-22 13:49:19.448193+00:00,CALL,129.0,2026-07-31,42312,164,165,2,110.98,REPEATEDHITS,False,False,False,42312,0,12270506326.0,9,ASK,LONG,1.0
HUT,2026-07-21 18:51:34.548069+00:00,CALL,105.0,2026-08-28,19485,11,11,9,108.38,REPEATEDHITSASCENDINGFILL,True,False,False,1780,17705,12270506326.0,38,BID,SHORT,0.5
HUT,2026-07-21 17:18:07.311977+00:00,CALL,108.0,2026-07-31,15710,17,214,11,109.31,REPEATEDHITS,True,False,False,930,14780,12270506326.0,10,BID,SHORT,0.5
HUT,2026-07-21 16:12:17.347753+00:00,PUT,90.0,2026-07-31,21000,105,400,70,108.6,REPEATEDHITS,False,False,False,21000,0,12270506326.0,10,ASK,SHORT,1.0
HUT,2026-07-21 16:07:13.572151+00:00,CALL,130.0,2026-08-14,412496,660,663,43,108.91,REPEATEDHITS,True,False,False,412496,0,12270506326.0,24,ASK,LONG,1.0
HUT,2026-07-21 16:05:03.380619+00:00,PUT,104.0,2026-07-31,20240,32,32,21,108.73,REPEATEDHITSDESCENDINGFILL,True,False,False,14585,5655,12270506326.0,10,ASK,SHORT,1.0
HUT,2026-07-21 15:33:33.943954+00:00,CALL,120.0,2026-07-31,180000,500,7145,437,107.22,REPEATEDHITS,False,False,False,81000,99000,12270506326.0,10,BID,SHORT,0.5
HUT,2026-07-21 14:44:49.127372+00:00,CALL,121.0,2026-07-31,12445,37,38,21,107.01,REPEATEDHITSASCENDINGFILL,True,False,False,6080,6365,12270506326.0,10,BID,SHORT,0.5
HUT,2026-07-21 14:44:42.716996+00:00,CALL,108.0,2026-07-31,120255,146,151,11,107.19,REPEATEDHITSDESCENDINGFILL,True,False,False,22140,98115,12270506326.0,10,BID,SHORT,0.5
HUT,2026-07-21 13:46:57.503856+00:00,PUT,101.0,2026-07-24,21870,54,54,14,104.14,REPEATEDHITS,False,False,False,20655,1215,12270506326.0,3,ASK,SHORT,1.0
HUT,2026-07-20 19:37:50.619560+00:00,CALL,118.0,2026-07-31,84053,297,1120,34,99.248,REPEATEDHITS,False,False,False,566,59149,12270506326.0,11,BID,SHORT,0.5
HUT,2026-07-20 19:37:42.612684+00:00,CALL,118.0,2026-07-31,46170,162,823,34,99.4,REPEATEDHITS,False,False,False,46170,0,12270506326.0,11,ASK,LONG,1.0
HUT,2026-07-20 19:37:34.795604+00:00,CALL,118.0,2026-07-31,33222,113,640,34,99.51,REPEATEDHITS,False,False,False,33222,0,12270506326.0,11,ASK,LONG,1.0
HUT,2026-07-20 18:46:29.183534+00:00,CALL,150.0,2027-12-17,372320,100,100,41,100.13,REPEATEDHITSDESCENDINGFILL,False,False,False,0,372320,12270506326.0,515,BID,SHORT,0.5
HUT,2026-07-20 17:53:17.472085+00:00,CALL,114.0,2026-07-24,33200,166,259,17,102.39,REPEATEDHITS,False,False,False,33200,0,12270506326.0,4,ASK,LONG,1.0
HUT,2026-07-20 14:53:12.635394+00:00,CALL,118.0,2026-07-31,52808,165,516,34,100.225,REPEATEDHITS,False,False,False,0,41608,12270506326.0,11,BID,SHORT,0.5
HUT,2026-07-20 14:53:05.009048+00:00,CALL,118.0,2026-07-31,12680,39,350,34,100.36,REPEATEDHITSDESCENDINGFILL,False,False,False,12350,330,12270506326.0,11,ASK,LONG,1.0
HUT,2026-07-20 14:53:05.009048+00:00,CALL,118.0,2026-07-31,79950,246,311,34,100.34,REPEATEDHITS,False,False,False,650,325,12270506326.0,11,ASK,LONG,1.0
HUT,2026-07-20 14:52:49.781270+00:00,CALL,118.0,2026-07-31,19320,56,56,34,100.4567,REPEATEDHITS,False,False,False,19320,0,12270506326.0,11,ASK,LONG,1.0
HUT,2026-07-20 14:41:03.504754+00:00,CALL,125.0,2026-08-07,21202,50,50,19,100.61,REPEATEDHITSDESCENDINGFILL,False,False,False,0,21202,12270506326.0,18,BID,SHORT,0.5
HUT,2026-07-20 14:11:13.183606+00:00,PUT,75.0,2026-08-28,37440,96,1858,1,104.56,REPEATEDHITS,True,False,False,37440,0,12270506326.0,39,ASK,SHORT,1.0
HUT,2026-07-20 14:07:31.963532+00:00,PUT,75.0,2026-08-21,31620,102,1897,49,106.335,REPEATEDHITS,True,False,False,31620,0,12270506326.0,32,ASK,SHORT,1.0
HUT,2026-07-20 14:05:03.934755+00:00,PUT,75.0,2026-08-21,32000,100,787,49,105.93,REPEATEDHITS,False,False,False,32000,0,12270506326.0,32,ASK,SHORT,1.0
HUT,2026-07-20 14:03:07.239416+00:00,CALL,195.0,2026-10-16,12300,24,24,4,105.45,REPEATEDHITSDESCENDINGFILL,False,False,False,6695,5605,12270506326.0,88,ASK,LONG,1.0
HUT,2026-07-20 14:01:12.783909+00:00,PUT,75.0,2026-08-21,19720,58,60,49,104.315,REPEATEDHITS,True,False,False,19720,0,12270506326.0,32,ASK,SHORT,1.0
HUT,2026-07-20 13:55:28.834553+00:00,CALL,165.0,2026-08-21,100000,500,500,72,103.61,REPEATEDHITS,False,False,False,0,0,12270506326.0,32,MIXED,,0.0
HUT,2026-07-20 13:55:28.834553+00:00,CALL,130.0,2026-08-21,332500,500,500,50,103.61,REPEATEDHITS,False,False,False,0,0,12270506326.0,32,MIXED,,0.0
HUT,2026-07-17 19:14:24.981678+00:00,PUT,81.0,2026-07-31,96789,239,239,0,91.135,REPEATEDHITSDESCENDINGFILL,True,False,False,92739,4050,12270506326.0,14,ASK,SHORT,1.0
HUT,2026-07-17 19:08:37.770180+00:00,CALL,210.0,2026-10-16,13046,62,69,24,91.365,REPEATEDHITS,True,False,False,0,13046,12270506326.0,91,BID,SHORT,0.5
HUT,2026-07-17 17:43:07.800635+00:00,PUT,86.0,2026-07-31,118225,252,273,0,94.745,REPEATEDHITSASCENDINGFILL,True,False,False,70495,11115,12270506326.0,14,ASK,SHORT,1.0
HUT,2026-07-17 13:42:28.441812+00:00,CALL,120.0,2026-07-31,11760,245,274,185,84.0,REPEATEDHITS,False,False,False,0,11760,12270506326.0,14,BID,SHORT,0.5
HUT,2026-07-16 18:21:59.287303+00:00,CALL,98.0,2026-07-24,67150,170,1121,5,92.38,REPEATEDHITS,False,False,False,67150,0,12270506326.0,8,ASK,LONG,1.0
HUT,2026-07-16 16:53:07.641361+00:00,CALL,91.0,2026-07-17,30500,100,200,1,91.45,REPEATEDHITS,False,False,False,0,21960,12270506326.0,1,BID,SHORT,0.5
HUT,2026-07-16 16:45:45.728045+00:00,CALL,128.0,2026-08-07,34280,174,175,0,90.86,REPEATEDHITS,False,False,False,0,34280,12270506326.0,22,BID,SHORT,0.5
HUT,2026-07-16 16:09:35.634242+00:00,PUT,92.0,2026-07-31,39690,49,55,7,92.415,REPEATEDHITS,False,False,False,0,39690,12270506326.0,15,BID,LONG,0.5
HUT,2026-07-16 16:06:57.960995+00:00,PUT,88.0,2026-07-31,65405,103,105,2,92.255,REPEATEDHITS,True,False,False,3175,0,12270506326.0,15,ASK,SHORT,1.0
HUT,2026-07-16 16:04:56.684974+00:00,PUT,85.0,2026-08-07,1370000,2000,2788,17,92.66,FLOORTRADELARGECAP,False,True,False,1370000,0,12270506326.0,22,ASK,SHORT,1.0
HUT,2026-07-16 14:43:31.086040+00:00,CALL,200.0,2026-10-16,15065,45,45,37,96.55,REPEATEDHITSASCENDINGFILL,True,False,False,335,14730,12270506326.0,92,BID,SHORT,0.5
HUT,2026-07-16 14:06:05.973933+00:00,CALL,120.0,2026-08-07,45650,100,101,52,96.21,REPEATEDHITSASCENDINGFILL,False,False,False,45650,0,12270506326.0,22,ASK,LONG,1.0
HUT,2026-07-16 14:04:46.838279+00:00,CALL,104.0,2026-07-17,30033,423,435,183,96.265,REPEATEDHITS,False,False,False,0,30033,12270506326.0,1,BID,SHORT,0.5
HUT,2026-07-15 19:38:17.818451+00:00,CALL,111.0,2026-07-31,276238,425,428,6,103.5,REPEATEDHITSDESCENDINGFILL,False,False,False,276238,0,12270506326.0,16,ASK,LONG,1.0
HUT,2026-07-15 18:26:32.273667+00:00,CALL,118.0,2026-07-24,10100,37,37,13,104.94,REPEATEDHITS,True,False,False,10100,0,12270506326.0,9,ASK,LONG,1.0
HUT,2026-07-15 17:29:47.593465+00:00,CALL,103.0,2026-07-24,103040,161,181,90,101.52,REPEATEDHITS,False,False,False,103040,0,12270506326.0,9,ASK,LONG,1.0
HUT,2026-07-15 16:03:00.979607+00:00,PUT,98.0,2026-08-07,20160,18,53,6,98.06,REPEATEDHITS,False,False,False,20160,0,12270506326.0,23,ASK,SHORT,1.0
HUT,2026-07-14 15:24:51.441145+00:00,PUT,101.0,2026-07-31,87870,87,87,4,99.94,REPEATEDHITS,False,False,False,87870,0,12270506326.0,17,ASK,SHORT,1.0
HUT,2026-07-13 19:40:52.446047+00:00,CALL,103.0,2026-07-17,11844,42,103,18,97.4675,REPEATEDHITS,False,False,False,11844,0,12270506326.0,4,ASK,LONG,1.0
HUT,2026-07-13 15:48:57.157980+00:00,CALL,93.0,2026-07-24,55560,50,50,1,99.31,REPEATEDHITSASCENDINGFILL,True,False,False,3355,28895,12270506326.0,11,BID,SHORT,0.5
HUT,2026-07-13 15:48:57.157980+00:00,CALL,96.0,2026-07-24,18805,20,20,0,99.31,REPEATEDHITSASCENDINGFILL,True,False,False,9435,9370,12270506326.0,11,ASK,LONG,1.0
IBIT,2026-07-21 19:58:24.069764+00:00,PUT,37.0,2026-07-24,156096,6504,24353,5075,37.605,REPEATEDHITS,False,False,False,156096,0,64762757065.0,3,ASK,SHORT,1.0
IBIT,2026-07-21 19:36:05.328781+00:00,PUT,37.5,2026-08-21,125700,838,1551,0,37.615,REPEATEDHITS,False,False,False,125700,0,64762757065.0,31,ASK,SHORT,1.0
IBIT,2026-07-21 17:44:55.120919+00:00,PUT,36.5,2026-08-28,87668,707,718,480,37.645,REPEATEDHITS,False,False,False,0,87668,64762757065.0,38,BID,LONG,0.5
IBIT,2026-07-21 17:37:55.275110+00:00,PUT,38.0,2026-07-24,100500,1500,6113,561,37.635,REPEATEDHITS,False,False,False,0,100500,64762757065.0,3,BID,LONG,0.5
IBIT,2026-07-21 14:17:57.761422+00:00,CALL,39.0,2026-08-31,941184,6536,6704,3072,37.855,REPEATEDHITS,False,False,False,0,941184,64762757065.0,41,BID,SHORT,0.5
IBIT,2026-07-20 19:24:11.771973+00:00,PUT,33.5,2026-08-07,89256,3719,3792,349,36.8705,REPEATEDHITS,False,False,False,89256,0,64762757065.0,18,ASK,SHORT,1.0
IBIT,2026-07-20 15:43:04.769781+00:00,CALL,40.5,2026-07-31,87424,10928,11641,93,36.83,REPEATEDHITS,False,False,False,0,87424,64762757065.0,11,BID,SHORT,0.5
IBIT,2026-07-20 15:33:45.043707+00:00,CALL,36.0,2026-11-20,183015,441,483,161,36.715,REPEATEDHITS,True,False,False,0,183015,64762757065.0,123,BID,SHORT,0.5
IBIT,2026-07-20 14:37:52.384235+00:00,CALL,34.0,2026-11-20,194670,378,455,272,36.415,REPEATEDHITS,True,False,False,0,127205,64762757065.0,123,BID,SHORT,0.5
IBIT,2026-07-16 17:45:30.904105+00:00,PUT,38.0,2026-11-30,50150,118,118,43,36.295,REPEATEDHITS,False,False,False,50150,0,64762757065.0,137,ASK,SHORT,1.0
IBIT,2026-07-16 16:24:27.044184+00:00,PUT,36.5,2026-07-31,375013,3713,17467,561,36.481,REPEATEDHITS,False,False,False,375013,0,64762757065.0,15,ASK,SHORT,1.0
IBIT,2026-07-16 16:21:45.546732+00:00,PUT,36.5,2026-07-31,421824,4232,13131,561,36.475,REPEATEDHITSDESCENDINGFILL,True,False,False,421724,100,64762757065.0,15,ASK,SHORT,1.0
IBIT,2026-07-16 16:17:05.639851+00:00,PUT,36.5,2026-07-31,190806,1947,8282,561,36.515,REPEATEDHITS,True,False,False,181202,4802,64762757065.0,15,ASK,SHORT,1.0
IBIT,2026-07-16 16:16:22.169351+00:00,PUT,36.5,2026-07-31,145826,1490,5904,561,36.505,REPEATEDHITSASCENDINGFILL,False,False,False,145631,98,64762757065.0,15,ASK,SHORT,1.0
IBIT,2026-07-16 16:16:05.945962+00:00,PUT,36.5,2026-07-31,244608,2496,4230,561,36.495,REPEATEDHITS,True,False,False,244608,0,64762757065.0,15,ASK,SHORT,1.0
IBIT,2026-07-16 16:15:56.930797+00:00,PUT,36.5,2026-07-31,118340,1220,1562,561,36.4999,REPEATEDHITS,True,False,False,118340,0,64762757065.0,15,ASK,SHORT,1.0
IBIT,2026-07-14 17:57:08.796971+00:00,PUT,36.5,2026-07-24,205124,2699,3927,835,36.6277,REPEATEDHITS,False,False,False,0,205124,64762757065.0,10,BID,LONG,0.5
IBIT,2026-07-14 15:48:55.033513+00:00,PUT,37.0,2026-08-28,52934,266,333,53,36.685,REPEATEDHITS,False,False,False,0,34427,64762757065.0,45,BID,LONG,0.5
IBIT,2026-07-13 16:45:25.369622+00:00,PUT,34.0,2028-06-16,105090,142,146,26,35.305,REPEATEDHITS,False,False,False,0,105090,64762757065.0,704,BID,LONG,0.5
IBIT,2026-07-13 15:36:48.557709+00:00,CALL,35.5,2026-07-13,102252,8521,33472,1382,35.4899,REPEATEDHITS,False,False,False,0,102252,64762757065.0,0,BID,SHORT,0.5
IBIT,2026-07-13 15:00:17.057831+00:00,CALL,35.5,2026-07-13,50167,2951,18137,1382,35.525,REPEATEDHITS,False,False,False,50167,0,64762757065.0,0,ASK,LONG,1.0
IBIT,2026-07-13 13:51:00.944134+00:00,PUT,34.0,2026-07-15,51029,4639,4923,857,35.245,REPEATEDHITS,False,False,False,0,51029,64762757065.0,2,BID,LONG,0.5
IBIT,2026-07-10 18:52:07.507963+00:00,CALL,36.5,2026-08-07,197632,1544,2882,1036,36.1216,REPEATEDHITS,False,False,False,0,197632,64762757065.0,28,BID,SHORT,0.5
IBIT,2026-07-10 15:54:45.226437+00:00,PUT,21.0,2028-06-16,115388,471,471,1,36.2387,REPEATEDHITSDESCENDINGFILL,False,False,False,115144,244,64762757065.0,707,ASK,SHORT,1.0
IBIT,2026-07-10 15:44:45.770567+00:00,CALL,70.0,2028-12-15,2528785,4640,4642,2294,36.22,REPEATEDHITSDESCENDINGFILL,True,False,False,2528785,0,64762757065.0,889,ASK,LONG,1.0
IBIT,2026-07-09 18:18:18.211777+00:00,CALL,37.5,2026-07-17,90000,5000,5521,2625,35.885,REPEATEDHITS,False,False,False,90000,0,64762757065.0,8,ASK,LONG,1.0
IBIT,2026-07-09 13:51:43.759469+00:00,PUT,33.0,2026-07-24,120568,4306,4450,1462,35.675,REPEATEDHITS,False,False,False,28,120540,64762757065.0,15,BID,LONG,0.5
IBIT,2026-07-08 14:30:12.621730+00:00,CALL,39.0,2026-08-14,199087,4063,4474,67,35.08,REPEATEDHITS,False,False,False,3136,195951,64762757065.0,37,BID,SHORT,0.5
IBIT,2026-07-08 13:30:38.888743+00:00,CALL,35.5,2026-07-15,87870,1515,1515,673,35.0299,REPEATEDHITS,True,False,False,76270,0,64762757065.0,7,ASK,LONG,1.0
IBIT,2026-07-07 17:40:55.528285+00:00,CALL,39.0,2026-07-17,105000,7500,8031,7105,36.31,REPEATEDHITS,False,False,False,105000,0,64762757065.0,10,ASK,LONG,1.0
IBIT,2026-07-07 17:14:17.613331+00:00,PUT,36.0,2026-11-20,172500,500,3089,399,36.26,REPEATEDHITS,False,False,False,172500,0,64762757065.0,136,ASK,SHORT,1.0
IBIT,2026-07-07 17:13:51.983870+00:00,PUT,36.0,2026-11-20,345000,1000,2589,399,36.265,REPEATEDHITS,False,False,False,345000,0,64762757065.0,136,ASK,SHORT,1.0
IBIT,2026-07-07 17:13:05.543203+00:00,PUT,36.0,2026-11-20,345000,1000,1459,399,36.26,REPEATEDHITS,False,False,False,345000,0,64762757065.0,136,ASK,SHORT,1.0
IBIT,2026-07-07 16:37:02.715698+00:00,PUT,36.5,2026-07-10,214764,3254,3522,216,36.23,REPEATEDHITS,False,False,False,214764,0,64762757065.0,3,ASK,SHORT,1.0
IBIT,2026-07-07 13:54:15.680076+00:00,CALL,38.5,2026-08-07,285000,4750,4751,250,35.735,REPEATEDHITS,False,False,False,0,285000,64762757065.0,31,BID,SHORT,0.5
IBIT,2026-07-06 18:15:36.237054+00:00,PUT,34.0,2026-07-10,54780,4980,12872,3740,36.075,REPEATEDHITS,False,False,False,0,54780,64762757065.0,4,BID,LONG,0.5
IBIT,2026-07-06 15:43:37.047176+00:00,PUT,35.5,2026-07-06,60270,4018,5783,79,35.5,REPEATEDHITS,False,False,False,60270,0,64762757065.0,0,ASK,SHORT,1.0
IBIT,2026-07-02 16:36:06.187430+00:00,PUT,34.5,2026-07-17,515000,5000,8532,819,34.7001,REPEATEDHITS,False,False,False,515000,0,64762757065.0,15,ASK,SHORT,1.0
IBIT,2026-07-02 16:19:02.812875+00:00,CALL,35.5,2026-07-06,104236,4532,11194,886,34.825,REPEATEDHITS,False,False,False,0,104236,64762757065.0,4,BID,SHORT,0.5
IBIT,2026-07-02 14:57:18.989679+00:00,CALL,36.0,2026-08-14,60800,400,496,0,34.855,REPEATEDHITS,False,False,False,49856,10944,64762757065.0,43,ASK,LONG,1.0
IBIT,2026-07-02 14:35:09.304715+00:00,PUT,34.0,2026-07-08,54402,1600,1877,361,34.885,REPEATEDHITSDESCENDINGFILL,False,False,False,0,54332,64762757065.0,6,BID,LONG,0.5
IBIT,2026-07-02 14:31:11.209683+00:00,CALL,35.5,2026-07-08,86085,1913,3149,615,34.95,REPEATEDHITS,False,False,False,86085,0,64762757065.0,6,ASK,LONG,1.0
IBIT,2026-07-01 16:17:35.025962+00:00,CALL,34.0,2026-07-01,73216,4576,20130,1874,34.025,REPEATEDHITS,False,False,False,0,73216,64762757065.0,0,BID,SHORT,0.5
IBIT,2026-07-01 15:33:35.098454+00:00,CALL,35.0,2026-12-18,1471672,3590,3682,1604,34.1,REPEATEDHITSDESCENDINGFILL,False,False,False,1471672,0,64762757065.0,170,ASK,LONG,1.0
IBIT,2026-07-01 14:15:23.700013+00:00,PUT,34.5,2026-07-10,84027,757,758,278,33.96,REPEATEDHITS,True,False,False,0,84027,64762757065.0,9,BID,LONG,0.5
IBIT,2026-06-29 19:32:03.060187+00:00,CALL,35.0,2026-07-10,340197,5577,6069,5215,34.185,REPEATEDHITS,False,False,False,0,340197,64762757065.0,11,BID,SHORT,0.5
IBIT,2026-06-29 17:46:38.110814+00:00,PUT,36.0,2027-02-19,190620,353,602,110,34.29,REPEATEDHITS,False,False,False,0,190620,64762757065.0,235,BID,LONG,0.5
IBIT,2026-06-29 17:46:33.102966+00:00,PUT,36.0,2027-02-19,134421,249,249,110,34.275,REPEATEDHITS,False,False,False,35100,99321,64762757065.0,235,BID,LONG,0.5
IBIT,2026-06-29 16:48:10.564233+00:00,CALL,34.0,2026-06-30,138720,4624,10647,4113,33.875,REPEATEDHITS,False,False,False,30,138690,64762757065.0,1,BID,SHORT,0.5
IBIT,2026-06-29 14:13:47.625122+00:00,CALL,33.5,2026-07-10,425736,3942,3963,552,33.41,REPEATEDHITS,False,False,False,0,425736,64762757065.0,11,BID,SHORT,0.5
IBKR,2026-07-21 19:58:54.715412+00:00,CALL,100.0,2026-07-24,20970,233,1551,206,94.2641,REPEATEDHITS,True,False,False,20970,0,42062633649.0,3,ASK,LONG,1.0
IBKR,2026-07-21 19:56:19.666018+00:00,PUT,75.0,2026-09-18,47174,497,1342,380,94.22,REPEATEDHITSDESCENDINGFILL,False,False,False,0,47174,42062633649.0,59,BID,LONG,0.5
IBKR,2026-07-21 18:34:14.474002+00:00,CALL,98.0,2026-07-24,13992,100,874,77,94.455,REPEATEDHITS,False,False,False,13992,0,42062633649.0,3,ASK,LONG,1.0
IBKR,2026-07-21 18:31:04.217040+00:00,PUT,75.0,2026-09-18,45030,474,542,380,94.54,REPEATEDHITS,False,False,False,0,45030,42062633649.0,59,BID,LONG,0.5
IBKR,2026-07-21 18:12:52.894537+00:00,PUT,82.0,2026-08-21,22400,200,402,3,94.56,REPEATEDHITSDESCENDINGFILL,False,False,False,0,22400,42062633649.0,31,BID,LONG,0.5
IBKR,2026-07-21 18:05:06.548408+00:00,PUT,82.0,2026-08-21,22000,200,202,3,94.79,REPEATEDHITS,False,False,False,4400,6600,42062633649.0,31,BID,LONG,0.5
IBKR,2026-07-21 13:46:13.398065+00:00,CALL,97.0,2026-07-24,16440,106,121,56,94.03,REPEATEDHITS,False,False,False,0,16440,42062633649.0,3,BID,SHORT,0.5
IBKR,2026-07-16 17:49:23.648402+00:00,PUT,90.0,2026-07-24,54570,249,253,84,92.3,REPEATEDHITS,True,False,False,14580,39990,42062633649.0,8,BID,LONG,0.5
IBKR,2026-07-16 17:49:23.648402+00:00,CALL,93.0,2026-07-24,11779,38,55,25,92.3,REPEATEDHITS,False,False,False,11779,0,42062633649.0,8,ASK,LONG,1.0
IBKR,2026-07-16 16:53:40.089915+00:00,CALL,97.0,2026-08-14,13708,40,40,14,92.71,REPEATEDHITSASCENDINGFILL,False,False,False,13708,0,42062633649.0,29,ASK,LONG,1.0
IBKR,2026-07-09 19:22:49.557056+00:00,CALL,97.0,2026-07-17,14760,82,132,58,95.41,REPEATEDHITS,False,False,False,14040,720,42062633649.0,8,ASK,LONG,1.0
IBKR,2026-07-07 19:38:13.262745+00:00,CALL,96.0,2026-07-10,25318,211,224,115,94.7,REPEATEDHITS,False,False,False,25318,0,42062633649.0,3,ASK,LONG,1.0
IBKR,2026-07-07 16:01:13.426542+00:00,CALL,96.0,2026-07-24,28050,85,86,44,93.665,REPEATEDHITS,False,False,False,28050,0,42062633649.0,17,ASK,LONG,1.0
IBKR,2026-07-06 18:28:58.111410+00:00,PUT,100.0,2028-01-21,101430,49,120,1,95.02,REPEATEDHITS,False,False,False,101430,0,42062633649.0,564,ASK,SHORT,1.0
IBKR,2026-07-06 17:24:29.249410+00:00,PUT,100.0,2028-01-21,49440,24,60,1,94.87,REPEATEDHITS,False,False,False,49440,0,42062633649.0,564,ASK,SHORT,1.0
IBKR,2026-07-01 18:07:56.663405+00:00,CALL,100.0,2026-08-21,45194,113,118,66,94.0,REPEATEDHITS,False,False,False,45194,0,42062633649.0,51,ASK,LONG,1.0
IBKR,2026-07-01 16:15:40.693284+00:00,CALL,94.0,2026-07-02,13680,114,223,25,93.6399,REPEATEDHITS,True,False,False,13680,0,42062633649.0,1,ASK,LONG,1.0
IBKR,2026-07-01 16:08:50.781568+00:00,CALL,94.0,2026-07-17,23860,90,117,11,92.945,REPEATEDHITS,False,False,False,0,23860,42062633649.0,16,BID,SHORT,0.5
IBKR,2026-07-01 16:08:50.781568+00:00,CALL,94.0,2026-07-17,17907,67,294,11,92.83,REPEATEDHITSDESCENDINGFILL,False,False,False,12720,5187,42062633649.0,16,ASK,LONG,1.0
IBKR,2026-07-01 15:23:34.765910+00:00,CALL,94.0,2026-07-24,17100,60,60,12,90.28,REPEATEDHITS,True,False,False,17100,0,42062633649.0,23,ASK,LONG,1.0
IBKR,2026-07-01 15:04:12.358197+00:00,CALL,91.0,2026-08-07,13800,30,31,0,89.3893,REPEATEDHITS,True,False,False,13800,0,42062633649.0,37,ASK,LONG,1.0
IBKR,2026-06-29 17:35:19.380509+00:00,CALL,90.0,2026-08-21,48230,91,126,62,88.12,REPEATEDHITS,False,False,False,48230,0,42062633649.0,53,ASK,LONG,1.0
IBKR,2026-06-29 15:34:11.492413+00:00,CALL,88.0,2026-07-02,16660,98,98,7,87.93,REPEATEDHITS,False,False,False,170,16490,42062633649.0,3,BID,SHORT,0.5
IBKR,2026-06-26 15:56:44.803984+00:00,CALL,90.0,2026-06-26,11290,102,106,36,90.81,REPEATEDHITS,False,False,False,1830,9460,42062633649.0,0,BID,SHORT,0.5
IBKR,2026-06-25 19:46:40.920723+00:00,PUT,87.0,2026-07-17,16920,94,94,22,92.01,REPEATEDHITS,False,False,False,16920,0,42062633649.0,22,ASK,SHORT,1.0
IBKR,2026-06-25 18:33:14.500369+00:00,PUT,89.0,2026-07-17,33300,148,158,18,92.58,REPEATEDHITS,False,False,False,33300,0,42062633649.0,22,ASK,SHORT,1.0
IBKR,2026-06-25 17:20:03.013251+00:00,CALL,105.0,2026-07-24,54705,521,522,7,92.85,REPEATEDHITS,False,False,False,0,54705,42062633649.0,29,BID,SHORT,0.5
IBKR,2026-06-25 16:33:26.323825+00:00,PUT,88.0,2026-07-10,10290,98,101,7,93.45,REPEATEDHITS,False,False,False,10290,0,42062633649.0,15,ASK,SHORT,1.0
IBKR,2026-06-25 15:14:41.404718+00:00,CALL,101.0,2026-07-10,23730,365,365,12,93.195,REPEATEDHITS,False,False,False,0,23730,42062633649.0,15,BID,SHORT,0.5
IBKR,2026-06-25 14:42:03.349781+00:00,PUT,100.0,2026-08-21,469986,500,500,48,94.43,REPEATEDHITSDESCENDINGFILL,False,False,False,469986,0,42062633649.0,57,ASK,SHORT,1.0
IBKR,2026-06-24 17:18:43.016810+00:00,PUT,91.0,2026-06-26,16700,334,337,45,93.56,REPEATEDHITS,False,False,False,16700,0,42062633649.0,2,ASK,SHORT,1.0
IBKR,2026-06-24 17:07:25.057351+00:00,PUT,97.0,2026-07-02,18060,43,43,0,93.87,REPEATEDHITS,True,False,False,18060,0,42062633649.0,8,ASK,SHORT,1.0
IBKR,2026-06-24 15:26:27.341122+00:00,PUT,95.0,2026-09-18,95250,127,163,78,94.695,REPEATEDHITS,False,False,False,0,95250,42062633649.0,86,BID,LONG,0.5
IBKR,2026-06-24 14:16:16.209309+00:00,PUT,100.0,2026-08-21,40800,40,40,8,93.07,REPEATEDHITS,True,False,False,40800,0,42062633649.0,58,ASK,SHORT,1.0
IBKR,2026-06-23 15:38:28.303082+00:00,CALL,100.0,2026-06-26,12000,300,312,97,95.61,REPEATEDHITS,False,False,False,200,80,42062633649.0,3,ASK,LONG,1.0
IBKR,2026-06-23 15:18:52.267524+00:00,CALL,100.0,2026-07-02,76959,855,861,49,95.35,REPEATEDHITS,False,False,False,0,76959,42062633649.0,9,BID,SHORT,0.5
IBKR,2026-06-23 14:31:56.776185+00:00,PUT,88.0,2026-07-17,10650,71,180,1,95.58,REPEATEDHITS,False,False,False,10650,0,42062633649.0,24,ASK,SHORT,1.0
IBKR,2026-06-23 14:31:02.887633+00:00,PUT,88.0,2026-07-17,14850,99,101,1,95.735,REPEATEDHITS,False,False,False,14850,0,42062633649.0,24,ASK,SHORT,1.0
IBKR,2026-06-22 16:13:37.404100+00:00,CALL,97.0,2026-06-26,72530,372,404,48,97.06,REPEATEDHITS,False,False,False,72530,0,42062633649.0,4,ASK,LONG,1.0
IBKR,2026-06-22 13:57:19.752826+00:00,PUT,90.0,2026-08-21,78211,237,242,20,97.6,REPEATEDHITS,False,False,False,0,78211,42062633649.0,60,BID,LONG,0.5
IBKR,2026-06-18 18:11:19.529215+00:00,PUT,95.0,2026-06-26,46375,265,325,26,95.71,REPEATEDHITS,False,False,False,46375,0,42062633649.0,8,ASK,SHORT,1.0
IBKR,2026-06-17 19:37:23.478626+00:00,PUT,100.0,2026-09-18,39000,39,102,7,95.51,REPEATEDHITS,False,False,False,0,39000,42062633649.0,93,BID,LONG,0.5
IBKR,2026-06-17 18:25:22.944308+00:00,PUT,94.0,2026-06-26,16113,104,106,12,95.74,REPEATEDHITS,False,False,False,16113,0,42062633649.0,9,ASK,SHORT,1.0
IBKR,2026-06-17 16:49:40.788758+00:00,PUT,105.0,2026-09-18,35840,28,28,0,95.91,REPEATEDHITS,False,False,False,0,35840,42062633649.0,93,BID,LONG,0.5
IBKR,2026-06-17 16:14:12.094741+00:00,PUT,100.0,2026-09-18,25220,26,40,7,95.79,REPEATEDHITS,False,False,False,0,25220,42062633649.0,93,BID,LONG,0.5
IBKR,2026-06-17 15:00:41.096418+00:00,CALL,105.0,2026-09-18,167690,390,390,267,94.8,REPEATEDHITS,False,False,False,167690,0,42062633649.0,93,ASK,LONG,1.0
IBKR,2026-06-15 19:32:52.710325+00:00,PUT,93.0,2026-06-26,47515,221,244,12,93.62,REPEATEDHITS,False,False,False,47515,0,42062633649.0,11,ASK,SHORT,1.0
IBKR,2026-06-15 16:07:10.146174+00:00,CALL,110.0,2026-09-18,49270,176,349,141,93.23,REPEATEDHITS,False,False,False,49270,0,42062633649.0,95,ASK,LONG,1.0
IBKR,2026-06-15 15:10:11.388507+00:00,PUT,94.0,2026-07-02,16430,53,53,0,93.713,REPEATEDHITS,True,False,False,0,16430,42062633649.0,17,BID,LONG,0.5
IBKR,2026-06-09 16:06:39.522463+00:00,CALL,115.0,2026-09-18,162310,1623,1624,9,84.0,REPEATEDHITS,False,False,False,0,162310,42062633649.0,101,BID,SHORT,0.5
IBM,2026-07-22 15:22:05.074178+00:00,PUT,207.5,2026-08-21,319249,297,352,81,210.07,REPEATEDHITSDESCENDINGFILL,False,False,False,314969,4280,197845851440.0,30,ASK,SHORT,1.0
IBM,2026-07-22 14:25:14.280555+00:00,CALL,232.5,2026-08-21,198621,462,465,87,210.63,REPEATEDHITSDESCENDINGFILL,False,False,False,198621,0,197845851440.0,30,ASK,LONG,1.0
IBM,2026-07-21 19:59:48.095895+00:00,PUT,227.5,2026-08-07,133895,65,67,0,210.38,REPEATEDHITS,True,False,False,133895,0,197845851440.0,17,ASK,SHORT,1.0
IBM,2026-07-21 17:07:10.471688+00:00,CALL,225.0,2026-07-31,235058,662,1012,495,210.985,REPEATEDHITSASCENDINGFILL,False,False,False,1440,233618,197845851440.0,10,BID,SHORT,0.5
IBM,2026-07-21 15:09:40.968147+00:00,PUT,185.0,2026-07-31,56248,712,747,286,210.48,REPEATEDHITS,False,False,False,56248,0,197845851440.0,10,ASK,SHORT,1.0
IBM,2026-07-21 14:43:53.017066+00:00,CALL,225.0,2026-10-16,2636500,1953,1958,365,210.92,REPEATEDHITSDESCENDINGFILL,False,False,False,2636500,0,197845851440.0,87,ASK,LONG,1.0
IBM,2026-07-20 19:04:02.147357+00:00,PUT,212.5,2026-07-24,291668,527,697,414,213.96,REPEATEDHITS,True,False,False,190458,101210,197845851440.0,4,ASK,SHORT,1.0
IBM,2026-07-20 18:06:35.584180+00:00,CALL,230.0,2026-08-14,164283,309,347,238,215.265,REPEATEDHITSASCENDINGFILL,False,False,False,110695,53588,197845851440.0,25,ASK,LONG,1.0
IBM,2026-07-20 17:40:20.784944+00:00,PUT,222.5,2026-07-31,193279,154,154,139,215.075,REPEATEDHITSASCENDINGFILL,False,False,False,2515,181979,197845851440.0,11,BID,LONG,0.5
IBM,2026-07-17 19:09:43.100729+00:00,CALL,237.5,2026-07-31,86583,444,462,29,211.18,REPEATEDHITSASCENDINGFILL,False,False,False,197,86386,197845851440.0,14,BID,SHORT,0.5
IBM,2026-07-17 18:09:54.300058+00:00,PUT,205.0,2028-01-21,108030,26,26,1,211.915,REPEATEDHITSDESCENDINGFILL,False,False,False,78980,29050,197845851440.0,553,ASK,SHORT,1.0
IBM,2026-07-17 16:41:03.793311+00:00,CALL,215.0,2026-10-16,2175389,1145,1454,464,213.135,REPEATEDHITSDESCENDINGFILL,False,False,False,2175389,0,197845851440.0,91,ASK,LONG,1.0
IBM,2026-07-17 15:40:17.058444+00:00,PUT,215.0,2026-12-18,512841,191,191,13,212.08,REPEATEDHITSASCENDINGFILL,False,False,False,0,512841,197845851440.0,154,BID,LONG,0.5
IBM,2026-07-17 15:04:09.191451+00:00,CALL,250.0,2026-11-20,462134,390,395,211,213.89,REPEATEDHITSDESCENDINGFILL,False,False,False,458579,3555,197845851440.0,126,ASK,LONG,1.0
IBM,2026-07-16 19:03:44.768531+00:00,CALL,275.0,2026-08-14,51666,474,487,33,219.11,REPEATEDHITS,False,False,False,0,51666,197845851440.0,29,BID,SHORT,0.5
IBM,2026-07-16 18:19:43.263173+00:00,CALL,205.0,2026-11-20,697060,212,293,47,219.32,REPEATEDHITSASCENDINGFILL,False,False,False,697060,0,197845851440.0,127,ASK,LONG,1.0
IBM,2026-07-16 18:04:27.107341+00:00,PUT,215.0,2027-06-17,52800,15,18,0,218.1,REPEATEDHITS,False,False,False,21120,28160,197845851440.0,336,BID,LONG,0.5
IBM,2026-07-16 16:59:51.985559+00:00,CALL,235.0,2026-10-16,1509622,1090,1202,238,217.98,REPEATEDHITSDESCENDINGFILL,True,False,False,1509622,0,197845851440.0,92,ASK,LONG,1.0
IBM,2026-07-16 16:30:02.570301+00:00,CALL,205.0,2026-12-18,99250,32,39,0,214.115,REPEATEDHITSASCENDINGFILL,True,False,False,24830,68220,197845851440.0,155,BID,SHORT,0.5
IBM,2026-07-16 16:29:52.761106+00:00,CALL,205.0,2027-01-15,92820,28,65,19,214.15,REPEATEDHITS,True,False,False,0,49725,197845851440.0,183,BID,SHORT,0.5
IBM,2026-07-16 15:15:58.627448+00:00,PUT,215.0,2026-10-16,1152675,545,651,242,211.27,REPEATEDHITS,False,False,False,1152675,0,197845851440.0,92,ASK,SHORT,1.0
IBM,2026-07-16 14:32:04.949284+00:00,PUT,210.0,2026-10-16,1707612,833,850,462,207.21,REPEATEDHITSDESCENDINGFILL,False,False,False,1707612,0,197845851440.0,92,ASK,SHORT,1.0
IBM,2026-07-16 13:49:57.366644+00:00,CALL,205.0,2026-07-31,132915,132,183,17,204.95,REPEATEDHITSDESCENDINGFILL,True,False,False,124220,8695,197845851440.0,15,ASK,LONG,1.0
IBM,2026-07-15 19:37:43.140707+00:00,PUT,217.5,2026-07-17,368556,567,1226,0,212.68,REPEATEDHITSASCENDINGFILL,False,False,False,650,367906,197845851440.0,2,BID,LONG,0.5
IBM,2026-07-15 16:38:22.607177+00:00,CALL,215.0,2026-10-16,425700,220,434,186,212.11,REPEATEDHITS,False,False,False,0,425700,197845851440.0,93,BID,SHORT,0.5
IBM,2026-07-15 16:16:53.900335+00:00,CALL,490.0,2027-12-17,57510,83,139,29,215.045,REPEATEDHITSASCENDINGFILL,False,False,False,27135,30375,197845851440.0,520,BID,SHORT,0.5
IBM,2026-07-15 14:03:55.474882+00:00,PUT,220.0,2026-07-24,1301500,1438,1533,1168,220.085,REPEATEDHITSASCENDINGFILL,False,False,False,10010,1291490,197845851440.0,9,BID,LONG,0.5
IBM,2026-07-15 13:33:42.848807+00:00,CALL,200.0,2026-08-14,178325,64,64,29,222.74,REPEATEDHITS,True,False,False,86210,92115,197845851440.0,30,BID,SHORT,0.5
IBM,2026-07-15 13:33:42.848807+00:00,CALL,205.0,2026-08-14,311420,128,128,37,222.877,REPEATEDHITSASCENDINGFILL,True,False,False,114390,163570,197845851440.0,30,BID,SHORT,0.5
IBM,2026-07-14 19:35:26.991989+00:00,PUT,205.0,2026-09-18,234455,188,356,27,218.33,REPEATEDHITSDESCENDINGFILL,False,False,False,82500,151955,197845851440.0,66,BID,LONG,0.5
IBM,2026-07-14 19:35:18.582323+00:00,PUT,210.0,2028-06-16,52085,11,185,5,218.429,REPEATEDHITS,False,False,False,37880,14205,197845851440.0,703,ASK,SHORT,1.0
IBM,2026-07-14 19:35:08.372298+00:00,CALL,220.0,2026-08-28,616000,385,641,1,218.465,REPEATEDHITS,False,False,False,497600,118400,197845851440.0,45,ASK,LONG,1.0
IBM,2026-07-14 19:20:09.812629+00:00,CALL,190.0,2026-08-28,134900,38,62,0,220.7501,REPEATEDHITS,False,False,False,0,134900,197845851440.0,45,BID,SHORT,0.5
IBM,2026-07-14 19:04:45.438461+00:00,CALL,250.0,2026-08-28,160080,232,399,0,220.08,REPEATEDHITS,False,False,False,160080,0,197845851440.0,45,ASK,LONG,1.0
IBM,2026-07-14 18:25:50.946289+00:00,CALL,215.0,2027-01-15,108080,33,162,9,218.46,REPEATEDHITS,False,False,False,55760,52320,197845851440.0,185,ASK,LONG,1.0
IBM,2026-07-14 18:19:55.916820+00:00,PUT,175.0,2027-03-19,199500,133,205,60,217.955,REPEATEDHITS,False,False,False,45000,154500,197845851440.0,248,BID,LONG,0.5
IBM,2026-07-14 18:08:00.779788+00:00,CALL,210.0,2026-08-21,2469940,1257,1539,109,217.9691,REPEATEDHITSDESCENDINGFILL,False,False,False,2469940,0,197845851440.0,38,ASK,LONG,1.0
IBM,2026-07-14 17:25:00.376055+00:00,CALL,215.0,2026-07-31,227225,149,731,0,220.16,REPEATEDHITS,False,False,False,227225,0,197845851440.0,17,ASK,LONG,1.0
IBM,2026-07-14 16:42:54.646792+00:00,CALL,235.0,2026-07-17,133026,1044,3548,329,218.235,REPEATEDHITSASCENDINGFILL,False,False,False,66624,66402,197845851440.0,3,ASK,LONG,1.0
IBM,2026-07-14 16:00:13.825371+00:00,CALL,215.0,2026-07-17,65650,101,3034,60,215.93,REPEATEDHITS,True,False,False,65650,0,197845851440.0,3,ASK,LONG,1.0
IBM,2026-07-14 15:55:58.702487+00:00,PUT,110.0,2028-01-21,71300,100,148,17,215.4,REPEATEDHITS,False,False,False,71300,0,197845851440.0,556,ASK,SHORT,1.0
IBM,2026-07-14 15:52:07.298439+00:00,CALL,225.0,2026-08-28,463885,361,473,0,215.5,REPEATEDHITS,False,False,False,463885,0,197845851440.0,45,ASK,LONG,1.0
IBM,2026-07-14 15:37:51.476896+00:00,PUT,180.0,2026-07-24,118186,1231,2337,284,214.86,REPEATEDHITSDESCENDINGFILL,False,False,False,106,118080,197845851440.0,10,BID,LONG,0.5
IBM,2026-07-14 15:26:49.022884+00:00,CALL,210.0,2026-07-17,85500,100,807,98,214.1453,REPEATEDHITS,False,False,False,0,0,197845851440.0,3,MIXED,,0.0
IBM,2026-07-14 14:51:12.207641+00:00,PUT,210.0,2026-08-14,62435,52,156,29,217.0001,REPEATEDHITSDESCENDINGFILL,False,False,False,38475,23960,197845851440.0,31,ASK,SHORT,1.0
IBM,2026-07-14 14:39:01.330042+00:00,CALL,220.0,2027-12-17,2470000,494,635,41,219.605,REPEATEDHITS,False,False,False,10000,2460000,197845851440.0,521,BID,SHORT,0.5
IBM,2026-07-14 14:36:00.271915+00:00,PUT,205.0,2026-07-24,99900,190,617,98,219.325,REPEATEDHITSASCENDINGFILL,True,False,False,5350,94550,197845851440.0,10,BID,LONG,0.5
IBM,2026-07-14 14:21:50.876689+00:00,CALL,230.0,2026-07-31,187450,230,421,7,217.2,REPEATEDHITS,True,False,False,187450,0,197845851440.0,17,ASK,LONG,1.0
IBM,2026-07-14 14:21:23.243824+00:00,PUT,215.0,2026-09-18,54600,30,172,15,217.41,REPEATEDHITSDESCENDINGFILL,True,False,False,27375,27225,197845851440.0,66,ASK,SHORT,1.0
IBM,2026-07-14 14:21:20.837862+00:00,PUT,160.0,2026-10-16,60533,183,188,21,217.42,REPEATEDHITSASCENDINGFILL,False,False,False,30335,30198,197845851440.0,94,ASK,SHORT,1.0
IGV,2026-07-22 15:32:19.096698+00:00,CALL,90.0,2026-07-24,71620,651,699,343,89.755,REPEATEDHITS,False,False,False,0,71620,13149621755.0,2,BID,SHORT,0.5
IGV,2026-07-22 15:31:48.844049+00:00,CALL,91.0,2026-07-24,20000,250,871,103,89.875,REPEATEDHITS,False,False,False,20000,0,13149621755.0,2,ASK,LONG,1.0
IGV,2026-07-22 15:04:10.230693+00:00,PUT,89.0,2026-07-24,70487,783,972,267,89.7,REPEATEDHITS,False,False,False,0,70487,13149621755.0,2,BID,LONG,0.5
IGV,2026-07-22 14:39:09.302300+00:00,CALL,90.5,2026-07-24,110602,1164,1338,42,89.8,REPEATEDHITSASCENDINGFILL,False,False,False,0,110602,13149621755.0,2,BID,SHORT,0.5
IGV,2026-07-22 14:33:11.840293+00:00,CALL,92.0,2026-07-24,27950,430,525,321,90.16,REPEATEDHITS,False,False,False,27950,0,13149621755.0,2,ASK,LONG,1.0
IGV,2026-07-22 14:22:55.228389+00:00,PUT,85.0,2028-12-15,64680,49,49,10,89.94,REPEATEDHITS,False,False,False,0,35640,13149621755.0,877,BID,LONG,0.5
IGV,2026-07-22 14:00:46.942828+00:00,CALL,91.0,2026-07-24,54780,498,521,103,90.425,REPEATEDHITS,True,False,False,54780,0,13149621755.0,2,ASK,LONG,1.0
IGV,2026-07-22 13:47:26.056752+00:00,CALL,90.5,2026-07-24,13390,103,152,42,90.42,REPEATEDHITS,True,False,False,0,13390,13149621755.0,2,BID,SHORT,0.5
IGV,2026-07-21 17:03:31.212175+00:00,PUT,87.0,2026-07-31,45647,702,753,44,91.745,REPEATEDHITS,False,False,False,0,45647,13149621755.0,10,BID,LONG,0.5
IGV,2026-07-21 16:37:10.511669+00:00,PUT,90.0,2026-07-31,51940,371,499,165,91.93,REPEATEDHITS,False,False,False,0,51940,13149621755.0,10,BID,LONG,0.5
IGV,2026-07-21 14:10:20.956134+00:00,PUT,96.0,2026-08-07,136760,263,526,9,92.18,REPEATEDHITS,False,False,False,0,22880,13149621755.0,17,BID,LONG,0.5
IGV,2026-07-20 19:13:37.615622+00:00,PUT,92.0,2026-07-31,162245,877,3738,13,93.38,REPEATEDHITS,False,False,False,162245,0,13149621755.0,11,ASK,SHORT,1.0
IGV,2026-07-20 18:13:09.486228+00:00,CALL,94.5,2026-08-21,92399,231,323,0,94.21,REPEATEDHITS,False,False,False,92399,0,13149621755.0,32,ASK,LONG,1.0
IGV,2026-07-20 18:12:53.451492+00:00,CALL,95.0,2026-07-31,97310,450,481,448,94.17,REPEATEDHITSDESCENDINGFILL,False,False,False,24640,15265,13149621755.0,11,ASK,LONG,1.0
IGV,2026-07-17 18:00:47.885815+00:00,PUT,91.0,2026-07-31,276210,1674,5662,75,93.35,REPEATEDHITS,False,False,False,276210,0,13149621755.0,14,ASK,SHORT,1.0
IGV,2026-07-16 19:33:05.841385+00:00,PUT,92.5,2026-07-24,101498,700,733,110,93.545,REPEATEDHITS,False,False,False,101498,0,13149621755.0,8,ASK,SHORT,1.0
IGV,2026-07-16 19:04:32.226986+00:00,PUT,103.0,2026-07-17,2200000,2500,2505,503,94.08,FLOORTRADELARGECAP,False,True,False,0,0,13149621755.0,1,MIXED,,0.0
IGV,2026-07-16 18:40:14.826151+00:00,PUT,90.0,2026-07-24,211578,3843,8618,182,94.165,REPEATEDHITS,False,False,False,0,211578,13149621755.0,8,BID,LONG,0.5
IGV,2026-07-16 18:10:43.486012+00:00,PUT,90.0,2026-07-24,84873,1543,4732,182,94.19,REPEATEDHITSASCENDINGFILL,False,False,False,228,84645,13149621755.0,8,BID,LONG,0.5
IGV,2026-07-16 16:31:31.300620+00:00,PUT,90.0,2026-07-24,38415,591,2919,182,93.655,REPEATEDHITS,False,False,False,0,38415,13149621755.0,8,BID,LONG,0.5
IGV,2026-07-16 16:30:26.202399+00:00,PUT,45.0,2028-12-15,32761,168,168,39,93.525,REPEATEDHITS,False,False,False,10530,15211,13149621755.0,883,BID,LONG,0.5
IGV,2026-07-16 15:59:02.589140+00:00,PUT,90.5,2026-07-24,22280,297,297,28,93.7012,REPEATEDHITS,False,False,False,0,22280,13149621755.0,8,BID,LONG,0.5
IGV,2026-07-16 15:44:10.624753+00:00,CALL,100.0,2026-07-24,15860,793,3540,698,93.35,REPEATEDHITS,False,False,False,0,15860,13149621755.0,8,BID,SHORT,0.5
IGV,2026-07-16 15:28:03.368516+00:00,CALL,100.0,2026-07-24,35820,1791,2745,698,93.555,REPEATEDHITS,False,False,False,0,35820,13149621755.0,8,BID,SHORT,0.5
IGV,2026-07-16 15:12:17.450980+00:00,CALL,100.0,2026-07-24,18580,929,951,698,93.21,REPEATEDHITS,False,False,False,0,18580,13149621755.0,8,BID,SHORT,0.5
IGV,2026-07-16 14:38:58.797032+00:00,PUT,90.0,2026-07-24,177042,2213,2217,182,93.15,REPEATEDHITS,False,False,False,0,176962,13149621755.0,8,BID,LONG,0.5
IGV,2026-07-15 19:40:11.043110+00:00,PUT,94.5,2026-07-24,43475,185,1241,27,94.055,REPEATEDHITS,True,False,False,0,43475,13149621755.0,9,BID,LONG,0.5
IGV,2026-07-15 18:40:52.728014+00:00,CALL,93.0,2026-07-24,87450,318,321,225,94.03,REPEATEDHITS,True,False,False,0,87450,13149621755.0,9,BID,SHORT,0.5
IGV,2026-07-15 17:40:26.891180+00:00,CALL,97.0,2026-08-07,99000,450,576,70,94.0,REPEATEDHITS,False,False,False,99000,0,13149621755.0,23,ASK,LONG,1.0
IGV,2026-07-15 17:39:39.624435+00:00,PUT,94.5,2026-07-24,61680,257,1022,27,93.9708,REPEATEDHITS,True,False,False,3600,58080,13149621755.0,9,BID,LONG,0.5
IGV,2026-07-15 16:46:52.761153+00:00,PUT,95.5,2026-07-24,68440,236,251,2,93.83,REPEATEDHITS,False,False,False,0,68440,13149621755.0,9,BID,LONG,0.5
IGV,2026-07-15 14:50:25.589492+00:00,PUT,94.5,2026-07-24,17325,77,420,27,94.435,REPEATEDHITS,True,False,False,0,3150,13149621755.0,9,BID,LONG,0.5
IGV,2026-07-15 14:49:42.721526+00:00,PUT,94.5,2026-07-24,31900,145,342,27,94.49,REPEATEDHITS,True,False,False,0,30580,13149621755.0,9,BID,LONG,0.5
IGV,2026-07-15 14:49:15.274613+00:00,PUT,94.5,2026-07-24,42355,197,197,27,94.63,REPEATEDHITS,False,False,False,0,42355,13149621755.0,9,BID,LONG,0.5
IGV,2026-07-14 13:59:35.364277+00:00,CALL,93.0,2026-07-24,50000,200,200,61,93.15,REPEATEDHITS,False,False,False,50000,0,13149621755.0,10,ASK,LONG,1.0
IGV,2026-07-13 19:08:06.819761+00:00,CALL,99.5,2026-07-24,18235,521,523,31,92.71,REPEATEDHITS,False,False,False,0,18235,13149621755.0,11,BID,SHORT,0.5
IGV,2026-07-13 15:39:10.526171+00:00,CALL,97.0,2026-07-24,34901,336,451,33,93.49,REPEATEDHITSASCENDINGFILL,True,False,False,25317,9584,13149621755.0,11,ASK,LONG,1.0
IGV,2026-07-13 15:38:47.298837+00:00,CALL,94.5,2026-07-24,20000,100,102,91,93.51,REPEATEDHITS,False,False,False,20000,0,13149621755.0,11,ASK,LONG,1.0
IGV,2026-07-13 15:26:14.614870+00:00,CALL,94.5,2026-07-17,14280,168,529,137,93.31,REPEATEDHITS,False,False,False,0,14280,13149621755.0,4,BID,SHORT,0.5
IGV,2026-07-13 15:26:12.410419+00:00,CALL,94.5,2026-07-17,17179,202,230,137,93.31,REPEATEDHITSASCENDINGFILL,False,False,False,0,17179,13149621755.0,4,BID,SHORT,0.5
IGV,2026-07-09 19:27:43.494434+00:00,CALL,94.5,2026-07-10,16695,371,1875,261,93.795,REPEATEDHITS,False,False,False,0,13995,13149621755.0,1,BID,SHORT,0.5
IGV,2026-07-09 17:58:44.197346+00:00,CALL,94.5,2026-07-10,31560,789,1498,261,93.57,REPEATEDHITS,False,False,False,0,31560,13149621755.0,1,BID,SHORT,0.5
IGV,2026-07-09 17:38:38.866788+00:00,CALL,94.5,2026-07-10,27640,691,706,261,93.55,REPEATEDHITS,False,False,False,0,27640,13149621755.0,1,BID,SHORT,0.5
IGV,2026-07-09 16:18:46.139967+00:00,PUT,92.0,2026-07-10,24033,685,907,168,93.425,REPEATEDHITS,False,False,False,0,24033,13149621755.0,1,BID,LONG,0.5
IGV,2026-07-09 15:41:02.719284+00:00,CALL,93.5,2026-07-10,78660,874,1594,646,93.52,REPEATEDHITS,False,False,False,720,75780,13149621755.0,1,BID,SHORT,0.5
IGV,2026-07-09 15:33:45.840662+00:00,CALL,93.5,2026-07-10,54720,684,720,646,93.35,REPEATEDHITS,False,False,False,0,54720,13149621755.0,1,BID,SHORT,0.5
IGV,2026-07-08 15:02:01.631611+00:00,PUT,92.5,2026-07-10,92500,500,1005,216,91.42,REPEATEDHITS,False,False,False,92500,0,13149621755.0,2,ASK,SHORT,1.0
IGV,2026-07-08 14:43:56.751677+00:00,PUT,91.5,2026-07-17,102500,500,501,348,91.71,FLOORTRADELARGECAP,False,True,False,102500,0,13149621755.0,9,ASK,SHORT,1.0
IGV,2026-07-08 13:55:19.279817+00:00,PUT,92.5,2026-07-10,80000,500,502,216,91.875,REPEATEDHITS,False,False,False,60000,20000,13149621755.0,2,ASK,SHORT,1.0
IGV,2026-07-07 19:40:38.729265+00:00,PUT,94.5,2026-07-10,13355,99,519,48,94.445,REPEATEDHITSDESCENDINGFILL,True,False,False,13095,260,13149621755.0,3,ASK,SHORT,1.0
IONQ,2026-07-22 14:59:43.425878+00:00,CALL,70.0,2027-06-17,55040,86,86,28,35.41,REPEATEDHITS,True,False,False,24320,30720,13254815853.0,330,BID,SHORT,0.5
IONQ,2026-07-22 14:15:24.608060+00:00,PUT,33.5,2026-07-31,11337,81,82,28,35.21,REPEATEDHITSDESCENDINGFILL,True,False,False,11199,138,13254815853.0,9,ASK,SHORT,1.0
IONQ,2026-07-21 14:34:12.351112+00:00,PUT,32.5,2026-08-21,129364,467,472,10,35.73,REPEATEDHITSASCENDINGFILL,False,False,False,558,128806,13254815853.0,31,BID,LONG,0.5
IONQ,2026-07-21 13:57:18.858305+00:00,PUT,32.5,2026-07-31,201828,1668,1668,11,35.1,REPEATEDHITS,False,False,False,201828,0,13254815853.0,10,ASK,SHORT,1.0
IONQ,2026-07-20 17:30:12.099266+00:00,CALL,75.0,2027-06-17,151205,280,4142,87,34.91,REPEATEDHITS,True,False,False,0,130145,13254815853.0,332,BID,SHORT,0.5
IONQ,2026-07-20 17:30:05.485755+00:00,CALL,75.0,2027-06-17,267840,496,3862,87,34.92,REPEATEDHITS,True,False,False,21060,246780,13254815853.0,332,BID,SHORT,0.5
IONQ,2026-07-20 16:40:18.213534+00:00,CALL,75.0,2027-06-17,233750,425,2698,87,35.09,REPEATEDHITS,True,False,False,15400,218350,13254815853.0,332,BID,SHORT,0.5
IONQ,2026-07-20 16:40:07.199949+00:00,CALL,75.0,2027-06-17,233200,424,2273,87,35.06,REPEATEDHITS,True,False,False,0,211200,13254815853.0,332,BID,SHORT,0.5
IONQ,2026-07-20 16:39:43.767735+00:00,CALL,75.0,2027-06-17,88000,160,1658,87,35.01,REPEATEDHITS,False,False,False,88000,0,13254815853.0,332,ASK,LONG,1.0
IONQ,2026-07-20 16:39:29.153161+00:00,CALL,75.0,2027-06-17,594545,1081,1435,87,35.04,REPEATEDHITS,True,False,False,22550,549995,13254815853.0,332,BID,SHORT,0.5
IONQ,2026-07-20 16:39:23.547203+00:00,CALL,75.0,2027-06-17,191400,348,354,87,35.07,REPEATEDHITS,True,False,False,20350,149050,13254815853.0,332,BID,SHORT,0.5
IONQ,2026-07-16 19:18:10.506540+00:00,CALL,49.0,2026-07-31,51256,3417,3511,200,35.15,REPEATEDHITS,False,False,False,0,51240,13254815853.0,15,BID,SHORT,0.5
IONQ,2026-07-16 17:35:51.599797+00:00,CALL,36.0,2026-07-24,10880,80,905,11,34.87,REPEATEDHITS,False,False,False,0,10880,13254815853.0,8,BID,SHORT,0.5
IONQ,2026-07-16 17:33:37.383269+00:00,PUT,32.0,2026-07-31,84102,642,661,30,35.0364,REPEATEDHITS,False,False,False,84102,0,13254815853.0,15,ASK,SHORT,1.0
IONQ,2026-07-16 17:06:38.549037+00:00,PUT,33.0,2026-07-31,40014,247,268,17,35.14,REPEATEDHITS,False,False,False,40014,0,13254815853.0,15,ASK,SHORT,1.0
IONQ,2026-07-16 16:29:10.909261+00:00,CALL,35.0,2026-08-07,90090,234,657,72,35.6,REPEATEDHITS,False,False,False,90090,0,13254815853.0,22,ASK,LONG,1.0
IONQ,2026-07-16 14:29:28.061632+00:00,CALL,45.0,2026-07-24,16638,1039,1056,449,36.3,REPEATEDHITS,False,False,False,238,16400,13254815853.0,8,BID,SHORT,0.5
IONQ,2026-07-16 14:13:52.045904+00:00,CALL,60.0,2026-11-20,1459035,4738,4738,576,36.38,REPEATEDHITSASCENDINGFILL,True,False,False,644665,346340,13254815853.0,127,ASK,LONG,1.0
IONQ,2026-07-16 14:13:36.018266+00:00,CALL,40.0,2026-08-14,137000,500,610,131,36.22,REPEATEDHITS,False,False,False,137000,0,13254815853.0,29,ASK,LONG,1.0
IONQ,2026-07-16 13:44:48.472107+00:00,PUT,33.0,2026-07-24,21316,292,301,96,36.115,REPEATEDHITS,False,False,False,21316,0,13254815853.0,8,ASK,SHORT,1.0
IONQ,2026-07-15 16:58:35.023547+00:00,CALL,90.0,2026-10-16,27000,500,506,120,37.3295,REPEATEDHITS,False,False,False,0,27000,13254815853.0,93,BID,SHORT,0.5
IONQ,2026-07-15 14:59:59.266824+00:00,PUT,20.0,2026-08-21,48000,3000,3002,729,37.85,FLOORTRADELARGECAP,False,True,False,48000,0,13254815853.0,37,ASK,SHORT,1.0
IONQ,2026-07-15 14:10:59.561716+00:00,CALL,40.0,2026-07-24,16100,100,269,81,38.545,REPEATEDHITS,False,False,False,12880,0,13254815853.0,9,ASK,LONG,1.0
IONQ,2026-07-14 19:05:39.171249+00:00,CALL,85.0,2026-09-18,34699,693,702,329,39.2301,REPEATEDHITS,False,False,False,0,34699,13254815853.0,66,BID,SHORT,0.5
IONQ,2026-07-14 14:51:59.478732+00:00,CALL,38.0,2026-07-17,31382,150,587,84,39.06,REPEATEDHITSDESCENDINGFILL,False,False,False,20514,0,13254815853.0,3,ASK,LONG,1.0
IONQ,2026-07-13 17:48:08.788202+00:00,PUT,37.0,2026-07-24,12717,81,710,24,39.02,REPEATEDHITS,False,False,False,0,12717,13254815853.0,11,BID,LONG,0.5
IONQ,2026-07-13 17:23:38.576146+00:00,PUT,37.0,2026-07-24,76570,494,618,24,39.26,REPEATEDHITS,False,False,False,76570,0,13254815853.0,11,ASK,SHORT,1.0
IONQ,2026-07-13 17:10:57.355645+00:00,CALL,40.0,2027-06-17,70500,50,229,38,39.51,REPEATEDHITS,False,False,False,0,70500,13254815853.0,339,BID,SHORT,0.5
IONQ,2026-07-13 16:34:16.967453+00:00,PUT,30.0,2027-06-17,38250,51,262,17,38.9692,REPEATEDHITS,False,False,False,0,38250,13254815853.0,339,BID,LONG,0.5
IONQ,2026-07-13 16:34:16.967453+00:00,PUT,30.0,2027-06-17,18750,25,287,17,38.96,REPEATEDHITS,False,False,False,0,18750,13254815853.0,339,BID,LONG,0.5
IONQ,2026-07-13 16:34:01.139471+00:00,PUT,30.0,2027-06-17,30025,40,208,17,38.975,REPEATEDHITSDESCENDINGFILL,False,False,False,0,30025,13254815853.0,339,BID,LONG,0.5
IONQ,2026-07-13 16:34:01.139471+00:00,PUT,30.0,2027-06-17,21010,28,155,17,38.97,REPEATEDHITSDESCENDINGFILL,False,False,False,5250,15760,13254815853.0,339,BID,LONG,0.5
IONQ,2026-07-13 16:09:06.484662+00:00,PUT,30.0,2027-06-17,37000,50,93,17,39.4972,REPEATEDHITS,False,False,False,0,37000,13254815853.0,339,BID,LONG,0.5
IONQ,2026-07-13 16:09:06.484662+00:00,PUT,30.0,2027-06-17,15540,21,114,17,39.49,REPEATEDHITS,False,False,False,0,15540,13254815853.0,339,BID,LONG,0.5
IONQ,2026-07-13 15:25:18.132264+00:00,PUT,36.0,2026-07-24,29459,331,384,8,40.135,REPEATEDHITS,False,False,False,29459,0,13254815853.0,11,ASK,SHORT,1.0
IONQ,2026-07-13 15:09:53.607892+00:00,CALL,42.0,2026-07-17,21600,200,532,64,40.46,REPEATEDHITS,False,False,False,13500,3780,13254815853.0,4,ASK,LONG,1.0
IONQ,2026-07-13 14:27:21.455516+00:00,CALL,41.0,2026-07-17,14300,100,406,32,40.255,REPEATEDHITS,False,False,False,14300,0,13254815853.0,4,ASK,LONG,1.0
IONQ,2026-07-10 19:42:13.400191+00:00,PUT,41.0,2026-07-24,13651,73,153,26,43.0101,REPEATEDHITS,False,False,False,13651,0,13254815853.0,14,ASK,SHORT,1.0
IONQ,2026-07-10 16:53:51.738420+00:00,PUT,35.0,2026-11-20,175616,341,569,312,43.3875,REPEATEDHITS,True,False,False,47895,115361,13254815853.0,133,BID,LONG,0.5
IONQ,2026-07-10 14:42:07.438585+00:00,PUT,38.0,2026-07-24,50390,509,537,54,42.75,REPEATEDHITS,False,False,False,50292,0,13254815853.0,14,ASK,SHORT,1.0
IONQ,2026-07-08 15:57:30.060490+00:00,CALL,56.0,2026-07-17,26180,935,1295,727,43.845,REPEATEDHITS,False,False,False,0,26180,13254815853.0,9,BID,SHORT,0.5
IONQ,2026-07-08 15:15:59.380399+00:00,PUT,40.0,2026-07-10,34374,2022,2068,751,44.585,REPEATEDHITS,False,False,False,34357,17,13254815853.0,2,ASK,SHORT,1.0
IONQ,2026-07-08 14:12:55.746680+00:00,CALL,62.0,2026-07-24,15018,429,432,71,45.405,REPEATEDHITSASCENDINGFILL,False,False,False,37,14981,13254815853.0,16,BID,SHORT,0.5
IONQ,2026-07-07 19:42:29.692196+00:00,PUT,41.0,2026-07-10,24864,777,822,32,45.58,REPEATEDHITS,False,False,False,24800,64,13254815853.0,3,ASK,SHORT,1.0
IONQ,2026-07-07 18:51:30.911477+00:00,PUT,40.0,2026-08-07,71815,278,324,35,45.67,REPEATEDHITSASCENDINGFILL,False,False,False,36483,35332,13254815853.0,31,ASK,SHORT,1.0
IONQ,2026-07-07 15:50:34.887686+00:00,CALL,90.0,2026-08-21,17544,408,421,398,44.855,REPEATEDHITS,False,False,False,0,17544,13254815853.0,45,BID,SHORT,0.5
IONQ,2026-07-07 15:34:29.596987+00:00,CALL,42.0,2026-07-10,19968,50,58,16,45.26,REPEATEDHITSASCENDINGFILL,False,False,False,19968,0,13254815853.0,3,ASK,LONG,1.0
IONQ,2026-07-06 17:08:46.241718+00:00,CALL,58.0,2026-07-10,26448,912,1344,351,50.05,REPEATEDHITS,False,False,False,0,26448,13254815853.0,4,BID,SHORT,0.5
IONQ,2026-07-06 16:17:49.410064+00:00,CALL,61.0,2026-07-17,20250,270,296,242,51.155,REPEATEDHITS,False,False,False,20250,0,13254815853.0,11,ASK,LONG,1.0
IONQ,2026-07-02 18:46:59.444705+00:00,CALL,100.0,2026-10-16,196460,1034,1037,104,48.82,REPEATEDHITS,False,False,False,0,196460,13254815853.0,106,BID,SHORT,0.5
IOVA,2026-07-17 18:47:10.064113+00:00,CALL,5.5,2026-07-31,17425,697,803,163,4.9423,REPEATEDHITS,False,False,False,17425,0,2446833130.0,14,ASK,LONG,1.0
IOVA,2026-07-16 15:14:52.529055+00:00,CALL,5.5,2026-07-24,12500,1250,2174,207,4.925,REPEATEDHITS,False,False,False,0,12500,2446833130.0,8,BID,SHORT,0.5
IOVA,2026-07-16 14:39:34.257335+00:00,CALL,5.0,2026-08-14,56000,700,704,276,4.805,REPEATEDHITS,False,False,False,56000,0,2446833130.0,29,ASK,LONG,1.0
IOVA,2026-07-09 15:36:28.616342+00:00,CALL,4.5,2026-08-21,135300,1933,2323,675,4.465,REPEATEDHITSDESCENDINGFILL,True,False,False,134810,280,2446833130.0,43,ASK,LONG,1.0
IOVA,2026-06-22 17:44:00.309690+00:00,CALL,4.0,2026-07-17,36000,900,1179,615,4.0399,REPEATEDHITS,False,False,False,0,0,2446833130.0,25,MIXED,,0.0
IOVA,2026-06-22 16:47:57.839262+00:00,CALL,5.5,2026-08-21,12475,499,1458,0,4.05,REPEATEDHITS,False,False,False,0,12475,2446833130.0,60,BID,SHORT,0.5
IOVA,2026-06-22 16:46:43.152730+00:00,CALL,5.5,2026-08-21,12502,500,958,0,4.0512,REPEATEDHITSDESCENDINGFILL,False,False,False,0,12502,2446833130.0,60,BID,SHORT,0.5
IOVA,2026-06-22 15:51:54.812936+00:00,CALL,5.5,2026-08-21,11257,450,454,0,4.065,REPEATEDHITSDESCENDINGFILL,False,False,False,0,11257,2446833130.0,60,BID,SHORT,0.5
IOVA,2026-06-22 13:56:23.046364+00:00,CALL,4.0,2026-06-26,18000,900,1156,316,4.115,REPEATEDHITS,False,False,False,14400,0,2446833130.0,4,ASK,LONG,1.0
IOVA,2026-06-12 16:08:42.190119+00:00,PUT,4.0,2026-07-31,10000,200,200,0,4.055,REPEATEDHITS,False,False,False,0,10000,2446833130.0,49,BID,LONG,0.5
IREN,2026-07-21 18:25:09.746117+00:00,PUT,39.5,2026-07-31,36202,115,3108,80,41.185,REPEATEDHITS,False,False,False,36202,0,14756165449.0,10,ASK,SHORT,1.0
IREN,2026-07-21 18:16:43.750897+00:00,PUT,41.5,2026-07-24,29565,135,542,120,41.24,REPEATEDHITS,False,False,False,29565,0,14756165449.0,3,ASK,SHORT,1.0
IREN,2026-07-21 16:43:53.434017+00:00,PUT,36.0,2026-08-07,146412,588,609,396,41.9399,REPEATEDHITS,False,False,False,146412,0,14756165449.0,17,ASK,SHORT,1.0
IREN,2026-07-21 15:51:53.290337+00:00,CALL,38.5,2026-08-21,86400,106,139,44,41.92,REPEATEDHITS,False,False,False,815,85585,14756165449.0,31,BID,SHORT,0.5
IREN,2026-07-21 14:52:58.068787+00:00,PUT,15.0,2027-06-17,44276,173,181,59,41.91,REPEATEDHITSDESCENDINGFILL,False,False,False,43260,1016,14756165449.0,331,ASK,SHORT,1.0
IREN,2026-07-21 14:24:49.779859+00:00,PUT,36.0,2026-10-16,234060,332,418,155,41.43,REPEATEDHITS,False,False,False,234060,0,14756165449.0,87,ASK,SHORT,1.0
IREN,2026-07-21 14:08:21.524816+00:00,PUT,37.0,2026-10-16,1567270,2118,2118,497,41.9001,REPEATEDHITSDESCENDINGFILL,False,False,False,1567270,0,14756165449.0,87,ASK,SHORT,1.0
IREN,2026-07-21 13:56:08.277035+00:00,PUT,22.0,2026-08-21,55468,1132,1134,547,42.065,REPEATEDHITS,False,False,False,0,55419,14756165449.0,31,BID,LONG,0.5
IREN,2026-07-21 13:46:02.965868+00:00,PUT,39.5,2026-07-31,872320,2814,2816,80,41.48,REPEATEDHITSDESCENDINGFILL,False,False,False,872320,0,14756165449.0,10,ASK,SHORT,1.0
IREN,2026-07-20 19:58:16.890331+00:00,PUT,38.5,2026-07-24,97944,583,1723,295,40.225,REPEATEDHITS,True,False,False,0,97944,14756165449.0,4,BID,LONG,0.5
IREN,2026-07-20 19:40:12.604752+00:00,PUT,39.5,2026-07-24,222748,928,3563,195,39.67,REPEATEDHITS,True,False,False,6748,72000,14756165449.0,4,BID,LONG,0.5
IREN,2026-07-20 19:26:39.341798+00:00,PUT,33.0,2026-08-07,224000,1000,1067,204,39.7,REPEATEDHITS,False,False,False,0,30016,14756165449.0,18,BID,LONG,0.5
IREN,2026-07-20 18:41:42.533924+00:00,PUT,34.5,2026-08-21,29565,81,781,0,40.515,REPEATEDHITS,False,False,False,0,29565,14756165449.0,32,BID,LONG,0.5
IREN,2026-07-20 18:41:37.126439+00:00,PUT,34.5,2026-08-21,221170,606,700,0,40.515,REPEATEDHITSDESCENDINGFILL,True,False,False,172260,48910,14756165449.0,32,ASK,SHORT,1.0
IREN,2026-07-20 18:40:57.054025+00:00,PUT,18.0,2026-08-21,59489,1919,5601,1692,40.67,REPEATEDHITS,False,False,False,59489,0,14756165449.0,32,ASK,SHORT,1.0
IREN,2026-07-20 17:46:33.401875+00:00,PUT,39.0,2026-07-24,1219750,6970,9848,905,40.65,REPEATEDHITS,False,False,False,1219750,0,14756165449.0,4,ASK,SHORT,1.0
IREN,2026-07-20 17:17:30.998405+00:00,PUT,36.5,2026-07-31,40152,160,188,35,40.39,REPEATEDHITSDESCENDINGFILL,False,False,False,39908,244,14756165449.0,11,ASK,SHORT,1.0
IREN,2026-07-20 16:40:26.839805+00:00,CALL,105.0,2027-02-19,16000,40,714,36,40.23,REPEATEDHITS,False,False,False,6400,9600,14756165449.0,214,BID,SHORT,0.5
IREN,2026-07-20 16:10:40.915435+00:00,PUT,30.0,2027-02-19,183915,242,247,104,40.1916,REPEATEDHITS,False,False,False,182395,1520,14756165449.0,214,ASK,SHORT,1.0
IREN,2026-07-20 14:42:49.297991+00:00,CALL,140.0,2026-11-20,13440,160,161,154,38.7746,REPEATEDHITS,False,False,False,13440,0,14756165449.0,123,ASK,LONG,1.0
IREN,2026-07-20 14:06:09.621793+00:00,PUT,33.5,2026-07-31,444048,2675,2679,97,39.75,REPEATEDHITS,False,False,False,443884,164,14756165449.0,11,ASK,SHORT,1.0
IREN,2026-07-20 14:05:40.792516+00:00,CALL,41.5,2026-07-24,48593,270,1228,210,39.77,REPEATEDHITSASCENDINGFILL,False,False,False,0,48593,14756165449.0,4,BID,SHORT,0.5
IREN,2026-07-17 19:58:25.385810+00:00,CALL,38.5,2026-07-24,124500,1500,1681,266,33.6299,REPEATEDHITS,True,False,False,124500,0,14756165449.0,7,ASK,LONG,1.0
IREN,2026-07-17 19:42:18.345752+00:00,PUT,24.0,2026-07-24,10521,501,724,0,33.35,REPEATEDHITS,False,False,False,1260,5607,14756165449.0,7,BID,LONG,0.5
IREN,2026-07-17 19:26:33.645071+00:00,CALL,52.0,2026-08-07,14478,254,2050,127,33.24,REPEATEDHITS,False,False,False,14478,0,14756165449.0,21,ASK,LONG,1.0
IREN,2026-07-17 19:26:31.641088+00:00,CALL,52.0,2026-08-07,87531,1544,1564,127,33.23,REPEATEDHITSDESCENDINGFILL,True,False,False,68532,17655,14756165449.0,21,ASK,LONG,1.0
IREN,2026-07-17 19:26:31.641088+00:00,CALL,52.0,2026-08-07,12255,215,1779,127,33.235,REPEATEDHITS,False,False,False,12255,0,14756165449.0,21,ASK,LONG,1.0
IREN,2026-07-17 19:13:53.923336+00:00,CALL,31.0,2026-07-24,76760,202,541,1,33.3201,REPEATEDHITS,False,False,False,0,76760,14756165449.0,7,BID,SHORT,0.5
IREN,2026-07-17 19:05:21.866092+00:00,CALL,34.0,2026-07-24,34485,148,916,83,33.6701,REPEATEDHITS,True,False,False,234,34251,14756165449.0,7,BID,SHORT,0.5
IREN,2026-07-17 18:47:46.736354+00:00,PUT,29.5,2026-07-24,33480,360,662,212,33.725,REPEATEDHITS,False,False,False,0,33480,14756165449.0,7,BID,LONG,0.5
IREN,2026-07-17 18:08:13.554263+00:00,CALL,33.5,2026-07-24,477360,1768,2034,16,33.98,REPEATEDHITS,False,False,False,477360,0,14756165449.0,7,ASK,LONG,1.0
IREN,2026-07-17 18:01:57.591799+00:00,CALL,39.0,2026-10-16,154350,225,226,216,33.965,FLOORTRADELARGECAP,False,True,True,154350,0,14756165449.0,91,ASK,LONG,1.0
IREN,2026-07-17 16:43:29.609208+00:00,CALL,38.0,2026-07-24,119200,1192,2738,1001,34.08,REPEATEDHITS,True,False,False,4000,115200,14756165449.0,7,BID,SHORT,0.5
IREN,2026-07-17 16:31:30.096355+00:00,PUT,20.0,2026-07-31,79911,6147,8088,2104,33.86,REPEATEDHITS,False,False,False,130,79781,14756165449.0,14,BID,LONG,0.5
IREN,2026-07-17 16:17:50.187908+00:00,CALL,34.5,2026-07-24,53502,241,311,42,34.215,REPEATEDHITS,False,False,False,0,53502,14756165449.0,7,BID,SHORT,0.5
IREN,2026-07-17 16:17:50.187908+00:00,CALL,32.0,2026-07-17,975966,4582,5025,213,34.03,REPEATEDHITS,False,False,False,0,975966,14756165449.0,0,BID,SHORT,0.5
IREN,2026-07-17 14:30:32.902759+00:00,CALL,31.0,2026-08-21,25160,37,39,17,33.7301,REPEATEDHITS,False,False,False,0,25160,14756165449.0,35,BID,SHORT,0.5
IREN,2026-07-17 14:06:38.729678+00:00,PUT,29.5,2026-07-31,16027,92,94,0,34.07,REPEATEDHITSASCENDINGFILL,True,False,False,6494,9533,14756165449.0,14,BID,LONG,0.5
IREN,2026-07-16 19:52:46.850327+00:00,CALL,35.0,2026-07-17,105148,1084,7684,537,34.9253,REPEATEDHITS,True,False,False,0,105148,14756165449.0,1,BID,SHORT,0.5
IREN,2026-07-16 19:50:48.834108+00:00,CALL,36.0,2026-07-17,27144,522,6807,129,34.805,REPEATEDHITS,False,False,False,27144,0,14756165449.0,1,ASK,LONG,1.0
IREN,2026-07-16 19:50:48.834108+00:00,CALL,36.0,2026-07-17,24856,478,7285,129,34.82,REPEATEDHITS,False,False,False,24856,0,14756165449.0,1,ASK,LONG,1.0
IREN,2026-07-16 19:46:20.787045+00:00,PUT,28.0,2026-11-20,636253,1097,1101,80,34.787,REPEATEDHITS,False,False,False,636253,0,14756165449.0,127,ASK,SHORT,1.0
IREN,2026-07-16 19:40:40.952163+00:00,PUT,26.0,2026-11-20,195835,408,411,21,34.89,REPEATEDHITS,False,False,False,195835,0,14756165449.0,127,ASK,SHORT,1.0
IREN,2026-07-16 18:48:55.585888+00:00,CALL,38.0,2026-07-17,26838,1278,4699,1157,35.4501,REPEATEDHITS,True,False,False,26838,0,14756165449.0,1,ASK,LONG,1.0
IREN,2026-07-16 18:47:23.009377+00:00,CALL,34.0,2026-07-17,32010,165,911,136,35.44,REPEATEDHITS,False,False,False,0,32010,14756165449.0,1,BID,SHORT,0.5
IREN,2026-07-16 18:40:07.213294+00:00,CALL,36.0,2026-07-17,16430,265,5799,129,35.155,REPEATEDHITS,True,False,False,0,16430,14756165449.0,1,BID,SHORT,0.5
IREN,2026-07-16 18:39:53.199806+00:00,CALL,36.0,2026-07-17,46336,724,5523,129,35.165,REPEATEDHITS,True,False,False,10496,35840,14756165449.0,1,BID,SHORT,0.5
IREN,2026-07-16 18:12:04.497561+00:00,CALL,36.0,2026-07-17,29279,437,4373,129,35.12,REPEATEDHITS,True,False,False,0,29279,14756165449.0,1,BID,SHORT,0.5
IREN,2026-07-16 18:11:57.888936+00:00,CALL,36.0,2026-07-17,16048,236,3777,129,35.125,REPEATEDHITS,False,False,False,16048,0,14756165449.0,1,ASK,LONG,1.0
IREN,2026-07-16 18:11:55.082947+00:00,CALL,36.0,2026-07-17,16730,239,3432,129,35.175,REPEATEDHITS,True,False,False,16730,0,14756165449.0,1,ASK,LONG,1.0
ISRG,2026-07-22 14:28:46.649712+00:00,CALL,352.5,2026-07-31,53821,78,79,65,347.65,REPEATEDHITS,True,False,False,0,53821,123668509982.0,9,BID,SHORT,0.5
ISRG,2026-07-21 19:48:44.461049+00:00,CALL,355.0,2026-08-07,87980,83,84,12,352.3475,REPEATEDHITS,False,False,False,87980,0,123668509982.0,17,ASK,LONG,1.0
ISRG,2026-07-21 19:25:01.933789+00:00,CALL,352.5,2026-08-07,100800,80,80,0,353.89,REPEATEDHITS,False,False,False,99540,1260,123668509982.0,17,ASK,LONG,1.0
ISRG,2026-07-21 16:12:00.927203+00:00,CALL,365.0,2026-09-18,308070,163,186,48,357.66,REPEATEDHITS,False,False,False,306180,1890,123668509982.0,59,ASK,LONG,1.0
ISRG,2026-07-21 14:58:04.359675+00:00,PUT,320.0,2026-08-21,86023,253,258,195,356.385,REPEATEDHITS,True,False,False,7480,64603,123668509982.0,31,BID,LONG,0.5
ISRG,2026-07-21 13:57:02.822709+00:00,CALL,350.0,2026-07-31,329410,183,185,80,362.595,REPEATEDHITS,False,False,False,1810,327600,123668509982.0,10,BID,SHORT,0.5
ISRG,2026-07-20 18:58:59.055459+00:00,CALL,360.0,2026-08-21,204820,154,233,70,353.27,REPEATEDHITS,False,False,False,13300,62510,123668509982.0,32,BID,SHORT,0.5
ISRG,2026-07-20 17:59:15.797249+00:00,PUT,370.0,2026-07-31,171360,84,94,67,353.61,REPEATEDHITS,True,False,False,171360,0,123668509982.0,11,ASK,SHORT,1.0
ISRG,2026-07-20 16:21:57.511587+00:00,PUT,360.0,2026-07-31,118260,81,137,66,351.68,REPEATEDHITS,False,False,False,118260,0,123668509982.0,11,ASK,SHORT,1.0
ISRG,2026-07-20 15:20:39.428684+00:00,CALL,370.0,2026-07-31,181544,534,552,20,349.15,REPEATEDHITSDESCENDINGFILL,True,False,False,180874,670,123668509982.0,11,ASK,LONG,1.0
ISRG,2026-07-17 18:18:52.362754+00:00,CALL,380.0,2026-10-16,87450,53,182,34,349.81,REPEATEDHITSASCENDINGFILL,True,False,False,43140,44310,123668509982.0,91,BID,SHORT,0.5
ISRG,2026-07-17 18:05:24.860429+00:00,PUT,350.0,2026-11-20,821990,274,421,160,350.19,REPEATEDHITSDESCENDINGFILL,False,False,False,821990,0,123668509982.0,126,ASK,SHORT,1.0
ISRG,2026-07-17 17:29:18.857709+00:00,CALL,350.0,2027-01-15,166000,40,122,39,349.305,REPEATEDHITS,False,False,False,141100,24900,123668509982.0,182,ASK,LONG,1.0
ISRG,2026-07-17 17:07:30.540700+00:00,CALL,350.0,2026-10-16,118490,41,76,9,350.44,REPEATEDHITS,False,False,False,0,118490,123668509982.0,91,BID,SHORT,0.5
ISRG,2026-07-17 16:31:41.510511+00:00,CALL,300.0,2028-01-21,260500,25,36,23,351.42,REPEATEDHITSASCENDINGFILL,False,False,False,52250,208250,123668509982.0,553,BID,SHORT,0.5
ISRG,2026-07-17 15:50:20.567816+00:00,PUT,370.0,2026-08-28,90780,34,44,5,352.6,REPEATEDHITS,False,False,False,50730,40050,123668509982.0,42,ASK,SHORT,1.0
ISRG,2026-07-17 14:49:02.039290+00:00,CALL,360.0,2026-07-31,136799,171,173,0,352.8,REPEATEDHITS,False,False,False,136799,0,123668509982.0,14,ASK,LONG,1.0
ISRG,2026-07-17 14:07:25.431711+00:00,CALL,360.0,2026-07-17,54000,200,251,43,355.5,REPEATEDHITS,False,False,False,32940,21060,123668509982.0,0,ASK,LONG,1.0
ISRG,2026-07-17 13:42:54.898829+00:00,CALL,365.0,2026-08-21,318413,183,202,2,363.715,REPEATEDHITSDESCENDINGFILL,False,False,False,314933,3480,123668509982.0,35,ASK,LONG,1.0
ISRG,2026-07-15 15:43:16.105028+00:00,PUT,380.0,2026-07-24,80080,77,83,40,392.95,REPEATEDHITS,False,False,False,0,80080,123668509982.0,9,BID,LONG,0.5
ISRG,2026-07-15 15:10:57.820206+00:00,CALL,405.0,2026-08-21,135880,79,83,76,390.0,REPEATEDHITS,False,False,False,0,135880,123668509982.0,37,BID,SHORT,0.5
ISRG,2026-07-15 15:10:57.820206+00:00,CALL,380.0,2026-08-21,185600,64,71,58,388.95,REPEATEDHITS,False,False,False,2910,182690,123668509982.0,37,BID,SHORT,0.5
ISRG,2026-07-14 15:44:38.480908+00:00,PUT,355.0,2026-07-17,122879,256,297,173,379.61,REPEATEDHITS,True,False,False,122399,480,123668509982.0,3,ASK,SHORT,1.0
ISRG,2026-07-13 16:07:23.766115+00:00,CALL,415.0,2026-10-16,53300,15,17,6,411.135,REPEATEDHITSDESCENDINGFILL,False,False,False,17900,17700,123668509982.0,95,ASK,LONG,1.0
ISRG,2026-07-13 15:35:38.475345+00:00,PUT,407.5,2026-07-24,119250,75,75,0,409.85,REPEATEDHITS,False,False,False,0,119250,123668509982.0,11,BID,LONG,0.5
ISRG,2026-07-13 14:01:44.759436+00:00,CALL,400.0,2026-08-21,412164,128,128,88,413.91,REPEATEDHITS,False,False,False,0,412164,123668509982.0,39,BID,SHORT,0.5
ISRG,2026-07-10 15:27:26.506951+00:00,CALL,395.0,2026-07-24,65350,27,28,8,405.66,REPEATEDHITS,False,False,False,2430,62920,123668509982.0,14,BID,SHORT,0.5
ISRG,2026-07-08 15:27:59.091357+00:00,PUT,435.0,2026-07-31,202800,65,65,10,416.91,REPEATEDHITS,False,False,False,202800,0,123668509982.0,23,ASK,SHORT,1.0
ISRG,2026-07-06 17:00:35.048943+00:00,CALL,480.0,2026-07-24,122420,203,209,7,431.57,REPEATEDHITSDESCENDINGFILL,True,False,False,103590,18830,123668509982.0,18,ASK,LONG,1.0
ISRG,2026-07-06 16:36:56.039247+00:00,CALL,440.0,2026-07-10,77816,201,438,51,430.47,REPEATEDHITSDESCENDINGFILL,False,False,False,12280,6256,123668509982.0,4,ASK,LONG,1.0
ISRG,2026-07-06 15:09:49.298385+00:00,CALL,435.0,2026-10-16,176460,51,51,8,424.3499,REPEATEDHITS,False,False,False,0,176460,123668509982.0,102,BID,SHORT,0.5
ISRG,2026-07-02 16:53:33.658698+00:00,PUT,422.5,2026-07-17,611765,322,559,4,421.59,REPEATEDHITSDESCENDINGFILL,False,False,False,609875,1890,123668509982.0,15,ASK,SHORT,1.0
ISRG,2026-07-02 16:24:52.739905+00:00,PUT,422.5,2026-07-17,420894,230,232,4,422.5,REPEATEDHITSDESCENDINGFILL,False,False,False,420894,0,123668509982.0,15,ASK,SHORT,1.0
ISRG,2026-07-02 15:57:03.277913+00:00,PUT,395.0,2026-09-18,71733,41,50,16,420.015,REPEATEDHITSDESCENDINGFILL,False,False,False,71733,0,123668509982.0,78,ASK,SHORT,1.0
ISRG,2026-07-02 15:57:03.277913+00:00,PUT,375.0,2026-09-18,95743,84,91,45,419.87,REPEATEDHITSDESCENDINGFILL,False,False,False,90043,5700,123668509982.0,78,ASK,SHORT,1.0
ISRG,2026-07-01 14:15:09.449230+00:00,CALL,405.0,2026-10-16,237900,65,66,43,403.93,REPEATEDHITS,False,False,False,0,237900,123668509982.0,107,BID,SHORT,0.5
ISRG,2026-06-30 19:46:00.661255+00:00,CALL,400.0,2026-08-07,79560,36,36,0,399.8169,REPEATEDHITS,False,False,False,79560,0,123668509982.0,38,ASK,LONG,1.0
ISRG,2026-06-30 17:52:15.017285+00:00,CALL,390.0,2026-07-24,121440,48,49,15,400.46,REPEATEDHITS,False,False,False,121440,0,123668509982.0,24,ASK,LONG,1.0
ISRG,2026-06-29 15:56:20.851778+00:00,PUT,420.0,2026-08-07,56120,20,230,0,407.08,REPEATEDHITS,False,False,False,56120,0,123668509982.0,39,ASK,SHORT,1.0
ISRG,2026-06-25 16:57:07.299592+00:00,CALL,465.0,2026-08-21,104727,154,155,71,401.69,REPEATEDHITSASCENDINGFILL,False,False,False,0,104727,123668509982.0,57,BID,SHORT,0.5
ISRG,2026-06-24 19:30:06.875835+00:00,CALL,407.5,2026-06-26,86100,287,298,21,402.415,REPEATEDHITS,False,False,False,0,86100,123668509982.0,2,BID,SHORT,0.5
ISRG,2026-06-24 18:56:36.178894+00:00,CALL,400.0,2026-07-17,507400,236,240,85,403.435,REPEATEDHITS,False,False,False,507400,0,123668509982.0,23,ASK,LONG,1.0
ISRG,2026-06-24 17:47:12.211546+00:00,CALL,410.0,2026-07-17,191980,120,123,92,401.73,REPEATEDHITSDESCENDINGFILL,True,False,False,190390,1590,123668509982.0,23,ASK,LONG,1.0
ISRG,2026-06-24 17:46:49.585120+00:00,PUT,407.5,2026-07-17,57510,27,37,0,401.66,REPEATEDHITS,False,False,False,0,57510,123668509982.0,23,BID,LONG,0.5
ISRG,2026-06-24 17:17:12.095032+00:00,CALL,395.0,2026-07-02,69662,54,54,0,401.945,REPEATEDHITS,True,False,False,0,69662,123668509982.0,8,BID,SHORT,0.5
ISRG,2026-06-24 15:23:11.062946+00:00,CALL,397.5,2026-06-26,190300,173,173,1,406.29,REPEATEDHITS,False,False,False,0,190300,123668509982.0,2,BID,SHORT,0.5
ISRG,2026-06-24 14:30:36.002810+00:00,PUT,400.0,2026-07-10,137760,164,167,103,406.23,REPEATEDHITS,False,False,False,0,137760,123668509982.0,16,BID,LONG,0.5
ISRG,2026-06-23 19:41:38.225701+00:00,CALL,392.5,2026-07-17,162560,64,66,3,403.08,REPEATEDHITS,False,False,False,162560,0,123668509982.0,24,ASK,LONG,1.0
ISRG,2026-06-23 18:32:47.948830+00:00,CALL,520.0,2026-09-18,145511,441,443,416,400.1401,REPEATEDHITSDESCENDINGFILL,False,False,False,145511,0,123668509982.0,87,ASK,LONG,1.0
ISRG,2026-06-23 16:56:22.917317+00:00,PUT,310.0,2028-01-21,66720,25,25,6,401.24,REPEATEDHITSASCENDINGFILL,False,False,False,0,66720,123668509982.0,577,BID,LONG,0.5
JBL,2026-07-21 19:24:57.324297+00:00,CALL,325.0,2026-07-24,113500,214,214,3,318.57,REPEATEDHITSDESCENDINGFILL,True,False,False,40700,72800,33419746295.0,3,BID,SHORT,0.5
JBL,2026-07-21 19:24:57.324297+00:00,CALL,322.5,2026-07-24,109050,171,172,82,318.57,REPEATEDHITSASCENDINGFILL,True,False,False,39120,69930,33419746295.0,3,BID,SHORT,0.5
JBL,2026-07-21 19:22:57.960810+00:00,CALL,312.5,2026-07-31,42000,24,25,11,318.285,REPEATEDHITS,False,False,False,42000,0,33419746295.0,10,ASK,LONG,1.0
JBL,2026-07-21 19:22:37.732823+00:00,CALL,312.5,2026-07-24,20530,18,18,9,318.24,REPEATEDHITS,False,False,False,2290,18240,33419746295.0,3,BID,SHORT,0.5
JBL,2026-07-21 17:56:17.575283+00:00,PUT,335.0,2026-07-31,32190,14,14,4,319.8,REPEATEDHITS,True,False,False,29900,2290,33419746295.0,10,ASK,SHORT,1.0
JBL,2026-07-21 15:57:49.765663+00:00,PUT,320.0,2026-09-18,210120,68,68,40,316.945,REPEATEDHITS,False,False,False,210120,0,33419746295.0,59,ASK,SHORT,1.0
JBL,2026-07-20 18:37:06.571665+00:00,CALL,300.0,2026-07-31,61880,34,38,2,305.93,REPEATEDHITS,False,False,False,61880,0,33419746295.0,11,ASK,LONG,1.0
JBL,2026-07-20 17:51:38.145173+00:00,PUT,322.5,2026-07-31,183260,77,77,0,306.72,REPEATEDHITS,False,False,False,183260,0,33419746295.0,11,ASK,SHORT,1.0
JBL,2026-07-20 17:31:03.588996+00:00,CALL,320.0,2026-07-31,48050,54,57,3,305.91,REPEATEDHITS,False,False,False,47170,880,33419746295.0,11,ASK,LONG,1.0
JBL,2026-07-20 16:54:10.613676+00:00,PUT,300.0,2026-07-31,47730,43,44,9,307.395,REPEATEDHITS,False,False,False,47730,0,33419746295.0,11,ASK,SHORT,1.0
JBL,2026-07-20 16:32:14.811176+00:00,CALL,302.5,2026-07-31,92060,49,55,0,309.28,REPEATEDHITS,True,False,False,88360,3700,33419746295.0,11,ASK,LONG,1.0
JBL,2026-07-20 16:30:21.265627+00:00,CALL,330.0,2026-07-24,31310,128,145,8,309.58,REPEATEDHITSDESCENDINGFILL,True,False,False,31310,0,33419746295.0,4,ASK,LONG,1.0
JBL,2026-07-20 16:30:21.265627+00:00,CALL,322.5,2026-07-24,11610,27,79,0,309.58,REPEATEDHITS,False,False,False,11610,0,33419746295.0,4,ASK,LONG,1.0
JBL,2026-07-20 16:30:21.265627+00:00,CALL,327.5,2026-07-24,11932,40,40,0,309.67,REPEATEDHITSASCENDINGFILL,True,False,False,11632,300,33419746295.0,4,ASK,LONG,1.0
JBL,2026-07-20 16:30:21.265627+00:00,CALL,317.5,2026-07-24,21340,35,36,1,309.58,REPEATEDHITS,False,False,False,17070,4270,33419746295.0,4,ASK,LONG,1.0
JBL,2026-07-20 16:21:55.707086+00:00,CALL,305.0,2026-07-24,28670,26,33,1,308.205,REPEATEDHITSASCENDINGFILL,True,False,False,0,28670,33419746295.0,4,BID,SHORT,0.5
JBL,2026-07-20 16:01:03.541351+00:00,CALL,280.0,2026-07-31,247680,72,72,0,309.02,REPEATEDHITS,False,False,False,247680,0,33419746295.0,11,ASK,LONG,1.0
JBL,2026-07-20 16:01:03.541351+00:00,CALL,310.0,2026-07-31,25240,18,24,0,309.14,REPEATEDHITSDESCENDINGFILL,True,False,False,12690,12550,33419746295.0,11,ASK,LONG,1.0
JBL,2026-07-20 15:18:49.626264+00:00,PUT,285.0,2026-08-07,249239,271,271,2,307.0,REPEATEDHITSDESCENDINGFILL,True,False,False,247479,1760,33419746295.0,18,ASK,SHORT,1.0
JBL,2026-07-20 14:47:09.483178+00:00,CALL,322.5,2026-07-24,19680,52,52,0,307.565,REPEATEDHITSDESCENDINGFILL,False,False,False,12480,7200,33419746295.0,4,ASK,LONG,1.0
JBL,2026-07-20 14:46:24.203418+00:00,CALL,310.0,2026-08-21,653994,300,300,55,307.09,REPEATEDHITSDESCENDINGFILL,False,False,False,653994,0,33419746295.0,32,ASK,LONG,1.0
JBL,2026-07-20 13:44:31.451673+00:00,CALL,265.0,2026-07-31,366118,81,81,0,306.73,REPEATEDHITS,False,False,False,366118,0,33419746295.0,11,ASK,LONG,1.0
JBL,2026-07-17 18:54:16.534310+00:00,PUT,270.0,2026-08-21,189997,190,195,51,300.85,REPEATEDHITSDESCENDINGFILL,False,False,False,189997,0,33419746295.0,35,ASK,SHORT,1.0
JBL,2026-07-17 15:45:26.713790+00:00,CALL,300.0,2026-08-07,145600,80,80,1,300.62,REPEATEDHITS,False,False,False,145600,0,33419746295.0,21,ASK,LONG,1.0
JBL,2026-07-17 14:41:21.088408+00:00,CALL,320.0,2026-08-21,41920,32,32,15,299.25,REPEATEDHITS,True,False,False,0,41920,33419746295.0,35,BID,SHORT,0.5
JBL,2026-07-17 14:28:11.208203+00:00,PUT,260.0,2026-09-18,86249,69,69,46,299.89,REPEATEDHITS,False,False,False,86249,0,33419746295.0,63,ASK,SHORT,1.0
JBL,2026-07-17 13:39:05.748267+00:00,PUT,277.5,2026-07-31,177619,214,214,0,292.49,REPEATEDHITS,False,False,False,177619,0,33419746295.0,14,ASK,SHORT,1.0
JBL,2026-07-16 18:30:32.583950+00:00,PUT,265.0,2026-08-14,48760,92,95,2,308.26,REPEATEDHITS,False,False,False,48760,0,33419746295.0,29,ASK,SHORT,1.0
JBL,2026-07-16 16:49:11.066297+00:00,CALL,340.0,2026-08-21,70145,61,62,28,309.165,REPEATEDHITS,False,False,False,70145,0,33419746295.0,36,ASK,LONG,1.0
JBL,2026-07-16 16:27:41.591517+00:00,CALL,350.0,2026-08-21,50400,56,57,29,309.72,REPEATEDHITS,False,False,False,50400,0,33419746295.0,36,ASK,LONG,1.0
JBL,2026-07-15 18:57:38.485993+00:00,CALL,370.0,2026-08-21,78720,105,127,48,319.45,REPEATEDHITSDESCENDINGFILL,True,False,False,76500,1480,33419746295.0,37,ASK,LONG,1.0
JBL,2026-07-15 16:35:22.909899+00:00,CALL,380.0,2026-08-21,36960,77,87,50,313.965,REPEATEDHITS,False,False,False,0,36960,33419746295.0,37,BID,SHORT,0.5
JBL,2026-07-13 19:01:29.306900+00:00,PUT,300.0,2026-09-18,253890,117,118,8,318.91,REPEATEDHITS,False,False,False,253890,0,33419746295.0,67,ASK,SHORT,1.0
JBL,2026-07-13 16:49:58.498255+00:00,PUT,300.0,2026-08-21,434956,292,450,191,321.59,REPEATEDHITSDESCENDINGFILL,False,False,False,417196,0,33419746295.0,39,ASK,SHORT,1.0
JBL,2026-07-13 14:20:23.308071+00:00,PUT,327.5,2026-07-17,125430,113,113,75,323.625,REPEATEDHITS,False,False,False,0,125430,33419746295.0,4,BID,LONG,0.5
JBL,2026-07-10 17:43:11.160355+00:00,PUT,327.5,2026-07-17,60000,75,75,0,332.995,REPEATEDHITS,False,False,False,0,60000,33419746295.0,7,BID,LONG,0.5
JBL,2026-07-10 16:21:50.899896+00:00,PUT,325.0,2026-07-24,133290,119,119,43,332.45,REPEATEDHITS,False,False,False,1130,132160,33419746295.0,14,BID,LONG,0.5
JBL,2026-07-10 14:27:07.035565+00:00,CALL,360.0,2026-08-21,133630,83,83,12,332.51,REPEATEDHITS,False,False,False,133630,0,33419746295.0,42,ASK,LONG,1.0
JBL,2026-07-09 15:57:09.225905+00:00,PUT,290.0,2026-09-18,98071,76,76,10,340.72,REPEATEDHITSASCENDINGFILL,False,False,False,3900,94171,33419746295.0,71,BID,LONG,0.5
JBL,2026-07-09 14:21:21.777647+00:00,PUT,370.0,2026-08-21,190800,40,40,34,336.36,REPEATEDHITS,False,False,False,190800,0,33419746295.0,43,ASK,SHORT,1.0
JBL,2026-07-09 13:36:32.740906+00:00,CALL,335.0,2026-07-17,12320,8,8,6,339.26,REPEATEDHITS,True,False,False,1540,10780,33419746295.0,8,BID,SHORT,0.5
JBL,2026-07-08 16:50:26.890710+00:00,PUT,320.0,2026-07-24,94050,55,55,40,318.35,REPEATEDHITS,False,False,False,0,92340,33419746295.0,16,BID,LONG,0.5
JBL,2026-07-08 15:17:22.520440+00:00,CALL,352.5,2026-07-17,40580,169,174,9,316.655,REPEATEDHITSASCENDINGFILL,False,False,False,735,39845,33419746295.0,9,BID,SHORT,0.5
JBL,2026-07-07 16:32:52.599143+00:00,CALL,335.0,2026-07-10,33600,84,236,13,320.96,REPEATEDHITS,False,False,False,0,32400,33419746295.0,3,BID,SHORT,0.5
JBL,2026-07-07 16:32:52.599143+00:00,CALL,335.0,2026-07-10,26400,66,302,13,320.7,REPEATEDHITS,False,False,False,10400,8000,33419746295.0,3,ASK,LONG,1.0
JBL,2026-07-07 16:31:29.903740+00:00,CALL,335.0,2026-07-10,16800,42,71,13,320.66,REPEATEDHITS,False,False,False,4000,10000,33419746295.0,3,BID,SHORT,0.5
JBL,2026-07-07 16:29:20.557186+00:00,PUT,350.0,2026-08-21,284700,65,65,8,320.26,REPEATEDHITS,False,False,False,0,284700,33419746295.0,45,BID,LONG,0.5
JBL,2026-07-07 16:08:27.445369+00:00,CALL,330.0,2026-07-10,14400,32,468,4,318.24,REPEATEDHITS,False,False,False,0,14400,33419746295.0,3,BID,SHORT,0.5
JBL,2026-07-07 16:07:50.591645+00:00,CALL,330.0,2026-07-10,13500,30,436,4,318.095,REPEATEDHITS,False,False,False,1350,12150,33419746295.0,3,BID,SHORT,0.5
JBL,2026-07-07 16:04:50.953019+00:00,CALL,330.0,2026-07-10,22500,50,399,4,318.11,REPEATEDHITS,False,False,False,0,22500,33419746295.0,3,BID,SHORT,0.5
KORU,2026-07-21 19:24:22.872646+00:00,CALL,30.0,2026-09-18,834682,1897,8049,588,21.85,REPEATEDHITS,True,False,False,489280,345402,1623198014.0,59,ASK,LONG,1.0
KORU,2026-07-21 19:24:22.872646+00:00,CALL,30.0,2026-09-18,925320,2103,10152,588,21.8699,REPEATEDHITS,True,False,False,0,925320,1623198014.0,59,BID,SHORT,0.5
KORU,2026-07-21 19:22:04.693799+00:00,CALL,30.0,2026-08-21,352550,1237,10186,1028,21.81,REPEATEDHITSDESCENDINGFILL,False,False,False,325475,23655,1623198014.0,31,ASK,LONG,1.0
KORU,2026-07-21 19:19:40.323985+00:00,CALL,30.0,2026-09-18,1353416,3000,3152,588,21.87,REPEATEDHITSASCENDINGFILL,True,False,False,0,1353416,1623198014.0,59,BID,SHORT,0.5
KORU,2026-07-21 19:19:18.498353+00:00,CALL,30.0,2026-08-21,528345,1791,1965,1028,21.84,REPEATEDHITS,False,False,False,528050,295,1623198014.0,31,ASK,LONG,1.0
KORU,2026-07-21 13:54:25.682061+00:00,PUT,20.5,2026-08-21,19080,36,211,0,20.675,REPEATEDHITS,False,False,False,10600,8480,1623198014.0,31,ASK,SHORT,1.0
KORU,2026-07-21 13:52:31.036135+00:00,PUT,20.5,2026-08-21,28620,54,175,0,20.73,REPEATEDHITS,False,False,False,0,9010,1623198014.0,31,BID,LONG,0.5
KORU,2026-07-21 13:43:43.270152+00:00,PUT,20.5,2026-08-21,14840,28,33,0,20.6571,REPEATEDHITS,False,False,False,0,14840,1623198014.0,31,BID,LONG,0.5
KORU,2026-07-20 15:35:51.790340+00:00,PUT,15.0,2026-07-31,41860,322,353,236,19.16,REPEATEDHITS,True,False,False,0,41860,1623198014.0,11,BID,LONG,0.5
KORU,2026-07-17 16:47:39.774484+00:00,CALL,26.0,2026-07-31,22950,153,156,109,19.67,REPEATEDHITS,False,False,False,0,22950,1623198014.0,14,BID,SHORT,0.5
KORU,2026-07-17 16:00:03.227293+00:00,CALL,19.5,2026-07-17,54368,634,1317,480,19.97,REPEATEDHITSDESCENDINGFILL,False,False,False,54368,0,1623198014.0,0,ASK,LONG,1.0
KORU,2026-07-17 14:56:35.097229+00:00,CALL,18.5,2027-01-15,646402,768,2000,40,18.32,REPEATEDHITSDESCENDINGFILL,False,False,False,872,645530,1623198014.0,182,BID,SHORT,0.5
KORU,2026-07-17 14:55:01.361105+00:00,CALL,18.5,2027-01-15,1022212,1230,1232,40,18.23,REPEATEDHITSDESCENDINGFILL,False,False,False,0,1022212,1623198014.0,182,BID,SHORT,0.5
KORU,2026-07-17 14:22:06.986291+00:00,CALL,22.0,2026-07-24,59010,500,1830,441,18.76,REPEATEDHITSDESCENDINGFILL,False,False,False,0,59010,1623198014.0,7,BID,SHORT,0.5
KORU,2026-07-17 13:43:25.413133+00:00,CALL,15.0,2026-07-31,35000,100,100,60,15.6112,REPEATEDHITS,False,False,False,26250,8750,1623198014.0,14,ASK,LONG,1.0
KORU,2026-07-16 14:29:46.898071+00:00,CALL,27.5,2026-07-31,113136,1000,3987,285,19.895,REPEATEDHITSDESCENDINGFILL,False,False,False,0,113136,1623198014.0,15,BID,SHORT,0.5
KORU,2026-07-16 14:26:51.696746+00:00,CALL,27.5,2026-07-31,64489,600,2987,285,19.645,REPEATEDHITSDESCENDINGFILL,False,False,False,0,64489,1623198014.0,15,BID,SHORT,0.5
KORU,2026-07-16 14:24:09.817193+00:00,CALL,27.5,2026-07-31,55252,500,2187,285,19.7138,REPEATEDHITSDESCENDINGFILL,False,False,False,0,55252,1623198014.0,15,BID,SHORT,0.5
KORU,2026-07-16 13:37:02.869451+00:00,CALL,19.5,2026-07-31,13320,36,36,0,19.6272,REPEATEDHITS,False,False,False,5550,7030,1623198014.0,15,BID,SHORT,0.5
KORU,2026-07-15 17:52:32.551965+00:00,CALL,36.25,2027-01-15,23833,34,80,0,21.335,REPEATEDHITSASCENDINGFILL,False,False,False,0,23833,1623198014.0,184,BID,SHORT,0.5
KORU,2026-07-15 17:44:09.584360+00:00,CALL,24.0,2026-07-24,76860,427,508,0,21.1893,REPEATEDHITS,False,False,False,76860,0,1623198014.0,9,ASK,LONG,1.0
KORU,2026-07-15 16:36:45.247990+00:00,CALL,27.5,2026-09-18,13500,30,80,0,19.5666,REPEATEDHITS,False,False,False,0,4950,1623198014.0,65,BID,SHORT,0.5
KORU,2026-07-15 16:27:01.016250+00:00,CALL,20.25,2026-07-17,14911,100,108,0,19.8502,REPEATEDHITSDESCENDINGFILL,False,False,False,2470,12441,1623198014.0,2,BID,SHORT,0.5
KORU,2026-07-15 16:25:01.821352+00:00,CALL,20.75,2026-07-17,35001,280,566,0,20.0097,REPEATEDHITS,False,False,False,7500,27501,1623198014.0,2,BID,SHORT,0.5
KORU,2026-07-14 17:52:07.048432+00:00,PUT,440.0,2026-07-31,171250,25,25,1,474.84,REPEATEDHITS,True,False,False,0,171250,1623198014.0,17,BID,LONG,0.5
KORU,2026-07-14 17:24:31.138993+00:00,CALL,800.0,2026-08-21,681500,145,186,33,477.3,REPEATEDHITS,False,False,False,98700,582800,1623198014.0,38,BID,SHORT,0.5
KORU,2026-07-14 16:30:26.170274+00:00,CALL,565.0,2026-07-17,63900,45,46,1,481.54,REPEATEDHITS,True,False,False,63900,0,1623198014.0,3,ASK,LONG,1.0
KORU,2026-07-14 14:57:57.019816+00:00,PUT,300.0,2026-07-24,220000,200,430,109,466.0763,REPEATEDHITS,False,False,False,0,20900,1623198014.0,10,BID,LONG,0.5
KORU,2026-07-14 14:38:48.111095+00:00,PUT,275.0,2026-07-24,16530,19,19,6,455.61,REPEATEDHITS,False,False,False,10440,3480,1623198014.0,10,ASK,SHORT,1.0
KORU,2026-07-13 19:58:15.234836+00:00,CALL,390.0,2026-07-17,36600,6,6,4,420.69,REPEATEDHITS,True,False,False,0,36600,1623198014.0,4,BID,SHORT,0.5
KORU,2026-07-13 19:54:54.820461+00:00,CALL,410.0,2026-07-17,24617,5,38,2,417.1951,REPEATEDHITSDESCENDINGFILL,False,False,False,0,24617,1623198014.0,4,BID,SHORT,0.5
KORU,2026-07-13 19:06:44.525916+00:00,CALL,370.0,2026-07-24,83250,9,9,0,419.8,REPEATEDHITS,True,False,False,0,83250,1623198014.0,11,BID,SHORT,0.5
KORU,2026-07-13 19:06:44.525916+00:00,CALL,380.0,2026-07-24,156420,18,18,0,419.8,REPEATEDHITS,True,False,False,0,156420,1623198014.0,11,BID,SHORT,0.5
KORU,2026-07-13 19:06:44.525916+00:00,CALL,390.0,2026-07-24,105950,13,13,0,419.8,REPEATEDHITS,True,False,False,0,105950,1623198014.0,11,BID,SHORT,0.5
KORU,2026-07-13 17:23:24.360851+00:00,CALL,570.0,2026-07-31,105000,30,92,0,422.04,REPEATEDHITS,False,False,False,105000,0,1623198014.0,18,ASK,LONG,1.0
KORU,2026-07-13 16:49:09.617907+00:00,CALL,510.0,2026-07-24,105000,30,60,2,420.27,REPEATEDHITS,False,False,False,105000,0,1623198014.0,11,ASK,LONG,1.0
KORU,2026-07-13 16:48:52.998307+00:00,CALL,510.0,2026-07-24,105000,30,30,2,419.295,REPEATEDHITS,False,False,False,105000,0,1623198014.0,11,ASK,LONG,1.0
KORU,2026-07-13 15:40:24.813801+00:00,CALL,430.0,2026-07-17,104600,20,66,5,440.1351,REPEATEDHITS,False,False,False,104600,0,1623198014.0,4,ASK,LONG,1.0
KORU,2026-07-13 14:12:16.531377+00:00,PUT,440.0,2026-07-24,142000,20,20,0,443.695,REPEATEDHITS,False,False,False,142000,0,1623198014.0,11,ASK,SHORT,1.0
KORU,2026-07-13 14:00:38.832249+00:00,CALL,415.0,2026-07-17,33078,5,15,1,445.56,REPEATEDHITSASCENDINGFILL,False,False,False,33078,0,1623198014.0,4,ASK,LONG,1.0
KORU,2026-07-10 15:46:01.852176+00:00,CALL,520.0,2026-07-10,31920,14,30,5,531.7862,REPEATEDHITS,True,False,False,31920,0,1623198014.0,0,ASK,LONG,1.0
KORU,2026-07-09 19:05:46.629772+00:00,PUT,565.0,2026-07-17,154400,20,23,0,567.2,REPEATEDHITS,False,False,False,154400,0,1623198014.0,8,ASK,SHORT,1.0
KORU,2026-07-09 19:05:39.821293+00:00,CALL,590.0,2026-07-10,23000,10,10,3,567.22,REPEATEDHITS,True,False,False,0,23000,1623198014.0,1,BID,SHORT,0.5
KORU,2026-07-09 16:29:19.640266+00:00,CALL,585.0,2026-07-10,23100,10,10,0,558.89,REPEATEDHITS,True,False,False,0,23100,1623198014.0,1,BID,SHORT,0.5
KORU,2026-07-09 13:34:10.803935+00:00,PUT,590.0,2026-07-10,115720,22,22,8,565.685,REPEATEDHITS,True,False,False,5260,110460,1623198014.0,1,BID,LONG,0.5
KORU,2026-07-09 13:34:10.803935+00:00,PUT,585.0,2026-07-10,84830,17,17,0,565.685,REPEATEDHITS,True,False,False,0,84830,1623198014.0,1,BID,LONG,0.5
KORU,2026-07-08 16:24:15.499598+00:00,PUT,590.0,2026-07-10,74800,8,8,5,513.4227,REPEATEDHITS,True,False,False,74800,0,1623198014.0,2,ASK,SHORT,1.0
KORU,2026-07-08 16:19:55.495620+00:00,PUT,460.0,2026-07-10,31850,13,15,12,508.5,REPEATEDHITS,True,False,False,0,31850,1623198014.0,2,BID,LONG,0.5
KORU,2026-07-08 13:32:20.999229+00:00,PUT,300.0,2026-08-21,112000,20,20,7,499.38,REPEATEDHITS,False,False,False,67200,44800,1623198014.0,44,ASK,SHORT,1.0
KORU,2026-07-07 18:03:00.543725+00:00,PUT,645.0,2026-07-10,174719,16,16,0,562.17,REPEATEDHITSASCENDINGFILL,False,False,False,174719,0,1623198014.0,3,ASK,SHORT,1.0
KRE,2026-07-22 15:39:55.641688+00:00,PUT,76.5,2026-08-21,11609,47,49,1,75.39,REPEATEDHITS,True,False,False,0,11609,76.005486,30,BID,LONG,0.5
KRE,2026-07-21 14:03:32.549589+00:00,CALL,75.5,2026-08-21,29312,128,165,4,75.52,REPEATEDHITS,False,False,False,29312,0,76.005486,31,ASK,LONG,1.0
KRE,2026-07-20 19:57:26.642567+00:00,PUT,73.0,2026-07-24,13176,775,2818,281,75.955,REPEATEDHITS,False,False,False,18,13158,76.005486,4,BID,LONG,0.5
KRE,2026-07-20 19:56:18.753899+00:00,PUT,73.0,2026-07-24,34017,2001,2043,281,75.915,REPEATEDHITS,False,False,False,17,34000,76.005486,4,BID,LONG,0.5
KRE,2026-07-20 13:49:42.478115+00:00,CALL,75.0,2026-12-31,32670,54,54,29,76.41,REPEATEDHITS,False,False,False,0,32670,76.005486,164,BID,SHORT,0.5
KRE,2026-07-17 19:14:15.965694+00:00,PUT,75.5,2026-07-31,14480,120,469,47,76.29,REPEATEDHITS,True,False,False,12342,2138,76.005486,14,ASK,SHORT,1.0
KRE,2026-07-17 19:14:15.965694+00:00,PUT,71.0,2026-07-31,24585,745,745,47,76.29,REPEATEDHITS,True,False,False,24420,165,76.005486,14,ASK,SHORT,1.0
KRE,2026-07-17 19:11:30.859843+00:00,PUT,74.5,2026-07-31,49703,578,1042,32,76.26,REPEATEDHITS,True,False,False,48418,1285,76.005486,14,ASK,SHORT,1.0
KRE,2026-07-17 18:24:39.878086+00:00,PUT,74.5,2026-07-31,31823,408,463,32,76.365,REPEATEDHITS,False,False,False,31746,77,76.005486,14,ASK,SHORT,1.0
KRE,2026-07-17 18:24:39.878086+00:00,PUT,75.5,2026-07-31,22533,203,283,47,76.365,REPEATEDHITS,False,False,False,22533,0,76.005486,14,ASK,SHORT,1.0
KRE,2026-07-17 17:50:31.793757+00:00,CALL,72.0,2026-08-07,15966,31,34,1,76.5201,REPEATEDHITS,True,False,False,0,15966,76.005486,21,BID,SHORT,0.5
KRE,2026-07-17 16:08:03.954429+00:00,CALL,80.0,2026-07-31,74228,1687,1692,55,76.65,REPEATEDHITS,False,False,False,0,74184,76.005486,14,BID,SHORT,0.5
KRE,2026-07-17 15:31:14.379720+00:00,CALL,77.0,2026-08-14,10901,50,50,9,76.915,REPEATEDHITS,True,False,False,0,10901,76.005486,28,BID,SHORT,0.5
KRE,2026-07-16 19:34:40.282400+00:00,CALL,82.0,2026-07-31,14663,473,505,2,77.725,REPEATEDHITS,False,False,False,0,14663,76.005486,15,BID,SHORT,0.5
KRE,2026-07-16 18:44:24.364090+00:00,PUT,78.0,2026-08-28,54284,208,208,0,77.75,REPEATEDHITSDESCENDINGFILL,True,False,False,54026,258,76.005486,43,ASK,SHORT,1.0
KRE,2026-07-16 17:17:05.706263+00:00,CALL,90.0,2026-12-18,87996,617,621,311,78.065,REPEATEDHITSDESCENDINGFILL,True,False,False,83026,4970,76.005486,155,ASK,LONG,1.0
KRE,2026-07-16 17:07:58.850768+00:00,CALL,79.0,2026-07-17,27225,1815,4276,227,78.04,REPEATEDHITS,False,False,False,25575,1650,76.005486,1,ASK,LONG,1.0
KRE,2026-07-16 15:48:32.784242+00:00,PUT,77.5,2026-07-24,23850,225,738,33,77.75,REPEATEDHITS,False,False,False,23850,0,76.005486,8,ASK,SHORT,1.0
KRE,2026-07-16 15:48:17.963710+00:00,PUT,75.0,2026-09-18,728828,3918,3938,328,77.7379,REPEATEDHITSASCENDINGFILL,False,False,False,14960,713868,76.005486,64,BID,LONG,0.5
KRE,2026-07-16 15:26:42.036321+00:00,CALL,90.0,2026-09-18,12500,500,500,94,77.725,REPEATEDHITS,True,False,False,0,12500,76.005486,64,BID,SHORT,0.5
KRE,2026-07-16 15:22:04.819068+00:00,CALL,79.0,2026-07-24,70140,1002,3368,38,77.71,REPEATEDHITS,False,False,False,70140,0,76.005486,8,ASK,LONG,1.0
KRE,2026-07-16 15:22:04.819068+00:00,CALL,78.0,2026-07-24,120010,1102,1823,35,77.71,REPEATEDHITSDESCENDINGFILL,False,False,False,108346,11664,76.005486,8,ASK,LONG,1.0
KRE,2026-07-16 15:20:24.823791+00:00,CALL,78.0,2026-07-24,33200,332,720,35,77.695,REPEATEDHITS,False,False,False,33200,0,76.005486,8,ASK,LONG,1.0
KRE,2026-07-16 15:20:24.823791+00:00,CALL,77.5,2026-07-24,10920,84,194,65,77.695,REPEATEDHITS,False,False,False,10790,130,76.005486,8,ASK,LONG,1.0
KRE,2026-07-16 15:20:24.823791+00:00,CALL,79.0,2026-07-24,128358,2169,2194,38,77.695,REPEATEDHITSDESCENDINGFILL,False,False,False,19620,108738,76.005486,8,BID,SHORT,0.5
KRE,2026-07-16 15:17:35.742520+00:00,CALL,77.0,2027-03-19,13873,19,28,0,77.695,REPEATEDHITS,True,False,False,733,13140,76.005486,246,BID,SHORT,0.5
KRE,2026-07-16 14:52:04.045414+00:00,CALL,80.0,2027-09-17,197200,232,232,22,77.615,REPEATEDHITS,False,False,False,197200,0,76.005486,428,ASK,LONG,1.0
KRE,2026-07-16 14:50:57.730169+00:00,CALL,90.0,2027-06-17,15400,44,44,18,77.555,REPEATEDHITS,False,False,False,15400,0,76.005486,336,ASK,LONG,1.0
KRE,2026-07-16 14:50:57.730169+00:00,PUT,80.0,2027-06-17,83270,100,116,3,77.555,REPEATEDHITSDESCENDINGFILL,False,False,False,83270,0,76.005486,336,ASK,SHORT,1.0
KRE,2026-07-16 14:40:10.951387+00:00,CALL,76.5,2026-07-31,42292,194,199,82,77.47,REPEATEDHITS,False,False,False,1090,41202,76.005486,15,BID,SHORT,0.5
KRE,2026-07-16 14:29:54.308390+00:00,PUT,73.0,2027-03-19,28140,67,68,0,77.395,REPEATEDHITS,False,False,False,0,28140,76.005486,246,BID,LONG,0.5
KRE,2026-07-15 19:50:02.604593+00:00,PUT,75.5,2026-07-17,102816,2448,2522,92,75.825,REPEATEDHITS,True,False,False,0,13734,76.005486,2,BID,LONG,0.5
KRE,2026-07-15 19:50:02.604593+00:00,PUT,75.5,2026-07-17,60200,1400,3922,92,75.825,REPEATEDHITS,True,False,False,18318,20855,76.005486,2,BID,LONG,0.5
KRE,2026-07-15 19:34:42.335483+00:00,PUT,68.0,2027-06-17,41310,102,102,24,75.835,REPEATEDHITS,False,False,False,405,40905,76.005486,337,BID,LONG,0.5
KRE,2026-07-15 18:41:12.748609+00:00,PUT,70.0,2027-09-17,274320,508,508,167,75.96,REPEATEDHITS,False,False,False,0,274320,76.005486,429,BID,LONG,0.5
KRE,2026-07-15 18:08:31.300780+00:00,PUT,77.0,2026-07-31,61578,311,507,7,76.085,REPEATEDHITS,False,False,False,54648,0,76.005486,16,ASK,SHORT,1.0
KRE,2026-07-15 18:08:20.889507+00:00,PUT,77.0,2026-07-31,18018,91,196,7,76.085,REPEATEDHITS,False,False,False,0,16434,76.005486,16,BID,LONG,0.5
KRE,2026-07-15 18:08:12.669777+00:00,PUT,77.0,2026-07-31,11115,57,59,7,76.095,REPEATEDHITS,False,False,False,0,8385,76.005486,16,BID,LONG,0.5
KRE,2026-07-15 18:02:03.285963+00:00,CALL,77.5,2026-07-17,26628,1902,2071,1680,76.1801,REPEATEDHITS,False,False,False,0,26628,76.005486,2,BID,SHORT,0.5
KRE,2026-07-15 17:37:50.709828+00:00,PUT,73.0,2026-09-30,14972,71,111,15,76.21,REPEATEDHITSDESCENDINGFILL,False,False,False,0,14972,76.005486,77,BID,LONG,0.5
KRE,2026-07-15 14:59:59.266824+00:00,CALL,85.0,2027-09-17,14310,26,26,4,76.01,REPEATEDHITSDESCENDINGFILL,False,False,False,1660,12650,76.005486,429,BID,SHORT,0.5
KRE,2026-07-15 14:59:11.819277+00:00,PUT,72.5,2026-07-24,60320,2320,2324,862,75.985,REPEATEDHITS,False,False,False,0,60320,76.005486,9,BID,LONG,0.5
KRE,2026-07-14 19:41:35.631504+00:00,PUT,72.0,2026-07-24,44687,1176,1188,192,74.825,REPEATEDHITS,False,False,False,44650,37,76.005486,10,ASK,SHORT,1.0
KRE,2026-07-14 17:48:15.218980+00:00,CALL,69.5,2026-07-24,27120,48,48,25,74.945,REPEATEDHITS,False,False,False,0,27120,76.005486,10,BID,SHORT,0.5
KRE,2026-07-14 17:48:15.218980+00:00,CALL,71.0,2026-07-24,11900,28,28,14,74.94,REPEATEDHITS,False,False,False,0,11900,76.005486,10,BID,SHORT,0.5
KRE,2026-07-14 14:23:48.514031+00:00,PUT,76.5,2026-07-31,13607,63,63,24,75.35,REPEATEDHITS,True,False,False,13607,0,76.005486,17,ASK,SHORT,1.0
KRE,2026-07-14 13:53:34.779276+00:00,CALL,79.0,2026-08-21,209755,2000,2000,1372,75.36,REPEATEDHITSDESCENDINGFILL,False,False,False,54565,12600,76.005486,38,ASK,LONG,1.0
KRE,2026-07-13 15:13:10.860713+00:00,CALL,73.5,2026-07-24,38038,182,182,82,74.715,REPEATEDHITS,False,False,False,0,38038,76.005486,11,BID,SHORT,0.5
KRE,2026-07-13 14:10:14.716949+00:00,PUT,78.0,2026-08-21,28700,70,70,18,74.84,REPEATEDHITS,False,False,False,28700,0,76.005486,39,ASK,SHORT,1.0
KRE,2026-07-10 17:17:44.795559+00:00,PUT,77.5,2026-07-17,10260,38,38,7,74.955,REPEATEDHITS,False,False,False,0,10260,76.005486,7,BID,LONG,0.5
LITE,2026-07-22 14:36:32.897940+00:00,CALL,955.0,2026-08-07,185640,51,51,4,838.196,REPEATEDHITS,False,False,False,185640,0,65162168000.0,16,ASK,LONG,1.0
LITE,2026-07-22 14:10:56.736344+00:00,PUT,520.0,2026-08-21,105311,117,123,95,839.27,REPEATEDHITSASCENDINGFILL,False,False,False,0,105311,65162168000.0,30,BID,LONG,0.5
LITE,2026-07-21 19:04:38.321809+00:00,PUT,835.0,2026-08-07,353700,45,57,7,835.76,REPEATEDHITS,False,False,False,345840,0,65162168000.0,17,ASK,SHORT,1.0
LITE,2026-07-21 18:18:12.860401+00:00,PUT,840.0,2026-07-24,512197,130,173,24,837.57,REPEATEDHITSDESCENDINGFILL,False,False,False,488557,23640,65162168000.0,3,ASK,SHORT,1.0
LITE,2026-07-21 16:53:50.885551+00:00,PUT,805.0,2026-07-31,2066400,420,420,99,836.34,REPEATEDHITS,False,False,False,2066400,0,65162168000.0,10,ASK,SHORT,1.0
LITE,2026-07-21 16:42:36.513764+00:00,PUT,600.0,2026-08-28,162250,59,65,30,832.38,REPEATEDHITS,False,False,False,2750,159500,65162168000.0,38,BID,LONG,0.5
LITE,2026-07-21 15:39:56.534086+00:00,PUT,510.0,2026-08-21,200450,211,211,35,826.27,REPEATEDHITS,False,False,False,0,200450,65162168000.0,31,BID,LONG,0.5
LITE,2026-07-20 19:44:50.844049+00:00,PUT,750.0,2026-07-31,666880,128,192,76,770.85,REPEATEDHITS,False,False,False,646040,20840,65162168000.0,11,ASK,SHORT,1.0
LITE,2026-07-20 19:20:53.294352+00:00,PUT,690.0,2026-08-07,503440,124,184,22,771.82,REPEATEDHITS,False,False,False,503440,0,65162168000.0,18,ASK,SHORT,1.0
LITE,2026-07-20 19:14:14.877952+00:00,PUT,690.0,2026-08-07,200500,50,60,22,771.3,REPEATEDHITS,False,False,False,200500,0,65162168000.0,18,ASK,SHORT,1.0
LITE,2026-07-20 15:33:02.591414+00:00,PUT,650.0,2026-07-24,133438,278,446,238,790.77,REPEATEDHITS,False,False,False,133438,0,65162168000.0,4,ASK,SHORT,1.0
LITE,2026-07-20 14:56:58.076809+00:00,PUT,675.0,2026-07-31,531296,231,246,16,783.645,REPEATEDHITSDESCENDINGFILL,False,False,False,531296,0,65162168000.0,11,ASK,SHORT,1.0
LITE,2026-07-20 14:12:37.136645+00:00,PUT,760.0,2026-09-18,3167956,275,277,132,786.79,REPEATEDHITSDESCENDINGFILL,True,False,False,3121916,46040,65162168000.0,60,ASK,SHORT,1.0
LITE,2026-07-20 13:59:56.196227+00:00,CALL,890.0,2026-07-24,164320,158,424,154,789.975,REPEATEDHITS,False,False,False,164320,0,65162168000.0,4,ASK,LONG,1.0
LITE,2026-07-20 13:43:15.699918+00:00,CALL,830.0,2026-07-24,841730,420,472,87,779.24,REPEATEDHITSASCENDINGFILL,True,False,False,59590,782140,65162168000.0,4,BID,SHORT,0.5
LITE,2026-07-17 18:45:19.896784+00:00,PUT,680.0,2026-07-24,176400,84,441,79,732.01,REPEATEDHITS,False,False,False,176400,0,65162168000.0,7,ASK,SHORT,1.0
LITE,2026-07-17 18:14:58.316196+00:00,PUT,710.0,2026-07-24,510000,170,778,134,736.81,REPEATEDHITS,False,False,False,450000,60000,65162168000.0,7,ASK,SHORT,1.0
LITE,2026-07-17 18:10:40.560412+00:00,PUT,685.0,2026-07-24,422430,211,921,25,737.5,REPEATEDHITSASCENDINGFILL,True,False,False,74430,294000,65162168000.0,7,BID,LONG,0.5
LITE,2026-07-17 18:06:05.333160+00:00,PUT,690.0,2026-07-24,440000,200,271,108,738.18,REPEATEDHITS,False,False,False,433400,6600,65162168000.0,7,ASK,SHORT,1.0
LITE,2026-07-17 17:56:03.077015+00:00,PUT,710.0,2026-07-24,562600,194,368,134,739.885,REPEATEDHITS,False,False,False,562600,0,65162168000.0,7,ASK,SHORT,1.0
LITE,2026-07-17 17:54:34.127479+00:00,PUT,720.0,2026-07-24,1320000,400,426,147,740.99,REPEATEDHITS,True,False,False,973500,346500,65162168000.0,7,ASK,SHORT,1.0
LITE,2026-07-17 17:46:54.877183+00:00,CALL,735.0,2026-07-31,1445400,220,220,5,740.05,REPEATEDHITS,False,False,False,1445400,0,65162168000.0,14,ASK,LONG,1.0
LITE,2026-07-17 17:16:34.462888+00:00,PUT,500.0,2026-08-14,74801,68,75,20,742.96,REPEATEDHITS,False,False,False,0,74801,65162168000.0,28,BID,LONG,0.5
LITE,2026-07-17 16:46:34.082875+00:00,CALL,720.0,2026-07-31,246240,38,71,6,726.78,REPEATEDHITS,False,False,False,155520,90720,65162168000.0,14,ASK,LONG,1.0
LITE,2026-07-17 16:35:50.002368+00:00,PUT,685.0,2026-07-24,519750,231,700,25,729.195,REPEATEDHITS,True,False,False,69750,425250,65162168000.0,7,BID,LONG,0.5
LITE,2026-07-17 16:32:34.561545+00:00,PUT,680.0,2026-07-24,462300,201,219,79,725.45,REPEATEDHITS,False,False,False,462300,0,65162168000.0,7,ASK,SHORT,1.0
LITE,2026-07-17 16:21:24.270263+00:00,PUT,695.0,2026-07-24,145800,54,168,37,729.89,REPEATEDHITS,True,False,False,145800,0,65162168000.0,7,ASK,SHORT,1.0
LITE,2026-07-17 15:13:13.768278+00:00,PUT,685.0,2026-07-24,438000,146,407,25,712.845,REPEATEDHITS,False,False,False,405000,33000,65162168000.0,7,ASK,SHORT,1.0
LITE,2026-07-17 15:01:42.343983+00:00,PUT,685.0,2026-07-24,369000,123,261,25,713.04,REPEATEDHITS,False,False,False,369000,0,65162168000.0,7,ASK,SHORT,1.0
LITE,2026-07-17 15:01:34.319327+00:00,PUT,685.0,2026-07-24,237000,79,138,25,713.49,REPEATEDHITS,False,False,False,237000,0,65162168000.0,7,ASK,SHORT,1.0
LITE,2026-07-17 14:19:17.435512+00:00,PUT,530.0,2026-08-14,61562,36,36,13,728.53,REPEATEDHITS,False,False,False,0,61562,65162168000.0,28,BID,LONG,0.5
LITE,2026-07-17 14:15:56.155291+00:00,CALL,740.0,2026-07-17,149600,374,839,91,717.93,REPEATEDHITS,False,False,False,149600,0,65162168000.0,0,ASK,LONG,1.0
LITE,2026-07-17 14:14:43.797181+00:00,CALL,740.0,2026-07-17,123200,308,363,91,713.82,REPEATEDHITS,True,False,False,123200,0,65162168000.0,0,ASK,LONG,1.0
LITE,2026-07-17 14:13:54.506564+00:00,CALL,735.0,2026-07-17,110000,200,406,155,717.15,REPEATEDHITS,True,False,False,78650,16500,65162168000.0,0,ASK,LONG,1.0
LITE,2026-07-17 14:13:33.257924+00:00,CALL,735.0,2026-07-17,101020,202,206,155,716.44,REPEATEDHITS,True,False,False,0,39020,65162168000.0,0,BID,SHORT,0.5
LITE,2026-07-17 13:38:29.449122+00:00,PUT,612.5,2026-07-24,71780,37,37,0,664.88,REPEATEDHITS,True,False,False,71780,0,65162168000.0,7,ASK,SHORT,1.0
LITE,2026-07-16 19:47:36.734579+00:00,CALL,1180.0,2026-11-20,257560,47,47,5,697.135,REPEATEDHITS,False,False,False,0,257560,65162168000.0,127,BID,SHORT,0.5
LITE,2026-07-16 18:19:23.441671+00:00,PUT,520.0,2028-06-16,173300,9,18,0,704.08,REPEATEDHITSDESCENDINGFILL,True,False,False,77020,38520,65162168000.0,701,ASK,SHORT,1.0
LITE,2026-07-16 18:09:30.721139+00:00,CALL,617.5,2026-07-17,364010,47,47,0,694.565,REPEATEDHITSASCENDINGFILL,True,False,False,178250,185760,65162168000.0,1,BID,SHORT,0.5
LITE,2026-07-16 18:09:30.721139+00:00,CALL,662.5,2026-07-17,254600,66,66,4,694.565,REPEATEDHITSASCENDINGFILL,True,False,False,193000,61600,65162168000.0,1,ASK,LONG,1.0
LITE,2026-07-16 18:09:30.721139+00:00,PUT,722.5,2026-07-17,352480,99,128,29,694.565,REPEATEDHITSDESCENDINGFILL,True,False,False,14280,338200,65162168000.0,1,BID,LONG,0.5
LITE,2026-07-16 16:46:22.381061+00:00,PUT,560.0,2026-07-31,531916,447,452,33,699.0,REPEATEDHITSDESCENDINGFILL,False,False,False,531916,0,65162168000.0,15,ASK,SHORT,1.0
LITE,2026-07-16 15:15:13.762113+00:00,CALL,1220.0,2027-06-17,431830,30,42,4,708.1,REPEATEDHITS,False,False,False,288130,143700,65162168000.0,336,ASK,LONG,1.0
LITE,2026-07-16 15:08:51.328434+00:00,PUT,665.0,2026-07-31,1221745,332,332,82,712.285,REPEATEDHITSDESCENDINGFILL,False,False,False,1218075,3670,65162168000.0,15,ASK,SHORT,1.0
LITE,2026-07-16 15:06:09.442693+00:00,PUT,640.0,2026-07-24,169500,113,214,50,713.28,REPEATEDHITS,False,False,False,169500,0,65162168000.0,8,ASK,SHORT,1.0
LITE,2026-07-16 15:05:54.384011+00:00,PUT,640.0,2026-07-24,130500,87,101,50,714.06,REPEATEDHITS,True,False,False,130500,0,65162168000.0,8,ASK,SHORT,1.0
LITE,2026-07-15 19:58:01.066764+00:00,CALL,825.0,2026-07-17,66800,167,212,98,754.275,REPEATEDHITS,False,False,False,66800,0,65162168000.0,2,ASK,LONG,1.0
LITE,2026-07-15 19:40:30.880790+00:00,CALL,750.0,2026-08-07,1195050,155,173,2,751.87,REPEATEDHITS,False,False,False,1195050,0,65162168000.0,23,ASK,LONG,1.0
LITE,2026-07-15 18:25:53.830119+00:00,PUT,640.0,2026-07-31,68000,34,42,23,757.3826,REPEATEDHITS,False,False,False,2000,66000,65162168000.0,16,BID,LONG,0.5
LITE,2026-07-15 17:54:20.480576+00:00,CALL,840.0,2026-08-07,69280,16,16,1,752.25,REPEATEDHITS,False,False,False,4330,64950,65162168000.0,23,BID,SHORT,0.5
LMT,2026-07-22 14:06:12.387644+00:00,PUT,490.0,2026-07-24,72531,290,296,163,519.0,REPEATEDHITSASCENDINGFILL,True,False,False,520,72011,116916499981.0,2,BID,LONG,0.5
LMT,2026-07-21 14:03:06.896727+00:00,PUT,490.0,2026-07-31,146030,152,152,33,502.545,REPEATEDHITSASCENDINGFILL,False,False,False,104670,41360,116916499981.0,10,ASK,SHORT,1.0
LMT,2026-07-21 14:03:06.896727+00:00,PUT,487.5,2026-07-31,317908,374,374,5,502.545,REPEATEDHITSASCENDINGFILL,False,False,False,850,317058,116916499981.0,10,BID,LONG,0.5
LMT,2026-07-21 14:03:06.896727+00:00,PUT,500.0,2026-08-14,81500,47,47,4,502.545,REPEATEDHITS,False,False,False,40220,41280,116916499981.0,24,BID,LONG,0.5
LMT,2026-07-20 17:33:36.740268+00:00,CALL,520.0,2026-07-31,115620,94,95,75,511.725,REPEATEDHITS,False,False,False,115620,0,116916499981.0,11,ASK,LONG,1.0
LMT,2026-07-20 16:00:39.715435+00:00,PUT,515.0,2026-08-14,101920,49,49,42,511.78,REPEATEDHITS,False,False,False,101920,0,116916499981.0,25,ASK,SHORT,1.0
LMT,2026-07-16 14:53:23.363277+00:00,PUT,435.0,2026-08-28,79560,442,442,27,516.485,REPEATEDHITS,False,False,False,0,79560,116916499981.0,43,BID,LONG,0.5
LMT,2026-07-09 17:49:21.413528+00:00,CALL,560.0,2026-08-21,147250,155,156,76,516.834,REPEATEDHITS,False,False,False,147250,0,116916499981.0,43,ASK,LONG,1.0
LMT,2026-07-08 18:12:25.107978+00:00,CALL,535.0,2026-07-31,73460,39,41,37,529.83,REPEATEDHITSASCENDINGFILL,True,False,False,26400,47060,116916499981.0,23,BID,SHORT,0.5
LMT,2026-07-07 19:19:11.575932+00:00,CALL,510.0,2026-07-10,160080,62,63,40,535.0242,REPEATEDHITSASCENDINGFILL,False,False,False,5170,154910,116916499981.0,3,BID,SHORT,0.5
LMT,2026-07-07 15:46:03.080130+00:00,CALL,555.0,2026-07-31,188033,142,142,71,537.87,REPEATEDHITSASCENDINGFILL,False,False,False,91090,96943,116916499981.0,24,BID,SHORT,0.5
LMT,2026-07-07 13:31:42.847352+00:00,CALL,542.5,2026-07-10,75688,80,160,12,545.945,REPEATEDHITSDESCENDINGFILL,False,False,False,12480,63208,116916499981.0,3,BID,SHORT,0.5
LMT,2026-07-06 18:14:23.159191+00:00,PUT,540.0,2026-08-21,111780,46,91,37,538.15,REPEATEDHITS,False,False,False,85050,2430,116916499981.0,46,ASK,SHORT,1.0
LMT,2026-07-06 15:09:49.298385+00:00,PUT,537.5,2026-07-10,158730,221,223,2,537.283,REPEATEDHITSDESCENDINGFILL,False,False,False,66430,92300,116916499981.0,4,BID,LONG,0.5
LMT,2026-07-06 15:09:49.298385+00:00,PUT,545.0,2026-07-17,134180,91,91,28,537.283,REPEATEDHITSDESCENDINGFILL,True,False,False,1480,132700,116916499981.0,11,BID,LONG,0.5
LMT,2026-07-02 17:40:35.834493+00:00,CALL,560.0,2026-11-20,530852,165,199,43,538.52,REPEATEDHITSDESCENDINGFILL,False,False,False,0,530852,116916499981.0,141,BID,SHORT,0.5
LMT,2026-07-02 15:14:16.706274+00:00,CALL,580.0,2026-08-21,138600,126,129,59,538.44,REPEATEDHITS,False,False,False,138600,0,116916499981.0,50,ASK,LONG,1.0
LMT,2026-07-01 18:43:33.704692+00:00,PUT,505.0,2026-07-17,51331,87,94,66,519.945,REPEATEDHITS,False,False,False,0,51331,116916499981.0,16,BID,LONG,0.5
LMT,2026-07-01 16:01:03.217874+00:00,PUT,510.0,2026-07-17,87320,118,143,94,522.195,REPEATEDHITS,False,False,False,1480,85100,116916499981.0,16,BID,LONG,0.5
LMT,2026-06-30 19:39:01.738520+00:00,PUT,500.0,2026-08-21,291080,154,155,43,506.85,REPEATEDHITSASCENDINGFILL,True,False,False,1900,289180,116916499981.0,52,BID,LONG,0.5
LMT,2026-06-30 19:02:18.853663+00:00,PUT,515.0,2026-07-17,339480,207,211,84,506.77,REPEATEDHITS,False,False,False,339480,0,116916499981.0,17,ASK,SHORT,1.0
LMT,2026-06-30 17:53:30.088982+00:00,CALL,510.0,2026-07-24,207080,124,124,16,505.31,REPEATEDHITS,False,False,False,207080,0,116916499981.0,24,ASK,LONG,1.0
LMT,2026-06-29 19:00:54.677639+00:00,CALL,517.5,2026-07-10,156984,334,334,1,503.595,REPEATEDHITS,False,False,False,0,156984,116916499981.0,11,BID,SHORT,0.5
LMT,2026-06-29 15:33:52.664949+00:00,PUT,465.0,2026-08-21,95120,116,116,3,504.38,REPEATEDHITS,False,False,False,47560,0,116916499981.0,53,ASK,SHORT,1.0
LMT,2026-06-26 19:41:31.790408+00:00,PUT,512.5,2026-07-10,195908,137,141,1,505.27,REPEATEDHITS,False,False,False,195908,0,116916499981.0,14,ASK,SHORT,1.0
LMT,2026-06-26 18:31:07.746416+00:00,CALL,535.0,2026-08-21,227009,141,190,8,510.44,REPEATEDHITS,False,False,False,227009,0,116916499981.0,56,ASK,LONG,1.0
LMT,2026-06-26 15:12:06.359913+00:00,PUT,500.0,2026-07-02,66150,315,319,129,516.45,REPEATEDHITS,True,False,False,0,66150,116916499981.0,6,BID,LONG,0.5
LMT,2026-06-25 15:24:20.507545+00:00,PUT,505.0,2026-06-26,101700,339,352,276,507.967,REPEATEDHITS,False,False,False,0,101700,116916499981.0,1,BID,LONG,0.5
LMT,2026-06-25 14:16:05.068685+00:00,PUT,460.0,2026-09-18,325220,322,322,150,510.89,REPEATEDHITS,True,False,False,0,325220,116916499981.0,85,BID,LONG,0.5
LMT,2026-06-25 13:51:00.784043+00:00,CALL,500.0,2026-07-17,432600,239,240,78,505.525,REPEATEDHITS,False,False,False,1820,430780,116916499981.0,22,BID,SHORT,0.5
LMT,2026-06-24 15:56:29.145000+00:00,CALL,495.0,2026-07-17,243820,167,170,30,493.355,REPEATEDHITS,False,False,False,243820,0,116916499981.0,23,ASK,LONG,1.0
LMT,2026-06-24 15:08:14.487455+00:00,PUT,440.0,2026-12-18,850000,500,504,184,495.15,REPEATEDHITS,False,False,False,680000,170000,116916499981.0,177,ASK,SHORT,1.0
LMT,2026-06-24 15:07:32.823649+00:00,PUT,440.0,2026-11-20,151560,106,107,16,495.67,REPEATEDHITS,False,False,False,80560,65320,116916499981.0,149,ASK,SHORT,1.0
LMT,2026-06-24 15:07:32.823649+00:00,PUT,445.0,2026-11-20,51480,33,34,5,495.67,REPEATEDHITS,False,False,False,9360,42120,116916499981.0,149,BID,LONG,0.5
LMT,2026-06-23 19:20:15.610430+00:00,CALL,515.0,2026-08-21,248880,122,128,6,500.91,REPEATEDHITS,False,False,False,248880,0,116916499981.0,59,ASK,LONG,1.0
LMT,2026-06-22 14:10:30.541414+00:00,CALL,507.5,2026-07-02,74400,120,122,0,496.5,REPEATEDHITS,False,False,False,1860,72540,116916499981.0,10,BID,SHORT,0.5
LMT,2026-06-18 19:40:00.466736+00:00,CALL,525.0,2026-07-31,284780,172,178,4,508.48,REPEATEDHITSDESCENDINGFILL,True,False,False,283140,1640,116916499981.0,43,ASK,LONG,1.0
LMT,2026-06-18 15:37:17.358358+00:00,PUT,515.0,2026-07-02,170180,127,143,15,511.305,REPEATEDHITS,False,False,False,170180,0,116916499981.0,14,ASK,SHORT,1.0
LMT,2026-06-18 14:42:26.913741+00:00,PUT,510.0,2026-06-18,154800,469,507,443,509.9001,REPEATEDHITS,False,False,False,154140,660,116916499981.0,0,ASK,SHORT,1.0
LMT,2026-06-18 14:25:58.801797+00:00,PUT,505.0,2026-06-26,164340,249,253,33,510.5,REPEATEDHITS,False,False,False,164340,0,116916499981.0,8,ASK,SHORT,1.0
LMT,2026-06-18 14:14:07.720105+00:00,PUT,490.0,2026-07-17,96389,153,153,134,512.6,REPEATEDHITS,False,False,False,96389,0,116916499981.0,29,ASK,SHORT,1.0
LMT,2026-06-18 14:14:07.720105+00:00,PUT,495.0,2026-07-17,51675,68,74,41,512.6,REPEATEDHITS,False,False,False,51675,0,116916499981.0,29,ASK,SHORT,1.0
LMT,2026-06-18 14:14:07.720105+00:00,PUT,500.0,2026-07-17,252696,275,286,232,512.6,REPEATEDHITSDESCENDINGFILL,False,False,False,159006,93690,116916499981.0,29,ASK,SHORT,1.0
LMT,2026-06-17 19:21:52.664440+00:00,CALL,545.0,2026-06-26,78000,200,263,72,530.87,REPEATEDHITS,True,False,False,0,78000,116916499981.0,9,BID,SHORT,0.5
LMT,2026-06-17 16:19:19.437226+00:00,CALL,565.0,2026-07-17,51330,87,88,42,535.51,REPEATEDHITS,False,False,False,0,51330,116916499981.0,30,BID,SHORT,0.5
LMT,2026-06-12 14:42:27.130897+00:00,PUT,525.0,2026-09-18,271440,117,117,82,545.1,REPEATEDHITS,False,False,False,0,271440,116916499981.0,98,BID,LONG,0.5
LMT,2026-06-11 18:14:26.298700+00:00,CALL,570.0,2026-07-17,122082,109,118,30,546.5001,REPEATEDHITS,False,False,False,0,122082,116916499981.0,36,BID,SHORT,0.5
LMT,2026-06-11 15:31:03.603185+00:00,CALL,555.0,2026-06-26,89040,100,102,24,543.37,REPEATEDHITSASCENDINGFILL,True,False,False,1810,87230,116916499981.0,15,BID,SHORT,0.5
LMT,2026-06-11 14:38:48.921074+00:00,PUT,540.0,2026-07-17,58010,34,54,16,542.5,REPEATEDHITSASCENDINGFILL,False,False,False,46110,11900,116916499981.0,36,ASK,SHORT,1.0
LMT,2026-06-10 19:28:51.067932+00:00,PUT,517.5,2026-06-18,71350,130,158,16,527.33,REPEATEDHITS,False,False,False,30800,40550,116916499981.0,8,BID,LONG,0.5
LPG,2026-07-21 19:44:19.226562+00:00,CALL,47.5,2026-12-18,14144,37,506,27,44.325,REPEATEDHITSDESCENDINGFILL,True,False,False,14144,0,1900834517.0,150,ASK,LONG,1.0
LQDA,2026-07-22 15:38:44.948297+00:00,PUT,75.0,2026-08-21,15750,35,246,9,86.905,REPEATEDHITS,False,False,False,15750,0,7193393928.0,30,ASK,SHORT,1.0
LQDA,2026-07-22 15:38:29.523678+00:00,PUT,75.0,2026-08-21,10350,23,176,9,87.0,REPEATEDHITS,False,False,False,10350,0,7193393928.0,30,ASK,SHORT,1.0
LQDA,2026-07-22 15:38:20.916657+00:00,PUT,75.0,2026-08-21,11700,26,126,9,87.05,REPEATEDHITS,False,False,False,11700,0,7193393928.0,30,ASK,SHORT,1.0
LQDA,2026-07-22 15:38:16.913038+00:00,PUT,75.0,2026-08-21,12600,28,100,9,87.32,REPEATEDHITS,False,False,False,12600,0,7193393928.0,30,ASK,SHORT,1.0
LQDA,2026-07-22 15:38:14.308376+00:00,PUT,75.0,2026-08-21,12600,28,60,9,86.845,REPEATEDHITS,False,False,False,12600,0,7193393928.0,30,ASK,SHORT,1.0
LQDA,2026-07-22 15:05:08.923444+00:00,CALL,77.0,2026-07-24,24700,65,149,41,79.12,REPEATEDHITS,False,False,False,24700,0,7193393928.0,2,ASK,LONG,1.0
LQDA,2026-07-22 15:05:08.923444+00:00,CALL,78.0,2026-07-24,49417,157,157,8,79.12,REPEATEDHITSDESCENDINGFILL,False,False,False,24307,25110,7193393928.0,2,BID,SHORT,0.5
LQDA,2026-07-22 15:05:08.923444+00:00,CALL,79.0,2026-07-24,13440,48,48,33,79.47,REPEATEDHITS,True,False,False,12320,1120,7193393928.0,2,ASK,LONG,1.0
LQDA,2026-07-22 15:05:08.923444+00:00,CALL,76.0,2026-07-24,44640,98,98,4,79.12,REPEATEDHITS,False,False,False,34960,9680,7193393928.0,2,ASK,LONG,1.0
LQDA,2026-07-21 19:46:24.814194+00:00,PUT,75.0,2026-07-31,112359,548,550,37,80.7075,REPEATEDHITSASCENDINGFILL,False,False,False,0,112359,7193393928.0,10,BID,LONG,0.5
LQDA,2026-07-21 16:02:58.586804+00:00,PUT,64.0,2026-07-31,12180,174,174,5,80.445,REPEATEDHITS,False,False,False,70,12110,7193393928.0,10,BID,LONG,0.5
LQDA,2026-07-21 15:09:31.355789+00:00,CALL,72.5,2027-03-19,177750,75,96,0,79.63,REPEATEDHITS,False,False,False,177750,0,7193393928.0,241,ASK,LONG,1.0
LQDA,2026-07-21 15:05:00.625609+00:00,CALL,85.0,2026-07-31,84004,350,1301,10,79.685,REPEATEDHITSASCENDINGFILL,False,False,False,0,84004,7193393928.0,10,BID,SHORT,0.5
LQDA,2026-07-21 14:40:39.039851+00:00,CALL,72.5,2027-03-19,24000,10,11,0,79.81,REPEATEDHITS,False,False,False,24000,0,7193393928.0,241,ASK,LONG,1.0
LQDA,2026-07-20 19:54:52.433268+00:00,CALL,72.0,2026-07-24,10590,16,16,12,77.48,REPEATEDHITSASCENDINGFILL,True,False,False,670,9920,7193393928.0,4,BID,SHORT,0.5
LQDA,2026-07-20 15:16:15.784883+00:00,PUT,75.0,2026-07-24,20230,119,244,30,79.39,REPEATEDHITS,False,False,False,0,20230,7193393928.0,4,BID,LONG,0.5
LQDA,2026-07-20 13:56:15.924340+00:00,CALL,84.0,2026-08-21,20400,24,36,0,81.1,REPEATEDHITSDESCENDINGFILL,True,False,False,0,20400,7193393928.0,32,BID,SHORT,0.5
LQDA,2026-07-14 16:15:17.803727+00:00,CALL,77.0,2026-07-31,20650,35,403,10,75.74,REPEATEDHITS,False,False,False,0,20650,7193393928.0,17,BID,SHORT,0.5
LQDA,2026-07-13 18:23:49.027921+00:00,PUT,60.0,2026-08-21,68160,142,168,80,70.7001,REPEATEDHITS,False,False,False,68160,0,7193393928.0,39,ASK,SHORT,1.0
LQDA,2026-07-13 15:18:13.019766+00:00,PUT,67.5,2026-08-21,65860,89,143,23,70.2428,REPEATEDHITS,True,False,False,48100,13320,7193393928.0,39,ASK,SHORT,1.0
LQDA,2026-07-10 16:32:25.947225+00:00,PUT,65.0,2026-07-31,28160,176,191,84,77.39,REPEATEDHITS,False,False,False,0,28160,7193393928.0,21,BID,LONG,0.5
LQDA,2026-07-10 15:33:19.409716+00:00,PUT,65.0,2026-08-07,30090,128,139,18,77.83,REPEATEDHITSASCENDINGFILL,False,False,False,240,29850,7193393928.0,28,BID,LONG,0.5
LQDA,2026-07-09 19:30:25.489077+00:00,PUT,72.5,2026-10-16,481008,528,540,0,81.35,FLOORTRADEMIDCAP,False,True,True,481008,0,7193393928.0,99,ASK,SHORT,1.0
LQDA,2026-07-08 17:03:40.627999+00:00,PUT,80.0,2026-08-21,55000,55,65,5,80.29,REPEATEDHITS,False,False,False,5000,50000,7193393928.0,44,BID,LONG,0.5
LQDA,2026-07-08 17:03:09.995156+00:00,PUT,80.0,2026-07-10,11385,67,67,33,80.425,REPEATEDHITS,True,False,False,11385,0,7193393928.0,2,ASK,SHORT,1.0
LQDA,2026-07-08 14:14:21.738843+00:00,CALL,82.5,2026-10-16,45624,30,30,0,82.2,REPEATEDHITSDESCENDINGFILL,False,False,False,45624,0,7193393928.0,100,ASK,LONG,1.0
LQDA,2026-07-07 18:54:10.920237+00:00,PUT,85.0,2026-07-17,23760,36,64,0,81.11,REPEATEDHITS,True,False,False,23760,0,7193393928.0,10,ASK,SHORT,1.0
LQDA,2026-07-07 17:58:09.624641+00:00,PUT,82.5,2026-07-17,52398,99,100,0,81.02,REPEATEDHITSDESCENDINGFILL,True,False,False,51878,520,7193393928.0,10,ASK,SHORT,1.0
LQDA,2026-07-07 17:58:09.624641+00:00,PUT,85.0,2026-07-17,19040,28,28,0,80.9491,REPEATEDHITS,False,False,False,19040,0,7193393928.0,10,ASK,SHORT,1.0
LQDA,2026-07-07 16:50:46.446068+00:00,PUT,70.0,2026-07-10,21123,1056,1110,247,81.04,REPEATEDHITSASCENDINGFILL,False,False,False,0,21123,7193393928.0,3,BID,LONG,0.5
LQDA,2026-07-07 15:22:37.843400+00:00,PUT,81.5,2026-07-17,10070,19,19,1,80.21,REPEATEDHITS,False,False,False,9540,530,7193393928.0,10,ASK,SHORT,1.0
LQDA,2026-07-06 19:03:12.780607+00:00,PUT,71.0,2026-07-17,14525,83,324,1,80.3,REPEATEDHITS,False,False,False,0,14525,7193393928.0,11,BID,LONG,0.5
LQDA,2026-07-02 15:26:16.753630+00:00,PUT,65.0,2026-08-21,75500,151,156,99,79.1,REPEATEDHITS,False,False,False,0,75500,7193393928.0,50,BID,LONG,0.5
LQDA,2026-07-01 17:51:18.584662+00:00,PUT,75.0,2026-07-17,46020,118,121,53,79.17,REPEATEDHITS,False,False,False,0,46020,7193393928.0,16,BID,LONG,0.5
LQDA,2026-07-01 15:58:30.627162+00:00,PUT,70.0,2026-07-10,23500,188,191,21,79.88,REPEATEDHITS,False,False,False,0,23500,7193393928.0,9,BID,LONG,0.5
LQDA,2026-07-01 15:27:07.908174+00:00,PUT,80.0,2026-07-10,11880,27,28,0,79.66,REPEATEDHITS,True,False,False,11880,0,7193393928.0,9,ASK,SHORT,1.0
LQDA,2026-06-30 19:40:00.871292+00:00,PUT,66.0,2026-07-17,10870,53,54,2,79.46,REPEATEDHITS,False,False,False,0,10870,7193393928.0,17,BID,LONG,0.5
LQDA,2026-06-30 18:53:45.977949+00:00,PUT,70.0,2026-07-17,34660,126,130,121,79.765,REPEATEDHITS,False,False,False,0,34660,7193393928.0,17,BID,LONG,0.5
LQDA,2026-06-30 17:12:26.164790+00:00,PUT,77.5,2026-08-21,89103,90,90,0,80.225,REPEATEDHITS,False,False,False,0,89103,7193393928.0,52,BID,LONG,0.5
LQDA,2026-06-30 16:31:44.076001+00:00,PUT,50.0,2026-07-31,25990,236,242,49,79.495,REPEATEDHITS,True,False,False,770,25220,7193393928.0,31,BID,LONG,0.5
LQDA,2026-06-30 16:04:35.750707+00:00,PUT,74.0,2026-07-02,19041,238,239,37,78.24,REPEATEDHITS,False,False,False,0,19041,7193393928.0,2,BID,LONG,0.5
LQDA,2026-06-29 13:32:09.069473+00:00,PUT,79.0,2026-07-02,42150,81,81,0,75.2,REPEATEDHITS,True,False,False,41600,550,7193393928.0,3,ASK,SHORT,1.0
LQDA,2026-06-25 15:25:44.813023+00:00,CALL,72.0,2026-07-02,36072,50,50,6,77.32,REPEATEDHITSDESCENDINGFILL,False,False,False,0,36072,7193393928.0,7,BID,SHORT,0.5
LQDA,2026-06-25 14:10:06.960177+00:00,CALL,80.0,2026-07-02,22200,74,202,46,77.86,REPEATEDHITS,True,False,False,22200,0,7193393928.0,7,ASK,LONG,1.0
LQDA,2026-06-23 18:40:10.811473+00:00,CALL,90.0,2026-07-10,18988,141,461,42,74.52,REPEATEDHITSASCENDINGFILL,True,False,False,17098,1890,7193393928.0,17,ASK,LONG,1.0
LQDA,2026-06-23 18:10:33.835480+00:00,CALL,90.0,2026-07-10,24440,181,183,42,74.95,REPEATEDHITS,False,False,False,140,24300,7193393928.0,17,BID,SHORT,0.5
LQDA,2026-06-22 17:09:54.581752+00:00,PUT,72.0,2026-06-26,14350,82,98,0,74.73,REPEATEDHITS,False,False,False,8750,5600,7193393928.0,4,ASK,SHORT,1.0
LQDA,2026-06-22 16:39:17.294955+00:00,PUT,70.0,2026-06-26,11570,89,236,10,74.39,REPEATEDHITS,True,False,False,9490,2080,7193393928.0,4,ASK,SHORT,1.0
LQDA,2026-06-22 14:13:55.439230+00:00,PUT,77.0,2026-06-26,59930,111,111,7,73.57,REPEATEDHITS,False,False,False,59400,530,7193393928.0,4,ASK,SHORT,1.0
LQDA,2026-06-18 19:42:57.524111+00:00,CALL,74.0,2026-06-26,39580,198,201,6,70.74,REPEATEDHITSDESCENDINGFILL,True,False,False,38800,780,7193393928.0,8,ASK,LONG,1.0
LVS,2026-07-22 13:34:42.913927+00:00,PUT,39.0,2026-08-21,12000,300,400,2,45.705,REPEATEDHITS,True,False,False,0,12000,30130119168.0,30,BID,LONG,0.5
LVS,2026-07-21 16:03:36.040795+00:00,PUT,43.0,2026-07-31,31878,462,466,270,45.89,REPEATEDHITS,False,False,False,0,31878,30130119168.0,10,BID,LONG,0.5
LVS,2026-07-17 17:06:30.835492+00:00,PUT,42.5,2026-10-16,94656,464,469,0,45.43,REPEATEDHITS,False,False,False,0,94656,30130119168.0,91,BID,LONG,0.5
LVS,2026-07-16 13:41:53.561355+00:00,PUT,46.0,2026-07-17,27342,294,875,264,45.35,REPEATEDHITS,True,False,False,12555,14787,30130119168.0,1,BID,LONG,0.5
LVS,2026-07-16 13:39:43.334101+00:00,PUT,46.0,2026-07-17,38480,481,581,264,45.585,REPEATEDHITS,True,False,False,32320,6160,30130119168.0,1,ASK,SHORT,1.0
LVS,2026-07-15 15:05:37.226811+00:00,CALL,47.5,2027-06-17,26400,48,48,1,44.56,REPEATEDHITS,False,False,False,21450,4950,30130119168.0,337,ASK,LONG,1.0
LVS,2026-07-08 18:09:49.322352+00:00,PUT,47.5,2026-07-10,49078,463,878,213,46.7,REPEATEDHITS,False,False,False,0,10918,30130119168.0,2,BID,LONG,0.5
LVS,2026-07-08 18:09:05.671826+00:00,PUT,47.5,2026-07-10,24288,264,265,213,46.91,REPEATEDHITS,False,False,False,0,2300,30130119168.0,2,BID,LONG,0.5
LVS,2026-07-06 18:45:08.560406+00:00,CALL,45.5,2026-07-10,16728,123,123,8,46.4875,REPEATEDHITS,False,False,False,0,16728,30130119168.0,4,BID,SHORT,0.5
LVS,2026-07-06 15:31:53.295229+00:00,PUT,47.5,2026-07-10,17420,130,130,86,46.45,REPEATEDHITS,False,False,False,17420,0,30130119168.0,4,ASK,SHORT,1.0
LVS,2026-06-30 17:37:08.720783+00:00,CALL,47.0,2026-07-10,23798,326,326,0,46.325,REPEATEDHITS,False,False,False,0,23798,30130119168.0,10,BID,SHORT,0.5
LVS,2026-06-30 14:33:14.865129+00:00,PUT,40.0,2026-09-18,103887,980,988,618,46.08,REPEATEDHITSASCENDINGFILL,False,False,False,112,103775,30130119168.0,80,BID,LONG,0.5
LVS,2026-06-29 14:48:47.423801+00:00,PUT,45.0,2026-07-10,12899,215,215,46,46.58,REPEATEDHITS,True,False,False,12839,0,30130119168.0,11,ASK,SHORT,1.0
LVS,2026-06-25 14:43:00.832783+00:00,PUT,47.5,2026-07-10,12576,81,81,1,47.02,REPEATEDHITS,True,False,False,12576,0,30130119168.0,15,ASK,SHORT,1.0
LVS,2026-06-24 15:20:34.873411+00:00,PUT,47.5,2026-08-21,106335,417,515,264,48.55,REPEATEDHITS,False,False,False,0,106335,30130119168.0,58,BID,LONG,0.5
LVS,2026-06-23 17:51:48.877149+00:00,CALL,47.5,2026-08-21,14070,42,195,39,48.04,REPEATEDHITS,True,False,False,14070,0,30130119168.0,59,ASK,LONG,1.0
LVS,2026-06-23 15:20:29.206633+00:00,CALL,47.5,2026-06-26,12648,124,126,4,48.02,REPEATEDHITS,False,False,False,0,12648,30130119168.0,3,BID,SHORT,0.5
LVS,2026-06-23 15:20:29.206633+00:00,CALL,47.5,2026-08-21,16830,51,51,39,47.99,REPEATEDHITS,True,False,False,330,13860,30130119168.0,59,BID,SHORT,0.5
LVS,2026-06-23 15:00:16.363656+00:00,CALL,46.5,2026-07-02,12331,59,59,3,48.03,REPEATEDHITS,False,False,False,0,12331,30130119168.0,9,BID,SHORT,0.5
LVS,2026-06-23 14:18:36.749540+00:00,CALL,47.0,2026-06-26,14844,97,97,14,48.19,REPEATEDHITSASCENDINGFILL,False,False,False,0,14844,30130119168.0,3,BID,SHORT,0.5
LVS,2026-06-22 15:55:46.699444+00:00,CALL,47.0,2026-07-02,47716,302,302,0,47.69,REPEATEDHITS,False,False,False,0,47716,30130119168.0,10,BID,SHORT,0.5
LVS,2026-06-18 16:04:52.817422+00:00,PUT,46.5,2026-07-02,10494,198,198,1,48.39,REPEATEDHITS,False,False,False,0,10494,30130119168.0,14,BID,LONG,0.5
LVS,2026-06-18 15:50:42.173493+00:00,PUT,48.5,2026-07-02,12669,103,103,1,48.48,REPEATEDHITS,True,False,False,12669,0,30130119168.0,14,ASK,SHORT,1.0
LVS,2026-06-17 13:37:40.947320+00:00,PUT,35.0,2026-09-18,16830,495,495,395,48.91,REPEATEDHITS,False,False,False,0,16830,30130119168.0,93,BID,LONG,0.5
LVS,2026-06-15 15:26:13.559657+00:00,CALL,49.0,2026-06-18,23387,257,258,20,49.21,REPEATEDHITS,True,False,False,637,22750,30130119168.0,3,BID,SHORT,0.5
LVS,2026-06-12 17:56:42.426371+00:00,CALL,50.0,2026-06-26,99604,673,800,7,50.26,REPEATEDHITS,False,False,False,0,99604,30130119168.0,14,BID,SHORT,0.5
LVS,2026-06-12 17:23:42.510845+00:00,CALL,50.0,2026-06-26,20701,127,127,7,50.3,REPEATEDHITS,False,False,False,20701,0,30130119168.0,14,ASK,LONG,1.0
LVS,2026-06-11 15:52:38.499405+00:00,PUT,52.0,2026-06-18,118131,699,711,115,50.85,FLOORTRADELARGECAP,False,True,False,118131,0,30130119168.0,7,ASK,SHORT,1.0
LVS,2026-06-11 14:52:32.884108+00:00,CALL,55.0,2026-08-21,107835,553,553,247,50.76,REPEATEDHITS,True,False,False,107835,0,30130119168.0,71,ASK,LONG,1.0
LVS,2026-06-08 15:19:02.928057+00:00,PUT,52.5,2026-08-21,195516,416,419,174,50.545,REPEATEDHITS,False,False,False,195516,0,30130119168.0,74,ASK,SHORT,1.0
LVS,2026-06-05 19:59:24.855319+00:00,PUT,49.0,2026-06-12,11547,197,263,18,50.26,REPEATEDHITSASCENDINGFILL,True,False,False,10089,648,30130119168.0,7,ASK,SHORT,1.0
LVS,2026-06-05 14:39:43.344510+00:00,PUT,47.5,2026-07-17,141454,1322,1322,444,50.66,REPEATEDHITS,False,False,False,0,141454,30130119168.0,42,BID,LONG,0.5
LVS,2026-06-04 16:50:58.357853+00:00,CALL,51.0,2026-06-18,87381,657,667,78,50.79,REPEATEDHITS,False,False,False,1330,86051,30130119168.0,14,BID,SHORT,0.5
LVS,2026-06-04 14:50:26.510289+00:00,PUT,52.0,2026-06-18,13809,75,98,23,51.11,REPEATEDHITSASCENDINGFILL,True,False,False,13620,189,30130119168.0,14,ASK,SHORT,1.0
LVS,2026-06-04 14:36:54.662813+00:00,CALL,55.0,2026-08-21,28000,125,146,40,51.16,REPEATEDHITS,False,False,False,28000,0,30130119168.0,78,ASK,LONG,1.0
LVS,2026-06-03 19:23:20.972859+00:00,CALL,52.0,2026-06-12,66220,946,946,54,50.94,REPEATEDHITS,False,False,False,0,66220,30130119168.0,9,BID,SHORT,0.5
LVS,2026-06-02 18:47:25.201302+00:00,PUT,52.5,2026-08-21,49590,114,116,12,51.33,REPEATEDHITS,True,False,False,7395,42195,30130119168.0,80,BID,LONG,0.5
LVS,2026-06-01 19:58:04.560890+00:00,PUT,53.0,2026-06-05,27805,335,694,96,53.325,REPEATEDHITS,False,False,False,7802,0,30130119168.0,4,ASK,SHORT,1.0
LVS,2026-06-01 13:49:49.998972+00:00,CALL,52.0,2026-06-18,52183,213,218,85,52.9789,REPEATEDHITS,True,False,False,52183,0,30130119168.0,17,ASK,LONG,1.0
LVS,2026-05-29 19:28:23.855687+00:00,PUT,49.5,2026-06-18,14190,129,129,107,50.83,REPEATEDHITS,False,False,False,0,14190,30130119168.0,20,BID,LONG,0.5
LVS,2026-05-29 18:29:36.884711+00:00,PUT,51.0,2026-06-18,21375,125,128,31,50.8401,REPEATEDHITS,True,False,False,20178,1197,30130119168.0,20,ASK,SHORT,1.0
LVS,2026-05-29 16:58:13.405992+00:00,PUT,45.0,2027-06-17,101015,227,227,0,50.98,FLOORTRADELARGECAP,False,True,False,101015,0,30130119168.0,384,ASK,SHORT,1.0
LVS,2026-05-29 15:32:37.935533+00:00,CALL,57.5,2026-08-21,57720,390,390,13,50.99,REPEATEDHITS,False,False,False,57720,0,30130119168.0,84,ASK,LONG,1.0
LVS,2026-05-26 15:32:44.222090+00:00,PUT,50.0,2026-08-21,67875,181,181,3,49.93,REPEATEDHITS,False,False,False,67875,0,30130119168.0,87,ASK,SHORT,1.0
LVS,2026-05-26 14:55:06.041445+00:00,PUT,49.5,2026-06-18,15077,99,99,13,49.99,REPEATEDHITSASCENDINGFILL,True,False,False,14469,608,30130119168.0,23,ASK,SHORT,1.0
MA,2026-07-22 15:29:01.044031+00:00,PUT,535.0,2026-07-31,92960,83,83,10,536.4,REPEATEDHITS,True,False,False,0,92960,472108602609.0,9,BID,LONG,0.5
MA,2026-07-21 19:23:31.016281+00:00,PUT,535.0,2026-08-21,209609,137,141,28,539.33,REPEATEDHITS,False,False,False,209609,0,472108602609.0,31,ASK,SHORT,1.0
MA,2026-07-21 17:46:54.668692+00:00,CALL,620.0,2026-11-20,111179,109,114,80,540.575,REPEATEDHITS,False,False,False,110159,1020,472108602609.0,122,ASK,LONG,1.0
MA,2026-07-21 17:17:13.828109+00:00,PUT,537.5,2026-08-21,101640,66,70,1,541.39,REPEATEDHITS,False,False,False,101640,0,472108602609.0,31,ASK,SHORT,1.0
MA,2026-07-21 16:05:48.042095+00:00,PUT,550.0,2026-08-07,274400,140,140,14,540.53,REPEATEDHITS,False,False,False,274400,0,472108602609.0,17,ASK,SHORT,1.0
MA,2026-07-21 14:40:22.218981+00:00,PUT,560.0,2026-07-31,57360,24,29,3,542.07,REPEATEDHITS,False,False,False,11950,45410,472108602609.0,10,BID,LONG,0.5
MA,2026-07-21 14:05:10.945943+00:00,PUT,540.0,2026-08-21,214650,135,138,41,543.55,REPEATEDHITS,False,False,False,214650,0,472108602609.0,31,ASK,SHORT,1.0
MA,2026-07-20 19:36:24.897252+00:00,PUT,540.0,2026-11-20,301040,106,115,70,546.72,REPEATEDHITS,False,False,False,301040,0,472108602609.0,123,ASK,SHORT,1.0
MA,2026-07-20 17:01:29.930706+00:00,PUT,550.0,2026-08-14,252910,136,136,1,545.655,REPEATEDHITSDESCENDINGFILL,True,False,False,247380,5530,472108602609.0,25,ASK,SHORT,1.0
MA,2026-07-20 14:56:58.076809+00:00,CALL,585.0,2026-08-21,158110,268,271,161,544.36,REPEATEDHITS,False,False,False,157530,580,472108602609.0,32,ASK,LONG,1.0
MA,2026-07-17 19:22:34.089662+00:00,PUT,560.0,2026-08-21,373730,133,151,11,542.6792,REPEATEDHITS,False,False,False,373730,0,472108602609.0,35,ASK,SHORT,1.0
MA,2026-07-17 17:55:16.408933+00:00,PUT,545.0,2026-07-24,114080,124,127,68,542.25,REPEATEDHITS,False,False,False,114080,0,472108602609.0,7,ASK,SHORT,1.0
MA,2026-07-17 14:26:49.472130+00:00,CALL,540.0,2026-11-20,482598,118,118,54,544.375,REPEATEDHITSDESCENDINGFILL,False,False,False,482598,0,472108602609.0,126,ASK,LONG,1.0
MA,2026-07-17 14:02:57.038273+00:00,PUT,575.0,2026-11-20,945250,199,199,3,546.16,REPEATEDHITS,False,False,False,779000,166250,472108602609.0,126,ASK,SHORT,1.0
MA,2026-07-16 19:33:03.636698+00:00,CALL,625.0,2026-11-20,261050,227,228,49,548.95,REPEATEDHITS,False,False,False,261050,0,472108602609.0,127,ASK,LONG,1.0
MA,2026-07-16 15:07:44.369800+00:00,PUT,532.5,2026-07-24,142396,500,502,2,547.35,REPEATEDHITSASCENDINGFILL,False,False,False,141300,1096,472108602609.0,8,ASK,SHORT,1.0
MA,2026-07-15 15:03:49.444309+00:00,PUT,560.0,2026-10-16,784157,208,214,6,539.13,REPEATEDHITSDESCENDINGFILL,False,False,False,784157,0,472108602609.0,93,ASK,SHORT,1.0
MA,2026-07-15 14:02:18.696688+00:00,PUT,480.0,2027-06-17,157750,63,63,62,536.725,REPEATEDHITS,False,False,False,20080,137670,472108602609.0,337,BID,LONG,0.5
MA,2026-07-14 13:57:10.508967+00:00,CALL,560.0,2026-07-24,66549,202,228,39,542.155,REPEATEDHITSDESCENDINGFILL,True,False,False,63349,3200,472108602609.0,10,ASK,LONG,1.0
MA,2026-07-13 17:42:59.201002+00:00,CALL,600.0,2026-08-21,137659,405,405,33,539.37,REPEATEDHITSASCENDINGFILL,False,False,False,136979,680,472108602609.0,39,ASK,LONG,1.0
MA,2026-07-13 16:37:38.548404+00:00,CALL,580.0,2026-08-21,256846,443,578,158,536.28,REPEATEDHITSDESCENDINGFILL,True,False,False,249906,6940,472108602609.0,39,ASK,LONG,1.0
MA,2026-07-13 16:18:21.834477+00:00,CALL,515.0,2026-08-28,179970,52,54,0,535.7,REPEATEDHITSASCENDINGFILL,False,False,False,97080,82890,472108602609.0,46,ASK,LONG,1.0
MA,2026-07-13 16:18:21.834477+00:00,CALL,520.0,2026-08-28,53080,17,17,0,535.7,REPEATEDHITSDESCENDINGFILL,False,False,False,9390,43690,472108602609.0,46,BID,SHORT,0.5
MA,2026-07-13 13:53:33.588936+00:00,PUT,475.0,2026-08-21,84397,331,332,182,536.28,REPEATEDHITS,True,False,False,2280,82117,472108602609.0,39,BID,LONG,0.5
MA,2026-07-09 15:34:06.664308+00:00,PUT,480.0,2026-10-16,401250,358,359,118,520.35,REPEATEDHITS,False,False,False,32770,368480,472108602609.0,99,BID,LONG,0.5
MA,2026-07-09 15:11:28.261662+00:00,CALL,517.5,2026-07-17,119391,127,129,7,520.45,REPEATEDHITSASCENDINGFILL,False,False,False,950,118441,472108602609.0,8,BID,SHORT,0.5
MA,2026-07-09 14:05:22.945670+00:00,PUT,507.5,2026-07-17,101955,364,364,77,521.49,REPEATEDHITSASCENDINGFILL,False,False,False,310,101645,472108602609.0,8,BID,LONG,0.5
MA,2026-07-08 15:54:08.446137+00:00,CALL,565.0,2026-10-16,415798,315,337,80,520.98,REPEATEDHITSDESCENDINGFILL,False,False,False,415798,0,472108602609.0,100,ASK,LONG,1.0
MA,2026-07-08 14:34:14.258539+00:00,PUT,515.0,2026-07-17,182395,285,285,280,520.91,REPEATEDHITS,False,False,False,182395,0,472108602609.0,9,ASK,SHORT,1.0
MA,2026-07-07 17:33:43.308945+00:00,PUT,525.0,2026-07-24,335818,386,391,24,531.93,REPEATEDHITS,True,False,False,334078,1740,472108602609.0,17,ASK,SHORT,1.0
MA,2026-07-07 16:14:00.850828+00:00,PUT,535.0,2026-07-10,120891,186,188,26,534.845,REPEATEDHITS,False,False,False,120891,0,472108602609.0,3,ASK,SHORT,1.0
MA,2026-07-06 18:34:27.714919+00:00,PUT,525.0,2026-07-17,92038,156,204,110,533.71,REPEATEDHITSDESCENDINGFILL,False,False,False,92038,0,472108602609.0,11,ASK,SHORT,1.0
MA,2026-07-06 14:18:13.423115+00:00,CALL,525.0,2026-09-18,2138122,761,766,31,526.56,REPEATEDHITSDESCENDINGFILL,True,False,False,2121502,8220,472108602609.0,74,ASK,LONG,1.0
MA,2026-07-06 13:45:33.140345+00:00,PUT,510.0,2026-07-24,177450,273,886,21,525.855,REPEATEDHITS,False,False,False,0,177450,472108602609.0,18,BID,LONG,0.5
MA,2026-07-06 13:45:19.108198+00:00,PUT,510.0,2026-07-24,110500,170,522,21,525.04,REPEATEDHITS,False,False,False,0,110500,472108602609.0,18,BID,LONG,0.5
MA,2026-07-06 13:44:40.609447+00:00,PUT,510.0,2026-07-24,89110,133,133,21,524.145,REPEATEDHITS,False,False,False,0,89110,472108602609.0,18,BID,LONG,0.5
MA,2026-07-02 17:33:13.448721+00:00,CALL,550.0,2026-07-24,55900,86,101,35,535.52,REPEATEDHITS,False,False,False,55900,0,472108602609.0,22,ASK,LONG,1.0
MA,2026-07-02 15:39:05.818994+00:00,PUT,530.0,2026-07-24,115000,115,115,2,534.91,REPEATEDHITS,False,False,False,115000,0,472108602609.0,22,ASK,SHORT,1.0
MA,2026-07-01 18:58:41.777344+00:00,CALL,595.0,2026-10-16,80080,104,125,46,525.215,REPEATEDHITS,False,False,False,80080,0,472108602609.0,107,ASK,LONG,1.0
MA,2026-07-01 18:35:56.982638+00:00,CALL,537.5,2026-07-10,87600,292,312,7,526.14,REPEATEDHITS,False,False,False,44100,23400,472108602609.0,9,ASK,LONG,1.0
MA,2026-07-01 18:15:57.550757+00:00,CALL,585.0,2026-10-16,91200,96,277,26,525.025,REPEATEDHITS,False,False,False,91200,0,472108602609.0,107,ASK,LONG,1.0
MA,2026-07-01 17:53:06.914366+00:00,CALL,585.0,2026-10-16,115408,119,122,26,526.14,REPEATEDHITSDESCENDINGFILL,True,False,False,114448,960,472108602609.0,107,ASK,LONG,1.0
MA,2026-07-01 14:52:42.691161+00:00,PUT,535.0,2026-07-24,103090,61,61,0,526.44,REPEATEDHITS,False,False,False,103090,0,472108602609.0,23,ASK,SHORT,1.0
MA,2026-06-30 16:04:15.725598+00:00,CALL,535.0,2026-07-17,224440,724,1030,549,512.96,REPEATEDHITS,False,False,False,224440,0,472108602609.0,17,ASK,LONG,1.0
MA,2026-06-26 16:22:14.646533+00:00,CALL,530.0,2026-08-21,156750,165,167,64,502.805,REPEATEDHITS,False,False,False,9500,0,472108602609.0,56,ASK,LONG,1.0
MA,2026-06-25 15:51:15.183778+00:00,CALL,500.0,2026-07-10,176700,190,193,39,499.085,REPEATEDHITS,False,False,False,0,176700,472108602609.0,15,BID,SHORT,0.5
MA,2026-06-18 15:38:27.336391+00:00,CALL,500.0,2026-08-21,425498,230,266,134,490.065,REPEATEDHITS,False,False,False,425498,0,472108602609.0,64,ASK,LONG,1.0
MA,2026-06-18 14:08:17.118494+00:00,PUT,475.0,2026-10-16,527180,276,276,101,493.05,REPEATEDHITS,False,False,False,3840,523340,472108602609.0,120,BID,LONG,0.5
MA,2026-06-17 16:03:23.297590+00:00,PUT,505.0,2026-08-21,82800,36,38,27,500.53,REPEATEDHITS,False,False,False,0,82800,472108602609.0,65,BID,LONG,0.5
MA,2026-06-17 15:09:16.755608+00:00,PUT,510.0,2026-08-21,290410,113,113,9,500.42,REPEATEDHITS,False,False,False,0,290410,472108602609.0,65,BID,LONG,0.5
MCHP,2026-07-22 15:39:24.398418+00:00,CALL,83.0,2026-07-31,75602,140,190,12,84.99,REPEATEDHITS,True,False,False,0,75602,45198570450.0,9,BID,SHORT,0.5
MCHP,2026-07-22 15:34:33.075117+00:00,CALL,110.0,2026-10-16,102799,257,258,181,85.13,REPEATEDHITS,False,False,False,102799,0,45198570450.0,86,ASK,LONG,1.0
MCHP,2026-07-22 14:00:45.740253+00:00,PUT,85.0,2026-07-24,206298,529,588,37,83.34,REPEATEDHITSDESCENDINGFILL,True,False,False,202788,3510,45198570450.0,2,ASK,SHORT,1.0
MCHP,2026-07-21 18:06:56.260305+00:00,PUT,77.5,2026-10-16,260773,322,341,159,83.095,REPEATEDHITSDESCENDINGFILL,True,False,False,259963,810,45198570450.0,87,ASK,SHORT,1.0
MCHP,2026-07-20 19:05:13.249835+00:00,PUT,52.5,2026-09-18,42246,384,828,172,80.91,REPEATEDHITS,False,False,False,0,42246,45198570450.0,60,BID,LONG,0.5
MCHP,2026-07-20 17:36:06.695356+00:00,PUT,87.5,2028-01-21,12650,5,5,3,81.694,REPEATEDHITS,False,False,False,7590,5060,45198570450.0,550,ASK,SHORT,1.0
MCHP,2026-07-20 16:58:56.350391+00:00,PUT,52.5,2026-09-18,33211,332,403,172,81.71,REPEATEDHITSASCENDINGFILL,False,False,False,5000,28211,45198570450.0,60,BID,LONG,0.5
MCHP,2026-07-20 15:04:20.184503+00:00,PUT,77.5,2026-08-21,1271668,2231,2240,309,81.44,REPEATEDHITS,False,False,False,1271668,0,45198570450.0,32,ASK,SHORT,1.0
MCHP,2026-07-17 15:24:54.827664+00:00,CALL,125.0,2026-09-18,62163,1035,1035,234,79.44,REPEATEDHITS,False,False,False,0,62163,45198570450.0,63,BID,SHORT,0.5
MCHP,2026-07-16 19:26:12.840451+00:00,CALL,95.0,2026-07-31,18190,214,223,54,81.3,REPEATEDHITS,False,False,False,0,18190,45198570450.0,15,BID,SHORT,0.5
MCHP,2026-07-16 18:48:12.910016+00:00,PUT,85.0,2026-07-24,12720,24,28,23,81.97,REPEATEDHITS,False,False,False,1590,11130,45198570450.0,8,BID,LONG,0.5
MCHP,2026-07-16 17:32:32.908062+00:00,CALL,80.0,2026-10-16,49610,41,42,7,81.97,REPEATEDHITS,False,False,False,49610,0,45198570450.0,92,ASK,LONG,1.0
MCHP,2026-07-16 17:05:46.493118+00:00,PUT,74.0,2026-07-31,65340,396,400,28,82.24,REPEATEDHITS,False,False,False,65340,0,45198570450.0,15,ASK,SHORT,1.0
MCHP,2026-07-16 15:32:58.190181+00:00,PUT,60.0,2028-01-21,47940,47,47,12,83.15,REPEATEDHITS,False,False,False,0,47940,45198570450.0,554,BID,LONG,0.5
MCHP,2026-07-16 15:00:30.826046+00:00,CALL,82.5,2026-10-16,336297,285,285,15,83.62,REPEATEDHITSDESCENDINGFILL,False,False,False,336297,0,45198570450.0,92,ASK,LONG,1.0
MCHP,2026-07-16 14:40:28.578745+00:00,PUT,82.5,2026-10-16,420228,412,412,240,83.685,REPEATEDHITSDESCENDINGFILL,False,False,False,420228,0,45198570450.0,92,ASK,SHORT,1.0
MCHP,2026-07-15 18:58:45.992465+00:00,PUT,77.5,2026-08-21,139368,303,308,19,85.07,REPEATEDHITSDESCENDINGFILL,False,False,False,139368,0,45198570450.0,37,ASK,SHORT,1.0
MCHP,2026-07-15 18:24:15.499883+00:00,CALL,97.5,2026-12-18,37660,37,39,23,85.91,REPEATEDHITSDESCENDINGFILL,False,False,False,9180,8080,45198570450.0,156,ASK,LONG,1.0
MCHP,2026-07-15 18:14:45.380671+00:00,PUT,72.5,2026-10-16,130000,250,282,78,85.755,REPEATEDHITS,False,False,False,0,130000,45198570450.0,93,BID,LONG,0.5
MCHP,2026-07-15 17:05:29.347659+00:00,PUT,85.0,2026-08-14,11540,16,25,0,84.605,REPEATEDHITSDESCENDINGFILL,False,False,False,10080,1460,45198570450.0,30,ASK,SHORT,1.0
MCHP,2026-07-15 15:54:27.070419+00:00,CALL,95.0,2026-07-24,30305,319,455,47,84.97,REPEATEDHITS,False,False,False,0,30305,45198570450.0,9,BID,SHORT,0.5
MCHP,2026-07-15 14:49:42.721526+00:00,CALL,86.0,2026-08-14,14250,19,22,0,85.735,REPEATEDHITS,False,False,False,14250,0,45198570450.0,30,ASK,LONG,1.0
MCHP,2026-07-15 14:23:44.838978+00:00,PUT,91.0,2026-08-14,25750,25,25,0,85.75,REPEATEDHITS,True,False,False,25750,0,45198570450.0,30,ASK,SHORT,1.0
MCHP,2026-07-15 14:20:21.119112+00:00,CALL,95.0,2026-07-24,13135,101,101,47,86.49,REPEATEDHITS,False,False,False,0,13135,45198570450.0,9,BID,SHORT,0.5
MCHP,2026-07-15 13:58:20.651759+00:00,PUT,88.0,2026-07-17,15080,58,58,49,87.15,REPEATEDHITS,False,False,False,0,15080,45198570450.0,2,BID,LONG,0.5
MCHP,2026-07-15 13:46:31.806311+00:00,CALL,125.0,2028-12-15,65890,31,48,0,86.475,REPEATEDHITSDESCENDINGFILL,True,False,False,0,57370,45198570450.0,884,BID,SHORT,0.5
MCHP,2026-07-14 18:34:39.147959+00:00,CALL,90.0,2026-07-24,63030,197,197,27,87.48,REPEATEDHITSDESCENDINGFILL,False,False,False,63030,0,45198570450.0,10,ASK,LONG,1.0
MCHP,2026-07-14 18:34:39.147959+00:00,CALL,98.0,2026-07-24,24675,235,235,10,87.48,REPEATEDHITS,False,False,False,24675,0,45198570450.0,10,ASK,LONG,1.0
MCHP,2026-07-14 18:34:39.147959+00:00,PUT,90.0,2026-07-24,23520,42,42,29,87.48,REPEATEDHITS,False,False,False,23520,0,45198570450.0,10,ASK,SHORT,1.0
MCHP,2026-07-14 16:02:44.816681+00:00,PUT,95.0,2026-09-18,458795,310,629,221,87.31,REPEATEDHITS,False,False,False,458795,0,45198570450.0,66,ASK,SHORT,1.0
MCHP,2026-07-14 15:59:08.746392+00:00,PUT,67.5,2028-01-21,13860,11,11,2,87.51,REPEATEDHITS,False,False,False,0,13860,45198570450.0,556,BID,LONG,0.5
MCHP,2026-07-14 15:41:54.239379+00:00,PUT,87.5,2026-08-21,276328,337,351,161,87.65,REPEATEDHITSDESCENDINGFILL,False,False,False,276328,0,45198570450.0,38,ASK,SHORT,1.0
MCHP,2026-07-14 14:38:23.262590+00:00,PUT,95.0,2026-09-18,472102,319,319,221,87.1,REPEATEDHITSDESCENDINGFILL,False,False,False,470632,1470,45198570450.0,66,ASK,SHORT,1.0
MCHP,2026-07-13 17:45:07.346254+00:00,PUT,73.0,2026-07-24,22872,305,307,0,84.36,REPEATEDHITS,False,False,False,22872,0,45198570450.0,11,ASK,SHORT,1.0
MCHP,2026-07-10 15:03:49.300125+00:00,CALL,130.0,2026-08-14,14085,313,686,0,88.37,REPEATEDHITS,False,False,False,0,14085,45198570450.0,35,BID,SHORT,0.5
MCHP,2026-07-09 14:29:13.855987+00:00,PUT,92.5,2026-08-21,240890,221,234,175,88.995,REPEATEDHITS,False,False,False,240890,0,45198570450.0,43,ASK,SHORT,1.0
MCHP,2026-07-08 18:05:03.018865+00:00,CALL,86.0,2026-08-07,86940,117,118,59,85.73,REPEATEDHITSDESCENDINGFILL,False,False,False,13680,73260,45198570450.0,30,BID,SHORT,0.5
MCHP,2026-07-08 18:05:03.018865+00:00,PUT,87.0,2026-08-07,380130,480,480,47,85.73,REPEATEDHITSDESCENDINGFILL,False,False,False,70400,308930,45198570450.0,30,BID,LONG,0.5
MCHP,2026-07-08 18:05:03.018865+00:00,CALL,85.0,2026-08-07,83412,103,110,31,85.73,REPEATEDHITS,False,False,False,69642,13770,45198570450.0,30,ASK,LONG,1.0
MCHP,2026-07-08 18:05:03.018865+00:00,CALL,87.0,2026-08-07,68518,97,98,55,85.73,REPEATEDHITSDESCENDINGFILL,False,False,False,44008,24510,45198570450.0,30,ASK,LONG,1.0
MCHP,2026-07-08 17:45:44.595088+00:00,CALL,86.0,2026-07-17,22320,62,63,0,85.5,REPEATEDHITS,True,False,False,360,21960,45198570450.0,9,BID,SHORT,0.5
MCHP,2026-07-08 17:21:53.014319+00:00,PUT,81.0,2026-07-31,194220,498,498,69,85.565,REPEATEDHITS,False,False,False,0,194220,45198570450.0,23,BID,LONG,0.5
MCHP,2026-07-08 15:53:10.157426+00:00,CALL,81.0,2026-07-17,17680,34,34,0,83.485,REPEATEDHITS,True,False,False,0,17680,45198570450.0,9,BID,SHORT,0.5
MCHP,2026-07-07 19:17:16.135208+00:00,PUT,75.0,2026-07-10,15120,504,505,27,83.15,REPEATEDHITS,False,False,False,15120,0,45198570450.0,3,ASK,SHORT,1.0
MCHP,2026-07-07 19:01:42.981042+00:00,PUT,87.0,2026-08-07,17100,19,22,17,83.45,REPEATEDHITS,False,False,False,17100,0,45198570450.0,31,ASK,SHORT,1.0
MCHP,2026-07-06 17:00:21.829414+00:00,PUT,88.0,2026-07-31,224398,374,378,62,88.52,REPEATEDHITS,False,False,False,224398,0,45198570450.0,25,ASK,SHORT,1.0
MCHP,2026-07-06 16:35:35.156112+00:00,PUT,97.5,2026-08-21,583437,408,410,60,88.875,REPEATEDHITS,False,False,False,583437,0,45198570450.0,46,ASK,SHORT,1.0
MCHP,2026-07-02 19:28:36.857249+00:00,PUT,96.0,2026-07-02,92250,75,75,1,83.57,REPEATEDHITS,False,False,False,61500,30750,45198570450.0,0,ASK,SHORT,1.0
MCHP,2026-07-02 18:25:54.635780+00:00,PUT,83.0,2026-08-07,46240,68,72,0,83.74,REPEATEDHITS,False,False,False,46240,0,45198570450.0,36,ASK,SHORT,1.0
MCHP,2026-07-02 17:08:47.391381+00:00,PUT,65.0,2026-08-21,90055,474,474,40,83.89,REPEATEDHITSDESCENDINGFILL,False,False,False,90055,0,45198570450.0,50,ASK,SHORT,1.0
MDB,2026-07-22 15:10:14.960346+00:00,PUT,267.5,2026-07-31,10465,35,38,5,302.23,REPEATEDHITS,False,False,False,10465,0,24744882342.0,9,ASK,SHORT,1.0
MDB,2026-07-22 14:22:12.961423+00:00,CALL,400.0,2026-08-07,33581,365,450,44,301.69,REPEATEDHITS,False,False,False,93,33488,24744882342.0,16,BID,SHORT,0.5
MDB,2026-07-22 14:05:39.531307+00:00,PUT,305.0,2026-08-21,13800,5,5,2,299.43,REPEATEDHITS,True,False,False,0,13800,24744882342.0,30,BID,LONG,0.5
MDB,2026-07-22 13:41:07.430948+00:00,PUT,290.0,2026-08-28,75000,30,30,2,299.29,REPEATEDHITS,False,False,False,50000,25000,24744882342.0,37,ASK,SHORT,1.0
MDB,2026-07-22 13:40:20.734941+00:00,PUT,295.0,2026-08-14,95880,46,46,28,297.46,REPEATEDHITSDESCENDINGFILL,True,False,False,53830,42050,24744882342.0,23,ASK,SHORT,1.0
MDB,2026-07-22 13:40:20.734941+00:00,PUT,305.0,2026-08-14,184705,71,83,5,298.445,REPEATEDHITSASCENDINGFILL,True,False,False,145890,38815,24744882342.0,23,ASK,SHORT,1.0
MDB,2026-07-22 13:40:20.734941+00:00,PUT,300.0,2026-08-14,248285,106,106,20,298.445,REPEATEDHITS,True,False,False,128510,119775,24744882342.0,23,ASK,SHORT,1.0
MDB,2026-07-22 13:40:20.734941+00:00,PUT,310.0,2026-08-14,209145,72,72,47,298.445,REPEATEDHITSDESCENDINGFILL,False,False,False,104760,104385,24744882342.0,23,ASK,SHORT,1.0
MDB,2026-07-21 19:30:57.551339+00:00,CALL,350.0,2026-08-07,58515,83,461,34,307.89,REPEATEDHITS,False,False,False,0,58515,24744882342.0,17,BID,SHORT,0.5
MDB,2026-07-21 18:47:54.503016+00:00,CALL,520.0,2026-09-18,152578,442,445,190,309.02,REPEATEDHITSASCENDINGFILL,True,False,False,760,151118,24744882342.0,59,BID,SHORT,0.5
MDB,2026-07-21 17:54:05.201820+00:00,CALL,365.0,2026-08-28,40950,30,36,24,308.16,REPEATEDHITS,False,False,False,39585,1365,24744882342.0,38,ASK,LONG,1.0
MDB,2026-07-21 16:18:03.392674+00:00,PUT,300.0,2026-07-31,160250,148,155,55,311.61,REPEATEDHITSDESCENDINGFILL,True,False,False,86985,73265,24744882342.0,10,ASK,SHORT,1.0
MDB,2026-07-21 16:18:03.392674+00:00,PUT,295.0,2026-07-31,203620,231,235,105,311.625,REPEATEDHITSASCENDINGFILL,True,False,False,112940,90680,24744882342.0,10,ASK,SHORT,1.0
MDB,2026-07-21 16:18:03.392674+00:00,PUT,297.5,2026-07-31,13550,14,14,2,311.625,REPEATEDHITSDESCENDINGFILL,False,False,False,6765,6785,24744882342.0,10,BID,LONG,0.5
MDB,2026-07-21 16:18:03.392674+00:00,PUT,302.5,2026-07-31,31310,27,27,0,311.61,REPEATEDHITSDESCENDINGFILL,True,False,False,28995,2315,24744882342.0,10,ASK,SHORT,1.0
MDB,2026-07-21 15:23:56.273343+00:00,CALL,317.5,2026-07-24,36801,33,40,8,320.43,REPEATEDHITSDESCENDINGFILL,False,False,False,1120,35681,24744882342.0,3,BID,SHORT,0.5
MDB,2026-07-21 14:55:20.098637+00:00,PUT,255.0,2026-08-07,10535,49,53,48,324.76,REPEATEDHITS,False,False,False,0,10535,24744882342.0,17,BID,LONG,0.5
MDB,2026-07-21 14:15:37.356769+00:00,CALL,337.5,2026-08-21,34880,16,16,10,324.675,REPEATEDHITS,True,False,False,0,34880,24744882342.0,31,BID,SHORT,0.5
MDB,2026-07-21 13:31:18.089197+00:00,CALL,355.0,2026-08-21,12240,8,9,5,322.19,REPEATEDHITS,False,False,False,10710,1530,24744882342.0,31,ASK,LONG,1.0
MDB,2026-07-20 17:46:06.975352+00:00,PUT,357.5,2026-07-31,66140,18,18,0,327.27,REPEATEDHITS,True,False,False,62465,3675,24744882342.0,11,ASK,SHORT,1.0
MDB,2026-07-20 16:49:44.922072+00:00,PUT,270.0,2026-08-28,78065,73,87,20,328.815,REPEATEDHITSDESCENDINGFILL,True,False,False,28400,49665,24744882342.0,39,BID,LONG,0.5
MDB,2026-07-20 16:45:16.778327+00:00,CALL,330.0,2026-07-31,150610,91,93,59,327.87,REPEATEDHITS,True,False,False,26480,124130,24744882342.0,11,BID,SHORT,0.5
MDB,2026-07-20 16:35:06.812331+00:00,CALL,317.5,2026-08-07,39275,14,14,0,329.3,REPEATEDHITS,True,False,False,0,39275,24744882342.0,18,BID,SHORT,0.5
MDB,2026-07-20 16:34:00.913030+00:00,CALL,305.0,2026-08-21,42285,10,44,0,329.705,REPEATEDHITSASCENDINGFILL,False,False,False,4230,38055,24744882342.0,32,BID,SHORT,0.5
MDB,2026-07-20 16:33:55.308701+00:00,CALL,305.0,2026-08-21,84350,20,26,0,329.705,REPEATEDHITSASCENDINGFILL,True,False,False,54915,29435,24744882342.0,32,ASK,LONG,1.0
MDB,2026-07-20 14:47:25.712557+00:00,CALL,415.0,2026-08-07,30176,164,206,22,324.86,REPEATEDHITS,False,False,False,0,30176,24744882342.0,18,BID,SHORT,0.5
MDB,2026-07-20 14:30:24.294327+00:00,PUT,325.0,2026-08-21,16380,6,6,0,323.58,REPEATEDHITS,True,False,False,0,16380,24744882342.0,32,BID,LONG,0.5
MDB,2026-07-20 14:30:24.294327+00:00,PUT,332.5,2026-08-21,34490,11,21,0,323.58,REPEATEDHITS,True,False,False,9315,25175,24744882342.0,32,BID,LONG,0.5
MDB,2026-07-20 14:30:24.294327+00:00,PUT,327.5,2026-08-21,60252,21,31,0,323.58,REPEATEDHITS,True,False,False,2845,57407,24744882342.0,32,BID,LONG,0.5
MDB,2026-07-20 14:27:31.606180+00:00,CALL,312.5,2026-07-24,217135,127,127,13,322.12,REPEATEDHITS,True,False,False,84310,132825,24744882342.0,4,BID,SHORT,0.5
MDB,2026-07-17 18:33:06.652440+00:00,PUT,297.5,2026-07-24,14545,31,61,8,316.705,REPEATEDHITSASCENDINGFILL,True,False,False,930,13615,24744882342.0,7,BID,LONG,0.5
MDB,2026-07-17 18:10:40.560412+00:00,CALL,312.5,2026-07-24,11813,8,13,0,318.32,REPEATEDHITSASCENDINGFILL,False,False,False,1510,10303,24744882342.0,7,BID,SHORT,0.5
MDB,2026-07-17 17:10:52.625103+00:00,CALL,327.5,2026-07-31,100445,71,72,1,318.95,REPEATEDHITS,True,False,False,99050,1395,24744882342.0,14,ASK,LONG,1.0
MDB,2026-07-17 14:08:17.157978+00:00,CALL,450.0,2026-08-14,20838,151,265,39,319.4,REPEATEDHITS,True,False,False,0,20838,24744882342.0,28,BID,SHORT,0.5
MDB,2026-07-17 13:48:51.943856+00:00,CALL,335.0,2026-07-24,61050,90,99,17,320.195,REPEATEDHITSDESCENDINGFILL,True,False,False,28095,32955,24744882342.0,7,BID,SHORT,0.5
MDB,2026-07-16 19:44:35.972028+00:00,CALL,400.0,2026-07-31,20700,90,97,65,328.285,REPEATEDHITS,False,False,False,0,20700,24744882342.0,15,BID,SHORT,0.5
MDB,2026-07-16 19:43:44.838428+00:00,CALL,370.0,2026-07-31,66990,115,158,31,328.97,REPEATEDHITSDESCENDINGFILL,True,False,False,33935,33055,24744882342.0,15,ASK,LONG,1.0
MDB,2026-07-16 16:49:45.708491+00:00,PUT,332.5,2026-07-31,20050,10,10,1,328.52,REPEATEDHITS,True,False,False,0,20050,24744882342.0,15,BID,LONG,0.5
MDB,2026-07-16 16:27:05.942869+00:00,CALL,335.0,2026-08-07,84263,44,53,30,327.73,REPEATEDHITSDESCENDINGFILL,True,False,False,28643,55620,24744882342.0,22,BID,SHORT,0.5
MDB,2026-07-16 14:56:18.301130+00:00,CALL,332.5,2026-07-17,16470,61,62,28,324.49,REPEATEDHITS,False,False,False,0,16470,24744882342.0,1,BID,SHORT,0.5
MDB,2026-07-16 14:21:20.830962+00:00,CALL,460.0,2026-08-14,18369,117,119,91,322.5,REPEATEDHITS,False,False,False,0,18369,24744882342.0,29,BID,SHORT,0.5
MDB,2026-07-15 14:04:36.536711+00:00,PUT,360.0,2027-01-15,805190,104,116,16,343.415,REPEATEDHITSASCENDINGFILL,False,False,False,797475,7715,24744882342.0,184,ASK,SHORT,1.0
MDB,2026-07-15 13:32:47.050074+00:00,CALL,310.0,2026-08-28,53910,9,10,2,349.03,REPEATEDHITS,True,False,False,5990,47920,24744882342.0,44,BID,SHORT,0.5
MDB,2026-07-14 17:18:32.754766+00:00,CALL,380.0,2026-08-21,121102,66,90,62,343.6111,REPEATEDHITSASCENDINGFILL,True,False,False,33013,88089,24744882342.0,38,BID,SHORT,0.5
MDB,2026-07-14 15:37:01.773632+00:00,PUT,357.5,2026-07-17,15570,9,10,1,345.3,REPEATEDHITS,True,False,False,0,15570,24744882342.0,3,BID,LONG,0.5
MDB,2026-07-14 13:44:25.678270+00:00,PUT,245.0,2026-08-07,10905,59,59,19,332.97,REPEATEDHITSASCENDINGFILL,False,False,False,186,10719,24744882342.0,24,BID,LONG,0.5
MDB,2026-07-14 13:38:47.014865+00:00,CALL,322.5,2026-07-17,17195,12,24,8,329.29,REPEATEDHITSDESCENDINGFILL,True,False,False,15765,1430,24744882342.0,3,ASK,LONG,1.0
MDB,2026-07-13 19:52:39.138074+00:00,PUT,307.5,2026-07-17,39173,280,304,117,337.05,REPEATEDHITSASCENDINGFILL,True,False,False,20273,18900,24744882342.0,4,ASK,SHORT,1.0
MDB,2026-07-13 19:24:08.766111+00:00,CALL,395.0,2026-08-14,13820,13,15,12,340.64,REPEATEDHITS,False,False,False,13820,0,24744882342.0,32,ASK,LONG,1.0
MDB,2026-07-13 18:52:22.701247+00:00,CALL,305.0,2026-08-28,30355,5,12,0,345.3,REPEATEDHITSASCENDINGFILL,True,False,False,0,30355,24744882342.0,46,BID,SHORT,0.5
MGM,2026-07-21 19:36:08.735470+00:00,PUT,43.0,2026-07-31,18000,300,400,22,46.04,REPEATEDHITS,True,False,False,120,6780,11684725902.0,10,BID,LONG,0.5
MGM,2026-07-20 14:15:29.005807+00:00,CALL,47.5,2026-07-24,14001,400,504,3,46.6047,REPEATEDHITS,False,False,False,0,14001,11684725902.0,4,BID,SHORT,0.5
MGM,2026-07-15 15:49:22.842030+00:00,CALL,46.0,2026-09-18,83490,253,271,161,46.7,REPEATEDHITS,False,False,False,990,82500,11684725902.0,65,BID,SHORT,0.5
MGM,2026-07-06 18:55:09.898391+00:00,CALL,60.0,2027-06-17,46125,225,225,0,46.47,REPEATEDHITS,True,False,False,46125,0,11684725902.0,346,ASK,LONG,1.0
MGM,2026-07-02 19:42:41.376132+00:00,CALL,47.5,2026-07-10,17500,250,501,5,47.03,REPEATEDHITS,False,False,False,0,17500,11684725902.0,8,BID,SHORT,0.5
MGM,2026-07-01 17:45:45.204823+00:00,CALL,65.0,2027-06-17,11550,105,205,0,47.64,REPEATEDHITS,True,False,False,10780,0,11684725902.0,351,ASK,LONG,1.0
MGM,2026-06-30 18:20:43.186730+00:00,CALL,48.0,2026-07-10,12600,120,340,6,47.85,REPEATEDHITS,False,False,False,0,2205,11684725902.0,10,BID,SHORT,0.5
MGM,2026-06-30 18:13:12.801796+00:00,CALL,48.0,2026-07-10,10900,109,112,6,47.8,REPEATEDHITS,False,False,False,600,2600,11684725902.0,10,BID,SHORT,0.5
MGM,2026-06-24 19:41:42.113135+00:00,CALL,49.0,2026-08-21,16500,100,100,61,47.065,REPEATEDHITS,False,False,False,0,165,11684725902.0,58,BID,SHORT,0.5
MGM,2026-06-18 19:36:50.728318+00:00,CALL,47.5,2026-06-26,27420,457,542,60,46.98,REPEATEDHITS,False,False,False,2400,25020,11684725902.0,8,BID,SHORT,0.5
MGM,2026-06-17 19:25:51.849106+00:00,CALL,45.0,2026-08-21,57540,137,992,85,47.08,REPEATEDHITS,False,False,False,3780,53760,11684725902.0,65,BID,SHORT,0.5
MGM,2026-06-17 19:21:12.773107+00:00,CALL,45.0,2026-08-21,43680,104,851,85,47.11,REPEATEDHITS,False,False,False,10080,33600,11684725902.0,65,BID,SHORT,0.5
MGM,2026-06-17 18:03:55.378297+00:00,CALL,45.0,2026-08-21,63420,151,721,85,47.21,REPEATEDHITS,True,False,False,31920,31500,11684725902.0,65,ASK,LONG,1.0
MGM,2026-06-16 14:59:45.017442+00:00,PUT,49.0,2026-08-21,11340,42,80,18,48.18,REPEATEDHITS,True,False,False,6750,4590,11684725902.0,66,ASK,SHORT,1.0
MGM,2026-06-02 19:27:57.669341+00:00,PUT,45.0,2026-09-18,30505,168,327,95,48.78,REPEATEDHITS,False,False,False,0,30505,11684725902.0,108,BID,LONG,0.5
MGM,2026-06-01 19:57:01.157341+00:00,CALL,50.0,2026-06-05,22770,207,1892,2,50.7503,REPEATEDHITS,False,False,False,13640,8690,11684725902.0,4,ASK,LONG,1.0
MGM,2026-06-01 13:48:14.921678+00:00,CALL,49.0,2026-06-18,15390,114,370,30,49.0,REPEATEDHITS,True,False,False,15390,0,11684725902.0,17,ASK,LONG,1.0
MGM,2026-06-01 13:47:41.538211+00:00,CALL,50.0,2026-06-05,29250,650,825,2,48.82,REPEATEDHITS,False,False,False,29250,0,11684725902.0,4,ASK,LONG,1.0
MGM,2026-05-29 17:30:42.417869+00:00,PUT,40.0,2026-07-17,27075,285,319,151,44.135,REPEATEDHITS,False,False,False,0,27075,11684725902.0,49,BID,LONG,0.5
MGM,2026-05-29 15:54:00.658950+00:00,CALL,46.0,2026-06-18,18750,250,1525,65,43.8,REPEATEDHITS,False,False,False,18750,0,11684725902.0,20,ASK,LONG,1.0
MGM,2026-05-28 17:52:26.738151+00:00,CALL,43.5,2026-05-29,10110,337,349,12,43.18,REPEATEDHITS,False,False,False,10110,0,11684725902.0,1,ASK,LONG,1.0
MGM,2026-05-28 17:35:23.724415+00:00,CALL,47.0,2026-07-17,29715,283,296,27,42.96,REPEATEDHITS,False,False,False,29715,0,11684725902.0,50,ASK,LONG,1.0
MGM,2026-05-28 15:03:07.961908+00:00,CALL,50.0,2026-09-18,122680,818,828,440,42.74,REPEATEDHITSDESCENDINGFILL,False,False,False,122680,0,11684725902.0,113,ASK,LONG,1.0
MGM,2026-05-28 14:45:46.684303+00:00,CALL,42.5,2026-06-18,11385,69,71,14,42.62,REPEATEDHITS,True,False,False,11385,0,11684725902.0,21,ASK,LONG,1.0
MGM,2026-05-28 14:41:35.725432+00:00,CALL,55.0,2027-01-15,83655,429,429,117,42.485,REPEATEDHITS,True,False,False,83655,0,11684725902.0,232,ASK,LONG,1.0
MGM,2026-05-28 13:54:47.005665+00:00,PUT,40.5,2026-06-18,80935,952,952,0,42.01,REPEATEDHITSASCENDINGFILL,False,False,False,0,80935,11684725902.0,21,BID,LONG,0.5
MGM,2026-05-27 18:24:12.162824+00:00,CALL,44.0,2026-08-21,355950,1369,1392,0,41.97,REPEATEDHITS,False,False,False,0,355950,11684725902.0,86,BID,SHORT,0.5
MGM,2026-05-27 18:08:19.639633+00:00,CALL,40.5,2026-06-05,10402,52,94,8,41.95,REPEATEDHITS,True,False,False,0,10402,11684725902.0,9,BID,SHORT,0.5
MGM,2026-05-27 16:37:11.042338+00:00,PUT,42.5,2026-06-05,16445,143,158,0,42.36,REPEATEDHITS,True,False,False,12880,0,11684725902.0,9,ASK,SHORT,1.0
MGM,2026-05-27 16:14:59.515347+00:00,CALL,41.5,2026-05-29,13770,102,188,22,42.57,REPEATEDHITS,False,False,False,0,13770,11684725902.0,2,BID,SHORT,0.5
MGM,2026-05-27 14:17:29.270414+00:00,CALL,40.0,2026-06-26,26040,84,86,22,41.905,REPEATEDHITS,True,False,False,0,26040,11684725902.0,30,BID,SHORT,0.5
MGM,2026-05-26 15:37:48.799267+00:00,PUT,38.0,2026-05-29,32245,717,717,130,38.4701,REPEATEDHITSDESCENDINGFILL,False,False,False,28105,0,11684725902.0,3,ASK,SHORT,1.0
MGM,2026-05-22 19:36:25.446332+00:00,CALL,37.5,2026-05-29,52500,350,350,53,38.62,REPEATEDHITS,False,False,False,39300,13200,11684725902.0,7,ASK,LONG,1.0
MGM,2026-05-22 19:28:57.604415+00:00,PUT,37.5,2026-05-29,20000,500,501,63,38.37,REPEATEDHITS,False,False,False,2400,17600,11684725902.0,7,BID,LONG,0.5
MRVL,2026-07-22 15:06:40.277936+00:00,CALL,420.0,2027-02-19,384000,200,200,20,214.7132,REPEATEDHITS,False,False,False,0,230400,181923408000.0,212,BID,SHORT,0.5
MRVL,2026-07-22 13:33:02.903680+00:00,PUT,215.0,2026-08-28,196280,61,61,45,205.29,REPEATEDHITSASCENDINGFILL,True,False,False,6440,189840,181923408000.0,37,BID,LONG,0.5
MRVL,2026-07-21 14:10:03.510793+00:00,CALL,192.5,2026-08-21,160610,56,58,11,203.3,REPEATEDHITSDESCENDINGFILL,True,False,False,97540,63070,181923408000.0,31,ASK,LONG,1.0
MRVL,2026-07-21 14:04:05.631242+00:00,CALL,200.0,2026-08-14,269095,115,129,106,204.9999,REPEATEDHITS,True,False,False,175495,93600,181923408000.0,24,ASK,LONG,1.0
MRVL,2026-07-20 19:14:49.142474+00:00,CALL,200.0,2026-08-14,106810,59,106,41,195.01,REPEATEDHITSASCENDINGFILL,True,False,False,3630,103180,181923408000.0,25,BID,SHORT,0.5
MRVL,2026-07-20 17:45:11.103239+00:00,CALL,197.5,2026-07-31,345450,235,345,21,196.85,REPEATEDHITS,False,False,False,345450,0,181923408000.0,11,ASK,LONG,1.0
MRVL,2026-07-20 16:44:27.317510+00:00,CALL,185.0,2026-07-24,379154,198,448,161,199.41,REPEATEDHITSDESCENDINGFILL,False,False,False,379154,0,181923408000.0,4,ASK,LONG,1.0
MRVL,2026-07-20 16:22:17.539101+00:00,PUT,205.0,2026-08-21,85470,34,44,0,201.28,REPEATEDHITSDESCENDINGFILL,True,False,False,80430,5040,181923408000.0,32,ASK,SHORT,1.0
MRVL,2026-07-20 16:21:57.511587+00:00,CALL,255.0,2026-08-21,65125,78,485,0,201.28,REPEATEDHITS,False,False,False,65125,0,181923408000.0,32,ASK,LONG,1.0
MRVL,2026-07-20 16:21:53.698147+00:00,CALL,255.0,2026-08-21,99345,119,330,0,201.37,REPEATEDHITSASCENDINGFILL,True,False,False,66160,33185,181923408000.0,32,ASK,LONG,1.0
MRVL,2026-07-20 16:21:48.887703+00:00,CALL,255.0,2026-08-21,144030,173,211,0,201.54,REPEATEDHITS,False,False,False,76380,67650,181923408000.0,32,ASK,LONG,1.0
MRVL,2026-07-20 15:36:27.028477+00:00,CALL,212.5,2026-07-31,545098,532,568,52,201.02,REPEATEDHITS,True,False,False,393195,151903,181923408000.0,11,ASK,LONG,1.0
MRVL,2026-07-20 15:30:22.674990+00:00,CALL,225.0,2026-08-21,52860,40,85,0,199.78,REPEATEDHITS,False,False,False,37380,15480,181923408000.0,32,ASK,LONG,1.0
MRVL,2026-07-20 15:24:05.214619+00:00,PUT,150.0,2026-08-07,302803,1037,1154,254,199.2,REPEATEDHITS,False,False,False,302512,291,181923408000.0,18,ASK,SHORT,1.0
MRVL,2026-07-20 15:17:41.289293+00:00,PUT,152.5,2026-07-31,265665,1296,1315,36,198.835,REPEATEDHITSDESCENDINGFILL,False,False,False,265471,194,181923408000.0,11,ASK,SHORT,1.0
MRVL,2026-07-20 14:15:04.163952+00:00,PUT,155.0,2026-08-21,2318404,3770,3778,3075,195.33,REPEATEDHITSDESCENDINGFILL,True,False,False,2317184,1220,181923408000.0,32,ASK,SHORT,1.0
MRVL,2026-07-20 14:15:04.163952+00:00,PUT,207.5,2026-08-21,232370,83,84,0,195.42,REPEATEDHITSASCENDINGFILL,True,False,False,139990,92380,181923408000.0,32,ASK,SHORT,1.0
MRVL,2026-07-20 13:36:28.905629+00:00,CALL,202.5,2026-08-21,53015,28,28,0,196.4,REPEATEDHITSDESCENDINGFILL,True,False,False,28415,24600,181923408000.0,32,ASK,LONG,1.0
MRVL,2026-07-20 13:33:43.882891+00:00,PUT,215.0,2026-07-24,2110821,910,910,669,194.3787,REPEATEDHITSDESCENDINGFILL,False,False,False,1299186,811635,181923408000.0,4,ASK,SHORT,1.0
MRVL,2026-07-17 14:19:02.196279+00:00,CALL,175.0,2026-07-31,62110,27,53,24,189.78,REPEATEDHITS,False,False,False,59795,2315,181923408000.0,14,ASK,LONG,1.0
MRVL,2026-07-17 14:02:53.630122+00:00,CALL,177.5,2026-07-24,131795,90,181,14,185.275,REPEATEDHITSDESCENDINGFILL,True,False,False,131795,0,181923408000.0,7,ASK,LONG,1.0
MRVL,2026-07-17 13:54:20.896613+00:00,CALL,182.5,2026-07-17,75364,286,491,75,182.47,REPEATEDHITSASCENDINGFILL,True,False,False,274,75090,181923408000.0,0,BID,SHORT,0.5
MRVL,2026-07-17 13:54:20.896613+00:00,PUT,182.5,2026-07-17,373710,1384,1703,800,182.44,REPEATEDHITS,False,False,False,8400,365310,181923408000.0,0,BID,LONG,0.5
MRVL,2026-07-16 19:07:30.337001+00:00,PUT,130.0,2026-08-07,58737,384,400,16,186.6,REPEATEDHITSDESCENDINGFILL,True,False,False,58291,446,181923408000.0,22,ASK,SHORT,1.0
MRVL,2026-07-16 18:11:49.867998+00:00,PUT,135.0,2026-07-31,142673,1189,1384,31,187.55,REPEATEDHITSDESCENDINGFILL,False,False,False,142559,114,181923408000.0,15,ASK,SHORT,1.0
MRVL,2026-07-16 18:04:41.929779+00:00,PUT,135.0,2026-08-07,64214,331,344,31,186.88,REPEATEDHITS,False,False,False,64214,0,181923408000.0,22,ASK,SHORT,1.0
MRVL,2026-07-16 17:42:16.793377+00:00,CALL,250.0,2026-08-28,173405,204,268,79,186.63,REPEATEDHITS,False,False,False,0,173405,181923408000.0,43,BID,SHORT,0.5
MRVL,2026-07-16 17:41:37.527875+00:00,CALL,195.0,2026-07-17,130436,912,6245,709,186.6,REPEATEDHITSDESCENDINGFILL,False,False,False,0,130436,181923408000.0,1,BID,SHORT,0.5
MRVL,2026-07-16 17:25:02.080058+00:00,CALL,165.0,2026-08-14,51955,16,16,0,187.62,REPEATEDHITSDESCENDINGFILL,True,False,False,48710,3245,181923408000.0,29,ASK,LONG,1.0
MRVL,2026-07-16 17:25:02.080058+00:00,CALL,160.0,2026-08-14,50225,14,15,1,187.67,REPEATEDHITSDESCENDINGFILL,True,False,False,46640,3585,181923408000.0,29,ASK,LONG,1.0
MRVL,2026-07-16 17:09:49.596698+00:00,CALL,225.0,2026-07-24,138392,1000,2518,456,188.53,REPEATEDHITSASCENDINGFILL,True,False,False,0,138392,181923408000.0,8,BID,SHORT,0.5
MRVL,2026-07-16 17:08:30.300471+00:00,CALL,187.5,2026-07-24,53760,48,67,0,188.3304,REPEATEDHITS,False,False,False,11200,36960,181923408000.0,8,BID,SHORT,0.5
MRVL,2026-07-16 16:31:14.270600+00:00,PUT,105.0,2026-11-20,967806,1698,1723,478,188.36,REPEATEDHITSDESCENDINGFILL,False,False,False,964416,1695,181923408000.0,127,ASK,SHORT,1.0
MRVL,2026-07-16 16:31:08.664738+00:00,CALL,190.0,2026-07-24,53730,54,542,46,188.49,REPEATEDHITS,False,False,False,7960,45770,181923408000.0,8,BID,SHORT,0.5
MRVL,2026-07-16 15:30:45.203388+00:00,CALL,280.0,2026-08-28,69539,124,150,22,191.2167,REPEATEDHITS,False,False,False,1670,67869,181923408000.0,43,BID,SHORT,0.5
MRVL,2026-07-16 14:07:00.659241+00:00,CALL,202.5,2026-07-17,172535,682,1637,200,196.141,REPEATEDHITSASCENDINGFILL,False,False,False,172293,242,181923408000.0,1,ASK,LONG,1.0
MRVL,2026-07-16 13:46:13.083432+00:00,CALL,192.5,2026-07-31,62480,40,40,0,193.26,REPEATEDHITSDESCENDINGFILL,True,False,False,35965,26515,181923408000.0,15,ASK,LONG,1.0
MRVL,2026-07-16 13:38:27.471357+00:00,CALL,167.5,2026-07-24,1339012,434,434,0,196.315,REPEATEDHITSASCENDINGFILL,False,False,False,1021255,317757,181923408000.0,8,ASK,LONG,1.0
MRVL,2026-07-16 13:38:27.471357+00:00,CALL,187.5,2026-07-17,1091300,1020,1020,61,196.315,REPEATEDHITSASCENDINGFILL,False,False,False,215060,19170,181923408000.0,1,ASK,LONG,1.0
MRVL,2026-07-15 19:15:08.599925+00:00,CALL,290.0,2026-10-16,1656399,1045,3529,1040,205.79,REPEATEDHITS,True,False,False,31700,1624699,181923408000.0,93,BID,SHORT,0.5
MRVL,2026-07-15 19:11:21.317063+00:00,CALL,280.0,2026-10-16,2928100,1645,1741,1176,206.4,REPEATEDHITS,True,False,False,32040,0,181923408000.0,93,ASK,LONG,1.0
MRVL,2026-07-15 19:00:42.787330+00:00,PUT,160.0,2026-10-16,1770930,1136,2986,1086,205.51,REPEATEDHITSASCENDINGFILL,False,False,False,1583395,187535,181923408000.0,93,ASK,SHORT,1.0
MRVL,2026-07-15 19:00:12.739380+00:00,PUT,165.0,2026-09-18,1187280,873,1044,669,205.995,REPEATEDHITS,False,False,False,0,1187280,181923408000.0,65,BID,LONG,0.5
MRVL,2026-07-15 18:34:26.388844+00:00,PUT,120.0,2026-10-16,61320,126,3796,28,208.2,REPEATEDHITSDESCENDINGFILL,False,False,False,41440,19880,181923408000.0,93,ASK,SHORT,1.0
MRVL,2026-07-15 16:47:06.682082+00:00,CALL,197.5,2026-07-17,505310,486,491,16,203.69,REPEATEDHITS,True,False,False,505310,0,181923408000.0,2,ASK,LONG,1.0
MRVL,2026-07-15 16:46:52.761153+00:00,CALL,202.5,2026-07-17,50070,69,267,5,203.2299,REPEATEDHITS,False,False,False,35770,0,181923408000.0,2,ASK,LONG,1.0
MRVL,2026-07-15 16:46:52.761153+00:00,CALL,215.0,2026-07-24,129525,165,659,68,203.2299,REPEATEDHITS,False,False,False,129525,0,181923408000.0,9,ASK,LONG,1.0
MRVL,2026-07-15 16:46:40.334797+00:00,PUT,120.0,2026-10-16,302779,566,3625,28,203.1895,REPEATEDHITSDESCENDINGFILL,False,False,False,302264,515,181923408000.0,93,ASK,SHORT,1.0
MRVL,2026-07-15 16:41:32.328955+00:00,PUT,120.0,2026-10-16,303676,573,3008,28,202.42,REPEATEDHITSDESCENDINGFILL,True,False,False,302621,1055,181923408000.0,93,ASK,SHORT,1.0
MRVL,2026-07-15 15:35:34.008473+00:00,PUT,120.0,2026-10-16,644055,1356,2386,28,208.83,REPEATEDHITSDESCENDINGFILL,False,False,False,643585,470,181923408000.0,93,ASK,SHORT,1.0
MSTR,2026-07-22 14:14:38.907034+00:00,PUT,93.0,2026-07-31,87250,349,361,333,100.1505,REPEATEDHITS,False,False,False,87250,0,33725837063.0,9,ASK,SHORT,1.0
MSTR,2026-07-22 14:02:52.780687+00:00,PUT,97.5,2026-08-21,46065,61,61,0,101.13,REPEATEDHITSASCENDINGFILL,True,False,False,1515,44550,33725837063.0,30,BID,LONG,0.5
MSTR,2026-07-22 14:02:52.780687+00:00,PUT,96.0,2026-08-21,33120,48,48,8,101.13,REPEATEDHITS,True,False,False,2760,30360,33725837063.0,30,BID,LONG,0.5
MSTR,2026-07-22 14:02:52.780687+00:00,PUT,96.5,2026-08-21,12785,18,19,5,101.13,REPEATEDHITS,True,False,False,4265,8520,33725837063.0,30,BID,LONG,0.5
MSTR,2026-07-22 14:02:52.780687+00:00,PUT,94.0,2026-08-21,19360,32,232,14,101.13,REPEATEDHITS,True,False,False,5445,13310,33725837063.0,30,BID,LONG,0.5
MSTR,2026-07-22 13:32:20.784272+00:00,PUT,98.5,2026-07-24,321903,1470,1492,247,100.29,REPEATEDHITSDESCENDINGFILL,False,False,False,321051,852,33725837063.0,2,ASK,SHORT,1.0
MSTR,2026-07-21 19:37:02.623711+00:00,PUT,78.0,2026-07-24,5215,1490,1642,640,100.88,FLOORTRADELARGECAP,False,True,False,0,5215,33725837063.0,3,BID,LONG,0.5
MSTR,2026-07-21 18:52:21.996043+00:00,CALL,117.0,2026-07-24,10962,609,2237,520,100.54,REPEATEDHITS,False,False,False,0,10962,33725837063.0,3,BID,SHORT,0.5
MSTR,2026-07-21 14:33:35.891079+00:00,CALL,104.0,2026-08-21,16160,16,225,7,103.25,REPEATEDHITS,False,False,False,16160,0,33725837063.0,31,ASK,LONG,1.0
MSTR,2026-07-21 13:35:50.758342+00:00,CALL,114.0,2026-07-31,42009,201,201,122,101.01,REPEATEDHITS,False,False,False,42009,0,33725837063.0,10,ASK,LONG,1.0
MSTR,2026-07-21 13:32:38.607052+00:00,PUT,97.0,2026-08-21,131930,167,171,11,100.8492,REPEATEDHITS,True,False,False,125610,6320,33725837063.0,31,ASK,SHORT,1.0
MSTR,2026-07-21 13:30:28.710157+00:00,CALL,103.0,2026-08-21,40415,44,54,11,101.095,REPEATEDHITSASCENDINGFILL,True,False,False,22920,17495,33725837063.0,31,ASK,LONG,1.0
MSTR,2026-07-21 13:30:28.710157+00:00,CALL,104.0,2026-08-21,155245,177,187,7,101.095,REPEATEDHITSDESCENDINGFILL,True,False,False,72960,82285,33725837063.0,31,BID,SHORT,0.5
MSTR,2026-07-20 19:37:37.603441+00:00,PUT,35.0,2026-08-21,14598,811,826,487,97.13,REPEATEDHITS,False,False,False,14598,0,33725837063.0,32,ASK,SHORT,1.0
MSTR,2026-07-20 19:10:48.939594+00:00,CALL,101.0,2026-08-21,22230,26,556,0,97.68,REPEATEDHITS,False,False,False,4275,7695,33725837063.0,32,BID,SHORT,0.5
MSTR,2026-07-20 19:10:48.939594+00:00,CALL,101.0,2026-08-21,22100,26,608,0,97.68,REPEATEDHITS,False,False,False,4250,4250,33725837063.0,32,MIXED,,0.0
MSTR,2026-07-20 19:10:48.939594+00:00,CALL,101.0,2026-08-21,22230,26,582,0,97.68,REPEATEDHITS,False,False,False,7695,4275,33725837063.0,32,ASK,LONG,1.0
MSTR,2026-07-20 19:10:48.939594+00:00,CALL,101.0,2026-08-21,108800,128,736,0,97.64,REPEATEDHITS,True,False,False,0,108800,33725837063.0,32,BID,SHORT,0.5
MSTR,2026-07-20 16:06:25.692590+00:00,CALL,101.0,2026-08-21,238750,250,278,0,99.17,REPEATEDHITS,True,False,False,0,238750,33725837063.0,32,BID,SHORT,0.5
MSTR,2026-07-17 18:27:58.933293+00:00,PUT,83.0,2026-08-07,76460,239,246,60,94.215,REPEATEDHITSDESCENDINGFILL,False,False,False,76460,0,33725837063.0,21,ASK,SHORT,1.0
MSTR,2026-07-17 18:27:58.933293+00:00,PUT,81.0,2026-08-07,94143,350,353,165,94.2,REPEATEDHITSDESCENDINGFILL,True,False,False,93880,263,33725837063.0,21,ASK,SHORT,1.0
MSTR,2026-07-16 18:01:54.775697+00:00,PUT,94.0,2026-07-17,239766,1347,2163,884,94.29,REPEATEDHITS,False,False,False,0,0,33725837063.0,1,MIXED,,0.0
MSTR,2026-07-16 17:31:14.791892+00:00,CALL,145.0,2026-10-16,539120,1172,1246,408,94.295,REPEATEDHITS,False,False,False,539120,0,33725837063.0,92,ASK,LONG,1.0
MSTR,2026-07-16 15:52:44.931449+00:00,CALL,130.0,2026-08-21,950796,4851,5041,4759,94.31,REPEATEDHITS,False,False,False,950796,0,33725837063.0,36,ASK,LONG,1.0
MSTR,2026-07-16 15:28:34.603028+00:00,PUT,75.0,2027-03-19,3201000,2200,2242,383,94.845,FLOORTRADELARGECAP,False,True,True,0,3201000,33725837063.0,246,BID,LONG,0.5
MSTR,2026-07-16 15:16:45.879426+00:00,PUT,86.0,2026-07-24,481545,3168,3173,152,93.8,REPEATEDHITS,False,False,False,1377,480168,33725837063.0,8,BID,LONG,0.5
MSTR,2026-07-16 14:23:48.964889+00:00,CALL,95.0,2026-07-24,609996,1326,1496,488,95.01,REPEATEDHITS,False,False,False,23920,563996,33725837063.0,8,BID,SHORT,0.5
MSTR,2026-07-15 18:21:04.581373+00:00,PUT,91.0,2026-07-24,98762,437,494,87,98.1383,REPEATEDHITS,False,False,False,0,98762,33725837063.0,9,BID,LONG,0.5
MSTR,2026-07-15 16:18:02.585785+00:00,PUT,97.5,2026-07-17,135526,484,1495,220,97.49,REPEATEDHITS,False,False,False,1686,133840,33725837063.0,2,BID,LONG,0.5
MSTR,2026-07-15 15:28:48.990074+00:00,PUT,88.0,2026-07-24,90263,614,667,173,98.6899,REPEATEDHITSASCENDINGFILL,False,False,False,445,89818,33725837063.0,9,BID,LONG,0.5
MSTR,2026-07-15 14:34:13.452983+00:00,PUT,40.0,2026-07-31,34996,2692,2772,1341,99.675,REPEATEDHITS,False,False,False,12870,22126,33725837063.0,16,BID,LONG,0.5
MSTR,2026-07-15 13:31:10.573810+00:00,CALL,104.0,2026-08-14,164005,177,177,35,101.1872,REPEATEDHITSDESCENDINGFILL,True,False,False,130605,33400,33725837063.0,30,ASK,LONG,1.0
MSTR,2026-07-15 13:31:10.573810+00:00,CALL,105.0,2026-08-28,17760,16,16,4,101.1872,REPEATEDHITS,True,False,False,16650,1110,33725837063.0,44,ASK,LONG,1.0
MSTR,2026-07-14 19:39:51.915624+00:00,CALL,98.0,2026-07-24,253655,523,697,299,96.4,REPEATEDHITS,False,False,False,0,253655,33725837063.0,10,BID,SHORT,0.5
MSTR,2026-07-14 17:06:13.296356+00:00,PUT,98.0,2026-08-14,76650,70,81,8,95.89,REPEATEDHITS,False,False,False,75555,1095,33725837063.0,31,ASK,SHORT,1.0
MSTR,2026-07-14 15:57:02.988358+00:00,PUT,98.0,2026-08-14,11880,11,11,8,96.455,REPEATEDHITS,False,False,False,11880,0,33725837063.0,31,ASK,SHORT,1.0
MSTR,2026-07-14 15:44:25.062890+00:00,PUT,79.0,2026-07-24,96320,1376,1417,45,97.36,REPEATEDHITS,False,False,False,0,96320,33725837063.0,10,BID,LONG,0.5
MSTR,2026-07-13 16:18:14.624774+00:00,PUT,77.0,2026-07-24,23200,232,268,21,91.78,REPEATEDHITS,False,False,False,23200,0,33725837063.0,11,ASK,SHORT,1.0
MSTR,2026-07-13 14:09:56.689916+00:00,PUT,85.0,2026-08-28,29790,36,43,0,90.9,REPEATEDHITSASCENDINGFILL,True,False,False,14940,14850,33725837063.0,46,ASK,SHORT,1.0
MSTR,2026-07-10 19:38:47.931915+00:00,CALL,98.0,2026-08-14,14705,17,30,2,94.5142,REPEATEDHITS,False,False,False,14705,0,33725837063.0,35,ASK,LONG,1.0
MSTR,2026-07-10 19:38:47.931915+00:00,CALL,97.0,2026-08-14,14480,16,123,4,94.44,REPEATEDHITS,False,False,False,14480,0,33725837063.0,35,ASK,LONG,1.0
MSTR,2026-07-10 18:45:56.205648+00:00,CALL,100.0,2026-08-07,190605,291,2028,259,94.06,REPEATEDHITS,True,False,False,13100,150650,33725837063.0,28,BID,SHORT,0.5
MSTR,2026-07-10 18:45:34.981971+00:00,CALL,100.0,2026-08-07,296590,446,1454,259,94.26,REPEATEDHITS,True,False,False,15960,269990,33725837063.0,28,BID,SHORT,0.5
MSTR,2026-07-10 18:45:24.959981+00:00,CALL,100.0,2026-08-07,192375,285,593,259,94.39,REPEATEDHITS,True,False,False,9450,172800,33725837063.0,28,BID,SHORT,0.5
MSTR,2026-07-10 14:55:45.118011+00:00,CALL,97.0,2026-08-14,10670,11,90,4,94.83,REPEATEDHITS,False,False,False,0,10670,33725837063.0,35,BID,SHORT,0.5
MSTR,2026-07-10 14:55:29.693268+00:00,CALL,97.0,2026-08-14,19500,20,77,4,94.9,REPEATEDHITS,False,False,False,975,14625,33725837063.0,35,BID,SHORT,0.5
MSTR,2026-07-10 14:33:04.733646+00:00,CALL,97.0,2026-08-14,32995,33,57,4,95.56,REPEATEDHITS,False,False,False,990,32005,33725837063.0,35,BID,SHORT,0.5
MSTR,2026-07-10 14:24:36.674280+00:00,PUT,98.0,2026-07-10,151200,700,1966,650,96.422,REPEATEDHITS,False,False,False,0,151200,33725837063.0,0,BID,LONG,0.5
MSTR,2026-07-10 13:55:12.936695+00:00,CALL,99.0,2026-08-07,85050,90,125,33,98.0301,REPEATEDHITS,False,False,False,19845,65205,33725837063.0,28,BID,SHORT,0.5
MSTR,2026-07-10 13:41:23.537070+00:00,PUT,98.0,2026-07-10,80500,700,873,650,98.85,REPEATEDHITS,True,False,False,0,80500,33725837063.0,0,BID,LONG,0.5
MTUM,2026-07-22 15:04:10.230693+00:00,PUT,317.5,2026-08-21,16800,12,13,7,316.11,REPEATEDHITS,True,False,False,1400,15400,26629856582.0,30,BID,LONG,0.5
MTUM,2026-07-22 14:32:36.950755+00:00,PUT,302.5,2026-07-24,14689,163,168,35,315.82,REPEATEDHITSASCENDINGFILL,False,False,False,0,14689,26629856582.0,2,BID,LONG,0.5
MTUM,2026-07-21 19:33:02.540677+00:00,CALL,325.0,2026-07-24,55798,465,559,1,313.82,REPEATEDHITSDESCENDINGFILL,True,False,False,55798,0,26629856582.0,3,ASK,LONG,1.0
MTUM,2026-07-21 19:02:45.334090+00:00,PUT,325.0,2026-07-31,24310,17,19,1,314.2,REPEATEDHITS,False,False,False,24310,0,26629856582.0,10,ASK,SHORT,1.0
MTUM,2026-07-21 17:55:20.900127+00:00,PUT,305.0,2026-07-24,12540,65,975,35,314.84,REPEATEDHITSDESCENDINGFILL,False,False,False,6820,4750,26629856582.0,3,ASK,SHORT,1.0
MTUM,2026-07-21 17:11:07.367392+00:00,PUT,315.0,2026-08-28,131720,89,221,0,315.03,REPEATEDHITS,False,False,False,131720,0,26629856582.0,38,ASK,SHORT,1.0
MTUM,2026-07-21 17:11:03.962571+00:00,PUT,315.0,2026-08-28,93240,63,132,0,315.03,REPEATEDHITS,False,False,False,93240,0,26629856582.0,38,ASK,SHORT,1.0
MTUM,2026-07-21 17:10:57.954088+00:00,PUT,315.0,2026-08-28,23678,16,44,0,315.025,REPEATEDHITSASCENDINGFILL,False,False,False,23678,0,26629856582.0,38,ASK,SHORT,1.0
MTUM,2026-07-21 16:31:35.338658+00:00,CALL,327.5,2026-08-07,15300,30,30,0,314.42,REPEATEDHITS,False,False,False,15300,0,26629856582.0,17,ASK,LONG,1.0
MTUM,2026-07-21 16:16:39.279329+00:00,PUT,307.5,2026-07-24,56750,227,303,0,314.24,REPEATEDHITS,False,False,False,0,56750,26629856582.0,3,BID,LONG,0.5
MTUM,2026-07-21 15:11:03.134759+00:00,PUT,305.0,2026-07-24,23175,103,503,35,313.0624,REPEATEDHITS,False,False,False,23175,0,26629856582.0,3,ASK,SHORT,1.0
MTUM,2026-07-21 15:10:49.104591+00:00,PUT,305.0,2026-07-24,18225,81,400,35,313.0,REPEATEDHITS,False,False,False,18225,0,26629856582.0,3,ASK,SHORT,1.0
MTUM,2026-07-21 15:10:43.090588+00:00,PUT,305.0,2026-07-24,10575,47,272,35,313.0,REPEATEDHITS,False,False,False,10575,0,26629856582.0,3,ASK,SHORT,1.0
MTUM,2026-07-21 15:10:39.082877+00:00,PUT,305.0,2026-07-24,16500,75,213,35,313.04,REPEATEDHITS,False,False,False,16280,220,26629856582.0,3,ASK,SHORT,1.0
MTUM,2026-07-21 15:10:20.246676+00:00,PUT,305.0,2026-07-24,11880,54,93,35,313.03,REPEATEDHITS,False,False,False,11660,0,26629856582.0,3,ASK,SHORT,1.0
MTUM,2026-07-21 15:07:28.680411+00:00,PUT,307.5,2026-07-24,20250,75,76,0,312.62,REPEATEDHITS,False,False,False,0,20250,26629856582.0,3,BID,LONG,0.5
MTUM,2026-07-21 14:33:46.104872+00:00,PUT,312.5,2026-08-21,22950,17,20,0,311.765,REPEATEDHITS,False,False,False,0,22950,26629856582.0,31,BID,LONG,0.5
MTUM,2026-07-21 14:18:53.498487+00:00,CALL,310.0,2026-11-20,318060,114,116,48,310.83,REPEATEDHITS,False,False,False,318060,0,26629856582.0,122,ASK,LONG,1.0
MTUM,2026-07-20 18:50:49.469663+00:00,CALL,302.5,2026-08-21,717570,469,482,0,304.23,REPEATEDHITS,False,False,False,717570,0,26629856582.0,32,ASK,LONG,1.0
MTUM,2026-07-20 18:34:48.826347+00:00,PUT,317.5,2026-08-21,10250,5,5,0,304.435,REPEATEDHITS,False,False,False,10250,0,26629856582.0,32,ASK,SHORT,1.0
MTUM,2026-07-20 15:56:52.586078+00:00,PUT,305.0,2026-07-24,18500,37,37,0,306.0285,REPEATEDHITS,True,False,False,500,18000,26629856582.0,4,BID,LONG,0.5
MTUM,2026-07-20 15:56:11.112638+00:00,PUT,312.5,2026-07-31,14280,12,12,0,306.0285,REPEATEDHITS,True,False,False,0,14280,26629856582.0,11,BID,LONG,0.5
MTUM,2026-07-20 15:31:21.007265+00:00,CALL,312.5,2026-08-21,13318,12,18,0,305.73,REPEATEDHITSDESCENDINGFILL,False,False,False,12208,1110,26629856582.0,32,ASK,LONG,1.0
MTUM,2026-07-20 14:10:53.749476+00:00,PUT,322.5,2026-08-21,76820,34,34,0,306.13,REPEATEDHITS,True,False,False,74580,2240,26629856582.0,32,ASK,SHORT,1.0
MTUM,2026-07-17 19:49:55.060943+00:00,CALL,285.0,2026-11-20,90240,24,45,6,302.76,REPEATEDHITS,False,False,False,90240,0,26629856582.0,126,ASK,LONG,1.0
MTUM,2026-07-17 19:49:55.060943+00:00,CALL,295.0,2026-11-20,78750,25,25,1,302.76,REPEATEDHITS,False,False,False,78750,0,26629856582.0,126,ASK,LONG,1.0
MTUM,2026-07-17 19:49:55.060943+00:00,CALL,305.0,2026-11-20,52200,20,146,1,302.76,REPEATEDHITS,False,False,False,52200,0,26629856582.0,126,ASK,LONG,1.0
MTUM,2026-07-17 19:49:26.800549+00:00,PUT,300.0,2026-07-31,24730,30,52,3,302.59,REPEATEDHITSDESCENDINGFILL,True,False,False,16430,8300,26629856582.0,14,ASK,SHORT,1.0
MTUM,2026-07-17 19:28:54.119277+00:00,CALL,285.0,2026-11-20,77910,21,21,6,302.12,REPEATEDHITS,False,False,False,77910,0,26629856582.0,126,ASK,LONG,1.0
MTUM,2026-07-17 18:55:06.005382+00:00,CALL,305.0,2026-11-20,198360,76,126,1,303.04,REPEATEDHITS,False,False,False,198360,0,26629856582.0,126,ASK,LONG,1.0
MTUM,2026-07-17 18:30:10.813173+00:00,CALL,305.0,2026-11-20,131000,50,50,1,303.2,REPEATEDHITS,False,False,False,131000,0,26629856582.0,126,ASK,LONG,1.0
MTUM,2026-07-17 17:55:16.408933+00:00,CALL,275.0,2026-09-18,38500,10,10,0,304.3,REPEATEDHITS,True,False,False,0,38500,26629856582.0,63,BID,SHORT,0.5
MTUM,2026-07-17 17:34:31.152337+00:00,PUT,305.0,2026-07-31,93960,102,120,54,305.57,REPEATEDHITSASCENDINGFILL,False,False,False,92120,1840,26629856582.0,14,ASK,SHORT,1.0
MTUM,2026-07-17 17:16:47.686241+00:00,CALL,310.0,2026-07-24,20210,47,289,0,305.33,REPEATEDHITS,False,False,False,20210,0,26629856582.0,7,ASK,LONG,1.0
MTUM,2026-07-17 16:24:25.520877+00:00,PUT,300.0,2026-11-20,203398,90,90,29,303.47,REPEATEDHITS,False,False,False,203398,0,26629856582.0,126,ASK,SHORT,1.0
MTUM,2026-07-17 16:14:02.894181+00:00,CALL,305.0,2026-07-24,23100,35,36,4,304.89,REPEATEDHITS,False,False,False,0,16500,26629856582.0,7,BID,SHORT,0.5
MTUM,2026-07-17 15:59:11.083811+00:00,CALL,310.0,2026-11-20,105350,43,43,5,304.19,REPEATEDHITS,False,False,False,105350,0,26629856582.0,126,ASK,LONG,1.0
MTUM,2026-07-17 14:30:23.069480+00:00,PUT,315.0,2026-07-31,68390,40,40,26,301.37,REPEATEDHITS,True,False,False,68390,0,26629856582.0,14,ASK,SHORT,1.0
MTUM,2026-07-17 14:30:23.069480+00:00,PUT,305.0,2026-11-20,173530,67,67,9,301.28,REPEATEDHITS,False,False,False,173530,0,26629856582.0,126,ASK,SHORT,1.0
MTUM,2026-07-17 14:15:21.858028+00:00,PUT,327.5,2026-07-31,73710,27,27,0,301.36,REPEATEDHITS,True,False,False,73710,0,26629856582.0,14,ASK,SHORT,1.0
MTUM,2026-07-17 14:02:24.371058+00:00,PUT,295.0,2026-07-31,10220,14,64,0,299.89,REPEATEDHITS,True,False,False,0,10220,26629856582.0,14,BID,LONG,0.5
MTUM,2026-07-17 14:02:21.764854+00:00,PUT,302.5,2026-08-28,20800,13,13,0,299.89,REPEATEDHITS,True,False,False,0,20800,26629856582.0,42,BID,LONG,0.5
MTUM,2026-07-17 14:00:59.555294+00:00,PUT,297.5,2026-08-28,13900,10,10,0,299.54,REPEATEDHITS,True,False,False,0,13900,26629856582.0,42,BID,LONG,0.5
MTUM,2026-07-17 14:00:59.555294+00:00,PUT,297.5,2026-08-28,15290,11,27,0,299.54,REPEATEDHITS,True,False,False,0,15290,26629856582.0,42,BID,LONG,0.5
MTUM,2026-07-17 14:00:06.810723+00:00,PUT,295.0,2026-07-31,29640,38,50,0,298.73,REPEATEDHITS,False,False,False,780,28860,26629856582.0,14,BID,LONG,0.5
MTUM,2026-07-17 14:00:02.984266+00:00,PUT,295.0,2026-08-07,89301,94,94,1,298.44,REPEATEDHITS,True,False,False,0,89301,26629856582.0,21,BID,LONG,0.5
MTUM,2026-07-17 13:34:47.085961+00:00,CALL,270.0,2026-08-21,57062,18,18,15,295.04,REPEATEDHITSASCENDINGFILL,False,False,False,3170,53892,26629856582.0,35,BID,SHORT,0.5
MTUM,2026-07-16 18:19:42.059517+00:00,PUT,290.0,2026-07-31,461500,923,926,5,302.91,FLOORTRADELARGECAP,False,True,False,461500,0,26629856582.0,15,ASK,SHORT,1.0
MTUM,2026-07-16 17:43:45.754100+00:00,PUT,300.0,2026-08-21,362700,279,8232,88,302.16,REPEATEDHITS,False,False,False,362700,0,26629856582.0,36,ASK,SHORT,1.0
MTUM,2026-07-16 17:41:55.153243+00:00,PUT,300.0,2026-08-21,426400,328,7762,88,302.365,REPEATEDHITS,False,False,False,426400,0,26629856582.0,36,ASK,SHORT,1.0
NBIS,2026-07-22 14:41:50.339442+00:00,CALL,420.0,2027-12-17,240525,28,33,26,220.6,REPEATEDHITS,False,False,False,0,240525,47606366889.0,513,BID,SHORT,0.5
NBIS,2026-07-22 14:38:27.435134+00:00,CALL,430.0,2028-12-15,437312,37,38,22,221.59,REPEATEDHITSDESCENDINGFILL,False,False,False,153650,283662,47606366889.0,877,BID,SHORT,0.5
NBIS,2026-07-22 14:10:52.726629+00:00,PUT,125.0,2026-08-07,64188,244,246,110,224.0,REPEATEDHITSASCENDINGFILL,True,False,False,278,63910,47606366889.0,16,BID,LONG,0.5
NBIS,2026-07-22 13:59:00.926067+00:00,CALL,202.5,2026-08-07,94490,22,27,10,225.08,REPEATEDHITS,False,False,False,0,94490,47606366889.0,16,BID,SHORT,0.5
NBIS,2026-07-21 19:51:30.930387+00:00,PUT,105.0,2026-07-24,14278,1298,27214,0,214.5,REPEATEDHITS,True,False,False,451,0,47606366889.0,3,ASK,SHORT,1.0
NBIS,2026-07-21 19:27:04.084751+00:00,PUT,115.0,2027-06-17,15885,5,14,1,212.22,REPEATEDHITSDESCENDINGFILL,False,False,False,6360,9525,47606366889.0,331,BID,LONG,0.5
NBIS,2026-07-21 19:01:01.590928+00:00,CALL,302.5,2026-07-31,15069,70,108,62,210.38,REPEATEDHITS,True,False,False,7578,7491,47606366889.0,10,ASK,LONG,1.0
NBIS,2026-07-21 18:53:38.573045+00:00,PUT,202.5,2026-08-21,230025,68,70,9,211.09,REPEATEDHITSDESCENDINGFILL,True,False,False,162430,67595,47606366889.0,31,ASK,SHORT,1.0
NBIS,2026-07-21 18:53:30.765356+00:00,PUT,149.0,2026-07-31,43965,101,142,93,211.24,REPEATEDHITSDESCENDINGFILL,True,False,False,22425,21540,47606366889.0,10,ASK,SHORT,1.0
NBIS,2026-07-21 18:53:21.118450+00:00,PUT,167.5,2026-07-31,141100,189,422,178,211.3,REPEATEDHITSDESCENDINGFILL,True,False,False,71390,69710,47606366889.0,10,ASK,SHORT,1.0
NBIS,2026-07-21 18:47:15.254927+00:00,PUT,157.5,2026-07-31,193753,359,542,176,212.92,REPEATEDHITSDESCENDINGFILL,True,False,False,193243,510,47606366889.0,10,ASK,SHORT,1.0
NBIS,2026-07-21 18:37:17.528842+00:00,PUT,105.0,2026-07-24,10630,1063,14179,0,212.515,REPEATEDHITS,False,False,False,8680,1950,47606366889.0,3,ASK,SHORT,1.0
NBIS,2026-07-21 18:26:09.031059+00:00,PUT,90.0,2026-07-31,10008,300,6995,0,212.795,REPEATEDHITSDESCENDINGFILL,True,False,False,9282,726,47606366889.0,10,ASK,SHORT,1.0
NBIS,2026-07-21 18:01:38.904493+00:00,PUT,145.0,2026-07-31,310837,1036,2223,1003,214.03,REPEATEDHITSASCENDINGFILL,False,False,False,0,310532,47606366889.0,10,BID,LONG,0.5
NBIS,2026-07-21 17:45:05.733779+00:00,PUT,197.5,2026-08-21,36305,12,106,0,214.875,REPEATEDHITS,True,False,False,0,36305,47606366889.0,31,BID,LONG,0.5
NBIS,2026-07-21 17:26:37.264995+00:00,PUT,215.0,2026-08-21,124530,31,38,11,213.695,REPEATEDHITSDESCENDINGFILL,True,False,False,0,116490,47606366889.0,31,BID,LONG,0.5
NBIS,2026-07-21 17:17:41.879521+00:00,PUT,110.0,2026-08-14,157303,484,520,16,213.99,REPEATEDHITS,True,False,False,325,156978,47606366889.0,24,BID,LONG,0.5
NBIS,2026-07-21 17:15:06.653103+00:00,PUT,130.0,2027-06-17,66895,17,17,10,213.25,REPEATEDHITS,False,False,False,0,66895,47606366889.0,331,BID,LONG,0.5
NBIS,2026-07-21 17:00:00.924970+00:00,PUT,220.0,2026-10-16,292080,48,53,32,211.795,REPEATEDHITS,False,False,False,0,292080,47606366889.0,87,BID,LONG,0.5
NBIS,2026-07-21 16:57:20.563277+00:00,PUT,105.0,2026-08-14,19215,63,128,5,211.88,REPEATEDHITS,False,False,False,0,19215,47606366889.0,24,BID,LONG,0.5
NBIS,2026-07-21 15:59:50.134158+00:00,PUT,90.0,2026-07-31,12920,340,5699,0,207.33,REPEATEDHITS,False,False,False,12540,0,47606366889.0,10,ASK,SHORT,1.0
NBIS,2026-07-21 15:59:11.269424+00:00,PUT,90.0,2026-07-31,10754,283,4242,0,208.16,REPEATEDHITS,True,False,False,76,10678,47606366889.0,10,BID,LONG,0.5
NBIS,2026-07-21 15:50:13.957187+00:00,PUT,205.0,2026-08-21,26250,7,21,3,208.185,REPEATEDHITS,True,False,False,3745,22505,47606366889.0,31,BID,LONG,0.5
NBIS,2026-07-21 15:36:30.243440+00:00,PUT,120.0,2026-08-07,113615,307,347,26,205.59,REPEATEDHITSASCENDINGFILL,False,False,False,0,113615,47606366889.0,17,BID,LONG,0.5
NBIS,2026-07-21 14:12:48.204565+00:00,PUT,95.0,2026-08-07,29765,157,157,57,199.4001,REPEATEDHITSASCENDINGFILL,True,False,False,14966,14799,47606366889.0,17,ASK,SHORT,1.0
NBIS,2026-07-21 14:12:42.593972+00:00,PUT,125.0,2026-08-07,47605,89,90,66,199.6,REPEATEDHITSASCENDINGFILL,False,False,False,23750,23330,47606366889.0,17,ASK,SHORT,1.0
NBIS,2026-07-21 14:10:52.024061+00:00,PUT,197.5,2026-08-21,149315,40,50,0,199.065,REPEATEDHITSDESCENDINGFILL,True,False,False,78450,70865,47606366889.0,31,ASK,SHORT,1.0
NBIS,2026-07-21 13:54:44.730575+00:00,PUT,167.5,2026-08-07,47540,29,31,5,198.6,REPEATEDHITSASCENDINGFILL,False,False,False,3280,44260,47606366889.0,17,BID,LONG,0.5
NBIS,2026-07-21 13:52:37.242710+00:00,PUT,90.0,2026-07-31,98000,2000,2213,0,198.1457,REPEATEDHITS,True,False,False,98000,0,47606366889.0,10,ASK,SHORT,1.0
NBIS,2026-07-21 13:43:46.876761+00:00,PUT,135.0,2026-10-16,51510,24,24,23,194.79,REPEATEDHITSDESCENDINGFILL,True,False,False,30075,21435,47606366889.0,87,ASK,SHORT,1.0
NBIS,2026-07-21 13:33:55.167484+00:00,PUT,157.5,2026-08-21,91785,47,47,32,196.0,REPEATEDHITSASCENDINGFILL,True,False,False,1960,89825,47606366889.0,31,BID,LONG,0.5
NBIS,2026-07-21 13:33:04.774859+00:00,CALL,237.5,2026-07-24,34726,181,208,169,196.1498,REPEATEDHITSASCENDINGFILL,True,False,False,17271,17455,47606366889.0,3,BID,SHORT,0.5
NBIS,2026-07-21 13:31:25.722824+00:00,CALL,330.0,2026-08-14,33530,55,58,14,199.39,REPEATEDHITS,True,False,False,28015,5515,47606366889.0,24,ASK,LONG,1.0
NBIS,2026-07-20 19:58:31.921718+00:00,CALL,350.0,2027-06-17,1376255,263,287,132,182.3,REPEATEDHITSDESCENDINGFILL,False,False,False,622905,753350,47606366889.0,332,BID,SHORT,0.5
NBIS,2026-07-20 19:26:51.154896+00:00,PUT,133.0,2026-07-31,66985,106,106,2,179.83,REPEATEDHITSASCENDINGFILL,True,False,False,630,66355,47606366889.0,11,BID,LONG,0.5
NBIS,2026-07-20 19:25:52.485900+00:00,CALL,257.5,2026-07-31,41080,130,264,67,179.86,REPEATEDHITS,False,False,False,0,36024,47606366889.0,11,BID,SHORT,0.5
NBIS,2026-07-20 19:13:41.025818+00:00,CALL,192.5,2026-08-21,24840,8,96,0,181.11,REPEATEDHITS,True,False,False,24840,0,47606366889.0,32,ASK,LONG,1.0
NBIS,2026-07-20 19:11:38.847790+00:00,PUT,172.5,2026-07-31,24450,14,60,12,182.5,REPEATEDHITS,True,False,False,21000,3450,47606366889.0,11,ASK,SHORT,1.0
NBIS,2026-07-20 19:05:36.687823+00:00,CALL,187.5,2026-08-21,57885,17,91,0,182.75,REPEATEDHITS,False,False,False,57885,0,47606366889.0,32,ASK,LONG,1.0
NBIS,2026-07-20 18:43:34.720289+00:00,PUT,148.0,2026-07-31,41515,48,68,2,185.25,REPEATEDHITS,False,False,False,41515,0,47606366889.0,11,ASK,SHORT,1.0
NBIS,2026-07-20 18:43:34.720289+00:00,PUT,147.0,2026-07-31,13280,16,83,4,185.25,REPEATEDHITSDESCENDINGFILL,True,False,False,6760,6520,47606366889.0,11,ASK,SHORT,1.0
NBIS,2026-07-20 18:43:34.720289+00:00,PUT,149.0,2026-07-31,78040,88,93,36,185.25,REPEATEDHITSDESCENDINGFILL,False,False,False,65790,12250,47606366889.0,11,ASK,SHORT,1.0
NBIS,2026-07-20 18:25:05.099067+00:00,CALL,310.0,2026-08-07,22040,69,128,35,186.43,REPEATEDHITSDESCENDINGFILL,True,False,False,20780,1260,47606366889.0,18,ASK,LONG,1.0
NBIS,2026-07-20 17:00:30.061629+00:00,PUT,100.0,2026-08-14,13035,33,37,13,184.81,REPEATEDHITS,False,False,False,0,13035,47606366889.0,25,BID,LONG,0.5
NBIS,2026-07-20 16:41:35.083238+00:00,PUT,182.5,2026-07-31,47385,22,69,17,183.23,REPEATEDHITS,True,False,False,45260,2125,47606366889.0,11,ASK,SHORT,1.0
NBIS,2026-07-20 16:11:32.388049+00:00,CALL,282.5,2026-08-07,65764,132,177,7,186.2009,REPEATEDHITSDESCENDINGFILL,False,False,False,65764,0,47606366889.0,18,ASK,LONG,1.0
NBIS,2026-07-20 16:01:03.541351+00:00,PUT,95.0,2026-08-14,11170,35,36,22,185.69,REPEATEDHITSDESCENDINGFILL,False,False,False,960,10210,47606366889.0,25,BID,LONG,0.5
NBIS,2026-07-20 15:36:59.475462+00:00,PUT,182.5,2026-08-21,1064310,319,356,0,186.4,REPEATEDHITSASCENDINGFILL,True,False,False,0,1064310,47606366889.0,32,BID,LONG,0.5
NBIS,2026-07-20 15:36:59.475462+00:00,PUT,172.5,2026-08-21,618965,219,220,0,186.4,REPEATEDHITSDESCENDINGFILL,True,False,False,450035,168930,47606366889.0,32,ASK,SHORT,1.0
NBIS,2026-07-20 15:36:50.662089+00:00,PUT,157.5,2026-08-07,10405,7,16,0,186.51,REPEATEDHITSDESCENDINGFILL,False,False,False,5950,4455,47606366889.0,18,ASK,SHORT,1.0
NRG,2026-07-22 15:03:54.012860+00:00,PUT,145.0,2026-08-21,133858,97,97,31,136.77,REPEATEDHITS,True,False,False,133858,0,27765819452.0,30,ASK,SHORT,1.0
NRG,2026-07-20 13:32:26.745166+00:00,CALL,140.0,2026-07-24,11410,243,803,39,131.57,REPEATEDHITSASCENDINGFILL,True,False,False,5470,0,27765819452.0,4,ASK,LONG,1.0
NRG,2026-07-16 17:48:58.992249+00:00,PUT,125.0,2026-08-21,14481,25,25,8,131.82,REPEATEDHITSASCENDINGFILL,False,False,False,14481,0,27765819452.0,36,ASK,SHORT,1.0
NRG,2026-07-16 17:48:58.992249+00:00,PUT,125.0,2026-08-21,14507,25,50,8,131.82,REPEATEDHITSASCENDINGFILL,False,False,False,14507,0,27765819452.0,36,ASK,SHORT,1.0
NRG,2026-07-16 16:33:55.079830+00:00,PUT,133.0,2026-07-31,17850,35,35,2,133.26,REPEATEDHITS,False,False,False,17340,0,27765819452.0,15,ASK,SHORT,1.0
NRG,2026-07-15 14:36:41.047389+00:00,CALL,150.0,2026-07-24,21250,125,125,70,141.82,REPEATEDHITS,False,False,False,21080,170,27765819452.0,9,ASK,LONG,1.0
NRG,2026-07-13 16:56:04.922012+00:00,PUT,125.0,2026-07-24,20250,225,917,8,138.68,REPEATEDHITS,False,False,False,20250,0,27765819452.0,11,ASK,SHORT,1.0
NRG,2026-07-13 16:55:42.697138+00:00,PUT,125.0,2026-07-24,45990,511,544,8,138.695,REPEATEDHITS,True,False,False,1980,44010,27765819452.0,11,BID,LONG,0.5
NRG,2026-07-08 17:12:57.461878+00:00,PUT,105.0,2027-06-17,37720,41,41,7,136.55,REPEATEDHITS,False,False,False,0,37720,27765819452.0,344,BID,LONG,0.5
NRG,2026-07-06 13:33:11.363887+00:00,CALL,149.0,2026-07-10,13350,267,317,5,139.31,REPEATEDHITS,False,False,False,13350,0,27765819452.0,4,ASK,LONG,1.0
NRG,2026-07-02 18:29:45.105232+00:00,CALL,143.0,2026-07-24,55998,140,169,1,136.015,REPEATEDHITS,False,False,False,55998,0,27765819452.0,22,ASK,LONG,1.0
NRG,2026-07-01 19:45:19.833365+00:00,PUT,142.0,2026-07-02,38202,136,140,28,139.75,REPEATEDHITSASCENDINGFILL,False,False,False,6840,31362,27765819452.0,1,BID,LONG,0.5
NRG,2026-07-01 19:45:19.833365+00:00,CALL,136.0,2026-07-17,165788,211,212,5,139.75,REPEATEDHITSDESCENDINGFILL,False,False,False,95588,70200,27765819452.0,16,ASK,LONG,1.0
NRG,2026-06-30 16:01:16.884302+00:00,CALL,135.0,2026-07-10,48510,33,35,1,148.99,REPEATEDHITS,True,False,False,0,48510,27765819452.0,10,BID,SHORT,0.5
NRG,2026-06-30 15:20:03.159016+00:00,PUT,150.0,2026-07-17,11019,19,24,13,150.24,REPEATEDHITS,False,False,False,11019,0,27765819452.0,17,ASK,SHORT,1.0
NRG,2026-06-26 19:46:41.692867+00:00,PUT,150.0,2026-08-21,36540,29,30,8,147.31,REPEATEDHITS,True,False,False,0,36540,27765819452.0,56,BID,LONG,0.5
NRG,2026-06-26 19:46:41.692867+00:00,PUT,155.0,2026-08-21,46800,30,32,0,147.31,REPEATEDHITS,True,False,False,0,46800,27765819452.0,56,BID,LONG,0.5
NRG,2026-06-23 18:07:53.041991+00:00,PUT,142.0,2026-07-02,12540,19,19,5,138.1,REPEATEDHITS,True,False,False,12540,0,27765819452.0,9,ASK,SHORT,1.0
NRG,2026-06-22 17:29:40.973404+00:00,CALL,145.0,2026-07-02,22250,125,204,8,137.28,REPEATEDHITS,False,False,False,4628,17622,27765819452.0,10,BID,SHORT,0.5
NRG,2026-06-22 17:02:16.353400+00:00,PUT,145.0,2026-08-21,20280,13,13,0,137.055,REPEATEDHITS,True,False,False,20280,0,27765819452.0,60,ASK,SHORT,1.0
NRG,2026-06-22 13:33:32.657879+00:00,CALL,147.0,2026-06-26,11035,197,315,18,137.56,REPEATEDHITSASCENDINGFILL,False,False,False,3280,0,27765819452.0,4,ASK,LONG,1.0
NRG,2026-06-18 17:45:08.207251+00:00,PUT,125.0,2026-07-02,48902,489,1015,2,137.295,REPEATEDHITSASCENDINGFILL,False,False,False,0,48902,27765819452.0,14,BID,LONG,0.5
NRG,2026-06-18 15:56:20.980729+00:00,CALL,146.0,2026-06-26,16558,92,94,1,139.895,REPEATEDHITS,True,False,False,16558,0,27765819452.0,8,ASK,LONG,1.0
NRG,2026-06-10 14:56:42.502103+00:00,PUT,120.0,2026-07-17,38349,59,64,43,121.42,REPEATEDHITS,True,False,False,37700,649,27765819452.0,37,ASK,SHORT,1.0
NRG,2026-06-03 15:35:33.776587+00:00,PUT,145.0,2026-07-17,106497,71,71,5,135.03,REPEATEDHITSDESCENDINGFILL,True,False,False,106497,0,27765819452.0,44,ASK,SHORT,1.0
NRG,2026-05-29 18:25:40.167412+00:00,PUT,120.0,2027-03-19,146000,100,100,12,134.9,FLOORTRADELARGECAP,False,True,False,0,146000,27765819452.0,294,BID,LONG,0.5
NRG,2026-05-27 18:14:14.530650+00:00,PUT,142.0,2026-05-29,24990,49,49,1,137.53,REPEATEDHITS,True,False,False,24990,0,27765819452.0,2,ASK,SHORT,1.0
NUAI,2026-07-22 14:55:09.463098+00:00,CALL,6.5,2026-07-31,22500,750,2735,216,6.0001,REPEATEDHITS,False,False,False,0,22500,598629384.0,9,BID,SHORT,0.5
NUAI,2026-07-22 14:35:39.041129+00:00,CALL,6.5,2026-07-31,12206,305,1825,216,6.0801,REPEATEDHITSDESCENDINGFILL,False,False,False,3360,8846,598629384.0,9,BID,SHORT,0.5
NUAI,2026-07-22 14:28:42.641689+00:00,CALL,7.5,2026-08-28,18000,200,810,175,6.165,REPEATEDHITS,False,False,False,0,18000,598629384.0,37,BID,SHORT,0.5
NUAI,2026-07-22 14:05:10.667481+00:00,CALL,7.5,2026-07-31,31740,1058,2441,349,6.395,REPEATEDHITS,False,False,False,30240,1500,598629384.0,9,ASK,LONG,1.0
NUAI,2026-07-22 14:03:14.841482+00:00,CALL,6.5,2026-07-31,40108,670,781,216,6.375,REPEATEDHITSDESCENDINGFILL,False,False,False,40108,0,598629384.0,9,ASK,LONG,1.0
NUAI,2026-07-22 14:03:03.998406+00:00,CALL,10.0,2026-09-18,45000,500,5029,63,6.335,REPEATEDHITS,False,False,False,45000,0,598629384.0,58,ASK,LONG,1.0
NUAI,2026-07-22 13:46:44.779514+00:00,CALL,10.0,2026-09-18,85000,1000,1000,63,6.18,REPEATEDHITS,True,False,False,0,85000,598629384.0,58,BID,SHORT,0.5
NUAI,2026-07-21 19:22:11.300550+00:00,CALL,6.0,2026-08-28,23000,200,426,103,5.755,REPEATEDHITS,False,False,False,0,23000,598629384.0,38,BID,SHORT,0.5
NUAI,2026-07-21 19:13:07.464989+00:00,CALL,6.0,2026-08-07,14000,200,415,40,5.855,REPEATEDHITS,False,False,False,1680,12320,598629384.0,17,BID,SHORT,0.5
NUAI,2026-07-21 18:42:16.841705+00:00,CALL,6.5,2026-08-21,17000,200,1218,40,5.71,REPEATEDHITS,False,False,False,3400,13600,598629384.0,31,BID,SHORT,0.5
NUAI,2026-07-21 14:48:53.928568+00:00,CALL,6.5,2026-08-21,17200,200,405,40,5.7,REPEATEDHITSASCENDINGFILL,False,False,False,0,17200,598629384.0,31,BID,SHORT,0.5
NUAI,2026-07-20 18:14:20.581541+00:00,CALL,6.0,2026-08-21,14240,178,1989,0,5.125,REPEATEDHITS,False,False,False,0,14240,598629384.0,32,BID,SHORT,0.5
NUAI,2026-07-20 18:13:34.319907+00:00,CALL,6.0,2026-08-21,16000,200,1811,0,5.13,REPEATEDHITS,False,False,False,0,16000,598629384.0,32,BID,SHORT,0.5
NUAI,2026-07-20 16:14:10.070269+00:00,CALL,6.0,2026-08-21,15000,200,1010,0,5.0,REPEATEDHITS,False,False,False,0,15000,598629384.0,32,BID,SHORT,0.5
NUAI,2026-07-20 15:23:36.383690+00:00,CALL,6.0,2026-08-21,15400,200,510,0,5.025,REPEATEDHITS,False,False,False,0,15400,598629384.0,32,BID,SHORT,0.5
NUAI,2026-07-20 15:07:34.077246+00:00,CALL,5.5,2026-08-14,14000,200,1905,2,4.92,REPEATEDHITS,False,False,False,2520,11480,598629384.0,25,BID,SHORT,0.5
NUAI,2026-07-20 15:05:52.944640+00:00,CALL,5.5,2026-08-14,14000,200,1705,2,4.9277,REPEATEDHITS,False,False,False,2100,11900,598629384.0,25,BID,SHORT,0.5
NUAI,2026-07-20 15:01:37.306950+00:00,CALL,5.0,2026-09-18,23380,167,205,10,4.86,REPEATEDHITS,False,False,False,23380,0,598629384.0,60,ASK,LONG,1.0
NUAI,2026-07-20 14:57:37.529889+00:00,CALL,7.5,2026-09-18,15450,206,370,0,4.87,REPEATEDHITS,False,False,False,0,12525,598629384.0,60,BID,SHORT,0.5
NUAI,2026-07-20 14:27:05.772564+00:00,CALL,5.5,2026-08-14,14000,200,1505,2,4.915,REPEATEDHITS,False,False,False,1540,12460,598629384.0,25,BID,SHORT,0.5
NUAI,2026-07-20 13:58:03.126379+00:00,CALL,5.5,2026-08-14,13100,200,505,2,4.82,REPEATEDHITSASCENDINGFILL,False,False,False,0,13100,598629384.0,25,BID,SHORT,0.5
NUAI,2026-07-16 19:51:50.938519+00:00,CALL,4.5,2026-08-14,11056,200,2315,4,3.94,REPEATEDHITSASCENDINGFILL,False,False,False,1870,9186,598629384.0,29,BID,SHORT,0.5
NUAI,2026-07-16 19:43:57.264002+00:00,CALL,4.5,2026-08-14,11000,200,1915,4,3.925,REPEATEDHITS,False,False,False,0,11000,598629384.0,29,BID,SHORT,0.5
NUAI,2026-07-16 19:39:35.353206+00:00,CALL,4.5,2026-08-14,11000,200,1412,4,3.9205,REPEATEDHITS,False,False,False,1760,9240,598629384.0,29,BID,SHORT,0.5
NUAI,2026-07-16 19:38:34.911532+00:00,CALL,4.5,2026-08-14,11102,200,1212,4,3.925,REPEATEDHITSASCENDINGFILL,False,False,False,1320,9782,598629384.0,29,BID,SHORT,0.5
NUAI,2026-07-16 19:11:02.733294+00:00,CALL,4.5,2026-08-14,12000,200,1005,4,3.985,REPEATEDHITS,False,False,False,0,12000,598629384.0,29,BID,SHORT,0.5
NUAI,2026-07-16 19:08:16.226906+00:00,CALL,4.5,2026-08-14,12000,200,405,4,3.98,REPEATEDHITS,False,False,False,0,12000,598629384.0,29,BID,SHORT,0.5
NUAI,2026-07-10 17:01:19.989499+00:00,CALL,4.5,2026-07-31,11000,200,900,4,4.29,REPEATEDHITS,False,False,False,0,11000,598629384.0,21,BID,SHORT,0.5
NUAI,2026-07-01 17:24:42.065911+00:00,PUT,6.0,2026-07-17,32600,326,652,197,5.54,REPEATEDHITS,False,False,False,32600,0,598629384.0,16,ASK,SHORT,1.0
NUAI,2026-07-01 17:24:37.261809+00:00,PUT,6.0,2026-07-17,32600,326,326,197,5.555,REPEATEDHITS,False,False,False,6600,19500,598629384.0,16,BID,LONG,0.5
NUAI,2026-07-01 16:09:40.647743+00:00,CALL,6.5,2026-07-17,22500,500,535,230,5.645,REPEATEDHITS,True,False,False,22500,0,598629384.0,16,ASK,LONG,1.0
NUAI,2026-06-29 17:38:02.361651+00:00,CALL,6.5,2026-07-17,10500,100,116,99,6.415,REPEATEDHITS,False,False,False,10500,0,598629384.0,18,ASK,LONG,1.0
NUAI,2026-06-29 13:51:55.483228+00:00,PUT,5.0,2026-07-10,15000,500,500,158,5.73,REPEATEDHITS,False,False,False,1950,13050,598629384.0,11,BID,LONG,0.5
NUAI,2026-06-23 15:20:34.614706+00:00,CALL,7.0,2026-07-17,11390,134,139,85,6.38,REPEATEDHITS,True,False,False,85,11305,598629384.0,24,BID,SHORT,0.5
NUAI,2026-06-22 19:56:04.810111+00:00,PUT,6.0,2026-06-26,11250,750,791,217,6.675,REPEATEDHITS,False,False,False,0,11250,598629384.0,4,BID,LONG,0.5
NUAI,2026-06-22 19:46:25.454832+00:00,PUT,5.0,2026-07-17,22500,750,3106,212,6.74,REPEATEDHITS,False,False,False,0,22500,598629384.0,25,BID,LONG,0.5
NUAI,2026-06-22 19:45:21.360505+00:00,PUT,5.0,2026-07-17,22500,750,1606,212,6.705,REPEATEDHITS,False,False,False,0,22500,598629384.0,25,BID,LONG,0.5
NUAI,2026-06-22 19:44:40.509008+00:00,PUT,5.0,2026-07-17,22726,750,856,212,6.72,REPEATEDHITSASCENDINGFILL,False,False,False,0,22726,598629384.0,25,BID,LONG,0.5
NUAI,2026-06-18 19:41:35.193343+00:00,CALL,6.0,2026-07-24,60090,500,750,96,6.21,REPEATEDHITSASCENDINGFILL,True,False,False,0,54090,598629384.0,36,BID,SHORT,0.5
NUAI,2026-06-15 14:28:06.698078+00:00,CALL,9.0,2026-07-31,130000,2500,2500,0,5.645,REPEATEDHITS,False,False,False,0,0,598629384.0,46,MIXED,,0.0
NUAI,2026-06-15 14:28:06.698078+00:00,CALL,6.0,2026-07-31,254750,2000,2000,0,5.68,REPEATEDHITSASCENDINGFILL,False,False,False,0,0,598629384.0,46,MIXED,,0.0
NUAI,2026-06-03 18:08:49.080361+00:00,CALL,10.0,2026-07-17,16000,400,400,0,5.885,REPEATEDHITS,False,False,False,0,13280,598629384.0,44,BID,SHORT,0.5
NUAI,2026-06-02 17:13:05.420503+00:00,CALL,6.5,2026-06-18,14000,200,617,100,6.255,REPEATEDHITS,False,False,False,0,11340,598629384.0,16,BID,SHORT,0.5
NUAI,2026-06-01 18:48:59.171469+00:00,CALL,8.0,2026-07-10,13715,250,250,0,5.7,REPEATEDHITSDESCENDINGFILL,False,False,False,11625,0,598629384.0,39,ASK,LONG,1.0
NUAI,2026-06-01 17:26:51.020636+00:00,CALL,6.0,2026-06-18,15383,200,6566,136,5.995,REPEATEDHITSASCENDINGFILL,False,False,False,0,15383,598629384.0,17,BID,SHORT,0.5
NUAI,2026-06-01 17:18:55.299705+00:00,CALL,6.0,2026-06-18,17040,213,5128,136,5.99,REPEATEDHITS,False,False,False,17040,0,598629384.0,17,ASK,LONG,1.0
NUAI,2026-06-01 17:16:07.969418+00:00,CALL,6.0,2026-06-18,15440,193,4440,136,5.96,REPEATEDHITS,True,False,False,15440,0,598629384.0,17,ASK,LONG,1.0
NUAI,2026-06-01 17:09:57.364110+00:00,CALL,6.0,2026-06-18,149780,2000,2033,136,5.81,REPEATEDHITSASCENDINGFILL,False,False,False,149780,0,598629384.0,17,ASK,LONG,1.0
NUAI,2026-06-01 16:51:17.123656+00:00,CALL,6.0,2026-06-05,47998,2000,2103,65,5.455,REPEATEDHITSASCENDINGFILL,False,False,False,47998,0,598629384.0,4,ASK,LONG,1.0
NUAI,2026-05-29 14:04:20.265874+00:00,CALL,5.0,2026-07-10,20000,200,200,9,4.885,REPEATEDHITS,True,False,False,100,400,598629384.0,42,BID,SHORT,0.5
NUGT,2026-07-22 14:26:51.471808+00:00,CALL,122.0,2026-07-24,26730,99,107,71,120.63,REPEATEDHITS,True,False,False,270,25110,853876414.0,2,BID,SHORT,0.5
NUGT,2026-07-22 13:46:47.188249+00:00,CALL,119.0,2026-07-24,13160,28,28,18,121.685,REPEATEDHITS,False,False,False,13160,0,853876414.0,2,ASK,LONG,1.0
NUGT,2026-07-21 14:13:53.782941+00:00,CALL,109.0,2026-07-24,20350,55,55,10,108.8799,REPEATEDHITS,True,False,False,20350,0,853876414.0,3,ASK,LONG,1.0
NUGT,2026-07-20 18:34:48.826347+00:00,PUT,99.0,2026-07-31,10350,23,23,0,102.8,REPEATEDHITS,True,False,False,10350,0,853876414.0,11,ASK,SHORT,1.0
NUGT,2026-07-15 17:29:45.785914+00:00,PUT,120.0,2026-08-07,75000,50,53,5,110.8599,REPEATEDHITS,True,False,False,0,75000,853876414.0,23,BID,LONG,0.5
NUGT,2026-07-14 13:32:10.688730+00:00,PUT,125.0,2026-12-18,560000,200,200,15,118.15,REPEATEDHITS,False,False,False,159600,0,853876414.0,157,ASK,SHORT,1.0
NUGT,2026-07-08 15:24:13.345406+00:00,PUT,108.0,2026-07-10,30995,62,62,3,105.955,REPEATEDHITS,True,False,False,30995,0,853876414.0,2,ASK,SHORT,1.0
NUGT,2026-07-07 14:07:32.006580+00:00,CALL,128.0,2026-07-31,12600,15,15,3,122.0801,REPEATEDHITS,True,False,False,0,12600,853876414.0,24,BID,SHORT,0.5
NUGT,2026-07-02 17:58:36.691620+00:00,CALL,131.0,2026-07-31,19450,24,24,1,121.765,REPEATEDHITS,True,False,False,820,18630,853876414.0,29,BID,SHORT,0.5
NUGT,2026-07-01 15:09:46.911410+00:00,CALL,116.0,2026-07-10,18260,22,22,0,120.0003,REPEATEDHITS,True,False,False,0,18260,853876414.0,9,BID,SHORT,0.5
NUGT,2026-07-01 13:41:17.147036+00:00,CALL,129.0,2026-07-10,24750,90,90,2,119.12,REPEATEDHITS,True,False,False,24750,0,853876414.0,9,ASK,LONG,1.0
NUGT,2026-06-29 14:12:20.816979+00:00,PUT,133.0,2026-08-21,18620,7,7,1,116.0,REPEATEDHITS,True,False,False,18620,0,853876414.0,53,ASK,SHORT,1.0
NUGT,2026-06-26 17:18:18.148343+00:00,CALL,127.0,2026-07-02,12880,28,33,7,124.8,REPEATEDHITS,True,False,False,0,12880,853876414.0,6,BID,SHORT,0.5
NUGT,2026-06-26 15:11:25.105425+00:00,CALL,125.0,2026-07-02,32240,62,108,53,124.175,REPEATEDHITS,True,False,False,0,32240,853876414.0,6,BID,SHORT,0.5
NUGT,2026-06-25 19:56:08.885511+00:00,CALL,130.0,2026-07-02,30135,147,358,8,118.41,REPEATEDHITS,False,False,False,30135,0,853876414.0,7,ASK,LONG,1.0
NUGT,2026-06-25 16:36:03.480125+00:00,PUT,110.0,2026-07-02,39000,156,160,61,120.665,REPEATEDHITS,False,False,False,0,39000,853876414.0,7,BID,LONG,0.5
NUGT,2026-06-25 16:19:35.949058+00:00,PUT,120.0,2026-08-21,111780,69,69,4,121.68,REPEATEDHITS,True,False,False,0,111780,853876414.0,57,BID,LONG,0.5
NUGT,2026-06-23 18:54:55.898511+00:00,CALL,142.0,2026-07-10,11335,27,27,1,125.01,REPEATEDHITSDESCENDINGFILL,False,False,False,0,11335,853876414.0,17,BID,SHORT,0.5
NUGT,2026-06-23 14:47:40.704412+00:00,PUT,142.0,2026-07-17,64380,29,29,0,125.71,REPEATEDHITS,True,False,False,64380,0,853876414.0,24,ASK,SHORT,1.0
NUGT,2026-06-22 19:55:10.937406+00:00,CALL,120.0,2026-07-17,94920,42,42,10,136.875,REPEATEDHITS,False,False,False,2260,92660,853876414.0,25,BID,SHORT,0.5
NUGT,2026-06-22 18:06:43.139446+00:00,PUT,125.0,2026-08-21,19800,15,16,0,136.15,REPEATEDHITS,True,False,False,0,19800,853876414.0,60,BID,LONG,0.5
NUGT,2026-06-17 19:17:57.421824+00:00,PUT,154.0,2026-06-18,19600,56,57,15,157.0,REPEATEDHITS,True,False,False,19600,0,853876414.0,1,ASK,SHORT,1.0
NUGT,2026-06-15 14:11:27.950649+00:00,CALL,170.0,2026-06-18,21000,100,302,43,155.6958,REPEATEDHITS,False,False,False,0,21000,853876414.0,3,BID,SHORT,0.5
NUGT,2026-06-12 19:40:21.570306+00:00,CALL,155.0,2026-07-17,18968,26,261,13,133.605,REPEATEDHITSDESCENDINGFILL,True,False,False,16048,2920,853876414.0,35,ASK,LONG,1.0
NUGT,2026-06-12 18:23:20.271648+00:00,CALL,145.0,2026-09-18,213750,95,96,4,135.5751,REPEATEDHITS,False,False,False,213750,0,853876414.0,98,ASK,LONG,1.0
NUGT,2026-06-12 17:56:00.581942+00:00,CALL,130.0,2026-07-10,37950,23,26,1,135.54,REPEATEDHITS,True,False,False,1650,36300,853876414.0,28,BID,SHORT,0.5
NUGT,2026-06-12 16:02:58.810160+00:00,PUT,132.0,2026-06-18,27300,39,39,0,131.375,REPEATEDHITS,True,False,False,27300,0,853876414.0,6,ASK,SHORT,1.0
NUGT,2026-06-12 15:42:33.028795+00:00,PUT,133.0,2026-06-18,20590,29,29,0,132.5728,REPEATEDHITS,True,False,False,20590,0,853876414.0,6,ASK,SHORT,1.0
NUGT,2026-06-11 18:01:06.902346+00:00,CALL,121.0,2026-06-18,85280,104,108,0,123.9624,REPEATEDHITS,True,False,False,0,85280,853876414.0,7,BID,SHORT,0.5
NUGT,2026-06-08 15:12:16.059115+00:00,PUT,140.0,2026-09-18,427980,150,250,52,133.335,REPEATEDHITSASCENDINGFILL,False,False,False,37030,8540,853876414.0,102,ASK,SHORT,1.0
NUGT,2026-06-08 15:05:39.707415+00:00,PUT,140.0,2026-09-18,160530,55,100,52,132.73,REPEATEDHITSASCENDINGFILL,False,False,False,14590,8770,853876414.0,102,ASK,SHORT,1.0
NUGT,2026-06-08 15:05:36.703059+00:00,PUT,125.0,2026-09-18,120640,58,61,45,132.73,REPEATEDHITSDESCENDINGFILL,False,False,False,2090,29010,853876414.0,102,BID,LONG,0.5
NUGT,2026-06-08 14:45:52.094669+00:00,CALL,175.0,2026-07-17,22000,44,45,17,133.1,REPEATEDHITS,True,False,False,22000,0,853876414.0,39,ASK,LONG,1.0
NUGT,2026-06-05 14:24:39.126605+00:00,PUT,138.0,2026-06-05,14569,62,63,55,137.37,REPEATEDHITS,True,False,False,14569,0,853876414.0,0,ASK,SHORT,1.0
NUGT,2026-06-03 19:59:06.882310+00:00,CALL,160.0,2026-07-02,22950,17,18,0,154.12,REPEATEDHITS,True,False,False,0,22950,853876414.0,29,BID,SHORT,0.5
NUGT,2026-06-02 13:59:35.416103+00:00,CALL,168.0,2026-06-05,13682,36,36,11,160.8,REPEATEDHITS,True,False,False,0,13682,853876414.0,3,BID,SHORT,0.5
NUGT,2026-06-01 19:49:01.016268+00:00,PUT,153.0,2026-06-05,24420,74,79,5,161.465,REPEATEDHITS,True,False,False,24420,0,853876414.0,4,ASK,SHORT,1.0
NUGT,2026-05-26 14:54:01.092838+00:00,CALL,168.0,2026-05-29,15040,32,33,25,164.66,REPEATEDHITS,True,False,False,0,15040,853876414.0,3,BID,SHORT,0.5
NYT,2026-07-21 19:47:40.963381+00:00,PUT,75.0,2026-08-21,13690,37,1536,4,74.9,REPEATEDHITS,False,False,False,0,13690,12031212713.0,31,BID,LONG,0.5
NYT,2026-07-21 19:47:39.156927+00:00,PUT,75.0,2026-08-21,21460,58,1251,4,74.86,REPEATEDHITS,True,False,False,7770,10730,12031212713.0,31,BID,LONG,0.5
NYT,2026-07-21 19:47:39.156927+00:00,PUT,75.0,2026-08-21,37000,100,1448,4,74.88,REPEATEDHITS,False,False,False,9990,27010,12031212713.0,31,BID,LONG,0.5
NYT,2026-07-21 19:47:36.151970+00:00,PUT,75.0,2026-08-21,21810,59,1044,4,74.88,REPEATEDHITSASCENDINGFILL,True,False,False,20350,1460,12031212713.0,31,ASK,SHORT,1.0
ON,2026-07-22 15:05:55.200232+00:00,PUT,90.0,2026-08-07,70686,101,107,70,93.24,REPEATEDHITSDESCENDINGFILL,False,False,False,34996,35690,35686704572.0,16,BID,LONG,0.5
ON,2026-07-22 14:55:41.901182+00:00,CALL,96.0,2026-08-07,88440,134,498,44,91.73,REPEATEDHITS,True,False,False,0,88440,35686704572.0,16,BID,SHORT,0.5
ON,2026-07-22 14:42:20.595243+00:00,CALL,99.0,2026-08-21,10950,15,24,3,91.89,REPEATEDHITS,True,False,False,10950,0,35686704572.0,30,ASK,LONG,1.0
ON,2026-07-21 17:33:02.717234+00:00,PUT,91.0,2026-07-31,154672,260,283,114,90.83,REPEATEDHITSDESCENDINGFILL,False,False,False,154672,0,35686704572.0,10,ASK,SHORT,1.0
ON,2026-07-21 16:17:03.306615+00:00,CALL,92.0,2026-07-31,36335,75,75,48,90.24,REPEATEDHITS,True,False,False,21460,14875,35686704572.0,10,ASK,LONG,1.0
ON,2026-07-21 16:17:03.306615+00:00,CALL,89.0,2026-07-31,40630,64,64,18,90.31,REPEATEDHITSDESCENDINGFILL,True,False,False,36830,3800,35686704572.0,10,ASK,LONG,1.0
ON,2026-07-21 16:17:03.306615+00:00,CALL,95.0,2026-07-31,239375,647,649,210,90.195,REPEATEDHITSDESCENDINGFILL,False,False,False,238270,740,35686704572.0,10,ASK,LONG,1.0
ON,2026-07-21 14:52:58.068787+00:00,CALL,93.0,2026-08-21,15570,18,29,12,89.93,REPEATEDHITS,True,False,False,0,15570,35686704572.0,31,BID,SHORT,0.5
ON,2026-07-21 14:52:58.068787+00:00,CALL,96.0,2026-08-21,17880,24,24,0,89.93,REPEATEDHITS,True,False,False,0,17880,35686704572.0,31,BID,SHORT,0.5
ON,2026-07-21 14:41:20.708715+00:00,CALL,97.0,2026-08-21,21300,30,31,1,89.71,REPEATEDHITS,True,False,False,21300,0,35686704572.0,31,ASK,LONG,1.0
ON,2026-07-20 18:51:31.120702+00:00,CALL,90.0,2026-10-16,347760,252,267,137,87.31,REPEATEDHITS,False,False,False,347760,0,35686704572.0,88,ASK,LONG,1.0
ON,2026-07-20 17:06:54.888960+00:00,CALL,86.0,2026-07-31,236876,336,338,3,87.835,REPEATEDHITSDESCENDINGFILL,True,False,False,231236,5640,35686704572.0,11,ASK,LONG,1.0
ON,2026-07-20 16:27:22.750595+00:00,CALL,91.0,2026-08-14,23240,29,29,3,88.33,REPEATEDHITSDESCENDINGFILL,False,False,False,7240,16000,35686704572.0,25,BID,SHORT,0.5
ON,2026-07-20 16:21:58.917699+00:00,CALL,90.0,2026-07-31,59400,110,118,108,88.65,REPEATEDHITS,True,False,False,54000,2700,35686704572.0,11,ASK,LONG,1.0
ON,2026-07-20 14:48:36.613691+00:00,CALL,86.0,2026-07-24,13260,26,26,7,87.955,REPEATEDHITS,False,False,False,0,13260,35686704572.0,4,BID,SHORT,0.5
ON,2026-07-20 13:56:43.772041+00:00,PUT,72.0,2026-07-24,60766,1321,1355,11,88.71,REPEATEDHITS,True,False,False,60766,0,35686704572.0,4,ASK,SHORT,1.0
ON,2026-07-17 17:37:15.529430+00:00,PUT,81.0,2026-08-07,44460,89,90,29,89.07,REPEATEDHITS,True,False,False,43950,510,35686704572.0,21,ASK,SHORT,1.0
ON,2026-07-17 16:39:49.293550+00:00,CALL,98.0,2026-07-24,22165,155,158,151,88.705,REPEATEDHITS,True,False,False,0,22165,35686704572.0,7,BID,SHORT,0.5
ON,2026-07-17 16:10:55.013543+00:00,CALL,89.0,2026-07-17,23689,228,261,154,89.2466,REPEATEDHITSASCENDINGFILL,True,False,False,12076,11613,35686704572.0,0,ASK,LONG,1.0
ON,2026-07-17 16:02:37.944448+00:00,CALL,97.0,2026-08-07,64800,118,123,78,88.81,REPEATEDHITSDESCENDINGFILL,True,False,False,64265,535,35686704572.0,21,ASK,LONG,1.0
ON,2026-07-17 16:02:37.944448+00:00,CALL,96.0,2026-08-07,25700,44,49,39,88.81,REPEATEDHITSDESCENDINGFILL,False,False,False,25700,0,35686704572.0,21,ASK,LONG,1.0
ON,2026-07-17 16:02:37.944448+00:00,CALL,98.0,2026-08-07,61793,120,127,25,88.8,REPEATEDHITSDESCENDINGFILL,True,False,False,61793,0,35686704572.0,21,ASK,LONG,1.0
ON,2026-07-17 15:56:18.943487+00:00,PUT,79.0,2026-07-31,711445,2541,2543,0,88.59,REPEATEDHITSDESCENDINGFILL,False,False,False,711199,246,35686704572.0,14,ASK,SHORT,1.0
ON,2026-07-17 15:19:28.733200+00:00,PUT,84.0,2026-08-07,48635,71,248,13,86.76,REPEATEDHITS,False,False,False,0,48635,35686704572.0,21,BID,LONG,0.5
ON,2026-07-17 14:47:11.047393+00:00,PUT,85.0,2026-10-16,1154321,888,891,315,87.2,REPEATEDHITSDESCENDINGFILL,False,False,False,1141371,12950,35686704572.0,91,ASK,SHORT,1.0
ON,2026-07-16 19:45:38.496698+00:00,PUT,91.0,2026-08-14,11300,10,43,4,87.0,REPEATEDHITS,False,False,False,2260,9040,35686704572.0,29,BID,LONG,0.5
ON,2026-07-16 18:35:44.855251+00:00,PUT,65.0,2026-10-16,82355,181,288,41,87.17,REPEATEDHITS,False,False,False,82355,0,35686704572.0,92,ASK,SHORT,1.0
ON,2026-07-16 18:00:42.869261+00:00,CALL,82.0,2026-08-28,16965,13,160,0,86.82,REPEATEDHITS,True,False,False,16965,0,35686704572.0,43,ASK,LONG,1.0
ON,2026-07-16 17:52:08.049838+00:00,CALL,110.0,2026-08-07,93279,527,527,87,86.68,REPEATEDHITS,False,False,False,0,93279,35686704572.0,22,BID,SHORT,0.5
ON,2026-07-16 17:27:25.755320+00:00,PUT,87.0,2026-07-17,55257,339,1715,278,87.19,REPEATEDHITS,False,False,False,0,55257,35686704572.0,1,BID,LONG,0.5
ON,2026-07-16 15:49:51.303157+00:00,PUT,65.0,2026-10-16,46195,105,107,41,88.38,REPEATEDHITS,False,False,False,45760,0,35686704572.0,92,ASK,SHORT,1.0
ON,2026-07-16 15:39:18.516032+00:00,PUT,91.0,2026-08-14,16480,16,16,4,88.8,REPEATEDHITS,False,False,False,1030,15450,35686704572.0,29,BID,LONG,0.5
ON,2026-07-16 14:18:46.054953+00:00,PUT,87.0,2026-07-17,145970,1327,1352,278,89.01,REPEATEDHITS,True,False,False,0,145970,35686704572.0,1,BID,LONG,0.5
ON,2026-07-15 19:56:52.184173+00:00,PUT,50.0,2027-03-19,686703,1900,1900,94,92.35,REPEATEDHITSDESCENDINGFILL,False,False,False,1169,685534,35686704572.0,247,BID,LONG,0.5
ON,2026-07-15 16:53:05.020812+00:00,PUT,93.0,2026-08-14,19170,18,41,6,91.855,REPEATEDHITS,False,False,False,0,19170,35686704572.0,30,BID,LONG,0.5
ON,2026-07-15 15:30:29.199191+00:00,CALL,81.0,2026-07-24,13500,10,10,1,93.05,REPEATEDHITS,False,False,False,8100,2700,35686704572.0,9,ASK,LONG,1.0
ON,2026-07-15 15:28:42.972757+00:00,PUT,88.0,2026-07-31,54255,117,117,11,92.62,REPEATEDHITS,True,False,False,41375,12880,35686704572.0,16,ASK,SHORT,1.0
ON,2026-07-15 15:28:42.972757+00:00,PUT,87.0,2026-07-31,46510,111,111,83,92.62,REPEATEDHITS,False,False,False,37795,8715,35686704572.0,16,ASK,SHORT,1.0
ON,2026-07-15 15:28:42.972757+00:00,PUT,92.0,2026-07-31,38761,61,61,51,92.62,REPEATEDHITSDESCENDINGFILL,False,False,False,635,38126,35686704572.0,16,BID,LONG,0.5
ON,2026-07-15 15:28:42.972757+00:00,PUT,90.0,2026-07-31,99370,184,200,74,92.62,REPEATEDHITS,False,False,False,0,99370,35686704572.0,16,BID,LONG,0.5
ON,2026-07-14 19:47:17.609741+00:00,PUT,75.0,2026-10-16,462957,691,708,435,93.68,REPEATEDHITSDESCENDINGFILL,False,False,False,462957,0,35686704572.0,94,ASK,SHORT,1.0
ON,2026-07-14 17:54:33.244070+00:00,PUT,93.0,2026-07-31,17415,27,32,19,94.145,REPEATEDHITS,False,False,False,5805,11610,35686704572.0,17,BID,LONG,0.5
ON,2026-07-14 16:04:12.511180+00:00,CALL,85.0,2026-08-21,371140,241,244,170,93.24,REPEATEDHITS,False,False,False,371140,0,35686704572.0,38,ASK,LONG,1.0
ON,2026-07-14 15:25:16.689005+00:00,PUT,100.0,2026-08-14,21040,16,16,0,94.63,REPEATEDHITS,False,False,False,0,21040,35686704572.0,31,BID,LONG,0.5
ON,2026-07-14 13:38:49.621298+00:00,CALL,94.0,2026-07-24,33110,53,54,34,94.705,REPEATEDHITSDESCENDINGFILL,True,False,False,32495,615,35686704572.0,10,ASK,LONG,1.0
ON,2026-07-13 18:31:40.566573+00:00,PUT,60.0,2026-10-16,49500,165,165,62,90.8,REPEATEDHITS,False,False,False,49500,0,35686704572.0,95,ASK,SHORT,1.0
ON,2026-07-13 18:00:51.168770+00:00,CALL,91.0,2026-07-24,360935,617,627,23,91.19,REPEATEDHITSDESCENDINGFILL,False,False,False,332270,28665,35686704572.0,11,ASK,LONG,1.0
ON,2026-07-13 16:38:10.410886+00:00,CALL,89.0,2026-07-24,23680,37,62,3,90.96,REPEATEDHITS,False,False,False,0,23680,35686704572.0,11,BID,SHORT,0.5
ON,2026-07-13 16:32:35.404536+00:00,CALL,89.0,2026-07-24,16750,25,25,3,91.36,REPEATEDHITS,False,False,False,0,16750,35686704572.0,11,BID,SHORT,0.5
ON,2026-07-13 16:20:19.034162+00:00,CALL,87.0,2026-07-31,709766,728,783,2,91.64,REPEATEDHITSDESCENDINGFILL,True,False,False,708796,970,35686704572.0,18,ASK,LONG,1.0
ONON,2026-07-22 14:34:22.944284+00:00,PUT,34.0,2026-08-21,27388,205,501,6,36.34,REPEATEDHITSASCENDINGFILL,False,False,False,8444,11440,11055563666.0,30,BID,LONG,0.5
ONON,2026-07-22 14:34:10.124253+00:00,PUT,34.0,2026-08-21,26257,195,295,6,36.31,REPEATEDHITSDESCENDINGFILL,True,False,False,19272,135,11055563666.0,30,ASK,SHORT,1.0
ONON,2026-07-22 14:23:19.283129+00:00,CALL,35.0,2026-08-14,29208,94,94,5,36.44,REPEATEDHITS,False,False,False,0,29208,11055563666.0,23,BID,SHORT,0.5
ONON,2026-07-21 18:40:53.954427+00:00,CALL,34.5,2026-08-21,10660,26,26,0,37.15,REPEATEDHITS,False,False,False,0,10660,11055563666.0,31,BID,SHORT,0.5
ONON,2026-07-21 17:01:28.847091+00:00,PUT,35.5,2026-07-31,16750,335,335,4,37.38,REPEATEDHITS,False,False,False,0,16750,11055563666.0,10,BID,LONG,0.5
ONON,2026-07-20 15:51:57.646663+00:00,CALL,50.0,2027-01-15,2091500,11750,20056,3733,37.44,REPEATEDHITS,False,False,False,2091500,0,11055563666.0,179,ASK,LONG,1.0
ONON,2026-07-16 18:21:10.408260+00:00,CALL,37.0,2026-08-14,54500,158,158,2,38.4692,REPEATEDHITS,False,False,False,54500,0,11055563666.0,29,ASK,LONG,1.0
ONON,2026-07-16 18:21:10.408260+00:00,CALL,38.0,2026-08-14,92504,321,321,2,38.4692,REPEATEDHITSDESCENDINGFILL,True,False,False,16184,76320,11055563666.0,29,BID,SHORT,0.5
ONON,2026-07-16 18:21:10.408260+00:00,CALL,39.0,2026-08-14,64350,268,268,3,38.4692,REPEATEDHITSDESCENDINGFILL,True,False,False,2430,61920,11055563666.0,29,BID,SHORT,0.5
ONON,2026-07-15 19:15:38.850457+00:00,PUT,39.5,2026-07-24,25300,110,110,15,37.605,REPEATEDHITS,False,False,False,0,25300,11055563666.0,9,BID,LONG,0.5
ONON,2026-07-15 14:59:11.819277+00:00,PUT,37.5,2026-07-24,17100,225,230,71,38.36,REPEATEDHITS,False,False,False,0,17100,11055563666.0,9,BID,LONG,0.5
ONON,2026-07-10 19:00:15.627137+00:00,PUT,39.0,2026-07-31,10653,53,160,0,38.3992,REPEATEDHITS,True,False,False,10653,0,11055563666.0,21,ASK,SHORT,1.0
ONON,2026-07-10 17:34:20.807482+00:00,PUT,38.5,2026-07-17,11730,102,179,5,38.14,REPEATEDHITS,True,False,False,11155,575,11055563666.0,7,ASK,SHORT,1.0
ONON,2026-07-10 16:04:15.941658+00:00,PUT,39.0,2026-07-31,22189,107,107,0,38.3,REPEATEDHITSASCENDINGFILL,True,False,False,22189,0,11055563666.0,21,ASK,SHORT,1.0
ONON,2026-07-10 14:32:57.695033+00:00,PUT,38.0,2026-07-24,12012,66,81,61,37.13,REPEATEDHITS,True,False,False,12012,0,11055563666.0,14,ASK,SHORT,1.0
ONON,2026-07-09 15:18:54.619428+00:00,PUT,38.5,2026-07-24,14718,66,70,52,37.11,REPEATEDHITS,True,False,False,14718,0,11055563666.0,15,ASK,SHORT,1.0
ONON,2026-07-08 17:07:18.871795+00:00,CALL,35.0,2026-08-21,22000,63,68,60,36.1,REPEATEDHITSDESCENDINGFILL,False,False,False,22000,0,11055563666.0,44,ASK,LONG,1.0
ONON,2026-07-08 16:55:13.243804+00:00,PUT,32.5,2026-07-24,11376,316,316,8,35.835,REPEATEDHITS,False,False,False,0,11376,11055563666.0,16,BID,LONG,0.5
ONON,2026-07-08 14:18:09.223723+00:00,PUT,36.5,2026-07-10,23427,221,261,141,35.79,REPEATEDHITS,False,False,False,0,23427,11055563666.0,2,BID,LONG,0.5
ONON,2026-07-07 13:53:25.796110+00:00,CALL,38.0,2026-07-17,14550,194,201,56,36.415,REPEATEDHITS,False,False,False,0,14025,11055563666.0,10,BID,SHORT,0.5
ONON,2026-07-06 16:54:32.123391+00:00,PUT,39.0,2026-07-17,15611,67,67,0,37.17,REPEATEDHITS,False,False,False,15611,0,11055563666.0,11,ASK,SHORT,1.0
ONON,2026-07-06 15:48:03.032167+00:00,CALL,37.0,2026-07-17,16926,161,485,158,36.6565,REPEATEDHITSASCENDINGFILL,True,False,False,16184,0,11055563666.0,11,ASK,LONG,1.0
ONON,2026-07-06 15:47:51.416515+00:00,CALL,37.0,2026-07-17,18900,180,324,158,36.63,REPEATEDHITS,False,False,False,18900,0,11055563666.0,11,ASK,LONG,1.0
ONON,2026-07-06 15:41:01.803443+00:00,PUT,30.0,2026-08-21,10088,194,1138,164,36.615,REPEATEDHITS,False,False,False,0,10088,11055563666.0,46,BID,LONG,0.5
ONON,2026-07-06 15:40:50.590719+00:00,PUT,30.0,2026-08-21,30381,533,671,164,36.59,REPEATEDHITS,True,False,False,2052,17043,11055563666.0,46,BID,LONG,0.5
ONON,2026-07-06 15:40:50.590719+00:00,PUT,30.0,2026-08-21,13475,245,944,164,36.615,REPEATEDHITS,False,False,False,8690,0,11055563666.0,46,ASK,SHORT,1.0
ONON,2026-07-02 15:48:45.856626+00:00,CALL,36.0,2026-07-24,15336,72,79,52,36.89,REPEATEDHITS,True,False,False,213,15123,11055563666.0,22,BID,SHORT,0.5
ONON,2026-07-01 15:30:36.019024+00:00,PUT,36.0,2026-07-02,14878,346,351,163,36.03,REPEATEDHITS,False,False,False,14878,0,11055563666.0,1,ASK,SHORT,1.0
ONON,2026-06-30 16:29:24.049612+00:00,CALL,35.0,2026-07-10,11502,81,82,21,35.565,REPEATEDHITS,False,False,False,0,11502,11055563666.0,10,BID,SHORT,0.5
ONON,2026-06-29 15:01:26.899979+00:00,CALL,40.0,2026-07-24,13511,229,231,61,36.435,REPEATEDHITS,False,False,False,0,13511,11055563666.0,25,BID,SHORT,0.5
ONON,2026-06-29 14:48:28.201600+00:00,CALL,37.5,2026-08-21,10081,36,65,35,36.91,REPEATEDHITS,True,False,False,0,10081,11055563666.0,53,BID,SHORT,0.5
ONON,2026-06-26 19:45:19.944893+00:00,CALL,42.5,2026-08-21,37147,307,313,304,36.87,REPEATEDHITS,False,False,False,0,37147,11055563666.0,56,BID,SHORT,0.5
ONON,2026-06-26 15:53:34.876124+00:00,PUT,37.5,2026-07-02,18423,207,210,12,37.325,REPEATEDHITS,False,False,False,0,18423,11055563666.0,6,BID,LONG,0.5
ONON,2026-06-25 16:39:28.937216+00:00,CALL,38.5,2026-07-02,22381,437,441,64,37.37,REPEATEDHITS,False,False,False,2438,19943,11055563666.0,7,BID,SHORT,0.5
ONON,2026-06-25 15:46:40.660603+00:00,PUT,37.5,2026-08-21,11470,37,54,5,37.27,REPEATEDHITS,False,False,False,10850,620,11055563666.0,57,ASK,SHORT,1.0
ONON,2026-06-25 15:20:29.009747+00:00,CALL,42.0,2026-07-24,30406,661,665,46,37.21,REPEATEDHITS,False,False,False,0,30406,11055563666.0,29,BID,SHORT,0.5
ONON,2026-06-25 14:20:00.043878+00:00,PUT,40.0,2026-08-21,66420,162,162,14,38.06,REPEATEDHITS,False,False,False,0,66420,11055563666.0,57,BID,LONG,0.5
ONON,2026-06-25 14:11:13.162276+00:00,CALL,34.0,2026-07-10,10320,24,31,9,38.0,REPEATEDHITS,True,False,False,0,10320,11055563666.0,15,BID,SHORT,0.5
ONON,2026-06-24 19:20:35.118143+00:00,PUT,38.0,2026-07-24,10878,42,42,1,36.71,REPEATEDHITS,True,False,False,10878,0,11055563666.0,30,ASK,SHORT,1.0
ONON,2026-06-24 19:16:57.270018+00:00,CALL,40.0,2026-07-31,17654,182,194,89,36.75,REPEATEDHITS,False,False,False,0,17654,11055563666.0,37,BID,SHORT,0.5
ONON,2026-06-24 16:30:09.131271+00:00,PUT,37.0,2026-07-02,68096,532,532,69,36.42,REPEATEDHITS,False,False,False,0,68096,11055563666.0,8,BID,LONG,0.5
ONON,2026-06-24 14:20:27.043577+00:00,CALL,40.0,2026-08-21,217728,1296,1301,166,35.94,REPEATEDHITS,False,False,False,217728,0,11055563666.0,58,ASK,LONG,1.0
ONON,2026-06-23 18:21:14.640898+00:00,CALL,36.5,2026-07-10,12000,125,174,1,35.515,REPEATEDHITS,False,False,False,0,12000,11055563666.0,17,BID,SHORT,0.5
ONON,2026-06-23 14:25:03.367161+00:00,CALL,35.0,2026-07-02,47642,307,1907,215,35.655,REPEATEDHITSDESCENDINGFILL,False,False,False,27249,14514,11055563666.0,9,ASK,LONG,1.0
ONON,2026-06-23 14:24:51.948459+00:00,CALL,35.0,2026-07-02,86292,564,1406,215,35.625,REPEATEDHITS,False,False,False,0,0,11055563666.0,9,MIXED,,0.0
ONON,2026-06-23 14:24:44.339110+00:00,CALL,35.0,2026-07-02,111895,805,808,215,35.46,REPEATEDHITS,False,False,False,0,66998,11055563666.0,9,BID,SHORT,0.5
ONON,2026-06-22 15:53:55.155597+00:00,PUT,36.5,2026-07-10,14700,98,98,0,36.48,REPEATEDHITS,True,False,False,14700,0,11055563666.0,18,ASK,SHORT,1.0
ONON,2026-06-22 15:33:38.628925+00:00,CALL,35.0,2026-08-21,11700,30,30,0,36.2,REPEATEDHITS,True,False,False,11700,0,11055563666.0,60,ASK,LONG,1.0
ONON,2026-06-18 18:00:17.965866+00:00,CALL,52.5,2026-10-16,62890,662,666,28,38.91,REPEATEDHITS,False,False,False,62890,0,11055563666.0,120,ASK,LONG,1.0
ONON,2026-06-18 15:32:50.004623+00:00,CALL,40.5,2026-06-26,44865,997,1000,24,38.98,REPEATEDHITS,False,False,False,0,44865,11055563666.0,8,BID,SHORT,0.5
OSCR,2026-07-22 14:35:56.462437+00:00,CALL,30.5,2026-08-07,18675,83,83,23,29.845,REPEATEDHITS,True,False,False,18225,450,8181804540.0,16,ASK,LONG,1.0
OSCR,2026-07-21 18:38:31.393871+00:00,PUT,28.0,2026-11-20,632361,1664,1664,322,30.8,REPEATEDHITSASCENDINGFILL,False,False,False,0,632361,8181804540.0,122,BID,LONG,0.5
OSCR,2026-07-21 18:38:31.393871+00:00,PUT,29.0,2027-01-15,20600,40,42,26,30.92,REPEATEDHITS,False,False,False,0,20600,8181804540.0,178,BID,LONG,0.5
OSCR,2026-07-21 16:54:29.753469+00:00,PUT,24.0,2026-11-20,80364,362,581,160,30.6,REPEATEDHITS,False,False,False,0,80364,8181804540.0,122,BID,LONG,0.5
OSCR,2026-07-21 16:17:21.930084+00:00,PUT,20.0,2026-10-16,90041,1476,1476,638,30.46,REPEATEDHITS,False,False,False,310,89731,8181804540.0,87,BID,LONG,0.5
OSCR,2026-07-21 15:29:16.345197+00:00,PUT,24.0,2026-11-20,50151,219,219,160,30.53,REPEATEDHITS,False,False,False,0,50151,8181804540.0,122,BID,LONG,0.5
OSCR,2026-07-21 14:30:10.941101+00:00,PUT,30.5,2026-07-31,77322,526,566,32,30.71,REPEATEDHITS,False,False,False,0,77322,8181804540.0,10,BID,LONG,0.5
OSCR,2026-07-20 14:05:17.354359+00:00,CALL,33.0,2026-07-31,27881,569,672,68,29.475,REPEATEDHITS,False,False,False,0,27881,8181804540.0,11,BID,SHORT,0.5
OSCR,2026-07-16 18:02:22.807830+00:00,PUT,32.0,2026-08-21,214830,443,446,111,29.01,REPEATEDHITSDESCENDINGFILL,False,False,False,214830,0,8181804540.0,36,ASK,SHORT,1.0
OSCR,2026-07-14 14:32:26.882052+00:00,CALL,40.0,2026-07-31,16821,801,831,241,31.24,REPEATEDHITS,False,False,False,21,16800,8181804540.0,17,BID,SHORT,0.5
OSCR,2026-07-14 14:16:21.990785+00:00,PUT,34.0,2026-08-28,31000,62,65,0,31.7,REPEATEDHITS,True,False,False,30500,500,8181804540.0,45,ASK,SHORT,1.0
OSCR,2026-07-13 17:20:03.770996+00:00,PUT,28.5,2026-07-24,41846,854,869,7,31.62,REPEATEDHITS,False,False,False,0,41846,8181804540.0,11,BID,LONG,0.5
OSCR,2026-07-10 17:50:49.010546+00:00,PUT,26.0,2026-07-31,21750,435,439,36,30.66,REPEATEDHITS,False,False,False,50,21700,8181804540.0,21,BID,LONG,0.5
OSCR,2026-07-08 14:39:26.933610+00:00,CALL,34.0,2026-07-10,21998,1294,1392,937,31.31,REPEATEDHITS,False,False,False,0,21998,8181804540.0,2,BID,SHORT,0.5
OSCR,2026-07-08 14:07:43.204902+00:00,CALL,32.5,2026-07-10,46740,779,781,212,31.73,REPEATEDHITS,False,False,False,0,46740,8181804540.0,2,BID,SHORT,0.5
OSCR,2026-07-07 19:18:59.353979+00:00,CALL,32.5,2026-07-17,20306,180,216,37,31.37,REPEATEDHITS,False,False,False,16498,3808,8181804540.0,10,ASK,LONG,1.0
OSCR,2026-07-06 15:43:15.211407+00:00,PUT,32.0,2026-08-21,16600,40,40,30,31.43,REPEATEDHITS,False,False,False,16600,0,8181804540.0,46,ASK,SHORT,1.0
OSCR,2026-07-06 15:26:40.669856+00:00,PUT,32.0,2026-09-18,29450,62,88,22,31.4492,REPEATEDHITS,False,False,False,2850,26600,8181804540.0,74,BID,LONG,0.5
OSCR,2026-07-06 14:30:48.767414+00:00,CALL,31.5,2026-07-17,67525,365,370,360,31.63,REPEATEDHITS,False,False,False,0,67525,8181804540.0,11,BID,SHORT,0.5
OSCR,2026-07-02 17:54:31.230000+00:00,CALL,39.0,2026-08-21,16385,89,1176,41,31.85,REPEATEDHITSDESCENDINGFILL,True,False,False,16385,0,8181804540.0,50,ASK,LONG,1.0
OSCR,2026-07-02 16:03:23.574781+00:00,PUT,33.5,2026-07-17,12544,49,49,1,32.49,REPEATEDHITS,False,False,False,12544,0,8181804540.0,15,ASK,SHORT,1.0
OSCR,2026-07-02 14:36:22.827622+00:00,PUT,30.0,2026-09-18,22050,63,75,58,32.07,REPEATEDHITS,False,False,False,0,22050,8181804540.0,78,BID,LONG,0.5
OSCR,2026-07-02 14:15:05.594192+00:00,PUT,27.0,2026-08-21,81627,507,507,67,32.29,REPEATEDHITS,False,False,False,0,81627,8181804540.0,50,BID,LONG,0.5
OSCR,2026-07-01 19:30:52.703934+00:00,CALL,40.0,2027-12-17,252300,252,260,10,31.89,REPEATEDHITSDESCENDINGFILL,False,False,False,105040,147260,8181804540.0,534,BID,SHORT,0.5
OSCR,2026-07-01 19:30:52.703934+00:00,CALL,35.0,2027-03-19,160930,209,214,14,31.89,REPEATEDHITS,False,False,False,160930,0,8181804540.0,261,ASK,LONG,1.0
OSCR,2026-07-01 19:30:52.703934+00:00,PUT,32.0,2027-03-19,227355,286,286,0,31.89,REPEATEDHITS,False,False,False,226575,780,8181804540.0,261,ASK,SHORT,1.0
OSCR,2026-07-01 15:21:08.970412+00:00,PUT,29.0,2026-09-18,53475,155,155,28,30.955,REPEATEDHITS,False,False,False,36915,5175,8181804540.0,79,ASK,SHORT,1.0
OSCR,2026-07-01 14:01:20.902285+00:00,CALL,29.5,2026-07-02,26000,200,204,165,30.3009,REPEATEDHITS,False,False,False,26000,0,8181804540.0,1,ASK,LONG,1.0
OSCR,2026-06-30 18:37:23.986327+00:00,CALL,28.0,2026-07-02,44000,400,1012,169,28.63,REPEATEDHITS,False,False,False,44000,0,8181804540.0,2,ASK,LONG,1.0
OSCR,2026-06-30 17:00:00.491866+00:00,CALL,28.0,2026-07-02,19096,217,562,169,28.1833,REPEATEDHITS,False,False,False,13816,5280,8181804540.0,2,ASK,LONG,1.0
OSCR,2026-06-29 15:15:37.204272+00:00,PUT,20.0,2026-09-18,13098,177,178,168,28.9,REPEATEDHITS,True,False,False,0,13098,8181804540.0,81,BID,LONG,0.5
OSCR,2026-06-29 13:40:34.709061+00:00,CALL,30.5,2026-07-02,19896,201,207,53,30.2,REPEATEDHITSDESCENDINGFILL,False,False,False,19896,0,8181804540.0,3,ASK,LONG,1.0
OSCR,2026-06-26 14:39:17.819759+00:00,PUT,29.0,2026-08-21,206700,636,636,128,29.51,REPEATEDHITS,False,False,False,0,204425,8181804540.0,56,BID,LONG,0.5
OSCR,2026-06-25 19:22:37.035642+00:00,PUT,26.0,2026-08-21,21244,94,94,64,28.57,REPEATEDHITS,False,False,False,7006,14238,8181804540.0,57,BID,LONG,0.5
OSCR,2026-06-25 15:14:50.820645+00:00,CALL,37.0,2026-09-18,107417,630,631,336,28.2375,REPEATEDHITSDESCENDINGFILL,True,False,False,28027,79390,8181804540.0,85,BID,SHORT,0.5
OSCR,2026-06-24 17:16:42.427341+00:00,PUT,28.5,2026-07-17,21420,119,119,0,29.03,REPEATEDHITS,True,False,False,8820,12600,8181804540.0,23,BID,LONG,0.5
OSCR,2026-06-24 17:01:41.683060+00:00,PUT,28.0,2026-07-10,176432,1500,1506,35,29.2185,REPEATEDHITSASCENDINGFILL,False,False,False,975,175457,8181804540.0,16,BID,LONG,0.5
OSCR,2026-06-24 17:01:15.633415+00:00,PUT,27.0,2026-06-26,11330,1030,1052,387,29.2,REPEATEDHITS,False,False,False,0,11330,8181804540.0,2,BID,LONG,0.5
OSCR,2026-06-24 14:55:13.991247+00:00,PUT,27.0,2026-09-18,189405,621,624,84,28.97,REPEATEDHITS,False,False,False,0,189405,8181804540.0,86,BID,LONG,0.5
OSCR,2026-06-23 14:20:20.717649+00:00,PUT,28.0,2026-07-17,67173,448,539,349,29.49,REPEATEDHITS,False,False,False,63150,4023,8181804540.0,24,ASK,SHORT,1.0
OSCR,2026-06-22 17:07:43.050014+00:00,CALL,29.0,2026-09-18,337755,759,794,68,29.01,REPEATEDHITS,False,False,False,0,337755,8181804540.0,88,BID,SHORT,0.5
OSCR,2026-06-22 16:11:16.636951+00:00,CALL,31.0,2026-06-26,50692,1102,3387,467,29.37,REPEATEDHITS,True,False,False,50692,0,8181804540.0,4,ASK,LONG,1.0
OSCR,2026-06-22 14:14:22.281229+00:00,PUT,22.0,2026-10-16,27189,171,171,118,29.4,REPEATEDHITS,False,False,False,0,27189,8181804540.0,116,BID,LONG,0.5
OSCR,2026-06-18 16:01:37.397641+00:00,CALL,34.0,2026-11-20,24296,64,86,41,27.875,REPEATEDHITS,False,False,False,20496,3800,8181804540.0,155,ASK,LONG,1.0
OSCR,2026-06-17 17:42:45.416323+00:00,CALL,35.0,2026-06-26,11649,1059,1069,2,29.08,REPEATEDHITS,False,False,False,0,11649,8181804540.0,9,BID,SHORT,0.5
OSCR,2026-06-16 16:17:13.199093+00:00,CALL,28.0,2026-08-21,387860,946,953,258,28.525,REPEATEDHITS,False,False,False,820,387040,8181804540.0,66,BID,SHORT,0.5
OSCR,2026-06-15 19:10:49.304705+00:00,PUT,26.0,2026-09-18,215325,725,741,34,28.65,REPEATEDHITS,False,False,False,0,215325,8181804540.0,95,BID,LONG,0.5
OSCR,2026-06-12 15:37:10.448728+00:00,CALL,29.0,2026-06-26,40138,350,386,76,28.06,REPEATEDHITS,False,False,False,27370,12768,8181804540.0,14,ASK,LONG,1.0
OSCR,2026-06-11 19:01:56.490558+00:00,CALL,28.5,2026-06-12,33600,400,925,221,28.94,REPEATEDHITS,False,False,False,33600,0,8181804540.0,1,ASK,LONG,1.0
OSCR,2026-06-11 18:37:56.503686+00:00,CALL,30.0,2026-07-02,34000,200,246,136,28.935,REPEATEDHITS,False,False,False,6970,27030,8181804540.0,21,BID,SHORT,0.5
PANW,2026-07-22 15:20:45.583105+00:00,CALL,460.0,2026-08-21,68222,406,407,108,334.19,REPEATEDHITSASCENDINGFILL,True,False,False,372,40330,278852250000.0,30,BID,SHORT,0.5
PANW,2026-07-22 14:40:37.631273+00:00,PUT,312.5,2026-07-31,93930,202,202,28,335.6351,REPEATEDHITS,False,False,False,93000,930,278852250000.0,9,ASK,SHORT,1.0
PANW,2026-07-22 13:59:08.750263+00:00,PUT,332.5,2026-07-31,57810,47,58,18,334.95,REPEATEDHITS,False,False,False,1230,56580,278852250000.0,9,BID,LONG,0.5
PANW,2026-07-21 18:46:54.023200+00:00,CALL,337.5,2026-07-24,91585,98,347,42,338.5393,REPEATEDHITS,False,False,False,83215,8370,278852250000.0,3,ASK,LONG,1.0
PANW,2026-07-21 17:13:20.141898+00:00,CALL,337.5,2026-07-24,118790,132,213,42,337.6327,REPEATEDHITSDESCENDINGFILL,False,False,False,118790,0,278852250000.0,3,ASK,LONG,1.0
PANW,2026-07-21 15:35:25.157869+00:00,CALL,345.0,2026-07-31,266859,246,247,49,337.19,REPEATEDHITSDESCENDINGFILL,True,False,False,254974,11885,278852250000.0,10,ASK,LONG,1.0
PANW,2026-07-21 14:48:25.087749+00:00,CALL,340.0,2026-08-28,57523,20,40,7,337.74,REPEATEDHITS,False,False,False,0,57523,278852250000.0,38,BID,SHORT,0.5
PANW,2026-07-21 13:46:18.616293+00:00,PUT,320.0,2026-07-31,83757,165,165,120,346.0,REPEATEDHITSDESCENDINGFILL,False,False,False,43262,40495,278852250000.0,10,ASK,SHORT,1.0
PANW,2026-07-21 13:31:09.005840+00:00,PUT,375.0,2026-08-07,107660,30,30,8,347.8747,REPEATEDHITSDESCENDINGFILL,True,False,False,104125,3535,278852250000.0,17,ASK,SHORT,1.0
PANW,2026-07-20 18:44:53.034153+00:00,PUT,352.5,2026-07-24,57984,80,113,17,358.98,REPEATEDHITSDESCENDINGFILL,True,False,False,55824,2160,278852250000.0,4,ASK,SHORT,1.0
PANW,2026-07-20 15:26:44.670894+00:00,PUT,377.5,2026-07-24,51150,22,22,0,357.84,REPEATEDHITS,True,False,False,51150,0,278852250000.0,4,ASK,SHORT,1.0
PANW,2026-07-20 14:13:44.852731+00:00,CALL,350.0,2026-08-28,66270,18,18,7,360.01,REPEATEDHITSASCENDINGFILL,True,False,False,0,66270,278852250000.0,39,BID,SHORT,0.5
PANW,2026-07-20 14:08:56.902449+00:00,CALL,362.5,2026-07-31,89470,55,55,2,361.76,REPEATEDHITSASCENDINGFILL,True,False,False,4905,84565,278852250000.0,11,BID,SHORT,0.5
PANW,2026-07-20 13:56:47.777091+00:00,PUT,310.0,2026-11-20,233002,89,89,34,362.81,REPEATEDHITS,False,False,False,0,233002,278852250000.0,123,BID,LONG,0.5
PANW,2026-07-20 13:35:17.485870+00:00,PUT,360.0,2026-08-07,51910,29,35,23,365.63,REPEATEDHITS,True,False,False,3580,48330,278852250000.0,18,BID,LONG,0.5
PANW,2026-07-17 19:39:55.625228+00:00,PUT,347.5,2026-07-31,162534,129,139,3,356.52,REPEATEDHITSDESCENDINGFILL,False,False,False,162534,0,278852250000.0,14,ASK,SHORT,1.0
PANW,2026-07-17 19:14:44.411672+00:00,PUT,377.5,2026-07-31,81000,27,27,0,355.6001,REPEATEDHITS,False,False,False,81000,0,278852250000.0,14,ASK,SHORT,1.0
PANW,2026-07-17 19:14:44.411672+00:00,PUT,367.5,2026-07-31,90480,39,39,0,355.6001,REPEATEDHITS,False,False,False,90480,0,278852250000.0,14,ASK,SHORT,1.0
PANW,2026-07-17 18:07:45.895779+00:00,CALL,365.0,2026-07-31,254625,175,242,142,358.955,REPEATEDHITS,False,False,False,254625,0,278852250000.0,14,ASK,LONG,1.0
PANW,2026-07-17 15:24:59.834026+00:00,CALL,395.0,2026-08-28,230880,111,112,2,363.06,REPEATEDHITS,False,False,False,216320,14560,278852250000.0,42,ASK,LONG,1.0
PANW,2026-07-17 14:26:00.760755+00:00,CALL,375.0,2026-08-14,103730,46,46,13,368.135,REPEATEDHITS,False,False,False,103730,0,278852250000.0,28,ASK,LONG,1.0
PANW,2026-07-17 14:24:43.437446+00:00,CALL,560.0,2026-10-16,134989,203,204,21,367.3,REPEATEDHITSDESCENDINGFILL,False,False,False,134329,660,278852250000.0,91,ASK,LONG,1.0
PANW,2026-07-17 14:03:52.787476+00:00,PUT,350.0,2026-10-16,631383,170,171,119,361.55,REPEATEDHITSDESCENDINGFILL,False,False,False,512663,118720,278852250000.0,91,ASK,SHORT,1.0
PANW,2026-07-16 18:42:02.580983+00:00,PUT,370.0,2026-09-18,818116,181,340,82,353.34,REPEATEDHITS,False,False,False,818116,0,278852250000.0,64,ASK,SHORT,1.0
PANW,2026-07-16 18:33:03.371182+00:00,PUT,370.0,2026-09-18,633787,141,159,82,353.63,REPEATEDHITSDESCENDINGFILL,False,False,False,633787,0,278852250000.0,64,ASK,SHORT,1.0
PANW,2026-07-14 19:19:10.145930+00:00,CALL,360.0,2026-07-24,251505,243,655,156,351.87,REPEATEDHITS,False,False,False,251505,0,278852250000.0,10,ASK,LONG,1.0
PANW,2026-07-14 18:54:22.812871+00:00,PUT,360.0,2026-09-18,794970,198,223,76,351.53,REPEATEDHITS,False,False,False,0,794970,278852250000.0,66,BID,LONG,0.5
PANW,2026-07-14 18:26:50.850313+00:00,CALL,365.0,2026-08-14,62634,34,37,23,350.6,REPEATEDHITSDESCENDINGFILL,True,False,False,23990,38644,278852250000.0,31,BID,SHORT,0.5
PANW,2026-07-14 17:21:10.521544+00:00,CALL,395.0,2026-07-31,120420,223,231,18,352.75,REPEATEDHITS,False,False,False,120420,0,278852250000.0,17,ASK,LONG,1.0
PANW,2026-07-14 15:42:07.857011+00:00,PUT,320.0,2026-11-20,170208,52,52,15,353.065,REPEATEDHITS,True,False,False,94993,75215,278852250000.0,129,ASK,SHORT,1.0
PANW,2026-07-14 15:11:13.245069+00:00,PUT,300.0,2026-07-24,66760,561,1178,133,349.87,REPEATEDHITS,False,False,False,0,66760,278852250000.0,10,BID,LONG,0.5
PANW,2026-07-14 14:02:14.990987+00:00,PUT,305.0,2026-08-14,50610,66,66,49,348.25,REPEATEDHITS,True,False,False,13965,36645,278852250000.0,31,BID,LONG,0.5
PANW,2026-07-14 13:37:17.634817+00:00,CALL,375.0,2026-07-31,69647,108,217,40,341.05,REPEATEDHITSDESCENDINGFILL,False,False,False,68367,1280,278852250000.0,17,ASK,LONG,1.0
PANW,2026-07-14 13:34:07.733179+00:00,CALL,312.5,2026-07-17,234450,90,128,14,336.53,REPEATEDHITS,True,False,False,208400,26050,278852250000.0,3,ASK,LONG,1.0
PANW,2026-07-14 13:31:49.032696+00:00,PUT,320.0,2026-07-17,286107,1209,1217,549,335.84,REPEATEDHITSASCENDINGFILL,False,False,False,15411,33696,278852250000.0,3,BID,LONG,0.5
PANW,2026-07-13 16:07:26.770721+00:00,PUT,330.0,2026-07-31,56780,34,35,29,329.12,REPEATEDHITS,False,False,False,56780,0,278852250000.0,18,ASK,SHORT,1.0
PANW,2026-07-13 15:47:34.076085+00:00,CALL,317.5,2026-07-17,85840,58,63,30,327.995,REPEATEDHITS,True,False,False,0,85840,278852250000.0,4,BID,SHORT,0.5
PANW,2026-07-13 14:54:17.971924+00:00,PUT,317.5,2026-07-31,134065,109,111,0,325.77,REPEATEDHITS,False,False,False,134065,0,278852250000.0,18,ASK,SHORT,1.0
PANW,2026-07-13 14:14:59.168014+00:00,PUT,350.0,2026-08-07,103890,29,30,15,322.755,REPEATEDHITS,False,False,False,10755,93135,278852250000.0,25,BID,LONG,0.5
PANW,2026-07-13 14:03:47.974460+00:00,CALL,470.0,2026-09-18,58092,176,318,153,320.75,REPEATEDHITSASCENDINGFILL,False,False,False,670,51482,278852250000.0,67,BID,SHORT,0.5
PANW,2026-07-13 14:00:30.414840+00:00,CALL,322.5,2026-07-17,59026,66,261,34,322.65,REPEATEDHITSASCENDINGFILL,False,False,False,59026,0,278852250000.0,4,ASK,LONG,1.0
PANW,2026-07-10 19:54:06.530367+00:00,PUT,315.0,2026-07-31,65555,57,130,32,326.2099,REPEATEDHITS,True,False,False,1150,64405,278852250000.0,21,BID,LONG,0.5
PANW,2026-07-10 17:51:16.838929+00:00,PUT,340.0,2026-08-07,63940,23,23,13,325.86,REPEATEDHITS,False,False,False,63940,0,278852250000.0,28,ASK,SHORT,1.0
PANW,2026-07-10 16:28:52.743329+00:00,PUT,325.0,2026-07-31,149175,85,87,15,323.9,REPEATEDHITS,False,False,False,149175,0,278852250000.0,21,ASK,SHORT,1.0
PANW,2026-07-10 14:36:46.613047+00:00,PUT,315.0,2026-07-24,65940,78,78,18,327.54,REPEATEDHITSASCENDINGFILL,False,False,False,45900,20040,278852250000.0,14,ASK,SHORT,1.0
PANW,2026-07-10 14:34:58.046683+00:00,PUT,332.5,2026-07-10,59395,120,462,60,328.96,REPEATEDHITS,False,False,False,59395,0,278852250000.0,0,ASK,SHORT,1.0
PANW,2026-07-09 19:20:59.222708+00:00,PUT,280.0,2026-10-16,321432,215,219,176,336.8587,REPEATEDHITSASCENDINGFILL,False,False,False,1495,319937,278852250000.0,99,BID,LONG,0.5
PANW,2026-07-09 18:55:12.666591+00:00,CALL,362.5,2026-07-24,80519,132,132,1,336.3,REPEATEDHITS,False,False,False,80519,0,278852250000.0,15,ASK,LONG,1.0
PANW,2026-07-09 16:34:08.735169+00:00,PUT,310.0,2026-07-31,549470,619,636,108,333.61,REPEATEDHITSASCENDINGFILL,False,False,False,465470,84000,278852250000.0,22,ASK,SHORT,1.0
PANW,2026-07-09 16:34:08.735169+00:00,PUT,305.0,2026-07-31,231105,310,346,113,333.61,REPEATEDHITSASCENDINGFILL,False,False,False,162750,68355,278852250000.0,22,ASK,SHORT,1.0
PATH,2026-07-22 14:56:27.800394+00:00,PUT,10.5,2026-07-31,21571,583,5447,329,10.675,REPEATEDHITS,False,False,False,0,21571,5459291902.0,9,BID,LONG,0.5
PATH,2026-07-22 14:56:11.785724+00:00,PUT,10.5,2026-07-31,16036,422,4719,329,10.68,REPEATEDHITS,False,False,False,0,16036,5459291902.0,9,BID,LONG,0.5
PATH,2026-07-22 14:56:03.575651+00:00,PUT,10.5,2026-07-31,32376,852,4089,329,10.6799,REPEATEDHITS,False,False,False,0,32376,5459291902.0,9,BID,LONG,0.5
PATH,2026-07-22 14:55:45.107189+00:00,PUT,10.5,2026-07-31,16185,415,3064,329,10.6588,REPEATEDHITS,False,False,False,0,16185,5459291902.0,9,BID,LONG,0.5
PATH,2026-07-21 15:32:29.006102+00:00,CALL,16.0,2026-12-18,44652,366,426,181,11.97,REPEATEDHITS,True,False,False,12200,21472,5459291902.0,150,BID,SHORT,0.5
PATH,2026-07-20 19:13:29.007380+00:00,PUT,11.5,2026-07-31,26908,868,890,96,12.255,REPEATEDHITS,False,False,False,26908,0,5459291902.0,11,ASK,SHORT,1.0
PATH,2026-07-17 17:58:57.125668+00:00,PUT,12.5,2026-07-24,10395,165,396,42,12.21,REPEATEDHITS,False,False,False,10395,0,5459291902.0,7,ASK,SHORT,1.0
PATH,2026-07-17 16:04:22.259237+00:00,CALL,11.0,2026-08-28,14432,82,132,1,12.12,REPEATEDHITS,False,False,False,11440,2992,5459291902.0,42,ASK,LONG,1.0
PATH,2026-07-17 14:50:42.612516+00:00,PUT,12.0,2026-07-24,14508,372,388,200,12.14,REPEATEDHITS,False,False,False,14508,0,5459291902.0,7,ASK,SHORT,1.0
PATH,2026-07-17 14:21:35.934598+00:00,CALL,12.5,2026-08-07,28652,377,377,236,12.39,REPEATEDHITS,False,False,False,28652,0,5459291902.0,21,ASK,LONG,1.0
PATH,2026-07-16 17:09:58.408200+00:00,PUT,9.0,2027-01-15,118594,1379,1379,555,12.0,REPEATEDHITS,False,False,False,86,118508,5459291902.0,183,BID,LONG,0.5
PATH,2026-07-15 13:35:37.166937+00:00,CALL,17.0,2026-12-18,249370,2267,8012,1647,12.31,REPEATEDHITS,False,False,False,196570,52800,5459291902.0,156,ASK,LONG,1.0
PATH,2026-07-10 14:37:09.236575+00:00,CALL,18.0,2027-01-15,17850,175,2268,82,11.79,REPEATEDHITS,False,False,False,15810,2040,5459291902.0,189,ASK,LONG,1.0
PATH,2026-07-06 18:15:36.237054+00:00,CALL,21.0,2026-11-20,15510,330,345,1,12.055,REPEATEDHITS,True,False,False,15275,0,5459291902.0,137,ASK,LONG,1.0
PATH,2026-07-02 18:11:52.952635+00:00,PUT,12.5,2026-07-31,29933,234,260,1,11.725,REPEATEDHITSASCENDINGFILL,False,False,False,25325,4608,5459291902.0,29,ASK,SHORT,1.0
PATH,2026-07-01 17:47:34.725697+00:00,CALL,13.0,2026-07-31,18654,455,569,180,11.72,REPEATEDHITS,False,False,False,18614,40,5459291902.0,30,ASK,LONG,1.0
PATH,2026-07-01 15:38:41.359467+00:00,CALL,12.0,2026-12-18,610000,2500,2506,717,11.75,REPEATEDHITS,False,False,False,0,37088,5459291902.0,170,BID,SHORT,0.5
PATH,2026-06-29 14:50:42.611745+00:00,PUT,10.5,2026-07-24,25550,511,514,57,10.855,REPEATEDHITS,False,False,False,25550,0,5459291902.0,25,ASK,SHORT,1.0
PATH,2026-06-26 19:55:31.080669+00:00,CALL,10.5,2026-07-24,15947,200,221,139,10.545,REPEATEDHITS,False,False,False,15947,0,5459291902.0,28,ASK,LONG,1.0
PATH,2026-06-24 18:27:00.068382+00:00,CALL,11.5,2026-07-02,14421,1311,7882,613,10.4836,REPEATEDHITS,True,False,False,14421,0,5459291902.0,8,ASK,LONG,1.0
PATH,2026-06-23 13:30:27.649329+00:00,CALL,14.0,2026-11-20,29572,347,425,262,10.32,REPEATEDHITSASCENDINGFILL,True,False,False,4189,21133,5459291902.0,150,BID,SHORT,0.5
PATH,2026-06-22 14:23:28.946367+00:00,CALL,10.5,2026-06-26,12787,673,2110,592,10.2201,REPEATEDHITS,False,False,False,11172,0,5459291902.0,4,ASK,LONG,1.0
PATH,2026-06-22 14:15:33.617908+00:00,CALL,10.5,2026-06-26,24140,1207,1429,592,10.2901,REPEATEDHITS,False,False,False,0,24140,5459291902.0,4,BID,SHORT,0.5
PATH,2026-06-12 15:07:34.450305+00:00,CALL,11.0,2026-07-10,13932,258,280,94,10.49,REPEATEDHITS,True,False,False,13932,0,5459291902.0,28,ASK,LONG,1.0
PATH,2026-06-09 18:11:17.897482+00:00,PUT,8.0,2026-09-18,33948,738,741,357,10.59,REPEATEDHITS,False,False,False,31234,92,5459291902.0,101,ASK,SHORT,1.0
PATH,2026-06-09 15:55:43.786543+00:00,CALL,11.0,2026-07-24,61680,771,771,1,10.525,REPEATEDHITS,False,False,False,61600,80,5459291902.0,45,ASK,LONG,1.0
PATH,2026-06-05 19:39:41.250030+00:00,CALL,13.0,2026-06-12,13279,1897,2430,1272,11.255,REPEATEDHITS,False,False,False,13279,0,5459291902.0,7,ASK,LONG,1.0
PATH,2026-06-05 17:33:17.112548+00:00,PUT,10.0,2026-08-21,150852,1934,2375,1478,11.24,REPEATEDHITS,False,False,False,150852,0,5459291902.0,77,ASK,SHORT,1.0
PATH,2026-06-03 14:45:11.429799+00:00,PUT,13.0,2026-11-20,93620,302,302,75,11.6,REPEATEDHITS,True,False,False,5890,87730,5459291902.0,170,BID,LONG,0.5
PATH,2026-06-02 19:38:38.046320+00:00,PUT,12.0,2026-06-12,24681,433,793,172,12.025,REPEATEDHITS,False,False,False,0,24681,5459291902.0,10,BID,LONG,0.5
PATH,2026-06-02 18:01:27.940453+00:00,PUT,11.0,2026-12-18,14600,73,202,59,11.9414,REPEATEDHITS,False,False,False,4400,0,5459291902.0,199,ASK,SHORT,1.0
PATH,2026-06-02 17:37:07.451370+00:00,PUT,11.0,2026-12-18,25400,127,129,59,12.035,REPEATEDHITS,True,False,False,0,16200,5459291902.0,199,BID,LONG,0.5
PATH,2026-06-02 15:42:04.093665+00:00,PUT,13.0,2026-12-18,45440,142,144,113,11.9699,REPEATEDHITS,False,False,False,0,45440,5459291902.0,199,BID,LONG,0.5
PATH,2026-06-01 16:09:13.910807+00:00,PUT,12.5,2026-06-05,13200,400,2891,59,12.875,REPEATEDHITS,False,False,False,13200,0,5459291902.0,4,ASK,SHORT,1.0
PATH,2026-06-01 16:09:08.893253+00:00,PUT,12.5,2026-06-05,13504,422,2316,59,12.875,REPEATEDHITS,False,False,False,13184,0,5459291902.0,4,ASK,SHORT,1.0
PATH,2026-06-01 16:09:04.874441+00:00,PUT,12.5,2026-06-05,20088,648,1828,59,12.875,REPEATEDHITS,False,False,False,20088,0,5459291902.0,4,ASK,SHORT,1.0
PATH,2026-05-29 17:45:48.711956+00:00,CALL,13.5,2026-06-05,26790,1824,3759,478,11.965,REPEATEDHITSDESCENDINGFILL,True,False,False,0,26790,5459291902.0,7,BID,SHORT,0.5
PATH,2026-05-27 15:48:48.262857+00:00,CALL,11.0,2026-07-17,385050,2567,2588,395,11.13,REPEATEDHITS,False,False,False,4350,380700,5459291902.0,51,BID,SHORT,0.5
PATH,2026-05-27 13:45:28.492977+00:00,CALL,13.0,2026-07-17,461648,5246,5247,1916,11.325,REPEATEDHITS,False,False,False,0,461560,5459291902.0,51,BID,SHORT,0.5
PATH,2026-05-26 16:07:28.790434+00:00,CALL,13.0,2026-06-05,96756,2199,2306,1150,11.35,REPEATEDHITS,False,False,False,440,82060,5459291902.0,10,BID,SHORT,0.5
PATH,2026-05-26 15:31:53.527392+00:00,PUT,11.5,2026-05-29,24012,261,701,242,11.335,REPEATEDHITS,False,False,False,24012,0,5459291902.0,3,ASK,SHORT,1.0
PATH,2026-05-26 13:52:55.816020+00:00,CALL,14.0,2026-07-17,212000,4000,4906,305,11.0201,FLOORTRADEMIDCAP,False,True,True,0,212000,5459291902.0,52,BID,SHORT,0.5
PATH,2026-05-22 16:25:30.141886+00:00,CALL,16.0,2026-07-17,10065,305,470,139,10.9869,REPEATEDHITS,False,False,False,231,9834,5459291902.0,56,BID,SHORT,0.5
PM,2026-07-22 15:37:56.884832+00:00,PUT,195.0,2026-08-07,86400,135,213,2,193.33,REPEATEDHITS,False,False,False,86400,0,293071405402.0,16,ASK,SHORT,1.0
PM,2026-07-21 19:59:44.485257+00:00,CALL,185.0,2026-07-31,78000,100,101,35,187.87,REPEATEDHITS,True,False,False,19500,34320,293071405402.0,10,BID,SHORT,0.5
PM,2026-07-21 18:07:07.282332+00:00,PUT,190.0,2026-08-14,55440,77,77,0,189.705,REPEATEDHITS,False,False,False,55440,0,293071405402.0,24,ASK,SHORT,1.0
PM,2026-07-20 19:48:05.496682+00:00,PUT,197.5,2026-07-31,74520,81,143,0,192.16,REPEATEDHITS,False,False,False,74520,0,293071405402.0,11,ASK,SHORT,1.0
PM,2026-07-20 19:39:34.954300+00:00,PUT,205.0,2026-08-21,56160,36,36,0,192.53,REPEATEDHITS,True,False,False,0,56160,293071405402.0,32,BID,LONG,0.5
PM,2026-07-20 15:22:19.031460+00:00,PUT,197.5,2026-07-31,54000,60,62,0,192.49,REPEATEDHITS,False,False,False,54000,0,293071405402.0,11,ASK,SHORT,1.0
PM,2026-07-16 18:11:54.479832+00:00,CALL,182.5,2026-07-24,77900,95,98,25,187.43,REPEATEDHITS,False,False,False,0,77900,293071405402.0,8,BID,SHORT,0.5
PM,2026-07-16 17:06:38.549037+00:00,CALL,190.0,2026-11-20,297370,227,244,102,186.27,REPEATEDHITS,False,False,False,297370,0,293071405402.0,127,ASK,LONG,1.0
PM,2026-07-10 14:15:29.743569+00:00,CALL,180.0,2026-07-31,71280,99,99,51,180.34,REPEATEDHITS,False,False,False,71280,0,293071405402.0,21,ASK,LONG,1.0
PM,2026-07-08 15:30:16.457213+00:00,PUT,195.0,2026-07-31,119900,110,137,3,188.45,REPEATEDHITS,False,False,False,119900,0,293071405402.0,23,ASK,SHORT,1.0
PM,2026-07-07 18:52:04.960766+00:00,CALL,190.0,2026-07-31,59360,106,112,28,186.04,REPEATEDHITS,False,False,False,59360,0,293071405402.0,24,ASK,LONG,1.0
PM,2026-07-07 15:27:07.001636+00:00,PUT,187.5,2026-07-17,84360,228,280,4,187.85,REPEATEDHITS,False,False,False,84360,0,293071405402.0,10,ASK,SHORT,1.0
PM,2026-07-02 15:38:50.786727+00:00,CALL,185.0,2028-01-21,755250,285,292,72,181.13,REPEATEDHITS,False,False,False,0,755250,293071405402.0,568,BID,SHORT,0.5
PM,2026-07-01 19:04:31.591044+00:00,CALL,175.0,2026-07-24,50400,56,57,5,178.925,REPEATEDHITS,False,False,False,0,50400,293071405402.0,23,BID,SHORT,0.5
PM,2026-06-30 15:10:20.202730+00:00,CALL,185.0,2026-11-20,262500,210,420,85,180.56,REPEATEDHITS,False,False,False,26250,236250,293071405402.0,143,BID,SHORT,0.5
PM,2026-06-24 15:31:25.556896+00:00,CALL,180.0,2026-07-24,71980,122,123,60,178.39,REPEATEDHITS,False,False,False,71980,0,293071405402.0,30,ASK,LONG,1.0
PM,2026-06-23 19:28:33.370802+00:00,CALL,175.0,2026-08-21,186180,174,191,153,178.62,REPEATEDHITS,False,False,False,186180,0,293071405402.0,59,ASK,LONG,1.0
PM,2026-06-22 14:51:38.953515+00:00,CALL,175.0,2026-07-02,125291,358,366,20,175.7,REPEATEDHITSDESCENDINGFILL,True,False,False,125291,0,293071405402.0,10,ASK,LONG,1.0
PM,2026-06-18 19:55:46.771163+00:00,PUT,190.0,2026-06-18,50160,44,44,22,178.34,REPEATEDHITS,True,False,False,0,50160,293071405402.0,0,BID,LONG,0.5
PM,2026-06-11 18:01:55.812457+00:00,PUT,190.0,2026-09-18,406560,264,292,129,182.815,REPEATEDHITS,False,False,False,0,406560,293071405402.0,99,BID,LONG,0.5
PM,2026-06-11 16:02:49.110406+00:00,PUT,182.5,2026-06-18,50085,189,212,137,183.16,REPEATEDHITS,False,False,False,50085,0,293071405402.0,7,ASK,SHORT,1.0
PM,2026-06-11 14:37:47.785871+00:00,CALL,185.0,2026-07-02,153220,326,329,110,184.7,REPEATEDHITS,False,False,False,153220,0,293071405402.0,21,ASK,LONG,1.0
PM,2026-06-08 17:29:39.356392+00:00,CALL,175.0,2026-06-26,56250,125,126,113,174.78,REPEATEDHITS,True,False,False,56250,0,293071405402.0,18,ASK,LONG,1.0
PM,2026-06-08 15:40:37.987086+00:00,CALL,177.5,2026-06-18,138032,476,479,274,175.3937,REPEATEDHITS,False,False,False,138032,0,293071405402.0,10,ASK,LONG,1.0
PM,2026-06-05 16:17:21.445294+00:00,CALL,175.0,2026-06-26,67320,99,99,19,178.565,REPEATEDHITS,True,False,False,0,67320,293071405402.0,21,BID,SHORT,0.5
PM,2026-06-05 15:44:00.976697+00:00,CALL,180.0,2026-07-02,82000,200,207,42,177.02,REPEATEDHITS,False,False,False,82000,0,293071405402.0,27,ASK,LONG,1.0
PM,2026-06-04 15:24:54.483939+00:00,CALL,200.0,2026-08-21,175903,533,536,205,176.58,REPEATEDHITSASCENDINGFILL,False,False,False,0,175903,293071405402.0,78,BID,SHORT,0.5
PM,2026-06-04 14:10:05.518517+00:00,PUT,172.5,2026-06-18,68041,358,358,134,178.495,REPEATEDHITSASCENDINGFILL,False,False,False,5320,62721,293071405402.0,14,BID,LONG,0.5
PM,2026-06-01 18:29:11.778425+00:00,CALL,170.0,2026-06-05,63205,147,152,80,172.99,REPEATEDHITS,False,False,False,62780,425,293071405402.0,4,ASK,LONG,1.0
PM,2026-06-01 15:06:33.845715+00:00,PUT,180.0,2026-07-17,352070,323,323,152,174.385,REPEATEDHITS,False,False,False,0,352070,293071405402.0,46,BID,LONG,0.5
PM,2026-05-29 18:46:20.871057+00:00,CALL,177.5,2026-06-18,96000,192,201,1,177.545,REPEATEDHITS,False,False,False,89500,0,293071405402.0,20,ASK,LONG,1.0
PM,2026-05-29 14:44:31.302288+00:00,CALL,175.0,2026-06-12,59950,109,111,14,177.51,REPEATEDHITS,False,False,False,59950,0,293071405402.0,14,ASK,LONG,1.0
PM,2026-05-29 13:45:22.000018+00:00,CALL,175.0,2026-08-21,55140,51,56,33,175.1,REPEATEDHITSASCENDINGFILL,False,False,False,55140,0,293071405402.0,84,ASK,LONG,1.0
PM,2026-05-28 15:45:02.870374+00:00,PUT,170.0,2026-06-26,64125,285,287,32,180.08,REPEATEDHITS,False,False,False,64125,0,293071405402.0,29,ASK,SHORT,1.0
PM,2026-05-26 19:27:44.022390+00:00,PUT,175.0,2026-07-17,107090,210,277,166,181.92,REPEATEDHITS,False,False,False,100970,510,293071405402.0,52,ASK,SHORT,1.0
PM,2026-05-26 16:11:17.937126+00:00,PUT,175.0,2026-08-21,173005,237,242,90,182.945,REPEATEDHITS,False,False,False,144535,0,293071405402.0,87,ASK,SHORT,1.0
PM,2026-05-26 14:42:07.651035+00:00,PUT,185.0,2026-08-21,97370,87,93,78,184.0365,REPEATEDHITSDESCENDINGFILL,True,False,False,97370,0,293071405402.0,87,ASK,SHORT,1.0
PWR,2026-07-22 14:23:06.856297+00:00,CALL,700.0,2027-06-17,130920,12,22,8,640.81,REPEATEDHITS,True,False,False,54550,76370,95918447241.0,330,BID,SHORT,0.5
PWR,2026-07-21 19:48:29.021019+00:00,CALL,630.0,2026-11-20,255490,29,29,7,640.66,REPEATEDHITS,False,False,False,246680,8810,95918447241.0,122,ASK,LONG,1.0
PWR,2026-07-20 17:48:14.310144+00:00,CALL,640.0,2026-10-16,211530,33,33,0,632.63,REPEATEDHITS,False,False,False,211530,0,95918447241.0,88,ASK,LONG,1.0
PWR,2026-07-17 19:10:30.982694+00:00,PUT,630.0,2026-08-21,454480,104,113,43,630.49,REPEATEDHITS,False,False,False,454480,0,95918447241.0,35,ASK,SHORT,1.0
PWR,2026-07-17 13:36:40.929696+00:00,PUT,600.0,2026-11-20,584800,86,86,7,610.94,REPEATEDHITS,False,False,False,584800,0,95918447241.0,126,ASK,SHORT,1.0
PWR,2026-07-16 16:15:12.842729+00:00,PUT,590.0,2026-11-20,576450,105,105,1,628.86,REPEATEDHITS,False,False,False,576450,0,95918447241.0,127,ASK,SHORT,1.0
PWR,2026-07-16 14:29:02.208759+00:00,CALL,630.0,2026-10-16,784080,108,108,52,636.07,REPEATEDHITS,False,False,False,784080,0,95918447241.0,92,ASK,LONG,1.0
PWR,2026-07-14 14:26:44.788495+00:00,PUT,670.0,2026-08-21,525310,102,102,15,660.2,REPEATEDHITS,False,False,False,0,520150,95918447241.0,38,BID,LONG,0.5
PWR,2026-07-13 15:00:17.057831+00:00,CALL,630.0,2026-10-16,403500,50,50,0,647.83,REPEATEDHITS,False,False,False,403500,0,95918447241.0,95,ASK,LONG,1.0
PWR,2026-07-08 18:49:13.436087+00:00,CALL,750.0,2026-08-21,285560,118,122,59,665.62,REPEATEDHITS,False,False,False,285560,0,95918447241.0,44,ASK,LONG,1.0
PWR,2026-07-07 15:20:56.320132+00:00,PUT,600.0,2026-08-21,171560,57,64,52,647.115,REPEATEDHITS,False,False,False,171560,0,95918447241.0,45,ASK,SHORT,1.0
PWR,2026-07-02 19:04:29.997702+00:00,CALL,640.0,2026-07-17,169930,42,43,10,663.935,REPEATEDHITSASCENDINGFILL,False,False,False,101250,68680,95918447241.0,15,ASK,LONG,1.0
PWR,2026-07-02 14:42:00.806647+00:00,PUT,690.0,2026-08-21,602770,109,129,12,685.82,REPEATEDHITS,False,False,False,602770,0,95918447241.0,50,ASK,SHORT,1.0
PWR,2026-07-01 19:37:03.322303+00:00,CALL,720.0,2026-09-18,408070,73,73,19,691.24,REPEATEDHITS,False,False,False,0,408070,95918447241.0,79,BID,SHORT,0.5
PWR,2026-06-29 15:54:54.960790+00:00,CALL,680.0,2026-09-18,770400,90,90,26,705.225,REPEATEDHITS,False,False,False,770400,0,95918447241.0,81,ASK,LONG,1.0
PWR,2026-06-25 14:33:23.686169+00:00,PUT,770.0,2026-08-21,674640,72,72,0,707.78,REPEATEDHITS,False,False,False,0,674640,95918447241.0,57,BID,LONG,0.5
PWR,2026-06-24 14:06:11.352810+00:00,CALL,720.0,2026-08-21,533700,90,104,52,707.75,REPEATEDHITS,False,False,False,533700,0,95918447241.0,58,ASK,LONG,1.0
PWR,2026-06-23 19:19:36.761574+00:00,PUT,640.0,2026-09-18,355500,90,91,40,705.26,REPEATEDHITS,False,False,False,355500,0,95918447241.0,87,ASK,SHORT,1.0
PWR,2026-06-23 15:51:16.666374+00:00,PUT,800.0,2026-08-21,861000,75,75,2,709.08,REPEATEDHITS,False,False,False,0,861000,95918447241.0,59,BID,LONG,0.5
PWR,2026-06-23 14:07:53.534740+00:00,PUT,540.0,2026-08-21,1530849,1945,1945,6,708.45,REPEATEDHITSDESCENDINGFILL,False,False,False,0,1530849,95918447241.0,59,BID,LONG,0.5
PWR,2026-06-23 13:37:18.859364+00:00,PUT,620.0,2026-09-18,358380,99,99,21,693.35,REPEATEDHITS,False,False,False,358380,0,95918447241.0,87,ASK,SHORT,1.0
PWR,2026-06-22 16:20:49.272991+00:00,CALL,830.0,2026-09-18,191760,51,130,5,726.19,REPEATEDHITS,False,False,False,191760,0,95918447241.0,88,ASK,LONG,1.0
PWR,2026-06-22 15:50:53.909108+00:00,CALL,830.0,2026-09-18,274920,79,79,5,717.7,REPEATEDHITS,False,False,False,274920,0,95918447241.0,88,ASK,LONG,1.0
PWR,2026-06-18 17:33:28.872379+00:00,PUT,780.0,2026-09-18,922320,84,84,1,710.61,REPEATEDHITS,False,False,False,922320,0,95918447241.0,92,ASK,SHORT,1.0
PWR,2026-06-18 15:33:24.252831+00:00,PUT,790.0,2026-09-18,686850,57,57,1,704.41,REPEATEDHITS,False,False,False,686850,0,95918447241.0,92,ASK,SHORT,1.0
PWR,2026-06-17 17:25:53.485729+00:00,CALL,800.0,2026-09-18,228801,55,65,36,716.46,REPEATEDHITS,False,False,False,0,228801,95918447241.0,93,BID,SHORT,0.5
PWR,2026-06-17 17:01:53.322558+00:00,CALL,1000.0,2028-01-21,284642,26,41,15,718.04,REPEATEDHITSDESCENDINGFILL,False,False,False,0,284642,95918447241.0,583,BID,SHORT,0.5
PWR,2026-06-16 15:04:30.032552+00:00,PUT,640.0,2026-08-21,224930,83,85,32,727.29,REPEATEDHITS,False,False,False,0,224930,95918447241.0,66,BID,LONG,0.5
PWR,2026-06-16 14:54:18.783669+00:00,PUT,580.0,2026-11-20,115500,35,35,6,726.4,REPEATEDHITS,False,False,False,115500,0,95918447241.0,157,ASK,SHORT,1.0
PWR,2026-06-15 18:49:35.263194+00:00,PUT,760.0,2026-08-21,593560,76,76,2,734.335,REPEATEDHITS,False,False,False,593560,0,95918447241.0,67,ASK,SHORT,1.0
PWR,2026-06-15 18:47:01.486481+00:00,CALL,740.0,2026-08-21,282920,44,148,29,733.18,REPEATEDHITS,False,False,False,0,231480,95918447241.0,67,BID,SHORT,0.5
PWR,2026-06-15 18:46:35.263520+00:00,CALL,740.0,2026-08-21,199330,31,86,29,732.7275,REPEATEDHITS,False,False,False,0,199330,95918447241.0,67,BID,SHORT,0.5
PWR,2026-06-15 18:46:25.851029+00:00,CALL,740.0,2026-08-21,289800,45,55,29,732.75,REPEATEDHITS,False,False,False,0,231840,95918447241.0,67,BID,SHORT,0.5
PWR,2026-06-10 19:01:45.417034+00:00,PUT,700.0,2026-09-18,274120,28,30,16,652.785,REPEATEDHITS,False,False,False,0,274120,95918447241.0,100,BID,LONG,0.5
PWR,2026-06-05 16:45:41.697144+00:00,PUT,690.0,2026-07-17,256080,66,67,32,701.49,REPEATEDHITS,True,False,False,256080,0,95918447241.0,42,ASK,SHORT,1.0
PWR,2026-06-05 14:29:15.988049+00:00,PUT,720.0,2026-06-18,425780,122,122,100,702.67,REPEATEDHITS,False,False,False,0,425780,95918447241.0,13,BID,LONG,0.5
PWR,2026-06-04 15:32:04.255250+00:00,CALL,760.0,2026-07-17,273360,102,103,94,709.16,REPEATEDHITS,False,False,False,273360,0,95918447241.0,43,ASK,LONG,1.0
PWR,2026-06-03 19:23:09.358153+00:00,CALL,790.0,2026-09-18,578000,100,100,10,720.72,REPEATEDHITS,False,False,False,578000,0,95918447241.0,107,ASK,LONG,1.0
PWR,2026-06-01 19:20:24.697499+00:00,PUT,740.0,2026-09-18,730591,71,71,1,691.72,REPEATEDHITS,False,False,False,0,730591,95918447241.0,109,BID,LONG,0.5
PWR,2026-06-01 16:31:51.908710+00:00,PUT,700.0,2026-07-17,603750,115,119,37,687.255,REPEATEDHITS,False,False,False,0,603750,95918447241.0,46,BID,LONG,0.5
PWR,2026-06-01 14:20:17.307814+00:00,PUT,700.0,2026-08-21,971490,141,234,49,693.3775,REPEATEDHITS,False,False,False,0,971490,95918447241.0,81,BID,LONG,0.5
PWR,2026-05-29 15:17:22.402137+00:00,CALL,700.0,2026-08-21,851290,109,140,68,710.06,REPEATEDHITS,False,False,False,851290,0,95918447241.0,84,ASK,LONG,1.0
PWR,2026-05-27 15:39:49.139675+00:00,CALL,670.0,2026-07-17,167400,18,18,6,735.43,REPEATEDHITS,False,False,False,0,167400,95918447241.0,51,BID,SHORT,0.5
PWR,2026-05-26 19:14:23.396241+00:00,CALL,820.0,2026-06-18,118809,109,114,85,743.2675,REPEATEDHITS,False,False,False,118809,0,95918447241.0,23,ASK,LONG,1.0
RDDT,2026-07-22 15:09:38.297974+00:00,PUT,165.0,2026-07-31,297840,272,499,194,167.765,REPEATEDHITS,True,False,False,278130,2190,26382894909.0,9,ASK,SHORT,1.0
RDDT,2026-07-22 13:49:02.006406+00:00,PUT,167.5,2026-08-21,44375,25,32,0,167.6616,REPEATEDHITS,False,False,False,44375,0,26382894909.0,30,ASK,SHORT,1.0
RDDT,2026-07-22 13:38:01.870861+00:00,CALL,215.0,2026-08-21,17820,36,91,3,169.875,REPEATEDHITS,False,False,False,10890,3465,26382894909.0,30,ASK,LONG,1.0
RDDT,2026-07-21 18:40:13.115293+00:00,CALL,235.0,2026-07-31,34960,190,202,161,184.13,REPEATEDHITS,False,False,False,0,34960,26382894909.0,10,BID,SHORT,0.5
RDDT,2026-07-20 16:40:26.839805+00:00,CALL,212.5,2026-07-24,24904,566,577,48,187.05,REPEATEDHITS,False,False,False,24904,0,26382894909.0,4,ASK,LONG,1.0
RDDT,2026-07-20 15:37:47.926307+00:00,CALL,260.0,2026-07-31,58404,942,2507,338,184.96,REPEATEDHITS,False,False,False,0,58404,26382894909.0,11,BID,SHORT,0.5
RDDT,2026-07-20 15:14:15.815394+00:00,CALL,182.5,2026-07-24,318955,443,509,180,183.95,REPEATEDHITSDESCENDINGFILL,False,False,False,318220,735,26382894909.0,4,ASK,LONG,1.0
RDDT,2026-07-20 14:38:11.212119+00:00,CALL,260.0,2026-07-31,51646,1054,1552,338,182.0,REPEATEDHITS,False,False,False,0,51646,26382894909.0,11,BID,SHORT,0.5
RDDT,2026-07-20 14:24:54.356166+00:00,PUT,175.0,2026-08-14,38135,26,26,17,179.9675,REPEATEDHITSASCENDINGFILL,True,False,False,4430,33705,26382894909.0,25,BID,LONG,0.5
RDDT,2026-07-20 13:49:26.854566+00:00,CALL,260.0,2026-07-31,22402,487,487,338,180.29,REPEATEDHITS,False,False,False,0,22402,26382894909.0,11,BID,SHORT,0.5
RDDT,2026-07-17 18:43:18.520883+00:00,PUT,190.0,2026-07-31,398000,199,209,99,181.28,REPEATEDHITS,False,False,False,398000,0,26382894909.0,14,ASK,SHORT,1.0
RDDT,2026-07-17 16:12:25.748705+00:00,PUT,180.0,2026-10-16,873750,344,346,43,183.135,REPEATEDHITSDESCENDINGFILL,False,False,False,871215,0,26382894909.0,91,ASK,SHORT,1.0
RDDT,2026-07-17 15:51:09.228387+00:00,CALL,200.0,2026-08-28,253890,182,185,20,182.235,REPEATEDHITS,True,False,False,242730,11160,26382894909.0,42,ASK,LONG,1.0
RDDT,2026-07-17 15:22:27.026051+00:00,CALL,182.5,2026-07-17,44379,415,895,75,181.0,REPEATEDHITS,False,False,False,41623,2756,26382894909.0,0,ASK,LONG,1.0
RDDT,2026-07-17 14:05:14.989598+00:00,PUT,170.0,2026-08-28,21350,14,14,12,179.575,REPEATEDHITS,True,False,False,0,21350,26382894909.0,42,BID,LONG,0.5
RDDT,2026-07-16 18:51:53.241981+00:00,CALL,190.0,2026-08-28,14945,7,24,1,188.4,REPEATEDHITS,True,False,False,0,14945,26382894909.0,43,BID,SHORT,0.5
RDDT,2026-07-16 18:10:33.068127+00:00,CALL,280.0,2026-11-20,215980,187,187,19,188.88,REPEATEDHITS,False,False,False,214825,1155,26382894909.0,127,ASK,LONG,1.0
RDDT,2026-07-16 17:34:18.839356+00:00,CALL,240.0,2026-07-31,76342,287,363,243,189.275,REPEATEDHITS,False,False,False,0,76342,26382894909.0,15,BID,SHORT,0.5
RDDT,2026-07-16 15:21:59.011891+00:00,PUT,185.0,2026-08-21,554304,338,366,252,192.7,REPEATEDHITSDESCENDINGFILL,False,False,False,552669,1635,26382894909.0,36,ASK,SHORT,1.0
RDDT,2026-07-16 14:59:42.960363+00:00,PUT,160.0,2026-07-31,72465,204,218,105,194.36,REPEATEDHITSASCENDINGFILL,False,False,False,3240,69225,26382894909.0,15,BID,LONG,0.5
RDDT,2026-07-16 13:55:18.679864+00:00,CALL,260.0,2026-07-31,40141,293,294,57,190.31,REPEATEDHITS,False,False,False,0,40141,26382894909.0,15,BID,SHORT,0.5
RDDT,2026-07-15 19:45:25.751428+00:00,PUT,202.5,2026-07-31,58643,30,80,19,197.56,REPEATEDHITS,False,False,False,58643,0,26382894909.0,16,ASK,SHORT,1.0
RDDT,2026-07-15 19:39:14.963116+00:00,CALL,215.0,2026-08-28,13955,9,19,0,196.65,REPEATEDHITS,True,False,False,0,13955,26382894909.0,44,BID,SHORT,0.5
RDDT,2026-07-15 19:22:26.724062+00:00,CALL,232.5,2026-07-24,36024,632,636,8,194.935,REPEATEDHITS,False,False,False,0,36024,26382894909.0,9,BID,SHORT,0.5
RDDT,2026-07-15 18:56:31.416822+00:00,CALL,420.0,2026-09-18,29839,563,574,316,197.1675,REPEATEDHITS,False,False,False,0,29839,26382894909.0,65,BID,SHORT,0.5
RDDT,2026-07-15 15:14:27.112986+00:00,PUT,212.5,2026-07-17,22030,16,16,15,200.09,REPEATEDHITSDESCENDINGFILL,True,False,False,22030,0,26382894909.0,2,ASK,SHORT,1.0
RDDT,2026-07-15 13:46:16.176669+00:00,PUT,177.5,2026-07-24,11065,30,31,22,191.655,REPEATEDHITSASCENDINGFILL,True,False,False,5895,5170,26382894909.0,9,ASK,SHORT,1.0
RDDT,2026-07-14 18:28:58.386232+00:00,PUT,210.0,2026-07-31,48070,22,22,21,201.83,REPEATEDHITS,False,False,False,0,48070,26382894909.0,17,BID,LONG,0.5
RDDT,2026-07-14 16:36:11.819773+00:00,CALL,260.0,2026-10-16,445160,318,339,132,203.12,REPEATEDHITSDESCENDINGFILL,True,False,False,445160,0,26382894909.0,94,ASK,LONG,1.0
RDDT,2026-07-14 15:49:28.476363+00:00,CALL,290.0,2026-07-31,22800,285,286,16,199.28,REPEATEDHITS,False,False,False,0,22800,26382894909.0,17,BID,SHORT,0.5
RDDT,2026-07-14 15:09:09.435105+00:00,CALL,265.0,2026-07-31,71504,328,328,46,200.18,REPEATEDHITS,False,False,False,0,71504,26382894909.0,17,BID,SHORT,0.5
RDDT,2026-07-14 14:17:34.968599+00:00,CALL,210.0,2026-08-28,33390,17,17,2,201.12,REPEATEDHITSASCENDINGFILL,True,False,False,5895,27495,26382894909.0,45,BID,SHORT,0.5
RDDT,2026-07-13 17:53:39.581051+00:00,CALL,250.0,2026-07-24,42400,800,845,168,200.35,REPEATEDHITS,False,False,False,0,42400,26382894909.0,11,BID,SHORT,0.5
RDDT,2026-07-13 17:26:28.440160+00:00,PUT,202.5,2026-07-17,385542,504,565,53,201.14,REPEATEDHITSDESCENDINGFILL,False,False,False,385542,0,26382894909.0,4,ASK,SHORT,1.0
RDDT,2026-07-13 15:55:14.021041+00:00,PUT,202.5,2026-07-24,578210,538,566,319,201.36,REPEATEDHITSDESCENDINGFILL,True,False,False,547170,29965,26382894909.0,11,ASK,SHORT,1.0
RDDT,2026-07-13 14:35:14.099257+00:00,PUT,210.0,2026-08-21,706038,270,272,115,202.9102,REPEATEDHITSDESCENDINGFILL,False,False,False,700818,5220,26382894909.0,39,ASK,SHORT,1.0
RDDT,2026-07-13 13:46:27.320795+00:00,CALL,222.5,2026-07-24,140397,390,390,0,202.15,REPEATEDHITSDESCENDINGFILL,False,False,False,140397,0,26382894909.0,11,ASK,LONG,1.0
RDDT,2026-07-10 19:22:02.130379+00:00,CALL,205.0,2026-07-24,162250,295,351,169,193.65,REPEATEDHITS,False,False,False,162250,0,26382894909.0,14,ASK,LONG,1.0
RDDT,2026-07-10 18:45:30.972887+00:00,CALL,205.0,2026-08-07,1323187,939,964,67,194.16,REPEATEDHITSASCENDINGFILL,True,False,False,4250,1318937,26382894909.0,28,BID,SHORT,0.5
RDDT,2026-07-10 16:53:51.738420+00:00,PUT,192.5,2026-07-10,17496,729,1535,318,196.01,REPEATEDHITS,False,False,False,17496,0,26382894909.0,0,ASK,SHORT,1.0
RDDT,2026-07-10 15:11:19.430157+00:00,PUT,220.0,2026-08-21,788085,222,222,71,197.26,REPEATEDHITSDESCENDINGFILL,False,False,False,784540,0,26382894909.0,42,ASK,SHORT,1.0
RDDT,2026-07-10 14:48:44.513990+00:00,CALL,225.0,2026-07-24,83197,307,318,151,198.145,REPEATEDHITS,False,False,False,83197,0,26382894909.0,14,ASK,LONG,1.0
RDDT,2026-07-10 14:32:52.874804+00:00,PUT,187.5,2026-07-31,50060,38,38,7,195.76,REPEATEDHITSDESCENDINGFILL,True,False,False,25050,25010,26382894909.0,21,ASK,SHORT,1.0
RDDT,2026-07-09 17:52:52.660881+00:00,CALL,240.0,2026-07-24,33702,246,253,113,197.665,REPEATEDHITS,False,False,False,33702,0,26382894909.0,15,ASK,LONG,1.0
RDDT,2026-07-09 17:06:40.404877+00:00,CALL,230.0,2026-07-24,107013,446,487,126,197.715,REPEATEDHITSDESCENDINGFILL,True,False,False,106559,454,26382894909.0,15,ASK,LONG,1.0
RDDT,2026-07-09 15:43:22.678665+00:00,PUT,197.5,2026-07-31,13265,7,22,6,194.36,REPEATEDHITS,True,False,False,0,13265,26382894909.0,22,BID,LONG,0.5
RDDT,2026-07-09 15:32:54.389694+00:00,CALL,197.5,2026-07-17,23265,33,146,17,194.62,REPEATEDHITS,True,False,False,0,23265,26382894909.0,8,BID,SHORT,0.5
RDDT,2026-07-09 15:32:54.389694+00:00,CALL,207.5,2026-07-17,22572,61,89,3,194.62,REPEATEDHITS,True,False,False,0,22572,26382894909.0,8,BID,SHORT,0.5
RDDT,2026-07-09 15:10:57.208047+00:00,PUT,177.5,2026-07-17,81468,372,372,84,195.5,REPEATEDHITS,False,False,False,0,81249,26382894909.0,8,BID,LONG,0.5
RDDT,2026-07-09 14:43:40.847292+00:00,CALL,207.5,2026-07-17,10125,27,28,3,194.52,REPEATEDHITS,True,False,False,375,9750,26382894909.0,8,BID,SHORT,0.5
REPL,2026-07-22 14:30:11.956737+00:00,CALL,9.5,2026-07-31,79920,216,216,205,11.15,REPEATEDHITS,True,False,False,350,79570,923396771.0,9,BID,SHORT,0.5
REPL,2026-07-21 19:56:57.313520+00:00,CALL,13.5,2026-08-07,35700,120,362,1,10.99,REPEATEDHITSASCENDINGFILL,True,False,False,12000,23700,923396771.0,17,BID,SHORT,0.5
REPL,2026-07-21 16:02:27.944471+00:00,CALL,13.0,2026-09-18,10200,30,30,0,10.94,REPEATEDHITS,False,False,False,0,10200,923396771.0,59,BID,SHORT,0.5
REPL,2026-07-21 16:02:27.944471+00:00,CALL,14.0,2026-09-18,23565,76,76,14,10.94,REPEATEDHITSASCENDINGFILL,False,False,False,0,23565,923396771.0,59,BID,SHORT,0.5
REPL,2026-07-21 14:55:45.548842+00:00,CALL,11.0,2026-07-24,12900,258,376,141,10.9167,REPEATEDHITS,True,False,False,5450,7450,923396771.0,3,BID,SHORT,0.5
REPL,2026-07-20 19:38:40.486559+00:00,CALL,14.5,2026-08-21,13965,57,485,0,10.495,REPEATEDHITS,False,False,False,0,13965,923396771.0,32,BID,SHORT,0.5
REPL,2026-07-20 18:56:49.654672+00:00,CALL,14.5,2026-08-21,104939,396,428,0,10.575,REPEATEDHITS,True,False,False,103879,1060,923396771.0,32,ASK,LONG,1.0
REPL,2026-07-20 15:46:57.552832+00:00,CALL,16.5,2026-07-31,33385,381,382,20,10.48,REPEATEDHITSASCENDINGFILL,True,False,False,18000,15385,923396771.0,11,ASK,LONG,1.0
REPL,2026-07-20 15:04:08.561061+00:00,CALL,10.5,2026-07-31,16240,67,82,0,10.08,REPEATEDHITSDESCENDINGFILL,False,False,False,2195,14045,923396771.0,11,BID,SHORT,0.5
REPL,2026-07-17 19:06:46.601460+00:00,PUT,4.0,2026-08-07,15999,200,1503,23,10.175,REPEATEDHITS,False,False,False,15999,0,923396771.0,21,ASK,SHORT,1.0
REPL,2026-07-17 19:04:00.457270+00:00,PUT,4.0,2026-08-07,16000,200,760,23,10.17,REPEATEDHITS,False,False,False,16000,0,923396771.0,21,ASK,SHORT,1.0
REPL,2026-07-17 18:59:48.133406+00:00,PUT,4.0,2026-08-07,44639,558,560,23,10.16,REPEATEDHITS,False,False,False,44639,0,923396771.0,21,ASK,SHORT,1.0
REPL,2026-07-17 18:54:16.534310+00:00,CALL,15.5,2026-07-31,11895,122,125,0,10.1,REPEATEDHITSASCENDINGFILL,True,False,False,6100,5795,923396771.0,14,ASK,LONG,1.0
REPL,2026-07-17 18:54:00.910565+00:00,CALL,15.0,2026-07-31,12800,120,164,19,10.11,REPEATEDHITSASCENDINGFILL,True,False,False,6500,6300,923396771.0,14,ASK,LONG,1.0
REPL,2026-07-17 17:28:46.804244+00:00,CALL,16.0,2026-09-18,70735,329,329,0,10.22,REPEATEDHITS,True,False,False,70520,215,923396771.0,63,ASK,LONG,1.0
REPL,2026-07-16 17:08:17.479254+00:00,CALL,20.0,2026-08-14,12220,188,188,3,8.92,REPEATEDHITS,False,False,False,12155,65,923396771.0,29,ASK,LONG,1.0
REPL,2026-07-16 15:47:33.316313+00:00,PUT,3.0,2026-09-18,14715,327,726,0,9.14,REPEATEDHITS,False,False,False,0,14715,923396771.0,64,BID,LONG,0.5
REPL,2026-07-15 18:37:59.310191+00:00,PUT,9.0,2026-08-28,19840,64,329,0,9.845,REPEATEDHITS,True,False,False,9610,6820,923396771.0,44,ASK,SHORT,1.0
REPL,2026-07-15 18:37:23.655362+00:00,PUT,9.0,2026-08-28,15520,50,54,0,9.855,REPEATEDHITSASCENDINGFILL,True,False,False,320,15200,923396771.0,44,BID,LONG,0.5
REPL,2026-07-14 18:28:35.965992+00:00,CALL,9.0,2026-08-14,29520,82,92,0,9.82,REPEATEDHITS,False,False,False,720,28800,923396771.0,31,BID,SHORT,0.5
REPL,2026-07-14 17:24:44.950657+00:00,CALL,11.0,2026-07-31,28595,133,167,13,9.8934,REPEATEDHITS,False,False,False,0,28595,923396771.0,17,BID,SHORT,0.5
REPL,2026-07-14 16:44:12.527229+00:00,CALL,13.5,2026-08-28,14950,61,62,0,9.94,REPEATEDHITSDESCENDINGFILL,True,False,False,7750,7200,923396771.0,45,ASK,LONG,1.0
REPL,2026-07-14 16:44:01.911279+00:00,CALL,16.0,2026-08-28,40075,229,229,0,9.941,REPEATEDHITS,True,False,False,39900,175,923396771.0,45,ASK,LONG,1.0
REPL,2026-07-13 16:06:12.697954+00:00,PUT,5.0,2026-08-07,900000,10000,10055,122,10.14,LOWHISTORICVOLUMEFLOOR,False,True,True,900000,0,923396771.0,25,ASK,SHORT,1.0
REPL,2026-07-13 14:47:54.678531+00:00,CALL,14.0,2026-07-31,32375,185,185,61,10.1,REPEATEDHITS,True,False,False,29575,2275,923396771.0,18,ASK,LONG,1.0
REPL,2026-07-09 17:47:00.033229+00:00,CALL,17.0,2026-08-07,26775,153,1262,136,11.195,REPEATEDHITS,True,False,False,23100,875,923396771.0,29,ASK,LONG,1.0
REPL,2026-07-09 17:46:31.004022+00:00,CALL,15.0,2026-08-14,27600,115,218,0,11.19,REPEATEDHITS,True,False,False,24960,2640,923396771.0,36,ASK,LONG,1.0
REPL,2026-07-09 17:32:47.602166+00:00,CALL,19.0,2026-08-21,79020,439,441,72,11.155,REPEATEDHITS,True,False,False,76680,2340,923396771.0,43,ASK,LONG,1.0
REPL,2026-07-09 15:57:29.047588+00:00,CALL,12.0,2026-07-31,56938,219,219,97,11.13,REPEATEDHITS,True,False,False,49918,5980,923396771.0,22,ASK,LONG,1.0
REPL,2026-07-09 14:54:23.717529+00:00,CALL,17.0,2026-08-07,79360,496,575,136,11.1275,REPEATEDHITS,True,False,False,66560,12800,923396771.0,29,ASK,LONG,1.0
REPL,2026-07-09 14:47:45.826499+00:00,CALL,11.0,2026-08-07,23359,73,73,60,10.98,REPEATEDHITS,True,False,False,23359,0,923396771.0,29,ASK,LONG,1.0
REPL,2026-07-08 14:07:08.944866+00:00,PUT,9.0,2026-08-07,21420,102,240,2,11.29,REPEATEDHITS,True,False,False,17220,4200,923396771.0,30,ASK,SHORT,1.0
REPL,2026-07-07 19:44:38.089559+00:00,PUT,10.0,2026-08-14,11000,44,44,0,11.49,REPEATEDHITS,False,False,False,1000,10000,923396771.0,38,BID,LONG,0.5
REPL,2026-07-07 13:54:02.655011+00:00,CALL,11.5,2026-07-24,63670,452,456,0,11.45,REPEATEDHITS,True,False,False,37520,26150,923396771.0,17,ASK,LONG,1.0
REPL,2026-06-30 15:15:18.208473+00:00,PUT,7.0,2026-07-31,16055,169,331,7,11.11,REPEATEDHITS,False,False,False,16055,0,923396771.0,31,ASK,SHORT,1.0
REPL,2026-06-30 15:14:34.549018+00:00,PUT,6.0,2026-08-21,19680,246,266,45,11.15,REPEATEDHITS,False,False,False,19680,0,923396771.0,52,ASK,SHORT,1.0
REPL,2026-06-30 14:17:19.154355+00:00,CALL,16.0,2026-08-21,28000,200,200,104,11.13,REPEATEDHITS,True,False,False,19600,0,923396771.0,52,ASK,LONG,1.0
REPL,2026-06-26 18:32:45.855608+00:00,PUT,9.0,2026-08-21,56805,299,2665,100,10.905,REPEATEDHITSDESCENDINGFILL,True,False,False,35335,21470,923396771.0,56,ASK,SHORT,1.0
REPL,2026-06-26 16:28:20.895044+00:00,PUT,9.0,2026-07-17,11850,474,4992,284,11.0,REPEATEDHITS,False,False,False,0,11850,923396771.0,21,BID,LONG,0.5
REPL,2026-06-26 16:20:41.485626+00:00,PUT,9.0,2026-07-17,13376,535,4453,284,11.05,REPEATEDHITS,False,False,False,0,13376,923396771.0,21,BID,LONG,0.5
REPL,2026-06-26 16:14:21.806714+00:00,PUT,9.0,2026-07-17,22576,903,3597,284,10.97,REPEATEDHITS,False,False,False,0,22576,923396771.0,21,BID,LONG,0.5
REPL,2026-06-26 15:21:10.064907+00:00,PUT,9.0,2026-08-21,31157,164,2310,100,10.72,REPEATEDHITSDESCENDINGFILL,True,False,False,29827,1330,923396771.0,56,ASK,SHORT,1.0
REPL,2026-06-26 15:20:24.617340+00:00,CALL,13.5,2026-07-17,38480,962,3000,6,10.74,REPEATEDHITS,False,False,False,35960,2520,923396771.0,21,ASK,LONG,1.0
REPL,2026-06-26 15:12:10.770657+00:00,PUT,9.0,2026-08-21,39404,213,1998,100,10.845,REPEATEDHITS,True,False,False,25159,14245,923396771.0,56,ASK,SHORT,1.0
REPL,2026-06-26 14:54:41.281079+00:00,CALL,13.5,2026-07-17,72315,1607,1857,6,10.78,REPEATEDHITS,True,False,False,8325,4860,923396771.0,21,ASK,LONG,1.0
REPL,2026-06-26 14:51:11.010158+00:00,PUT,9.0,2026-08-21,46016,263,1706,100,10.95,REPEATEDHITSDESCENDINGFILL,True,False,False,44441,1575,923396771.0,56,ASK,SHORT,1.0
REPL,2026-06-26 14:44:44.318063+00:00,PUT,9.0,2026-08-21,32600,191,712,100,10.97,REPEATEDHITS,False,False,False,880,31720,923396771.0,56,BID,LONG,0.5
REPL,2026-06-26 14:13:46.704701+00:00,CALL,10.0,2026-08-21,154998,500,609,288,10.78,REPEATEDHITS,False,False,False,128958,26040,923396771.0,56,ASK,LONG,1.0
REPL,2026-06-26 13:48:14.859118+00:00,PUT,8.0,2026-07-31,10705,107,5184,0,10.71,REPEATEDHITSDESCENDINGFILL,False,False,False,3270,4465,923396771.0,35,BID,LONG,0.5
REPL,2026-06-26 13:48:13.255151+00:00,PUT,8.0,2026-07-31,11880,108,5041,0,10.71,REPEATEDHITS,False,False,False,4950,0,923396771.0,35,ASK,SHORT,1.0
RH,2026-07-22 14:38:54.077360+00:00,PUT,170.0,2026-07-24,12375,55,55,18,174.55,REPEATEDHITS,True,False,False,11925,450,3411813914.0,2,ASK,SHORT,1.0
RH,2026-07-21 18:08:05.153957+00:00,PUT,175.0,2026-11-20,145201,60,60,11,180.855,REPEATEDHITS,False,False,False,0,145201,3411813914.0,122,BID,LONG,0.5
RH,2026-07-21 15:32:42.022367+00:00,CALL,192.5,2026-08-21,276350,329,329,0,179.62,REPEATEDHITSDESCENDINGFILL,False,False,False,276350,0,3411813914.0,31,ASK,LONG,1.0
RH,2026-07-21 14:41:17.701633+00:00,PUT,182.5,2026-07-31,79180,99,99,22,182.09,REPEATEDHITSDESCENDINGFILL,False,False,False,78390,790,3411813914.0,10,ASK,SHORT,1.0
RH,2026-07-20 17:36:38.130101+00:00,PUT,200.0,2026-08-21,134540,62,63,56,185.92,REPEATEDHITS,False,False,False,0,134540,3411813914.0,32,BID,LONG,0.5
RH,2026-07-20 15:03:21.892237+00:00,PUT,190.0,2026-09-18,183692,82,82,54,185.785,REPEATEDHITSASCENDINGFILL,False,False,False,0,183692,3411813914.0,60,BID,LONG,0.5
RH,2026-07-17 19:23:25.363128+00:00,PUT,160.0,2026-11-20,39750,25,27,10,186.27,REPEATEDHITS,False,False,False,31800,7950,3411813914.0,126,ASK,SHORT,1.0
RH,2026-07-17 18:56:09.768370+00:00,PUT,195.0,2026-07-24,172280,146,146,9,186.325,REPEATEDHITS,False,False,False,169920,2360,3411813914.0,7,ASK,SHORT,1.0
RH,2026-07-17 17:50:53.223910+00:00,PUT,200.0,2026-11-20,100240,28,29,5,186.91,REPEATEDHITS,False,False,False,100240,0,3411813914.0,126,ASK,SHORT,1.0
RH,2026-07-17 14:32:33.687541+00:00,PUT,190.0,2026-09-18,106070,51,52,8,190.31,REPEATEDHITS,False,False,False,101920,2080,3411813914.0,63,ASK,SHORT,1.0
RH,2026-07-16 18:11:51.473987+00:00,PUT,190.0,2026-08-21,91980,63,69,12,189.04,REPEATEDHITS,False,False,False,91980,0,3411813914.0,36,ASK,SHORT,1.0
RH,2026-07-16 17:08:30.300471+00:00,CALL,240.0,2026-11-20,157920,112,116,7,188.615,REPEATEDHITS,False,False,False,157920,0,3411813914.0,127,ASK,LONG,1.0
RH,2026-07-16 16:25:13.149434+00:00,PUT,180.0,2026-11-20,170100,70,70,30,186.9855,REPEATEDHITS,False,False,False,170100,0,3411813914.0,127,ASK,SHORT,1.0
RH,2026-07-16 13:56:05.363516+00:00,PUT,190.0,2026-07-17,33202,83,83,24,189.76,REPEATEDHITS,False,False,False,0,33202,3411813914.0,1,BID,LONG,0.5
RH,2026-07-15 18:14:50.386947+00:00,CALL,200.0,2026-08-14,49840,56,56,5,188.73,REPEATEDHITS,False,False,False,49840,0,3411813914.0,30,ASK,LONG,1.0
RH,2026-07-15 16:46:56.231262+00:00,CALL,195.0,2026-07-24,34720,62,71,4,190.04,REPEATEDHITS,False,False,False,34720,0,3411813914.0,9,ASK,LONG,1.0
RH,2026-07-15 16:43:35.084194+00:00,PUT,150.0,2026-07-31,12657,253,261,15,189.1,REPEATEDHITS,True,False,False,50,12607,3411813914.0,16,BID,LONG,0.5
RH,2026-07-15 14:24:01.884611+00:00,CALL,175.0,2026-07-24,77640,52,54,13,186.98,REPEATEDHITSDESCENDINGFILL,True,False,False,39100,38540,3411813914.0,9,ASK,LONG,1.0
RH,2026-07-15 14:08:20.087989+00:00,CALL,185.0,2026-07-24,32080,40,116,34,186.77,REPEATEDHITSASCENDINGFILL,True,False,False,5670,26410,3411813914.0,9,BID,SHORT,0.5
RH,2026-07-15 14:07:31.802503+00:00,CALL,260.0,2026-08-21,11590,122,123,74,187.16,REPEATEDHITS,False,False,False,11590,0,3411813914.0,37,ASK,LONG,1.0
RH,2026-07-14 16:33:39.635271+00:00,PUT,175.0,2026-07-31,85150,65,65,0,168.46,REPEATEDHITS,False,False,False,85150,0,3411813914.0,17,ASK,SHORT,1.0
RH,2026-07-13 17:44:56.535367+00:00,PUT,145.0,2026-07-24,12480,104,104,40,165.335,REPEATEDHITS,False,False,False,0,12480,3411813914.0,11,BID,LONG,0.5
RH,2026-07-13 16:39:19.326235+00:00,CALL,175.0,2026-08-14,13760,16,16,1,165.5,REPEATEDHITS,False,False,False,13760,0,3411813914.0,32,ASK,LONG,1.0
RH,2026-07-13 16:08:27.036798+00:00,CALL,167.5,2026-08-07,26730,27,29,1,165.32,REPEATEDHITS,False,False,False,26730,0,3411813914.0,25,ASK,LONG,1.0
RH,2026-07-09 14:46:54.763206+00:00,PUT,157.5,2026-07-17,15370,58,58,16,167.73,REPEATEDHITS,False,False,False,0,15370,3411813914.0,8,BID,LONG,0.5
RH,2026-07-09 14:03:12.454387+00:00,CALL,220.0,2026-08-21,22755,111,111,77,167.7,REPEATEDHITS,True,False,False,22550,205,3411813914.0,43,ASK,LONG,1.0
RH,2026-07-08 15:08:26.956963+00:00,CALL,152.5,2026-07-31,64190,49,49,6,156.81,REPEATEDHITS,False,False,False,64190,0,3411813914.0,23,ASK,LONG,1.0
RH,2026-07-07 17:40:09.882094+00:00,PUT,157.5,2026-07-10,47600,238,249,9,163.01,REPEATEDHITS,False,False,False,0,47600,3411813914.0,3,BID,LONG,0.5
RH,2026-07-06 15:10:56.789222+00:00,CALL,190.0,2026-07-17,57615,268,276,133,170.495,REPEATEDHITS,False,False,False,57615,0,3411813914.0,11,ASK,LONG,1.0
RH,2026-07-06 14:32:56.985141+00:00,CALL,200.0,2026-08-21,64927,151,151,86,165.75,REPEATEDHITS,False,False,False,64927,0,3411813914.0,46,ASK,LONG,1.0
RH,2026-07-02 19:36:46.479565+00:00,PUT,170.0,2026-07-10,31200,40,40,6,166.565,REPEATEDHITS,False,False,False,31200,0,3411813914.0,8,ASK,SHORT,1.0
RH,2026-07-02 18:06:47.519789+00:00,CALL,160.0,2026-07-10,141115,196,196,9,162.63,REPEATEDHITS,False,False,False,140395,720,3411813914.0,8,ASK,LONG,1.0
RH,2026-06-30 14:56:37.816198+00:00,CALL,157.5,2026-07-31,14660,9,9,0,166.0,REPEATEDHITS,False,False,False,0,14660,3411813914.0,31,BID,SHORT,0.5
RH,2026-06-30 14:02:17.989877+00:00,PUT,145.0,2026-08-21,461722,689,689,142,165.22,REPEATEDHITSASCENDINGFILL,False,False,False,4080,456972,3411813914.0,52,BID,LONG,0.5
RH,2026-06-26 19:37:35.119062+00:00,CALL,162.5,2026-07-24,172180,205,205,7,156.74,REPEATEDHITSDESCENDINGFILL,False,False,False,172180,0,3411813914.0,28,ASK,LONG,1.0
RH,2026-06-26 19:37:35.119062+00:00,CALL,160.0,2026-07-24,38400,40,41,35,156.74,REPEATEDHITS,True,False,False,38400,0,3411813914.0,28,ASK,LONG,1.0
RH,2026-06-26 18:16:10.702577+00:00,PUT,140.0,2026-08-21,178640,232,234,36,156.03,REPEATEDHITS,False,False,False,178640,0,3411813914.0,56,ASK,SHORT,1.0
RH,2026-06-25 19:28:10.243819+00:00,PUT,157.5,2026-07-31,14300,13,13,1,159.485,REPEATEDHITS,True,False,False,0,14300,3411813914.0,36,BID,LONG,0.5
RH,2026-06-25 19:25:22.039594+00:00,PUT,162.5,2026-07-31,18070,13,13,3,158.47,REPEATEDHITS,True,False,False,0,18070,3411813914.0,36,BID,LONG,0.5
RH,2026-06-25 19:25:22.039594+00:00,PUT,167.5,2026-07-02,293776,272,272,12,158.47,REPEATEDHITSASCENDINGFILL,False,False,False,1090,292686,3411813914.0,7,BID,LONG,0.5
RH,2026-06-25 19:25:22.039594+00:00,CALL,210.0,2026-11-20,19030,16,50,7,158.89,REPEATEDHITSASCENDINGFILL,False,False,False,9590,9440,3411813914.0,148,ASK,LONG,1.0
RH,2026-06-25 18:28:24.542384+00:00,CALL,210.0,2026-11-20,24830,22,29,7,156.73,REPEATEDHITS,False,False,False,16920,7910,3411813914.0,148,ASK,LONG,1.0
RH,2026-06-25 15:42:18.510416+00:00,CALL,145.0,2026-11-20,22470,7,12,2,154.5,REPEATEDHITSASCENDINGFILL,False,False,False,16090,6380,3411813914.0,148,ASK,LONG,1.0
RH,2026-06-24 16:46:27.656250+00:00,PUT,149.0,2026-07-02,12090,39,39,0,156.68,REPEATEDHITS,True,False,False,12090,0,3411813914.0,8,ASK,SHORT,1.0
RH,2026-06-24 16:46:27.656250+00:00,PUT,152.5,2026-07-02,106640,248,258,12,156.68,REPEATEDHITS,False,False,False,106640,0,3411813914.0,8,ASK,SHORT,1.0
RH,2026-06-24 16:35:59.528942+00:00,CALL,195.0,2027-06-17,38485,12,17,6,157.335,REPEATEDHITSASCENDINGFILL,False,False,False,19230,19255,3411813914.0,358,BID,SHORT,0.5
RH,2026-06-24 16:05:49.192649+00:00,CALL,155.0,2026-07-02,21900,30,30,6,156.85,REPEATEDHITS,True,False,False,21900,0,3411813914.0,8,ASK,LONG,1.0
RH,2026-06-23 19:50:24.823234+00:00,CALL,160.0,2026-11-20,72060,40,40,5,140.92,REPEATEDHITSDESCENDINGFILL,False,False,False,48920,23140,3411813914.0,150,ASK,LONG,1.0
RH,2026-06-23 15:58:05.748510+00:00,CALL,140.0,2026-08-21,368692,229,231,39,143.78,REPEATEDHITS,False,False,False,0,368692,3411813914.0,59,BID,SHORT,0.5
RH,2026-06-18 19:39:35.440393+00:00,CALL,135.0,2026-07-17,154152,90,90,56,146.825,REPEATEDHITSASCENDINGFILL,False,False,False,133716,20436,3411813914.0,29,ASK,LONG,1.0
RIVN,2026-07-21 19:06:29.830745+00:00,PUT,17.0,2026-07-31,101007,1247,1351,898,17.525,REPEATEDHITS,False,False,False,0,101007,22315534021.0,10,BID,LONG,0.5
RIVN,2026-07-20 19:49:36.292269+00:00,CALL,22.0,2026-08-14,10425,417,427,210,17.155,REPEATEDHITS,False,False,False,0,10425,22315534021.0,25,BID,SHORT,0.5
RIVN,2026-07-20 19:06:32.780781+00:00,PUT,16.5,2026-08-21,22140,205,216,0,17.185,REPEATEDHITS,False,False,False,0,22140,22315534021.0,32,BID,LONG,0.5
RIVN,2026-07-20 16:55:34.124689+00:00,CALL,16.0,2026-07-31,106150,550,1139,388,17.425,REPEATEDHITS,True,False,False,106150,0,22315534021.0,11,ASK,LONG,1.0
RIVN,2026-07-20 13:58:09.555130+00:00,PUT,18.5,2026-08-21,10300,50,50,0,17.615,REPEATEDHITS,True,False,False,0,10300,22315534021.0,32,BID,LONG,0.5
RIVN,2026-07-20 13:55:56.489483+00:00,CALL,24.0,2026-07-31,12624,1578,1587,493,17.735,REPEATEDHITS,False,False,False,0,12624,22315534021.0,11,BID,SHORT,0.5
RIVN,2026-07-16 16:45:52.942042+00:00,CALL,17.5,2026-07-17,40144,5018,25978,3816,16.755,REPEATEDHITS,False,False,False,0,40144,22315534021.0,1,BID,SHORT,0.5
RIVN,2026-07-16 16:12:36.103904+00:00,CALL,17.5,2026-07-17,79950,7995,20407,3816,16.86,REPEATEDHITS,False,False,False,77050,2900,22315534021.0,1,ASK,LONG,1.0
RIVN,2026-07-14 18:05:05.004757+00:00,CALL,16.0,2026-08-07,29250,150,156,121,17.035,REPEATEDHITS,True,False,False,6435,21645,22315534021.0,24,BID,SHORT,0.5
RIVN,2026-07-10 17:04:31.377059+00:00,CALL,25.0,2026-07-31,20826,1602,1621,1213,18.15,REPEATEDHITS,False,False,False,0,20826,22315534021.0,21,BID,SHORT,0.5
RIVN,2026-07-10 14:28:20.162862+00:00,CALL,21.0,2026-10-16,50589,250,250,35,18.71,REPEATEDHITSASCENDINGFILL,True,False,False,17726,32863,22315534021.0,98,BID,SHORT,0.5
RIVN,2026-07-08 16:12:27.932048+00:00,PUT,15.0,2026-10-16,10790,65,66,40,16.4237,REPEATEDHITS,False,False,False,8798,1992,22315534021.0,100,ASK,SHORT,1.0
RIVN,2026-07-08 16:01:29.828804+00:00,PUT,17.0,2026-10-16,15242,56,67,2,16.48,REPEATEDHITSDESCENDINGFILL,False,False,False,12512,2730,22315534021.0,100,ASK,SHORT,1.0
RIVN,2026-07-07 17:57:05.174536+00:00,PUT,14.5,2026-07-31,16892,412,432,381,17.005,REPEATEDHITS,False,False,False,16892,0,22315534021.0,24,ASK,SHORT,1.0
RIVN,2026-07-07 17:53:23.345955+00:00,PUT,16.5,2026-07-10,33000,1100,12495,995,16.995,REPEATEDHITS,False,False,False,33000,0,22315534021.0,3,ASK,SHORT,1.0
RIVN,2026-07-07 17:33:19.689472+00:00,PUT,16.5,2026-07-10,58575,2343,11050,995,17.1901,REPEATEDHITS,False,False,False,58575,0,22315534021.0,3,ASK,SHORT,1.0
RIVN,2026-07-07 16:08:19.632643+00:00,PUT,16.5,2026-07-10,76391,2501,7892,995,17.075,REPEATEDHITSDESCENDINGFILL,True,False,False,30,76361,22315534021.0,3,BID,LONG,0.5
RIVN,2026-07-07 15:22:07.608601+00:00,PUT,16.5,2026-07-10,23000,1000,3702,995,17.44,REPEATEDHITS,False,False,False,23000,0,22315534021.0,3,ASK,SHORT,1.0
RIVN,2026-07-07 14:41:02.651817+00:00,CALL,17.5,2026-07-10,94192,1682,3249,1431,17.4314,REPEATEDHITS,False,False,False,6216,87976,22315534021.0,3,BID,SHORT,0.5
RIVN,2026-07-06 19:20:16.274559+00:00,CALL,21.5,2026-07-10,10635,709,2213,406,19.735,REPEATEDHITS,False,False,False,10635,0,22315534021.0,4,ASK,LONG,1.0
RIVN,2026-07-06 18:25:47.726069+00:00,PUT,16.0,2026-07-24,15435,1029,1114,210,19.72,REPEATEDHITS,False,False,False,0,15435,22315534021.0,18,BID,LONG,0.5
RIVN,2026-07-06 15:23:24.203184+00:00,PUT,21.5,2026-07-10,66500,350,354,24,19.81,REPEATEDHITS,True,False,False,9880,56620,22315534021.0,4,BID,LONG,0.5
RIVN,2026-07-02 19:12:53.546758+00:00,PUT,18.0,2026-07-10,158619,2993,5803,217,18.5901,REPEATEDHITS,True,False,False,139698,0,22315534021.0,8,ASK,SHORT,1.0
RIVN,2026-07-02 19:00:32.753374+00:00,CALL,19.5,2026-07-17,59175,789,1833,268,18.66,REPEATEDHITS,False,False,False,59100,75,22315534021.0,15,ASK,LONG,1.0
RIVN,2026-07-02 16:58:15.612706+00:00,PUT,19.5,2026-07-10,18090,135,1678,1,18.575,REPEATEDHITS,False,False,False,2412,15678,22315534021.0,8,BID,LONG,0.5
RIVN,2026-07-02 16:04:14.029552+00:00,PUT,18.0,2026-07-10,16650,370,2318,217,18.8101,REPEATEDHITS,False,False,False,0,16650,22315534021.0,8,BID,LONG,0.5
RIVN,2026-07-02 16:04:14.029552+00:00,PUT,18.5,2026-07-10,20345,313,987,25,18.8101,REPEATEDHITS,False,False,False,20345,0,22315534021.0,8,ASK,SHORT,1.0
RIVN,2026-07-02 14:42:17.242953+00:00,PUT,19.5,2026-07-02,10320,172,1628,0,19.025,REPEATEDHITS,False,False,False,10320,0,22315534021.0,0,ASK,SHORT,1.0
RIVN,2026-07-02 14:36:30.243605+00:00,PUT,19.0,2026-07-10,18048,282,2728,93,19.505,REPEATEDHITS,False,False,False,16512,1536,22315534021.0,8,ASK,SHORT,1.0
RIVN,2026-07-02 14:36:26.835585+00:00,PUT,19.0,2026-07-10,13734,218,1910,93,19.5001,REPEATEDHITS,False,False,False,1134,12600,22315534021.0,8,BID,LONG,0.5
RIVN,2026-07-02 14:36:26.835585+00:00,PUT,19.0,2026-07-10,11088,176,2343,93,19.505,REPEATEDHITS,False,False,False,11088,0,22315534021.0,8,ASK,SHORT,1.0
RIVN,2026-07-02 14:36:26.835585+00:00,PUT,19.0,2026-07-10,13923,221,2132,93,19.505,REPEATEDHITS,False,False,False,13923,0,22315534021.0,8,ASK,SHORT,1.0
RIVN,2026-07-02 14:09:55.532543+00:00,PUT,19.5,2026-07-17,15370,122,443,73,19.4601,REPEATEDHITS,False,False,False,15370,0,22315534021.0,15,ASK,SHORT,1.0
RIVN,2026-07-02 13:56:12.109428+00:00,PUT,18.0,2026-07-10,18447,473,587,217,19.255,REPEATEDHITS,False,False,False,9165,9282,22315534021.0,8,BID,LONG,0.5
RIVN,2026-07-02 13:54:42.379433+00:00,PUT,19.0,2026-07-10,24080,301,514,93,19.275,REPEATEDHITS,False,False,False,24080,0,22315534021.0,8,ASK,SHORT,1.0
RIVN,2026-07-02 13:48:36.739003+00:00,CALL,20.5,2026-07-17,17770,268,499,77,19.12,REPEATEDHITSASCENDINGFILL,False,False,False,17770,0,22315534021.0,15,ASK,LONG,1.0
RIVN,2026-07-02 13:48:24.714750+00:00,PUT,19.5,2026-07-17,14017,107,109,73,19.159,REPEATEDHITS,True,False,False,13755,0,22315534021.0,15,ASK,SHORT,1.0
RIVN,2026-07-02 13:48:24.714750+00:00,PUT,19.5,2026-07-17,16896,128,237,73,19.16,REPEATEDHITS,True,False,False,16896,0,22315534021.0,15,ASK,SHORT,1.0
RIVN,2026-07-02 13:47:59.463846+00:00,CALL,19.5,2026-07-17,25771,277,290,268,19.1,REPEATEDHITSASCENDINGFILL,True,False,False,846,24831,22315534021.0,15,BID,SHORT,0.5
RIVN,2026-07-01 19:58:28.285310+00:00,PUT,16.5,2026-07-31,30247,273,298,211,17.1851,REPEATEDHITSASCENDINGFILL,True,False,False,30029,218,22315534021.0,30,ASK,SHORT,1.0
RIVN,2026-07-01 19:57:38.782572+00:00,CALL,21.0,2026-07-31,14558,364,725,88,17.199,REPEATEDHITSASCENDINGFILL,True,False,False,14478,80,22315534021.0,30,ASK,LONG,1.0
RIVN,2026-07-01 19:56:55.291826+00:00,PUT,17.5,2026-07-31,14400,90,224,0,17.195,REPEATEDHITS,False,False,False,0,14400,22315534021.0,30,BID,LONG,0.5
RIVN,2026-07-01 19:24:13.033001+00:00,PUT,17.5,2026-07-17,11970,114,1137,100,17.275,REPEATEDHITS,True,False,False,0,11865,22315534021.0,16,BID,LONG,0.5
RIVN,2026-07-01 14:09:15.139338+00:00,PUT,17.0,2026-07-02,14960,880,1091,833,17.525,REPEATEDHITS,False,False,False,0,14960,22315534021.0,1,BID,LONG,0.5
RIVN,2026-06-30 19:35:01.402206+00:00,PUT,17.0,2026-08-21,39750,250,482,240,17.505,REPEATEDHITS,False,False,False,32595,0,22315534021.0,52,ASK,SHORT,1.0
RIVN,2026-06-30 16:40:28.332782+00:00,CALL,20.5,2026-07-31,100000,2500,2500,24,17.27,FLOORTRADELARGECAP,False,True,False,100000,0,22315534021.0,31,ASK,LONG,1.0
RIVN,2026-06-30 14:02:01.942724+00:00,PUT,13.0,2026-08-21,103239,2518,2522,425,16.935,REPEATEDHITS,False,False,False,0,103239,22315534021.0,52,BID,LONG,0.5
RIVN,2026-06-29 18:28:39.406407+00:00,CALL,21.0,2026-08-21,41956,617,673,49,16.675,REPEATEDHITS,False,False,False,41956,0,22315534021.0,53,ASK,LONG,1.0
RIVN,2026-06-29 14:03:18.623581+00:00,CALL,19.0,2026-08-21,36270,403,424,198,16.205,REPEATEDHITS,False,False,False,36270,0,22315534021.0,53,ASK,LONG,1.0
RIVN,2026-06-29 13:42:03.095908+00:00,CALL,17.0,2026-07-02,56130,3742,7178,3356,15.9201,REPEATEDHITS,False,False,False,56130,0,22315534021.0,3,ASK,LONG,1.0
RKLB,2026-07-21 19:12:52.049089+00:00,PUT,62.0,2026-07-31,21411,117,347,109,67.9725,REPEATEDHITS,False,False,False,0,21411,40003268429.0,10,BID,LONG,0.5
RKLB,2026-07-21 14:50:28.877633+00:00,PUT,62.0,2026-07-24,44544,696,871,456,68.21,REPEATEDHITS,False,False,False,0,44544,40003268429.0,3,BID,LONG,0.5
RKLB,2026-07-21 14:29:56.898586+00:00,CALL,175.0,2026-12-18,73099,334,339,255,68.84,REPEATEDHITSDESCENDINGFILL,False,False,False,45790,27309,40003268429.0,150,ASK,LONG,1.0
RKLB,2026-07-20 17:50:25.244709+00:00,CALL,67.0,2026-07-31,772963,1737,3543,6,66.64,REPEATEDHITS,False,False,False,772963,0,40003268429.0,11,ASK,LONG,1.0
RKLB,2026-07-20 15:29:06.720907+00:00,PUT,45.0,2028-12-15,847500,500,501,184,66.16,FLOORTRADELARGECAP,False,True,False,0,847500,40003268429.0,879,BID,LONG,0.5
RKLB,2026-07-20 14:08:04.812274+00:00,CALL,115.0,2026-08-14,29899,1031,1085,55,67.245,REPEATEDHITS,False,False,False,0,29899,40003268429.0,25,BID,SHORT,0.5
RKLB,2026-07-20 13:53:11.992998+00:00,CALL,67.0,2026-07-24,929236,2950,3095,387,67.05,REPEATEDHITSDESCENDINGFILL,False,False,False,929236,0,40003268429.0,4,ASK,LONG,1.0
RKLB,2026-07-17 18:57:02.857574+00:00,CALL,155.0,2026-09-18,46150,923,923,554,68.39,REPEATEDHITS,False,False,False,0,46150,40003268429.0,63,BID,SHORT,0.5
RKLB,2026-07-17 18:11:44.850855+00:00,CALL,68.0,2026-07-31,335783,574,693,146,69.13,REPEATEDHITS,False,False,False,335783,0,40003268429.0,14,ASK,LONG,1.0
RKLB,2026-07-17 14:24:09.384164+00:00,CALL,75.0,2026-08-21,1890000,3000,3137,549,68.52,REPEATEDHITS,True,False,False,1890000,0,40003268429.0,35,ASK,LONG,1.0
RKLB,2026-07-17 13:36:01.106273+00:00,PUT,58.0,2026-07-24,29133,249,309,152,65.175,REPEATEDHITS,False,False,False,29133,0,40003268429.0,7,ASK,SHORT,1.0
RKLB,2026-07-16 19:59:30.270242+00:00,CALL,70.0,2026-07-24,45500,175,2552,31,67.375,REPEATEDHITS,False,False,False,36400,0,40003268429.0,8,ASK,LONG,1.0
RKLB,2026-07-16 19:58:54.183877+00:00,CALL,68.0,2026-07-17,12272,100,2073,42,67.355,REPEATEDHITSDESCENDINGFILL,False,False,False,12272,0,40003268429.0,1,ASK,LONG,1.0
RKLB,2026-07-16 17:21:23.632016+00:00,CALL,85.0,2026-07-24,20352,848,1325,582,66.9301,REPEATEDHITS,False,False,False,0,20352,40003268429.0,8,BID,SHORT,0.5
RKLB,2026-07-16 17:06:44.361371+00:00,CALL,66.0,2026-07-17,139320,648,1654,3,66.93,REPEATEDHITS,False,False,False,0,139320,40003268429.0,1,BID,SHORT,0.5
RKLB,2026-07-16 16:30:02.570301+00:00,CALL,70.0,2026-07-24,19360,80,1647,31,66.72,REPEATEDHITS,True,False,False,19360,0,40003268429.0,8,ASK,LONG,1.0
RKLB,2026-07-16 16:20:54.470615+00:00,PUT,68.0,2026-07-31,30680,52,735,47,66.29,REPEATEDHITS,False,False,False,30680,0,40003268429.0,15,ASK,SHORT,1.0
RKLB,2026-07-16 16:20:48.855810+00:00,CALL,69.0,2026-07-17,39408,556,1914,41,66.3,REPEATEDHITS,True,False,False,5213,34195,40003268429.0,1,BID,SHORT,0.5
RKLB,2026-07-16 16:20:48.855810+00:00,CALL,68.0,2026-07-17,22568,217,958,42,66.3,REPEATEDHITS,True,False,False,22568,0,40003268429.0,1,ASK,LONG,1.0
RKLB,2026-07-16 16:20:46.848638+00:00,PUT,66.0,2026-07-24,167555,472,712,77,66.31,REPEATEDHITS,False,False,False,133835,33720,40003268429.0,8,ASK,SHORT,1.0
RKLB,2026-07-16 16:20:46.848638+00:00,PUT,68.0,2026-07-24,79783,172,1881,97,66.31,REPEATEDHITSDESCENDINGFILL,False,False,False,79783,0,40003268429.0,8,ASK,SHORT,1.0
RKLB,2026-07-16 16:20:46.848638+00:00,CALL,67.0,2026-07-24,106605,309,383,5,66.31,REPEATEDHITS,False,False,False,106260,345,40003268429.0,8,ASK,LONG,1.0
RKLB,2026-07-16 15:40:53.861645+00:00,PUT,68.0,2026-07-24,304829,824,1382,97,67.965,REPEATEDHITSDESCENDINGFILL,False,False,False,304829,0,40003268429.0,8,ASK,SHORT,1.0
RKLB,2026-07-16 15:15:52.620173+00:00,CALL,72.0,2026-07-31,28000,80,99,1,68.1,REPEATEDHITS,False,False,False,0,28000,40003268429.0,15,BID,SHORT,0.5
RKLB,2026-07-16 15:05:25.937149+00:00,PUT,68.0,2026-07-31,246373,508,569,47,68.29,REPEATEDHITS,False,False,False,241523,4850,40003268429.0,15,ASK,SHORT,1.0
RKLB,2026-07-16 14:38:17.331730+00:00,CALL,69.0,2026-07-17,18000,100,350,41,69.1,REPEATEDHITS,False,False,False,9360,7560,40003268429.0,1,ASK,LONG,1.0
RKLB,2026-07-16 13:57:58.798280+00:00,PUT,68.0,2026-07-24,125919,350,366,97,68.805,REPEATEDHITSDESCENDINGFILL,False,False,False,122024,345,40003268429.0,8,ASK,SHORT,1.0
RKLB,2026-07-16 13:57:58.798280+00:00,PUT,61.0,2026-07-24,10530,90,95,22,68.785,REPEATEDHITS,False,False,False,10530,0,40003268429.0,8,ASK,SHORT,1.0
RKLB,2026-07-16 13:57:58.798280+00:00,PUT,64.0,2026-07-24,15360,80,120,71,68.785,REPEATEDHITS,False,False,False,15360,0,40003268429.0,8,ASK,SHORT,1.0
RKLB,2026-07-16 13:36:00.920023+00:00,CALL,70.0,2026-07-24,31185,63,89,31,71.96,REPEATEDHITS,False,False,False,31185,0,40003268429.0,8,ASK,LONG,1.0
RKLB,2026-07-15 18:24:05.886303+00:00,PUT,69.0,2026-07-17,20425,1075,1198,773,77.04,REPEATEDHITS,False,False,False,0,20425,40003268429.0,2,BID,LONG,0.5
RKLB,2026-07-15 18:09:07.357253+00:00,CALL,77.0,2026-07-17,104500,500,2662,210,76.71,REPEATEDHITS,False,False,False,104500,0,40003268429.0,2,ASK,LONG,1.0
RKLB,2026-07-15 17:32:15.279099+00:00,CALL,77.0,2026-07-17,120120,616,1914,210,76.41,REPEATEDHITS,False,False,False,120120,0,40003268429.0,2,ASK,LONG,1.0
RKLB,2026-07-15 16:00:52.964459+00:00,CALL,77.0,2026-07-17,114300,508,709,210,76.96,REPEATEDHITS,False,False,False,0,114300,40003268429.0,2,BID,SHORT,0.5
RKLB,2026-07-14 19:46:25.554188+00:00,PUT,78.0,2026-07-17,573108,2803,3487,1820,79.39,REPEATEDHITS,True,False,False,107520,465588,40003268429.0,3,BID,LONG,0.5
RKLB,2026-07-14 18:25:08.893738+00:00,CALL,112.0,2026-08-07,17820,180,184,41,79.1623,REPEATEDHITS,False,False,False,0,17820,40003268429.0,24,BID,SHORT,0.5
RKLB,2026-07-14 15:49:39.086911+00:00,CALL,91.0,2026-07-17,14400,400,753,285,80.77,REPEATEDHITS,False,False,False,14400,0,40003268429.0,3,ASK,LONG,1.0
RKLB,2026-07-13 16:28:36.838614+00:00,CALL,78.0,2026-07-17,18005,80,477,14,76.27,REPEATEDHITS,False,False,False,0,18005,40003268429.0,4,BID,SHORT,0.5
RKLB,2026-07-13 15:49:44.422083+00:00,PUT,70.0,2026-08-28,31275,51,133,13,77.875,REPEATEDHITSDESCENDINGFILL,False,False,False,17220,14055,40003268429.0,46,ASK,SHORT,1.0
RKLB,2026-07-13 13:45:27.177287+00:00,CALL,79.0,2026-07-17,75174,293,539,26,77.41,REPEATEDHITS,True,False,False,61758,0,40003268429.0,4,ASK,LONG,1.0
RKLB,2026-07-10 19:35:43.262563+00:00,CALL,80.0,2026-07-10,44400,400,7117,78,81.101,REPEATEDHITS,True,False,False,44400,0,40003268429.0,0,ASK,LONG,1.0
RKLB,2026-07-10 15:09:54.928977+00:00,CALL,111.0,2026-07-24,11951,323,330,45,80.28,REPEATEDHITS,False,False,False,11951,0,40003268429.0,14,ASK,LONG,1.0
RKLB,2026-07-10 15:09:22.896216+00:00,CALL,80.0,2026-07-10,61344,639,4679,78,80.32,REPEATEDHITS,False,False,False,0,61344,40003268429.0,0,BID,SHORT,0.5
RKLB,2026-07-10 15:09:16.286328+00:00,CALL,80.0,2026-07-10,42400,400,4040,78,80.31,REPEATEDHITS,False,False,False,42400,0,40003268429.0,0,ASK,LONG,1.0
RKLB,2026-07-10 14:41:07.375243+00:00,PUT,78.0,2026-07-17,229074,833,894,137,80.0,REPEATEDHITS,False,False,False,228800,274,40003268429.0,7,ASK,SHORT,1.0
RKLB,2026-07-10 14:33:55.364663+00:00,CALL,81.0,2026-07-10,11786,200,3672,85,80.05,REPEATEDHITSASCENDINGFILL,False,False,False,11729,0,40003268429.0,0,ASK,LONG,1.0
RKLB,2026-07-10 14:29:45.067503+00:00,CALL,81.0,2026-07-10,51679,750,3335,85,80.35,REPEATEDHITSASCENDINGFILL,True,False,False,13317,67,40003268429.0,0,ASK,LONG,1.0
RKLB,2026-07-10 14:10:06.764564+00:00,CALL,81.0,2026-07-10,12502,178,878,85,80.18,REPEATEDHITSASCENDINGFILL,True,False,False,12502,0,40003268429.0,0,ASK,LONG,1.0
RKLB,2026-07-10 13:58:46.871080+00:00,CALL,80.0,2026-07-10,99225,735,2055,78,80.55,REPEATEDHITS,False,False,False,0,99225,40003268429.0,0,BID,SHORT,0.5
RKLB,2026-07-10 13:33:45.287664+00:00,CALL,80.0,2026-07-10,149250,750,750,78,81.06,REPEATEDHITS,True,False,False,0,149250,40003268429.0,0,BID,SHORT,0.5
RSI,2026-07-22 13:47:14.031372+00:00,CALL,30.0,2026-08-21,36000,100,1091,43,32.25,REPEATEDHITS,False,False,False,0,36000,3492873769.0,30,BID,SHORT,0.5
RSI,2026-07-22 13:46:44.779514+00:00,CALL,30.0,2026-08-21,22200,60,991,43,32.29,REPEATEDHITS,False,False,False,22200,0,3492873769.0,30,ASK,LONG,1.0
RSI,2026-07-22 13:46:30.947957+00:00,CALL,30.0,2026-08-21,39700,110,761,43,32.22,REPEATEDHITSDESCENDINGFILL,False,False,False,3700,36000,3492873769.0,30,BID,SHORT,0.5
RSI,2026-07-22 13:46:02.893646+00:00,CALL,30.0,2026-08-21,36000,100,651,43,32.27,REPEATEDHITS,True,False,False,36000,0,3492873769.0,30,ASK,LONG,1.0
RSI,2026-07-22 13:44:31.650837+00:00,CALL,30.0,2026-08-21,25900,70,481,43,32.43,REPEATEDHITS,True,False,False,25900,0,3492873769.0,30,ASK,LONG,1.0
RSI,2026-07-22 13:43:57.764000+00:00,CALL,30.0,2026-08-21,37000,100,381,43,32.37,REPEATEDHITS,True,False,False,37000,0,3492873769.0,30,ASK,LONG,1.0
RSI,2026-07-22 13:42:11.733725+00:00,CALL,30.0,2026-08-21,95000,250,250,43,32.63,REPEATEDHITS,True,False,False,34200,0,3492873769.0,30,ASK,LONG,1.0
RSI,2026-07-21 16:19:27.295106+00:00,PUT,35.0,2026-08-21,72903,243,2411,15,33.82,REPEATEDHITSDESCENDINGFILL,False,False,False,0,72903,3492873769.0,31,BID,LONG,0.5
RSI,2026-07-21 15:39:15.272726+00:00,PUT,35.0,2026-08-21,21000,70,1426,15,33.77,REPEATEDHITS,True,False,False,21000,0,3492873769.0,31,ASK,SHORT,1.0
RSI,2026-07-21 15:29:13.739657+00:00,PUT,35.0,2026-08-21,93300,311,1236,15,33.785,REPEATEDHITS,False,False,False,4200,89100,3492873769.0,31,BID,LONG,0.5
RSI,2026-07-21 15:26:58.343564+00:00,PUT,35.0,2026-08-21,116661,376,808,15,33.57,REPEATEDHITSDESCENDINGFILL,False,False,False,0,116661,3492873769.0,31,BID,LONG,0.5
RSI,2026-06-22 16:24:31.626547+00:00,CALL,35.0,2026-08-21,13485,87,87,0,30.6,REPEATEDHITS,False,False,False,13485,0,3492873769.0,60,ASK,LONG,1.0
RSI,2026-06-18 13:36:48.560671+00:00,PUT,30.0,2026-06-18,30975,177,177,37,28.35,REPEATEDHITS,False,False,False,0,30975,3492873769.0,0,BID,LONG,0.5
RSI,2026-06-15 15:11:28.681186+00:00,PUT,30.0,2026-07-17,14759,82,82,67,29.87,REPEATEDHITS,True,False,False,14759,0,3492873769.0,32,ASK,SHORT,1.0
SCCO,2026-07-22 15:30:19.933601+00:00,PUT,205.0,2026-08-07,205720,127,217,4,194.0001,REPEATEDHITSDESCENDINGFILL,True,False,False,204110,1610,156861573165.0,16,ASK,SHORT,1.0
SCCO,2026-07-22 15:05:53.590622+00:00,PUT,205.0,2026-08-07,152100,90,90,4,192.815,REPEATEDHITS,False,False,False,152100,0,156861573165.0,16,ASK,SHORT,1.0
SCCO,2026-07-20 15:06:02.759408+00:00,PUT,167.5,2026-08-07,61440,96,96,0,174.69,REPEATEDHITS,False,False,False,61440,0,156861573165.0,18,ASK,SHORT,1.0
SCCO,2026-07-16 17:56:19.199274+00:00,PUT,170.0,2026-07-31,81200,145,146,12,174.66,REPEATEDHITS,False,False,False,81200,0,156861573165.0,15,ASK,SHORT,1.0
SCCO,2026-07-16 16:05:06.943968+00:00,PUT,200.0,2026-08-14,81000,30,30,3,177.16,REPEATEDHITS,False,False,False,81000,0,156861573165.0,29,ASK,SHORT,1.0
SCCO,2026-07-14 15:14:56.652414+00:00,PUT,185.0,2027-07-16,234756,59,350,0,183.405,REPEATEDHITS,True,False,False,0,234756,156861573165.0,367,BID,LONG,0.5
SCCO,2026-07-14 14:50:56.185424+00:00,PUT,200.0,2026-08-07,337500,150,150,2,181.85,REPEATEDHITS,False,False,False,337500,0,156861573165.0,24,ASK,SHORT,1.0
SCCO,2026-07-14 14:06:20.543290+00:00,PUT,195.0,2026-07-31,158100,93,93,1,182.39,REPEATEDHITS,False,False,False,158100,0,156861573165.0,17,ASK,SHORT,1.0
SCCO,2026-07-13 16:26:21.074477+00:00,CALL,165.0,2026-08-21,69540,38,38,21,176.15,REPEATEDHITS,True,False,False,0,69540,156861573165.0,39,BID,SHORT,0.5
SCCO,2026-07-13 14:42:17.205417+00:00,PUT,195.0,2026-08-07,165350,78,78,1,178.55,REPEATEDHITS,True,False,False,163240,0,156861573165.0,25,ASK,SHORT,1.0
SCCO,2026-07-08 16:56:39.534800+00:00,PUT,125.0,2027-12-17,97060,46,208,8,165.955,REPEATEDHITS,False,False,False,0,97060,156861573165.0,527,BID,LONG,0.5
SCCO,2026-07-08 16:56:15.910265+00:00,PUT,125.0,2027-12-17,67200,32,135,8,165.905,REPEATEDHITS,False,False,False,0,67200,156861573165.0,527,BID,LONG,0.5
SCCO,2026-07-08 16:40:58.656721+00:00,PUT,125.0,2027-12-17,80940,38,50,8,164.78,REPEATEDHITS,False,False,False,0,80940,156861573165.0,527,BID,LONG,0.5
SCCO,2026-07-02 14:51:06.840154+00:00,CALL,182.5,2026-07-17,98465,229,235,16,173.8664,REPEATEDHITSASCENDINGFILL,False,False,False,98465,0,156861573165.0,15,ASK,LONG,1.0
SCCO,2026-07-02 14:25:54.192097+00:00,CALL,180.0,2026-07-10,56495,226,307,12,173.46,REPEATEDHITS,False,False,False,56495,0,156861573165.0,8,ASK,LONG,1.0
SCCO,2026-07-01 14:22:48.565323+00:00,CALL,180.0,2026-08-21,70396,64,66,54,173.325,REPEATEDHITSASCENDINGFILL,False,False,False,0,70396,156861573165.0,51,BID,SHORT,0.5
SCCO,2026-06-26 15:01:50.410987+00:00,CALL,175.0,2026-09-18,122200,65,66,61,175.43,REPEATEDHITS,False,False,False,122200,0,156861573165.0,84,ASK,LONG,1.0
SCCO,2026-06-24 15:01:19.747595+00:00,PUT,177.5,2026-07-17,182120,157,157,2,173.93,REPEATEDHITS,False,False,False,0,182120,156861573165.0,23,BID,LONG,0.5
SCCO,2026-06-22 15:49:24.589300+00:00,PUT,180.0,2026-06-26,50736,302,336,33,190.1,REPEATEDHITS,False,False,False,50736,0,156861573165.0,4,ASK,SHORT,1.0
SCCO,2026-06-18 17:44:41.582017+00:00,CALL,190.0,2026-07-10,117808,99,99,1,192.482,REPEATEDHITS,False,False,False,117808,0,156861573165.0,22,ASK,LONG,1.0
SCCO,2026-06-16 18:27:19.189100+00:00,CALL,210.0,2026-07-17,116440,164,174,141,195.61,REPEATEDHITS,False,False,False,1420,115020,156861573165.0,31,BID,SHORT,0.5
SCCO,2026-06-12 14:10:10.919136+00:00,CALL,195.0,2026-07-17,58000,50,89,35,190.315,REPEATEDHITS,False,False,False,11600,46400,156861573165.0,35,BID,SHORT,0.5
SCCO,2026-06-09 16:18:03.706713+00:00,PUT,150.0,2026-07-17,95850,213,214,118,169.73,REPEATEDHITS,False,False,False,95850,0,156861573165.0,38,ASK,SHORT,1.0
SCCO,2026-06-08 16:01:09.551763+00:00,PUT,120.0,2026-09-18,85320,237,301,25,172.29,REPEATEDHITS,False,False,False,77040,0,156861573165.0,102,ASK,SHORT,1.0
SCCO,2026-06-05 16:36:05.296716+00:00,PUT,192.5,2026-06-12,353502,202,203,1,175.345,REPEATEDHITSASCENDINGFILL,False,False,False,0,353502,156861573165.0,7,BID,LONG,0.5
SCCO,2026-06-02 16:30:47.841033+00:00,CALL,185.0,2026-09-18,219120,66,204,12,201.53,REPEATEDHITS,False,False,False,219120,0,156861573165.0,108,ASK,LONG,1.0
SCCO,2026-06-02 14:55:35.816279+00:00,CALL,185.0,2026-09-18,437536,131,132,12,202.08,REPEATEDHITS,False,False,False,437536,0,156861573165.0,108,ASK,LONG,1.0
SCCO,2026-05-28 14:12:56.738619+00:00,PUT,200.0,2026-07-17,78050,35,35,10,186.26,REPEATEDHITS,True,False,False,0,78050,156861573165.0,50,BID,LONG,0.5
SCCO,2026-05-26 15:23:54.888726+00:00,PUT,190.0,2026-08-21,128820,57,60,52,187.025,REPEATEDHITS,False,False,False,128820,0,156861573165.0,87,ASK,SHORT,1.0
SCCO,2026-05-26 14:05:38.648645+00:00,CALL,185.0,2026-07-17,203125,111,112,18,189.215,REPEATEDHITSDESCENDINGFILL,False,False,False,203125,0,156861573165.0,52,ASK,LONG,1.0
SLV,2026-07-22 15:35:06.507172+00:00,CALL,60.0,2026-08-03,69570,2319,2608,23,54.4214,REPEATEDHITS,False,False,False,0,69570,38529495748.0,12,BID,SHORT,0.5
SLV,2026-07-22 14:45:20.041883+00:00,CALL,60.0,2026-07-31,145029,5001,5714,3115,54.4994,REPEATEDHITS,False,False,False,0,145029,38529495748.0,9,BID,SHORT,0.5
SLV,2026-07-22 14:08:34.331802+00:00,CALL,58.5,2026-08-14,32450,275,275,258,54.835,REPEATEDHITS,True,False,False,0,32450,38529495748.0,23,BID,SHORT,0.5
SLV,2026-07-22 14:08:12.072763+00:00,CALL,58.0,2026-08-28,68600,350,390,130,54.8301,REPEATEDHITS,True,False,False,0,68600,38529495748.0,37,BID,SHORT,0.5
SLV,2026-07-22 13:58:12.841246+00:00,PUT,54.5,2026-08-28,12960,45,52,9,54.62,REPEATEDHITS,True,False,False,12960,0,38529495748.0,37,ASK,SHORT,1.0
SLV,2026-07-22 13:54:32.001451+00:00,PUT,54.0,2026-08-28,57770,218,224,60,54.48,REPEATEDHITS,True,False,False,57770,0,38529495748.0,37,ASK,SHORT,1.0
SLV,2026-07-22 13:48:02.115830+00:00,PUT,52.5,2026-08-05,20000,200,200,0,54.355,REPEATEDHITS,True,False,False,20000,0,38529495748.0,14,ASK,SHORT,1.0
SLV,2026-07-21 19:54:52.919638+00:00,PUT,51.0,2027-03-19,279205,500,503,2,53.085,REPEATEDHITSDESCENDINGFILL,False,False,False,561,278644,38529495748.0,241,BID,LONG,0.5
SLV,2026-07-21 16:13:08.631624+00:00,PUT,48.5,2026-07-27,22734,2526,2793,57,53.37,REPEATEDHITS,False,False,False,0,22734,38529495748.0,6,BID,LONG,0.5
SLV,2026-07-21 16:04:55.367855+00:00,PUT,48.0,2026-08-28,10300,100,120,81,53.325,REPEATEDHITS,False,False,False,10300,0,38529495748.0,38,ASK,SHORT,1.0
SLV,2026-07-21 14:57:14.882534+00:00,PUT,43.0,2026-10-16,24200,242,2257,7,53.315,REPEATEDHITS,False,False,False,24200,0,38529495748.0,87,ASK,SHORT,1.0
SLV,2026-07-21 14:57:14.882534+00:00,PUT,43.0,2026-10-16,10800,108,2461,7,53.315,REPEATEDHITS,False,False,False,10800,0,38529495748.0,87,ASK,SHORT,1.0
SLV,2026-07-21 14:56:55.650072+00:00,PUT,43.0,2026-10-16,19600,196,1716,7,53.31,REPEATEDHITS,False,False,False,0,19600,38529495748.0,87,BID,LONG,0.5
SLV,2026-07-21 14:45:58.056379+00:00,CALL,62.0,2026-08-28,13400,200,207,157,53.31,REPEATEDHITS,False,False,False,134,13266,38529495748.0,38,BID,SHORT,0.5
SLV,2026-07-21 14:42:35.223830+00:00,PUT,43.0,2026-10-16,16218,159,991,7,53.2,REPEATEDHITS,False,False,False,16218,0,38529495748.0,87,ASK,SHORT,1.0
SLV,2026-07-21 14:42:20.605696+00:00,PUT,43.0,2026-10-16,44166,433,651,7,53.165,REPEATEDHITS,False,False,False,0,44166,38529495748.0,87,BID,LONG,0.5
SLV,2026-07-21 14:42:03.984357+00:00,PUT,43.0,2026-10-16,12978,126,198,7,53.16,REPEATEDHITS,False,False,False,12978,0,38529495748.0,87,ASK,SHORT,1.0
SLV,2026-07-21 14:40:16.409337+00:00,CALL,56.0,2026-08-28,37600,200,226,142,53.2,REPEATEDHITS,False,False,False,5640,31960,38529495748.0,38,BID,SHORT,0.5
SLV,2026-07-21 14:33:57.122708+00:00,PUT,49.0,2026-07-24,17190,1910,3072,589,53.285,REPEATEDHITS,False,False,False,0,17190,38529495748.0,3,BID,LONG,0.5
SLV,2026-07-21 13:37:55.751142+00:00,CALL,54.5,2026-07-24,22645,668,730,601,52.7843,REPEATEDHITSDESCENDINGFILL,False,False,False,21160,0,38529495748.0,3,ASK,LONG,1.0
SLV,2026-07-21 13:32:34.383036+00:00,PUT,49.0,2026-07-24,12000,1000,1012,589,52.775,REPEATEDHITS,True,False,False,12000,0,38529495748.0,3,ASK,SHORT,1.0
SLV,2026-07-20 19:55:29.478526+00:00,PUT,52.0,2026-07-31,202860,966,9864,341,50.995,REPEATEDHITS,True,False,False,118860,0,38529495748.0,11,ASK,SHORT,1.0
SLV,2026-07-20 19:55:29.478526+00:00,PUT,52.0,2026-07-31,109830,523,10387,341,50.995,REPEATEDHITS,False,False,False,0,109830,38529495748.0,11,BID,LONG,0.5
SLV,2026-07-20 19:55:00.042873+00:00,PUT,52.0,2026-07-31,75749,359,8746,341,50.995,REPEATEDHITS,True,False,False,75749,0,38529495748.0,11,ASK,SHORT,1.0
SLV,2026-07-20 19:36:36.913084+00:00,PUT,52.0,2026-07-31,346492,1685,8385,341,51.11,REPEATEDHITSASCENDINGFILL,False,False,False,346492,0,38529495748.0,11,ASK,SHORT,1.0
SLV,2026-07-20 19:23:09.879750+00:00,CALL,50.0,2026-08-14,20220,66,167,36,51.14,REPEATEDHITSDESCENDINGFILL,True,False,False,5580,12200,38529495748.0,25,BID,SHORT,0.5
SLV,2026-07-20 19:21:22.553382+00:00,PUT,52.0,2026-07-31,609000,3000,6375,341,51.145,REPEATEDHITS,False,False,False,609000,0,38529495748.0,11,ASK,SHORT,1.0
SLV,2026-07-20 19:05:55.116009+00:00,PUT,52.0,2026-07-31,210653,1000,1083,341,51.045,REPEATEDHITSASCENDINGFILL,False,False,False,210653,0,38529495748.0,11,ASK,SHORT,1.0
SLV,2026-07-20 19:05:55.116009+00:00,PUT,52.0,2026-07-31,211932,1000,2083,341,51.025,REPEATEDHITSASCENDINGFILL,False,False,False,211932,0,38529495748.0,11,ASK,SHORT,1.0
SLV,2026-07-20 19:05:55.116009+00:00,PUT,52.0,2026-07-31,204763,964,3083,341,51.025,REPEATEDHITSDESCENDINGFILL,False,False,False,204763,0,38529495748.0,11,ASK,SHORT,1.0
SLV,2026-07-20 19:03:51.920103+00:00,CALL,52.0,2026-07-31,360000,3000,12833,823,51.075,REPEATEDHITS,False,False,False,0,360000,38529495748.0,11,BID,SHORT,0.5
SLV,2026-07-20 17:15:43.288390+00:00,PUT,40.0,2026-11-20,234000,1950,1960,1891,51.4,REPEATEDHITS,False,False,False,234000,0,38529495748.0,123,ASK,SHORT,1.0
SLV,2026-07-20 17:10:29.915465+00:00,PUT,47.0,2026-08-21,20200,200,271,97,51.51,REPEATEDHITS,False,False,False,0,20200,38529495748.0,32,BID,LONG,0.5
SLV,2026-07-20 16:28:49.042306+00:00,PUT,51.5,2026-07-22,132608,2072,2489,222,51.52,REPEATEDHITS,False,False,False,132608,0,38529495748.0,2,ASK,SHORT,1.0
SLV,2026-07-20 16:20:58.705739+00:00,PUT,51.0,2026-10-16,60840,156,411,2,51.615,REPEATEDHITS,False,False,False,0,60840,38529495748.0,88,BID,LONG,0.5
SLV,2026-07-20 16:07:59.448898+00:00,PUT,51.0,2026-10-16,29640,76,255,2,51.625,REPEATEDHITS,False,False,False,0,29640,38529495748.0,88,BID,LONG,0.5
SLV,2026-07-20 16:01:48.456486+00:00,PUT,51.0,2026-10-16,33180,84,179,2,51.525,REPEATEDHITS,False,False,False,0,33180,38529495748.0,88,BID,LONG,0.5
SLV,2026-07-20 15:59:59.645856+00:00,PUT,46.0,2026-08-21,32000,400,403,94,51.4801,REPEATEDHITS,False,False,False,0,32000,38529495748.0,32,BID,LONG,0.5
SLV,2026-07-20 15:58:46.358542+00:00,PUT,51.0,2026-10-16,37525,95,95,2,51.515,REPEATEDHITS,True,False,False,7110,12640,38529495748.0,88,BID,LONG,0.5
SLV,2026-07-20 15:42:46.342262+00:00,PUT,42.0,2026-08-28,12375,275,2529,84,51.47,REPEATEDHITS,False,False,False,12375,0,38529495748.0,39,ASK,SHORT,1.0
SLV,2026-07-20 15:36:44.656256+00:00,PUT,51.5,2026-07-24,125048,1276,1324,315,51.54,REPEATEDHITS,False,False,False,124950,98,38529495748.0,4,ASK,SHORT,1.0
SLV,2026-07-20 15:18:23.383785+00:00,PUT,36.0,2026-11-20,207604,3053,3055,2289,51.495,REPEATEDHITS,False,False,False,207604,0,38529495748.0,123,ASK,SHORT,1.0
SLV,2026-07-20 15:13:41.361337+00:00,CALL,52.0,2026-07-31,145998,1000,8487,823,51.5636,REPEATEDHITSASCENDINGFILL,False,False,False,145998,0,38529495748.0,11,ASK,LONG,1.0
SLV,2026-07-20 15:10:26.837100+00:00,CALL,52.0,2026-07-31,133496,902,4176,823,51.645,REPEATEDHITS,True,False,False,133496,0,38529495748.0,11,ASK,LONG,1.0
SLV,2026-07-20 15:10:26.837100+00:00,CALL,52.0,2026-07-31,161406,1098,5274,823,51.645,REPEATEDHITS,True,False,False,161406,0,38529495748.0,11,ASK,LONG,1.0
SLV,2026-07-20 14:23:16.621811+00:00,PUT,35.0,2026-11-20,163191,2863,2865,611,51.065,REPEATEDHITS,False,False,False,163191,0,38529495748.0,123,ASK,SHORT,1.0
SLV,2026-07-20 13:48:14.497718+00:00,CALL,52.0,2026-07-31,141000,1000,3119,823,51.4601,REPEATEDHITS,True,False,False,0,141000,38529495748.0,11,BID,SHORT,0.5
SLV,2026-07-20 13:34:20.700290+00:00,CALL,52.0,2026-07-31,138999,1000,2040,823,51.38,REPEATEDHITSASCENDINGFILL,False,False,False,138999,0,38529495748.0,11,ASK,LONG,1.0
SLV,2026-07-17 18:47:46.736354+00:00,PUT,36.0,2026-11-20,162235,2285,2322,0,50.69,REPEATEDHITS,False,False,False,162235,0,38529495748.0,126,ASK,SHORT,1.0
SLV,2026-07-17 16:45:58.631478+00:00,CALL,58.0,2026-08-14,49968,1041,1160,138,50.66,REPEATEDHITS,False,False,False,0,49968,38529495748.0,28,BID,SHORT,0.5
SMCI,2026-07-22 14:48:52.762682+00:00,CALL,33.5,2026-07-24,93228,1500,7230,273,31.72,REPEATEDHITSASCENDINGFILL,False,False,False,93228,0,15336171291.0,2,ASK,LONG,1.0
SMCI,2026-07-22 14:47:50.669487+00:00,PUT,30.0,2026-07-31,88375,707,1460,489,31.725,REPEATEDHITS,True,False,False,125,43125,15336171291.0,9,BID,LONG,0.5
SMCI,2026-07-22 13:44:31.650837+00:00,CALL,32.5,2026-07-24,51200,800,1251,738,30.57,REPEATEDHITS,False,False,False,51200,0,15336171291.0,2,ASK,LONG,1.0
SMCI,2026-07-22 13:42:46.826855+00:00,PUT,29.5,2026-08-07,30150,150,152,102,30.415,REPEATEDHITS,False,False,False,0,30150,15336171291.0,16,BID,LONG,0.5
SMCI,2026-07-22 13:38:20.108171+00:00,PUT,30.5,2026-08-07,17425,62,62,48,30.13,REPEATEDHITSDESCENDINGFILL,True,False,False,8744,8681,15336171291.0,16,ASK,SHORT,1.0
SMCI,2026-07-22 13:38:07.080304+00:00,PUT,29.5,2026-07-24,40044,426,726,116,30.2426,REPEATEDHITS,False,False,False,40044,0,15336171291.0,2,ASK,SHORT,1.0
SMCI,2026-07-21 18:37:24.738678+00:00,PUT,27.5,2026-08-21,32560,74,76,6,25.315,REPEATEDHITS,False,False,False,0,22440,15336171291.0,31,BID,LONG,0.5
SMCI,2026-07-21 18:09:45.079558+00:00,PUT,22.5,2026-07-31,12314,262,287,195,25.42,REPEATEDHITS,False,False,False,12314,0,15336171291.0,10,ASK,SHORT,1.0
SMCI,2026-07-20 18:19:26.735106+00:00,PUT,21.0,2026-07-24,12192,1016,1568,541,24.385,REPEATEDHITS,False,False,False,12192,0,15336171291.0,4,ASK,SHORT,1.0
SMCI,2026-07-20 18:17:32.809109+00:00,PUT,17.0,2026-08-07,14630,665,688,8,24.415,REPEATEDHITS,False,False,False,14630,0,15336171291.0,18,ASK,SHORT,1.0
SMCI,2026-07-17 19:28:48.914600+00:00,PUT,24.0,2026-12-18,1236000,2400,3325,480,24.43,REPEATEDHITS,False,False,False,0,1236000,15336171291.0,154,BID,LONG,0.5
SMCI,2026-07-17 16:53:04.798247+00:00,CALL,25.5,2026-07-17,10000,2000,6553,958,24.86,REPEATEDHITS,True,False,False,10000,0,15336171291.0,0,ASK,LONG,1.0
SMCI,2026-07-17 16:52:03.500181+00:00,CALL,25.5,2026-07-17,11772,2943,4519,958,24.915,REPEATEDHITS,True,False,False,11148,4,15336171291.0,0,ASK,LONG,1.0
SMCI,2026-07-17 16:21:15.856272+00:00,CALL,24.5,2026-07-31,11550,66,193,21,24.515,REPEATEDHITS,True,False,False,0,8575,15336171291.0,14,BID,SHORT,0.5
SMCI,2026-07-17 15:58:03.155002+00:00,CALL,23.5,2026-07-31,39060,180,190,58,24.34,REPEATEDHITS,True,False,False,0,39060,15336171291.0,14,BID,SHORT,0.5
SMCI,2026-07-17 14:55:10.580175+00:00,PUT,10.0,2026-07-31,6000,2000,2000,3,24.01,FLOORTRADELARGECAP,False,True,False,6000,0,15336171291.0,14,ASK,SHORT,1.0
SMCI,2026-07-17 14:45:13.266269+00:00,CALL,24.5,2026-07-24,10800,108,283,88,24.095,REPEATEDHITS,True,False,False,0,10800,15336171291.0,7,BID,SHORT,0.5
SMCI,2026-07-16 17:44:33.225791+00:00,PUT,26.5,2026-07-31,15428,58,124,18,24.91,REPEATEDHITS,True,False,False,15428,0,15336171291.0,15,ASK,SHORT,1.0
SMCI,2026-07-16 15:09:52.014276+00:00,CALL,25.0,2026-08-14,97020,308,984,58,25.545,REPEATEDHITS,True,False,False,97020,0,15336171291.0,29,ASK,LONG,1.0
SMCI,2026-07-16 15:09:41.200133+00:00,CALL,25.0,2026-08-14,21420,68,611,58,25.535,REPEATEDHITS,True,False,False,21420,0,15336171291.0,29,ASK,LONG,1.0
SMCI,2026-07-15 16:13:27.410059+00:00,CALL,27.5,2026-07-24,50205,500,753,482,26.525,REPEATEDHITSASCENDINGFILL,False,False,False,0,50205,15336171291.0,9,BID,SHORT,0.5
SMCI,2026-07-13 16:50:30.335950+00:00,CALL,26.5,2026-07-31,31892,119,129,0,27.565,REPEATEDHITS,False,False,False,268,31624,15336171291.0,18,BID,SHORT,0.5
SMCI,2026-07-10 16:41:17.691241+00:00,CALL,35.0,2026-08-28,31800,150,279,2,28.84,REPEATEDHITS,False,False,False,6148,25652,15336171291.0,49,BID,SHORT,0.5
SMCI,2026-07-10 14:10:31.662884+00:00,PUT,5.0,2027-12-17,55649,1050,1130,359,28.7699,REPEATEDHITS,False,False,False,55649,0,15336171291.0,525,ASK,SHORT,1.0
SMCI,2026-07-10 13:37:18.770031+00:00,CALL,35.0,2026-08-07,54808,442,442,423,28.76,REPEATEDHITS,False,False,False,54808,0,15336171291.0,28,ASK,LONG,1.0
SMCI,2026-07-09 13:56:49.887435+00:00,CALL,29.5,2026-07-24,43740,243,253,128,28.915,REPEATEDHITS,False,False,False,0,43740,15336171291.0,15,BID,SHORT,0.5
SMCI,2026-07-07 17:14:47.446626+00:00,PUT,20.0,2026-11-20,193290,758,1002,526,26.33,REPEATEDHITS,True,False,False,0,193290,15336171291.0,136,BID,LONG,0.5
SMCI,2026-07-07 14:11:48.265585+00:00,PUT,21.0,2027-02-19,13730,32,32,0,25.825,REPEATEDHITS,False,False,False,9055,4675,15336171291.0,227,ASK,SHORT,1.0
SMCI,2026-07-02 19:58:01.141472+00:00,CALL,27.5,2026-07-10,36301,300,1339,142,27.211,REPEATEDHITSDESCENDINGFILL,False,False,False,0,36179,15336171291.0,8,BID,SHORT,0.5
SMCI,2026-07-02 19:28:11.221987+00:00,CALL,27.0,2026-08-07,86700,255,304,43,26.79,REPEATEDHITS,False,False,False,26520,59500,15336171291.0,36,BID,SHORT,0.5
SMCI,2026-07-02 19:04:29.997702+00:00,CALL,26.0,2026-07-10,188642,1048,1395,136,26.87,REPEATEDHITSDESCENDINGFILL,False,False,False,143642,45000,15336171291.0,8,ASK,LONG,1.0
SMCI,2026-07-02 16:56:39.300676+00:00,CALL,29.0,2026-07-31,501790,2641,5812,783,26.9016,REPEATEDHITS,False,False,False,0,501790,15336171291.0,29,BID,SHORT,0.5
SMCI,2026-07-02 16:29:51.887340+00:00,CALL,29.0,2026-07-31,529200,2646,2792,783,27.11,REPEATEDHITS,False,False,False,0,529200,15336171291.0,29,BID,SHORT,0.5
SMCI,2026-07-01 19:30:03.212307+00:00,CALL,28.0,2026-07-10,130050,850,3471,622,28.1588,REPEATEDHITS,True,False,False,0,31824,15336171291.0,9,BID,SHORT,0.5
SMCI,2026-07-01 16:07:16.472755+00:00,CALL,30.0,2026-07-31,440750,2150,4609,875,28.16,REPEATEDHITS,False,False,False,440750,0,15336171291.0,30,ASK,LONG,1.0
SMCI,2026-07-01 14:36:58.720763+00:00,CALL,30.0,2026-07-31,405080,2132,2251,875,27.7,REPEATEDHITS,False,False,False,0,405080,15336171291.0,30,BID,SHORT,0.5
SMCI,2026-06-30 14:42:17.736329+00:00,CALL,31.5,2026-07-10,58770,653,1001,283,29.3685,REPEATEDHITS,False,False,False,17550,41220,15336171291.0,10,BID,SHORT,0.5
SMCI,2026-06-30 14:31:04.661369+00:00,CALL,36.0,2026-09-18,398770,1227,8572,672,29.675,REPEATEDHITS,True,False,False,248620,110825,15336171291.0,80,ASK,LONG,1.0
SMCI,2026-06-30 14:30:43.015074+00:00,CALL,31.0,2026-08-21,866098,2250,5198,947,29.54,REPEATEDHITSDESCENDINGFILL,False,False,False,866098,0,15336171291.0,52,ASK,LONG,1.0
SMCI,2026-06-30 14:29:15.418068+00:00,CALL,31.0,2026-08-21,1015650,2745,2786,947,29.34,REPEATEDHITS,True,False,False,19240,524290,15336171291.0,52,BID,SHORT,0.5
SMCI,2026-06-30 14:22:58.563814+00:00,CALL,36.0,2026-09-18,902547,3123,3194,672,29.18,REPEATEDHITS,True,False,False,0,508640,15336171291.0,80,BID,SHORT,0.5
SMCI,2026-06-29 19:51:25.544983+00:00,CALL,28.5,2026-07-17,18675,83,1981,5,28.45,REPEATEDHITS,False,False,False,0,11700,15336171291.0,18,BID,SHORT,0.5
SMCI,2026-06-29 19:51:04.712915+00:00,CALL,28.5,2026-07-17,90000,400,1875,5,28.4,REPEATEDHITS,True,False,False,19350,13950,15336171291.0,18,ASK,LONG,1.0
SMCI,2026-06-29 19:41:16.954605+00:00,CALL,28.5,2026-07-17,90992,376,1467,5,28.79,REPEATEDHITS,True,False,False,0,30976,15336171291.0,18,BID,SHORT,0.5
SMCI,2026-06-29 19:40:34.494080+00:00,CALL,28.5,2026-07-17,60500,250,1040,5,28.8399,REPEATEDHITS,True,False,False,0,968,15336171291.0,18,BID,SHORT,0.5
SMCI,2026-06-29 19:40:34.494080+00:00,CALL,28.5,2026-07-17,12342,51,1091,5,28.825,REPEATEDHITS,False,False,False,12342,0,15336171291.0,18,ASK,LONG,1.0
SMCI,2026-06-29 19:40:28.685812+00:00,CALL,28.5,2026-07-17,45840,191,782,5,28.7967,REPEATEDHITS,False,False,False,0,12720,15336171291.0,18,BID,SHORT,0.5
SMCI,2026-06-29 18:55:48.939005+00:00,PUT,25.5,2026-07-02,22885,617,2749,411,27.945,REPEATEDHITSDESCENDINGFILL,False,False,False,4112,16664,15336171291.0,3,BID,LONG,0.5
SMCI,2026-06-29 18:15:34.799114+00:00,PUT,25.5,2026-07-10,34290,500,567,317,28.81,REPEATEDHITSASCENDINGFILL,False,False,False,32430,1860,15336171291.0,11,ASK,SHORT,1.0
SMCI,2026-06-29 18:05:06.888416+00:00,PUT,24.0,2026-07-02,22025,655,1084,446,28.59,REPEATEDHITSDESCENDINGFILL,True,False,False,15454,6571,15336171291.0,3,ASK,SHORT,1.0
SMMT,2026-07-21 19:59:55.309550+00:00,CALL,16.5,2026-07-24,17500,500,1063,49,14.625,REPEATEDHITS,True,False,False,17500,0,11355259496.0,3,ASK,LONG,1.0
SMMT,2026-07-21 19:59:49.699296+00:00,CALL,16.5,2026-07-24,20000,500,563,49,14.62,REPEATEDHITS,True,False,False,19960,40,11355259496.0,3,ASK,LONG,1.0
SMMT,2026-07-21 19:48:19.405372+00:00,CALL,13.0,2026-07-24,19881,97,97,23,14.625,REPEATEDHITS,False,False,False,19881,0,11355259496.0,3,ASK,LONG,1.0
SMMT,2026-07-20 15:38:56.816889+00:00,CALL,14.5,2026-07-24,78648,983,5660,23,13.99,REPEATEDHITS,False,False,False,0,78648,11355259496.0,4,BID,SHORT,0.5
SMMT,2026-07-20 15:18:43.218490+00:00,CALL,14.5,2026-07-24,44568,557,4449,23,14.0,REPEATEDHITS,False,False,False,0,44568,11355259496.0,4,BID,SHORT,0.5
SMMT,2026-07-20 15:16:55.222891+00:00,CALL,14.5,2026-07-24,40160,502,3869,23,14.0086,REPEATEDHITS,False,False,False,0,40160,11355259496.0,4,BID,SHORT,0.5
SMMT,2026-07-17 17:35:42.821277+00:00,PUT,11.0,2026-07-24,16980,849,1005,10,13.83,REPEATEDHITS,False,False,False,16980,0,11355259496.0,7,ASK,SHORT,1.0
SMMT,2026-07-17 17:35:13.387020+00:00,PUT,12.5,2026-07-24,14401,262,284,0,13.875,REPEATEDHITS,False,False,False,14401,0,11355259496.0,7,ASK,SHORT,1.0
SMMT,2026-07-02 13:56:45.953194+00:00,CALL,16.0,2026-08-21,147620,777,780,66,15.5,REPEATEDHITSDESCENDINGFILL,True,False,False,146100,950,11355259496.0,50,ASK,LONG,1.0
SMMT,2026-06-29 14:26:15.306415+00:00,PUT,11.0,2026-08-07,51940,1484,1684,0,14.345,REPEATEDHITS,False,False,False,35,51905,11355259496.0,39,BID,LONG,0.5
SMMT,2026-06-24 19:19:53.067166+00:00,PUT,12.0,2026-08-21,80750,850,1888,574,14.43,REPEATEDHITS,False,False,False,1045,79705,11355259496.0,58,BID,LONG,0.5
SMMT,2026-06-22 15:14:55.563235+00:00,CALL,14.5,2026-06-26,28730,1149,3599,334,14.2376,REPEATEDHITSASCENDINGFILL,False,False,False,0,28730,11355259496.0,4,BID,SHORT,0.5
SMMT,2026-06-22 14:59:22.838103+00:00,CALL,13.5,2026-06-26,19111,294,1399,30,13.98,REPEATEDHITS,False,False,False,0,19111,11355259496.0,4,BID,SHORT,0.5
SMMT,2026-06-22 14:59:11.020257+00:00,CALL,13.5,2026-06-26,10530,162,809,30,14.0,REPEATEDHITS,False,False,False,0,10530,11355259496.0,4,BID,SHORT,0.5
SMMT,2026-06-22 14:58:58.405384+00:00,CALL,13.5,2026-06-26,44949,642,643,30,14.015,REPEATEDHITSASCENDINGFILL,False,False,False,0,44949,11355259496.0,4,BID,SHORT,0.5
SMMT,2026-06-22 14:50:38.642695+00:00,CALL,14.0,2026-06-26,19045,476,3345,329,14.06,REPEATEDHITSASCENDINGFILL,False,False,False,0,19045,11355259496.0,4,BID,SHORT,0.5
SMMT,2026-06-22 14:37:30.469291+00:00,CALL,14.0,2026-06-26,20120,503,2138,329,13.95,REPEATEDHITS,False,False,False,0,20120,11355259496.0,4,BID,SHORT,0.5
SMMT,2026-06-22 14:34:41.221715+00:00,CALL,14.0,2026-06-26,45936,1148,1215,329,14.01,REPEATEDHITSASCENDINGFILL,False,False,False,0,45936,11355259496.0,4,BID,SHORT,0.5
SMMT,2026-06-22 14:12:54.496882+00:00,CALL,14.5,2026-06-26,30725,1229,1465,334,14.0,REPEATEDHITS,False,False,False,0,30725,11355259496.0,4,BID,SHORT,0.5
SMMT,2026-06-15 19:56:21.397921+00:00,CALL,18.0,2026-10-16,52081,248,4699,163,14.15,REPEATEDHITS,False,False,False,0,52081,11355259496.0,123,BID,SHORT,0.5
SMMT,2026-06-15 14:24:49.913411+00:00,CALL,14.5,2026-06-18,27183,1087,1604,370,13.87,REPEATEDHITSASCENDINGFILL,False,False,False,0,27183,11355259496.0,3,BID,SHORT,0.5
SMMT,2026-06-12 19:31:36.761649+00:00,CALL,14.0,2027-01-15,96000,200,438,26,14.145,REPEATEDHITS,False,False,False,96000,0,11355259496.0,217,ASK,LONG,1.0
SMMT,2026-06-12 15:05:05.010520+00:00,CALL,13.5,2026-06-18,11750,235,344,105,13.1901,REPEATEDHITS,True,False,False,11750,0,11355259496.0,6,ASK,LONG,1.0
SMMT,2026-06-10 18:50:11.183522+00:00,PUT,12.5,2026-06-12,10756,269,386,0,12.66,REPEATEDHITS,False,False,False,6756,0,11355259496.0,2,ASK,SHORT,1.0
SMMT,2026-06-10 17:52:34.982466+00:00,PUT,13.0,2026-06-12,16288,362,1301,102,13.03,REPEATEDHITSDESCENDINGFILL,False,False,False,16288,0,11355259496.0,2,ASK,SHORT,1.0
SMMT,2026-06-08 15:54:10.585386+00:00,PUT,16.0,2027-01-15,15910,30,32,20,14.43,REPEATEDHITSDESCENDINGFILL,False,False,False,540,15370,11355259496.0,221,BID,LONG,0.5
SMMT,2026-06-04 15:46:39.728464+00:00,CALL,20.0,2026-07-10,15075,603,663,0,14.635,REPEATEDHITS,False,False,False,15075,0,11355259496.0,36,ASK,LONG,1.0
SMMT,2026-06-02 13:45:04.925101+00:00,PUT,10.0,2028-01-21,35000,100,100,22,14.829,REPEATEDHITS,False,False,False,22050,12950,11355259496.0,598,ASK,SHORT,1.0
SMMT,2026-05-28 15:18:15.134615+00:00,PUT,19.0,2026-06-05,51600,129,388,104,16.965,REPEATEDHITS,False,False,False,0,51600,11355259496.0,8,BID,LONG,0.5
SMMT,2026-05-27 15:55:21.407495+00:00,CALL,18.0,2026-05-29,16596,553,1830,261,17.07,REPEATEDHITSASCENDINGFILL,False,False,False,1170,10716,11355259496.0,2,BID,SHORT,0.5
SMMT,2026-05-26 18:01:34.399001+00:00,CALL,17.5,2026-05-29,81560,2719,2719,203,16.525,REPEATEDHITS,True,False,False,33830,47730,11355259496.0,3,BID,SHORT,0.5
SN,2026-07-20 17:30:20.119048+00:00,CALL,165.0,2027-01-15,13120,8,8,2,151.58,REPEATEDHITS,False,False,False,9840,3280,20919542424.0,179,ASK,LONG,1.0
SN,2026-07-15 19:50:51.285292+00:00,PUT,155.0,2026-07-17,16800,35,35,5,150.5,REPEATEDHITS,False,False,False,0,16800,20919542424.0,2,BID,LONG,0.5
SN,2026-06-25 18:52:16.707835+00:00,CALL,150.0,2026-08-21,20641,24,102,11,140.91,REPEATEDHITS,False,False,False,6880,13761,20919542424.0,57,BID,SHORT,0.5
SN,2026-06-18 19:47:16.535628+00:00,PUT,145.0,2026-06-18,25520,58,285,0,140.46,REPEATEDHITS,False,False,False,25520,0,20919542424.0,0,ASK,SHORT,1.0
SN,2026-06-18 19:47:07.115174+00:00,PUT,145.0,2026-06-18,11000,25,227,0,140.66,REPEATEDHITS,False,False,False,11000,0,20919542424.0,0,ASK,SHORT,1.0
SN,2026-06-18 19:41:26.584124+00:00,PUT,145.0,2026-06-18,20210,47,158,0,140.745,REPEATEDHITS,True,False,False,20210,0,20919542424.0,0,ASK,SHORT,1.0
SN,2026-06-18 17:52:43.105816+00:00,CALL,155.0,2026-07-17,12040,56,278,6,141.17,REPEATEDHITS,False,False,False,0,12040,20919542424.0,29,BID,SHORT,0.5
SN,2026-06-18 17:52:31.490101+00:00,CALL,155.0,2026-07-17,11440,52,164,6,141.175,REPEATEDHITS,False,False,False,9460,0,20919542424.0,29,ASK,LONG,1.0
SN,2026-06-18 17:51:56.657671+00:00,CALL,155.0,2026-07-17,10350,45,48,6,141.21,REPEATEDHITS,False,False,False,3220,0,20919542424.0,29,ASK,LONG,1.0
SN,2026-06-10 19:27:40.716986+00:00,CALL,130.0,2026-07-17,25190,36,67,27,127.67,REPEATEDHITS,True,False,False,23790,1400,20919542424.0,37,ASK,LONG,1.0
SN,2026-06-01 17:30:03.093624+00:00,PUT,130.0,2026-06-18,31500,30,30,6,120.89,REPEATEDHITS,False,False,False,0,31500,20919542424.0,17,BID,LONG,0.5
SNDK,2026-07-22 14:06:42.835434+00:00,PUT,1310.0,2026-08-07,323870,30,32,14,1571.08,REPEATEDHITSDESCENDINGFILL,True,False,False,237840,53780,235373861365.0,16,ASK,SHORT,1.0
SNDK,2026-07-22 14:06:42.835434+00:00,PUT,1310.0,2026-08-07,226530,21,59,14,1571.09,REPEATEDHITS,False,False,False,162030,64500,235373861365.0,16,ASK,SHORT,1.0
SNDK,2026-07-22 13:55:15.072779+00:00,PUT,1090.0,2026-08-28,72080,8,12,5,1575.18,REPEATEDHITS,False,False,False,0,72080,235373861365.0,37,BID,LONG,0.5
SNDK,2026-07-21 19:31:09.566117+00:00,PUT,1240.0,2026-08-28,399070,27,28,12,1556.13,REPEATEDHITS,True,False,False,0,399070,235373861365.0,38,BID,LONG,0.5
SNDK,2026-07-21 19:26:17.229169+00:00,CALL,2430.0,2026-08-07,81546,33,42,4,1552.38,REPEATEDHITS,False,False,False,0,81546,235373861365.0,17,BID,SHORT,0.5
SNDK,2026-07-21 19:25:07.948132+00:00,CALL,1555.0,2026-07-24,2741849,299,521,108,1556.0,REPEATEDHITSASCENDINGFILL,False,False,False,0,2741849,235373861365.0,3,BID,SHORT,0.5
SNDK,2026-07-21 18:29:46.106321+00:00,PUT,1585.0,2026-07-24,946880,88,103,52,1558.55,REPEATEDHITS,True,False,False,914600,32280,235373861365.0,3,ASK,SHORT,1.0
SNDK,2026-07-21 18:21:22.250888+00:00,CALL,1935.0,2026-08-14,72600,6,6,1,1564.42,REPEATEDHITS,True,False,False,60500,12100,235373861365.0,24,ASK,LONG,1.0
SNDK,2026-07-21 18:20:35.988282+00:00,PUT,1615.0,2026-07-24,2489754,208,208,107,1567.0,REPEATEDHITSDESCENDINGFILL,False,False,False,2489754,0,235373861365.0,3,ASK,SHORT,1.0
SNDK,2026-07-21 17:48:29.366589+00:00,CALL,1595.0,2026-07-24,308550,38,68,21,1567.74,REPEATEDHITS,False,False,False,300430,8120,235373861365.0,3,ASK,LONG,1.0
SNDK,2026-07-21 17:48:03.127802+00:00,PUT,1565.0,2026-07-24,3227090,347,486,43,1566.835,REPEATEDHITS,True,False,False,3199200,27890,235373861365.0,3,ASK,SHORT,1.0
SNDK,2026-07-21 17:17:11.021552+00:00,PUT,1630.0,2026-07-24,3276232,264,268,126,1575.805,REPEATEDHITSDESCENDINGFILL,False,False,False,3276232,0,235373861365.0,3,ASK,SHORT,1.0
SNDK,2026-07-21 17:02:09.317871+00:00,PUT,1810.0,2026-07-24,6109018,243,244,21,1579.48,REPEATEDHITS,False,False,False,6109018,0,235373861365.0,3,ASK,SHORT,1.0
SNDK,2026-07-21 16:50:55.225273+00:00,PUT,855.0,2026-08-14,102920,31,53,6,1571.86,REPEATEDHITS,False,False,False,0,102920,235373861365.0,24,BID,LONG,0.5
SNDK,2026-07-21 16:36:39.278748+00:00,PUT,1060.0,2026-07-31,263500,85,90,15,1565.075,REPEATEDHITS,False,False,False,0,263500,235373861365.0,10,BID,LONG,0.5
SNDK,2026-07-21 15:24:41.941298+00:00,PUT,1040.0,2026-08-28,62370,7,42,4,1557.5122,REPEATEDHITS,False,False,False,0,62370,235373861365.0,38,BID,LONG,0.5
SNDK,2026-07-21 15:18:58.222688+00:00,PUT,1760.0,2026-08-07,1050000,30,30,20,1551.42,REPEATEDHITS,False,False,False,1050000,0,235373861365.0,17,ASK,SHORT,1.0
SNDK,2026-07-21 14:55:39.135898+00:00,PUT,940.0,2026-08-28,75020,11,21,1,1540.95,REPEATEDHITS,False,False,False,0,75020,235373861365.0,38,BID,LONG,0.5
SNDK,2026-07-21 14:55:39.135898+00:00,PUT,890.0,2026-08-28,63250,11,27,4,1540.95,REPEATEDHITS,False,False,False,0,63250,235373861365.0,38,BID,LONG,0.5
SNDK,2026-07-21 14:44:33.504146+00:00,PUT,1490.0,2026-08-21,6833596,277,315,263,1536.8177,REPEATEDHITSASCENDINGFILL,False,False,False,0,6833596,235373861365.0,31,BID,LONG,0.5
SNDK,2026-07-21 14:30:07.131304+00:00,PUT,940.0,2026-08-14,91770,17,18,9,1511.77,REPEATEDHITSASCENDINGFILL,False,False,False,5520,86250,235373861365.0,24,BID,LONG,0.5
SNDK,2026-07-21 14:17:53.752958+00:00,CALL,1625.0,2026-08-14,138880,7,7,2,1498.79,REPEATEDHITSDESCENDINGFILL,True,False,False,119080,19800,235373861365.0,24,ASK,LONG,1.0
SNDK,2026-07-21 13:49:25.020798+00:00,PUT,1555.0,2026-08-14,261000,10,10,4,1539.0,REPEATEDHITS,False,False,False,78300,182700,235373861365.0,24,BID,LONG,0.5
SNDK,2026-07-21 13:35:41.715746+00:00,PUT,1020.0,2026-08-28,178800,20,22,2,1503.725,REPEATEDHITS,False,False,False,0,178800,235373861365.0,38,BID,LONG,0.5
SNDK,2026-07-21 13:34:01.190286+00:00,PUT,1040.0,2026-08-28,241100,25,26,4,1497.7,REPEATEDHITS,False,False,False,0,241100,235373861365.0,38,BID,LONG,0.5
SNDK,2026-07-20 19:52:26.783503+00:00,PUT,1585.0,2026-08-07,366850,11,12,8,1389.5,REPEATEDHITS,False,False,False,366850,0,235373861365.0,18,ASK,SHORT,1.0
SNDK,2026-07-20 19:45:07.882268+00:00,CALL,1610.0,2026-08-28,839760,43,45,3,1395.95,REPEATEDHITSASCENDINGFILL,True,False,False,411430,428330,235373861365.0,39,BID,SHORT,0.5
SNDK,2026-07-20 19:43:05.709147+00:00,CALL,1290.0,2026-07-24,212680,13,13,8,1393.7051,REPEATEDHITS,False,False,False,0,212680,235373861365.0,4,BID,SHORT,0.5
SNDK,2026-07-20 19:28:11.848072+00:00,PUT,1155.0,2026-07-31,145990,18,65,9,1382.71,REPEATEDHITSDESCENDINGFILL,False,False,False,8120,81100,235373861365.0,11,BID,LONG,0.5
SNDK,2026-07-20 19:25:11.242308+00:00,CALL,1255.0,2026-07-31,344120,14,14,0,1383.79,REPEATEDHITS,True,False,False,0,344120,235373861365.0,11,BID,SHORT,0.5
SNDK,2026-07-20 19:25:11.242308+00:00,CALL,1245.0,2026-07-31,226890,9,9,0,1383.79,REPEATEDHITS,True,False,False,0,226890,235373861365.0,11,BID,SHORT,0.5
SNDK,2026-07-20 19:15:38.856100+00:00,CALL,1540.0,2026-08-14,1613180,91,91,49,1385.825,REPEATEDHITSDESCENDINGFILL,True,False,False,1084280,528900,235373861365.0,25,ASK,LONG,1.0
SNDK,2026-07-20 19:10:22.297846+00:00,PUT,1140.0,2026-08-14,233430,18,25,12,1386.9,REPEATEDHITSDESCENDINGFILL,True,False,False,0,233430,235373861365.0,25,BID,LONG,0.5
SNDK,2026-07-20 19:10:22.297846+00:00,PUT,1140.0,2026-08-14,194430,15,40,12,1386.9,REPEATEDHITS,True,False,False,77880,116550,235373861365.0,25,BID,LONG,0.5
SNDK,2026-07-20 19:02:12.153498+00:00,CALL,1677.5,2026-07-24,103060,56,76,47,1406.825,REPEATEDHITSASCENDINGFILL,True,False,False,1850,101210,235373861365.0,4,BID,SHORT,0.5
SNDK,2026-07-20 19:00:57.021321+00:00,PUT,1160.0,2026-08-07,253230,22,58,18,1411.545,REPEATEDHITS,True,False,False,0,253230,235373861365.0,18,BID,LONG,0.5
SNDK,2026-07-20 19:00:57.021321+00:00,PUT,1170.0,2026-08-07,650210,55,62,25,1411.685,REPEATEDHITS,True,False,False,35460,602960,235373861365.0,18,BID,LONG,0.5
SNDK,2026-07-20 18:41:11.085124+00:00,CALL,2120.0,2026-07-31,157960,117,122,68,1407.965,REPEATEDHITS,True,False,False,0,157960,235373861365.0,11,BID,SHORT,0.5
SNDK,2026-07-20 18:41:11.085124+00:00,CALL,2160.0,2026-07-31,117431,102,108,65,1407.965,REPEATEDHITSASCENDINGFILL,True,False,False,0,117431,235373861365.0,11,BID,SHORT,0.5
SNDK,2026-07-20 18:41:11.085124+00:00,CALL,2290.0,2026-08-07,111920,43,44,11,1407.965,REPEATEDHITSASCENDINGFILL,True,False,False,0,111920,235373861365.0,18,BID,SHORT,0.5
SNDK,2026-07-20 18:41:11.085124+00:00,CALL,2330.0,2026-08-07,68270,29,49,8,1408.43,REPEATEDHITSASCENDINGFILL,True,False,False,7110,61160,235373861365.0,18,BID,SHORT,0.5
SNDK,2026-07-20 18:36:56.961101+00:00,PUT,1220.0,2026-08-14,429240,28,56,15,1417.9999,REPEATEDHITS,True,False,False,0,429240,235373861365.0,25,BID,LONG,0.5
SNDK,2026-07-20 18:29:39.407483+00:00,CALL,1220.0,2026-08-07,479220,14,14,4,1424.0,REPEATEDHITS,True,False,False,34230,444990,235373861365.0,18,BID,SHORT,0.5
SNDK,2026-07-20 18:29:39.407483+00:00,PUT,1230.0,2026-08-14,346540,22,68,6,1423.425,REPEATEDHITS,True,False,False,15760,330780,235373861365.0,25,BID,LONG,0.5
SNDK,2026-07-20 18:28:30.932536+00:00,PUT,1275.0,2026-07-31,381271,34,187,5,1427.8099,REPEATEDHITSASCENDINGFILL,False,False,False,11330,369941,235373861365.0,11,BID,LONG,0.5
SNDK,2026-07-20 18:28:30.932536+00:00,PUT,1265.0,2026-07-31,575580,53,82,5,1427.8099,REPEATEDHITS,True,False,False,0,575580,235373861365.0,11,BID,LONG,0.5
SNDK,2026-07-20 18:12:25.622468+00:00,PUT,1395.0,2026-08-14,275860,12,13,10,1429.92,REPEATEDHITSASCENDINGFILL,False,False,False,160840,115020,235373861365.0,25,ASK,SHORT,1.0
SNDK,2026-07-20 18:10:28.859275+00:00,PUT,1230.0,2026-08-14,419581,27,40,6,1434.365,REPEATEDHITS,True,False,False,0,419581,235373861365.0,25,BID,LONG,0.5
SNDK,2026-07-20 18:10:28.859275+00:00,PUT,730.0,2026-08-21,604800,180,222,111,1434.365,REPEATEDHITS,False,False,False,0,604800,235373861365.0,32,BID,LONG,0.5
SNDK,2026-07-20 18:01:15.145748+00:00,CALL,1490.0,2026-07-31,754540,49,51,23,1438.69,REPEATEDHITSDESCENDINGFILL,True,False,False,554610,199930,235373861365.0,11,ASK,LONG,1.0
SNOW,2026-07-22 15:17:47.554476+00:00,CALL,277.5,2026-07-31,94881,145,152,80,266.59,REPEATEDHITSASCENDINGFILL,True,False,False,74081,20800,94181618000.0,9,ASK,LONG,1.0
SNOW,2026-07-22 14:54:13.972918+00:00,CALL,280.0,2026-08-07,208293,248,281,56,265.52,REPEATEDHITSDESCENDINGFILL,True,False,False,205793,2500,94181618000.0,16,ASK,LONG,1.0
SNOW,2026-07-22 14:45:46.084361+00:00,CALL,272.5,2026-08-21,64800,40,53,26,265.6,REPEATEDHITS,False,False,False,0,64800,94181618000.0,30,BID,SHORT,0.5
SNOW,2026-07-22 13:49:26.864868+00:00,CALL,265.0,2026-08-14,169215,111,111,14,262.02,REPEATEDHITSASCENDINGFILL,True,False,False,77295,91920,94181618000.0,23,BID,SHORT,0.5
SNOW,2026-07-22 13:42:39.805437+00:00,PUT,255.0,2026-07-31,389250,450,452,253,260.7375,REPEATEDHITS,False,False,False,0,389250,94181618000.0,9,BID,LONG,0.5
SNOW,2026-07-21 14:32:44.591650+00:00,CALL,280.0,2026-07-24,583811,834,936,757,278.92,REPEATEDHITSASCENDINGFILL,False,False,False,0,583811,94181618000.0,3,BID,SHORT,0.5
SNOW,2026-07-20 18:48:35.112610+00:00,PUT,267.5,2026-08-07,52710,42,56,0,274.26,REPEATEDHITS,False,False,False,52710,0,94181618000.0,18,ASK,SHORT,1.0
SNOW,2026-07-20 18:48:29.504160+00:00,CALL,285.0,2026-08-14,91440,66,78,17,274.26,REPEATEDHITSDESCENDINGFILL,True,False,False,79015,12425,94181618000.0,25,ASK,LONG,1.0
SNOW,2026-07-20 17:18:43.299158+00:00,CALL,295.0,2026-08-07,192547,232,369,49,275.65,REPEATEDHITS,True,False,False,190897,820,94181618000.0,18,ASK,LONG,1.0
SNOW,2026-07-20 17:09:45.667371+00:00,CALL,295.0,2026-08-07,97405,121,137,49,275.145,REPEATEDHITS,False,False,False,97405,0,94181618000.0,18,ASK,LONG,1.0
SNOW,2026-07-20 17:02:30.811288+00:00,CALL,330.0,2026-07-31,53130,759,771,76,275.44,REPEATEDHITS,False,False,False,53130,0,94181618000.0,11,ASK,LONG,1.0
SNOW,2026-07-20 16:28:55.253205+00:00,CALL,282.5,2026-07-31,65650,66,78,11,276.42,REPEATEDHITSDESCENDINGFILL,False,False,False,6945,58705,94181618000.0,11,BID,SHORT,0.5
SNOW,2026-07-20 16:09:30.186494+00:00,PUT,260.0,2026-09-18,1028315,454,472,364,276.035,REPEATEDHITS,False,False,False,0,1028315,94181618000.0,60,BID,LONG,0.5
SNOW,2026-07-20 15:32:50.963407+00:00,PUT,255.0,2026-08-28,93800,52,77,3,271.955,REPEATEDHITS,False,False,False,38005,55795,94181618000.0,39,BID,LONG,0.5
SNOW,2026-07-20 15:32:50.963407+00:00,PUT,270.0,2026-08-28,57595,23,24,1,271.955,REPEATEDHITS,False,False,False,50100,7495,94181618000.0,39,ASK,SHORT,1.0
SNOW,2026-07-20 15:31:30.433300+00:00,PUT,285.0,2026-07-24,261545,159,160,12,272.035,REPEATEDHITSDESCENDINGFILL,False,False,False,220420,0,94181618000.0,4,ASK,SHORT,1.0
SNOW,2026-07-20 14:42:26.671962+00:00,PUT,280.0,2026-08-07,291080,152,152,9,272.855,REPEATEDHITS,False,False,False,291080,0,94181618000.0,18,ASK,SHORT,1.0
SNOW,2026-07-20 14:14:12.891963+00:00,CALL,325.0,2026-08-21,180510,380,384,0,273.6,REPEATEDHITS,False,False,False,0,180510,94181618000.0,32,BID,SHORT,0.5
SNOW,2026-07-17 14:31:18.181544+00:00,PUT,260.0,2026-07-24,102465,207,1299,166,271.42,REPEATEDHITS,False,False,False,33660,68805,94181618000.0,7,BID,LONG,0.5
SNOW,2026-07-17 14:31:14.776613+00:00,PUT,260.0,2026-07-24,166843,344,1092,166,271.42,REPEATEDHITS,True,False,False,44138,14550,94181618000.0,7,ASK,SHORT,1.0
SNOW,2026-07-17 14:22:19.616039+00:00,PUT,260.0,2026-07-24,90525,213,675,166,274.175,REPEATEDHITS,False,False,False,58225,17850,94181618000.0,7,ASK,SHORT,1.0
SNOW,2026-07-17 14:11:02.463504+00:00,PUT,250.0,2026-08-28,109310,66,66,57,270.15,REPEATEDHITSASCENDINGFILL,True,False,False,54055,55255,94181618000.0,42,BID,LONG,0.5
SNOW,2026-07-17 14:02:38.605028+00:00,PUT,277.5,2026-07-24,61875,45,59,21,269.22,REPEATEDHITS,False,False,False,61875,0,94181618000.0,7,ASK,SHORT,1.0
SNOW,2026-07-16 19:20:01.701123+00:00,PUT,250.0,2026-07-24,183818,637,951,470,269.39,REPEATEDHITS,True,False,False,100365,83453,94181618000.0,8,ASK,SHORT,1.0
SNOW,2026-07-16 16:15:08.980929+00:00,CALL,360.0,2026-11-20,291396,181,181,132,273.685,REPEATEDHITSDESCENDINGFILL,False,False,False,291396,0,94181618000.0,127,ASK,LONG,1.0
SNOW,2026-07-16 15:03:51.589237+00:00,PUT,270.0,2026-08-14,87210,51,54,6,270.9,REPEATEDHITS,False,False,False,0,87210,94181618000.0,29,BID,LONG,0.5
SNOW,2026-07-16 15:03:51.589237+00:00,PUT,280.0,2026-08-14,74580,33,33,2,270.9,REPEATEDHITS,False,False,False,0,74580,94181618000.0,29,BID,LONG,0.5
SNOW,2026-07-16 15:03:51.589237+00:00,PUT,275.0,2026-08-14,167160,84,99,1,270.9,REPEATEDHITS,False,False,False,163180,3980,94181618000.0,29,ASK,SHORT,1.0
SNOW,2026-07-16 14:52:38.896507+00:00,PUT,270.0,2026-08-07,75480,51,54,7,272.2,REPEATEDHITS,True,False,False,75480,0,94181618000.0,22,ASK,SHORT,1.0
SNOW,2026-07-16 14:51:31.594188+00:00,PUT,265.0,2026-08-07,117030,94,95,45,272.0,REPEATEDHITS,False,False,False,117030,0,94181618000.0,22,ASK,SHORT,1.0
SNOW,2026-07-15 18:37:51.879959+00:00,PUT,285.0,2026-08-07,182130,78,78,1,271.71,REPEATEDHITS,False,False,False,182130,0,94181618000.0,23,ASK,SHORT,1.0
SNOW,2026-07-15 18:37:51.879959+00:00,PUT,290.0,2026-07-31,66284,27,27,6,271.52,REPEATEDHITS,True,False,False,66284,0,94181618000.0,16,ASK,SHORT,1.0
SNOW,2026-07-15 16:13:16.397741+00:00,PUT,282.5,2026-07-31,157699,76,76,0,269.69,REPEATEDHITS,False,False,False,157699,0,94181618000.0,16,ASK,SHORT,1.0
SNOW,2026-07-15 15:25:55.487730+00:00,CALL,262.5,2026-07-17,124535,132,144,102,269.85,REPEATEDHITSDESCENDINGFILL,True,False,False,57085,67450,94181618000.0,2,BID,SHORT,0.5
SNOW,2026-07-14 19:44:42.424504+00:00,CALL,290.0,2026-07-31,168142,190,227,83,275.965,REPEATEDHITSDESCENDINGFILL,False,False,False,167262,0,94181618000.0,17,ASK,LONG,1.0
SNOW,2026-07-14 17:08:07.022778+00:00,CALL,320.0,2026-11-20,400745,146,147,66,278.26,REPEATEDHITSASCENDINGFILL,False,False,False,88025,137360,94181618000.0,129,BID,SHORT,0.5
SNOW,2026-07-14 17:07:35.786282+00:00,CALL,310.0,2026-10-16,314620,130,131,122,278.13,REPEATEDHITSASCENDINGFILL,False,False,False,17745,109675,94181618000.0,94,BID,SHORT,0.5
SNOW,2026-07-14 15:10:56.208271+00:00,CALL,380.0,2026-10-16,73165,82,94,43,273.57,REPEATEDHITSDESCENDINGFILL,False,False,False,55390,17775,94181618000.0,94,ASK,LONG,1.0
SNOW,2026-07-14 13:42:13.231371+00:00,PUT,240.0,2026-08-14,78600,123,126,30,272.29,REPEATEDHITSDESCENDINGFILL,False,False,False,40350,38250,94181618000.0,31,ASK,SHORT,1.0
SNOW,2026-07-14 13:42:01.403112+00:00,PUT,262.5,2026-07-24,129605,180,180,52,271.89,REPEATEDHITS,False,False,False,725,128880,94181618000.0,10,BID,LONG,0.5
SNOW,2026-07-13 19:26:37.966723+00:00,PUT,265.0,2026-08-14,69063,41,43,1,267.5099,REPEATEDHITSDESCENDINGFILL,True,False,False,62343,3360,94181618000.0,32,ASK,SHORT,1.0
SNOW,2026-07-13 15:39:22.548178+00:00,CALL,300.0,2026-08-07,96640,128,294,99,272.86,REPEATEDHITS,False,False,False,96640,0,94181618000.0,25,ASK,LONG,1.0
SNOW,2026-07-13 15:39:12.733867+00:00,CALL,300.0,2026-08-07,114760,152,166,99,273.075,REPEATEDHITS,False,False,False,3020,0,94181618000.0,25,ASK,LONG,1.0
SNOW,2026-07-13 15:35:09.450981+00:00,PUT,287.5,2026-07-17,80345,49,49,26,273.51,REPEATEDHITSDESCENDINGFILL,False,False,False,78715,1630,94181618000.0,4,ASK,SHORT,1.0
SNOW,2026-07-13 15:22:37.520250+00:00,PUT,255.0,2026-07-24,140152,308,309,92,271.82,REPEATEDHITSASCENDINGFILL,False,False,False,0,140152,94181618000.0,11,BID,LONG,0.5
SNOW,2026-07-13 13:43:24.577720+00:00,PUT,255.0,2026-07-31,84365,77,77,33,261.725,REPEATEDHITSDESCENDINGFILL,True,False,False,70350,11825,94181618000.0,18,ASK,SHORT,1.0
SNOW,2026-07-10 18:56:48.982610+00:00,CALL,275.0,2026-07-24,145163,264,344,186,260.42,REPEATEDHITSDESCENDINGFILL,False,False,False,141348,1090,94181618000.0,14,ASK,LONG,1.0
SNOW,2026-07-10 18:37:28.851705+00:00,PUT,250.0,2026-08-14,72240,56,65,3,261.49,REPEATEDHITS,False,False,False,72240,0,94181618000.0,35,ASK,SHORT,1.0
SNOW,2026-07-10 15:49:00.672440+00:00,PUT,262.5,2026-07-17,112660,131,170,31,260.44,REPEATEDHITS,False,False,False,0,112660,94181618000.0,7,BID,LONG,0.5
SNOW,2026-07-09 18:32:11.002755+00:00,PUT,270.0,2026-07-24,149210,104,104,10,265.46,REPEATEDHITSDESCENDINGFILL,False,False,False,142060,7150,94181618000.0,15,ASK,SHORT,1.0
SOC,2026-07-17 16:50:18.488156+00:00,CALL,4.0,2026-09-18,22200,200,202,0,4.325,REPEATEDHITS,False,False,False,22200,0,646780593.0,63,ASK,LONG,1.0
SOC,2026-07-15 19:33:12.842009+00:00,CALL,7.0,2026-10-16,34480,862,962,656,4.185,REPEATEDHITS,False,False,False,0,34480,646780593.0,93,BID,SHORT,0.5
SOC,2026-07-13 19:42:36.258639+00:00,CALL,4.5,2026-08-07,55920,932,939,323,4.405,REPEATEDHITS,False,False,False,180,55740,646780593.0,25,BID,SHORT,0.5
SOC,2026-07-09 17:22:28.105305+00:00,PUT,4.0,2026-07-17,42688,1856,1933,1413,4.225,REPEATEDHITS,False,False,False,0,42688,646780593.0,8,BID,LONG,0.5
SOC,2026-07-07 16:03:30.048795+00:00,PUT,4.5,2026-07-24,14490,207,306,3,4.2199,REPEATEDHITS,False,False,False,14490,0,646780593.0,17,ASK,SHORT,1.0
SOC,2026-07-07 14:33:55.153798+00:00,CALL,5.0,2026-08-21,125234,2197,2247,2144,4.295,REPEATEDHITS,False,False,False,0,125234,646780593.0,45,BID,SHORT,0.5
SOC,2026-07-06 18:44:34.930901+00:00,PUT,4.0,2026-08-14,29868,393,442,0,3.86,REPEATEDHITS,False,False,False,0,29868,646780593.0,39,BID,LONG,0.5
SOC,2026-07-01 19:43:50.912240+00:00,CALL,5.0,2026-07-24,48330,1074,1722,11,4.3002,REPEATEDHITS,False,False,False,0,48330,646780593.0,23,BID,SHORT,0.5
SOC,2026-07-01 19:13:30.680823+00:00,PUT,3.0,2026-10-16,159426,3126,7094,575,4.37,REPEATEDHITS,False,False,False,0,159426,646780593.0,107,BID,LONG,0.5
SOC,2026-07-01 17:45:49.611141+00:00,CALL,5.0,2026-07-24,28635,619,645,11,4.225,REPEATEDHITSDESCENDINGFILL,False,False,False,7567,21068,646780593.0,23,BID,SHORT,0.5
SOC,2026-07-01 17:39:16.988785+00:00,PUT,4.0,2026-07-24,15960,285,435,62,4.23,REPEATEDHITS,False,False,False,0,15960,646780593.0,23,BID,LONG,0.5
SOC,2026-07-01 16:17:52.853041+00:00,CALL,5.0,2026-07-31,28007,533,549,148,4.195,REPEATEDHITSDESCENDINGFILL,False,False,False,5335,22672,646780593.0,30,BID,SHORT,0.5
SOC,2026-07-01 16:16:43.162574+00:00,PUT,3.0,2026-10-16,212280,3660,3771,575,4.125,REPEATEDHITS,False,False,False,0,212280,646780593.0,107,BID,LONG,0.5
SOC,2026-07-01 14:41:16.935772+00:00,PUT,4.0,2026-07-31,35700,510,538,28,4.05,REPEATEDHITS,False,False,False,0,34720,646780593.0,30,BID,LONG,0.5
SOC,2026-07-01 14:20:11.523367+00:00,CALL,6.0,2026-08-21,11716,202,235,115,4.215,REPEATEDHITS,True,False,False,0,11716,646780593.0,51,BID,SHORT,0.5
SOC,2026-07-01 14:19:50.297192+00:00,PUT,4.5,2026-07-10,14980,214,214,0,4.235,REPEATEDHITS,False,False,False,0,14980,646780593.0,9,BID,LONG,0.5
SOC,2026-07-01 13:32:05.714974+00:00,CALL,4.0,2026-07-10,80773,1049,2520,573,4.255,REPEATEDHITS,True,False,False,80773,0,646780593.0,9,ASK,LONG,1.0
SOC,2026-06-30 19:49:36.993236+00:00,CALL,4.0,2026-07-17,15334,451,31883,87,3.215,REPEATEDHITS,False,False,False,15334,0,646780593.0,17,ASK,LONG,1.0
SOC,2026-06-30 19:47:30.189559+00:00,CALL,5.0,2026-07-02,14343,2049,3511,1,3.2101,REPEATEDHITS,False,False,False,14343,0,646780593.0,2,ASK,LONG,1.0
SOC,2026-06-30 19:15:05.397453+00:00,PUT,3.0,2026-07-02,18936,1578,5134,0,3.34,REPEATEDHITS,False,False,False,0,18804,646780593.0,2,BID,LONG,0.5
SOC,2026-06-30 18:57:53.217514+00:00,CALL,4.0,2026-07-17,21862,643,26949,87,3.37,REPEATEDHITS,True,False,False,20332,0,646780593.0,17,ASK,LONG,1.0
SOC,2026-06-30 18:37:01.769081+00:00,CALL,6.0,2026-10-16,11600,200,5331,31,3.505,REPEATEDHITS,False,False,False,11600,0,646780593.0,108,ASK,LONG,1.0
SOC,2026-06-30 17:49:44.809924+00:00,CALL,4.0,2026-08-21,25550,365,1630,0,3.61,REPEATEDHITS,False,False,False,0,25550,646780593.0,52,BID,SHORT,0.5
SOC,2026-06-30 16:50:39.021571+00:00,PUT,3.0,2026-08-21,110487,2833,5450,1,3.845,REPEATEDHITS,False,False,False,0,110487,646780593.0,52,BID,LONG,0.5
SOC,2026-06-30 14:47:17.793124+00:00,PUT,3.0,2026-07-10,19616,1226,1369,0,3.525,REPEATEDHITS,False,False,False,0,19616,646780593.0,10,BID,LONG,0.5
SOC,2026-06-29 19:31:55.451187+00:00,CALL,7.5,2026-07-10,28990,446,453,0,7.21,REPEATEDHITS,True,False,False,0,28990,646780593.0,11,BID,SHORT,0.5
SOC,2026-06-29 17:39:31.469823+00:00,CALL,7.0,2026-07-24,25986,200,200,5,7.39,REPEATEDHITSASCENDINGFILL,False,False,False,25986,0,646780593.0,25,ASK,LONG,1.0
SOC,2026-06-29 16:01:04.589365+00:00,PUT,8.0,2026-07-02,21960,244,253,196,7.34,REPEATEDHITS,False,False,False,19890,2070,646780593.0,3,ASK,SHORT,1.0
SOC,2026-06-29 16:01:04.589365+00:00,PUT,7.5,2026-07-02,21000,375,1376,359,7.34,REPEATEDHITS,True,False,False,0,21000,646780593.0,3,BID,LONG,0.5
SOC,2026-06-25 15:51:15.183778+00:00,CALL,8.0,2026-07-17,48198,500,671,145,7.635,REPEATEDHITSASCENDINGFILL,False,False,False,38496,9702,646780593.0,22,ASK,LONG,1.0
SOC,2026-06-24 18:00:43.238771+00:00,CALL,8.0,2026-08-21,11375,65,1311,15,8.07,REPEATEDHITS,False,False,False,0,11375,646780593.0,58,BID,SHORT,0.5
SOC,2026-06-24 17:57:45.960542+00:00,CALL,8.0,2026-08-21,11456,64,925,15,8.115,REPEATEDHITS,False,False,False,1969,9487,646780593.0,58,BID,SHORT,0.5
SOC,2026-06-24 16:44:21.505195+00:00,CALL,8.0,2026-08-21,19300,100,490,15,8.23,REPEATEDHITS,False,False,False,19300,0,646780593.0,58,ASK,LONG,1.0
SOC,2026-06-23 19:50:40.848578+00:00,CALL,9.5,2026-07-02,16058,259,2680,207,8.8799,REPEATEDHITS,True,False,False,9238,3968,646780593.0,9,ASK,LONG,1.0
SOC,2026-06-23 19:45:10.721168+00:00,CALL,10.0,2026-07-02,40000,1000,1056,54,8.86,REPEATEDHITS,False,False,False,0,40000,646780593.0,9,BID,SHORT,0.5
SOC,2026-06-23 19:15:19.888787+00:00,CALL,9.5,2026-07-02,13760,215,2022,207,8.945,REPEATEDHITS,True,False,False,8896,4288,646780593.0,9,ASK,LONG,1.0
SOC,2026-06-23 19:13:30.566592+00:00,CALL,9.5,2026-07-02,13786,226,1248,207,8.92,REPEATEDHITS,True,False,False,0,13786,646780593.0,9,BID,SHORT,0.5
SOC,2026-06-23 18:10:56.253512+00:00,CALL,9.5,2026-07-02,28911,419,1022,207,9.09,REPEATEDHITS,False,False,False,24840,345,646780593.0,9,ASK,LONG,1.0
SOC,2026-06-23 18:10:21.625458+00:00,CALL,9.5,2026-07-02,23936,374,396,207,9.0675,REPEATEDHITS,True,False,False,4992,9536,646780593.0,9,BID,SHORT,0.5
SOC,2026-06-23 14:53:58.867881+00:00,PUT,9.5,2026-07-02,33810,322,326,145,9.13,REPEATEDHITS,False,False,False,33810,0,646780593.0,9,ASK,SHORT,1.0
SOC,2026-06-22 15:06:14.646122+00:00,CALL,11.0,2026-07-02,42000,1500,1503,49,8.995,REPEATEDHITS,False,False,False,0,42000,646780593.0,10,BID,SHORT,0.5
SOC,2026-06-22 14:02:04.965763+00:00,PUT,9.0,2026-08-21,1200000,6000,6000,0,9.39,FLOORTRADESMALLCAP,False,True,True,1200000,0,646780593.0,60,ASK,SHORT,1.0
SOC,2026-06-18 16:35:20.748330+00:00,CALL,12.0,2026-07-31,44612,400,2541,0,9.92,REPEATEDHITSASCENDINGFILL,True,False,False,5412,39200,646780593.0,43,BID,SHORT,0.5
SOC,2026-06-18 16:35:06.848901+00:00,CALL,12.0,2026-07-31,10661,100,2141,0,9.87,REPEATEDHITSASCENDINGFILL,False,False,False,10661,0,646780593.0,43,ASK,LONG,1.0
SOC,2026-06-18 16:01:34.193476+00:00,CALL,12.0,2026-07-02,220000,5000,5100,1052,9.74,FLOORTRADESMALLCAP,False,True,True,220000,0,646780593.0,14,ASK,LONG,1.0
SOC,2026-06-17 18:50:32.061767+00:00,PUT,10.5,2026-06-18,45032,866,872,318,10.42,REPEATEDHITS,True,False,False,45032,0,646780593.0,1,ASK,SHORT,1.0
SOC,2026-06-17 13:37:56.772017+00:00,PUT,4.0,2026-10-16,13300,532,532,11,10.07,REPEATEDHITS,False,False,False,0,11275,646780593.0,121,BID,LONG,0.5
SOC,2026-06-15 13:50:58.786719+00:00,CALL,13.0,2026-10-16,69000,300,300,92,10.54,REPEATEDHITS,True,False,False,55430,0,646780593.0,123,ASK,LONG,1.0
SOC,2026-06-08 14:53:51.975107+00:00,PUT,15.0,2026-07-17,108810,320,325,224,13.56,REPEATEDHITSASCENDINGFILL,True,False,False,0,99630,646780593.0,39,BID,LONG,0.5
SOC,2026-06-01 18:56:41.179840+00:00,CALL,17.5,2026-06-18,21070,490,2029,51,12.815,REPEATEDHITS,False,False,False,0,21070,646780593.0,17,BID,SHORT,0.5
SOFI,2026-07-21 19:34:46.770951+00:00,CALL,22.5,2026-08-14,11076,852,882,488,17.45,REPEATEDHITS,False,False,False,11076,0,22627554768.0,24,ASK,LONG,1.0
SOFI,2026-07-20 15:52:13.079255+00:00,CALL,17.5,2026-08-21,11310,87,277,0,17.205,REPEATEDHITS,False,False,False,11310,0,22627554768.0,32,ASK,LONG,1.0
SOFI,2026-07-17 17:58:05.855507+00:00,CALL,25.0,2026-08-14,19551,2793,2853,828,17.4603,REPEATEDHITS,False,False,False,0,19551,22627554768.0,28,BID,SHORT,0.5
SOFI,2026-07-17 15:42:42.643237+00:00,PUT,19.5,2026-08-28,64841,208,919,5,16.975,REPEATEDHITSDESCENDINGFILL,False,False,False,0,64841,22627554768.0,42,BID,LONG,0.5
SOFI,2026-07-17 15:42:42.643237+00:00,PUT,19.5,2026-08-28,40610,131,399,5,16.98,REPEATEDHITS,False,False,False,0,40610,22627554768.0,42,BID,LONG,0.5
SOFI,2026-07-17 15:42:42.643237+00:00,PUT,19.5,2026-08-28,55202,178,711,5,16.975,REPEATEDHITS,False,False,False,0,55202,22627554768.0,42,BID,LONG,0.5
SOFI,2026-07-17 15:42:40.637283+00:00,PUT,19.5,2026-08-28,83080,268,268,5,16.98,REPEATEDHITS,False,False,False,0,83080,22627554768.0,42,BID,LONG,0.5
SOFI,2026-07-17 14:56:57.146475+00:00,PUT,16.5,2026-08-28,63360,495,513,186,16.835,REPEATEDHITS,False,False,False,0,63104,22627554768.0,42,BID,LONG,0.5
SOFI,2026-07-17 14:33:59.075688+00:00,CALL,22.5,2026-08-07,15210,1521,1601,557,16.8616,REPEATEDHITS,False,False,False,0,14860,22627554768.0,21,BID,SHORT,0.5
SOFI,2026-07-16 16:18:51.241305+00:00,CALL,21.0,2026-11-20,146692,868,871,819,17.545,REPEATEDHITS,False,False,False,146692,0,22627554768.0,127,ASK,LONG,1.0
SOFI,2026-07-13 19:48:19.187819+00:00,CALL,18.5,2026-08-14,101944,756,1061,143,18.0701,REPEATEDHITSASCENDINGFILL,False,False,False,101944,0,22627554768.0,32,ASK,LONG,1.0
SOFI,2026-07-10 13:36:40.689247+00:00,CALL,21.0,2026-08-28,21243,162,164,42,19.57,REPEATEDHITSASCENDINGFILL,False,False,False,10875,10368,22627554768.0,49,ASK,LONG,1.0
SOFI,2026-07-10 13:36:40.689247+00:00,CALL,20.0,2026-08-28,43345,255,261,15,19.565,REPEATEDHITSASCENDINGFILL,False,False,False,22098,21082,22627554768.0,49,ASK,LONG,1.0
SOFI,2026-07-06 18:27:29.429833+00:00,PUT,19.5,2026-07-10,32736,352,1438,258,18.795,REPEATEDHITS,False,False,False,0,32736,22627554768.0,4,BID,LONG,0.5
SOFI,2026-07-06 17:53:43.586708+00:00,PUT,19.5,2026-07-10,32100,300,853,258,18.6599,REPEATEDHITS,False,False,False,32100,0,22627554768.0,4,ASK,SHORT,1.0
SOFI,2026-07-06 16:12:04.979659+00:00,PUT,20.0,2026-07-10,153846,1386,1564,255,19.095,REPEATEDHITS,False,False,False,153846,0,22627554768.0,4,ASK,SHORT,1.0
SOFI,2026-07-06 15:13:33.244747+00:00,PUT,19.0,2026-07-24,43505,385,1680,320,18.765,REPEATEDHITS,False,False,False,43505,0,22627554768.0,18,ASK,SHORT,1.0
SOFI,2026-07-06 15:12:24.918520+00:00,PUT,19.0,2026-07-24,131983,1168,1284,320,18.75,REPEATEDHITS,False,False,False,131983,0,22627554768.0,18,ASK,SHORT,1.0
SOFI,2026-06-26 19:45:25.152182+00:00,PUT,11.0,2026-07-17,11915,2979,4221,344,17.72,REPEATEDHITS,False,False,False,11915,0,22627554768.0,21,ASK,SHORT,1.0
SOFI,2026-06-26 15:51:10.462193+00:00,PUT,18.5,2026-07-02,267959,3080,3320,1192,17.9625,REPEATEDHITS,False,False,False,609,267350,22627554768.0,6,BID,LONG,0.5
SOFI,2026-06-25 13:58:09.253369+00:00,PUT,14.5,2026-07-17,10000,500,506,300,16.96,REPEATEDHITS,False,False,False,0,10000,22627554768.0,22,BID,LONG,0.5
SOFI,2026-06-24 14:54:54.563851+00:00,PUT,18.5,2026-07-17,12400,100,487,26,18.2259,REPEATEDHITS,False,False,False,12400,0,22627554768.0,23,ASK,SHORT,1.0
SOFI,2026-06-24 14:39:11.254569+00:00,PUT,18.5,2026-07-17,31863,247,277,26,18.1,REPEATEDHITS,True,False,False,0,31863,22627554768.0,23,BID,LONG,0.5
SOFI,2026-06-23 19:38:37.751501+00:00,CALL,18.5,2026-07-17,58580,1010,1634,194,17.315,REPEATEDHITS,False,False,False,0,58580,22627554768.0,24,BID,SHORT,0.5
SOFI,2026-06-23 14:32:29.243215+00:00,PUT,15.5,2026-07-17,44454,1434,1533,737,17.5,REPEATEDHITS,False,False,False,42036,0,22627554768.0,24,ASK,SHORT,1.0
SOFI,2026-06-23 14:02:37.833606+00:00,CALL,21.5,2026-07-17,12389,953,954,56,17.47,REPEATEDHITS,False,False,False,0,12389,22627554768.0,24,BID,SHORT,0.5
SOFI,2026-06-22 15:16:06.844398+00:00,PUT,16.5,2026-07-17,63756,924,1090,0,17.195,REPEATEDHITS,False,False,False,0,63756,22627554768.0,25,BID,LONG,0.5
SOFI,2026-06-22 14:47:32.404094+00:00,PUT,17.5,2026-07-17,12084,106,409,0,17.325,REPEATEDHITS,False,False,False,12084,0,22627554768.0,25,ASK,SHORT,1.0
SOFI,2026-06-22 13:50:03.836477+00:00,CALL,20.5,2026-07-02,27000,3000,3053,1509,17.825,REPEATEDHITS,False,False,False,27000,0,22627554768.0,10,ASK,LONG,1.0
SOFI,2026-06-22 13:49:26.774173+00:00,CALL,18.5,2026-07-17,10062,117,145,0,17.774,REPEATEDHITS,False,False,False,10062,0,22627554768.0,25,ASK,LONG,1.0
SOFI,2026-06-09 18:50:18.421629+00:00,CALL,16.0,2026-07-24,32200,200,1668,149,16.385,REPEATEDHITS,False,False,False,4830,0,22627554768.0,45,ASK,LONG,1.0
SOFI,2026-06-09 16:21:09.912284+00:00,CALL,15.0,2026-07-24,11264,64,1279,44,15.731,REPEATEDHITS,True,False,False,0,11264,22627554768.0,45,BID,SHORT,0.5
SOFI,2026-06-05 19:05:30.941122+00:00,PUT,11.0,2026-09-18,198961,4627,6536,965,15.82,REPEATEDHITS,False,False,False,198961,0,22627554768.0,105,ASK,SHORT,1.0
SOFI,2026-06-05 17:58:49.932697+00:00,CALL,17.0,2026-07-10,593271,8127,8510,255,15.955,FLOORTRADELARGECAP,False,True,False,0,593271,22627554768.0,35,BID,SHORT,0.5
SOFI,2026-06-05 15:31:11.443465+00:00,PUT,11.0,2026-09-18,71744,1888,1891,965,16.095,REPEATEDHITS,False,False,False,67792,0,22627554768.0,105,ASK,SHORT,1.0
SOFI,2026-05-29 18:19:54.916395+00:00,PUT,18.5,2026-06-18,33812,316,715,52,18.33,REPEATEDHITS,True,False,False,0,33812,22627554768.0,20,BID,LONG,0.5
SOFI,2026-05-29 17:04:58.884367+00:00,PUT,12.5,2026-06-18,14735,2947,2978,245,18.515,REPEATEDHITS,False,False,False,14735,0,22627554768.0,20,ASK,SHORT,1.0
SOFI,2026-05-29 16:07:43.346629+00:00,PUT,21.0,2027-01-15,90300,172,186,7,18.335,REPEATEDHITS,False,False,False,44100,46200,22627554768.0,231,BID,LONG,0.5
SOFI,2026-05-28 18:55:24.609370+00:00,CALL,23.0,2026-09-18,550968,6261,6350,2980,16.97,REPEATEDHITS,False,False,False,0,546920,22627554768.0,113,BID,SHORT,0.5
SOFI,2026-05-26 15:00:38.644705+00:00,CALL,16.0,2026-07-17,1558592,10976,12064,7511,15.9923,REPEATEDHITS,False,False,False,1558592,0,22627554768.0,52,ASK,LONG,1.0
SOFI,2026-05-22 17:38:46.516354+00:00,CALL,16.5,2026-06-18,232460,3940,4399,1556,15.7051,REPEATEDHITS,False,False,False,232460,0,22627554768.0,27,ASK,LONG,1.0
SOUN,2026-07-22 15:29:05.449350+00:00,CALL,6.5,2026-08-14,10498,181,203,137,6.4782,REPEATEDHITS,True,False,False,0,10498,2623535358.0,23,BID,SHORT,0.5
SOUN,2026-07-17 16:49:00.531204+00:00,PUT,4.0,2026-08-21,10084,2105,2113,518,6.3151,REPEATEDHITSDESCENDINGFILL,False,False,False,10005,4,2623535358.0,35,ASK,SHORT,1.0
SOUN,2026-07-14 17:43:02.272188+00:00,PUT,7.0,2026-07-31,37968,678,1296,431,6.83,REPEATEDHITS,False,False,False,37968,0,2623535358.0,17,ASK,SHORT,1.0
SOUN,2026-07-14 17:14:36.081787+00:00,PUT,7.0,2026-07-31,33977,557,617,431,6.735,REPEATEDHITS,False,False,False,33977,0,2623535358.0,17,ASK,SHORT,1.0
SOUN,2026-07-07 16:09:34.120474+00:00,PUT,6.5,2026-07-31,13611,349,779,346,6.76,REPEATEDHITS,False,False,False,13611,0,2623535358.0,24,ASK,SHORT,1.0
SOUN,2026-07-07 15:40:13.975483+00:00,PUT,6.5,2026-07-31,16575,425,429,346,6.7601,REPEATEDHITS,False,False,False,15834,0,2623535358.0,24,ASK,SHORT,1.0
SOUN,2026-07-06 13:35:50.640717+00:00,CALL,8.0,2026-08-07,65868,1996,2028,417,6.685,REPEATEDHITS,False,False,False,2805,63063,2623535358.0,32,BID,SHORT,0.5
SOUN,2026-06-23 16:44:06.355467+00:00,CALL,8.0,2026-08-21,10000,200,243,165,6.67,REPEATEDHITS,False,False,False,10000,0,2623535358.0,59,ASK,LONG,1.0
SOUN,2026-06-22 14:58:58.405384+00:00,CALL,12.0,2026-08-21,15769,927,970,146,6.929,REPEATEDHITSDESCENDINGFILL,False,False,False,0,15589,2623535358.0,60,BID,SHORT,0.5
SOUN,2026-06-22 13:37:26.445626+00:00,CALL,9.0,2026-08-21,55255,1285,1289,45,7.0474,REPEATEDHITS,False,False,False,0,55126,2623535358.0,60,BID,SHORT,0.5
SOUN,2026-06-15 16:15:45.061533+00:00,CALL,8.0,2026-07-31,95495,1345,1756,24,7.6903,REPEATEDHITS,False,False,False,92655,2840,2623535358.0,46,ASK,LONG,1.0
SOUN,2026-06-15 15:59:27.168815+00:00,CALL,8.0,2026-07-31,22411,307,406,24,7.725,REPEATEDHITS,True,False,False,22411,0,2623535358.0,46,ASK,LONG,1.0
SOUN,2026-06-12 19:40:44.795380+00:00,CALL,8.5,2026-06-18,19998,5000,5213,3582,6.96,REPEATEDHITSDESCENDINGFILL,False,False,False,19992,0,2623535358.0,6,ASK,LONG,1.0
SOUN,2026-06-09 18:40:03.779367+00:00,CALL,7.0,2026-06-26,10608,221,530,161,7.015,REPEATEDHITS,False,False,False,10608,0,2623535358.0,17,ASK,LONG,1.0
SOUN,2026-06-01 16:16:31.952533+00:00,PUT,7.5,2026-06-18,14885,1145,1330,873,9.295,REPEATEDHITS,False,False,False,0,12922,2623535358.0,17,BID,LONG,0.5
SOUN,2026-05-26 13:46:05.051418+00:00,CALL,8.5,2026-06-05,42308,1511,2113,851,8.13,REPEATEDHITS,False,False,False,39340,0,2623535358.0,10,ASK,LONG,1.0
SOXS,2026-07-22 15:01:06.975929+00:00,PUT,36.0,2026-07-31,67115,357,360,9,44.325,REPEATEDHITS,True,False,False,67115,0,1485660645.0,9,ASK,SHORT,1.0
SOXS,2026-07-22 15:00:21.911303+00:00,CALL,67.0,2026-08-14,47287,118,118,23,44.615,REPEATEDHITSASCENDINGFILL,True,False,False,0,47287,1485660645.0,23,BID,SHORT,0.5
SOXS,2026-07-21 19:50:18.824784+00:00,CALL,45.0,2026-09-18,56176,41,100,0,45.02,REPEATEDHITSASCENDINGFILL,True,False,False,0,56176,1485660645.0,59,BID,SHORT,0.5
SOXS,2026-07-21 19:10:53.714898+00:00,CALL,43.0,2026-07-24,146394,290,413,13,45.61,REPEATEDHITS,True,False,False,145889,505,1485660645.0,3,ASK,LONG,1.0
SOXS,2026-07-21 19:08:01.732407+00:00,CALL,40.0,2026-09-18,153850,98,228,7,45.33,REPEATEDHITS,True,False,False,153850,0,1485660645.0,59,ASK,LONG,1.0
SOXS,2026-07-21 18:49:33.811735+00:00,CALL,40.0,2026-09-18,72615,47,127,7,44.9775,REPEATEDHITS,True,False,False,67980,0,1485660645.0,59,ASK,LONG,1.0
SOXS,2026-07-21 17:50:24.511151+00:00,CALL,40.0,2026-09-18,76195,50,50,7,44.595,REPEATEDHITSDESCENDINGFILL,False,False,False,27395,48800,1485660645.0,59,BID,SHORT,0.5
SOXS,2026-07-21 17:45:13.546789+00:00,PUT,34.0,2026-07-31,75828,534,864,47,44.78,REPEATEDHITS,False,False,False,142,75686,1485660645.0,10,BID,LONG,0.5
SOXS,2026-07-21 17:10:51.546973+00:00,CALL,47.0,2026-07-24,12098,44,754,8,44.669,REPEATEDHITS,True,False,False,3848,8250,1485660645.0,3,BID,SHORT,0.5
SOXS,2026-07-21 16:33:31.682073+00:00,PUT,50.0,2026-09-18,122763,72,99,56,45.43,REPEATEDHITS,True,False,False,0,122763,1485660645.0,59,BID,LONG,0.5
SOXS,2026-07-21 16:04:15.896523+00:00,CALL,47.0,2026-07-24,35310,107,645,8,45.705,REPEATEDHITS,False,False,False,0,35310,1485660645.0,3,BID,SHORT,0.5
SOXS,2026-07-21 15:20:20.936601+00:00,CALL,40.0,2026-07-24,68640,96,112,60,45.78,REPEATEDHITS,True,False,False,67925,715,1485660645.0,3,ASK,LONG,1.0
SOXS,2026-07-21 15:18:09.148962+00:00,CALL,47.0,2026-07-24,27093,86,428,8,45.375,REPEATEDHITSDESCENDINGFILL,False,False,False,9882,15321,1485660645.0,3,BID,SHORT,0.5
SOXS,2026-07-21 15:16:23.610778+00:00,CALL,43.0,2026-07-24,38500,77,84,13,45.51,REPEATEDHITS,True,False,False,38000,500,1485660645.0,3,ASK,LONG,1.0
SOXS,2026-07-21 15:07:21.664491+00:00,CALL,46.0,2026-08-28,144800,122,122,57,46.1912,REPEATEDHITSASCENDINGFILL,True,False,False,15500,129300,1485660645.0,38,BID,SHORT,0.5
SOXS,2026-07-21 15:07:21.664491+00:00,CALL,48.0,2026-08-28,14610,13,13,2,46.21,REPEATEDHITSASCENDINGFILL,True,False,False,3375,11235,1485660645.0,38,BID,SHORT,0.5
SOXS,2026-07-21 14:45:09.564243+00:00,CALL,52.0,2026-09-18,263425,205,206,2,46.63,REPEATEDHITS,True,False,False,0,263425,1485660645.0,59,BID,SHORT,0.5
SOXS,2026-07-21 14:32:28.572442+00:00,CALL,48.0,2026-08-21,44733,42,177,31,47.125,REPEATEDHITSASCENDINGFILL,True,False,False,0,44733,1485660645.0,31,BID,SHORT,0.5
SOXS,2026-07-21 13:35:33.281417+00:00,CALL,46.5,2026-07-24,45000,100,201,0,47.27,REPEATEDHITS,True,False,False,0,45000,1485660645.0,3,BID,SHORT,0.5
SOXS,2026-07-21 13:33:09.199544+00:00,PUT,42.5,2026-07-24,28266,138,138,5,46.735,REPEATEDHITSASCENDINGFILL,False,False,False,13835,14228,1485660645.0,3,BID,LONG,0.5
SOXS,2026-07-20 19:41:25.313734+00:00,CALL,56.0,2026-09-18,147465,93,277,40,53.23,REPEATEDHITSASCENDINGFILL,True,False,False,4800,142665,1485660645.0,60,BID,SHORT,0.5
SOXS,2026-07-20 19:29:56.624818+00:00,CALL,56.0,2026-09-18,287360,181,184,40,53.3001,REPEATEDHITSASCENDINGFILL,True,False,False,151060,136300,1485660645.0,60,ASK,LONG,1.0
SOXS,2026-07-20 19:29:56.624818+00:00,CALL,57.0,2026-09-18,428595,275,294,18,53.255,REPEATEDHITSASCENDINGFILL,True,False,False,209300,219295,1485660645.0,60,BID,SHORT,0.5
SOXS,2026-07-20 19:23:18.898714+00:00,CALL,63.0,2026-08-21,14660,14,126,2,54.1,REPEATEDHITS,True,False,False,12560,2100,1485660645.0,32,ASK,LONG,1.0
SOXS,2026-07-20 19:03:20.081343+00:00,PUT,52.0,2026-09-18,107995,69,73,0,53.2899,REPEATEDHITS,True,False,False,0,103300,1485660645.0,60,BID,LONG,0.5
SOXS,2026-07-20 16:41:32.848098+00:00,PUT,59.0,2026-08-14,19005,12,12,0,51.74,REPEATEDHITSASCENDINGFILL,True,False,False,1585,17420,1485660645.0,25,BID,LONG,0.5
SOXS,2026-07-20 16:27:11.337866+00:00,CALL,80.0,2026-09-18,445073,471,727,62,50.8799,REPEATEDHITSDESCENDINGFILL,True,False,False,440348,4725,1485660645.0,60,ASK,LONG,1.0
SOXS,2026-07-20 16:24:39.341971+00:00,CALL,63.0,2026-08-21,90578,107,112,2,50.619,REPEATEDHITSASCENDINGFILL,True,False,False,6870,83708,1485660645.0,32,BID,SHORT,0.5
SOXS,2026-07-20 16:08:08.661756+00:00,CALL,56.0,2026-08-07,23101,31,44,3,50.195,REPEATEDHITSASCENDINGFILL,True,False,False,0,23101,1485660645.0,18,BID,SHORT,0.5
SOXS,2026-07-20 16:05:45.021061+00:00,CALL,50.0,2026-08-28,182979,136,137,15,50.51,REPEATEDHITSASCENDINGFILL,True,False,False,2700,180279,1485660645.0,39,BID,SHORT,0.5
SOXS,2026-07-20 15:56:15.522322+00:00,CALL,63.0,2026-08-07,150158,244,246,5,50.88,REPEATEDHITSASCENDINGFILL,True,False,False,0,150158,1485660645.0,18,BID,SHORT,0.5
SOXS,2026-07-20 15:56:15.522322+00:00,CALL,62.0,2026-08-07,53137,83,85,9,50.88,REPEATEDHITSASCENDINGFILL,True,False,False,650,52487,1485660645.0,18,BID,SHORT,0.5
SOXS,2026-07-20 15:23:32.573750+00:00,CALL,55.0,2026-09-18,261005,174,177,27,51.15,REPEATEDHITS,True,False,False,0,261005,1485660645.0,60,BID,SHORT,0.5
SOXS,2026-07-20 15:23:32.573750+00:00,CALL,49.0,2026-09-18,119304,71,71,0,51.15,REPEATEDHITSASCENDINGFILL,True,False,False,0,119304,1485660645.0,60,BID,SHORT,0.5
SOXS,2026-07-20 14:56:12.613469+00:00,CALL,80.0,2026-08-28,29110,38,140,8,52.5,REPEATEDHITSDESCENDINGFILL,True,False,False,26030,3080,1485660645.0,39,ASK,LONG,1.0
SOXS,2026-07-20 14:38:11.212119+00:00,CALL,80.0,2026-08-28,74285,101,102,8,51.64,REPEATEDHITSDESCENDINGFILL,True,False,False,39485,34800,1485660645.0,39,ASK,LONG,1.0
SOXS,2026-07-20 14:38:11.212119+00:00,CALL,80.0,2026-09-18,230925,229,229,62,51.64,REPEATEDHITSDESCENDINGFILL,True,False,False,228915,2010,1485660645.0,60,ASK,LONG,1.0
SOXS,2026-07-20 14:30:01.418186+00:00,CALL,50.0,2026-09-18,140623,87,123,25,50.7728,REPEATEDHITSASCENDINGFILL,True,False,False,0,140623,1485660645.0,60,BID,SHORT,0.5
SOXS,2026-07-20 14:29:31.776149+00:00,PUT,35.0,2026-08-21,17186,49,64,13,51.1603,REPEATEDHITSDESCENDINGFILL,False,False,False,8876,8310,1485660645.0,32,ASK,SHORT,1.0
SOXS,2026-07-20 14:26:44.909164+00:00,CALL,48.0,2026-08-21,45055,34,34,3,51.06,REPEATEDHITS,True,False,False,0,45055,1485660645.0,32,BID,SHORT,0.5
SOXS,2026-07-20 14:26:44.909164+00:00,CALL,54.0,2026-08-21,232897,207,210,125,51.06,REPEATEDHITSDESCENDINGFILL,True,False,False,0,232897,1485660645.0,32,BID,SHORT,0.5
SOXS,2026-07-20 13:55:32.643464+00:00,PUT,43.0,2026-07-24,40800,300,392,53,50.5,REPEATEDHITS,False,False,False,0,40800,1485660645.0,4,BID,LONG,0.5
SOXS,2026-07-20 13:49:23.643452+00:00,PUT,34.0,2026-07-24,26320,940,1585,321,49.8346,REPEATEDHITS,False,False,False,0,26264,1485660645.0,4,BID,LONG,0.5
SOXS,2026-07-20 13:42:41.625208+00:00,PUT,34.0,2026-07-24,17197,593,637,321,49.59,REPEATEDHITS,False,False,False,0,17197,1485660645.0,4,BID,LONG,0.5
SOXS,2026-07-20 13:36:28.905629+00:00,CALL,62.0,2026-07-24,29994,177,187,29,49.5803,REPEATEDHITS,True,False,False,850,29144,1485660645.0,4,BID,SHORT,0.5
SOXS,2026-07-17 19:24:41.670433+00:00,CALL,60.0,2026-07-24,219840,458,1070,0,55.23,REPEATEDHITS,False,False,False,480,219360,1485660645.0,7,BID,SHORT,0.5
SOXS,2026-07-17 19:13:47.912068+00:00,CALL,70.0,2026-09-18,15355,11,19,0,55.2795,REPEATEDHITSDESCENDINGFILL,True,False,False,12575,1385,1485660645.0,63,ASK,LONG,1.0
SOXS,2026-07-17 18:15:38.794266+00:00,CALL,58.0,2026-07-31,26855,35,37,0,54.26,REPEATEDHITSDESCENDINGFILL,True,False,False,13860,12995,1485660645.0,14,ASK,LONG,1.0
SOXS,2026-07-17 17:58:26.685541+00:00,CALL,53.0,2026-08-21,100445,75,77,3,53.5199,REPEATEDHITSDESCENDINGFILL,True,False,False,92445,6665,1485660645.0,35,ASK,LONG,1.0
SOXS,2026-07-17 17:58:26.685541+00:00,CALL,55.0,2026-08-21,22815,18,21,2,53.5199,REPEATEDHITSDESCENDINGFILL,True,False,False,11430,11385,1485660645.0,35,ASK,LONG,1.0
SOXX,2026-07-22 15:38:38.737464+00:00,CALL,562.5,2026-07-24,41750,40,43,31,558.25,REPEATEDHITSASCENDINGFILL,True,False,False,0,41750,48551859862.0,2,BID,SHORT,0.5
SOXX,2026-07-22 15:00:44.348100+00:00,CALL,745.0,2027-01-15,41860,13,13,2,555.73,REPEATEDHITSASCENDINGFILL,False,False,False,41860,0,48551859862.0,177,ASK,LONG,1.0
SOXX,2026-07-22 13:55:17.278638+00:00,CALL,597.5,2026-07-31,77980,100,100,29,553.63,REPEATEDHITS,False,False,False,77980,0,48551859862.0,9,ASK,LONG,1.0
SOXX,2026-07-22 13:43:40.125448+00:00,CALL,572.5,2026-07-24,38710,79,79,13,551.02,REPEATEDHITS,True,False,False,38710,0,48551859862.0,2,ASK,LONG,1.0
SOXX,2026-07-21 19:26:17.229169+00:00,PUT,595.0,2026-08-07,190080,33,33,5,550.84,REPEATEDHITS,True,False,False,190080,0,48551859862.0,17,ASK,SHORT,1.0
SOXX,2026-07-21 18:34:57.323758+00:00,CALL,630.0,2026-07-24,24870,829,903,226,552.8,REPEATEDHITS,False,False,False,0,24870,48551859862.0,3,BID,SHORT,0.5
SOXX,2026-07-21 16:31:31.532013+00:00,PUT,400.0,2026-08-21,732006,1830,1868,635,552.72,REPEATEDHITSASCENDINGFILL,False,False,False,0,732006,48551859862.0,31,BID,LONG,0.5
SOXX,2026-07-21 15:44:59.925653+00:00,CALL,517.5,2026-08-21,101490,17,17,0,549.105,REPEATEDHITS,True,False,False,0,101490,48551859862.0,31,BID,SHORT,0.5
SOXX,2026-07-21 15:01:10.843562+00:00,PUT,380.0,2026-08-21,715499,2308,2355,344,547.955,REPEATEDHITSASCENDINGFILL,False,False,False,0,715499,48551859862.0,31,BID,LONG,0.5
SOXX,2026-07-21 14:08:29.340788+00:00,PUT,340.0,2026-07-31,40000,1000,1007,99,542.29,REPEATEDHITS,True,False,False,30000,0,48551859862.0,10,ASK,SHORT,1.0
SOXX,2026-07-21 13:57:11.239041+00:00,PUT,562.5,2026-08-28,93160,17,17,13,543.33,REPEATEDHITS,True,False,False,82200,5480,48551859862.0,38,ASK,SHORT,1.0
SOXX,2026-07-21 13:46:18.616293+00:00,PUT,530.0,2026-07-31,5890540,3068,4071,362,545.055,REPEATEDHITS,False,False,False,5890540,0,48551859862.0,10,ASK,SHORT,1.0
SOXX,2026-07-20 19:49:53.118802+00:00,PUT,500.0,2026-08-14,3076910,1221,1233,40,526.16,REPEATEDHITS,False,False,False,3074400,2510,48551859862.0,25,ASK,SHORT,1.0
SOXX,2026-07-20 19:22:53.246098+00:00,CALL,580.0,2026-07-24,145010,853,937,136,524.77,REPEATEDHITS,False,False,False,0,145010,48551859862.0,4,BID,SHORT,0.5
SOXX,2026-07-20 19:17:53.656183+00:00,PUT,500.0,2026-07-31,4705810,2887,4598,1910,525.585,REPEATEDHITS,False,False,False,4682990,22820,48551859862.0,11,ASK,SHORT,1.0
SOXX,2026-07-20 18:57:45.124131+00:00,PUT,490.0,2026-07-24,630360,1236,4835,609,527.9164,REPEATEDHITS,False,False,False,630360,0,48551859862.0,4,ASK,SHORT,1.0
SOXX,2026-07-20 18:23:48.808815+00:00,PUT,500.0,2026-08-07,1292850,663,690,571,530.16,REPEATEDHITS,False,False,False,1292850,0,48551859862.0,18,ASK,SHORT,1.0
SOXX,2026-07-20 16:12:52.744262+00:00,CALL,540.0,2026-07-31,4952499,1981,2018,212,536.36,REPEATEDHITS,False,False,False,4952499,0,48551859862.0,11,ASK,LONG,1.0
SOXX,2026-07-20 16:11:37.196761+00:00,CALL,530.0,2027-12-17,1071360,72,1317,6,536.09,REPEATEDHITS,False,False,False,1071360,0,48551859862.0,515,ASK,LONG,1.0
SOXX,2026-07-20 16:10:29.677918+00:00,CALL,530.0,2027-12-17,2901600,195,1245,6,536.19,REPEATEDHITS,True,False,False,386880,2112960,48551859862.0,515,BID,SHORT,0.5
SOXX,2026-07-20 16:08:08.661756+00:00,CALL,530.0,2027-12-17,848160,57,974,6,536.32,REPEATEDHITS,False,False,False,848160,0,48551859862.0,515,ASK,LONG,1.0
SOXX,2026-07-20 16:05:33.188451+00:00,CALL,530.0,2027-12-17,3556320,239,560,6,534.85,REPEATEDHITS,True,False,False,1339200,1770720,48551859862.0,515,BID,SHORT,0.5
SOXX,2026-07-20 16:05:11.933815+00:00,PUT,515.0,2026-07-31,323840,184,189,15,534.235,REPEATEDHITS,False,False,False,0,323840,48551859862.0,11,BID,LONG,0.5
SOXX,2026-07-20 16:04:08.042443+00:00,CALL,530.0,2027-12-17,892800,60,321,6,534.29,REPEATEDHITS,False,False,False,892800,0,48551859862.0,515,ASK,LONG,1.0
SOXX,2026-07-20 15:56:52.586078+00:00,CALL,530.0,2027-12-17,506270,34,66,6,534.41,REPEATEDHITS,False,False,False,506270,0,48551859862.0,515,ASK,LONG,1.0
SOXX,2026-07-20 15:50:35.115553+00:00,PUT,490.0,2026-07-24,1803865,3469,3539,609,531.13,REPEATEDHITSDESCENDINGFILL,False,False,False,1803865,0,48551859862.0,4,ASK,SHORT,1.0
SOXX,2026-07-20 15:17:41.289293+00:00,CALL,522.5,2026-08-07,34830,9,9,0,531.8,REPEATEDHITS,False,False,False,34830,0,48551859862.0,18,ASK,LONG,1.0
SOXX,2026-07-20 14:53:52.312884+00:00,PUT,537.5,2026-08-21,22800,5,5,0,528.34,REPEATEDHITS,True,False,False,22800,0,48551859862.0,32,ASK,SHORT,1.0
SOXX,2026-07-20 14:35:31.404632+00:00,PUT,475.0,2026-08-21,6112196,3087,3964,74,532.535,REPEATEDHITSDESCENDINGFILL,False,False,False,6110216,1980,48551859862.0,32,ASK,SHORT,1.0
SOXX,2026-07-20 13:57:30.037824+00:00,PUT,497.5,2026-07-24,32940,54,56,14,532.85,REPEATEDHITS,True,False,False,31720,0,48551859862.0,4,ASK,SHORT,1.0
SOXX,2026-07-20 13:36:06.654366+00:00,CALL,670.0,2026-07-31,18005,225,228,98,537.25,REPEATEDHITS,False,False,False,0,18005,48551859862.0,11,BID,SHORT,0.5
SOXX,2026-07-17 19:46:40.323714+00:00,CALL,525.0,2026-07-17,89531,1099,3985,124,522.44,REPEATEDHITSASCENDINGFILL,False,False,False,0,40651,48551859862.0,0,BID,SHORT,0.5
SOXX,2026-07-17 18:21:14.209632+00:00,PUT,537.5,2026-08-14,27600,6,6,1,521.72,REPEATEDHITS,False,False,False,27600,0,48551859862.0,28,ASK,SHORT,1.0
SOXX,2026-07-17 18:14:11.827870+00:00,PUT,515.0,2026-07-24,881950,569,651,90,524.3786,REPEATEDHITS,False,False,False,881950,0,48551859862.0,7,ASK,SHORT,1.0
SOXX,2026-07-17 17:41:13.247108+00:00,CALL,487.5,2026-07-31,104550,19,19,0,528.66,REPEATEDHITS,True,False,False,0,104550,48551859862.0,14,BID,SHORT,0.5
SOXX,2026-07-17 17:06:42.857328+00:00,CALL,537.5,2026-08-07,82680,26,29,0,531.91,REPEATEDHITS,True,False,False,82680,0,48551859862.0,21,ASK,LONG,1.0
SOXX,2026-07-17 16:16:00.848906+00:00,CALL,630.0,2026-08-21,1154982,1155,1171,76,529.08,REPEATEDHITS,False,False,False,1153982,1000,48551859862.0,35,ASK,LONG,1.0
SOXX,2026-07-17 15:38:36.717562+00:00,CALL,530.0,2026-07-24,13135,9,33,7,520.19,REPEATEDHITS,False,False,False,13135,0,48551859862.0,7,ASK,LONG,1.0
SOXX,2026-07-17 15:36:09.640862+00:00,CALL,530.0,2026-08-14,240000,75,259,2,517.59,REPEATEDHITS,False,False,False,240000,0,48551859862.0,28,ASK,LONG,1.0
SOXX,2026-07-17 15:18:26.829076+00:00,CALL,545.0,2026-08-21,45600,16,16,8,514.44,REPEATEDHITS,True,False,False,45600,0,48551859862.0,35,ASK,LONG,1.0
SOXX,2026-07-17 14:35:33.809476+00:00,CALL,500.0,2026-08-28,280000,50,110,0,518.29,REPEATEDHITS,False,False,False,280000,0,48551859862.0,42,ASK,LONG,1.0
SOXX,2026-07-17 14:08:15.952836+00:00,CALL,700.0,2026-11-20,186300,90,202,29,518.78,REPEATEDHITS,True,False,False,66240,120060,48551859862.0,126,BID,SHORT,0.5
SOXX,2026-07-17 14:02:58.843802+00:00,CALL,522.5,2026-07-17,35350,104,401,1,518.039,REPEATEDHITS,True,False,False,35350,0,48551859862.0,0,ASK,LONG,1.0
SOXX,2026-07-17 14:02:46.013866+00:00,CALL,580.0,2026-08-21,359588,200,7355,66,517.47,REPEATEDHITSASCENDINGFILL,False,False,False,345312,7136,48551859862.0,35,ASK,LONG,1.0
SOXX,2026-07-17 13:59:29.305900+00:00,CALL,700.0,2026-11-20,200000,100,101,29,512.025,REPEATEDHITS,False,False,False,0,0,48551859862.0,126,MIXED,,0.0
SOXX,2026-07-17 13:58:53.620426+00:00,CALL,580.0,2026-08-21,332948,200,6925,66,512.7,REPEATEDHITSASCENDINGFILL,False,False,False,332948,0,48551859862.0,35,ASK,LONG,1.0
SOXX,2026-07-17 13:58:28.757609+00:00,CALL,522.5,2026-07-17,51625,295,297,1,512.03,REPEATEDHITS,True,False,False,51625,0,48551859862.0,0,ASK,LONG,1.0
SOXX,2026-07-17 13:58:28.757609+00:00,CALL,517.5,2026-07-17,23240,75,75,0,512.03,REPEATEDHITS,True,False,False,22940,300,48551859862.0,0,ASK,LONG,1.0
SOXX,2026-07-17 13:56:44.298797+00:00,CALL,530.0,2026-08-14,363625,128,139,2,509.4799,REPEATEDHITSDESCENDINGFILL,True,False,False,363625,0,48551859862.0,28,ASK,LONG,1.0
SOXX,2026-07-17 13:55:38.578178+00:00,PUT,495.0,2027-01-15,63885,9,9,7,509.71,REPEATEDHITSDESCENDINGFILL,False,False,False,0,63885,48551859862.0,182,BID,LONG,0.5
SPXL,2026-07-22 14:23:09.667020+00:00,PUT,310.0,2026-08-28,48940,12,12,2,270.59,REPEATEDHITSDESCENDINGFILL,True,False,False,44870,4070,6816656271.0,37,ASK,SHORT,1.0
SPXL,2026-07-13 19:23:51.541280+00:00,PUT,305.0,2026-07-17,16299,5,5,0,272.5,REPEATEDHITSASCENDINGFILL,False,False,False,16299,0,6816656271.0,4,ASK,SHORT,1.0
SPXL,2026-07-10 14:32:46.812882+00:00,CALL,272.5,2026-07-10,76150,173,177,67,277.14,REPEATEDHITSASCENDINGFILL,False,False,False,0,62500,6816656271.0,0,BID,SHORT,0.5
SPXL,2026-07-07 19:18:33.890803+00:00,PUT,310.0,2026-07-17,27930,7,7,0,270.23,REPEATEDHITS,True,False,False,27930,0,6816656271.0,10,ASK,SHORT,1.0
SPXL,2026-07-07 19:18:33.890803+00:00,PUT,292.5,2026-07-10,15680,7,7,0,270.23,REPEATEDHITS,True,False,False,15680,0,6816656271.0,3,ASK,SHORT,1.0
SPXL,2026-07-06 14:39:42.886265+00:00,CALL,282.5,2026-07-10,26650,358,386,25,273.9,REPEATEDHITSASCENDINGFILL,True,False,False,2800,23850,6816656271.0,4,BID,SHORT,0.5
SPXL,2026-07-02 19:28:36.857249+00:00,CALL,255.0,2026-07-02,207038,182,342,43,265.76,REPEATEDHITSDESCENDINGFILL,False,False,False,198078,8960,6816656271.0,0,ASK,LONG,1.0
SPXL,2026-07-02 19:28:36.857249+00:00,PUT,270.0,2026-07-02,189871,502,591,34,265.85,REPEATEDHITSASCENDINGFILL,False,False,False,156560,33311,6816656271.0,0,ASK,SHORT,1.0
SPXL,2026-07-02 19:04:29.997702+00:00,PUT,275.0,2026-07-02,40040,44,49,18,266.06,REPEATEDHITS,False,False,False,40040,0,6816656271.0,0,ASK,SHORT,1.0
SPXL,2026-07-02 19:04:29.997702+00:00,PUT,267.5,2026-07-02,37400,187,210,14,266.06,REPEATEDHITS,False,False,False,37400,0,6816656271.0,0,ASK,SHORT,1.0
SPXL,2026-07-02 19:04:29.997702+00:00,PUT,272.5,2026-07-02,25740,39,53,8,266.06,REPEATEDHITS,False,False,False,25740,0,6816656271.0,0,ASK,SHORT,1.0
SPXL,2026-07-02 19:04:29.997702+00:00,CALL,255.0,2026-07-02,165873,155,159,43,266.06,REPEATEDHITSASCENDINGFILL,False,False,False,0,165873,6816656271.0,0,BID,SHORT,0.5
SPXL,2026-07-02 14:42:48.710918+00:00,CALL,235.0,2026-07-02,21420,6,6,5,270.88,REPEATEDHITS,False,False,False,0,21420,6816656271.0,0,BID,SHORT,0.5
SPXL,2026-07-01 19:57:27.562915+00:00,CALL,272.5,2026-08-07,12400,10,10,0,269.9,REPEATEDHITS,True,False,False,0,12400,6816656271.0,37,BID,SHORT,0.5
SPXL,2026-07-01 18:15:37.326335+00:00,CALL,280.0,2026-07-31,26830,33,34,23,271.4,REPEATEDHITSASCENDINGFILL,True,False,False,7380,19450,6816656271.0,30,BID,SHORT,0.5
SPXL,2026-06-23 14:40:23.496511+00:00,PUT,287.5,2026-07-02,23400,9,9,5,262.26,REPEATEDHITS,True,False,False,23400,0,6816656271.0,9,ASK,SHORT,1.0
SPXL,2026-06-17 13:43:24.992020+00:00,PUT,275.0,2026-06-18,24420,74,76,51,276.025,REPEATEDHITS,True,False,False,0,24420,6816656271.0,1,BID,LONG,0.5
SPXL,2026-06-15 17:03:49.965869+00:00,CALL,300.0,2026-06-26,13935,139,771,78,281.0399,REPEATEDHITSASCENDINGFILL,False,False,False,0,13935,6816656271.0,11,BID,SHORT,0.5
SPXL,2026-06-11 18:28:46.610291+00:00,CALL,260.0,2026-07-02,586850,485,985,22,258.9398,REPEATEDHITS,False,False,False,0,586850,6816656271.0,21,BID,SHORT,0.5
SPXL,2026-06-09 16:19:24.877408+00:00,PUT,257.5,2026-06-12,27120,24,79,12,249.88,REPEATEDHITS,True,False,False,27120,0,6816656271.0,3,ASK,SHORT,1.0
SPXL,2026-06-08 19:32:38.015855+00:00,PUT,292.5,2026-06-26,94350,33,33,0,265.38,REPEATEDHITSDESCENDINGFILL,True,False,False,0,94350,6816656271.0,18,BID,LONG,0.5
SPXL,2026-06-05 19:56:36.882722+00:00,CALL,297.5,2026-07-24,19500,30,30,0,264.075,REPEATEDHITS,False,False,False,19500,0,6816656271.0,49,ASK,LONG,1.0
SPXL,2026-06-05 19:39:38.845747+00:00,PUT,260.0,2026-06-12,76860,126,169,97,263.91,REPEATEDHITS,True,False,False,0,76860,6816656271.0,7,BID,LONG,0.5
SPXL,2026-06-04 19:51:20.775429+00:00,CALL,287.5,2026-06-12,11070,25,35,23,285.5701,REPEATEDHITSASCENDINGFILL,True,False,False,0,11070,6816656271.0,8,BID,SHORT,0.5
SPXL,2026-06-04 19:46:08.579191+00:00,CALL,282.5,2026-06-12,11842,16,23,7,285.74,REPEATEDHITS,True,False,False,0,11842,6816656271.0,8,BID,SHORT,0.5
SPXL,2026-06-01 17:30:01.670341+00:00,PUT,282.5,2026-07-10,12800,10,10,0,286.29,REPEATEDHITS,False,False,False,0,12800,6816656271.0,39,BID,LONG,0.5
SPXL,2026-05-27 17:35:39.487245+00:00,PUT,151.0,2027-01-15,100800,120,240,24,277.27,REPEATEDHITS,False,False,False,21840,60480,6816656271.0,233,BID,LONG,0.5
SPXL,2026-05-26 19:33:18.819477+00:00,PUT,255.0,2026-06-05,12985,80,171,72,277.5585,REPEATEDHITSASCENDINGFILL,False,False,False,0,12985,6816656271.0,10,BID,LONG,0.5
TEAM,2026-07-22 14:59:52.042086+00:00,CALL,185.0,2028-01-21,100440,81,81,33,85.795,REPEATEDHITS,True,False,False,100440,0,14462862597.0,548,ASK,LONG,1.0
TEAM,2026-07-22 14:26:28.840017+00:00,CALL,87.0,2026-07-24,31189,120,121,53,85.86,REPEATEDHITS,False,False,False,30929,260,14462862597.0,2,ASK,LONG,1.0
TEAM,2026-07-21 17:01:40.672450+00:00,PUT,84.0,2026-07-31,34541,141,145,5,89.96,REPEATEDHITS,False,False,False,34541,0,14462862597.0,10,ASK,SHORT,1.0
TEAM,2026-07-21 17:01:40.672450+00:00,PUT,83.0,2026-07-31,30741,143,143,6,89.96,REPEATEDHITS,False,False,False,30741,0,14462862597.0,10,ASK,SHORT,1.0
TEAM,2026-07-21 14:24:31.345369+00:00,CALL,98.0,2026-07-24,21900,146,150,108,92.595,REPEATEDHITS,False,False,False,450,0,14462862597.0,3,ASK,LONG,1.0
TEAM,2026-07-20 19:23:00.863071+00:00,PUT,101.0,2026-07-31,53460,66,66,0,96.665,REPEATEDHITS,False,False,False,53460,0,14462862597.0,11,ASK,SHORT,1.0
TEAM,2026-07-20 17:31:43.034386+00:00,CALL,115.0,2026-07-31,31314,348,353,89,96.57,REPEATEDHITSDESCENDINGFILL,False,False,False,31224,90,14462862597.0,11,ASK,LONG,1.0
TEAM,2026-07-20 16:47:56.567044+00:00,CALL,105.0,2026-08-21,873770,1334,2005,719,95.29,FLOORTRADELARGECAP,False,True,True,0,0,14462862597.0,32,MIXED,,0.0
TEAM,2026-07-17 18:23:50.816092+00:00,CALL,109.0,2026-07-31,24920,178,264,0,94.03,REPEATEDHITS,False,False,False,24920,0,14462862597.0,14,ASK,LONG,1.0
TEAM,2026-07-17 17:49:26.320963+00:00,CALL,109.0,2026-07-31,12040,86,86,0,94.19,REPEATEDHITS,False,False,False,12040,0,14462862597.0,14,ASK,LONG,1.0
TEAM,2026-07-17 14:25:06.880335+00:00,CALL,96.0,2026-07-24,10725,39,39,13,92.49,REPEATEDHITS,False,False,False,0,8525,14462862597.0,7,BID,SHORT,0.5
TEAM,2026-07-16 16:17:25.671776+00:00,PUT,100.0,2026-08-21,121679,78,78,66,90.68,REPEATEDHITS,False,False,False,121679,0,14462862597.0,36,ASK,SHORT,1.0
TEAM,2026-07-15 17:30:06.640419+00:00,CALL,165.0,2026-09-18,45804,654,654,121,91.99,REPEATEDHITSASCENDINGFILL,False,False,False,0,45804,14462862597.0,65,BID,SHORT,0.5
TEAM,2026-07-14 16:52:52.960734+00:00,PUT,80.0,2026-10-16,37260,46,46,1,91.6,REPEATEDHITS,False,False,False,34830,2430,14462862597.0,94,ASK,SHORT,1.0
TEAM,2026-07-14 14:18:30.684793+00:00,PUT,80.0,2026-07-17,15652,523,874,499,90.44,REPEATEDHITSDESCENDINGFILL,False,False,False,15652,0,14462862597.0,3,ASK,SHORT,1.0
TEAM,2026-07-13 16:15:24.392401+00:00,PUT,95.0,2026-07-24,27540,54,55,38,95.01,REPEATEDHITS,False,False,False,26520,1020,14462862597.0,11,ASK,SHORT,1.0
TEAM,2026-07-13 15:10:03.820257+00:00,PUT,93.0,2026-07-31,20160,36,39,2,94.48,REPEATEDHITS,False,False,False,18480,1680,14462862597.0,18,ASK,SHORT,1.0
TEAM,2026-07-13 15:06:13.336325+00:00,PUT,105.0,2026-10-16,204000,100,104,0,94.51,REPEATEDHITS,False,False,False,0,204000,14462862597.0,95,BID,LONG,0.5
TEAM,2026-07-13 15:00:55.329025+00:00,PUT,105.0,2028-01-21,457499,125,250,15,94.51,REPEATEDHITS,True,False,False,457499,0,14462862597.0,557,ASK,SHORT,1.0
TEAM,2026-07-13 15:00:41.106842+00:00,PUT,105.0,2028-01-21,438266,120,120,15,94.47,REPEATEDHITSASCENDINGFILL,False,False,False,438266,0,14462862597.0,557,ASK,SHORT,1.0
TEAM,2026-07-13 14:12:28.755592+00:00,PUT,88.0,2026-07-31,54600,130,131,65,91.87,REPEATEDHITS,False,False,False,0,54600,14462862597.0,18,BID,LONG,0.5
TEAM,2026-07-10 14:23:59.837816+00:00,CALL,93.0,2026-07-17,14400,48,56,31,91.78,REPEATEDHITS,False,False,False,3300,11100,14462862597.0,7,BID,SHORT,0.5
TEAM,2026-07-09 16:50:52.903112+00:00,CALL,89.0,2026-07-17,20800,52,55,23,89.525,REPEATEDHITS,False,False,False,0,20800,14462862597.0,8,BID,SHORT,0.5
TEAM,2026-07-09 15:19:15.640392+00:00,CALL,90.0,2026-07-31,48190,79,92,49,88.825,REPEATEDHITS,False,False,False,0,47580,14462862597.0,22,BID,SHORT,0.5
TEAM,2026-07-08 14:43:09.464778+00:00,PUT,83.0,2026-07-10,19604,196,196,32,85.72,REPEATEDHITS,False,False,False,0,19604,14462862597.0,2,BID,LONG,0.5
TEAM,2026-07-01 18:29:29.022189+00:00,CALL,85.0,2026-07-10,16521,58,248,57,83.365,REPEATEDHITSASCENDINGFILL,False,False,False,13956,2565,14462862597.0,9,ASK,LONG,1.0
TEAM,2026-07-01 14:31:22.759835+00:00,CALL,85.0,2026-07-10,29000,100,104,57,83.295,REPEATEDHITS,False,False,False,21750,4930,14462862597.0,9,ASK,LONG,1.0
TEAM,2026-06-30 19:25:28.400789+00:00,CALL,81.0,2026-07-02,71489,1100,1120,288,77.5,REPEATEDHITSDESCENDINGFILL,False,False,False,63559,7930,14462862597.0,2,ASK,LONG,1.0
TEAM,2026-06-30 18:18:01.316095+00:00,CALL,78.0,2026-07-02,14140,101,103,54,77.145,REPEATEDHITS,False,False,False,0,14140,14462862597.0,2,BID,SHORT,0.5
TEAM,2026-06-30 16:53:26.013737+00:00,PUT,78.0,2026-07-02,19574,103,126,57,77.8,REPEATEDHITSDESCENDINGFILL,False,False,False,0,19574,14462862597.0,2,BID,LONG,0.5
TEAM,2026-06-30 15:40:24.305940+00:00,PUT,79.0,2026-07-02,25175,95,137,27,77.52,REPEATEDHITS,False,False,False,0,25175,14462862597.0,2,BID,LONG,0.5
TEAM,2026-06-25 19:56:04.276599+00:00,CALL,75.0,2026-07-10,10000,25,275,7,74.575,REPEATEDHITS,False,False,False,0,10000,14462862597.0,15,BID,SHORT,0.5
TEAM,2026-06-25 19:32:07.524972+00:00,CALL,75.0,2026-07-10,10761,25,125,7,75.2,REPEATEDHITSASCENDINGFILL,False,False,False,0,10761,14462862597.0,15,BID,SHORT,0.5
TEAM,2026-06-25 16:23:59.478770+00:00,CALL,74.0,2026-07-31,18270,21,21,0,77.24,REPEATEDHITS,True,False,False,870,17400,14462862597.0,36,BID,SHORT,0.5
TEAM,2026-06-25 16:12:15.353105+00:00,CALL,81.0,2026-07-02,46412,273,276,3,77.735,REPEATEDHITS,False,False,False,0,46412,14462862597.0,7,BID,SHORT,0.5
TEAM,2026-06-24 15:40:55.964186+00:00,PUT,77.0,2026-07-17,22080,69,71,50,82.37,REPEATEDHITS,True,False,False,22080,0,14462862597.0,23,ASK,SHORT,1.0
TEAM,2026-06-23 18:07:11.183141+00:00,CALL,79.0,2026-06-26,21500,50,50,14,82.225,REPEATEDHITS,True,False,False,430,21070,14462862597.0,3,BID,SHORT,0.5
TEAM,2026-06-23 17:06:08.926367+00:00,PUT,87.0,2026-07-02,64000,100,205,14,82.53,REPEATEDHITS,False,False,False,30720,33280,14462862597.0,9,BID,LONG,0.5
TEAM,2026-06-23 16:10:43.751088+00:00,CALL,120.0,2026-08-21,76500,425,425,300,81.18,REPEATEDHITS,False,False,False,0,0,14462862597.0,59,MIXED,,0.0
TEAM,2026-06-23 15:59:46.092871+00:00,CALL,90.0,2026-08-21,203060,286,287,138,81.225,REPEATEDHITS,True,False,False,110050,710,14462862597.0,59,ASK,LONG,1.0
TEAM,2026-06-23 15:59:46.092871+00:00,CALL,90.0,2026-08-21,111470,157,444,138,81.215,REPEATEDHITS,False,False,False,97270,14200,14462862597.0,59,ASK,LONG,1.0
TEAM,2026-06-23 15:33:26.715878+00:00,PUT,82.0,2026-07-17,282103,455,457,24,80.9,REPEATEDHITS,False,False,False,0,282103,14462862597.0,24,BID,LONG,0.5
TEAM,2026-06-23 14:20:57.369324+00:00,PUT,87.0,2026-07-02,74100,95,100,14,80.765,REPEATEDHITS,False,False,False,39000,35100,14462862597.0,9,ASK,SHORT,1.0
TEAM,2026-06-23 13:36:10.715947+00:00,CALL,86.0,2026-06-26,17255,119,120,35,82.56,REPEATEDHITS,False,False,False,0,17255,14462862597.0,3,BID,SHORT,0.5
TEAM,2026-06-22 18:00:28.385602+00:00,CALL,80.0,2026-06-26,27000,100,217,4,79.75,REPEATEDHITS,False,False,False,6210,9180,14462862597.0,4,BID,SHORT,0.5
TEAM,2026-06-22 17:57:35.420821+00:00,CALL,79.0,2026-07-10,10570,20,80,0,79.475,REPEATEDHITSASCENDINGFILL,False,False,False,10570,0,14462862597.0,18,ASK,LONG,1.0
TEAM,2026-06-16 19:01:01.193826+00:00,CALL,91.0,2026-06-26,80340,309,312,15,87.44,REPEATEDHITS,False,False,False,0,80340,14462862597.0,10,BID,SHORT,0.5
TEAM,2026-06-15 15:41:16.595861+00:00,CALL,94.0,2026-07-02,30210,57,58,7,93.1099,REPEATEDHITS,False,False,False,0,30210,14462862597.0,17,BID,SHORT,0.5
TEAM,2026-06-15 14:40:25.598193+00:00,CALL,105.0,2026-06-26,17610,189,199,112,91.8,REPEATEDHITS,False,False,False,6000,11610,14462862597.0,11,BID,SHORT,0.5
TEAM,2026-06-15 13:57:48.749047+00:00,PUT,85.0,2026-06-26,25620,122,124,61,90.54,REPEATEDHITS,False,False,False,0,25620,14462862597.0,11,BID,LONG,0.5
TLT,2026-07-22 14:50:17.083148+00:00,PUT,83.5,2026-08-21,173417,1717,4882,445,83.56,REPEATEDHITS,False,False,False,173417,0,42300589893.0,30,ASK,SHORT,1.0
TLT,2026-07-22 14:50:13.275341+00:00,CALL,83.5,2026-08-21,55853,553,5785,548,83.56,REPEATEDHITS,False,False,False,46864,8383,42300589893.0,30,ASK,LONG,1.0
TLT,2026-07-22 14:50:06.865532+00:00,CALL,83.5,2026-08-21,353500,3500,4297,548,83.565,REPEATEDHITS,False,False,False,326432,27068,42300589893.0,30,ASK,LONG,1.0
TLT,2026-07-22 14:49:49.234455+00:00,PUT,83.5,2026-08-21,312246,3154,3165,445,83.5601,REPEATEDHITS,True,False,False,306603,5148,42300589893.0,30,ASK,SHORT,1.0
TLT,2026-07-22 14:48:04.894537+00:00,CALL,83.5,2026-07-22,28700,2050,3034,1086,83.5799,REPEATEDHITS,False,False,False,0,28700,42300589893.0,0,BID,SHORT,0.5
TLT,2026-07-22 14:13:55.029924+00:00,PUT,82.5,2026-08-03,12393,459,459,210,83.565,REPEATEDHITS,False,False,False,0,10017,42300589893.0,12,BID,LONG,0.5
TLT,2026-07-21 19:37:41.488347+00:00,PUT,84.5,2026-08-21,10656,72,91,64,83.685,REPEATEDHITS,False,False,False,0,10656,42300589893.0,31,BID,LONG,0.5
TLT,2026-07-21 16:25:43.898684+00:00,PUT,78.0,2027-01-15,36000,500,515,56,83.6322,REPEATEDHITS,False,False,False,36000,0,42300589893.0,178,ASK,SHORT,1.0
TLT,2026-07-21 14:20:28.277753+00:00,CALL,85.5,2026-07-29,12000,2000,2002,177,83.7301,REPEATEDHITS,True,False,False,12000,0,42300589893.0,8,ASK,LONG,1.0
TLT,2026-07-21 13:53:17.148471+00:00,CALL,84.0,2026-08-28,231949,2637,2671,389,83.53,REPEATEDHITSDESCENDINGFILL,True,False,False,231340,0,42300589893.0,38,ASK,LONG,1.0
TLT,2026-07-21 13:43:13.811789+00:00,CALL,83.5,2026-08-21,27740,292,343,139,83.47,REPEATEDHITS,True,False,False,27740,0,42300589893.0,31,ASK,LONG,1.0
TLT,2026-07-20 18:22:33.933175+00:00,CALL,82.5,2026-07-22,14100,100,600,12,83.875,REPEATEDHITS,False,False,False,14100,0,42300589893.0,2,ASK,LONG,1.0
TLT,2026-07-20 18:17:38.815843+00:00,CALL,76.0,2026-08-03,11200,14,14,0,83.865,REPEATEDHITS,True,False,False,11200,0,42300589893.0,14,ASK,LONG,1.0
TLT,2026-07-20 17:43:02.169077+00:00,CALL,76.0,2027-01-15,32560,40,40,20,83.8325,REPEATEDHITS,False,False,False,32560,0,42300589893.0,179,ASK,LONG,1.0
TLT,2026-07-20 17:25:24.999007+00:00,CALL,74.0,2026-10-16,118000,118,118,0,83.84,REPEATEDHITS,False,False,False,63000,55000,42300589893.0,88,ASK,LONG,1.0
TLT,2026-07-20 17:25:24.999007+00:00,CALL,74.0,2026-10-16,81930,82,200,0,83.84,REPEATEDHITSASCENDINGFILL,False,False,False,81930,0,42300589893.0,88,ASK,LONG,1.0
TLT,2026-07-20 17:22:35.210894+00:00,CALL,82.0,2026-08-03,43056,207,207,0,83.86,REPEATEDHITS,False,False,False,43056,0,42300589893.0,14,ASK,LONG,1.0
TLT,2026-07-20 17:11:11.770501+00:00,CALL,84.5,2026-07-29,10075,403,3820,186,83.8301,REPEATEDHITS,True,False,False,10075,0,42300589893.0,9,ASK,LONG,1.0
TLT,2026-07-20 17:00:03.812482+00:00,CALL,84.5,2026-07-29,16350,654,2473,186,83.855,REPEATEDHITS,True,False,False,16350,0,42300589893.0,9,ASK,LONG,1.0
TLT,2026-07-20 16:30:30.881100+00:00,CALL,82.5,2026-07-22,15000,100,200,12,83.945,REPEATEDHITS,False,False,False,15000,0,42300589893.0,2,ASK,LONG,1.0
TLT,2026-07-20 15:09:01.799448+00:00,CALL,73.0,2026-08-03,32625,29,29,0,84.13,REPEATEDHITS,True,False,False,32625,0,42300589893.0,14,ASK,LONG,1.0
TLT,2026-07-20 15:09:01.799448+00:00,CALL,72.0,2026-08-03,22050,18,18,0,84.13,REPEATEDHITS,True,False,False,22050,0,42300589893.0,14,ASK,LONG,1.0
TLT,2026-07-20 14:39:28.729539+00:00,CALL,82.5,2026-07-31,16910,89,122,64,84.175,REPEATEDHITS,False,False,False,16910,0,42300589893.0,11,ASK,LONG,1.0
TLT,2026-07-20 14:12:59.980729+00:00,CALL,84.5,2026-07-29,12110,346,967,186,84.1301,REPEATEDHITS,True,False,False,11585,0,42300589893.0,9,ASK,LONG,1.0
TLT,2026-07-20 14:12:59.980729+00:00,CALL,84.5,2026-07-29,11200,320,621,186,84.1301,REPEATEDHITS,True,False,False,11200,0,42300589893.0,9,ASK,LONG,1.0
TLT,2026-07-20 13:53:54.693045+00:00,CALL,85.0,2026-07-29,17512,796,2796,588,84.25,REPEATEDHITS,True,False,False,17512,0,42300589893.0,9,ASK,LONG,1.0
TLT,2026-07-20 13:53:34.236690+00:00,CALL,85.0,2026-07-29,19668,894,894,588,84.255,REPEATEDHITS,True,False,False,19668,0,42300589893.0,9,ASK,LONG,1.0
TLT,2026-07-20 13:36:59.383741+00:00,CALL,84.5,2026-07-31,127608,2454,2509,2387,84.315,REPEATEDHITS,False,False,False,127608,0,42300589893.0,11,ASK,LONG,1.0
TLT,2026-07-17 20:15:00.419988+00:00,CALL,85.0,2026-07-24,149511,8794,46145,5263,84.47,REPEATEDHITSDESCENDINGFILL,True,False,False,0,149475,42300589893.0,7,BID,SHORT,0.5
TLT,2026-07-17 20:00:20.437363+00:00,CALL,85.0,2026-07-24,265525,13975,35361,5263,84.52,REPEATEDHITS,False,False,False,0,265525,42300589893.0,7,BID,SHORT,0.5
TLT,2026-07-17 19:48:59.880810+00:00,PUT,84.5,2026-07-22,10800,400,1073,338,84.515,REPEATEDHITS,True,False,False,10800,0,42300589893.0,5,ASK,SHORT,1.0
TLT,2026-07-17 18:16:36.357547+00:00,CALL,81.0,2026-08-28,15580,41,166,5,84.57,REPEATEDHITS,False,False,False,15580,0,42300589893.0,42,ASK,LONG,1.0
TLT,2026-07-17 18:15:49.623159+00:00,CALL,82.0,2026-07-20,51675,200,203,55,84.555,REPEATEDHITSDESCENDINGFILL,False,False,False,51675,0,42300589893.0,3,ASK,LONG,1.0
TLT,2026-07-17 18:11:16.807872+00:00,PUT,85.0,2026-07-29,10350,150,409,55,84.561,REPEATEDHITS,False,False,False,10350,0,42300589893.0,12,ASK,SHORT,1.0
TLT,2026-07-17 17:55:10.592430+00:00,PUT,84.5,2026-07-20,14310,795,8054,697,84.51,REPEATEDHITS,True,False,False,18,14292,42300589893.0,3,BID,LONG,0.5
TLT,2026-07-17 17:55:01.777790+00:00,PUT,84.5,2026-07-20,18000,1000,7259,697,84.505,REPEATEDHITS,True,False,False,0,18000,42300589893.0,3,BID,LONG,0.5
TLT,2026-07-17 16:33:29.042435+00:00,CALL,85.0,2026-08-07,119912,2306,4985,2137,84.5688,REPEATEDHITS,False,False,False,119912,0,42300589893.0,21,ASK,LONG,1.0
TLT,2026-07-17 15:30:33.906128+00:00,PUT,84.5,2026-07-29,60567,1553,1556,133,84.6501,REPEATEDHITS,False,False,False,60567,0,42300589893.0,12,ASK,SHORT,1.0
TLT,2026-07-17 14:42:59.451917+00:00,CALL,88.0,2027-07-16,49842,234,846,30,84.69,REPEATEDHITS,False,False,False,49842,0,42300589893.0,364,ASK,LONG,1.0
TLT,2026-07-17 13:43:23.806139+00:00,CALL,86.0,2026-07-29,14781,1137,1211,1045,84.78,REPEATEDHITS,False,False,False,14781,0,42300589893.0,12,ASK,LONG,1.0
TLT,2026-07-16 19:41:10.805431+00:00,PUT,87.5,2026-08-28,16330,46,51,15,84.14,REPEATEDHITS,False,False,False,0,16330,42300589893.0,43,BID,LONG,0.5
TLT,2026-07-16 19:07:54.785902+00:00,CALL,85.5,2026-08-14,79140,2638,2675,1732,84.115,REPEATEDHITS,False,False,False,79140,0,42300589893.0,29,ASK,LONG,1.0
TLT,2026-07-16 15:50:24.745263+00:00,CALL,83.5,2026-07-29,19834,211,299,31,84.0423,REPEATEDHITS,False,False,False,19834,0,42300589893.0,13,ASK,LONG,1.0
TLT,2026-07-16 14:17:54.744096+00:00,CALL,83.0,2026-08-14,16206,111,111,57,83.95,REPEATEDHITS,True,False,False,16206,0,42300589893.0,29,ASK,LONG,1.0
TLT,2026-07-15 18:10:11.637322+00:00,CALL,85.0,2026-07-27,12121,527,1698,264,84.28,REPEATEDHITS,False,False,False,12121,0,42300589893.0,12,ASK,LONG,1.0
TLT,2026-07-15 18:00:07.118648+00:00,CALL,81.0,2027-03-19,288480,601,601,139,84.305,REPEATEDHITS,False,False,False,285120,2880,42300589893.0,247,ASK,LONG,1.0
TLT,2026-07-15 15:36:33.291381+00:00,CALL,85.0,2026-07-27,21060,810,828,264,84.36,REPEATEDHITS,False,False,False,21060,0,42300589893.0,12,ASK,LONG,1.0
TLT,2026-07-15 15:36:27.085545+00:00,PUT,86.5,2026-07-29,19596,92,192,0,84.4,REPEATEDHITS,False,False,False,19596,0,42300589893.0,14,ASK,SHORT,1.0
TLT,2026-07-15 14:38:46.076348+00:00,PUT,84.0,2026-07-27,26532,804,804,547,84.285,REPEATEDHITS,False,False,False,26532,0,42300589893.0,12,ASK,SHORT,1.0
TLT,2026-07-15 13:57:38.160976+00:00,CALL,84.5,2026-07-27,96707,2249,2250,590,84.2578,REPEATEDHITS,False,False,False,40807,0,42300589893.0,12,ASK,LONG,1.0
TQQQ,2026-07-22 14:48:39.342847+00:00,CALL,77.0,2026-08-07,43769,253,253,232,70.72,REPEATEDHITS,False,False,False,43769,0,71.4741,16,ASK,LONG,1.0
TQQQ,2026-07-22 13:54:08.171579+00:00,CALL,69.5,2026-08-07,24440,47,47,31,70.745,REPEATEDHITS,False,False,False,24440,0,71.4741,16,ASK,LONG,1.0
TQQQ,2026-07-21 19:33:46.676981+00:00,PUT,71.5,2026-08-07,45964,100,112,32,71.35,REPEATEDHITSDESCENDINGFILL,False,False,False,45964,0,71.4741,17,ASK,SHORT,1.0
TQQQ,2026-07-21 17:31:00.139559+00:00,PUT,56.0,2026-08-21,25650,171,177,27,71.585,REPEATEDHITS,False,False,False,0,25650,71.4741,31,BID,LONG,0.5
TQQQ,2026-07-21 15:47:22.322496+00:00,PUT,71.0,2026-07-24,554000,2770,3792,2125,71.025,REPEATEDHITS,False,False,False,554000,0,71.4741,3,ASK,SHORT,1.0
TQQQ,2026-07-21 15:24:02.081686+00:00,CALL,71.5,2026-07-31,172501,500,546,159,71.22,REPEATEDHITS,False,False,False,0,172501,71.4741,10,BID,SHORT,0.5
TQQQ,2026-07-20 17:15:10.852270+00:00,CALL,78.0,2026-07-31,128679,2181,3102,845,68.575,REPEATEDHITS,False,False,False,128679,0,71.4741,11,ASK,LONG,1.0
TQQQ,2026-07-20 16:05:32.184350+00:00,CALL,73.0,2026-07-24,276760,3256,5622,2491,69.6501,REPEATEDHITS,False,False,False,0,276760,71.4741,4,BID,SHORT,0.5
TQQQ,2026-07-20 15:12:43.469860+00:00,CALL,78.0,2026-08-07,70180,580,808,207,68.86,REPEATEDHITS,False,False,False,70180,0,71.4741,18,ASK,LONG,1.0
TQQQ,2026-07-17 19:51:53.972287+00:00,PUT,58.0,2026-07-31,11610,86,8038,0,68.025,REPEATEDHITS,False,False,False,0,10260,71.4741,14,BID,LONG,0.5
TQQQ,2026-07-17 19:26:24.228355+00:00,PUT,57.0,2026-07-31,24249,177,356,0,67.18,REPEATEDHITS,False,False,False,0,21646,71.4741,14,BID,LONG,0.5
TQQQ,2026-07-17 18:34:21.583102+00:00,CALL,75.0,2027-03-19,12015,9,76,6,67.9599,REPEATEDHITS,False,False,False,12015,0,71.4741,245,ASK,LONG,1.0
TQQQ,2026-07-17 18:19:39.440543+00:00,CALL,68.5,2026-07-31,21600,54,83,4,67.9812,REPEATEDHITS,False,False,False,0,21600,71.4741,14,BID,SHORT,0.5
TQQQ,2026-07-17 18:18:24.534641+00:00,CALL,76.0,2026-07-31,161505,1455,2303,421,68.035,REPEATEDHITS,False,False,False,161505,0,71.4741,14,ASK,LONG,1.0
TQQQ,2026-07-17 15:44:32.230288+00:00,PUT,50.0,2027-03-19,11550,15,35,0,67.565,REPEATEDHITS,False,False,False,3080,0,71.4741,245,ASK,SHORT,1.0
TQQQ,2026-07-17 15:18:40.054521+00:00,CALL,67.0,2026-07-31,45500,100,248,25,67.1368,REPEATEDHITS,False,False,False,45500,0,71.4741,14,ASK,LONG,1.0
TQQQ,2026-07-17 15:11:16.836790+00:00,CALL,67.5,2026-07-24,12100,44,570,31,67.01,REPEATEDHITS,False,False,False,0,12100,71.4741,7,BID,SHORT,0.5
TQQQ,2026-07-17 14:14:37.986685+00:00,CALL,81.0,2026-07-31,37000,1000,4794,484,67.68,REPEATEDHITS,True,False,False,0,36963,71.4741,14,BID,SHORT,0.5
TQQQ,2026-07-17 14:07:02.981533+00:00,CALL,69.5,2026-07-31,10500,30,30,26,67.82,REPEATEDHITS,False,False,False,10500,0,71.4741,14,ASK,LONG,1.0
TQQQ,2026-07-17 14:06:25.103192+00:00,PUT,49.0,2026-08-14,212504,2104,2137,61,67.685,REPEATEDHITS,False,False,False,101,212403,71.4741,28,BID,LONG,0.5
TQQQ,2026-07-17 14:04:24.851276+00:00,CALL,67.0,2026-07-17,107199,966,2717,162,67.3405,REPEATEDHITSDESCENDINGFILL,False,False,False,550,106649,71.4741,0,BID,SHORT,0.5
TQQQ,2026-07-17 13:58:59.034266+00:00,PUT,68.0,2026-08-14,192820,311,328,226,66.805,REPEATEDHITS,False,False,False,0,192820,71.4741,28,BID,LONG,0.5
TQQQ,2026-07-17 13:33:45.466744+00:00,PUT,62.0,2026-07-31,13227,45,45,0,66.27,REPEATEDHITSDESCENDINGFILL,True,False,False,12935,292,71.4741,14,ASK,SHORT,1.0
TQQQ,2026-07-16 19:50:10.735884+00:00,CALL,70.0,2026-08-28,155940,226,790,5,69.785,REPEATEDHITS,False,False,False,155940,0,71.4741,43,ASK,LONG,1.0
TQQQ,2026-07-16 19:48:23.923945+00:00,CALL,90.0,2026-08-07,78364,3562,3885,1715,69.71,REPEATEDHITS,False,False,False,78342,22,71.4741,22,ASK,LONG,1.0
TQQQ,2026-07-16 19:26:16.860265+00:00,PUT,72.5,2026-08-28,21330,27,30,14,70.145,REPEATEDHITS,False,False,False,21330,0,71.4741,43,ASK,SHORT,1.0
TQQQ,2026-07-16 19:17:37.827882+00:00,PUT,62.0,2026-07-24,209271,2649,3143,1216,70.36,REPEATEDHITS,False,False,False,79,209192,71.4741,8,BID,LONG,0.5
TQQQ,2026-07-16 17:42:16.793377+00:00,CALL,72.0,2026-07-17,117586,1589,9319,1551,70.905,REPEATEDHITS,False,False,False,116698,0,71.4741,1,ASK,LONG,1.0
TQQQ,2026-07-16 14:28:14.914721+00:00,PUT,67.0,2026-07-24,499071,4537,4914,3293,72.67,REPEATEDHITS,False,False,False,0,498851,71.4741,8,BID,LONG,0.5
TQQQ,2026-07-16 13:44:49.277017+00:00,CALL,75.5,2026-07-24,35910,285,356,227,71.545,REPEATEDHITS,True,False,False,0,35910,71.4741,8,BID,SHORT,0.5
TQQQ,2026-07-16 13:41:56.770487+00:00,CALL,74.0,2026-07-17,213696,4032,4290,3339,71.935,REPEATEDHITS,False,False,False,213696,0,71.4741,1,ASK,LONG,1.0
TQQQ,2026-07-15 17:46:26.747274+00:00,PUT,73.0,2026-08-14,57725,111,133,73,73.91,REPEATEDHITS,False,False,False,0,57725,71.4741,30,BID,LONG,0.5
TQQQ,2026-07-15 15:07:43.870425+00:00,CALL,80.0,2026-08-14,584350,1885,1942,1272,73.8,REPEATEDHITS,False,False,False,584350,0,71.4741,30,ASK,LONG,1.0
TQQQ,2026-07-15 14:37:54.985807+00:00,PUT,58.0,2026-08-14,58950,393,439,375,73.78,REPEATEDHITS,False,False,False,0,58950,71.4741,30,BID,LONG,0.5
TQQQ,2026-07-13 17:37:55.412865+00:00,CALL,69.0,2026-07-24,61000,100,129,15,72.9277,REPEATEDHITS,False,False,False,0,61000,71.4741,11,BID,SHORT,0.5
TQQQ,2026-07-13 16:38:00.797770+00:00,CALL,80.0,2026-08-14,254400,848,941,398,72.725,REPEATEDHITS,False,False,False,254100,0,71.4741,32,ASK,LONG,1.0
TQQQ,2026-07-10 19:26:29.498583+00:00,PUT,72.5,2026-07-31,32450,110,125,45,77.0599,REPEATEDHITS,False,False,False,0,32450,71.4741,21,BID,LONG,0.5
TQQQ,2026-07-10 15:55:25.460718+00:00,PUT,76.5,2026-07-17,72610,274,381,235,76.1801,REPEATEDHITS,False,False,False,0,72610,71.4741,7,BID,LONG,0.5
TQQQ,2026-07-10 15:07:13.329753+00:00,PUT,62.0,2026-08-14,312704,1396,1412,136,75.3596,REPEATEDHITS,False,False,False,224,312480,71.4741,35,BID,LONG,0.5
TQQQ,2026-07-10 14:33:36.080307+00:00,PUT,78.0,2026-07-10,786403,2839,2928,1049,74.94,REPEATEDHITS,False,False,False,0,786403,71.4741,0,BID,LONG,0.5
TQQQ,2026-07-09 19:35:55.124611+00:00,CALL,73.0,2026-07-17,1069000,2138,2487,656,76.22,REPEATEDHITS,False,False,False,0,1069000,71.4741,8,BID,SHORT,0.5
TQQQ,2026-07-09 19:01:34.911063+00:00,CALL,79.0,2026-08-07,75353,162,170,134,76.09,REPEATEDHITS,True,False,False,465,74888,71.4741,29,BID,SHORT,0.5
TQQQ,2026-07-09 18:17:04.935128+00:00,PUT,76.5,2026-07-10,377985,3345,3910,302,76.5099,REPEATEDHITS,False,False,False,377985,0,71.4741,1,ASK,SHORT,1.0
TQQQ,2026-07-09 17:07:13.232953+00:00,CALL,85.0,2026-07-31,1051925,6011,6259,5598,76.275,REPEATEDHITS,False,False,False,0,1051925,71.4741,22,BID,SHORT,0.5
TQQQ,2026-07-09 16:39:39.688036+00:00,CALL,100.0,2026-08-21,293674,3978,4193,1637,75.8,REPEATEDHITSDESCENDINGFILL,True,False,False,293674,0,71.4741,43,ASK,LONG,1.0
TQQQ,2026-07-09 15:09:31.118025+00:00,CALL,86.0,2026-07-24,156000,2400,2475,437,75.6699,REPEATEDHITS,True,False,False,156000,0,71.4741,15,ASK,LONG,1.0
TQQQ,2026-07-09 15:06:49.102098+00:00,CALL,78.0,2026-07-17,478965,2589,3261,2063,75.5501,REPEATEDHITS,False,False,False,0,478965,71.4741,8,BID,SHORT,0.5
TQQQ,2026-07-09 14:27:58.355416+00:00,PUT,70.0,2026-07-31,1675014,5000,10331,2124,75.02,REPEATEDHITSDESCENDINGFILL,False,False,False,0,1675014,71.4741,22,BID,LONG,0.5
TQQQ,2026-07-09 14:16:01.266190+00:00,PUT,75.5,2026-07-24,97170,207,221,6,74.705,REPEATEDHITS,True,False,False,97170,0,71.4741,15,ASK,SHORT,1.0
TQQQ,2026-07-08 19:47:16.713314+00:00,CALL,72.0,2026-08-14,34000,50,147,8,72.28,REPEATEDHITS,False,False,False,0,34000,71.4741,37,BID,SHORT,0.5
TSLA,2026-07-21 19:24:03.661814+00:00,PUT,357.5,2026-08-07,217540,259,278,68,377.84,REPEATEDHITSDESCENDINGFILL,False,False,False,215860,0,1421909051697.0,17,ASK,SHORT,1.0
TSLA,2026-07-21 17:39:25.975762+00:00,PUT,315.0,2026-08-28,175000,500,518,186,380.265,REPEATEDHITS,False,False,False,175000,0,1421909051697.0,38,ASK,SHORT,1.0
TSLA,2026-07-21 17:20:28.257554+00:00,PUT,310.0,2026-08-28,146000,500,509,243,379.66,REPEATEDHITS,False,False,False,146000,0,1421909051697.0,38,ASK,SHORT,1.0
TSLA,2026-07-21 17:11:00.758367+00:00,CALL,382.5,2026-07-24,1997397,1858,14694,1644,379.82,REPEATEDHITSASCENDINGFILL,False,False,False,0,1997397,1421909051697.0,3,BID,SHORT,0.5
TSLA,2026-07-21 16:23:26.101632+00:00,PUT,330.0,2026-07-31,218300,1475,1785,817,381.245,REPEATEDHITS,False,False,False,0,218300,1421909051697.0,10,BID,LONG,0.5
TSLA,2026-07-21 15:20:10.718519+00:00,CALL,387.5,2026-08-07,217684,140,878,17,381.8,REPEATEDHITSDESCENDINGFILL,False,False,False,217684,0,1421909051697.0,17,ASK,LONG,1.0
TSLA,2026-07-21 14:49:36.193095+00:00,CALL,385.0,2026-07-31,2044832,1377,2149,772,383.75,REPEATEDHITS,False,False,False,2044832,0,1421909051697.0,10,ASK,LONG,1.0
TSLA,2026-07-21 14:33:02.634180+00:00,CALL,387.5,2026-08-07,932770,583,673,17,382.735,REPEATEDHITSDESCENDINGFILL,False,False,False,932770,0,1421909051697.0,17,ASK,LONG,1.0
TSLA,2026-07-21 14:23:32.030299+00:00,CALL,382.5,2026-07-27,1982477,1586,2293,655,381.5,REPEATEDHITSDESCENDINGFILL,False,False,False,1982477,0,1421909051697.0,6,ASK,LONG,1.0
TSLA,2026-07-21 14:05:16.758385+00:00,PUT,397.5,2026-08-21,427595,133,180,48,378.445,REPEATEDHITS,False,False,False,0,427595,1421909051697.0,31,BID,LONG,0.5
TSLA,2026-07-21 13:36:13.264971+00:00,PUT,392.5,2026-08-21,124029,41,41,9,375.775,REPEATEDHITS,True,False,False,0,121004,1421909051697.0,31,BID,LONG,0.5
TSLA,2026-07-21 13:32:30.976681+00:00,PUT,372.5,2026-08-21,254800,130,139,106,374.92,REPEATEDHITS,False,False,False,254800,0,1421909051697.0,31,ASK,SHORT,1.0
TSLA,2026-07-20 19:59:08.800109+00:00,CALL,372.5,2026-07-24,214230,193,6599,99,369.96,REPEATEDHITS,False,False,False,0,214230,1421909051697.0,4,BID,SHORT,0.5
TSLA,2026-07-20 19:59:07.784732+00:00,CALL,372.5,2026-08-07,325585,195,336,0,369.89,REPEATEDHITSASCENDINGFILL,False,False,False,0,325585,1421909051697.0,18,BID,SHORT,0.5
TSLA,2026-07-20 19:59:07.784732+00:00,CALL,377.5,2026-07-31,235950,195,577,77,369.88,REPEATEDHITS,False,False,False,0,235950,1421909051697.0,11,BID,SHORT,0.5
TSLA,2026-07-20 19:59:07.784732+00:00,CALL,372.5,2026-07-31,276900,195,1133,40,369.8901,REPEATEDHITS,False,False,False,0,276900,1421909051697.0,11,BID,SHORT,0.5
TSLA,2026-07-20 19:44:17.207396+00:00,PUT,372.5,2026-07-24,2037074,1573,8533,876,371.61,REPEATEDHITSASCENDINGFILL,False,False,False,0,2037074,1421909051697.0,4,BID,LONG,0.5
TSLA,2026-07-20 19:29:36.558884+00:00,CALL,332.5,2026-07-24,135520,34,52,25,370.61,REPEATEDHITSDESCENDINGFILL,True,False,False,75820,59700,1421909051697.0,4,ASK,LONG,1.0
TSLA,2026-07-20 19:17:13.205520+00:00,CALL,370.0,2026-07-27,312040,232,655,16,370.1091,REPEATEDHITS,False,False,False,32280,244790,1421909051697.0,7,BID,SHORT,0.5
TSLA,2026-07-20 19:16:56.984710+00:00,CALL,375.0,2026-08-14,299630,166,1750,68,370.1,REPEATEDHITS,False,False,False,299630,0,1421909051697.0,25,ASK,LONG,1.0
TSLA,2026-07-20 18:48:35.112610+00:00,CALL,375.0,2026-08-14,184000,100,1241,68,370.925,REPEATEDHITS,False,False,False,0,184000,1421909051697.0,25,BID,SHORT,0.5
TSLA,2026-07-20 18:47:28.051480+00:00,CALL,377.5,2026-08-21,114460,59,180,0,371.1,REPEATEDHITS,False,False,False,0,114460,1421909051697.0,32,BID,SHORT,0.5
TSLA,2026-07-20 17:52:05.778439+00:00,CALL,367.5,2026-07-20,209696,400,9398,163,372.74,REPEATEDHITSDESCENDINGFILL,True,False,False,0,124366,1421909051697.0,0,BID,SHORT,0.5
TSLA,2026-07-20 17:45:18.511630+00:00,CALL,357.5,2026-08-07,121495,47,69,0,371.255,REPEATEDHITS,False,False,False,121495,0,1421909051697.0,18,ASK,LONG,1.0
TSLA,2026-07-20 17:43:30.607470+00:00,CALL,367.5,2026-07-20,150309,400,7887,163,371.08,REPEATEDHITSDESCENDINGFILL,True,False,False,0,150309,1421909051697.0,0,BID,SHORT,0.5
TSLA,2026-07-20 16:55:19.111718+00:00,CALL,380.0,2026-08-03,131200,100,393,0,372.57,REPEATEDHITS,False,False,False,37240,0,1421909051697.0,14,ASK,LONG,1.0
TSLA,2026-07-20 16:41:39.918725+00:00,PUT,377.5,2026-07-27,141470,94,429,48,373.6,REPEATEDHITSASCENDINGFILL,True,False,False,70970,70500,1421909051697.0,7,ASK,SHORT,1.0
TSLA,2026-07-20 16:41:37.696538+00:00,CALL,375.0,2026-08-03,164850,104,663,0,373.54,REPEATEDHITSDESCENDINGFILL,True,False,False,93965,70885,1421909051697.0,14,ASK,LONG,1.0
TSLA,2026-07-20 16:12:10.058319+00:00,CALL,372.5,2026-07-31,262395,147,534,40,376.515,REPEATEDHITS,False,False,False,0,262395,1421909051697.0,11,BID,SHORT,0.5
TSLA,2026-07-20 15:47:48.821894+00:00,CALL,375.0,2026-08-14,192910,101,540,68,372.04,REPEATEDHITS,False,False,False,59210,38200,1421909051697.0,25,ASK,LONG,1.0
TSLA,2026-07-20 15:36:37.646715+00:00,CALL,367.5,2026-07-20,119925,195,2546,163,373.225,REPEATEDHITS,False,False,False,119925,0,1421909051697.0,0,ASK,LONG,1.0
TSLA,2026-07-20 15:21:34.127279+00:00,CALL,375.0,2026-08-03,392000,245,537,0,373.76,OTMEARNINGSFLOOR,False,True,True,0,392000,1421909051697.0,14,BID,SHORT,0.5
TSLA,2026-07-20 15:20:58.048642+00:00,CALL,375.0,2026-08-03,383431,241,292,0,373.505,OTMEARNINGSFLOOR,False,True,True,0,383431,1421909051697.0,14,BID,SHORT,0.5
TSLA,2026-07-20 14:53:48.305443+00:00,CALL,370.0,2026-07-20,394831,987,9265,740,373.09,REPEATEDHITSASCENDINGFILL,False,False,False,0,394831,1421909051697.0,0,BID,SHORT,0.5
TSLA,2026-07-20 14:22:49.981670+00:00,CALL,372.5,2026-07-20,526049,1594,4201,319,374.0501,REPEATEDHITSASCENDINGFILL,False,False,False,0,526049,1421909051697.0,0,BID,SHORT,0.5
TSLA,2026-07-17 18:53:48.096940+00:00,PUT,325.0,2026-07-27,122817,1216,1247,111,381.725,REPEATEDHITS,False,False,False,102,122715,1421909051697.0,10,BID,LONG,0.5
TSLA,2026-07-17 18:37:08.419757+00:00,PUT,427.5,2026-07-24,960000,200,205,66,381.2,REPEATEDHITS,True,False,False,960000,0,1421909051697.0,7,ASK,SHORT,1.0
TSLA,2026-07-17 18:24:33.266243+00:00,CALL,425.0,2026-10-16,2042955,999,1026,626,381.44,REPEATEDHITS,False,False,False,2036820,0,1421909051697.0,91,ASK,LONG,1.0
TSLA,2026-07-17 17:39:54.924990+00:00,CALL,382.5,2026-07-29,2704139,1659,1759,1,383.37,REPEATEDHITSDESCENDINGFILL,False,False,False,2702514,1625,1421909051697.0,12,ASK,LONG,1.0
TSLA,2026-07-17 17:24:40.512874+00:00,PUT,380.0,2026-10-16,13461285,4399,5163,1507,384.93,REPEATEDHITSDESCENDINGFILL,True,False,False,15335,13442885,1421909051697.0,91,BID,LONG,0.5
TSLA,2026-07-17 17:22:01.337506+00:00,CALL,375.0,2026-08-07,369360,152,226,79,384.285,REPEATEDHITS,True,False,False,0,369360,1421909051697.0,21,BID,SHORT,0.5
TSLA,2026-07-17 17:01:22.761738+00:00,CALL,385.0,2026-07-20,487033,1107,17914,367,384.735,REPEATEDHITSDESCENDINGFILL,False,False,False,487033,0,1421909051697.0,3,ASK,LONG,1.0
TSLA,2026-07-17 16:52:24.943307+00:00,PUT,382.5,2026-07-20,584828,1695,10445,811,384.83,REPEATEDHITSASCENDINGFILL,False,False,False,0,584828,1421909051697.0,3,BID,LONG,0.5
TSLA,2026-07-17 15:39:07.762420+00:00,CALL,377.5,2026-07-17,278838,672,10989,489,381.06,REPEATEDHITSDESCENDINGFILL,False,False,False,278423,0,1421909051697.0,0,ASK,LONG,1.0
TSLA,2026-07-17 13:53:53.825818+00:00,CALL,380.0,2026-07-20,721070,1323,3709,376,380.275,REPEATEDHITSASCENDINGFILL,False,False,False,1100,719970,1421909051697.0,3,BID,SHORT,0.5
TSLA,2026-07-16 19:32:02.661850+00:00,PUT,380.0,2026-07-29,459015,389,403,26,389.896,REPEATEDHITS,False,False,False,459015,0,1421909051697.0,13,ASK,SHORT,1.0
TSLA,2026-07-16 18:59:48.286898+00:00,CALL,407.5,2026-07-27,482285,530,547,5,390.54,REPEATEDHITSDESCENDINGFILL,False,False,False,481380,905,1421909051697.0,11,ASK,LONG,1.0
TSLA,2026-07-16 18:22:42.540955+00:00,PUT,275.0,2026-12-18,401564,550,621,491,390.291,REPEATEDHITS,True,False,False,0,401564,1421909051697.0,155,BID,LONG,0.5
TSLA,2026-07-16 16:21:04.487178+00:00,PUT,385.0,2026-07-20,518418,1115,9340,825,388.45,REPEATEDHITSDESCENDINGFILL,False,False,False,518418,0,1421909051697.0,4,ASK,SHORT,1.0
TSLA,2026-07-16 16:09:18.375783+00:00,CALL,375.0,2026-07-31,418908,159,288,151,389.94,REPEATEDHITSDESCENDINGFILL,False,False,False,416278,2630,1421909051697.0,15,ASK,LONG,1.0
TWLO,2026-07-22 14:44:31.368114+00:00,PUT,182.5,2026-07-24,77770,236,638,12,185.055,REPEATEDHITSDESCENDINGFILL,True,False,False,73480,4290,29781066809.0,2,ASK,SHORT,1.0
TWLO,2026-07-22 13:50:55.668935+00:00,PUT,170.0,2026-09-18,290390,220,221,38,185.6,REPEATEDHITS,True,False,False,289070,1320,29781066809.0,58,ASK,SHORT,1.0
TWLO,2026-07-21 19:37:33.873612+00:00,CALL,195.0,2026-07-31,20680,22,22,7,196.19,REPEATEDHITS,False,False,False,20680,0,29781066809.0,10,ASK,LONG,1.0
TWLO,2026-07-21 15:25:10.389302+00:00,CALL,190.0,2026-07-24,70290,71,71,5,196.48,REPEATEDHITS,False,False,False,70290,0,29781066809.0,3,ASK,LONG,1.0
TWLO,2026-07-20 18:56:04.819727+00:00,PUT,200.0,2026-08-14,394202,292,292,1,210.03,REPEATEDHITS,False,False,False,0,394202,29781066809.0,25,BID,LONG,0.5
TWLO,2026-07-20 17:29:16.842148+00:00,CALL,230.0,2026-07-31,13950,45,577,14,211.05,REPEATEDHITS,False,False,False,0,13950,29781066809.0,11,BID,SHORT,0.5
TWLO,2026-07-20 17:29:02.220492+00:00,CALL,230.0,2026-07-31,75521,236,449,14,211.14,REPEATEDHITS,False,False,False,0,75521,29781066809.0,11,BID,SHORT,0.5
TWLO,2026-07-20 17:28:51.206131+00:00,CALL,230.0,2026-07-31,11880,36,181,14,211.08,REPEATEDHITS,True,False,False,11880,0,29781066809.0,11,ASK,LONG,1.0
TWLO,2026-07-20 16:12:10.058319+00:00,CALL,210.0,2026-08-14,53560,26,26,1,212.42,REPEATEDHITS,False,False,False,0,53560,29781066809.0,25,BID,SHORT,0.5
TWLO,2026-07-17 16:07:31.511631+00:00,PUT,200.0,2026-07-24,20150,47,1126,3,206.195,REPEATEDHITSDESCENDINGFILL,False,False,False,15420,4730,29781066809.0,7,ASK,SHORT,1.0
TWLO,2026-07-17 14:13:41.275272+00:00,PUT,200.0,2026-07-24,38640,92,1015,3,206.74,REPEATEDHITS,False,False,False,38640,0,29781066809.0,7,ASK,SHORT,1.0
TWLO,2026-07-17 14:07:30.844063+00:00,CALL,207.5,2026-07-24,156860,253,253,1,206.51,REPEATEDHITS,True,False,False,0,156860,29781066809.0,7,BID,SHORT,0.5
TWLO,2026-07-16 19:16:43.936812+00:00,CALL,210.0,2026-08-07,243250,139,139,2,209.65,REPEATEDHITS,False,False,False,0,243250,29781066809.0,22,BID,SHORT,0.5
TWLO,2026-07-16 18:39:14.342012+00:00,CALL,220.0,2026-08-07,136320,96,98,9,211.8,REPEATEDHITS,False,False,False,0,136320,29781066809.0,22,BID,SHORT,0.5
TWLO,2026-07-16 15:48:25.971842+00:00,CALL,200.0,2026-08-07,329960,146,146,2,209.86,REPEATEDHITS,False,False,False,0,329960,29781066809.0,22,BID,SHORT,0.5
TWLO,2026-07-15 18:09:25.978644+00:00,CALL,217.5,2026-07-17,20832,85,123,66,213.23,REPEATEDHITS,False,False,False,0,20832,29781066809.0,2,BID,SHORT,0.5
TWLO,2026-07-13 17:42:21.556027+00:00,PUT,220.0,2026-08-07,47750,25,25,1,217.8638,REPEATEDHITS,False,False,False,45840,1910,29781066809.0,25,ASK,SHORT,1.0
TWLO,2026-07-13 17:42:21.556027+00:00,PUT,212.5,2026-08-07,20020,13,13,0,217.8638,REPEATEDHITS,False,False,False,20020,0,29781066809.0,25,ASK,SHORT,1.0
TWLO,2026-07-13 17:42:21.556027+00:00,PUT,215.0,2026-08-07,253859,156,162,121,217.8638,REPEATEDHITSDESCENDINGFILL,False,False,False,61049,192810,29781066809.0,25,BID,LONG,0.5
TWLO,2026-07-10 19:00:52.467377+00:00,PUT,200.0,2026-09-18,117530,73,73,28,215.74,REPEATEDHITS,False,False,False,117530,0,29781066809.0,70,ASK,SHORT,1.0
TWLO,2026-07-10 16:14:04.193213+00:00,PUT,220.0,2026-07-17,65700,90,144,55,218.35,REPEATEDHITS,False,False,False,0,65700,29781066809.0,7,BID,LONG,0.5
TWLO,2026-07-09 18:06:25.450751+00:00,PUT,140.0,2026-08-21,67512,587,602,17,217.535,REPEATEDHITSASCENDINGFILL,False,False,False,0,67512,29781066809.0,43,BID,LONG,0.5
TWLO,2026-07-09 15:56:46.999858+00:00,CALL,215.0,2026-08-07,138380,74,89,3,214.16,REPEATEDHITS,False,False,False,0,138380,29781066809.0,29,BID,SHORT,0.5
TWLO,2026-07-08 19:47:08.700207+00:00,CALL,222.5,2026-07-10,21330,158,743,21,214.54,REPEATEDHITS,False,False,False,0,21330,29781066809.0,2,BID,SHORT,0.5
TWLO,2026-07-08 18:29:56.940746+00:00,CALL,222.5,2026-07-10,21160,184,510,21,213.06,REPEATEDHITS,False,False,False,0,21160,29781066809.0,2,BID,SHORT,0.5
TWLO,2026-07-08 17:34:15.390199+00:00,PUT,207.5,2026-07-17,78849,146,147,5,213.52,REPEATEDHITS,False,False,False,0,78849,29781066809.0,9,BID,LONG,0.5
TWLO,2026-07-08 15:27:59.091357+00:00,PUT,217.5,2026-07-17,18360,16,16,0,212.12,REPEATEDHITSDESCENDINGFILL,True,False,False,17230,1130,29781066809.0,9,ASK,SHORT,1.0
TWLO,2026-07-08 15:27:59.091357+00:00,PUT,217.5,2026-07-17,10260,9,25,0,212.12,REPEATEDHITS,True,False,False,9120,1140,29781066809.0,9,ASK,SHORT,1.0
TWLO,2026-07-07 19:57:23.753692+00:00,CALL,185.0,2026-07-10,34190,13,13,7,211.24,REPEATEDHITS,False,False,False,0,34190,29781066809.0,3,BID,SHORT,0.5
TWLO,2026-07-07 17:09:22.926027+00:00,PUT,215.0,2026-07-17,10500,14,26,0,217.56,REPEATEDHITS,False,False,False,2250,8250,29781066809.0,10,BID,LONG,0.5
TWLO,2026-07-07 17:07:26.197160+00:00,PUT,215.0,2026-08-07,218960,119,121,0,216.93,REPEATEDHITS,False,False,False,0,218960,29781066809.0,31,BID,LONG,0.5
TWLO,2026-07-07 16:15:21.369117+00:00,PUT,222.5,2026-07-10,229347,244,244,1,216.13,REPEATEDHITSDESCENDINGFILL,False,False,False,229347,0,29781066809.0,3,ASK,SHORT,1.0
TWLO,2026-07-07 15:45:17.410689+00:00,CALL,250.0,2026-09-18,588950,398,401,101,215.105,REPEATEDHITS,False,False,False,575720,13230,29781066809.0,73,ASK,LONG,1.0
TWLO,2026-07-06 18:54:00.432192+00:00,PUT,205.0,2026-07-17,94080,147,147,110,209.515,REPEATEDHITS,False,False,False,0,94080,29781066809.0,11,BID,LONG,0.5
TWLO,2026-07-06 18:18:23.857698+00:00,PUT,230.0,2026-08-21,136800,40,40,29,208.725,REPEATEDHITS,False,False,False,136800,0,29781066809.0,46,ASK,SHORT,1.0
TWLO,2026-07-02 19:23:26.695597+00:00,CALL,207.5,2026-07-17,36720,34,34,23,209.77,REPEATEDHITS,True,False,False,0,36720,29781066809.0,15,BID,SHORT,0.5
TWLO,2026-07-02 18:59:02.058299+00:00,PUT,210.0,2026-07-10,33150,51,213,2,210.11,REPEATEDHITS,False,False,False,11700,21450,29781066809.0,8,BID,LONG,0.5
TWLO,2026-07-02 18:58:30.431363+00:00,PUT,210.0,2026-07-10,18090,27,162,2,210.11,REPEATEDHITS,False,False,False,17420,0,29781066809.0,8,ASK,SHORT,1.0
TWLO,2026-07-02 18:22:53.455135+00:00,PUT,210.0,2026-07-10,99158,134,134,2,208.98,REPEATEDHITS,False,False,False,99158,0,29781066809.0,8,ASK,SHORT,1.0
TWLO,2026-07-02 15:18:40.861087+00:00,CALL,207.5,2026-07-02,11046,76,81,53,206.72,REPEATEDHITSASCENDINGFILL,False,False,False,4325,6721,29781066809.0,0,BID,SHORT,0.5
TWLO,2026-07-02 15:18:40.861087+00:00,CALL,210.0,2026-07-02,15650,238,239,95,206.72,REPEATEDHITSASCENDINGFILL,False,False,False,6885,8765,29781066809.0,0,BID,SHORT,0.5
TWLO,2026-07-02 14:53:39.682184+00:00,PUT,200.0,2026-07-17,209960,362,363,228,208.72,REPEATEDHITS,False,False,False,209960,0,29781066809.0,15,ASK,SHORT,1.0
TWLO,2026-07-02 14:29:26.863990+00:00,PUT,205.0,2026-07-17,82500,110,110,7,209.69,REPEATEDHITS,False,False,False,82500,0,29781066809.0,15,ASK,SHORT,1.0
TWLO,2026-06-30 16:20:48.697930+00:00,PUT,135.0,2026-10-16,129560,316,316,7,201.32,REPEATEDHITS,False,False,False,0,129560,29781066809.0,108,BID,LONG,0.5
TWLO,2026-06-30 14:02:01.942724+00:00,CALL,205.0,2026-07-02,65000,250,316,51,200.715,REPEATEDHITS,False,False,False,64740,260,29781066809.0,2,ASK,LONG,1.0
TWLO,2026-06-25 15:16:46.845404+00:00,CALL,207.5,2026-07-10,50605,220,220,2,186.91,REPEATEDHITS,False,False,False,0,50605,29781066809.0,15,BID,SHORT,0.5
TWLO,2026-06-24 18:40:56.438034+00:00,CALL,290.0,2026-10-16,108780,222,226,41,187.89,REPEATEDHITS,False,False,False,0,108780,29781066809.0,114,BID,SHORT,0.5
TWLO,2026-06-24 14:57:00.921271+00:00,CALL,200.0,2026-08-21,417115,237,242,61,191.0,REPEATEDHITSDESCENDINGFILL,False,False,False,417115,0,29781066809.0,58,ASK,LONG,1.0
TWLO,2026-06-23 19:13:15.348566+00:00,CALL,212.5,2026-07-24,97200,270,271,0,185.715,REPEATEDHITS,False,False,False,0,97200,29781066809.0,31,BID,SHORT,0.5
TWLO,2026-06-23 15:18:58.482701+00:00,CALL,250.0,2026-08-21,102910,251,251,218,183.06,REPEATEDHITS,False,False,False,0,102910,29781066809.0,59,BID,SHORT,0.5
TXN,2026-07-22 15:33:07.568411+00:00,PUT,265.0,2026-07-24,65785,223,266,184,295.135,REPEATEDHITS,False,False,False,0,65785,265110030018.0,2,BID,LONG,0.5
TXN,2026-07-22 14:59:43.425878+00:00,CALL,290.0,2026-08-14,52740,26,58,2,289.93,REPEATEDHITSDESCENDINGFILL,True,False,False,28440,24300,265110030018.0,23,ASK,LONG,1.0
TXN,2026-07-22 14:51:02.139845+00:00,PUT,277.5,2026-07-24,133390,171,173,154,289.825,REPEATEDHITSASCENDINGFILL,False,False,False,0,133390,265110030018.0,2,BID,LONG,0.5
TXN,2026-07-21 19:29:09.814718+00:00,CALL,272.5,2026-07-24,87210,34,34,29,292.285,REPEATEDHITS,False,False,False,0,87210,265110030018.0,3,BID,SHORT,0.5
TXN,2026-07-21 18:36:19.649326+00:00,CALL,282.5,2026-08-21,83795,29,29,0,294.21,REPEATEDHITS,False,False,False,80920,2875,265110030018.0,31,ASK,LONG,1.0
TXN,2026-07-21 18:31:53.492077+00:00,CALL,340.0,2026-08-21,820000,1000,2083,451,293.72,OTMEARNINGSFLOOR,False,True,False,820000,0,265110030018.0,31,ASK,LONG,1.0
TXN,2026-07-21 18:31:49.683155+00:00,CALL,315.0,2026-08-21,313190,216,240,102,293.69,REPEATEDHITS,True,False,False,311750,1440,265110030018.0,31,ASK,LONG,1.0
TXN,2026-07-21 18:01:18.868424+00:00,CALL,295.0,2026-07-31,251759,154,307,32,294.12,REPEATEDHITSDESCENDINGFILL,False,False,False,245239,6520,265110030018.0,10,ASK,LONG,1.0
TXN,2026-07-21 17:50:29.720968+00:00,CALL,355.0,2026-08-21,163415,303,742,39,294.44,REPEATEDHITSDESCENDINGFILL,False,False,False,39905,114415,265110030018.0,31,BID,SHORT,0.5
TXN,2026-07-21 17:50:29.720968+00:00,CALL,355.0,2026-08-21,104748,194,936,39,294.44,REPEATEDHITSASCENDINGFILL,False,False,False,104748,0,265110030018.0,31,ASK,LONG,1.0
TXN,2026-07-21 17:50:24.511151+00:00,CALL,355.0,2026-08-21,100433,190,191,39,294.41,REPEATEDHITSDESCENDINGFILL,False,False,False,86263,14170,265110030018.0,31,ASK,LONG,1.0
TXN,2026-07-21 17:37:37.441917+00:00,CALL,295.0,2026-07-31,108800,68,153,32,294.29,REPEATEDHITS,False,False,False,105600,3200,265110030018.0,10,ASK,LONG,1.0
TXN,2026-07-21 15:49:05.666500+00:00,PUT,300.0,2026-08-28,138250,50,50,0,294.08,REPEATEDHITS,True,False,False,138250,0,265110030018.0,38,ASK,SHORT,1.0
TXN,2026-07-21 15:30:11.220966+00:00,CALL,295.0,2026-08-28,164560,68,72,14,294.71,REPEATEDHITS,False,False,False,164560,0,265110030018.0,38,ASK,LONG,1.0
TXN,2026-07-21 14:40:16.409337+00:00,PUT,297.5,2026-08-21,415594,163,194,2,292.41,REPEATEDHITSDESCENDINGFILL,True,False,False,390144,25450,265110030018.0,31,ASK,SHORT,1.0
TXN,2026-07-20 15:50:39.528401+00:00,CALL,260.0,2026-08-21,939236,239,570,152,288.45,REPEATEDHITSDESCENDINGFILL,False,False,False,939236,0,265110030018.0,32,ASK,LONG,1.0
TXN,2026-07-20 15:19:43.702349+00:00,CALL,287.5,2026-07-31,219520,128,135,1,287.785,REPEATEDHITS,False,False,False,219520,0,265110030018.0,11,ASK,LONG,1.0
TXN,2026-07-20 13:57:37.053910+00:00,CALL,265.0,2026-08-21,80425,22,22,4,289.74,REPEATEDHITS,True,False,False,29215,51210,265110030018.0,32,BID,SHORT,0.5
TXN,2026-07-17 15:20:07.002773+00:00,CALL,450.0,2026-10-16,234354,834,844,91,283.2175,REPEATEDHITS,False,False,False,0,234354,265110030018.0,91,BID,SHORT,0.5
TXN,2026-07-16 14:41:10.252115+00:00,CALL,325.0,2026-07-24,109595,264,268,114,290.24,REPEATEDHITSASCENDINGFILL,False,False,False,445,109150,265110030018.0,8,BID,SHORT,0.5
TXN,2026-07-16 14:08:18.527001+00:00,PUT,300.0,2026-07-31,81725,36,37,25,292.22,REPEATEDHITS,False,False,False,2275,79450,265110030018.0,15,BID,LONG,0.5
TXN,2026-07-15 17:47:42.050125+00:00,PUT,340.0,2026-11-20,211200,32,68,18,300.51,REPEATEDHITS,False,False,False,0,211200,265110030018.0,128,BID,LONG,0.5
TXN,2026-07-15 17:20:14.527985+00:00,PUT,340.0,2026-11-20,239940,36,36,18,299.42,REPEATEDHITS,False,False,False,0,239940,265110030018.0,128,BID,LONG,0.5
TXN,2026-07-15 16:45:39.652344+00:00,CALL,400.0,2026-08-21,92340,342,344,275,297.18,REPEATEDHITS,False,False,False,28350,59400,265110030018.0,37,BID,SHORT,0.5
TXN,2026-07-14 15:45:16.337998+00:00,CALL,350.0,2026-07-31,135660,204,210,66,308.08,REPEATEDHITS,False,False,False,135660,0,265110030018.0,17,ASK,LONG,1.0
TXN,2026-07-13 14:48:55.944230+00:00,PUT,320.0,2026-08-14,86631,25,25,1,302.27,REPEATEDHITS,False,False,False,83160,3471,265110030018.0,32,ASK,SHORT,1.0
TXN,2026-07-09 16:29:28.247142+00:00,CALL,295.0,2026-07-31,51710,16,16,9,312.31,REPEATEDHITSASCENDINGFILL,True,False,False,6490,45220,265110030018.0,22,BID,SHORT,0.5
TXN,2026-07-09 16:20:59.690080+00:00,CALL,302.5,2026-07-10,72895,61,70,35,312.82,REPEATEDHITS,True,False,False,0,72895,265110030018.0,1,BID,SHORT,0.5
TXN,2026-07-09 15:51:51.060851+00:00,PUT,315.0,2026-07-10,58305,98,99,34,312.625,REPEATEDHITS,True,False,False,1775,55930,265110030018.0,1,BID,LONG,0.5
TXN,2026-07-09 14:26:07.388121+00:00,PUT,310.0,2026-08-14,133250,50,50,2,308.8,REPEATEDHITS,False,False,False,0,0,265110030018.0,36,MIXED,,0.0
TXN,2026-07-08 19:31:17.423642+00:00,PUT,275.0,2026-07-24,88000,100,200,69,301.66,REPEATEDHITS,False,False,False,88000,0,265110030018.0,16,ASK,SHORT,1.0
TXN,2026-07-08 16:48:51.367166+00:00,CALL,312.5,2026-07-10,68730,183,184,113,305.71,REPEATEDHITSDESCENDINGFILL,False,False,False,25795,42935,265110030018.0,2,BID,SHORT,0.5
TXN,2026-07-08 15:54:44.281091+00:00,PUT,275.0,2026-07-24,90000,100,100,69,300.04,REPEATEDHITS,True,False,False,66600,0,265110030018.0,16,ASK,SHORT,1.0
TXN,2026-07-08 15:52:17.881599+00:00,CALL,350.0,2026-07-24,109000,218,752,56,300.185,REPEATEDHITS,True,False,False,109000,0,265110030018.0,16,ASK,LONG,1.0
TXN,2026-07-07 19:04:04.793851+00:00,CALL,290.0,2026-07-31,283040,122,126,7,292.35,REPEATEDHITS,False,False,False,283040,0,265110030018.0,24,ASK,LONG,1.0
TXN,2026-07-07 15:33:13.498390+00:00,CALL,285.0,2026-07-31,162400,70,70,10,288.37,REPEATEDHITS,False,False,False,162400,0,265110030018.0,24,ASK,LONG,1.0
TXN,2026-07-07 14:45:52.856839+00:00,CALL,495.0,2028-01-21,233420,78,95,67,285.765,REPEATEDHITSDESCENDINGFILL,False,False,False,77550,155870,265110030018.0,563,BID,SHORT,0.5
TXN,2026-07-07 14:43:27.444709+00:00,CALL,475.0,2028-01-21,75210,23,23,6,286.115,REPEATEDHITS,True,False,False,75210,0,265110030018.0,563,ASK,LONG,1.0
TXN,2026-07-06 18:16:38.133068+00:00,PUT,305.0,2026-07-31,419365,180,185,4,304.73,REPEATEDHITSDESCENDINGFILL,False,False,False,419365,0,265110030018.0,25,ASK,SHORT,1.0
TXN,2026-07-06 16:37:34.687100+00:00,PUT,305.0,2026-07-24,143010,67,68,47,303.63,REPEATEDHITSDESCENDINGFILL,True,False,False,128100,2130,265110030018.0,18,ASK,SHORT,1.0
TXN,2026-07-06 15:04:19.598904+00:00,PUT,300.0,2026-07-17,801638,719,721,655,304.8,REPEATEDHITSDESCENDINGFILL,False,False,False,800528,1110,265110030018.0,11,ASK,SHORT,1.0
TXN,2026-07-06 14:34:34.941614+00:00,PUT,305.0,2026-08-07,111880,46,54,0,305.635,REPEATEDHITS,True,False,False,99730,12150,265110030018.0,32,ASK,SHORT,1.0
TXN,2026-07-06 14:19:29.750451+00:00,PUT,297.5,2026-07-17,123865,136,136,78,305.25,REPEATEDHITSASCENDINGFILL,False,False,False,1850,108290,265110030018.0,11,BID,LONG,0.5
TXN,2026-07-02 19:28:36.857249+00:00,CALL,285.0,2026-07-10,67255,54,56,10,290.08,REPEATEDHITS,False,False,False,6250,61005,265110030018.0,8,BID,SHORT,0.5
TXN,2026-07-02 17:52:41.265978+00:00,PUT,265.0,2026-08-07,58030,44,124,12,289.2,REPEATEDHITSDESCENDINGFILL,False,False,False,56750,1280,265110030018.0,36,ASK,SHORT,1.0
TXN,2026-07-02 16:36:14.199417+00:00,PUT,265.0,2026-07-17,81768,221,224,60,292.45,REPEATEDHITS,False,False,False,81768,0,265110030018.0,15,ASK,SHORT,1.0
TXN,2026-06-30 15:58:36.078242+00:00,CALL,300.0,2026-07-02,92475,261,429,76,294.64,REPEATEDHITSDESCENDINGFILL,False,False,False,79875,12600,265110030018.0,2,ASK,LONG,1.0
TXN,2026-06-29 19:25:01.027359+00:00,CALL,300.0,2026-07-24,193002,135,179,130,286.21,REPEATEDHITSDESCENDINGFILL,False,False,False,190142,0,265110030018.0,25,ASK,LONG,1.0
TXN,2026-06-29 19:17:25.399747+00:00,PUT,300.0,2026-07-02,92375,60,65,47,286.49,REPEATEDHITS,True,False,False,92375,0,265110030018.0,3,ASK,SHORT,1.0
TXN,2026-06-29 18:07:09.842477+00:00,CALL,285.0,2026-07-17,58830,37,38,9,288.74,REPEATEDHITS,True,False,False,0,58830,265110030018.0,18,BID,SHORT,0.5
VRT,2026-07-22 15:00:21.911303+00:00,CALL,317.5,2026-07-31,163750,125,126,6,299.5,REPEATEDHITS,False,False,False,163750,0,116961134472.0,9,ASK,LONG,1.0
VRT,2026-07-22 14:05:26.706011+00:00,CALL,282.5,2026-08-07,146665,43,43,1,301.0,REPEATEDHITSASCENDINGFILL,True,False,False,64855,81810,116961134472.0,16,BID,SHORT,0.5
VRT,2026-07-21 19:10:53.714898+00:00,PUT,230.0,2026-08-07,52824,186,189,63,302.94,REPEATEDHITS,False,False,False,52824,0,116961134472.0,17,ASK,SHORT,1.0
VRT,2026-07-21 19:10:25.483987+00:00,CALL,265.0,2026-08-28,75465,14,19,6,303.1025,REPEATEDHITS,True,False,False,0,75465,116961134472.0,38,BID,SHORT,0.5
VRT,2026-07-21 18:50:42.701193+00:00,PUT,315.0,2026-08-21,65265,19,369,5,304.1,REPEATEDHITS,False,False,False,13740,51525,116961134472.0,31,BID,LONG,0.5
VRT,2026-07-21 18:49:33.811735+00:00,PUT,315.0,2026-08-21,79120,23,298,5,304.03,REPEATEDHITS,False,False,False,79120,0,116961134472.0,31,ASK,SHORT,1.0
VRT,2026-07-21 18:49:19.596829+00:00,PUT,315.0,2026-08-21,85782,25,275,5,304.3134,REPEATEDHITSDESCENDINGFILL,False,False,False,0,85782,116961134472.0,31,BID,LONG,0.5
VRT,2026-07-21 18:45:56.357273+00:00,PUT,315.0,2026-08-21,174205,51,179,5,304.49,REPEATEDHITSASCENDINGFILL,False,False,False,3450,170755,116961134472.0,31,BID,LONG,0.5
VRT,2026-07-21 18:45:37.724679+00:00,PUT,315.0,2026-08-21,171000,50,128,5,304.52,REPEATEDHITS,False,False,False,0,171000,116961134472.0,31,BID,LONG,0.5
VRT,2026-07-21 18:43:56.166734+00:00,PUT,315.0,2026-08-21,171500,50,53,5,304.415,REPEATEDHITS,False,False,False,0,171500,116961134472.0,31,BID,LONG,0.5
VRT,2026-07-21 17:11:33.399252+00:00,CALL,282.5,2026-08-21,63320,15,25,0,305.58,REPEATEDHITSASCENDINGFILL,True,False,False,0,63320,116961134472.0,31,BID,SHORT,0.5
VRT,2026-07-21 16:44:13.664487+00:00,PUT,255.0,2026-07-31,153936,311,325,260,304.1425,REPEATEDHITSDESCENDINGFILL,False,False,False,153936,0,116961134472.0,10,ASK,SHORT,1.0
VRT,2026-07-21 16:06:34.327940+00:00,PUT,270.0,2026-07-31,608788,738,743,542,304.99,REPEATEDHITSDESCENDINGFILL,False,False,False,607998,790,116961134472.0,10,ASK,SHORT,1.0
VRT,2026-07-21 16:06:14.095670+00:00,PUT,285.0,2026-08-28,60760,28,28,8,304.89,REPEATEDHITS,False,False,False,0,60760,116961134472.0,38,BID,LONG,0.5
VRT,2026-07-21 15:33:27.131155+00:00,PUT,250.0,2026-07-31,148977,359,406,249,301.725,REPEATEDHITSDESCENDINGFILL,False,False,False,148977,0,116961134472.0,10,ASK,SHORT,1.0
VRT,2026-07-21 14:53:06.102983+00:00,PUT,262.5,2026-07-24,64584,468,474,155,300.605,REPEATEDHITS,False,False,False,64584,0,116961134472.0,3,ASK,SHORT,1.0
VRT,2026-07-20 19:45:14.093748+00:00,PUT,245.0,2026-07-31,339385,659,1450,98,292.51,REPEATEDHITS,False,False,False,339385,0,116961134472.0,11,ASK,SHORT,1.0
VRT,2026-07-20 17:47:32.867521+00:00,PUT,245.0,2026-07-31,374866,781,790,98,294.3,REPEATEDHITSDESCENDINGFILL,False,False,False,374866,0,116961134472.0,11,ASK,SHORT,1.0
VRT,2026-07-20 17:32:51.096417+00:00,PUT,267.5,2026-07-24,255733,825,833,64,293.64,REPEATEDHITSDESCENDINGFILL,False,False,False,255733,0,116961134472.0,4,ASK,SHORT,1.0
VRT,2026-07-20 16:55:16.506276+00:00,PUT,260.0,2026-08-07,113975,117,1014,51,293.92,REPEATEDHITSASCENDINGFILL,True,False,False,58185,55790,116961134472.0,18,ASK,SHORT,1.0
VRT,2026-07-20 14:32:10.514942+00:00,PUT,280.0,2026-08-28,800002,364,368,9,297.4,REPEATEDHITS,False,False,False,403562,396440,116961134472.0,39,ASK,SHORT,1.0
VRT,2026-07-20 14:31:40.673230+00:00,PUT,260.0,2026-08-07,838056,873,879,51,296.905,REPEATEDHITSDESCENDINGFILL,False,False,False,835191,2865,116961134472.0,18,ASK,SHORT,1.0
VRT,2026-07-17 17:39:10.859119+00:00,CALL,430.0,2027-06-17,404850,90,90,32,295.345,REPEATEDHITSASCENDINGFILL,False,False,False,202575,202275,116961134472.0,335,ASK,LONG,1.0
VRT,2026-07-17 16:40:59.188412+00:00,PUT,290.0,2026-11-20,755250,159,161,141,293.46,REPEATEDHITS,False,False,False,755250,0,116961134472.0,126,ASK,SHORT,1.0
VRT,2026-07-17 14:02:24.371058+00:00,PUT,275.0,2026-08-14,150630,74,75,27,285.585,REPEATEDHITS,True,False,False,16320,134310,116961134472.0,28,BID,LONG,0.5
VRT,2026-07-17 13:51:09.173907+00:00,PUT,230.0,2026-07-24,101592,747,749,284,279.07,REPEATEDHITS,False,False,False,101592,0,116961134472.0,7,ASK,SHORT,1.0
VRT,2026-07-17 13:38:55.782276+00:00,PUT,255.0,2026-08-28,3795023,1975,1975,5,273.9102,REPEATEDHITSDESCENDINGFILL,False,False,False,3795023,0,116961134472.0,42,ASK,SHORT,1.0
VRT,2026-07-16 19:06:10.025969+00:00,PUT,240.0,2026-09-18,5151500,3730,4285,2569,289.68,REPEATEDHITSDESCENDINGFILL,False,False,False,1418,5150082,116961134472.0,64,BID,LONG,0.5
VRT,2026-07-16 16:44:55.038414+00:00,PUT,230.0,2026-10-16,300480,192,228,160,291.0,REPEATEDHITS,False,False,False,300480,0,116961134472.0,92,ASK,SHORT,1.0
VRT,2026-07-16 16:34:17.903225+00:00,CALL,265.0,2026-07-24,443110,146,147,14,290.13,REPEATEDHITS,False,False,False,367235,75875,116961134472.0,8,ASK,LONG,1.0
VRT,2026-07-16 15:46:34.623436+00:00,PUT,230.0,2026-07-31,50318,181,209,75,292.65,REPEATEDHITS,True,False,False,50318,0,116961134472.0,15,ASK,SHORT,1.0
VRT,2026-07-15 19:42:53.728963+00:00,PUT,302.5,2026-07-24,60435,42,51,38,304.7835,REPEATEDHITSASCENDINGFILL,True,False,False,30300,30135,116961134472.0,9,ASK,SHORT,1.0
VRT,2026-07-15 19:32:17.696277+00:00,CALL,310.0,2026-10-16,986584,219,238,122,304.405,REPEATEDHITSDESCENDINGFILL,False,False,False,986584,0,116961134472.0,93,ASK,LONG,1.0
VRT,2026-07-15 17:08:13.553543+00:00,CALL,320.0,2026-10-16,668852,183,187,90,296.409,REPEATEDHITSDESCENDINGFILL,False,False,False,665202,3650,116961134472.0,93,ASK,LONG,1.0
VRT,2026-07-15 16:52:25.575695+00:00,CALL,305.0,2026-07-31,375711,202,237,134,294.47,REPEATEDHITSDESCENDINGFILL,False,False,False,375711,0,116961134472.0,16,ASK,LONG,1.0
VRT,2026-07-15 16:20:38.831780+00:00,PUT,220.0,2026-07-31,177154,777,786,148,291.33,REPEATEDHITS,False,False,False,177154,0,116961134472.0,16,ASK,SHORT,1.0
VRT,2026-07-15 16:08:31.205275+00:00,PUT,290.0,2026-08-28,54145,18,19,5,292.98,REPEATEDHITSDESCENDINGFILL,True,False,False,9025,45120,116961134472.0,44,BID,LONG,0.5
VRT,2026-07-15 15:46:46.777864+00:00,CALL,297.5,2026-07-24,231636,147,153,2,297.32,REPEATEDHITSASCENDINGFILL,False,False,False,231636,0,116961134472.0,9,ASK,LONG,1.0
VRT,2026-07-15 15:43:19.110136+00:00,PUT,260.0,2026-07-24,340480,862,2747,214,297.27,REPEATEDHITSDESCENDINGFILL,False,False,False,340090,390,116961134472.0,9,ASK,SHORT,1.0
VRT,2026-07-15 15:34:01.278060+00:00,PUT,260.0,2026-07-24,440282,1190,1883,214,298.04,REPEATEDHITS,True,False,False,425112,15170,116961134472.0,9,ASK,SHORT,1.0
VRT,2026-07-15 15:13:24.825993+00:00,CALL,300.0,2026-07-24,1364612,889,894,302,298.19,REPEATEDHITSDESCENDINGFILL,False,False,False,1364612,0,116961134472.0,9,ASK,LONG,1.0
VRT,2026-07-15 14:46:56.456999+00:00,PUT,302.5,2026-07-17,201545,180,181,50,297.1,REPEATEDHITSDESCENDINGFILL,True,False,False,100360,101185,116961134472.0,2,BID,LONG,0.5
VRT,2026-07-15 14:46:56.456999+00:00,PUT,290.0,2026-07-24,1798082,1480,3052,157,297.07,REPEATEDHITSDESCENDINGFILL,False,False,False,1792082,6000,116961134472.0,9,ASK,SHORT,1.0
VRT,2026-07-15 14:31:02.531107+00:00,PUT,260.0,2026-07-24,215160,652,666,214,299.805,REPEATEDHITS,False,False,False,215160,0,116961134472.0,9,ASK,SHORT,1.0
VRT,2026-07-15 14:15:01.915706+00:00,CALL,302.5,2026-07-24,465986,317,318,16,300.14,REPEATEDHITS,False,False,False,465986,0,116961134472.0,9,ASK,LONG,1.0
VRT,2026-07-15 14:10:24.717717+00:00,PUT,287.5,2026-07-24,50480,56,118,18,301.22,REPEATEDHITS,True,False,False,27095,23385,116961134472.0,9,ASK,SHORT,1.0
VRT,2026-07-15 13:42:24.959486+00:00,PUT,290.0,2026-07-24,1225213,1433,1437,157,307.53,REPEATEDHITS,False,False,False,1225213,0,116961134472.0,9,ASK,SHORT,1.0
VRT,2026-07-14 15:01:22.321491+00:00,PUT,275.0,2026-07-24,324788,596,608,162,305.86,REPEATEDHITSDESCENDINGFILL,False,False,False,324248,540,116961134472.0,10,ASK,SHORT,1.0
VRT,2026-07-13 19:57:18.027486+00:00,PUT,320.0,2026-08-14,67206,18,39,13,305.1201,REPEATEDHITSASCENDINGFILL,False,False,False,22410,44796,116961134472.0,32,BID,LONG,0.5
VRT,2026-07-13 18:47:47.533480+00:00,CALL,295.0,2026-07-24,1332693,591,809,41,304.875,REPEATEDHITSDESCENDINGFILL,False,False,False,1332693,0,116961134472.0,11,ASK,LONG,1.0
WDAY,2026-07-22 14:50:19.686647+00:00,CALL,141.0,2026-08-21,122180,149,246,2,133.92,REPEATEDHITS,True,False,False,113980,0,28375170000.0,30,ASK,LONG,1.0
WDAY,2026-07-22 14:50:05.461371+00:00,CALL,141.0,2026-08-21,13770,17,56,2,133.95,REPEATEDHITS,False,False,False,5670,0,28375170000.0,30,ASK,LONG,1.0
WDAY,2026-07-22 14:49:58.648077+00:00,CALL,141.0,2026-08-21,16200,20,39,2,133.91,REPEATEDHITS,True,False,False,2430,5670,28375170000.0,30,BID,SHORT,0.5
WDAY,2026-07-21 18:01:18.868424+00:00,PUT,124.0,2026-07-31,22119,210,250,23,141.09,REPEATEDHITSASCENDINGFILL,True,False,False,0,22119,28375170000.0,10,BID,LONG,0.5
WDAY,2026-07-21 17:41:33.910105+00:00,CALL,147.0,2026-07-24,44075,205,510,72,140.79,REPEATEDHITS,True,False,False,42355,1720,28375170000.0,3,ASK,LONG,1.0
WDAY,2026-07-21 17:17:34.261960+00:00,CALL,145.0,2026-07-24,59664,221,231,79,140.41,REPEATEDHITSDESCENDINGFILL,False,False,False,59664,0,28375170000.0,3,ASK,LONG,1.0
WDAY,2026-07-21 16:57:07.946174+00:00,CALL,147.0,2026-07-24,55648,242,303,72,141.075,REPEATEDHITSDESCENDINGFILL,False,False,False,55648,0,28375170000.0,3,ASK,LONG,1.0
WDAY,2026-07-21 14:53:21.140177+00:00,CALL,140.0,2026-07-31,113920,128,128,15,143.92,REPEATEDHITS,False,False,False,0,113920,28375170000.0,10,BID,SHORT,0.5
WDAY,2026-07-20 19:10:13.284166+00:00,CALL,165.0,2026-07-31,47104,248,250,53,146.68,REPEATEDHITSDESCENDINGFILL,False,False,False,47104,0,28375170000.0,11,ASK,LONG,1.0
WDAY,2026-07-20 16:37:23.211788+00:00,CALL,160.0,2026-08-14,52000,100,101,36,146.9,REPEATEDHITS,False,False,False,52000,0,28375170000.0,25,ASK,LONG,1.0
WDAY,2026-07-20 15:28:13.226266+00:00,CALL,152.5,2026-07-24,40254,201,206,8,145.27,REPEATEDHITSASCENDINGFILL,False,False,False,0,40254,28375170000.0,4,BID,SHORT,0.5
WDAY,2026-07-17 19:24:20.841689+00:00,CALL,155.0,2026-08-07,52500,105,105,18,144.685,REPEATEDHITS,False,False,False,52500,0,28375170000.0,21,ASK,LONG,1.0
WDAY,2026-07-17 18:52:08.923960+00:00,CALL,155.0,2026-07-31,51868,133,133,86,145.12,REPEATEDHITS,False,False,False,51868,0,28375170000.0,14,ASK,LONG,1.0
WDAY,2026-07-17 17:55:53.657914+00:00,CALL,157.5,2026-07-31,35840,112,216,14,145.348,REPEATEDHITS,False,False,False,35840,0,28375170000.0,14,ASK,LONG,1.0
WDAY,2026-07-17 17:17:29.545030+00:00,CALL,152.5,2026-07-31,28800,72,73,17,143.98,REPEATEDHITS,False,False,False,28800,0,28375170000.0,14,ASK,LONG,1.0
WDAY,2026-07-17 16:55:10.764976+00:00,CALL,146.0,2026-08-07,60830,77,77,0,144.03,REPEATEDHITS,False,False,False,60830,0,28375170000.0,21,ASK,LONG,1.0
WDAY,2026-07-17 15:30:03.650274+00:00,CALL,157.5,2026-07-31,27560,104,104,14,144.05,REPEATEDHITS,False,False,False,27560,0,28375170000.0,14,ASK,LONG,1.0
WDAY,2026-07-16 18:51:48.235644+00:00,PUT,130.0,2026-12-18,135770,100,120,74,146.16,REPEATEDHITSDESCENDINGFILL,False,False,False,135770,0,28375170000.0,155,ASK,SHORT,1.0
WDAY,2026-07-16 16:38:58.949595+00:00,CALL,180.0,2026-08-21,41760,144,146,53,146.4,REPEATEDHITS,False,False,False,41760,0,28375170000.0,36,ASK,LONG,1.0
WDAY,2026-07-15 18:55:52.374574+00:00,PUT,135.0,2026-07-31,31211,78,218,18,142.2,REPEATEDHITSDESCENDINGFILL,False,False,False,410,30801,28375170000.0,16,BID,LONG,0.5
WDAY,2026-07-15 17:52:44.165152+00:00,PUT,125.0,2026-08-07,18375,75,75,5,141.41,REPEATEDHITS,False,False,False,18375,0,28375170000.0,23,ASK,SHORT,1.0
WDAY,2026-07-15 16:31:35.212140+00:00,PUT,115.0,2028-01-21,65400,30,80,29,142.82,REPEATEDHITS,False,False,False,6540,8720,28375170000.0,555,BID,LONG,0.5
WDAY,2026-07-15 16:31:21.393451+00:00,PUT,115.0,2028-01-21,108500,50,50,29,142.77,REPEATEDHITS,False,False,False,0,82460,28375170000.0,555,BID,LONG,0.5
WDAY,2026-07-14 17:57:15.804835+00:00,PUT,134.0,2026-07-24,42300,141,141,6,140.43,REPEATEDHITS,True,False,False,13800,28500,28375170000.0,10,BID,LONG,0.5
WDAY,2026-07-14 17:57:08.796971+00:00,PUT,143.0,2026-07-24,99000,132,132,3,140.41,REPEATEDHITS,False,False,False,99000,0,28375170000.0,10,ASK,SHORT,1.0
WDAY,2026-07-14 17:57:08.796971+00:00,PUT,143.0,2026-07-24,75750,101,233,3,140.41,REPEATEDHITS,False,False,False,74250,1500,28375170000.0,10,ASK,SHORT,1.0
WDAY,2026-07-14 15:30:47.556842+00:00,PUT,134.0,2026-07-17,11680,73,97,17,138.6,REPEATEDHITS,False,False,False,0,11680,28375170000.0,3,BID,LONG,0.5
WDAY,2026-07-14 14:55:57.852841+00:00,PUT,131.0,2026-07-17,10450,110,111,100,138.5,REPEATEDHITS,False,False,False,0,10450,28375170000.0,3,BID,LONG,0.5
WDAY,2026-07-14 13:58:03.600683+00:00,CALL,136.0,2026-07-24,22570,37,50,19,135.82,REPEATEDHITS,False,False,False,22570,0,28375170000.0,10,ASK,LONG,1.0
WDAY,2026-07-14 13:42:28.670490+00:00,PUT,125.0,2026-07-24,12600,63,63,46,135.795,REPEATEDHITS,False,False,False,800,11800,28375170000.0,10,BID,LONG,0.5
WDAY,2026-07-13 17:08:55.579624+00:00,PUT,150.0,2026-08-21,59220,42,42,0,146.105,REPEATEDHITS,False,False,False,59220,0,28375170000.0,39,ASK,SHORT,1.0
WDAY,2026-07-10 15:49:06.282739+00:00,PUT,138.0,2026-07-24,43892,77,77,49,138.705,REPEATEDHITS,False,False,False,1140,42752,28375170000.0,14,BID,LONG,0.5
WDAY,2026-07-09 19:33:16.513445+00:00,PUT,137.0,2026-07-24,34770,57,57,4,137.96,REPEATEDHITS,False,False,False,610,34160,28375170000.0,15,BID,LONG,0.5
WDAY,2026-07-09 16:20:43.468865+00:00,PUT,136.0,2026-07-10,16800,105,109,51,136.91,REPEATEDHITS,False,False,False,0,16800,28375170000.0,1,BID,LONG,0.5
WDAY,2026-07-09 14:40:03.180237+00:00,PUT,132.0,2026-07-17,34200,114,114,13,135.88,REPEATEDHITS,False,False,False,0,34200,28375170000.0,8,BID,LONG,0.5
WDAY,2026-07-08 19:40:17.675650+00:00,PUT,135.0,2026-07-24,42120,81,88,10,138.5,REPEATEDHITS,False,False,False,0,42120,28375170000.0,16,BID,LONG,0.5
WDAY,2026-07-08 18:26:12.536362+00:00,PUT,138.0,2026-07-24,34500,50,51,7,137.89,REPEATEDHITS,False,False,False,0,34500,28375170000.0,16,BID,LONG,0.5
WDAY,2026-07-07 19:41:36.004257+00:00,CALL,150.0,2026-07-10,39016,244,1785,117,143.995,REPEATEDHITSASCENDINGFILL,False,False,False,37120,1896,28375170000.0,3,ASK,LONG,1.0
WDAY,2026-07-07 19:33:55.782199+00:00,CALL,150.0,2026-07-10,41250,275,1287,117,143.66,REPEATEDHITS,False,False,False,26100,12150,28375170000.0,3,ASK,LONG,1.0
WDAY,2026-07-07 19:33:26.742444+00:00,CALL,150.0,2026-07-10,131671,941,1008,117,143.37,REPEATEDHITSDESCENDINGFILL,True,False,False,96431,21240,28375170000.0,3,ASK,LONG,1.0
WDAY,2026-07-07 14:52:49.338366+00:00,PUT,145.0,2026-08-21,29760,24,24,2,145.48,REPEATEDHITS,False,False,False,0,29760,28375170000.0,45,BID,LONG,0.5
WDAY,2026-07-07 14:23:14.737381+00:00,CALL,160.0,2026-08-21,42600,60,60,54,144.205,REPEATEDHITS,False,False,False,17040,0,28375170000.0,45,ASK,LONG,1.0
WDAY,2026-07-06 19:07:45.082837+00:00,PUT,128.0,2026-07-17,21024,100,100,5,137.385,REPEATEDHITS,False,False,False,0,21024,28375170000.0,11,BID,LONG,0.5
WDAY,2026-07-06 17:14:40.391947+00:00,CALL,155.0,2026-07-31,17920,56,58,6,137.63,REPEATEDHITS,False,False,False,17920,0,28375170000.0,25,ASK,LONG,1.0
WDAY,2026-07-06 16:43:40.721569+00:00,CALL,165.0,2026-08-21,55600,139,140,7,136.97,REPEATEDHITS,False,False,False,55600,0,28375170000.0,46,ASK,LONG,1.0
WDAY,2026-07-06 14:00:06.085869+00:00,PUT,100.0,2026-07-31,140028,4450,4450,36,132.84,REPEATEDHITSDESCENDINGFILL,False,False,False,0,140028,28375170000.0,25,BID,LONG,0.5
WDAY,2026-07-02 19:16:08.982350+00:00,CALL,143.0,2026-07-10,12000,50,874,15,136.69,REPEATEDHITS,False,False,False,12000,0,28375170000.0,8,ASK,LONG,1.0
WDAY,2026-07-02 19:15:59.767852+00:00,CALL,143.0,2026-07-10,68870,287,671,15,136.89,REPEATEDHITSDESCENDINGFILL,True,False,False,57120,9110,28375170000.0,8,ASK,LONG,1.0
WDAY,2026-07-02 19:15:44.351180+00:00,CALL,143.0,2026-07-10,82793,360,380,15,136.67,REPEATEDHITSDESCENDINGFILL,True,False,False,77508,5285,28375170000.0,8,ASK,LONG,1.0
WDAY,2026-07-02 14:44:48.694327+00:00,PUT,131.0,2026-07-17,37630,71,71,1,132.73,REPEATEDHITS,False,False,False,37630,0,28375170000.0,15,ASK,SHORT,1.0
WDC,2026-07-22 14:33:06.633851+00:00,CALL,510.0,2026-08-14,143800,15,16,11,562.64,REPEATEDHITSDESCENDINGFILL,True,False,False,0,143800,189020233819.0,23,BID,SHORT,0.5
WDC,2026-07-21 18:49:25.403336+00:00,CALL,472.5,2026-07-24,97800,12,12,4,547.9,REPEATEDHITS,False,False,False,0,97800,189020233819.0,3,BID,SHORT,0.5
WDC,2026-07-21 16:22:08.925261+00:00,PUT,582.5,2026-07-24,128935,28,28,2,551.35,REPEATEDHITS,True,False,False,128935,0,189020233819.0,3,ASK,SHORT,1.0
WDC,2026-07-21 15:20:20.936601+00:00,CALL,505.0,2026-07-31,357310,50,57,21,547.54,REPEATEDHITSASCENDINGFILL,True,False,False,21490,335820,189020233819.0,10,BID,SHORT,0.5
WDC,2026-07-21 15:11:09.345124+00:00,PUT,597.5,2026-07-31,74795,10,11,0,549.03,REPEATEDHITS,True,False,False,74795,0,189020233819.0,10,ASK,SHORT,1.0
WDC,2026-07-21 14:34:16.765599+00:00,CALL,575.0,2026-08-07,181460,41,140,5,540.1942,REPEATEDHITSASCENDINGFILL,False,False,False,181460,0,189020233819.0,17,ASK,LONG,1.0
WDC,2026-07-21 14:34:16.765599+00:00,CALL,575.0,2026-08-07,178600,41,99,5,540.1942,REPEATEDHITSDESCENDINGFILL,True,False,False,178600,0,189020233819.0,17,ASK,LONG,1.0
WDC,2026-07-21 14:33:49.110311+00:00,CALL,575.0,2026-08-07,52975,12,54,5,540.245,REPEATEDHITS,True,False,False,48560,4415,189020233819.0,17,ASK,LONG,1.0
WDC,2026-07-21 14:05:25.774274+00:00,PUT,565.0,2026-07-31,1011858,157,158,17,529.66,REPEATEDHITSDESCENDINGFILL,False,False,False,998973,12885,189020233819.0,10,ASK,SHORT,1.0
WDC,2026-07-21 13:42:29.859156+00:00,CALL,497.5,2026-07-31,113425,18,22,5,530.58,REPEATEDHITS,False,False,False,0,113425,189020233819.0,10,BID,SHORT,0.5
WDC,2026-07-20 19:19:53.397264+00:00,CALL,517.5,2026-07-24,54405,33,34,6,489.72,REPEATEDHITSASCENDINGFILL,False,False,False,13640,40765,189020233819.0,4,BID,SHORT,0.5
WDC,2026-07-20 19:13:14.581946+00:00,CALL,455.0,2026-08-21,50345,6,10,0,488.73,REPEATEDHITS,True,False,False,0,50345,189020233819.0,32,BID,SHORT,0.5
WDC,2026-07-20 17:59:42.823247+00:00,CALL,462.5,2026-08-21,50735,6,6,0,495.45,REPEATEDHITS,True,False,False,0,50735,189020233819.0,32,BID,SHORT,0.5
WDC,2026-07-20 17:58:35.158684+00:00,PUT,390.0,2026-07-24,63430,208,408,81,496.31,REPEATEDHITS,False,False,False,63430,0,189020233819.0,4,ASK,SHORT,1.0
WDC,2026-07-20 16:57:17.439016+00:00,PUT,452.5,2026-07-31,532758,211,217,1,497.64,REPEATEDHITSDESCENDINGFILL,False,False,False,530238,2520,189020233819.0,11,ASK,SHORT,1.0
WDC,2026-07-20 16:57:17.439016+00:00,PUT,452.5,2026-07-31,71085,28,246,1,497.64,REPEATEDHITS,False,False,False,71085,0,189020233819.0,11,ASK,SHORT,1.0
WDC,2026-07-20 16:39:18.543267+00:00,CALL,480.0,2026-08-07,502090,74,77,31,500.49,REPEATEDHITS,False,False,False,502090,0,189020233819.0,18,ASK,LONG,1.0
WDC,2026-07-20 16:18:51.901236+00:00,CALL,502.5,2026-07-24,88660,31,69,7,502.73,REPEATEDHITS,True,False,False,85800,2860,189020233819.0,4,ASK,LONG,1.0
WDC,2026-07-20 16:07:00.751653+00:00,PUT,430.0,2026-07-24,485348,741,1508,207,502.395,REPEATEDHITSDESCENDINGFILL,False,False,False,485348,0,189020233819.0,4,ASK,SHORT,1.0
WDC,2026-07-20 15:54:25.892250+00:00,CALL,1020.0,2026-11-20,123255,56,56,32,499.635,REPEATEDHITSASCENDINGFILL,False,False,False,61810,61445,189020233819.0,123,ASK,LONG,1.0
WDC,2026-07-20 15:52:54.933028+00:00,PUT,430.0,2026-07-24,490699,727,766,207,498.545,REPEATEDHITSDESCENDINGFILL,False,False,False,490699,0,189020233819.0,4,ASK,SHORT,1.0
WDC,2026-07-20 14:30:54.183972+00:00,PUT,455.0,2026-07-24,655245,652,719,487,504.845,REPEATEDHITSDESCENDINGFILL,True,False,False,652230,3015,189020233819.0,4,ASK,SHORT,1.0
WDC,2026-07-20 14:16:43.112194+00:00,PUT,540.0,2026-08-28,91800,10,21,3,500.805,REPEATEDHITS,False,False,False,0,91800,189020233819.0,39,BID,LONG,0.5
WDC,2026-07-20 14:12:07.098241+00:00,CALL,582.5,2026-07-31,79910,55,56,23,497.82,REPEATEDHITSASCENDINGFILL,False,False,False,0,79910,189020233819.0,11,BID,SHORT,0.5
WDC,2026-07-20 13:34:08.817629+00:00,PUT,385.0,2026-08-07,57610,42,52,32,498.55,REPEATEDHITS,False,False,False,0,57610,189020233819.0,18,BID,LONG,0.5
WDC,2026-07-17 14:18:01.482965+00:00,CALL,475.0,2026-07-24,156775,71,553,54,460.03,REPEATEDHITSASCENDINGFILL,True,False,False,95030,26465,189020233819.0,7,ASK,LONG,1.0
WDC,2026-07-17 14:09:23.180846+00:00,CALL,475.0,2026-07-24,119770,58,159,54,456.72,REPEATEDHITS,False,False,False,59885,59885,189020233819.0,7,MIXED,,0.0
WDC,2026-07-17 13:42:02.722202+00:00,PUT,457.5,2026-07-17,463310,205,212,41,436.56,REPEATEDHITSASCENDINGFILL,False,False,False,0,463310,189020233819.0,0,BID,LONG,0.5
WDC,2026-07-16 19:12:18.834470+00:00,PUT,350.0,2026-07-31,89663,122,340,18,460.99,REPEATEDHITS,False,False,False,89663,0,189020233819.0,15,ASK,SHORT,1.0
WDC,2026-07-16 18:57:58.147486+00:00,PUT,350.0,2026-07-31,112439,151,213,18,458.45,REPEATEDHITSDESCENDINGFILL,True,False,False,110999,1440,189020233819.0,15,ASK,SHORT,1.0
WDC,2026-07-16 17:15:20.570730+00:00,CALL,1080.0,2026-12-18,57815,32,34,27,459.825,REPEATEDHITSDESCENDINGFILL,False,False,False,36125,21690,189020233819.0,155,ASK,LONG,1.0
WDC,2026-07-16 14:23:27.325153+00:00,PUT,477.5,2026-07-17,192250,170,174,82,484.68,REPEATEDHITSASCENDINGFILL,True,False,False,124300,67950,189020233819.0,1,ASK,SHORT,1.0
WDC,2026-07-16 14:14:26.692479+00:00,PUT,400.0,2026-07-31,175130,146,146,136,490.18,REPEATEDHITSASCENDINGFILL,True,False,False,86530,88600,189020233819.0,15,BID,LONG,0.5
WDC,2026-07-15 19:43:46.829412+00:00,PUT,505.0,2026-07-17,173585,149,176,55,516.47,REPEATEDHITS,False,False,False,0,173585,189020233819.0,2,BID,LONG,0.5
WDC,2026-07-15 17:48:50.597431+00:00,CALL,515.0,2026-07-17,58110,39,134,2,509.27,REPEATEDHITS,False,False,False,1490,56620,189020233819.0,2,BID,SHORT,0.5
WDC,2026-07-15 17:35:24.739489+00:00,PUT,482.5,2026-07-17,156609,180,434,60,506.175,REPEATEDHITSASCENDINGFILL,False,False,False,0,156609,189020233819.0,2,BID,LONG,0.5
WDC,2026-07-15 16:30:36.521078+00:00,PUT,482.5,2026-07-17,168020,158,175,60,501.81,REPEATEDHITSASCENDINGFILL,True,False,False,79420,88600,189020233819.0,2,BID,LONG,0.5
WDC,2026-07-15 16:27:52.879884+00:00,PUT,220.0,2026-12-18,226000,200,202,51,498.65,REPEATEDHITS,False,False,False,0,226000,189020233819.0,156,BID,LONG,0.5
WDC,2026-07-15 14:15:52.858177+00:00,PUT,590.0,2026-08-28,421720,37,38,2,526.34,REPEATEDHITSASCENDINGFILL,True,False,False,205240,216480,189020233819.0,44,BID,LONG,0.5
WDC,2026-07-15 14:13:56.806874+00:00,PUT,440.0,2026-07-31,347688,228,265,158,531.53,REPEATEDHITS,True,False,False,347688,0,189020233819.0,16,ASK,SHORT,1.0
WDC,2026-07-14 19:57:12.768690+00:00,CALL,587.5,2026-07-24,138000,46,56,3,562.725,REPEATEDHITS,False,False,False,135000,3000,189020233819.0,10,ASK,LONG,1.0
WDC,2026-07-14 19:56:26.912804+00:00,PUT,562.5,2026-07-17,138890,62,100,19,563.42,REPEATEDHITS,False,False,False,134400,4490,189020233819.0,3,ASK,SHORT,1.0
WDC,2026-07-14 19:53:15.836800+00:00,CALL,750.0,2026-08-28,55100,20,25,1,560.8,REPEATEDHITS,False,False,False,0,0,189020233819.0,45,MIXED,,0.0
WDC,2026-07-14 19:52:18.178505+00:00,PUT,525.0,2026-07-17,104060,101,690,52,560.395,REPEATEDHITSASCENDINGFILL,True,False,False,1055,96825,189020233819.0,3,BID,LONG,0.5
WDC,2026-07-14 19:26:09.356530+00:00,CALL,1100.0,2026-11-20,128445,44,49,19,562.77,REPEATEDHITSDESCENDINGFILL,True,False,False,55555,72890,189020233819.0,129,BID,SHORT,0.5
WDC,2026-07-14 18:59:48.419327+00:00,CALL,560.0,2026-08-07,108230,16,23,6,562.14,REPEATEDHITS,False,False,False,33925,47285,189020233819.0,24,BID,SHORT,0.5
WDC,2026-07-14 17:52:37.086324+00:00,CALL,565.0,2026-07-31,296270,53,75,15,567.0,REPEATEDHITS,False,False,False,296270,0,189020233819.0,17,ASK,LONG,1.0
WDC,2026-07-14 17:28:39.790247+00:00,PUT,495.0,2026-07-31,200079,82,85,45,567.265,REPEATEDHITS,False,False,False,200079,0,189020233819.0,17,ASK,SHORT,1.0
WDC,2026-07-14 17:20:27.481626+00:00,CALL,560.0,2026-07-24,833394,180,182,116,566.67,REPEATEDHITSDESCENDINGFILL,False,False,False,833394,0,189020233819.0,10,ASK,LONG,1.0
WDC,2026-07-14 16:55:56.177494+00:00,CALL,625.0,2026-08-07,268095,61,160,14,566.84,REPEATEDHITS,False,False,False,268095,0,189020233819.0,24,ASK,LONG,1.0
WOLF,2026-07-21 19:55:16.771158+00:00,PUT,33.0,2026-08-21,20535,37,37,0,31.32,REPEATEDHITS,True,False,False,0,20535,1533799040.0,31,BID,LONG,0.5
WOLF,2026-07-21 14:46:20.680761+00:00,CALL,33.0,2026-07-31,13676,67,1260,55,31.6999,REPEATEDHITSDESCENDINGFILL,False,False,False,13676,0,1533799040.0,10,ASK,LONG,1.0
WOLF,2026-07-21 14:39:36.752269+00:00,CALL,33.0,2026-07-31,23497,115,1182,55,31.55,REPEATEDHITS,True,False,False,12096,11401,1533799040.0,10,ASK,LONG,1.0
WOLF,2026-07-21 14:39:33.343670+00:00,CALL,33.0,2026-07-31,74101,366,1005,55,31.55,REPEATEDHITSASCENDINGFILL,True,False,False,40995,33106,1533799040.0,10,ASK,LONG,1.0
WOLF,2026-07-21 14:37:57.607013+00:00,CALL,33.0,2026-07-31,16605,81,288,55,31.5387,REPEATEDHITS,False,False,False,0,12300,1533799040.0,10,BID,SHORT,0.5
WOLF,2026-07-21 14:37:43.389145+00:00,CALL,33.0,2026-07-31,24000,120,207,55,31.47,REPEATEDHITS,False,False,False,0,24000,1533799040.0,10,BID,SHORT,0.5
WOLF,2026-07-20 15:56:11.112638+00:00,PUT,31.0,2026-07-31,12285,39,39,36,29.9699,REPEATEDHITS,True,False,False,0,12285,1533799040.0,11,BID,LONG,0.5
WOLF,2026-07-20 15:17:00.835867+00:00,CALL,34.5,2026-07-31,39268,423,423,12,29.75,REPEATEDHITSASCENDINGFILL,True,False,False,2231,37037,1533799040.0,11,BID,SHORT,0.5
WOLF,2026-07-17 18:20:47.174115+00:00,CALL,32.0,2026-08-07,15488,64,74,11,29.51,REPEATEDHITS,False,False,False,14762,726,1533799040.0,21,ASK,LONG,1.0
WOLF,2026-07-17 14:10:31.568852+00:00,PUT,30.0,2026-08-07,23100,70,70,22,30.2998,REPEATEDHITS,False,False,False,0,23100,1533799040.0,21,BID,LONG,0.5
WOLF,2026-07-17 13:33:46.875190+00:00,CALL,29.0,2026-07-17,14051,137,137,27,29.635,REPEATEDHITSASCENDINGFILL,True,False,False,711,13255,1533799040.0,0,BID,SHORT,0.5
WOLF,2026-07-13 16:04:30.185361+00:00,PUT,33.0,2026-07-24,11645,50,51,15,33.9001,REPEATEDHITSDESCENDINGFILL,True,False,False,11416,229,1533799040.0,11,ASK,SHORT,1.0
WOLF,2026-07-13 15:00:32.483851+00:00,CALL,36.0,2026-08-07,18450,45,45,0,35.21,REPEATEDHITS,True,False,False,18450,0,1533799040.0,25,ASK,LONG,1.0
WOLF,2026-07-13 15:00:32.483851+00:00,CALL,37.0,2026-08-07,18055,49,49,6,35.21,REPEATEDHITSDESCENDINGFILL,True,False,False,18055,0,1533799040.0,25,ASK,LONG,1.0
WOLF,2026-07-10 17:22:58.356706+00:00,CALL,45.5,2026-07-24,44226,601,601,0,35.64,REPEATEDHITSASCENDINGFILL,True,False,False,83,44143,1533799040.0,14,BID,SHORT,0.5
WOLF,2026-07-10 15:59:15.203162+00:00,CALL,70.0,2027-01-15,136250,250,430,160,34.545,REPEATEDHITS,False,False,False,0,136250,1533799040.0,189,BID,SHORT,0.5
WOLF,2026-07-09 18:33:05.672592+00:00,PUT,40.0,2026-07-24,35145,71,72,39,38.375,REPEATEDHITS,True,False,False,35145,0,1533799040.0,15,ASK,SHORT,1.0
WOLF,2026-07-07 16:17:19.704419+00:00,CALL,48.0,2026-08-07,18202,100,225,9,35.3001,REPEATEDHITSDESCENDINGFILL,False,False,False,0,18202,1533799040.0,31,BID,SHORT,0.5
WOLF,2026-07-07 16:17:02.884286+00:00,CALL,48.0,2026-08-07,18274,100,123,9,35.43,REPEATEDHITSASCENDINGFILL,False,False,False,0,18274,1533799040.0,31,BID,SHORT,0.5
WOLF,2026-07-06 14:05:15.537008+00:00,CALL,40.5,2026-07-10,34561,108,108,4,41.529,REPEATEDHITS,True,False,False,0,34561,1533799040.0,4,BID,SHORT,0.5
WOLF,2026-07-02 18:10:02.786568+00:00,CALL,42.0,2026-07-24,44500,100,100,1,39.96,REPEATEDHITS,False,False,False,44500,0,1533799040.0,22,ASK,LONG,1.0
WOLF,2026-06-30 18:32:36.655291+00:00,CALL,45.0,2026-08-21,61500,50,111,35,49.875,REPEATEDHITS,False,False,False,61500,0,1533799040.0,52,ASK,LONG,1.0
WOLF,2026-06-30 14:33:32.488653+00:00,CALL,52.5,2026-08-21,13950,15,15,6,50.01,REPEATEDHITS,False,False,False,0,13950,1533799040.0,52,BID,SHORT,0.5
WOLF,2026-06-29 15:28:19.652606+00:00,CALL,43.0,2026-07-17,15040,32,42,3,42.86,REPEATEDHITS,False,False,False,0,15040,1533799040.0,18,BID,SHORT,0.5
WOLF,2026-06-29 13:56:25.169595+00:00,CALL,47.5,2026-07-02,73834,551,559,34,44.175,REPEATEDHITS,False,False,False,536,73298,1533799040.0,3,BID,SHORT,0.5
WOLF,2026-06-26 19:33:38.183649+00:00,CALL,45.5,2026-06-26,15000,200,712,101,46.135,REPEATEDHITS,True,False,False,15000,0,1533799040.0,0,ASK,LONG,1.0
WOLF,2026-06-25 18:19:15.153206+00:00,CALL,48.0,2026-07-10,27000,50,106,1,48.64,REPEATEDHITS,False,False,False,7560,0,1533799040.0,15,ASK,LONG,1.0
WOLF,2026-06-25 14:21:51.007903+00:00,CALL,53.5,2026-07-02,57016,490,490,20,44.92,REPEATEDHITSASCENDINGFILL,True,False,False,0,57016,1533799040.0,7,BID,SHORT,0.5
WOLF,2026-06-24 18:48:32.867483+00:00,CALL,45.5,2026-06-26,11200,64,93,5,44.315,REPEATEDHITS,False,False,False,6125,3325,1533799040.0,2,ASK,LONG,1.0
WOLF,2026-06-24 17:21:23.630068+00:00,PUT,45.0,2026-07-10,25193,50,51,21,44.7899,REPEATEDHITSASCENDINGFILL,False,False,False,25193,0,1533799040.0,16,ASK,SHORT,1.0
WOLF,2026-06-24 14:24:16.002273+00:00,PUT,42.5,2026-08-21,13720,18,18,4,46.285,REPEATEDHITSASCENDINGFILL,True,False,False,765,12955,1533799040.0,58,BID,LONG,0.5
WOLF,2026-06-23 16:11:41.634725+00:00,PUT,51.0,2026-07-10,11100,20,20,0,51.505,REPEATEDHITS,False,False,False,0,11100,1533799040.0,17,BID,LONG,0.5
WOLF,2026-06-23 16:05:39.148626+00:00,PUT,50.0,2026-07-10,11025,21,21,18,50.6501,REPEATEDHITS,False,False,False,0,11025,1533799040.0,17,BID,LONG,0.5
WOLF,2026-06-22 18:21:10.796518+00:00,CALL,110.0,2027-04-16,62871,46,246,15,54.57,REPEATEDHITSASCENDINGFILL,False,False,False,30360,32511,1533799040.0,298,BID,SHORT,0.5
WOLF,2026-06-22 18:08:12.003390+00:00,CALL,110.0,2027-04-16,39295,29,167,15,54.81,REPEATEDHITS,False,False,False,0,39295,1533799040.0,298,BID,SHORT,0.5
WOLF,2026-06-22 18:07:59.194329+00:00,CALL,110.0,2027-04-16,48780,36,103,15,54.81,REPEATEDHITS,False,False,False,0,48780,1533799040.0,298,BID,SHORT,0.5
WOLF,2026-06-22 18:00:01.759936+00:00,CALL,110.0,2027-04-16,26045,20,25,15,53.875,REPEATEDHITSASCENDINGFILL,False,False,False,1340,24705,1533799040.0,298,BID,SHORT,0.5
WOLF,2026-06-18 16:45:13.092474+00:00,CALL,115.0,2026-12-18,43500,50,915,11,54.9,REPEATEDHITS,False,False,False,43500,0,1533799040.0,183,ASK,LONG,1.0
WOLF,2026-06-18 16:10:08.171108+00:00,CALL,115.0,2026-12-18,34859,43,548,11,53.39,REPEATEDHITSASCENDINGFILL,True,False,False,25109,7310,1533799040.0,183,ASK,LONG,1.0
WOLF,2026-06-18 16:05:37.870481+00:00,CALL,115.0,2026-12-18,43730,55,455,11,53.13,REPEATEDHITS,False,False,False,42930,800,1533799040.0,183,ASK,LONG,1.0
WOLF,2026-06-18 15:55:33.927551+00:00,CALL,115.0,2026-12-18,39250,50,300,11,52.955,REPEATEDHITS,True,False,False,16485,0,1533799040.0,183,ASK,LONG,1.0
WOLF,2026-06-18 15:51:58.467151+00:00,CALL,115.0,2026-12-18,39500,50,150,11,52.965,REPEATEDHITS,False,False,False,39500,0,1533799040.0,183,ASK,LONG,1.0
WOLF,2026-06-18 15:00:02.763842+00:00,CALL,55.0,2026-07-02,54945,99,183,91,53.8,REPEATEDHITS,False,False,False,54945,0,1533799040.0,14,ASK,LONG,1.0
WOLF,2026-06-15 17:28:18.795470+00:00,CALL,60.0,2026-09-18,1564000,1700,1878,874,48.895,REPEATEDHITS,False,False,False,0,0,1533799040.0,95,MIXED,,0.0
WOLF,2026-06-12 15:54:01.389028+00:00,CALL,46.0,2026-07-10,24000,50,476,4,42.715,REPEATEDHITS,True,False,False,0,24000,1533799040.0,28,BID,SHORT,0.5
WOLF,2026-06-12 15:49:18.627573+00:00,CALL,46.0,2026-07-10,192735,419,424,4,42.28,REPEATEDHITSASCENDINGFILL,False,False,False,191360,1375,1533799040.0,28,ASK,LONG,1.0
WOLF,2026-06-12 14:39:14.173238+00:00,CALL,42.5,2027-06-17,521756,250,400,5,43.99,REPEATEDHITSASCENDINGFILL,False,False,False,521756,0,1533799040.0,370,ASK,LONG,1.0
WOLF,2026-06-12 14:11:52.501199+00:00,CALL,37.5,2026-09-18,22105,16,16,9,43.41,REPEATEDHITSDESCENDINGFILL,False,False,False,1385,12405,1533799040.0,98,BID,SHORT,0.5
WOLF,2026-06-12 14:08:56.811338+00:00,CALL,42.0,2026-06-12,129610,997,1041,46,42.21,REPEATEDHITS,False,False,False,129350,260,1533799040.0,0,ASK,LONG,1.0
WOLF,2026-06-11 19:46:05.711318+00:00,PUT,20.0,2027-01-15,62278,200,260,183,44.87,REPEATEDHITSASCENDINGFILL,False,False,False,62278,0,1533799040.0,218,ASK,SHORT,1.0
WPM,2026-07-21 19:12:02.791035+00:00,PUT,113.0,2026-08-07,20770,31,31,0,109.745,REPEATEDHITS,True,False,False,20770,0,49925559947.0,17,ASK,SHORT,1.0
WPM,2026-07-21 16:41:28.453095+00:00,PUT,111.0,2026-07-24,24510,86,86,3,109.58,REPEATEDHITS,False,False,False,24510,0,49925559947.0,3,ASK,SHORT,1.0
WPM,2026-07-21 16:12:40.571854+00:00,PUT,111.0,2026-08-07,124320,222,222,1,109.47,REPEATEDHITS,False,False,False,124320,0,49925559947.0,17,ASK,SHORT,1.0
WPM,2026-07-16 16:48:39.816208+00:00,CALL,102.0,2026-07-31,104880,228,228,0,103.18,REPEATEDHITS,False,False,False,104880,0,49925559947.0,15,ASK,LONG,1.0
WPM,2026-07-16 15:27:59.362782+00:00,PUT,120.0,2026-08-28,15390,9,9,0,104.43,REPEATEDHITS,False,False,False,11970,0,49925559947.0,43,ASK,SHORT,1.0
WPM,2026-07-14 18:12:30.084508+00:00,PUT,106.0,2026-07-17,106634,1125,1135,15,108.9,REPEATEDHITSASCENDINGFILL,True,False,False,17847,2432,49925559947.0,3,ASK,SHORT,1.0
WPM,2026-07-14 18:12:30.084508+00:00,PUT,109.0,2026-07-17,26015,130,130,16,108.89,REPEATEDHITSASCENDINGFILL,False,False,False,200,25815,49925559947.0,3,BID,LONG,0.5
WPM,2026-07-14 18:12:30.084508+00:00,PUT,107.0,2026-07-17,41055,335,338,47,108.89,REPEATEDHITS,True,False,False,21490,19565,49925559947.0,3,ASK,SHORT,1.0
WPM,2026-07-14 18:12:30.084508+00:00,CALL,108.0,2026-07-17,12500,50,51,12,108.9,REPEATEDHITS,False,False,False,0,12500,49925559947.0,3,BID,SHORT,0.5
WPM,2026-07-13 18:01:56.656797+00:00,PUT,108.0,2026-07-17,13110,46,57,25,106.98,REPEATEDHITS,False,False,False,13110,0,49925559947.0,4,ASK,SHORT,1.0
WPM,2026-07-09 15:35:24.555063+00:00,PUT,111.0,2026-07-17,50560,158,158,0,110.62,REPEATEDHITS,False,False,False,0,50560,49925559947.0,8,BID,LONG,0.5
WPM,2026-07-06 14:56:08.677557+00:00,PUT,114.0,2026-07-10,70865,315,316,57,114.47,REPEATEDHITS,False,False,False,70865,0,49925559947.0,4,ASK,SHORT,1.0
WPM,2026-06-30 15:01:37.076024+00:00,PUT,112.0,2026-07-02,75144,289,294,28,110.51,REPEATEDHITS,False,False,False,0,75144,49925559947.0,2,BID,LONG,0.5
WPM,2026-06-26 16:00:14.843859+00:00,CALL,113.0,2026-07-02,76586,207,207,53,114.5,REPEATEDHITS,False,False,False,76586,0,49925559947.0,6,ASK,LONG,1.0
WPM,2026-06-25 15:18:18.829896+00:00,PUT,117.0,2026-07-17,191530,266,266,29,113.07,REPEATEDHITS,False,False,False,0,191530,49925559947.0,22,BID,LONG,0.5
WPM,2026-06-24 17:00:30.378500+00:00,CALL,120.0,2027-06-17,214994,100,302,0,113.055,REPEATEDHITS,False,False,False,17200,27944,49925559947.0,358,BID,SHORT,0.5
WPM,2026-06-24 16:53:31.595360+00:00,PUT,100.0,2027-06-17,197120,154,190,1,112.96,REPEATEDHITS,False,False,False,143360,0,49925559947.0,358,ASK,SHORT,1.0
WPM,2026-06-24 16:51:39.857854+00:00,CALL,120.0,2027-06-17,118900,58,59,0,112.885,REPEATEDHITS,False,False,False,0,28700,49925559947.0,358,BID,SHORT,0.5
WPM,2026-06-24 16:51:39.857854+00:00,CALL,120.0,2027-06-17,297430,143,202,0,112.91,REPEATEDHITS,False,False,False,108160,62390,49925559947.0,358,ASK,LONG,1.0
WPM,2026-06-22 16:05:53.069871+00:00,PUT,110.0,2026-07-17,60415,281,285,208,120.11,REPEATEDHITS,False,False,False,60415,0,49925559947.0,25,ASK,SHORT,1.0
WPM,2026-06-17 17:53:51.184889+00:00,CALL,135.0,2026-07-31,83000,100,102,2,132.715,REPEATEDHITS,False,False,False,83000,0,49925559947.0,44,ASK,LONG,1.0
WPM,2026-06-17 14:47:26.839359+00:00,PUT,136.0,2026-07-02,53900,70,70,0,131.06,REPEATEDHITS,True,False,False,53900,0,49925559947.0,15,ASK,SHORT,1.0
WPM,2026-06-12 15:54:06.993935+00:00,PUT,110.0,2026-07-17,58960,134,134,126,116.1325,REPEATEDHITS,False,False,False,58960,0,49925559947.0,35,ASK,SHORT,1.0
WPM,2026-06-11 18:12:38.144035+00:00,CALL,111.0,2026-06-26,16100,35,35,0,110.69,REPEATEDHITS,True,False,False,16100,0,49925559947.0,15,ASK,LONG,1.0
WPM,2026-06-09 15:06:25.430428+00:00,PUT,118.0,2026-07-02,57510,71,71,1,113.73,REPEATEDHITS,True,False,False,0,57510,49925559947.0,23,BID,LONG,0.5
WPM,2026-06-05 19:20:46.731242+00:00,PUT,95.0,2026-09-18,137996,345,355,178,116.54,REPEATEDHITS,False,False,False,137996,0,49925559947.0,105,ASK,SHORT,1.0
WPM,2026-06-05 15:16:07.096467+00:00,CALL,129.0,2026-06-18,106375,575,601,19,120.93,REPEATEDHITS,False,False,False,0,106375,49925559947.0,13,BID,SHORT,0.5
WPM,2026-06-03 19:29:13.135970+00:00,PUT,115.0,2026-08-21,364473,536,536,32,125.79,REPEATEDHITSDESCENDINGFILL,False,False,False,364473,0,49925559947.0,79,ASK,SHORT,1.0
WPM,2026-06-02 16:01:14.606493+00:00,CALL,129.0,2026-06-12,53104,106,673,11,129.9157,REPEATEDHITSDESCENDINGFILL,False,False,False,0,43004,49925559947.0,10,BID,SHORT,0.5
WPM,2026-05-28 15:27:13.769109+00:00,PUT,115.0,2026-09-18,421180,577,577,201,128.61,REPEATEDHITSDESCENDINGFILL,False,False,False,421180,0,49925559947.0,113,ASK,SHORT,1.0
WPM,2026-05-28 15:18:22.551105+00:00,PUT,145.0,2026-08-21,81770,37,38,1,129.03,REPEATEDHITS,True,False,False,81770,0,49925559947.0,85,ASK,SHORT,1.0
XBI,2026-07-22 14:13:46.805399+00:00,CALL,151.0,2026-07-24,19000,50,51,20,153.82,REPEATEDHITS,False,False,False,19000,0,154.516531,2,ASK,LONG,1.0
XBI,2026-07-22 13:49:12.832455+00:00,PUT,155.0,2026-08-28,27740,38,40,10,152.59,REPEATEDHITS,True,False,False,27740,0,154.516531,37,ASK,SHORT,1.0
XBI,2026-07-21 19:55:11.353078+00:00,PUT,149.0,2026-07-31,42714,339,1004,91,154.69,REPEATEDHITS,False,False,False,0,42714,154.516531,10,BID,LONG,0.5
XBI,2026-07-21 19:46:45.044617+00:00,PUT,149.0,2026-07-31,83286,661,663,91,154.44,REPEATEDHITS,False,False,False,0,83286,154.516531,10,BID,LONG,0.5
XBI,2026-07-21 17:34:26.427478+00:00,PUT,157.0,2026-08-07,23000,40,40,3,153.89,REPEATEDHITS,False,False,False,23000,0,154.516531,17,ASK,SHORT,1.0
XBI,2026-07-21 15:01:36.682605+00:00,CALL,159.0,2026-07-24,19920,664,2100,657,153.21,REPEATEDHITS,False,False,False,0,19920,154.516531,3,BID,SHORT,0.5
XBI,2026-07-20 19:16:06.713706+00:00,PUT,144.0,2026-09-18,62250,150,301,95,152.04,REPEATEDHITS,False,False,False,0,62250,154.516531,60,BID,LONG,0.5
XBI,2026-07-20 19:14:19.282589+00:00,PUT,145.0,2026-07-24,11388,438,528,140,152.08,REPEATEDHITS,False,False,False,11388,0,154.516531,4,ASK,SHORT,1.0
XBI,2026-07-20 17:12:05.434655+00:00,CALL,165.0,2026-08-07,34124,449,455,330,152.88,REPEATEDHITS,False,False,False,0,34048,154.516531,18,BID,SHORT,0.5
XBI,2026-07-17 16:11:13.437087+00:00,CALL,155.0,2026-07-31,170735,481,492,38,154.53,REPEATEDHITSDESCENDINGFILL,False,False,False,170735,0,154.516531,14,ASK,LONG,1.0
XBI,2026-07-17 14:08:36.049069+00:00,CALL,164.0,2026-07-24,27850,1114,1115,127,154.211,REPEATEDHITS,False,False,False,0,27850,154.516531,7,BID,SHORT,0.5
XBI,2026-07-16 17:57:25.090992+00:00,CALL,153.0,2026-07-17,82751,997,1016,97,151.93,REPEATEDHITS,False,False,False,0,82751,154.516531,1,BID,SHORT,0.5
XBI,2026-07-16 17:16:25.852629+00:00,CALL,159.0,2026-07-24,48691,929,3047,23,152.0,REPEATEDHITSDESCENDINGFILL,False,False,False,364,48327,154.516531,8,BID,SHORT,0.5
XBI,2026-07-16 14:23:54.578668+00:00,CALL,151.0,2026-07-31,14625,25,25,16,154.34,REPEATEDHITS,True,False,False,0,14625,154.516531,15,BID,SHORT,0.5
XBI,2026-07-16 14:11:37.803279+00:00,PUT,151.0,2026-07-17,37380,1869,1949,357,155.44,REPEATEDHITS,False,False,False,100,37280,154.516531,1,BID,LONG,0.5
XBI,2026-07-16 13:35:36.370968+00:00,CALL,152.0,2026-08-07,11725,19,19,1,154.17,REPEATEDHITSASCENDINGFILL,True,False,False,6775,4950,154.516531,22,ASK,LONG,1.0
XBI,2026-07-15 18:27:46.770359+00:00,CALL,162.0,2026-07-24,39895,505,2598,17,155.92,REPEATEDHITS,True,False,False,0,39895,154.516531,9,BID,SHORT,0.5
XBI,2026-07-15 18:27:46.770359+00:00,CALL,162.0,2026-07-24,16274,206,2093,17,155.92,REPEATEDHITS,True,False,False,0,16274,154.516531,9,BID,SHORT,0.5
XBI,2026-07-15 18:27:29.745576+00:00,CALL,162.0,2026-07-24,53088,632,1765,17,155.915,REPEATEDHITS,False,False,False,5628,47460,154.516531,9,BID,SHORT,0.5
XBI,2026-07-15 18:19:56.687983+00:00,CALL,162.0,2026-07-24,75600,900,1003,17,155.94,REPEATEDHITS,True,False,False,0,75600,154.516531,9,BID,SHORT,0.5
XBI,2026-07-15 17:30:53.381498+00:00,CALL,173.0,2026-08-21,44888,362,366,251,155.81,REPEATEDHITS,False,False,False,0,44888,154.516531,37,BID,SHORT,0.5
XBI,2026-07-15 16:47:14.733084+00:00,CALL,155.0,2026-07-24,40000,127,163,51,155.17,REPEATEDHITS,False,False,False,11650,28350,154.516531,9,BID,SHORT,0.5
XBI,2026-07-14 14:28:00.706072+00:00,CALL,180.0,2026-12-18,108318,182,855,61,154.98,REPEATEDHITSDESCENDINGFILL,True,False,False,600,107718,154.516531,157,BID,SHORT,0.5
XBI,2026-07-14 14:28:00.706072+00:00,CALL,180.0,2026-12-18,86878,146,1001,61,154.98,REPEATEDHITSDESCENDINGFILL,False,False,False,0,86878,154.516531,157,BID,SHORT,0.5
XBI,2026-07-14 14:18:24.266263+00:00,CALL,156.0,2026-07-17,136047,773,1031,340,155.02,REPEATEDHITS,True,False,False,135872,0,154.516531,3,ASK,LONG,1.0
XBI,2026-07-13 18:21:22.486878+00:00,PUT,147.0,2026-07-24,15300,150,150,24,154.27,REPEATEDHITS,False,False,False,0,13464,154.516531,11,BID,LONG,0.5
XBI,2026-07-13 18:17:17.788588+00:00,PUT,142.0,2026-07-24,16380,420,1139,33,154.405,REPEATEDHITS,False,False,False,16380,0,154.516531,11,ASK,SHORT,1.0
XBI,2026-07-13 18:17:14.983872+00:00,PUT,142.0,2026-07-24,15990,410,719,33,154.41,REPEATEDHITS,False,False,False,11310,0,154.516531,11,ASK,SHORT,1.0
XBI,2026-07-13 18:15:55.297670+00:00,PUT,151.0,2026-07-24,223440,1064,1333,108,154.465,REPEATEDHITS,False,False,False,212520,10920,154.516531,11,ASK,SHORT,1.0
XBI,2026-07-13 18:15:33.082121+00:00,PUT,151.0,2026-07-24,50840,248,269,108,154.465,REPEATEDHITS,True,False,False,0,28495,154.516531,11,BID,LONG,0.5
XBI,2026-07-13 17:33:08.643718+00:00,CALL,164.0,2026-09-18,17985,33,103,15,154.92,REPEATEDHITS,False,False,False,17985,0,154.516531,67,ASK,LONG,1.0
XBI,2026-07-13 17:02:37.577901+00:00,PUT,135.0,2027-06-17,52430,55,285,5,155.2,REPEATEDHITS,False,False,False,43200,9230,154.516531,339,ASK,SHORT,1.0
XBI,2026-07-13 16:47:23.506924+00:00,PUT,135.0,2027-06-17,93637,100,205,5,155.075,REPEATEDHITS,False,False,False,93637,0,154.516531,339,ASK,SHORT,1.0
XBI,2026-07-13 15:45:59.190022+00:00,CALL,163.0,2026-08-14,61852,208,241,1,155.075,REPEATEDHITSASCENDINGFILL,False,False,False,27994,33858,154.516531,32,BID,SHORT,0.5
XBI,2026-07-13 15:36:00.500410+00:00,CALL,160.0,2026-07-24,63441,399,407,74,155.11,REPEATEDHITS,False,False,False,0,63441,154.516531,11,BID,SHORT,0.5
XBI,2026-07-13 14:21:13.775723+00:00,CALL,167.0,2026-07-24,41316,939,939,7,154.36,REPEATEDHITS,False,False,False,0,41316,154.516531,11,BID,SHORT,0.5
XBI,2026-07-10 19:37:06.758035+00:00,PUT,157.0,2026-07-17,18300,100,1333,87,159.04,REPEATEDHITS,False,False,False,0,6771,154.516531,7,BID,LONG,0.5
XBI,2026-07-10 17:56:38.169904+00:00,PUT,157.0,2026-07-17,16435,95,800,87,159.4,REPEATEDHITS,True,False,False,865,15570,154.516531,7,BID,LONG,0.5
XBI,2026-07-10 17:56:38.169904+00:00,PUT,157.0,2026-07-17,54838,317,1117,87,159.3944,REPEATEDHITS,False,False,False,54838,0,154.516531,7,ASK,SHORT,1.0
XBI,2026-07-10 17:29:13.536032+00:00,PUT,157.0,2026-07-17,33735,173,565,87,158.8668,REPEATEDHITS,True,False,False,0,33735,154.516531,7,BID,LONG,0.5
XBI,2026-07-10 16:08:29.032414+00:00,PUT,146.0,2026-09-18,142225,349,421,94,157.36,REPEATEDHITSDESCENDINGFILL,False,False,False,32390,109835,154.516531,70,BID,LONG,0.5
XBI,2026-07-10 15:36:02.020048+00:00,PUT,161.0,2026-07-31,65960,97,97,1,157.23,REPEATEDHITS,True,False,False,65960,0,154.516531,21,ASK,SHORT,1.0
XBI,2026-07-10 15:22:52.309185+00:00,CALL,156.0,2026-07-10,23068,158,161,23,156.8,REPEATEDHITS,True,False,False,5110,17958,154.516531,0,BID,SHORT,0.5
XBI,2026-07-10 13:40:32.765587+00:00,CALL,145.0,2027-06-17,828520,269,269,56,158.84,REPEATEDHITS,False,False,False,520520,308000,154.516531,342,ASK,LONG,1.0
XBI,2026-07-10 13:40:19.107238+00:00,CALL,163.0,2026-08-21,184765,327,327,161,158.905,REPEATEDHITS,False,False,False,0,184765,154.516531,42,BID,SHORT,0.5
XBI,2026-07-09 17:48:16.558825+00:00,CALL,168.0,2026-07-10,11050,425,1003,21,164.17,REPEATEDHITS,False,False,False,2782,8268,154.516531,1,BID,SHORT,0.5
XBI,2026-07-09 15:32:11.727378+00:00,CALL,164.0,2026-07-24,20400,48,48,1,163.74,REPEATEDHITS,True,False,False,0,20400,154.516531,15,BID,SHORT,0.5
XBI,2026-07-08 19:12:08.033744+00:00,PUT,155.0,2026-09-18,643200,1005,7328,750,161.91,REPEATEDHITS,True,False,False,643200,0,154.516531,72,ASK,SHORT,1.0
XBI,2026-07-08 14:23:28.817211+00:00,PUT,160.0,2026-08-21,798411,1300,1380,492,162.555,REPEATEDHITSASCENDINGFILL,False,False,False,650670,147741,154.516531,44,ASK,SHORT,1.0
XBI,2026-07-07 19:48:05.139649+00:00,CALL,235.0,2028-01-21,97825,91,346,57,163.875,REPEATEDHITS,False,False,False,44075,53750,154.516531,563,BID,SHORT,0.5
XLI,2026-07-22 15:28:23.198718+00:00,CALL,179.0,2026-08-07,13110,38,38,0,179.39,REPEATEDHITS,True,False,False,12765,345,178.685767,16,ASK,LONG,1.0
XLI,2026-07-22 14:45:43.879970+00:00,PUT,176.0,2026-07-31,10168,82,82,81,179.015,REPEATEDHITS,False,False,False,10168,0,178.685767,9,ASK,SHORT,1.0
XLI,2026-07-22 14:45:41.276475+00:00,CALL,184.0,2026-08-14,16834,91,91,0,179.015,REPEATEDHITS,True,False,False,16834,0,178.685767,23,ASK,LONG,1.0
XLI,2026-07-21 16:50:13.557986+00:00,CALL,186.0,2026-12-18,25575,31,31,4,179.695,REPEATEDHITS,False,False,False,5775,19800,178.685767,150,BID,SHORT,0.5
XLI,2026-07-21 16:34:38.762035+00:00,PUT,200.0,2027-01-15,13350,6,8,3,179.785,REPEATEDHITS,False,False,False,0,13350,178.685767,178,BID,LONG,0.5
XLI,2026-07-21 16:34:38.762035+00:00,PUT,188.0,2026-08-07,24226,28,28,0,179.785,REPEATEDHITSASCENDINGFILL,True,False,False,870,23356,178.685767,17,BID,LONG,0.5
XLI,2026-07-21 16:16:58.901195+00:00,PUT,184.0,2026-08-07,18975,33,33,1,179.52,REPEATEDHITS,True,False,False,0,18975,178.685767,17,BID,LONG,0.5
XLI,2026-07-20 19:58:22.905642+00:00,PUT,170.0,2026-11-20,517850,1035,6075,64,178.17,SWEEPSFOLLOWEDBYFLOOR,True,True,False,517850,0,178.685767,123,ASK,SHORT,1.0
XLI,2026-07-20 19:22:47.236067+00:00,CALL,195.0,2026-11-20,57240,159,1747,135,177.8001,REPEATEDHITS,False,False,False,57240,0,178.685767,123,ASK,LONG,1.0
XLI,2026-07-20 19:14:41.122240+00:00,PUT,180.0,2026-08-07,14005,32,32,15,177.7703,REPEATEDHITSDESCENDINGFILL,False,False,False,14005,0,178.685767,18,ASK,SHORT,1.0
XLI,2026-07-20 18:22:04.700099+00:00,PUT,179.0,2026-09-18,16820,29,29,24,178.63,REPEATEDHITS,True,False,False,16820,0,178.685767,60,ASK,SHORT,1.0
XLI,2026-07-20 17:52:46.633577+00:00,CALL,215.0,2026-11-20,10320,120,153,92,178.54,REPEATEDHITS,False,False,False,0,10320,178.685767,123,BID,SHORT,0.5
XLI,2026-07-20 17:52:05.778439+00:00,CALL,168.0,2027-03-19,10715,5,5,0,178.51,REPEATEDHITSDESCENDINGFILL,False,False,False,6435,4280,178.685767,242,ASK,LONG,1.0
XLI,2026-07-20 17:19:07.320011+00:00,CALL,195.0,2026-11-20,78925,205,1588,135,178.46,REPEATEDHITS,False,False,False,78925,0,178.685767,123,ASK,LONG,1.0
XLI,2026-07-20 17:05:54.632729+00:00,PUT,185.0,2026-11-20,215019,183,191,76,178.65,REPEATEDHITSDESCENDINGFILL,False,False,False,215019,0,178.685767,123,ASK,SHORT,1.0
XLI,2026-07-20 16:47:05.513309+00:00,CALL,195.0,2026-11-20,81710,202,1320,135,178.9,REPEATEDHITS,False,False,False,81710,0,178.685767,123,ASK,LONG,1.0
XLI,2026-07-20 16:27:44.582658+00:00,CALL,195.0,2026-11-20,57510,142,1117,135,179.02,REPEATEDHITS,False,False,False,57510,0,178.685767,123,ASK,LONG,1.0
XLI,2026-07-20 15:30:00.193267+00:00,CALL,195.0,2026-11-20,57504,142,940,135,178.795,REPEATEDHITS,False,False,False,57504,0,178.685767,123,ASK,LONG,1.0
XLI,2026-07-20 14:45:07.272072+00:00,CALL,195.0,2026-11-20,205270,507,796,135,178.84,REPEATEDHITSDESCENDINGFILL,False,False,False,205270,0,178.685767,123,ASK,LONG,1.0
XLI,2026-07-20 14:37:52.384235+00:00,CALL,195.0,2026-11-20,114501,283,287,135,179.01,REPEATEDHITSDESCENDINGFILL,False,False,False,112576,1925,178.685767,123,ASK,LONG,1.0
XLI,2026-07-17 19:25:17.339452+00:00,PUT,181.0,2026-08-14,13095,27,28,12,179.27,REPEATEDHITS,True,False,False,13095,0,178.685767,28,ASK,SHORT,1.0
XLI,2026-07-17 19:09:01.802102+00:00,PUT,190.0,2027-01-15,81380,52,81,1,179.375,REPEATEDHITS,False,False,False,81380,0,178.685767,182,ASK,SHORT,1.0
XLI,2026-07-17 14:27:04.702464+00:00,PUT,177.0,2026-09-18,165420,376,378,90,181.095,REPEATEDHITSDESCENDINGFILL,False,False,False,165420,0,178.685767,63,ASK,SHORT,1.0
XLI,2026-07-17 13:57:20.778890+00:00,PUT,177.0,2026-08-21,131812,412,656,27,180.32,REPEATEDHITSDESCENDINGFILL,False,False,False,131492,320,178.685767,35,ASK,SHORT,1.0
XLI,2026-07-17 13:57:05.139006+00:00,PUT,177.0,2026-08-21,24705,81,242,27,180.32,REPEATEDHITS,False,False,False,24705,0,178.685767,35,ASK,SHORT,1.0
XLI,2026-07-17 13:49:10.592003+00:00,PUT,177.0,2026-08-21,39360,123,123,27,180.35,REPEATEDHITS,False,False,False,39360,0,178.685767,35,ASK,SHORT,1.0
XLI,2026-07-16 17:51:43.416775+00:00,PUT,160.0,2027-06-17,13585,23,23,7,179.13,REPEATEDHITS,False,False,False,13585,0,178.685767,336,ASK,SHORT,1.0
XLI,2026-07-16 16:56:28.327275+00:00,PUT,174.0,2026-07-24,12390,210,245,104,179.44,REPEATEDHITS,False,False,False,0,12390,178.685767,8,BID,LONG,0.5
XLI,2026-07-16 15:33:30.834496+00:00,CALL,192.0,2026-12-18,15470,26,80,7,180.41,REPEATEDHITS,False,False,False,0,15470,178.685767,155,BID,SHORT,0.5
XLI,2026-07-16 15:22:04.819068+00:00,CALL,178.0,2026-07-24,16920,47,47,23,180.22,REPEATEDHITS,True,False,False,0,16920,178.685767,8,BID,SHORT,0.5
XLI,2026-07-16 15:06:31.676723+00:00,CALL,181.0,2026-07-17,33288,438,443,75,180.23,REPEATEDHITS,False,False,False,0,33288,178.685767,1,BID,SHORT,0.5
XLI,2026-07-15 19:44:17.253265+00:00,PUT,188.0,2026-08-21,46250,50,68,0,180.015,REPEATEDHITS,True,False,False,0,46250,178.685767,37,BID,LONG,0.5
XLI,2026-07-15 18:00:47.177700+00:00,PUT,188.0,2026-08-21,16740,18,18,0,179.97,REPEATEDHITS,True,False,False,0,16740,178.685767,37,BID,LONG,0.5
XLI,2026-07-15 16:43:35.084194+00:00,CALL,176.0,2026-07-24,34040,92,92,1,178.1999,REPEATEDHITS,True,False,False,33300,740,178.685767,9,ASK,LONG,1.0
XLI,2026-07-15 16:21:16.886850+00:00,PUT,176.0,2026-08-07,136620,506,507,7,177.93,REPEATEDHITS,False,False,False,136620,0,178.685767,23,ASK,SHORT,1.0
XLI,2026-07-15 16:17:40.555705+00:00,PUT,177.5,2026-07-24,23184,126,199,38,178.04,REPEATEDHITS,False,False,False,23184,0,178.685767,9,ASK,SHORT,1.0
XLI,2026-07-15 16:04:35.120661+00:00,PUT,180.0,2028-01-21,532332,315,315,9,178.5412,REPEATEDHITSDESCENDINGFILL,True,False,False,532332,0,178.685767,555,ASK,SHORT,1.0
XLI,2026-07-14 19:55:46.048773+00:00,CALL,188.0,2026-08-21,26543,127,472,14,180.4297,REPEATEDHITS,True,False,False,2717,5852,178.685767,38,BID,SHORT,0.5
XLI,2026-07-14 19:55:37.036360+00:00,CALL,188.0,2026-08-21,13440,64,164,14,180.44,REPEATEDHITS,False,False,False,13440,0,178.685767,38,ASK,LONG,1.0
XLI,2026-07-14 19:55:37.036360+00:00,CALL,188.0,2026-08-21,17850,85,249,14,180.43,REPEATEDHITS,True,False,False,12600,5040,178.685767,38,ASK,LONG,1.0
XLI,2026-07-14 19:17:01.402384+00:00,PUT,174.0,2026-12-18,20790,33,33,3,180.36,REPEATEDHITS,True,False,False,0,20790,178.685767,157,BID,LONG,0.5
XLI,2026-07-13 19:13:45.241650+00:00,PUT,179.0,2026-08-21,15390,38,50,22,180.115,REPEATEDHITS,False,False,False,0,15390,178.685767,39,BID,LONG,0.5
XLI,2026-07-13 17:56:22.001635+00:00,PUT,175.0,2026-08-21,144594,522,565,67,180.27,REPEATEDHITS,False,False,False,144594,0,178.685767,39,ASK,SHORT,1.0
XLI,2026-07-13 16:26:16.862410+00:00,PUT,184.0,2026-07-31,15715,30,30,0,180.3949,REPEATEDHITSDESCENDINGFILL,True,False,False,15715,0,178.685767,18,ASK,SHORT,1.0
XLI,2026-07-13 16:20:39.856486+00:00,CALL,172.0,2026-07-24,43750,47,47,1,180.62,REPEATEDHITS,True,False,False,0,43750,178.685767,11,BID,SHORT,0.5
XLI,2026-07-13 16:17:53.399176+00:00,CALL,184.0,2026-08-21,18620,49,70,32,180.73,REPEATEDHITS,False,False,False,18620,0,178.685767,39,ASK,LONG,1.0
XLI,2026-07-13 13:46:22.909367+00:00,CALL,175.0,2026-08-21,38158,41,41,7,181.08,REPEATEDHITSASCENDINGFILL,False,False,False,0,38158,178.685767,39,BID,SHORT,0.5
XLI,2026-07-10 19:24:21.494531+00:00,PUT,183.0,2026-08-21,11655,23,23,6,182.28,REPEATEDHITSASCENDINGFILL,True,False,False,4045,7610,178.685767,42,BID,LONG,0.5
XLI,2026-07-10 15:16:44.042566+00:00,PUT,189.0,2026-07-24,12581,17,17,5,182.15,REPEATEDHITS,True,False,False,0,12581,178.685767,14,BID,LONG,0.5
XLI,2026-07-10 15:15:47.515663+00:00,PUT,197.0,2026-08-21,13770,9,9,0,182.06,REPEATEDHITS,True,False,False,0,13770,178.685767,42,BID,LONG,0.5
XLK,2026-07-21 14:28:47.418431+00:00,PUT,181.0,2026-08-21,32895,43,43,27,179.39,REPEATEDHITS,False,False,False,32130,0,180.775642,31,ASK,SHORT,1.0
XLK,2026-07-20 18:35:34.473620+00:00,CALL,195.0,2026-10-16,10280,21,43,0,176.93,REPEATEDHITSASCENDINGFILL,False,False,False,10280,0,180.775642,88,ASK,LONG,1.0
XLK,2026-07-20 14:11:06.169724+00:00,CALL,174.0,2026-08-14,17547,21,21,3,176.67,REPEATEDHITS,True,False,False,0,17547,180.775642,25,BID,SHORT,0.5
XLK,2026-07-20 14:10:53.749476+00:00,CALL,172.5,2026-08-28,35994,33,33,1,176.69,REPEATEDHITS,True,False,False,0,35994,180.775642,39,BID,SHORT,0.5
XLK,2026-07-17 18:15:33.978638+00:00,PUT,192.5,2026-08-14,56610,33,33,0,176.36,REPEATEDHITSDESCENDINGFILL,True,False,False,39510,17100,180.775642,28,ASK,SHORT,1.0
XLK,2026-07-17 18:15:33.978638+00:00,PUT,191.0,2026-08-14,23920,15,15,0,176.36,REPEATEDHITS,True,False,False,19140,4780,180.775642,28,ASK,SHORT,1.0
XLK,2026-07-17 18:15:33.978638+00:00,PUT,190.0,2026-08-14,54450,36,41,1,176.36,REPEATEDHITSDESCENDINGFILL,True,False,False,27270,27180,180.775642,28,ASK,SHORT,1.0
XLK,2026-07-17 18:15:33.978638+00:00,PUT,193.0,2026-08-14,87685,50,50,0,176.36,REPEATEDHITSDESCENDINGFILL,True,False,False,54435,33250,180.775642,28,ASK,SHORT,1.0
XLK,2026-07-17 17:16:54.893987+00:00,CALL,182.5,2026-07-24,52706,361,388,10,177.765,REPEATEDHITS,False,False,False,52706,0,180.775642,7,ASK,LONG,1.0
XLK,2026-07-17 17:02:10.265137+00:00,PUT,179.0,2026-07-31,109478,190,193,31,177.38,REPEATEDHITSDESCENDINGFILL,False,False,False,0,109478,180.775642,14,BID,LONG,0.5
XLK,2026-07-17 16:35:50.002368+00:00,CALL,178.0,2026-07-24,109386,384,392,46,176.76,REPEATEDHITSASCENDINGFILL,False,False,False,109386,0,180.775642,7,ASK,LONG,1.0
XLK,2026-07-17 16:27:37.030475+00:00,CALL,181.0,2026-07-24,90323,579,843,459,176.57,REPEATEDHITS,False,False,False,90168,0,180.775642,7,ASK,LONG,1.0
XLK,2026-07-17 16:01:19.235180+00:00,PUT,181.0,2026-07-24,68996,118,119,61,176.845,REPEATEDHITSASCENDINGFILL,True,False,False,68996,0,180.775642,7,ASK,SHORT,1.0
XLK,2026-07-17 15:54:19.699069+00:00,PUT,172.0,2026-08-14,19915,39,39,20,176.02,REPEATEDHITSASCENDINGFILL,True,False,False,510,19405,180.775642,28,BID,LONG,0.5
XLK,2026-07-17 14:01:05.778382+00:00,PUT,173.0,2026-07-24,17120,57,108,54,174.22,REPEATEDHITSASCENDINGFILL,True,False,False,1505,15615,180.775642,7,BID,LONG,0.5
XLK,2026-07-17 14:00:59.555294+00:00,PUT,175.0,2026-08-28,19820,24,24,11,174.13,REPEATEDHITSASCENDINGFILL,True,False,False,1660,18160,180.775642,42,BID,LONG,0.5
XLK,2026-07-17 14:00:49.735238+00:00,PUT,174.0,2026-08-28,32390,41,50,18,173.97,REPEATEDHITS,True,False,False,790,31600,180.775642,42,BID,LONG,0.5
XLK,2026-07-17 13:39:44.663729+00:00,PUT,172.5,2026-07-31,23665,43,43,22,171.91,REPEATEDHITS,True,False,False,23665,0,180.775642,14,ASK,SHORT,1.0
XLK,2026-07-16 19:53:06.889778+00:00,CALL,181.0,2026-07-24,42750,225,453,22,176.93,REPEATEDHITS,False,False,False,0,42750,180.775642,8,BID,SHORT,0.5
XLK,2026-07-16 19:52:59.074531+00:00,CALL,181.0,2026-07-24,43425,225,228,22,176.97,REPEATEDHITS,False,False,False,0,17177,180.775642,8,BID,SHORT,0.5
XLK,2026-07-16 19:47:10.293703+00:00,CALL,186.0,2026-07-24,77179,1354,1367,294,176.53,REPEATEDHITS,True,False,False,57,77122,180.775642,8,BID,SHORT,0.5
XLK,2026-07-16 17:37:55.360410+00:00,CALL,177.0,2026-08-07,20955,33,36,4,177.23,REPEATEDHITS,False,False,False,0,20955,180.775642,22,BID,SHORT,0.5
XLK,2026-07-16 16:15:21.468836+00:00,PUT,171.0,2026-07-31,34924,127,127,29,177.05,REPEATEDHITS,False,False,False,20074,14850,180.775642,15,ASK,SHORT,1.0
XLK,2026-07-16 16:15:14.850126+00:00,PUT,169.0,2026-07-31,17542,80,111,25,177.07,REPEATEDHITSDESCENDINGFILL,False,False,False,17542,0,180.775642,15,ASK,SHORT,1.0
XLK,2026-07-16 16:15:10.990358+00:00,CALL,179.0,2026-07-24,11193,41,474,6,177.07,REPEATEDHITS,False,False,False,0,11193,180.775642,8,BID,SHORT,0.5
XLK,2026-07-16 16:13:22.794936+00:00,PUT,150.0,2026-08-07,10599,212,215,21,177.165,REPEATEDHITS,True,False,False,10599,0,180.775642,22,ASK,SHORT,1.0
XLK,2026-07-16 14:56:24.110886+00:00,PUT,166.0,2026-07-31,10950,75,76,16,177.55,REPEATEDHITS,False,False,False,3066,7884,180.775642,15,BID,LONG,0.5
XLK,2026-07-16 14:53:35.178837+00:00,PUT,169.0,2026-07-24,15421,159,247,24,177.65,REPEATEDHITSDESCENDINGFILL,False,False,False,15324,97,180.775642,8,ASK,SHORT,1.0
XLK,2026-07-16 14:50:36.825309+00:00,CALL,179.0,2026-07-24,129325,431,432,6,177.98,REPEATEDHITSASCENDINGFILL,False,False,False,0,129325,180.775642,8,BID,SHORT,0.5
XLK,2026-07-16 13:48:57.536281+00:00,PUT,174.0,2026-07-31,27246,69,69,11,176.87,REPEATEDHITS,False,False,False,27246,0,180.775642,15,ASK,SHORT,1.0
XLK,2026-07-16 13:48:57.536281+00:00,PUT,177.0,2026-07-31,79694,152,152,31,176.87,REPEATEDHITS,False,False,False,79694,0,180.775642,15,ASK,SHORT,1.0
XLK,2026-07-15 19:41:41.173698+00:00,PUT,175.0,2026-07-24,67864,499,580,138,181.71,REPEATEDHITS,False,False,False,0,67864,180.775642,9,BID,LONG,0.5
XLK,2026-07-15 16:46:52.761153+00:00,CALL,178.0,2026-07-24,15574,34,36,1,178.86,REPEATEDHITS,False,False,False,15119,455,180.775642,9,ASK,LONG,1.0
XLK,2026-07-15 16:46:52.761153+00:00,CALL,181.0,2026-07-17,33540,258,268,34,178.86,REPEATEDHITS,False,False,False,33540,0,180.775642,2,ASK,LONG,1.0
XLK,2026-07-15 16:28:02.894836+00:00,PUT,164.0,2026-07-31,15858,130,130,24,178.59,REPEATEDHITSDESCENDINGFILL,False,False,False,15615,243,180.775642,16,ASK,SHORT,1.0
XLK,2026-07-15 16:16:26.665083+00:00,PUT,169.0,2026-08-07,141489,530,530,1,178.97,REPEATEDHITSDESCENDINGFILL,False,False,False,141489,0,180.775642,23,ASK,SHORT,1.0
XLK,2026-07-15 16:08:13.149011+00:00,PUT,170.0,2026-07-31,41167,197,1308,71,179.19,REPEATEDHITSDESCENDINGFILL,False,False,False,24865,16302,180.775642,16,ASK,SHORT,1.0
XLK,2026-07-15 15:59:37.649838+00:00,CALL,191.0,2026-08-21,36235,105,105,51,180.03,REPEATEDHITS,False,False,False,0,36235,180.775642,37,BID,SHORT,0.5
XLK,2026-07-15 15:59:37.649838+00:00,CALL,194.0,2026-08-21,63714,246,248,34,180.03,REPEATEDHITS,False,False,False,0,63714,180.775642,37,BID,SHORT,0.5
XLK,2026-07-15 15:23:45.066638+00:00,CALL,190.0,2026-07-31,25537,152,168,123,179.82,REPEATEDHITS,False,False,False,0,25368,180.775642,16,BID,SHORT,0.5
XLK,2026-07-15 15:15:12.006541+00:00,CALL,194.0,2026-07-31,47901,479,479,13,180.2,REPEATEDHITS,False,False,False,0,47901,180.775642,16,BID,SHORT,0.5
XLK,2026-07-15 14:39:17.945636+00:00,PUT,172.5,2026-08-14,139620,358,358,1,180.41,REPEATEDHITS,False,False,False,139620,0,180.775642,30,ASK,SHORT,1.0
XLK,2026-07-15 14:26:11.396399+00:00,PUT,170.0,2026-07-31,41580,252,1069,71,181.605,REPEATEDHITS,False,False,False,0,41580,180.775642,16,BID,LONG,0.5
XLK,2026-07-15 14:24:49.458828+00:00,PUT,170.0,2026-07-31,115123,702,817,71,181.62,REPEATEDHITSASCENDINGFILL,False,False,False,114963,160,180.775642,16,ASK,SHORT,1.0
XLK,2026-07-15 14:23:41.023722+00:00,PUT,177.5,2026-08-28,16865,27,27,0,181.91,REPEATEDHITSDESCENDINGFILL,True,False,False,15620,1245,180.775642,44,ASK,SHORT,1.0
XLK,2026-07-14 19:34:53.148857+00:00,PUT,125.0,2026-07-17,14856,3714,3990,1340,183.64,REPEATEDHITS,True,False,False,14856,0,180.775642,3,ASK,SHORT,1.0
XLK,2026-07-14 18:58:36.147039+00:00,PUT,156.0,2026-12-18,21400,40,123,35,184.025,REPEATEDHITS,False,False,False,20330,535,180.775642,157,ASK,SHORT,1.0
XLK,2026-07-14 18:58:21.133552+00:00,PUT,156.0,2026-12-18,23005,43,83,35,184.025,REPEATEDHITS,False,False,False,23005,0,180.775642,157,ASK,SHORT,1.0
XLK,2026-07-14 18:30:00.464550+00:00,PUT,159.0,2026-12-18,17253,29,44,17,184.2,REPEATEDHITS,False,False,False,17253,0,180.775642,157,ASK,SHORT,1.0
XLK,2026-07-14 18:08:17.999918+00:00,PUT,178.0,2026-07-24,31351,165,170,42,184.33,REPEATEDHITS,False,False,False,0,31160,180.775642,10,BID,LONG,0.5
XYZ,2026-07-22 15:30:49.764591+00:00,CALL,73.0,2026-08-14,37490,46,46,1,78.25,REPEATEDHITS,True,False,False,37490,0,43018974100.0,23,ASK,LONG,1.0
XYZ,2026-07-22 14:44:35.374310+00:00,PUT,79.0,2026-07-24,43560,220,234,118,77.68,REPEATEDHITS,False,False,False,0,43560,43018974100.0,2,BID,LONG,0.5
XYZ,2026-07-22 14:08:34.331802+00:00,CALL,110.0,2026-08-21,14940,1245,1251,231,78.53,REPEATEDHITS,False,False,False,0,14940,43018974100.0,30,BID,SHORT,0.5
XYZ,2026-07-21 19:43:43.558891+00:00,CALL,83.0,2026-07-31,30551,223,440,105,80.18,REPEATEDHITS,False,False,False,30551,0,43018974100.0,10,ASK,LONG,1.0
XYZ,2026-07-21 18:09:03.422339+00:00,PUT,80.0,2026-07-31,62776,266,279,236,80.185,REPEATEDHITS,False,False,False,62776,0,43018974100.0,10,ASK,SHORT,1.0
XYZ,2026-07-21 17:30:09.091692+00:00,PUT,82.0,2026-07-31,74800,220,220,13,80.24,REPEATEDHITS,False,False,False,74800,0,43018974100.0,10,ASK,SHORT,1.0
XYZ,2026-07-20 18:12:16.204350+00:00,CALL,82.0,2026-08-14,173420,369,370,24,80.3,REPEATEDHITS,False,False,False,173420,0,43018974100.0,25,ASK,LONG,1.0
XYZ,2026-07-20 16:56:49.004679+00:00,CALL,77.5,2027-03-19,150248,96,97,0,80.31,REPEATEDHITSASCENDINGFILL,False,False,False,0,150248,43018974100.0,242,BID,SHORT,0.5
XYZ,2026-07-20 13:38:44.645499+00:00,CALL,83.0,2026-08-07,105210,334,336,56,78.695,REPEATEDHITS,False,False,False,105210,0,43018974100.0,18,ASK,LONG,1.0
XYZ,2026-07-17 19:29:48.229035+00:00,PUT,80.0,2026-07-31,58473,219,233,26,80.135,REPEATEDHITS,False,False,False,58473,0,43018974100.0,14,ASK,SHORT,1.0
XYZ,2026-07-17 18:37:33.446702+00:00,PUT,85.0,2026-07-31,83070,142,142,77,80.13,REPEATEDHITS,False,False,False,83070,0,43018974100.0,14,ASK,SHORT,1.0
XYZ,2026-07-17 16:09:47.693285+00:00,CALL,73.0,2026-07-24,11360,16,50,7,79.8001,REPEATEDHITS,True,False,False,11360,0,43018974100.0,7,ASK,LONG,1.0
XYZ,2026-07-17 14:23:17.705301+00:00,PUT,78.0,2026-07-31,44678,251,252,89,80.425,REPEATEDHITS,False,False,False,44678,0,43018974100.0,14,ASK,SHORT,1.0
XYZ,2026-07-16 18:23:15.795412+00:00,CALL,95.0,2028-12-15,30745,13,13,0,81.385,REPEATEDHITS,False,False,False,0,30745,43018974100.0,883,BID,SHORT,0.5
XYZ,2026-07-16 18:17:09.592288+00:00,CALL,100.0,2028-12-15,24145,11,20,10,81.36,REPEATEDHITS,False,False,False,0,24145,43018974100.0,883,BID,SHORT,0.5
XYZ,2026-07-16 17:32:32.908062+00:00,PUT,81.0,2026-07-24,110335,518,556,54,80.83,REPEATEDHITS,False,False,False,214,110121,43018974100.0,8,BID,LONG,0.5
XYZ,2026-07-16 16:53:49.902106+00:00,PUT,76.0,2026-07-24,18170,395,404,48,81.16,REPEATEDHITS,False,False,False,0,18170,43018974100.0,8,BID,LONG,0.5
XYZ,2026-07-16 15:23:30.950348+00:00,PUT,87.0,2026-08-14,34440,41,41,8,81.63,REPEATEDHITS,True,False,False,0,34440,43018974100.0,29,BID,LONG,0.5
XYZ,2026-07-16 14:53:07.331802+00:00,PUT,83.0,2026-07-24,20080,72,72,22,81.85,REPEATEDHITSDESCENDINGFILL,False,False,False,19805,275,43018974100.0,8,ASK,SHORT,1.0
XYZ,2026-07-15 19:47:35.933757+00:00,PUT,84.0,2026-07-31,139855,337,358,1,81.88,REPEATEDHITS,False,False,False,139855,0,43018974100.0,16,ASK,SHORT,1.0
XYZ,2026-07-15 17:59:17.453432+00:00,CALL,95.0,2026-08-21,183000,1000,2211,353,82.065,REPEATEDHITS,False,False,False,0,183000,43018974100.0,37,BID,SHORT,0.5
XYZ,2026-07-15 17:58:53.628663+00:00,CALL,95.0,2026-08-21,173242,893,1104,353,82.22,REPEATEDHITS,False,False,False,0,173242,43018974100.0,37,BID,SHORT,0.5
XYZ,2026-07-15 17:41:00.148746+00:00,PUT,65.0,2028-12-15,20480,16,23,0,82.465,REPEATEDHITS,False,False,False,20480,0,43018974100.0,884,ASK,SHORT,1.0
XYZ,2026-07-15 16:20:10.778206+00:00,PUT,83.0,2026-07-17,37700,290,350,41,83.21,REPEATEDHITS,False,False,False,37700,0,43018974100.0,2,ASK,SHORT,1.0
XYZ,2026-07-15 14:57:19.021645+00:00,CALL,87.0,2026-07-31,63011,356,362,95,83.13,REPEATEDHITS,False,False,False,63011,0,43018974100.0,16,ASK,LONG,1.0
XYZ,2026-07-15 14:24:49.458828+00:00,CALL,87.0,2026-07-24,39007,470,477,13,82.39,REPEATEDHITSASCENDINGFILL,False,False,False,14024,24983,43018974100.0,9,BID,SHORT,0.5
XYZ,2026-07-15 14:24:39.629983+00:00,CALL,85.0,2026-07-24,74756,575,791,417,82.19,REPEATEDHITSASCENDINGFILL,True,False,False,40441,32104,43018974100.0,9,ASK,LONG,1.0
XYZ,2026-07-15 14:16:32.512136+00:00,PUT,81.0,2026-07-31,44530,146,146,71,81.065,REPEATEDHITS,False,False,False,44530,0,43018974100.0,16,ASK,SHORT,1.0
XYZ,2026-07-14 19:23:27.001053+00:00,CALL,78.0,2026-07-31,29820,71,470,43,79.91,REPEATEDHITS,False,False,False,28980,0,43018974100.0,17,ASK,LONG,1.0
XYZ,2026-07-14 18:09:09.650598+00:00,PUT,80.0,2026-08-07,55680,116,116,70,80.62,REPEATEDHITS,False,False,False,55200,480,43018974100.0,24,ASK,SHORT,1.0
XYZ,2026-07-14 18:08:28.409855+00:00,PUT,79.0,2026-07-31,38025,169,169,83,80.67,REPEATEDHITS,False,False,False,38025,0,43018974100.0,17,ASK,SHORT,1.0
XYZ,2026-07-14 17:40:51.925172+00:00,PUT,60.0,2026-08-21,33320,833,842,167,80.88,REPEATEDHITS,False,False,False,0,33320,43018974100.0,38,BID,LONG,0.5
XYZ,2026-07-14 16:14:42.948577+00:00,CALL,78.0,2026-07-31,143075,349,364,43,79.74,REPEATEDHITSDESCENDINGFILL,False,False,False,143075,0,43018974100.0,17,ASK,LONG,1.0
XYZ,2026-07-14 13:38:23.574278+00:00,CALL,83.0,2026-08-14,69650,172,173,8,79.27,REPEATEDHITSDESCENDINGFILL,True,False,False,68850,400,43018974100.0,31,ASK,LONG,1.0
XYZ,2026-07-13 17:34:35.744130+00:00,PUT,75.0,2026-08-21,121489,300,311,151,78.5,REPEATEDHITSDESCENDINGFILL,False,False,False,121084,405,43018974100.0,39,ASK,SHORT,1.0
XYZ,2026-07-13 16:58:13.274994+00:00,CALL,82.0,2026-07-31,48640,304,313,17,78.18,REPEATEDHITS,False,False,False,48640,0,43018974100.0,18,ASK,LONG,1.0
XYZ,2026-07-13 15:21:02.822136+00:00,CALL,79.0,2026-07-31,58082,226,282,45,77.84,REPEATEDHITS,False,False,False,58082,0,43018974100.0,18,ASK,LONG,1.0
XYZ,2026-07-13 14:37:35.252636+00:00,PUT,77.0,2026-07-31,43788,164,216,17,77.7117,REPEATEDHITS,False,False,False,43788,0,43018974100.0,18,ASK,SHORT,1.0
XYZ,2026-07-13 14:15:15.785691+00:00,PUT,77.0,2026-07-31,12750,51,51,17,77.8,REPEATEDHITS,True,False,False,0,12750,43018974100.0,18,BID,LONG,0.5
XYZ,2026-07-10 19:40:35.982458+00:00,PUT,80.0,2026-07-24,12480,32,32,31,77.37,REPEATEDHITS,True,False,False,0,12480,43018974100.0,14,BID,LONG,0.5
XYZ,2026-07-10 17:00:38.954194+00:00,PUT,72.0,2026-07-24,14835,215,218,129,77.16,REPEATEDHITS,False,False,False,0,14835,43018974100.0,14,BID,LONG,0.5
XYZ,2026-07-10 14:09:03.428944+00:00,PUT,79.0,2026-07-10,13200,220,349,186,78.78,REPEATEDHITS,False,False,False,0,13200,43018974100.0,0,BID,LONG,0.5
XYZ,2026-07-09 18:38:30.454561+00:00,CALL,79.0,2026-07-17,20698,158,1383,144,77.475,REPEATEDHITS,False,False,False,0,20698,43018974100.0,8,BID,SHORT,0.5
XYZ,2026-07-09 16:45:37.990560+00:00,CALL,79.0,2026-07-17,22479,177,1205,144,77.3051,REPEATEDHITS,False,False,False,0,22479,43018974100.0,8,BID,SHORT,0.5
XYZ,2026-07-09 15:29:13.732374+00:00,CALL,79.0,2026-07-17,137137,1001,1025,144,77.395,REPEATEDHITS,False,False,False,0,137137,43018974100.0,8,BID,SHORT,0.5
XYZ,2026-07-09 14:37:36.618643+00:00,PUT,74.0,2026-07-17,29120,364,365,205,77.375,REPEATEDHITS,False,False,False,0,29120,43018974100.0,8,BID,LONG,0.5
XYZ,2026-07-08 17:31:04.131371+00:00,PUT,76.0,2026-07-17,56281,280,537,252,76.31,REPEATEDHITS,True,False,False,0,56079,43018974100.0,9,BID,LONG,0.5
XYZ,2026-07-08 16:01:41.239933+00:00,CALL,115.0,2027-03-19,103950,297,300,25,75.765,REPEATEDHITS,True,False,False,87850,12250,43018974100.0,254,ASK,LONG,1.0
XYZ,2026-07-08 15:11:08.939101+00:00,PUT,78.0,2026-07-31,14415,31,31,5,75.6899,REPEATEDHITS,True,False,False,0,14415,43018974100.0,23,BID,LONG,0.5
XYZ,2026-07-07 19:12:55.389415+00:00,PUT,77.0,2026-07-17,229215,1102,1112,171,77.57,REPEATEDHITS,True,False,False,229008,0,43018974100.0,10,ASK,SHORT,1.0
YINN,2026-07-22 14:12:35.278283+00:00,CALL,28.0,2026-10-16,101296,289,2009,89,27.58,REPEATEDHITSASCENDINGFILL,True,False,False,2555,98741,671465416.0,86,BID,SHORT,0.5
YINN,2026-07-22 14:07:44.208574+00:00,CALL,28.0,2026-10-16,77795,219,1532,89,27.635,REPEATEDHITSASCENDINGFILL,True,False,False,0,77795,671465416.0,86,BID,SHORT,0.5
YINN,2026-07-22 14:04:13.154561+00:00,CALL,28.0,2026-10-16,67701,193,1313,89,27.61,REPEATEDHITSASCENDINGFILL,True,False,False,0,67701,671465416.0,86,BID,SHORT,0.5
YINN,2026-07-22 14:00:38.728640+00:00,CALL,28.0,2026-10-16,115375,325,1120,89,27.57,REPEATEDHITS,True,False,False,0,115375,671465416.0,86,BID,SHORT,0.5
YINN,2026-07-22 13:57:05.065740+00:00,CALL,28.0,2026-10-16,114882,326,795,89,27.565,REPEATEDHITSASCENDINGFILL,True,False,False,0,114882,671465416.0,86,BID,SHORT,0.5
YINN,2026-07-20 19:52:07.148564+00:00,PUT,26.0,2026-08-07,16216,222,469,5,29.115,REPEATEDHITSASCENDINGFILL,False,False,False,0,16216,671465416.0,18,BID,LONG,0.5
YINN,2026-07-06 19:32:19.081994+00:00,CALL,23.0,2026-08-21,26190,97,115,29,23.285,REPEATEDHITS,False,False,False,22680,3510,671465416.0,46,ASK,LONG,1.0
YINN,2026-07-01 13:58:16.566984+00:00,CALL,25.0,2026-07-10,19391,808,812,336,22.2201,REPEATEDHITS,False,False,False,19368,0,671465416.0,9,ASK,LONG,1.0
YINN,2026-06-30 18:03:45.750825+00:00,CALL,30.0,2026-10-16,30300,265,280,211,21.625,REPEATEDHITSDESCENDINGFILL,False,False,False,30300,0,671465416.0,108,ASK,LONG,1.0
YINN,2026-06-30 14:33:21.672826+00:00,PUT,21.0,2026-07-10,25550,350,705,45,21.605,REPEATEDHITS,False,False,False,0,0,671465416.0,10,MIXED,,0.0
YINN,2026-06-30 14:30:33.004281+00:00,PUT,21.0,2026-07-10,18980,260,265,45,21.6399,REPEATEDHITS,False,False,False,0,18980,671465416.0,10,BID,LONG,0.5
YINN,2026-06-25 19:09:10.753593+00:00,CALL,22.0,2026-07-17,26597,200,227,38,21.525,REPEATEDHITS,True,False,False,26597,0,671465416.0,22,ASK,LONG,1.0
YINN,2026-06-24 16:55:12.737714+00:00,PUT,25.0,2026-07-24,93621,338,338,62,23.3507,REPEATEDHITS,True,False,False,93344,277,671465416.0,30,ASK,SHORT,1.0
YINN,2026-06-23 18:42:52.678735+00:00,PUT,25.0,2026-07-02,25600,160,179,115,24.21,REPEATEDHITS,True,False,False,25600,0,671465416.0,9,ASK,SHORT,1.0
YINN,2026-06-23 18:16:39.971746+00:00,CALL,22.0,2026-07-10,10010,35,335,0,24.295,REPEATEDHITS,True,False,False,0,10010,671465416.0,17,BID,SHORT,0.5
YINN,2026-06-18 14:49:53.586426+00:00,CALL,28.5,2026-07-02,22017,537,537,107,25.6603,REPEATEDHITS,True,False,False,22017,0,671465416.0,14,ASK,LONG,1.0
YINN,2026-06-18 14:14:49.783572+00:00,CALL,23.0,2026-07-02,27552,96,115,0,25.51,REPEATEDHITS,True,False,False,27552,0,671465416.0,14,ASK,LONG,1.0
YINN,2026-06-17 15:41:35.658283+00:00,CALL,24.0,2026-06-26,41493,109,131,28,27.7693,REPEATEDHITSDESCENDINGFILL,True,False,False,5350,36143,671465416.0,9,BID,SHORT,0.5
YINN,2026-06-16 19:14:51.141323+00:00,CALL,28.5,2026-07-31,15003,67,76,1,28.395,REPEATEDHITSDESCENDINGFILL,True,False,False,0,15003,671465416.0,45,BID,SHORT,0.5
YINN,2026-06-15 16:06:46.316438+00:00,PUT,27.5,2026-07-31,18106,120,120,0,30.13,REPEATEDHITSDESCENDINGFILL,True,False,False,9160,8946,671465416.0,46,ASK,SHORT,1.0
YINN,2026-06-15 16:03:50.244549+00:00,PUT,30.5,2026-07-10,10750,50,60,17,30.1553,REPEATEDHITSASCENDINGFILL,True,False,False,4330,6420,671465416.0,25,BID,LONG,0.5
YINN,2026-06-15 16:02:09.543510+00:00,CALL,26.0,2026-06-26,16383,39,180,1,30.15,REPEATEDHITSASCENDINGFILL,True,False,False,0,16383,671465416.0,11,BID,SHORT,0.5
YINN,2026-06-15 14:44:53.030630+00:00,CALL,26.0,2026-06-26,11220,27,127,1,30.095,REPEATEDHITS,True,False,False,0,11220,671465416.0,11,BID,SHORT,0.5
YINN,2026-06-15 13:52:55.018850+00:00,CALL,33.0,2026-06-26,10906,266,294,161,30.2317,REPEATEDHITS,True,False,False,41,10865,671465416.0,11,BID,SHORT,0.5
YINN,2026-06-12 17:06:08.598632+00:00,PUT,29.0,2026-06-18,15213,216,494,119,29.7701,REPEATEDHITSDESCENDINGFILL,False,False,False,15213,0,671465416.0,6,ASK,SHORT,1.0
YINN,2026-06-12 13:51:28.625871+00:00,PUT,30.0,2026-07-02,42268,198,198,33,29.6,REPEATEDHITSASCENDINGFILL,False,False,False,21367,20901,671465416.0,20,ASK,SHORT,1.0
YINN,2026-06-10 13:38:15.201244+00:00,PUT,27.5,2026-07-10,10901,74,84,1,29.07,REPEATEDHITSDESCENDINGFILL,True,False,False,5627,5274,671465416.0,30,ASK,SHORT,1.0
YINN,2026-06-08 17:19:00.431125+00:00,PUT,29.0,2026-07-17,36716,133,158,131,28.5,REPEATEDHITSDESCENDINGFILL,True,False,False,22714,14002,671465416.0,39,ASK,SHORT,1.0
YINN,2026-06-05 19:28:32.771798+00:00,CALL,28.5,2026-07-24,26600,95,100,0,28.47,REPEATEDHITS,True,False,False,26600,0,671465416.0,49,ASK,LONG,1.0
YINN,2026-06-05 14:20:38.844448+00:00,CALL,29.0,2026-06-18,16144,100,100,19,29.315,REPEATEDHITSASCENDINGFILL,False,False,False,0,16144,671465416.0,13,BID,SHORT,0.5
YINN,2026-06-02 13:43:36.889561+00:00,CALL,32.0,2026-07-02,22639,82,82,0,32.84,REPEATEDHITSASCENDINGFILL,True,False,False,11092,11547,671465416.0,30,BID,SHORT,0.5
YINN,2026-06-02 13:32:17.261975+00:00,PUT,32.5,2026-06-26,11398,52,52,11,32.83,REPEATEDHITSDESCENDINGFILL,True,False,False,8577,2821,671465416.0,24,ASK,SHORT,1.0
YINN,2026-06-01 15:03:28.763482+00:00,CALL,34.0,2026-06-18,14448,344,532,153,29.87,REPEATEDHITS,False,False,False,0,14448,671465416.0,17,BID,SHORT,0.5
YINN,2026-05-28 18:14:03.600763+00:00,CALL,29.5,2026-06-05,19872,184,243,24,29.495,REPEATEDHITS,False,False,False,18144,1728,671465416.0,8,ASK,LONG,1.0
YINN,2026-05-28 15:35:14.862816+00:00,PUT,29.0,2026-07-17,31817,119,121,68,29.24,REPEATEDHITSDESCENDINGFILL,True,False,False,16081,15736,671465416.0,50,ASK,SHORT,1.0
YINN,2026-05-26 15:11:52.480126+00:00,CALL,32.5,2026-06-26,30721,200,2800,0,30.995,REPEATEDHITSASCENDINGFILL,False,False,False,0,30721,671465416.0,31,BID,SHORT,0.5
YINN,2026-05-26 15:07:49.143405+00:00,CALL,32.5,2026-06-26,28800,200,2000,0,31.005,REPEATEDHITS,False,False,False,0,28800,671465416.0,31,BID,SHORT,0.5
YINN,2026-05-26 15:04:32.767373+00:00,CALL,32.5,2026-06-26,30400,200,1800,0,30.925,REPEATEDHITS,False,False,False,0,30400,671465416.0,31,BID,SHORT,0.5
YINN,2026-05-26 15:04:02.889815+00:00,CALL,32.5,2026-06-26,30000,200,1600,0,30.955,REPEATEDHITS,False,False,False,0,30000,671465416.0,31,BID,SHORT,0.5
YINN,2026-05-26 14:49:20.149750+00:00,CALL,32.5,2026-06-26,16992,96,1296,0,31.14,REPEATEDHITS,False,False,False,16992,0,671465416.0,31,ASK,LONG,1.0
YINN,2026-05-26 14:47:41.353410+00:00,CALL,32.5,2026-06-26,35400,200,1000,0,31.105,REPEATEDHITS,False,False,False,35400,0,671465416.0,31,ASK,LONG,1.0
YINN,2026-05-26 14:47:04.296882+00:00,CALL,32.5,2026-06-26,38800,200,800,0,31.1192,REPEATEDHITS,False,False,False,38800,0,671465416.0,31,ASK,LONG,1.0
YINN,2026-05-26 13:39:40.856944+00:00,CALL,32.5,2026-06-26,39000,200,400,0,31.295,REPEATEDHITS,False,False,False,39000,0,671465416.0,31,ASK,LONG,1.0
YINN,2026-05-26 13:39:13.578655+00:00,CALL,32.5,2026-06-26,42400,200,200,0,31.255,REPEATEDHITS,False,False,False,42400,0,671465416.0,31,ASK,LONG,1.0
ZBIO,2026-07-22 13:35:19.183621+00:00,CALL,45.0,2027-12-17,11050,13,13,0,32.01,REPEATEDHITS,True,False,False,1700,9350,2042996080.0,513,BID,SHORT,0.5
ZBIO,2026-07-01 19:59:01.748653+00:00,CALL,35.0,2027-12-17,14760,18,132,1,28.12,REPEATEDHITS,True,False,False,0,14760,2042996080.0,534,BID,SHORT,0.5
ZBIO,2026-07-01 18:09:31.943054+00:00,PUT,20.0,2027-12-17,18500,37,258,0,28.68,REPEATEDHITS,False,False,False,0,18500,2042996080.0,534,BID,LONG,0.5
ZBIO,2026-07-01 18:09:25.736057+00:00,PUT,20.0,2027-12-17,14500,29,212,0,28.82,REPEATEDHITS,True,False,False,0,7500,2042996080.0,534,BID,LONG,0.5
ZBIO,2026-07-01 18:05:18.678835+00:00,PUT,20.0,2027-12-17,16430,31,123,0,28.795,REPEATEDHITS,True,False,False,0,13250,2042996080.0,534,BID,LONG,0.5
ZBIO,2026-06-29 16:00:51.173689+00:00,CALL,25.0,2026-08-21,35310,107,942,17,25.41,REPEATEDHITS,False,False,False,0,35310,2042996080.0,53,BID,SHORT,0.5
ZBIO,2026-06-29 15:40:24.070671+00:00,CALL,25.0,2026-08-21,33000,100,797,17,25.42,REPEATEDHITS,False,False,False,0,33000,2042996080.0,53,BID,SHORT,0.5
ZBIO,2026-06-29 15:16:41.107509+00:00,CALL,25.0,2026-08-21,40590,123,697,17,25.365,REPEATEDHITS,False,False,False,4620,35970,2042996080.0,53,BID,SHORT,0.5
ZBIO,2026-06-29 14:53:18.637967+00:00,CALL,25.0,2026-08-21,12210,37,574,17,25.41,REPEATEDHITS,False,False,False,3300,8910,2042996080.0,53,BID,SHORT,0.5
ZBIO,2026-06-29 14:39:19.315516+00:00,CALL,25.0,2026-08-21,20130,61,493,17,25.515,REPEATEDHITS,False,False,False,0,20130,2042996080.0,53,BID,SHORT,0.5
ZBIO,2026-06-29 14:33:34.761377+00:00,CALL,25.0,2026-08-21,27390,83,421,17,25.4,REPEATEDHITS,False,False,False,7920,19470,2042996080.0,53,BID,SHORT,0.5
ZBIO,2026-06-29 14:22:07.500491+00:00,CALL,25.0,2026-08-21,15840,48,248,17,25.19,REPEATEDHITS,False,False,False,9240,6600,2042996080.0,53,ASK,LONG,1.0
ZBIO,2026-06-29 13:53:45.874929+00:00,CALL,25.0,2026-08-21,23450,67,114,17,25.48,REPEATEDHITS,False,False,False,2100,12950,2042996080.0,53,BID,SHORT,0.5
ZBIO,2026-06-29 13:53:41.661361+00:00,CALL,25.0,2026-08-21,14000,40,47,17,25.48,REPEATEDHITS,False,False,False,0,14000,2042996080.0,53,BID,SHORT,0.5
ZM,2026-07-22 15:18:09.981684+00:00,PUT,82.5,2026-11-20,282175,418,418,95,86.57,REPEATEDHITSASCENDINGFILL,False,False,False,680,281495,23757239462.0,121,BID,LONG,0.5
ZM,2026-07-22 13:57:55.608411+00:00,CALL,89.0,2026-08-21,19145,44,102,3,87.02,REPEATEDHITS,True,False,False,18700,445,23757239462.0,30,ASK,LONG,1.0
ZM,2026-07-21 19:38:38.967209+00:00,CALL,91.0,2026-07-24,32830,335,363,100,89.67,REPEATEDHITS,False,False,False,0,32830,23757239462.0,3,BID,SHORT,0.5
ZM,2026-07-20 15:01:43.513898+00:00,CALL,95.0,2026-08-14,123140,546,568,231,90.265,REPEATEDHITSDESCENDINGFILL,True,False,False,12312,110828,23757239462.0,25,BID,SHORT,0.5
ZM,2026-07-17 18:02:37.453022+00:00,CALL,90.0,2026-08-14,45045,91,108,13,91.04,REPEATEDHITS,False,False,False,45045,0,23757239462.0,28,ASK,LONG,1.0
ZM,2026-07-17 14:20:22.610179+00:00,CALL,89.0,2026-07-31,21160,51,67,23,90.72,REPEATEDHITS,False,False,False,20750,410,23757239462.0,14,ASK,LONG,1.0
ZM,2026-07-16 19:33:53.751673+00:00,CALL,135.0,2026-11-20,240126,1486,1489,127,93.32,REPEATEDHITSASCENDINGFILL,False,False,False,208167,31959,23757239462.0,127,ASK,LONG,1.0
ZM,2026-07-16 17:52:08.049838+00:00,CALL,96.0,2026-07-24,18757,121,128,22,94.0801,REPEATEDHITSASCENDINGFILL,False,False,False,156,18601,23757239462.0,8,BID,SHORT,0.5
ZM,2026-07-16 15:51:20.820527+00:00,PUT,89.0,2026-07-31,41185,280,280,17,92.97,REPEATEDHITS,False,False,False,29005,12180,23757239462.0,15,ASK,SHORT,1.0
ZM,2026-07-16 15:51:20.820527+00:00,PUT,90.0,2026-07-31,53092,295,296,23,92.91,REPEATEDHITSASCENDINGFILL,False,False,False,35114,17978,23757239462.0,15,ASK,SHORT,1.0
ZM,2026-07-16 15:50:22.940957+00:00,PUT,88.0,2026-07-24,11041,181,194,42,92.86,REPEATEDHITS,False,False,False,0,11041,23757239462.0,8,BID,LONG,0.5
ZM,2026-07-16 15:27:19.494938+00:00,CALL,93.0,2026-07-24,50616,222,237,181,92.96,REPEATEDHITS,False,False,False,0,50616,23757239462.0,8,BID,SHORT,0.5
ZM,2026-07-16 14:22:54.276687+00:00,PUT,91.0,2026-08-07,86655,293,293,1,92.57,REPEATEDHITS,False,False,False,50787,35868,23757239462.0,22,ASK,SHORT,1.0
ZM,2026-07-15 17:29:09.127553+00:00,CALL,94.0,2026-07-24,25004,133,142,125,92.535,REPEATEDHITS,False,False,False,0,25004,23757239462.0,9,BID,SHORT,0.5
ZM,2026-07-15 16:25:15.240886+00:00,PUT,95.0,2026-08-07,22960,41,41,0,91.96,REPEATEDHITS,True,False,False,22400,560,23757239462.0,23,ASK,SHORT,1.0
ZM,2026-07-13 14:49:47.028790+00:00,CALL,94.0,2026-07-24,16340,86,86,15,91.72,REPEATEDHITS,False,False,False,16340,0,23757239462.0,11,ASK,LONG,1.0
ZM,2026-07-10 19:40:43.804970+00:00,PUT,87.0,2026-07-17,15048,152,1368,36,89.48,REPEATEDHITS,False,False,False,0,15048,23757239462.0,7,BID,LONG,0.5
ZM,2026-07-10 14:15:10.680214+00:00,CALL,93.0,2026-07-24,13464,68,79,43,90.59,REPEATEDHITS,False,False,False,0,13464,23757239462.0,14,BID,SHORT,0.5
ZM,2026-07-08 18:24:44.440096+00:00,CALL,86.0,2026-07-10,19228,92,120,77,87.29,REPEATEDHITS,False,False,False,0,19228,23757239462.0,2,BID,SHORT,0.5
ZM,2026-07-08 14:09:59.200934+00:00,CALL,85.0,2026-07-10,13125,75,75,30,85.67,REPEATEDHITS,False,False,False,0,13125,23757239462.0,2,BID,SHORT,0.5
ZM,2026-07-07 13:52:37.521225+00:00,PUT,77.5,2026-08-21,94000,400,400,301,86.14,REPEATEDHITS,False,False,False,94000,0,23757239462.0,45,ASK,SHORT,1.0
ZM,2026-07-06 18:03:29.418857+00:00,CALL,95.0,2027-02-19,13000,13,13,3,85.25,REPEATEDHITS,False,False,False,9000,2000,23757239462.0,228,ASK,LONG,1.0
ZM,2026-07-02 18:48:21.130858+00:00,PUT,87.5,2026-07-17,27354,104,104,67,88.0,REPEATEDHITSASCENDINGFILL,False,False,False,528,26826,23757239462.0,15,BID,LONG,0.5
ZM,2026-07-01 19:32:58.749453+00:00,PUT,85.0,2026-08-07,14973,61,65,1,90.45,REPEATEDHITSDESCENDINGFILL,False,False,False,14730,243,23757239462.0,37,ASK,SHORT,1.0
ZM,2026-07-01 14:50:33.086756+00:00,CALL,89.0,2026-07-24,111315,253,253,1,89.805,REPEATEDHITS,True,False,False,111315,0,23757239462.0,23,ASK,LONG,1.0
ZM,2026-07-01 14:18:32.588062+00:00,PUT,89.0,2026-07-24,18425,55,55,4,89.42,REPEATEDHITS,True,False,False,0,18090,23757239462.0,23,BID,LONG,0.5
ZM,2026-07-01 14:18:32.588062+00:00,PUT,90.0,2026-07-24,17710,46,46,10,89.49,REPEATEDHITS,True,False,False,770,16940,23757239462.0,23,BID,LONG,0.5
ZM,2026-07-01 13:38:35.365468+00:00,CALL,89.0,2026-07-17,30940,91,95,38,89.16,REPEATEDHITS,True,False,False,30940,0,23757239462.0,16,ASK,LONG,1.0
ZM,2026-07-01 13:38:35.365468+00:00,CALL,89.0,2026-07-17,17825,52,147,38,89.16,REPEATEDHITS,True,False,False,10690,7135,23757239462.0,16,ASK,LONG,1.0
ZM,2026-06-30 19:12:04.959607+00:00,CALL,91.0,2026-07-10,43400,434,736,289,86.495,REPEATEDHITS,False,False,False,43400,0,23757239462.0,10,ASK,LONG,1.0
ZM,2026-06-30 18:20:43.186730+00:00,CALL,87.5,2026-09-18,414941,597,627,162,85.48,REPEATEDHITSASCENDINGFILL,False,False,False,0,412141,23757239462.0,80,BID,SHORT,0.5
ZM,2026-06-30 16:03:45.298278+00:00,PUT,86.0,2026-07-02,56126,422,422,48,85.75,REPEATEDHITS,False,False,False,0,56126,23757239462.0,2,BID,LONG,0.5
ZM,2026-06-29 16:00:20.728475+00:00,CALL,86.0,2026-07-02,67860,261,264,64,86.78,REPEATEDHITS,True,False,False,67860,0,23757239462.0,3,ASK,LONG,1.0
ZM,2026-06-29 14:33:22.745873+00:00,CALL,95.0,2026-07-24,24272,164,165,48,87.69,REPEATEDHITS,False,False,False,24272,0,23757239462.0,25,ASK,LONG,1.0
ZM,2026-06-26 14:44:11.073711+00:00,PUT,80.0,2026-07-10,10043,121,121,56,85.28,REPEATEDHITS,False,False,False,10043,0,23757239462.0,14,ASK,SHORT,1.0
ZM,2026-06-25 18:31:28.574823+00:00,CALL,85.0,2026-07-02,13566,114,294,24,83.13,REPEATEDHITS,False,False,False,0,13566,23757239462.0,7,BID,SHORT,0.5
ZM,2026-06-25 17:34:45.789427+00:00,CALL,84.0,2026-07-10,21513,101,126,22,82.45,REPEATEDHITS,False,False,False,0,21513,23757239462.0,15,BID,SHORT,0.5
ZM,2026-06-25 15:42:08.897758+00:00,CALL,85.0,2026-07-02,15616,122,178,24,83.27,REPEATEDHITS,False,False,False,0,15616,23757239462.0,7,BID,SHORT,0.5
ZM,2026-06-25 15:21:27.488857+00:00,PUT,85.0,2026-07-31,68775,131,131,30,83.01,REPEATEDHITS,False,False,False,0,68775,23757239462.0,36,BID,LONG,0.5
ZM,2026-06-24 18:44:57.891031+00:00,PUT,86.0,2026-06-26,11985,85,281,69,85.6,REPEATEDHITS,False,False,False,0,11985,23757239462.0,2,BID,LONG,0.5
ZM,2026-06-24 18:00:09.996103+00:00,PUT,89.0,2026-07-17,132145,247,247,2,85.685,REPEATEDHITS,False,False,False,0,132145,23757239462.0,23,BID,LONG,0.5
ZM,2026-06-24 16:44:57.953257+00:00,PUT,86.0,2026-06-26,10000,80,92,69,85.97,REPEATEDHITS,False,False,False,0,10000,23757239462.0,2,BID,LONG,0.5
ZM,2026-06-24 14:59:45.159177+00:00,PUT,86.0,2026-07-24,59400,165,340,22,86.74,REPEATEDHITS,False,False,False,0,59400,23757239462.0,30,BID,LONG,0.5
ZM,2026-06-24 14:29:33.496569+00:00,PUT,86.0,2026-07-24,67376,175,175,22,86.23,REPEATEDHITS,False,False,False,0,67376,23757239462.0,30,BID,LONG,0.5
ZM,2026-06-23 17:40:31.657470+00:00,CALL,91.0,2026-07-17,18988,94,123,2,86.31,REPEATEDHITS,False,False,False,0,18786,23757239462.0,24,BID,SHORT,0.5
ZM,2026-06-23 15:33:46.939943+00:00,PUT,86.0,2026-07-17,164580,422,428,28,85.3801,REPEATEDHITS,False,False,False,0,164580,23757239462.0,24,BID,LONG,0.5
ZM,2026-06-22 19:55:02.721372+00:00,CALL,84.0,2026-07-17,10935,27,71,0,84.295,REPEATEDHITS,True,False,False,0,10935,23757239462.0,25,BID,SHORT,0.5
ZM,2026-06-22 19:55:02.721372+00:00,CALL,82.0,2026-07-10,12420,27,27,2,84.295,REPEATEDHITS,False,False,False,0,12420,23757239462.0,18,BID,SHORT,0.5
ZM,2026-06-18 18:08:58.563410+00:00,CALL,83.0,2026-07-10,11965,21,21,0,86.54,REPEATEDHITS,False,False,False,11965,0,23757239462.0,22,ASK,LONG,1.0
ZM,2026-06-18 18:08:58.563410+00:00,CALL,83.0,2026-07-10,11595,20,42,0,86.68,REPEATEDHITS,True,False,False,11595,0,23757239462.0,22,ASK,LONG,1.0
