ticker,event_ts,option_type,strike,expiration_date,premium,contracts,volume,open_interest,underlying_price,alert_rule,is_sweep,is_floor,is_multileg,ask_side_premium,bid_side_premium,marketcap,dte,execution_side,direction,direction_confidence
ASTS,2026-07-08 16:00:25.720129+00:00,PUT,82.0,2026-07-31,1190850,934,936,132,74.02,REPEATEDHITS,True,False,False,0,1190850,22169969082.0,23,BID,LONG,0.5
GS,2026-07-08 15:59:47.209366+00:00,CALL,990.0,2026-08-07,949095,161,161,21,1014.09,REPEATEDHITS,False,False,False,949095,0,307686839955.0,30,ASK,LONG,1.0
SPCX,2026-07-08 15:59:08.372732+00:00,PUT,135.0,2026-10-16,3499922,2000,4136,965,147.66,REPEATEDHITS,False,False,False,3499922,0,1770000000000.0,100,ASK,SHORT,1.0
LLY,2026-07-08 15:57:22.651905+00:00,PUT,1300.0,2026-09-18,2338020,186,188,24,1226.445,REPEATEDHITS,False,False,False,0,2338020,1163578011597.0,72,BID,LONG,0.5
PENG,2026-07-08 15:55:29.930631+00:00,CALL,115.0,2027-01-15,898500,599,600,20,74.68,REPEATEDHITS,False,False,False,898500,0,3213429654.0,191,ASK,LONG,1.0
LITE,2026-07-08 15:52:02.063668+00:00,CALL,990.0,2026-09-18,1219582,289,293,29,688.59,REPEATEDHITS,False,False,False,0,1219582,54375198000.0,72,BID,SHORT,0.5
ON,2026-07-08 15:43:36.171181+00:00,PUT,80.0,2026-08-21,1805039,2777,2778,2279,90.4425,REPEATEDHITS,False,False,False,1805039,0,35702380700.0,44,ASK,SHORT,1.0
QQQ,2026-07-08 15:41:04.612369+00:00,CALL,703.0,2026-07-17,626798,500,1334,485,703.0601,REPEATEDHITSASCENDINGFILL,False,False,False,515115,0,476014464057.0,9,ASK,LONG,1.0
QQQ,2026-07-08 15:40:06.924896+00:00,CALL,701.0,2026-07-17,673000,500,2072,311,702.67,REPEATEDHITS,True,False,False,673000,0,476014464057.0,9,ASK,LONG,1.0
ANET,2026-07-08 15:33:55.825140+00:00,PUT,162.5,2026-07-31,638129,939,946,175,174.23,REPEATEDHITSDESCENDINGFILL,False,False,False,585479,0,209606863631.0,23,ASK,SHORT,1.0
MU,2026-07-08 15:32:46.298733+00:00,PUT,935.0,2026-07-17,606900,85,119,0,919.62,REPEATEDHITS,False,False,False,178500,0,1059799945035.0,9,ASK,SHORT,1.0
DELL,2026-07-08 15:32:16.453070+00:00,PUT,450.0,2026-08-21,675905,102,124,96,419.7442,REPEATEDHITSASCENDINGFILL,False,False,False,152515,523390,135563272499.0,44,BID,LONG,0.5
QQQ,2026-07-08 15:29:37.802798+00:00,CALL,701.0,2026-07-17,532980,405,1058,311,701.75,REPEATEDHITS,True,False,False,0,532980,476014464057.0,9,BID,SHORT,0.5
QQQ,2026-07-08 15:28:53.548518+00:00,CALL,701.0,2026-07-17,534154,409,469,311,701.61,REPEATEDHITS,True,False,False,0,534154,476014464057.0,9,BID,SHORT,0.5
GEV,2026-07-08 15:26:07.156462+00:00,PUT,950.0,2026-08-21,590080,128,139,117,1073.225,REPEATEDHITS,False,False,False,590080,0,289432932215.0,44,ASK,SHORT,1.0
SPY,2026-07-08 15:19:59.348238+00:00,PUT,670.0,2026-11-20,945360,909,1013,713,741.31,REPEATEDHITS,False,False,False,945360,0,747.704983,135,ASK,SHORT,1.0
AXTI,2026-07-08 15:18:39.424897+00:00,CALL,68.0,2026-07-31,887407,1305,4034,875,58.79,REPEATEDHITSASCENDINGFILL,False,False,False,0,887407,3804358150.0,23,BID,SHORT,0.5
MS,2026-07-08 15:18:03.175290+00:00,CALL,225.0,2026-07-17,526507,1755,1759,401,216.95,REPEATEDHITSASCENDINGFILL,False,False,False,305,526202,350220320767.0,9,BID,SHORT,0.5
JPM,2026-07-08 15:17:50.962646+00:00,PUT,332.5,2026-07-17,2211508,3402,4136,260,332.875,REPEATEDHITSASCENDINGFILL,False,False,False,1320,2210188,908943863214.0,9,BID,LONG,0.5
MU,2026-07-08 15:16:47.867795+00:00,CALL,935.0,2026-07-17,599000,100,524,0,925.1303,REPEATEDHITS,True,False,False,599000,0,1059799945035.0,9,ASK,LONG,1.0
UNH,2026-07-08 15:14:31.055278+00:00,PUT,440.0,2026-08-21,544040,203,208,111,427.9,REPEATEDHITS,False,False,False,0,544040,388858352349.0,44,BID,LONG,0.5
SNDK,2026-07-08 15:12:55.072115+00:00,CALL,1640.0,2026-07-10,2781643,358,579,59,1633.0,REPEATEDHITSDESCENDINGFILL,True,False,False,2773883,7760,239564801517.0,2,ASK,LONG,1.0
PANW,2026-07-08 15:09:21.013735+00:00,CALL,315.0,2026-07-17,525700,369,380,156,317.9094,REPEATEDHITSDESCENDINGFILL,False,False,False,490200,35500,274687600000.0,9,ASK,LONG,1.0
SNDK,2026-07-08 15:03:20.755152+00:00,PUT,1140.0,2026-07-24,1119984,400,401,187,1653.2301,REPEATEDHITSDESCENDINGFILL,False,False,False,1119984,0,239564801517.0,16,ASK,SHORT,1.0
MU,2026-07-08 15:00:59.346087+00:00,CALL,935.0,2026-07-17,657500,100,406,0,937.17,REPEATEDHITS,False,False,False,0,657500,1059799945035.0,9,BID,SHORT,0.5
MU,2026-07-08 14:54:53.831942+00:00,CALL,935.0,2026-07-17,577720,88,303,0,937.295,REPEATEDHITS,False,False,False,577720,0,1059799945035.0,9,ASK,LONG,1.0
ORCL,2026-07-08 14:54:25.996444+00:00,PUT,138.0,2026-07-10,724956,2799,3111,1655,138.86,REPEATEDHITSASCENDINGFILL,True,False,False,266,724690,407874693600.0,2,BID,LONG,0.5
SPY,2026-07-08 14:53:55.550954+00:00,CALL,715.0,2026-08-07,536536,154,191,78,742.41,REPEATEDHITS,False,False,False,536536,0,747.704983,30,ASK,LONG,1.0
BE,2026-07-08 14:49:23.472102+00:00,PUT,230.0,2026-12-18,6074573,858,860,350,251.17,REPEATEDHITSDESCENDINGFILL,False,False,False,6074573,0,76677533497.0,163,ASK,SHORT,1.0
JPM,2026-07-08 14:48:46.611634+00:00,PUT,330.0,2026-10-16,2924658,1893,1893,1118,332.15,REPEATEDHITSDESCENDINGFILL,False,False,False,2920038,4620,908943863214.0,100,ASK,SHORT,1.0
MU,2026-07-08 14:48:34.592600+00:00,CALL,930.0,2026-07-17,13352957,2011,3784,1059,932.2915,REPEATEDHITSDESCENDINGFILL,False,False,False,13319782,33175,1059799945035.0,9,ASK,LONG,1.0
TSLA,2026-07-08 14:45:29.278062+00:00,PUT,392.5,2026-07-13,880457,1174,2537,226,393.7,REPEATEDHITSDESCENDINGFILL,False,False,False,880457,0,1511854846354.0,5,ASK,SHORT,1.0
ARM,2026-07-08 14:37:13.149344+00:00,CALL,540.0,2027-01-15,1071770,311,312,35,305.73,REPEATEDHITSASCENDINGFILL,False,False,False,34700,1037070,319674119358.0,191,BID,SHORT,0.5
BE,2026-07-08 14:33:48.807131+00:00,PUT,247.5,2026-07-31,594195,157,158,55,259.935,REPEATEDHITS,False,False,False,594195,0,76677533497.0,23,ASK,SHORT,1.0
AVGO,2026-07-08 14:32:37.466630+00:00,CALL,390.0,2026-07-13,815400,1080,2117,421,386.55,REPEATEDHITS,False,False,False,815400,0,1764015585814.0,5,ASK,LONG,1.0
MRVL,2026-07-08 14:32:22.444755+00:00,PUT,240.0,2027-02-19,583395,89,89,19,233.72,REPEATEDHITS,False,False,False,524400,13110,201816360000.0,226,ASK,SHORT,1.0
CRDO,2026-07-08 14:30:35.279330+00:00,PUT,250.0,2026-08-21,2497627,690,701,356,261.08,REPEATEDHITSDESCENDINGFILL,False,False,False,2450727,46900,45948154067.0,44,ASK,SHORT,1.0
HPP,2026-07-08 14:29:57.981173+00:00,CALL,20.0,2026-08-21,840000,8000,8000,28,15.645,LOWHISTORICVOLUMEFLOOR,False,True,True,0,840000,870042065.0,44,BID,SHORT,0.5
ACMR,2026-07-08 14:28:45.093378+00:00,PUT,100.0,2026-08-21,555057,319,327,64,97.14,REPEATEDHITS,False,False,False,555057,0,5796321838.0,44,ASK,SHORT,1.0
AAPL,2026-07-08 14:26:06.262618+00:00,CALL,307.5,2026-07-08,571281,1904,9227,1098,310.32,REPEATEDHITS,False,False,False,0,571281,4562774014960.0,0,BID,SHORT,0.5
SNDK,2026-07-08 14:24:17.092066+00:00,PUT,1190.0,2026-07-17,890941,515,536,128,1682.605,REPEATEDHITSDESCENDINGFILL,False,False,False,890941,0,239564801517.0,9,ASK,SHORT,1.0
XBI,2026-07-08 14:23:28.817211+00:00,PUT,160.0,2026-08-21,798411,1300,1380,492,162.555,REPEATEDHITSASCENDINGFILL,False,False,False,650670,147741,163.890727,44,ASK,SHORT,1.0
AMD,2026-07-08 14:23:10.591661+00:00,PUT,532.5,2026-07-10,652940,287,300,215,517.492,REPEATEDHITSASCENDINGFILL,False,False,False,0,652940,841569295794.0,2,BID,LONG,0.5
OXY,2026-07-08 14:21:03.359354+00:00,CALL,54.0,2026-07-17,550000,5000,6508,1492,53.34,REPEATEDHITS,False,False,False,550000,0,51402721348.0,9,ASK,LONG,1.0
MXL,2026-07-08 14:19:50.389730+00:00,CALL,110.0,2026-09-18,591364,528,529,283,82.41,REPEATEDHITS,False,False,False,0,591364,7684834201.0,72,BID,SHORT,0.5
NET,2026-07-08 14:17:56.987397+00:00,PUT,270.0,2026-09-18,2024013,563,563,126,261.025,REPEATEDHITSASCENDINGFILL,False,False,False,3600,2020413,85898806331.0,72,BID,LONG,0.5
MPC,2026-07-08 14:16:51.673129+00:00,CALL,280.0,2026-09-18,661147,380,390,368,275.59,REPEATEDHITSDESCENDINGFILL,False,False,False,638577,22570,77751484000.0,72,ASK,LONG,1.0
CAT,2026-07-08 14:15:50.502897+00:00,PUT,900.0,2026-07-24,951988,406,407,92,938.745,REPEATEDHITSDESCENDINGFILL,False,False,False,914548,0,433054080883.0,16,ASK,SHORT,1.0
ANET,2026-07-08 14:15:15.037357+00:00,PUT,172.5,2026-07-31,1081617,962,973,62,172.73,REPEATEDHITSDESCENDINGFILL,False,False,False,947217,0,209606863631.0,23,ASK,SHORT,1.0
CIEN,2026-07-08 14:13:22.044417+00:00,CALL,410.0,2026-08-21,2382896,390,390,7,424.91,REPEATEDHITS,False,False,False,2382896,0,59297934555.0,44,ASK,LONG,1.0
QXO,2026-07-08 15:29:41.208756+00:00,PUT,12.0,2026-09-18,14535,171,410,70,13.97,REPEATEDHITS,True,False,False,3655,2125,11058812458.0,72,ASK,SHORT,1.0
QXO,2026-07-08 14:47:43.507383+00:00,CALL,15.0,2026-09-18,67060,450,489,108,14.135,REPEATEDHITS,False,False,False,67060,0,11058812458.0,72,ASK,LONG,1.0
QXO,2026-07-08 14:44:15.576905+00:00,PUT,13.5,2026-07-17,34600,865,865,48,14.15,REPEATEDHITS,True,False,False,28000,6600,11058812458.0,9,ASK,SHORT,1.0
QXO,2026-07-08 14:29:04.116515+00:00,CALL,15.0,2026-10-16,119694,647,704,59,14.21,REPEATEDHITS,False,False,False,112294,7400,11058812458.0,100,ASK,LONG,1.0
QXO,2026-07-08 14:03:39.000454+00:00,PUT,14.5,2026-07-17,13585,209,1991,99,14.525,REPEATEDHITS,False,False,False,0,7540,11058812458.0,9,BID,LONG,0.5
QXO,2026-07-08 14:03:37.394505+00:00,PUT,14.5,2026-07-17,15145,233,1782,99,14.525,REPEATEDHITS,False,False,False,0,15145,11058812458.0,9,BID,LONG,0.5
QXO,2026-07-08 14:03:37.394505+00:00,PUT,14.5,2026-07-17,32550,465,1297,99,14.545,REPEATEDHITS,False,False,False,32550,0,11058812458.0,9,ASK,SHORT,1.0
QXO,2026-07-08 14:03:34.789918+00:00,PUT,14.5,2026-07-17,28535,439,832,99,14.56,REPEATEDHITS,False,False,False,28535,0,11058812458.0,9,ASK,SHORT,1.0
QXO,2026-07-08 14:03:33.184324+00:00,PUT,14.5,2026-07-17,24895,383,393,99,14.57,REPEATEDHITS,False,False,False,11180,0,11058812458.0,9,ASK,SHORT,1.0
QXO,2026-07-07 18:32:58.148158+00:00,CALL,19.0,2026-10-16,74335,708,939,219,15.41,REPEATEDHITS,False,False,False,73705,630,11058812458.0,101,ASK,LONG,1.0
QXO,2026-06-30 14:03:14.087692+00:00,CALL,19.0,2026-11-20,30000,100,100,68,18.42,REPEATEDHITS,False,False,False,0,30000,11058812458.0,143,BID,SHORT,0.5
QXO,2026-06-30 13:37:17.157986+00:00,CALL,18.0,2026-07-10,32500,500,502,429,18.086,REPEATEDHITS,False,False,False,0,32500,11058812458.0,10,BID,SHORT,0.5
QXO,2026-06-26 16:06:11.647721+00:00,CALL,19.0,2026-07-31,201700,2017,4055,612,18.18,REPEATEDHITS,False,False,False,95600,50400,11058812458.0,35,ASK,LONG,1.0
QXO,2026-06-26 13:52:51.215083+00:00,PUT,18.0,2026-06-26,14790,493,494,91,17.81,REPEATEDHITS,True,False,False,1920,12810,11058812458.0,0,BID,LONG,0.5
QXO,2026-06-23 17:40:46.482156+00:00,PUT,16.0,2026-06-26,14958,991,1145,475,16.575,REPEATEDHITS,True,False,False,0,14958,11058812458.0,3,BID,LONG,0.5
QXO,2026-06-23 17:40:31.657470+00:00,PUT,16.5,2026-06-26,33720,843,871,329,16.55,REPEATEDHITS,True,False,False,4440,0,11058812458.0,3,ASK,SHORT,1.0
QXO,2026-06-22 15:48:05.695286+00:00,PUT,13.0,2027-03-19,129050,890,1000,0,17.445,REPEATEDHITS,False,False,False,0,129050,11058812458.0,270,BID,LONG,0.5
QXO,2026-06-22 15:48:00.491224+00:00,PUT,13.0,2027-03-19,16500,110,110,0,17.415,REPEATEDHITS,False,False,False,12600,0,11058812458.0,270,ASK,SHORT,1.0
QXO,2026-06-22 15:08:57.665147+00:00,CALL,19.0,2026-07-24,32500,500,501,21,17.41,REPEATEDHITS,True,False,False,32500,0,11058812458.0,32,ASK,LONG,1.0
QXO,2026-06-18 18:14:30.528979+00:00,CALL,23.0,2026-07-17,190000,10000,10009,171,17.675,FLOORTRADELARGECAP,False,True,False,160000,30000,11058812458.0,29,ASK,LONG,1.0
QXO,2026-06-18 15:03:02.639153+00:00,PUT,18.0,2026-10-16,27775,101,101,21,17.42,REPEATEDHITS,False,False,False,27775,0,11058812458.0,120,ASK,SHORT,1.0
QXO,2026-06-16 17:07:37.179070+00:00,PUT,13.0,2026-09-18,13000,200,600,25,17.265,REPEATEDHITS,False,False,False,13000,0,11058812458.0,94,ASK,SHORT,1.0
QXO,2026-06-15 14:02:23.270043+00:00,CALL,19.0,2026-08-21,748888,6240,6293,3390,17.36,REPEATEDHITSASCENDINGFILL,False,False,False,1625,747263,11058812458.0,67,BID,SHORT,0.5
QXO,2026-06-12 19:16:45.131838+00:00,CALL,17.5,2026-07-10,27540,324,1402,5,16.85,REPEATEDHITS,False,False,False,27540,0,11058812458.0,28,ASK,LONG,1.0
QXO,2026-06-12 15:01:59.093727+00:00,CALL,17.0,2026-06-26,18130,259,268,51,16.81,REPEATEDHITS,False,False,False,18130,0,11058812458.0,14,ASK,LONG,1.0
QXO,2026-06-10 19:15:19.369608+00:00,CALL,21.0,2026-09-18,26040,434,511,83,14.785,REPEATEDHITS,True,False,False,26040,0,11058812458.0,100,ASK,LONG,1.0
QXO,2026-06-10 18:22:20.046759+00:00,PUT,12.0,2026-08-21,34580,532,1133,6,14.885,REPEATEDHITS,False,False,False,34580,0,11058812458.0,72,ASK,SHORT,1.0
QXO,2026-06-01 19:25:09.599188+00:00,PUT,14.0,2026-07-17,40000,1000,1600,179,16.765,REPEATEDHITS,False,False,False,0,40000,11058812458.0,46,BID,LONG,0.5
QXO,2026-05-28 18:06:55.568959+00:00,CALL,17.5,2026-06-05,12856,224,241,143,17.465,REPEATEDHITSDESCENDINGFILL,False,False,False,3416,3200,11058812458.0,8,ASK,LONG,1.0
QXO,2026-05-26 15:34:29.629357+00:00,PUT,17.5,2026-06-18,14000,112,161,2,17.27,REPEATEDHITS,False,False,False,14000,0,11058812458.0,23,ASK,SHORT,1.0
UAA,2026-07-08 14:46:14.754278+00:00,PUT,6.0,2026-10-16,381612,7788,31998,636,6.36,LOWHISTORICVOLUMEFLOOR,False,True,True,0,381612,1272778270.0,100,BID,LONG,0.5
UAA,2026-07-08 14:35:04.734880+00:00,PUT,6.0,2026-10-16,380730,7770,21059,636,6.375,LOWHISTORICVOLUMEFLOOR,False,True,True,0,380730,1272778270.0,100,BID,LONG,0.5
UAA,2026-05-11 19:53:00.671543+00:00,PUT,6.0,2026-05-15,45000,1125,2368,674,6.135,REPEATEDHITS,True,False,False,45000,0,1272778270.0,4,ASK,SHORT,1.0
UAA,2026-05-11 18:57:27.942071+00:00,CALL,6.0,2026-06-18,20220,300,353,84,6.19,REPEATEDHITSDESCENDINGFILL,False,False,False,20220,0,1272778270.0,38,ASK,LONG,1.0
RCL,2026-07-02 16:47:03.002433+00:00,PUT,300.0,2026-08-21,196940,86,88,54,296.51,REPEATEDHITS,False,False,False,196940,0,75700714490.0,50,ASK,SHORT,1.0
RCL,2026-07-01 19:38:59.293032+00:00,PUT,250.0,2026-08-21,67104,156,182,152,307.94,REPEATEDHITS,False,False,False,0,67104,75700714490.0,51,BID,LONG,0.5
RCL,2026-06-30 15:24:12.722114+00:00,PUT,317.5,2026-07-02,107180,228,232,56,317.45,REPEATEDHITS,False,False,False,960,106220,75700714490.0,2,BID,LONG,0.5
RCL,2026-06-29 16:44:43.543685+00:00,CALL,310.0,2026-07-24,167240,75,75,8,320.38,REPEATEDHITS,False,False,False,120430,46810,75700714490.0,25,ASK,LONG,1.0
RCL,2026-06-26 18:08:16.358320+00:00,PUT,330.0,2026-07-17,83250,45,46,33,321.245,REPEATEDHITS,False,False,False,0,83250,75700714490.0,21,BID,LONG,0.5
RCL,2026-06-25 19:07:09.847566+00:00,PUT,315.0,2026-07-17,63800,55,61,33,320.59,REPEATEDHITS,False,False,False,0,63800,75700714490.0,22,BID,LONG,0.5
RCL,2026-06-25 17:29:27.434645+00:00,PUT,280.0,2026-07-10,92854,714,717,118,325.04,REPEATEDHITSASCENDINGFILL,True,False,False,130,92724,75700714490.0,15,BID,LONG,0.5
RCL,2026-06-25 14:51:38.570879+00:00,PUT,302.5,2026-07-17,158905,338,338,5,332.77,REPEATEDHITSASCENDINGFILL,True,False,False,1910,156995,75700714490.0,22,BID,LONG,0.5
RCL,2026-06-24 17:16:01.756704+00:00,PUT,330.0,2026-06-26,96500,100,218,2,322.85,REPEATEDHITS,False,False,False,10615,85885,75700714490.0,2,BID,LONG,0.5
RCL,2026-06-23 18:34:55.872423+00:00,PUT,290.0,2026-09-18,6783000,3400,3405,383,309.35,LOWHISTORICVOLUMEFLOOR,False,True,True,6783000,0,75700714490.0,87,ASK,SHORT,1.0
RCL,2026-06-23 17:22:19.644218+00:00,PUT,335.0,2026-07-31,291480,84,84,1,308.75,REPEATEDHITS,False,False,False,0,291480,75700714490.0,38,BID,LONG,0.5
RCL,2026-06-23 17:12:07.293871+00:00,CALL,310.0,2026-06-26,167370,248,599,103,309.95,REPEATEDHITSASCENDINGFILL,False,False,False,167370,0,75700714490.0,3,ASK,LONG,1.0
RCL,2026-06-23 17:10:35.981836+00:00,CALL,310.0,2026-06-26,164340,249,344,103,310.11,REPEATEDHITS,True,False,False,0,164340,75700714490.0,3,BID,SHORT,0.5
RCL,2026-06-23 16:20:12.574388+00:00,CALL,310.0,2026-07-31,297600,160,160,10,305.68,REPEATEDHITS,False,False,False,0,297600,75700714490.0,38,BID,SHORT,0.5
RCL,2026-06-22 13:47:38.990033+00:00,PUT,307.5,2026-07-02,197667,241,241,3,312.25,REPEATEDHITSASCENDINGFILL,False,False,False,3320,194347,75700714490.0,10,BID,LONG,0.5
RCL,2026-06-17 14:47:16.188987+00:00,PUT,305.0,2026-07-10,59950,55,55,2,311.46,REPEATEDHITS,False,False,False,59950,0,75700714490.0,23,ASK,SHORT,1.0
RCL,2026-06-17 14:47:16.188987+00:00,PUT,320.0,2026-07-10,63240,34,36,1,310.61,REPEATEDHITS,False,False,False,63240,0,75700714490.0,23,ASK,SHORT,1.0
RCL,2026-06-15 17:13:48.840143+00:00,CALL,310.0,2026-06-26,62780,53,132,29,313.015,REPEATEDHITSASCENDINGFILL,False,False,False,42720,20060,75700714490.0,11,ASK,LONG,1.0
RCL,2026-06-15 13:53:18.452309+00:00,CALL,315.0,2026-06-26,140390,139,147,16,312.6,REPEATEDHITS,False,False,False,139380,0,75700714490.0,11,ASK,LONG,1.0
RCL,2026-06-11 19:33:29.783495+00:00,PUT,270.0,2026-07-02,81903,103,103,54,284.4,REPEATEDHITSASCENDINGFILL,False,False,False,62400,19503,75700714490.0,21,ASK,SHORT,1.0
RCL,2026-06-11 16:01:24.981803+00:00,PUT,275.0,2026-06-12,321540,699,701,84,274.02,REPEATEDHITS,False,False,False,0,321540,75700714490.0,1,BID,LONG,0.5
RCL,2026-06-08 14:07:21.972549+00:00,CALL,285.0,2026-06-26,214760,182,182,7,280.52,REPEATEDHITS,False,False,False,214760,0,75700714490.0,18,ASK,LONG,1.0
RCL,2026-06-04 19:07:53.857770+00:00,PUT,290.0,2026-07-17,338001,200,208,129,293.1,REPEATEDHITS,False,False,False,0,338001,75700714490.0,43,BID,LONG,0.5
RCL,2026-06-03 13:34:03.110736+00:00,CALL,370.0,2027-01-15,1048370,490,754,361,289.5,REPEATEDHITSDESCENDINGFILL,True,False,False,278110,390910,75700714490.0,226,BID,SHORT,0.5
RCL,2026-06-02 14:38:02.302847+00:00,PUT,260.0,2026-07-02,119840,214,223,19,291.79,REPEATEDHITS,False,False,False,0,119840,75700714490.0,30,BID,LONG,0.5
RCL,2026-06-01 16:52:22.824763+00:00,PUT,295.0,2026-06-18,215040,112,112,0,283.885,REPEATEDHITS,False,False,False,0,215040,75700714490.0,17,BID,LONG,0.5
RCL,2026-05-28 18:34:40.679826+00:00,PUT,267.5,2026-06-05,86220,221,231,16,280.97,REPEATEDHITSASCENDINGFILL,False,False,False,0,86220,75700714490.0,8,BID,LONG,0.5
RCL,2026-05-28 16:53:59.240618+00:00,CALL,282.5,2026-06-05,97790,127,128,14,280.91,REPEATEDHITS,False,False,False,0,97790,75700714490.0,8,BID,SHORT,0.5
RCL,2026-05-28 15:38:24.388808+00:00,PUT,260.0,2026-06-26,97600,122,123,7,280.63,REPEATEDHITS,False,False,False,0,97600,75700714490.0,29,BID,LONG,0.5
RCL,2026-05-27 18:34:39.275184+00:00,PUT,225.0,2026-06-18,110497,762,777,52,276.53,REPEATEDHITS,False,False,False,0,108612,75700714490.0,22,BID,LONG,0.5
BBWI,2026-07-08 14:50:43.103796+00:00,PUT,20.0,2026-07-17,78862,657,664,481,19.215,REPEATEDHITSASCENDINGFILL,False,False,False,0,78862,4156204563.0,9,BID,LONG,0.5
BBWI,2026-07-08 14:50:28.854909+00:00,CALL,19.5,2026-07-17,95615,1471,2471,3,19.12,REPEATEDHITS,True,False,False,10400,29250,4156204563.0,9,BID,SHORT,0.5
BBWI,2026-07-06 17:06:06.832599+00:00,PUT,20.5,2026-07-17,16620,369,369,1,21.59,REPEATEDHITSASCENDINGFILL,False,False,False,0,16620,4156204563.0,11,BID,LONG,0.5
BBWI,2026-07-02 19:30:38.932732+00:00,CALL,21.0,2026-07-10,57099,601,611,27,21.49,REPEATEDHITS,False,False,False,0,57099,4156204563.0,8,BID,SHORT,0.5
BBWI,2026-07-02 15:55:01.745692+00:00,CALL,21.5,2026-07-17,29400,245,802,165,21.69,REPEATEDHITS,False,False,False,29400,0,4156204563.0,15,ASK,LONG,1.0
BBWI,2026-07-02 15:54:32.521536+00:00,CALL,21.5,2026-07-17,45768,398,536,165,21.67,REPEATEDHITS,False,False,False,45768,0,4156204563.0,15,ASK,LONG,1.0
BBWI,2026-07-01 18:31:59.949842+00:00,CALL,23.5,2026-07-17,15000,250,500,226,22.435,REPEATEDHITS,False,False,False,0,15000,4156204563.0,16,BID,SHORT,0.5
BBWI,2026-07-01 18:31:59.949842+00:00,CALL,23.5,2026-07-17,15250,250,250,226,22.435,REPEATEDHITS,False,False,False,0,15250,4156204563.0,16,BID,SHORT,0.5
BBWI,2026-07-01 15:08:36.815155+00:00,PUT,25.0,2026-08-21,35350,101,154,48,22.42,REPEATEDHITS,False,False,False,0,25200,4156204563.0,51,BID,LONG,0.5
BBWI,2026-06-29 19:49:54.982262+00:00,CALL,24.0,2026-07-17,28094,281,13713,18,23.56,REPEATEDHITSASCENDINGFILL,False,False,False,8494,7400,4156204563.0,18,ASK,LONG,1.0
BBWI,2026-06-29 19:48:19.639049+00:00,CALL,24.0,2026-07-17,29995,300,13256,18,23.525,REPEATEDHITS,True,False,False,29995,0,4156204563.0,18,ASK,LONG,1.0
BBWI,2026-06-29 19:42:16.408073+00:00,CALL,24.0,2026-07-17,16420,170,12287,18,23.405,REPEATEDHITSDESCENDINGFILL,False,False,False,1960,14460,4156204563.0,18,BID,SHORT,0.5
BBWI,2026-06-29 19:38:44.746548+00:00,CALL,24.0,2026-07-17,87390,971,11384,18,23.3,REPEATEDHITS,False,False,False,79470,7920,4156204563.0,18,ASK,LONG,1.0
BBWI,2026-06-29 19:38:34.330949+00:00,CALL,24.0,2026-07-17,284308,3282,3702,18,23.27,REPEATEDHITSASCENDINGFILL,False,False,False,284223,85,4156204563.0,18,ASK,LONG,1.0
BBWI,2026-06-29 19:38:34.330949+00:00,CALL,24.0,2026-07-17,576982,6411,10113,18,23.365,REPEATEDHITSASCENDINGFILL,False,False,False,0,576982,4156204563.0,18,BID,SHORT,0.5
BBWI,2026-06-26 19:28:58.213437+00:00,CALL,20.0,2026-09-18,24600,60,70,10,22.79,REPEATEDHITS,False,False,False,13530,2460,4156204563.0,84,ASK,LONG,1.0
BBWI,2026-06-26 16:10:30.929030+00:00,PUT,23.5,2026-07-17,34210,228,228,0,22.81,REPEATEDHITS,True,False,False,0,34210,4156204563.0,21,BID,LONG,0.5
BBWI,2026-06-26 14:26:07.072243+00:00,PUT,20.0,2026-08-21,60390,671,676,337,22.415,REPEATEDHITS,False,False,False,0,60390,4156204563.0,56,BID,LONG,0.5
BBWI,2026-06-25 19:45:30.615859+00:00,CALL,25.0,2026-08-07,12350,190,190,0,21.895,REPEATEDHITS,True,False,False,0,12350,4156204563.0,43,BID,SHORT,0.5
BBWI,2026-06-24 15:42:13.884104+00:00,CALL,23.0,2026-07-17,140000,2000,2005,22,21.49,LOWHISTORICVOLUMEFLOOR,False,True,False,140000,0,4156204563.0,23,ASK,LONG,1.0
BBWI,2026-06-24 15:40:12.303829+00:00,CALL,21.5,2026-07-17,15624,125,126,44,21.47,REPEATEDHITS,False,False,False,15624,0,4156204563.0,23,ASK,LONG,1.0
BBWI,2026-06-23 13:40:51.135049+00:00,CALL,20.0,2026-07-17,108460,748,1510,347,20.28,REPEATEDHITS,False,False,False,0,108460,4156204563.0,24,BID,SHORT,0.5
BBWI,2026-06-23 13:32:55.397378+00:00,CALL,20.0,2026-07-17,83788,672,744,347,20.01,REPEATEDHITSASCENDINGFILL,False,False,False,79468,4320,4156204563.0,24,ASK,LONG,1.0
BBWI,2026-06-16 19:51:23.260860+00:00,CALL,22.5,2026-08-21,54000,400,416,230,20.935,REPEATEDHITS,False,False,False,0,5400,4156204563.0,66,BID,SHORT,0.5
BBWI,2026-06-16 18:56:09.907790+00:00,CALL,21.0,2026-06-26,37784,504,606,293,20.795,REPEATEDHITSDESCENDINGFILL,False,False,False,37784,0,4156204563.0,10,ASK,LONG,1.0
BBWI,2026-05-27 14:26:45.004813+00:00,CALL,22.5,2026-07-17,32775,345,525,74,20.53,REPEATEDHITS,True,False,False,4275,28500,4156204563.0,51,BID,SHORT,0.5
BBWI,2026-05-26 18:50:27.469796+00:00,CALL,17.0,2026-05-29,33170,214,670,57,17.96,REPEATEDHITS,True,False,False,33170,0,4156204563.0,3,ASK,LONG,1.0
BBWI,2026-05-26 18:48:19.313401+00:00,CALL,17.0,2026-05-29,22165,143,456,57,17.95,REPEATEDHITS,False,False,False,22165,0,4156204563.0,3,ASK,LONG,1.0
BBWI,2026-05-26 18:48:00.882850+00:00,CALL,17.0,2026-05-29,28800,192,313,57,17.915,REPEATEDHITS,False,False,False,25800,1200,4156204563.0,3,ASK,LONG,1.0
BBWI,2026-05-26 18:44:08.819356+00:00,CALL,17.0,2026-05-29,15150,101,121,57,17.91,REPEATEDHITS,False,False,False,12600,450,4156204563.0,3,ASK,LONG,1.0
LNG,2026-07-08 15:47:54.675695+00:00,PUT,265.0,2026-07-31,81030,73,73,0,260.72,REPEATEDHITS,False,False,False,81030,0,53435726340.0,23,ASK,SHORT,1.0
LNG,2026-07-08 15:14:54.887354+00:00,PUT,262.5,2026-07-24,58410,59,59,0,257.81,REPEATEDHITS,False,False,False,58410,0,53435726340.0,16,ASK,SHORT,1.0
LNG,2026-06-26 19:35:19.538251+00:00,CALL,227.5,2026-07-17,10570,7,7,4,239.76,REPEATEDHITS,True,False,False,0,10570,53435726340.0,21,BID,SHORT,0.5
LNG,2026-06-25 14:54:26.648508+00:00,CALL,230.0,2026-07-31,107160,114,114,6,229.46,REPEATEDHITS,False,False,False,0,107160,53435726340.0,36,BID,SHORT,0.5
LNG,2026-06-25 13:56:08.888702+00:00,PUT,225.0,2026-06-26,24800,248,254,89,228.46,REPEATEDHITS,False,False,False,0,24800,53435726340.0,1,BID,LONG,0.5
LNG,2026-06-24 17:29:15.554244+00:00,PUT,235.0,2026-07-24,31500,30,30,2,230.34,REPEATEDHITS,True,False,False,31500,0,53435726340.0,30,ASK,SHORT,1.0
LNG,2026-06-24 17:26:48.348905+00:00,PUT,230.0,2026-07-02,18450,45,60,39,230.49,REPEATEDHITS,True,False,False,18040,410,53435726340.0,8,ASK,SHORT,1.0
LNG,2026-06-24 16:54:40.280379+00:00,PUT,232.5,2026-07-17,114760,151,152,27,231.24,REPEATEDHITS,False,False,False,114760,0,53435726340.0,23,ASK,SHORT,1.0
LNG,2026-06-23 15:47:19.773644+00:00,CALL,245.0,2026-07-02,20255,135,139,20,233.285,REPEATEDHITS,False,False,False,0,20255,53435726340.0,9,BID,SHORT,0.5
LNG,2026-06-22 18:31:26.792685+00:00,CALL,270.0,2026-08-21,23920,92,122,1,231.99,REPEATEDHITS,False,False,False,3640,20280,53435726340.0,60,BID,SHORT,0.5
LNG,2026-06-22 15:21:26.443207+00:00,CALL,290.0,2026-08-21,26261,328,332,0,227.25,REPEATEDHITSASCENDINGFILL,False,False,False,880,25381,53435726340.0,60,BID,SHORT,0.5
LNG,2026-06-22 14:44:12.924455+00:00,CALL,270.0,2026-11-20,71070,103,103,63,226.76,REPEATEDHITS,False,False,False,690,59340,53435726340.0,151,BID,SHORT,0.5
LNG,2026-06-18 19:02:17.075721+00:00,PUT,225.0,2026-07-10,26500,53,55,4,228.68,REPEATEDHITS,False,False,False,26000,0,53435726340.0,22,ASK,SHORT,1.0
LNG,2026-06-17 18:32:36.873919+00:00,PUT,227.5,2026-06-18,31900,290,326,165,229.82,REPEATEDHITS,False,False,False,0,31900,53435726340.0,1,BID,LONG,0.5
LNG,2026-06-17 16:29:10.905620+00:00,CALL,230.0,2026-07-17,98394,123,169,83,228.68,REPEATEDHITS,False,False,False,97594,800,53435726340.0,30,ASK,LONG,1.0
LNG,2026-06-17 16:15:20.776840+00:00,CALL,225.0,2026-07-31,11800,10,10,0,227.37,REPEATEDHITS,False,False,False,9440,2360,53435726340.0,44,ASK,LONG,1.0
LNG,2026-06-17 14:47:16.188987+00:00,CALL,225.0,2026-06-26,82357,142,142,5,227.51,REPEATEDHITS,False,False,False,82357,0,53435726340.0,9,ASK,LONG,1.0
LNG,2026-06-17 14:47:16.188987+00:00,CALL,230.0,2026-06-26,34680,102,109,19,227.51,REPEATEDHITS,False,False,False,34680,0,53435726340.0,9,ASK,LONG,1.0
LNG,2026-06-16 18:30:24.934094+00:00,PUT,230.0,2026-07-02,11750,25,25,2,231.74,REPEATEDHITS,True,False,False,0,11750,53435726340.0,16,BID,LONG,0.5
LNG,2026-06-10 18:25:10.817324+00:00,CALL,252.5,2026-06-26,122103,330,331,0,244.32,REPEATEDHITS,False,False,False,0,122103,53435726340.0,16,BID,SHORT,0.5
LNG,2026-06-10 15:18:25.701309+00:00,PUT,230.0,2026-07-17,129367,308,349,160,244.39,REPEATEDHITS,False,False,False,0,129367,53435726340.0,37,BID,LONG,0.5
LNG,2026-06-03 16:31:49.536675+00:00,PUT,240.0,2026-07-02,27200,32,32,4,240.9,REPEATEDHITS,False,False,False,27200,0,53435726340.0,29,ASK,SHORT,1.0
LNG,2026-05-29 16:08:02.806785+00:00,CALL,227.5,2026-06-05,20140,53,56,0,226.73,REPEATEDHITS,False,False,False,0,20140,53435726340.0,7,BID,SHORT,0.5
LNG,2026-05-29 14:51:32.559896+00:00,PUT,235.0,2026-06-18,88024,74,74,42,226.845,REPEATEDHITS,False,False,False,88024,0,53435726340.0,20,ASK,SHORT,1.0
LNG,2026-05-29 14:51:32.559896+00:00,PUT,232.5,2026-06-12,147863,159,159,19,226.845,REPEATEDHITSDESCENDINGFILL,False,False,False,147863,0,53435726340.0,14,ASK,SHORT,1.0
LNG,2026-05-28 19:48:28.526328+00:00,PUT,225.0,2026-06-18,24300,54,59,33,229.86,REPEATEDHITS,False,False,False,14850,900,53435726340.0,21,ASK,SHORT,1.0
LNG,2026-05-27 19:37:07.950414+00:00,PUT,260.0,2026-11-20,93500,25,25,9,231.81,REPEATEDHITS,False,False,False,93500,0,53435726340.0,177,ASK,SHORT,1.0
LNG,2026-05-27 16:39:49.229890+00:00,CALL,227.5,2026-06-12,11520,12,12,0,232.53,REPEATEDHITS,False,False,False,0,11520,53435726340.0,16,BID,SHORT,0.5
LNG,2026-05-27 16:35:43.309295+00:00,CALL,240.0,2026-06-05,40425,165,173,42,232.87,REPEATEDHITS,False,False,False,0,40425,53435726340.0,9,BID,SHORT,0.5
LNG,2026-05-22 15:01:38.958075+00:00,PUT,232.5,2026-05-29,60200,215,246,2,235.82,REPEATEDHITS,False,False,False,0,60200,53435726340.0,7,BID,LONG,0.5
RARE,2026-07-08 15:10:05.067247+00:00,CALL,40.0,2026-08-21,18200,91,778,75,34.47,REPEATEDHITS,True,False,False,17000,1200,3532808465.0,44,ASK,LONG,1.0
RARE,2026-07-08 14:55:58.320617+00:00,CALL,40.0,2026-08-21,18800,94,514,75,34.625,REPEATEDHITS,False,False,False,0,18800,3532808465.0,44,BID,SHORT,0.5
RARE,2026-07-08 14:43:48.140044+00:00,CALL,40.0,2026-08-21,21470,113,234,75,34.95,REPEATEDHITS,False,False,False,0,17480,3532808465.0,44,BID,SHORT,0.5
RARE,2026-07-07 19:57:35.568021+00:00,PUT,15.0,2026-09-18,130000,2000,2000,551,35.77,LOWHISTORICVOLUMEFLOOR,False,True,False,0,130000,3532808465.0,73,BID,LONG,0.5
RARE,2026-07-07 19:55:33.804645+00:00,PUT,35.0,2026-07-17,40708,354,611,1,35.97,REPEATEDHITSDESCENDINGFILL,True,False,False,36108,1380,3532808465.0,10,ASK,SHORT,1.0
RARE,2026-07-07 19:55:02.551369+00:00,PUT,35.0,2026-07-17,15800,158,183,1,35.98,REPEATEDHITS,False,False,False,0,2100,3532808465.0,10,BID,LONG,0.5
RARE,2026-07-07 19:54:33.471273+00:00,PUT,30.0,2026-09-18,1290000,2000,2000,1536,35.8,LOWHISTORICVOLUMEFLOOR,False,True,False,1290000,0,3532808465.0,73,ASK,SHORT,1.0
RARE,2026-07-07 19:45:43.972805+00:00,CALL,40.0,2027-01-15,111600,120,1245,114,35.97,REPEATEDHITS,False,False,False,111600,0,3532808465.0,192,ASK,LONG,1.0
RARE,2026-07-07 18:10:02.144170+00:00,PUT,32.5,2026-09-18,100500,134,948,62,35.83,REPEATEDHITS,False,False,False,0,10500,3532808465.0,73,BID,LONG,0.5
RARE,2026-07-07 17:34:32.758052+00:00,PUT,32.5,2026-09-18,102000,136,814,62,35.79,REPEATEDHITS,False,False,False,3000,98250,3532808465.0,73,BID,LONG,0.5
RARE,2026-07-07 17:01:10.777707+00:00,CALL,40.0,2027-01-15,149960,163,825,114,35.73,REPEATEDHITS,False,False,False,0,149960,3532808465.0,192,BID,SHORT,0.5
RARE,2026-07-07 16:33:47.274221+00:00,CALL,40.0,2027-01-15,109480,119,297,114,35.94,REPEATEDHITS,False,False,False,109480,0,3532808465.0,192,ASK,LONG,1.0
RARE,2026-07-07 16:31:51.535914+00:00,CALL,40.0,2027-01-15,121500,135,135,114,36.01,REPEATEDHITS,False,False,False,121500,0,3532808465.0,192,ASK,LONG,1.0
RARE,2026-07-07 16:06:01.437589+00:00,PUT,32.5,2026-09-18,51750,69,641,62,35.76,REPEATEDHITS,False,False,False,0,31500,3532808465.0,73,BID,LONG,0.5
RARE,2026-07-07 15:51:55.771096+00:00,PUT,32.5,2026-09-18,58320,81,510,62,36.45,REPEATEDHITS,False,False,False,0,58320,3532808465.0,73,BID,LONG,0.5
RARE,2026-07-07 14:48:47.382843+00:00,PUT,32.5,2026-09-18,48990,69,134,62,35.835,REPEATEDHITS,False,False,False,0,710,3532808465.0,73,BID,LONG,0.5
RARE,2026-07-01 15:35:11.880705+00:00,CALL,37.5,2026-08-21,24182,108,108,14,32.885,REPEATEDHITSASCENDINGFILL,False,False,False,6580,17602,3532808465.0,51,BID,SHORT,0.5
RARE,2026-07-01 15:35:11.880705+00:00,PUT,35.0,2026-08-21,44930,85,85,0,32.885,REPEATEDHITSASCENDINGFILL,False,False,False,42930,2000,3532808465.0,51,ASK,SHORT,1.0
RARE,2026-06-30 18:39:02.706372+00:00,PUT,30.0,2026-09-18,69760,109,862,7,33.8,REPEATEDHITS,False,False,False,0,69760,3532808465.0,80,BID,LONG,0.5
RARE,2026-06-30 18:35:51.278975+00:00,PUT,30.0,2026-09-18,124800,195,746,7,33.78,REPEATEDHITS,False,False,False,0,117760,3532808465.0,80,BID,LONG,0.5
RARE,2026-06-30 16:53:07.390060+00:00,PUT,30.0,2026-09-18,12810,21,516,7,34.59,REPEATEDHITS,False,False,False,0,12810,3532808465.0,80,BID,LONG,0.5
RARE,2026-06-30 16:44:14.159401+00:00,PUT,30.0,2026-09-18,34800,58,495,7,34.8,REPEATEDHITS,False,False,False,0,34800,3532808465.0,80,BID,LONG,0.5
RARE,2026-06-30 15:24:48.976301+00:00,PUT,30.0,2026-09-18,24700,38,317,7,33.34,REPEATEDHITS,False,False,False,0,15600,3532808465.0,80,BID,LONG,0.5
RARE,2026-06-30 15:24:12.722114+00:00,PUT,30.0,2026-09-18,13000,20,279,7,33.38,REPEATEDHITS,False,False,False,0,13000,3532808465.0,80,BID,LONG,0.5
RARE,2026-06-17 16:12:17.559652+00:00,CALL,35.0,2026-09-18,24009,49,51,1,27.61,REPEATEDHITS,False,False,False,23519,0,3532808465.0,93,ASK,LONG,1.0
RARE,2026-06-17 13:43:10.349283+00:00,CALL,30.0,2026-09-18,26230,43,44,14,26.745,REPEATEDHITS,False,False,False,26230,0,3532808465.0,93,ASK,LONG,1.0
RARE,2026-06-17 13:43:10.349283+00:00,CALL,25.0,2026-09-18,46018,59,60,1,26.745,REPEATEDHITS,False,False,False,46018,0,3532808465.0,93,ASK,LONG,1.0
RARE,2026-06-11 17:40:48.495737+00:00,PUT,25.0,2026-07-17,26002,104,104,12,23.31,REPEATEDHITS,False,False,False,0,23252,3532808465.0,36,BID,LONG,0.5
RARE,2026-05-22 16:31:44.201052+00:00,CALL,22.5,2028-01-21,1300000,1000,1000,13,23.51,LOWHISTORICVOLUMEFLOOR,False,True,True,1300000,0,3532808465.0,609,ASK,LONG,1.0
RARE,2026-05-15 13:55:23.984343+00:00,CALL,32.5,2026-08-21,22015,119,119,32,25.54,REPEATEDHITS,False,False,False,16280,5735,3532808465.0,98,ASK,LONG,1.0
PBF,2026-07-08 15:18:52.843746+00:00,CALL,55.0,2026-07-17,320000,2500,2665,236,51.94,LOWHISTORICVOLUMEFLOOR,False,True,True,320000,0,5733227923.0,9,ASK,LONG,1.0
PBF,2026-07-08 14:56:52.397164+00:00,CALL,60.0,2026-07-17,11000,200,1333,6,52.17,REPEATEDHITS,False,False,False,11000,0,5733227923.0,9,ASK,LONG,1.0
PBF,2026-07-08 14:49:44.109533+00:00,CALL,60.0,2026-07-17,14000,350,468,6,52.255,REPEATEDHITS,False,False,False,14000,0,5733227923.0,9,ASK,LONG,1.0
PBF,2026-07-06 15:26:29.258220+00:00,PUT,45.0,2026-09-18,83600,220,235,46,49.96,REPEATEDHITS,False,False,False,1520,380,5733227923.0,74,ASK,SHORT,1.0
PBF,2026-06-11 14:45:02.471897+00:00,PUT,46.0,2026-07-17,282000,500,500,1,42.65,LOWHISTORICVOLUMEFLOOR,False,True,False,114000,0,5733227923.0,36,ASK,SHORT,1.0
PBF,2026-06-10 18:10:09.040791+00:00,PUT,44.0,2026-06-18,34040,148,148,147,43.135,REPEATEDHITS,False,False,False,34040,0,5733227923.0,8,ASK,SHORT,1.0
PBF,2026-06-08 14:02:25.205622+00:00,CALL,46.0,2026-06-18,267260,1683,1700,83,44.46,LOWHISTORICVOLUMEFLOOR,False,True,True,0,267260,5733227923.0,10,BID,SHORT,0.5
PBF,2026-06-01 14:36:54.013528+00:00,CALL,45.0,2026-06-18,335455,2033,2035,1615,42.495,REPEATEDHITS,False,False,False,0,335455,5733227923.0,17,BID,SHORT,0.5
PBF,2026-05-27 14:53:04.812588+00:00,CALL,45.0,2026-09-18,201925,577,577,238,37.89,REPEATEDHITSDESCENDINGFILL,False,False,False,196675,0,5733227923.0,114,ASK,LONG,1.0
PBF,2026-05-26 15:30:55.435026+00:00,CALL,44.0,2026-09-18,56840,116,118,17,40.3999,REPEATEDHITS,False,False,False,56840,0,5733227923.0,115,ASK,LONG,1.0
PBF,2026-05-26 14:39:56.919585+00:00,CALL,40.0,2026-06-18,346340,1237,1314,771,39.66,REPEATEDHITSDESCENDINGFILL,False,False,False,346340,0,5733227923.0,23,ASK,LONG,1.0
PBF,2026-05-19 15:05:16.007253+00:00,CALL,43.0,2026-09-18,10830,19,22,7,41.39,REPEATEDHITS,False,False,False,2850,7980,5733227923.0,122,BID,SHORT,0.5
PBF,2026-05-11 16:42:12.934539+00:00,PUT,46.0,2026-05-15,29591,87,87,59,43.33,REPEATEDHITSDESCENDINGFILL,False,False,False,0,29591,5733227923.0,4,BID,LONG,0.5
OLLI,2026-06-22 13:30:56.580298+00:00,CALL,70.0,2027-01-15,322000,200,200,40,75.31,LOWHISTORICVOLUMEFLOOR,False,True,False,322000,0,4112637455.0,207,ASK,LONG,1.0
OLLI,2026-06-02 19:08:18.461349+00:00,CALL,85.0,2026-06-18,720000,2000,2540,883,80.69,LOWHISTORICVOLUMEFLOOR,False,True,False,0,720000,4112637455.0,16,BID,SHORT,0.5
OLLI,2026-06-02 19:07:07.181614+00:00,CALL,85.0,2026-07-17,290071,584,600,47,80.23,REPEATEDHITSDESCENDINGFILL,False,False,False,192991,41220,4112637455.0,45,ASK,LONG,1.0
OLLI,2026-05-26 19:22:07.013378+00:00,CALL,80.0,2026-06-18,171500,350,856,237,79.47,LOWHISTORICVOLUMEFLOOR,False,True,False,171500,0,4112637455.0,23,ASK,LONG,1.0
OLLI,2026-05-12 19:25:12.279900+00:00,PUT,75.0,2026-05-15,21440,134,186,71,74.89,REPEATEDHITS,False,False,False,0,21440,4112637455.0,3,BID,LONG,0.5
IONS,2026-07-02 19:05:18.611890+00:00,PUT,80.0,2026-10-16,32560,44,206,5,80.84,REPEATEDHITS,False,False,False,32560,0,14267116459.0,106,ASK,SHORT,1.0
IONS,2026-07-02 19:05:10.002793+00:00,PUT,80.0,2026-10-16,45140,61,162,5,80.82,REPEATEDHITS,False,False,False,45140,0,14267116459.0,106,ASK,SHORT,1.0
IONS,2026-06-30 19:13:05.836705+00:00,CALL,80.0,2026-09-18,69010,103,111,70,79.655,REPEATEDHITS,False,False,False,0,69010,14267116459.0,80,BID,SHORT,0.5
IONS,2026-06-30 16:35:24.984854+00:00,PUT,82.5,2026-09-18,85100,115,247,3,80.55,REPEATEDHITS,False,False,False,0,85100,14267116459.0,80,BID,LONG,0.5
IONS,2026-06-30 16:31:18.027258+00:00,PUT,82.5,2026-09-18,10780,14,130,3,80.295,REPEATEDHITS,False,False,False,3080,7700,14267116459.0,80,BID,LONG,0.5
IONS,2026-06-30 16:14:38.544911+00:00,PUT,82.5,2026-09-18,81750,109,114,3,80.24,REPEATEDHITS,False,False,False,0,81750,14267116459.0,80,BID,LONG,0.5
IONS,2026-06-23 19:50:56.674426+00:00,CALL,95.0,2027-12-17,53401,60,64,22,76.3,REPEATEDHITS,False,False,False,0,53401,14267116459.0,542,BID,SHORT,0.5
IONS,2026-06-17 18:42:10.974909+00:00,PUT,85.0,2026-09-18,180900,135,159,0,74.21,REPEATEDHITS,False,False,False,0,81740,14267116459.0,93,BID,LONG,0.5
IONS,2026-06-17 18:42:05.365658+00:00,PUT,85.0,2026-09-18,31680,24,24,0,74.21,REPEATEDHITS,False,False,False,0,2640,14267116459.0,93,BID,LONG,0.5
IONS,2026-06-02 16:51:58.393359+00:00,PUT,72.5,2026-07-17,140000,400,1600,297,73.13,REPEATEDHITS,False,False,False,0,140000,14267116459.0,45,BID,LONG,0.5
IONS,2026-06-02 16:49:24.405194+00:00,PUT,72.5,2026-07-17,144012,400,1200,297,73.06,REPEATEDHITSASCENDINGFILL,False,False,False,0,144012,14267116459.0,45,BID,LONG,0.5
IONS,2026-05-29 19:22:29.465249+00:00,CALL,87.5,2027-01-15,33600,60,100,41,76.98,REPEATEDHITS,False,False,False,0,33600,14267116459.0,231,BID,SHORT,0.5
IONS,2026-05-26 17:01:46.516036+00:00,CALL,82.5,2026-07-17,20750,83,267,60,76.24,REPEATEDHITS,False,False,False,20750,0,14267116459.0,52,ASK,LONG,1.0
IONS,2026-05-26 16:18:01.122953+00:00,CALL,82.5,2026-07-17,19033,81,117,60,76.365,REPEATEDHITSDESCENDINGFILL,False,False,False,19033,0,14267116459.0,52,ASK,LONG,1.0
IONS,2026-05-19 14:05:01.314403+00:00,CALL,65.0,2028-01-21,61590,28,36,6,72.985,REPEATEDHITS,True,False,False,48400,13190,14267116459.0,612,ASK,LONG,1.0
NOG,2026-07-06 17:58:52.940150+00:00,PUT,14.0,2027-01-15,147510,1341,1351,11,17.54,REPEATEDHITS,False,False,False,147510,0,1955019953.0,193,ASK,SHORT,1.0
NOG,2026-07-06 17:38:39.180137+00:00,CALL,18.0,2026-08-21,172352,1436,5630,751,17.64,REPEATEDHITSDESCENDINGFILL,False,False,False,3488,124464,1955019953.0,46,BID,SHORT,0.5
NOG,2026-06-24 19:18:22.364620+00:00,CALL,18.0,2027-12-17,67200,168,1101,47,19.255,REPEATEDHITS,False,False,False,0,50400,1955019953.0,541,BID,SHORT,0.5
NOG,2026-06-24 19:09:53.888472+00:00,CALL,18.0,2027-12-17,61500,150,701,47,19.265,REPEATEDHITS,False,False,False,61500,0,1955019953.0,541,ASK,LONG,1.0
NOG,2026-06-16 13:59:26.778578+00:00,CALL,20.0,2027-12-17,76000,200,1008,187,19.95,REPEATEDHITS,False,False,False,24700,40660,1955019953.0,549,BID,SHORT,0.5
NOG,2026-06-11 14:44:24.803019+00:00,PUT,21.0,2027-01-15,14720,47,195,0,21.27,REPEATEDHITSASCENDINGFILL,False,False,False,2240,9920,1955019953.0,218,BID,LONG,0.5
NOG,2026-06-11 14:44:22.396375+00:00,PUT,21.0,2027-01-15,20760,66,91,0,21.24,REPEATEDHITSASCENDINGFILL,False,False,False,9600,11160,1955019953.0,218,BID,LONG,0.5
NOG,2026-05-20 18:46:29.484309+00:00,CALL,24.0,2026-07-17,43037,269,419,8,24.01,REPEATEDHITSASCENDINGFILL,False,False,False,43037,0,1955019953.0,58,ASK,LONG,1.0
NOG,2026-05-20 18:46:29.280387+00:00,CALL,24.0,2026-07-17,21211,133,137,8,23.99,REPEATEDHITSDESCENDINGFILL,False,False,False,21211,0,1955019953.0,58,ASK,LONG,1.0
BKD,2026-07-06 17:58:42.924055+00:00,PUT,16.0,2026-07-17,44625,501,914,0,15.68,REPEATEDHITSASCENDINGFILL,True,False,False,40945,3680,3682138654.0,11,ASK,SHORT,1.0
BKD,2026-07-06 17:30:03.050065+00:00,PUT,16.0,2026-07-17,11098,152,252,0,15.8231,REPEATEDHITSASCENDINGFILL,True,False,False,10723,150,3682138654.0,11,ASK,SHORT,1.0
BKD,2026-07-06 17:30:03.050065+00:00,PUT,16.0,2026-07-17,11081,151,403,0,15.8231,REPEATEDHITSDESCENDINGFILL,True,False,False,11081,0,3682138654.0,11,ASK,SHORT,1.0
BKD,2026-07-06 17:20:08.748604+00:00,CALL,16.0,2026-07-17,139020,2558,2780,98,15.84,LOWHISTORICVOLUMEFLOOR,False,True,False,139020,0,3682138654.0,11,ASK,LONG,1.0
TDAY,2026-07-08 15:31:08.170367+00:00,CALL,11.0,2027-01-15,240000,2400,2400,1200,8.5,FLOORTRADESMALLCAP,False,True,True,240000,0,1258704112.0,191,ASK,LONG,1.0
PHM,2026-07-08 15:07:31.077121+00:00,PUT,125.0,2026-07-24,15370,29,3423,1,123.71,REPEATEDHITS,False,False,False,0,15370,24747986982.0,16,BID,LONG,0.5
PHM,2026-07-08 15:07:31.077121+00:00,PUT,125.0,2026-07-24,14040,26,3452,1,123.71,REPEATEDHITS,False,False,False,0,0,24747986982.0,16,MIXED,,0.0
PHM,2026-07-08 14:56:19.749681+00:00,PUT,125.0,2026-07-24,76500,150,3329,1,124.26,REPEATEDHITS,False,False,False,0,76500,24747986982.0,16,BID,LONG,0.5
PHM,2026-07-08 14:53:55.550954+00:00,PUT,125.0,2026-07-24,41310,81,3179,1,124.335,REPEATEDHITS,False,False,False,0,41310,24747986982.0,16,BID,LONG,0.5
PHM,2026-07-08 14:51:36.235910+00:00,PUT,125.0,2026-07-24,12750,25,3008,1,124.44,REPEATEDHITS,False,False,False,0,12750,24747986982.0,16,BID,LONG,0.5
PHM,2026-07-08 14:51:36.235910+00:00,PUT,125.0,2026-07-24,12240,24,2983,1,124.44,REPEATEDHITS,False,False,False,0,12240,24747986982.0,16,BID,LONG,0.5
PHM,2026-07-08 14:51:36.235910+00:00,PUT,125.0,2026-07-24,10710,21,2919,1,124.44,REPEATEDHITS,False,False,False,0,10710,24747986982.0,16,BID,LONG,0.5
PHM,2026-07-08 14:51:36.235910+00:00,PUT,125.0,2026-07-24,19380,38,3046,1,124.44,REPEATEDHITS,False,False,False,0,19380,24747986982.0,16,BID,LONG,0.5
PHM,2026-07-08 14:51:36.235910+00:00,PUT,125.0,2026-07-24,20400,40,2959,1,124.44,REPEATEDHITS,False,False,False,0,20400,24747986982.0,16,BID,LONG,0.5
PHM,2026-07-08 14:51:36.235910+00:00,PUT,125.0,2026-07-24,15300,30,3097,1,124.44,REPEATEDHITS,False,False,False,0,15300,24747986982.0,16,BID,LONG,0.5
PHM,2026-07-08 14:51:36.235910+00:00,PUT,125.0,2026-07-24,10710,21,3067,1,124.44,REPEATEDHITS,False,False,False,0,10710,24747986982.0,16,BID,LONG,0.5
PHM,2026-07-08 14:51:19.201550+00:00,PUT,125.0,2026-07-24,14790,29,2821,1,124.45,REPEATEDHITS,False,False,False,0,14790,24747986982.0,16,BID,LONG,0.5
PHM,2026-07-08 14:51:19.201550+00:00,PUT,125.0,2026-07-24,10200,20,2775,1,124.45,REPEATEDHITS,False,False,False,0,10200,24747986982.0,16,BID,LONG,0.5
PHM,2026-07-08 14:51:19.201550+00:00,PUT,125.0,2026-07-24,16830,33,2854,1,124.45,REPEATEDHITS,False,False,False,0,16830,24747986982.0,16,BID,LONG,0.5
PHM,2026-07-08 14:51:19.201550+00:00,PUT,125.0,2026-07-24,13260,26,2880,1,124.45,REPEATEDHITS,False,False,False,0,13260,24747986982.0,16,BID,LONG,0.5
PHM,2026-07-08 14:51:17.395383+00:00,PUT,125.0,2026-07-24,16830,33,2661,1,124.56,REPEATEDHITS,False,False,False,3570,0,24747986982.0,16,ASK,SHORT,1.0
PHM,2026-07-08 14:51:14.590752+00:00,PUT,125.0,2026-07-24,23430,46,2628,1,124.56,REPEATEDHITS,False,False,False,0,1500,24747986982.0,16,BID,LONG,0.5
PHM,2026-07-08 14:51:14.590752+00:00,PUT,125.0,2026-07-24,20400,40,2582,1,124.56,REPEATEDHITS,False,False,False,19890,510,24747986982.0,16,ASK,SHORT,1.0
PHM,2026-07-08 14:51:12.785817+00:00,PUT,125.0,2026-07-24,24000,48,2487,1,124.56,REPEATEDHITS,False,False,False,5000,19000,24747986982.0,16,BID,LONG,0.5
PHM,2026-07-08 14:50:50.732832+00:00,PUT,125.0,2026-07-24,37500,75,2302,1,124.56,REPEATEDHITS,False,False,False,37500,0,24747986982.0,16,ASK,SHORT,1.0
PHM,2026-07-08 14:50:50.732832+00:00,PUT,125.0,2026-07-24,68500,137,2439,1,124.56,REPEATEDHITS,False,False,False,0,0,24747986982.0,16,MIXED,,0.0
PHM,2026-07-08 14:50:48.928559+00:00,PUT,125.0,2026-07-24,66720,139,2188,1,124.67,REPEATEDHITS,False,False,False,0,66720,24747986982.0,16,BID,LONG,0.5
PHM,2026-07-08 14:50:46.721014+00:00,PUT,125.0,2026-07-24,35250,75,2014,1,124.67,REPEATEDHITS,False,False,False,0,13630,24747986982.0,16,BID,LONG,0.5
PHM,2026-07-08 14:50:41.095141+00:00,PUT,125.0,2026-07-24,57330,117,1939,1,124.56,REPEATEDHITS,False,False,False,4900,27440,24747986982.0,16,BID,LONG,0.5
PHM,2026-07-08 14:50:39.084634+00:00,PUT,125.0,2026-07-24,63840,133,1822,1,124.66,REPEATEDHITS,False,False,False,0,59520,24747986982.0,16,BID,LONG,0.5
PHM,2026-07-08 14:49:56.935216+00:00,PUT,125.0,2026-08-21,105594,160,163,157,124.79,REPEATEDHITS,False,False,False,105594,0,24747986982.0,44,ASK,SHORT,1.0
PHM,2026-07-08 14:02:11.663734+00:00,CALL,125.0,2026-08-21,103680,144,145,0,125.0,REPEATEDHITS,False,False,False,103680,0,24747986982.0,44,ASK,LONG,1.0
PHM,2026-07-08 13:55:26.098912+00:00,PUT,125.0,2026-07-24,43240,94,1524,1,125.07,REPEATEDHITS,False,False,False,0,43240,24747986982.0,16,BID,LONG,0.5
PHM,2026-07-08 13:55:26.098912+00:00,PUT,125.0,2026-07-24,20160,42,1684,1,125.14,REPEATEDHITS,False,False,False,0,0,24747986982.0,16,MIXED,,0.0
PHM,2026-07-08 13:55:26.098912+00:00,PUT,125.0,2026-07-24,55460,118,1642,1,125.14,REPEATEDHITS,False,False,False,10810,44650,24747986982.0,16,BID,LONG,0.5
MAT,2026-07-06 15:02:07.009895+00:00,PUT,15.0,2026-10-16,57500,250,250,126,13.1,REPEATEDHITS,False,False,False,23230,19320,3899852000.0,102,ASK,SHORT,1.0
MAT,2026-05-22 14:18:17.906130+00:00,CALL,17.0,2026-08-21,11525,242,911,10,15.0501,REPEATEDHITSASCENDINGFILL,False,False,False,3550,7975,3899852000.0,91,BID,SHORT,0.5
VRSK,2026-07-07 17:56:26.530774+00:00,PUT,170.0,2026-12-18,12716,14,15,13,191.9959,REPEATEDHITSDESCENDINGFILL,False,False,False,12716,0,25188948740.0,164,ASK,SHORT,1.0
VRSK,2026-07-06 19:02:04.913799+00:00,CALL,170.0,2026-12-18,30820,10,64,4,187.84,REPEATEDHITS,False,False,False,30820,0,25188948740.0,165,ASK,LONG,1.0
VRSK,2026-06-22 18:55:07.769669+00:00,PUT,160.0,2026-07-17,21440,67,74,57,168.41,REPEATEDHITS,False,False,False,21440,0,25188948740.0,25,ASK,SHORT,1.0
VRSK,2026-06-02 15:57:28.685122+00:00,CALL,220.0,2026-12-18,33266,40,40,25,176.075,REPEATEDHITSASCENDINGFILL,False,False,False,0,33266,25188948740.0,199,BID,SHORT,0.5
VRSK,2026-06-02 15:48:05.629929+00:00,PUT,180.0,2026-06-18,73918,84,84,39,176.8025,REPEATEDHITSDESCENDINGFILL,False,False,False,73918,0,25188948740.0,16,ASK,SHORT,1.0
VRSK,2026-05-22 14:59:26.522903+00:00,PUT,165.0,2026-06-18,53580,114,114,76,171.3975,REPEATEDHITS,False,False,False,53580,0,25188948740.0,27,ASK,SHORT,1.0
VRSK,2026-05-22 14:05:10.519897+00:00,CALL,195.0,2026-12-18,88200,63,68,4,173.23,REPEATEDHITS,False,False,False,88200,0,25188948740.0,210,ASK,LONG,1.0
VRSK,2026-05-21 19:05:42.130891+00:00,CALL,200.0,2026-07-17,46311,193,198,51,172.4,REPEATEDHITSDESCENDINGFILL,False,False,False,46311,0,25188948740.0,57,ASK,LONG,1.0
VRSK,2026-05-20 15:46:33.166251+00:00,CALL,180.0,2026-09-18,172500,138,140,26,170.63,REPEATEDHITS,False,False,False,172500,0,25188948740.0,121,ASK,LONG,1.0
VRSK,2026-05-20 15:34:49.730123+00:00,PUT,155.0,2026-06-18,29820,142,151,107,170.41,REPEATEDHITS,False,False,False,29820,0,25188948740.0,29,ASK,SHORT,1.0
VRSK,2026-05-20 14:48:25.366918+00:00,PUT,165.0,2026-07-17,97167,123,123,67,169.665,REPEATEDHITSDESCENDINGFILL,False,False,False,97167,0,25188948740.0,58,ASK,SHORT,1.0
VRSK,2026-05-15 15:55:30.580273+00:00,PUT,135.0,2026-09-18,11340,27,27,3,162.63,REPEATEDHITS,False,False,False,11340,0,25188948740.0,126,ASK,SHORT,1.0
VRSK,2026-05-11 16:25:35.221320+00:00,CALL,155.0,2026-06-18,89641,54,54,5,168.68,REPEATEDHITS,False,False,False,0,89641,25188948740.0,38,BID,SHORT,0.5
VRSK,2026-05-08 17:32:56.059551+00:00,CALL,180.0,2026-05-15,14064,97,502,53,172.05,REPEATEDHITS,False,False,False,14064,0,25188948740.0,7,ASK,LONG,1.0
VRSK,2026-05-08 17:31:44.954128+00:00,CALL,180.0,2026-05-15,11600,80,308,53,171.99,REPEATEDHITS,False,False,False,11600,0,25188948740.0,7,ASK,LONG,1.0
VRSK,2026-05-08 16:28:50.785986+00:00,CALL,180.0,2026-05-15,12472,90,144,53,172.59,REPEATEDHITSDESCENDINGFILL,False,False,False,9097,3375,25188948740.0,7,ASK,LONG,1.0
CRNX,2026-06-09 19:18:06.552270+00:00,CALL,60.0,2026-12-18,27000,100,101,8,34.245,REPEATEDHITS,False,False,False,27000,0,8807420574.0,192,ASK,LONG,1.0
CRNX,2026-05-11 15:34:13.530995+00:00,CALL,40.0,2026-06-18,14705,100,100,29,37.2,REPEATEDHITS,False,False,False,0,14705,8807420574.0,38,BID,SHORT,0.5
ZBIO,2026-07-01 19:59:01.748653+00:00,CALL,35.0,2027-12-17,14760,18,132,1,28.12,REPEATEDHITS,True,False,False,0,14760,1747531875.0,534,BID,SHORT,0.5
ZBIO,2026-07-01 18:09:31.943054+00:00,PUT,20.0,2027-12-17,18500,37,258,0,28.68,REPEATEDHITS,False,False,False,0,18500,1747531875.0,534,BID,LONG,0.5
ZBIO,2026-07-01 18:09:25.736057+00:00,PUT,20.0,2027-12-17,14500,29,212,0,28.82,REPEATEDHITS,True,False,False,0,7500,1747531875.0,534,BID,LONG,0.5
ZBIO,2026-07-01 18:05:18.678835+00:00,PUT,20.0,2027-12-17,16430,31,123,0,28.795,REPEATEDHITS,True,False,False,0,13250,1747531875.0,534,BID,LONG,0.5
ZBIO,2026-06-29 16:00:51.173689+00:00,CALL,25.0,2026-08-21,35310,107,942,17,25.41,REPEATEDHITS,False,False,False,0,35310,1747531875.0,53,BID,SHORT,0.5
ZBIO,2026-06-29 15:40:24.070671+00:00,CALL,25.0,2026-08-21,33000,100,797,17,25.42,REPEATEDHITS,False,False,False,0,33000,1747531875.0,53,BID,SHORT,0.5
ZBIO,2026-06-29 15:16:41.107509+00:00,CALL,25.0,2026-08-21,40590,123,697,17,25.365,REPEATEDHITS,False,False,False,4620,35970,1747531875.0,53,BID,SHORT,0.5
ZBIO,2026-06-29 14:53:18.637967+00:00,CALL,25.0,2026-08-21,12210,37,574,17,25.41,REPEATEDHITS,False,False,False,3300,8910,1747531875.0,53,BID,SHORT,0.5
ZBIO,2026-06-29 14:39:19.315516+00:00,CALL,25.0,2026-08-21,20130,61,493,17,25.515,REPEATEDHITS,False,False,False,0,20130,1747531875.0,53,BID,SHORT,0.5
ZBIO,2026-06-29 14:33:34.761377+00:00,CALL,25.0,2026-08-21,27390,83,421,17,25.4,REPEATEDHITS,False,False,False,7920,19470,1747531875.0,53,BID,SHORT,0.5
ZBIO,2026-06-29 14:22:07.500491+00:00,CALL,25.0,2026-08-21,15840,48,248,17,25.19,REPEATEDHITS,False,False,False,9240,6600,1747531875.0,53,ASK,LONG,1.0
ZBIO,2026-06-29 13:53:45.874929+00:00,CALL,25.0,2026-08-21,23450,67,114,17,25.48,REPEATEDHITS,False,False,False,2100,12950,1747531875.0,53,BID,SHORT,0.5
ZBIO,2026-06-29 13:53:41.661361+00:00,CALL,25.0,2026-08-21,14000,40,47,17,25.48,REPEATEDHITS,False,False,False,0,14000,1747531875.0,53,BID,SHORT,0.5
NOVT,2026-07-06 13:45:43.770136+00:00,CALL,150.0,2026-11-20,97509,30,30,8,165.49,REPEATEDHITS,False,False,False,97509,0,5265213205.0,137,ASK,LONG,1.0
NOVT,2026-07-02 14:15:59.854824+00:00,CALL,230.0,2027-02-19,11628,10,10,0,164.37,REPEATEDHITS,False,False,False,11628,0,5265213205.0,232,ASK,LONG,1.0
NOVT,2026-06-15 15:58:23.687966+00:00,PUT,150.0,2026-07-17,163326,326,500,0,162.48,LOWHISTORICVOLUMEFLOOR,False,True,True,163326,0,5265213205.0,32,ASK,SHORT,1.0
NOVT,2026-06-08 14:58:36.816101+00:00,CALL,150.0,2026-07-17,104000,50,50,38,164.2228,REPEATEDHITS,False,False,False,87360,16640,5265213205.0,39,ASK,LONG,1.0
NOVT,2026-05-28 19:45:05.744805+00:00,CALL,175.0,2026-06-18,27628,100,200,6,156.83,REPEATEDHITSASCENDINGFILL,True,False,False,27628,0,5265213205.0,21,ASK,LONG,1.0
NOVT,2026-05-22 17:19:59.093943+00:00,CALL,220.0,2026-11-20,632000,800,801,55,158.89,LOWHISTORICVOLUMEFLOOR,False,True,False,632000,0,5265213205.0,182,ASK,LONG,1.0
AGO,2026-07-02 17:11:18.172104+00:00,CALL,85.0,2026-07-17,11025,147,153,52,83.24,REPEATEDHITS,False,False,False,0,11025,3720612625.0,15,BID,SHORT,0.5
AGO,2026-06-23 16:44:18.973141+00:00,PUT,75.0,2026-08-21,16502,75,75,0,77.7,REPEATEDHITS,False,False,False,0,16502,3720612625.0,59,BID,LONG,0.5
AGO,2026-05-27 19:54:52.696204+00:00,CALL,80.0,2026-10-16,18600,62,116,9,74.72,REPEATEDHITS,False,False,False,0,9600,3720612625.0,142,BID,SHORT,0.5
AGO,2026-05-27 17:29:37.246502+00:00,CALL,80.0,2027-01-15,54000,108,501,46,75.0,REPEATEDHITS,False,False,False,24500,29500,3720612625.0,233,BID,SHORT,0.5
AGO,2026-05-27 17:29:11.015204+00:00,CALL,80.0,2027-01-15,40001,80,327,46,75.0,REPEATEDHITS,False,False,False,0,40001,3720612625.0,233,BID,SHORT,0.5
AGO,2026-05-27 17:13:05.456603+00:00,CALL,75.0,2026-07-17,15040,47,47,0,75.06,REPEATEDHITS,False,False,False,15040,0,3720612625.0,51,ASK,LONG,1.0
AGO,2026-05-27 14:54:11.514933+00:00,CALL,80.0,2027-01-15,110740,226,226,46,75.24,REPEATEDHITS,False,False,False,0,79380,3720612625.0,233,BID,SHORT,0.5
AGO,2026-05-27 14:42:25.333751+00:00,PUT,75.0,2026-07-17,26459,108,108,74,75.815,REPEATEDHITS,False,False,False,26459,0,3720612625.0,51,ASK,SHORT,1.0
AGO,2026-05-13 15:53:21.538320+00:00,CALL,80.0,2027-01-15,77760,162,250,0,75.19,REPEATEDHITS,False,False,False,10080,10560,3720612625.0,247,BID,SHORT,0.5
DNTH,2026-07-08 14:45:04.834220+00:00,CALL,100.0,2027-01-15,364820,190,410,3,95.275,REPEATEDHITS,False,False,False,0,364820,5234838472.0,191,BID,SHORT,0.5
DNTH,2026-07-08 14:11:35.839827+00:00,CALL,100.0,2027-01-15,351000,180,180,3,96.19,REPEATEDHITS,False,False,False,0,351000,5234838472.0,191,BID,SHORT,0.5
DNTH,2026-06-10 14:27:10.614650+00:00,CALL,70.0,2026-07-17,12916,20,20,10,70.61,REPEATEDHITSDESCENDINGFILL,False,False,False,10966,1950,5234838472.0,37,ASK,LONG,1.0
DNTH,2026-05-20 14:57:12.807151+00:00,PUT,95.0,2026-08-21,435000,300,300,0,89.825,LOWHISTORICVOLUMEFLOOR,False,True,False,0,435000,5234838472.0,93,BID,LONG,0.5
IDCC,2026-05-13 18:30:20.754478+00:00,CALL,300.0,2026-07-17,57342,61,61,6,268.84,REPEATEDHITSASCENDINGFILL,False,False,False,0,57342,7133744905.0,65,BID,SHORT,0.5
AGYS,2026-07-08 14:44:41.406503+00:00,CALL,110.0,2026-07-17,116013,290,298,28,110.78,REPEATEDHITSASCENDINGFILL,False,False,False,0,116013,3178040750.0,9,BID,SHORT,0.5
AGYS,2026-06-29 16:19:13.231948+00:00,CALL,105.0,2026-07-17,10327,30,30,11,102.5,REPEATEDHITSASCENDINGFILL,False,False,False,0,10327,3178040750.0,18,BID,SHORT,0.5
AGYS,2026-05-18 19:56:08.467677+00:00,CALL,75.0,2026-06-18,12320,25,282,21,69.82,REPEATEDHITSDESCENDINGFILL,False,False,False,12320,0,3178040750.0,31,ASK,LONG,1.0
MTD,2026-06-26 17:11:42.724914+00:00,CALL,1460.0,2027-12-17,1143250,85,85,0,1261.9,FLOORTRADELARGECAP,False,True,False,0,1143250,26180765780.0,539,BID,SHORT,0.5
MTD,2026-06-25 16:16:07.069506+00:00,CALL,1460.0,2027-01-15,385200,90,90,1,1254.07,FLOORTRADELARGECAP,False,True,True,0,385200,26180765780.0,204,BID,SHORT,0.5
AAOX,2026-07-08 14:15:56.716281+00:00,PUT,17.0,2026-08-21,357960,628,789,148,18.08,REPEATEDHITS,True,False,False,0,357960,9920000.0,44,BID,LONG,0.5
AAOX,2026-07-01 13:47:23.654558+00:00,CALL,35.0,2026-08-21,107949,100,102,10,30.665,REPEATEDHITS,False,False,False,106920,1029,9920000.0,51,ASK,LONG,1.0
AAOX,2026-06-26 14:40:04.285797+00:00,PUT,13.0,2026-09-18,76000,200,200,80,24.49,REPEATEDHITS,False,False,False,0,76000,9920000.0,84,BID,LONG,0.5
AAOX,2026-06-24 13:32:21.524205+00:00,PUT,25.0,2026-12-18,10280,7,7,0,31.653,REPEATEDHITSDESCENDINGFILL,False,False,False,0,10280,9920000.0,177,BID,LONG,0.5
AAOX,2026-06-18 18:13:43.687011+00:00,CALL,61.0,2026-07-17,147000,300,903,5,39.255,REPEATEDHITS,False,False,False,0,147000,9920000.0,29,BID,SHORT,0.5
AAOX,2026-06-18 18:13:38.882186+00:00,CALL,61.0,2026-07-17,61000,122,425,5,39.3999,REPEATEDHITS,False,False,False,0,61000,9920000.0,29,BID,SHORT,0.5
AAOX,2026-06-18 18:13:38.882186+00:00,CALL,61.0,2026-07-17,89000,178,603,5,39.3999,REPEATEDHITS,False,False,False,0,89000,9920000.0,29,BID,SHORT,0.5
AAOX,2026-06-16 15:12:41.584838+00:00,CALL,47.0,2026-06-18,111604,250,268,15,47.1849,REPEATEDHITSDESCENDINGFILL,False,False,False,68404,25200,9920000.0,2,ASK,LONG,1.0
AAOX,2026-06-16 14:24:47.101693+00:00,PUT,47.0,2026-06-18,150880,500,501,226,47.87,REPEATEDHITS,False,False,False,27280,123600,9920000.0,2,BID,LONG,0.5
AAOX,2026-06-11 19:57:08.990462+00:00,CALL,48.0,2026-06-18,14000,20,63,9,47.09,REPEATEDHITS,False,False,False,0,5600,9920000.0,7,BID,SHORT,0.5
AAOX,2026-06-04 18:58:55.719645+00:00,PUT,70.0,2026-09-18,81720,22,22,1,71.67,REPEATEDHITSASCENDINGFILL,False,False,False,0,81720,9920000.0,106,BID,LONG,0.5
AAOX,2026-06-04 17:35:45.609982+00:00,PUT,55.0,2026-09-18,34580,13,13,3,71.615,REPEATEDHITS,False,False,False,0,26600,9920000.0,106,BID,LONG,0.5
AAOX,2026-05-29 15:50:08.011209+00:00,PUT,30.0,2026-07-17,640027,1000,1005,27,43.285,REPEATEDHITSASCENDINGFILL,True,False,False,0,640027,9920000.0,49,BID,LONG,0.5
AAOX,2026-05-26 16:05:20.610058+00:00,PUT,59.0,2026-12-18,767260,200,200,9,59.15,REPEATEDHITS,False,False,False,0,509200,9920000.0,206,BID,LONG,0.5
AAOX,2026-05-26 15:05:33.656289+00:00,PUT,60.0,2026-12-18,387106,100,102,2,60.06,REPEATEDHITSDESCENDINGFILL,False,False,False,0,387106,9920000.0,206,BID,LONG,0.5
AAOX,2026-05-20 14:13:30.733657+00:00,CALL,80.0,2026-09-18,106000,50,50,40,50.8859,REPEATEDHITS,False,False,False,0,106000,9920000.0,121,BID,SHORT,0.5
AAOX,2026-05-19 17:11:41.978927+00:00,CALL,90.0,2026-06-18,263250,351,368,84,56.135,REPEATEDHITS,False,False,False,45000,218250,9920000.0,30,BID,SHORT,0.5
AAOX,2026-05-19 13:38:28.628527+00:00,CALL,100.0,2026-09-18,70060,31,36,19,56.337,REPEATEDHITS,False,False,False,70060,0,9920000.0,122,ASK,LONG,1.0
AAOX,2026-05-18 13:38:20.280882+00:00,CALL,95.0,2026-06-18,33218,30,30,26,64.0825,REPEATEDHITSDESCENDINGFILL,False,False,False,0,33218,9920000.0,31,BID,SHORT,0.5
AAOX,2026-05-14 14:24:48.943150+00:00,CALL,95.0,2026-06-18,39780,18,22,10,78.66,REPEATEDHITS,False,False,False,0,39780,9920000.0,35,BID,SHORT,0.5
AAOX,2026-05-14 13:57:34.505190+00:00,CALL,85.0,2026-06-18,29816,10,22,8,83.99,REPEATEDHITSASCENDINGFILL,False,False,False,0,29816,9920000.0,35,BID,SHORT,0.5
AAOX,2026-05-14 13:43:27.219648+00:00,PUT,65.0,2026-09-18,17558,5,5,2,85.74,REPEATEDHITSDESCENDINGFILL,False,False,False,7050,10508,9920000.0,127,BID,LONG,0.5
AAOX,2026-05-13 14:32:07.548176+00:00,PUT,75.0,2026-05-15,32688,46,230,14,79.99,REPEATEDHITSDESCENDINGFILL,False,False,False,0,32688,9920000.0,2,BID,LONG,0.5
AAOX,2026-05-12 13:43:05.632033+00:00,PUT,70.0,2026-06-18,93688,48,50,7,78.0,REPEATEDHITSDESCENDINGFILL,False,False,False,0,93688,9920000.0,37,BID,LONG,0.5
AAOX,2026-05-12 13:36:04.815802+00:00,CALL,85.0,2026-05-15,18230,40,40,39,72.6,REPEATEDHITSDESCENDINGFILL,False,False,False,0,18230,9920000.0,3,BID,SHORT,0.5
AAOX,2026-05-11 17:29:09.272616+00:00,CALL,95.0,2026-09-18,28148,10,10,0,62.93,REPEATEDHITSDESCENDINGFILL,False,False,False,0,28148,9920000.0,130,BID,SHORT,0.5
ABVX,2026-07-08 15:12:55.072115+00:00,CALL,136.0,2026-07-10,16650,37,77,10,139.12,REPEATEDHITS,True,False,False,450,12600,11165521694.0,2,BID,SHORT,0.5
ABVX,2026-07-08 14:50:19.192576+00:00,PUT,139.0,2026-07-17,15000,30,31,3,138.7,REPEATEDHITS,False,False,False,14500,500,11165521694.0,9,ASK,SHORT,1.0
ABVX,2026-07-07 16:52:52.819263+00:00,CALL,145.0,2026-12-18,498370,190,190,11,144.65,REPEATEDHITSDESCENDINGFILL,False,False,False,50350,448020,11165521694.0,164,BID,SHORT,0.5
ABVX,2026-07-07 14:46:14.688166+00:00,PUT,125.0,2028-01-21,5098600,1961,1961,53,141.85,FLOORTRADELARGECAP,False,True,False,0,5098600,11165521694.0,563,BID,LONG,0.5
ABVX,2026-07-06 17:56:35.367046+00:00,PUT,130.0,2028-01-21,150150,55,55,18,145.91,FLOORTRADELARGECAP,False,True,False,0,150150,11165521694.0,564,BID,LONG,0.5
ABVX,2026-07-06 14:26:23.681134+00:00,CALL,200.0,2027-01-15,295640,323,358,257,145.83,REPEATEDHITS,False,False,False,53580,242060,11165521694.0,193,BID,SHORT,0.5
ABVX,2026-07-06 14:25:39.806583+00:00,CALL,200.0,2027-02-19,68680,68,68,18,146.05,REPEATEDHITS,False,False,False,0,68680,11165521694.0,228,BID,SHORT,0.5
ABVX,2026-07-02 19:16:33.617043+00:00,PUT,128.0,2026-07-31,34000,100,101,1,142.82,REPEATEDHITS,False,False,False,6800,1700,11165521694.0,29,ASK,SHORT,1.0
ABVX,2026-07-02 15:10:57.213461+00:00,PUT,140.0,2026-07-02,11250,150,200,1,142.75,REPEATEDHITS,False,False,False,11250,0,11165521694.0,0,ASK,SHORT,1.0
ABVX,2026-07-02 14:27:22.777800+00:00,PUT,150.0,2026-07-02,30100,43,43,0,142.65,REPEATEDHITS,False,False,False,30100,0,11165521694.0,0,ASK,SHORT,1.0
ABVX,2026-07-01 19:15:13.784690+00:00,PUT,134.0,2026-07-24,25500,30,35,0,133.7,REPEATEDHITS,True,False,False,0,25500,11165521694.0,23,BID,LONG,0.5
ABVX,2026-06-30 18:37:42.805117+00:00,CALL,140.0,2026-07-02,130560,544,1658,390,134.58,REPEATEDHITS,True,False,False,0,130560,11165521694.0,2,BID,SHORT,0.5
ABVX,2026-06-30 17:20:59.800350+00:00,CALL,135.0,2026-11-20,30430,11,12,10,135.015,REPEATEDHITSDESCENDINGFILL,False,False,False,27680,2750,11165521694.0,143,ASK,LONG,1.0
ABVX,2026-06-30 14:53:43.177290+00:00,CALL,130.0,2026-08-21,521590,295,4058,289,130.87,SWEEPSFOLLOWEDBYFLOOR,True,True,False,521590,0,11165521694.0,52,ASK,LONG,1.0
ABVX,2026-06-30 14:50:55.107398+00:00,CALL,130.0,2026-08-21,625298,370,3536,289,129.955,REPEATEDHITSDESCENDINGFILL,False,False,False,625298,0,11165521694.0,52,ASK,LONG,1.0
ABVX,2026-06-30 14:45:19.609953+00:00,CALL,130.0,2026-08-21,3106320,1806,3134,289,131.08,REPEATEDHITS,False,False,False,5160,3101160,11165521694.0,52,BID,SHORT,0.5
ABVX,2026-06-30 13:52:19.094433+00:00,CALL,130.0,2026-08-21,1628900,895,1094,289,132.245,REPEATEDHITS,False,False,False,1628900,0,11165521694.0,52,ASK,LONG,1.0
ABVX,2026-06-30 13:42:47.144061+00:00,CALL,200.0,2026-08-21,38228,225,284,150,131.38,REPEATEDHITSASCENDINGFILL,False,False,False,38080,148,11165521694.0,52,ASK,LONG,1.0
ABVX,2026-06-30 13:32:32.943405+00:00,PUT,130.0,2026-07-02,57998,116,161,30,130.6,REPEATEDHITS,False,False,False,57998,0,11165521694.0,2,ASK,SHORT,1.0
ABVX,2026-06-29 19:55:49.358144+00:00,PUT,76.0,2026-07-02,92000,200,204,1,95.775,REPEATEDHITS,False,False,False,63480,0,11165521694.0,3,ASK,SHORT,1.0
ABVX,2026-06-29 19:07:57.624847+00:00,CALL,97.0,2026-07-17,10800,8,29,2,95.15,REPEATEDHITS,False,False,False,0,10800,11165521694.0,18,BID,SHORT,0.5
ABVX,2026-06-29 19:07:41.399324+00:00,CALL,97.0,2026-07-17,28350,21,21,2,95.25,REPEATEDHITS,False,False,False,0,28350,11165521694.0,18,BID,SHORT,0.5
ABVX,2026-06-26 19:24:37.918869+00:00,PUT,106.0,2026-07-17,39590,20,37,1,97.825,REPEATEDHITS,True,False,False,1970,37620,11165521694.0,21,BID,LONG,0.5
ABVX,2026-06-26 19:24:37.918869+00:00,PUT,109.0,2026-07-17,23760,11,11,3,97.75,REPEATEDHITS,True,False,False,0,23760,11165521694.0,21,BID,LONG,0.5
ABVX,2026-06-26 13:58:24.978791+00:00,PUT,106.0,2026-07-17,34510,17,17,1,98.885,REPEATEDHITS,True,False,False,0,34510,11165521694.0,21,BID,LONG,0.5
ABVX,2026-06-25 18:40:33.163741+00:00,PUT,103.0,2026-07-17,52900,23,23,0,91.23,REPEATEDHITS,True,False,False,0,52900,11165521694.0,22,BID,LONG,0.5
ABVX,2026-06-24 19:12:31.310669+00:00,PUT,50.0,2026-07-02,17880,120,292,18,92.635,REPEATEDHITSDESCENDINGFILL,True,False,False,17735,145,11165521694.0,8,ASK,SHORT,1.0
ABVX,2026-06-24 16:34:29.032076+00:00,CALL,92.0,2026-07-02,28800,15,93,0,95.21,REPEATEDHITS,False,False,False,28800,0,11165521694.0,8,ASK,LONG,1.0
ABVX,2026-06-24 16:31:27.020542+00:00,CALL,111.0,2026-07-17,10910,10,10,7,95.26,REPEATEDHITS,True,False,False,0,10910,11165521694.0,23,BID,SHORT,0.5
ABVX,2026-06-24 16:28:43.020699+00:00,CALL,106.0,2026-07-10,41030,33,305,0,95.33,REPEATEDHITSASCENDINGFILL,True,False,False,5040,35990,11165521694.0,16,BID,SHORT,0.5
ABVX,2026-06-24 16:28:42.815578+00:00,CALL,112.0,2026-07-10,25350,24,38,0,95.33,REPEATEDHITS,True,False,False,3210,22140,11165521694.0,16,BID,SHORT,0.5
ABVX,2026-06-24 16:28:39.211621+00:00,CALL,112.0,2026-07-10,11560,11,11,0,95.33,REPEATEDHITSASCENDINGFILL,True,False,False,4240,7320,11165521694.0,16,BID,SHORT,0.5
ABVX,2026-06-24 15:19:13.306104+00:00,CALL,108.0,2026-07-10,15600,15,15,0,91.855,REPEATEDHITSASCENDINGFILL,True,False,False,6330,9270,11165521694.0,16,BID,SHORT,0.5
ABVX,2026-06-24 15:19:13.306104+00:00,CALL,106.0,2026-07-10,16680,15,199,0,91.855,REPEATEDHITSASCENDINGFILL,True,False,False,3390,13290,11165521694.0,16,BID,SHORT,0.5
ABVX,2026-06-24 15:19:13.306104+00:00,CALL,103.0,2026-07-10,26610,22,25,10,91.68,REPEATEDHITS,True,False,False,12100,14510,11165521694.0,16,BID,SHORT,0.5
ABVX,2026-06-24 15:17:25.726864+00:00,PUT,92.0,2026-07-02,88353,55,55,3,90.79,REPEATEDHITSDESCENDINGFILL,True,False,False,9900,73653,11165521694.0,8,BID,LONG,0.5
ABVX,2026-06-24 15:17:25.726864+00:00,PUT,91.0,2026-07-02,95560,61,63,2,90.79,REPEATEDHITSASCENDINGFILL,True,False,False,39400,56160,11165521694.0,8,BID,LONG,0.5
ABVX,2026-06-24 15:17:25.726864+00:00,PUT,89.0,2026-07-02,13740,10,80,3,90.79,REPEATEDHITSDESCENDINGFILL,False,False,False,0,13740,11165521694.0,8,BID,LONG,0.5
ABVX,2026-06-24 15:17:25.726864+00:00,PUT,89.0,2026-07-02,102650,70,70,3,90.79,REPEATEDHITSASCENDINGFILL,True,False,False,36900,65750,11165521694.0,8,BID,LONG,0.5
ABVX,2026-06-24 15:17:25.726864+00:00,PUT,88.0,2026-07-02,26210,20,196,1,90.79,REPEATEDHITSDESCENDINGFILL,False,False,False,1370,24840,11165521694.0,8,BID,LONG,0.5
ABVX,2026-06-24 15:03:53.026921+00:00,PUT,88.0,2026-07-02,163900,110,144,1,90.07,REPEATEDHITS,True,False,False,1490,162410,11165521694.0,8,BID,LONG,0.5
ABVX,2026-06-24 14:21:02.175147+00:00,CALL,95.0,2026-06-26,12600,30,32,6,85.86,REPEATEDHITS,False,False,False,12600,0,11165521694.0,2,ASK,LONG,1.0
ABVX,2026-06-24 14:15:58.776284+00:00,PUT,65.0,2026-06-26,150000,500,500,3,77.155,REPEATEDHITS,False,False,False,30000,0,11165521694.0,2,ASK,SHORT,1.0
ABVX,2026-06-24 13:56:06.512384+00:00,CALL,97.0,2026-07-02,26000,20,21,18,94.4152,REPEATEDHITS,False,False,False,0,26000,11165521694.0,8,BID,SHORT,0.5
ABVX,2026-06-23 14:06:08.976944+00:00,PUT,95.0,2026-06-26,54500,109,213,103,99.11,REPEATEDHITS,False,False,False,0,54500,11165521694.0,3,BID,LONG,0.5
ABVX,2026-06-22 18:36:56.748275+00:00,CALL,122.0,2026-07-02,57800,85,85,0,102.41,REPEATEDHITS,False,False,False,0,0,11165521694.0,10,MIXED,,0.0
ABVX,2026-06-22 16:32:07.223028+00:00,CALL,105.0,2026-06-26,86400,180,1332,123,99.485,REPEATEDHITS,False,False,False,0,86400,11165521694.0,4,BID,SHORT,0.5
ABVX,2026-06-22 14:11:18.437327+00:00,CALL,98.0,2026-06-26,11700,15,303,1,98.485,REPEATEDHITS,True,False,False,0,11700,11165521694.0,4,BID,SHORT,0.5
ABVX,2026-06-22 14:07:51.863420+00:00,CALL,98.0,2026-06-26,26070,33,273,1,98.84,REPEATEDHITS,True,False,False,0,26070,11165521694.0,4,BID,SHORT,0.5
ABVX,2026-06-17 15:32:18.722454+00:00,PUT,60.0,2026-07-24,12780,73,76,42,102.94,REPEATEDHITS,True,False,False,12605,175,11165521694.0,37,ASK,SHORT,1.0
AFRM,2026-07-08 14:46:21.569236+00:00,PUT,75.0,2026-07-17,116986,886,2022,646,80.07,REPEATEDHITSASCENDINGFILL,False,False,False,116986,0,24614199320.0,9,ASK,SHORT,1.0
AFRM,2026-07-08 13:58:12.330882+00:00,PUT,77.0,2026-07-10,13017,220,513,133,80.91,REPEATEDHITSDESCENDINGFILL,False,False,False,13017,0,24614199320.0,2,ASK,SHORT,1.0
AFRM,2026-07-07 18:20:52.822997+00:00,PUT,87.5,2026-07-17,19795,40,40,2,84.465,REPEATEDHITS,True,False,False,490,19305,24614199320.0,10,BID,LONG,0.5
AFRM,2026-07-07 14:16:05.754419+00:00,PUT,81.0,2026-07-17,77375,457,565,124,85.21,REPEATEDHITSDESCENDINGFILL,True,False,False,13681,44824,24614199320.0,10,BID,LONG,0.5
AFRM,2026-07-07 14:14:41.086198+00:00,PUT,82.0,2026-07-17,12734,64,64,5,85.12,REPEATEDHITS,True,False,False,12338,396,24614199320.0,10,ASK,SHORT,1.0
AFRM,2026-07-06 19:48:38.892293+00:00,PUT,80.0,2026-07-24,53133,267,288,13,85.79,REPEATEDHITS,False,False,False,0,53133,24614199320.0,18,BID,LONG,0.5
AFRM,2026-07-02 15:55:40.798361+00:00,CALL,87.0,2026-07-31,164495,370,370,16,84.45,REPEATEDHITS,False,False,False,150855,13640,24614199320.0,29,ASK,LONG,1.0
AFRM,2026-07-02 15:24:31.009699+00:00,CALL,87.5,2026-07-17,122752,548,549,0,83.54,REPEATEDHITS,False,False,False,122752,0,24614199320.0,15,ASK,LONG,1.0
AFRM,2026-07-01 17:06:33.990187+00:00,CALL,87.0,2026-07-10,19292,106,109,75,84.33,REPEATEDHITS,False,False,False,19110,182,24614199320.0,9,ASK,LONG,1.0
AFRM,2026-07-01 15:13:31.235278+00:00,PUT,89.0,2026-07-31,10140,13,13,0,84.95,REPEATEDHITS,True,False,False,0,10140,24614199320.0,30,BID,LONG,0.5
AFRM,2026-07-01 14:44:15.430783+00:00,PUT,82.0,2026-07-02,13532,199,214,125,83.59,REPEATEDHITS,False,False,False,0,13532,24614199320.0,1,BID,LONG,0.5
AFRM,2026-07-01 13:32:56.967265+00:00,CALL,89.0,2026-07-24,29647,100,105,3,84.05,REPEATEDHITSASCENDINGFILL,False,False,False,14100,15547,24614199320.0,23,BID,SHORT,0.5
AFRM,2026-06-30 14:57:32.905086+00:00,PUT,76.0,2026-07-17,19394,99,100,32,81.31,REPEATEDHITSDESCENDINGFILL,False,False,False,17052,1950,24614199320.0,17,ASK,SHORT,1.0
AFRM,2026-06-30 14:50:37.073556+00:00,PUT,80.0,2026-07-02,17424,198,225,125,82.03,REPEATEDHITS,False,False,False,0,17424,24614199320.0,2,BID,LONG,0.5
AFRM,2026-06-29 19:24:27.191801+00:00,CALL,77.0,2026-07-24,27200,34,34,10,81.955,REPEATEDHITS,True,False,False,27200,0,24614199320.0,25,ASK,LONG,1.0
AFRM,2026-06-29 18:38:16.046793+00:00,PUT,82.0,2026-07-10,15975,45,45,1,81.465,REPEATEDHITS,True,False,False,5325,10650,24614199320.0,11,BID,LONG,0.5
AFRM,2026-06-26 19:13:11.924389+00:00,PUT,79.0,2026-07-17,11500,25,346,8,78.5,REPEATEDHITS,False,False,False,0,11500,24614199320.0,21,BID,LONG,0.5
AFRM,2026-06-26 19:12:49.907119+00:00,PUT,79.0,2026-07-17,13800,30,321,8,78.5799,REPEATEDHITS,False,False,False,0,13800,24614199320.0,21,BID,LONG,0.5
AFRM,2026-06-25 13:58:03.025755+00:00,PUT,77.0,2026-06-26,152886,921,935,105,76.5,REPEATEDHITS,False,False,False,136286,0,24614199320.0,1,ASK,SHORT,1.0
AFRM,2026-06-24 14:48:23.342452+00:00,PUT,71.0,2026-07-02,11880,180,240,52,79.41,REPEATEDHITS,False,False,False,0,11880,24614199320.0,8,BID,LONG,0.5
AFRM,2026-06-24 14:40:10.173807+00:00,CALL,81.0,2026-07-17,30805,79,130,27,78.18,REPEATEDHITS,True,False,False,6620,23795,24614199320.0,23,BID,SHORT,0.5
AFRM,2026-06-24 14:06:18.976524+00:00,CALL,78.0,2026-07-17,14580,29,30,0,77.65,REPEATEDHITSDESCENDINGFILL,True,False,False,8080,6500,24614199320.0,23,ASK,LONG,1.0
AFRM,2026-06-23 17:54:58.542705+00:00,CALL,80.0,2026-07-10,16276,175,754,139,71.2,REPEATEDHITS,False,False,False,94,16182,24614199320.0,17,BID,SHORT,0.5
AFRM,2026-06-23 17:25:51.848349+00:00,CALL,80.0,2026-07-10,58446,573,574,139,71.68,REPEATEDHITS,False,False,False,0,58446,24614199320.0,17,BID,SHORT,0.5
AFRM,2026-06-23 14:47:53.331525+00:00,CALL,77.0,2026-07-02,12626,118,121,88,71.66,REPEATEDHITS,False,False,False,0,12626,24614199320.0,9,BID,SHORT,0.5
AFRM,2026-06-22 15:19:36.910391+00:00,CALL,83.0,2026-07-10,40296,438,443,76,72.21,REPEATEDHITS,False,False,False,0,40296,24614199320.0,18,BID,SHORT,0.5
AFRM,2026-06-18 19:03:16.793231+00:00,PUT,65.0,2026-07-10,53590,466,512,137,73.97,REPEATEDHITS,False,False,False,53590,0,24614199320.0,22,ASK,SHORT,1.0
AFRM,2026-06-18 15:29:53.785219+00:00,PUT,73.0,2026-06-26,42400,200,612,59,74.06,REPEATEDHITS,False,False,False,42400,0,24614199320.0,8,ASK,SHORT,1.0
AFRM,2026-06-18 14:35:35.221958+00:00,PUT,72.5,2026-11-20,14165,12,12,1,74.22,REPEATEDHITS,True,False,False,3540,10625,24614199320.0,155,BID,LONG,0.5
AFRM,2026-06-18 14:34:42.883697+00:00,CALL,78.0,2026-07-10,18910,62,62,37,74.18,REPEATEDHITS,False,False,False,18605,0,24614199320.0,22,ASK,LONG,1.0
AFRM,2026-06-17 18:43:28.680366+00:00,PUT,74.0,2026-06-18,23780,290,692,70,74.79,REPEATEDHITS,False,False,False,0,23780,24614199320.0,1,BID,LONG,0.5
AFRM,2026-06-17 17:53:13.522982+00:00,CALL,105.0,2026-11-20,54000,100,101,72,76.105,REPEATEDHITS,False,False,False,0,54000,24614199320.0,156,BID,SHORT,0.5
AFRM,2026-06-17 15:45:33.107559+00:00,PUT,75.0,2026-07-02,25675,79,130,15,75.7601,REPEATEDHITS,True,False,False,25675,0,24614199320.0,15,ASK,SHORT,1.0
AFRM,2026-06-17 15:45:17.286924+00:00,PUT,75.0,2026-07-02,13650,42,42,15,75.8,REPEATEDHITS,True,False,False,13650,0,24614199320.0,15,ASK,SHORT,1.0
AFRM,2026-06-17 14:18:01.391209+00:00,PUT,76.0,2026-07-10,82800,207,210,1,77.03,REPEATEDHITS,False,False,False,0,82800,24614199320.0,23,BID,LONG,0.5
AFRM,2026-06-16 19:13:25.241857+00:00,CALL,71.0,2026-07-31,36751,42,42,0,75.2079,REPEATEDHITS,True,False,False,875,35876,24614199320.0,45,BID,SHORT,0.5
AFRM,2026-06-16 19:13:25.241857+00:00,CALL,71.0,2026-07-24,19560,24,24,1,75.2079,REPEATEDHITS,False,False,False,0,19560,24614199320.0,38,BID,SHORT,0.5
AFRM,2026-06-16 14:23:22.755316+00:00,CALL,75.0,2026-07-24,11235,21,51,15,73.69,REPEATEDHITS,True,False,False,0,11235,24614199320.0,38,BID,SHORT,0.5
AFRM,2026-06-15 18:47:06.291857+00:00,PUT,74.0,2026-07-02,23690,46,46,37,71.54,REPEATEDHITS,False,False,False,23690,0,24614199320.0,17,ASK,SHORT,1.0
AFRM,2026-06-15 16:38:56.654118+00:00,CALL,72.5,2026-07-17,140613,258,280,228,72.81,REPEATEDHITS,False,False,False,0,140613,24614199320.0,32,BID,SHORT,0.5
AFRM,2026-06-15 16:22:04.823039+00:00,CALL,80.0,2026-07-10,23980,109,117,9,72.97,REPEATEDHITS,False,False,False,23760,220,24614199320.0,25,ASK,LONG,1.0
AFRM,2026-06-15 15:07:10.149393+00:00,CALL,83.0,2026-06-26,11309,263,265,0,72.42,REPEATEDHITS,False,False,False,11309,0,24614199320.0,11,ASK,LONG,1.0
AFRM,2026-06-15 15:07:10.149393+00:00,CALL,81.0,2026-06-26,13780,212,212,3,72.42,REPEATEDHITS,False,False,False,13780,0,24614199320.0,11,ASK,LONG,1.0
AFRM,2026-06-15 14:00:45.685723+00:00,PUT,60.0,2026-07-10,40131,441,441,9,70.605,REPEATEDHITS,False,False,False,0,40131,24614199320.0,25,BID,LONG,0.5
AFRM,2026-06-15 14:00:45.685723+00:00,PUT,62.0,2026-07-10,45064,347,347,6,70.605,REPEATEDHITS,False,False,False,28296,16768,24614199320.0,25,ASK,SHORT,1.0
AFRM,2026-06-12 18:54:34.558645+00:00,CALL,76.0,2026-07-10,19040,160,163,5,65.44,REPEATEDHITS,False,False,False,19040,0,24614199320.0,28,ASK,LONG,1.0
AFRM,2026-06-08 15:35:19.653775+00:00,PUT,57.0,2026-06-26,17850,210,210,13,65.975,REPEATEDHITS,False,False,False,17850,0,24614199320.0,18,ASK,SHORT,1.0
AFRM,2026-06-08 14:32:30.053473+00:00,PUT,62.0,2026-07-24,35481,84,89,0,65.04,REPEATEDHITSDESCENDINGFILL,True,False,False,15300,20181,24614199320.0,46,BID,LONG,0.5
AFRM,2026-06-08 14:32:30.053473+00:00,PUT,64.0,2026-07-24,41960,82,82,0,65.04,REPEATEDHITSASCENDINGFILL,True,False,False,13910,28050,24614199320.0,46,BID,LONG,0.5
AFRM,2026-06-05 19:18:23.848473+00:00,PUT,57.5,2026-07-17,433500,1500,1585,125,62.94,FLOORTRADELARGECAP,False,True,True,433500,0,24614199320.0,42,ASK,SHORT,1.0
AGNC,2026-07-08 14:49:48.921429+00:00,PUT,10.5,2026-07-17,19817,3964,9194,3251,10.93,REPEATEDHITSDESCENDINGFILL,False,False,False,19799,5,12764973505.0,9,ASK,SHORT,1.0
AGNC,2026-07-08 14:49:16.656176+00:00,PUT,10.5,2026-07-17,20656,5164,5220,3251,10.93,REPEATEDHITS,True,False,False,18448,20,12764973505.0,9,ASK,SHORT,1.0
AGNC,2026-07-06 19:47:14.381841+00:00,CALL,11.5,2026-08-07,22659,1743,2146,186,11.21,REPEATEDHITS,False,False,False,0,22659,12764973505.0,32,BID,SHORT,0.5
AGNC,2026-07-01 14:55:33.809012+00:00,CALL,10.5,2026-07-10,11275,275,319,16,10.865,REPEATEDHITS,False,False,False,0,11275,12764973505.0,9,BID,SHORT,0.5
AGNC,2026-06-30 19:46:08.075230+00:00,PUT,11.0,2026-08-21,192500,5000,5094,2014,10.9792,FLOORTRADELARGECAP,False,True,False,0,95000,12764973505.0,52,BID,LONG,0.5
AGNC,2026-06-30 14:14:44.696333+00:00,CALL,10.0,2026-07-17,31262,319,352,24,10.939,REPEATEDHITS,True,False,False,980,30282,12764973505.0,17,BID,SHORT,0.5
AGNC,2026-06-26 18:18:55.908457+00:00,PUT,10.5,2026-07-17,21868,1988,2068,464,10.865,REPEATEDHITS,False,False,False,21868,0,12764973505.0,21,ASK,SHORT,1.0
AGNC,2026-06-26 17:21:16.956922+00:00,PUT,11.5,2026-08-07,81415,857,857,0,10.8,REPEATEDHITS,False,False,False,81225,0,12764973505.0,42,ASK,SHORT,1.0
AGNC,2026-06-26 16:50:44.807338+00:00,PUT,11.0,2026-07-17,37000,1000,1052,637,10.815,REPEATEDHITS,False,False,False,37000,0,12764973505.0,21,ASK,SHORT,1.0
AGNC,2026-06-22 13:40:54.509702+00:00,PUT,11.0,2026-08-21,148817,1459,1459,0,10.4001,REPEATEDHITS,True,False,False,148817,0,12764973505.0,60,ASK,SHORT,1.0
AGNC,2026-06-17 18:32:57.497823+00:00,PUT,10.0,2026-06-26,12081,4027,4039,1062,10.415,REPEATEDHITS,False,False,False,4122,0,12764973505.0,9,ASK,SHORT,1.0
AGNC,2026-06-15 15:00:59.924924+00:00,CALL,10.0,2026-06-26,43340,788,1249,153,10.52,REPEATEDHITS,True,False,False,0,43340,12764973505.0,11,BID,SHORT,0.5
AGNC,2026-06-12 19:56:50.516578+00:00,CALL,10.0,2026-07-02,19639,479,593,40,10.335,REPEATEDHITS,True,False,False,0,19639,12764973505.0,20,BID,SHORT,0.5
AGNC,2026-06-05 14:22:09.025224+00:00,PUT,10.0,2026-06-12,55000,10000,10002,5164,10.21,LOWHISTORICVOLUMEFLOOR,False,True,False,55000,0,12764973505.0,7,ASK,SHORT,1.0
AGNC,2026-06-01 18:50:47.084218+00:00,CALL,9.0,2026-07-02,24288,184,188,2,10.295,REPEATEDHITS,True,False,False,0,24288,12764973505.0,31,BID,SHORT,0.5
AGNC,2026-06-01 14:52:16.762564+00:00,CALL,9.5,2026-06-12,21000,250,565,10,10.33,REPEATEDHITS,True,False,False,3864,17136,12764973505.0,11,BID,SHORT,0.5
AGNC,2026-05-29 17:34:16.099661+00:00,CALL,9.0,2026-07-10,10224,71,111,0,10.405,REPEATEDHITS,False,False,False,0,10224,12764973505.0,42,BID,SHORT,0.5
AGNC,2026-05-28 19:57:11.051599+00:00,CALL,10.0,2026-06-05,79300,1300,4138,680,10.545,FLOORTRADELARGECAP,False,True,False,79300,0,12764973505.0,8,ASK,LONG,1.0
AGNC,2026-05-28 17:54:25.154433+00:00,CALL,10.0,2026-06-05,74800,1360,2162,680,10.5264,FLOORTRADELARGECAP,False,True,False,0,74800,12764973505.0,8,BID,SHORT,0.5
AGNC,2026-05-27 16:19:01.457778+00:00,CALL,10.0,2026-07-17,111360,1856,1859,210,10.51,REPEATEDHITS,True,False,False,0,111360,12764973505.0,51,BID,SHORT,0.5
AGNC,2026-05-27 14:05:49.832859+00:00,CALL,10.5,2026-05-29,53120,5312,7870,3090,10.57,REPEATEDHITS,False,False,False,53120,0,12764973505.0,2,ASK,LONG,1.0
AGNC,2026-05-21 15:35:22.771907+00:00,PUT,9.0,2026-07-17,85000,10000,10021,116,10.205,FLOORTRADELARGECAP,False,True,False,85000,0,12764973505.0,57,ASK,SHORT,1.0
AGNC,2026-05-20 15:50:28.222431+00:00,CALL,10.5,2026-06-18,90000,10000,10225,781,10.195,LOWHISTORICVOLUMEFLOOR,False,True,False,0,90000,12764973505.0,29,BID,SHORT,0.5
AGNC,2026-05-15 17:26:57.688407+00:00,CALL,10.0,2026-06-18,42189,861,932,724,10.41,REPEATEDHITS,True,False,False,0,38612,12764973505.0,34,BID,SHORT,0.5
ALAB,2026-07-08 13:49:53.261798+00:00,CALL,362.5,2026-07-24,87245,15,15,3,393.91,REPEATEDHITS,True,False,False,0,87245,65630385764.0,16,BID,SHORT,0.5
ALAB,2026-07-08 13:43:25.843044+00:00,CALL,392.5,2026-07-17,119525,35,35,28,395.0,REPEATEDHITS,True,False,False,17075,102450,65630385764.0,9,BID,SHORT,0.5
ALAB,2026-07-07 19:47:27.510905+00:00,PUT,230.0,2027-04-16,99940,19,40,15,377.13,REPEATEDHITS,True,False,False,5260,15780,65630385764.0,283,BID,LONG,0.5
ALAB,2026-07-07 17:35:08.992819+00:00,CALL,395.0,2026-07-10,113090,56,948,20,394.61,REPEATEDHITSASCENDINGFILL,False,False,False,113090,0,65630385764.0,3,ASK,LONG,1.0
ALAB,2026-07-07 17:14:17.613331+00:00,PUT,422.5,2026-07-24,76700,13,13,8,392.74,REPEATEDHITS,True,False,False,70800,5900,65630385764.0,17,ASK,SHORT,1.0
ALAB,2026-07-07 16:51:03.272646+00:00,CALL,395.0,2026-07-10,411838,192,797,20,396.68,REPEATEDHITSDESCENDINGFILL,False,False,False,411838,0,65630385764.0,3,ASK,LONG,1.0
ALAB,2026-07-07 14:39:09.263907+00:00,CALL,367.5,2026-07-10,53990,20,20,14,378.42,REPEATEDHITS,True,False,False,51300,2690,65630385764.0,3,ASK,LONG,1.0
ALAB,2026-07-06 17:32:42.655906+00:00,PUT,480.0,2026-09-18,331600,27,27,17,431.67,REPEATEDHITSASCENDINGFILL,True,False,False,270240,61360,65630385764.0,74,ASK,SHORT,1.0
ALAB,2026-07-06 15:41:45.650245+00:00,PUT,490.0,2026-07-24,415255,53,155,11,441.8,REPEATEDHITS,False,False,False,78350,336905,65630385764.0,18,BID,LONG,0.5
ALAB,2026-07-02 19:57:46.724069+00:00,CALL,407.5,2026-07-10,53370,21,29,9,405.0,REPEATEDHITSASCENDINGFILL,False,False,False,50830,0,65630385764.0,8,ASK,LONG,1.0
ALAB,2026-07-02 19:51:55.755598+00:00,CALL,352.5,2026-07-31,91950,12,26,3,399.63,REPEATEDHITSASCENDINGFILL,True,False,False,0,91950,65630385764.0,29,BID,SHORT,0.5
ALAB,2026-07-02 19:44:38.918476+00:00,PUT,417.5,2026-07-24,66300,12,12,0,395.97,REPEATEDHITS,False,False,False,66300,0,65630385764.0,22,ASK,SHORT,1.0
ALAB,2026-07-02 18:20:30.914415+00:00,CALL,397.5,2026-07-17,260039,66,72,29,400.415,REPEATEDHITS,False,False,False,260039,0,65630385764.0,15,ASK,LONG,1.0
ALAB,2026-07-02 14:30:03.709569+00:00,PUT,432.5,2026-07-02,100345,152,208,21,434.3401,REPEATEDHITSASCENDINGFILL,True,False,False,69145,31200,65630385764.0,0,ASK,SHORT,1.0
ALAB,2026-07-01 19:00:26.490603+00:00,PUT,495.0,2026-07-31,206081,23,24,4,438.155,REPEATEDHITS,False,False,False,0,206081,65630385764.0,30,BID,LONG,0.5
ALAB,2026-07-01 15:18:53.578339+00:00,PUT,445.0,2026-07-02,91086,99,112,42,456.35,REPEATEDHITSASCENDINGFILL,False,False,False,925,90161,65630385764.0,1,BID,LONG,0.5
ALAB,2026-07-01 14:18:16.164120+00:00,PUT,430.0,2026-07-10,68600,40,42,12,463.635,REPEATEDHITS,False,False,False,0,68600,65630385764.0,9,BID,LONG,0.5
ALAB,2026-07-01 14:14:38.792907+00:00,CALL,465.0,2026-07-31,396350,68,69,0,461.91,REPEATEDHITS,True,False,False,274130,122220,65630385764.0,30,ASK,LONG,1.0
ALAB,2026-06-30 19:28:53.106080+00:00,CALL,570.0,2027-06-17,106830,6,291,0,482.7801,REPEATEDHITS,False,False,False,0,106830,65630385764.0,352,BID,SHORT,0.5
ALAB,2026-06-30 19:25:14.777303+00:00,CALL,570.0,2027-06-17,107040,6,249,0,483.195,REPEATEDHITS,False,False,False,0,107040,65630385764.0,352,BID,SHORT,0.5
ALAB,2026-06-30 19:21:32.632126+00:00,CALL,570.0,2027-06-17,321100,18,77,0,482.7,REPEATEDHITS,False,False,False,53440,267660,65630385764.0,352,BID,SHORT,0.5
ALAB,2026-06-30 18:49:19.836789+00:00,PUT,500.0,2026-07-10,144500,34,44,0,488.52,REPEATEDHITS,False,False,False,0,144500,65630385764.0,10,BID,LONG,0.5
ALAB,2026-06-30 18:37:55.221074+00:00,PUT,485.0,2026-07-31,288000,45,65,0,484.84,REPEATEDHITS,False,False,False,288000,0,65630385764.0,31,ASK,SHORT,1.0
ALAB,2026-06-30 18:28:10.725357+00:00,CALL,555.0,2026-07-24,97370,32,32,0,482.4,REPEATEDHITSASCENDINGFILL,True,False,False,18325,79045,65630385764.0,24,BID,SHORT,0.5
ALAB,2026-06-30 17:44:48.671167+00:00,CALL,490.0,2026-07-24,172196,30,44,24,488.385,REPEATEDHITS,False,False,False,160716,0,65630385764.0,24,ASK,LONG,1.0
ALAB,2026-06-30 17:34:33.713678+00:00,PUT,482.5,2026-07-02,494450,290,294,0,488.2008,REPEATEDHITS,True,False,False,0,494450,65630385764.0,2,BID,LONG,0.5
ALAB,2026-06-30 17:07:25.574955+00:00,PUT,475.0,2026-07-10,617261,200,435,10,488.99,REPEATEDHITSDESCENDINGFILL,False,False,False,617261,0,65630385764.0,10,ASK,SHORT,1.0
ALAB,2026-06-30 16:44:07.553677+00:00,CALL,520.0,2026-07-17,2074446,586,1478,102,487.6,REPEATEDHITSASCENDINGFILL,True,False,False,0,2074446,65630385764.0,17,BID,SHORT,0.5
ALAB,2026-06-30 16:43:48.534092+00:00,CALL,520.0,2026-07-17,389446,110,892,102,488.835,REPEATEDHITS,True,False,False,0,389446,65630385764.0,17,BID,SHORT,0.5
ALAB,2026-06-30 16:05:31.447919+00:00,PUT,500.0,2026-08-21,135000,15,837,5,496.16,REPEATEDHITS,True,False,False,0,135000,65630385764.0,52,BID,LONG,0.5
ALAB,2026-06-30 15:51:26.307440+00:00,PUT,480.0,2026-07-17,85495,20,835,18,494.075,REPEATEDHITS,True,False,False,85495,0,65630385764.0,17,ASK,SHORT,1.0
ALAB,2026-06-30 15:34:23.211377+00:00,PUT,480.0,2026-07-17,130975,31,494,18,494.4,REPEATEDHITS,False,False,False,105625,0,65630385764.0,17,ASK,SHORT,1.0
ALAB,2026-06-30 15:33:50.174340+00:00,PUT,480.0,2026-07-17,118300,28,463,18,494.16,REPEATEDHITS,False,False,False,54925,0,65630385764.0,17,ASK,SHORT,1.0
ALAB,2026-06-30 15:33:23.543673+00:00,PUT,480.0,2026-07-17,131285,31,435,18,494.965,REPEATEDHITS,True,False,False,76230,0,65630385764.0,17,ASK,SHORT,1.0
ALAB,2026-06-30 15:32:47.297449+00:00,PUT,480.0,2026-07-17,117180,28,404,18,495.455,REPEATEDHITS,True,False,False,75330,16740,65630385764.0,17,ASK,SHORT,1.0
ALAB,2026-06-30 15:32:19.267982+00:00,PUT,480.0,2026-07-17,112320,27,376,18,495.2425,REPEATEDHITS,False,False,False,0,112320,65630385764.0,17,BID,LONG,0.5
ALAB,2026-06-30 15:30:03.510282+00:00,PUT,480.0,2026-07-17,122235,29,243,18,494.505,REPEATEDHITS,False,False,False,46365,0,65630385764.0,17,ASK,SHORT,1.0
ALAB,2026-06-30 15:29:31.080526+00:00,PUT,480.0,2026-07-17,122090,29,212,18,494.62,REPEATEDHITS,True,False,False,122090,0,65630385764.0,17,ASK,SHORT,1.0
ALAB,2026-06-30 15:28:37.622152+00:00,PUT,480.0,2026-07-17,109460,26,165,18,494.3404,REPEATEDHITS,False,False,False,0,109460,65630385764.0,17,BID,LONG,0.5
ALAB,2026-06-30 15:28:13.793476+00:00,PUT,480.0,2026-07-17,117600,28,139,18,494.4983,REPEATEDHITS,True,False,False,12600,105000,65630385764.0,17,BID,LONG,0.5
ALAB,2026-06-30 15:27:46.965020+00:00,PUT,480.0,2026-07-17,121800,29,111,18,494.65,REPEATEDHITS,False,False,False,92400,29400,65630385764.0,17,ASK,SHORT,1.0
ALAB,2026-06-30 15:27:18.129652+00:00,PUT,480.0,2026-07-17,120635,29,82,18,495.1913,REPEATEDHITS,False,False,False,66555,20800,65630385764.0,17,ASK,SHORT,1.0
ALAB,2026-06-30 15:26:41.094473+00:00,PUT,480.0,2026-07-17,121510,29,41,18,495.46,REPEATEDHITS,False,False,False,79610,0,65630385764.0,17,ASK,SHORT,1.0
ALAB,2026-06-30 15:15:36.837466+00:00,PUT,497.5,2026-07-02,82000,41,86,0,496.78,REPEATEDHITS,False,False,False,0,82000,65630385764.0,2,BID,LONG,0.5
ALAB,2026-06-30 15:11:48.314403+00:00,CALL,520.0,2026-07-17,2916231,691,747,102,495.99,REPEATEDHITSASCENDINGFILL,False,False,False,2663021,253210,65630385764.0,17,ASK,LONG,1.0
ALAB,2026-06-30 14:56:45.234848+00:00,PUT,435.0,2026-07-17,91135,40,134,11,495.85,REPEATEDHITSASCENDINGFILL,True,False,False,45735,45400,65630385764.0,17,ASK,SHORT,1.0
ALAB,2026-06-30 14:43:14.238344+00:00,CALL,510.0,2026-07-02,56400,47,107,36,489.325,REPEATEDHITS,False,False,False,0,56400,65630385764.0,2,BID,SHORT,0.5
ALAB,2026-06-30 14:41:08.028765+00:00,PUT,510.0,2026-09-18,367194,32,34,4,492.225,REPEATEDHITSDESCENDINGFILL,False,False,False,355724,11470,65630385764.0,80,ASK,SHORT,1.0
ALAB,2026-06-30 14:16:02.254944+00:00,PUT,495.0,2026-07-17,78960,16,21,0,493.84,REPEATEDHITS,False,False,False,44415,24675,65630385764.0,17,ASK,SHORT,1.0
ALAB,2026-06-30 14:13:11.353432+00:00,PUT,490.0,2026-08-21,169500,20,22,5,491.75,REPEATEDHITS,True,False,False,0,169500,65630385764.0,52,BID,LONG,0.5
ALB,2026-07-08 14:43:03.855571+00:00,PUT,120.0,2026-07-31,41280,86,88,21,125.83,REPEATEDHITS,False,False,False,41280,0,15215928672.0,23,ASK,SHORT,1.0
ALB,2026-07-08 14:29:32.944267+00:00,CALL,270.0,2027-11-19,12225,13,13,0,126.975,REPEATEDHITSDESCENDINGFILL,False,False,False,3760,7525,15215928672.0,499,BID,SHORT,0.5
ALB,2026-07-07 17:57:11.780131+00:00,PUT,126.0,2026-07-24,63360,132,139,0,129.535,REPEATEDHITS,False,False,False,63360,0,15215928672.0,17,ASK,SHORT,1.0
ALB,2026-07-07 16:54:32.924901+00:00,PUT,131.0,2026-07-10,20250,45,46,8,128.405,REPEATEDHITS,False,False,False,0,20250,15215928672.0,3,BID,LONG,0.5
ALB,2026-07-07 14:41:14.278458+00:00,CALL,135.0,2026-07-10,10770,121,153,117,127.675,REPEATEDHITS,False,False,False,90,10680,15215928672.0,3,BID,SHORT,0.5
ALB,2026-07-02 15:30:39.700001+00:00,CALL,141.0,2026-07-10,19264,86,86,11,134.99,REPEATEDHITS,False,False,False,19264,0,15215928672.0,8,ASK,LONG,1.0
ALB,2026-07-02 15:05:13.034336+00:00,PUT,130.0,2026-07-31,48260,76,76,20,135.28,REPEATEDHITS,False,False,False,48260,0,15215928672.0,29,ASK,SHORT,1.0
ALB,2026-07-01 19:45:28.447972+00:00,CALL,134.0,2026-07-02,13651,39,49,38,136.715,REPEATEDHITS,False,False,False,0,13651,15215928672.0,1,BID,SHORT,0.5
ALB,2026-07-01 18:03:30.967940+00:00,CALL,140.0,2026-07-31,45085,54,54,6,137.405,REPEATEDHITS,True,False,False,44255,0,15215928672.0,30,ASK,LONG,1.0
ALB,2026-07-01 17:12:30.997188+00:00,PUT,135.0,2026-07-31,42385,54,54,26,137.355,REPEATEDHITS,False,False,False,41605,0,15215928672.0,30,ASK,SHORT,1.0
ALB,2026-07-01 15:13:27.025716+00:00,CALL,145.0,2026-07-31,53120,83,83,14,137.46,REPEATEDHITS,False,False,False,53120,0,15215928672.0,30,ASK,LONG,1.0
ALB,2026-06-30 19:38:08.874292+00:00,PUT,135.0,2026-07-24,56800,71,90,27,134.55,REPEATEDHITS,False,False,False,56800,0,15215928672.0,24,ASK,SHORT,1.0
ALB,2026-06-30 18:58:38.469784+00:00,CALL,137.0,2026-07-10,40500,90,95,4,135.385,REPEATEDHITS,False,False,False,40500,0,15215928672.0,10,ASK,LONG,1.0
ALB,2026-06-30 18:06:48.164701+00:00,PUT,132.0,2026-07-02,10935,81,922,17,135.42,REPEATEDHITS,True,False,False,10935,0,15215928672.0,2,ASK,SHORT,1.0
ALB,2026-06-30 18:04:50.010958+00:00,PUT,132.0,2026-07-02,20655,153,630,17,135.33,REPEATEDHITS,True,False,False,20655,0,15215928672.0,2,ASK,SHORT,1.0
ALB,2026-06-30 17:59:29.233328+00:00,PUT,132.0,2026-07-02,16470,122,312,17,135.66,REPEATEDHITS,False,False,False,16470,0,15215928672.0,2,ASK,SHORT,1.0
ALB,2026-06-30 17:57:08.672954+00:00,PUT,132.0,2026-07-02,25380,188,190,17,135.6,REPEATEDHITS,False,False,False,25380,0,15215928672.0,2,ASK,SHORT,1.0
ALB,2026-06-30 17:51:41.387741+00:00,CALL,135.0,2026-07-10,18865,34,48,21,135.56,REPEATEDHITS,False,False,False,18315,550,15215928672.0,10,ASK,LONG,1.0
ALB,2026-06-30 17:25:24.677042+00:00,CALL,138.0,2026-07-10,14450,34,39,8,135.78,REPEATEDHITS,False,False,False,14450,0,15215928672.0,10,ASK,LONG,1.0
ALB,2026-06-30 16:13:52.671059+00:00,CALL,134.0,2026-07-10,46440,86,126,26,134.16,REPEATEDHITS,False,False,False,46440,0,15215928672.0,10,ASK,LONG,1.0
ALB,2026-06-30 15:43:48.384266+00:00,CALL,130.0,2026-07-24,62540,59,89,45,134.2,REPEATEDHITS,False,False,False,62540,0,15215928672.0,24,ASK,LONG,1.0
ALB,2026-06-30 15:17:28.775257+00:00,PUT,120.0,2027-08-20,41545,18,60,7,133.88,REPEATEDHITSASCENDINGFILL,True,False,False,0,41545,15215928672.0,416,BID,LONG,0.5
ALB,2026-06-29 19:35:48.538456+00:00,PUT,115.0,2026-07-24,10810,46,103,11,129.975,REPEATEDHITS,False,False,False,10810,0,15215928672.0,25,ASK,SHORT,1.0
ALB,2026-06-29 18:52:38.740699+00:00,PUT,115.0,2026-07-24,11328,48,57,11,129.63,REPEATEDHITS,False,False,False,11328,0,15215928672.0,25,ASK,SHORT,1.0
ALB,2026-06-29 16:46:15.449454+00:00,PUT,120.0,2026-07-24,14350,35,60,25,128.16,REPEATEDHITS,False,False,False,14350,0,15215928672.0,25,ASK,SHORT,1.0
ALB,2026-06-29 16:28:12.894197+00:00,CALL,130.0,2026-08-21,29500,25,63,23,128.845,REPEATEDHITS,True,False,False,29500,0,15215928672.0,53,ASK,LONG,1.0
ALB,2026-06-29 15:13:03.185945+00:00,CALL,135.0,2026-07-24,21840,39,45,8,128.925,REPEATEDHITS,False,False,False,20720,1120,15215928672.0,25,ASK,LONG,1.0
ALB,2026-06-26 18:47:45.811268+00:00,CALL,140.0,2026-08-21,21850,23,47,9,132.61,REPEATEDHITS,False,False,False,0,21850,15215928672.0,56,BID,SHORT,0.5
ALB,2026-06-26 17:20:54.520483+00:00,CALL,130.0,2026-07-17,68250,75,79,23,133.26,REPEATEDHITS,False,False,False,68250,0,15215928672.0,21,ASK,LONG,1.0
ALB,2026-06-26 16:02:48.583893+00:00,CALL,150.0,2026-08-21,44220,66,304,42,134.19,REPEATEDHITS,True,False,False,44220,0,15215928672.0,56,ASK,LONG,1.0
ALB,2026-06-26 16:02:25.165807+00:00,CALL,150.0,2026-08-21,96480,144,236,42,134.23,REPEATEDHITS,False,False,False,96480,0,15215928672.0,56,ASK,LONG,1.0
ALB,2026-06-26 15:39:36.065797+00:00,PUT,110.0,2027-05-21,84280,55,74,4,134.76,REPEATEDHITSDESCENDINGFILL,False,False,False,10765,73515,15215928672.0,329,BID,LONG,0.5
ALB,2026-06-18 14:34:07.042400+00:00,PUT,85.0,2028-02-18,23150,26,26,2,164.645,REPEATEDHITSASCENDINGFILL,False,False,False,5430,16840,15215928672.0,610,BID,LONG,0.5
ALB,2026-06-11 18:58:20.783928+00:00,CALL,135.0,2026-06-12,241500,100,325,50,158.67,FLOORTRADELARGECAP,False,True,False,241500,0,15215928672.0,1,ASK,LONG,1.0
ALB,2026-06-11 18:58:20.783928+00:00,CALL,138.0,2026-06-12,102750,50,75,25,158.67,FLOORTRADELARGECAP,False,True,False,102750,0,15215928672.0,1,ASK,LONG,1.0
ALB,2026-06-11 14:41:53.565562+00:00,CALL,150.0,2026-07-10,372520,268,268,45,155.9,REPEATEDHITS,False,False,False,372520,0,15215928672.0,29,ASK,LONG,1.0
ALB,2026-06-09 18:35:25.774593+00:00,PUT,157.5,2026-06-26,44600,40,40,1,151.86,REPEATEDHITS,False,False,False,1115,43485,15215928672.0,17,BID,LONG,0.5
ALB,2026-06-08 15:30:43.259130+00:00,CALL,155.0,2026-07-02,216294,239,251,0,153.48,REPEATEDHITS,False,False,False,216294,0,15215928672.0,24,ASK,LONG,1.0
ALB,2026-06-05 16:17:50.089671+00:00,CALL,160.0,2026-08-21,17100,10,11,4,157.41,REPEATEDHITS,True,False,False,17100,0,15215928672.0,77,ASK,LONG,1.0
ALB,2026-06-02 15:27:11.233663+00:00,PUT,160.0,2027-05-21,117060,37,37,0,172.52,REPEATEDHITSASCENDINGFILL,False,False,False,0,117060,15215928672.0,353,BID,LONG,0.5
ALB,2026-06-01 19:04:53.656301+00:00,PUT,167.5,2026-06-05,19040,68,129,20,172.0,REPEATEDHITS,False,False,False,0,19040,15215928672.0,4,BID,LONG,0.5
ALB,2026-06-01 17:08:38.211293+00:00,PUT,155.0,2026-06-12,67095,305,314,54,170.1,REPEATEDHITS,True,False,False,47295,19800,15215928672.0,11,ASK,SHORT,1.0
ALB,2026-06-01 16:07:49.125898+00:00,CALL,182.5,2026-06-05,11900,70,108,29,171.895,REPEATEDHITS,False,False,False,0,2380,15215928672.0,4,BID,SHORT,0.5
ALB,2026-05-27 18:38:12.735995+00:00,PUT,145.0,2026-08-21,52110,66,82,42,178.0,REPEATEDHITSDESCENDINGFILL,False,False,False,4710,47400,15215928672.0,86,BID,LONG,0.5
ALB,2026-05-27 17:24:00.033711+00:00,CALL,320.0,2028-01-21,335280,132,132,27,179.285,REPEATEDHITS,False,False,False,335280,0,15215928672.0,604,ASK,LONG,1.0
ALB,2026-05-27 16:13:07.502410+00:00,PUT,157.5,2026-06-18,200474,581,602,5,178.54,REPEATEDHITSASCENDINGFILL,False,False,False,15205,185269,15215928672.0,22,BID,LONG,0.5
ALB,2026-05-26 14:12:04.734967+00:00,CALL,190.0,2026-09-18,2324685,1107,1108,87,177.36,REPEATEDHITSDESCENDINGFILL,False,False,False,2324685,0,15215928672.0,115,ASK,LONG,1.0
ALB,2026-05-26 13:39:53.684997+00:00,CALL,187.5,2026-06-05,18200,52,53,5,175.19,REPEATEDHITS,False,False,False,0,18200,15215928672.0,10,BID,SHORT,0.5
ALB,2026-05-22 18:59:48.620737+00:00,PUT,130.0,2026-06-26,19440,144,154,14,172.43,REPEATEDHITS,False,False,False,0,19440,15215928672.0,35,BID,LONG,0.5
ALB,2026-05-22 13:34:03.226298+00:00,PUT,152.5,2026-06-18,25500,50,50,0,170.36,REPEATEDHITS,False,False,False,25500,0,15215928672.0,27,ASK,SHORT,1.0
AMAT,2026-07-08 16:00:47.964180+00:00,CALL,715.0,2026-08-07,81625,50,72,12,563.04,REPEATEDHITSDESCENDINGFILL,False,False,False,46015,35610,440250503935.0,30,ASK,LONG,1.0
AMAT,2026-07-08 15:14:21.187458+00:00,CALL,595.0,2026-07-10,216378,338,393,38,559.545,REPEATEDHITSASCENDINGFILL,False,False,False,670,215708,440250503935.0,2,BID,SHORT,0.5
AMAT,2026-07-08 13:35:05.295254+00:00,CALL,617.5,2026-07-17,174420,99,128,0,567.505,REPEATEDHITS,False,False,False,21300,153120,440250503935.0,9,BID,SHORT,0.5
AMAT,2026-07-08 13:35:05.295254+00:00,CALL,602.5,2026-07-17,62297,28,29,0,567.505,REPEATEDHITS,False,False,False,60072,2225,440250503935.0,9,ASK,LONG,1.0
AMAT,2026-07-07 19:31:02.488809+00:00,CALL,695.0,2026-08-07,160530,102,105,2,548.89,REPEATEDHITSDESCENDINGFILL,True,False,False,33180,127350,440250503935.0,31,BID,SHORT,0.5
AMAT,2026-07-07 18:34:06.606803+00:00,CALL,720.0,2027-12-17,406007,25,53,18,549.05,REPEATEDHITS,False,False,False,0,406007,440250503935.0,528,BID,SHORT,0.5
AMAT,2026-07-07 17:47:13.329128+00:00,PUT,522.5,2026-07-10,70175,75,251,43,550.965,REPEATEDHITS,False,False,False,18750,51425,440250503935.0,3,BID,LONG,0.5
AMAT,2026-07-07 15:53:26.480772+00:00,CALL,1020.0,2027-01-15,93380,28,41,22,542.55,REPEATEDHITS,False,False,False,46690,46690,440250503935.0,192,MIXED,,0.0
AMAT,2026-07-07 13:51:52.643220+00:00,CALL,535.0,2026-07-10,85725,37,66,13,536.4199,REPEATEDHITSDESCENDINGFILL,True,False,False,60345,25380,440250503935.0,3,ASK,LONG,1.0
AMAT,2026-07-07 13:38:56.634326+00:00,PUT,525.0,2026-07-31,462000,110,114,44,542.42,REPEATEDHITS,False,False,False,462000,0,440250503935.0,24,ASK,SHORT,1.0
AMAT,2026-07-06 19:05:23.520960+00:00,PUT,517.5,2026-07-10,93033,214,403,35,594.375,REPEATEDHITSDESCENDINGFILL,False,False,False,92193,840,440250503935.0,4,ASK,SHORT,1.0
AMAT,2026-07-06 19:04:03.429576+00:00,CALL,555.0,2026-07-31,94380,12,12,10,594.98,REPEATEDHITS,False,False,False,0,94380,440250503935.0,25,BID,SHORT,0.5
AMAT,2026-07-06 18:26:46.792184+00:00,CALL,590.0,2026-08-07,453220,68,68,8,597.17,REPEATEDHITS,True,False,False,453220,0,440250503935.0,32,ASK,LONG,1.0
AMAT,2026-07-06 17:29:18.981316+00:00,PUT,517.5,2026-07-10,80499,175,188,35,592.34,REPEATEDHITS,False,False,False,80499,0,440250503935.0,4,ASK,SHORT,1.0
AMAT,2026-07-06 14:49:36.591217+00:00,CALL,572.5,2026-07-10,652725,135,139,3,608.35,REPEATEDHITS,False,False,False,652725,0,440250503935.0,4,ASK,LONG,1.0
AMAT,2026-07-06 14:12:08.914411+00:00,PUT,445.0,2026-08-07,87400,85,86,8,615.9,REPEATEDHITSASCENDINGFILL,False,False,False,41820,45580,440250503935.0,32,BID,LONG,0.5
AMAT,2026-07-06 14:08:00.681351+00:00,CALL,750.0,2026-07-10,105032,1000,1906,182,616.7401,REPEATEDHITSDESCENDINGFILL,False,False,False,137,104895,440250503935.0,4,BID,SHORT,0.5
AMAT,2026-07-06 13:58:55.281531+00:00,CALL,1000.0,2027-03-19,656850,87,87,0,614.51,REPEATEDHITS,False,False,False,7550,0,440250503935.0,256,ASK,LONG,1.0
AMAT,2026-07-06 13:48:14.802664+00:00,PUT,520.0,2026-07-10,51103,142,148,113,615.11,REPEATEDHITS,False,False,False,51103,0,440250503935.0,4,ASK,SHORT,1.0
AMAT,2026-07-06 13:38:36.956020+00:00,PUT,610.0,2027-03-19,316995,21,26,18,610.21,REPEATEDHITS,False,False,False,120760,196235,440250503935.0,256,BID,LONG,0.5
AMAT,2026-07-06 13:31:14.661805+00:00,CALL,840.0,2027-12-17,2622405,149,149,24,621.89,REPEATEDHITS,False,False,False,2076805,492800,440250503935.0,529,ASK,LONG,1.0
AMAT,2026-07-06 13:31:14.661805+00:00,CALL,890.0,2027-06-17,475800,39,39,23,621.74,REPEATEDHITS,False,False,False,475800,0,440250503935.0,346,ASK,LONG,1.0
AMAT,2026-07-06 13:31:14.661805+00:00,CALL,900.0,2027-12-17,391200,24,24,23,620.73,REPEATEDHITS,False,False,False,391200,0,440250503935.0,529,ASK,LONG,1.0
AMAT,2026-07-06 13:31:14.661805+00:00,CALL,840.0,2027-06-17,1089640,82,82,19,621.74,REPEATEDHITSASCENDINGFILL,False,False,False,226100,863540,440250503935.0,346,BID,SHORT,0.5
AMAT,2026-07-02 19:28:36.857249+00:00,PUT,600.0,2026-07-02,346675,383,1682,358,591.24,REPEATEDHITSDESCENDINGFILL,False,False,False,54360,292315,440250503935.0,0,BID,LONG,0.5
AMAT,2026-07-02 19:04:29.997702+00:00,PUT,600.0,2026-07-02,640699,791,1236,358,594.66,REPEATEDHITSASCENDINGFILL,False,False,False,80189,560510,440250503935.0,0,BID,LONG,0.5
AMAT,2026-07-02 17:04:51.299964+00:00,CALL,600.0,2026-07-10,293370,127,228,57,584.0701,REPEATEDHITS,False,False,False,0,85470,440250503935.0,8,BID,SHORT,0.5
AMAT,2026-07-01 19:54:31.255288+00:00,PUT,700.0,2026-09-18,1052520,84,94,63,653.235,REPEATEDHITS,True,False,False,1052520,0,440250503935.0,79,ASK,SHORT,1.0
AMAT,2026-07-01 19:54:31.255288+00:00,PUT,675.0,2026-07-10,495175,108,193,29,653.235,REPEATEDHITS,True,False,False,490595,4580,440250503935.0,9,ASK,SHORT,1.0
AMAT,2026-07-01 19:15:13.784690+00:00,CALL,655.0,2026-07-17,293065,66,185,55,649.0451,REPEATEDHITSDESCENDINGFILL,False,False,False,26665,266400,440250503935.0,16,BID,SHORT,0.5
AMAT,2026-07-01 19:15:13.784690+00:00,CALL,655.0,2026-07-17,448405,101,119,55,648.95,REPEATEDHITSDESCENDINGFILL,False,False,False,355170,93235,440250503935.0,16,ASK,LONG,1.0
AMAT,2026-07-01 18:10:29.004252+00:00,PUT,560.0,2026-07-31,135750,50,72,29,642.72,REPEATEDHITS,False,False,False,0,54300,440250503935.0,30,BID,LONG,0.5
AMAT,2026-07-01 16:42:49.560333+00:00,PUT,632.5,2026-07-10,239000,100,102,20,654.17,REPEATEDHITS,False,False,False,0,0,440250503935.0,9,MIXED,,0.0
AMAT,2026-07-01 16:42:49.560333+00:00,PUT,637.5,2026-07-10,147915,57,60,7,654.17,REPEATEDHITS,False,False,False,0,147915,440250503935.0,9,BID,LONG,0.5
AMAT,2026-07-01 14:46:24.690201+00:00,PUT,590.0,2026-07-10,130033,138,170,67,665.235,REPEATEDHITSDESCENDINGFILL,False,False,False,61748,68285,440250503935.0,9,BID,LONG,0.5
AMAT,2026-07-01 14:35:39.268201+00:00,CALL,970.0,2026-11-20,102780,17,20,6,677.42,REPEATEDHITS,True,False,False,6075,90675,440250503935.0,142,BID,SHORT,0.5
AMAT,2026-07-01 13:45:15.579924+00:00,PUT,700.0,2027-02-19,1736500,100,101,6,672.81,REPEATEDHITS,False,False,False,347300,0,440250503935.0,233,ASK,SHORT,1.0
AMAT,2026-07-01 13:38:09.916701+00:00,CALL,725.0,2026-07-10,130065,87,88,75,667.495,REPEATEDHITS,False,False,False,0,130065,440250503935.0,9,BID,SHORT,0.5
AMAT,2026-06-30 19:58:07.851181+00:00,PUT,750.0,2026-07-10,135000,25,91,2,723.41,REPEATEDHITS,False,False,False,5400,0,440250503935.0,10,ASK,SHORT,1.0
AMAT,2026-06-30 19:55:18.599795+00:00,PUT,750.0,2026-07-10,204750,39,51,2,727.61,REPEATEDHITS,False,False,False,204750,0,440250503935.0,10,ASK,SHORT,1.0
AMAT,2026-06-30 17:38:56.859015+00:00,PUT,700.0,2026-07-31,546500,100,105,9,733.16,REPEATEDHITS,True,False,False,546500,0,440250503935.0,31,ASK,SHORT,1.0
AMAT,2026-06-30 17:18:52.819190+00:00,PUT,700.0,2026-07-17,1614198,414,2058,49,733.9,REPEATEDHITSDESCENDINGFILL,True,False,False,124800,697173,440250503935.0,17,BID,LONG,0.5
AMAT,2026-06-30 17:18:52.819190+00:00,PUT,700.0,2026-07-17,229275,59,2117,49,733.9,REPEATEDHITSDESCENDINGFILL,False,False,False,19450,209825,440250503935.0,17,BID,LONG,0.5
AMAT,2026-06-30 16:18:31.483565+00:00,PUT,750.0,2026-07-17,167700,26,45,24,730.62,REPEATEDHITS,False,False,False,167700,0,440250503935.0,17,ASK,SHORT,1.0
AMAT,2026-06-30 15:58:45.889315+00:00,PUT,700.0,2026-07-17,243055,61,1461,49,732.03,REPEATEDHITSDESCENDINGFILL,False,False,False,243055,0,440250503935.0,17,ASK,SHORT,1.0
AMAT,2026-06-30 15:58:45.889315+00:00,PUT,700.0,2026-07-17,241820,62,1392,49,732.71,REPEATEDHITSDESCENDINGFILL,False,False,False,11715,230105,440250503935.0,17,BID,LONG,0.5
AMAT,2026-06-30 15:58:40.283152+00:00,PUT,700.0,2026-07-17,786215,201,1320,49,732.77,REPEATEDHITSDESCENDINGFILL,True,False,False,391220,238195,440250503935.0,17,ASK,SHORT,1.0
AMAT,2026-06-29 19:44:31.603981+00:00,CALL,670.0,2026-08-07,228900,24,152,1,699.8199,REPEATEDHITSASCENDINGFILL,True,False,False,66815,162085,440250503935.0,39,BID,SHORT,0.5
AMAT,2026-06-29 17:16:45.135077+00:00,PUT,720.0,2026-07-17,245000,35,35,13,690.85,REPEATEDHITS,False,False,False,245000,0,440250503935.0,18,ASK,SHORT,1.0
AMAT,2026-06-29 16:51:09.560397+00:00,PUT,565.0,2026-07-17,137675,127,157,88,696.57,REPEATEDHITSDESCENDINGFILL,True,False,False,30740,106935,440250503935.0,18,BID,LONG,0.5
AMBA,2026-07-08 15:16:17.608626+00:00,CALL,72.0,2026-07-24,12150,21,21,9,72.5,REPEATEDHITSASCENDINGFILL,True,False,False,12150,0,3150613047.0,16,ASK,LONG,1.0
AMBA,2026-07-08 14:50:45.510069+00:00,CALL,76.0,2026-07-10,15000,125,126,25,72.155,REPEATEDHITS,False,False,False,0,15000,3150613047.0,2,BID,SHORT,0.5
AMBA,2026-07-06 19:57:34.584242+00:00,PUT,84.0,2026-07-10,18200,28,33,22,79.545,REPEATEDHITS,True,False,False,0,18200,3150613047.0,4,BID,LONG,0.5
AMBA,2026-07-06 15:53:13.633066+00:00,PUT,79.0,2026-07-17,158335,406,406,0,83.1442,REPEATEDHITS,False,False,False,158335,0,3150613047.0,11,ASK,SHORT,1.0
AMBA,2026-07-06 15:16:20.152799+00:00,PUT,81.0,2026-07-10,20286,99,99,49,86.1378,REPEATEDHITSDESCENDINGFILL,False,False,False,20286,0,3150613047.0,4,ASK,SHORT,1.0
AMBA,2026-07-06 13:59:57.669975+00:00,CALL,95.0,2026-07-31,82080,152,153,101,86.23,REPEATEDHITS,False,False,False,82080,0,3150613047.0,25,ASK,LONG,1.0
AMBA,2026-07-01 19:04:23.576552+00:00,CALL,90.0,2026-07-10,28320,59,317,45,88.5,REPEATEDHITS,True,False,False,28320,0,3150613047.0,9,ASK,LONG,1.0
AMBA,2026-07-01 16:55:58.053962+00:00,CALL,115.0,2026-07-17,16600,83,115,32,92.603,REPEATEDHITS,False,False,False,1000,15600,3150613047.0,16,BID,SHORT,0.5
AMBA,2026-07-01 15:16:08.099628+00:00,PUT,62.0,2026-07-31,16390,149,151,7,91.2399,REPEATEDHITS,False,False,False,0,16390,3150613047.0,30,BID,LONG,0.5
AMBA,2026-07-01 14:56:23.276491+00:00,PUT,90.0,2026-07-31,13100,14,25,0,90.245,REPEATEDHITSDESCENDINGFILL,False,False,False,13100,0,3150613047.0,30,ASK,SHORT,1.0
AMBA,2026-07-01 14:36:02.820221+00:00,PUT,93.0,2026-07-02,130360,237,237,1,89.15,REPEATEDHITSASCENDINGFILL,False,False,False,0,130360,3150613047.0,1,BID,LONG,0.5
AMBA,2026-07-01 14:32:17.243400+00:00,PUT,95.0,2026-08-21,12480,8,18,3,88.915,REPEATEDHITS,True,False,False,12480,0,3150613047.0,51,ASK,SHORT,1.0
AMBA,2026-07-01 14:32:17.243400+00:00,PUT,90.0,2026-08-21,11250,9,13,5,88.915,REPEATEDHITS,True,False,False,11250,0,3150613047.0,51,ASK,SHORT,1.0
AMBA,2026-07-01 14:01:08.483612+00:00,CALL,100.0,2026-07-31,18556,28,43,0,89.8,REPEATEDHITSASCENDINGFILL,False,False,False,18556,0,3150613047.0,30,ASK,LONG,1.0
AMBA,2026-07-01 13:57:55.134150+00:00,PUT,77.0,2026-07-02,11960,478,479,2,87.25,REPEATEDHITSASCENDINGFILL,False,False,False,0,11960,3150613047.0,1,BID,LONG,0.5
AMBA,2026-06-30 19:21:04.781366+00:00,CALL,87.0,2026-07-02,14400,36,490,4,87.04,REPEATEDHITS,True,False,False,13200,1200,3150613047.0,2,ASK,LONG,1.0
AMBA,2026-06-30 19:21:04.781366+00:00,PUT,87.0,2026-07-02,14270,35,540,0,87.04,REPEATEDHITSASCENDINGFILL,False,False,False,6910,4900,3150613047.0,2,ASK,SHORT,1.0
AMBA,2026-06-30 19:20:48.542144+00:00,CALL,90.0,2026-07-24,32490,43,50,0,87.14,REPEATEDHITSDESCENDINGFILL,False,False,False,8470,24020,3150613047.0,24,BID,SHORT,0.5
AMBA,2026-06-30 19:17:34.598013+00:00,CALL,91.0,2026-07-02,31553,130,179,2,87.73,REPEATEDHITS,True,False,False,24018,7535,3150613047.0,2,ASK,LONG,1.0
AMBA,2026-06-30 19:17:34.598013+00:00,CALL,90.0,2026-07-02,41750,147,632,7,87.75,REPEATEDHITSDESCENDINGFILL,True,False,False,39035,2715,3150613047.0,2,ASK,LONG,1.0
AMBA,2026-06-30 19:01:01.914809+00:00,CALL,89.0,2026-07-02,18000,90,439,2,85.3819,REPEATEDHITS,False,False,False,18000,0,3150613047.0,2,ASK,LONG,1.0
AMBA,2026-06-30 18:31:49.988227+00:00,CALL,82.5,2026-07-17,38800,40,598,39,87.8599,REPEATEDHITS,False,False,False,38800,0,3150613047.0,17,ASK,LONG,1.0
AMBA,2026-06-30 18:31:29.954643+00:00,CALL,100.0,2026-07-17,65064,203,617,72,87.39,REPEATEDHITSASCENDINGFILL,False,False,False,64074,990,3150613047.0,17,ASK,LONG,1.0
AMBA,2026-06-30 18:29:37.811529+00:00,CALL,89.0,2026-07-02,14820,57,228,2,87.3799,REPEATEDHITS,False,False,False,14820,0,3150613047.0,2,ASK,LONG,1.0
AMBA,2026-06-30 18:26:54.428837+00:00,CALL,100.0,2026-07-17,32350,109,413,72,86.58,REPEATEDHITSASCENDINGFILL,True,False,False,32350,0,3150613047.0,17,ASK,LONG,1.0
AMBA,2026-06-30 18:04:38.395660+00:00,PUT,100.0,2026-08-21,186240,97,97,3,87.98,REPEATEDHITS,False,False,False,186240,0,3150613047.0,52,ASK,SHORT,1.0
AMBA,2026-06-30 18:01:09.575268+00:00,CALL,105.0,2026-08-21,30724,50,63,33,87.885,REPEATEDHITSASCENDINGFILL,False,False,False,30724,0,3150613047.0,52,ASK,LONG,1.0
AMBA,2026-06-30 16:53:07.390060+00:00,CALL,135.0,2026-11-20,85190,140,142,45,84.175,REPEATEDHITS,False,False,False,64660,13820,3150613047.0,143,ASK,LONG,1.0
AMBA,2026-06-30 16:52:16.523567+00:00,CALL,135.0,2026-08-21,14710,100,374,71,84.97,REPEATEDHITSASCENDINGFILL,True,False,False,7050,7660,3150613047.0,52,BID,SHORT,0.5
AMBA,2026-06-30 16:34:42.331109+00:00,CALL,81.0,2026-07-02,22500,50,367,23,83.64,REPEATEDHITS,False,False,False,22500,0,3150613047.0,2,ASK,LONG,1.0
AMBA,2026-06-30 15:24:55.184975+00:00,PUT,80.0,2026-07-10,21000,50,50,2,79.88,REPEATEDHITS,True,False,False,21000,0,3150613047.0,10,ASK,SHORT,1.0
AMBA,2026-06-30 15:23:49.085987+00:00,PUT,80.0,2026-07-02,10450,38,44,11,79.74,REPEATEDHITS,False,False,False,10450,0,3150613047.0,2,ASK,SHORT,1.0
AMBA,2026-06-30 15:11:35.098014+00:00,PUT,75.0,2026-07-10,54570,185,185,2,78.2,REPEATEDHITS,False,False,False,54570,0,3150613047.0,10,ASK,SHORT,1.0
AMBA,2026-06-30 14:23:05.388398+00:00,CALL,69.0,2026-07-17,85750,88,98,1,76.0,REPEATEDHITSDESCENDINGFILL,False,False,False,6860,78890,3150613047.0,17,BID,SHORT,0.5
AMBA,2026-06-30 14:22:49.751215+00:00,CALL,82.5,2026-08-21,327615,520,574,58,75.5,REPEATEDHITS,False,False,False,326975,640,3150613047.0,52,ASK,LONG,1.0
AMBA,2026-06-30 14:18:44.905070+00:00,PUT,74.0,2026-07-24,42560,76,76,0,74.8,REPEATEDHITS,False,False,False,6720,35840,3150613047.0,24,BID,LONG,0.5
AMBA,2026-06-30 14:02:51.634333+00:00,CALL,73.0,2026-07-02,21420,126,129,112,71.79,REPEATEDHITS,False,False,False,21420,0,3150613047.0,2,ASK,LONG,1.0
AMBA,2026-06-30 14:01:42.709609+00:00,PUT,70.0,2026-07-10,18600,62,71,43,71.49,REPEATEDHITS,True,False,False,17400,0,3150613047.0,10,ASK,SHORT,1.0
AMBA,2026-06-30 14:01:35.295689+00:00,PUT,75.0,2026-07-02,41000,100,102,21,71.49,REPEATEDHITS,True,False,False,41000,0,3150613047.0,2,ASK,SHORT,1.0
AMBA,2026-06-25 16:06:29.051625+00:00,CALL,60.0,2026-07-31,77280,92,92,1,63.93,REPEATEDHITS,False,False,False,77280,0,3150613047.0,36,ASK,LONG,1.0
AMBA,2026-06-24 17:43:11.699404+00:00,PUT,55.0,2026-08-21,158740,441,442,69,63.22,REPEATEDHITSDESCENDINGFILL,False,False,False,158030,710,3150613047.0,58,ASK,SHORT,1.0
AMBA,2026-06-23 19:31:39.457511+00:00,CALL,74.0,2026-07-17,214640,1047,1047,0,65.855,REPEATEDHITS,False,False,False,0,214640,3150613047.0,24,BID,SHORT,0.5
AMBA,2026-06-23 14:11:22.097943+00:00,CALL,72.0,2026-07-02,46590,274,274,19,67.36,REPEATEDHITSASCENDINGFILL,False,False,False,0,46590,3150613047.0,9,BID,SHORT,0.5
AMBA,2026-06-18 19:05:13.130396+00:00,PUT,67.0,2026-07-02,11970,42,42,0,69.15,REPEATEDHITS,True,False,False,11970,0,3150613047.0,14,ASK,SHORT,1.0
AMBA,2026-06-18 15:46:32.399400+00:00,PUT,69.0,2026-06-26,24480,72,73,4,68.08,REPEATEDHITS,True,False,False,22780,1700,3150613047.0,8,ASK,SHORT,1.0
AMBA,2026-06-18 14:19:09.817202+00:00,PUT,67.5,2026-08-21,68380,95,96,6,67.71,REPEATEDHITSASCENDINGFILL,False,False,False,67660,720,3150613047.0,64,ASK,SHORT,1.0
AMBA,2026-06-17 16:46:54.197197+00:00,CALL,87.5,2026-08-21,11130,42,247,33,67.0115,REPEATEDHITS,False,False,False,0,11130,3150613047.0,65,BID,SHORT,0.5
AMBA,2026-06-17 14:41:31.209541+00:00,CALL,87.5,2026-08-21,57005,200,200,33,67.2,REPEATEDHITS,False,False,False,0,57005,3150613047.0,65,BID,SHORT,0.5
AMBA,2026-06-11 15:43:40.973639+00:00,PUT,62.5,2026-07-17,83430,149,153,8,63.22,REPEATEDHITSDESCENDINGFILL,False,False,False,83430,0,3150613047.0,36,ASK,SHORT,1.0
AMBA,2026-06-10 17:19:19.457953+00:00,PUT,45.0,2026-08-21,22743,111,113,86,63.06,REPEATEDHITSDESCENDINGFILL,False,False,False,22343,400,3150613047.0,72,ASK,SHORT,1.0
ARKK,2026-07-08 15:22:46.803895+00:00,PUT,75.5,2026-07-10,23805,1035,1035,239,78.91,REPEATEDHITS,False,False,False,23805,0,5723514000.0,2,ASK,SHORT,1.0
ARKK,2026-07-08 15:14:17.579210+00:00,CALL,83.0,2026-07-10,16796,884,1393,426,79.12,REPEATEDHITS,False,False,False,0,16796,5723514000.0,2,BID,SHORT,0.5
ARKK,2026-07-08 14:53:55.550954+00:00,PUT,81.5,2026-07-24,108230,274,274,202,79.42,REPEATEDHITS,True,False,False,0,108230,5723514000.0,16,BID,LONG,0.5
ARKK,2026-07-08 14:52:24.505477+00:00,PUT,72.0,2026-07-31,18082,201,201,60,79.1,REPEATEDHITSDESCENDINGFILL,False,False,False,17998,84,5723514000.0,23,ASK,SHORT,1.0
ARKK,2026-07-08 14:43:43.531727+00:00,PUT,77.0,2026-07-10,53424,1272,1687,482,79.42,REPEATEDHITS,False,False,False,53424,0,5723514000.0,2,ASK,SHORT,1.0
ARKK,2026-07-07 19:18:26.672970+00:00,PUT,77.5,2026-07-24,26398,197,203,16,81.1,REPEATEDHITS,False,False,False,26398,0,5723514000.0,17,ASK,SHORT,1.0
ARKK,2026-07-07 17:28:40.815325+00:00,CALL,82.5,2026-07-24,26900,100,164,27,82.16,REPEATEDHITS,False,False,False,0,26900,5723514000.0,17,BID,SHORT,0.5
ARKK,2026-07-07 16:42:55.361135+00:00,PUT,80.0,2026-07-24,392000,2000,2003,57,82.2,FLOORTRADEMIDCAP,False,True,True,0,392000,5723514000.0,17,BID,LONG,0.5
ARKK,2026-07-07 16:42:55.361135+00:00,PUT,72.0,2026-07-24,136000,4000,4008,90,82.2,FLOORTRADEMIDCAP,False,True,True,0,0,5723514000.0,17,MIXED,,0.0
ARKK,2026-07-07 16:41:37.003557+00:00,PUT,83.5,2026-07-10,157617,747,748,238,82.16,REPEATEDHITS,False,False,False,157617,0,5723514000.0,3,ASK,SHORT,1.0
ARKK,2026-07-07 15:09:15.339483+00:00,PUT,84.0,2026-07-24,10200,24,24,3,81.31,REPEATEDHITS,False,False,False,0,10200,5723514000.0,17,BID,LONG,0.5
ARKK,2026-07-07 14:14:15.033772+00:00,PUT,78.5,2026-07-10,60018,1429,1432,265,81.1,REPEATEDHITS,False,False,False,60018,0,5723514000.0,3,ASK,SHORT,1.0
ARKK,2026-07-07 13:53:34.209835+00:00,PUT,82.5,2026-08-14,22940,51,51,0,81.95,REPEATEDHITSDESCENDINGFILL,True,False,False,22495,445,5723514000.0,38,ASK,SHORT,1.0
ARKK,2026-07-06 17:14:35.587721+00:00,CALL,87.0,2026-07-10,18768,391,439,28,84.09,REPEATEDHITS,False,False,False,18768,0,5723514000.0,4,ASK,LONG,1.0
ARKK,2026-07-06 15:47:57.622384+00:00,PUT,83.0,2026-08-21,18060,42,127,1,83.84,REPEATEDHITS,False,False,False,430,17630,5723514000.0,46,BID,LONG,0.5
ARKK,2026-07-02 18:10:10.004913+00:00,CALL,83.0,2026-08-21,11200,28,44,27,81.15,REPEATEDHITS,False,False,False,11200,0,5723514000.0,50,ASK,LONG,1.0
ARKK,2026-07-02 16:58:08.006354+00:00,CALL,81.0,2026-07-02,35902,1238,1445,816,80.74,REPEATEDHITS,False,False,False,35844,0,5723514000.0,0,ASK,LONG,1.0
ARKK,2026-07-02 15:51:04.020365+00:00,PUT,82.0,2026-07-10,245160,1362,1378,35,81.99,REPEATEDHITS,False,False,False,245160,0,5723514000.0,8,ASK,SHORT,1.0
ARKK,2026-07-02 13:47:41.033409+00:00,CALL,86.0,2026-08-21,11100,30,90,18,83.31,REPEATEDHITS,False,False,False,11100,0,5723514000.0,50,ASK,LONG,1.0
ARKK,2026-07-02 13:32:05.150310+00:00,CALL,83.0,2026-07-31,19175,54,59,53,82.91,REPEATEDHITS,True,False,False,9945,0,5723514000.0,29,ASK,LONG,1.0
ARKK,2026-07-01 15:04:57.050373+00:00,PUT,81.0,2026-07-02,21333,547,1777,25,82.41,REPEATEDHITS,False,False,False,0,21333,5723514000.0,1,BID,LONG,0.5
ARKK,2026-07-01 14:56:56.122901+00:00,PUT,81.0,2026-07-02,32118,606,1227,25,81.825,REPEATEDHITS,False,False,False,0,32118,5723514000.0,1,BID,LONG,0.5
ARKK,2026-07-01 14:51:04.734872+00:00,PUT,81.0,2026-07-02,10998,234,517,25,82.03,REPEATEDHITS,False,False,False,0,10998,5723514000.0,1,BID,LONG,0.5
ARKK,2026-07-01 14:36:21.252408+00:00,PUT,82.5,2026-07-24,67000,200,200,0,82.06,REPEATEDHITS,True,False,False,58290,8710,5723514000.0,23,ASK,SHORT,1.0
ARKK,2026-07-01 14:08:22.658284+00:00,PUT,74.5,2026-07-31,11417,100,100,9,82.23,REPEATEDHITSASCENDINGFILL,False,False,False,0,11417,5723514000.0,30,BID,LONG,0.5
ARKK,2026-06-30 18:22:53.563993+00:00,CALL,82.0,2026-07-02,34580,665,852,467,80.58,REPEATEDHITS,False,False,False,0,34580,5723514000.0,2,BID,SHORT,0.5
ARKK,2026-06-26 19:27:14.701890+00:00,CALL,81.0,2026-08-21,63825,185,202,101,77.455,REPEATEDHITS,False,False,False,63825,0,5723514000.0,56,ASK,LONG,1.0
ARKK,2026-06-26 18:52:44.009400+00:00,PUT,75.0,2026-07-02,87264,1182,7287,355,77.21,REPEATEDHITSASCENDINGFILL,True,False,False,71331,15859,5723514000.0,6,ASK,SHORT,1.0
ARKK,2026-06-26 18:18:42.092340+00:00,CALL,75.0,2026-08-21,30360,46,47,37,77.71,REPEATEDHITS,True,False,False,0,30360,5723514000.0,56,BID,SHORT,0.5
ARKK,2026-06-26 17:40:20.696788+00:00,PUT,76.5,2026-07-02,15641,149,156,27,77.81,REPEATEDHITSDESCENDINGFILL,True,False,False,15538,103,5723514000.0,6,ASK,SHORT,1.0
ARKK,2026-06-26 17:11:08.886866+00:00,CALL,87.0,2026-08-21,40380,200,401,6,78.46,REPEATEDHITSASCENDINGFILL,False,False,False,40380,0,5723514000.0,56,ASK,LONG,1.0
ARKK,2026-06-26 17:10:42.455349+00:00,CALL,87.0,2026-08-21,40349,200,201,6,78.47,REPEATEDHITSASCENDINGFILL,False,False,False,40349,0,5723514000.0,56,ASK,LONG,1.0
ARKK,2026-06-26 16:21:36.377223+00:00,CALL,78.5,2026-07-31,25530,69,270,0,78.14,REPEATEDHITS,True,False,False,1110,24420,5723514000.0,35,BID,SHORT,0.5
ARKK,2026-06-26 15:30:15.009139+00:00,PUT,76.5,2026-07-31,171685,545,645,1,78.43,REPEATEDHITS,False,False,False,640,171045,5723514000.0,35,BID,LONG,0.5
ARKK,2026-06-26 15:30:02.781170+00:00,CALL,78.0,2026-07-31,42420,101,101,1,78.36,REPEATEDHITS,False,False,False,42420,0,5723514000.0,35,ASK,LONG,1.0
ARKK,2026-06-26 15:25:43.071496+00:00,PUT,77.5,2026-07-10,64477,307,307,270,78.2,REPEATEDHITS,True,False,False,217,64260,5723514000.0,14,BID,LONG,0.5
ARKK,2026-06-25 17:33:38.513401+00:00,CALL,77.5,2026-07-31,37000,100,100,0,76.56,REPEATEDHITS,True,False,False,37000,0,5723514000.0,36,ASK,LONG,1.0
ARKK,2026-06-25 16:03:25.022748+00:00,CALL,83.0,2026-07-02,23012,1046,1247,573,76.73,REPEATEDHITS,False,False,False,0,23012,5723514000.0,7,BID,SHORT,0.5
ARKK,2026-06-25 15:11:35.287743+00:00,CALL,77.5,2026-07-10,15909,66,66,1,76.895,REPEATEDHITS,True,False,False,0,15909,5723514000.0,15,BID,SHORT,0.5
ARKK,2026-06-24 19:30:42.777154+00:00,CALL,78.0,2026-07-10,18012,79,104,15,76.87,REPEATEDHITS,False,False,False,18012,0,5723514000.0,16,ASK,LONG,1.0
ARKK,2026-06-24 17:36:54.769928+00:00,CALL,73.5,2026-07-17,66160,126,126,0,76.75,REPEATEDHITSASCENDINGFILL,True,False,False,65630,530,5723514000.0,23,ASK,LONG,1.0
ARKK,2026-06-24 16:30:02.923608+00:00,CALL,79.0,2026-07-10,42126,177,290,12,78.0,REPEATEDHITS,True,False,False,42126,0,5723514000.0,16,ASK,LONG,1.0
ARKK,2026-06-24 16:24:57.762508+00:00,CALL,79.0,2026-07-10,12636,54,106,12,77.975,REPEATEDHITS,False,False,False,0,12636,5723514000.0,16,BID,SHORT,0.5
ARKK,2026-06-24 15:00:00.998476+00:00,CALL,79.5,2026-07-24,63000,200,400,36,78.04,REPEATEDHITS,False,False,False,63000,0,5723514000.0,30,ASK,LONG,1.0
ARKK,2026-06-24 14:59:06.884575+00:00,CALL,79.5,2026-07-24,63000,200,200,36,77.99,REPEATEDHITS,False,False,False,63000,0,5723514000.0,30,ASK,LONG,1.0
ARKK,2026-06-24 14:16:16.209309+00:00,CALL,78.5,2026-07-10,17631,86,113,36,76.77,REPEATEDHITS,True,False,False,0,17631,5723514000.0,16,BID,SHORT,0.5
ARKK,2026-06-23 18:42:59.290148+00:00,PUT,68.0,2026-07-31,11999,100,100,26,76.895,REPEATEDHITS,False,False,False,10079,1920,5723514000.0,38,ASK,SHORT,1.0
ARKK,2026-06-23 18:31:55.491354+00:00,CALL,77.5,2026-06-26,138908,1148,2202,1011,77.245,REPEATEDHITS,False,False,False,138908,0,5723514000.0,3,ASK,LONG,1.0
ARKK,2026-06-23 18:30:54.235749+00:00,PUT,82.0,2026-08-21,10270,13,13,0,77.215,REPEATEDHITS,False,False,False,10270,0,5723514000.0,59,ASK,SHORT,1.0
ARKK,2026-06-23 16:57:05.767661+00:00,CALL,78.0,2026-06-26,18029,149,665,124,77.765,REPEATEDHITS,True,False,False,18029,0,5723514000.0,3,ASK,LONG,1.0
AVAV,2026-07-08 14:21:58.261299+00:00,PUT,157.5,2026-07-10,57260,154,162,102,162.105,REPEATEDHITSASCENDINGFILL,True,False,False,42880,14380,8225323116.0,2,ASK,SHORT,1.0
AVAV,2026-07-07 15:11:09.542305+00:00,CALL,157.5,2026-07-10,48840,44,44,11,164.7,REPEATEDHITS,False,False,False,48840,0,8225323116.0,3,ASK,LONG,1.0
AVAV,2026-07-07 14:05:25.286910+00:00,CALL,250.0,2026-07-31,10072,70,300,3,169.405,REPEATEDHITSASCENDINGFILL,False,False,False,8752,1320,8225323116.0,24,ASK,LONG,1.0
AVAV,2026-07-07 14:00:13.111338+00:00,CALL,220.0,2026-08-21,210940,398,519,189,169.995,REPEATEDHITS,False,False,False,0,210940,8225323116.0,45,BID,SHORT,0.5
AVAV,2026-07-06 18:30:08.793684+00:00,CALL,182.5,2026-07-17,165000,165,172,5,180.47,REPEATEDHITS,False,False,False,0,165000,8225323116.0,11,BID,SHORT,0.5
AVAV,2026-07-06 14:12:08.310900+00:00,CALL,180.0,2026-07-17,278306,242,245,195,180.325,REPEATEDHITS,False,False,False,0,278306,8225323116.0,11,BID,SHORT,0.5
AVAV,2026-07-02 17:27:00.843812+00:00,PUT,205.0,2026-07-24,724140,298,313,1,191.0175,REPEATEDHITS,False,False,False,724140,0,8225323116.0,22,ASK,SHORT,1.0
AVAV,2026-07-02 16:21:02.802059+00:00,PUT,190.0,2026-07-02,30543,235,434,6,192.505,REPEATEDHITSDESCENDINGFILL,False,False,False,30543,0,8225323116.0,0,ASK,SHORT,1.0
AVAV,2026-07-02 15:29:18.023170+00:00,PUT,180.0,2026-08-07,14000,14,34,8,192.28,REPEATEDHITS,False,False,False,14000,0,8225323116.0,36,ASK,SHORT,1.0
AVAV,2026-07-02 15:29:00.199788+00:00,PUT,205.0,2026-07-24,22620,10,10,1,192.11,REPEATEDHITSDESCENDINGFILL,True,False,False,20360,2260,8225323116.0,22,ASK,SHORT,1.0
AVAV,2026-07-02 15:29:00.199788+00:00,PUT,200.0,2026-07-17,519747,297,367,106,192.11,REPEATEDHITS,False,False,False,519747,0,8225323116.0,15,ASK,SHORT,1.0
AVAV,2026-07-02 15:27:14.020568+00:00,PUT,180.0,2026-08-14,57200,44,44,0,192.895,REPEATEDHITS,False,False,False,19500,0,8225323116.0,43,ASK,SHORT,1.0
AVAV,2026-07-02 15:26:03.740542+00:00,PUT,180.0,2026-08-07,24000,20,20,8,192.32,REPEATEDHITS,False,False,False,2400,0,8225323116.0,36,ASK,SHORT,1.0
AVAV,2026-07-02 14:40:36.043647+00:00,PUT,195.0,2026-07-24,16500,10,23,2,191.565,REPEATEDHITS,False,False,False,13200,3300,8225323116.0,22,ASK,SHORT,1.0
AVAV,2026-07-02 14:10:04.545321+00:00,CALL,175.0,2026-08-21,1373022,416,422,94,194.64,REPEATEDHITSASCENDINGFILL,False,False,False,69510,1303512,8225323116.0,50,BID,SHORT,0.5
AVAV,2026-07-02 13:41:33.181940+00:00,CALL,235.0,2026-07-17,18245,73,73,1,191.76,REPEATEDHITS,False,False,False,18000,245,8225323116.0,15,ASK,LONG,1.0
AVAV,2026-07-02 13:34:16.712490+00:00,CALL,192.5,2026-07-10,13596,20,20,14,185.55,REPEATEDHITSASCENDINGFILL,False,False,False,13596,0,8225323116.0,8,ASK,LONG,1.0
AVAV,2026-07-01 18:27:16.072394+00:00,CALL,200.0,2026-07-24,89100,198,200,19,171.9,REPEATEDHITS,False,False,False,0,89100,8225323116.0,23,BID,SHORT,0.5
AVAV,2026-07-01 18:11:22.071622+00:00,CALL,290.0,2027-03-19,126960,69,69,8,171.07,REPEATEDHITS,True,False,False,126960,0,8225323116.0,261,ASK,LONG,1.0
AVAV,2026-07-01 17:27:18.025187+00:00,PUT,177.5,2026-07-10,34650,33,42,10,174.8,REPEATEDHITS,False,False,False,32550,2100,8225323116.0,9,ASK,SHORT,1.0
AVAV,2026-07-01 16:35:28.457200+00:00,CALL,175.0,2026-07-24,257300,166,179,52,177.77,REPEATEDHITS,False,False,False,0,257300,8225323116.0,23,BID,SHORT,0.5
AVAV,2026-07-01 16:00:09.160413+00:00,PUT,175.0,2026-07-17,134308,121,214,64,176.6701,REPEATEDHITS,False,False,False,134308,0,8225323116.0,16,ASK,SHORT,1.0
AVAV,2026-07-01 14:28:03.223846+00:00,PUT,180.0,2026-07-17,737108,542,548,115,176.89,REPEATEDHITSDESCENDINGFILL,False,False,False,737108,0,8225323116.0,16,ASK,SHORT,1.0
AVAV,2026-07-01 14:14:04.743738+00:00,PUT,185.0,2026-08-21,62910,27,27,3,176.49,REPEATEDHITS,False,False,False,0,62910,8225323116.0,51,BID,LONG,0.5
AVAV,2026-07-01 13:40:42.633858+00:00,CALL,150.0,2026-08-21,558152,183,193,39,171.18,REPEATEDHITS,False,False,False,0,558152,8225323116.0,51,BID,SHORT,0.5
AVAV,2026-06-30 18:20:23.936815+00:00,PUT,160.0,2026-07-02,13530,52,1165,37,165.055,REPEATEDHITS,False,False,False,3390,10140,8225323116.0,2,BID,LONG,0.5
AVAV,2026-06-30 17:08:22.029317+00:00,PUT,160.0,2026-08-21,24800,16,34,8,163.31,REPEATEDHITS,True,False,False,24800,0,8225323116.0,52,ASK,SHORT,1.0
AVAV,2026-06-30 16:41:19.581810+00:00,PUT,125.0,2026-07-31,25401,127,137,49,160.08,REPEATEDHITS,False,False,False,0,25401,8225323116.0,31,BID,LONG,0.5
AVAV,2026-06-30 16:37:10.691599+00:00,PUT,160.0,2026-07-02,152000,304,942,37,159.5,REPEATEDHITS,False,False,False,0,0,8225323116.0,2,MIXED,,0.0
AVAV,2026-06-30 15:55:21.059314+00:00,PUT,140.0,2026-07-24,46000,115,147,46,161.07,REPEATEDHITS,False,False,False,0,46000,8225323116.0,24,BID,LONG,0.5
AVAV,2026-06-30 15:47:18.403257+00:00,CALL,200.0,2026-08-21,32000,50,368,41,160.43,REPEATEDHITS,False,False,False,32000,0,8225323116.0,52,ASK,LONG,1.0
AVAV,2026-06-30 15:36:45.192777+00:00,CALL,200.0,2026-08-21,98560,154,268,41,161.16,REPEATEDHITS,True,False,False,19200,72960,8225323116.0,52,BID,SHORT,0.5
AVAV,2026-06-30 15:10:20.202730+00:00,CALL,215.0,2026-07-10,27229,605,617,20,160.3,REPEATEDHITSASCENDINGFILL,False,False,False,0,27229,8225323116.0,10,BID,SHORT,0.5
AVAV,2026-06-30 15:06:23.667644+00:00,CALL,165.0,2026-07-24,33990,33,56,3,159.0,REPEATEDHITS,True,False,False,33990,0,8225323116.0,24,ASK,LONG,1.0
AVAV,2026-06-30 15:06:23.667644+00:00,CALL,180.0,2026-07-24,39510,68,71,24,159.0,REPEATEDHITSASCENDINGFILL,True,False,False,39510,0,8225323116.0,24,ASK,LONG,1.0
AVAV,2026-06-30 15:01:12.834958+00:00,PUT,170.0,2026-08-07,42160,20,134,1,160.0,REPEATEDHITS,False,False,False,42160,0,8225323116.0,38,ASK,SHORT,1.0
AVAV,2026-06-30 15:00:54.807666+00:00,PUT,170.0,2026-08-07,41700,20,94,1,160.115,REPEATEDHITS,False,False,False,0,41700,8225323116.0,38,BID,LONG,0.5
AVAV,2026-06-30 14:51:44.764461+00:00,PUT,155.0,2026-07-17,110370,160,210,106,163.84,REPEATEDHITS,True,False,False,88320,22050,8225323116.0,17,ASK,SHORT,1.0
AVAV,2026-06-30 14:46:40.742415+00:00,PUT,172.5,2026-07-10,380851,278,326,1,165.2599,REPEATEDHITSDESCENDINGFILL,False,False,False,380851,0,8225323116.0,10,ASK,SHORT,1.0
AVAV,2026-06-30 14:23:19.421453+00:00,CALL,155.0,2026-07-24,52600,25,38,7,169.34,REPEATEDHITSDESCENDINGFILL,True,False,False,25270,27330,8225323116.0,24,BID,SHORT,0.5
AVAV,2026-06-30 14:13:16.967275+00:00,PUT,172.5,2026-07-10,21200,20,21,1,170.855,REPEATEDHITS,False,False,False,16960,4240,8225323116.0,10,ASK,SHORT,1.0
AVAV,2026-06-30 13:58:01.502419+00:00,PUT,170.0,2026-07-24,64392,47,48,10,169.01,REPEATEDHITS,True,False,False,0,64392,8225323116.0,24,BID,LONG,0.5
AVAV,2026-06-30 13:58:01.502419+00:00,PUT,140.0,2026-07-17,111763,508,551,100,169.01,REPEATEDHITS,False,False,False,0,111763,8225323116.0,17,BID,LONG,0.5
AVAV,2026-06-30 13:56:55.007415+00:00,PUT,155.0,2026-08-21,40460,34,36,14,169.255,REPEATEDHITS,True,False,False,0,40460,8225323116.0,52,BID,LONG,0.5
AVAV,2026-06-30 13:42:39.333760+00:00,CALL,180.0,2026-08-21,42840,28,54,21,166.66,REPEATEDHITS,True,False,False,0,42840,8225323116.0,52,BID,SHORT,0.5
AVAV,2026-06-30 13:37:05.134540+00:00,PUT,167.5,2026-07-17,39150,27,28,3,163.72,REPEATEDHITS,False,False,False,0,39150,8225323116.0,17,BID,LONG,0.5
AVAV,2026-06-30 13:36:33.069943+00:00,CALL,170.0,2026-07-24,135520,112,121,10,163.45,REPEATEDHITS,False,False,False,0,135520,8225323116.0,24,BID,SHORT,0.5
AVAV,2026-06-30 13:34:52.175762+00:00,PUT,150.0,2026-07-02,81697,372,1011,196,164.325,REPEATEDHITSASCENDINGFILL,False,False,False,58631,14581,8225323116.0,2,ASK,SHORT,1.0
AVAV,2026-06-30 13:34:50.568615+00:00,PUT,150.0,2026-07-02,53321,261,639,196,165.23,REPEATEDHITSASCENDINGFILL,False,False,False,25706,27615,8225323116.0,2,BID,LONG,0.5
AVAV,2026-06-29 20:00:04.538445+00:00,CALL,160.0,2026-08-21,10170,9,33,8,139.65,REPEATEDHITS,False,False,False,7910,2260,8225323116.0,53,ASK,LONG,1.0
BABA,2026-07-08 15:52:55.334042+00:00,PUT,107.0,2026-07-17,29082,111,1492,43,108.9051,REPEATEDHITS,True,False,False,29082,0,22793474099.0,9,ASK,SHORT,1.0
BABA,2026-07-08 15:51:49.639788+00:00,PUT,108.0,2026-07-10,67716,418,1596,54,108.86,REPEATEDHITS,False,False,False,0,67716,22793474099.0,2,BID,LONG,0.5
BABA,2026-07-08 15:36:46.874431+00:00,PUT,114.0,2026-07-17,13300,20,20,5,108.99,REPEATEDHITS,False,False,False,13300,0,22793474099.0,9,ASK,SHORT,1.0
BABA,2026-07-08 15:26:02.338547+00:00,PUT,108.0,2026-07-10,79886,419,1084,54,108.355,REPEATEDHITSDESCENDINGFILL,False,False,False,59582,20304,22793474099.0,2,ASK,SHORT,1.0
BABA,2026-07-08 14:41:03.891564+00:00,PUT,108.0,2026-07-17,47600,140,1108,6,108.1,REPEATEDHITS,False,False,False,0,47600,22793474099.0,9,BID,LONG,0.5
BABA,2026-07-08 14:38:27.662067+00:00,PUT,108.0,2026-07-17,62980,188,968,6,108.235,REPEATEDHITS,True,False,False,0,62980,22793474099.0,9,BID,LONG,0.5
BABA,2026-07-08 14:30:05.195395+00:00,PUT,102.0,2026-07-10,13000,500,2958,138,108.555,REPEATEDHITS,False,False,False,13000,0,22793474099.0,2,ASK,SHORT,1.0
BABA,2026-07-08 14:26:42.512165+00:00,PUT,90.0,2026-07-31,33989,829,912,496,109.0015,REPEATEDHITS,False,False,False,33989,0,22793474099.0,23,ASK,SHORT,1.0
BABA,2026-07-08 14:20:30.505970+00:00,CALL,109.0,2026-08-07,22836,39,47,0,108.495,REPEATEDHITSDESCENDINGFILL,False,False,False,22836,0,22793474099.0,30,ASK,LONG,1.0
BABA,2026-07-08 13:43:19.625101+00:00,PUT,106.0,2026-07-10,34960,190,370,64,106.52,REPEATEDHITS,False,False,False,34960,0,22793474099.0,2,ASK,SHORT,1.0
BABA,2026-07-08 13:40:42.105383+00:00,CALL,109.0,2026-08-14,18660,34,39,10,106.61,REPEATEDHITS,True,False,False,17010,1650,22793474099.0,37,ASK,LONG,1.0
BABA,2026-07-08 13:39:21.496554+00:00,PUT,102.0,2026-07-10,30965,563,912,138,106.245,REPEATEDHITS,False,False,False,0,30965,22793474099.0,2,BID,LONG,0.5
BABA,2026-07-07 19:29:40.049939+00:00,PUT,95.0,2026-07-24,125500,500,531,352,97.85,FLOORTRADELARGECAP,False,True,False,0,125500,22793474099.0,17,BID,LONG,0.5
BABA,2026-07-07 17:16:50.572674+00:00,CALL,200.0,2028-06-16,294400,400,400,160,97.84,FLOORTRADELARGECAP,False,True,False,59200,235200,22793474099.0,710,BID,SHORT,0.5
BABA,2026-07-07 15:13:07.901855+00:00,CALL,114.0,2026-08-07,16720,152,152,2,97.76,REPEATEDHITS,False,False,False,1870,1760,22793474099.0,31,ASK,LONG,1.0
BABA,2026-07-06 19:17:00.180288+00:00,CALL,108.0,2026-07-24,10500,100,219,80,97.665,REPEATEDHITS,False,False,False,0,10500,22793474099.0,18,BID,SHORT,0.5
BABA,2026-07-06 16:21:39.102280+00:00,CALL,106.0,2026-07-10,12000,500,669,384,97.565,REPEATEDHITS,False,False,False,12000,0,22793474099.0,4,ASK,LONG,1.0
BABA,2026-07-06 14:51:47.703074+00:00,CALL,102.0,2026-07-24,109956,539,559,26,96.51,REPEATEDHITS,False,False,False,0,109956,22793474099.0,18,BID,SHORT,0.5
BABA,2026-07-02 18:56:32.072198+00:00,CALL,175.0,2028-06-16,38845,41,42,12,95.8,REPEATEDHITSDESCENDINGFILL,False,False,False,29395,9450,22793474099.0,715,ASK,LONG,1.0
BABA,2026-07-02 18:30:50.382957+00:00,CALL,99.0,2026-07-10,243575,1957,3084,381,95.72,REPEATEDHITSASCENDINGFILL,False,False,False,238287,5288,22793474099.0,8,ASK,LONG,1.0
BABA,2026-07-02 17:38:34.875138+00:00,PUT,70.0,2026-09-18,59304,706,776,202,95.425,REPEATEDHITS,False,False,False,59304,0,22793474099.0,78,ASK,SHORT,1.0
BABA,2026-07-02 16:20:30.748294+00:00,PUT,106.0,2026-07-02,19475,19,19,13,95.77,REPEATEDHITS,False,False,False,7175,0,22793474099.0,0,ASK,SHORT,1.0
BABA,2026-07-02 15:01:41.555103+00:00,PUT,110.0,2026-08-14,284600,200,200,0,96.365,FLOORTRADELARGECAP,False,True,True,0,284600,22793474099.0,43,BID,LONG,0.5
BABA,2026-07-02 14:14:22.737291+00:00,CALL,103.0,2026-07-17,110250,750,775,469,97.32,REPEATEDHITS,True,False,False,88200,22050,22793474099.0,15,ASK,LONG,1.0
BABA,2026-07-01 19:51:20.919556+00:00,CALL,101.0,2026-07-02,30620,1182,14544,1093,98.08,REPEATEDHITSASCENDINGFILL,True,False,False,17257,13363,22793474099.0,1,ASK,LONG,1.0
BABA,2026-07-01 19:46:23.531265+00:00,PUT,97.0,2026-07-24,15050,43,135,7,98.27,REPEATEDHITS,False,False,False,15050,0,22793474099.0,23,ASK,SHORT,1.0
BABA,2026-07-01 17:10:09.218134+00:00,CALL,101.0,2026-07-02,123982,3503,10271,1093,98.635,REPEATEDHITSDESCENDINGFILL,True,False,False,149,123833,22793474099.0,1,BID,SHORT,0.5
BABA,2026-07-01 15:11:49.080261+00:00,CALL,96.0,2026-08-07,30834,40,122,19,99.075,REPEATEDHITSDESCENDINGFILL,False,False,False,7553,23281,22793474099.0,37,BID,SHORT,0.5
BABA,2026-07-01 15:03:42.312826+00:00,PUT,92.0,2026-07-10,30500,500,525,430,98.73,REPEATEDHITS,False,False,False,5612,24888,22793474099.0,9,BID,LONG,0.5
BABA,2026-07-01 13:59:25.304790+00:00,CALL,101.0,2026-07-02,135868,3201,3930,1093,98.37,REPEATEDHITSASCENDINGFILL,True,False,False,135829,39,22793474099.0,1,ASK,LONG,1.0
BABA,2026-06-30 15:58:16.857192+00:00,CALL,95.0,2026-10-16,739751,685,884,479,96.07,REPEATEDHITS,True,False,False,737591,2160,22793474099.0,108,ASK,LONG,1.0
BABA,2026-06-30 14:24:05.530639+00:00,PUT,85.0,2026-10-16,345280,803,806,652,96.3,REPEATEDHITS,False,False,False,345280,0,22793474099.0,108,ASK,SHORT,1.0
BABA,2026-06-29 19:11:35.507509+00:00,CALL,101.0,2026-07-17,87551,508,571,156,94.61,REPEATEDHITSDESCENDINGFILL,False,False,False,0,87551,22793474099.0,18,BID,SHORT,0.5
BABA,2026-06-29 19:10:39.026909+00:00,CALL,98.0,2026-07-17,118573,447,482,241,94.62,REPEATEDHITSDESCENDINGFILL,False,False,False,0,118573,22793474099.0,18,BID,SHORT,0.5
BABA,2026-06-29 16:32:16.749118+00:00,PUT,70.0,2026-08-21,14620,340,364,170,94.74,REPEATEDHITS,False,False,False,14620,0,22793474099.0,53,ASK,SHORT,1.0
BABA,2026-06-29 16:29:06.155631+00:00,PUT,88.0,2026-07-10,23217,327,1514,251,94.74,REPEATEDHITS,True,False,False,2698,20519,22793474099.0,11,BID,LONG,0.5
BABA,2026-06-29 16:28:24.112461+00:00,PUT,88.0,2026-07-10,22507,317,1111,251,94.765,REPEATEDHITS,True,False,False,5112,14697,22793474099.0,11,BID,LONG,0.5
BABA,2026-06-29 16:28:04.084451+00:00,PUT,88.0,2026-07-10,25938,365,623,251,94.75,REPEATEDHITS,True,False,False,4899,11028,22793474099.0,11,BID,LONG,0.5
BABA,2026-06-29 16:12:36.388438+00:00,PUT,65.0,2028-12-15,13200,16,16,15,94.9,REPEATEDHITS,False,False,False,4125,9075,22793474099.0,900,BID,LONG,0.5
BABA,2026-06-29 15:00:14.205929+00:00,PUT,85.0,2026-07-10,25710,857,875,170,95.54,REPEATEDHITS,False,False,False,25710,0,22793474099.0,11,ASK,SHORT,1.0
BABA,2026-06-29 14:47:49.554633+00:00,PUT,87.0,2026-07-02,10818,1202,1215,1199,95.67,REPEATEDHITS,False,False,False,10818,0,22793474099.0,3,ASK,SHORT,1.0
BABA,2026-06-29 14:05:01.234049+00:00,PUT,94.0,2026-07-02,37296,344,1488,175,95.555,REPEATEDHITSDESCENDINGFILL,False,False,False,20448,16848,22793474099.0,3,ASK,SHORT,1.0
BABA,2026-06-29 13:56:58.855292+00:00,PUT,94.0,2026-07-02,36951,339,756,175,95.4799,REPEATEDHITS,False,False,False,1526,35425,22793474099.0,3,BID,LONG,0.5
BABA,2026-06-29 13:56:20.753264+00:00,PUT,94.0,2026-07-02,28571,251,404,175,95.41,REPEATEDHITSDESCENDINGFILL,True,False,False,28459,112,22793474099.0,3,ASK,SHORT,1.0
BABA,2026-06-26 18:54:48.754551+00:00,PUT,89.0,2026-07-02,11374,242,1780,80,94.49,REPEATEDHITS,False,False,False,11374,0,22793474099.0,6,ASK,SHORT,1.0
BABA,2026-06-26 18:50:31.470089+00:00,PUT,91.0,2026-07-10,94021,523,643,3,94.415,REPEATEDHITSDESCENDINGFILL,True,False,False,54843,39178,22793474099.0,14,ASK,SHORT,1.0
BABA,2026-06-26 18:50:31.470089+00:00,PUT,90.0,2026-07-10,62844,430,1416,302,94.415,REPEATEDHITSASCENDINGFILL,True,False,False,51134,11710,22793474099.0,14,ASK,SHORT,1.0
BABA,2026-06-26 18:29:59.680160+00:00,PUT,80.0,2026-07-17,26176,818,1152,553,94.675,REPEATEDHITS,False,False,False,25152,1024,22793474099.0,21,ASK,SHORT,1.0
BABA,2026-06-26 17:56:36.379232+00:00,PUT,92.0,2026-07-10,31887,152,222,4,94.54,REPEATEDHITSDESCENDINGFILL,True,False,False,20179,11708,22793474099.0,14,ASK,SHORT,1.0
BABA,2026-06-26 17:56:36.379232+00:00,PUT,90.0,2026-07-10,84372,610,978,302,94.55,REPEATEDHITSDESCENDINGFILL,True,False,False,55739,28633,22793474099.0,14,ASK,SHORT,1.0
BAX,2026-07-08 14:42:26.810449+00:00,CALL,23.0,2026-08-07,31540,332,333,21,22.035,REPEATEDHITS,True,False,False,0,15865,11806481523.0,30,BID,SHORT,0.5
BAX,2026-07-07 15:55:55.245510+00:00,CALL,25.0,2026-11-20,28500,150,157,86,23.04,REPEATEDHITS,False,False,False,24320,0,11806481523.0,136,ASK,LONG,1.0
BAX,2026-07-06 18:14:55.192173+00:00,CALL,24.0,2026-08-07,181716,2391,2394,5,22.425,LOWHISTORICVOLUMEFLOOR,False,True,True,181716,0,11806481523.0,32,ASK,LONG,1.0
BAX,2026-06-30 18:53:01.735983+00:00,CALL,21.5,2026-07-10,13610,272,272,11,21.47,REPEATEDHITSASCENDINGFILL,False,False,False,0,13610,11806481523.0,10,BID,SHORT,0.5
BAX,2026-06-30 16:08:41.472325+00:00,CALL,22.0,2026-07-17,22777,506,558,91,21.41,REPEATEDHITS,False,False,False,45,22732,11806481523.0,17,BID,SHORT,0.5
BAX,2026-06-10 15:42:45.811884+00:00,CALL,22.5,2026-07-17,17533,438,1007,112,20.7,REPEATEDHITSASCENDINGFILL,False,False,False,0,17533,11806481523.0,37,BID,SHORT,0.5
BAX,2026-06-10 14:26:33.780667+00:00,CALL,22.5,2026-07-17,22489,562,567,112,20.625,REPEATEDHITSASCENDINGFILL,False,False,False,0,22489,11806481523.0,37,BID,SHORT,0.5
BAX,2026-05-27 16:43:15.087430+00:00,PUT,19.5,2026-06-18,83200,1040,1045,8,19.505,REPEATEDHITS,False,False,False,83040,160,11806481523.0,22,ASK,SHORT,1.0
BAX,2026-05-22 15:57:04.817153+00:00,CALL,20.0,2026-05-29,19985,1000,2017,66,19.22,REPEATEDHITS,False,False,False,19925,0,11806481523.0,7,ASK,LONG,1.0
BAX,2026-05-22 15:56:53.601706+00:00,CALL,20.0,2026-05-29,19952,1000,1016,66,19.215,REPEATEDHITSDESCENDINGFILL,False,False,False,19892,60,11806481523.0,7,ASK,LONG,1.0
BAX,2026-05-15 17:21:19.566888+00:00,PUT,15.0,2026-09-18,61290,681,681,234,17.41,REPEATEDHITS,False,False,False,61290,0,11806481523.0,126,ASK,SHORT,1.0
BAX,2026-05-15 15:24:20.717326+00:00,PUT,14.0,2026-06-26,286000,22000,22002,4,17.455,LOWHISTORICVOLUMEFLOOR,False,True,False,0,286000,11806481523.0,42,BID,LONG,0.5
BTDR,2026-07-08 15:52:39.316787+00:00,CALL,14.0,2026-09-18,97500,500,1014,141,12.02,REPEATEDHITS,False,False,False,97500,0,3032733082.0,72,ASK,LONG,1.0
BTDR,2026-07-08 15:50:27.302214+00:00,CALL,13.0,2026-07-17,25200,360,368,0,12.095,REPEATEDHITS,True,False,False,25200,0,3032733082.0,9,ASK,LONG,1.0
BTDR,2026-07-08 15:50:02.833649+00:00,PUT,12.0,2026-07-17,78280,824,851,670,12.095,REPEATEDHITS,False,False,False,66880,11400,3032733082.0,9,ASK,SHORT,1.0
BTDR,2026-07-08 15:08:01.715024+00:00,PUT,12.5,2026-07-31,25418,164,164,63,12.55,REPEATEDHITS,False,False,False,25418,0,3032733082.0,23,ASK,SHORT,1.0
BTDR,2026-07-08 15:08:01.715024+00:00,PUT,12.5,2026-08-07,46020,263,263,2,12.55,REPEATEDHITS,False,False,False,45845,0,3032733082.0,30,ASK,SHORT,1.0
BTDR,2026-07-08 15:08:01.715024+00:00,PUT,12.0,2026-07-31,18980,146,146,45,12.55,REPEATEDHITS,False,False,False,18980,0,3032733082.0,23,ASK,SHORT,1.0
BTDR,2026-07-08 15:08:01.715024+00:00,PUT,12.0,2026-08-07,115350,769,769,6,12.58,REPEATEDHITS,False,False,False,115350,0,3032733082.0,30,ASK,SHORT,1.0
BTDR,2026-07-02 18:13:39.670872+00:00,CALL,14.0,2026-12-18,13760,32,32,12,13.8,REPEATEDHITS,False,False,False,4300,9460,3032733082.0,169,BID,SHORT,0.5
BTDR,2026-07-02 17:44:49.507383+00:00,CALL,17.5,2026-07-31,2500000,25000,25002,155,14.0,FLOORTRADEMIDCAP,False,True,True,2500000,0,3032733082.0,29,ASK,LONG,1.0
BTDR,2026-07-02 17:02:27.717256+00:00,CALL,19.0,2026-07-31,13065,201,36013,5,14.08,REPEATEDHITS,False,False,False,2340,10660,3032733082.0,29,BID,SHORT,0.5
BTDR,2026-06-29 17:16:38.727508+00:00,CALL,21.0,2026-07-10,80010,2000,2030,276,16.49,REPEATEDHITS,False,False,False,0,80010,3032733082.0,11,BID,SHORT,0.5
BTDR,2026-06-29 14:15:44.636636+00:00,CALL,25.0,2026-08-21,23750,250,1000,65,15.26,REPEATEDHITS,False,False,False,23750,0,3032733082.0,53,ASK,LONG,1.0
BTDR,2026-06-29 13:41:25.238966+00:00,PUT,14.0,2026-08-21,92500,500,500,0,16.52,REPEATEDHITS,False,False,False,0,92500,3032733082.0,53,BID,LONG,0.5
BTDR,2026-06-29 13:40:30.504507+00:00,PUT,12.0,2026-08-21,30360,264,264,102,16.55,REPEATEDHITS,False,False,False,0,1610,3032733082.0,53,BID,LONG,0.5
BTDR,2026-06-29 13:37:21.101857+00:00,PUT,17.0,2026-07-17,452216,2000,2004,1480,16.81,REPEATEDHITSDESCENDINGFILL,False,False,False,20554,431662,3032733082.0,18,BID,LONG,0.5
BTDR,2026-06-26 17:53:21.496879+00:00,PUT,14.5,2026-07-17,13755,131,131,12,17.365,REPEATEDHITS,False,False,False,0,13755,3032733082.0,21,BID,LONG,0.5
BTDR,2026-06-26 17:37:15.909763+00:00,CALL,19.5,2026-07-02,10662,164,174,40,17.215,REPEATEDHITS,False,False,False,0,10662,3032733082.0,6,BID,SHORT,0.5
BTDR,2026-06-26 17:12:53.792510+00:00,PUT,13.5,2026-07-17,15600,208,210,3,17.48,REPEATEDHITS,False,False,False,0,15450,3032733082.0,21,BID,LONG,0.5
BTDR,2026-06-26 15:26:53.775576+00:00,PUT,12.0,2026-07-17,10000,200,202,4,17.06,REPEATEDHITS,False,False,False,0,10000,3032733082.0,21,BID,LONG,0.5
BTDR,2026-06-25 18:51:07.643119+00:00,PUT,17.5,2028-01-21,231399,260,276,141,16.685,REPEATEDHITS,False,False,False,231399,0,3032733082.0,575,ASK,SHORT,1.0
BTDR,2026-06-25 15:23:05.625330+00:00,PUT,13.0,2026-07-17,33575,395,401,73,16.39,REPEATEDHITS,False,False,False,21165,12410,3032733082.0,22,ASK,SHORT,1.0
BTDR,2026-06-22 19:13:32.994849+00:00,CALL,18.0,2026-07-17,21495,87,228,0,17.795,REPEATEDHITSASCENDINGFILL,False,False,False,3750,17745,3032733082.0,25,BID,SHORT,0.5
BTDR,2026-06-22 16:54:08.448315+00:00,CALL,20.0,2026-08-21,406008,1270,1478,0,17.82,REPEATEDHITSDESCENDINGFILL,False,False,False,393918,12090,3032733082.0,60,ASK,LONG,1.0
BTDR,2026-06-22 15:58:49.708838+00:00,CALL,21.0,2026-08-21,45326,156,157,0,17.81,REPEATEDHITSDESCENDINGFILL,True,False,False,45326,0,3032733082.0,60,ASK,LONG,1.0
BTDR,2026-06-22 15:58:49.708838+00:00,CALL,20.0,2026-08-21,66240,207,207,0,17.81,REPEATEDHITS,False,False,False,66240,0,3032733082.0,60,ASK,LONG,1.0
BTDR,2026-06-17 16:19:53.080207+00:00,PUT,19.5,2026-06-26,19600,80,80,2,18.01,REPEATEDHITS,False,False,False,16660,2940,3032733082.0,9,ASK,SHORT,1.0
BTDR,2026-06-16 19:42:26.590526+00:00,CALL,22.5,2026-06-26,17096,285,316,55,18.505,REPEATEDHITSASCENDINGFILL,False,False,False,17096,0,3032733082.0,10,ASK,LONG,1.0
BTDR,2026-06-16 14:45:52.928348+00:00,PUT,17.5,2026-07-17,588715,2676,4822,1789,18.74,REPEATEDHITSASCENDINGFILL,False,False,False,56980,17820,3032733082.0,31,ASK,SHORT,1.0
BTDR,2026-06-15 15:23:24.742825+00:00,CALL,20.5,2026-06-18,11000,200,204,68,18.88,REPEATEDHITS,True,False,False,0,11000,3032733082.0,3,BID,SHORT,0.5
BTDR,2026-06-10 19:46:51.195950+00:00,PUT,16.0,2026-07-17,155550,587,3124,386,16.245,REPEATEDHITSDESCENDINGFILL,False,False,False,155550,0,3032733082.0,37,ASK,SHORT,1.0
BTDR,2026-06-10 15:17:26.564273+00:00,PUT,17.5,2026-09-18,159597,313,313,93,16.48,REPEATEDHITSDESCENDINGFILL,False,False,False,159597,0,3032733082.0,100,ASK,SHORT,1.0
BTDR,2026-06-10 15:17:26.564273+00:00,PUT,17.5,2026-09-18,122400,240,553,93,16.48,REPEATEDHITS,False,False,False,122400,0,3032733082.0,100,ASK,SHORT,1.0
BTDR,2026-06-10 15:13:45.595841+00:00,PUT,16.5,2026-06-26,130776,661,4001,3,16.69,REPEATEDHITSASCENDINGFILL,False,False,False,130776,0,3032733082.0,16,ASK,SHORT,1.0
BTDR,2026-06-10 15:13:28.363856+00:00,PUT,16.5,2026-06-26,66300,340,3340,3,16.6401,REPEATEDHITS,False,False,False,66105,195,3032733082.0,16,ASK,SHORT,1.0
BTDR,2026-06-10 15:12:03.802658+00:00,PUT,16.5,2026-06-26,195884,1000,1500,3,16.66,REPEATEDHITSASCENDINGFILL,False,False,False,195884,0,3032733082.0,16,ASK,SHORT,1.0
BTDR,2026-06-10 15:11:45.775684+00:00,PUT,16.5,2026-06-26,31594,164,354,3,16.68,REPEATEDHITSDESCENDINGFILL,False,False,False,31594,0,3032733082.0,16,ASK,SHORT,1.0
BTDR,2026-06-08 19:42:09.454001+00:00,CALL,21.0,2026-06-12,16060,292,794,20,18.51,REPEATEDHITS,True,False,False,2915,12540,3032733082.0,4,BID,SHORT,0.5
BTDR,2026-06-08 19:41:50.235422+00:00,CALL,21.0,2026-06-12,22275,405,502,20,18.51,REPEATEDHITS,True,False,False,22275,0,3032733082.0,4,ASK,LONG,1.0
BTDR,2026-06-08 19:11:10.329455+00:00,PUT,16.5,2026-06-12,18020,328,425,253,18.365,REPEATEDHITSASCENDINGFILL,False,False,False,11110,6910,3032733082.0,4,ASK,SHORT,1.0
BTDR,2026-06-05 19:27:55.242463+00:00,CALL,19.0,2026-09-18,279170,681,693,102,17.14,REPEATEDHITSDESCENDINGFILL,False,False,False,279170,0,3032733082.0,105,ASK,LONG,1.0
BTDR,2026-06-04 14:27:45.166714+00:00,CALL,20.0,2026-07-02,1125000,3750,3750,18,19.62,FLOORTRADEMIDCAP,False,True,True,1125000,0,3032733082.0,28,ASK,LONG,1.0
BTDR,2026-06-03 19:10:48.937101+00:00,CALL,22.5,2026-07-17,174600,582,616,213,20.37,REPEATEDHITS,False,False,False,174600,0,3032733082.0,44,ASK,LONG,1.0
BTDR,2026-06-03 18:05:01.602070+00:00,CALL,21.0,2026-07-17,1007977,3150,7371,2141,19.98,REPEATEDHITSDESCENDINGFILL,False,False,False,1007977,0,3032733082.0,44,ASK,LONG,1.0
BTDR,2026-06-03 15:52:57.203324+00:00,PUT,21.0,2026-07-17,223451,508,508,38,19.285,REPEATEDHITSDESCENDINGFILL,False,False,False,223451,0,3032733082.0,44,ASK,SHORT,1.0
BTDR,2026-06-01 19:50:49.436541+00:00,CALL,18.5,2026-06-05,18150,165,3122,148,18.56,REPEATEDHITS,True,False,False,18150,0,3032733082.0,4,ASK,LONG,1.0
BTDR,2026-06-01 17:02:17.336234+00:00,PUT,18.5,2026-06-05,279565,2350,2353,1,18.38,REPEATEDHITSASCENDINGFILL,True,False,False,0,279565,3032733082.0,4,BID,LONG,0.5
BTDR,2026-06-01 14:07:11.334260+00:00,CALL,18.5,2026-06-05,12675,169,1431,148,17.54,REPEATEDHITS,False,False,False,12675,0,3032733082.0,4,ASK,LONG,1.0
BTDR,2026-05-29 19:07:27.883639+00:00,CALL,20.5,2026-06-05,27870,929,933,15,17.2007,REPEATEDHITS,False,False,False,0,7500,3032733082.0,7,BID,SHORT,0.5
BTDR,2026-05-29 13:52:37.651958+00:00,CALL,18.0,2026-05-29,14525,415,622,403,17.8,REPEATEDHITS,False,False,False,14035,490,3032733082.0,0,ASK,LONG,1.0
BTDR,2026-05-29 13:52:37.651958+00:00,CALL,18.0,2026-05-29,17850,510,1132,403,17.78,REPEATEDHITS,False,False,False,0,17850,3032733082.0,0,BID,SHORT,0.5
BX,2026-07-08 15:26:33.985377+00:00,PUT,117.0,2026-07-17,74523,258,259,155,117.36,REPEATEDHITSASCENDINGFILL,True,False,False,53285,21238,89806739868.0,9,ASK,SHORT,1.0
BX,2026-07-06 15:06:01.536650+00:00,PUT,123.0,2026-07-17,71680,224,242,86,123.94,REPEATEDHITS,False,False,False,0,71680,89806739868.0,11,BID,LONG,0.5
BX,2026-07-02 18:56:26.459621+00:00,PUT,124.0,2026-07-10,63960,164,170,70,121.995,REPEATEDHITS,False,False,False,63960,0,89806739868.0,8,ASK,SHORT,1.0
BX,2026-07-02 17:36:17.468860+00:00,CALL,125.0,2026-07-10,89655,645,693,200,121.23,REPEATEDHITS,False,False,False,89655,0,89806739868.0,8,ASK,LONG,1.0
BX,2026-07-02 15:31:49.202057+00:00,CALL,130.0,2026-07-31,173565,551,561,179,122.18,REPEATEDHITS,False,False,False,173565,0,89806739868.0,29,ASK,LONG,1.0
BX,2026-06-30 18:21:11.040512+00:00,CALL,117.0,2026-07-17,80560,212,222,91,115.91,REPEATEDHITS,False,False,False,80560,0,89806739868.0,17,ASK,LONG,1.0
BX,2026-06-30 15:14:45.363247+00:00,PUT,116.0,2026-07-24,91840,164,164,19,115.235,REPEATEDHITS,False,False,False,560,91280,89806739868.0,24,BID,LONG,0.5
BX,2026-06-30 15:14:45.363247+00:00,CALL,121.0,2026-07-24,128972,400,412,12,115.235,REPEATEDHITSASCENDINGFILL,False,False,False,63370,65602,89806739868.0,24,BID,SHORT,0.5
BX,2026-06-30 14:33:21.672826+00:00,CALL,122.0,2026-07-17,144720,603,603,229,117.2301,REPEATEDHITS,False,False,False,144720,0,89806739868.0,17,ASK,LONG,1.0
BX,2026-06-29 19:21:50.750710+00:00,PUT,112.0,2026-07-17,80925,249,267,20,114.18,REPEATEDHITS,False,False,False,975,78975,89806739868.0,18,BID,LONG,0.5
BX,2026-06-29 15:13:03.185945+00:00,PUT,113.0,2026-07-17,154030,422,422,16,114.53,REPEATEDHITS,False,False,False,0,154030,89806739868.0,18,BID,LONG,0.5
BX,2026-06-26 16:01:13.111099+00:00,CALL,116.0,2026-07-02,98560,352,354,46,116.3,REPEATEDHITS,False,False,False,98560,0,89806739868.0,6,ASK,LONG,1.0
BX,2026-06-25 15:15:06.648616+00:00,CALL,117.0,2026-07-02,57225,311,336,179,114.46,REPEATEDHITS,False,False,False,185,57040,89806739868.0,7,BID,SHORT,0.5
BX,2026-06-24 16:48:30.811520+00:00,CALL,120.0,2026-10-16,348480,396,411,119,115.405,REPEATEDHITS,False,False,False,348480,0,89806739868.0,114,ASK,LONG,1.0
BX,2026-06-24 13:52:07.671753+00:00,CALL,117.0,2026-07-02,53900,154,154,13,117.1,REPEATEDHITS,False,False,False,42350,11550,89806739868.0,8,ASK,LONG,1.0
BX,2026-06-22 19:55:54.994037+00:00,PUT,120.0,2026-06-26,74277,500,2625,257,123.075,REPEATEDHITSDESCENDINGFILL,False,False,False,63177,3700,89806739868.0,4,ASK,SHORT,1.0
BX,2026-06-22 19:50:35.356759+00:00,PUT,120.0,2026-06-26,134000,1072,1193,257,123.06,REPEATEDHITS,False,False,False,0,114000,89806739868.0,4,BID,LONG,0.5
BX,2026-06-22 19:14:02.866946+00:00,PUT,120.0,2027-02-19,208429,151,224,3,123.0,REPEATEDHITSASCENDINGFILL,False,False,False,0,207049,89806739868.0,242,BID,LONG,0.5
BX,2026-06-22 19:13:37.799840+00:00,PUT,120.0,2027-02-19,83100,60,61,3,122.9994,REPEATEDHITS,False,False,False,83100,0,89806739868.0,242,ASK,SHORT,1.0
BX,2026-06-18 15:29:08.699354+00:00,PUT,120.0,2026-07-02,79020,439,539,73,125.035,REPEATEDHITS,False,False,False,79020,0,89806739868.0,14,ASK,SHORT,1.0
BX,2026-06-17 15:20:03.189819+00:00,CALL,135.0,2026-07-10,53126,202,207,37,128.43,REPEATEDHITS,False,False,False,0,53126,89806739868.0,23,BID,SHORT,0.5
BX,2026-06-10 15:13:07.125718+00:00,PUT,125.0,2026-07-10,53985,61,61,13,119.44,REPEATEDHITS,True,False,False,53985,0,89806739868.0,30,ASK,SHORT,1.0
BX,2026-06-10 15:03:42.951326+00:00,CALL,123.0,2026-07-10,144480,301,301,10,120.18,REPEATEDHITS,False,False,False,144480,0,89806739868.0,30,ASK,LONG,1.0
BX,2026-06-08 17:49:01.926638+00:00,PUT,112.0,2026-07-02,102220,269,269,14,114.46,REPEATEDHITS,False,False,False,0,102220,89806739868.0,24,BID,LONG,0.5
BX,2026-06-05 19:05:48.772275+00:00,PUT,95.0,2026-08-21,126002,502,663,289,114.77,REPEATEDHITS,False,False,False,126002,0,89806739868.0,77,ASK,SHORT,1.0
BX,2026-06-04 15:51:06.514242+00:00,CALL,116.0,2026-06-18,87165,149,150,23,118.44,REPEATEDHITS,True,False,False,0,87165,89806739868.0,14,BID,SHORT,0.5
BX,2026-06-02 16:14:04.909085+00:00,CALL,119.0,2026-06-18,173260,462,463,116,116.865,REPEATEDHITS,False,False,False,0,173260,89806739868.0,16,BID,SHORT,0.5
BX,2026-06-02 15:34:46.495126+00:00,CALL,116.0,2026-06-12,79180,174,174,109,116.96,REPEATEDHITS,True,False,False,0,79180,89806739868.0,10,BID,SHORT,0.5
BX,2026-06-02 14:13:38.771697+00:00,CALL,111.0,2026-06-18,54340,76,76,5,115.305,REPEATEDHITS,True,False,False,0,54340,89806739868.0,16,BID,SHORT,0.5
BX,2026-05-29 17:00:57.210156+00:00,PUT,110.0,2026-06-05,69026,1004,4777,612,116.85,REPEATEDHITSDESCENDINGFILL,False,False,False,69026,0,89806739868.0,7,ASK,SHORT,1.0
BX,2026-05-28 18:19:13.818348+00:00,CALL,116.0,2026-06-12,52812,132,135,1,116.06,REPEATEDHITSASCENDINGFILL,False,False,False,0,52002,89806739868.0,15,BID,SHORT,0.5
BX,2026-05-27 15:46:03.244595+00:00,CALL,117.0,2026-06-05,53756,125,126,27,118.73,REPEATEDHITSASCENDINGFILL,False,False,False,435,53321,89806739868.0,9,BID,SHORT,0.5
BX,2026-05-26 19:28:03.049948+00:00,CALL,115.0,2028-12-15,1401115,500,752,449,117.71,REPEATEDHITSASCENDINGFILL,False,False,False,0,1401115,89806739868.0,934,BID,SHORT,0.5
BX,2026-05-21 15:23:27.742007+00:00,PUT,116.0,2026-06-05,51105,146,147,20,116.14,REPEATEDHITS,False,False,False,0,51105,89806739868.0,15,BID,LONG,0.5
BX,2026-05-13 16:01:53.872565+00:00,CALL,119.0,2026-05-29,137896,317,327,0,119.85,REPEATEDHITS,False,False,False,0,137896,89806739868.0,16,BID,SHORT,0.5
BX,2026-05-13 16:01:53.872565+00:00,CALL,122.0,2026-06-05,63640,172,172,9,119.85,REPEATEDHITS,False,False,False,0,63640,89806739868.0,23,BID,SHORT,0.5
BX,2026-05-12 16:01:24.071991+00:00,CALL,130.0,2027-02-19,81575,65,65,1,121.6,REPEATEDHITS,False,False,False,0,81575,89806739868.0,283,BID,SHORT,0.5
BX,2026-05-12 15:57:46.087968+00:00,PUT,125.0,2026-11-20,76500,50,52,4,121.72,REPEATEDHITS,False,False,False,26010,50490,89806739868.0,192,BID,LONG,0.5
BX,2026-05-12 14:25:12.922563+00:00,PUT,118.0,2026-06-05,76575,236,237,130,121.58,REPEATEDHITS,False,False,False,0,76575,89806739868.0,24,BID,LONG,0.5
BX,2026-05-12 14:20:40.839291+00:00,CALL,118.0,2026-06-05,119535,172,172,0,121.2,REPEATEDHITS,True,False,False,0,119535,89806739868.0,24,BID,SHORT,0.5
CART,2026-07-08 15:34:22.050720+00:00,PUT,51.0,2026-08-14,21660,38,38,0,47.06,REPEATEDHITS,True,False,False,21660,0,11300233457.0,37,ASK,SHORT,1.0
CART,2026-07-07 19:33:07.105782+00:00,PUT,49.0,2026-07-17,17480,92,92,2,48.225,REPEATEDHITS,True,False,False,17480,0,11300233457.0,10,ASK,SHORT,1.0
CART,2026-07-06 19:35:24.712206+00:00,CALL,46.5,2026-07-10,16521,118,121,2,47.31,REPEATEDHITS,False,False,False,0,16521,11300233457.0,4,BID,SHORT,0.5
CART,2026-07-06 19:35:24.712206+00:00,CALL,46.0,2026-07-24,31330,119,130,2,47.31,REPEATEDHITSASCENDINGFILL,False,False,False,20670,10660,11300233457.0,18,ASK,LONG,1.0
CART,2026-07-06 17:34:32.088211+00:00,PUT,47.5,2026-07-10,11436,88,88,0,47.1,REPEATEDHITS,True,False,False,11436,0,11300233457.0,4,ASK,SHORT,1.0
CART,2026-07-06 16:07:37.183721+00:00,PUT,49.0,2026-09-18,168300,330,331,59,46.845,REPEATEDHITS,False,False,False,0,168300,11300233457.0,74,BID,LONG,0.5
CART,2026-07-06 15:07:27.087720+00:00,CALL,60.0,2026-10-16,37250,298,298,7,46.36,REPEATEDHITS,False,False,False,37250,0,11300233457.0,102,ASK,LONG,1.0
CART,2026-07-06 14:31:58.667049+00:00,PUT,44.0,2026-10-16,20460,62,62,1,46.2,REPEATEDHITS,False,False,False,20460,0,11300233457.0,102,ASK,SHORT,1.0
CART,2026-07-02 16:37:40.928364+00:00,CALL,44.0,2026-07-31,18920,51,51,2,46.17,REPEATEDHITS,True,False,False,0,18920,11300233457.0,29,BID,SHORT,0.5
CART,2026-07-02 16:04:27.646146+00:00,PUT,40.0,2026-10-16,288665,1479,1479,1050,46.23,REPEATEDHITSASCENDINGFILL,False,False,False,10000,278665,11300233457.0,106,BID,LONG,0.5
CART,2026-07-01 14:30:35.079621+00:00,CALL,44.5,2026-07-02,20400,408,409,7,44.115,REPEATEDHITS,False,False,False,20400,0,11300233457.0,1,ASK,LONG,1.0
CART,2026-06-30 17:32:22.943529+00:00,PUT,49.0,2026-07-24,35400,120,139,0,47.43,REPEATEDHITS,True,False,False,34810,0,11300233457.0,24,ASK,SHORT,1.0
CART,2026-06-30 17:04:58.041415+00:00,CALL,50.0,2026-09-18,131920,388,2486,287,47.79,REPEATEDHITS,False,False,False,0,78880,11300233457.0,80,BID,SHORT,0.5
CART,2026-06-29 15:00:14.205929+00:00,PUT,41.0,2027-01-15,255075,895,907,1,48.945,REPEATEDHITS,False,False,False,0,255075,11300233457.0,200,BID,LONG,0.5
CART,2026-06-29 14:22:52.999182+00:00,PUT,43.0,2026-07-24,13300,190,7597,1,48.78,REPEATEDHITS,True,False,False,6370,2660,11300233457.0,25,ASK,SHORT,1.0
CART,2026-06-29 14:22:37.966451+00:00,PUT,43.0,2026-07-24,11550,165,6955,1,48.83,REPEATEDHITS,True,False,False,5250,6300,11300233457.0,25,BID,LONG,0.5
CART,2026-06-29 14:22:08.706606+00:00,PUT,43.0,2026-07-24,14210,203,6630,1,48.72,REPEATEDHITS,False,False,False,14210,0,11300233457.0,25,ASK,SHORT,1.0
CART,2026-06-29 14:22:07.500491+00:00,PUT,43.0,2026-07-24,11900,170,6427,1,48.84,REPEATEDHITS,False,False,False,11900,0,11300233457.0,25,ASK,SHORT,1.0
CART,2026-06-29 14:21:58.887678+00:00,PUT,43.0,2026-07-24,11970,171,5864,1,48.88,REPEATEDHITS,False,False,False,11970,0,11300233457.0,25,ASK,SHORT,1.0
CART,2026-06-29 14:21:39.262249+00:00,PUT,43.0,2026-07-24,23170,331,5162,1,48.96,REPEATEDHITS,False,False,False,23170,0,11300233457.0,25,ASK,SHORT,1.0
CART,2026-06-29 14:15:25.196134+00:00,PUT,43.0,2026-07-24,15860,244,3686,1,48.6875,REPEATEDHITS,False,False,False,15860,0,11300233457.0,25,ASK,SHORT,1.0
CART,2026-06-29 14:15:16.982064+00:00,PUT,43.0,2026-07-24,15989,246,3442,1,48.68,REPEATEDHITS,False,False,False,15989,0,11300233457.0,25,ASK,SHORT,1.0
CART,2026-06-25 13:46:37.337454+00:00,PUT,47.0,2026-07-02,18020,106,106,58,46.01,REPEATEDHITS,True,False,False,18020,0,11300233457.0,7,ASK,SHORT,1.0
CART,2026-06-24 16:03:15.425745+00:00,PUT,47.0,2026-09-18,104910,269,269,6,47.41,REPEATEDHITS,False,False,False,0,104910,11300233457.0,86,BID,LONG,0.5
CART,2026-06-23 19:35:48.553962+00:00,PUT,43.0,2026-07-17,129000,1500,1510,94,46.01,LOWHISTORICVOLUMEFLOOR,False,True,False,129000,0,11300233457.0,24,ASK,SHORT,1.0
CART,2026-06-23 17:13:26.973681+00:00,PUT,36.0,2026-09-18,16320,204,205,31,46.38,REPEATEDHITS,False,False,False,0,16320,11300233457.0,87,BID,LONG,0.5
CART,2026-06-23 13:58:27.201690+00:00,CALL,46.0,2026-08-21,96898,255,255,164,45.965,REPEATEDHITS,False,False,False,96898,0,11300233457.0,59,ASK,LONG,1.0
CART,2026-06-22 19:01:53.999026+00:00,PUT,45.0,2026-08-21,317880,883,886,13,44.6,REPEATEDHITS,False,False,False,0,317880,11300233457.0,60,BID,LONG,0.5
CART,2026-06-18 18:31:43.213609+00:00,CALL,46.0,2026-08-21,52850,151,154,1,45.05,REPEATEDHITS,True,False,False,52850,0,11300233457.0,64,ASK,LONG,1.0
CART,2026-06-18 14:32:54.534505+00:00,CALL,48.0,2026-07-02,40298,497,502,2,45.15,REPEATEDHITS,False,False,False,19860,20438,11300233457.0,14,BID,SHORT,0.5
CART,2026-06-18 13:41:59.936162+00:00,PUT,46.0,2026-06-18,12035,143,317,2,45.66,REPEATEDHITSASCENDINGFILL,False,False,False,12035,0,11300233457.0,0,ASK,SHORT,1.0
CART,2026-06-15 16:02:54.793118+00:00,PUT,43.0,2026-07-17,17520,73,73,22,42.41,REPEATEDHITS,False,False,False,720,16800,11300233457.0,32,BID,LONG,0.5
CART,2026-06-12 17:21:40.793934+00:00,PUT,42.0,2026-07-10,12960,48,48,2,40.57,REPEATEDHITS,True,False,False,12960,0,11300233457.0,28,ASK,SHORT,1.0
CART,2026-06-12 16:17:17.692032+00:00,PUT,41.0,2026-09-18,17200,43,60,37,40.93,REPEATEDHITS,False,False,False,17200,0,11300233457.0,98,ASK,SHORT,1.0
CART,2026-06-08 19:00:41.393337+00:00,PUT,43.5,2026-06-26,10140,52,52,0,43.02,REPEATEDHITS,True,False,False,10140,0,11300233457.0,18,ASK,SHORT,1.0
CART,2026-06-08 19:00:41.393337+00:00,PUT,44.5,2026-06-26,13005,51,51,0,43.02,REPEATEDHITS,True,False,False,13005,0,11300233457.0,18,ASK,SHORT,1.0
CART,2026-06-02 15:38:31.008648+00:00,PUT,41.0,2026-08-21,13260,39,45,31,41.61,REPEATEDHITS,False,False,False,13260,0,11300233457.0,80,ASK,SHORT,1.0
CART,2026-06-01 15:03:51.597800+00:00,CALL,39.5,2026-06-05,28000,112,113,5,41.77,REPEATEDHITS,True,False,False,0,28000,11300233457.0,4,BID,SHORT,0.5
CART,2026-06-01 14:26:54.752268+00:00,CALL,41.5,2026-06-05,30020,261,294,30,41.91,REPEATEDHITS,False,False,False,120,29900,11300233457.0,4,BID,SHORT,0.5
CART,2026-05-27 17:20:55.209231+00:00,CALL,47.0,2026-09-18,99600,433,433,19,40.83,REPEATEDHITS,False,False,False,0,99600,11300233457.0,114,BID,SHORT,0.5
CART,2026-05-27 15:16:22.321988+00:00,PUT,20.0,2027-12-17,52625,421,421,99,41.16,REPEATEDHITS,False,False,False,0,52625,11300233457.0,569,BID,LONG,0.5
CART,2026-05-27 14:14:47.612669+00:00,CALL,41.0,2026-05-29,75220,752,774,88,41.61,REPEATEDHITSASCENDINGFILL,False,False,False,11500,63720,11300233457.0,2,BID,SHORT,0.5
CART,2026-05-26 15:02:56.928636+00:00,PUT,20.0,2027-12-17,10750,84,84,11,40.305,REPEATEDHITSASCENDINGFILL,False,False,False,6500,4250,11300233457.0,570,ASK,SHORT,1.0
CART,2026-05-19 15:02:30.585411+00:00,PUT,44.0,2026-07-17,31200,78,78,47,41.97,REPEATEDHITS,True,False,False,31200,0,11300233457.0,59,ASK,SHORT,1.0
CART,2026-05-19 14:51:11.382164+00:00,CALL,42.5,2026-06-18,11400,57,57,0,42.08,REPEATEDHITS,True,False,False,0,11200,11300233457.0,30,BID,SHORT,0.5
CART,2026-05-19 14:49:00.957948+00:00,CALL,45.0,2026-08-21,11840,37,37,0,42.18,REPEATEDHITS,True,False,False,2240,2240,11300233457.0,94,MIXED,,0.0
CART,2026-05-13 18:09:50.607421+00:00,CALL,40.0,2026-06-05,10450,55,98,1,40.17,REPEATEDHITS,False,False,False,10450,0,11300233457.0,23,ASK,LONG,1.0
CART,2026-05-13 16:57:55.872665+00:00,CALL,39.5,2026-05-22,12360,103,103,58,39.49,REPEATEDHITS,True,False,False,12360,0,11300233457.0,9,ASK,LONG,1.0
CART,2026-05-11 19:39:50.089979+00:00,CALL,35.0,2026-06-18,41891,71,71,49,40.2,REPEATEDHITS,False,False,False,0,41891,11300233457.0,38,BID,SHORT,0.5
CART,2026-05-11 15:42:37.179972+00:00,PUT,42.0,2026-05-22,10080,56,56,12,41.19,REPEATEDHITS,True,False,False,10080,0,11300233457.0,11,ASK,SHORT,1.0
CCJ,2026-07-08 14:59:11.559044+00:00,CALL,106.0,2026-07-17,12608,548,548,43,92.585,REPEATEDHITSASCENDINGFILL,True,False,False,26,12582,41224806777.0,9,BID,SHORT,0.5
CCJ,2026-07-08 14:03:37.394505+00:00,CALL,99.0,2026-07-17,30384,211,211,105,94.0,REPEATEDHITS,False,False,False,0,30384,41224806777.0,9,BID,SHORT,0.5
CCJ,2026-07-08 13:48:09.223138+00:00,CALL,98.0,2026-07-10,10244,160,161,48,94.67,REPEATEDHITS,False,False,False,1919,8325,41224806777.0,2,BID,SHORT,0.5
CCJ,2026-07-07 19:21:53.005781+00:00,PUT,86.0,2026-07-24,15400,140,389,97,94.63,REPEATEDHITS,True,False,False,15400,0,41224806777.0,17,ASK,SHORT,1.0
CCJ,2026-07-07 19:21:53.005781+00:00,PUT,86.0,2026-07-24,12430,113,502,97,94.63,REPEATEDHITS,True,False,False,1760,3300,41224806777.0,17,BID,LONG,0.5
CCJ,2026-07-07 14:11:10.998056+00:00,CALL,106.0,2026-07-31,81430,479,479,17,93.46,REPEATEDHITS,False,False,False,0,81430,41224806777.0,24,BID,SHORT,0.5
CCJ,2026-07-06 15:12:16.304614+00:00,PUT,80.0,2026-09-18,119242,530,582,495,98.655,REPEATEDHITSDESCENDINGFILL,False,False,False,75600,1792,41224806777.0,74,ASK,SHORT,1.0
CCJ,2026-07-06 14:44:21.258777+00:00,PUT,92.0,2026-07-10,11781,231,231,83,98.0,REPEATEDHITS,False,False,False,7548,4233,41224806777.0,4,ASK,SHORT,1.0
CCJ,2026-07-02 19:29:03.565001+00:00,PUT,99.0,2026-07-17,22800,40,85,28,95.51,REPEATEDHITS,False,False,False,2280,20520,41224806777.0,15,BID,LONG,0.5
CCJ,2026-07-02 19:04:29.997702+00:00,CALL,93.0,2026-07-24,234195,398,398,0,95.125,REPEATEDHITSDESCENDINGFILL,True,False,False,221325,12870,41224806777.0,22,ASK,LONG,1.0
CCJ,2026-07-02 19:04:29.997702+00:00,CALL,90.0,2026-08-21,585405,559,561,10,95.11,REPEATEDHITSASCENDINGFILL,False,False,False,357595,227810,41224806777.0,50,ASK,LONG,1.0
CCJ,2026-07-02 17:02:53.750559+00:00,PUT,85.0,2026-07-17,88992,1236,1267,1171,95.67,REPEATEDHITS,False,False,False,88992,0,41224806777.0,15,ASK,SHORT,1.0
CCJ,2026-07-02 16:13:19.875817+00:00,PUT,87.0,2026-07-24,48891,379,381,6,96.98,REPEATEDHITS,False,False,False,48891,0,41224806777.0,22,ASK,SHORT,1.0
CCJ,2026-07-02 15:30:16.879806+00:00,PUT,85.0,2026-08-21,135840,480,508,167,97.06,REPEATEDHITS,False,False,False,135840,0,41224806777.0,50,ASK,SHORT,1.0
CCJ,2026-07-02 14:02:20.642742+00:00,PUT,84.0,2026-07-24,13872,272,272,38,99.76,REPEATEDHITS,False,False,False,13872,0,41224806777.0,22,ASK,SHORT,1.0
CCJ,2026-07-02 13:50:40.383991+00:00,PUT,97.0,2026-07-24,25200,84,84,18,101.31,REPEATEDHITS,False,False,False,0,25200,41224806777.0,22,BID,LONG,0.5
CCJ,2026-07-01 19:46:08.111095+00:00,PUT,94.0,2026-07-17,130476,524,538,83,97.4,REPEATEDHITS,False,False,False,130476,0,41224806777.0,16,ASK,SHORT,1.0
CCJ,2026-07-01 17:18:37.412976+00:00,PUT,80.0,2026-08-07,145272,1909,17953,4,100.37,REPEATEDHITSASCENDINGFILL,True,False,False,58024,81700,41224806777.0,37,BID,LONG,0.5
CCJ,2026-07-01 13:49:19.885924+00:00,PUT,80.0,2026-08-07,897000,13000,13000,4,103.56,FLOORTRADELARGECAP,False,True,False,897000,0,41224806777.0,37,ASK,SHORT,1.0
CCJ,2026-06-30 19:48:58.926261+00:00,PUT,101.0,2026-07-02,66196,494,761,159,101.625,REPEATEDHITS,False,False,False,0,66196,41224806777.0,2,BID,LONG,0.5
CCJ,2026-06-30 19:28:50.093716+00:00,CALL,110.0,2026-07-24,12850,50,303,46,101.56,REPEATEDHITS,False,False,False,12850,0,41224806777.0,24,ASK,LONG,1.0
CCJ,2026-06-30 19:28:18.250740+00:00,CALL,110.0,2026-07-24,62500,250,253,46,101.47,REPEATEDHITS,False,False,False,22000,0,41224806777.0,24,ASK,LONG,1.0
CCJ,2026-06-30 18:35:06.817160+00:00,CALL,101.0,2026-07-17,51415,113,130,0,100.84,REPEATEDHITS,False,False,False,0,51415,41224806777.0,17,BID,SHORT,0.5
CCJ,2026-06-30 16:43:59.541520+00:00,PUT,101.0,2026-07-02,30621,173,220,159,100.905,REPEATEDHITS,False,False,False,0,30621,41224806777.0,2,BID,LONG,0.5
CCJ,2026-06-30 15:55:58.498985+00:00,CALL,103.0,2026-07-02,18975,186,213,10,101.07,REPEATEDHITSASCENDINGFILL,False,False,False,0,18666,41224806777.0,2,BID,SHORT,0.5
CCJ,2026-06-30 14:48:36.298396+00:00,CALL,99.0,2026-07-17,39270,66,66,0,101.2,REPEATEDHITS,True,False,False,0,39270,41224806777.0,17,BID,SHORT,0.5
CCJ,2026-06-30 14:04:38.039738+00:00,CALL,108.0,2026-07-02,12264,876,911,241,100.67,REPEATEDHITS,False,False,False,0,12264,41224806777.0,2,BID,SHORT,0.5
CCJ,2026-06-30 13:36:39.684158+00:00,PUT,90.0,2026-07-31,11000,44,45,35,100.37,REPEATEDHITS,False,False,False,750,10250,41224806777.0,31,BID,LONG,0.5
CCJ,2026-06-29 19:11:35.507509+00:00,CALL,105.0,2026-07-02,13753,96,1196,68,103.1975,REPEATEDHITSDESCENDINGFILL,False,False,False,4040,7137,41224806777.0,3,BID,SHORT,0.5
CCJ,2026-06-29 19:10:46.239521+00:00,CALL,105.0,2026-07-02,46551,307,1011,68,103.3,REPEATEDHITSDESCENDINGFILL,True,False,False,32491,9955,41224806777.0,3,ASK,LONG,1.0
CCJ,2026-06-29 17:00:21.161613+00:00,CALL,105.0,2026-07-02,22701,141,614,68,103.27,REPEATEDHITS,False,False,False,0,22701,41224806777.0,3,BID,SHORT,0.5
CCJ,2026-06-29 16:59:50.336096+00:00,CALL,105.0,2026-07-02,11427,72,473,68,103.27,REPEATEDHITSDESCENDINGFILL,False,False,False,7632,3795,41224806777.0,3,ASK,LONG,1.0
CCJ,2026-06-29 16:59:31.712502+00:00,CALL,105.0,2026-07-02,29119,186,401,68,103.195,REPEATEDHITSDESCENDINGFILL,False,False,False,8767,19260,41224806777.0,3,BID,SHORT,0.5
CCJ,2026-06-29 16:58:10.817436+00:00,PUT,101.0,2026-07-24,14685,33,34,10,103.1,REPEATEDHITS,True,False,False,0,14685,41224806777.0,25,BID,LONG,0.5
CCJ,2026-06-29 16:50:42.924433+00:00,CALL,105.0,2026-07-02,13270,92,146,68,102.94,REPEATEDHITSASCENDINGFILL,False,False,False,8958,3728,41224806777.0,3,ASK,LONG,1.0
CCJ,2026-06-26 17:23:59.363841+00:00,CALL,160.0,2026-08-21,28934,629,649,46,104.96,REPEATEDHITS,False,False,False,0,28934,41224806777.0,56,BID,SHORT,0.5
CCJ,2026-06-26 16:04:41.517398+00:00,CALL,107.0,2026-07-17,65170,133,133,56,105.645,REPEATEDHITS,False,False,False,0,65170,41224806777.0,21,BID,SHORT,0.5
CCJ,2026-06-26 15:41:03.793715+00:00,CALL,108.0,2026-07-02,11534,51,85,22,106.415,REPEATEDHITSDESCENDINGFILL,True,False,False,226,11308,41224806777.0,6,BID,SHORT,0.5
CCJ,2026-06-26 15:17:34.998990+00:00,PUT,102.0,2026-07-02,14167,92,154,70,104.77,REPEATEDHITS,True,False,False,14167,0,41224806777.0,6,ASK,SHORT,1.0
CCJ,2026-06-26 15:17:34.998990+00:00,PUT,102.0,2026-07-10,23681,84,96,14,104.9599,REPEATEDHITSDESCENDINGFILL,True,False,False,14501,9180,41224806777.0,14,ASK,SHORT,1.0
CCJ,2026-06-26 15:17:34.998990+00:00,PUT,104.0,2026-07-02,13687,58,62,52,104.77,REPEATEDHITS,True,False,False,13687,0,41224806777.0,6,ASK,SHORT,1.0
CCJ,2026-06-26 14:59:44.471671+00:00,PUT,104.0,2026-06-26,16280,407,414,250,105.27,REPEATEDHITS,False,False,False,0,16280,41224806777.0,0,BID,LONG,0.5
CCJ,2026-06-26 14:10:34.418352+00:00,CALL,106.0,2026-06-26,17820,297,305,102,105.005,REPEATEDHITS,False,False,False,0,17820,41224806777.0,0,BID,SHORT,0.5
CCJ,2026-06-25 16:35:05.226590+00:00,CALL,105.0,2026-07-10,21160,46,63,31,104.845,REPEATEDHITS,False,False,False,460,20700,41224806777.0,15,BID,SHORT,0.5
CCJ,2026-06-25 15:09:07.463666+00:00,CALL,122.0,2026-07-24,16482,123,124,8,103.18,REPEATEDHITS,False,False,False,0,16482,41224806777.0,29,BID,SHORT,0.5
CCJ,2026-06-24 17:07:36.683397+00:00,PUT,97.0,2026-07-10,16680,120,120,26,106.32,REPEATEDHITS,False,False,False,16680,0,41224806777.0,16,ASK,SHORT,1.0
CCJ,2026-06-23 18:08:07.660910+00:00,CALL,115.0,2026-06-26,25060,334,1080,304,109.28,REPEATEDHITS,True,False,False,760,24300,41224806777.0,3,BID,SHORT,0.5
CCJ,2026-06-23 17:58:21.235429+00:00,CALL,115.0,2026-06-26,23861,335,459,304,109.17,REPEATEDHITSDESCENDINGFILL,True,False,False,10300,2911,41224806777.0,3,ASK,LONG,1.0
CCJ,2026-06-23 17:55:13.960901+00:00,CALL,114.0,2026-07-24,35710,68,72,3,109.42,REPEATEDHITSASCENDINGFILL,True,False,False,0,35710,41224806777.0,31,BID,SHORT,0.5
CCJ,2026-06-22 19:45:13.354429+00:00,PUT,101.0,2026-07-17,12210,37,154,0,106.88,REPEATEDHITS,False,False,False,8910,3300,41224806777.0,25,ASK,SHORT,1.0
CF,2026-07-08 14:50:03.553260+00:00,CALL,115.0,2026-07-24,35200,64,65,41,116.73,REPEATEDHITS,False,False,False,35200,0,17658148754.0,16,ASK,LONG,1.0
CF,2026-07-08 14:00:57.507834+00:00,CALL,116.0,2026-07-10,11690,65,65,13,115.44,REPEATEDHITS,False,False,False,11520,170,17658148754.0,2,ASK,LONG,1.0
CF,2026-07-08 14:00:57.507834+00:00,CALL,117.0,2026-07-10,12030,90,90,14,115.44,REPEATEDHITSDESCENDINGFILL,False,False,False,4480,6250,17658148754.0,2,BID,SHORT,0.5
CF,2026-07-08 13:58:40.381487+00:00,CALL,111.0,2026-07-17,51700,94,94,65,114.44,REPEATEDHITS,True,False,False,51700,0,17658148754.0,9,ASK,LONG,1.0
CF,2026-07-08 13:58:40.381487+00:00,CALL,114.0,2026-07-10,12600,56,56,33,114.44,REPEATEDHITS,True,False,False,12600,0,17658148754.0,2,ASK,LONG,1.0
CF,2026-07-07 19:35:51.341803+00:00,PUT,90.0,2027-03-19,36960,66,66,11,114.815,REPEATEDHITS,False,False,False,0,36960,17658148754.0,255,BID,LONG,0.5
CF,2026-07-07 14:58:14.647274+00:00,PUT,120.0,2026-07-17,296972,450,450,178,114.93,REPEATEDHITSDESCENDINGFILL,False,False,False,296972,0,17658148754.0,10,ASK,SHORT,1.0
CF,2026-07-02 17:40:48.856393+00:00,PUT,107.0,2026-07-17,20085,103,103,0,110.475,REPEATEDHITS,False,False,False,20085,0,17658148754.0,15,ASK,SHORT,1.0
CF,2026-06-30 18:18:28.756318+00:00,PUT,111.0,2026-07-10,22040,58,58,2,109.25,REPEATEDHITS,False,False,False,22040,0,17658148754.0,10,ASK,SHORT,1.0
CF,2026-06-30 17:04:35.407930+00:00,CALL,115.0,2026-07-10,10000,100,110,3,109.63,REPEATEDHITS,False,False,False,0,10000,17658148754.0,10,BID,SHORT,0.5
CF,2026-06-30 16:01:47.525853+00:00,CALL,110.0,2026-07-02,11060,79,220,48,109.58,REPEATEDHITS,True,False,False,9100,1960,17658148754.0,2,ASK,LONG,1.0
CF,2026-06-30 15:18:41.855396+00:00,CALL,110.0,2026-08-21,340100,500,501,407,109.1,REPEATEDHITSDESCENDINGFILL,False,False,False,0,340100,17658148754.0,52,BID,SHORT,0.5
CF,2026-06-30 14:52:18.828579+00:00,CALL,135.0,2026-09-18,56280,268,269,188,109.385,REPEATEDHITS,False,False,False,56280,0,17658148754.0,80,ASK,LONG,1.0
CF,2026-06-26 17:06:20.962479+00:00,PUT,101.0,2026-07-17,11780,62,62,0,105.675,REPEATEDHITS,False,False,False,190,11590,17658148754.0,21,BID,LONG,0.5
CF,2026-06-26 13:39:58.187133+00:00,CALL,108.0,2026-06-26,13790,184,184,22,107.07,REPEATEDHITS,True,False,False,13715,75,17658148754.0,0,ASK,LONG,1.0
CF,2026-06-25 16:46:20.891420+00:00,CALL,105.0,2026-07-17,210062,500,521,338,104.92,REPEATEDHITSDESCENDINGFILL,False,False,False,0,210062,17658148754.0,22,BID,SHORT,0.5
CF,2026-06-25 16:20:14.795428+00:00,PUT,95.0,2026-09-18,128317,313,315,189,104.835,REPEATEDHITSDESCENDINGFILL,False,False,False,128317,0,17658148754.0,85,ASK,SHORT,1.0
CF,2026-06-25 15:36:22.006971+00:00,CALL,120.0,2026-11-20,603000,900,1000,120,104.45,REPEATEDHITS,True,False,False,603000,0,17658148754.0,148,ASK,LONG,1.0
CF,2026-06-24 19:25:21.805282+00:00,CALL,101.0,2026-07-17,13260,26,26,0,102.405,REPEATEDHITS,False,False,False,13260,0,17658148754.0,23,ASK,LONG,1.0
CF,2026-06-24 19:10:09.316916+00:00,CALL,101.0,2026-06-26,10560,48,53,43,102.19,REPEATEDHITS,False,False,False,440,10120,17658148754.0,2,BID,SHORT,0.5
CF,2026-06-24 17:52:18.981684+00:00,CALL,101.0,2026-07-02,16320,48,48,1,102.425,REPEATEDHITS,False,False,False,0,16320,17658148754.0,8,BID,SHORT,0.5
CF,2026-06-24 16:38:45.153152+00:00,CALL,102.0,2026-06-26,37245,191,191,10,102.72,REPEATEDHITS,False,False,False,0,37245,17658148754.0,2,BID,SHORT,0.5
CF,2026-06-24 14:57:18.141200+00:00,CALL,104.0,2026-07-02,37290,226,311,2,101.94,REPEATEDHITS,False,False,False,0,37290,17658148754.0,8,BID,SHORT,0.5
CF,2026-06-23 17:56:18.038622+00:00,CALL,97.5,2027-01-15,34400,20,40,19,102.83,REPEATEDHITS,False,False,False,34400,0,17658148754.0,206,ASK,LONG,1.0
CF,2026-06-22 19:11:00.982116+00:00,PUT,105.0,2028-01-21,55250,25,121,1,102.47,REPEATEDHITS,False,False,False,55250,0,17658148754.0,578,ASK,SHORT,1.0
CF,2026-06-22 16:23:51.363562+00:00,PUT,95.0,2026-08-21,32190,87,89,62,102.67,REPEATEDHITS,False,False,False,0,32190,17658148754.0,60,BID,LONG,0.5
CF,2026-06-22 15:41:09.568887+00:00,CALL,106.0,2026-07-10,54240,226,226,8,102.2,REPEATEDHITS,False,False,False,0,54240,17658148754.0,18,BID,SHORT,0.5
CF,2026-06-22 15:18:15.789066+00:00,CALL,108.0,2026-07-02,46262,370,372,56,102.65,REPEATEDHITSASCENDINGFILL,False,False,False,0,46262,17658148754.0,10,BID,SHORT,0.5
CF,2026-06-22 14:24:19.093230+00:00,PUT,102.0,2026-07-02,22695,89,89,20,103.01,REPEATEDHITS,True,False,False,0,22695,17658148754.0,10,BID,LONG,0.5
CF,2026-06-18 19:34:36.560223+00:00,CALL,104.0,2026-06-26,36757,171,174,0,103.06,REPEATEDHITSDESCENDINGFILL,False,False,False,36757,0,17658148754.0,8,ASK,LONG,1.0
CF,2026-06-18 19:34:36.560223+00:00,PUT,99.0,2026-06-26,21929,231,237,108,103.06,REPEATEDHITSDESCENDINGFILL,True,False,False,21654,275,17658148754.0,8,ASK,SHORT,1.0
CF,2026-06-18 19:06:59.248389+00:00,PUT,90.0,2026-09-18,39930,121,121,16,103.0,REPEATEDHITS,False,False,False,0,39930,17658148754.0,92,BID,LONG,0.5
CF,2026-06-18 15:12:01.447646+00:00,PUT,95.0,2026-07-17,95000,500,511,325,101.51,REPEATEDHITS,False,False,False,95000,0,17658148754.0,29,ASK,SHORT,1.0
CF,2026-06-18 15:12:01.447646+00:00,CALL,105.0,2026-06-26,12650,110,221,3,101.51,REPEATEDHITS,False,False,False,10120,2530,17658148754.0,8,ASK,LONG,1.0
CF,2026-06-18 14:49:56.591350+00:00,PUT,100.0,2026-06-26,28210,182,182,151,101.95,REPEATEDHITS,False,False,False,28210,0,17658148754.0,8,ASK,SHORT,1.0
CF,2026-06-18 14:46:40.962040+00:00,CALL,105.0,2026-06-26,13500,100,101,3,102.23,REPEATEDHITS,False,False,False,2700,10800,17658148754.0,8,BID,SHORT,0.5
CF,2026-06-17 19:10:25.495804+00:00,CALL,106.0,2026-06-18,30105,223,288,23,105.965,REPEATEDHITS,False,False,False,135,29970,17658148754.0,1,BID,SHORT,0.5
CF,2026-06-17 14:53:13.308329+00:00,PUT,108.0,2026-06-18,19800,99,99,12,107.32,REPEATEDHITS,False,False,False,19800,0,17658148754.0,1,ASK,SHORT,1.0
CF,2026-06-17 14:53:13.308329+00:00,PUT,107.0,2026-06-18,14915,103,103,26,107.32,REPEATEDHITSDESCENDINGFILL,True,False,False,14785,130,17658148754.0,1,ASK,SHORT,1.0
CF,2026-06-17 14:36:04.145724+00:00,CALL,109.0,2026-07-10,47360,128,128,2,107.09,REPEATEDHITS,False,False,False,47360,0,17658148754.0,23,ASK,LONG,1.0
CF,2026-06-16 18:21:16.087106+00:00,PUT,92.5,2026-08-21,28305,111,3511,93,105.84,REPEATEDHITS,False,False,False,28305,0,17658148754.0,66,ASK,SHORT,1.0
CF,2026-06-16 18:07:36.959020+00:00,PUT,92.5,2026-08-21,38480,148,3111,93,105.53,REPEATEDHITS,False,False,False,520,2600,17658148754.0,66,BID,LONG,0.5
CF,2026-06-16 17:04:38.815289+00:00,PUT,92.5,2026-08-21,42000,150,2322,93,104.93,REPEATEDHITS,False,False,False,42000,0,17658148754.0,66,ASK,SHORT,1.0
CF,2026-06-16 16:21:03.806552+00:00,PUT,92.5,2026-08-21,51700,188,1816,93,105.59,REPEATEDHITS,False,False,False,275,51425,17658148754.0,66,BID,LONG,0.5
CF,2026-06-16 15:23:48.586631+00:00,PUT,92.5,2026-08-21,38160,144,1320,93,105.97,REPEATEDHITS,True,False,False,38160,0,17658148754.0,66,ASK,SHORT,1.0
CF,2026-06-16 14:57:21.810752+00:00,PUT,95.0,2026-09-18,57600,128,134,39,106.1499,REPEATEDHITS,False,False,False,0,57600,17658148754.0,94,BID,LONG,0.5
CF,2026-06-16 14:04:55.683456+00:00,PUT,92.5,2026-08-21,29070,102,521,93,105.57,REPEATEDHITS,True,False,False,29070,0,17658148754.0,66,ASK,SHORT,1.0
CF,2026-06-15 15:46:18.070083+00:00,PUT,106.0,2026-07-10,12900,30,30,0,106.35,REPEATEDHITS,True,False,False,12900,0,17658148754.0,25,ASK,SHORT,1.0
CF,2026-06-15 15:36:58.441196+00:00,PUT,97.5,2026-09-18,45360,84,84,55,106.84,REPEATEDHITS,False,False,False,0,45360,17658148754.0,95,BID,LONG,0.5
CF,2026-06-11 17:28:55.387115+00:00,PUT,111.0,2026-07-02,53500,107,107,0,110.94,REPEATEDHITS,False,False,False,53500,0,17658148754.0,21,ASK,SHORT,1.0
CLF,2026-07-08 15:10:56.731574+00:00,CALL,12.0,2026-07-24,13000,1000,14423,272,9.3499,REPEATEDHITS,True,False,False,13000,0,5441755828.0,16,ASK,LONG,1.0
CLF,2026-07-08 15:04:21.039693+00:00,CALL,12.0,2026-07-24,39000,3000,13220,272,9.3,REPEATEDHITS,True,False,False,39000,0,5441755828.0,16,ASK,LONG,1.0
CLF,2026-07-08 14:54:28.599551+00:00,CALL,11.0,2026-07-24,60000,2500,2504,397,9.23,REPEATEDHITS,True,False,False,60000,0,5441755828.0,16,ASK,LONG,1.0
CLF,2026-07-07 13:59:55.081742+00:00,CALL,20.0,2026-10-16,26220,2622,2622,497,9.38,REPEATEDHITS,False,False,False,350,25870,5441755828.0,101,BID,SHORT,0.5
CLF,2026-06-30 13:54:51.935726+00:00,CALL,9.0,2026-07-02,20000,400,405,133,9.395,REPEATEDHITS,True,False,False,0,20000,5441755828.0,2,BID,SHORT,0.5
CLF,2026-06-29 14:33:13.523225+00:00,CALL,10.0,2026-07-10,10208,352,415,46,9.565,REPEATEDHITS,False,False,False,0,10208,5441755828.0,11,BID,SHORT,0.5
CLF,2026-06-26 19:53:09.157315+00:00,CALL,10.0,2026-08-21,105120,876,946,115,9.9681,REPEATEDHITS,False,False,False,105120,0,5441755828.0,56,ASK,LONG,1.0
CLF,2026-06-26 19:46:09.227099+00:00,CALL,11.0,2026-08-21,759540,9899,10330,3203,9.8884,SWEEPSFOLLOWEDBYFLOOR,True,True,False,759540,0,5441755828.0,56,ASK,LONG,1.0
CLF,2026-06-25 14:29:54.724215+00:00,CALL,18.0,2026-10-16,30132,1116,1123,955,10.61,REPEATEDHITS,False,False,False,0,30132,5441755828.0,113,BID,SHORT,0.5
CLF,2026-06-24 17:35:52.857205+00:00,CALL,10.5,2026-07-17,12792,156,3142,15,10.55,REPEATEDHITS,False,False,False,12792,0,5441755828.0,23,ASK,LONG,1.0
CLF,2026-06-24 17:35:51.651593+00:00,CALL,10.5,2026-07-17,52140,660,2986,15,10.54,REPEATEDHITS,False,False,False,0,37604,5441755828.0,23,BID,SHORT,0.5
CLF,2026-06-17 17:52:43.685860+00:00,PUT,12.0,2026-12-18,173000,1000,1020,86,13.365,REPEATEDHITS,True,False,False,0,173000,5441755828.0,184,BID,LONG,0.5
CLF,2026-06-17 16:22:34.850842+00:00,PUT,13.0,2026-09-18,26871,169,1278,75,13.355,REPEATEDHITS,False,False,False,7473,19398,5441755828.0,93,BID,LONG,0.5
CLF,2026-06-17 16:22:34.850842+00:00,PUT,13.0,2026-09-18,16771,106,1384,75,13.365,REPEATEDHITSDESCENDINGFILL,False,False,False,0,16771,5441755828.0,93,BID,LONG,0.5
CLF,2026-06-17 16:22:32.847741+00:00,PUT,13.0,2026-09-18,22429,141,1109,75,13.355,REPEATEDHITS,False,False,False,1600,20829,5441755828.0,93,BID,LONG,0.5
CLF,2026-06-17 16:22:30.844075+00:00,PUT,13.0,2026-09-18,14749,93,968,75,13.345,REPEATEDHITSASCENDINGFILL,False,False,False,0,14749,5441755828.0,93,BID,LONG,0.5
CLF,2026-06-17 15:48:52.127968+00:00,PUT,13.0,2026-09-18,13612,82,875,75,13.15,REPEATEDHITS,True,False,False,0,13612,5441755828.0,93,BID,LONG,0.5
CLF,2026-06-17 15:48:46.916631+00:00,PUT,13.0,2026-09-18,15376,92,735,75,13.13,REPEATEDHITSASCENDINGFILL,False,False,False,3842,11534,5441755828.0,93,BID,LONG,0.5
CLF,2026-06-17 15:46:11.150165+00:00,PUT,13.0,2026-09-18,27638,160,417,75,13.0,REPEATEDHITSASCENDINGFILL,False,False,False,3654,23984,5441755828.0,93,BID,LONG,0.5
CLF,2026-06-17 15:46:11.150165+00:00,PUT,13.0,2026-09-18,22704,132,549,75,13.01,REPEATEDHITS,False,False,False,0,22704,5441755828.0,93,BID,LONG,0.5
CLF,2026-06-12 18:10:47.003586+00:00,PUT,14.0,2026-08-21,59658,326,356,289,13.705,REPEATEDHITS,False,False,False,0,59658,5441755828.0,70,BID,LONG,0.5
CLF,2026-06-12 17:20:19.518821+00:00,CALL,15.5,2026-07-10,46001,1000,2005,94,13.77,REPEATEDHITS,True,False,False,0,46001,5441755828.0,28,BID,SHORT,0.5
CLF,2026-06-12 17:06:11.010728+00:00,PUT,15.0,2026-08-21,77914,326,326,169,13.88,REPEATEDHITS,False,False,False,0,77914,5441755828.0,70,BID,LONG,0.5
CLF,2026-06-12 14:01:28.624927+00:00,PUT,15.0,2026-10-16,67260,228,228,11,13.95,REPEATEDHITS,False,False,False,0,67260,5441755828.0,126,BID,LONG,0.5
CLF,2026-06-08 16:23:31.748682+00:00,PUT,12.5,2026-06-18,51039,963,1103,582,12.885,REPEATEDHITS,True,False,False,51039,0,5441755828.0,10,ASK,SHORT,1.0
CLF,2026-06-04 16:41:39.094257+00:00,PUT,15.0,2026-08-21,13452,59,113,54,14.555,REPEATEDHITS,False,False,False,5244,8208,5441755828.0,78,BID,LONG,0.5
CLF,2026-06-04 16:29:24.535149+00:00,PUT,16.0,2026-08-21,66150,225,302,92,14.51,REPEATEDHITS,False,False,False,49392,9702,5441755828.0,78,ASK,SHORT,1.0
CLF,2026-06-04 16:27:30.733317+00:00,PUT,14.0,2026-10-16,17775,79,323,25,14.455,REPEATEDHITS,False,False,False,0,17775,5441755828.0,134,BID,LONG,0.5
CLF,2026-06-04 16:27:29.527701+00:00,PUT,14.0,2026-10-16,22500,100,200,25,14.45,REPEATEDHITS,False,False,False,0,22500,5441755828.0,134,BID,LONG,0.5
CLF,2026-06-04 16:27:27.123459+00:00,PUT,14.0,2026-10-16,10125,45,50,25,14.43,REPEATEDHITS,False,False,False,0,10125,5441755828.0,134,BID,LONG,0.5
CLF,2026-06-04 16:27:27.123459+00:00,PUT,14.0,2026-10-16,11250,50,100,25,14.435,REPEATEDHITS,False,False,False,0,11250,5441755828.0,134,BID,LONG,0.5
CLF,2026-06-04 16:09:43.162130+00:00,PUT,13.0,2027-01-15,370744,1532,1532,282,14.2801,REPEATEDHITS,False,False,False,257246,113498,5441755828.0,225,ASK,SHORT,1.0
CLF,2026-06-02 18:53:25.435839+00:00,PUT,16.0,2026-06-18,87500,500,500,249,14.8801,REPEATEDHITS,False,False,False,87500,0,5441755828.0,16,ASK,SHORT,1.0
CLF,2026-06-01 15:01:15.545093+00:00,PUT,13.5,2026-07-10,12576,96,125,0,13.355,REPEATEDHITS,False,False,False,2227,2096,5441755828.0,39,ASK,SHORT,1.0
CLF,2026-05-29 19:09:20.240584+00:00,CALL,13.5,2026-06-05,26556,438,778,433,13.565,REPEATEDHITSASCENDINGFILL,True,False,False,8556,18000,5441755828.0,7,BID,SHORT,0.5
CLF,2026-05-29 16:49:21.685621+00:00,CALL,15.0,2026-06-05,20401,1020,1328,463,13.855,REPEATEDHITSDESCENDINGFILL,False,False,False,0,20401,5441755828.0,7,BID,SHORT,0.5
CLF,2026-05-28 15:56:56.255206+00:00,CALL,16.0,2027-01-15,86940,420,1000,266,12.965,REPEATEDHITS,True,False,False,31050,55890,5441755828.0,232,BID,SHORT,0.5
CLF,2026-05-28 15:56:24.815563+00:00,CALL,16.0,2027-01-15,68640,330,580,266,12.965,REPEATEDHITS,True,False,False,0,68640,5441755828.0,232,BID,SHORT,0.5
CLF,2026-05-27 19:43:28.320887+00:00,CALL,14.5,2026-06-18,45908,998,1074,167,12.905,REPEATEDHITS,False,False,False,45908,0,5441755828.0,22,ASK,LONG,1.0
CLF,2026-05-27 19:36:16.693427+00:00,PUT,13.0,2026-06-18,226644,2244,2989,1207,12.915,REPEATEDHITS,False,False,False,216544,10100,5441755828.0,22,ASK,SHORT,1.0
CLF,2026-05-27 19:08:32.977894+00:00,CALL,13.5,2026-05-29,11920,745,1657,269,13.02,REPEATEDHITS,False,False,False,11920,0,5441755828.0,2,ASK,LONG,1.0
CLF,2026-05-27 15:08:03.446796+00:00,CALL,11.0,2026-08-21,299000,1000,1051,613,12.935,REPEATEDHITS,False,False,False,0,0,5441755828.0,86,MIXED,,0.0
CLF,2026-05-27 14:19:26.240908+00:00,PUT,12.0,2026-08-21,48048,336,338,32,12.645,REPEATEDHITS,True,False,False,44330,3718,5441755828.0,86,ASK,SHORT,1.0
CLF,2026-05-26 19:54:06.564690+00:00,CALL,12.5,2026-06-18,37386,558,2096,348,12.009,REPEATEDHITS,False,False,False,0,37185,5441755828.0,23,BID,SHORT,0.5
CLF,2026-05-26 19:48:23.103331+00:00,CALL,16.0,2026-09-18,89880,1070,2052,378,12.015,REPEATEDHITS,False,False,False,89880,0,5441755828.0,115,ASK,LONG,1.0
CLF,2026-05-26 19:46:29.066842+00:00,CALL,13.0,2026-06-12,11812,298,2280,203,11.97,REPEATEDHITSASCENDINGFILL,False,False,False,11812,0,5441755828.0,17,ASK,LONG,1.0
CLF,2026-05-26 18:31:29.421162+00:00,CALL,16.0,2026-09-18,55177,757,977,378,11.835,REPEATEDHITSASCENDINGFILL,False,False,False,55177,0,5441755828.0,115,ASK,LONG,1.0
CLF,2026-05-26 17:06:43.862211+00:00,CALL,12.0,2026-06-05,85440,2136,2949,1299,11.695,REPEATEDHITS,False,False,False,0,76400,5441755828.0,10,BID,SHORT,0.5
CLF,2026-05-26 13:54:15.404448+00:00,PUT,12.0,2026-07-17,202500,1500,1500,541,11.4501,FLOORTRADEMIDCAP,False,True,True,0,202500,5441755828.0,52,BID,LONG,0.5
CLF,2026-05-22 14:59:49.751366+00:00,PUT,10.5,2026-05-29,14900,745,900,710,10.83,REPEATEDHITS,False,False,False,800,14100,5441755828.0,7,BID,LONG,0.5
CLSK,2026-07-08 13:58:55.015648+00:00,CALL,29.0,2027-01-15,22080,276,276,123,12.5,REPEATEDHITS,False,False,False,22080,0,3202475403.0,191,ASK,LONG,1.0
CLSK,2026-07-07 19:53:48.562292+00:00,CALL,13.5,2026-07-17,40572,882,1026,130,12.5175,REPEATEDHITS,True,False,False,33396,7176,3202475403.0,10,ASK,LONG,1.0
CLSK,2026-07-07 14:27:23.905201+00:00,CALL,12.5,2026-07-17,14342,214,340,22,12.15,REPEATEDHITSASCENDINGFILL,True,False,False,13002,0,3202475403.0,10,ASK,LONG,1.0
CLSK,2026-07-07 14:25:05.359263+00:00,PUT,11.5,2026-07-24,28069,401,403,1,12.195,REPEATEDHITS,False,False,False,28000,0,3202475403.0,17,ASK,SHORT,1.0
CLSK,2026-07-06 17:40:35.106855+00:00,CALL,17.0,2026-08-14,90952,1281,1433,0,13.575,REPEATEDHITS,False,False,False,72,90880,3202475403.0,39,BID,SHORT,0.5
CLSK,2026-07-06 15:22:32.116687+00:00,CALL,14.0,2026-08-14,15288,98,98,17,13.47,REPEATEDHITS,False,False,False,8424,6864,3202475403.0,39,ASK,LONG,1.0
CLSK,2026-07-06 13:50:20.902820+00:00,CALL,16.0,2026-07-10,10000,1000,1633,552,13.86,REPEATEDHITS,False,False,False,10000,0,3202475403.0,4,ASK,LONG,1.0
CLSK,2026-07-02 19:45:59.636142+00:00,CALL,16.0,2026-08-21,180414,2313,2524,400,12.545,REPEATEDHITS,False,False,False,180414,0,3202475403.0,50,ASK,LONG,1.0
CLSK,2026-07-02 17:19:15.367469+00:00,PUT,9.0,2026-09-18,29949,447,452,208,12.52,REPEATEDHITS,False,False,False,29882,0,3202475403.0,78,ASK,SHORT,1.0
CLSK,2026-07-02 15:25:30.901891+00:00,PUT,11.5,2026-07-17,19968,624,634,179,13.11,REPEATEDHITS,False,False,False,19968,0,3202475403.0,15,ASK,SHORT,1.0
CLSK,2026-07-02 14:36:14.614510+00:00,CALL,15.0,2026-08-21,175016,1336,1357,615,13.3914,REPEATEDHITS,False,False,False,175016,0,3202475403.0,50,ASK,LONG,1.0
CLSK,2026-07-01 18:41:01.907039+00:00,CALL,15.0,2026-08-21,56445,355,568,146,13.935,REPEATEDHITS,False,False,False,56445,0,3202475403.0,51,ASK,LONG,1.0
CLSK,2026-06-30 17:38:50.851868+00:00,CALL,15.5,2026-07-02,16000,1000,2169,675,14.52,REPEATEDHITS,False,False,False,16000,0,3202475403.0,2,ASK,LONG,1.0
CLSK,2026-06-30 16:15:37.633646+00:00,PUT,13.5,2026-07-17,11830,182,2017,125,14.48,REPEATEDHITS,False,False,False,9425,2405,3202475403.0,17,ASK,SHORT,1.0
CLSK,2026-06-30 16:15:14.007838+00:00,PUT,13.5,2026-07-17,10270,158,1800,125,14.525,REPEATEDHITS,True,False,False,3575,5590,3202475403.0,17,BID,LONG,0.5
CLSK,2026-06-30 16:15:09.796680+00:00,PUT,13.5,2026-07-17,18655,287,1594,125,14.5207,REPEATEDHITS,True,False,False,13260,5395,3202475403.0,17,ASK,SHORT,1.0
CLSK,2026-06-30 16:14:18.107056+00:00,PUT,13.5,2026-07-17,17290,266,1170,125,14.53,REPEATEDHITS,False,False,False,65,17225,3202475403.0,17,BID,LONG,0.5
CLSK,2026-06-30 15:41:30.019005+00:00,PUT,13.5,2026-07-17,28665,441,856,125,14.5407,REPEATEDHITS,False,False,False,28665,0,3202475403.0,17,ASK,SHORT,1.0
CLSK,2026-06-29 19:05:42.029402+00:00,CALL,20.0,2026-07-10,19688,2461,2638,2218,15.745,REPEATEDHITS,False,False,False,12872,6808,3202475403.0,11,ASK,LONG,1.0
CLSK,2026-06-29 17:17:12.766352+00:00,PUT,16.0,2026-07-17,121410,815,1024,512,15.56,REPEATEDHITSASCENDINGFILL,False,False,False,120690,288,3202475403.0,18,ASK,SHORT,1.0
CLSK,2026-06-29 16:40:53.316166+00:00,PUT,15.5,2026-07-17,48312,366,405,285,15.31,REPEATEDHITS,False,False,False,48312,0,3202475403.0,18,ASK,SHORT,1.0
CLSK,2026-06-29 15:22:50.839663+00:00,CALL,16.5,2026-07-17,18450,246,458,16,15.28,REPEATEDHITS,False,False,False,18450,0,3202475403.0,18,ASK,LONG,1.0
CLSK,2026-06-29 14:23:24.665140+00:00,PUT,12.5,2026-07-10,13344,834,844,34,15.17,REPEATEDHITS,False,False,False,12256,1088,3202475403.0,11,ASK,SHORT,1.0
CLSK,2026-06-26 18:31:51.787800+00:00,PUT,15.5,2026-07-10,49296,624,677,265,16.105,REPEATEDHITS,False,False,False,49296,0,3202475403.0,14,ASK,SHORT,1.0
CLSK,2026-06-26 16:46:24.151251+00:00,PUT,12.0,2026-09-18,71725,755,759,735,15.93,REPEATEDHITS,False,False,False,0,71725,3202475403.0,84,BID,LONG,0.5
CLSK,2026-06-26 16:11:22.979324+00:00,PUT,14.0,2026-07-10,18648,518,634,310,15.8,REPEATEDHITS,True,False,False,18648,0,3202475403.0,14,ASK,SHORT,1.0
CLSK,2026-06-26 14:08:46.778979+00:00,CALL,16.0,2026-06-26,33306,2562,5065,1752,15.7034,REPEATEDHITS,False,False,False,33280,0,3202475403.0,0,ASK,LONG,1.0
CLSK,2026-06-24 19:15:23.971749+00:00,CALL,16.0,2026-06-26,21500,500,675,438,15.76,REPEATEDHITS,False,False,False,21500,0,3202475403.0,2,ASK,LONG,1.0
CLSK,2026-06-24 16:55:21.362383+00:00,PUT,15.5,2026-07-17,23544,216,249,45,16.37,REPEATEDHITS,False,False,False,23435,109,3202475403.0,23,ASK,SHORT,1.0
CLSK,2026-06-23 19:52:50.660188+00:00,PUT,17.0,2026-08-21,242550,990,1010,125,17.27,REPEATEDHITS,False,False,False,242305,245,3202475403.0,59,ASK,SHORT,1.0
CLSK,2026-06-23 15:55:43.397021+00:00,CALL,30.0,2026-08-21,134125,3625,3627,130,17.6851,REPEATEDHITS,False,False,False,0,134125,3202475403.0,59,BID,SHORT,0.5
CLSK,2026-06-23 14:34:22.999801+00:00,PUT,16.5,2026-07-02,34776,756,981,684,18.125,REPEATEDHITS,False,False,False,34776,0,3202475403.0,9,ASK,SHORT,1.0
CLSK,2026-06-22 18:27:26.980545+00:00,CALL,19.5,2026-07-17,22980,220,275,0,17.705,REPEATEDHITSASCENDINGFILL,False,False,False,22876,104,3202475403.0,25,ASK,LONG,1.0
CLSK,2026-06-22 14:09:39.251547+00:00,PUT,18.5,2026-07-02,15077,145,621,8,18.85,REPEATEDHITS,False,False,False,15077,0,3202475403.0,10,ASK,SHORT,1.0
CLSK,2026-06-22 13:50:25.088770+00:00,CALL,21.5,2026-07-02,21960,610,611,3,18.625,REPEATEDHITS,False,False,False,21960,0,3202475403.0,10,ASK,LONG,1.0
CLSK,2026-06-22 13:45:23.109976+00:00,CALL,21.0,2026-06-26,11962,1000,2495,701,18.175,REPEATEDHITS,False,False,False,0,11962,3202475403.0,4,BID,SHORT,0.5
CLSK,2026-06-22 13:45:08.879131+00:00,CALL,21.0,2026-06-26,11001,1000,1495,701,18.21,REPEATEDHITS,False,False,False,0,11001,3202475403.0,4,BID,SHORT,0.5
CLSK,2026-06-18 18:53:26.349995+00:00,PUT,16.0,2026-07-10,15486,178,382,136,17.105,REPEATEDHITS,False,False,False,15486,0,3202475403.0,22,ASK,SHORT,1.0
CLSK,2026-06-18 18:10:15.846509+00:00,PUT,16.0,2026-07-10,13940,164,204,136,17.14,REPEATEDHITS,False,False,False,13940,0,3202475403.0,22,ASK,SHORT,1.0
CLSK,2026-06-18 16:59:41.217801+00:00,PUT,15.5,2026-07-10,16181,261,262,30,17.32,REPEATEDHITS,False,False,False,16120,61,3202475403.0,22,ASK,SHORT,1.0
CLSK,2026-06-18 14:50:58.875740+00:00,PUT,16.5,2026-07-02,42882,500,587,111,17.07,REPEATEDHITS,False,False,False,42882,0,3202475403.0,14,ASK,SHORT,1.0
CLSK,2026-06-17 14:02:32.718769+00:00,PUT,18.0,2026-08-21,128000,400,401,11,17.2798,REPEATEDHITS,False,False,False,128000,0,3202475403.0,65,ASK,SHORT,1.0
CLSK,2026-06-16 17:37:52.292369+00:00,CALL,20.0,2026-08-21,36258,189,924,23,17.7,REPEATEDHITSASCENDINGFILL,True,False,False,0,36258,3202475403.0,66,BID,SHORT,0.5
CLSK,2026-06-16 15:00:48.382513+00:00,PUT,20.0,2026-08-21,13280,32,57,5,17.7,REPEATEDHITS,False,False,False,4565,5810,3202475403.0,66,BID,LONG,0.5
CLSK,2026-06-15 16:24:07.809871+00:00,CALL,18.5,2026-06-26,63191,1003,1062,714,17.43,REPEATEDHITSDESCENDINGFILL,False,False,False,0,63191,3202475403.0,11,BID,SHORT,0.5
CLSK,2026-06-15 15:55:11.401054+00:00,PUT,16.5,2026-06-26,38545,593,593,55,17.4,REPEATEDHITS,False,False,False,38545,0,3202475403.0,11,ASK,SHORT,1.0
CLSK,2026-06-12 18:34:23.088287+00:00,PUT,13.0,2026-07-17,50250,1005,2018,762,16.6,FLOORTRADEMIDCAP,False,True,True,50250,0,3202475403.0,35,ASK,SHORT,1.0
CLSK,2026-06-12 15:12:49.528605+00:00,PUT,18.0,2026-09-18,241017,618,618,451,17.0701,REPEATEDHITS,False,False,False,234387,3510,3202475403.0,98,ASK,SHORT,1.0
CLSK,2026-06-12 14:50:26.808776+00:00,PUT,11.0,2026-07-24,60050,2402,4036,2,16.535,REPEATEDHITS,False,False,False,0,60050,3202475403.0,42,BID,LONG,0.5
CLSK,2026-06-05 19:46:31.671838+00:00,CALL,16.5,2026-06-12,84300,1686,3114,881,15.36,REPEATEDHITS,True,False,False,82700,0,3202475403.0,7,ASK,LONG,1.0
CLX,2026-07-08 14:11:04.757700+00:00,CALL,85.0,2026-08-21,16900,15,31,13,95.08,REPEATEDHITSASCENDINGFILL,True,False,False,5700,11200,11778948801.0,44,BID,SHORT,0.5
CLX,2026-07-02 16:11:37.572101+00:00,PUT,100.0,2026-08-21,32160,48,49,42,97.89,REPEATEDHITS,False,False,False,32160,0,11778948801.0,50,ASK,SHORT,1.0
CLX,2026-06-24 14:06:14.360464+00:00,CALL,105.0,2026-08-21,23772,119,168,98,94.775,REPEATEDHITSDESCENDINGFILL,False,False,False,22992,780,11778948801.0,58,ASK,LONG,1.0
CLX,2026-06-22 18:30:07.521677+00:00,PUT,95.0,2026-08-21,27000,36,40,10,91.69,REPEATEDHITS,False,False,False,750,26250,11778948801.0,60,BID,LONG,0.5
CLX,2026-06-05 15:46:18.404837+00:00,PUT,90.0,2026-07-17,528105,1853,1934,1280,92.34,LOWHISTORICVOLUMEFLOOR,False,True,False,0,528105,11778948801.0,42,BID,LONG,0.5
CLX,2026-06-01 17:21:13.158951+00:00,PUT,90.0,2027-01-15,624000,600,643,532,89.1,FLOORTRADELARGECAP,False,True,False,624000,0,11778948801.0,228,ASK,SHORT,1.0
COIN,2026-07-08 15:42:59.325771+00:00,PUT,157.5,2026-07-24,182385,193,204,14,158.4999,REPEATEDHITS,False,False,False,182385,0,36369018331.0,16,ASK,SHORT,1.0
COIN,2026-07-08 15:26:05.750068+00:00,PUT,177.5,2026-08-14,271600,96,123,2,157.31,REPEATEDHITSDESCENDINGFILL,True,False,False,85150,186450,36369018331.0,37,BID,LONG,0.5
COIN,2026-07-08 14:53:53.341818+00:00,PUT,152.5,2026-07-24,27550,38,255,12,157.59,REPEATEDHITS,True,False,False,0,27550,36369018331.0,16,BID,LONG,0.5
COIN,2026-07-08 14:03:48.415417+00:00,PUT,80.0,2026-07-17,12579,1797,2769,1334,158.935,REPEATEDHITS,False,False,False,6132,6440,36369018331.0,9,BID,LONG,0.5
COIN,2026-07-07 15:13:14.313181+00:00,PUT,162.5,2026-07-24,167910,174,266,18,164.5351,REPEATEDHITS,False,False,False,167910,0,36369018331.0,17,ASK,SHORT,1.0
COIN,2026-07-07 14:49:03.217146+00:00,PUT,167.5,2026-08-07,27165,16,18,6,163.16,REPEATEDHITS,True,False,False,16950,5130,36369018331.0,31,ASK,SHORT,1.0
COIN,2026-07-07 14:47:15.574289+00:00,PUT,165.0,2026-08-07,37180,24,26,17,163.185,REPEATEDHITSASCENDINGFILL,True,False,False,29415,6225,36369018331.0,31,ASK,SHORT,1.0
COIN,2026-07-07 14:46:45.347754+00:00,PUT,162.5,2026-08-07,15640,11,15,3,163.21,REPEATEDHITSASCENDINGFILL,False,False,False,4265,4255,36369018331.0,31,ASK,SHORT,1.0
COIN,2026-07-07 14:33:48.743104+00:00,PUT,162.5,2026-07-24,85145,90,92,18,164.125,REPEATEDHITSASCENDINGFILL,False,False,False,6680,78465,36369018331.0,17,BID,LONG,0.5
COIN,2026-07-07 14:07:32.006580+00:00,CALL,160.0,2026-10-16,1354317,467,467,221,164.35,REPEATEDHITSASCENDINGFILL,False,False,False,0,1354317,36369018331.0,101,BID,SHORT,0.5
COIN,2026-07-06 15:07:14.872734+00:00,PUT,177.5,2026-07-17,45895,29,39,21,166.5,REPEATEDHITSDESCENDINGFILL,True,False,False,23775,22120,36369018331.0,11,ASK,SHORT,1.0
COIN,2026-07-06 15:02:34.848043+00:00,CALL,155.0,2027-06-17,87760,16,16,11,164.715,REPEATEDHITS,False,False,False,0,87760,36369018331.0,346,BID,SHORT,0.5
COIN,2026-07-06 14:54:34.750943+00:00,PUT,85.0,2027-06-17,18715,19,19,0,163.76,REPEATEDHITS,False,False,False,0,16745,36369018331.0,346,BID,LONG,0.5
COIN,2026-07-06 14:42:36.916290+00:00,PUT,155.0,2027-06-17,27685,7,7,2,162.9,REPEATEDHITS,False,False,False,0,27685,36369018331.0,346,BID,LONG,0.5
COIN,2026-07-06 13:38:28.732320+00:00,CALL,162.5,2026-07-24,33475,32,35,0,161.03,REPEATEDHITSASCENDINGFILL,True,False,False,13620,19855,36369018331.0,18,BID,SHORT,0.5
COIN,2026-07-06 13:38:28.732320+00:00,CALL,157.5,2026-07-24,10320,8,8,0,161.03,REPEATEDHITS,True,False,False,1290,9030,36369018331.0,18,BID,SHORT,0.5
COIN,2026-07-06 13:37:42.619558+00:00,CALL,172.5,2026-07-24,17455,26,26,16,160.98,REPEATEDHITSASCENDINGFILL,True,False,False,8745,8710,36369018331.0,18,ASK,LONG,1.0
COIN,2026-07-02 16:00:14.335813+00:00,PUT,175.0,2026-07-24,677160,396,397,78,165.74,REPEATEDHITS,False,False,False,0,677160,36369018331.0,22,BID,LONG,0.5
COIN,2026-07-02 15:54:32.521536+00:00,PUT,167.5,2026-07-02,14819,57,4136,41,165.68,REPEATEDHITSDESCENDINGFILL,True,False,False,3108,11711,36369018331.0,0,BID,LONG,0.5
COIN,2026-07-02 15:47:11.757513+00:00,PUT,110.0,2026-08-07,25894,242,277,185,166.535,REPEATEDHITS,True,False,False,0,25894,36369018331.0,36,BID,LONG,0.5
COIN,2026-07-02 15:16:49.912901+00:00,CALL,220.0,2026-07-24,72618,637,654,143,166.02,REPEATEDHITS,False,False,False,0,72618,36369018331.0,22,BID,SHORT,0.5
COIN,2026-07-02 15:07:12.845690+00:00,PUT,152.5,2026-07-31,73735,93,93,0,165.4,REPEATEDHITSDESCENDINGFILL,False,False,False,42135,31600,36369018331.0,29,ASK,SHORT,1.0
COIN,2026-07-02 14:53:25.243923+00:00,PUT,170.0,2026-07-02,84000,200,2566,136,166.47,REPEATEDHITS,False,False,False,84000,0,36369018331.0,0,ASK,SHORT,1.0
COIN,2026-07-02 14:28:50.793503+00:00,PUT,170.0,2026-07-02,85205,240,2176,136,167.55,REPEATEDHITSDESCENDINGFILL,True,False,False,14560,70645,36369018331.0,0,BID,LONG,0.5
COIN,2026-07-02 14:28:27.136288+00:00,PUT,167.5,2026-07-02,183183,793,3399,41,167.06,REPEATEDHITS,True,False,False,183183,0,36369018331.0,0,ASK,SHORT,1.0
COIN,2026-07-02 14:27:19.963650+00:00,PUT,167.5,2026-07-02,15896,77,2575,41,167.605,REPEATEDHITSDESCENDINGFILL,True,False,False,9109,6787,36369018331.0,0,ASK,SHORT,1.0
COIN,2026-07-01 17:56:45.576768+00:00,PUT,165.0,2026-07-02,205000,500,791,165,163.2,REPEATEDHITS,False,False,False,205000,0,36369018331.0,1,ASK,SHORT,1.0
COIN,2026-07-01 16:10:30.501023+00:00,PUT,162.5,2026-07-02,62160,210,384,166,162.94,REPEATEDHITS,True,False,False,0,62160,36369018331.0,1,BID,LONG,0.5
COIN,2026-07-01 15:43:54.993921+00:00,CALL,170.0,2026-07-10,352000,800,3095,668,162.54,REPEATEDHITS,True,False,False,352000,0,36369018331.0,9,ASK,LONG,1.0
COIN,2026-07-01 15:13:09.207575+00:00,CALL,165.0,2026-07-24,259295,254,311,188,160.89,REPEATEDHITSASCENDINGFILL,False,False,False,44075,215220,36369018331.0,23,BID,SHORT,0.5
COIN,2026-07-01 14:01:26.914296+00:00,CALL,145.0,2026-08-07,44210,22,34,17,153.695,REPEATEDHITSASCENDINGFILL,False,False,False,20150,24060,36369018331.0,37,BID,SHORT,0.5
COIN,2026-07-01 14:01:26.914296+00:00,CALL,165.0,2026-08-07,22645,21,22,11,153.69,REPEATEDHITSDESCENDINGFILL,False,False,False,14040,8605,36369018331.0,37,ASK,LONG,1.0
COIN,2026-06-30 19:09:16.376537+00:00,PUT,127.0,2026-07-10,21756,196,314,113,145.8999,REPEATEDHITS,False,False,False,0,21756,36369018331.0,10,BID,LONG,0.5
COIN,2026-06-30 19:08:03.860158+00:00,CALL,142.0,2026-07-02,50399,90,102,46,145.27,REPEATEDHITS,True,False,False,50399,0,36369018331.0,2,ASK,LONG,1.0
COIN,2026-06-30 17:56:18.828817+00:00,CALL,170.0,2026-10-16,604342,395,436,102,144.36,REPEATEDHITS,False,False,False,604342,0,36369018331.0,108,ASK,LONG,1.0
COIN,2026-06-30 15:58:04.644617+00:00,CALL,149.0,2026-07-10,30476,60,77,37,144.87,REPEATEDHITSASCENDINGFILL,False,False,False,0,30476,36369018331.0,10,BID,SHORT,0.5
COIN,2026-06-30 15:21:07.260808+00:00,CALL,141.0,2026-07-02,160500,300,618,5,143.73,REPEATEDHITS,False,False,False,160500,0,36369018331.0,2,ASK,LONG,1.0
COIN,2026-06-30 15:13:52.297458+00:00,CALL,147.0,2026-07-10,75900,138,215,72,143.68,REPEATEDHITS,False,False,False,62150,13750,36369018331.0,10,ASK,LONG,1.0
COIN,2026-06-30 14:48:51.732762+00:00,PUT,144.0,2026-07-10,29440,46,68,26,144.56,REPEATEDHITS,False,False,False,28800,640,36369018331.0,10,ASK,SHORT,1.0
COIN,2026-06-30 14:47:02.566600+00:00,PUT,142.0,2026-07-10,372666,738,750,26,145.28,REPEATEDHITSDESCENDINGFILL,False,False,False,372166,500,36369018331.0,10,ASK,SHORT,1.0
COIN,2026-06-30 13:44:51.106536+00:00,PUT,139.0,2026-07-02,62592,384,457,286,145.21,REPEATEDHITS,False,False,False,62592,0,36369018331.0,2,ASK,SHORT,1.0
COIN,2026-06-30 13:39:25.997558+00:00,CALL,150.0,2026-07-17,518372,715,763,341,145.295,REPEATEDHITS,True,False,False,518372,0,36369018331.0,17,ASK,LONG,1.0
COIN,2026-06-29 15:34:53.130161+00:00,PUT,127.0,2026-07-10,15448,135,136,20,147.94,REPEATEDHITSDESCENDINGFILL,True,False,False,7938,7510,36369018331.0,11,ASK,SHORT,1.0
COIN,2026-06-29 13:32:56.711834+00:00,CALL,220.0,2027-12-17,992000,256,736,228,150.9,REPEATEDHITS,False,False,False,608375,228625,36369018331.0,536,ASK,LONG,1.0
COIN,2026-06-29 13:32:16.291701+00:00,CALL,220.0,2027-12-17,1580000,400,400,228,152.175,REPEATEDHITS,False,False,False,790000,0,36369018331.0,536,ASK,LONG,1.0
COIN,2026-06-26 19:54:18.256409+00:00,CALL,148.0,2026-07-10,81023,111,251,19,146.64,REPEATEDHITS,True,False,False,81023,0,36369018331.0,14,ASK,LONG,1.0
COIN,2026-06-26 19:47:05.332082+00:00,PUT,148.0,2026-07-10,20295,27,38,9,148.03,REPEATEDHITSASCENDINGFILL,True,False,False,1520,18775,36369018331.0,14,BID,LONG,0.5
COIN,2026-06-26 19:47:05.332082+00:00,PUT,146.0,2026-07-10,19125,29,52,4,148.03,REPEATEDHITSASCENDINGFILL,True,False,False,7930,11195,36369018331.0,14,BID,LONG,0.5
COIN,2026-06-26 19:47:05.332082+00:00,PUT,147.0,2026-07-10,10595,15,24,2,148.03,REPEATEDHITS,True,False,False,2135,4935,36369018331.0,14,BID,LONG,0.5
COIN,2026-06-26 19:47:05.332082+00:00,PUT,147.0,2026-07-10,12025,17,41,2,148.03,REPEATEDHITSASCENDINGFILL,False,False,False,715,11310,36369018331.0,14,BID,LONG,0.5
COST,2026-07-08 14:26:39.303351+00:00,CALL,960.0,2026-07-24,152285,70,74,54,961.75,REPEATEDHITSASCENDINGFILL,True,False,False,59400,92885,420196166790.0,16,BID,SHORT,0.5
COST,2026-07-07 16:37:35.355467+00:00,CALL,960.0,2026-08-07,234865,107,141,36,949.25,REPEATEDHITS,False,False,False,0,0,420196166790.0,31,MIXED,,0.0
COST,2026-07-07 16:18:44.183706+00:00,PUT,932.5,2026-07-24,282815,247,255,0,948.83,REPEATEDHITS,False,False,False,282815,0,420196166790.0,17,ASK,SHORT,1.0
COST,2026-07-07 15:01:35.586118+00:00,CALL,1005.0,2026-07-31,124020,156,173,41,959.44,REPEATEDHITS,False,False,False,124020,0,420196166790.0,24,ASK,LONG,1.0
COST,2026-07-07 14:23:33.782196+00:00,CALL,1010.0,2026-10-16,425580,123,124,81,965.22,REPEATEDHITS,False,False,False,425580,0,420196166790.0,101,ASK,LONG,1.0
COST,2026-07-07 14:11:17.213528+00:00,PUT,945.0,2026-07-10,143451,483,497,348,964.51,REPEATEDHITS,False,False,False,0,143451,420196166790.0,3,BID,LONG,0.5
COST,2026-07-06 16:55:41.012649+00:00,PUT,870.0,2026-08-14,56160,117,126,0,945.3999,REPEATEDHITS,False,False,False,0,56160,420196166790.0,39,BID,LONG,0.5
COST,2026-07-06 16:20:17.184795+00:00,CALL,990.0,2026-07-31,73915,93,100,87,942.56,REPEATEDHITSDESCENDINGFILL,False,False,False,73135,780,420196166790.0,25,ASK,LONG,1.0
COST,2026-07-06 15:28:35.423169+00:00,PUT,945.0,2026-09-18,50120,14,18,8,942.795,REPEATEDHITS,False,False,False,25060,25060,420196166790.0,74,MIXED,,0.0
COST,2026-07-06 14:54:30.543319+00:00,CALL,955.0,2026-07-10,232399,332,404,320,945.27,REPEATEDHITS,False,False,False,232399,0,420196166790.0,4,ASK,LONG,1.0
COST,2026-07-02 17:11:24.579995+00:00,CALL,990.0,2026-07-31,57000,60,89,22,949.28,REPEATEDHITS,False,False,False,57000,0,420196166790.0,29,ASK,LONG,1.0
COST,2026-07-02 16:26:44.458156+00:00,PUT,915.0,2026-07-17,231128,428,440,427,946.055,REPEATEDHITSASCENDINGFILL,False,False,False,0,231128,420196166790.0,15,BID,LONG,0.5
COST,2026-07-02 15:43:34.900331+00:00,CALL,967.5,2026-07-17,84920,112,119,29,941.555,REPEATEDHITSASCENDINGFILL,False,False,False,1540,83380,420196166790.0,15,BID,SHORT,0.5
COST,2026-07-02 14:37:19.747422+00:00,PUT,940.0,2026-07-24,470880,216,216,78,934.22,REPEATEDHITS,False,False,False,470880,0,420196166790.0,22,ASK,SHORT,1.0
COST,2026-07-02 14:27:55.473158+00:00,CALL,977.5,2026-07-10,60322,483,489,27,933.25,REPEATEDHITSDESCENDINGFILL,True,False,False,17170,43152,420196166790.0,8,BID,SHORT,0.5
COST,2026-07-02 13:37:00.220357+00:00,PUT,905.0,2026-07-17,273763,464,464,193,929.31,REPEATEDHITS,True,False,False,590,273173,420196166790.0,15,BID,LONG,0.5
COST,2026-07-01 15:44:50.258858+00:00,CALL,930.0,2026-09-18,200980,52,82,45,923.73,REPEATEDHITS,False,False,False,197115,0,420196166790.0,79,ASK,LONG,1.0
COST,2026-07-01 13:55:51.545901+00:00,CALL,930.0,2026-07-10,61200,51,56,47,925.745,REPEATEDHITS,True,False,False,61200,0,420196166790.0,9,ASK,LONG,1.0
COST,2026-06-30 19:49:36.993236+00:00,CALL,940.0,2026-10-16,1402956,284,310,12,932.96,REPEATEDHITS,False,False,False,1402956,0,420196166790.0,108,ASK,LONG,1.0
COST,2026-06-29 19:53:18.883101+00:00,CALL,935.0,2026-07-10,155680,72,76,42,945.77,REPEATEDHITSDESCENDINGFILL,True,False,False,92425,63255,420196166790.0,11,ASK,LONG,1.0
COST,2026-06-29 18:42:13.099109+00:00,CALL,957.5,2026-07-02,50570,144,205,23,942.445,REPEATEDHITSDESCENDINGFILL,True,False,False,10850,39720,420196166790.0,3,BID,SHORT,0.5
COST,2026-06-29 17:12:35.927071+00:00,CALL,940.0,2026-07-17,596380,261,264,77,945.935,REPEATEDHITS,False,False,False,596380,0,420196166790.0,18,ASK,LONG,1.0
COST,2026-06-29 16:13:09.623718+00:00,CALL,965.0,2026-09-18,67700,20,24,3,947.31,REPEATEDHITS,False,False,False,0,16925,420196166790.0,81,BID,SHORT,0.5
COST,2026-06-29 15:25:42.059111+00:00,PUT,960.0,2026-07-17,2542640,1451,1475,288,959.5,REPEATEDHITSASCENDINGFILL,True,False,False,2140700,401940,420196166790.0,18,ASK,SHORT,1.0
COST,2026-06-29 13:37:35.355939+00:00,CALL,970.0,2026-07-31,68680,30,35,25,962.0,REPEATEDHITSDESCENDINGFILL,True,False,False,41200,27480,420196166790.0,32,ASK,LONG,1.0
COST,2026-06-29 13:37:35.355939+00:00,CALL,960.0,2026-07-31,120910,43,46,14,962.0,REPEATEDHITSASCENDINGFILL,True,False,False,67200,53710,420196166790.0,32,ASK,LONG,1.0
COST,2026-06-26 15:08:43.501654+00:00,PUT,965.0,2026-09-18,1397667,357,358,0,958.5,REPEATEDHITSASCENDINGFILL,False,False,False,0,1393747,420196166790.0,84,BID,LONG,0.5
COST,2026-06-25 19:26:56.944658+00:00,PUT,920.0,2026-07-24,91980,84,115,48,947.82,REPEATEDHITS,False,False,False,91980,0,420196166790.0,29,ASK,SHORT,1.0
COST,2026-06-25 14:37:57.395575+00:00,CALL,950.0,2026-10-16,1242540,236,247,76,943.51,REPEATEDHITS,False,False,False,1242540,0,420196166790.0,113,ASK,LONG,1.0
COST,2026-06-25 13:41:03.394221+00:00,CALL,925.0,2026-07-02,514490,163,163,29,951.23,REPEATEDHITSASCENDINGFILL,False,False,False,495565,18925,420196166790.0,7,ASK,LONG,1.0
COST,2026-06-24 17:07:15.226439+00:00,CALL,990.0,2026-10-16,505440,117,119,44,960.775,REPEATEDHITS,False,False,False,505440,0,420196166790.0,114,ASK,LONG,1.0
COST,2026-06-24 15:55:32.446209+00:00,CALL,970.0,2027-02-19,125265,15,21,0,961.3425,REPEATEDHITSASCENDINGFILL,False,False,False,0,100200,420196166790.0,240,BID,SHORT,0.5
COST,2026-06-24 13:33:17.947269+00:00,CALL,1075.0,2027-01-15,413720,104,1513,43,963.14,REPEATEDHITSASCENDINGFILL,False,False,False,374570,0,420196166790.0,205,ASK,LONG,1.0
COST,2026-06-24 13:32:49.621883+00:00,CALL,1075.0,2027-01-15,629995,163,1265,43,962.125,REPEATEDHITS,False,False,False,0,247360,420196166790.0,205,BID,SHORT,0.5
COST,2026-06-24 13:32:49.621883+00:00,CALL,1075.0,2027-01-15,405495,105,1370,43,962.125,REPEATEDHITSDESCENDINGFILL,False,False,False,42515,362980,420196166790.0,205,BID,SHORT,0.5
COST,2026-06-24 13:32:43.595209+00:00,CALL,1075.0,2027-01-15,1572025,415,1102,43,961.76,REPEATEDHITSDESCENDINGFILL,True,False,False,7575,344735,420196166790.0,205,BID,SHORT,0.5
COST,2026-06-24 13:32:32.754610+00:00,CALL,1075.0,2027-01-15,170660,46,650,43,962.09,REPEATEDHITS,False,False,False,0,170660,420196166790.0,205,BID,SHORT,0.5
COST,2026-06-24 13:32:15.110163+00:00,CALL,1075.0,2027-01-15,254955,69,588,43,962.475,REPEATEDHITS,False,False,False,0,254955,420196166790.0,205,BID,SHORT,0.5
COST,2026-06-24 13:31:57.241217+00:00,CALL,1075.0,2027-01-15,1070745,289,472,43,963.77,REPEATEDHITS,False,False,False,0,62985,420196166790.0,205,BID,SHORT,0.5
COST,2026-06-24 13:31:47.614799+00:00,CALL,1075.0,2027-01-15,655140,183,183,43,961.32,REPEATEDHITS,False,False,False,0,397380,420196166790.0,205,BID,SHORT,0.5
COST,2026-06-23 15:28:13.114465+00:00,CALL,915.0,2026-08-21,61655,9,10,2,964.84,REPEATEDHITSASCENDINGFILL,True,False,False,27420,34235,420196166790.0,59,BID,SHORT,0.5
COST,2026-06-23 14:17:02.983314+00:00,CALL,1005.0,2026-08-21,69680,41,68,1,953.955,REPEATEDHITSASCENDINGFILL,True,False,False,18755,50925,420196166790.0,59,BID,SHORT,0.5
COST,2026-06-22 14:46:40.331190+00:00,PUT,940.0,2026-10-16,490050,121,319,71,948.465,REPEATEDHITS,False,False,False,490050,0,420196166790.0,116,ASK,SHORT,1.0
COST,2026-06-22 14:42:22.542214+00:00,PUT,940.0,2026-10-16,475600,116,116,71,945.94,REPEATEDHITS,False,False,False,475600,0,420196166790.0,116,ASK,SHORT,1.0
COST,2026-06-18 17:37:04.516797+00:00,PUT,935.0,2026-10-16,1152002,300,466,30,949.95,REPEATEDHITS,False,False,False,0,1152002,420196166790.0,120,BID,LONG,0.5
COST,2026-06-18 17:27:47.704669+00:00,PUT,935.0,2026-10-16,605382,156,160,30,949.6,REPEATEDHITSDESCENDINGFILL,False,False,False,3940,601442,420196166790.0,120,BID,LONG,0.5
COST,2026-06-18 17:21:00.715765+00:00,CALL,965.0,2026-07-10,293475,195,195,30,950.11,REPEATEDHITS,False,False,False,293475,0,420196166790.0,22,ASK,LONG,1.0
COST,2026-06-18 14:42:22.306203+00:00,CALL,955.0,2026-06-18,154000,400,516,53,955.17,REPEATEDHITS,False,False,False,152075,1925,420196166790.0,0,ASK,LONG,1.0
COST,2026-06-18 14:04:26.295865+00:00,CALL,960.0,2026-07-17,537615,253,267,113,951.18,REPEATEDHITSDESCENDINGFILL,False,False,False,537615,0,420196166790.0,29,ASK,LONG,1.0
COST,2026-06-17 19:15:37.072422+00:00,CALL,980.0,2026-07-10,76715,52,87,35,964.35,REPEATEDHITSDESCENDINGFILL,False,False,False,53265,23450,420196166790.0,23,ASK,LONG,1.0
CRWD,2026-07-08 15:53:59.031472+00:00,PUT,168.13,2026-07-10,14310,477,723,107,186.91,REPEATEDHITS,False,False,False,0,14310,197800000000.0,2,BID,LONG,0.5
CRWD,2026-07-08 15:51:05.366869+00:00,CALL,203.75,2026-07-31,23369,43,43,23,186.72,REPEATEDHITSASCENDINGFILL,True,False,False,21194,2175,197800000000.0,23,ASK,LONG,1.0
CRWD,2026-07-08 15:51:05.366869+00:00,CALL,201.25,2026-07-31,15985,26,26,7,186.72,REPEATEDHITS,True,False,False,15380,605,197800000000.0,23,ASK,LONG,1.0
CRWD,2026-07-08 14:33:16.745501+00:00,CALL,203.75,2026-07-10,23296,448,488,377,188.1101,REPEATEDHITS,False,False,False,0,23296,197800000000.0,2,BID,SHORT,0.5
CRWD,2026-07-08 14:08:18.852596+00:00,CALL,300.0,2028-06-16,415995,101,102,80,189.8734,REPEATEDHITSDESCENDINGFILL,False,False,False,206050,209945,197800000000.0,709,BID,SHORT,0.5
CRWD,2026-07-07 18:47:01.087078+00:00,CALL,195.0,2026-07-31,58890,39,42,33,198.34,REPEATEDHITS,True,False,False,0,58890,197800000000.0,24,BID,SHORT,0.5
CRWD,2026-07-07 17:00:02.276203+00:00,CALL,197.5,2026-07-10,162870,267,430,249,198.57,REPEATEDHITS,False,False,False,162870,0,197800000000.0,3,ASK,LONG,1.0
CRWD,2026-07-07 16:20:12.889691+00:00,CALL,207.5,2026-08-21,1952488,1375,1393,552,198.95,REPEATEDHITSDESCENDINGFILL,False,False,False,1952488,0,197800000000.0,45,ASK,LONG,1.0
CRWD,2026-07-07 15:01:03.743568+00:00,CALL,252.5,2026-10-16,86565,87,87,86,196.45,REPEATEDHITS,False,False,False,64675,15920,197800000000.0,101,ASK,LONG,1.0
CRWD,2026-07-07 13:53:50.240110+00:00,PUT,187.5,2026-07-17,693348,1373,1377,1104,195.84,REPEATEDHITSDESCENDINGFILL,False,False,False,693348,0,197800000000.0,10,ASK,SHORT,1.0
CRWD,2026-07-07 13:33:21.671281+00:00,PUT,195.0,2026-11-20,147430,54,54,53,195.85,REPEATEDHITSDESCENDINGFILL,False,False,False,73785,73645,197800000000.0,136,ASK,SHORT,1.0
CRWD,2026-07-06 19:34:09.807447+00:00,PUT,156.25,2026-07-31,17712,144,145,41,199.7496,REPEATEDHITS,False,False,False,0,17712,197800000000.0,25,BID,LONG,0.5
CRWD,2026-07-06 17:34:00.853313+00:00,PUT,170.0,2026-07-31,17512,61,81,45,200.079,REPEATEDHITSDESCENDINGFILL,True,False,False,14063,3449,197800000000.0,25,ASK,SHORT,1.0
CRWD,2026-07-06 17:12:04.843518+00:00,PUT,120.0,2026-10-16,176460,865,870,548,201.78,REPEATEDHITS,True,False,False,0,176460,197800000000.0,102,BID,LONG,0.5
CRWD,2026-07-06 17:10:26.550372+00:00,PUT,191.25,2026-07-10,56347,267,1962,91,201.6,REPEATEDHITS,True,False,False,1065,55282,197800000000.0,4,BID,LONG,0.5
CRWD,2026-07-06 17:10:13.537113+00:00,PUT,191.25,2026-07-10,69582,327,1663,91,201.6,REPEATEDHITSASCENDINGFILL,True,False,False,0,69582,197800000000.0,4,BID,LONG,0.5
CRWD,2026-07-06 16:56:30.306230+00:00,PUT,188.75,2026-07-17,180810,441,488,168,200.34,REPEATEDHITS,True,False,False,180400,410,197800000000.0,11,ASK,SHORT,1.0
CRWD,2026-07-06 16:01:31.672218+00:00,PUT,190.0,2026-10-16,235461,122,201,78,203.06,REPEATEDHITS,False,False,False,7720,227741,197800000000.0,102,BID,LONG,0.5
CRWD,2026-07-06 14:53:03.623001+00:00,PUT,182.5,2028-06-16,66360,14,14,4,205.66,REPEATEDHITS,False,False,False,61620,4740,197800000000.0,711,ASK,SHORT,1.0
CRWD,2026-07-06 14:38:43.811594+00:00,PUT,207.5,2026-08-21,90630,51,66,43,207.81,REPEATEDHITSASCENDINGFILL,True,False,False,53280,37350,197800000000.0,46,ASK,SHORT,1.0
CRWD,2026-07-06 14:34:34.941614+00:00,PUT,225.0,2027-06-17,33330,6,7,0,207.9,REPEATEDHITS,False,False,False,33330,0,197800000000.0,346,ASK,SHORT,1.0
CRWD,2026-07-06 13:59:46.445433+00:00,CALL,290.0,2026-10-16,690760,973,1210,158,206.56,REPEATEDHITSDESCENDINGFILL,False,False,False,689340,1420,197800000000.0,102,ASK,LONG,1.0
CRWD,2026-07-06 13:51:26.246901+00:00,CALL,247.5,2026-11-20,186390,101,101,28,206.75,REPEATEDHITSDESCENDINGFILL,True,False,False,114275,72115,197800000000.0,137,ASK,LONG,1.0
CRWD,2026-07-06 13:37:55.448344+00:00,PUT,191.25,2026-07-10,30678,114,456,91,201.05,REPEATEDHITSASCENDINGFILL,False,False,False,30678,0,197800000000.0,4,ASK,SHORT,1.0
CRWD,2026-07-02 19:52:43.829972+00:00,CALL,177.5,2026-07-02,65000,40,60,0,193.71,REPEATEDHITS,False,False,False,0,65000,197800000000.0,0,BID,SHORT,0.5
CRWD,2026-07-02 18:42:53.145899+00:00,CALL,247.5,2027-03-19,97376,39,44,0,196.86,REPEATEDHITSASCENDINGFILL,False,False,False,84975,12401,197800000000.0,260,ASK,LONG,1.0
CRWD,2026-07-02 18:29:11.470895+00:00,PUT,185.0,2026-07-31,62760,82,90,0,195.69,REPEATEDHITS,True,False,False,31290,31470,197800000000.0,29,BID,LONG,0.5
CRWD,2026-07-02 16:02:25.696582+00:00,PUT,210.0,2026-07-10,110635,64,117,0,194.3,REPEATEDHITSDESCENDINGFILL,True,False,False,20760,89875,197800000000.0,8,BID,LONG,0.5
CRWD,2026-07-02 15:36:29.984067+00:00,CALL,198.75,2026-07-02,83588,916,1545,0,196.85,REPEATEDHITSASCENDINGFILL,False,False,False,63296,20292,197800000000.0,0,ASK,LONG,1.0
CRWD,2026-07-02 15:27:29.844434+00:00,CALL,200.0,2026-07-17,120555,141,1799,16,197.8895,REPEATEDHITS,True,False,False,120555,0,197800000000.0,15,ASK,LONG,1.0
CRWD,2026-07-02 15:11:53.500394+00:00,CALL,207.5,2026-07-17,56860,97,158,0,198.56,REPEATEDHITSASCENDINGFILL,True,False,False,32980,23880,197800000000.0,15,ASK,LONG,1.0
CRWD,2026-07-02 14:51:06.840154+00:00,PUT,190.0,2026-07-10,176400,441,2089,0,198.13,REPEATEDHITS,True,False,False,0,176400,197800000000.0,8,BID,LONG,0.5
CRWD,2026-07-02 14:46:07.412823+00:00,CALL,195.0,2026-07-10,70775,95,142,0,196.09,REPEATEDHITS,False,False,False,70030,745,197800000000.0,8,ASK,LONG,1.0
CRWD,2026-07-02 14:22:12.436275+00:00,CALL,200.0,2026-07-17,290720,316,463,16,199.17,REPEATEDHITS,False,False,False,290720,0,197800000000.0,15,ASK,LONG,1.0
CRWD,2026-07-02 14:12:28.969816+00:00,PUT,185.0,2026-07-02,84282,3831,10606,0,198.245,REPEATEDHITS,False,False,False,0,84282,197800000000.0,0,BID,LONG,0.5
CRWD,2026-07-02 14:08:12.541231+00:00,PUT,190.0,2026-07-10,419955,1120,1141,0,196.92,REPEATEDHITSDESCENDINGFILL,False,False,False,5625,414330,197800000000.0,8,BID,LONG,0.5
CRWD,2026-07-02 13:56:07.100910+00:00,CALL,207.5,2026-07-10,63860,206,206,0,198.72,REPEATEDHITS,False,False,False,63860,0,197800000000.0,8,ASK,LONG,1.0
CRWD,2026-07-02 13:54:04.937216+00:00,PUT,185.0,2026-08-07,123120,144,144,0,196.68,REPEATEDHITS,False,False,False,100890,22230,197800000000.0,36,ASK,SHORT,1.0
CRWD,2026-07-01 19:33:48.637820+00:00,PUT,470.0,2026-10-16,204133,274,301,77,769.9,REPEATEDHITSASCENDINGFILL,True,False,False,0,203388,197800000000.0,107,BID,LONG,0.5
CRWD,2026-07-01 19:03:08.296831+00:00,PUT,695.0,2026-07-17,96482,96,101,11,765.72,REPEATEDHITS,False,False,False,0,96482,197800000000.0,16,BID,LONG,0.5
CRWD,2026-07-01 18:24:24.695376+00:00,CALL,840.0,2026-07-24,355300,187,189,39,770.565,REPEATEDHITS,False,False,False,355300,0,197800000000.0,23,ASK,LONG,1.0
CRWD,2026-07-01 15:58:11.006714+00:00,CALL,815.0,2026-07-24,174370,53,62,7,785.24,REPEATEDHITS,False,False,False,171080,3290,197800000000.0,23,ASK,LONG,1.0
CRWD,2026-07-01 15:40:38.891676+00:00,CALL,900.0,2026-08-21,737280,256,261,244,781.0,REPEATEDHITS,False,False,False,737280,0,197800000000.0,51,ASK,LONG,1.0
CRWD,2026-07-01 14:32:58.151179+00:00,PUT,775.0,2026-07-02,101200,92,221,6,776.51,REPEATEDHITS,True,False,False,0,101200,197800000000.0,1,BID,LONG,0.5
CRWD,2026-07-01 13:56:32.803351+00:00,PUT,775.0,2026-07-02,51045,42,52,6,776.76,REPEATEDHITSASCENDINGFILL,True,False,False,1240,49805,197800000000.0,1,BID,LONG,0.5
CRWD,2026-06-30 19:35:37.460795+00:00,PUT,800.0,2026-07-02,138600,33,55,7,760.685,REPEATEDHITS,False,False,False,0,138600,197800000000.0,2,BID,LONG,0.5
CRWD,2026-06-30 18:04:57.822669+00:00,CALL,1000.0,2026-09-18,164500,70,75,52,758.475,REPEATEDHITS,False,False,False,141000,0,197800000000.0,80,ASK,LONG,1.0
CRWD,2026-06-30 16:56:35.447161+00:00,CALL,1160.0,2026-08-21,50240,157,161,97,763.68,REPEATEDHITS,False,False,False,0,50240,197800000000.0,52,BID,SHORT,0.5
CRWD,2026-06-30 15:29:22.673691+00:00,CALL,735.0,2026-07-24,62050,10,10,9,764.72,REPEATEDHITS,True,False,False,62050,0,197800000000.0,24,ASK,LONG,1.0
CRWD,2026-06-30 15:15:47.845996+00:00,CALL,800.0,2026-07-31,279450,81,85,60,758.3269,REPEATEDHITS,False,False,False,279450,0,197800000000.0,31,ASK,LONG,1.0
CSCO,2026-07-08 15:24:33.581327+00:00,PUT,108.0,2026-07-24,111202,611,611,144,112.52,REPEATEDHITS,False,False,False,111202,0,440612981200.0,16,ASK,SHORT,1.0
CSCO,2026-07-07 19:54:52.738140+00:00,PUT,105.0,2027-06-17,194600,152,152,102,111.725,REPEATEDHITSASCENDINGFILL,True,False,False,0,194600,440612981200.0,345,BID,LONG,0.5
CSCO,2026-07-02 19:29:03.565001+00:00,CALL,109.0,2026-07-10,97485,229,284,25,112.31,REPEATEDHITSASCENDINGFILL,False,False,False,93660,1275,440612981200.0,8,ASK,LONG,1.0
CSCO,2026-07-02 19:29:03.565001+00:00,CALL,108.0,2026-07-17,50573,85,291,1,112.31,REPEATEDHITS,False,False,False,50573,0,440612981200.0,15,ASK,LONG,1.0
CSCO,2026-07-02 19:28:36.857249+00:00,CALL,109.0,2026-07-17,60180,118,119,2,112.14,REPEATEDHITS,False,False,False,60180,0,440612981200.0,15,ASK,LONG,1.0
CSCO,2026-07-02 19:28:36.857249+00:00,PUT,116.0,2026-07-02,362309,1000,1235,520,112.25,REPEATEDHITSASCENDINGFILL,True,False,False,230505,123164,440612981200.0,0,ASK,SHORT,1.0
CSCO,2026-07-02 19:28:36.857249+00:00,CALL,108.0,2026-07-17,59740,103,104,1,112.14,REPEATEDHITS,False,False,False,59740,0,440612981200.0,15,ASK,LONG,1.0
CSCO,2026-07-02 19:04:29.997702+00:00,PUT,119.0,2026-07-02,513815,764,780,200,112.36,REPEATEDHITSASCENDINGFILL,True,False,False,230175,283640,440612981200.0,0,BID,LONG,0.5
CSCO,2026-07-02 18:43:27.598274+00:00,CALL,113.0,2026-07-17,54167,183,734,71,112.45,REPEATEDHITS,False,False,False,8583,45584,440612981200.0,15,BID,SHORT,0.5
CSCO,2026-07-01 18:48:55.673504+00:00,CALL,119.0,2026-07-17,65373,288,335,264,116.42,REPEATEDHITSDESCENDINGFILL,False,False,False,64695,452,440612981200.0,16,ASK,LONG,1.0
CSCO,2026-07-01 14:01:42.953707+00:00,PUT,115.0,2027-03-19,287864,197,521,147,116.81,REPEATEDHITSDESCENDINGFILL,True,False,False,201989,24695,440612981200.0,261,ASK,SHORT,1.0
CSCO,2026-07-01 14:01:36.739769+00:00,PUT,115.0,2027-03-19,301435,209,209,147,117.05,REPEATEDHITSDESCENDINGFILL,True,False,False,41785,47595,440612981200.0,261,BID,LONG,0.5
CSCO,2026-06-30 19:25:47.629099+00:00,CALL,116.0,2026-07-17,236712,538,567,297,117.56,REPEATEDHITS,False,False,False,236712,0,440612981200.0,17,ASK,LONG,1.0
CSCO,2026-06-30 18:04:38.395660+00:00,CALL,117.0,2026-07-31,116790,229,337,12,117.44,REPEATEDHITS,True,False,False,0,116790,440612981200.0,31,BID,SHORT,0.5
CSCO,2026-06-30 14:13:49.818167+00:00,CALL,121.0,2026-07-17,287025,1075,1078,221,118.92,REPEATEDHITS,False,False,False,287025,0,440612981200.0,17,ASK,LONG,1.0
CSCO,2026-06-29 19:15:44.871583+00:00,PUT,117.0,2026-07-17,214540,631,635,429,117.76,REPEATEDHITS,False,False,False,0,214540,440612981200.0,18,BID,LONG,0.5
CSCO,2026-06-29 16:48:50.409320+00:00,PUT,120.0,2026-07-02,153957,505,515,230,117.82,REPEATEDHITSDESCENDINGFILL,False,False,False,150907,0,440612981200.0,3,ASK,SHORT,1.0
CSCO,2026-06-29 15:40:48.890352+00:00,CALL,118.0,2026-07-02,312915,2178,2367,439,117.215,REPEATEDHITSDESCENDINGFILL,False,False,False,70956,241959,440612981200.0,3,BID,SHORT,0.5
CSCO,2026-06-29 15:40:48.890352+00:00,PUT,117.0,2026-07-02,166911,1021,1277,97,117.215,REPEATEDHITSASCENDINGFILL,True,False,False,40260,126651,440612981200.0,3,BID,LONG,0.5
CSCO,2026-06-29 14:14:15.474192+00:00,PUT,111.0,2026-07-17,124938,631,631,45,115.54,REPEATEDHITS,True,False,False,124938,0,440612981200.0,18,ASK,SHORT,1.0
CSCO,2026-06-26 19:19:47.008497+00:00,PUT,114.0,2026-07-17,210498,679,730,84,115.572,REPEATEDHITS,False,False,False,3100,207398,440612981200.0,21,BID,LONG,0.5
CSCO,2026-06-24 15:22:58.245104+00:00,PUT,122.0,2026-07-02,91200,304,304,80,121.28,REPEATEDHITS,True,False,False,85200,6000,440612981200.0,8,ASK,SHORT,1.0
CSCO,2026-06-24 14:16:40.703675+00:00,CALL,123.0,2026-07-17,163880,482,484,291,120.58,REPEATEDHITS,False,False,False,10880,153000,440612981200.0,23,BID,SHORT,0.5
CSCO,2026-06-23 13:56:54.659063+00:00,PUT,118.0,2026-07-02,120769,544,683,89,119.295,REPEATEDHITS,False,False,False,223,120546,440612981200.0,9,BID,LONG,0.5
CSCO,2026-06-22 16:32:23.440036+00:00,CALL,126.0,2026-07-02,66672,551,567,72,121.04,REPEATEDHITS,False,False,False,121,66429,440612981200.0,10,BID,SHORT,0.5
CSCO,2026-06-22 15:11:01.029011+00:00,CALL,124.0,2026-07-17,61380,198,213,0,120.645,REPEATEDHITS,False,False,False,0,61380,440612981200.0,25,BID,SHORT,0.5
CSCO,2026-06-18 17:08:38.873214+00:00,CALL,119.0,2026-07-02,157450,470,537,74,119.13,REPEATEDHITS,False,False,False,0,157450,440612981200.0,14,BID,SHORT,0.5
CSCO,2026-06-17 18:40:51.463882+00:00,PUT,120.0,2026-06-26,305175,939,1015,395,118.73,REPEATEDHITS,False,False,False,0,305175,440612981200.0,9,BID,LONG,0.5
CSCO,2026-06-16 14:52:18.258903+00:00,PUT,123.0,2026-07-10,52080,84,84,68,119.84,REPEATEDHITS,True,False,False,52080,0,440612981200.0,24,ASK,SHORT,1.0
CSCO,2026-06-15 15:56:44.713890+00:00,PUT,115.0,2027-12-17,96536,49,219,42,120.22,REPEATEDHITSASCENDINGFILL,False,False,False,1970,94566,440612981200.0,550,BID,LONG,0.5
CSCO,2026-06-15 15:31:13.216885+00:00,PUT,115.0,2027-12-17,93665,47,65,42,120.02,REPEATEDHITSASCENDINGFILL,True,False,False,65795,27870,440612981200.0,550,ASK,SHORT,1.0
CSCO,2026-06-12 17:56:42.426371+00:00,CALL,126.0,2026-06-26,71712,432,473,121,121.3,REPEATEDHITS,False,False,False,0,71712,440612981200.0,14,BID,SHORT,0.5
CSCO,2026-06-11 14:47:08.047239+00:00,CALL,155.0,2027-03-19,259120,328,328,108,118.105,REPEATEDHITS,False,False,False,0,45820,440612981200.0,281,BID,SHORT,0.5
CSCO,2026-06-11 14:47:08.047239+00:00,CALL,155.0,2027-03-19,114550,145,473,108,118.14,REPEATEDHITS,False,False,False,114550,0,440612981200.0,281,ASK,LONG,1.0
CSCO,2026-06-10 18:09:57.829952+00:00,CALL,140.0,2026-10-16,946088,1752,1755,587,119.865,REPEATEDHITS,False,False,False,0,946088,440612981200.0,128,BID,SHORT,0.5
CSCO,2026-06-04 14:38:21.596840+00:00,PUT,126.0,2026-06-18,298815,830,865,141,126.38,REPEATEDHITSASCENDINGFILL,False,False,False,0,298815,440612981200.0,14,BID,LONG,0.5
CSCO,2026-06-03 19:04:58.313857+00:00,PUT,135.0,2026-08-21,116760,85,137,13,129.375,REPEATEDHITSDESCENDINGFILL,True,False,False,19250,94760,440612981200.0,79,BID,LONG,0.5
CSCO,2026-06-03 14:43:46.694595+00:00,PUT,119.0,2026-06-18,139271,1151,1183,1003,127.36,REPEATEDHITS,False,False,False,35574,103697,440612981200.0,15,BID,LONG,0.5
CSCO,2026-06-02 19:52:59.001559+00:00,CALL,180.0,2026-10-16,116000,464,803,22,128.14,REPEATEDHITS,True,False,False,0,116000,440612981200.0,136,BID,SHORT,0.5
CSCO,2026-06-02 19:52:46.787114+00:00,CALL,132.0,2026-06-05,59166,519,1084,65,128.08,REPEATEDHITS,False,False,False,59166,0,440612981200.0,3,ASK,LONG,1.0
CSCO,2026-06-02 15:46:14.058061+00:00,PUT,125.0,2026-06-12,52590,181,870,11,127.14,REPEATEDHITSASCENDINGFILL,True,False,False,52590,0,440612981200.0,10,ASK,SHORT,1.0
CSCO,2026-06-02 15:12:17.028333+00:00,CALL,127.0,2026-06-12,52820,122,380,39,127.46,REPEATEDHITSASCENDINGFILL,True,False,False,36050,4300,440612981200.0,10,ASK,LONG,1.0
CSCO,2026-06-01 17:25:23.230854+00:00,PUT,110.0,2026-10-16,809486,1140,1165,382,120.43,REPEATEDHITSASCENDINGFILL,False,False,False,3560,805926,440612981200.0,137,BID,LONG,0.5
CSCO,2026-06-01 17:17:21.533791+00:00,CALL,124.0,2026-06-12,71100,300,320,143,120.38,REPEATEDHITS,False,False,False,71100,0,440612981200.0,11,ASK,LONG,1.0
CSCO,2026-05-28 19:52:36.346744+00:00,CALL,180.0,2027-01-15,327238,1249,1251,12,119.28,REPEATEDHITS,False,False,False,327238,0,440612981200.0,232,ASK,LONG,1.0
CSCO,2026-05-28 15:26:54.742171+00:00,PUT,118.0,2026-06-12,113652,396,400,97,119.24,REPEATEDHITS,False,False,False,0,113652,440612981200.0,15,BID,LONG,0.5
CSCO,2026-05-27 15:10:54.440982+00:00,PUT,118.0,2026-06-05,144648,574,737,248,119.56,REPEATEDHITS,False,False,False,0,133056,440612981200.0,9,BID,LONG,0.5
CSCO,2026-05-27 15:01:05.899882+00:00,PUT,130.0,2026-12-18,100000,50,50,27,119.44,REPEATEDHITS,True,False,False,2000,98000,440612981200.0,205,BID,LONG,0.5
CSCO,2026-05-26 19:58:27.495924+00:00,PUT,116.0,2026-05-29,57401,586,1251,329,118.31,REPEATEDHITSDESCENDINGFILL,True,False,False,56931,470,440612981200.0,3,ASK,SHORT,1.0
CSCO,2026-05-26 19:32:17.941446+00:00,CALL,122.0,2026-06-05,128631,809,882,154,117.9,REPEATEDHITS,False,False,False,113208,15423,440612981200.0,10,ASK,LONG,1.0
CVNA,2026-07-08 15:43:08.743606+00:00,PUT,34.0,2026-11-20,136906,889,889,576,64.07,REPEATEDHITS,True,False,False,114884,16170,48342303104.0,135,ASK,SHORT,1.0
CVNA,2026-07-08 13:41:57.252889+00:00,PUT,45.0,2026-09-18,197100,1095,1095,645,66.32,REPEATEDHITS,False,False,False,197100,0,48342303104.0,72,ASK,SHORT,1.0
CVNA,2026-07-07 19:34:29.827214+00:00,PUT,64.5,2026-07-10,87885,651,691,299,66.11,REPEATEDHITS,False,False,False,87885,0,48342303104.0,3,ASK,SHORT,1.0
CVNA,2026-07-07 19:30:54.877643+00:00,PUT,65.5,2026-07-17,124000,400,414,126,66.41,REPEATEDHITS,True,False,False,124000,0,48342303104.0,10,ASK,SHORT,1.0
CVNA,2026-07-07 19:30:29.987212+00:00,PUT,44.0,2026-09-18,584378,3922,14434,3545,66.27,REPEATEDHITS,False,False,False,584378,0,48342303104.0,73,ASK,SHORT,1.0
CVNA,2026-07-07 19:26:06.763171+00:00,PUT,45.0,2026-08-21,55196,575,575,277,67.27,REPEATEDHITS,False,False,False,55196,0,48342303104.0,45,ASK,SHORT,1.0
CVNA,2026-07-07 18:04:34.039779+00:00,PUT,71.0,2026-07-17,67150,170,187,68,69.735,REPEATEDHITS,False,False,False,0,67150,48342303104.0,10,BID,LONG,0.5
CVNA,2026-07-06 19:21:45.196185+00:00,CALL,73.0,2026-07-17,11270,46,2108,45,70.34,REPEATEDHITS,False,False,False,11270,0,48342303104.0,11,ASK,LONG,1.0
CVNA,2026-07-06 19:08:30.149478+00:00,CALL,73.0,2026-07-17,85416,338,1176,45,70.51,REPEATEDHITSASCENDINGFILL,False,False,False,10373,75043,48342303104.0,11,BID,SHORT,0.5
CVNA,2026-07-06 19:08:26.744509+00:00,CALL,73.0,2026-07-17,47918,194,586,45,70.415,REPEATEDHITS,True,False,False,11609,24700,48342303104.0,11,BID,SHORT,0.5
CVNA,2026-07-06 19:08:26.744509+00:00,CALL,73.0,2026-07-17,60500,242,828,45,70.465,REPEATEDHITS,True,False,False,31750,28750,48342303104.0,11,ASK,LONG,1.0
CVNA,2026-07-06 19:08:00.503110+00:00,CALL,73.0,2026-07-17,18446,74,94,45,70.48,REPEATEDHITSASCENDINGFILL,False,False,False,1265,17181,48342303104.0,11,BID,SHORT,0.5
CVNA,2026-07-06 19:08:00.503110+00:00,CALL,73.0,2026-07-17,70280,280,374,45,70.5,REPEATEDHITS,True,False,False,31626,13554,48342303104.0,11,ASK,LONG,1.0
CVNA,2026-07-06 17:07:10.929073+00:00,CALL,75.0,2026-07-24,28795,103,138,47,70.4795,REPEATEDHITS,False,False,False,24640,4155,48342303104.0,18,ASK,LONG,1.0
CVNA,2026-07-06 16:32:09.714165+00:00,CALL,73.0,2026-07-24,30373,81,2094,22,70.4799,REPEATEDHITSDESCENDINGFILL,True,False,False,23623,3375,48342303104.0,18,ASK,LONG,1.0
CVNA,2026-07-06 16:08:47.078025+00:00,CALL,67.5,2026-07-24,21875,35,35,0,70.59,REPEATEDHITS,False,False,False,625,21250,48342303104.0,18,BID,SHORT,0.5
CVNA,2026-07-06 16:06:50.522291+00:00,PUT,62.0,2026-09-18,571387,1078,1081,436,70.41,REPEATEDHITSASCENDINGFILL,False,False,False,0,571387,48342303104.0,74,BID,LONG,0.5
CVNA,2026-07-06 15:42:11.282373+00:00,PUT,68.5,2026-07-17,26344,89,150,9,69.55,REPEATEDHITS,False,False,False,0,26344,48342303104.0,11,BID,LONG,0.5
CVNA,2026-07-06 14:56:22.101926+00:00,PUT,55.0,2026-09-18,429538,1245,1245,334,68.83,REPEATEDHITSASCENDINGFILL,False,False,False,0,429538,48342303104.0,74,BID,LONG,0.5
CVNA,2026-07-01 19:22:14.076877+00:00,PUT,66.0,2026-07-10,19983,111,156,52,68.505,REPEATEDHITS,False,False,False,0,19440,48342303104.0,9,BID,LONG,0.5
CVNA,2026-07-01 19:09:11.138465+00:00,PUT,69.0,2026-07-02,12506,74,380,73,68.045,REPEATEDHITS,True,False,False,0,12506,48342303104.0,1,BID,LONG,0.5
CVNA,2026-07-01 18:56:54.847598+00:00,CALL,67.0,2026-07-24,26320,47,47,24,68.25,REPEATEDHITS,False,False,False,0,26320,48342303104.0,23,BID,SHORT,0.5
CVNA,2026-07-01 16:52:53.653553+00:00,CALL,70.5,2026-07-02,12500,100,229,72,70.455,REPEATEDHITS,False,False,False,0,12500,48342303104.0,1,BID,SHORT,0.5
CVNA,2026-07-01 16:36:47.342987+00:00,PUT,70.0,2026-07-02,40850,430,769,244,70.67,REPEATEDHITS,False,False,False,0,40850,48342303104.0,1,BID,LONG,0.5
CVNA,2026-07-01 15:21:53.821437+00:00,PUT,68.0,2026-07-02,25988,356,452,212,69.48,REPEATEDHITS,False,False,False,0,25988,48342303104.0,1,BID,LONG,0.5
CVNA,2026-06-30 19:20:04.459139+00:00,CALL,66.0,2026-07-10,52796,197,224,141,65.22,REPEATEDHITS,False,False,False,0,52796,48342303104.0,10,BID,SHORT,0.5
CVNA,2026-06-30 15:11:14.276605+00:00,PUT,61.0,2026-07-17,13330,43,131,13,62.63,REPEATEDHITS,True,False,False,0,13330,48342303104.0,17,BID,LONG,0.5
CVNA,2026-06-30 15:10:56.054611+00:00,PUT,61.0,2026-07-17,10850,35,65,13,62.595,REPEATEDHITS,True,False,False,0,10850,48342303104.0,17,BID,LONG,0.5
CVNA,2026-06-29 16:01:35.423076+00:00,PUT,62.0,2026-07-24,39010,94,1073,41,63.66,REPEATEDHITS,True,False,False,7470,31540,48342303104.0,25,BID,LONG,0.5
CVNA,2026-06-29 15:52:59.003575+00:00,PUT,62.0,2026-07-24,46740,114,846,41,63.855,REPEATEDHITS,False,False,False,12300,34440,48342303104.0,25,BID,LONG,0.5
CVNA,2026-06-29 15:47:40.008723+00:00,PUT,62.0,2026-07-24,32785,79,466,41,63.69,REPEATEDHITS,True,False,False,27805,4980,48342303104.0,25,ASK,SHORT,1.0
CVNA,2026-06-29 15:12:33.554371+00:00,CALL,63.0,2026-07-17,34155,69,69,23,64.36,REPEATEDHITS,True,False,False,0,34155,48342303104.0,18,BID,SHORT,0.5
CVNA,2026-06-26 19:48:49.271062+00:00,PUT,62.0,2026-06-26,21150,1175,1566,1005,62.06,REPEATEDHITS,True,False,False,0,21150,48342303104.0,0,BID,LONG,0.5
CVNA,2026-06-26 18:44:21.545826+00:00,CALL,105.0,2028-01-21,187220,148,148,1,63.57,REPEATEDHITS,True,False,False,187220,0,48342303104.0,574,ASK,LONG,1.0
CVNA,2026-06-26 18:03:53.233295+00:00,CALL,61.0,2026-07-10,12250,25,28,0,63.4701,REPEATEDHITS,False,False,False,12250,0,48342303104.0,14,ASK,LONG,1.0
CVNA,2026-06-26 17:34:50.871062+00:00,PUT,65.5,2026-07-02,18150,55,84,42,63.61,REPEATEDHITS,True,False,False,0,18150,48342303104.0,6,BID,LONG,0.5
CVNA,2026-06-25 17:52:02.183429+00:00,PUT,69.5,2026-07-17,15750,25,78,2,66.33,REPEATEDHITS,False,False,False,3150,6300,48342303104.0,22,BID,LONG,0.5
CVNA,2026-06-25 16:45:44.032430+00:00,CALL,68.0,2026-06-26,50460,580,700,329,67.12,REPEATEDHITS,False,False,False,0,50460,48342303104.0,1,BID,SHORT,0.5
CVNA,2026-06-25 16:18:07.857129+00:00,PUT,69.5,2026-07-02,17885,49,51,15,67.8,REPEATEDHITS,True,False,False,0,17885,48342303104.0,7,BID,LONG,0.5
CVNA,2026-06-25 15:23:35.061312+00:00,PUT,66.5,2026-07-17,84525,209,1228,66,67.98,REPEATEDHITSASCENDINGFILL,False,False,False,74925,9600,48342303104.0,22,ASK,SHORT,1.0
CVNA,2026-06-25 15:10:26.384340+00:00,CALL,69.5,2026-07-17,226195,545,546,71,68.1,REPEATEDHITS,True,False,False,0,226195,48342303104.0,22,BID,SHORT,0.5
CVNA,2026-06-24 19:55:48.967697+00:00,PUT,40.0,2026-07-31,12800,200,202,108,67.525,REPEATEDHITS,False,False,False,12800,0,48342303104.0,37,ASK,SHORT,1.0
CVNA,2026-06-24 19:29:08.969059+00:00,CALL,66.5,2026-06-26,91430,446,638,293,67.09,REPEATEDHITS,False,False,False,0,91430,48342303104.0,2,BID,SHORT,0.5
CVNA,2026-06-24 18:15:11.565815+00:00,PUT,66.0,2026-07-31,16380,26,30,10,66.56,REPEATEDHITS,True,False,False,630,15750,48342303104.0,37,BID,LONG,0.5
CVNA,2026-06-24 18:10:59.297774+00:00,PUT,62.0,2026-07-10,18404,86,87,35,66.34,REPEATEDHITS,False,False,False,0,18404,48342303104.0,16,BID,LONG,0.5
CVNA,2026-06-24 18:10:59.297774+00:00,PUT,63.5,2026-07-02,33775,193,696,60,66.34,REPEATEDHITS,False,False,False,0,33775,48342303104.0,8,BID,LONG,0.5
CVNA,2026-06-24 18:10:59.297774+00:00,PUT,62.5,2026-07-17,198020,660,707,22,66.34,REPEATEDHITSASCENDINGFILL,True,False,False,0,198020,48342303104.0,23,BID,LONG,0.5
CVNA,2026-06-24 17:45:03.858176+00:00,PUT,63.0,2026-07-02,36843,197,212,81,65.52,REPEATEDHITS,True,False,False,191,36652,48342303104.0,8,BID,LONG,0.5
CVNA,2026-06-24 17:09:42.707117+00:00,CALL,69.5,2026-07-17,17000,50,62,10,66.1697,REPEATEDHITS,False,False,False,17000,0,48342303104.0,23,ASK,LONG,1.0
CVNA,2026-06-24 16:27:27.546729+00:00,PUT,63.5,2026-07-02,85512,503,503,60,66.45,REPEATEDHITS,False,False,False,342,85170,48342303104.0,8,BID,LONG,0.5
DDOG,2026-07-08 15:24:04.930739+00:00,PUT,265.0,2026-07-10,61665,48,48,27,254.45,REPEATEDHITSDESCENDINGFILL,True,False,False,60385,1280,84959373184.0,2,ASK,SHORT,1.0
DDOG,2026-07-08 14:11:04.757700+00:00,CALL,272.5,2026-07-10,62135,497,497,272,255.065,REPEATEDHITS,True,False,False,1260,60875,84959373184.0,2,BID,SHORT,0.5
DDOG,2026-07-08 13:50:04.087602+00:00,PUT,250.0,2026-07-10,121665,253,262,144,255.46,REPEATEDHITSDESCENDINGFILL,True,False,False,73475,41400,84959373184.0,2,ASK,SHORT,1.0
DDOG,2026-07-07 19:00:45.459035+00:00,CALL,290.0,2026-07-24,153270,262,270,20,262.41,REPEATEDHITS,False,False,False,0,153270,84959373184.0,17,BID,SHORT,0.5
DDOG,2026-07-07 18:37:37.040074+00:00,PUT,225.0,2026-07-17,51566,437,439,286,267.625,REPEATEDHITS,False,False,False,0,51566,84959373184.0,10,BID,LONG,0.5
DDOG,2026-07-07 14:09:48.836451+00:00,PUT,252.5,2026-07-10,239615,521,522,90,258.41,REPEATEDHITSDESCENDINGFILL,True,False,False,239165,450,84959373184.0,3,ASK,SHORT,1.0
DDOG,2026-07-06 15:20:55.999232+00:00,CALL,330.0,2026-08-21,293045,335,336,199,258.85,REPEATEDHITSDESCENDINGFILL,True,False,False,287870,5175,84959373184.0,46,ASK,LONG,1.0
DDOG,2026-07-06 14:32:41.154890+00:00,PUT,242.5,2026-07-31,55005,57,57,6,261.875,REPEATEDHITS,True,False,False,0,55005,84959373184.0,25,BID,LONG,0.5
DDOG,2026-07-02 15:53:17.018089+00:00,CALL,380.0,2026-09-18,142720,223,223,32,260.23,REPEATEDHITS,False,False,False,0,142720,84959373184.0,78,BID,SHORT,0.5
DDOG,2026-07-02 15:15:46.610347+00:00,PUT,247.5,2026-07-31,314992,250,250,7,259.845,REPEATEDHITSDESCENDINGFILL,True,False,False,309957,5035,84959373184.0,29,ASK,SHORT,1.0
DDOG,2026-07-02 15:04:18.139172+00:00,PUT,257.5,2026-07-02,58800,300,375,14,258.36,REPEATEDHITS,True,False,False,30600,28200,84959373184.0,0,ASK,SHORT,1.0
DDOG,2026-07-01 15:40:17.059265+00:00,CALL,275.0,2026-07-24,234855,153,153,3,269.92,REPEATEDHITS,True,False,False,0,234855,84959373184.0,23,BID,SHORT,0.5
DDOG,2026-07-01 14:09:41.971406+00:00,PUT,270.0,2026-09-18,52275,15,15,12,267.73,REPEATEDHITS,True,False,False,0,52275,84959373184.0,79,BID,LONG,0.5
DDOG,2026-07-01 13:44:16.261123+00:00,CALL,360.0,2026-10-16,753370,525,525,0,269.03,REPEATEDHITS,False,False,False,753370,0,84959373184.0,107,ASK,LONG,1.0
DDOG,2026-06-30 19:12:02.552117+00:00,PUT,160.0,2026-09-18,164815,595,596,259,260.1,REPEATEDHITS,False,False,False,0,164815,84959373184.0,80,BID,LONG,0.5
DDOG,2026-06-30 17:48:05.675120+00:00,PUT,290.0,2026-07-31,149955,39,39,3,259.28,REPEATEDHITS,False,False,False,149955,0,84959373184.0,31,ASK,SHORT,1.0
DDOG,2026-06-30 16:56:06.608027+00:00,CALL,325.0,2026-08-07,51335,80,101,21,258.925,REPEATEDHITSDESCENDINGFILL,False,False,False,27530,23805,84959373184.0,38,ASK,LONG,1.0
DDOG,2026-06-30 16:43:48.534092+00:00,CALL,257.5,2026-07-10,416145,359,373,151,259.13,REPEATEDHITSDESCENDINGFILL,True,False,False,416145,0,84959373184.0,10,ASK,LONG,1.0
DDOG,2026-06-30 16:43:01.080471+00:00,CALL,262.5,2026-07-10,179000,200,251,52,257.924,REPEATEDHITS,False,False,False,179000,0,84959373184.0,10,ASK,LONG,1.0
DDOG,2026-06-30 16:23:30.164915+00:00,PUT,150.0,2026-10-16,152707,509,510,11,257.615,REPEATEDHITS,False,False,False,0,152707,84959373184.0,108,BID,LONG,0.5
DDOG,2026-06-30 13:55:19.180204+00:00,PUT,250.0,2026-07-10,54230,60,70,14,252.91,REPEATEDHITSASCENDINGFILL,True,False,False,14600,38725,84959373184.0,10,BID,LONG,0.5
DDOG,2026-06-29 19:54:02.763534+00:00,CALL,255.0,2026-07-31,69400,44,45,0,247.07,REPEATEDHITSDESCENDINGFILL,False,False,False,37920,31480,84959373184.0,32,ASK,LONG,1.0
DDOG,2026-06-29 19:54:02.763534+00:00,CALL,250.0,2026-07-31,89380,50,151,41,247.07,REPEATEDHITSDESCENDINGFILL,False,False,False,44800,44580,84959373184.0,32,ASK,LONG,1.0
DDOG,2026-06-29 19:26:58.565139+00:00,CALL,390.0,2026-12-18,388500,300,301,25,246.77,REPEATEDHITS,False,False,False,151515,0,84959373184.0,172,ASK,LONG,1.0
DDOG,2026-06-29 18:25:56.650625+00:00,PUT,260.0,2026-07-24,117455,49,54,0,246.345,REPEATEDHITSASCENDINGFILL,True,False,False,55315,62140,84959373184.0,25,BID,LONG,0.5
DDOG,2026-06-29 18:20:26.523217+00:00,PUT,232.5,2026-07-17,248640,326,327,14,246.685,REPEATEDHITSDESCENDINGFILL,False,False,False,134640,0,84959373184.0,18,ASK,SHORT,1.0
DDOG,2026-06-29 15:18:53.295956+00:00,CALL,250.0,2026-07-31,82145,43,83,41,248.585,REPEATEDHITS,False,False,False,0,82145,84959373184.0,32,BID,SHORT,0.5
DDOG,2026-06-29 14:40:45.226153+00:00,CALL,247.5,2026-07-02,84920,102,115,36,249.32,REPEATEDHITS,True,False,False,35255,49665,84959373184.0,3,BID,SHORT,0.5
DDOG,2026-06-29 14:25:48.261924+00:00,CALL,300.0,2026-07-31,173900,370,378,166,249.06,REPEATEDHITS,False,False,False,173900,0,84959373184.0,32,ASK,LONG,1.0
DDOG,2026-06-26 19:50:17.026220+00:00,CALL,265.0,2026-08-07,81815,56,59,0,239.66,REPEATEDHITSASCENDINGFILL,True,False,False,39555,42260,84959373184.0,42,BID,SHORT,0.5
DDOG,2026-06-26 19:50:11.004798+00:00,CALL,255.0,2026-07-24,69830,73,73,1,238.575,REPEATEDHITSDESCENDINGFILL,True,False,False,56670,13160,84959373184.0,28,ASK,LONG,1.0
DDOG,2026-06-26 18:53:47.081455+00:00,PUT,217.5,2026-07-17,108679,152,475,147,231.55,REPEATEDHITS,False,False,False,108679,0,84959373184.0,21,ASK,SHORT,1.0
DDOG,2026-06-26 16:00:56.090842+00:00,CALL,245.0,2026-07-17,173895,188,194,16,235.15,REPEATEDHITS,True,False,False,920,172975,84959373184.0,21,BID,SHORT,0.5
DDOG,2026-06-25 19:44:59.180982+00:00,PUT,215.0,2026-06-26,60476,758,806,177,222.9075,REPEATEDHITS,False,False,False,22635,37841,84959373184.0,1,BID,LONG,0.5
DDOG,2026-06-25 19:44:16.937638+00:00,PUT,217.5,2026-06-26,99022,643,1157,116,222.5,REPEATEDHITS,False,False,False,0,99022,84959373184.0,1,BID,LONG,0.5
DDOG,2026-06-25 16:26:44.282424+00:00,PUT,217.5,2026-06-26,90354,407,414,116,220.37,REPEATEDHITS,False,False,False,0,90354,84959373184.0,1,BID,LONG,0.5
DDOG,2026-06-25 15:03:12.300658+00:00,PUT,217.5,2026-07-10,218090,226,226,65,219.52,REPEATEDHITS,False,False,False,218090,0,84959373184.0,15,ASK,SHORT,1.0
DDOG,2026-06-25 14:19:49.821589+00:00,PUT,210.0,2026-07-10,113100,174,174,35,219.59,REPEATEDHITS,False,False,False,0,113100,84959373184.0,15,BID,LONG,0.5
DDOG,2026-06-24 19:00:20.714439+00:00,PUT,230.0,2026-07-24,63765,32,32,3,221.075,REPEATEDHITSDESCENDINGFILL,True,False,False,43815,19950,84959373184.0,30,ASK,SHORT,1.0
DDOG,2026-06-24 18:50:52.895893+00:00,PUT,170.0,2026-10-16,106080,104,104,43,221.44,REPEATEDHITS,False,False,False,106080,0,84959373184.0,114,ASK,SHORT,1.0
DDOG,2026-06-24 17:52:14.171011+00:00,CALL,230.0,2026-07-31,57200,40,147,4,222.33,REPEATEDHITS,False,False,False,41470,15730,84959373184.0,37,ASK,LONG,1.0
DDOG,2026-06-24 14:53:29.832433+00:00,PUT,225.0,2026-07-17,413000,280,280,3,221.6625,REPEATEDHITS,False,False,False,88500,324500,84959373184.0,23,BID,LONG,0.5
DDOG,2026-06-24 14:51:09.034611+00:00,CALL,217.5,2026-07-17,403450,257,374,2,221.405,REPEATEDHITSDESCENDINGFILL,True,False,False,3100,400350,84959373184.0,23,BID,SHORT,0.5
DDOG,2026-06-24 13:47:15.877703+00:00,PUT,205.0,2026-07-17,126450,210,210,8,223.99,REPEATEDHITS,True,False,False,121610,0,84959373184.0,23,ASK,SHORT,1.0
DDOG,2026-06-23 16:44:18.973141+00:00,PUT,215.0,2026-07-17,92635,97,99,2,223.49,REPEATEDHITS,False,False,False,92635,0,84959373184.0,24,ASK,SHORT,1.0
DDOG,2026-06-23 16:05:08.907083+00:00,CALL,217.5,2026-06-26,148741,169,196,65,221.97,REPEATEDHITSASCENDINGFILL,False,False,False,2655,146086,84959373184.0,3,BID,SHORT,0.5
DDOG,2026-06-23 16:05:08.907083+00:00,CALL,212.5,2026-07-02,97352,66,66,43,221.97,REPEATEDHITS,False,False,False,0,97352,84959373184.0,9,BID,SHORT,0.5
DDOG,2026-06-23 16:05:08.907083+00:00,CALL,215.0,2026-07-02,159740,122,133,30,221.97,REPEATEDHITSDESCENDINGFILL,False,False,False,2610,157130,84959373184.0,9,BID,SHORT,0.5
DDOG,2026-06-22 19:02:47.464213+00:00,PUT,185.0,2026-07-24,106560,296,301,7,218.92,REPEATEDHITS,True,False,False,0,106560,84959373184.0,32,BID,LONG,0.5
DDOG,2026-06-22 14:16:38.136956+00:00,CALL,217.5,2026-07-10,83415,51,51,1,224.98,REPEATEDHITS,True,False,False,0,83415,84959373184.0,18,BID,SHORT,0.5
DIA,2026-07-08 14:50:52.737281+00:00,PUT,510.0,2026-08-14,50500,100,104,17,520.87,REPEATEDHITS,False,False,False,16160,25250,528.626076,37,BID,LONG,0.5
DIA,2026-07-07 19:08:56.057082+00:00,PUT,519.0,2026-07-24,16339,72,76,15,527.92,REPEATEDHITS,False,False,False,14982,1357,528.626076,17,ASK,SHORT,1.0
DIA,2026-07-07 18:49:23.452445+00:00,PUT,526.0,2026-07-24,21060,54,57,43,528.65,REPEATEDHITS,False,False,False,21060,0,528.626076,17,ASK,SHORT,1.0
DIA,2026-07-07 18:42:32.611248+00:00,CALL,525.0,2026-09-30,366400,203,250,150,528.615,REPEATEDHITSDESCENDINGFILL,False,False,False,366400,0,528.626076,85,ASK,LONG,1.0
DIA,2026-07-07 18:23:07.163183+00:00,PUT,524.0,2026-07-17,65246,323,368,299,528.67,REPEATEDHITS,False,False,False,0,65246,528.626076,10,BID,LONG,0.5
DIA,2026-07-07 15:15:25.487513+00:00,PUT,520.0,2026-12-18,135150,85,87,56,527.33,REPEATEDHITS,False,False,False,135150,0,528.626076,164,ASK,SHORT,1.0
DIA,2026-07-07 13:42:24.810969+00:00,PUT,530.0,2026-12-18,492270,272,272,124,530.71,REPEATEDHITSASCENDINGFILL,False,False,False,492270,0,528.626076,164,ASK,SHORT,1.0
DIA,2026-07-07 13:37:09.169671+00:00,PUT,526.0,2026-07-17,183180,852,857,381,531.27,REPEATEDHITS,False,False,False,0,183180,528.626076,10,BID,LONG,0.5
DIA,2026-07-06 16:56:39.514691+00:00,CALL,532.0,2026-07-10,49532,406,3424,99,528.42,REPEATEDHITS,False,False,False,732,48800,528.626076,4,BID,SHORT,0.5
DIA,2026-07-06 16:37:04.858899+00:00,PUT,528.0,2026-07-10,12050,50,411,46,528.06,REPEATEDHITS,False,False,False,12050,0,528.626076,4,ASK,SHORT,1.0
DIA,2026-07-06 14:15:12.424642+00:00,CALL,535.0,2026-07-10,25738,757,825,352,526.9,REPEATEDHITS,False,False,False,18938,6800,528.626076,4,ASK,LONG,1.0
DIA,2026-07-06 13:34:22.876754+00:00,CALL,532.0,2026-07-10,95000,500,570,99,529.57,REPEATEDHITS,True,False,False,80750,0,528.626076,4,ASK,LONG,1.0
DIA,2026-07-06 13:34:19.064184+00:00,CALL,529.0,2026-08-07,196450,201,201,5,529.63,REPEATEDHITSDESCENDINGFILL,True,False,False,195475,975,528.626076,32,ASK,LONG,1.0
DIA,2026-07-06 13:32:26.977750+00:00,PUT,555.0,2026-07-17,22950,9,23,0,529.47,REPEATEDHITS,True,False,False,0,22950,528.626076,11,BID,LONG,0.5
DIA,2026-07-06 13:31:35.401685+00:00,PUT,555.0,2026-07-17,35555,14,14,0,529.62,REPEATEDHITS,True,False,False,2535,33020,528.626076,11,BID,LONG,0.5
DIA,2026-07-02 19:56:07.363732+00:00,CALL,522.0,2026-07-17,195295,210,767,119,527.71,REPEATEDHITS,False,False,False,149725,45570,528.626076,15,ASK,LONG,1.0
DIA,2026-07-02 19:55:41.931896+00:00,CALL,522.0,2026-07-17,215280,234,320,119,527.64,REPEATEDHITS,False,False,False,214360,920,528.626076,15,ASK,LONG,1.0
DIA,2026-07-02 19:52:11.988212+00:00,CALL,540.0,2026-08-07,193200,483,484,11,527.1999,REPEATEDHITS,False,False,False,0,193200,528.626076,36,BID,SHORT,0.5
DIA,2026-07-02 19:45:14.567954+00:00,PUT,527.0,2026-07-02,10800,200,2902,31,526.63,REPEATEDHITS,False,False,False,0,10800,528.626076,0,BID,LONG,0.5
DIA,2026-07-02 19:26:57.535684+00:00,CALL,536.0,2026-07-17,47277,309,337,251,525.6,REPEATEDHITS,False,False,False,47277,0,528.626076,15,ASK,LONG,1.0
DIA,2026-07-02 18:04:45.120694+00:00,PUT,527.0,2026-07-02,13514,50,2391,31,524.34,REPEATEDHITSASCENDINGFILL,False,False,False,0,13514,528.626076,0,BID,LONG,0.5
DIA,2026-07-02 17:41:07.681355+00:00,CALL,504.0,2026-07-24,52095,23,112,6,524.08,REPEATEDHITS,False,False,False,47565,4530,528.626076,22,ASK,LONG,1.0
DIA,2026-07-02 17:41:03.275157+00:00,PUT,523.0,2026-07-02,35331,891,6064,430,523.96,REPEATEDHITSASCENDINGFILL,True,False,False,27731,7600,528.626076,0,ASK,SHORT,1.0
DIA,2026-07-02 17:38:14.638146+00:00,CALL,504.0,2026-07-24,52555,23,89,6,524.27,REPEATEDHITS,False,False,False,50270,2285,528.626076,22,ASK,LONG,1.0
DIA,2026-07-02 17:36:48.317993+00:00,CALL,504.0,2026-07-24,52785,23,66,6,524.2994,REPEATEDHITS,False,False,False,0,6885,528.626076,22,BID,SHORT,0.5
DIA,2026-07-02 17:27:48.094387+00:00,PUT,523.0,2026-07-02,26572,949,5160,430,524.47,REPEATEDHITS,False,False,False,0,26572,528.626076,0,BID,LONG,0.5
DIA,2026-07-02 17:07:29.709576+00:00,PUT,527.0,2026-07-02,11503,50,2295,31,524.84,REPEATEDHITSASCENDINGFILL,False,False,False,0,11503,528.626076,0,BID,LONG,0.5
DIA,2026-07-02 17:05:24.539768+00:00,PUT,523.0,2026-07-02,44000,1000,3128,430,524.36,REPEATEDHITS,False,False,False,40480,44,528.626076,0,ASK,SHORT,1.0
DIA,2026-07-02 17:05:00.913124+00:00,PUT,523.0,2026-07-02,33000,1000,2128,430,524.705,REPEATEDHITS,False,False,False,3399,26400,528.626076,0,BID,LONG,0.5
DIA,2026-07-02 15:13:59.083755+00:00,PUT,521.0,2026-07-17,242534,854,882,126,526.985,REPEATEDHITS,False,False,False,242252,282,528.626076,15,ASK,SHORT,1.0
DIA,2026-07-02 15:12:14.129919+00:00,PUT,527.0,2026-07-02,12500,100,1566,31,526.65,REPEATEDHITS,False,False,False,0,12500,528.626076,0,BID,LONG,0.5
DIA,2026-07-02 15:12:10.124319+00:00,PUT,527.0,2026-07-02,12300,100,1441,31,526.565,REPEATEDHITS,False,False,False,0,12300,528.626076,0,BID,LONG,0.5
DIA,2026-07-02 15:10:13.348003+00:00,PUT,527.0,2026-07-02,13500,75,1315,31,525.83,REPEATEDHITS,False,False,False,2520,8280,528.626076,0,BID,LONG,0.5
DIA,2026-07-02 14:17:17.775957+00:00,CALL,504.0,2026-07-24,30120,12,42,6,526.91,REPEATEDHITS,False,False,False,2510,17570,528.626076,22,BID,SHORT,0.5
DIA,2026-07-02 14:13:19.244272+00:00,CALL,504.0,2026-07-24,32240,13,26,6,526.67,REPEATEDHITS,False,False,False,0,27280,528.626076,22,BID,SHORT,0.5
DIA,2026-07-02 14:07:24.466164+00:00,CALL,504.0,2026-07-24,31200,13,13,6,525.81,REPEATEDHITS,False,False,False,0,31200,528.626076,22,BID,SHORT,0.5
DIA,2026-07-02 13:47:49.848806+00:00,PUT,525.0,2026-07-10,164480,640,997,633,526.42,REPEATEDHITS,False,False,False,164480,0,528.626076,8,ASK,SHORT,1.0
DIA,2026-07-01 19:38:42.026222+00:00,PUT,509.0,2026-07-17,69904,514,529,56,522.945,REPEATEDHITS,False,False,False,0,69904,528.626076,16,BID,LONG,0.5
DIA,2026-07-01 18:16:05.162964+00:00,PUT,496.0,2026-07-31,85986,562,583,52,522.73,REPEATEDHITS,False,False,False,0,85986,528.626076,30,BID,LONG,0.5
DIA,2026-07-01 17:16:18.279331+00:00,CALL,565.0,2027-01-15,113850,115,120,34,523.99,REPEATEDHITS,False,False,False,990,112860,528.626076,198,BID,SHORT,0.5
DIA,2026-07-01 17:00:59.810973+00:00,PUT,510.0,2026-07-17,121905,903,1073,428,524.52,REPEATEDHITS,False,False,False,0,121905,528.626076,16,BID,LONG,0.5
DIA,2026-07-01 16:39:17.942991+00:00,CALL,510.0,2026-07-10,84000,50,137,42,525.66,REPEATEDHITS,False,False,False,70560,0,528.626076,9,ASK,LONG,1.0
DIA,2026-07-01 16:19:18.331709+00:00,CALL,545.0,2026-07-31,182350,1042,1146,141,526.34,REPEATEDHITS,True,False,False,179025,3325,528.626076,30,ASK,LONG,1.0
DIA,2026-06-30 19:47:12.566961+00:00,CALL,527.0,2026-07-02,24472,500,1036,227,522.12,REPEATEDHITSDESCENDINGFILL,False,False,False,11800,12672,528.626076,2,BID,SHORT,0.5
DIA,2026-06-30 19:26:49.914240+00:00,PUT,499.0,2026-07-17,22275,297,297,38,522.925,REPEATEDHITS,False,False,False,0,22275,528.626076,17,BID,LONG,0.5
DIA,2026-06-30 19:18:16.061261+00:00,CALL,527.0,2026-07-02,32920,500,535,227,522.92,REPEATEDHITS,False,False,False,32920,0,528.626076,2,ASK,LONG,1.0
DIA,2026-06-30 19:17:12.759970+00:00,PUT,495.0,2026-07-24,21400,214,217,102,522.87,REPEATEDHITS,False,False,False,0,21400,528.626076,24,BID,LONG,0.5
DIA,2026-06-30 19:05:52.687709+00:00,PUT,525.0,2026-07-24,21025,29,287,16,522.52,REPEATEDHITS,False,False,False,17400,0,528.626076,24,ASK,SHORT,1.0
DIA,2026-06-30 17:21:52.671801+00:00,PUT,340.0,2028-06-16,140120,226,227,61,522.87,REPEATEDHITS,False,False,False,140120,0,528.626076,717,ASK,SHORT,1.0
DIA,2026-06-30 16:31:32.649164+00:00,PUT,526.0,2026-07-17,31040,46,57,23,522.65,REPEATEDHITS,False,False,False,31040,0,528.626076,17,ASK,SHORT,1.0
DPST,2026-07-08 15:13:12.092164+00:00,CALL,123.0,2026-07-10,42000,42,47,7,131.43,REPEATEDHITS,True,False,False,42000,0,444473472.0,2,ASK,LONG,1.0
DPST,2026-07-06 15:40:17.555534+00:00,CALL,122.0,2026-08-21,48420,18,18,2,143.1232,REPEATEDHITS,True,False,False,48420,0,444473472.0,46,ASK,LONG,1.0
DPST,2026-07-06 15:01:51.381242+00:00,PUT,145.0,2026-09-18,30490,17,40,1,142.2,REPEATEDHITSASCENDINGFILL,True,False,False,12740,17750,444473472.0,74,BID,LONG,0.5
DPST,2026-07-06 15:01:51.381242+00:00,PUT,145.0,2026-09-18,28670,16,16,1,142.2,REPEATEDHITSDESCENDINGFILL,True,False,False,14640,14030,444473472.0,74,ASK,SHORT,1.0
DPST,2026-07-06 15:00:15.930227+00:00,PUT,140.0,2026-08-14,21320,20,22,0,142.2,REPEATEDHITSDESCENDINGFILL,True,False,False,10850,10470,444473472.0,39,ASK,SHORT,1.0
DPST,2026-07-06 14:58:52.940824+00:00,PUT,132.0,2026-07-24,18680,42,42,0,142.2,REPEATEDHITSDESCENDINGFILL,True,False,False,9450,9230,444473472.0,18,ASK,SHORT,1.0
DPST,2026-07-06 14:53:11.433614+00:00,PUT,124.0,2026-12-18,104320,64,64,0,141.8464,REPEATEDHITS,False,False,False,104320,0,444473472.0,165,ASK,SHORT,1.0
DPST,2026-07-06 14:53:11.433614+00:00,PUT,121.0,2026-12-18,69000,46,46,0,141.8464,REPEATEDHITS,False,False,False,69000,0,444473472.0,165,ASK,SHORT,1.0
DPST,2026-07-06 14:53:11.433614+00:00,PUT,127.0,2026-12-18,37170,21,21,0,141.8464,REPEATEDHITS,False,False,False,37170,0,444473472.0,165,ASK,SHORT,1.0
DPST,2026-07-06 13:38:44.973329+00:00,PUT,143.0,2026-08-07,28620,27,27,1,144.18,REPEATEDHITS,False,False,False,0,28620,444473472.0,32,BID,LONG,0.5
DPST,2026-07-06 13:34:03.963839+00:00,PUT,143.0,2026-07-10,15400,35,35,2,142.8,REPEATEDHITS,True,False,False,0,15400,444473472.0,4,BID,LONG,0.5
DPST,2026-07-02 16:36:20.809553+00:00,PUT,152.5,2026-07-10,24960,24,42,0,143.655,REPEATEDHITS,True,False,False,0,24960,444473472.0,8,BID,LONG,0.5
DPST,2026-07-02 16:22:05.313343+00:00,PUT,159.0,2026-07-17,21000,12,12,0,143.8099,REPEATEDHITS,True,False,False,0,21000,444473472.0,15,BID,LONG,0.5
DPST,2026-07-02 16:19:30.637702+00:00,PUT,152.5,2026-07-10,17120,16,18,0,143.395,REPEATEDHITS,True,False,False,0,17120,444473472.0,8,BID,LONG,0.5
DPST,2026-07-01 16:58:45.657107+00:00,PUT,140.0,2026-12-18,42820,20,20,0,149.61,REPEATEDHITS,False,False,False,0,42820,444473472.0,170,BID,LONG,0.5
DPST,2026-07-01 14:26:03.026238+00:00,PUT,150.0,2026-07-02,12100,22,27,0,146.035,REPEATEDHITS,False,False,False,12100,0,444473472.0,1,ASK,SHORT,1.0
DPST,2026-07-01 14:03:32.528800+00:00,CALL,160.0,2026-07-31,14400,24,24,14,146.34,REPEATEDHITS,True,False,False,14400,0,444473472.0,30,ASK,LONG,1.0
DPST,2026-06-29 17:53:58.662904+00:00,CALL,139.0,2026-07-02,15040,35,36,9,139.56,REPEATEDHITS,True,False,False,15040,0,444473472.0,3,ASK,LONG,1.0
DPST,2026-06-29 17:52:49.330295+00:00,CALL,132.0,2026-07-17,47360,37,37,2,139.56,REPEATEDHITS,True,False,False,47360,0,444473472.0,18,ASK,LONG,1.0
DPST,2026-06-26 19:10:35.360555+00:00,CALL,144.0,2026-07-10,68340,134,152,0,139.9936,REPEATEDHITS,False,False,False,0,68340,444473472.0,14,BID,SHORT,0.5
DPST,2026-06-26 19:10:20.748131+00:00,CALL,143.0,2026-07-10,52803,96,96,0,139.89,REPEATEDHITSASCENDINGFILL,False,False,False,0,52803,444473472.0,14,BID,SHORT,0.5
DPST,2026-06-26 19:10:20.748131+00:00,CALL,142.0,2026-07-10,19200,32,32,0,139.89,REPEATEDHITS,False,False,False,0,19200,444473472.0,14,BID,SHORT,0.5
DPST,2026-06-26 13:53:57.296713+00:00,CALL,124.0,2026-09-18,30800,11,11,0,140.3424,REPEATEDHITS,True,False,False,0,30800,444473472.0,84,BID,SHORT,0.5
DPST,2026-06-25 15:03:25.330932+00:00,CALL,141.0,2026-07-10,15000,20,20,0,140.23,REPEATEDHITS,True,False,False,0,15000,444473472.0,15,BID,SHORT,0.5
DPST,2026-06-25 14:40:47.642095+00:00,PUT,155.0,2026-07-31,48300,23,27,0,140.85,REPEATEDHITS,True,False,False,48300,0,444473472.0,36,ASK,SHORT,1.0
DPST,2026-06-25 14:14:46.963365+00:00,CALL,141.0,2026-07-02,15000,25,27,0,141.695,REPEATEDHITS,True,False,False,0,15000,444473472.0,7,BID,SHORT,0.5
DPST,2026-06-24 19:31:35.255157+00:00,CALL,134.0,2026-07-10,32341,36,37,4,136.22,REPEATEDHITSASCENDINGFILL,True,False,False,0,32341,444473472.0,16,BID,SHORT,0.5
DPST,2026-06-24 19:27:47.824444+00:00,CALL,137.0,2026-07-24,97523,92,143,0,136.39,REPEATEDHITSASCENDINGFILL,True,False,False,0,97523,444473472.0,30,BID,SHORT,0.5
DPST,2026-06-24 19:27:36.001321+00:00,CALL,137.0,2026-07-24,15240,14,19,0,136.39,REPEATEDHITSDESCENDINGFILL,True,False,False,10950,4290,444473472.0,30,ASK,LONG,1.0
DPST,2026-06-24 14:51:13.442040+00:00,CALL,126.0,2026-07-10,30721,24,31,2,134.8,REPEATEDHITS,True,False,False,0,30721,444473472.0,16,BID,SHORT,0.5
DPST,2026-06-24 14:22:21.156206+00:00,PUT,140.0,2026-07-17,33300,30,30,0,135.41,REPEATEDHITS,False,False,False,0,33300,444473472.0,23,BID,LONG,0.5
DPST,2026-06-24 14:08:42.697639+00:00,CALL,116.0,2026-07-17,132060,62,64,18,134.485,REPEATEDHITS,True,False,False,0,132060,444473472.0,23,BID,SHORT,0.5
DPST,2026-06-24 14:08:42.697639+00:00,PUT,145.0,2026-07-02,23040,18,18,1,134.485,REPEATEDHITS,True,False,False,23040,0,444473472.0,8,ASK,SHORT,1.0
DPST,2026-06-22 18:58:48.151006+00:00,CALL,123.0,2026-08-21,64780,41,89,0,126.2001,REPEATEDHITS,True,False,False,0,64780,444473472.0,60,BID,SHORT,0.5
DPST,2026-06-22 15:45:49.903232+00:00,PUT,124.0,2026-07-10,14162,24,28,0,128.2899,REPEATEDHITS,True,False,False,0,14162,444473472.0,18,BID,LONG,0.5
DPST,2026-06-22 14:34:41.221715+00:00,CALL,150.0,2026-08-21,38407,64,1030,0,126.39,REPEATEDHITSASCENDINGFILL,True,False,False,0,38407,444473472.0,60,BID,SHORT,0.5
DPST,2026-06-22 14:34:39.615897+00:00,CALL,150.0,2026-08-21,579600,966,966,0,126.49,REPEATEDHITS,True,False,False,0,232200,444473472.0,60,BID,SHORT,0.5
DPST,2026-06-22 13:55:44.589445+00:00,PUT,130.0,2026-07-02,10782,14,14,12,127.01,REPEATEDHITS,False,False,False,0,10782,444473472.0,10,BID,LONG,0.5
DPST,2026-06-17 19:58:25.914080+00:00,PUT,131.0,2026-07-10,54600,35,35,0,119.635,REPEATEDHITS,True,False,False,0,54600,444473472.0,23,BID,LONG,0.5
DPST,2026-06-17 19:41:42.454142+00:00,CALL,117.0,2026-06-26,10030,17,18,6,117.605,REPEATEDHITS,True,False,False,10030,0,444473472.0,9,ASK,LONG,1.0
DPST,2026-06-16 15:53:39.598022+00:00,PUT,122.0,2026-07-31,45770,46,50,0,127.44,REPEATEDHITSASCENDINGFILL,True,False,False,23000,22770,444473472.0,45,ASK,SHORT,1.0
DPST,2026-06-15 19:38:02.661851+00:00,CALL,128.0,2026-06-18,46513,150,151,39,126.88,REPEATEDHITSDESCENDINGFILL,False,False,False,0,46513,444473472.0,3,BID,SHORT,0.5
DPST,2026-06-15 15:40:25.936208+00:00,CALL,128.0,2026-07-02,30030,33,37,1,131.16,REPEATEDHITS,True,False,False,30030,0,444473472.0,17,ASK,LONG,1.0
DPST,2026-06-11 18:06:29.864486+00:00,CALL,118.0,2026-06-18,46640,44,46,3,126.09,REPEATEDHITS,False,False,False,0,46640,444473472.0,7,BID,SHORT,0.5
DPST,2026-06-10 15:15:52.196080+00:00,CALL,121.0,2026-06-18,15401,20,20,1,124.33,REPEATEDHITS,False,False,False,0,15401,444473472.0,8,BID,SHORT,0.5
DPST,2026-06-10 13:54:50.865469+00:00,CALL,129.0,2026-06-18,11960,26,26,5,125.665,REPEATEDHITS,True,False,False,11960,0,444473472.0,8,ASK,LONG,1.0
DPST,2026-06-09 14:40:32.788701+00:00,CALL,114.0,2026-06-18,11700,9,9,8,124.9,REPEATEDHITS,True,False,False,0,11700,444473472.0,9,BID,SHORT,0.5
DPST,2026-06-09 14:07:27.548655+00:00,PUT,125.0,2026-06-26,10780,14,14,1,126.57,REPEATEDHITS,True,False,False,0,10780,444473472.0,17,BID,LONG,0.5
DPST,2026-06-09 14:07:21.339020+00:00,PUT,125.0,2026-07-02,14140,16,16,0,126.57,REPEATEDHITSASCENDINGFILL,True,False,False,0,14140,444473472.0,23,BID,LONG,0.5
DPST,2026-06-08 14:30:59.663802+00:00,CALL,124.0,2026-06-12,18450,90,125,47,118.7824,REPEATEDHITS,False,False,False,0,18450,444473472.0,4,BID,SHORT,0.5
DRAM,2026-07-08 15:31:01.559873+00:00,PUT,35.0,2027-12-17,139200,174,184,37,58.81,REPEATEDHITS,False,False,False,139200,0,286480.0,527,ASK,SHORT,1.0
DRAM,2026-07-08 15:23:46.698029+00:00,PUT,58.5,2026-07-17,10200,30,61,0,58.8101,REPEATEDHITS,False,False,False,0,10200,286480.0,9,BID,LONG,0.5
DRAM,2026-07-08 13:42:54.975735+00:00,CALL,63.0,2027-12-17,76770,31,31,23,60.35,REPEATEDHITSDESCENDINGFILL,True,False,False,69370,7400,286480.0,527,ASK,LONG,1.0
DRAM,2026-07-08 13:35:45.531803+00:00,CALL,62.0,2026-08-07,1086347,1586,1605,114,60.68,REPEATEDHITSDESCENDINGFILL,False,False,False,1085007,1340,286480.0,30,ASK,LONG,1.0
DRAM,2026-07-07 19:58:54.731519+00:00,CALL,65.0,2026-07-10,457710,4818,30878,2952,60.455,REPEATEDHITS,False,False,False,425885,31825,286480.0,3,ASK,LONG,1.0
DRAM,2026-07-07 19:48:54.394208+00:00,CALL,60.5,2026-07-10,84600,360,3007,189,59.975,REPEATEDHITS,True,False,False,84600,0,286480.0,3,ASK,LONG,1.0
DRAM,2026-07-07 19:46:39.250474+00:00,CALL,65.0,2026-07-10,278893,3174,24522,2952,59.9,REPEATEDHITSDESCENDINGFILL,True,False,False,271920,6885,286480.0,3,ASK,LONG,1.0
DRAM,2026-07-07 19:46:15.615697+00:00,CALL,65.0,2026-07-10,255083,3001,21347,2952,59.91,REPEATEDHITS,True,False,False,255000,83,286480.0,3,ASK,LONG,1.0
DRAM,2026-07-07 19:22:11.225665+00:00,CALL,55.0,2026-07-10,68900,130,247,102,59.45,REPEATEDHITS,False,False,False,0,68900,286480.0,3,BID,SHORT,0.5
DRAM,2026-07-07 18:23:28.196697+00:00,PUT,63.5,2026-08-07,2308500,2700,2716,52,60.8,REPEATEDHITS,False,False,False,2308500,0,286480.0,31,ASK,SHORT,1.0
DRAM,2026-07-07 18:13:40.353552+00:00,CALL,68.5,2026-08-14,102000,200,300,2,60.9,REPEATEDHITS,False,False,False,40290,61710,286480.0,38,BID,SHORT,0.5
DRAM,2026-07-07 16:46:41.209738+00:00,CALL,65.0,2026-07-10,300000,3000,10281,2952,60.09,REPEATEDHITS,True,False,False,45000,20000,286480.0,3,ASK,LONG,1.0
DRAM,2026-07-07 16:44:44.874901+00:00,CALL,60.5,2026-07-10,103240,400,1637,189,60.19,REPEATEDHITSDESCENDINGFILL,False,False,False,103240,0,286480.0,3,ASK,LONG,1.0
DRAM,2026-07-07 13:54:27.914287+00:00,PUT,53.0,2026-12-18,117300,115,115,66,59.91,REPEATEDHITS,False,False,False,116280,1020,286480.0,164,ASK,SHORT,1.0
DRAM,2026-07-06 16:56:48.331565+00:00,CALL,122.0,2026-09-18,78000,650,759,234,65.165,REPEATEDHITS,False,False,False,78000,0,286480.0,74,ASK,LONG,1.0
DRAM,2026-07-02 19:58:28.988393+00:00,CALL,59.0,2026-08-21,19525,20,114,7,60.6,REPEATEDHITSASCENDINGFILL,False,False,False,0,18550,286480.0,50,BID,SHORT,0.5
DRAM,2026-07-02 19:29:03.565001+00:00,CALL,57.0,2026-07-02,67280,225,231,29,59.85,REPEATEDHITSDESCENDINGFILL,True,False,False,1500,65780,286480.0,0,BID,SHORT,0.5
DRAM,2026-07-02 19:29:03.565001+00:00,CALL,58.0,2026-07-02,24886,125,261,120,59.85,REPEATEDHITSDESCENDINGFILL,False,False,False,2200,22686,286480.0,0,BID,SHORT,0.5
DRAM,2026-07-02 18:51:23.154755+00:00,CALL,61.0,2026-07-02,39963,1903,3633,102,60.4,REPEATEDHITS,False,False,False,39963,0,286480.0,0,ASK,LONG,1.0
DRAM,2026-07-02 16:23:37.233374+00:00,PUT,59.5,2026-07-10,444760,1412,1534,483,60.61,REPEATEDHITSDESCENDINGFILL,False,False,False,444445,315,286480.0,8,ASK,SHORT,1.0
DRAM,2026-07-02 15:42:00.805488+00:00,CALL,63.0,2026-07-10,86295,260,728,99,62.245,REPEATEDHITS,False,False,False,86295,0,286480.0,8,ASK,LONG,1.0
DRAM,2026-07-02 15:13:19.230758+00:00,CALL,64.0,2026-07-02,95758,4833,5698,227,61.5892,REPEATEDHITSDESCENDINGFILL,True,False,False,95597,161,286480.0,0,ASK,LONG,1.0
DRAM,2026-07-02 14:33:00.685324+00:00,PUT,58.0,2026-07-10,298200,1775,1992,1058,62.8,REPEATEDHITS,False,False,False,298200,0,286480.0,8,ASK,SHORT,1.0
DRAM,2026-07-02 14:22:27.064561+00:00,PUT,60.5,2026-08-14,600240,883,887,0,63.74,REPEATEDHITSDESCENDINGFILL,True,False,False,592955,7285,286480.0,43,ASK,SHORT,1.0
DRAM,2026-07-02 13:39:17.672162+00:00,CALL,67.0,2026-07-02,38676,1758,1973,961,64.132,REPEATEDHITS,False,False,False,44,38632,286480.0,0,BID,SHORT,0.5
DRAM,2026-07-01 19:29:05.733942+00:00,PUT,63.5,2026-07-02,42875,875,1363,425,66.825,REPEATEDHITS,False,False,False,35182,7693,286480.0,1,ASK,SHORT,1.0
DRAM,2026-07-01 18:52:58.596931+00:00,PUT,35.0,2026-07-31,19162,737,1042,296,66.02,REPEATEDHITS,False,False,False,0,19162,286480.0,30,BID,LONG,0.5
DRAM,2026-07-01 18:42:10.407865+00:00,CALL,64.5,2026-07-02,59738,238,512,27,66.035,REPEATEDHITS,True,False,False,59738,0,286480.0,1,ASK,LONG,1.0
DRAM,2026-07-01 17:47:40.735340+00:00,PUT,64.5,2026-07-02,52775,600,733,283,66.41,REPEATEDHITSDESCENDINGFILL,False,False,False,52775,0,286480.0,1,ASK,SHORT,1.0
DRAM,2026-07-01 17:00:36.173820+00:00,PUT,40.0,2026-07-31,37180,676,745,270,66.7203,REPEATEDHITS,False,False,False,0,37125,286480.0,30,BID,LONG,0.5
DRAM,2026-07-01 16:15:59.507835+00:00,PUT,60.0,2026-07-10,426095,2749,4370,2384,66.92,REPEATEDHITS,False,False,False,0,426095,286480.0,9,BID,LONG,0.5
DRAM,2026-07-01 14:57:36.998632+00:00,CALL,72.5,2026-07-02,43708,1561,1603,373,66.62,REPEATEDHITS,False,False,False,0,43708,286480.0,1,BID,SHORT,0.5
DRAM,2026-07-01 13:54:43.645664+00:00,PUT,64.0,2026-07-02,130424,1918,2021,1277,68.13,REPEATEDHITS,False,False,False,0,130424,286480.0,1,BID,LONG,0.5
DRAM,2026-07-01 13:43:44.801391+00:00,CALL,70.0,2026-07-31,2027536,3006,3188,1917,67.74,REPEATEDHITSDESCENDINGFILL,False,False,False,2027536,0,286480.0,30,ASK,LONG,1.0
DRAM,2026-06-30 19:03:15.321317+00:00,CALL,74.5,2026-07-10,50400,120,194,13,74.06,REPEATEDHITS,True,False,False,50400,0,286480.0,10,ASK,LONG,1.0
DRAM,2026-06-30 18:26:04.378666+00:00,PUT,69.0,2026-07-10,362355,1479,1551,651,73.555,REPEATEDHITS,False,False,False,362355,0,286480.0,10,ASK,SHORT,1.0
DRAM,2026-06-29 18:52:14.914471+00:00,CALL,80.0,2026-07-31,1467530,2906,9559,2001,71.66,REPEATEDHITS,False,False,False,1467025,0,286480.0,32,ASK,LONG,1.0
DRAM,2026-06-29 18:19:27.055473+00:00,CALL,83.0,2026-07-02,33137,2549,2965,1082,71.27,REPEATEDHITS,True,False,False,33137,0,286480.0,3,ASK,LONG,1.0
DRAM,2026-06-29 15:46:49.352657+00:00,CALL,68.5,2026-07-10,10426,20,51,0,69.395,REPEATEDHITSDESCENDINGFILL,False,False,False,10426,0,286480.0,11,ASK,LONG,1.0
DRAM,2026-06-29 15:39:59.055254+00:00,PUT,62.0,2026-08-07,10000,20,83,9,69.285,REPEATEDHITS,False,False,False,0,10000,286480.0,39,BID,LONG,0.5
DRAM,2026-06-29 14:18:45.533057+00:00,CALL,95.0,2026-07-24,79275,1057,1072,464,66.68,REPEATEDHITS,False,False,False,0,79275,286480.0,25,BID,SHORT,0.5
DRAM,2026-06-29 13:37:50.780940+00:00,CALL,71.0,2026-07-02,464100,2100,2164,463,69.475,REPEATEDHITS,True,False,False,464100,0,286480.0,3,ASK,LONG,1.0
DRAM,2026-06-26 19:54:18.256409+00:00,CALL,70.0,2026-08-07,617400,588,593,74,72.195,REPEATEDHITS,False,False,False,204750,412650,286480.0,42,BID,SHORT,0.5
DRAM,2026-06-26 19:46:41.692867+00:00,PUT,61.0,2026-07-02,64005,1255,1517,808,73.02,REPEATEDHITS,False,False,False,0,64005,286480.0,6,BID,LONG,0.5
DRAM,2026-06-26 19:27:45.530589+00:00,CALL,85.0,2026-07-10,236736,1728,2880,1513,72.5954,REPEATEDHITS,False,False,False,0,236736,286480.0,14,BID,SHORT,0.5
DRAM,2026-06-26 19:27:21.107320+00:00,PUT,31.0,2026-07-17,11792,1072,2242,9,72.64,REPEATEDHITS,False,False,False,11792,0,286480.0,21,ASK,SHORT,1.0
DRAM,2026-06-26 18:42:22.833377+00:00,CALL,105.0,2026-08-07,81464,463,470,0,72.67,REPEATEDHITS,False,False,False,1032,80256,286480.0,42,BID,SHORT,0.5
DRAM,2026-06-26 17:16:08.613268+00:00,PUT,40.0,2026-07-24,15096,444,1700,425,74.155,REPEATEDHITS,False,False,False,0,15096,286480.0,28,BID,LONG,0.5
DRAM,2026-06-26 16:36:44.696508+00:00,PUT,40.0,2026-08-07,11970,190,196,0,74.23,REPEATEDHITS,True,False,False,567,11403,286480.0,42,BID,LONG,0.5
DRAM,2026-06-26 16:10:18.716568+00:00,CALL,77.5,2026-07-10,200428,572,2122,179,73.48,REPEATEDHITSASCENDINGFILL,False,False,False,0,200428,286480.0,14,BID,SHORT,0.5
ECHO,2026-07-08 13:53:34.888664+00:00,CALL,99.0,2026-07-10,11770,52,55,13,98.64,REPEATEDHITSASCENDINGFILL,True,False,False,3220,8550,28160000000.0,2,BID,SHORT,0.5
ECHO,2026-07-07 19:40:18.674515+00:00,PUT,94.0,2026-07-10,108100,940,941,56,97.78,REPEATEDHITS,False,False,False,108100,0,28160000000.0,3,ASK,SHORT,1.0
ECHO,2026-07-07 18:13:27.142102+00:00,PUT,75.0,2026-09-18,67860,377,377,243,99.61,REPEATEDHITS,False,False,False,67860,0,28160000000.0,73,ASK,SHORT,1.0
ECHO,2026-07-07 17:38:45.000890+00:00,PUT,98.0,2026-07-10,93187,478,482,216,99.53,REPEATEDHITSDESCENDINGFILL,False,False,False,92997,190,28160000000.0,3,ASK,SHORT,1.0
ECHO,2026-07-07 15:23:49.350975+00:00,PUT,97.0,2026-07-17,325005,1204,1204,182,100.36,REPEATEDHITSDESCENDINGFILL,False,False,False,323415,1590,28160000000.0,10,ASK,SHORT,1.0
ECHO,2026-07-06 19:30:17.842141+00:00,CALL,111.0,2026-07-17,40080,501,503,26,97.69,REPEATEDHITS,False,False,False,0,40080,28160000000.0,11,BID,SHORT,0.5
ECHO,2026-07-06 19:26:32.949380+00:00,PUT,89.0,2026-07-10,33165,737,1800,1,98.285,REPEATEDHITS,False,False,False,33165,0,28160000000.0,4,ASK,SHORT,1.0
ECHO,2026-07-06 18:52:02.303745+00:00,PUT,95.0,2026-07-10,112878,664,1252,90,98.23,REPEATEDHITS,False,False,False,112878,0,28160000000.0,4,ASK,SHORT,1.0
ECHO,2026-07-06 18:24:55.488872+00:00,PUT,95.0,2026-07-10,79369,467,588,90,98.11,REPEATEDHITSDESCENDINGFILL,False,False,False,79204,165,28160000000.0,4,ASK,SHORT,1.0
ECHO,2026-07-02 16:20:48.181812+00:00,CALL,103.0,2026-07-10,57130,197,200,159,101.545,REPEATEDHITS,False,False,False,11310,11310,28160000000.0,8,MIXED,,0.0
ECHO,2026-07-02 14:28:33.354582+00:00,CALL,97.0,2026-07-24,139400,164,164,13,101.895,REPEATEDHITS,False,False,False,0,139400,28160000000.0,22,BID,SHORT,0.5
ECHO,2026-06-30 19:05:43.075229+00:00,CALL,111.0,2026-07-10,10920,84,138,61,101.565,REPEATEDHITS,False,False,False,0,10920,28160000000.0,10,BID,SHORT,0.5
EEM,2026-07-08 13:54:42.989979+00:00,PUT,64.0,2026-08-07,37104,181,186,7,65.585,REPEATEDHITS,True,False,False,0,37104,29073249075.0,30,BID,LONG,0.5
EEM,2026-07-06 17:02:06.554631+00:00,PUT,66.0,2026-07-10,11648,182,215,143,67.611,REPEATEDHITS,False,False,False,11648,0,29073249075.0,4,ASK,SHORT,1.0
EEM,2026-07-06 14:53:44.480617+00:00,PUT,63.0,2026-07-10,37335,1965,1966,775,67.555,REPEATEDHITS,False,False,False,37335,0,29073249075.0,4,ASK,SHORT,1.0
EEM,2026-07-02 19:03:10.315364+00:00,PUT,61.5,2026-09-18,38608,152,241,0,65.325,REPEATEDHITS,False,False,False,38608,0,29073249075.0,78,ASK,SHORT,1.0
EEM,2026-07-02 16:30:35.751287+00:00,PUT,59.5,2026-09-18,29733,159,159,1,65.51,REPEATEDHITS,False,False,False,29733,0,29073249075.0,78,ASK,SHORT,1.0
EEM,2026-07-02 14:42:14.633669+00:00,PUT,67.0,2026-08-07,10560,33,75,4,66.095,REPEATEDHITS,True,False,False,10560,0,29073249075.0,36,ASK,SHORT,1.0
EEM,2026-07-01 18:33:58.869080+00:00,PUT,68.5,2026-08-21,126929,302,307,94,66.715,REPEATEDHITS,False,False,False,840,126089,29073249075.0,51,BID,LONG,0.5
EEM,2026-07-01 15:01:02.622760+00:00,CALL,67.5,2026-08-21,45870,139,141,79,66.94,REPEATEDHITS,False,False,False,330,45540,29073249075.0,51,BID,SHORT,0.5
EEM,2026-06-30 19:00:31.838774+00:00,PUT,65.0,2026-07-31,65205,483,483,39,68.475,REPEATEDHITS,False,False,False,65205,0,29073249075.0,31,ASK,SHORT,1.0
EEM,2026-06-30 14:44:54.966406+00:00,CALL,73.0,2026-07-17,174728,3426,3782,2853,68.21,REPEATEDHITS,False,False,False,174677,51,29073249075.0,17,ASK,LONG,1.0
EEM,2026-06-30 13:57:31.454942+00:00,PUT,67.5,2026-08-21,38610,130,130,45,67.91,REPEATEDHITS,False,False,False,0,38610,29073249075.0,52,BID,LONG,0.5
EEM,2026-06-29 13:55:41.454880+00:00,PUT,66.5,2026-07-02,158025,1505,1510,19,66.735,REPEATEDHITS,False,False,False,0,158025,29073249075.0,3,BID,LONG,0.5
EEM,2026-06-26 18:30:30.312117+00:00,CALL,69.0,2026-06-30,10857,329,1820,71,67.255,REPEATEDHITS,False,False,False,0,10857,29073249075.0,4,BID,SHORT,0.5
EEM,2026-06-26 16:27:50.462695+00:00,CALL,69.0,2026-06-30,59052,1406,1479,71,67.43,REPEATEDHITS,False,False,False,0,59052,29073249075.0,4,BID,SHORT,0.5
EEM,2026-06-26 15:23:32.850392+00:00,PUT,63.0,2026-07-10,40275,537,539,473,67.11,REPEATEDHITS,False,False,False,0,40275,29073249075.0,14,BID,LONG,0.5
EEM,2026-06-26 15:05:09.439191+00:00,PUT,50.0,2026-09-30,38528,602,1990,15,67.005,REPEATEDHITS,False,False,False,33344,5184,29073249075.0,96,ASK,SHORT,1.0
EEM,2026-06-26 14:42:03.684470+00:00,CALL,71.0,2026-07-31,152000,1000,1037,5,67.0562,FLOORTRADELARGECAP,False,True,False,0,152000,29073249075.0,35,BID,SHORT,0.5
EEM,2026-06-26 14:07:15.017701+00:00,CALL,66.5,2026-08-21,152000,380,380,281,67.08,REPEATEDHITS,False,False,False,0,0,29073249075.0,56,MIXED,,0.0
EEM,2026-06-25 17:33:14.888928+00:00,CALL,74.0,2026-11-20,42335,113,131,2,68.0,REPEATEDHITSASCENDINGFILL,False,False,False,21090,21245,29073249075.0,148,BID,SHORT,0.5
EEM,2026-06-24 19:47:58.113206+00:00,PUT,62.0,2026-07-02,22152,426,428,21,66.985,REPEATEDHITS,False,False,False,22152,0,29073249075.0,8,ASK,SHORT,1.0
EEM,2026-06-24 19:07:12.068734+00:00,CALL,68.0,2026-06-26,11115,195,204,133,66.65,REPEATEDHITS,False,False,False,0,11115,29073249075.0,2,BID,SHORT,0.5
EEM,2026-06-24 17:22:05.302012+00:00,PUT,62.5,2026-06-26,33880,2420,2438,40,66.82,REPEATEDHITS,False,False,False,33880,0,29073249075.0,2,ASK,SHORT,1.0
EEM,2026-06-24 15:52:15.135667+00:00,CALL,73.0,2026-07-17,108480,1695,1696,1184,67.37,REPEATEDHITS,False,False,False,0,108480,29073249075.0,23,BID,SHORT,0.5
EEM,2026-06-23 19:57:00.846139+00:00,PUT,62.5,2026-08-21,49588,253,253,171,67.295,REPEATEDHITS,False,False,False,0,49588,29073249075.0,59,BID,LONG,0.5
EEM,2026-06-23 19:48:39.682339+00:00,CALL,68.5,2026-06-26,37400,440,3978,37,67.225,REPEATEDHITS,False,False,False,0,37400,29073249075.0,3,BID,SHORT,0.5
EEM,2026-06-23 19:47:24.930396+00:00,CALL,68.5,2026-06-26,24480,288,3079,37,67.285,REPEATEDHITS,False,False,False,0,24480,29073249075.0,3,BID,SHORT,0.5
EEM,2026-06-23 19:28:33.370802+00:00,CALL,68.5,2026-06-26,13260,156,2692,37,67.38,REPEATEDHITS,False,False,False,0,13260,29073249075.0,3,BID,SHORT,0.5
EEM,2026-06-23 18:40:28.847343+00:00,CALL,77.0,2026-08-21,95787,1101,8105,262,67.225,REPEATEDHITS,False,False,False,0,95787,29073249075.0,59,BID,SHORT,0.5
EEM,2026-06-23 18:25:19.318670+00:00,CALL,68.5,2026-06-26,206640,2460,2529,37,67.3699,REPEATEDHITS,True,False,False,206640,0,29073249075.0,3,ASK,LONG,1.0
EEM,2026-06-23 17:45:23.907533+00:00,PUT,63.0,2026-06-30,42846,1158,1164,53,67.56,REPEATEDHITS,False,False,False,0,42846,29073249075.0,7,BID,LONG,0.5
EEM,2026-06-23 17:08:02.025929+00:00,CALL,77.0,2026-08-21,76622,842,6084,262,67.53,REPEATEDHITS,False,False,False,0,76622,29073249075.0,59,BID,SHORT,0.5
EEM,2026-06-23 16:53:45.961594+00:00,CALL,77.0,2026-08-21,33322,342,5104,262,67.6531,REPEATEDHITSDESCENDINGFILL,False,False,False,14504,18818,29073249075.0,59,BID,SHORT,0.5
EEM,2026-06-23 16:24:34.259816+00:00,CALL,72.0,2027-03-19,10077,16,16,15,67.74,REPEATEDHITS,False,False,False,2520,7557,29073249075.0,269,BID,SHORT,0.5
EEM,2026-06-23 16:00:42.369082+00:00,CALL,77.0,2026-08-21,197982,1941,3933,262,67.705,REPEATEDHITS,False,False,False,0,197982,29073249075.0,59,BID,SHORT,0.5
EEM,2026-06-23 15:46:51.148132+00:00,CALL,77.0,2026-08-21,176156,1739,1844,262,67.52,REPEATEDHITSDESCENDINGFILL,False,False,False,101012,75144,29073249075.0,59,ASK,LONG,1.0
EEM,2026-06-23 15:12:56.000652+00:00,PUT,67.0,2026-07-24,79482,304,342,5,67.685,REPEATEDHITSASCENDINGFILL,True,False,False,49076,30406,29073249075.0,31,ASK,SHORT,1.0
EEM,2026-06-23 15:12:56.000652+00:00,CALL,67.5,2026-07-24,11980,38,304,1,67.685,REPEATEDHITSASCENDINGFILL,True,False,False,11665,0,29073249075.0,31,ASK,LONG,1.0
EEM,2026-06-23 15:12:56.000652+00:00,CALL,65.5,2026-07-24,17882,40,52,10,67.685,REPEATEDHITSASCENDINGFILL,False,False,False,11652,6230,29073249075.0,31,ASK,LONG,1.0
EEM,2026-06-23 15:12:45.191820+00:00,CALL,69.5,2026-07-24,37138,163,262,0,67.68,REPEATEDHITSASCENDINGFILL,True,False,False,18910,18228,29073249075.0,31,ASK,LONG,1.0
EEM,2026-06-23 15:12:45.191820+00:00,CALL,68.5,2026-07-24,23712,88,176,0,67.68,REPEATEDHITSDESCENDINGFILL,False,False,False,14297,9415,29073249075.0,31,ASK,LONG,1.0
EEM,2026-06-23 15:07:41.758603+00:00,CALL,69.0,2026-07-24,26191,110,301,2,67.665,REPEATEDHITSASCENDINGFILL,True,False,False,15075,10406,29073249075.0,31,ASK,LONG,1.0
EEM,2026-06-23 14:56:31.851108+00:00,CALL,67.5,2026-07-24,22400,70,104,1,67.71,REPEATEDHITS,True,False,False,22400,0,29073249075.0,31,ASK,LONG,1.0
EEM,2026-06-23 14:52:09.155413+00:00,PUT,68.0,2026-07-24,220064,746,762,122,67.82,REPEATEDHITSDESCENDINGFILL,False,False,False,1469,218595,29073249075.0,31,BID,LONG,0.5
EEM,2026-06-22 18:39:39.698271+00:00,PUT,70.5,2026-08-21,26325,81,479,2,71.16,REPEATEDHITS,True,False,False,26325,0,29073249075.0,60,ASK,SHORT,1.0
EEM,2026-06-22 17:15:51.139810+00:00,PUT,71.0,2026-08-21,103444,300,323,109,71.315,REPEATEDHITS,False,False,False,103444,0,29073249075.0,60,ASK,SHORT,1.0
EEM,2026-06-22 15:55:10.847333+00:00,PUT,70.5,2026-07-02,12776,90,115,0,71.08,REPEATEDHITSDESCENDINGFILL,True,False,False,12776,0,29073249075.0,10,ASK,SHORT,1.0
EEM,2026-06-22 15:55:09.443869+00:00,PUT,71.0,2026-07-02,16038,99,99,0,71.095,REPEATEDHITS,False,False,False,16038,0,29073249075.0,10,ASK,SHORT,1.0
EEM,2026-06-22 15:33:08.774748+00:00,CALL,73.5,2026-08-21,26680,92,92,3,71.17,REPEATEDHITS,True,False,False,0,26680,29073249075.0,60,BID,SHORT,0.5
EEM,2026-06-22 15:32:29.308952+00:00,PUT,69.0,2026-08-21,82236,308,355,175,71.185,REPEATEDHITS,False,False,False,2403,79833,29073249075.0,60,BID,LONG,0.5
EEM,2026-06-22 15:02:16.921497+00:00,PUT,70.5,2026-08-21,58240,182,182,2,71.285,REPEATEDHITS,False,False,False,0,58240,29073249075.0,60,BID,LONG,0.5
ETHA,2026-07-06 19:44:45.162492+00:00,PUT,13.5,2026-07-17,10912,248,735,99,13.545,REPEATEDHITS,True,False,False,10912,0,6944643005.0,11,ASK,SHORT,1.0
ETHA,2026-07-06 17:55:12.669935+00:00,PUT,14.0,2026-08-14,12152,103,109,0,13.48,REPEATEDHITS,True,False,False,12036,116,6944643005.0,39,ASK,SHORT,1.0
ETHA,2026-07-06 17:35:16.344344+00:00,CALL,13.0,2026-10-16,73168,379,1319,241,13.52,REPEATEDHITSASCENDINGFILL,False,False,False,0,73168,6944643005.0,102,BID,SHORT,0.5
ETHA,2026-07-06 17:27:01.017451+00:00,PUT,11.0,2026-10-16,28000,500,1682,304,13.575,REPEATEDHITS,True,False,False,0,28000,6944643005.0,102,BID,LONG,0.5
ETHA,2026-07-06 16:25:32.964116+00:00,PUT,13.0,2026-08-14,20692,297,303,0,13.525,REPEATEDHITSDESCENDINGFILL,True,False,False,20623,69,6944643005.0,39,ASK,SHORT,1.0
ETHA,2026-07-06 16:12:16.795135+00:00,PUT,13.5,2026-07-10,12714,489,1653,175,13.595,REPEATEDHITS,True,False,False,12714,0,6944643005.0,4,ASK,SHORT,1.0
ETHA,2026-07-06 16:08:32.255798+00:00,PUT,11.0,2026-10-16,28101,493,1178,304,13.52,REPEATEDHITS,True,False,False,228,27873,6944643005.0,102,BID,LONG,0.5
ETHA,2026-07-06 16:08:24.243207+00:00,PUT,11.0,2026-10-16,19044,334,340,304,13.515,REPEATEDHITSASCENDINGFILL,False,False,False,0,19044,6944643005.0,102,BID,LONG,0.5
ETHA,2026-07-06 16:05:11.917823+00:00,PUT,13.5,2026-07-10,12400,400,479,175,13.48,REPEATEDHITS,False,False,False,12400,0,6944643005.0,4,ASK,SHORT,1.0
ETHA,2026-07-06 15:35:12.963190+00:00,CALL,13.0,2026-10-16,78588,444,667,241,13.285,REPEATEDHITS,False,False,False,0,52746,6944643005.0,102,BID,SHORT,0.5
ETHA,2026-07-06 15:17:12.053002+00:00,CALL,14.0,2026-07-31,213990,5095,5277,1046,13.2801,REPEATEDHITS,False,False,False,0,213990,6944643005.0,25,BID,SHORT,0.5
ETHA,2026-07-06 14:41:28.426347+00:00,CALL,14.0,2026-08-07,10073,194,251,97,13.235,REPEATEDHITS,True,False,False,9308,765,6944643005.0,32,ASK,LONG,1.0
ETHA,2026-07-06 14:11:10.204778+00:00,CALL,16.0,2026-08-21,184842,8802,8838,845,13.175,REPEATEDHITS,False,False,False,0,184842,6944643005.0,46,BID,SHORT,0.5
ETHA,2026-07-02 17:32:32.996247+00:00,CALL,13.5,2026-07-10,169966,9998,24971,7238,12.845,REPEATEDHITS,False,False,False,169966,0,6944643005.0,8,ASK,LONG,1.0
ETHA,2026-07-02 15:50:03.549458+00:00,PUT,5.0,2026-07-31,28000,7000,16329,2,12.815,REPEATEDHITS,False,False,False,28000,0,6944643005.0,29,ASK,SHORT,1.0
ETHA,2026-07-02 15:45:31.046682+00:00,PUT,5.0,2026-07-31,39875,7975,7980,2,12.845,REPEATEDHITS,False,False,False,35600,4275,6944643005.0,29,ASK,SHORT,1.0
ETHA,2026-07-02 15:14:55.158037+00:00,PUT,9.5,2026-07-31,16203,1473,1490,1248,12.775,REPEATEDHITS,False,False,False,16203,0,6944643005.0,29,ASK,SHORT,1.0
ETHA,2026-07-02 15:14:55.158037+00:00,PUT,9.0,2026-07-31,17640,1960,9439,445,12.775,REPEATEDHITS,False,False,False,17640,0,6944643005.0,29,ASK,SHORT,1.0
ETHA,2026-07-02 15:10:31.775280+00:00,PUT,9.5,2026-07-24,19184,2398,6958,276,12.7703,REPEATEDHITS,False,False,False,18208,0,6944643005.0,22,ASK,SHORT,1.0
ETHA,2026-07-02 15:10:31.775280+00:00,PUT,9.0,2026-07-31,25155,2795,6391,445,12.7703,REPEATEDHITS,False,False,False,25146,0,6944643005.0,29,ASK,SHORT,1.0
ETHA,2026-07-02 15:10:31.775280+00:00,PUT,9.0,2026-07-31,14040,1560,3596,445,12.7703,REPEATEDHITS,False,False,False,14040,0,6944643005.0,29,ASK,SHORT,1.0
ETHA,2026-07-02 15:05:21.645613+00:00,PUT,9.5,2026-07-24,15162,2166,4479,276,12.8002,REPEATEDHITS,False,False,False,15162,0,6944643005.0,22,ASK,SHORT,1.0
ETHA,2026-07-02 15:05:10.027804+00:00,PUT,9.0,2026-07-31,10912,1364,1465,445,12.8,REPEATEDHITS,False,False,False,10904,8,6944643005.0,29,ASK,SHORT,1.0
ETHA,2026-07-02 15:05:07.823958+00:00,PUT,9.5,2026-07-24,12250,1750,1750,276,12.795,REPEATEDHITS,False,False,False,3311,462,6944643005.0,22,ASK,SHORT,1.0
ETHA,2026-07-02 15:01:11.506093+00:00,CALL,13.0,2026-07-24,42900,715,728,288,12.845,REPEATEDHITS,False,False,False,42900,0,6944643005.0,22,ASK,LONG,1.0
ETHA,2026-07-02 13:56:00.895229+00:00,CALL,13.5,2026-07-17,59713,1958,1978,1329,12.895,REPEATEDHITSASCENDINGFILL,True,False,False,59713,0,6944643005.0,15,ASK,LONG,1.0
ETHA,2026-07-02 13:56:00.895229+00:00,CALL,13.5,2026-07-17,241260,8042,10020,1329,12.895,REPEATEDHITS,True,False,False,241260,0,6944643005.0,15,ASK,LONG,1.0
ETHA,2026-07-01 19:25:27.318922+00:00,CALL,12.5,2026-07-31,62744,1012,1060,267,12.22,REPEATEDHITS,False,False,False,0,62744,6944643005.0,30,BID,SHORT,0.5
ETHA,2026-07-01 18:39:08.986586+00:00,CALL,13.0,2026-07-31,90601,2107,2135,1025,12.2052,REPEATEDHITS,False,False,False,1075,89526,6944643005.0,30,BID,SHORT,0.5
ETHA,2026-07-01 18:07:25.426215+00:00,PUT,12.0,2026-07-31,154665,2455,2875,1508,12.22,REPEATEDHITS,False,False,False,3150,151515,6944643005.0,30,BID,LONG,0.5
ETHA,2026-07-01 17:20:25.942411+00:00,CALL,11.0,2026-10-16,203625,905,955,51,12.22,REPEATEDHITS,False,False,False,0,203625,6944643005.0,107,BID,SHORT,0.5
ETHA,2026-07-01 16:32:28.669655+00:00,PUT,11.0,2026-08-21,116400,2425,4934,201,12.24,REPEATEDHITS,False,False,False,0,116400,6944643005.0,51,BID,LONG,0.5
ETHA,2026-07-01 16:27:50.359948+00:00,CALL,13.5,2026-07-31,20000,625,842,624,12.2499,REPEATEDHITS,False,False,False,20000,0,6944643005.0,30,ASK,LONG,1.0
ETHA,2026-07-01 15:49:15.780115+00:00,PUT,11.0,2026-08-21,117845,2405,2478,201,12.22,REPEATEDHITS,False,False,False,49,117796,6944643005.0,51,BID,LONG,0.5
ETHA,2026-07-01 15:30:53.658708+00:00,CALL,12.0,2027-12-17,157340,374,3765,214,12.255,REPEATEDHITSASCENDINGFILL,False,False,False,22100,135240,6944643005.0,534,BID,SHORT,0.5
ETHA,2026-07-01 15:30:45.847932+00:00,CALL,12.0,2027-12-17,189420,451,1822,214,12.255,REPEATEDHITS,False,False,False,0,189420,6944643005.0,534,BID,SHORT,0.5
ETHA,2026-07-01 15:30:44.040101+00:00,CALL,12.0,2027-12-17,119280,284,1139,214,12.255,REPEATEDHITS,False,False,False,18900,0,6944643005.0,534,ASK,LONG,1.0
ETHA,2026-07-01 15:30:38.831279+00:00,CALL,12.0,2027-12-17,173825,409,755,214,12.255,REPEATEDHITS,False,False,False,18700,0,6944643005.0,534,ASK,LONG,1.0
ETHA,2026-07-01 15:30:38.228701+00:00,CALL,12.0,2027-12-17,144500,340,346,214,12.255,REPEATEDHITS,False,False,False,20400,0,6944643005.0,534,ASK,LONG,1.0
ETHA,2026-07-01 14:14:15.965200+00:00,CALL,12.5,2026-07-24,341328,6564,6576,1285,12.15,REPEATEDHITS,False,False,False,0,341328,6944643005.0,23,BID,SHORT,0.5
ETHA,2026-06-30 14:45:48.653695+00:00,CALL,12.5,2026-07-10,31780,1589,5803,1002,11.825,REPEATEDHITS,False,False,False,0,31780,6944643005.0,10,BID,SHORT,0.5
ETHA,2026-06-30 14:30:27.585658+00:00,PUT,12.0,2026-10-16,75841,509,510,108,11.87,REPEATEDHITS,False,False,False,0,75841,6944643005.0,108,BID,LONG,0.5
ETHA,2026-06-29 19:49:30.336453+00:00,CALL,14.0,2026-08-21,35776,832,3100,290,12.245,REPEATEDHITS,False,False,False,0,35776,6944643005.0,53,BID,SHORT,0.5
ETHA,2026-06-29 19:15:05.618844+00:00,CALL,14.0,2026-08-21,28644,682,2158,290,12.1901,REPEATEDHITS,False,False,False,0,28644,6944643005.0,53,BID,SHORT,0.5
ETHA,2026-06-29 17:07:09.410077+00:00,CALL,14.0,2026-08-21,37810,995,1099,290,12.015,REPEATEDHITS,False,False,False,0,37810,6944643005.0,53,BID,SHORT,0.5
ETHA,2026-06-29 14:18:51.140009+00:00,PUT,2.0,2028-01-21,12116,932,2193,24,11.7498,REPEATEDHITS,True,False,False,0,12116,6944643005.0,571,BID,LONG,0.5
ETHA,2026-06-26 17:22:16.660476+00:00,PUT,13.0,2026-10-16,181015,883,883,4,11.9601,REPEATEDHITS,False,False,False,181015,0,6944643005.0,112,ASK,SHORT,1.0
ETHA,2026-06-26 14:36:21.744160+00:00,PUT,5.0,2026-07-10,35199,11733,30959,12,11.77,REPEATEDHITS,False,False,False,35199,0,6944643005.0,14,ASK,SHORT,1.0
ETHA,2026-06-26 14:32:15.133410+00:00,PUT,5.0,2026-07-10,11439,3813,15696,12,11.805,REPEATEDHITS,False,False,False,11439,0,6944643005.0,14,ASK,SHORT,1.0
ETHA,2026-06-26 14:32:01.115317+00:00,PUT,5.0,2026-07-10,22114,7392,8753,12,11.805,REPEATEDHITS,False,False,False,21990,124,6944643005.0,14,ASK,SHORT,1.0
EWY,2026-07-08 14:33:48.807131+00:00,CALL,177.5,2026-07-10,11000,20,25,1,177.43,REPEATEDHITS,False,False,False,0,11000,21454841938.0,2,BID,SHORT,0.5
EWY,2026-07-08 14:16:44.863565+00:00,CALL,196.0,2026-07-31,28440,36,36,23,176.445,REPEATEDHITS,False,False,False,0,22120,21454841938.0,23,BID,SHORT,0.5
EWY,2026-07-08 14:02:35.701986+00:00,CALL,175.0,2026-07-31,25800,15,125,0,177.8,REPEATEDHITS,False,False,False,0,25800,21454841938.0,23,BID,SHORT,0.5
EWY,2026-07-08 14:02:33.898264+00:00,CALL,175.0,2026-07-31,78060,45,110,0,177.81,REPEATEDHITSDESCENDINGFILL,False,False,False,38270,25950,21454841938.0,23,ASK,LONG,1.0
EWY,2026-07-08 14:02:28.888367+00:00,CALL,175.0,2026-07-31,113140,65,65,0,177.82,REPEATEDHITSDESCENDINGFILL,False,False,False,5250,10440,21454841938.0,23,BID,SHORT,0.5
EWY,2026-07-08 13:56:20.176637+00:00,CALL,192.0,2026-08-21,32610,22,22,3,176.97,REPEATEDHITS,False,False,False,0,32610,21454841938.0,44,BID,SHORT,0.5
EWY,2026-07-08 13:46:50.257857+00:00,PUT,178.0,2026-07-17,11880,12,76,5,178.71,REPEATEDHITS,False,False,False,0,11880,21454841938.0,9,BID,LONG,0.5
EWY,2026-07-08 13:45:49.323885+00:00,PUT,178.0,2026-07-17,22440,22,48,5,178.28,REPEATEDHITS,False,False,False,16320,6120,21454841938.0,9,ASK,SHORT,1.0
EWY,2026-07-08 13:40:38.491940+00:00,PUT,172.0,2026-07-17,17440,22,22,3,178.05,REPEATEDHITSASCENDINGFILL,False,False,False,0,17440,21454841938.0,9,BID,LONG,0.5
EWY,2026-07-08 13:35:36.094393+00:00,PUT,179.0,2026-07-24,536656,386,387,11,177.8,REPEATEDHITS,True,False,False,0,536656,21454841938.0,16,BID,LONG,0.5
EWY,2026-07-08 13:31:41.210690+00:00,CALL,183.0,2026-07-31,73920,56,100,13,176.65,REPEATEDHITS,True,False,False,0,73920,21454841938.0,23,BID,SHORT,0.5
EWY,2026-07-07 19:41:10.769203+00:00,CALL,207.5,2026-07-17,80220,382,394,231,180.37,REPEATEDHITS,False,False,False,22470,57750,21454841938.0,10,BID,SHORT,0.5
EWY,2026-07-07 19:29:46.661871+00:00,PUT,155.0,2026-07-10,78540,1122,1767,964,180.23,REPEATEDHITS,False,False,False,0,78540,21454841938.0,3,BID,LONG,0.5
EWY,2026-07-07 19:01:44.786654+00:00,PUT,181.0,2026-07-17,100100,91,202,0,180.22,REPEATEDHITS,True,False,False,100100,0,21454841938.0,10,ASK,SHORT,1.0
EWY,2026-07-07 18:49:26.664102+00:00,PUT,182.0,2026-07-17,113360,104,120,0,181.48,REPEATEDHITS,False,False,False,109000,4360,21454841938.0,10,ASK,SHORT,1.0
EWY,2026-07-07 18:41:40.345929+00:00,CALL,183.0,2026-07-17,11440,11,216,0,182.19,REPEATEDHITS,False,False,False,0,11440,21454841938.0,10,BID,SHORT,0.5
EWY,2026-07-07 18:19:21.107815+00:00,PUT,183.0,2026-07-17,45780,42,155,0,182.81,REPEATEDHITS,True,False,False,45780,0,21454841938.0,10,ASK,SHORT,1.0
EWY,2026-07-07 18:11:39.242125+00:00,PUT,183.0,2026-07-17,84240,78,78,0,183.19,REPEATEDHITS,True,False,False,84240,0,21454841938.0,10,ASK,SHORT,1.0
EWY,2026-07-07 16:07:01.116675+00:00,PUT,158.0,2026-07-10,155760,1416,1717,743,180.92,REPEATEDHITS,False,False,False,0,155760,21454841938.0,3,BID,LONG,0.5
EWY,2026-07-07 15:15:55.330778+00:00,PUT,134.0,2026-07-17,32663,384,401,0,179.34,REPEATEDHITSASCENDINGFILL,True,False,False,0,32663,21454841938.0,10,BID,LONG,0.5
EWY,2026-07-07 15:14:40.612109+00:00,PUT,132.0,2026-07-17,35000,500,500,0,180.2,REPEATEDHITS,True,False,False,14560,20440,21454841938.0,10,BID,LONG,0.5
EWY,2026-07-07 15:04:01.768352+00:00,PUT,125.0,2027-03-19,81130,46,300,14,178.825,REPEATEDHITSASCENDINGFILL,False,False,False,38890,42240,21454841938.0,255,BID,LONG,0.5
EWY,2026-07-07 14:41:28.315019+00:00,PUT,174.0,2026-07-17,28190,30,30,0,177.49,REPEATEDHITS,True,False,False,28190,0,21454841938.0,10,ASK,SHORT,1.0
EWY,2026-07-07 14:35:37.900853+00:00,PUT,173.0,2026-07-17,11300,13,13,0,178.13,REPEATEDHITS,True,False,False,11300,0,21454841938.0,10,ASK,SHORT,1.0
EWY,2026-07-07 14:33:04.889279+00:00,PUT,125.0,2027-03-19,454250,250,250,14,178.73,FLOORTRADELARGECAP,False,True,True,454250,0,21454841938.0,255,ASK,SHORT,1.0
EWY,2026-07-07 14:21:32.384148+00:00,CALL,179.0,2026-07-31,106600,65,150,31,179.09,REPEATEDHITS,True,False,False,80360,26240,21454841938.0,24,ASK,LONG,1.0
EWY,2026-07-07 14:21:22.972159+00:00,CALL,179.0,2026-07-31,138550,85,85,31,179.0,REPEATEDHITS,False,False,False,76610,61940,21454841938.0,24,ASK,LONG,1.0
EWY,2026-07-07 14:19:58.994533+00:00,CALL,240.0,2026-08-21,1899863,3807,3834,799,179.49,REPEATEDHITSASCENDINGFILL,False,False,False,1878863,21000,21454841938.0,45,ASK,LONG,1.0
EWY,2026-07-07 14:14:13.629232+00:00,CALL,193.0,2026-07-17,110700,205,205,0,179.405,REPEATEDHITS,True,False,False,0,110700,21454841938.0,10,BID,SHORT,0.5
EWY,2026-07-07 13:47:56.146301+00:00,PUT,131.0,2026-07-17,32650,500,501,0,182.88,REPEATEDHITSDESCENDINGFILL,False,False,False,0,32650,21454841938.0,10,BID,LONG,0.5
EWY,2026-07-06 17:38:54.799059+00:00,PUT,175.0,2026-07-17,4109000,7000,7682,6765,190.19,FLOORTRADELARGECAP,False,True,True,4109000,0,21454841938.0,11,ASK,SHORT,1.0
EWY,2026-07-06 17:10:26.550372+00:00,PUT,160.0,2028-01-21,627520,148,203,28,191.43,REPEATEDHITS,False,False,False,415520,212000,21454841938.0,564,ASK,SHORT,1.0
EWY,2026-07-06 17:08:08.001710+00:00,CALL,255.0,2026-08-21,87710,179,197,150,191.37,REPEATEDHITS,False,False,False,0,87710,21454841938.0,46,BID,SHORT,0.5
EWY,2026-07-06 15:57:21.117343+00:00,CALL,212.5,2026-07-10,28756,250,547,97,191.19,REPEATEDHITSASCENDINGFILL,True,False,False,0,28756,21454841938.0,4,BID,SHORT,0.5
EWY,2026-07-02 19:04:29.997702+00:00,CALL,165.0,2026-07-02,39360,32,33,8,177.92,REPEATEDHITS,False,False,False,0,39360,21454841938.0,0,BID,SHORT,0.5
EWY,2026-07-02 18:09:13.508595+00:00,PUT,172.5,2026-07-02,17645,588,1375,433,176.28,REPEATEDHITS,False,False,False,0,17645,21454841938.0,0,BID,LONG,0.5
EWY,2026-07-02 17:23:51.470427+00:00,CALL,197.0,2026-07-10,116650,432,433,22,177.29,REPEATEDHITS,True,False,False,280,116370,21454841938.0,8,BID,SHORT,0.5
EWY,2026-07-02 17:23:51.470427+00:00,CALL,181.0,2026-07-10,150905,191,295,14,177.32,REPEATEDHITSASCENDINGFILL,False,False,False,6323,143782,21454841938.0,8,BID,SHORT,0.5
EWY,2026-07-02 17:23:51.470427+00:00,CALL,198.0,2026-07-10,66867,267,281,123,177.29,REPEATEDHITSASCENDINGFILL,True,False,False,255,66612,21454841938.0,8,BID,SHORT,0.5
EWY,2026-07-02 16:20:16.714370+00:00,PUT,130.0,2026-07-10,51722,1150,10652,851,179.69,REPEATEDHITSDESCENDINGFILL,False,False,False,51722,0,21454841938.0,8,ASK,SHORT,1.0
EWY,2026-07-02 15:55:23.176204+00:00,CALL,181.0,2026-07-10,92390,100,102,14,181.08,REPEATEDHITSASCENDINGFILL,True,False,False,0,92390,21454841938.0,8,BID,SHORT,0.5
EWY,2026-07-02 14:31:26.713253+00:00,CALL,195.0,2026-07-31,135450,105,1021,11,183.85,REPEATEDHITS,False,False,False,135450,0,21454841938.0,29,ASK,LONG,1.0
EWY,2026-07-02 14:31:25.108129+00:00,CALL,195.0,2026-07-31,240550,188,916,11,183.71,REPEATEDHITSDESCENDINGFILL,False,False,False,240550,0,21454841938.0,29,ASK,LONG,1.0
EWY,2026-07-02 14:31:21.500351+00:00,CALL,195.0,2026-07-31,144480,112,728,11,183.81,REPEATEDHITS,False,False,False,28380,86430,21454841938.0,29,BID,SHORT,0.5
EWY,2026-07-02 14:31:11.209683+00:00,CALL,195.0,2026-07-31,118750,95,95,11,183.57,REPEATEDHITS,False,False,False,46250,23750,21454841938.0,29,ASK,LONG,1.0
EWY,2026-07-02 14:30:44.170366+00:00,PUT,172.5,2026-07-31,82600,70,432,0,183.93,REPEATEDHITS,False,False,False,0,33040,21454841938.0,29,BID,LONG,0.5
EWY,2026-07-02 14:30:34.758831+00:00,PUT,172.5,2026-07-31,167790,141,361,0,183.89,REPEATEDHITS,False,False,False,33320,33320,21454841938.0,29,MIXED,,0.0
EWY,2026-07-02 14:30:20.134033+00:00,PUT,172.5,2026-07-31,142800,119,148,0,183.34,REPEATEDHITS,False,False,False,58800,0,21454841938.0,29,ASK,SHORT,1.0
EWY,2026-07-02 14:18:10.645580+00:00,CALL,181.0,2026-08-14,60580,26,26,0,185.46,REPEATEDHITS,True,False,False,0,60580,21454841938.0,43,BID,SHORT,0.5
EWY,2026-07-01 19:07:37.018075+00:00,CALL,295.0,2026-08-21,17205,111,114,20,187.58,REPEATEDHITS,False,False,False,0,17205,21454841938.0,51,BID,SHORT,0.5
EWZ,2026-07-08 14:06:02.062046+00:00,CALL,35.0,2026-07-31,127400,1546,7126,511,34.35,REPEATEDHITSDESCENDINGFILL,True,False,False,95604,31796,9087506289.0,23,ASK,LONG,1.0
EWZ,2026-07-08 14:05:59.856382+00:00,CALL,35.0,2026-07-31,396990,5161,5578,511,34.35,REPEATEDHITSDESCENDINGFILL,True,False,False,366964,30026,9087506289.0,23,ASK,LONG,1.0
EWZ,2026-07-07 18:36:12.329111+00:00,PUT,33.5,2026-08-07,25144,449,449,3,34.71,REPEATEDHITS,False,False,False,0,25144,9087506289.0,31,BID,LONG,0.5
EWZ,2026-07-02 14:02:58.692533+00:00,CALL,35.0,2026-07-10,159900,3900,3960,343,34.68,FLOORTRADELARGECAP,False,True,False,0,159900,9087506289.0,8,BID,SHORT,0.5
EWZ,2026-07-01 19:58:07.055722+00:00,CALL,34.0,2026-07-02,45152,1411,1461,959,34.135,REPEATEDHITS,False,False,False,45152,0,9087506289.0,1,ASK,LONG,1.0
EWZ,2026-07-01 19:55:00.323789+00:00,CALL,34.5,2026-07-02,84150,9350,9373,733,34.13,FLOORTRADELARGECAP,False,True,False,84150,0,9087506289.0,1,ASK,LONG,1.0
EWZ,2026-07-01 17:37:54.921695+00:00,CALL,42.0,2026-11-20,2002500,22500,23236,7706,34.37,FLOORTRADELARGECAP,False,True,True,0,2002500,9087506289.0,142,BID,SHORT,0.5
EWZ,2026-07-01 17:37:54.921695+00:00,PUT,35.0,2026-11-20,4695000,15000,15000,5736,34.37,FLOORTRADELARGECAP,False,True,True,4695000,0,9087506289.0,142,ASK,SHORT,1.0
EWZ,2026-07-01 14:21:53.688653+00:00,CALL,40.0,2028-01-21,338828,900,1000,862,34.44,REPEATEDHITSDESCENDINGFILL,True,False,False,338828,0,9087506289.0,569,ASK,LONG,1.0
EWZ,2026-07-01 14:05:10.292447+00:00,PUT,33.5,2026-07-10,33768,1206,1223,117,34.245,REPEATEDHITS,False,False,False,0,33768,9087506289.0,9,BID,LONG,0.5
EWZ,2026-06-29 17:51:19.642874+00:00,CALL,36.0,2026-07-02,10302,3434,7127,1170,34.555,REPEATEDHITS,False,False,False,10302,0,9087506289.0,3,ASK,LONG,1.0
EWZ,2026-06-29 14:01:05.031866+00:00,PUT,34.0,2026-07-10,58351,1357,1357,766,34.585,REPEATEDHITS,False,False,False,0,58351,9087506289.0,11,BID,LONG,0.5
EWZ,2026-06-26 19:39:26.646766+00:00,CALL,42.0,2026-10-16,66000,1000,1010,341,34.635,REPEATEDHITS,False,False,False,66000,0,9087506289.0,112,ASK,LONG,1.0
EWZ,2026-06-26 15:51:56.553678+00:00,CALL,35.0,2026-07-02,33536,1048,1842,906,34.685,REPEATEDHITS,False,False,False,33536,0,9087506289.0,6,ASK,LONG,1.0
EWZ,2026-06-26 14:13:31.483847+00:00,CALL,36.0,2026-08-21,1720499,18500,18525,12353,34.32,REPEATEDHITSASCENDINGFILL,True,False,False,1720499,0,9087506289.0,56,ASK,LONG,1.0
EWZ,2026-06-25 19:19:03.365487+00:00,CALL,37.5,2026-07-17,12510,1251,1341,859,34.225,REPEATEDHITS,False,False,False,0,12500,9087506289.0,22,BID,SHORT,0.5
EWZ,2026-06-25 18:58:18.286063+00:00,CALL,35.5,2026-07-02,16511,1501,1525,167,34.225,REPEATEDHITS,False,False,False,0,16511,9087506289.0,7,BID,SHORT,0.5
EWZ,2026-06-25 18:52:47.340037+00:00,CALL,36.5,2026-07-17,43032,1956,2056,1022,34.2165,REPEATEDHITS,False,False,False,0,43032,9087506289.0,22,BID,SHORT,0.5
EWZ,2026-06-25 15:46:52.679532+00:00,PUT,34.0,2026-07-02,12243,371,419,290,34.45,REPEATEDHITS,True,False,False,0,12243,9087506289.0,7,BID,LONG,0.5
EWZ,2026-06-24 17:53:11.041454+00:00,PUT,33.5,2026-07-17,275600,3445,3963,9,33.735,REPEATEDHITS,False,False,False,275600,0,9087506289.0,23,ASK,SHORT,1.0
EWZ,2026-06-24 17:43:37.946173+00:00,PUT,33.0,2026-07-02,73164,2613,3602,169,33.74,REPEATEDHITS,False,False,False,64540,8624,9087506289.0,8,ASK,SHORT,1.0
EWZ,2026-06-23 18:30:36.019054+00:00,CALL,37.0,2026-07-10,10260,1140,1142,152,34.0584,REPEATEDHITS,False,False,False,0,8487,9087506289.0,17,BID,SHORT,0.5
EWZ,2026-06-23 16:33:38.232535+00:00,CALL,35.0,2026-06-30,20280,1014,1019,152,34.205,REPEATEDHITS,False,False,False,0,20280,9087506289.0,7,BID,SHORT,0.5
EWZ,2026-06-23 15:25:06.696056+00:00,CALL,34.5,2026-07-17,34320,429,431,184,34.08,REPEATEDHITS,False,False,False,34320,0,9087506289.0,24,ASK,LONG,1.0
EWZ,2026-06-23 13:57:48.949178+00:00,PUT,29.0,2026-10-16,68724,996,996,249,33.975,REPEATEDHITS,False,False,False,68655,69,9087506289.0,115,ASK,SHORT,1.0
EWZ,2026-06-23 13:41:24.798313+00:00,PUT,28.0,2026-10-16,51168,984,984,202,34.0,REPEATEDHITS,False,False,False,51168,0,9087506289.0,115,ASK,SHORT,1.0
EWZ,2026-06-22 19:37:27.992144+00:00,CALL,36.5,2026-07-17,25218,934,985,0,34.309,REPEATEDHITS,False,False,False,0,25218,9087506289.0,25,BID,SHORT,0.5
EWZ,2026-06-22 18:37:02.554548+00:00,CALL,53.0,2026-12-18,17580,1172,1172,45,34.315,REPEATEDHITS,False,False,False,0,17580,9087506289.0,179,BID,SHORT,0.5
EWZ,2026-06-22 15:28:25.082594+00:00,CALL,34.0,2026-08-21,287076,1527,1534,1193,34.37,REPEATEDHITS,False,False,False,287076,0,9087506289.0,60,ASK,LONG,1.0
EWZ,2026-06-18 19:52:02.626944+00:00,CALL,34.0,2026-06-26,74440,1861,4098,707,33.74,REPEATEDHITS,False,False,False,0,74440,9087506289.0,8,BID,SHORT,0.5
EWZ,2026-06-18 16:36:58.088540+00:00,CALL,35.0,2026-11-20,225711,809,1362,323,33.655,REPEATEDHITS,False,False,False,151497,74214,9087506289.0,155,ASK,LONG,1.0
EWZ,2026-06-18 15:07:12.422141+00:00,CALL,34.0,2026-08-21,140280,840,847,484,33.89,REPEATEDHITS,False,False,False,140280,0,9087506289.0,64,ASK,LONG,1.0
EWZ,2026-06-18 13:41:31.693378+00:00,PUT,25.0,2026-09-18,16968,1414,1414,451,33.86,REPEATEDHITS,False,False,False,16968,0,9087506289.0,92,ASK,SHORT,1.0
EWZ,2026-06-17 13:36:06.924037+00:00,PUT,35.0,2026-10-16,208468,844,844,228,34.9401,REPEATEDHITS,False,False,False,208468,0,9087506289.0,121,ASK,SHORT,1.0
EWZ,2026-06-16 16:10:56.065513+00:00,PUT,33.0,2026-06-30,145762,6158,6164,108,34.505,REPEATEDHITSASCENDINGFILL,False,False,False,134698,11064,9087506289.0,14,ASK,SHORT,1.0
EWZ,2026-06-15 16:49:33.815617+00:00,CALL,30.0,2026-08-21,27000,50,255,8,34.85,REPEATEDHITS,True,False,False,19440,7560,9087506289.0,67,ASK,LONG,1.0
EWZ,2026-06-15 14:30:35.119466+00:00,CALL,35.0,2026-07-02,38115,363,363,34,35.2407,REPEATEDHITS,False,False,False,0,38115,9087506289.0,17,BID,SHORT,0.5
EWZ,2026-06-12 19:15:45.462368+00:00,PUT,32.0,2026-07-10,32352,1348,1741,14,35.06,REPEATEDHITS,False,False,False,0,32352,9087506289.0,28,BID,LONG,0.5
EWZ,2026-06-12 19:12:31.181200+00:00,CALL,38.0,2026-07-17,2962521,109723,110424,46327,35.0642,FLOORTRADELARGECAP,False,True,True,0,2962521,9087506289.0,35,BID,SHORT,0.5
EWZ,2026-06-12 16:44:33.893534+00:00,CALL,37.0,2027-03-19,17955,57,57,54,35.02,REPEATEDHITS,False,False,False,4725,13230,9087506289.0,280,BID,SHORT,0.5
EWZ,2026-06-12 16:13:11.098878+00:00,PUT,38.0,2026-06-12,43216,146,186,106,35.07,REPEATEDHITS,True,False,False,0,43216,9087506289.0,0,BID,LONG,0.5
EWZ,2026-06-12 16:13:11.098878+00:00,PUT,36.0,2026-06-12,12861,134,156,85,35.04,REPEATEDHITSASCENDINGFILL,True,False,False,0,12861,9087506289.0,0,BID,LONG,0.5
EWZ,2026-06-12 15:48:40.378101+00:00,PUT,33.5,2026-06-26,50796,1411,1422,920,35.0417,REPEATEDHITS,False,False,False,50796,0,9087506289.0,14,ASK,SHORT,1.0
EWZ,2026-06-12 15:12:58.541774+00:00,CALL,37.0,2026-06-26,27040,1690,1693,165,35.14,REPEATEDHITS,False,False,False,0,25440,9087506289.0,14,BID,SHORT,0.5
EWZ,2026-06-12 14:05:52.824045+00:00,CALL,35.5,2026-06-12,14920,2984,2986,2315,35.155,REPEATEDHITS,False,False,False,14820,0,9087506289.0,0,ASK,LONG,1.0
EWZ,2026-06-11 17:55:08.403098+00:00,PUT,34.0,2026-06-12,12100,1100,1239,1045,34.48,REPEATEDHITS,False,False,False,12100,0,9087506289.0,1,ASK,SHORT,1.0
EWZ,2026-06-11 15:01:59.326268+00:00,PUT,33.0,2026-06-26,66664,1282,1282,681,34.0,REPEATEDHITS,False,False,False,66664,0,9087506289.0,15,ASK,SHORT,1.0
EWZ,2026-06-11 14:13:14.596673+00:00,CALL,33.0,2026-10-16,61750,190,190,26,33.97,REPEATEDHITS,False,False,False,49725,0,9087506289.0,127,ASK,LONG,1.0
EWZ,2026-06-09 17:04:20.221456+00:00,CALL,36.0,2026-06-30,22726,1033,4746,546,33.825,REPEATEDHITS,False,False,False,22726,0,9087506289.0,21,ASK,LONG,1.0
EWZ,2026-06-09 17:03:19.328243+00:00,CALL,36.0,2026-06-30,13750,625,3631,546,33.82,REPEATEDHITS,False,False,False,13750,0,9087506289.0,21,ASK,LONG,1.0
FCEL,2026-07-08 15:06:49.635990+00:00,CALL,26.0,2026-07-17,122539,994,1671,431,22.35,REPEATEDHITSDESCENDINGFILL,False,False,False,82219,40320,1755108171.0,9,ASK,LONG,1.0
FCEL,2026-07-07 19:00:07.582124+00:00,CALL,35.5,2026-07-10,12510,625,628,7,26.18,REPEATEDHITS,False,False,False,0,12510,1755108171.0,3,BID,SHORT,0.5
FCEL,2026-07-07 14:46:20.901214+00:00,PUT,28.0,2026-07-31,29640,57,59,17,26.3691,REPEATEDHITS,False,False,False,1040,28600,1755108171.0,24,BID,LONG,0.5
FCEL,2026-07-07 14:38:59.851712+00:00,CALL,25.0,2026-07-31,13630,29,34,17,26.03,REPEATEDHITS,False,False,False,3760,7990,1755108171.0,24,BID,SHORT,0.5
FCEL,2026-07-07 14:29:32.352225+00:00,PUT,28.0,2026-07-17,121681,312,329,125,26.48,REPEATEDHITS,False,False,False,0,121681,1755108171.0,10,BID,LONG,0.5
FCEL,2026-07-07 14:21:59.415668+00:00,CALL,32.0,2026-07-31,10260,38,38,32,26.72,REPEATEDHITS,True,False,False,0,10260,1755108171.0,24,BID,SHORT,0.5
FCEL,2026-07-06 16:48:39.236118+00:00,CALL,34.0,2026-07-17,14750,50,113,31,31.15,REPEATEDHITS,False,False,False,14750,0,1755108171.0,11,ASK,LONG,1.0
FCEL,2026-07-01 19:06:21.123989+00:00,PUT,33.0,2026-07-17,323457,681,743,40,32.42,REPEATEDHITSDESCENDINGFILL,False,False,False,162717,160740,1755108171.0,16,ASK,SHORT,1.0
FCEL,2026-07-01 16:02:22.502249+00:00,PUT,39.0,2026-07-10,44640,62,4668,4,33.955,REPEATEDHITS,True,False,False,44640,0,1755108171.0,9,ASK,SHORT,1.0
FCEL,2026-07-01 15:32:50.246398+00:00,PUT,39.0,2026-07-10,2782387,3872,4338,4,34.07,SWEEPSFOLLOWEDBYFLOOR,True,True,False,2781687,700,1755108171.0,9,ASK,SHORT,1.0
FCEL,2026-07-01 15:32:38.227950+00:00,PUT,39.0,2026-07-10,410027,583,583,4,34.21,REPEATEDHITS,True,False,False,270887,139140,1755108171.0,9,ASK,SHORT,1.0
FCEL,2026-06-30 19:21:53.666535+00:00,CALL,40.0,2026-07-02,17278,108,6707,0,37.37,REPEATEDHITSASCENDINGFILL,False,False,False,17278,0,1755108171.0,2,ASK,LONG,1.0
FCEL,2026-06-30 19:21:53.666535+00:00,CALL,40.0,2026-07-02,41276,258,6965,0,37.35,REPEATEDHITS,False,False,False,41276,0,1755108171.0,2,ASK,LONG,1.0
FCEL,2026-06-30 18:12:45.965471+00:00,CALL,40.0,2026-07-02,66555,493,5437,0,36.69,REPEATEDHITS,True,False,False,405,58050,1755108171.0,2,BID,SHORT,0.5
FCEL,2026-06-30 18:10:49.235133+00:00,CALL,40.0,2026-07-02,87304,582,4876,0,37.1,REPEATEDHITS,False,False,False,0,87304,1755108171.0,2,BID,SHORT,0.5
FCEL,2026-06-30 15:07:49.791284+00:00,CALL,40.0,2026-07-02,14520,132,2888,0,35.4253,REPEATEDHITS,False,False,False,0,14520,1755108171.0,2,BID,SHORT,0.5
FCEL,2026-06-30 15:06:28.076349+00:00,CALL,40.0,2026-07-02,11000,100,2739,0,35.55,REPEATEDHITS,False,False,False,0,11000,1755108171.0,2,BID,SHORT,0.5
FCEL,2026-06-30 14:22:25.520522+00:00,PUT,35.0,2026-07-02,11600,58,283,10,36.365,REPEATEDHITS,False,False,False,6400,2800,1755108171.0,2,ASK,SHORT,1.0
FCEL,2026-06-30 14:11:32.169615+00:00,PUT,26.0,2026-10-16,33000,60,60,12,35.72,REPEATEDHITS,False,False,False,25850,7150,1755108171.0,108,ASK,SHORT,1.0
FCEL,2026-06-30 13:52:23.502185+00:00,CALL,34.0,2026-07-10,15503,35,64,28,34.55,REPEATEDHITSASCENDINGFILL,False,False,False,15503,0,1755108171.0,10,ASK,LONG,1.0
FCEL,2026-06-29 16:01:40.627329+00:00,CALL,32.5,2026-07-02,11550,70,118,11,30.7199,REPEATEDHITS,False,False,False,11550,0,1755108171.0,3,ASK,LONG,1.0
FCEL,2026-06-29 13:42:43.779708+00:00,CALL,35.0,2026-07-02,13040,122,403,19,29.88,REPEATEDHITSASCENDINGFILL,False,False,False,13040,0,1755108171.0,3,ASK,LONG,1.0
FCEL,2026-06-26 17:06:27.769682+00:00,CALL,24.0,2026-07-02,89300,380,1439,135,24.71,REPEATEDHITS,False,False,False,79665,0,1755108171.0,6,ASK,LONG,1.0
FCEL,2026-06-26 14:53:26.786361+00:00,CALL,27.0,2026-07-02,80090,534,592,41,25.12,REPEATEDHITSDESCENDINGFILL,False,False,False,79195,895,1755108171.0,6,ASK,LONG,1.0
FCEL,2026-06-26 14:14:48.803586+00:00,PUT,15.0,2026-07-24,33654,612,615,60,23.365,REPEATEDHITS,False,False,False,33654,0,1755108171.0,28,ASK,SHORT,1.0
FCEL,2026-06-26 13:41:44.186579+00:00,CALL,24.0,2026-07-02,29400,245,327,135,22.095,REPEATEDHITS,True,False,False,0,29400,1755108171.0,6,BID,SHORT,0.5
FCEL,2026-06-26 13:33:12.184519+00:00,CALL,28.0,2026-07-31,12035,63,63,16,21.86,REPEATEDHITSDESCENDINGFILL,False,False,False,7040,4995,1755108171.0,35,ASK,LONG,1.0
FCEL,2026-06-25 15:33:22.784839+00:00,PUT,19.0,2026-06-26,38497,513,638,500,19.24,REPEATEDHITSASCENDINGFILL,False,False,False,150,38347,1755108171.0,1,BID,LONG,0.5
FCEL,2026-06-25 14:48:29.295898+00:00,CALL,31.0,2026-08-21,565616,3649,3649,709,18.53,REPEATEDHITS,False,False,False,0,565616,1755108171.0,57,BID,SHORT,0.5
FCEL,2026-06-25 14:48:29.295898+00:00,CALL,27.0,2026-08-21,44000,200,200,96,18.53,REPEATEDHITS,True,False,False,0,44000,1755108171.0,57,BID,SHORT,0.5
FCEL,2026-06-24 19:34:12.946999+00:00,CALL,27.0,2026-08-21,31500,90,97,5,21.15,REPEATEDHITS,False,False,False,0,30450,1755108171.0,58,BID,SHORT,0.5
FCEL,2026-06-24 17:20:34.886816+00:00,PUT,18.5,2026-06-26,17804,509,517,239,20.5509,REPEATEDHITS,False,False,False,17804,0,1755108171.0,2,ASK,SHORT,1.0
FCEL,2026-06-24 17:08:36.985682+00:00,CALL,21.5,2026-06-26,17820,198,528,86,20.84,REPEATEDHITS,False,False,False,0,17820,1755108171.0,2,BID,SHORT,0.5
FCEL,2026-06-24 14:14:21.894709+00:00,PUT,23.0,2026-07-10,17146,50,50,14,22.0617,REPEATEDHITSASCENDINGFILL,False,False,False,6120,11026,1755108171.0,16,BID,LONG,0.5
FCEL,2026-06-23 16:10:06.693318+00:00,CALL,29.0,2026-07-02,45717,609,613,26,22.51,REPEATEDHITSASCENDINGFILL,False,False,False,0,45717,1755108171.0,9,BID,SHORT,0.5
FCEL,2026-06-22 15:43:07.734313+00:00,CALL,24.0,2026-08-21,297000,495,502,43,24.27,REPEATEDHITS,True,False,False,297000,0,1755108171.0,60,ASK,LONG,1.0
FCEL,2026-06-18 19:42:07.641790+00:00,CALL,28.0,2026-06-26,11000,100,1274,69,23.72,REPEATEDHITS,False,False,False,11000,0,1755108171.0,8,ASK,LONG,1.0
FCEL,2026-06-18 19:41:47.211451+00:00,CALL,28.0,2026-06-26,10500,100,1121,69,23.75,REPEATEDHITS,False,False,False,0,10500,1755108171.0,8,BID,SHORT,0.5
FCEL,2026-06-18 18:38:05.922804+00:00,PUT,17.5,2026-06-26,20930,598,1041,49,21.83,REPEATEDHITS,False,False,False,0,20930,1755108171.0,8,BID,LONG,0.5
FCEL,2026-06-18 18:37:17.649331+00:00,PUT,17.5,2026-06-26,16060,401,443,49,21.825,REPEATEDHITSASCENDINGFILL,False,False,False,0,16060,1755108171.0,8,BID,LONG,0.5
FCEL,2026-06-18 16:45:41.728825+00:00,PUT,19.0,2026-07-02,11830,91,335,53,21.65,REPEATEDHITS,True,False,False,11830,0,1755108171.0,14,ASK,SHORT,1.0
FCEL,2026-06-18 16:45:07.284219+00:00,PUT,19.0,2026-07-02,14820,114,116,53,21.5,REPEATEDHITS,True,False,False,14820,0,1755108171.0,14,ASK,SHORT,1.0
FCEL,2026-06-16 13:44:07.386524+00:00,CALL,20.5,2026-07-02,97125,500,500,1,18.62,REPEATEDHITSDESCENDINGFILL,False,False,False,97125,0,1755108171.0,16,ASK,LONG,1.0
FCEL,2026-06-15 17:25:53.372662+00:00,PUT,17.0,2026-07-17,117395,443,446,217,17.1,REPEATEDHITS,False,False,False,0,117395,1755108171.0,32,BID,LONG,0.5
FCEL,2026-06-12 19:05:49.657303+00:00,PUT,18.5,2026-06-26,29795,101,113,72,16.835,REPEATEDHITS,False,False,False,0,29500,1755108171.0,14,BID,LONG,0.5
FCEL,2026-06-12 15:26:06.709406+00:00,PUT,17.5,2026-06-18,353370,2524,2535,82,17.68,REPEATEDHITS,False,False,False,0,345810,1755108171.0,6,BID,LONG,0.5
FCEL,2026-06-11 16:54:30.097405+00:00,CALL,17.5,2026-06-12,25000,500,767,98,16.95,REPEATEDHITS,False,False,False,0,25000,1755108171.0,1,BID,SHORT,0.5
FCEL,2026-06-09 19:06:01.630560+00:00,CALL,20.5,2026-06-26,29250,225,247,0,17.44,REPEATEDHITS,True,False,False,0,26520,1755108171.0,17,BID,SHORT,0.5
FCEL,2026-06-09 15:39:25.686066+00:00,CALL,20.0,2026-06-12,308490,4407,11228,1024,17.79,REPEATEDHITS,True,False,False,0,308490,1755108171.0,3,BID,SHORT,0.5
FCEL,2026-06-09 14:58:23.215517+00:00,PUT,16.5,2026-06-12,43560,792,926,363,19.17,REPEATEDHITS,False,False,False,43560,0,1755108171.0,3,ASK,SHORT,1.0
FSLR,2026-07-08 14:32:11.829470+00:00,CALL,247.5,2026-07-24,10690,23,26,0,223.73,REPEATEDHITS,True,False,False,6900,3790,24469279822.0,16,ASK,LONG,1.0
FSLR,2026-07-08 14:25:26.596115+00:00,PUT,217.5,2026-07-17,13640,22,44,0,224.62,REPEATEDHITSASCENDINGFILL,True,False,False,7475,6165,24469279822.0,9,ASK,SHORT,1.0
FSLR,2026-07-08 14:16:41.856760+00:00,CALL,255.0,2026-07-17,11116,79,84,28,223.6075,REPEATEDHITSASCENDINGFILL,True,False,False,5472,5644,24469279822.0,9,BID,SHORT,0.5
FSLR,2026-07-08 14:02:28.888367+00:00,CALL,217.5,2026-07-17,53825,39,39,0,225.31,REPEATEDHITS,True,False,False,0,53825,24469279822.0,9,BID,SHORT,0.5
FSLR,2026-07-06 19:30:17.842141+00:00,CALL,222.5,2026-07-10,20586,14,18,5,234.66,REPEATEDHITS,True,False,False,0,20586,24469279822.0,4,BID,SHORT,0.5
FSLR,2026-07-06 19:30:17.842141+00:00,CALL,222.5,2026-07-10,11728,8,26,5,234.66,REPEATEDHITSDESCENDINGFILL,True,False,False,1465,10263,24469279822.0,4,BID,SHORT,0.5
FSLR,2026-07-06 14:22:56.066510+00:00,PUT,265.0,2026-07-17,94250,29,29,5,234.8796,REPEATEDHITS,False,False,False,0,94250,24469279822.0,11,BID,LONG,0.5
FSLR,2026-07-02 17:10:38.525663+00:00,PUT,140.0,2026-08-21,12164,100,714,14,219.98,REPEATEDHITSASCENDINGFILL,False,False,False,12164,0,24469279822.0,50,ASK,SHORT,1.0
FSLR,2026-07-02 17:10:17.902721+00:00,PUT,140.0,2026-08-21,11862,100,614,14,219.625,REPEATEDHITSASCENDINGFILL,False,False,False,11862,0,24469279822.0,50,ASK,SHORT,1.0
FSLR,2026-07-02 16:52:52.814596+00:00,PUT,212.5,2026-07-10,10745,26,64,11,221.53,REPEATEDHITSASCENDINGFILL,True,False,False,420,10325,24469279822.0,8,BID,LONG,0.5
FSLR,2026-07-02 15:21:01.051393+00:00,PUT,217.5,2026-07-10,17952,44,54,38,226.715,REPEATEDHITSASCENDINGFILL,True,False,False,4528,13424,24469279822.0,8,BID,LONG,0.5
FSLR,2026-07-01 18:23:30.639558+00:00,PUT,237.5,2026-07-17,88440,67,96,11,236.3,REPEATEDHITS,False,False,False,87120,1320,24469279822.0,16,ASK,SHORT,1.0
FSLR,2026-07-01 18:22:35.582452+00:00,CALL,237.5,2026-07-17,17310,14,46,13,236.15,REPEATEDHITSASCENDINGFILL,True,False,False,8665,8645,24469279822.0,16,ASK,LONG,1.0
FSLR,2026-07-01 16:12:14.017987+00:00,CALL,247.5,2026-07-10,21665,34,46,30,239.5,REPEATEDHITSASCENDINGFILL,True,False,False,14045,7620,24469279822.0,9,ASK,LONG,1.0
FSLR,2026-07-01 15:43:47.379633+00:00,CALL,257.5,2026-07-17,146490,271,271,10,235.85,REPEATEDHITSDESCENDINGFILL,True,False,False,145950,540,24469279822.0,16,ASK,LONG,1.0
FSLR,2026-07-01 13:32:16.822582+00:00,CALL,245.0,2026-07-10,48240,72,72,43,236.97,REPEATEDHITS,False,False,False,48240,0,24469279822.0,9,ASK,LONG,1.0
FSLR,2026-06-30 19:44:52.562170+00:00,PUT,237.5,2026-07-02,42565,66,112,27,235.38,REPEATEDHITS,True,False,False,42565,0,24469279822.0,2,ASK,SHORT,1.0
FSLR,2026-06-30 18:05:28.656208+00:00,CALL,227.5,2026-07-02,25070,25,33,5,234.89,REPEATEDHITSASCENDINGFILL,True,False,False,11135,13935,24469279822.0,2,BID,SHORT,0.5
FSLR,2026-06-30 13:30:18.641199+00:00,CALL,245.0,2026-07-02,539280,1498,1500,183,238.005,FLOORTRADELARGECAP,False,True,False,0,539280,24469279822.0,2,BID,SHORT,0.5
FSLR,2026-06-29 19:26:07.500910+00:00,CALL,232.5,2026-07-02,327770,449,462,3,231.95,REPEATEDHITS,False,False,False,0,223380,24469279822.0,3,BID,SHORT,0.5
FSLR,2026-06-29 15:58:19.008000+00:00,CALL,232.5,2026-07-17,460500,300,302,0,232.4325,REPEATEDHITS,True,False,False,460500,0,24469279822.0,18,ASK,LONG,1.0
FSLR,2026-06-29 14:49:03.644731+00:00,CALL,235.0,2026-07-02,11960,23,30,19,229.88,REPEATEDHITS,False,False,False,0,11960,24469279822.0,3,BID,SHORT,0.5
FSLR,2026-06-29 13:56:10.719516+00:00,CALL,250.0,2026-07-10,145322,208,210,71,236.765,REPEATEDHITS,True,False,False,36920,108402,24469279822.0,11,BID,SHORT,0.5
FSLR,2026-06-29 13:56:10.719516+00:00,CALL,252.5,2026-07-10,85570,132,132,6,236.765,REPEATEDHITSASCENDINGFILL,True,False,False,66300,8870,24469279822.0,11,ASK,LONG,1.0
FSLR,2026-06-29 13:37:25.111076+00:00,PUT,232.5,2026-07-17,14555,12,17,6,239.68,REPEATEDHITSDESCENDINGFILL,False,False,False,6045,8510,24469279822.0,18,BID,LONG,0.5
FSLR,2026-06-29 13:36:46.627000+00:00,CALL,247.5,2026-07-10,21976,22,22,1,240.45,REPEATEDHITSDESCENDINGFILL,True,False,False,6980,14996,24469279822.0,11,BID,SHORT,0.5
FSLR,2026-06-29 13:36:46.627000+00:00,CALL,235.0,2026-07-10,114055,70,70,10,240.45,REPEATEDHITSDESCENDINGFILL,True,False,False,109210,4845,24469279822.0,11,ASK,LONG,1.0
FSLR,2026-06-29 13:36:46.627000+00:00,CALL,225.0,2026-07-10,304630,138,138,21,240.45,REPEATEDHITSDESCENDINGFILL,True,False,False,304630,0,24469279822.0,11,ASK,LONG,1.0
FSLR,2026-06-26 19:13:11.924389+00:00,CALL,270.0,2026-06-26,15010,754,942,267,238.19,REPEATEDHITSDESCENDINGFILL,False,False,False,2800,210,24469279822.0,0,ASK,LONG,1.0
FSLR,2026-06-25 14:38:37.438188+00:00,CALL,247.5,2026-07-17,88775,46,51,0,246.96,REPEATEDHITS,True,False,False,88775,0,24469279822.0,22,ASK,LONG,1.0
FSLR,2026-06-25 14:19:18.760814+00:00,PUT,185.0,2026-08-21,11080,19,30,4,243.0441,REPEATEDHITSDESCENDINGFILL,False,False,False,0,11080,24469279822.0,57,BID,LONG,0.5
FSLR,2026-06-24 18:51:32.739455+00:00,CALL,430.0,2026-12-18,42616,42,44,21,245.71,REPEATEDHITSASCENDINGFILL,False,False,False,42616,0,24469279822.0,177,ASK,LONG,1.0
FSLR,2026-06-24 17:25:41.258489+00:00,CALL,290.0,2026-07-10,107010,235,835,198,246.25,REPEATEDHITSASCENDINGFILL,False,False,False,58090,48920,24469279822.0,16,ASK,LONG,1.0
FSLR,2026-06-24 17:25:21.440189+00:00,CALL,290.0,2026-07-10,118135,277,285,198,245.1,REPEATEDHITS,False,False,False,91590,15795,24469279822.0,16,ASK,LONG,1.0
FSLR,2026-06-24 16:10:05.303081+00:00,CALL,262.5,2026-06-26,97861,179,444,145,253.08,REPEATEDHITSASCENDINGFILL,True,False,False,3290,94571,24469279822.0,2,BID,SHORT,0.5
FSLR,2026-06-24 16:08:45.011199+00:00,CALL,247.5,2026-06-26,19550,17,35,3,253.16,REPEATEDHITS,False,False,False,10350,9200,24469279822.0,2,ASK,LONG,1.0
FSLR,2026-06-24 16:04:05.079634+00:00,CALL,262.5,2026-06-26,92286,192,264,145,252.49,REPEATEDHITSDESCENDINGFILL,True,False,False,35286,57000,24469279822.0,2,BID,SHORT,0.5
FSLR,2026-06-24 16:04:05.079634+00:00,CALL,252.5,2026-06-26,118828,139,205,18,252.49,REPEATEDHITSDESCENDINGFILL,True,False,False,117988,840,24469279822.0,2,ASK,LONG,1.0
FSLR,2026-06-24 16:04:05.079634+00:00,CALL,255.0,2026-06-26,142185,179,291,56,252.49,REPEATEDHITSDESCENDINGFILL,True,False,False,135945,6240,24469279822.0,2,ASK,LONG,1.0
FSLR,2026-06-24 16:02:22.361814+00:00,CALL,290.0,2026-06-26,83047,944,1022,323,252.225,REPEATEDHITSASCENDINGFILL,False,False,False,36474,46573,24469279822.0,2,BID,SHORT,0.5
FSLR,2026-06-23 18:52:05.510056+00:00,CALL,250.0,2026-07-02,127169,84,87,15,251.6,REPEATEDHITSDESCENDINGFILL,False,False,False,32024,95145,24469279822.0,9,BID,SHORT,0.5
FSLR,2026-06-23 13:54:35.392316+00:00,CALL,262.5,2026-06-26,139565,128,134,119,262.36,REPEATEDHITSASCENDINGFILL,True,False,False,57055,82510,24469279822.0,3,BID,SHORT,0.5
FSLR,2026-06-22 18:40:02.324231+00:00,PUT,225.0,2026-07-17,46732,87,100,0,266.38,REPEATEDHITSASCENDINGFILL,False,False,False,20515,26217,24469279822.0,25,BID,LONG,0.5
FSLR,2026-06-22 18:40:02.324231+00:00,PUT,215.0,2026-07-17,29820,84,139,0,266.38,REPEATEDHITS,False,False,False,17395,12425,24469279822.0,25,ASK,SHORT,1.0
FSLR,2026-06-22 16:09:35.700460+00:00,PUT,250.0,2026-07-10,1171768,988,1004,295,264.01,FLOORTRADELARGECAP,False,True,True,0,1171768,24469279822.0,18,BID,LONG,0.5
FSLR,2026-06-22 15:59:44.974590+00:00,PUT,220.0,2026-07-31,21895,26,82,5,264.43,REPEATEDHITS,True,False,False,13495,8400,24469279822.0,39,ASK,SHORT,1.0
FSLR,2026-06-18 15:38:19.724913+00:00,CALL,290.0,2026-07-10,203979,217,248,15,261.01,REPEATEDHITS,False,False,False,203979,0,24469279822.0,22,ASK,LONG,1.0
FSLR,2026-06-16 17:58:13.040370+00:00,PUT,272.5,2026-07-02,229315,117,183,0,268.83,REPEATEDHITSASCENDINGFILL,True,False,False,207755,21560,24469279822.0,16,ASK,SHORT,1.0
FSLR,2026-06-16 17:58:13.040370+00:00,PUT,277.5,2026-07-02,42935,19,54,0,268.96,REPEATEDHITSASCENDINGFILL,True,False,False,42935,0,24469279822.0,16,ASK,SHORT,1.0
FSLR,2026-06-16 16:29:55.316400+00:00,CALL,420.0,2026-12-18,22892,14,25,5,268.5,REPEATEDHITS,False,False,False,14760,3242,24469279822.0,185,ASK,LONG,1.0
FSLY,2026-07-08 13:39:52.953853+00:00,CALL,18.0,2026-07-31,27860,150,150,111,18.38,REPEATEDHITSASCENDINGFILL,True,False,False,0,27860,2909335000.0,23,BID,SHORT,0.5
FSLY,2026-07-07 16:24:53.661062+00:00,CALL,22.5,2026-08-21,25725,147,166,119,19.14,REPEATEDHITS,True,False,False,18025,7525,2909335000.0,45,ASK,LONG,1.0
FSLY,2026-07-06 14:09:21.832518+00:00,CALL,19.0,2026-07-10,11000,200,433,194,18.53,REPEATEDHITS,False,False,False,0,11000,2909335000.0,4,BID,SHORT,0.5
FSLY,2026-06-24 15:12:09.082302+00:00,CALL,17.5,2026-07-02,42050,841,844,101,16.51,REPEATEDHITS,False,False,False,0,41250,2909335000.0,8,BID,SHORT,0.5
FSLY,2026-06-24 13:53:19.131930+00:00,PUT,15.0,2026-08-21,53200,304,309,41,16.47,REPEATEDHITS,False,False,False,0,53200,2909335000.0,58,BID,LONG,0.5
FSLY,2026-06-17 19:25:39.028765+00:00,PUT,19.0,2026-06-18,118943,851,866,270,17.75,REPEATEDHITS,True,False,False,106203,0,2909335000.0,1,ASK,SHORT,1.0
FSLY,2026-06-08 19:56:34.915602+00:00,PUT,20.0,2026-06-12,141920,1057,1330,489,19.275,REPEATEDHITSASCENDINGFILL,True,False,False,121770,0,2909335000.0,4,ASK,SHORT,1.0
FSLY,2026-06-03 18:36:52.823198+00:00,PUT,20.0,2026-06-12,26444,352,372,105,21.49,REPEATEDHITSASCENDINGFILL,False,False,False,4050,22394,2909335000.0,9,BID,LONG,0.5
FSLY,2026-06-02 17:52:52.680207+00:00,CALL,25.0,2026-07-17,137927,690,1276,591,21.6,REPEATEDHITSDESCENDINGFILL,True,False,False,137927,0,2909335000.0,45,ASK,LONG,1.0
FSLY,2026-06-02 15:23:33.506636+00:00,CALL,23.0,2026-06-12,20985,700,711,465,18.79,REPEATEDHITSDESCENDINGFILL,False,False,False,20415,0,2909335000.0,10,ASK,LONG,1.0
FSLY,2026-06-01 19:34:01.267727+00:00,CALL,21.5,2026-06-05,17084,500,592,20,19.36,REPEATEDHITSASCENDINGFILL,False,False,False,17084,0,2909335000.0,4,ASK,LONG,1.0
FSLY,2026-06-01 19:29:49.623791+00:00,CALL,23.0,2026-06-12,15640,447,451,84,19.3499,REPEATEDHITS,False,False,False,13890,1750,2909335000.0,11,ASK,LONG,1.0
FSLY,2026-06-01 15:27:56.608558+00:00,CALL,20.0,2026-06-05,100000,2000,3786,500,18.79,REPEATEDHITS,False,False,False,100000,0,2909335000.0,4,ASK,LONG,1.0
FSLY,2026-06-01 14:51:23.782412+00:00,CALL,20.0,2026-06-05,31779,908,1561,500,18.7,REPEATEDHITS,False,False,False,31779,0,2909335000.0,4,ASK,LONG,1.0
FSLY,2026-05-29 17:09:45.407328+00:00,CALL,18.0,2026-06-05,26686,350,441,285,17.735,REPEATEDHITSASCENDINGFILL,False,False,False,26686,0,2909335000.0,7,ASK,LONG,1.0
FSLY,2026-05-28 16:15:46.030913+00:00,CALL,20.0,2026-07-17,196075,1705,1743,631,17.08,REPEATEDHITS,False,False,False,130410,0,2909335000.0,50,ASK,LONG,1.0
FSLY,2026-05-27 15:51:30.914922+00:00,PUT,18.0,2026-06-18,14800,80,91,21,17.2,REPEATEDHITS,False,False,False,0,14800,2909335000.0,22,BID,LONG,0.5
FSLY,2026-05-26 18:21:41.214740+00:00,CALL,19.0,2026-06-18,69059,692,701,18,17.49,REPEATEDHITSASCENDINGFILL,True,False,False,69059,0,2909335000.0,23,ASK,LONG,1.0
FSLY,2026-05-26 18:10:30.259439+00:00,CALL,18.5,2026-05-29,11057,443,872,252,17.39,REPEATEDHITSDESCENDINGFILL,False,False,False,10682,0,2909335000.0,3,ASK,LONG,1.0
FSLY,2026-05-26 18:10:24.249786+00:00,CALL,18.5,2026-06-05,38828,650,671,1,17.315,REPEATEDHITSASCENDINGFILL,True,False,False,38828,0,2909335000.0,10,ASK,LONG,1.0
FSLY,2026-05-26 15:08:26.925284+00:00,CALL,17.5,2026-07-17,204850,1205,1252,279,16.66,REPEATEDHITS,False,False,False,204850,0,2909335000.0,52,ASK,LONG,1.0
FSLY,2026-05-20 15:32:48.939502+00:00,PUT,18.0,2026-06-12,36575,209,209,33,17.41,REPEATEDHITS,False,False,False,36575,0,2909335000.0,23,ASK,SHORT,1.0
FSLY,2026-05-18 19:23:01.170195+00:00,CALL,17.5,2026-09-18,247484,750,759,229,16.52,REPEATEDHITS,False,False,False,247484,0,2909335000.0,123,ASK,LONG,1.0
FSLY,2026-05-14 14:53:50.865259+00:00,PUT,12.5,2027-01-15,252073,1073,1094,687,17.57,REPEATEDHITSASCENDINGFILL,False,False,False,251843,0,2909335000.0,246,ASK,SHORT,1.0
GAP,2026-07-06 14:59:47.481117+00:00,PUT,19.0,2027-03-19,12848,44,167,0,19.05,REPEATEDHITS,False,False,False,0,12848,6864798252.0,256,BID,LONG,0.5
GAP,2026-07-06 13:42:22.923878+00:00,PUT,19.0,2026-07-10,12550,251,711,90,18.925,REPEATEDHITS,False,False,False,12550,0,6864798252.0,4,ASK,SHORT,1.0
GAP,2026-07-01 17:05:08.091846+00:00,CALL,21.0,2027-01-15,24702,138,216,63,18.805,REPEATEDHITS,False,False,False,24702,0,6864798252.0,198,ASK,LONG,1.0
GAP,2026-06-29 18:22:50.681720+00:00,CALL,19.0,2026-07-17,27083,500,4814,82,18.7892,REPEATEDHITSDESCENDINGFILL,False,False,False,27083,0,6864798252.0,18,ASK,LONG,1.0
GAP,2026-06-29 16:39:54.851631+00:00,CALL,19.0,2026-07-17,13035,237,3515,82,18.81,REPEATEDHITS,False,False,False,12485,0,6864798252.0,18,ASK,LONG,1.0
GAP,2026-06-29 16:36:21.856511+00:00,CALL,19.0,2026-07-17,16748,316,3278,82,18.76,REPEATEDHITS,False,False,False,16748,0,6864798252.0,18,ASK,LONG,1.0
GAP,2026-06-29 16:26:26.789138+00:00,CALL,19.0,2026-07-17,33018,610,817,82,18.815,REPEATEDHITSASCENDINGFILL,False,False,False,27573,5445,6864798252.0,18,ASK,LONG,1.0
GAP,2026-06-29 15:00:14.205929+00:00,CALL,28.0,2027-03-19,51408,714,714,0,18.9284,REPEATEDHITS,False,False,False,0,51408,6864798252.0,263,BID,SHORT,0.5
GAP,2026-06-29 14:52:50.176961+00:00,CALL,19.0,2027-01-15,24030,90,100,0,19.005,REPEATEDHITS,False,False,False,19758,4272,6864798252.0,200,ASK,LONG,1.0
GAP,2026-06-29 14:47:58.365534+00:00,PUT,16.0,2027-01-15,19350,150,151,103,19.075,REPEATEDHITS,True,False,False,17673,1548,6864798252.0,200,ASK,SHORT,1.0
GAP,2026-06-29 14:20:45.161181+00:00,PUT,16.0,2026-09-18,51450,1050,1050,157,19.075,REPEATEDHITS,False,False,False,46550,4900,6864798252.0,81,ASK,SHORT,1.0
GAP,2026-06-26 17:14:57.099766+00:00,CALL,20.0,2026-08-07,41529,381,381,0,20.28,REPEATEDHITS,False,False,False,0,41529,6864798252.0,42,BID,SHORT,0.5
GAP,2026-06-26 16:16:44.223542+00:00,PUT,23.0,2026-07-10,16836,61,62,33,20.385,REPEATEDHITS,True,False,False,0,16836,6864798252.0,14,BID,LONG,0.5
GAP,2026-06-26 16:00:14.843859+00:00,PUT,20.5,2026-08-07,38517,347,348,1,20.35,REPEATEDHITS,False,False,False,0,38517,6864798252.0,42,BID,LONG,0.5
GAP,2026-06-23 15:37:00.602228+00:00,CALL,21.0,2026-09-18,87341,523,550,136,20.64,REPEATEDHITS,False,False,False,0,87341,6864798252.0,87,BID,SHORT,0.5
GAP,2026-06-22 14:43:29.645673+00:00,PUT,20.0,2026-08-21,10640,95,102,0,20.545,REPEATEDHITS,True,False,False,10640,0,6864798252.0,60,ASK,SHORT,1.0
GAP,2026-06-12 15:06:18.744400+00:00,PUT,22.0,2026-09-18,160388,794,794,620,22.155,REPEATEDHITS,False,False,False,0,160388,6864798252.0,98,BID,LONG,0.5
GAP,2026-06-11 15:23:47.514141+00:00,PUT,21.0,2026-09-18,143034,769,811,753,21.585,REPEATEDHITS,False,False,False,143034,0,6864798252.0,99,ASK,SHORT,1.0
GAP,2026-06-09 16:53:08.812443+00:00,PUT,19.0,2026-09-18,15260,140,150,139,21.3401,REPEATEDHITS,False,False,False,15260,0,6864798252.0,101,ASK,SHORT,1.0
GAP,2026-06-08 15:34:45.001874+00:00,CALL,26.0,2026-09-18,30375,405,415,165,21.445,REPEATEDHITS,False,False,False,30375,0,6864798252.0,102,ASK,LONG,1.0
GAP,2026-06-08 14:15:24.747747+00:00,PUT,17.0,2026-12-18,17214,151,151,22,21.54,REPEATEDHITS,False,False,False,17100,114,6864798252.0,193,ASK,SHORT,1.0
GAP,2026-06-05 17:02:08.880630+00:00,CALL,22.0,2026-09-18,118802,622,647,208,21.46,REPEATEDHITS,False,False,False,0,118802,6864798252.0,105,BID,SHORT,0.5
GAP,2026-06-02 15:18:14.612674+00:00,CALL,23.0,2026-07-17,48384,768,773,145,21.415,REPEATEDHITS,False,False,False,48384,0,6864798252.0,45,ASK,LONG,1.0
GAP,2026-06-01 14:38:49.556300+00:00,PUT,21.5,2026-06-18,12084,114,126,23,20.99,REPEATEDHITS,False,False,False,0,12084,6864798252.0,17,BID,LONG,0.5
GAP,2026-05-29 15:19:38.644295+00:00,PUT,23.0,2026-07-17,46148,166,178,27,20.75,REPEATEDHITS,False,False,False,0,46148,6864798252.0,49,BID,LONG,0.5
GAP,2026-05-29 15:12:22.567275+00:00,CALL,20.5,2026-06-05,77700,1110,1162,0,20.75,REPEATEDHITS,False,False,False,74900,2100,6864798252.0,7,ASK,LONG,1.0
GAP,2026-05-28 19:57:46.738038+00:00,PUT,25.0,2026-05-29,189755,1449,2439,18,25.065,REPEATEDHITS,True,False,False,52793,96876,6864798252.0,1,BID,LONG,0.5
GAP,2026-05-28 19:22:54.593916+00:00,PUT,25.0,2026-05-29,68520,571,744,18,25.155,REPEATEDHITS,True,False,False,68520,0,6864798252.0,1,ASK,SHORT,1.0
GAP,2026-05-28 18:20:27.092007+00:00,PUT,25.0,2026-07-17,87780,420,553,4,24.845,REPEATEDHITS,False,False,False,0,87780,6864798252.0,50,BID,LONG,0.5
GAP,2026-05-28 16:16:24.891480+00:00,PUT,20.0,2026-06-05,12866,919,934,14,24.755,REPEATEDHITS,False,False,False,0,12866,6864798252.0,8,BID,LONG,0.5
GAP,2026-05-28 14:42:15.577244+00:00,CALL,30.0,2026-07-17,13816,314,314,67,24.725,REPEATEDHITS,False,False,False,0,13816,6864798252.0,50,BID,SHORT,0.5
GAP,2026-05-27 19:14:58.335663+00:00,PUT,24.0,2026-05-29,158646,1302,1890,40,24.18,REPEATEDHITSASCENDINGFILL,False,False,False,158646,0,6864798252.0,2,ASK,SHORT,1.0
GAP,2026-05-27 18:25:50.287200+00:00,PUT,24.0,2026-05-29,19372,167,390,40,24.14,REPEATEDHITS,False,False,False,0,19372,6864798252.0,2,BID,LONG,0.5
GAP,2026-05-27 14:26:13.553350+00:00,CALL,25.0,2026-05-29,124875,999,1546,162,24.775,REPEATEDHITS,True,False,False,80750,0,6864798252.0,2,ASK,LONG,1.0
GAP,2026-05-27 14:25:34.081192+00:00,CALL,25.5,2026-05-29,51499,500,512,346,24.725,REPEATEDHITS,False,False,False,51499,0,6864798252.0,2,ASK,LONG,1.0
GAP,2026-05-21 19:08:13.149827+00:00,PUT,21.0,2026-05-29,11634,180,2078,83,22.87,REPEATEDHITSDESCENDINGFILL,False,False,False,7410,4160,6864798252.0,8,ASK,SHORT,1.0
GAP,2026-05-21 19:08:10.945928+00:00,PUT,21.0,2026-05-29,14756,238,1898,83,22.89,REPEATEDHITS,False,False,False,8866,2976,6864798252.0,8,ASK,SHORT,1.0
GAP,2026-05-21 17:25:24.887929+00:00,PUT,21.0,2026-05-29,12285,195,1560,83,22.87,REPEATEDHITS,False,False,False,12285,0,6864798252.0,8,ASK,SHORT,1.0
GAP,2026-05-21 17:25:20.678268+00:00,PUT,21.0,2026-05-29,11468,188,1249,83,22.89,REPEATEDHITS,False,False,False,0,2867,6864798252.0,8,BID,LONG,0.5
GAP,2026-05-21 15:30:46.090822+00:00,CALL,22.5,2026-06-18,30505,186,189,2,22.51,REPEATEDHITS,True,False,False,165,22632,6864798252.0,28,BID,SHORT,0.5
GAP,2026-05-21 14:34:43.736533+00:00,PUT,22.5,2026-06-18,36720,240,251,5,22.6608,REPEATEDHITS,True,False,False,36720,0,6864798252.0,28,ASK,SHORT,1.0
GAP,2026-05-21 14:24:17.492178+00:00,PUT,21.0,2026-05-29,13068,198,1021,83,22.69,REPEATEDHITS,False,False,False,0,10494,6864798252.0,8,BID,LONG,0.5
GAP,2026-05-21 14:24:09.280431+00:00,PUT,21.0,2026-05-29,51740,796,821,83,22.7,REPEATEDHITS,False,False,False,0,33540,6864798252.0,8,BID,LONG,0.5
GAP,2026-05-20 18:55:05.631885+00:00,PUT,22.5,2026-05-22,26619,467,2474,32,22.16,REPEATEDHITS,True,False,False,0,11571,6864798252.0,2,BID,LONG,0.5
GAP,2026-05-18 16:29:17.045514+00:00,CALL,22.0,2026-07-17,28476,226,400,3,20.705,REPEATEDHITS,False,False,False,0,28476,6864798252.0,60,BID,SHORT,0.5
GAP,2026-05-18 14:02:05.760091+00:00,CALL,23.5,2026-05-29,12250,250,301,93,21.22,REPEATEDHITS,False,False,False,12250,0,6864798252.0,11,ASK,LONG,1.0
GAP,2026-05-12 14:32:16.880481+00:00,PUT,21.5,2026-05-22,13020,155,155,100,21.425,REPEATEDHITS,False,False,False,2604,2604,6864798252.0,10,MIXED,,0.0
GAP,2026-05-12 14:32:16.880481+00:00,PUT,21.5,2026-05-22,37128,442,597,100,21.4,REPEATEDHITS,False,False,False,37128,0,6864798252.0,10,ASK,SHORT,1.0
GAP,2026-05-11 16:38:06.942103+00:00,PUT,22.0,2026-05-15,62912,983,1834,949,21.72,REPEATEDHITS,False,False,False,0,62912,6864798252.0,4,BID,LONG,0.5
GAP,2026-05-11 15:20:21.328590+00:00,PUT,21.0,2026-06-18,80892,642,736,423,21.86,REPEATEDHITS,False,False,False,0,80892,6864798252.0,38,BID,LONG,0.5
GDX,2026-07-08 15:24:25.967710+00:00,CALL,74.0,2026-09-18,69945,135,702,11,71.92,REPEATEDHITSDESCENDINGFILL,True,False,False,42200,27745,52.3404,72,ASK,LONG,1.0
GDX,2026-07-08 15:24:21.159077+00:00,CALL,74.0,2026-09-18,275600,520,567,11,71.91,REPEATEDHITS,False,False,False,275600,0,52.3404,72,ASK,LONG,1.0
GDX,2026-07-08 15:24:21.159077+00:00,CALL,73.0,2026-09-18,45075,79,89,32,71.92,REPEATEDHITSDESCENDINGFILL,True,False,False,43955,560,52.3404,72,ASK,LONG,1.0
GDX,2026-07-07 14:50:46.977595+00:00,CALL,87.0,2027-01-15,79980,129,129,94,76.39,REPEATEDHITS,False,False,False,79980,0,52.3404,192,ASK,LONG,1.0
GDX,2026-07-07 14:41:28.315019+00:00,PUT,76.0,2026-10-16,141050,217,337,23,75.91,REPEATEDHITS,False,False,False,141050,0,52.3404,101,ASK,SHORT,1.0
GDX,2026-07-07 14:41:25.309720+00:00,PUT,76.0,2026-10-16,71500,110,120,23,75.91,REPEATEDHITS,False,False,False,71500,0,52.3404,101,ASK,SHORT,1.0
GDX,2026-07-07 14:41:02.651817+00:00,PUT,70.0,2026-07-10,21609,2401,3413,1323,75.98,REPEATEDHITS,False,False,False,21609,0,52.3404,3,ASK,SHORT,1.0
GDX,2026-07-07 14:23:37.190316+00:00,PUT,61.0,2027-06-17,22170,50,55,0,76.26,REPEATEDHITSASCENDINGFILL,False,False,False,22170,0,52.3404,345,ASK,SHORT,1.0
GDX,2026-07-06 19:40:49.451971+00:00,CALL,81.0,2026-07-17,363216,2162,2317,1676,78.905,REPEATEDHITS,False,False,False,0,363216,52.3404,11,BID,SHORT,0.5
GDX,2026-07-06 19:12:21.861873+00:00,CALL,76.0,2026-08-14,21080,34,34,0,78.79,REPEATEDHITS,False,False,False,0,21080,52.3404,39,BID,SHORT,0.5
GDX,2026-07-06 13:36:18.728002+00:00,CALL,95.0,2026-07-31,82250,1750,1850,161,79.65,REPEATEDHITS,False,False,False,0,82250,52.3404,25,BID,SHORT,0.5
GDX,2026-07-02 18:45:12.908177+00:00,PUT,76.0,2026-07-10,86790,789,1477,152,77.83,REPEATEDHITS,False,False,False,86790,0,52.3404,8,ASK,SHORT,1.0
GDX,2026-07-02 16:22:05.313343+00:00,PUT,78.0,2026-07-02,36080,1640,1988,358,78.33,REPEATEDHITS,False,False,False,35420,660,52.3404,0,ASK,SHORT,1.0
GDX,2026-07-02 15:08:41.793062+00:00,PUT,77.0,2026-07-10,14700,100,200,44,77.82,REPEATEDHITS,False,False,False,14700,0,52.3404,8,ASK,SHORT,1.0
GDX,2026-07-01 19:40:34.419906+00:00,PUT,67.0,2026-07-24,12095,205,260,2,75.62,REPEATEDHITS,False,False,False,11800,295,52.3404,23,ASK,SHORT,1.0
GDX,2026-07-01 17:00:07.752087+00:00,PUT,70.0,2027-09-17,15155,17,17,3,76.36,REPEATEDHITS,False,False,False,3580,11575,52.3404,443,BID,LONG,0.5
GDX,2026-07-01 16:06:30.622888+00:00,CALL,78.5,2026-07-02,108080,2702,2741,126,76.95,REPEATEDHITS,False,False,False,0,108080,52.3404,1,BID,SHORT,0.5
GDX,2026-07-01 15:54:13.548939+00:00,PUT,76.5,2026-07-02,141920,1774,1782,203,76.79,REPEATEDHITS,False,False,False,80,141840,52.3404,1,BID,LONG,0.5
GDX,2026-07-01 14:16:35.002080+00:00,CALL,84.0,2026-07-17,129285,1521,2539,1257,77.45,SWEEPSFOLLOWEDBYFLOOR,True,True,False,122995,6290,52.3404,16,ASK,LONG,1.0
GDX,2026-06-30 19:04:14.584070+00:00,CALL,70.0,2026-07-31,36755,50,132,18,75.52,REPEATEDHITSDESCENDINGFILL,False,False,False,0,36755,52.3404,31,BID,SHORT,0.5
GDX,2026-06-30 19:03:50.757685+00:00,CALL,70.0,2026-07-31,14703,20,82,18,75.52,REPEATEDHITSDESCENDINGFILL,False,False,False,0,14703,52.3404,31,BID,SHORT,0.5
GDX,2026-06-30 18:25:05.102195+00:00,PUT,72.0,2026-08-21,314523,1059,1568,392,75.42,REPEATEDHITS,False,False,False,0,314523,52.3404,52,BID,LONG,0.5
GDX,2026-06-30 17:43:07.952526+00:00,PUT,73.0,2026-08-21,973359,2781,5982,255,75.18,REPEATEDHITSASCENDINGFILL,False,False,False,0,971959,52.3404,52,BID,LONG,0.5
GDX,2026-06-30 17:28:34.680603+00:00,CALL,75.0,2026-07-02,179250,1434,2355,423,75.04,REPEATEDHITS,False,False,False,0,179250,52.3404,2,BID,SHORT,0.5
GDX,2026-06-30 16:38:17.757178+00:00,PUT,73.0,2026-08-21,957600,2660,2803,255,75.105,REPEATEDHITS,False,False,False,0,957600,52.3404,52,BID,LONG,0.5
GDX,2026-06-30 15:56:23.928773+00:00,PUT,65.0,2026-08-21,462151,3555,3798,947,74.99,REPEATEDHITS,False,False,False,131,462020,52.3404,52,BID,LONG,0.5
GDX,2026-06-30 15:23:33.459482+00:00,CALL,76.0,2026-08-21,2387426,5305,6490,2085,74.53,REPEATEDHITSASCENDINGFILL,False,False,False,0,2387426,52.3404,52,BID,SHORT,0.5
GDX,2026-06-30 14:14:39.287351+00:00,CALL,98.0,2026-08-21,183122,3795,3795,1780,74.79,REPEATEDHITSDESCENDINGFILL,False,False,False,2256,176626,52.3404,52,BID,SHORT,0.5
GDX,2026-06-29 18:29:29.665638+00:00,PUT,73.0,2026-07-02,96000,1920,2074,477,75.64,REPEATEDHITS,False,False,False,100,95900,52.3404,3,BID,LONG,0.5
GDX,2026-06-29 18:20:33.333906+00:00,PUT,76.0,2026-07-02,78780,505,617,382,75.685,REPEATEDHITS,False,False,False,0,78468,52.3404,3,BID,LONG,0.5
GDX,2026-06-29 15:31:00.056826+00:00,PUT,72.0,2026-07-17,273075,1655,3727,364,75.315,REPEATEDHITS,False,False,False,165,272745,52.3404,18,BID,LONG,0.5
GDX,2026-06-29 15:29:25.126824+00:00,PUT,72.0,2026-07-02,10388,212,606,192,75.1772,REPEATEDHITS,False,False,False,539,539,52.3404,3,MIXED,,0.0
GDX,2026-06-29 15:29:25.126824+00:00,PUT,72.0,2026-07-02,13894,286,1023,192,75.1772,REPEATEDHITSDESCENDINGFILL,False,False,False,8422,1152,52.3404,3,ASK,SHORT,1.0
GDX,2026-06-29 15:19:04.522786+00:00,PUT,72.0,2026-07-17,173910,1054,1195,364,75.355,REPEATEDHITS,False,False,False,0,173745,52.3404,18,BID,LONG,0.5
GDX,2026-06-29 14:15:19.187446+00:00,CALL,83.0,2026-07-10,78769,2188,4563,170,74.85,REPEATEDHITS,False,False,False,0,78732,52.3404,11,BID,SHORT,0.5
GDX,2026-06-29 13:40:51.153488+00:00,CALL,83.0,2026-07-10,122824,2362,2364,170,75.715,REPEATEDHITS,False,False,False,0,122824,52.3404,11,BID,SHORT,0.5
GDX,2026-06-26 18:39:11.392183+00:00,CALL,66.0,2026-12-18,76360,46,46,11,77.145,REPEATEDHITS,False,False,False,0,76360,52.3404,175,BID,SHORT,0.5
GDX,2026-06-26 17:36:57.287557+00:00,CALL,84.5,2026-07-10,116126,1873,4312,4,77.56,REPEATEDHITS,False,False,False,0,116126,52.3404,14,BID,SHORT,0.5
GDX,2026-06-26 17:30:32.049191+00:00,CALL,84.5,2026-07-10,155456,2429,2437,4,77.74,REPEATEDHITS,False,False,False,0,155456,52.3404,14,BID,SHORT,0.5
GDX,2026-06-26 16:33:17.010937+00:00,PUT,72.0,2026-12-18,27000,45,73,12,78.07,REPEATEDHITS,False,False,False,27000,0,52.3404,175,ASK,SHORT,1.0
GDX,2026-06-26 16:22:18.861136+00:00,CALL,90.0,2026-07-31,129584,1157,1170,119,78.04,REPEATEDHITS,False,False,False,0,129472,52.3404,35,BID,SHORT,0.5
GDX,2026-06-26 14:48:44.828688+00:00,CALL,76.5,2026-07-02,43309,161,193,65,77.84,REPEATEDHITS,True,False,False,43309,0,52.3404,6,ASK,LONG,1.0
GDX,2026-06-26 14:29:05.081081+00:00,PUT,78.0,2026-06-26,43030,662,2028,298,77.95,REPEATEDHITS,False,False,False,325,42705,52.3404,0,BID,LONG,0.5
GDX,2026-06-26 14:21:32.894257+00:00,PUT,78.0,2026-06-26,80580,1343,1354,298,78.04,REPEATEDHITS,False,False,False,0,80580,52.3404,0,BID,LONG,0.5
GDX,2026-06-26 13:31:47.758960+00:00,PUT,70.0,2026-07-31,97500,500,500,140,76.33,REPEATEDHITS,False,False,False,0,97500,52.3404,35,BID,LONG,0.5
GDX,2026-06-26 13:31:47.758960+00:00,PUT,70.0,2026-07-31,98000,500,1000,140,76.33,REPEATEDHITS,False,False,False,0,98000,52.3404,35,BID,LONG,0.5
GDX,2026-06-25 19:45:48.241265+00:00,CALL,82.5,2026-07-10,183446,2479,2977,43,75.8599,REPEATEDHITS,False,False,False,0,183446,52.3404,15,BID,SHORT,0.5
GDX,2026-06-25 19:15:03.143923+00:00,CALL,74.0,2026-07-02,34775,107,396,73,75.97,REPEATEDHITS,True,False,False,34775,0,52.3404,7,ASK,LONG,1.0
GDX,2026-06-25 19:09:27.574547+00:00,CALL,74.0,2026-07-02,48321,151,289,73,75.91,REPEATEDHITS,True,False,False,46400,1921,52.3404,7,ASK,LONG,1.0
GDX,2026-06-25 17:55:19.168601+00:00,PUT,76.0,2026-06-26,155800,2050,2194,297,76.2999,REPEATEDHITS,False,False,False,0,155800,52.3404,1,BID,LONG,0.5
GE,2026-07-08 15:57:35.064731+00:00,CALL,370.0,2026-10-16,484925,224,225,37,354.81,REPEATEDHITSDESCENDINGFILL,True,False,False,476295,8630,382883898500.0,100,ASK,LONG,1.0
GE,2026-07-07 19:02:00.822269+00:00,PUT,360.0,2026-08-21,732464,448,508,175,365.525,REPEATEDHITS,False,False,False,732464,0,382883898500.0,45,ASK,SHORT,1.0
GE,2026-07-07 17:03:31.147999+00:00,PUT,380.0,2026-08-07,209235,87,87,10,366.8901,REPEATEDHITS,False,False,False,209235,0,382883898500.0,31,ASK,SHORT,1.0
GE,2026-07-06 16:28:58.601123+00:00,PUT,380.0,2026-08-21,605897,292,311,77,377.04,REPEATEDHITS,False,False,False,605897,0,382883898500.0,46,ASK,SHORT,1.0
GE,2026-07-06 16:18:54.885256+00:00,CALL,450.0,2027-06-17,99760,32,38,9,377.39,REPEATEDHITSDESCENDINGFILL,False,False,False,99760,0,382883898500.0,346,ASK,LONG,1.0
GE,2026-07-06 15:41:20.026960+00:00,CALL,430.0,2026-10-16,245100,228,228,10,377.22,REPEATEDHITS,False,False,False,245100,0,382883898500.0,102,ASK,LONG,1.0
GE,2026-07-06 15:07:22.078935+00:00,CALL,520.0,2026-10-16,94943,664,672,3,378.525,REPEATEDHITS,True,False,False,93665,1278,382883898500.0,102,ASK,LONG,1.0
GE,2026-07-02 16:59:45.735075+00:00,PUT,347.5,2026-07-17,123480,343,344,5,376.435,REPEATEDHITS,False,False,False,123480,0,382883898500.0,15,ASK,SHORT,1.0
GE,2026-07-02 16:13:33.291609+00:00,PUT,370.0,2026-07-24,318650,282,282,8,377.81,REPEATEDHITSDESCENDINGFILL,False,False,False,318650,0,382883898500.0,22,ASK,SHORT,1.0
GE,2026-06-30 19:27:17.165170+00:00,PUT,380.0,2026-09-18,416250,150,152,46,371.44,REPEATEDHITS,False,False,False,0,416250,382883898500.0,80,BID,LONG,0.5
GE,2026-06-30 18:54:59.045181+00:00,PUT,360.0,2026-10-16,756405,351,351,0,371.535,REPEATEDHITS,False,False,False,0,756405,382883898500.0,108,BID,LONG,0.5
GE,2026-06-30 15:01:12.834958+00:00,PUT,377.5,2026-07-02,120838,179,179,3,373.57,REPEATEDHITSASCENDINGFILL,False,False,False,680,120158,382883898500.0,2,BID,LONG,0.5
GE,2026-06-29 18:27:53.159316+00:00,CALL,410.0,2026-09-18,5717780,4958,9412,495,372.12,SWEEPSFOLLOWEDBYFLOOR,True,True,False,0,5717780,382883898500.0,81,BID,SHORT,0.5
GE,2026-06-29 18:26:01.256365+00:00,CALL,410.0,2026-09-18,602994,515,4912,495,372.26,REPEATEDHITSDESCENDINGFILL,False,False,False,61600,540234,382883898500.0,81,BID,SHORT,0.5
GE,2026-06-29 14:10:14.606902+00:00,PUT,310.0,2026-08-07,62588,274,274,0,372.7,REPEATEDHITSDESCENDINGFILL,False,False,False,21944,35944,382883898500.0,39,BID,LONG,0.5
GE,2026-06-25 16:56:45.068231+00:00,PUT,300.0,2026-08-21,102500,410,447,208,373.27,REPEATEDHITS,False,False,False,102500,0,382883898500.0,57,ASK,SHORT,1.0
GE,2026-06-25 16:13:52.702526+00:00,PUT,310.0,2026-07-17,82264,904,932,470,374.78,REPEATEDHITS,False,False,False,0,82264,382883898500.0,22,BID,LONG,0.5
GE,2026-06-24 18:34:41.003408+00:00,CALL,372.5,2026-07-17,71005,53,53,0,367.44,REPEATEDHITS,False,False,False,71005,0,382883898500.0,23,ASK,LONG,1.0
GE,2026-06-22 14:29:35.050483+00:00,PUT,305.0,2026-07-31,118927,517,542,24,356.885,REPEATEDHITS,False,False,False,0,118927,382883898500.0,39,BID,LONG,0.5
GE,2026-06-22 14:12:48.888200+00:00,PUT,340.0,2026-09-18,625320,386,398,321,357.4725,REPEATEDHITS,False,False,False,0,625320,382883898500.0,88,BID,LONG,0.5
GE,2026-06-17 19:12:21.569801+00:00,PUT,295.0,2026-07-31,66993,411,1502,2,359.9,REPEATEDHITS,False,False,False,2771,64222,382883898500.0,44,BID,LONG,0.5
GE,2026-06-17 19:11:38.010366+00:00,PUT,295.0,2026-07-31,56430,342,961,2,360.29,REPEATEDHITS,False,False,False,3795,52635,382883898500.0,44,BID,LONG,0.5
GE,2026-06-17 16:06:43.320079+00:00,CALL,450.0,2026-09-18,133955,367,380,308,360.41,REPEATEDHITS,False,False,False,133955,0,382883898500.0,93,ASK,LONG,1.0
GE,2026-06-17 16:01:54.576583+00:00,PUT,300.0,2026-07-31,141240,660,947,8,359.47,REPEATEDHITS,False,False,False,0,141240,382883898500.0,44,BID,LONG,0.5
GE,2026-06-17 14:16:24.073347+00:00,CALL,370.0,2026-06-26,67496,236,243,43,358.22,REPEATEDHITS,False,False,False,67496,0,382883898500.0,9,ASK,LONG,1.0
GE,2026-06-16 15:27:21.217869+00:00,CALL,390.0,2026-07-17,100721,292,307,69,348.655,REPEATEDHITSDESCENDINGFILL,False,False,False,100721,0,382883898500.0,31,ASK,LONG,1.0
GE,2026-06-16 14:57:52.243979+00:00,CALL,345.0,2026-06-26,159117,153,172,136,349.37,REPEATEDHITS,False,False,False,159117,0,382883898500.0,10,ASK,LONG,1.0
GE,2026-06-16 14:57:27.018439+00:00,PUT,350.0,2027-03-19,240510,60,65,41,349.0,REPEATEDHITSDESCENDINGFILL,True,False,False,55930,180565,382883898500.0,276,BID,LONG,0.5
GE,2026-06-16 14:10:12.975570+00:00,CALL,370.0,2026-07-10,121438,253,256,19,350.39,REPEATEDHITS,False,False,False,121438,0,382883898500.0,24,ASK,LONG,1.0
GE,2026-06-12 18:36:55.064632+00:00,PUT,260.0,2026-08-21,257785,1210,1238,135,334.8799,REPEATEDHITSASCENDINGFILL,True,False,False,480,257305,382883898500.0,70,BID,LONG,0.5
GE,2026-06-12 18:10:40.596994+00:00,PUT,335.0,2026-07-10,146714,116,116,1,334.53,REPEATEDHITSDESCENDINGFILL,False,False,False,144194,0,382883898500.0,28,ASK,SHORT,1.0
GE,2026-06-12 18:10:40.596994+00:00,CALL,335.0,2026-07-10,77775,61,64,8,334.45,REPEATEDHITS,False,False,False,40800,36975,382883898500.0,28,ASK,LONG,1.0
GE,2026-06-12 18:10:40.596994+00:00,CALL,335.0,2026-06-26,53972,60,69,44,334.45,REPEATEDHITSDESCENDINGFILL,False,False,False,48587,5385,382883898500.0,14,ASK,LONG,1.0
GE,2026-06-12 18:10:40.596994+00:00,CALL,335.0,2026-07-02,138417,127,128,28,334.45,REPEATEDHITSDESCENDINGFILL,False,False,False,130787,7630,382883898500.0,20,ASK,LONG,1.0
GE,2026-06-10 19:38:39.728081+00:00,PUT,350.0,2027-03-19,92230,17,28,14,320.37,REPEATEDHITSDESCENDINGFILL,False,False,False,48835,43395,382883898500.0,282,ASK,SHORT,1.0
GE,2026-06-10 16:52:45.106566+00:00,PUT,280.0,2026-08-21,175140,252,254,204,322.595,REPEATEDHITS,False,False,False,175140,0,382883898500.0,72,ASK,SHORT,1.0
GE,2026-06-08 16:07:43.405247+00:00,PUT,315.0,2026-06-18,103695,223,240,60,323.78,REPEATEDHITS,False,False,False,103695,0,382883898500.0,10,ASK,SHORT,1.0
GE,2026-06-08 14:32:45.077962+00:00,CALL,325.0,2026-06-26,309230,289,290,148,324.1525,REPEATEDHITS,False,False,False,309230,0,382883898500.0,18,ASK,LONG,1.0
GE,2026-06-05 18:42:34.687128+00:00,CALL,400.0,2026-07-17,79060,488,530,232,326.89,REPEATEDHITS,False,False,False,652,78408,382883898500.0,42,BID,SHORT,0.5
GE,2026-06-04 18:58:50.712336+00:00,PUT,320.0,2026-09-18,634343,291,294,257,327.075,REPEATEDHITSDESCENDINGFILL,False,False,False,634343,0,382883898500.0,106,ASK,SHORT,1.0
GE,2026-06-03 16:18:56.317246+00:00,PUT,320.0,2026-08-21,564000,240,240,108,317.52,REPEATEDHITS,False,False,False,564000,0,382883898500.0,79,ASK,SHORT,1.0
GE,2026-05-29 15:45:03.516291+00:00,CALL,420.0,2026-09-18,60736,162,163,103,324.68,REPEATEDHITSDESCENDINGFILL,False,False,False,60736,0,382883898500.0,112,ASK,LONG,1.0
GE,2026-05-28 15:55:20.493259+00:00,PUT,315.0,2026-06-05,80960,176,182,59,321.42,REPEATEDHITS,False,False,False,460,80500,382883898500.0,8,BID,LONG,0.5
GE,2026-05-27 17:18:00.403940+00:00,PUT,280.0,2026-06-12,57960,552,554,83,316.37,REPEATEDHITS,False,False,False,0,57960,382883898500.0,16,BID,LONG,0.5
GE,2026-05-26 15:17:52.609481+00:00,CALL,390.0,2026-08-21,150480,418,419,14,311.655,REPEATEDHITS,False,False,False,150480,0,382883898500.0,87,ASK,LONG,1.0
GE,2026-05-22 17:29:47.193585+00:00,CALL,292.5,2026-06-18,180885,93,93,30,304.38,REPEATEDHITS,False,False,False,180885,0,382883898500.0,27,ASK,LONG,1.0
GE,2026-05-20 15:17:36.908315+00:00,CALL,302.5,2026-05-29,50790,80,104,57,298.31,REPEATEDHITS,False,False,False,49530,0,382883898500.0,9,ASK,LONG,1.0
GE,2026-05-20 15:17:36.908315+00:00,CALL,305.0,2026-05-29,157930,298,334,287,298.31,REPEATEDHITS,False,False,False,156880,0,382883898500.0,9,ASK,LONG,1.0
GE,2026-05-20 14:16:55.722392+00:00,CALL,302.5,2026-06-05,95350,163,163,22,293.3,REPEATEDHITS,False,False,False,95350,0,382883898500.0,16,ASK,LONG,1.0
GE,2026-05-20 13:46:49.438521+00:00,CALL,305.0,2026-06-18,331200,460,477,21,291.51,REPEATEDHITS,False,False,False,329040,1440,382883898500.0,29,ASK,LONG,1.0
GLD,2026-07-08 15:29:54.627348+00:00,CALL,368.0,2026-09-18,85330,46,48,2,369.78,REPEATEDHITS,False,False,False,0,85330,381.351652,72,BID,SHORT,0.5
GLD,2026-07-08 15:21:29.477899+00:00,CALL,361.0,2026-08-21,22925,12,12,1,370.01,REPEATEDHITS,False,False,False,0,22925,381.351652,44,BID,SHORT,0.5
GLD,2026-07-08 15:11:50.189808+00:00,CALL,376.0,2026-08-21,56415,52,53,19,370.5667,REPEATEDHITS,True,False,False,1080,55335,381.351652,44,BID,SHORT,0.5
GLD,2026-07-08 15:08:33.364264+00:00,PUT,372.0,2026-07-08,64599,353,3661,200,370.78,REPEATEDHITS,True,False,False,42822,21777,381.351652,0,ASK,SHORT,1.0
GLD,2026-07-08 14:39:56.383782+00:00,PUT,368.0,2026-07-31,86655,109,116,53,370.82,REPEATEDHITS,False,False,False,85860,795,381.351652,23,ASK,SHORT,1.0
GLD,2026-07-08 14:09:47.577235+00:00,CALL,367.0,2026-07-20,42910,41,41,0,372.83,REPEATEDHITSASCENDINGFILL,True,False,False,6305,36605,381.351652,12,BID,SHORT,0.5
GLD,2026-07-08 14:09:47.577235+00:00,CALL,369.0,2026-07-20,15480,17,17,0,372.83,REPEATEDHITSASCENDINGFILL,False,False,False,915,14565,381.351652,12,BID,SHORT,0.5
GLD,2026-07-08 13:42:18.512366+00:00,CALL,370.0,2026-07-22,125375,129,129,1,373.94,REPEATEDHITSASCENDINGFILL,True,False,False,47775,77600,381.351652,14,BID,SHORT,0.5
GLD,2026-07-08 13:42:15.705250+00:00,CALL,372.0,2026-07-13,67100,122,122,5,374.1568,REPEATEDHITS,True,False,False,550,66550,381.351652,5,BID,SHORT,0.5
GLD,2026-07-07 19:34:25.220655+00:00,CALL,375.0,2026-07-13,129950,230,237,18,377.24,REPEATEDHITS,True,False,False,2825,127125,381.351652,6,BID,SHORT,0.5
GLD,2026-07-07 19:34:19.615235+00:00,CALL,378.0,2026-07-10,105600,320,387,185,377.28,REPEATEDHITS,True,False,False,330,105270,381.351652,3,BID,SHORT,0.5
GLD,2026-07-07 19:29:13.813025+00:00,PUT,373.0,2026-07-15,195780,502,587,3,376.79,REPEATEDHITS,True,False,False,390,195390,381.351652,8,BID,LONG,0.5
GLD,2026-07-07 19:18:40.720875+00:00,PUT,371.0,2026-07-08,27070,231,360,103,375.54,REPEATEDHITSDESCENDINGFILL,True,False,False,14204,12866,381.351652,1,ASK,SHORT,1.0
GLD,2026-07-07 19:16:09.243229+00:00,CALL,379.0,2026-07-08,18240,160,261,123,376.02,REPEATEDHITS,False,False,False,0,18240,381.351652,1,BID,SHORT,0.5
GLD,2026-07-07 19:08:08.789793+00:00,PUT,372.0,2026-07-24,23400,45,45,31,376.96,REPEATEDHITS,True,False,False,23400,0,381.351652,17,ASK,SHORT,1.0
GLD,2026-07-07 19:07:27.326228+00:00,PUT,371.0,2026-08-07,40020,58,71,9,377.32,REPEATEDHITS,True,False,False,38640,1380,381.351652,31,ASK,SHORT,1.0
GLD,2026-07-07 19:07:22.718992+00:00,PUT,377.0,2026-07-13,20745,52,67,1,377.41,REPEATEDHITSDESCENDINGFILL,True,False,False,15200,5545,381.351652,6,ASK,SHORT,1.0
GLD,2026-07-07 19:03:28.939453+00:00,PUT,367.0,2026-08-21,36990,54,128,11,378.1399,REPEATEDHITS,False,False,False,25345,11645,381.351652,45,ASK,SHORT,1.0
GLD,2026-07-07 18:52:11.973738+00:00,CALL,384.0,2026-07-13,54828,300,614,7,378.79,REPEATEDHITSASCENDINGFILL,False,False,False,35136,19692,381.351652,6,ASK,LONG,1.0
GLD,2026-07-07 18:51:25.089373+00:00,CALL,383.0,2026-07-13,106409,476,989,25,378.94,REPEATEDHITS,False,False,False,0,47945,381.351652,6,BID,SHORT,0.5
GLD,2026-07-07 18:07:13.168467+00:00,PUT,373.0,2026-07-10,28770,274,353,240,380.01,REPEATEDHITS,False,False,False,4200,24570,381.351652,3,BID,LONG,0.5
GLD,2026-07-07 18:01:38.658456+00:00,CALL,390.0,2026-07-20,26001,107,156,16,380.12,REPEATEDHITS,False,False,False,0,26001,381.351652,13,BID,SHORT,0.5
GLD,2026-07-07 17:43:55.529241+00:00,PUT,374.0,2026-07-20,14490,42,66,0,380.59,REPEATEDHITS,True,False,False,345,14145,381.351652,13,BID,LONG,0.5
GLD,2026-07-07 17:38:09.357599+00:00,CALL,378.0,2026-10-16,60200,28,84,8,380.3799,REPEATEDHITS,False,False,False,0,60200,381.351652,101,BID,SHORT,0.5
GLD,2026-07-07 17:15:41.506482+00:00,CALL,365.0,2026-11-20,112540,34,35,15,380.05,REPEATEDHITS,False,False,False,0,112540,381.351652,136,BID,SHORT,0.5
GLD,2026-07-07 17:13:15.550445+00:00,CALL,386.0,2026-10-16,87250,50,50,1,380.255,REPEATEDHITS,False,False,False,0,87250,381.351652,101,BID,SHORT,0.5
GLD,2026-07-07 16:50:21.020213+00:00,CALL,425.0,2026-07-31,59292,1098,1105,66,380.34,REPEATEDHITS,False,False,False,59292,0,381.351652,24,ASK,LONG,1.0
GLD,2026-07-07 16:03:14.221787+00:00,PUT,370.0,2026-07-10,137640,1860,1966,554,379.82,REPEATEDHITS,False,False,False,0,137640,381.351652,3,BID,LONG,0.5
GLD,2026-07-07 15:46:41.327990+00:00,CALL,378.0,2026-10-16,43300,20,56,8,380.375,REPEATEDHITS,False,False,False,0,41135,381.351652,101,BID,SHORT,0.5
GLD,2026-07-07 15:45:17.410689+00:00,CALL,391.0,2026-08-21,61125,75,76,5,380.58,REPEATEDHITS,False,False,False,0,61125,381.351652,45,BID,SHORT,0.5
GLD,2026-07-07 15:13:21.323410+00:00,PUT,381.0,2026-07-17,565000,1000,4013,95,380.83,REPEATEDHITS,True,False,False,565000,0,381.351652,10,ASK,SHORT,1.0
GLD,2026-07-07 15:12:10.414292+00:00,CALL,391.0,2026-10-16,60250,39,49,0,380.85,REPEATEDHITS,True,False,False,0,60250,381.351652,101,BID,SHORT,0.5
GLD,2026-07-07 15:03:11.494647+00:00,CALL,376.0,2026-07-22,37835,38,38,0,380.825,REPEATEDHITSASCENDINGFILL,False,False,False,1005,36830,381.351652,15,BID,SHORT,0.5
GLD,2026-07-07 15:03:11.494647+00:00,CALL,375.0,2026-07-22,131315,123,123,0,380.825,REPEATEDHITSASCENDINGFILL,False,False,False,65275,66040,381.351652,15,BID,SHORT,0.5
GLD,2026-07-07 15:03:11.494647+00:00,CALL,374.0,2026-07-22,94315,83,84,0,380.825,REPEATEDHITSASCENDINGFILL,False,False,False,46640,47675,381.351652,15,BID,SHORT,0.5
GLD,2026-07-07 15:00:21.078931+00:00,CALL,382.0,2026-10-16,43670,22,22,6,381.065,REPEATEDHITS,False,False,False,0,43670,381.351652,101,BID,SHORT,0.5
GLD,2026-07-07 14:55:51.465011+00:00,PUT,381.0,2026-07-17,540000,1000,2012,95,381.35,REPEATEDHITS,True,False,False,540000,0,381.351652,10,ASK,SHORT,1.0
GLD,2026-07-07 14:49:40.879815+00:00,PUT,381.0,2026-07-17,545000,1000,1012,95,381.385,REPEATEDHITS,True,False,False,0,545000,381.351652,10,BID,LONG,0.5
GLD,2026-07-07 14:42:09.231877+00:00,CALL,378.0,2026-10-16,77400,36,36,8,380.28,REPEATEDHITS,False,False,False,0,77400,381.351652,101,BID,SHORT,0.5
GLD,2026-07-07 14:42:09.231877+00:00,CALL,379.0,2026-10-16,31425,15,17,7,380.28,REPEATEDHITS,False,False,False,0,31425,381.351652,101,BID,SHORT,0.5
GLD,2026-07-07 14:42:09.231877+00:00,CALL,377.0,2026-10-16,55125,25,25,14,380.28,REPEATEDHITS,False,False,False,0,55125,381.351652,101,BID,SHORT,0.5
GLD,2026-07-07 14:30:33.057080+00:00,CALL,380.0,2026-07-15,247880,400,732,71,381.57,REPEATEDHITSDESCENDINGFILL,False,False,False,247880,0,381.351652,8,ASK,LONG,1.0
GLD,2026-07-07 14:25:54.164248+00:00,CALL,383.0,2026-07-17,990000,2000,4185,266,380.9906,REPEATEDHITS,True,False,False,990000,0,381.351652,10,ASK,LONG,1.0
GLD,2026-07-07 13:55:30.618584+00:00,CALL,383.0,2026-07-17,332672,584,2160,266,382.36,REPEATEDHITSASCENDINGFILL,False,False,False,332672,0,381.351652,10,ASK,LONG,1.0
GLD,2026-07-07 13:37:04.760364+00:00,CALL,384.0,2026-07-13,118457,300,300,7,383.48,REPEATEDHITSDESCENDINGFILL,False,False,False,118067,0,381.351652,6,ASK,LONG,1.0
GLD,2026-07-07 13:31:42.847352+00:00,PUT,379.0,2026-07-13,28766,121,128,15,382.65,REPEATEDHITSDESCENDINGFILL,True,False,False,3798,24968,381.351652,6,BID,LONG,0.5
GLD,2026-07-07 13:31:40.812471+00:00,PUT,373.0,2026-07-15,15562,83,83,3,382.48,REPEATEDHITSASCENDINGFILL,True,False,False,373,15189,381.351652,8,BID,LONG,0.5
GLD,2026-07-07 13:31:40.812471+00:00,PUT,380.0,2026-07-15,17115,45,45,7,382.48,REPEATEDHITSASCENDINGFILL,True,False,False,3050,13680,381.351652,8,BID,LONG,0.5
GLD,2026-07-06 17:52:46.265747+00:00,CALL,382.0,2026-12-31,28250,10,11,4,381.7788,REPEATEDHITS,False,False,False,28250,0,381.351652,178,ASK,LONG,1.0
GLD,2026-07-06 17:27:59.475818+00:00,PUT,381.0,2026-07-06,11730,510,752,5,381.5151,REPEATEDHITS,False,False,False,11615,115,381.351652,0,ASK,SHORT,1.0
HAL,2026-07-08 14:33:55.819479+00:00,CALL,36.0,2026-07-17,93651,2014,5011,267,34.77,REPEATEDHITSDESCENDINGFILL,False,False,False,93651,0,28228089466.0,9,ASK,LONG,1.0
HAL,2026-07-08 14:33:08.530332+00:00,CALL,36.0,2026-07-17,98692,2243,2994,267,34.72,REPEATEDHITS,False,False,False,47124,4444,28228089466.0,9,ASK,LONG,1.0
HAL,2026-07-08 14:33:05.121977+00:00,CALL,36.0,2026-07-17,23177,539,549,267,34.74,REPEATEDHITS,False,False,False,12771,6149,28228089466.0,9,ASK,LONG,1.0
HAL,2026-07-08 14:27:20.583408+00:00,CALL,40.0,2026-10-16,21105,201,201,200,34.64,REPEATEDHITS,False,False,False,21105,0,28228089466.0,100,ASK,LONG,1.0
HAL,2026-07-06 17:01:38.127906+00:00,CALL,32.0,2026-10-16,13735,41,136,12,33.29,REPEATEDHITS,True,False,False,4020,9715,28228089466.0,102,BID,SHORT,0.5
HAL,2026-07-02 16:23:12.402770+00:00,CALL,35.0,2027-06-17,10875,25,25,1,32.99,REPEATEDHITS,False,False,False,0,10875,28228089466.0,350,BID,SHORT,0.5
HAL,2026-06-26 16:57:21.443156+00:00,CALL,35.5,2026-07-02,14040,936,1962,752,33.99,REPEATEDHITS,False,False,False,14040,0,28228089466.0,6,ASK,LONG,1.0
HAL,2026-06-25 15:18:35.064406+00:00,CALL,35.0,2026-07-02,65424,1392,3824,97,34.42,REPEATEDHITS,False,False,False,65424,0,28228089466.0,7,ASK,LONG,1.0
HAL,2026-06-25 14:42:27.184894+00:00,CALL,35.0,2026-07-02,18499,500,1750,97,34.065,REPEATEDHITS,False,False,False,18499,0,28228089466.0,7,ASK,LONG,1.0
HAL,2026-06-24 15:19:07.088652+00:00,CALL,34.0,2027-01-15,21465,53,53,18,33.88,REPEATEDHITS,False,False,False,15795,5670,28228089466.0,205,ASK,LONG,1.0
HAL,2026-06-24 14:59:14.903116+00:00,CALL,34.5,2026-06-26,11000,500,1089,109,33.7817,REPEATEDHITS,False,False,False,0,11000,28228089466.0,2,BID,SHORT,0.5
HAL,2026-06-23 14:21:14.390690+00:00,CALL,34.5,2026-07-02,26325,225,225,14,35.0,REPEATEDHITS,False,False,False,0,24336,28228089466.0,9,BID,SHORT,0.5
HAL,2026-06-22 16:40:55.777746+00:00,CALL,35.0,2026-07-24,16729,99,101,6,34.9,REPEATEDHITS,True,False,False,15715,0,28228089466.0,32,ASK,LONG,1.0
HAL,2026-06-22 14:21:56.755316+00:00,CALL,35.0,2026-07-10,20553,221,225,6,34.515,REPEATEDHITS,True,False,False,0,20553,28228089466.0,18,BID,SHORT,0.5
HAL,2026-06-18 17:14:50.090770+00:00,PUT,35.0,2026-07-02,33800,325,330,48,34.8,REPEATEDHITS,False,False,False,33800,0,28228089466.0,14,ASK,SHORT,1.0
HAL,2026-06-18 16:22:41.127737+00:00,PUT,35.5,2026-07-02,55195,415,421,33,34.785,REPEATEDHITS,False,False,False,55195,0,28228089466.0,14,ASK,SHORT,1.0
HAL,2026-06-18 15:59:40.662473+00:00,PUT,30.0,2026-10-16,17022,150,151,60,34.625,REPEATEDHITS,False,False,False,17022,0,28228089466.0,120,ASK,SHORT,1.0
HAL,2026-06-18 14:14:21.936635+00:00,CALL,36.0,2026-10-16,379646,1483,1483,9,34.74,REPEATEDHITS,False,False,False,379646,0,28228089466.0,120,ASK,LONG,1.0
HAL,2026-06-17 17:34:43.041341+00:00,PUT,34.0,2026-10-16,61605,333,652,101,36.52,REPEATEDHITS,False,False,False,61605,0,28228089466.0,121,ASK,SHORT,1.0
HAL,2026-06-17 15:19:20.141664+00:00,PUT,34.0,2026-10-16,56286,318,319,101,36.82,REPEATEDHITS,False,False,False,56286,0,28228089466.0,121,ASK,SHORT,1.0
HAL,2026-06-17 14:06:02.015899+00:00,CALL,38.0,2026-10-16,135168,528,528,37,36.42,REPEATEDHITS,False,False,False,135168,0,28228089466.0,121,ASK,LONG,1.0
HAL,2026-06-12 18:16:45.996133+00:00,CALL,41.0,2026-07-02,24000,300,369,86,39.58,REPEATEDHITS,False,False,False,24000,0,28228089466.0,20,ASK,LONG,1.0
HAL,2026-06-12 15:52:53.099901+00:00,PUT,36.0,2026-10-16,52440,276,391,52,39.7206,REPEATEDHITS,False,False,False,50920,0,28228089466.0,126,ASK,SHORT,1.0
HAL,2026-06-12 14:49:54.720353+00:00,PUT,39.0,2026-08-21,30506,137,137,90,39.77,REPEATEDHITSDESCENDINGFILL,True,False,False,0,28053,28228089466.0,70,BID,LONG,0.5
HAL,2026-06-11 19:28:34.569793+00:00,PUT,42.0,2026-09-18,267335,629,1101,416,40.04,REPEATEDHITS,False,False,False,0,267335,28228089466.0,99,BID,LONG,0.5
HAL,2026-06-11 18:00:05.185150+00:00,CALL,45.0,2026-10-16,289984,1472,1472,509,39.78,REPEATEDHITS,False,False,False,0,289984,28228089466.0,127,BID,SHORT,0.5
HAL,2026-06-11 15:15:08.240263+00:00,PUT,42.0,2026-09-18,205330,472,472,416,40.01,REPEATEDHITS,False,False,False,13485,191845,28228089466.0,99,BID,LONG,0.5
HAL,2026-06-11 14:04:43.815731+00:00,PUT,39.5,2026-06-12,29349,1087,1091,87,39.99,REPEATEDHITS,False,False,False,27,29322,28228089466.0,1,BID,LONG,0.5
HAL,2026-06-10 18:05:22.666191+00:00,PUT,39.0,2026-06-26,31278,401,556,126,40.26,REPEATEDHITS,False,False,False,0,31278,28228089466.0,16,BID,LONG,0.5
HAL,2026-06-10 16:46:13.885357+00:00,PUT,39.0,2026-06-26,10998,141,143,126,40.29,REPEATEDHITS,False,False,False,0,10998,28228089466.0,16,BID,LONG,0.5
HAL,2026-06-10 15:26:20.007573+00:00,CALL,39.0,2026-07-10,19165,74,74,18,40.21,REPEATEDHITS,True,False,False,19165,0,28228089466.0,30,ASK,LONG,1.0
HAL,2026-06-09 14:30:19.832919+00:00,PUT,40.5,2026-06-26,14769,89,89,0,39.86,REPEATEDHITS,True,False,False,14769,0,28228089466.0,17,ASK,SHORT,1.0
HAL,2026-06-05 16:00:12.307458+00:00,CALL,39.0,2026-09-18,529710,1292,1295,539,40.0,REPEATEDHITS,False,False,False,513720,0,28228089466.0,105,ASK,LONG,1.0
HAL,2026-06-04 15:31:22.756327+00:00,CALL,43.0,2026-07-17,248864,1616,1631,1385,41.245,REPEATEDHITS,False,False,False,0,248864,28228089466.0,43,BID,SHORT,0.5
HAL,2026-06-04 15:05:49.897762+00:00,CALL,45.0,2027-03-19,123270,277,287,226,41.375,REPEATEDHITS,False,False,False,0,123270,28228089466.0,288,BID,SHORT,0.5
HAL,2026-06-03 16:33:09.044597+00:00,CALL,43.0,2026-06-26,26730,297,511,54,41.09,REPEATEDHITS,False,False,False,26730,0,28228089466.0,23,ASK,LONG,1.0
HAL,2026-06-01 14:36:15.817982+00:00,CALL,41.0,2026-06-05,14326,494,555,192,39.8099,REPEATEDHITS,False,False,False,13224,0,28228089466.0,4,ASK,LONG,1.0
HAL,2026-05-28 18:22:36.872666+00:00,CALL,39.5,2026-06-12,28700,287,287,31,39.2,REPEATEDHITS,False,False,False,0,28700,28228089466.0,15,BID,SHORT,0.5
HAL,2026-05-26 18:20:44.339271+00:00,CALL,41.0,2026-06-18,296736,1686,1729,1097,41.25,REPEATEDHITS,False,False,False,0,296736,28228089466.0,23,BID,SHORT,0.5
HAL,2026-05-26 14:52:20.825455+00:00,CALL,42.0,2026-06-12,318780,2898,2898,310,41.2275,REPEATEDHITS,False,False,False,318780,0,28228089466.0,17,ASK,LONG,1.0
HAL,2026-05-26 14:36:01.109694+00:00,PUT,41.5,2026-06-18,25080,132,132,26,41.105,REPEATEDHITS,True,False,False,25080,0,28228089466.0,23,ASK,SHORT,1.0
HAL,2026-05-26 14:17:59.931714+00:00,CALL,41.5,2026-05-29,53235,845,904,610,41.35,REPEATEDHITS,False,False,False,53235,0,28228089466.0,3,ASK,LONG,1.0
HAL,2026-05-22 16:20:56.827140+00:00,CALL,41.5,2026-06-18,21139,140,163,69,41.2484,REPEATEDHITS,True,False,False,20989,150,28228089466.0,27,ASK,LONG,1.0
HAL,2026-05-22 15:11:03.462386+00:00,CALL,42.0,2026-08-21,230828,772,788,113,41.405,REPEATEDHITS,False,False,False,0,230828,28228089466.0,91,BID,SHORT,0.5
HAL,2026-05-22 14:18:06.470408+00:00,CALL,45.0,2026-08-21,12220,65,269,61,41.44,REPEATEDHITS,False,False,False,2444,9776,28228089466.0,91,BID,SHORT,0.5
HAL,2026-05-22 14:17:56.814959+00:00,CALL,45.0,2026-08-21,14516,76,126,61,41.5,REPEATEDHITS,True,False,False,0,10123,28228089466.0,91,BID,SHORT,0.5
HAL,2026-05-22 14:08:17.011780+00:00,PUT,39.0,2026-09-18,77645,329,329,194,41.61,REPEATEDHITS,False,False,False,0,77645,28228089466.0,119,BID,LONG,0.5
HAL,2026-05-21 19:05:17.103446+00:00,PUT,42.0,2026-05-29,82091,797,925,248,41.71,REPEATEDHITS,False,False,False,82091,0,28228089466.0,8,ASK,SHORT,1.0
HAL,2026-05-20 17:36:41.931134+00:00,PUT,42.0,2026-08-21,128100,420,420,40,42.34,REPEATEDHITS,False,False,False,128100,0,28228089466.0,93,ASK,SHORT,1.0
HAL,2026-05-20 15:38:22.105237+00:00,PUT,41.5,2026-05-29,15867,369,5349,92,42.765,REPEATEDHITS,False,False,False,860,15007,28228089466.0,9,BID,LONG,0.5
HIMS,2026-07-08 15:32:33.279084+00:00,PUT,32.5,2026-07-10,18463,499,1130,456,34.507,REPEATEDHITS,False,False,False,0,18463,8068806204.0,2,BID,LONG,0.5
HIMS,2026-07-07 18:20:40.602006+00:00,PUT,40.0,2026-10-16,261546,289,362,118,37.2499,REPEATEDHITS,False,False,False,0,261546,8068806204.0,101,BID,LONG,0.5
HIMS,2026-07-07 14:49:26.046083+00:00,PUT,32.5,2026-07-17,38988,684,788,473,37.2301,REPEATEDHITS,False,False,False,38988,0,8068806204.0,10,ASK,SHORT,1.0
HIMS,2026-07-06 15:42:53.577245+00:00,CALL,47.0,2026-07-31,30544,166,170,94,38.94,REPEATEDHITS,False,False,False,30544,0,8068806204.0,25,ASK,LONG,1.0
HIMS,2026-07-06 15:22:06.473927+00:00,PUT,21.0,2026-08-21,17388,483,514,422,38.78,REPEATEDHITS,False,False,False,0,17388,8068806204.0,46,BID,LONG,0.5
HIMS,2026-07-06 14:24:12.053080+00:00,PUT,18.0,2026-08-21,41100,2055,2068,1488,38.075,REPEATEDHITS,False,False,False,0,41100,8068806204.0,46,BID,LONG,0.5
HIMS,2026-07-02 17:34:46.955769+00:00,CALL,49.0,2026-08-21,130972,548,1176,33,36.39,REPEATEDHITS,True,False,False,0,130972,8068806204.0,50,BID,SHORT,0.5
HIMS,2026-07-02 16:34:11.016916+00:00,CALL,49.0,2026-08-21,152988,627,627,33,36.53,REPEATEDHITS,True,False,False,244,152744,8068806204.0,50,BID,SHORT,0.5
HIMS,2026-07-02 15:04:54.996694+00:00,CALL,55.0,2026-08-21,79442,506,519,0,36.47,REPEATEDHITS,False,False,False,0,79442,8068806204.0,50,BID,SHORT,0.5
HIMS,2026-07-01 18:29:01.788233+00:00,CALL,45.0,2026-10-16,318660,564,877,220,37.2975,REPEATEDHITS,False,False,False,2825,315835,8068806204.0,107,BID,SHORT,0.5
HIMS,2026-07-01 17:20:01.706302+00:00,PUT,31.5,2026-07-10,37694,1396,1419,97,37.81,REPEATEDHITSASCENDINGFILL,False,False,False,28,37666,8068806204.0,9,BID,LONG,0.5
HIMS,2026-07-01 16:27:35.537661+00:00,CALL,53.0,2026-07-31,61556,616,792,403,38.025,REPEATEDHITSDESCENDINGFILL,True,False,False,60980,576,8068806204.0,30,ASK,LONG,1.0
HIMS,2026-07-01 15:56:19.074037+00:00,PUT,39.0,2026-07-02,12950,74,275,13,37.62,REPEATEDHITS,False,False,False,0,12950,8068806204.0,1,BID,LONG,0.5
HIMS,2026-07-01 15:28:12.589866+00:00,PUT,42.0,2026-07-10,13775,29,29,0,38.02,REPEATEDHITS,False,False,False,0,13775,8068806204.0,9,BID,LONG,0.5
HIMS,2026-07-01 15:13:55.292954+00:00,CALL,40.5,2026-07-10,22152,187,1279,54,38.05,REPEATEDHITS,False,False,False,5160,16992,8068806204.0,9,BID,SHORT,0.5
HIMS,2026-07-01 14:37:49.004749+00:00,PUT,37.0,2026-07-17,30276,116,1136,46,37.29,REPEATEDHITS,True,False,False,30276,0,8068806204.0,16,ASK,SHORT,1.0
HIMS,2026-07-01 14:37:49.004749+00:00,PUT,37.0,2026-07-17,19575,75,1211,46,37.32,REPEATEDHITS,True,False,False,19575,0,8068806204.0,16,ASK,SHORT,1.0
HIMS,2026-07-01 14:37:46.199270+00:00,PUT,37.0,2026-07-17,48546,186,946,46,37.34,REPEATEDHITS,True,False,False,48546,0,8068806204.0,16,ASK,SHORT,1.0
HIMS,2026-07-01 14:37:46.199270+00:00,PUT,37.0,2026-07-17,12528,48,994,46,37.311,REPEATEDHITS,False,False,False,12528,0,8068806204.0,16,ASK,SHORT,1.0
HIMS,2026-07-01 14:37:41.390044+00:00,PUT,37.0,2026-07-17,84771,325,742,46,37.28,REPEATEDHITSDESCENDINGFILL,False,False,False,70731,0,8068806204.0,16,ASK,SHORT,1.0
HIMS,2026-07-01 14:37:41.390044+00:00,PUT,37.0,2026-07-17,28710,110,417,46,37.27,REPEATEDHITS,False,False,False,28710,0,8068806204.0,16,ASK,SHORT,1.0
HIMS,2026-07-01 14:37:41.390044+00:00,PUT,37.0,2026-07-17,52722,202,302,46,37.27,REPEATEDHITS,True,False,False,9396,43326,8068806204.0,16,BID,LONG,0.5
HIMS,2026-06-30 19:44:50.157602+00:00,CALL,50.0,2026-08-07,10500,100,165,9,34.32,REPEATEDHITS,False,False,False,10500,0,8068806204.0,38,ASK,LONG,1.0
HIMS,2026-06-30 19:23:54.656288+00:00,PUT,33.0,2026-07-24,41100,137,158,39,34.11,REPEATEDHITS,True,False,False,0,41100,8068806204.0,24,BID,LONG,0.5
HIMS,2026-06-30 16:02:01.146782+00:00,PUT,22.0,2026-08-21,78120,930,1004,700,33.66,REPEATEDHITS,False,False,False,0,78120,8068806204.0,52,BID,LONG,0.5
HIMS,2026-06-29 18:33:46.741159+00:00,PUT,36.0,2026-07-02,28600,104,177,60,33.711,REPEATEDHITS,False,False,False,28600,0,8068806204.0,3,ASK,SHORT,1.0
HIMS,2026-06-29 17:33:05.592276+00:00,PUT,34.0,2026-07-10,93751,413,1021,188,33.61,REPEATEDHITS,False,False,False,93751,0,8068806204.0,11,ASK,SHORT,1.0
HIMS,2026-06-29 16:59:17.289663+00:00,PUT,34.0,2026-07-10,108052,476,552,188,33.54,REPEATEDHITS,False,False,False,108052,0,8068806204.0,11,ASK,SHORT,1.0
HIMS,2026-06-29 15:17:51.407653+00:00,PUT,37.5,2026-07-02,143560,296,333,43,32.78,REPEATEDHITS,False,False,False,0,143560,8068806204.0,3,BID,LONG,0.5
HIMS,2026-06-29 14:07:53.771581+00:00,PUT,33.0,2026-07-02,103070,937,1954,437,33.53,REPEATEDHITS,True,False,False,64350,34320,8068806204.0,3,ASK,SHORT,1.0
HIMS,2026-06-26 19:47:46.192569+00:00,PUT,28.5,2026-07-17,19680,246,436,142,33.8,REPEATEDHITS,False,False,False,0,19680,8068806204.0,21,BID,LONG,0.5
HIMS,2026-06-26 14:38:07.532602+00:00,CALL,36.5,2026-07-10,33988,236,241,2,34.1501,REPEATEDHITS,True,False,False,580,33408,8068806204.0,14,BID,SHORT,0.5
HIMS,2026-06-25 19:51:04.909036+00:00,PUT,32.5,2026-07-17,14850,55,82,50,32.48,REPEATEDHITS,False,False,False,12960,1890,8068806204.0,22,ASK,SHORT,1.0
HIMS,2026-06-25 19:38:31.350238+00:00,CALL,31.5,2026-07-17,145000,500,4500,6,31.9,REPEATEDHITS,True,False,False,145000,0,8068806204.0,22,ASK,LONG,1.0
HIMS,2026-06-25 19:24:37.386829+00:00,CALL,32.0,2026-07-10,122400,680,1385,657,31.255,REPEATEDHITS,True,False,False,122400,0,8068806204.0,15,ASK,LONG,1.0
HIMS,2026-06-25 15:41:53.473859+00:00,CALL,31.5,2026-07-17,101430,441,3523,6,30.92,REPEATEDHITS,True,False,False,101430,0,8068806204.0,22,ASK,LONG,1.0
HIMS,2026-06-25 15:41:43.460674+00:00,CALL,31.5,2026-07-17,37134,161,2992,6,30.89,REPEATEDHITSASCENDINGFILL,True,False,False,4600,32074,8068806204.0,22,BID,SHORT,0.5
HIMS,2026-06-25 15:41:39.853323+00:00,CALL,31.5,2026-07-17,23000,100,2761,6,30.91,REPEATEDHITS,True,False,False,9430,9200,8068806204.0,22,ASK,LONG,1.0
HIMS,2026-06-25 15:41:39.853323+00:00,CALL,31.5,2026-07-17,11500,50,2811,6,30.91,REPEATEDHITS,True,False,False,0,11500,8068806204.0,22,BID,SHORT,0.5
HIMS,2026-06-25 15:40:37.164416+00:00,CALL,31.5,2026-07-17,104850,450,2530,6,30.975,REPEATEDHITS,True,False,False,104850,0,8068806204.0,22,ASK,LONG,1.0
HIMS,2026-06-25 15:40:34.356890+00:00,CALL,31.5,2026-07-17,11417,49,2070,6,30.96,REPEATEDHITS,True,False,False,11417,0,8068806204.0,22,ASK,LONG,1.0
HIMS,2026-06-25 15:40:27.144627+00:00,CALL,31.5,2026-07-17,97860,420,2010,6,30.96,REPEATEDHITS,False,False,False,97860,0,8068806204.0,22,ASK,LONG,1.0
HIMS,2026-06-25 15:39:42.279978+00:00,CALL,31.5,2026-07-17,101050,430,1460,6,30.975,REPEATEDHITS,False,False,False,101050,0,8068806204.0,22,ASK,LONG,1.0
HIMS,2026-06-25 15:38:35.782729+00:00,CALL,31.5,2026-07-17,159490,670,691,6,31.01,REPEATEDHITSDESCENDINGFILL,False,False,False,152320,0,8068806204.0,22,ASK,LONG,1.0
HIMS,2026-06-25 14:27:51.317903+00:00,CALL,36.5,2026-08-07,17866,76,86,0,31.475,REPEATEDHITSASCENDINGFILL,True,False,False,3313,14553,8068806204.0,43,BID,SHORT,0.5
HIMS,2026-06-24 18:40:41.217495+00:00,PUT,19.0,2026-08-21,43560,968,972,498,32.63,REPEATEDHITS,False,False,False,43560,0,8068806204.0,58,ASK,SHORT,1.0
HIMS,2026-06-24 17:47:30.847147+00:00,PUT,29.0,2026-07-02,15750,350,392,181,32.48,REPEATEDHITS,False,False,False,12555,2970,8068806204.0,8,ASK,SHORT,1.0
HIMS,2026-06-24 17:12:43.719631+00:00,CALL,36.5,2026-06-26,11030,1103,2276,764,32.7,REPEATEDHITS,False,False,False,0,5730,8068806204.0,2,BID,SHORT,0.5
HIMS,2026-06-24 13:56:54.439908+00:00,CALL,33.5,2026-07-17,11294,48,49,14,32.565,REPEATEDHITSDESCENDINGFILL,True,False,False,0,11294,8068806204.0,23,BID,SHORT,0.5
HIMS,2026-06-23 19:44:39.263114+00:00,PUT,28.0,2026-06-26,14231,2033,2399,706,33.21,REPEATEDHITS,False,False,False,0,14231,8068806204.0,3,BID,LONG,0.5
HSY,2026-07-08 14:43:25.292468+00:00,CALL,175.0,2026-09-18,61000,61,61,18,175.55,REPEATEDHITS,False,False,False,61000,0,26081043515.0,72,ASK,LONG,1.0
HSY,2026-07-08 13:37:55.047047+00:00,CALL,160.0,2026-07-10,19760,13,13,1,175.405,REPEATEDHITS,True,False,False,0,19760,26081043515.0,2,BID,SHORT,0.5
HSY,2026-07-07 16:08:06.609053+00:00,PUT,185.0,2026-08-07,54880,49,49,0,177.34,REPEATEDHITS,False,False,False,54880,0,26081043515.0,31,ASK,SHORT,1.0
HSY,2026-07-06 17:42:42.517581+00:00,PUT,182.5,2026-07-10,14870,31,31,4,178.895,REPEATEDHITS,False,False,False,14400,470,26081043515.0,4,ASK,SHORT,1.0
HSY,2026-07-02 15:55:56.618426+00:00,CALL,180.0,2026-07-10,22614,78,79,27,179.33,REPEATEDHITSDESCENDINGFILL,False,False,False,22614,0,26081043515.0,8,ASK,LONG,1.0
HSY,2026-06-25 13:40:47.355131+00:00,PUT,170.0,2026-07-17,32554,210,211,162,180.585,REPEATEDHITS,False,False,False,0,32554,26081043515.0,22,BID,LONG,0.5
HSY,2026-06-22 14:21:27.665315+00:00,PUT,150.0,2026-09-18,105120,292,316,91,169.04,REPEATEDHITS,False,False,False,0,105120,26081043515.0,88,BID,LONG,0.5
HSY,2026-06-18 19:46:00.394361+00:00,CALL,210.0,2026-08-21,53896,539,540,94,172.1,REPEATEDHITS,False,False,False,53896,0,26081043515.0,64,ASK,LONG,1.0
HSY,2026-06-18 18:03:47.790330+00:00,CALL,170.0,2026-07-10,79455,137,137,1,171.5,REPEATEDHITS,False,False,False,79455,0,26081043515.0,22,ASK,LONG,1.0
HSY,2026-06-18 15:37:19.562375+00:00,CALL,195.0,2026-09-18,24817,73,77,67,171.925,REPEATEDHITS,False,False,False,24817,0,26081043515.0,92,ASK,LONG,1.0
HSY,2026-06-18 14:32:19.482897+00:00,CALL,170.0,2026-11-20,10020,6,97,5,173.04,REPEATEDHITS,True,False,False,10020,0,26081043515.0,155,ASK,LONG,1.0
HSY,2026-06-17 19:54:17.748136+00:00,CALL,175.0,2026-06-26,34200,90,182,3,175.92,REPEATEDHITS,False,False,False,27360,0,26081043515.0,9,ASK,LONG,1.0
HSY,2026-06-17 17:52:47.290134+00:00,PUT,160.0,2026-08-21,19600,56,66,48,175.74,REPEATEDHITS,False,False,False,0,19600,26081043515.0,65,BID,LONG,0.5
HSY,2026-06-17 16:31:43.281346+00:00,CALL,177.5,2026-06-26,17220,42,142,2,179.02,REPEATEDHITS,False,False,False,17220,0,26081043515.0,9,ASK,LONG,1.0
HSY,2026-06-16 15:59:13.058633+00:00,CALL,180.0,2026-06-26,10080,18,19,7,183.545,REPEATEDHITS,True,False,False,10080,0,26081043515.0,10,ASK,LONG,1.0
HSY,2026-06-12 18:48:52.603264+00:00,CALL,180.0,2026-11-20,100890,59,62,40,182.6,REPEATEDHITS,False,False,False,100890,0,26081043515.0,161,ASK,LONG,1.0
HSY,2026-06-10 19:00:16.842346+00:00,CALL,177.5,2026-06-12,74630,439,461,29,177.245,REPEATEDHITS,False,False,False,0,74630,26081043515.0,2,BID,SHORT,0.5
HSY,2026-06-08 19:13:29.308040+00:00,CALL,185.0,2026-08-21,173399,255,257,40,175.89,REPEATEDHITS,False,False,False,161839,11560,26081043515.0,74,ASK,LONG,1.0
HSY,2026-06-08 16:15:03.387769+00:00,PUT,160.0,2026-09-18,142454,274,279,15,177.56,REPEATEDHITSDESCENDINGFILL,True,False,False,131534,10920,26081043515.0,102,ASK,SHORT,1.0
HSY,2026-06-08 14:51:13.864740+00:00,PUT,155.0,2026-09-18,38480,104,107,38,179.7301,REPEATEDHITS,False,False,False,38480,0,26081043515.0,102,ASK,SHORT,1.0
HSY,2026-06-08 13:49:40.211667+00:00,PUT,180.0,2026-06-12,17640,49,51,40,178.33,REPEATEDHITS,False,False,False,17640,0,26081043515.0,4,ASK,SHORT,1.0
HSY,2026-06-08 13:46:54.150038+00:00,PUT,175.0,2026-07-17,52380,97,99,12,178.76,REPEATEDHITS,False,False,False,52380,0,26081043515.0,39,ASK,SHORT,1.0
HSY,2026-06-04 18:08:22.985858+00:00,PUT,180.0,2026-07-02,59160,116,117,100,180.64,REPEATEDHITS,False,False,False,59160,0,26081043515.0,28,ASK,SHORT,1.0
HSY,2026-06-03 15:42:37.164143+00:00,CALL,187.5,2026-06-12,18620,49,50,2,187.95,REPEATEDHITS,True,False,False,18620,0,26081043515.0,9,ASK,LONG,1.0
HSY,2026-06-02 15:19:12.286415+00:00,PUT,180.0,2026-07-17,17400,29,29,19,182.65,REPEATEDHITS,False,False,False,17400,0,26081043515.0,45,ASK,SHORT,1.0
HSY,2026-06-01 19:16:51.216917+00:00,PUT,190.0,2026-06-26,19332,24,30,7,184.73,REPEATEDHITS,False,False,False,11332,8000,26081043515.0,25,ASK,SHORT,1.0
HSY,2026-06-01 19:16:51.216917+00:00,PUT,185.0,2026-06-26,16550,32,32,4,184.73,REPEATEDHITSDESCENDINGFILL,False,False,False,12050,4500,26081043515.0,25,ASK,SHORT,1.0
HSY,2026-06-01 19:16:25.750171+00:00,PUT,182.5,2026-06-18,10070,30,44,10,184.84,REPEATEDHITSASCENDINGFILL,True,False,False,5070,3300,26081043515.0,17,ASK,SHORT,1.0
HSY,2026-06-01 15:57:50.956003+00:00,CALL,160.0,2026-06-05,36400,14,14,0,185.73,REPEATEDHITS,True,False,False,36400,0,26081043515.0,4,ASK,LONG,1.0
HSY,2026-06-01 15:57:50.956003+00:00,CALL,165.0,2026-06-05,84000,40,40,0,185.73,REPEATEDHITS,True,False,False,84000,0,26081043515.0,4,ASK,LONG,1.0
HSY,2026-06-01 15:56:52.976243+00:00,PUT,175.0,2027-03-19,86480,64,64,33,185.47,REPEATEDHITSASCENDINGFILL,False,False,False,0,86480,26081043515.0,291,BID,LONG,0.5
HSY,2026-06-01 15:56:45.358771+00:00,PUT,185.0,2027-03-19,97340,54,54,36,185.49,REPEATEDHITSASCENDINGFILL,False,False,False,7520,89820,26081043515.0,291,BID,LONG,0.5
HSY,2026-05-27 15:38:19.040136+00:00,PUT,187.5,2026-06-05,25054,501,502,1,199.55,REPEATEDHITS,False,False,False,0,25054,26081043515.0,9,BID,LONG,0.5
HSY,2026-05-27 15:29:32.313603+00:00,CALL,205.0,2026-06-26,11700,30,30,2,199.285,REPEATEDHITS,False,False,False,0,10140,26081043515.0,30,BID,SHORT,0.5
HSY,2026-05-27 14:32:09.116522+00:00,PUT,192.5,2026-06-18,360885,1473,1805,24,199.32,LOWHISTORICVOLUMEFLOOR,False,True,False,0,360885,26081043515.0,22,BID,LONG,0.5
HSY,2026-05-27 14:29:51.107932+00:00,PUT,192.5,2026-06-18,28350,105,105,24,199.24,REPEATEDHITS,False,False,False,28350,0,26081043515.0,22,ASK,SHORT,1.0
HSY,2026-05-27 14:29:51.107932+00:00,PUT,192.5,2026-06-18,43460,164,269,24,199.24,REPEATEDHITS,False,False,False,43460,0,26081043515.0,22,ASK,SHORT,1.0
HSY,2026-05-27 13:56:41.211602+00:00,CALL,190.0,2026-05-29,161468,207,213,20,197.2601,REPEATEDHITSASCENDINGFILL,True,False,False,0,161468,26081043515.0,2,BID,SHORT,0.5
HSY,2026-05-26 17:07:19.298247+00:00,PUT,190.0,2026-06-05,32775,115,119,3,192.07,REPEATEDHITS,True,False,False,32775,0,26081043515.0,10,ASK,SHORT,1.0
HSY,2026-05-26 17:07:19.298247+00:00,PUT,195.0,2026-06-05,33480,62,62,2,192.07,REPEATEDHITS,True,False,False,33480,0,26081043515.0,10,ASK,SHORT,1.0
HSY,2026-05-22 14:27:38.481709+00:00,PUT,170.0,2026-11-20,105708,151,151,118,192.66,REPEATEDHITSASCENDINGFILL,False,False,False,0,105708,26081043515.0,182,BID,LONG,0.5
HSY,2026-05-22 14:18:08.877144+00:00,CALL,200.0,2026-07-17,14560,28,123,7,191.97,REPEATEDHITS,False,False,False,3640,7280,26081043515.0,56,BID,SHORT,0.5
HSY,2026-05-22 14:18:02.652177+00:00,CALL,200.0,2026-07-17,13750,25,95,7,192.21,REPEATEDHITS,True,False,False,8800,2200,26081043515.0,56,ASK,LONG,1.0
HSY,2026-05-22 14:17:56.814959+00:00,CALL,200.0,2026-07-17,15370,29,45,7,192.29,REPEATEDHITS,True,False,False,0,12190,26081043515.0,56,BID,SHORT,0.5
HSY,2026-05-21 15:33:17.970566+00:00,PUT,192.5,2026-05-29,59520,186,186,17,192.055,REPEATEDHITS,True,False,False,59520,0,26081043515.0,8,ASK,SHORT,1.0
HSY,2026-05-20 18:51:29.727686+00:00,PUT,190.0,2026-07-17,158192,226,226,3,191.65,REPEATEDHITSDESCENDINGFILL,False,False,False,158192,0,26081043515.0,58,ASK,SHORT,1.0
HSY,2026-05-19 18:27:57.490416+00:00,PUT,200.0,2026-07-17,34720,31,33,0,193.84,REPEATEDHITS,False,False,False,16800,17920,26081043515.0,59,BID,LONG,0.5
HSY,2026-05-19 14:29:09.641320+00:00,PUT,165.0,2026-07-17,10165,107,165,3,195.41,REPEATEDHITS,False,False,False,0,10165,26081043515.0,59,BID,LONG,0.5
HSY,2026-05-18 18:51:46.446225+00:00,PUT,200.0,2026-08-21,70970,47,47,30,191.57,REPEATEDHITS,False,False,False,70970,0,26081043515.0,95,ASK,SHORT,1.0
HSY,2026-05-18 18:25:06.315949+00:00,CALL,195.0,2026-05-29,11500,50,52,31,191.47,REPEATEDHITS,True,False,False,11500,0,26081043515.0,11,ASK,LONG,1.0
HUT,2026-07-08 15:31:08.170367+00:00,PUT,96.0,2026-07-17,54400,80,80,0,96.29,REPEATEDHITS,True,False,False,0,54400,10892354395.0,9,BID,LONG,0.5
HUT,2026-07-08 14:43:43.531727+00:00,PUT,110.0,2026-08-21,143325,63,63,27,97.775,REPEATEDHITS,False,False,False,143325,0,10892354395.0,44,ASK,SHORT,1.0
HUT,2026-07-08 14:23:25.411395+00:00,PUT,97.0,2026-07-17,60540,102,202,0,99.48,REPEATEDHITSASCENDINGFILL,True,False,False,35105,25435,10892354395.0,9,ASK,SHORT,1.0
HUT,2026-07-07 19:59:40.151076+00:00,PUT,75.0,2026-10-16,156070,160,527,67,96.81,REPEATEDHITS,False,False,False,0,156070,10892354395.0,101,BID,LONG,0.5
HUT,2026-07-07 19:50:40.958186+00:00,PUT,75.0,2026-10-16,142000,142,234,67,96.69,REPEATEDHITS,False,False,False,142000,0,10892354395.0,101,ASK,SHORT,1.0
HUT,2026-07-07 14:03:17.490469+00:00,CALL,135.0,2026-07-24,43086,334,354,25,99.005,REPEATEDHITS,True,False,False,0,43086,10892354395.0,17,BID,SHORT,0.5
HUT,2026-07-06 18:35:31.581141+00:00,CALL,131.0,2026-07-24,53136,216,216,5,102.79,REPEATEDHITS,False,False,False,0,53136,10892354395.0,18,BID,SHORT,0.5
HUT,2026-07-06 15:07:46.914096+00:00,CALL,104.0,2026-07-24,37105,28,30,5,108.56,REPEATEDHITS,True,False,False,9280,27825,10892354395.0,18,BID,SHORT,0.5
HUT,2026-07-06 15:07:07.858667+00:00,CALL,104.0,2026-07-31,39400,26,26,2,108.67,REPEATEDHITSDESCENDINGFILL,True,False,False,0,39400,10892354395.0,25,BID,SHORT,0.5
HUT,2026-07-02 19:47:37.611144+00:00,CALL,105.0,2026-07-10,54495,173,529,30,96.99,REPEATEDHITS,False,False,False,54495,0,10892354395.0,8,ASK,LONG,1.0
HUT,2026-07-02 19:25:29.423867+00:00,CALL,155.0,2026-08-21,197251,697,708,29,95.29,REPEATEDHITS,False,False,False,0,197251,10892354395.0,50,BID,SHORT,0.5
HUT,2026-07-02 15:43:34.900331+00:00,PUT,95.0,2026-08-21,46035,35,38,29,99.23,REPEATEDHITSDESCENDINGFILL,True,False,False,39450,6585,10892354395.0,50,ASK,SHORT,1.0
HUT,2026-07-02 14:42:19.252339+00:00,PUT,82.0,2026-07-10,25074,398,409,59,101.0881,REPEATEDHITS,False,False,False,25074,0,10892354395.0,8,ASK,SHORT,1.0
HUT,2026-07-02 14:23:18.948801+00:00,CALL,123.0,2026-07-31,20650,35,473,19,104.25,REPEATEDHITS,True,False,False,4130,16520,10892354395.0,29,BID,SHORT,0.5
HUT,2026-07-02 13:35:30.674203+00:00,CALL,111.0,2026-07-02,18966,218,218,208,107.2925,REPEATEDHITS,True,False,False,18966,0,10892354395.0,0,ASK,LONG,1.0
HUT,2026-07-01 19:03:03.282803+00:00,PUT,95.0,2026-07-24,125275,232,242,20,107.55,REPEATEDHITS,False,False,False,125275,0,10892354395.0,23,ASK,SHORT,1.0
HUT,2026-07-01 18:41:31.141907+00:00,CALL,105.0,2026-07-10,17400,20,31,8,108.24,REPEATEDHITS,False,False,False,17400,0,10892354395.0,9,ASK,LONG,1.0
HUT,2026-07-01 18:31:22.930930+00:00,PUT,90.0,2026-08-21,231420,266,281,18,107.38,REPEATEDHITS,False,False,False,231420,0,10892354395.0,51,ASK,SHORT,1.0
HUT,2026-07-01 17:32:26.165198+00:00,PUT,119.0,2026-07-17,22400,14,14,7,108.2,REPEATEDHITS,True,False,False,22400,0,10892354395.0,16,ASK,SHORT,1.0
HUT,2026-07-01 15:43:41.368150+00:00,PUT,85.0,2026-08-21,236753,320,320,38,105.245,REPEATEDHITSDESCENDINGFILL,False,False,False,235283,0,10892354395.0,51,ASK,SHORT,1.0
HUT,2026-07-01 15:31:41.730284+00:00,CALL,110.0,2026-07-10,37945,69,328,35,106.57,REPEATEDHITS,False,False,False,35745,2200,10892354395.0,9,ASK,LONG,1.0
HUT,2026-07-01 15:31:37.721640+00:00,CALL,110.0,2026-07-10,24750,45,259,35,106.57,REPEATEDHITS,True,False,False,0,24750,10892354395.0,9,BID,SHORT,0.5
HUT,2026-07-01 15:31:22.902120+00:00,CALL,110.0,2026-07-10,38325,73,204,35,106.35,REPEATEDHITS,False,False,False,0,38325,10892354395.0,9,BID,SHORT,0.5
HUT,2026-07-01 13:47:52.505800+00:00,CALL,110.0,2026-07-17,320000,400,526,398,106.48,FLOORTRADELARGECAP,False,True,False,320000,0,10892354395.0,16,ASK,LONG,1.0
HUT,2026-07-01 13:40:08.554841+00:00,CALL,106.0,2026-07-02,21121,82,100,2,103.25,REPEATEDHITSDESCENDINGFILL,False,False,False,21121,0,10892354395.0,1,ASK,LONG,1.0
HUT,2026-06-30 19:45:19.008839+00:00,PUT,107.0,2026-07-17,13915,23,27,11,115.52,REPEATEDHITS,True,False,False,0,13915,10892354395.0,17,BID,LONG,0.5
HUT,2026-06-30 18:50:42.965159+00:00,PUT,75.0,2026-08-07,17363,97,394,0,114.795,REPEATEDHITS,True,False,False,17363,0,10892354395.0,38,ASK,SHORT,1.0
HUT,2026-06-30 17:40:42.391564+00:00,PUT,80.0,2026-07-31,18258,102,109,70,114.07,REPEATEDHITS,True,False,False,17900,0,10892354395.0,31,ASK,SHORT,1.0
HUT,2026-06-30 16:21:58.803179+00:00,CALL,123.0,2026-07-02,18511,173,209,28,113.855,REPEATEDHITS,False,False,False,0,18511,10892354395.0,2,BID,SHORT,0.5
HUT,2026-06-30 15:37:23.635983+00:00,PUT,121.0,2026-07-10,149640,129,132,8,114.43,REPEATEDHITS,False,False,False,149640,0,10892354395.0,10,ASK,SHORT,1.0
HUT,2026-06-29 16:04:50.268781+00:00,PUT,95.0,2028-06-16,59255,15,23,0,119.3,REPEATEDHITS,False,False,False,59255,0,10892354395.0,718,ASK,SHORT,1.0
HUT,2026-06-29 15:10:16.775898+00:00,CALL,107.0,2026-07-10,31742,23,23,7,116.7,REPEATEDHITS,True,False,False,0,31742,10892354395.0,11,BID,SHORT,0.5
HUT,2026-06-29 15:07:34.998612+00:00,PUT,100.0,2026-07-10,30856,133,138,84,117.91,REPEATEDHITS,False,False,False,30856,0,10892354395.0,11,ASK,SHORT,1.0
HUT,2026-06-26 16:34:31.297200+00:00,CALL,117.0,2026-07-02,18205,28,39,6,117.86,REPEATEDHITS,True,False,False,655,17550,10892354395.0,6,BID,SHORT,0.5
HUT,2026-06-26 14:53:26.786361+00:00,CALL,113.0,2026-07-10,103300,97,99,4,116.27,REPEATEDHITSASCENDINGFILL,True,False,False,47950,55350,10892354395.0,14,BID,SHORT,0.5
HUT,2026-06-26 14:53:26.786361+00:00,CALL,112.0,2026-07-10,12435,11,16,6,116.27,REPEATEDHITSASCENDINGFILL,True,False,False,2270,10165,10892354395.0,14,BID,SHORT,0.5
HUT,2026-06-26 14:37:48.906474+00:00,CALL,107.0,2026-07-24,45430,25,25,2,116.5,REPEATEDHITSASCENDINGFILL,True,False,False,1830,43600,10892354395.0,28,BID,SHORT,0.5
HUT,2026-06-25 19:17:29.164073+00:00,PUT,110.0,2026-08-07,63460,46,46,0,113.98,REPEATEDHITSDESCENDINGFILL,True,False,False,31805,31655,10892354395.0,43,ASK,SHORT,1.0
HUT,2026-06-24 18:59:47.673757+00:00,PUT,90.0,2026-10-16,1020000,750,751,92,112.365,FLOORTRADELARGECAP,False,True,True,1020000,0,10892354395.0,114,ASK,SHORT,1.0
HUT,2026-06-24 18:58:34.736208+00:00,PUT,90.0,2026-07-02,21329,277,405,55,112.35,REPEATEDHITS,False,False,False,21329,0,10892354395.0,8,ASK,SHORT,1.0
HUT,2026-06-24 18:36:34.743348+00:00,PUT,105.0,2026-07-10,54525,102,103,30,114.37,REPEATEDHITSDESCENDINGFILL,False,False,False,52950,1575,10892354395.0,16,ASK,SHORT,1.0
HUT,2026-06-24 18:35:55.091142+00:00,PUT,119.0,2026-07-02,61759,64,82,5,114.64,REPEATEDHITS,True,False,False,61759,0,10892354395.0,8,ASK,SHORT,1.0
HUT,2026-06-24 17:56:19.261483+00:00,CALL,113.0,2026-07-02,23075,30,30,4,113.98,REPEATEDHITS,False,False,False,19995,3080,10892354395.0,8,ASK,LONG,1.0
HUT,2026-06-24 17:36:01.684411+00:00,CALL,195.0,2026-09-18,208832,360,360,12,113.925,REPEATEDHITSASCENDINGFILL,False,False,False,600,208232,10892354395.0,86,BID,SHORT,0.5
HUT,2026-06-24 14:54:09.289080+00:00,PUT,114.0,2026-07-17,101455,103,112,3,117.5,REPEATEDHITS,False,False,False,0,101455,10892354395.0,23,BID,LONG,0.5
HUT,2026-06-23 19:45:06.511580+00:00,PUT,112.0,2026-06-26,12312,57,62,43,119.62,REPEATEDHITS,False,False,False,12312,0,10892354395.0,3,ASK,SHORT,1.0
HUT,2026-06-23 18:43:21.921068+00:00,CALL,155.0,2026-07-24,56855,137,183,1,119.54,REPEATEDHITS,False,False,False,0,56855,10892354395.0,31,BID,SHORT,0.5
HUT,2026-06-23 18:12:07.115062+00:00,CALL,155.0,2026-07-24,11250,25,46,1,121.22,REPEATEDHITS,False,False,False,8100,900,10892354395.0,31,ASK,LONG,1.0
HUT,2026-06-23 16:45:41.054315+00:00,CALL,124.0,2026-07-17,259198,209,260,3,122.84,REPEATEDHITSASCENDINGFILL,True,False,False,0,259198,10892354395.0,24,BID,SHORT,0.5
HUT,2026-06-23 14:29:47.788669+00:00,PUT,113.0,2026-07-10,316793,480,480,5,122.92,REPEATEDHITSDESCENDINGFILL,False,False,False,316793,0,10892354395.0,17,ASK,SHORT,1.0
IBB,2026-07-08 15:16:17.608626+00:00,CALL,225.0,2026-09-18,12601,120,120,4,195.11,REPEATEDHITS,False,False,False,0,12601,9658376674.0,72,BID,SHORT,0.5
IBB,2026-07-08 14:55:29.276786+00:00,PUT,197.0,2026-07-17,14760,41,42,1,195.75,REPEATEDHITS,True,False,False,14760,0,9658376674.0,9,ASK,SHORT,1.0
IBB,2026-07-07 19:37:31.984648+00:00,CALL,220.0,2026-09-18,17600,80,80,5,198.05,REPEATEDHITS,False,False,False,0,17600,9658376674.0,73,BID,SHORT,0.5
IBB,2026-07-07 14:53:29.004593+00:00,CALL,200.0,2026-07-17,76756,404,408,76,197.26,REPEATEDHITS,False,False,False,76756,0,9658376674.0,10,ASK,LONG,1.0
IBB,2026-07-07 14:53:07.177990+00:00,PUT,196.0,2026-07-17,10780,44,44,0,197.1147,REPEATEDHITS,True,False,False,0,10780,9658376674.0,10,BID,LONG,0.5
IBB,2026-07-06 15:00:23.147879+00:00,CALL,191.0,2026-07-17,10080,18,18,0,194.995,REPEATEDHITS,True,False,False,10080,0,9658376674.0,11,ASK,LONG,1.0
IBB,2026-07-06 14:53:38.873627+00:00,CALL,171.0,2026-09-18,40960,16,16,6,194.55,REPEATEDHITS,True,False,False,40960,0,9658376674.0,74,ASK,LONG,1.0
IBB,2026-07-06 13:53:15.666877+00:00,CALL,195.0,2026-12-18,78090,57,71,25,192.87,REPEATEDHITS,False,False,False,8220,69870,9658376674.0,165,BID,SHORT,0.5
IBB,2026-07-06 13:53:11.060069+00:00,CALL,184.0,2026-08-21,18450,15,15,0,193.01,REPEATEDHITS,True,False,False,0,18450,9658376674.0,46,BID,SHORT,0.5
IBB,2026-07-02 15:19:11.494365+00:00,PUT,190.0,2026-09-18,19200,32,32,7,194.065,REPEATEDHITS,False,False,False,19200,0,9658376674.0,78,ASK,SHORT,1.0
IBB,2026-07-02 15:00:42.865391+00:00,CALL,194.0,2026-07-17,31994,80,80,0,194.89,REPEATEDHITSDESCENDINGFILL,False,False,False,31994,0,9658376674.0,15,ASK,LONG,1.0
IBB,2026-07-02 14:00:37.906685+00:00,PUT,185.0,2026-08-21,73935,252,253,98,193.84,REPEATEDHITSASCENDINGFILL,True,False,False,50445,23490,9658376674.0,50,ASK,SHORT,1.0
IBB,2026-07-02 14:00:37.906685+00:00,PUT,186.0,2026-08-21,19210,60,60,13,193.84,REPEATEDHITS,False,False,False,330,18880,9658376674.0,50,BID,LONG,0.5
IBB,2026-06-30 19:55:29.215976+00:00,CALL,195.0,2026-08-21,46340,103,114,75,190.26,REPEATEDHITS,False,False,False,45900,440,9658376674.0,52,ASK,LONG,1.0
IBB,2026-06-30 19:55:29.215976+00:00,CALL,200.0,2026-08-21,42709,149,336,60,190.26,REPEATEDHITS,True,False,False,11929,30780,9658376674.0,52,BID,SHORT,0.5
IBB,2026-06-30 17:19:23.451982+00:00,CALL,230.0,2027-12-17,24800,20,47,1,190.89,REPEATEDHITS,False,False,False,4960,13640,9658376674.0,535,BID,SHORT,0.5
IBB,2026-06-30 16:08:33.457395+00:00,CALL,186.0,2026-08-21,242064,247,258,22,190.4901,REPEATEDHITS,False,False,False,0,242064,9658376674.0,52,BID,SHORT,0.5
IBB,2026-06-29 15:16:56.924470+00:00,CALL,185.0,2026-08-21,82800,92,166,73,188.0,REPEATEDHITS,False,False,False,0,82800,9658376674.0,53,BID,SHORT,0.5
IBB,2026-06-29 13:52:55.970634+00:00,CALL,195.0,2026-07-17,39780,234,237,40,188.35,REPEATEDHITS,False,False,False,0,39780,9658376674.0,18,BID,SHORT,0.5
IBB,2026-06-26 18:10:03.265636+00:00,PUT,163.0,2026-09-18,32939,244,244,89,186.13,REPEATEDHITS,False,False,False,32939,0,9658376674.0,84,ASK,SHORT,1.0
IBB,2026-06-26 14:11:13.074161+00:00,CALL,195.0,2026-08-21,28800,64,66,26,188.245,REPEATEDHITS,False,False,False,28800,0,9658376674.0,56,ASK,LONG,1.0
IBB,2026-06-26 14:11:13.074161+00:00,CALL,190.0,2026-08-21,125794,185,186,71,188.245,REPEATEDHITS,False,False,False,125794,0,9658376674.0,56,ASK,LONG,1.0
IBB,2026-06-25 19:40:28.865285+00:00,PUT,170.0,2026-08-21,57420,261,265,42,183.83,REPEATEDHITS,False,False,False,0,57420,9658376674.0,57,BID,LONG,0.5
IBB,2026-06-25 16:01:40.901747+00:00,CALL,170.0,2026-09-18,189163,100,100,79,184.29,REPEATEDHITSDESCENDINGFILL,True,False,False,189163,0,9658376674.0,85,ASK,LONG,1.0
IBB,2026-06-25 15:49:26.047902+00:00,CALL,176.0,2026-08-21,35640,27,27,14,184.895,REPEATEDHITS,True,False,False,0,35640,9658376674.0,57,BID,SHORT,0.5
IBB,2026-06-25 15:30:33.381863+00:00,PUT,185.0,2026-08-21,48750,75,75,0,185.4,REPEATEDHITS,True,False,False,48750,0,9658376674.0,57,ASK,SHORT,1.0
IBB,2026-06-25 15:19:22.733028+00:00,CALL,225.0,2027-01-15,18200,65,183,0,185.59,REPEATEDHITS,False,False,False,0,2240,9658376674.0,204,BID,SHORT,0.5
IBB,2026-06-25 15:16:25.018898+00:00,CALL,200.0,2027-01-15,430940,480,1788,77,185.565,REPEATEDHITSDESCENDINGFILL,False,False,False,194390,236550,9658376674.0,204,BID,SHORT,0.5
IBB,2026-06-25 15:12:59.848485+00:00,PUT,195.0,2026-08-21,20397,17,28,1,185.79,REPEATEDHITS,False,False,False,20397,0,9658376674.0,57,ASK,SHORT,1.0
IBB,2026-06-25 15:12:57.442145+00:00,PUT,195.0,2026-08-21,13200,11,11,1,185.79,REPEATEDHITS,False,False,False,13200,0,9658376674.0,57,ASK,SHORT,1.0
IBB,2026-06-25 15:11:43.311786+00:00,PUT,190.0,2026-07-17,21120,33,33,6,185.88,REPEATEDHITS,False,False,False,21120,0,9658376674.0,22,ASK,SHORT,1.0
IBB,2026-06-25 14:59:50.624741+00:00,CALL,179.0,2026-07-17,30360,33,34,15,186.24,REPEATEDHITS,True,False,False,0,30360,9658376674.0,22,BID,SHORT,0.5
IBB,2026-06-22 18:17:29.360701+00:00,CALL,172.0,2026-07-17,80999,100,402,20,177.35,REPEATEDHITS,False,False,False,70469,10530,9658376674.0,25,ASK,LONG,1.0
IBB,2026-06-22 18:16:54.324467+00:00,CALL,172.0,2026-07-17,136080,168,212,20,177.325,REPEATEDHITS,False,False,False,136080,0,9658376674.0,25,ASK,LONG,1.0
IBB,2026-06-22 18:16:54.324467+00:00,CALL,172.0,2026-07-17,73460,90,302,20,177.325,REPEATEDHITSASCENDINGFILL,False,False,False,72650,810,9658376674.0,25,ASK,LONG,1.0
IBB,2026-06-22 13:31:53.265629+00:00,CALL,171.0,2026-08-21,62640,58,58,0,176.135,REPEATEDHITS,True,False,False,62640,0,9658376674.0,60,ASK,LONG,1.0
IBB,2026-06-17 15:33:52.042274+00:00,CALL,180.0,2026-07-17,216982,775,778,114,175.45,REPEATEDHITSDESCENDINGFILL,False,False,False,216982,0,9658376674.0,30,ASK,LONG,1.0
IBB,2026-06-08 15:13:19.980249+00:00,PUT,167.0,2026-07-17,14350,35,35,0,168.28,REPEATEDHITS,False,False,False,0,14350,9658376674.0,39,BID,LONG,0.5
IBB,2026-06-05 18:55:40.763265+00:00,PUT,177.0,2026-07-17,32000,32,32,0,168.635,REPEATEDHITS,False,False,False,32000,0,9658376674.0,42,ASK,SHORT,1.0
IBB,2026-06-04 14:57:20.732808+00:00,CALL,174.0,2026-07-17,131100,285,337,0,172.17,REPEATEDHITS,True,False,False,0,131100,9658376674.0,43,BID,SHORT,0.5
IBB,2026-06-04 14:56:06.216897+00:00,CALL,174.0,2026-07-17,14800,34,34,0,172.02,REPEATEDHITSDESCENDINGFILL,False,False,False,7640,7160,9658376674.0,43,ASK,LONG,1.0
IBIT,2026-07-08 14:30:12.621730+00:00,CALL,39.0,2026-08-14,199087,4063,4474,67,35.08,REPEATEDHITS,False,False,False,3136,195951,64762757065.0,37,BID,SHORT,0.5
IBIT,2026-07-08 13:30:38.888743+00:00,CALL,35.5,2026-07-15,87870,1515,1515,673,35.0299,REPEATEDHITS,True,False,False,76270,0,64762757065.0,7,ASK,LONG,1.0
IBIT,2026-07-07 17:40:55.528285+00:00,CALL,39.0,2026-07-17,105000,7500,8031,7105,36.31,REPEATEDHITS,False,False,False,105000,0,64762757065.0,10,ASK,LONG,1.0
IBIT,2026-07-07 17:14:17.613331+00:00,PUT,36.0,2026-11-20,172500,500,3089,399,36.26,REPEATEDHITS,False,False,False,172500,0,64762757065.0,136,ASK,SHORT,1.0
IBIT,2026-07-07 17:13:51.983870+00:00,PUT,36.0,2026-11-20,345000,1000,2589,399,36.265,REPEATEDHITS,False,False,False,345000,0,64762757065.0,136,ASK,SHORT,1.0
IBIT,2026-07-07 17:13:05.543203+00:00,PUT,36.0,2026-11-20,345000,1000,1459,399,36.26,REPEATEDHITS,False,False,False,345000,0,64762757065.0,136,ASK,SHORT,1.0
IBIT,2026-07-07 16:37:02.715698+00:00,PUT,36.5,2026-07-10,214764,3254,3522,216,36.23,REPEATEDHITS,False,False,False,214764,0,64762757065.0,3,ASK,SHORT,1.0
IBIT,2026-07-07 13:54:15.680076+00:00,CALL,38.5,2026-08-07,285000,4750,4751,250,35.735,REPEATEDHITS,False,False,False,0,285000,64762757065.0,31,BID,SHORT,0.5
IBIT,2026-07-06 18:15:36.237054+00:00,PUT,34.0,2026-07-10,54780,4980,12872,3740,36.075,REPEATEDHITS,False,False,False,0,54780,64762757065.0,4,BID,LONG,0.5
IBIT,2026-07-06 15:43:37.047176+00:00,PUT,35.5,2026-07-06,60270,4018,5783,79,35.5,REPEATEDHITS,False,False,False,60270,0,64762757065.0,0,ASK,SHORT,1.0
IBIT,2026-07-02 16:36:06.187430+00:00,PUT,34.5,2026-07-17,515000,5000,8532,819,34.7001,REPEATEDHITS,False,False,False,515000,0,64762757065.0,15,ASK,SHORT,1.0
IBIT,2026-07-02 16:19:02.812875+00:00,CALL,35.5,2026-07-06,104236,4532,11194,886,34.825,REPEATEDHITS,False,False,False,0,104236,64762757065.0,4,BID,SHORT,0.5
IBIT,2026-07-02 14:57:18.989679+00:00,CALL,36.0,2026-08-14,60800,400,496,0,34.855,REPEATEDHITS,False,False,False,49856,10944,64762757065.0,43,ASK,LONG,1.0
IBIT,2026-07-02 14:35:09.304715+00:00,PUT,34.0,2026-07-08,54402,1600,1877,361,34.885,REPEATEDHITSDESCENDINGFILL,False,False,False,0,54332,64762757065.0,6,BID,LONG,0.5
IBIT,2026-07-02 14:31:11.209683+00:00,CALL,35.5,2026-07-08,86085,1913,3149,615,34.95,REPEATEDHITS,False,False,False,86085,0,64762757065.0,6,ASK,LONG,1.0
IBIT,2026-07-01 16:17:35.025962+00:00,CALL,34.0,2026-07-01,73216,4576,20130,1874,34.025,REPEATEDHITS,False,False,False,0,73216,64762757065.0,0,BID,SHORT,0.5
IBIT,2026-07-01 15:33:35.098454+00:00,CALL,35.0,2026-12-18,1471672,3590,3682,1604,34.1,REPEATEDHITSDESCENDINGFILL,False,False,False,1471672,0,64762757065.0,170,ASK,LONG,1.0
IBIT,2026-07-01 14:15:23.700013+00:00,PUT,34.5,2026-07-10,84027,757,758,278,33.96,REPEATEDHITS,True,False,False,0,84027,64762757065.0,9,BID,LONG,0.5
IBIT,2026-06-29 19:32:03.060187+00:00,CALL,35.0,2026-07-10,340197,5577,6069,5215,34.185,REPEATEDHITS,False,False,False,0,340197,64762757065.0,11,BID,SHORT,0.5
IBIT,2026-06-29 17:46:38.110814+00:00,PUT,36.0,2027-02-19,190620,353,602,110,34.29,REPEATEDHITS,False,False,False,0,190620,64762757065.0,235,BID,LONG,0.5
IBIT,2026-06-29 17:46:33.102966+00:00,PUT,36.0,2027-02-19,134421,249,249,110,34.275,REPEATEDHITS,False,False,False,35100,99321,64762757065.0,235,BID,LONG,0.5
IBIT,2026-06-29 16:48:10.564233+00:00,CALL,34.0,2026-06-30,138720,4624,10647,4113,33.875,REPEATEDHITS,False,False,False,30,138690,64762757065.0,1,BID,SHORT,0.5
IBIT,2026-06-29 14:13:47.625122+00:00,CALL,33.5,2026-07-10,425736,3942,3963,552,33.41,REPEATEDHITS,False,False,False,0,425736,64762757065.0,11,BID,SHORT,0.5
IBIT,2026-06-29 14:08:35.878083+00:00,PUT,32.0,2027-06-17,192000,400,403,226,33.47,REPEATEDHITS,False,False,False,0,192000,64762757065.0,353,BID,LONG,0.5
IBIT,2026-06-29 13:48:51.563009+00:00,CALL,37.0,2026-08-07,84038,1000,6952,175,33.605,REPEATEDHITSASCENDINGFILL,True,False,False,84038,0,64762757065.0,39,ASK,LONG,1.0
IBIT,2026-06-29 13:47:55.859380+00:00,CALL,37.0,2026-08-07,71540,980,5951,175,33.615,REPEATEDHITS,False,False,False,71540,0,64762757065.0,39,ASK,LONG,1.0
IBIT,2026-06-29 13:47:25.216670+00:00,CALL,37.0,2026-08-07,59200,800,4751,175,33.64,REPEATEDHITS,False,False,False,59200,0,64762757065.0,39,ASK,LONG,1.0
IBIT,2026-06-26 14:12:15.160754+00:00,PUT,31.0,2026-07-06,69238,2663,4709,443,33.93,REPEATEDHITS,False,False,False,0,69238,64762757065.0,10,BID,LONG,0.5
IBIT,2026-06-26 14:04:36.117676+00:00,PUT,31.0,2026-07-06,54135,2005,2009,443,33.925,REPEATEDHITS,False,False,False,0,54135,64762757065.0,10,BID,LONG,0.5
IBIT,2026-06-26 13:39:16.686588+00:00,CALL,33.5,2026-06-26,67500,2500,3444,1713,33.465,REPEATEDHITS,True,False,False,67500,0,64762757065.0,0,ASK,LONG,1.0
IBIT,2026-06-26 13:38:34.818077+00:00,PUT,32.0,2026-07-24,318387,2701,3001,1269,33.46,REPEATEDHITSASCENDINGFILL,False,False,False,283105,35164,64762757065.0,28,ASK,SHORT,1.0
IBIT,2026-06-25 19:43:51.117035+00:00,CALL,34.0,2026-06-26,94010,5530,17819,2152,33.495,REPEATEDHITS,True,False,False,93993,0,64762757065.0,1,ASK,LONG,1.0
IBIT,2026-06-25 18:20:25.038282+00:00,PUT,31.0,2026-11-30,72896,272,364,140,33.72,REPEATEDHITS,False,False,False,0,72896,64762757065.0,158,BID,LONG,0.5
IBIT,2026-06-25 16:33:51.160637+00:00,PUT,33.0,2026-07-10,605889,6018,62490,2938,33.58,REPEATEDHITSDESCENDINGFILL,False,False,False,501657,104232,64762757065.0,15,ASK,SHORT,1.0
IBIT,2026-06-25 15:59:11.517194+00:00,PUT,26.0,2026-08-21,162667,3461,3493,1995,33.68,REPEATEDHITS,False,False,False,0,162667,64762757065.0,57,BID,LONG,0.5
IBIT,2026-06-25 14:04:49.811338+00:00,CALL,33.5,2026-07-02,75055,883,1260,660,33.285,REPEATEDHITS,True,False,False,0,53890,64762757065.0,7,BID,SHORT,0.5
IBIT,2026-06-25 13:58:46.775371+00:00,PUT,31.0,2026-12-18,283200,885,1157,343,32.94,REPEATEDHITS,False,False,False,0,283200,64762757065.0,176,BID,LONG,0.5
IBIT,2026-06-25 13:54:58.912591+00:00,PUT,27.0,2026-10-16,249663,2000,2001,626,33.225,REPEATEDHITSDESCENDINGFILL,False,False,False,249663,0,64762757065.0,113,ASK,SHORT,1.0
IBIT,2026-06-25 13:46:35.533019+00:00,PUT,30.0,2026-11-20,332661,1500,1501,1447,33.795,REPEATEDHITSDESCENDINGFILL,False,False,False,332661,0,64762757065.0,148,ASK,SHORT,1.0
IBIT,2026-06-25 13:46:32.727328+00:00,PUT,22.0,2026-08-21,110000,5000,5000,363,33.81,REPEATEDHITS,True,False,False,3454,0,64762757065.0,57,ASK,SHORT,1.0
IBIT,2026-06-24 19:48:12.132512+00:00,PUT,28.0,2026-09-18,87219,881,1760,803,33.795,REPEATEDHITS,False,False,False,87219,0,64762757065.0,86,ASK,SHORT,1.0
IBIT,2026-06-24 18:57:23.836147+00:00,PUT,26.0,2026-12-18,106500,750,767,112,33.7099,REPEATEDHITS,True,False,False,35500,71000,64762757065.0,177,BID,LONG,0.5
IBIT,2026-06-24 18:19:54.663204+00:00,CALL,34.5,2026-06-29,51248,1250,1942,12,33.755,REPEATEDHITSASCENDINGFILL,False,False,False,51168,0,64762757065.0,5,ASK,LONG,1.0
IBIT,2026-06-24 18:01:35.697992+00:00,CALL,35.0,2026-11-30,950000,2500,2500,432,33.625,REPEATEDHITS,False,False,False,950000,0,64762757065.0,159,ASK,LONG,1.0
IBIT,2026-06-24 17:27:26.800775+00:00,CALL,34.5,2026-07-01,76720,1370,1456,3,33.74,REPEATEDHITS,False,False,False,0,76720,64762757065.0,7,BID,SHORT,0.5
IBIT,2026-06-24 17:27:26.800775+00:00,CALL,34.0,2026-06-30,117144,1627,1992,121,33.74,REPEATEDHITS,True,False,False,0,117144,64762757065.0,6,BID,SHORT,0.5
IBIT,2026-06-24 17:21:52.276598+00:00,PUT,25.0,2026-08-31,102555,2279,2398,1569,33.6114,REPEATEDHITS,False,False,False,0,102555,64762757065.0,68,BID,LONG,0.5
IBIT,2026-06-24 17:18:21.988530+00:00,PUT,33.5,2026-07-24,80500,500,1167,455,33.75,REPEATEDHITS,False,False,False,80500,0,64762757065.0,30,ASK,SHORT,1.0
IBIT,2026-06-24 17:03:50.830471+00:00,CALL,34.0,2026-07-02,64220,676,1629,285,33.922,REPEATEDHITS,False,False,False,0,64220,64762757065.0,8,BID,SHORT,0.5
IBIT,2026-06-24 16:04:48.925002+00:00,PUT,29.0,2026-07-17,326163,11247,11509,3432,34.075,REPEATEDHITS,False,False,False,0,326163,64762757065.0,23,BID,LONG,0.5
IBM,2026-07-08 14:08:00.831429+00:00,PUT,302.5,2026-07-10,400202,690,708,605,300.78,REPEATEDHITS,True,False,False,1740,398462,287727080766.0,2,BID,LONG,0.5
IBM,2026-07-07 18:58:36.251034+00:00,CALL,317.5,2026-07-10,204329,610,1725,42,311.12,REPEATEDHITS,False,False,False,204329,0,287727080766.0,3,ASK,LONG,1.0
IBM,2026-07-07 18:24:28.663959+00:00,CALL,317.5,2026-07-10,177126,521,1022,42,311.215,REPEATEDHITSDESCENDINGFILL,False,False,False,177126,0,287727080766.0,3,ASK,LONG,1.0
IBM,2026-07-07 17:01:59.038934+00:00,PUT,255.0,2026-08-21,158007,395,458,369,310.975,REPEATEDHITSASCENDINGFILL,False,False,False,0,157602,287727080766.0,45,BID,LONG,0.5
IBM,2026-07-07 13:38:04.902542+00:00,PUT,300.0,2026-07-10,221162,560,571,179,305.465,REPEATEDHITSDESCENDINGFILL,False,False,False,221162,0,287727080766.0,3,ASK,SHORT,1.0
IBM,2026-07-06 19:29:38.601745+00:00,CALL,360.0,2026-10-16,99440,88,112,83,300.4,REPEATEDHITS,False,False,False,0,38420,287727080766.0,102,BID,SHORT,0.5
IBM,2026-07-06 15:24:19.071636+00:00,PUT,297.5,2026-07-10,55610,83,131,2,297.065,REPEATEDHITS,True,False,False,38860,16750,287727080766.0,4,ASK,SHORT,1.0
IBM,2026-07-06 14:34:24.924432+00:00,PUT,295.0,2026-08-21,1627017,786,786,81,297.47,REPEATEDHITS,False,False,False,1627017,0,287727080766.0,46,ASK,SHORT,1.0
IBM,2026-07-06 14:32:48.366998+00:00,CALL,285.0,2026-07-31,176290,70,97,44,297.49,REPEATEDHITSASCENDINGFILL,True,False,False,90585,80635,287727080766.0,25,ASK,LONG,1.0
IBM,2026-07-06 13:47:58.742257+00:00,PUT,280.0,2026-07-17,396112,966,980,825,293.94,REPEATEDHITSASCENDINGFILL,False,False,False,3320,392382,287727080766.0,11,BID,LONG,0.5
IBM,2026-07-02 17:49:01.604073+00:00,PUT,285.0,2026-07-24,518088,330,366,60,284.855,REPEATEDHITS,False,False,False,518088,0,287727080766.0,22,ASK,SHORT,1.0
IBM,2026-07-02 15:24:43.228996+00:00,CALL,292.5,2026-07-10,133297,310,369,100,285.395,REPEATEDHITS,False,False,False,133297,0,287727080766.0,8,ASK,LONG,1.0
IBM,2026-07-02 15:16:53.121600+00:00,PUT,295.0,2026-07-31,169830,74,74,27,284.21,REPEATEDHITS,False,False,False,169830,0,287727080766.0,29,ASK,SHORT,1.0
IBM,2026-07-01 15:16:49.947823+00:00,CALL,325.0,2026-07-31,231119,321,324,77,291.75,REPEATEDHITS,False,False,False,231119,0,287727080766.0,30,ASK,LONG,1.0
IBM,2026-07-01 15:11:23.238086+00:00,CALL,310.0,2026-07-31,176376,168,182,69,290.28,REPEATEDHITS,True,False,False,175326,0,287727080766.0,30,ASK,LONG,1.0
IBM,2026-06-30 18:37:57.228159+00:00,PUT,190.0,2026-10-16,331982,1509,1521,308,281.05,REPEATEDHITS,False,False,False,0,331540,287727080766.0,108,BID,LONG,0.5
IBM,2026-06-30 14:13:49.818167+00:00,PUT,280.0,2026-08-21,698750,314,317,276,276.09,REPEATEDHITSDESCENDINGFILL,True,False,False,609610,89140,287727080766.0,52,ASK,SHORT,1.0
IBM,2026-06-29 17:21:37.850295+00:00,PUT,272.5,2026-07-02,158897,454,512,49,276.47,REPEATEDHITS,False,False,False,158897,0,287727080766.0,3,ASK,SHORT,1.0
IBM,2026-06-29 16:39:38.038051+00:00,PUT,275.0,2026-07-02,210544,448,612,265,275.84,REPEATEDHITS,False,False,False,210544,0,287727080766.0,3,ASK,SHORT,1.0
IBM,2026-06-29 15:49:50.757652+00:00,PUT,205.0,2026-08-21,104445,633,645,130,274.14,REPEATEDHITS,False,False,False,0,104445,287727080766.0,53,BID,LONG,0.5
IBM,2026-06-26 18:45:03.798484+00:00,PUT,215.0,2026-07-24,69174,549,556,48,269.9,REPEATEDHITS,False,False,False,0,69174,287727080766.0,28,BID,LONG,0.5
IBM,2026-06-26 15:42:10.286443+00:00,CALL,300.0,2026-07-31,312000,400,425,293,271.71,REPEATEDHITS,False,False,False,0,780,287727080766.0,35,BID,SHORT,0.5
IBM,2026-06-26 15:41:33.631654+00:00,PUT,265.0,2026-07-02,54910,190,262,132,272.35,REPEATEDHITS,False,False,False,19941,34969,287727080766.0,6,BID,LONG,0.5
IBM,2026-06-26 14:51:06.797486+00:00,PUT,275.0,2026-09-18,73570,28,104,10,268.965,REPEATEDHITS,True,False,False,36820,36750,287727080766.0,84,ASK,SHORT,1.0
IBM,2026-06-26 14:51:06.797486+00:00,PUT,275.0,2026-09-18,70510,27,76,10,268.965,REPEATEDHITSASCENDINGFILL,False,False,False,2635,67875,287727080766.0,84,BID,LONG,0.5
IBM,2026-06-26 14:37:25.868325+00:00,PUT,275.0,2026-09-18,68765,26,30,10,268.7,REPEATEDHITSASCENDINGFILL,False,False,False,2650,60825,287727080766.0,84,BID,LONG,0.5
IBM,2026-06-26 14:15:39.509105+00:00,CALL,255.0,2026-09-18,447000,149,167,79,267.06,REPEATEDHITS,True,False,False,447000,0,287727080766.0,84,ASK,LONG,1.0
IBM,2026-06-25 18:43:12.754719+00:00,PUT,255.0,2026-06-26,68906,526,1132,319,258.85,REPEATEDHITS,False,False,False,1310,67596,287727080766.0,1,BID,LONG,0.5
IBM,2026-06-25 17:46:07.801859+00:00,CALL,272.5,2026-07-02,73626,409,521,195,256.545,REPEATEDHITSASCENDINGFILL,False,False,False,184,73442,287727080766.0,7,BID,SHORT,0.5
IBM,2026-06-25 14:07:30.783460+00:00,CALL,285.0,2026-08-07,66495,65,65,0,261.145,REPEATEDHITSDESCENDINGFILL,False,False,False,66495,0,287727080766.0,43,ASK,LONG,1.0
IBM,2026-06-25 14:04:30.774031+00:00,CALL,262.5,2026-07-02,180340,284,304,109,260.905,REPEATEDHITS,True,False,False,0,180340,287727080766.0,7,BID,SHORT,0.5
IBM,2026-06-25 14:04:30.774031+00:00,PUT,262.5,2026-07-02,284240,374,425,22,260.905,REPEATEDHITS,False,False,False,755,283485,287727080766.0,7,BID,LONG,0.5
IBM,2026-06-24 17:57:06.711151+00:00,CALL,265.0,2026-10-16,1027488,399,415,78,262.72,REPEATEDHITSASCENDINGFILL,False,False,False,2575,1012013,287727080766.0,114,BID,SHORT,0.5
IBM,2026-06-24 15:28:36.077796+00:00,CALL,275.0,2026-07-02,147396,541,667,320,262.62,REPEATEDHITSASCENDINGFILL,True,False,False,38140,108981,287727080766.0,8,BID,SHORT,0.5
IBM,2026-06-24 14:31:23.507881+00:00,PUT,252.5,2026-07-17,68320,112,112,31,263.47,REPEATEDHITS,True,False,False,0,68320,287727080766.0,23,BID,LONG,0.5
IBM,2026-06-23 19:22:06.743204+00:00,PUT,267.5,2026-07-02,71953,70,162,23,262.87,REPEATEDHITSDESCENDINGFILL,False,False,False,0,71953,287727080766.0,9,BID,LONG,0.5
IBM,2026-06-23 18:17:13.603949+00:00,CALL,260.0,2026-07-10,161135,119,212,114,264.79,REPEATEDHITS,True,False,False,131325,0,287727080766.0,17,ASK,LONG,1.0
IBM,2026-06-23 17:34:16.517493+00:00,CALL,272.5,2026-06-26,55800,200,2461,196,265.65,REPEATEDHITS,False,False,False,0,55800,287727080766.0,3,BID,SHORT,0.5
IBM,2026-06-23 15:57:18.491007+00:00,PUT,262.5,2026-07-17,148234,136,199,0,264.28,REPEATEDHITSDESCENDINGFILL,False,False,False,148234,0,287727080766.0,24,ASK,SHORT,1.0
IBM,2026-06-23 15:49:01.294726+00:00,CALL,272.5,2026-06-26,114000,400,1923,196,264.53,REPEATEDHITS,False,False,False,114000,0,287727080766.0,3,ASK,LONG,1.0
IBM,2026-06-23 15:41:10.159686+00:00,CALL,272.5,2026-06-26,97611,405,1518,196,263.48,REPEATEDHITSASCENDINGFILL,False,False,False,0,97611,287727080766.0,3,BID,SHORT,0.5
IBM,2026-06-23 14:28:51.317201+00:00,CALL,262.5,2026-07-17,51800,40,79,15,263.21,REPEATEDHITS,False,False,False,51800,0,287727080766.0,24,ASK,LONG,1.0
IBM,2026-06-22 19:38:17.437027+00:00,CALL,245.0,2026-07-24,192390,106,117,23,248.76,REPEATEDHITS,False,False,False,192390,0,287727080766.0,32,ASK,LONG,1.0
IBM,2026-06-22 19:35:57.887240+00:00,CALL,265.0,2026-06-26,65339,575,2152,395,248.081,REPEATEDHITSDESCENDINGFILL,True,False,False,56868,8471,287727080766.0,4,ASK,LONG,1.0
IBM,2026-06-22 19:21:26.908673+00:00,CALL,250.0,2026-07-24,71295,49,85,47,246.96,REPEATEDHITS,False,False,False,71295,0,287727080766.0,32,ASK,LONG,1.0
IBM,2026-06-22 18:53:14.022995+00:00,PUT,232.5,2026-07-02,125279,540,547,0,245.615,REPEATEDHITS,False,False,False,125048,231,287727080766.0,10,ASK,SHORT,1.0
IBM,2026-06-22 18:47:34.183599+00:00,CALL,315.0,2026-07-24,65338,396,399,94,246.28,REPEATEDHITS,False,False,False,64845,165,287727080766.0,32,ASK,LONG,1.0
IBM,2026-06-22 18:43:17.750634+00:00,PUT,235.0,2026-09-18,53550,35,77,2,246.96,REPEATEDHITS,False,False,False,53550,0,287727080766.0,88,ASK,SHORT,1.0
IBM,2026-06-22 16:41:50.424305+00:00,CALL,237.5,2026-07-17,64020,44,56,0,244.34,REPEATEDHITS,False,False,False,0,64020,287727080766.0,25,BID,SHORT,0.5
IBM,2026-06-22 16:01:13.079490+00:00,CALL,242.5,2026-06-26,129540,204,224,19,244.74,REPEATEDHITS,False,False,False,129540,0,287727080766.0,4,ASK,LONG,1.0
IGV,2026-07-08 15:02:01.631611+00:00,PUT,92.5,2026-07-10,92500,500,1005,216,91.42,REPEATEDHITS,False,False,False,92500,0,13742782056.0,2,ASK,SHORT,1.0
IGV,2026-07-08 14:43:56.751677+00:00,PUT,91.5,2026-07-17,102500,500,501,348,91.71,FLOORTRADELARGECAP,False,True,False,102500,0,13742782056.0,9,ASK,SHORT,1.0
IGV,2026-07-08 13:55:19.279817+00:00,PUT,92.5,2026-07-10,80000,500,502,216,91.875,REPEATEDHITS,False,False,False,60000,20000,13742782056.0,2,ASK,SHORT,1.0
IGV,2026-07-07 19:40:38.729265+00:00,PUT,94.5,2026-07-10,13355,99,519,48,94.445,REPEATEDHITSDESCENDINGFILL,True,False,False,13095,260,13742782056.0,3,ASK,SHORT,1.0
IGV,2026-07-07 16:27:35.614535+00:00,CALL,95.5,2026-07-24,46500,150,179,18,95.6,REPEATEDHITS,False,False,False,46500,0,13742782056.0,17,ASK,LONG,1.0
IGV,2026-07-06 19:54:02.620452+00:00,CALL,104.0,2026-07-24,10800,240,243,10,94.665,REPEATEDHITS,False,False,False,0,10800,13742782056.0,18,BID,SHORT,0.5
IGV,2026-07-06 19:26:55.799361+00:00,PUT,94.5,2026-07-17,16280,74,75,5,94.64,REPEATEDHITS,False,False,False,0,16280,13742782056.0,11,BID,LONG,0.5
IGV,2026-07-06 15:31:44.686448+00:00,CALL,98.0,2026-07-10,43338,868,895,82,95.165,REPEATEDHITSDESCENDINGFILL,False,False,False,43338,0,13742782056.0,4,ASK,LONG,1.0
IGV,2026-07-06 15:22:47.539549+00:00,CALL,95.0,2026-07-24,80107,251,258,242,95.025,REPEATEDHITS,False,False,False,79787,320,13742782056.0,18,ASK,LONG,1.0
IGV,2026-07-02 18:54:07.123025+00:00,PUT,90.5,2026-07-10,27528,500,502,2,94.05,REPEATEDHITSASCENDINGFILL,False,False,False,0,27528,13742782056.0,8,BID,LONG,0.5
IGV,2026-07-02 18:53:56.312880+00:00,CALL,96.0,2026-07-10,47522,500,769,105,94.0577,REPEATEDHITS,False,False,False,0,47522,13742782056.0,8,BID,SHORT,0.5
IGV,2026-07-02 16:41:09.618968+00:00,PUT,88.0,2026-07-10,28050,935,1707,49,93.56,REPEATEDHITS,False,False,False,28050,0,13742782056.0,8,ASK,SHORT,1.0
IGV,2026-07-02 14:22:48.302373+00:00,CALL,94.0,2026-07-24,74810,197,202,28,94.675,REPEATEDHITS,False,False,False,74810,0,13742782056.0,22,ASK,LONG,1.0
IGV,2026-07-02 14:18:34.682374+00:00,CALL,103.0,2026-08-21,43530,200,202,166,94.86,REPEATEDHITS,False,False,False,43530,0,13742782056.0,50,ASK,LONG,1.0
IGV,2026-07-02 14:13:07.423190+00:00,CALL,95.0,2026-07-02,90250,1805,2128,1630,94.82,REPEATEDHITS,False,False,False,150,90100,13742782056.0,0,BID,SHORT,0.5
IGV,2026-07-01 20:00:01.273744+00:00,CALL,93.5,2026-07-02,127955,1600,1798,132,93.3999,REPEATEDHITSASCENDINGFILL,False,False,False,127580,0,13742782056.0,1,ASK,LONG,1.0
IGV,2026-07-01 19:59:55.462344+00:00,CALL,94.0,2026-07-10,169050,966,2251,38,93.415,REPEATEDHITS,True,False,False,0,169050,13742782056.0,9,BID,SHORT,0.5
IGV,2026-07-01 18:16:19.588019+00:00,CALL,91.5,2026-07-17,21000,50,55,32,93.9607,REPEATEDHITS,True,False,False,0,21000,13742782056.0,16,BID,SHORT,0.5
IGV,2026-07-01 17:18:14.393964+00:00,CALL,103.0,2027-02-19,18240,24,80,6,94.22,REPEATEDHITS,False,False,False,17480,760,13742782056.0,233,ASK,LONG,1.0
IGV,2026-07-01 17:07:08.631624+00:00,PUT,100.0,2027-03-19,327500,250,250,93,94.124,REPEATEDHITS,False,False,False,327500,0,13742782056.0,261,ASK,SHORT,1.0
IGV,2026-07-01 16:44:44.516151+00:00,PUT,91.0,2026-07-10,76500,900,909,45,94.145,REPEATEDHITS,False,False,False,0,76500,13742782056.0,9,BID,LONG,0.5
IGV,2026-07-01 15:53:38.517918+00:00,PUT,87.0,2026-07-17,44950,899,904,224,94.39,REPEATEDHITS,False,False,False,0,44950,13742782056.0,16,BID,LONG,0.5
IGV,2026-07-01 15:47:51.082202+00:00,PUT,94.0,2026-07-10,21840,112,374,23,94.42,REPEATEDHITS,False,False,False,21840,0,13742782056.0,9,ASK,SHORT,1.0
IGV,2026-07-01 15:47:51.082202+00:00,PUT,94.0,2026-07-10,12540,66,262,23,94.42,REPEATEDHITS,False,False,False,10260,380,13742782056.0,9,ASK,SHORT,1.0
IGV,2026-07-01 15:47:51.082202+00:00,PUT,94.0,2026-07-10,23595,121,495,23,94.42,REPEATEDHITS,False,False,False,23595,0,13742782056.0,9,ASK,SHORT,1.0
IGV,2026-07-01 15:47:44.876618+00:00,PUT,94.0,2026-07-10,11400,60,86,23,94.42,REPEATEDHITS,False,False,False,0,8740,13742782056.0,9,BID,LONG,0.5
IGV,2026-07-01 15:47:44.876618+00:00,PUT,94.0,2026-07-10,20900,110,196,23,94.42,REPEATEDHITS,False,False,False,20900,0,13742782056.0,9,ASK,SHORT,1.0
IGV,2026-07-01 15:45:45.339766+00:00,PUT,94.0,2027-03-19,60480,63,264,60,94.41,REPEATEDHITS,False,False,False,60480,0,13742782056.0,261,ASK,SHORT,1.0
IGV,2026-07-01 15:45:17.300999+00:00,PUT,94.0,2027-03-19,96000,100,101,60,94.41,REPEATEDHITS,False,False,False,96000,0,13742782056.0,261,ASK,SHORT,1.0
IGV,2026-07-01 15:42:00.003485+00:00,PUT,100.0,2027-02-19,47120,38,38,1,94.32,REPEATEDHITS,False,False,False,47120,0,13742782056.0,233,ASK,SHORT,1.0
IGV,2026-07-01 15:36:31.587480+00:00,PUT,92.0,2027-02-19,60922,74,74,0,94.14,REPEATEDHITSASCENDINGFILL,False,False,False,59282,1640,13742782056.0,233,ASK,SHORT,1.0
IGV,2026-07-01 15:23:29.152573+00:00,CALL,102.0,2027-02-19,15390,19,19,0,94.42,REPEATEDHITS,False,False,False,9720,0,13742782056.0,233,ASK,LONG,1.0
IGV,2026-07-01 14:30:15.254920+00:00,CALL,93.5,2026-07-10,31500,150,163,59,93.55,REPEATEDHITS,True,False,False,0,31290,13742782056.0,9,BID,SHORT,0.5
IGV,2026-07-01 13:37:12.602271+00:00,CALL,93.0,2026-07-02,15130,178,240,157,92.7,REPEATEDHITS,True,False,False,15130,0,13742782056.0,1,ASK,LONG,1.0
IGV,2026-07-01 13:31:56.296253+00:00,CALL,94.0,2026-07-10,16470,122,122,38,92.45,REPEATEDHITS,True,False,False,16470,0,13742782056.0,9,ASK,LONG,1.0
IGV,2026-06-30 16:09:48.950171+00:00,CALL,90.5,2026-07-02,16920,188,389,131,90.0569,REPEATEDHITS,False,False,False,0,15390,13742782056.0,2,BID,SHORT,0.5
IGV,2026-06-30 15:04:00.670426+00:00,CALL,90.5,2026-07-02,12150,162,199,131,89.64,REPEATEDHITS,False,False,False,0,12150,13742782056.0,2,BID,SHORT,0.5
IGV,2026-06-29 18:50:50.628618+00:00,PUT,92.0,2026-07-24,13020,31,81,5,89.91,REPEATEDHITS,True,False,False,12180,840,13742782056.0,25,ASK,SHORT,1.0
IGV,2026-06-29 18:49:40.151259+00:00,PUT,89.0,2026-07-17,220000,1000,1000,482,89.96,REPEATEDHITS,False,False,False,96140,0,13742782056.0,18,ASK,SHORT,1.0
IGV,2026-06-29 15:24:33.377747+00:00,CALL,86.0,2026-07-31,10540,17,23,8,89.89,REPEATEDHITS,False,False,False,0,10540,13742782056.0,32,BID,SHORT,0.5
IGV,2026-06-29 15:16:16.273048+00:00,CALL,97.0,2026-07-10,13025,521,548,9,90.05,REPEATEDHITS,False,False,False,0,13025,13742782056.0,11,BID,SHORT,0.5
IGV,2026-06-29 15:09:58.753178+00:00,CALL,90.0,2026-08-07,44440,101,112,8,90.17,REPEATEDHITS,True,False,False,0,44440,13742782056.0,39,BID,SHORT,0.5
IGV,2026-06-29 15:09:45.139447+00:00,CALL,90.5,2026-07-17,47449,169,308,58,90.25,REPEATEDHITSASCENDINGFILL,False,False,False,0,47449,13742782056.0,18,BID,SHORT,0.5
IGV,2026-06-29 14:04:53.621019+00:00,CALL,92.5,2026-07-10,77500,500,626,104,90.5656,REPEATEDHITS,True,False,False,77500,0,13742782056.0,11,ASK,LONG,1.0
IGV,2026-06-29 13:51:24.637272+00:00,CALL,91.0,2026-07-02,373950,2493,3066,2026,91.06,REPEATEDHITS,False,False,False,0,373950,13742782056.0,3,BID,SHORT,0.5
IGV,2026-06-26 19:18:07.293338+00:00,CALL,89.0,2026-07-02,166049,1845,2417,1739,87.49,REPEATEDHITSASCENDINGFILL,False,False,False,269,57960,13742782056.0,6,BID,SHORT,0.5
IGV,2026-06-26 18:36:08.616264+00:00,CALL,90.0,2026-07-02,138720,2312,3469,2079,87.425,REPEATEDHITS,False,False,False,60,138660,13742782056.0,6,BID,SHORT,0.5
IGV,2026-06-26 17:49:13.051545+00:00,CALL,89.5,2026-07-02,168825,2251,2262,33,87.51,REPEATEDHITS,False,False,False,150,168675,13742782056.0,6,BID,SHORT,0.5
IGV,2026-06-26 16:19:27.613311+00:00,CALL,110.0,2027-09-17,76075,100,100,8,87.64,REPEATEDHITSDESCENDINGFILL,True,False,False,76075,0,13742782056.0,448,ASK,LONG,1.0
IGV,2026-06-26 16:06:11.647721+00:00,PUT,74.0,2026-11-20,35955,153,222,60,87.67,REPEATEDHITS,False,False,False,35955,0,13742782056.0,147,ASK,SHORT,1.0
INFY,2026-07-08 14:41:14.907546+00:00,PUT,9.0,2026-08-21,59291,2967,2998,208,11.12,REPEATEDHITSDESCENDINGFILL,True,False,False,59291,0,45706518718.0,44,ASK,SHORT,1.0
INFY,2026-06-22 17:19:40.543278+00:00,PUT,10.0,2026-12-18,34500,300,2295,20,10.765,REPEATEDHITS,False,False,False,0,33925,45706518718.0,179,BID,LONG,0.5
INFY,2026-06-22 17:19:11.118988+00:00,PUT,10.0,2026-12-18,34500,300,1995,20,10.765,REPEATEDHITS,False,False,False,0,34500,45706518718.0,179,BID,LONG,0.5
INFY,2026-06-22 16:54:58.102045+00:00,PUT,10.0,2026-12-18,12000,100,100,20,10.785,REPEATEDHITS,False,False,False,0,12000,45706518718.0,179,BID,LONG,0.5
IREN,2026-07-08 15:55:51.563284+00:00,CALL,40.5,2026-07-10,249824,1184,1276,646,40.86,REPEATEDHITS,False,False,False,249824,0,14229031905.0,2,ASK,LONG,1.0
IREN,2026-07-08 13:50:15.508900+00:00,PUT,35.0,2028-06-16,12520,8,8,5,41.44,REPEATEDHITS,False,False,False,7825,0,14229031905.0,709,ASK,SHORT,1.0
IREN,2026-07-07 19:45:07.321372+00:00,PUT,33.0,2026-07-10,42092,1559,9756,376,40.08,REPEATEDHITS,True,False,False,42092,0,14229031905.0,3,ASK,SHORT,1.0
IREN,2026-07-07 19:45:02.913568+00:00,PUT,33.0,2026-07-10,11334,454,7799,376,40.11,REPEATEDHITS,True,False,False,10950,384,14229031905.0,3,ASK,SHORT,1.0
IREN,2026-07-07 19:39:56.841959+00:00,PUT,33.0,2026-07-10,18216,792,6099,376,40.19,REPEATEDHITS,True,False,False,18216,0,14229031905.0,3,ASK,SHORT,1.0
IREN,2026-07-07 19:39:55.039217+00:00,PUT,33.0,2026-07-10,12537,597,5181,376,40.205,REPEATEDHITS,True,False,False,12537,0,14229031905.0,3,ASK,SHORT,1.0
IREN,2026-07-07 19:39:53.834158+00:00,PUT,33.0,2026-07-10,16340,817,4239,376,40.205,REPEATEDHITS,True,False,False,16340,0,14229031905.0,3,ASK,SHORT,1.0
IREN,2026-07-07 18:00:56.385540+00:00,CALL,37.0,2026-07-10,120360,236,264,32,41.655,REPEATEDHITS,False,False,False,0,120360,14229031905.0,3,BID,SHORT,0.5
IREN,2026-07-07 18:00:56.385540+00:00,CALL,37.5,2026-07-10,312550,665,677,180,41.655,REPEATEDHITS,False,False,False,0,312550,14229031905.0,3,BID,SHORT,0.5
IREN,2026-07-07 16:54:54.945083+00:00,PUT,33.0,2026-07-24,21747,150,161,2,41.21,REPEATEDHITS,False,False,False,21605,142,14229031905.0,17,ASK,SHORT,1.0
IREN,2026-07-07 16:54:54.945083+00:00,PUT,31.0,2026-07-24,65312,628,635,8,41.21,REPEATEDHITS,True,False,False,65312,0,14229031905.0,17,ASK,SHORT,1.0
IREN,2026-07-07 16:54:54.945083+00:00,PUT,32.0,2026-07-24,15623,126,150,42,41.21,REPEATEDHITS,False,False,False,15500,123,14229031905.0,17,ASK,SHORT,1.0
IREN,2026-07-07 16:54:32.924901+00:00,PUT,34.0,2026-07-24,170115,1031,1982,88,41.25,REPEATEDHITS,True,False,False,170115,0,14229031905.0,17,ASK,SHORT,1.0
IREN,2026-07-07 16:54:21.117206+00:00,PUT,34.0,2026-07-24,112796,692,869,88,41.27,REPEATEDHITS,False,False,False,0,112796,14229031905.0,17,BID,LONG,0.5
IREN,2026-07-07 15:35:10.056989+00:00,PUT,33.5,2026-07-24,45752,266,370,7,40.31,REPEATEDHITS,False,False,False,0,45752,14229031905.0,17,BID,LONG,0.5
IREN,2026-07-07 15:29:19.961165+00:00,PUT,33.0,2026-07-10,42432,1768,2024,376,40.47,REPEATEDHITS,True,False,False,42432,0,14229031905.0,3,ASK,SHORT,1.0
IREN,2026-07-06 19:53:07.527336+00:00,PUT,31.5,2026-07-10,16230,1623,4603,38,43.845,REPEATEDHITS,True,False,False,15820,410,14229031905.0,4,ASK,SHORT,1.0
IREN,2026-07-06 18:31:10.718220+00:00,CALL,47.0,2026-07-10,87945,715,8168,650,43.735,REPEATEDHITS,False,False,False,41451,46494,14229031905.0,4,BID,SHORT,0.5
IREN,2026-07-06 14:54:08.312971+00:00,CALL,56.0,2026-07-10,20000,1250,3953,823,44.1801,REPEATEDHITS,False,False,False,0,20000,14229031905.0,4,BID,SHORT,0.5
IREN,2026-07-06 14:27:03.170258+00:00,CALL,44.0,2026-07-10,328792,1126,4501,612,44.42,REPEATEDHITS,False,False,False,328792,0,14229031905.0,4,ASK,LONG,1.0
IREN,2026-07-06 13:53:52.662058+00:00,CALL,44.5,2026-07-10,563244,2244,2738,116,44.13,REPEATEDHITS,False,False,False,563244,0,14229031905.0,4,ASK,LONG,1.0
IREN,2026-07-06 13:41:31.181032+00:00,CALL,48.0,2026-07-17,489204,1926,4222,1027,43.75,REPEATEDHITS,False,False,False,0,18542,14229031905.0,11,BID,SHORT,0.5
IREN,2026-07-06 13:37:33.393324+00:00,CALL,43.0,2026-07-10,127245,499,939,332,42.93,REPEATEDHITS,False,False,False,127245,0,14229031905.0,4,ASK,LONG,1.0
IREN,2026-07-06 13:35:24.975622+00:00,PUT,20.0,2026-08-07,21365,500,500,230,42.34,REPEATEDHITSDESCENDINGFILL,False,False,False,21365,0,14229031905.0,32,ASK,SHORT,1.0
IREN,2026-07-02 19:59:50.182650+00:00,PUT,33.5,2026-07-10,16800,200,4788,0,38.865,REPEATEDHITS,False,False,False,0,16800,14229031905.0,8,BID,LONG,0.5
IREN,2026-07-02 19:59:42.762256+00:00,PUT,33.5,2026-07-10,14028,167,4588,0,38.895,REPEATEDHITS,False,False,False,0,14028,14229031905.0,8,BID,LONG,0.5
IREN,2026-07-02 19:59:39.152193+00:00,PUT,33.5,2026-07-10,111274,1357,2729,0,38.9101,REPEATEDHITS,True,False,False,96760,14514,14229031905.0,8,ASK,SHORT,1.0
IREN,2026-07-02 19:59:39.152193+00:00,PUT,33.5,2026-07-10,42504,506,3235,0,38.9101,REPEATEDHITS,True,False,False,42504,0,14229031905.0,8,ASK,SHORT,1.0
IREN,2026-07-02 19:59:39.152193+00:00,PUT,33.5,2026-07-10,56028,667,4190,0,38.905,REPEATEDHITS,False,False,False,0,47124,14229031905.0,8,BID,LONG,0.5
IREN,2026-07-02 19:57:07.267284+00:00,CALL,44.0,2026-07-17,59202,299,3604,294,38.815,REPEATEDHITS,False,False,False,0,59202,14229031905.0,15,BID,SHORT,0.5
IREN,2026-07-02 19:48:00.642230+00:00,CALL,42.0,2026-07-10,137048,926,2314,194,38.815,REPEATEDHITS,True,False,False,137048,0,14229031905.0,8,ASK,LONG,1.0
IREN,2026-07-02 19:29:21.236594+00:00,CALL,39.0,2026-07-02,44000,2000,11010,23,38.99,REPEATEDHITS,True,False,False,33022,10142,14229031905.0,0,ASK,LONG,1.0
IREN,2026-07-02 19:29:03.565001+00:00,PUT,39.5,2026-07-02,119511,2005,4760,1899,38.89,REPEATEDHITSDESCENDINGFILL,False,False,False,75851,43660,14229031905.0,0,ASK,SHORT,1.0
IREN,2026-07-02 19:20:42.684956+00:00,CALL,39.0,2026-07-02,12259,943,8267,23,38.655,REPEATEDHITS,True,False,False,0,12259,14229031905.0,0,BID,SHORT,0.5
IREN,2026-07-02 18:59:09.266635+00:00,CALL,39.5,2026-07-02,11497,905,5220,14,39.0276,REPEATEDHITSDESCENDINGFILL,False,False,False,8281,3216,14229031905.0,0,ASK,LONG,1.0
IREN,2026-07-02 18:43:23.187616+00:00,CALL,39.0,2026-07-02,14694,237,5789,23,39.48,REPEATEDHITS,False,False,False,2790,1240,14229031905.0,0,ASK,LONG,1.0
IREN,2026-07-02 18:40:07.978748+00:00,CALL,39.0,2026-07-02,31200,520,5523,23,39.43,REPEATEDHITS,False,False,False,31200,0,14229031905.0,0,ASK,LONG,1.0
IREN,2026-07-02 18:19:14.835352+00:00,CALL,49.5,2026-07-10,30100,860,2401,739,38.8205,REPEATEDHITS,False,False,False,0,30100,14229031905.0,8,BID,SHORT,0.5
IREN,2026-07-02 18:19:10.827978+00:00,CALL,49.5,2026-07-10,28630,818,872,739,38.78,REPEATEDHITS,False,False,False,28630,0,14229031905.0,8,ASK,LONG,1.0
IREN,2026-07-02 18:18:38.383089+00:00,PUT,34.0,2026-07-10,10640,112,282,0,38.765,REPEATEDHITS,False,False,False,10640,0,14229031905.0,8,ASK,SHORT,1.0
IREN,2026-07-02 17:40:35.834493+00:00,CALL,41.0,2026-07-17,294000,1000,6023,421,38.71,REPEATEDHITS,False,False,False,215796,48510,14229031905.0,15,ASK,LONG,1.0
IREN,2026-07-02 17:40:30.830318+00:00,CALL,41.0,2026-07-17,294000,1000,5023,421,38.7287,REPEATEDHITS,False,False,False,0,294000,14229031905.0,15,BID,SHORT,0.5
IREN,2026-07-02 17:32:52.619155+00:00,CALL,48.0,2026-08-14,22050,63,63,0,39.045,REPEATEDHITS,False,False,False,15050,7000,14229031905.0,43,ASK,LONG,1.0
IREN,2026-07-02 17:27:05.047741+00:00,CALL,41.0,2026-07-17,276208,976,3786,421,38.45,REPEATEDHITS,False,False,False,0,56600,14229031905.0,15,BID,SHORT,0.5
IREN,2026-07-02 17:21:17.500631+00:00,CALL,42.0,2026-07-17,326474,1366,4978,318,38.185,REPEATEDHITS,False,False,False,0,326474,14229031905.0,15,BID,SHORT,0.5
IREN,2026-07-02 17:21:08.283936+00:00,CALL,42.0,2026-07-17,373698,1597,2763,318,38.11,REPEATEDHITS,False,False,False,0,46800,14229031905.0,15,BID,SHORT,0.5
IREN,2026-07-02 17:18:27.117020+00:00,CALL,41.0,2026-07-17,390588,1452,2808,421,38.16,REPEATEDHITS,False,False,False,0,390588,14229031905.0,15,BID,SHORT,0.5
IREN,2026-07-02 16:39:55.315730+00:00,CALL,38.0,2026-07-10,89804,333,731,4,37.9801,REPEATEDHITSASCENDINGFILL,False,False,False,89804,0,14229031905.0,8,ASK,LONG,1.0
IREN,2026-07-02 16:21:41.250228+00:00,PUT,34.0,2026-09-18,1529095,2592,8015,545,38.1498,REPEATEDHITSDESCENDINGFILL,True,False,False,1529095,0,14229031905.0,78,ASK,SHORT,1.0
IREN,2026-07-02 16:02:20.291170+00:00,CALL,39.0,2026-07-02,19500,500,2482,23,38.5999,REPEATEDHITS,False,False,False,19500,0,14229031905.0,0,ASK,LONG,1.0
JNJ,2026-07-08 14:18:04.209400+00:00,PUT,270.0,2026-08-07,129997,125,125,5,266.98,REPEATEDHITS,False,False,False,129997,0,643304663330.0,30,ASK,SHORT,1.0
JNJ,2026-07-07 19:55:02.551369+00:00,PUT,270.0,2026-07-17,237790,301,450,23,268.26,REPEATEDHITS,True,False,False,0,106650,643304663330.0,10,BID,LONG,0.5
JNJ,2026-07-07 19:55:02.551369+00:00,PUT,270.0,2026-07-17,175380,222,672,23,268.28,REPEATEDHITS,True,False,False,0,175380,643304663330.0,10,BID,LONG,0.5
JNJ,2026-07-07 19:45:07.321372+00:00,CALL,330.0,2027-01-15,202095,499,632,93,267.715,REPEATEDHITS,False,False,False,202095,0,643304663330.0,192,ASK,LONG,1.0
JNJ,2026-07-07 19:44:35.483388+00:00,CALL,310.0,2026-10-16,104155,302,667,36,267.55,REPEATEDHITSDESCENDINGFILL,False,False,False,101775,2040,643304663330.0,101,ASK,LONG,1.0
JNJ,2026-07-07 16:42:35.146032+00:00,PUT,252.5,2026-07-17,574000,2800,10150,167,267.965,REPEATEDHITS,False,False,False,0,0,643304663330.0,10,MIXED,,0.0
JNJ,2026-07-07 15:49:05.739881+00:00,CALL,300.0,2026-10-16,213830,396,419,229,269.14,REPEATEDHITSDESCENDINGFILL,False,False,False,213295,0,643304663330.0,101,ASK,LONG,1.0
JNJ,2026-06-30 14:14:08.246096+00:00,PUT,252.5,2026-07-10,110714,394,402,37,254.99,REPEATEDHITS,False,False,False,110714,0,643304663330.0,10,ASK,SHORT,1.0
JNJ,2026-06-29 19:11:12.881349+00:00,PUT,260.0,2026-07-24,212092,251,256,0,257.42,REPEATEDHITSDESCENDINGFILL,True,False,False,210397,1695,643304663330.0,25,ASK,SHORT,1.0
JNJ,2026-06-26 17:13:31.033092+00:00,PUT,242.5,2026-07-17,118295,401,2821,126,253.62,REPEATEDHITS,True,False,False,0,118295,643304663330.0,21,BID,LONG,0.5
JNJ,2026-06-26 17:13:14.213883+00:00,PUT,242.5,2026-07-17,148115,529,2399,126,253.68,REPEATEDHITSASCENDINGFILL,True,False,False,275,147840,643304663330.0,21,BID,LONG,0.5
JNJ,2026-06-26 14:25:26.616319+00:00,PUT,242.5,2026-07-17,167860,560,1563,126,253.16,REPEATEDHITSASCENDINGFILL,True,False,False,300,145960,643304663330.0,21,BID,LONG,0.5
JNJ,2026-06-26 14:24:56.578725+00:00,PUT,242.5,2026-07-17,143550,495,735,126,253.53,REPEATEDHITS,True,False,False,0,143550,643304663330.0,21,BID,LONG,0.5
JNJ,2026-06-22 14:54:31.034329+00:00,PUT,220.0,2026-07-24,105705,405,406,250,230.905,REPEATEDHITS,False,False,False,0,105705,643304663330.0,32,BID,LONG,0.5
JNJ,2026-06-18 19:37:26.862811+00:00,CALL,235.0,2026-07-10,119000,422,533,172,228.925,REPEATEDHITS,False,False,False,118722,278,643304663330.0,22,ASK,LONG,1.0
JNJ,2026-06-10 18:54:09.363797+00:00,PUT,240.0,2026-07-10,135072,193,221,10,238.2053,REPEATEDHITSDESCENDINGFILL,False,False,False,135072,0,643304663330.0,30,ASK,SHORT,1.0
JNJ,2026-06-10 16:29:16.013595+00:00,PUT,245.0,2026-07-10,115727,126,126,0,239.31,REPEATEDHITSDESCENDINGFILL,False,False,False,80957,34770,643304663330.0,30,ASK,SHORT,1.0
JNJ,2026-05-26 15:09:43.678635+00:00,CALL,235.0,2026-07-02,118755,261,264,14,230.1,REPEATEDHITS,False,False,False,118755,0,643304663330.0,37,ASK,LONG,1.0
JNJ,2026-05-19 17:48:21.227028+00:00,CALL,232.5,2026-06-18,144990,358,397,105,229.36,REPEATEDHITS,False,False,False,8100,136080,643304663330.0,30,BID,SHORT,0.5
KORU,2026-07-08 13:32:20.999229+00:00,PUT,300.0,2026-08-21,112000,20,20,7,499.38,REPEATEDHITS,False,False,False,67200,44800,1487344493.0,44,ASK,SHORT,1.0
KORU,2026-07-07 18:03:00.543725+00:00,PUT,645.0,2026-07-10,174719,16,16,0,562.17,REPEATEDHITSASCENDINGFILL,False,False,False,174719,0,1487344493.0,3,ASK,SHORT,1.0
KORU,2026-07-07 16:02:18.142335+00:00,PUT,410.0,2026-07-10,21000,14,15,5,534.91,REPEATEDHITS,True,False,False,0,19500,1487344493.0,3,BID,LONG,0.5
KORU,2026-07-07 14:22:43.279935+00:00,PUT,390.0,2026-07-17,40680,12,12,11,516.58,REPEATEDHITS,True,False,False,40680,0,1487344493.0,10,ASK,SHORT,1.0
KORU,2026-07-06 17:48:09.352040+00:00,PUT,620.0,2026-08-21,97860,5,78,2,629.3673,REPEATEDHITSDESCENDINGFILL,False,False,False,0,97860,1487344493.0,46,BID,LONG,0.5
KORU,2026-07-06 16:40:37.910143+00:00,PUT,620.0,2026-08-21,96150,5,56,2,640.59,REPEATEDHITS,False,False,False,0,96150,1487344493.0,46,BID,LONG,0.5
KORU,2026-07-06 16:32:09.714165+00:00,PUT,620.0,2026-08-21,95700,5,50,2,643.54,REPEATEDHITS,False,False,False,76560,19140,1487344493.0,46,ASK,SHORT,1.0
KORU,2026-07-06 16:21:13.669300+00:00,PUT,620.0,2026-08-21,95500,5,40,2,645.91,REPEATEDHITS,False,False,False,19100,76400,1487344493.0,46,BID,LONG,0.5
KORU,2026-07-06 16:15:32.436691+00:00,PUT,620.0,2026-08-21,115320,6,30,2,642.95,REPEATEDHITS,False,False,False,38440,76880,1487344493.0,46,BID,LONG,0.5
KORU,2026-07-06 13:33:38.655430+00:00,PUT,635.0,2026-12-18,226830,7,7,0,624.53,REPEATEDHITSASCENDINGFILL,True,False,False,64800,162030,1487344493.0,165,BID,LONG,0.5
KORU,2026-07-02 19:41:44.697761+00:00,PUT,480.0,2026-07-17,75050,9,13,8,517.39,REPEATEDHITS,True,False,False,0,75050,1487344493.0,15,BID,LONG,0.5
KORU,2026-07-02 18:34:13.426590+00:00,CALL,550.0,2026-07-10,30500,5,64,4,515.009,REPEATEDHITS,True,False,False,0,30500,1487344493.0,8,BID,SHORT,0.5
KORU,2026-07-02 17:41:11.887355+00:00,CALL,500.0,2026-07-17,120000,12,22,5,495.505,REPEATEDHITS,False,False,False,120000,0,1487344493.0,15,ASK,LONG,1.0
KORU,2026-07-02 17:40:25.621652+00:00,CALL,500.0,2026-07-17,80000,8,10,5,497.52,REPEATEDHITS,False,False,False,80000,0,1487344493.0,15,ASK,LONG,1.0
KORU,2026-07-02 15:25:37.911579+00:00,CALL,530.0,2026-07-02,83300,35,40,0,545.8399,REPEATEDHITS,True,False,False,11900,71400,1487344493.0,0,BID,SHORT,0.5
KORU,2026-07-02 14:29:11.029428+00:00,CALL,560.0,2026-07-02,76879,31,31,0,566.6837,REPEATEDHITS,True,False,False,76879,0,1487344493.0,0,ASK,LONG,1.0
KORU,2026-07-02 14:06:26.998530+00:00,PUT,340.0,2026-07-10,17290,19,22,0,605.7412,REPEATEDHITS,False,False,False,2730,9100,1487344493.0,8,BID,LONG,0.5
KORU,2026-06-30 13:39:00.540867+00:00,PUT,470.0,2026-07-02,10800,15,15,5,742.21,REPEATEDHITS,False,False,False,10800,0,1487344493.0,2,ASK,SHORT,1.0
KORU,2026-06-29 14:30:54.682257+00:00,PUT,420.0,2026-07-02,31800,30,34,5,670.14,REPEATEDHITS,False,False,False,0,31800,1487344493.0,3,BID,LONG,0.5
KORU,2026-06-26 17:26:28.788826+00:00,PUT,880.0,2026-08-21,169311,5,5,0,780.81,REPEATEDHITSDESCENDINGFILL,False,False,False,0,169311,1487344493.0,56,BID,LONG,0.5
KORU,2026-06-26 15:44:52.517552+00:00,PUT,720.0,2026-06-26,17161,44,48,10,779.9,REPEATEDHITS,False,False,False,0,17161,1487344493.0,0,BID,LONG,0.5
KORU,2026-06-26 13:38:40.023551+00:00,PUT,480.0,2026-07-24,150000,20,20,0,712.02,REPEATEDHITS,False,False,False,0,150000,1487344493.0,28,BID,LONG,0.5
KORU,2026-06-25 16:16:25.499578+00:00,PUT,730.0,2026-07-10,124630,11,11,0,834.56,REPEATEDHITS,True,False,False,0,124630,1487344493.0,15,BID,LONG,0.5
KORU,2026-06-25 15:26:40.474791+00:00,CALL,860.0,2027-01-15,809248,19,35,0,802.18,REPEATEDHITS,False,False,False,170368,638880,1487344493.0,204,BID,SHORT,0.5
KORU,2026-06-25 13:53:29.288979+00:00,PUT,780.0,2026-06-26,70620,15,15,0,795.0,REPEATEDHITSASCENDINGFILL,True,False,False,70620,0,1487344493.0,1,ASK,SHORT,1.0
KORU,2026-06-24 17:19:37.527005+00:00,PUT,450.0,2026-06-26,22198,30,38,0,704.64,REPEATEDHITS,True,False,False,22198,0,1487344493.0,2,ASK,SHORT,1.0
KORU,2026-06-24 17:06:37.585868+00:00,PUT,680.0,2026-06-26,117990,23,23,0,720.17,REPEATEDHITS,True,False,False,117990,0,1487344493.0,2,ASK,SHORT,1.0
KORU,2026-06-24 15:45:17.164759+00:00,CALL,740.0,2026-06-26,33500,5,40,0,734.055,REPEATEDHITS,False,False,False,33500,0,1487344493.0,2,ASK,LONG,1.0
KORU,2026-06-23 19:57:40.311975+00:00,CALL,1330.0,2026-07-17,42300,9,9,1,711.255,REPEATEDHITS,False,False,False,0,42300,1487344493.0,24,BID,SHORT,0.5
KORU,2026-06-23 19:07:15.885017+00:00,CALL,690.0,2026-07-17,146650,7,8,3,731.28,REPEATEDHITS,True,False,False,0,146650,1487344493.0,24,BID,SHORT,0.5
KORU,2026-06-23 17:43:07.995030+00:00,CALL,950.0,2026-06-26,55000,25,38,4,733.19,REPEATEDHITS,False,False,False,44000,11000,1487344493.0,3,ASK,LONG,1.0
KORU,2026-06-23 16:04:25.850036+00:00,PUT,740.0,2028-12-15,480800,8,98,0,767.93,REPEATEDHITS,False,False,False,0,480800,1487344493.0,906,BID,LONG,0.5
KORU,2026-06-23 15:55:00.334458+00:00,PUT,660.0,2028-06-16,2540000,50,119,0,760.1,REPEATEDHITS,False,False,False,0,2540000,1487344493.0,724,BID,LONG,0.5
KORU,2026-06-23 15:40:06.068209+00:00,PUT,700.0,2027-01-15,11200000,280,283,1,738.72,REPEATEDHITS,True,False,False,1600000,1120000,1487344493.0,206,ASK,SHORT,1.0
KORU,2026-06-23 15:37:10.616197+00:00,PUT,660.0,2028-06-16,2239600,44,69,0,752.335,REPEATEDHITS,False,False,False,0,2239600,1487344493.0,724,BID,LONG,0.5
KORU,2026-06-23 15:28:25.337355+00:00,PUT,740.0,2028-12-15,5194402,86,86,0,732.0,REPEATEDHITS,False,False,False,0,5194402,1487344493.0,906,BID,LONG,0.5
KORU,2026-06-22 15:16:39.276668+00:00,CALL,1080.0,2027-01-15,596900,10,202,2,1082.01,REPEATEDHITS,False,False,False,596900,0,1487344493.0,207,ASK,LONG,1.0
KORU,2026-06-22 15:11:52.908385+00:00,CALL,1080.0,2027-01-15,299850,5,189,2,1086.69,REPEATEDHITS,False,False,False,299850,0,1487344493.0,207,ASK,LONG,1.0
KORU,2026-06-22 14:59:53.690551+00:00,CALL,1080.0,2027-01-15,654720,11,108,2,1079.02,REPEATEDHITS,False,False,False,654720,0,1487344493.0,207,ASK,LONG,1.0
KORU,2026-06-22 14:59:22.838103+00:00,CALL,1080.0,2027-01-15,357120,6,97,2,1077.69,REPEATEDHITS,False,False,False,357120,0,1487344493.0,207,ASK,LONG,1.0
KORU,2026-06-22 14:46:40.933555+00:00,CALL,1080.0,2027-01-15,777920,13,90,2,1075.885,REPEATEDHITS,False,False,False,598400,179520,1487344493.0,207,ASK,LONG,1.0
KORU,2026-06-22 14:40:51.184171+00:00,CALL,1080.0,2027-01-15,1436160,24,77,2,1081.44,REPEATEDHITS,True,False,False,777920,359040,1487344493.0,207,ASK,LONG,1.0
KORU,2026-06-22 14:28:40.150626+00:00,CALL,1080.0,2027-01-15,600436,10,20,2,1082.565,REPEATEDHITS,True,False,False,120356,480080,1487344493.0,207,BID,SHORT,0.5
KORU,2026-06-22 14:07:14.989562+00:00,PUT,1050.0,2026-07-02,462000,30,60,0,1097.15,REPEATEDHITS,False,False,False,462000,0,1487344493.0,10,ASK,SHORT,1.0
KORU,2026-06-22 14:06:46.901891+00:00,PUT,1050.0,2026-07-02,465000,30,30,0,1098.37,REPEATEDHITS,False,False,False,465000,0,1487344493.0,10,ASK,SHORT,1.0
KORU,2026-06-22 13:49:24.767032+00:00,CALL,1100.0,2026-07-02,92500,5,8,0,1091.4001,REPEATEDHITS,False,False,False,92500,0,1487344493.0,10,ASK,LONG,1.0
KORU,2026-06-22 13:38:11.135123+00:00,PUT,550.0,2026-07-17,355710,74,75,14,1108.6294,REPEATEDHITS,False,False,False,245310,110400,1487344493.0,25,ASK,SHORT,1.0
KORU,2026-06-22 13:38:11.135123+00:00,PUT,550.0,2026-07-17,576533,115,201,14,1106.9,REPEATEDHITSDESCENDINGFILL,True,False,False,484800,91733,1487344493.0,25,ASK,SHORT,1.0
KORU,2026-06-18 18:05:13.471511+00:00,PUT,962.5,2026-06-26,262500,30,173,0,1103.64,REPEATEDHITS,True,False,False,0,262500,1487344493.0,8,BID,LONG,0.5
KORU,2026-06-18 18:01:18.423070+00:00,PUT,962.5,2026-06-26,169600,20,143,0,1101.46,REPEATEDHITS,True,False,False,0,169600,1487344493.0,8,BID,LONG,0.5
KRE,2026-07-07 17:15:17.078636+00:00,PUT,71.0,2026-09-30,71278,454,487,151,75.725,REPEATEDHITS,False,False,False,0,71278,75.071456,85,BID,LONG,0.5
KRE,2026-07-06 17:34:49.308173+00:00,PUT,72.0,2026-07-31,25599,371,375,135,75.425,REPEATEDHITS,False,False,False,0,25599,75.071456,25,BID,LONG,0.5
KRE,2026-07-06 15:47:18.156326+00:00,PUT,75.5,2026-07-10,37383,445,576,127,75.305,REPEATEDHITSASCENDINGFILL,False,False,False,170,37128,75.071456,4,BID,LONG,0.5
KRE,2026-07-06 14:49:47.689324+00:00,CALL,74.5,2026-07-10,39520,380,380,37,74.92,REPEATEDHITS,False,False,False,0,39520,75.071456,4,BID,SHORT,0.5
KRE,2026-07-02 19:43:53.666289+00:00,CALL,77.5,2026-07-10,33552,2097,3144,204,74.785,REPEATEDHITS,False,False,False,33552,0,75.071456,8,ASK,LONG,1.0
KRE,2026-07-02 19:27:42.988532+00:00,CALL,75.5,2026-07-10,38186,626,678,319,74.755,REPEATEDHITS,False,False,False,38186,0,75.071456,8,ASK,LONG,1.0
KRE,2026-07-02 18:34:27.643716+00:00,CALL,85.0,2026-08-21,56160,2340,2473,180,74.9941,REPEATEDHITS,False,False,False,56160,0,75.071456,50,ASK,LONG,1.0
KRE,2026-07-02 17:15:11.820551+00:00,CALL,70.5,2026-07-24,15655,31,31,4,75.035,REPEATEDHITS,False,False,False,0,15655,75.071456,22,BID,SHORT,0.5
KRE,2026-07-02 17:10:55.745158+00:00,CALL,74.0,2026-07-31,10760,40,40,16,75.06,REPEATEDHITS,False,False,False,0,10760,75.071456,29,BID,SHORT,0.5
KRE,2026-07-02 16:16:21.456201+00:00,PUT,74.5,2026-07-10,57512,1027,1058,88,75.255,REPEATEDHITS,False,False,False,35280,56,75.071456,8,ASK,SHORT,1.0
KRE,2026-07-02 16:11:07.935072+00:00,CALL,69.0,2026-07-31,19575,29,29,4,75.2,REPEATEDHITS,True,False,False,19575,0,75.071456,29,ASK,LONG,1.0
KRE,2026-07-02 15:00:57.279240+00:00,PUT,74.0,2026-07-17,99712,1312,2043,1207,75.29,REPEATEDHITS,False,False,False,99712,0,75.071456,15,ASK,SHORT,1.0
KRE,2026-07-02 13:48:31.527709+00:00,PUT,80.0,2026-10-16,31920,57,57,2,76.45,REPEATEDHITS,False,False,False,31920,0,75.071456,106,ASK,SHORT,1.0
KRE,2026-07-01 19:04:58.618752+00:00,CALL,74.5,2026-07-24,53095,185,185,94,76.205,REPEATEDHITS,False,False,False,0,53095,75.071456,23,BID,SHORT,0.5
KRE,2026-07-01 17:33:34.660321+00:00,PUT,75.0,2026-07-02,12425,1775,1885,148,76.33,REPEATEDHITS,False,False,False,0,12425,75.071456,1,BID,LONG,0.5
KRE,2026-07-01 13:54:52.864298+00:00,PUT,76.0,2026-07-17,11289,71,71,66,75.42,REPEATEDHITS,False,False,False,0,11289,75.071456,16,BID,LONG,0.5
KRE,2026-07-01 13:54:52.864298+00:00,PUT,76.5,2026-07-17,21390,115,115,22,75.42,REPEATEDHITS,False,False,False,0,21390,75.071456,16,BID,LONG,0.5
KRE,2026-06-29 19:49:10.507630+00:00,CALL,85.0,2026-10-16,58905,693,1064,219,74.74,REPEATEDHITS,False,False,False,58905,0,75.071456,109,ASK,LONG,1.0
KRE,2026-06-29 19:49:07.301954+00:00,CALL,73.5,2026-07-24,16200,60,60,0,74.74,REPEATEDHITS,False,False,False,16200,0,75.071456,25,ASK,LONG,1.0
KRE,2026-06-29 16:47:05.100125+00:00,CALL,77.5,2026-07-17,30492,693,738,278,74.345,REPEATEDHITS,False,False,False,30492,0,75.071456,18,ASK,LONG,1.0
KRE,2026-06-29 15:58:00.985060+00:00,CALL,71.5,2026-07-24,63600,159,162,3,74.565,REPEATEDHITS,False,False,False,0,63600,75.071456,25,BID,SHORT,0.5
KRE,2026-06-29 14:56:56.341123+00:00,PUT,72.0,2026-07-24,10296,132,133,19,74.965,REPEATEDHITS,False,False,False,0,10296,75.071456,25,BID,LONG,0.5
KRE,2026-06-29 14:21:37.057448+00:00,PUT,68.0,2026-09-30,26412,213,216,34,74.845,REPEATEDHITS,False,False,False,0,26412,75.071456,93,BID,LONG,0.5
KRE,2026-06-29 14:07:48.765152+00:00,PUT,70.0,2026-09-30,20880,120,141,59,74.645,REPEATEDHITS,False,False,False,0,20880,75.071456,93,BID,LONG,0.5
KRE,2026-06-26 19:50:17.026220+00:00,CALL,75.0,2026-07-10,66251,491,631,42,75.03,REPEATEDHITSASCENDINGFILL,True,False,False,42840,23275,75.071456,14,ASK,LONG,1.0
KRE,2026-06-26 17:31:33.915522+00:00,PUT,77.0,2026-08-21,46250,125,148,0,74.78,REPEATEDHITS,False,False,False,0,46250,75.071456,56,BID,LONG,0.5
KRE,2026-06-26 17:12:05.742201+00:00,PUT,70.5,2026-07-10,24662,1121,1122,0,74.735,REPEATEDHITS,False,False,False,0,24662,75.071456,14,BID,LONG,0.5
KRE,2026-06-26 15:45:55.012412+00:00,PUT,70.0,2026-07-10,12376,728,788,33,75.085,REPEATEDHITS,False,False,False,0,12376,75.071456,14,BID,LONG,0.5
KRE,2026-06-26 15:31:42.348609+00:00,CALL,75.5,2026-07-10,22272,192,292,6,75.07,REPEATEDHITS,False,False,False,0,22272,75.071456,14,BID,SHORT,0.5
KRE,2026-06-25 16:42:44.379787+00:00,PUT,74.0,2026-06-26,46525,1861,2470,796,74.48,REPEATEDHITS,False,False,False,0,46525,75.071456,1,BID,LONG,0.5
KRE,2026-06-25 16:42:32.563560+00:00,PUT,73.5,2026-06-26,22335,1489,2972,1275,74.4698,REPEATEDHITS,False,False,False,0,22335,75.071456,1,BID,LONG,0.5
KRE,2026-06-25 15:03:25.330932+00:00,CALL,75.0,2026-07-24,31871,157,157,57,74.615,REPEATEDHITS,True,False,False,0,31871,75.071456,29,BID,SHORT,0.5
KRE,2026-06-24 18:07:35.630694+00:00,PUT,85.0,2027-01-15,102480,84,840,3,73.97,REPEATEDHITS,False,False,False,102480,0,75.071456,205,ASK,SHORT,1.0
KRE,2026-06-24 18:07:27.217216+00:00,PUT,85.0,2027-01-15,95160,78,756,3,73.97,REPEATEDHITS,False,False,False,95160,0,75.071456,205,ASK,SHORT,1.0
KRE,2026-06-24 16:23:44.882250+00:00,PUT,71.0,2026-07-02,26234,1009,1015,10,73.92,REPEATEDHITS,False,False,False,0,26234,75.071456,8,BID,LONG,0.5
KRE,2026-06-24 16:18:33.874604+00:00,CALL,73.5,2026-07-02,40392,297,498,74,73.87,REPEATEDHITS,False,False,False,0,40392,75.071456,8,BID,SHORT,0.5
KRE,2026-06-24 16:08:56.221389+00:00,PUT,70.5,2026-07-17,72605,1117,1201,0,73.869,REPEATEDHITS,False,False,False,130,72475,75.071456,23,BID,LONG,0.5
KRE,2026-06-24 14:24:58.865967+00:00,CALL,74.5,2026-07-17,27549,176,176,5,73.88,REPEATEDHITSDESCENDINGFILL,True,False,False,1583,25966,75.071456,23,BID,SHORT,0.5
KRE,2026-06-23 19:58:07.352013+00:00,CALL,65.0,2026-06-30,11550,14,14,0,73.165,REPEATEDHITS,True,False,False,11550,0,75.071456,7,ASK,LONG,1.0
KRE,2026-06-23 19:44:05.017348+00:00,CALL,73.0,2026-06-30,10580,115,316,65,72.91,REPEATEDHITS,True,False,False,0,10580,75.071456,7,BID,SHORT,0.5
KRE,2026-06-23 19:00:30.726834+00:00,PUT,73.0,2026-11-20,24360,56,56,49,72.905,REPEATEDHITS,False,False,False,0,24360,75.071456,150,BID,LONG,0.5
KRE,2026-06-23 18:26:32.591829+00:00,CALL,74.0,2026-06-30,50048,1088,1090,235,72.785,REPEATEDHITS,False,False,False,50048,0,75.071456,7,ASK,LONG,1.0
KRE,2026-06-23 18:25:10.106683+00:00,PUT,73.0,2027-06-17,152280,216,1591,0,72.775,REPEATEDHITS,False,False,False,139590,12690,75.071456,359,ASK,SHORT,1.0
KRE,2026-06-23 18:25:10.106683+00:00,PUT,73.0,2027-06-17,75205,107,1913,0,72.775,REPEATEDHITSASCENDINGFILL,False,False,False,57705,17500,75.071456,359,ASK,SHORT,1.0
KRE,2026-06-23 16:15:56.497300+00:00,PUT,69.5,2026-07-17,103638,1502,3201,78,72.704,REPEATEDHITS,False,False,False,138,103500,75.071456,24,BID,LONG,0.5
KRE,2026-06-23 16:06:33.424034+00:00,PUT,73.0,2027-06-17,63940,92,958,0,72.73,REPEATEDHITS,False,False,False,36835,27105,75.071456,359,ASK,SHORT,1.0
KRE,2026-06-23 16:06:33.424034+00:00,PUT,73.0,2027-06-17,45175,65,1036,0,72.73,REPEATEDHITS,False,False,False,39615,3475,75.071456,359,ASK,SHORT,1.0
KRE,2026-06-23 15:46:01.501323+00:00,CALL,72.5,2026-07-24,46833,201,203,3,72.69,REPEATEDHITS,False,False,False,0,46833,75.071456,31,BID,SHORT,0.5
KRE,2026-06-23 14:52:44.190502+00:00,CALL,75.5,2026-07-17,104440,1492,1544,80,72.49,REPEATEDHITS,False,False,False,0,104440,75.071456,24,BID,SHORT,0.5
KRE,2026-06-23 14:30:29.050168+00:00,PUT,69.5,2026-07-17,127218,1631,1678,78,72.34,REPEATEDHITS,False,False,False,78,78390,75.071456,24,BID,LONG,0.5
KSS,2026-07-08 14:16:32.588526+00:00,PUT,15.0,2026-08-21,41085,495,1562,332,16.13,REPEATEDHITS,False,False,False,747,40338,1900583883.0,44,BID,LONG,0.5
KSS,2026-07-08 14:01:15.335804+00:00,PUT,15.0,2026-08-21,42252,503,519,332,16.24,REPEATEDHITS,False,False,False,0,41832,1900583883.0,44,BID,LONG,0.5
KSS,2026-07-07 15:39:38.741920+00:00,PUT,16.0,2026-08-21,11880,109,110,87,16.825,REPEATEDHITS,False,False,False,9919,1853,1900583883.0,45,ASK,SHORT,1.0
KSS,2026-06-26 17:15:03.712862+00:00,PUT,20.0,2026-08-21,13216,56,87,24,18.98,REPEATEDHITS,True,False,False,12980,236,1900583883.0,56,ASK,SHORT,1.0
KSS,2026-06-26 16:52:51.527983+00:00,CALL,19.0,2026-07-02,10736,176,264,140,19.1,REPEATEDHITS,False,False,False,0,10736,1900583883.0,6,BID,SHORT,0.5
KSS,2026-06-24 18:07:20.006512+00:00,PUT,18.0,2026-08-21,38962,253,343,174,18.48,REPEATEDHITS,False,False,False,0,38962,1900583883.0,58,BID,LONG,0.5
KSS,2026-06-23 18:07:47.030958+00:00,PUT,17.5,2026-07-17,67221,693,699,11,17.675,REPEATEDHITS,False,False,False,388,66833,1900583883.0,24,BID,LONG,0.5
KSS,2026-06-22 19:07:34.950861+00:00,PUT,18.0,2026-07-17,27261,202,206,94,17.55,REPEATEDHITS,True,False,False,26055,1206,1900583883.0,25,ASK,SHORT,1.0
KSS,2026-06-18 19:22:00.833991+00:00,PUT,17.5,2026-07-02,12672,144,195,10,17.28,REPEATEDHITS,True,False,False,12672,0,1900583883.0,14,ASK,SHORT,1.0
KSS,2026-06-18 17:04:34.363290+00:00,PUT,14.0,2027-01-15,76608,448,449,16,17.51,REPEATEDHITS,False,False,False,76095,513,1900583883.0,211,ASK,SHORT,1.0
KSS,2026-06-18 14:51:22.710692+00:00,PUT,18.0,2026-08-21,17204,82,82,0,17.4301,REPEATEDHITS,False,False,False,0,17204,1900583883.0,64,BID,LONG,0.5
KSS,2026-06-17 15:00:16.844239+00:00,CALL,40.0,2028-01-21,204591,1451,1451,429,16.505,REPEATEDHITS,False,False,False,0,204591,1900583883.0,583,BID,SHORT,0.5
KSS,2026-06-12 18:24:10.989957+00:00,CALL,18.0,2026-07-24,15696,109,209,10,17.91,REPEATEDHITS,False,False,False,0,15696,1900583883.0,42,BID,SHORT,0.5
KSS,2026-06-11 13:48:49.131841+00:00,CALL,17.0,2026-06-12,19876,1500,1513,770,16.425,REPEATEDHITSASCENDINGFILL,False,False,False,6744,0,1900583883.0,1,ASK,LONG,1.0
KSS,2026-06-09 15:37:08.115846+00:00,PUT,18.0,2026-07-24,22908,83,87,0,16.05,REPEATEDHITS,True,False,False,22908,0,1900583883.0,45,ASK,SHORT,1.0
KSS,2026-06-05 14:17:47.609143+00:00,PUT,15.0,2026-06-18,126000,1800,1800,1027,15.22,REPEATEDHITS,False,False,False,126000,0,1900583883.0,13,ASK,SHORT,1.0
KSS,2026-06-02 19:04:47.805232+00:00,PUT,15.5,2026-06-05,15455,483,509,19,15.77,REPEATEDHITS,True,False,False,14113,1342,1900583883.0,3,ASK,SHORT,1.0
KSS,2026-06-02 17:33:19.381107+00:00,CALL,16.5,2026-06-05,14806,673,6121,561,15.87,REPEATEDHITS,True,False,False,14806,0,1900583883.0,3,ASK,LONG,1.0
KSS,2026-06-02 13:49:36.669090+00:00,CALL,16.5,2026-06-05,21440,670,3514,561,15.96,REPEATEDHITS,False,False,False,21440,0,1900583883.0,3,ASK,LONG,1.0
KSS,2026-05-29 16:18:38.171062+00:00,PUT,14.5,2026-06-18,28421,293,5577,2,14.395,REPEATEDHITS,True,False,False,28421,0,1900583883.0,20,ASK,SHORT,1.0
KSS,2026-05-29 16:11:25.714605+00:00,PUT,14.5,2026-06-18,14700,150,5184,2,14.3996,REPEATEDHITS,True,False,False,13720,0,1900583883.0,20,ASK,SHORT,1.0
KSS,2026-05-29 16:10:08.805030+00:00,PUT,14.5,2026-06-12,12590,150,161,4,14.42,REPEATEDHITS,True,False,False,10920,0,1900583883.0,14,ASK,SHORT,1.0
KSS,2026-05-27 19:54:03.821772+00:00,PUT,11.0,2026-05-29,20454,1461,1645,614,13.13,REPEATEDHITS,False,False,False,20454,0,1900583883.0,2,ASK,SHORT,1.0
KSS,2026-05-27 19:43:57.363243+00:00,PUT,13.0,2026-05-29,68096,896,2941,861,13.27,REPEATEDHITS,False,False,False,68096,0,1900583883.0,2,ASK,SHORT,1.0
KSS,2026-05-27 19:42:07.966525+00:00,CALL,14.0,2026-06-05,144000,2000,2344,266,13.31,REPEATEDHITS,False,False,False,144000,0,1900583883.0,9,ASK,LONG,1.0
KSS,2026-05-27 18:42:29.631291+00:00,CALL,14.0,2026-06-18,42000,500,517,319,13.175,REPEATEDHITS,True,False,False,7812,34188,1900583883.0,22,BID,SHORT,0.5
KSS,2026-05-20 15:24:14.763216+00:00,CALL,12.5,2026-05-22,13085,689,2192,603,12.16,REPEATEDHITSDESCENDINGFILL,False,False,False,13015,34,1900583883.0,2,ASK,LONG,1.0
KSS,2026-05-19 15:31:46.879855+00:00,PUT,11.0,2026-10-16,14340,77,298,19,11.485,REPEATEDHITSDESCENDINGFILL,False,False,False,1302,13038,1900583883.0,150,BID,LONG,0.5
KSS,2026-05-11 14:14:56.719688+00:00,CALL,15.0,2026-06-05,16464,220,1077,67,13.45,REPEATEDHITSDESCENDINGFILL,True,False,False,750,3414,1900583883.0,25,BID,SHORT,0.5
KSS,2026-05-11 14:14:50.883953+00:00,CALL,15.0,2026-06-05,11736,163,743,67,13.39,REPEATEDHITS,False,False,False,0,792,1900583883.0,25,BID,SHORT,0.5
KSS,2026-05-11 14:14:48.672161+00:00,CALL,15.0,2026-06-05,14381,197,580,67,13.375,REPEATEDHITS,False,False,False,0,4380,1900583883.0,25,BID,SHORT,0.5
KSS,2026-05-11 14:14:43.653460+00:00,CALL,15.0,2026-06-05,26257,383,383,67,13.37,REPEATEDHITSDESCENDINGFILL,False,False,False,9327,5076,1900583883.0,25,ASK,LONG,1.0
KSS,2026-05-11 14:13:31.825638+00:00,CALL,13.0,2026-06-05,43110,292,292,0,13.32,REPEATEDHITSDESCENDINGFILL,True,False,False,27259,8354,1900583883.0,25,ASK,LONG,1.0
KSS,2026-05-11 14:13:31.825638+00:00,CALL,13.0,2026-06-05,18003,126,418,0,13.345,REPEATEDHITSDESCENDINGFILL,True,False,False,16157,426,1900583883.0,25,ASK,LONG,1.0
LRCX,2026-07-08 14:31:20.552097+00:00,PUT,255.0,2026-08-14,251704,248,288,3,333.29,REPEATEDHITSDESCENDINGFILL,False,False,False,250694,1010,407848720230.0,37,ASK,SHORT,1.0
LRCX,2026-07-08 13:41:19.972744+00:00,CALL,355.0,2026-07-10,200400,408,409,183,334.03,REPEATEDHITSDESCENDINGFILL,True,False,False,80120,120280,407848720230.0,2,BID,SHORT,0.5
LRCX,2026-07-08 13:32:40.642574+00:00,CALL,385.0,2026-07-24,160725,175,175,122,328.53,REPEATEDHITSDESCENDINGFILL,True,False,False,37200,123525,407848720230.0,16,BID,SHORT,0.5
LRCX,2026-07-08 13:32:40.642574+00:00,CALL,372.5,2026-07-24,157805,131,131,38,328.53,REPEATEDHITS,False,False,False,101640,56165,407848720230.0,16,ASK,LONG,1.0
LRCX,2026-07-07 16:53:29.062833+00:00,CALL,335.0,2026-07-24,110240,49,61,5,326.08,REPEATEDHITS,True,False,False,2240,108000,407848720230.0,17,BID,SHORT,0.5
LRCX,2026-07-07 14:57:23.800886+00:00,CALL,500.0,2026-08-21,409265,787,870,716,318.44,REPEATEDHITSASCENDINGFILL,False,False,False,0,409265,407848720230.0,45,BID,SHORT,0.5
LRCX,2026-07-07 14:09:05.185284+00:00,CALL,325.0,2026-07-24,67905,27,69,18,321.66,REPEATEDHITS,True,False,False,67905,0,407848720230.0,17,ASK,LONG,1.0
LRCX,2026-07-06 19:19:51.444800+00:00,PUT,315.0,2026-07-17,784333,830,922,146,353.77,REPEATEDHITS,False,False,False,784333,0,407848720230.0,11,ASK,SHORT,1.0
LRCX,2026-07-06 19:07:07.642980+00:00,PUT,317.5,2026-07-17,840177,804,3321,31,351.45,REPEATEDHITS,True,False,False,838087,2090,407848720230.0,11,ASK,SHORT,1.0
LRCX,2026-07-06 17:41:25.598170+00:00,PUT,317.5,2026-07-17,763941,728,2428,31,351.06,REPEATEDHITSDESCENDINGFILL,False,False,False,755941,8000,407848720230.0,11,ASK,SHORT,1.0
LRCX,2026-07-06 17:03:51.868155+00:00,PUT,317.5,2026-07-17,1017933,998,1664,31,352.485,REPEATEDHITSDESCENDINGFILL,False,False,False,1017933,0,407848720230.0,11,ASK,SHORT,1.0
LRCX,2026-07-06 17:03:51.868155+00:00,CALL,325.0,2026-07-17,91040,23,32,12,352.35,REPEATEDHITSASCENDINGFILL,False,False,False,55430,35610,407848720230.0,11,ASK,LONG,1.0
LRCX,2026-07-06 16:58:59.718114+00:00,PUT,312.5,2026-07-17,62690,78,150,57,353.73,REPEATEDHITSASCENDINGFILL,True,False,False,27545,35145,407848720230.0,11,BID,LONG,0.5
LRCX,2026-07-06 16:58:40.890877+00:00,PUT,317.5,2026-07-17,619499,642,661,31,354.08,REPEATEDHITSDESCENDINGFILL,False,False,False,618539,960,407848720230.0,11,ASK,SHORT,1.0
LRCX,2026-07-06 16:30:41.611894+00:00,PUT,275.0,2026-07-17,204009,782,791,88,356.3,REPEATEDHITSDESCENDINGFILL,True,False,False,203579,430,407848720230.0,11,ASK,SHORT,1.0
LRCX,2026-07-06 15:52:01.322162+00:00,PUT,305.0,2026-07-10,97438,473,497,309,359.43,REPEATEDHITS,False,False,False,97438,0,407848720230.0,4,ASK,SHORT,1.0
LRCX,2026-07-06 13:32:21.164101+00:00,CALL,600.0,2027-03-19,1051065,231,231,105,362.7,REPEATEDHITS,True,False,False,1051065,0,407848720230.0,256,ASK,LONG,1.0
LRCX,2026-07-06 13:32:21.164101+00:00,CALL,560.0,2027-03-19,391410,76,76,30,362.7,REPEATEDHITSASCENDINGFILL,True,False,False,134160,257250,407848720230.0,256,BID,SHORT,0.5
LRCX,2026-07-06 13:32:20.957215+00:00,CALL,580.0,2027-03-19,135600,28,28,6,362.7,REPEATEDHITS,True,False,False,135600,0,407848720230.0,256,ASK,LONG,1.0
LRCX,2026-07-06 13:32:20.957215+00:00,CALL,570.0,2027-03-19,683295,137,137,13,362.7,REPEATEDHITSASCENDINGFILL,True,False,False,344655,338640,407848720230.0,256,ASK,LONG,1.0
LRCX,2026-07-02 19:28:36.857249+00:00,PUT,362.5,2026-07-10,512270,187,592,143,345.76,REPEATEDHITSASCENDINGFILL,True,False,False,452100,60170,407848720230.0,8,ASK,SHORT,1.0
LRCX,2026-07-02 19:04:29.997702+00:00,PUT,362.5,2026-07-10,483662,177,404,143,347.275,REPEATEDHITSDESCENDINGFILL,False,False,False,248882,234780,407848720230.0,8,ASK,SHORT,1.0
LRCX,2026-07-02 18:59:38.301329+00:00,PUT,302.5,2026-07-17,385548,451,464,150,347.1001,REPEATEDHITSDESCENDINGFILL,False,False,False,384723,825,407848720230.0,15,ASK,SHORT,1.0
LRCX,2026-07-02 18:46:10.794553+00:00,CALL,350.0,2026-07-24,114200,40,62,14,346.39,REPEATEDHITS,True,False,False,114200,0,407848720230.0,22,ASK,LONG,1.0
LRCX,2026-07-02 18:29:11.470895+00:00,PUT,327.5,2026-07-10,79435,85,1565,68,348.23,REPEATEDHITS,False,False,False,38350,12100,407848720230.0,8,ASK,SHORT,1.0
LRCX,2026-07-02 18:01:24.915396+00:00,PUT,280.0,2026-07-10,59123,318,386,256,346.51,REPEATEDHITS,False,False,False,58962,161,407848720230.0,8,ASK,SHORT,1.0
LRCX,2026-07-02 17:18:25.312158+00:00,PUT,262.5,2026-07-17,103368,438,676,0,349.99,REPEATEDHITS,False,False,False,103368,0,407848720230.0,15,ASK,SHORT,1.0
LRCX,2026-07-02 15:24:37.618832+00:00,CALL,362.5,2026-07-10,204000,120,133,8,360.887,REPEATEDHITS,False,False,False,0,180200,407848720230.0,8,BID,SHORT,0.5
LRCX,2026-07-01 16:04:21.238208+00:00,CALL,382.5,2026-07-10,125255,47,57,11,393.655,REPEATEDHITS,False,False,False,125255,0,407848720230.0,9,ASK,LONG,1.0
LRCX,2026-07-01 13:54:18.813707+00:00,PUT,387.5,2026-07-10,360408,270,374,175,406.775,REPEATEDHITSDESCENDINGFILL,True,False,False,325740,30678,407848720230.0,9,ASK,SHORT,1.0
LRCX,2026-07-01 13:47:19.647284+00:00,PUT,400.0,2026-11-20,130900,17,17,13,404.39,REPEATEDHITS,False,False,False,130900,0,407848720230.0,142,ASK,SHORT,1.0
LRCX,2026-07-01 13:37:15.406598+00:00,CALL,600.0,2027-06-17,442200,60,60,56,401.0725,REPEATEDHITS,False,False,False,294800,0,407848720230.0,351,ASK,LONG,1.0
LRCX,2026-06-30 15:27:53.770080+00:00,CALL,600.0,2026-11-20,517830,123,128,39,426.3,REPEATEDHITS,False,False,False,265230,0,407848720230.0,143,ASK,LONG,1.0
LRCX,2026-06-30 14:34:57.036900+00:00,CALL,450.0,2026-07-10,792899,461,539,391,432.39,REPEATEDHITSDESCENDINGFILL,False,False,False,792899,0,407848720230.0,10,ASK,LONG,1.0
LRCX,2026-06-30 13:54:10.683767+00:00,PUT,445.0,2026-07-02,210000,100,100,1,432.945,REPEATEDHITS,False,False,False,0,210000,407848720230.0,2,BID,LONG,0.5
LRCX,2026-06-29 18:30:10.719861+00:00,PUT,460.0,2026-07-02,255750,50,50,0,410.31,REPEATEDHITS,False,False,False,0,255750,407848720230.0,3,BID,LONG,0.5
LRCX,2026-06-29 16:52:30.243661+00:00,PUT,400.0,2026-07-17,627500,251,1540,184,410.43,REPEATEDHITS,False,False,False,627500,0,407848720230.0,18,ASK,SHORT,1.0
LRCX,2026-06-29 16:48:57.815432+00:00,PUT,400.0,2026-08-21,1154600,251,1597,127,410.85,REPEATEDHITS,False,False,False,1154600,0,407848720230.0,53,ASK,SHORT,1.0
LRCX,2026-06-29 16:29:49.598306+00:00,PUT,400.0,2026-08-21,778050,171,1345,127,412.28,REPEATEDHITS,False,False,False,618800,159250,407848720230.0,53,ASK,SHORT,1.0
LRCX,2026-06-29 16:23:01.698657+00:00,PUT,400.0,2026-08-21,1350000,300,1123,127,413.2,REPEATEDHITS,False,False,False,0,0,407848720230.0,53,MIXED,,0.0
LRCX,2026-06-29 16:22:34.678794+00:00,PUT,400.0,2026-08-21,796250,175,823,127,412.5,REPEATEDHITS,False,False,False,796250,0,407848720230.0,53,ASK,SHORT,1.0
LRCX,2026-06-29 16:18:31.588569+00:00,PUT,400.0,2026-08-21,1359000,300,643,127,412.21,REPEATEDHITS,False,False,False,0,0,407848720230.0,53,MIXED,,0.0
LRCX,2026-06-29 14:55:17.412959+00:00,CALL,580.0,2026-08-21,110000,110,114,105,399.44,REPEATEDHITS,False,False,False,0,44000,407848720230.0,53,BID,SHORT,0.5
LRCX,2026-06-29 14:43:45.455147+00:00,PUT,335.0,2026-07-17,145125,210,692,112,394.71,REPEATEDHITSASCENDINGFILL,True,False,False,55285,80740,407848720230.0,18,BID,LONG,0.5
LRCX,2026-06-29 14:39:42.555640+00:00,PUT,335.0,2026-07-17,189546,270,304,112,396.1683,REPEATEDHITSASCENDINGFILL,True,False,False,58870,130676,407848720230.0,18,BID,LONG,0.5
LRCX,2026-06-29 14:14:37.108192+00:00,PUT,290.0,2026-07-31,59150,91,121,76,381.89,REPEATEDHITS,False,False,False,9100,0,407848720230.0,32,ASK,SHORT,1.0
LRCX,2026-06-29 14:03:01.598989+00:00,PUT,327.5,2026-07-17,130000,200,200,41,385.91,REPEATEDHITS,False,False,False,32500,97500,407848720230.0,18,BID,LONG,0.5
LRCX,2026-06-29 13:43:22.906160+00:00,PUT,380.0,2026-08-07,56155,15,16,6,388.92,REPEATEDHITSDESCENDINGFILL,False,False,False,30080,26075,407848720230.0,39,ASK,SHORT,1.0
LRCX,2026-06-29 13:43:02.427910+00:00,PUT,370.0,2026-08-07,51690,16,94,0,389.33,REPEATEDHITSASCENDINGFILL,True,False,False,0,51690,407848720230.0,39,BID,LONG,0.5
LRCX,2026-06-29 13:41:16.216056+00:00,PUT,370.0,2026-08-07,126280,39,40,0,388.37,REPEATEDHITSDESCENDINGFILL,True,False,False,48750,77530,407848720230.0,39,BID,LONG,0.5
LUNR,2026-07-08 15:43:36.171181+00:00,CALL,18.0,2026-07-17,24447,281,306,151,17.33,REPEATEDHITS,False,False,False,0,24447,2864073716.0,9,BID,SHORT,0.5
LUNR,2026-07-07 19:55:02.551369+00:00,CALL,18.0,2026-07-10,24671,348,1467,18,17.87,REPEATEDHITSASCENDINGFILL,False,False,False,24671,0,2864073716.0,3,ASK,LONG,1.0
LUNR,2026-07-07 19:54:11.445170+00:00,CALL,18.0,2026-07-10,14421,209,926,18,17.855,REPEATEDHITS,True,False,False,0,14421,2864073716.0,3,BID,SHORT,0.5
LUNR,2026-07-07 19:29:46.661871+00:00,CALL,18.0,2026-07-10,11454,166,714,18,17.86,REPEATEDHITS,False,False,False,0,11454,2864073716.0,3,BID,SHORT,0.5
LUNR,2026-07-07 17:15:32.493074+00:00,PUT,17.5,2026-07-10,22790,430,777,128,18.055,REPEATEDHITS,False,False,False,22790,0,2864073716.0,3,ASK,SHORT,1.0
LUNR,2026-07-06 16:01:31.672218+00:00,CALL,23.0,2026-08-21,27232,148,152,124,19.22,REPEATEDHITS,False,False,False,27232,0,2864073716.0,46,ASK,LONG,1.0
LUNR,2026-07-02 16:29:28.648865+00:00,CALL,23.5,2026-07-17,30024,556,559,237,19.74,REPEATEDHITS,False,False,False,0,30024,2864073716.0,15,BID,SHORT,0.5
LUNR,2026-07-01 19:29:51.198635+00:00,PUT,18.5,2026-07-10,17280,384,414,25,20.7,REPEATEDHITS,False,False,False,0,17280,2864073716.0,9,BID,LONG,0.5
LUNR,2026-07-01 18:58:29.165157+00:00,PUT,20.0,2026-08-07,24250,97,305,1,20.6,REPEATEDHITS,False,False,False,0,24250,2864073716.0,37,BID,LONG,0.5
LUNR,2026-07-01 18:31:05.306090+00:00,PUT,21.0,2026-07-31,46996,188,188,35,21.04,REPEATEDHITSDESCENDINGFILL,False,False,False,30998,7748,2864073716.0,30,ASK,SHORT,1.0
LUNR,2026-06-30 19:29:04.731852+00:00,CALL,23.5,2026-07-02,27170,1235,1392,197,21.45,REPEATEDHITS,False,False,False,27170,0,2864073716.0,2,ASK,LONG,1.0
LUNR,2026-06-30 18:35:54.084027+00:00,PUT,23.5,2026-07-17,84659,295,295,4,21.77,REPEATEDHITSASCENDINGFILL,True,False,False,82943,1716,2864073716.0,17,ASK,SHORT,1.0
LUNR,2026-06-30 18:09:53.955945+00:00,PUT,18.0,2026-07-10,21870,729,792,65,21.2297,REPEATEDHITS,False,False,False,0,21870,2864073716.0,10,BID,LONG,0.5
LUNR,2026-06-29 15:31:00.056826+00:00,PUT,18.0,2026-07-02,14952,534,716,147,19.84,REPEATEDHITS,False,False,False,28,14924,2864073716.0,3,BID,LONG,0.5
LUNR,2026-06-26 18:58:17.028734+00:00,CALL,20.0,2026-07-02,255000,3000,3270,161,19.575,REPEATEDHITS,False,False,False,127500,89250,2864073716.0,6,ASK,LONG,1.0
LUNR,2026-06-26 16:02:35.774452+00:00,PUT,14.0,2026-07-17,11078,625,1102,40,19.98,REPEATEDHITS,False,False,False,11078,0,2864073716.0,21,ASK,SHORT,1.0
LUNR,2026-06-25 17:11:29.551046+00:00,CALL,20.0,2026-07-31,77584,373,482,41,18.93,REPEATEDHITS,False,False,False,77584,0,2864073716.0,36,ASK,LONG,1.0
LUNR,2026-06-25 14:02:31.850231+00:00,PUT,10.0,2026-09-18,24255,495,495,437,18.12,REPEATEDHITS,False,False,False,24255,0,2864073716.0,85,ASK,SHORT,1.0
LUNR,2026-06-24 19:39:14.060158+00:00,CALL,19.0,2026-08-21,368493,1100,1747,5,19.095,REPEATEDHITS,False,False,False,367488,0,2864073716.0,58,ASK,LONG,1.0
LUNR,2026-06-24 16:53:50.827809+00:00,CALL,20.0,2026-08-21,76995,261,391,35,19.1926,REPEATEDHITS,False,False,False,76995,0,2864073716.0,58,ASK,LONG,1.0
LUNR,2026-06-24 14:05:27.050052+00:00,CALL,19.0,2026-07-17,16348,67,82,40,19.755,REPEATEDHITS,False,False,False,16348,0,2864073716.0,23,ASK,LONG,1.0
LUNR,2026-06-23 18:38:45.528848+00:00,CALL,21.0,2026-07-02,13056,96,104,76,20.935,REPEATEDHITS,True,False,False,136,12920,2864073716.0,9,BID,SHORT,0.5
LUNR,2026-06-22 18:51:29.476716+00:00,PUT,22.5,2026-07-17,64227,254,257,0,22.235,REPEATEDHITSDESCENDINGFILL,True,False,False,0,64227,2864073716.0,25,BID,LONG,0.5
LUNR,2026-06-22 15:45:18.064022+00:00,CALL,22.5,2026-06-26,14000,200,753,56,21.63,REPEATEDHITS,False,False,False,0,14000,2864073716.0,4,BID,SHORT,0.5
LUNR,2026-06-22 15:24:04.742439+00:00,CALL,21.0,2026-07-17,30821,119,157,95,21.38,REPEATEDHITS,False,False,False,30821,0,2864073716.0,25,ASK,LONG,1.0
LUNR,2026-06-22 14:15:32.409873+00:00,CALL,48.0,2027-01-15,137034,571,571,92,20.92,REPEATEDHITS,True,False,False,0,137034,2864073716.0,207,BID,SHORT,0.5
LUNR,2026-06-22 14:15:32.409873+00:00,CALL,46.0,2027-01-15,84039,327,327,69,20.92,REPEATEDHITS,True,False,False,0,84039,2864073716.0,207,BID,SHORT,0.5
LUNR,2026-06-22 14:15:32.409873+00:00,CALL,33.0,2027-01-15,76269,186,186,96,20.92,REPEATEDHITSASCENDINGFILL,False,False,False,0,72169,2864073716.0,207,BID,SHORT,0.5
LUNR,2026-06-18 18:25:34.998385+00:00,PUT,19.0,2026-07-10,14630,190,218,25,22.085,REPEATEDHITS,False,False,False,14630,0,2864073716.0,22,ASK,SHORT,1.0
LUNR,2026-06-18 16:07:49.084675+00:00,PUT,15.0,2026-07-17,17181,747,1230,285,21.98,REPEATEDHITS,True,False,False,17181,0,2864073716.0,29,ASK,SHORT,1.0
LUNR,2026-06-18 16:06:32.540529+00:00,PUT,15.0,2026-07-17,11304,471,480,285,22.01,REPEATEDHITS,False,False,False,11304,0,2864073716.0,29,ASK,SHORT,1.0
LUNR,2026-06-18 15:12:34.895374+00:00,PUT,20.0,2026-07-24,16665,101,180,86,22.07,REPEATEDHITS,True,False,False,16335,330,2864073716.0,36,ASK,SHORT,1.0
LUNR,2026-06-18 15:10:52.928280+00:00,PUT,15.0,2026-07-02,11000,440,441,1,22.07,REPEATEDHITS,False,False,False,11000,0,2864073716.0,14,ASK,SHORT,1.0
LUNR,2026-06-18 15:10:52.928280+00:00,PUT,17.0,2026-06-26,14040,1170,1172,6,22.07,REPEATEDHITS,False,False,False,13932,108,2864073716.0,8,ASK,SHORT,1.0
LUNR,2026-06-18 14:41:48.862022+00:00,PUT,16.0,2026-06-26,11466,882,883,28,21.4628,REPEATEDHITS,False,False,False,11466,0,2864073716.0,8,ASK,SHORT,1.0
LUNR,2026-06-17 15:38:18.207167+00:00,CALL,23.0,2027-01-15,70076,88,188,32,23.24,REPEATEDHITSDESCENDINGFILL,False,False,False,0,70076,2864073716.0,212,BID,SHORT,0.5
LUNR,2026-06-16 19:00:52.787704+00:00,PUT,21.0,2026-06-26,10176,192,214,91,23.67,REPEATEDHITS,False,False,False,10123,0,2864073716.0,10,ASK,SHORT,1.0
LUNR,2026-06-16 14:37:10.707282+00:00,CALL,25.0,2026-06-26,22400,200,216,37,23.49,REPEATEDHITS,False,False,False,22400,0,2864073716.0,10,ASK,LONG,1.0
LUNR,2026-06-15 19:28:01.136654+00:00,PUT,21.0,2026-07-17,78651,742,750,144,25.87,REPEATEDHITS,False,False,False,78546,105,2864073716.0,32,ASK,SHORT,1.0
LUNR,2026-06-15 14:46:42.929918+00:00,CALL,27.0,2026-06-26,21140,140,347,50,26.035,REPEATEDHITS,False,False,False,0,21140,2864073716.0,11,BID,SHORT,0.5
LUNR,2026-06-15 14:46:42.929918+00:00,CALL,29.5,2026-06-26,53669,697,701,17,26.035,REPEATEDHITS,False,False,False,0,53669,2864073716.0,11,BID,SHORT,0.5
LUNR,2026-06-15 14:46:42.929918+00:00,CALL,26.5,2026-06-26,53890,317,348,115,26.035,REPEATEDHITS,False,False,False,0,53890,2864073716.0,11,BID,SHORT,0.5
LUNR,2026-06-15 14:46:42.929918+00:00,CALL,29.0,2026-07-10,14432,82,85,50,26.0,REPEATEDHITS,False,False,False,1056,13376,2864073716.0,25,BID,SHORT,0.5
LUNR,2026-06-12 13:47:44.708327+00:00,PUT,27.5,2026-06-18,223816,1108,1130,83,28.25,REPEATEDHITS,False,False,False,404,216544,2864073716.0,6,BID,LONG,0.5
LUNR,2026-06-11 19:42:45.160573+00:00,PUT,23.0,2026-07-02,14872,143,168,7,30.6991,REPEATEDHITS,False,False,False,14872,0,2864073716.0,21,ASK,SHORT,1.0
LUNR,2026-06-11 19:23:29.980267+00:00,PUT,29.0,2026-07-10,64024,191,231,22,30.61,REPEATEDHITS,False,False,False,0,64024,2864073716.0,29,BID,LONG,0.5
LUNR,2026-06-11 15:11:11.880574+00:00,CALL,31.5,2026-06-12,22742,274,433,259,29.65,REPEATEDHITS,True,False,False,22742,0,2864073716.0,1,ASK,LONG,1.0
LUNR,2026-06-11 14:45:58.962715+00:00,CALL,28.0,2026-06-26,225589,557,580,38,29.305,REPEATEDHITS,False,False,False,0,225589,2864073716.0,15,BID,SHORT,0.5
LUNR,2026-06-10 18:55:01.032696+00:00,CALL,30.5,2026-06-18,20227,149,170,87,26.9301,REPEATEDHITSDESCENDINGFILL,True,False,False,1350,18606,2864073716.0,8,BID,SHORT,0.5
LUNR,2026-06-10 18:55:01.032696+00:00,CALL,31.5,2026-06-18,35549,312,320,39,26.94,REPEATEDHITSDESCENDINGFILL,True,False,False,0,35549,2864073716.0,8,BID,SHORT,0.5
M,2026-07-08 14:48:30.787278+00:00,CALL,24.0,2027-01-15,71484,276,277,6,22.5,REPEATEDHITS,True,False,False,71484,0,6084067876.0,191,ASK,LONG,1.0
M,2026-06-30 18:07:08.390668+00:00,PUT,23.5,2026-07-10,13464,198,334,176,23.5,REPEATEDHITS,False,False,False,13464,0,6084067876.0,10,ASK,SHORT,1.0
M,2026-06-30 17:55:27.590105+00:00,CALL,22.5,2026-07-31,13394,74,75,0,23.42,REPEATEDHITS,True,False,False,13394,0,6084067876.0,31,ASK,LONG,1.0
M,2026-06-30 14:15:03.329063+00:00,CALL,24.0,2026-07-10,15048,396,426,102,23.2,REPEATEDHITS,True,False,False,0,15048,6084067876.0,10,BID,SHORT,0.5
M,2026-06-30 14:15:03.329063+00:00,CALL,23.5,2026-07-10,11200,200,444,41,23.2,REPEATEDHITS,True,False,False,0,11200,6084067876.0,10,BID,SHORT,0.5
M,2026-06-30 14:15:01.923703+00:00,CALL,23.5,2026-07-10,13216,224,244,41,23.2,REPEATEDHITS,True,False,False,60,13156,6084067876.0,10,BID,SHORT,0.5
M,2026-06-29 17:55:22.183477+00:00,PUT,23.0,2026-11-20,21218,103,123,94,24.515,REPEATEDHITS,False,False,False,17510,3708,6084067876.0,144,ASK,SHORT,1.0
M,2026-06-26 15:14:16.542952+00:00,PUT,15.0,2027-06-17,60927,883,883,90,25.645,REPEATEDHITS,False,False,False,0,60927,6084067876.0,356,BID,LONG,0.5
M,2026-06-25 18:20:33.852387+00:00,PUT,24.0,2026-12-18,24498,98,98,32,25.555,REPEATEDHITS,True,False,False,24498,0,6084067876.0,176,ASK,SHORT,1.0
M,2026-06-25 16:07:05.928736+00:00,PUT,26.0,2026-07-02,16511,209,241,90,25.64,REPEATEDHITS,False,False,False,0,16511,6084067876.0,7,BID,LONG,0.5
M,2026-06-24 18:13:57.889822+00:00,PUT,25.5,2026-07-24,54120,410,410,1,25.215,REPEATEDHITS,False,False,False,0,54120,6084067876.0,30,BID,LONG,0.5
M,2026-06-24 13:57:18.089158+00:00,CALL,26.0,2026-06-26,10400,1300,1314,516,24.72,REPEATEDHITS,True,False,False,10400,0,6084067876.0,2,ASK,LONG,1.0
M,2026-06-23 19:08:08.748541+00:00,PUT,23.0,2026-08-21,73896,637,749,439,23.945,REPEATEDHITSASCENDINGFILL,False,False,False,119,73777,6084067876.0,59,BID,LONG,0.5
M,2026-06-23 18:21:23.054171+00:00,CALL,28.0,2026-09-18,26757,304,310,210,23.99,REPEATEDHITSASCENDINGFILL,False,False,False,91,26666,6084067876.0,87,BID,SHORT,0.5
M,2026-06-23 17:46:24.957246+00:00,CALL,24.5,2026-07-24,10290,98,434,17,24.12,REPEATEDHITS,False,False,False,0,10290,6084067876.0,31,BID,SHORT,0.5
M,2026-06-23 15:58:12.762232+00:00,PUT,24.0,2026-09-18,139100,650,682,22,24.075,REPEATEDHITS,False,False,False,0,139100,6084067876.0,87,BID,LONG,0.5
M,2026-06-23 15:46:07.108362+00:00,CALL,24.0,2026-07-02,11970,171,400,91,24.0,REPEATEDHITS,False,False,False,5600,6370,6084067876.0,9,BID,SHORT,0.5
M,2026-06-23 15:40:30.900407+00:00,CALL,24.0,2026-07-02,16030,229,229,91,23.935,REPEATEDHITS,False,False,False,0,16030,6084067876.0,9,BID,SHORT,0.5
M,2026-06-23 15:16:53.265399+00:00,PUT,23.0,2026-09-18,32580,180,181,2,23.84,REPEATEDHITS,False,False,False,32580,0,6084067876.0,87,ASK,SHORT,1.0
M,2026-06-23 14:49:29.138091+00:00,CALL,28.0,2026-08-21,33281,640,1854,436,23.865,REPEATEDHITS,False,False,False,0,33281,6084067876.0,59,BID,SHORT,0.5
M,2026-06-22 19:24:21.543489+00:00,PUT,26.0,2026-12-18,15600,39,39,2,24.66,REPEATEDHITS,False,False,False,15600,0,6084067876.0,179,ASK,SHORT,1.0
M,2026-06-22 18:46:34.938055+00:00,PUT,27.0,2026-12-18,135599,295,295,38,24.68,REPEATEDHITSASCENDINGFILL,True,False,False,135144,455,6084067876.0,179,ASK,SHORT,1.0
M,2026-06-22 17:11:02.043210+00:00,PUT,26.0,2026-08-21,70265,299,299,244,24.91,REPEATEDHITS,False,False,False,0,70265,6084067876.0,60,BID,LONG,0.5
M,2026-06-22 16:47:39.613204+00:00,CALL,25.0,2026-06-26,20818,400,595,269,24.97,REPEATEDHITSASCENDINGFILL,False,False,False,0,20818,6084067876.0,4,BID,SHORT,0.5
M,2026-06-22 14:26:50.541319+00:00,CALL,28.0,2026-09-18,23718,177,177,4,25.0,REPEATEDHITS,True,False,False,0,23718,6084067876.0,88,BID,SHORT,0.5
M,2026-06-22 14:05:25.343510+00:00,CALL,26.5,2026-07-17,20672,250,250,0,25.47,REPEATEDHITSDESCENDINGFILL,False,False,False,3491,17181,6084067876.0,25,BID,SHORT,0.5
M,2026-06-17 19:21:44.445675+00:00,PUT,26.0,2026-08-21,33759,121,187,113,24.18,REPEATEDHITS,False,False,False,0,33759,6084067876.0,65,BID,LONG,0.5
M,2026-06-17 16:22:45.665198+00:00,PUT,25.0,2026-07-02,15655,155,163,25,24.5901,REPEATEDHITS,True,False,False,15655,0,6084067876.0,15,ASK,SHORT,1.0
M,2026-06-16 17:48:37.906030+00:00,CALL,25.5,2026-07-10,23968,224,268,81,25.4301,REPEATEDHITS,False,False,False,0,23968,6084067876.0,24,BID,SHORT,0.5
M,2026-06-16 14:29:49.704696+00:00,PUT,24.0,2026-07-17,17344,271,709,100,25.435,REPEATEDHITS,False,False,False,0,17344,6084067876.0,31,BID,LONG,0.5
M,2026-06-16 14:09:05.678861+00:00,PUT,24.0,2026-07-17,32376,426,432,100,25.005,REPEATEDHITS,False,False,False,0,32376,6084067876.0,31,BID,LONG,0.5
M,2026-06-12 18:17:56.703341+00:00,PUT,27.0,2028-01-21,73920,112,112,62,25.455,REPEATEDHITS,False,False,False,73920,0,6084067876.0,588,ASK,SHORT,1.0
M,2026-06-11 19:44:30.129351+00:00,CALL,26.0,2026-07-17,38632,439,460,151,24.81,REPEATEDHITS,False,False,False,29656,8976,6084067876.0,36,ASK,LONG,1.0
M,2026-06-11 16:23:14.197013+00:00,PUT,25.0,2026-11-20,57750,154,191,11,24.0,REPEATEDHITS,False,False,False,47625,10125,6084067876.0,162,ASK,SHORT,1.0
M,2026-06-11 14:36:51.277483+00:00,CALL,24.0,2026-07-17,48768,381,456,159,23.96,REPEATEDHITS,False,False,False,48768,0,6084067876.0,36,ASK,LONG,1.0
M,2026-06-10 13:35:30.163066+00:00,CALL,22.0,2026-07-10,17980,124,124,35,22.6799,REPEATEDHITS,True,False,False,17980,0,6084067876.0,30,ASK,LONG,1.0
M,2026-06-09 15:52:15.746161+00:00,PUT,10.0,2028-01-21,66434,1126,1126,113,22.03,REPEATEDHITS,False,False,False,0,66434,6084067876.0,591,BID,LONG,0.5
M,2026-06-08 19:04:04.201419+00:00,CALL,23.0,2026-06-26,27500,500,1096,343,22.39,REPEATEDHITS,False,False,False,27500,0,6084067876.0,18,ASK,LONG,1.0
M,2026-06-05 15:40:01.292597+00:00,PUT,23.0,2026-07-17,104248,628,671,127,22.47,REPEATEDHITS,False,False,False,0,104248,6084067876.0,42,BID,LONG,0.5
M,2026-06-05 14:54:47.114233+00:00,CALL,22.5,2026-06-12,18700,340,362,151,22.41,REPEATEDHITS,True,False,False,0,18700,6084067876.0,7,BID,SHORT,0.5
M,2026-06-05 14:33:21.766060+00:00,CALL,23.0,2026-06-26,16252,239,261,89,22.4314,REPEATEDHITS,True,False,False,0,16252,6084067876.0,21,BID,SHORT,0.5
M,2026-06-05 14:04:53.071212+00:00,PUT,21.0,2026-07-17,27450,366,367,345,22.7321,REPEATEDHITS,False,False,False,27450,0,6084067876.0,42,ASK,SHORT,1.0
M,2026-06-04 16:12:15.118684+00:00,PUT,25.0,2026-09-18,216000,600,2173,141,23.205,REPEATEDHITS,False,False,False,216000,0,6084067876.0,106,ASK,SHORT,1.0
M,2026-06-04 15:12:24.244424+00:00,PUT,22.5,2026-06-12,14472,402,526,59,23.21,REPEATEDHITS,False,False,False,13248,1224,6084067876.0,8,ASK,SHORT,1.0
M,2026-06-04 15:12:10.619665+00:00,PUT,25.0,2026-09-18,548465,1545,1569,141,23.2799,REPEATEDHITS,False,False,False,548465,0,6084067876.0,106,ASK,SHORT,1.0
M,2026-06-03 15:09:29.171899+00:00,PUT,25.0,2026-07-17,116530,333,334,1,22.055,REPEATEDHITSDESCENDINGFILL,False,False,False,116530,0,6084067876.0,44,ASK,SHORT,1.0
M,2026-06-02 16:45:49.147380+00:00,CALL,23.5,2026-06-05,17112,372,817,149,22.0793,REPEATEDHITS,False,False,False,16882,230,6084067876.0,3,ASK,LONG,1.0
M,2026-06-02 14:47:56.457076+00:00,PUT,21.0,2026-06-05,27898,481,2491,180,21.97,REPEATEDHITS,True,False,False,27608,0,6084067876.0,3,ASK,SHORT,1.0
M,2026-06-01 17:30:03.093624+00:00,PUT,23.0,2026-08-21,15486,58,60,57,21.99,REPEATEDHITS,False,False,False,0,15486,6084067876.0,81,BID,LONG,0.5
M,2026-06-01 17:30:03.093624+00:00,CALL,20.0,2026-07-17,51042,181,185,46,21.99,REPEATEDHITS,False,False,False,51042,0,6084067876.0,46,ASK,LONG,1.0
MCHP,2026-07-08 15:53:10.157426+00:00,CALL,81.0,2026-07-17,17680,34,34,0,83.485,REPEATEDHITS,True,False,False,0,17680,45615971496.0,9,BID,SHORT,0.5
MCHP,2026-07-07 19:17:16.135208+00:00,PUT,75.0,2026-07-10,15120,504,505,27,83.15,REPEATEDHITS,False,False,False,15120,0,45615971496.0,3,ASK,SHORT,1.0
MCHP,2026-07-07 19:01:42.981042+00:00,PUT,87.0,2026-08-07,17100,19,22,17,83.45,REPEATEDHITS,False,False,False,17100,0,45615971496.0,31,ASK,SHORT,1.0
MCHP,2026-07-06 17:00:21.829414+00:00,PUT,88.0,2026-07-31,224398,374,378,62,88.52,REPEATEDHITS,False,False,False,224398,0,45615971496.0,25,ASK,SHORT,1.0
MCHP,2026-07-06 16:35:35.156112+00:00,PUT,97.5,2026-08-21,583437,408,410,60,88.875,REPEATEDHITS,False,False,False,583437,0,45615971496.0,46,ASK,SHORT,1.0
MCHP,2026-07-02 19:28:36.857249+00:00,PUT,96.0,2026-07-02,92250,75,75,1,83.57,REPEATEDHITS,False,False,False,61500,30750,45615971496.0,0,ASK,SHORT,1.0
MCHP,2026-07-02 18:25:54.635780+00:00,PUT,83.0,2026-08-07,46240,68,72,0,83.74,REPEATEDHITS,False,False,False,46240,0,45615971496.0,36,ASK,SHORT,1.0
MCHP,2026-07-02 17:08:47.391381+00:00,PUT,65.0,2026-08-21,90055,474,474,40,83.89,REPEATEDHITSDESCENDINGFILL,False,False,False,90055,0,45615971496.0,50,ASK,SHORT,1.0
MCHP,2026-07-02 17:07:20.492308+00:00,PUT,86.0,2026-08-07,107200,134,169,0,84.11,REPEATEDHITS,True,False,False,0,107200,45615971496.0,36,BID,LONG,0.5
MCHP,2026-07-02 14:51:35.670600+00:00,CALL,90.0,2026-07-10,75069,385,385,43,87.18,REPEATEDHITS,False,False,False,75069,0,45615971496.0,8,ASK,LONG,1.0
MCHP,2026-07-01 16:40:42.222763+00:00,PUT,93.0,2026-07-31,10780,14,14,2,90.28,REPEATEDHITS,True,False,False,10780,0,45615971496.0,30,ASK,SHORT,1.0
MCHP,2026-07-01 16:02:34.922731+00:00,PUT,90.0,2026-07-02,11600,116,118,57,90.7,REPEATEDHITS,False,False,False,0,11600,45615971496.0,1,BID,LONG,0.5
MCHP,2026-07-01 14:43:10.121081+00:00,PUT,89.0,2026-07-17,18400,46,46,39,90.08,REPEATEDHITS,False,False,False,0,13200,45615971496.0,16,BID,LONG,0.5
MCHP,2026-07-01 14:35:12.607602+00:00,PUT,91.0,2026-07-10,102960,264,264,17,89.96,REPEATEDHITS,False,False,False,0,102960,45615971496.0,9,BID,LONG,0.5
MCHP,2026-06-30 17:29:00.107102+00:00,PUT,89.0,2026-07-02,10400,104,133,76,91.029,REPEATEDHITS,False,False,False,0,10400,45615971496.0,2,BID,LONG,0.5
MCHP,2026-06-30 17:19:49.489596+00:00,CALL,97.5,2026-08-21,49580,74,74,68,90.8824,REPEATEDHITS,True,False,False,0,49580,45615971496.0,52,BID,SHORT,0.5
MCHP,2026-06-30 16:39:34.663414+00:00,PUT,91.0,2026-07-02,10545,57,57,9,90.93,REPEATEDHITS,False,False,False,0,10545,45615971496.0,2,BID,LONG,0.5
MCHP,2026-06-30 14:57:39.715906+00:00,CALL,87.0,2026-07-17,97240,143,166,14,90.395,REPEATEDHITS,False,False,False,0,97240,45615971496.0,17,BID,SHORT,0.5
MCHP,2026-06-29 19:38:34.330949+00:00,CALL,135.0,2027-06-17,152000,200,200,0,87.98,FLOORTRADELARGECAP,False,True,False,0,152000,45615971496.0,353,BID,SHORT,0.5
MCHP,2026-06-29 18:06:58.429501+00:00,PUT,85.0,2026-08-21,262200,380,404,90,88.75,REPEATEDHITS,False,False,False,262200,0,45615971496.0,53,ASK,SHORT,1.0
MCHP,2026-06-29 16:46:02.233489+00:00,PUT,84.0,2026-07-24,116550,315,327,13,88.37,REPEATEDHITS,False,False,False,38110,0,45615971496.0,25,ASK,SHORT,1.0
MCHP,2026-06-29 15:23:25.893080+00:00,CALL,89.0,2026-07-10,92690,299,299,13,87.29,REPEATEDHITS,False,False,False,0,92690,45615971496.0,11,BID,SHORT,0.5
MCHP,2026-06-29 14:19:26.405575+00:00,PUT,92.0,2026-07-24,23750,25,25,1,85.58,REPEATEDHITS,True,False,False,950,22800,45615971496.0,25,BID,LONG,0.5
MCHP,2026-06-29 13:41:18.825657+00:00,CALL,96.0,2026-07-10,16320,136,145,20,87.89,REPEATEDHITS,False,False,False,0,16320,45615971496.0,11,BID,SHORT,0.5
MCHP,2026-06-25 16:45:44.032430+00:00,PUT,82.0,2026-07-24,81315,417,418,25,94.395,REPEATEDHITS,False,False,False,81315,0,45615971496.0,29,ASK,SHORT,1.0
MCHP,2026-06-24 17:02:21.521617+00:00,PUT,90.0,2026-07-10,117600,294,561,30,91.45,REPEATEDHITS,True,False,False,8800,4800,45615971496.0,16,ASK,SHORT,1.0
MCHP,2026-06-24 17:01:49.289582+00:00,PUT,90.0,2026-07-10,67080,172,172,30,91.5522,REPEATEDHITS,False,False,False,0,32760,45615971496.0,16,BID,LONG,0.5
MCHP,2026-06-22 14:55:41.559276+00:00,PUT,95.0,2026-08-21,229834,338,338,0,102.3,REPEATEDHITS,False,False,False,229154,680,45615971496.0,60,ASK,SHORT,1.0
MCHP,2026-06-18 19:41:41.003371+00:00,CALL,120.0,2026-12-18,178000,200,200,27,99.64,REPEATEDHITS,False,False,False,0,178000,45615971496.0,183,BID,SHORT,0.5
MCHP,2026-06-18 14:54:45.825943+00:00,PUT,110.0,2026-07-24,55760,41,41,0,99.68,REPEATEDHITS,False,False,False,54400,1360,45615971496.0,36,ASK,SHORT,1.0
MCHP,2026-06-17 18:31:08.766654+00:00,CALL,92.0,2026-07-10,641142,822,822,5,95.925,REPEATEDHITSDESCENDINGFILL,False,False,False,641142,0,45615971496.0,23,ASK,LONG,1.0
MCHP,2026-06-17 18:10:15.667019+00:00,CALL,97.0,2026-06-26,57710,199,199,30,95.38,REPEATEDHITS,False,False,False,57710,0,45615971496.0,9,ASK,LONG,1.0
MCHP,2026-06-15 19:04:37.164312+00:00,PUT,115.0,2026-10-16,128760,58,132,39,100.4,REPEATEDHITS,False,False,False,128760,0,45615971496.0,123,ASK,SHORT,1.0
MCHP,2026-06-15 18:17:38.807173+00:00,PUT,110.0,2026-10-16,103400,55,63,17,100.42,REPEATEDHITS,False,False,False,103400,0,45615971496.0,123,ASK,SHORT,1.0
MCHP,2026-06-12 16:01:45.693471+00:00,CALL,94.0,2026-06-18,152454,462,501,73,94.38,REPEATEDHITS,False,False,False,152454,0,45615971496.0,6,ASK,LONG,1.0
MCHP,2026-06-11 16:37:43.803411+00:00,CALL,92.5,2026-09-18,267744,255,265,177,90.07,REPEATEDHITS,False,False,False,267744,0,45615971496.0,99,ASK,LONG,1.0
MCHP,2026-06-11 15:12:26.394415+00:00,PUT,87.5,2026-07-17,442252,819,852,415,89.82,REPEATEDHITSDESCENDINGFILL,False,False,False,442252,0,45615971496.0,36,ASK,SHORT,1.0
MCHP,2026-06-10 17:14:13.649654+00:00,CALL,130.0,2026-10-16,201850,734,749,122,88.09,REPEATEDHITS,False,False,False,0,201850,45615971496.0,128,BID,SHORT,0.5
MCHP,2026-06-10 16:10:22.905160+00:00,PUT,67.5,2026-10-16,129954,361,361,38,89.06,REPEATEDHITS,False,False,False,129954,0,45615971496.0,128,ASK,SHORT,1.0
MCHP,2026-06-10 14:47:21.900026+00:00,PUT,83.0,2026-06-26,84830,499,499,31,90.765,REPEATEDHITS,False,False,False,84830,0,45615971496.0,16,ASK,SHORT,1.0
MCHP,2026-06-09 19:03:58.183826+00:00,CALL,145.0,2028-01-21,88730,66,66,38,91.13,REPEATEDHITSDESCENDINGFILL,False,False,False,80810,7920,45615971496.0,591,ASK,LONG,1.0
MCHP,2026-06-09 15:53:46.448570+00:00,PUT,84.0,2026-07-02,137270,518,518,7,90.11,REPEATEDHITS,False,False,False,137270,0,45615971496.0,23,ASK,SHORT,1.0
MCHP,2026-06-08 19:33:21.663279+00:00,CALL,110.0,2026-10-16,48280,68,74,46,91.94,REPEATEDHITS,False,False,False,29110,19170,45615971496.0,130,ASK,LONG,1.0
MCHP,2026-06-04 15:32:08.468101+00:00,PUT,82.5,2026-07-17,126914,668,671,643,98.06,REPEATEDHITS,False,False,False,126914,0,45615971496.0,43,ASK,SHORT,1.0
MCHP,2026-06-04 13:44:07.128401+00:00,CALL,150.0,2028-01-21,248000,200,200,137,96.58,REPEATEDHITS,False,False,False,0,248000,45615971496.0,596,BID,SHORT,0.5
MCHP,2026-06-03 17:54:06.807132+00:00,PUT,95.0,2028-01-21,159858,68,297,1,96.56,REPEATEDHITSDESCENDINGFILL,False,False,False,0,159858,45615971496.0,597,BID,LONG,0.5
MCHP,2026-06-03 17:53:52.988062+00:00,PUT,95.0,2028-01-21,56400,24,229,1,96.555,REPEATEDHITS,True,False,False,54050,2350,45615971496.0,597,ASK,SHORT,1.0
MCHP,2026-06-02 19:49:59.155563+00:00,PUT,90.0,2026-09-18,645000,750,750,70,96.42,REPEATEDHITS,False,False,False,0,645000,45615971496.0,108,BID,LONG,0.5
MCHP,2026-06-02 17:13:20.636212+00:00,CALL,106.0,2026-06-18,37045,239,297,53,95.47,REPEATEDHITS,False,False,False,0,37045,45615971496.0,16,BID,SHORT,0.5
MCHP,2026-06-02 14:51:48.461652+00:00,CALL,105.0,2026-09-18,818994,910,947,390,95.715,REPEATEDHITS,False,False,False,818994,0,45615971496.0,108,ASK,LONG,1.0
MDB,2026-07-08 15:52:59.539358+00:00,CALL,415.0,2026-08-07,20255,21,25,12,354.59,REPEATEDHITS,True,False,False,15480,4775,29061663864.0,30,ASK,LONG,1.0
MDB,2026-07-08 14:25:04.166200+00:00,PUT,295.0,2026-08-14,13205,16,18,1,354.17,REPEATEDHITSDESCENDINGFILL,True,False,False,6720,6485,29061663864.0,37,ASK,SHORT,1.0
MDB,2026-07-08 14:13:00.957789+00:00,CALL,347.5,2026-07-10,20850,17,17,4,353.83,REPEATEDHITSDESCENDINGFILL,True,False,False,1235,19615,29061663864.0,2,BID,SHORT,0.5
MDB,2026-07-08 14:03:39.000454+00:00,CALL,500.0,2026-07-31,11782,99,124,31,355.18,REPEATEDHITS,False,False,False,0,11782,29061663864.0,23,BID,SHORT,0.5
MDB,2026-07-08 13:50:04.087602+00:00,CALL,312.5,2026-07-17,71775,15,15,6,357.69,REPEATEDHITS,True,False,False,28800,42975,29061663864.0,9,BID,SHORT,0.5
MDB,2026-07-07 19:56:58.722503+00:00,PUT,275.0,2026-08-14,10050,25,88,0,360.295,REPEATEDHITSDESCENDINGFILL,True,False,False,6225,3825,29061663864.0,38,ASK,SHORT,1.0
MDB,2026-07-07 17:53:31.952514+00:00,CALL,450.0,2026-08-14,19550,20,42,0,368.585,REPEATEDHITSASCENDINGFILL,False,False,False,9925,9625,29061663864.0,38,ASK,LONG,1.0
MDB,2026-07-07 17:43:36.309527+00:00,PUT,195.0,2028-03-17,31366,9,9,0,367.25,REPEATEDHITS,False,False,False,0,31366,29061663864.0,619,BID,LONG,0.5
MDB,2026-07-07 17:12:31.716573+00:00,CALL,460.0,2026-08-21,107060,106,214,87,368.32,REPEATEDHITS,False,False,False,80800,10100,29061663864.0,45,ASK,LONG,1.0
MDB,2026-07-07 16:51:56.940068+00:00,PUT,370.0,2026-07-17,371280,208,212,43,367.75,REPEATEDHITS,False,False,False,371280,0,29061663864.0,10,ASK,SHORT,1.0
MDB,2026-07-07 16:51:56.940068+00:00,CALL,370.0,2026-07-24,56850,27,27,20,367.75,REPEATEDHITS,False,False,False,40090,16760,29061663864.0,17,ASK,LONG,1.0
MDB,2026-07-07 15:59:15.858471+00:00,CALL,420.0,2026-07-31,114905,125,135,82,366.0,REPEATEDHITSDESCENDINGFILL,True,False,False,19670,69755,29061663864.0,24,BID,SHORT,0.5
MDB,2026-07-07 15:58:50.816506+00:00,CALL,480.0,2026-08-14,56895,112,413,4,366.02,REPEATEDHITSDESCENDINGFILL,True,False,False,17760,39135,29061663864.0,38,BID,SHORT,0.5
MDB,2026-07-07 15:58:49.812670+00:00,CALL,480.0,2026-08-14,11650,22,254,4,366.02,REPEATEDHITSASCENDINGFILL,True,False,False,5960,5690,29061663864.0,38,ASK,LONG,1.0
MDB,2026-07-07 14:42:11.440167+00:00,CALL,405.0,2026-07-17,19110,42,43,27,361.4,REPEATEDHITS,False,False,False,0,19110,29061663864.0,10,BID,SHORT,0.5
MDB,2026-07-07 14:31:00.722343+00:00,CALL,380.0,2026-08-14,15420,6,26,0,363.2001,REPEATEDHITS,True,False,False,12850,2570,29061663864.0,38,ASK,LONG,1.0
MDB,2026-07-07 14:22:20.643425+00:00,CALL,360.0,2026-08-14,103650,30,94,6,363.57,REPEATEDHITS,True,False,False,52275,51375,29061663864.0,38,ASK,LONG,1.0
MDB,2026-07-07 14:22:20.643425+00:00,CALL,360.0,2026-08-14,86650,25,129,6,363.57,REPEATEDHITSASCENDINGFILL,True,False,False,86650,0,29061663864.0,38,ASK,LONG,1.0
MDB,2026-07-07 14:21:45.202162+00:00,CALL,480.0,2026-08-14,20875,40,163,4,363.05,REPEATEDHITS,True,False,False,10825,10050,29061663864.0,38,ASK,LONG,1.0
MDB,2026-07-07 14:21:45.202162+00:00,CALL,470.0,2026-08-14,15250,25,59,0,363.05,REPEATEDHITS,True,False,False,3125,12125,29061663864.0,38,BID,SHORT,0.5
MDB,2026-07-07 14:21:21.166396+00:00,CALL,480.0,2026-08-14,11085,21,68,4,363.775,REPEATEDHITS,True,False,False,2675,8410,29061663864.0,38,BID,SHORT,0.5
MDB,2026-07-07 14:21:18.760561+00:00,CALL,480.0,2026-08-14,16125,30,42,4,363.775,REPEATEDHITS,True,False,False,5650,10475,29061663864.0,38,BID,SHORT,0.5
MDB,2026-07-06 19:08:18.322334+00:00,CALL,350.0,2026-07-10,122219,84,95,68,355.76,REPEATEDHITS,False,False,False,122219,0,29061663864.0,4,ASK,LONG,1.0
MDB,2026-07-06 18:16:26.513659+00:00,CALL,400.0,2026-07-24,18620,28,28,23,351.91,REPEATEDHITS,False,False,False,18620,0,29061663864.0,18,ASK,LONG,1.0
MDB,2026-07-06 16:16:35.311719+00:00,CALL,385.0,2026-08-14,21500,10,10,0,358.12,REPEATEDHITS,False,False,False,19350,2150,29061663864.0,39,ASK,LONG,1.0
MDB,2026-07-06 14:50:37.584740+00:00,CALL,345.0,2026-07-17,245918,116,116,58,351.67,REPEATEDHITS,False,False,False,245918,0,29061663864.0,11,ASK,LONG,1.0
MDB,2026-07-02 18:10:28.841717+00:00,PUT,342.5,2026-07-10,16095,24,24,2,356.48,REPEATEDHITSASCENDINGFILL,True,False,False,4705,11390,29061663864.0,8,BID,LONG,0.5
MDB,2026-07-02 16:37:44.331937+00:00,PUT,352.5,2026-07-10,22820,18,27,5,352.9,REPEATEDHITS,True,False,False,11440,11380,29061663864.0,8,ASK,SHORT,1.0
MDB,2026-07-02 14:47:07.289828+00:00,CALL,345.0,2026-08-07,70430,20,30,7,355.44,REPEATEDHITSASCENDINGFILL,True,False,False,35380,35050,29061663864.0,36,ASK,LONG,1.0
MDB,2026-07-02 14:27:11.148336+00:00,PUT,375.0,2026-08-07,88595,23,26,0,358.15,REPEATEDHITSASCENDINGFILL,True,False,False,46435,42160,29061663864.0,36,ASK,SHORT,1.0
MDB,2026-07-02 14:27:11.148336+00:00,PUT,365.0,2026-08-07,160775,49,63,21,358.15,REPEATEDHITSDESCENDINGFILL,True,False,False,82235,78540,29061663864.0,36,ASK,SHORT,1.0
MDB,2026-07-02 13:35:08.822699+00:00,PUT,362.5,2026-07-02,134810,122,122,7,353.13,REPEATEDHITS,True,False,False,134810,0,29061663864.0,0,ASK,SHORT,1.0
MDB,2026-07-01 19:34:12.497635+00:00,CALL,600.0,2026-11-20,24395,18,20,3,360.55,REPEATEDHITS,False,False,False,1355,23040,29061663864.0,142,BID,SHORT,0.5
MDB,2026-07-01 15:49:15.780115+00:00,CALL,430.0,2026-08-21,369173,293,296,146,357.09,REPEATEDHITSDESCENDINGFILL,False,False,False,369173,0,29061663864.0,51,ASK,LONG,1.0
MDB,2026-07-01 15:48:43.945758+00:00,CALL,390.0,2026-07-24,15575,14,14,9,357.355,REPEATEDHITSDESCENDINGFILL,True,False,False,13375,2200,29061663864.0,23,ASK,LONG,1.0
MDB,2026-07-01 15:39:43.818202+00:00,CALL,375.0,2026-07-24,174095,110,143,28,357.3,REPEATEDHITSDESCENDINGFILL,False,False,False,83990,90105,29061663864.0,23,BID,SHORT,0.5
MDB,2026-07-01 15:17:14.784171+00:00,PUT,340.0,2026-07-02,30016,268,933,3,358.0,REPEATEDHITS,False,False,False,0,30016,29061663864.0,1,BID,LONG,0.5
MDB,2026-07-01 15:15:45.864448+00:00,PUT,360.0,2026-07-24,444635,174,177,34,354.5865,REPEATEDHITSASCENDINGFILL,True,False,False,2615,442020,29061663864.0,23,BID,LONG,0.5
MDB,2026-07-01 15:14:16.537843+00:00,CALL,375.0,2026-07-24,45370,29,33,28,355.545,REPEATEDHITS,True,False,False,6245,37560,29061663864.0,23,BID,SHORT,0.5
MDB,2026-07-01 15:14:16.332904+00:00,CALL,360.0,2026-07-24,305355,141,145,20,355.425,REPEATEDHITS,False,False,False,190875,114480,29061663864.0,23,ASK,LONG,1.0
MDB,2026-07-01 15:14:13.526807+00:00,PUT,355.0,2026-07-17,38845,21,117,0,355.425,REPEATEDHITSDESCENDINGFILL,True,False,False,12980,25865,29061663864.0,16,BID,LONG,0.5
MDB,2026-07-01 14:38:39.285338+00:00,PUT,355.0,2026-07-17,174170,90,92,0,353.67,REPEATEDHITS,True,False,False,66740,101730,29061663864.0,16,BID,LONG,0.5
MDB,2026-07-01 14:00:55.852385+00:00,CALL,400.0,2026-08-21,839739,434,435,303,352.69,REPEATEDHITSDESCENDINGFILL,False,False,False,818489,13510,29061663864.0,51,ASK,LONG,1.0
MDB,2026-07-01 13:58:13.961696+00:00,CALL,370.0,2026-07-10,24795,31,81,14,352.03,REPEATEDHITS,False,False,False,24795,0,29061663864.0,9,ASK,LONG,1.0
MDB,2026-07-01 13:46:09.095644+00:00,CALL,347.5,2026-07-02,27270,46,53,22,346.5,REPEATEDHITS,True,False,False,13585,13685,29061663864.0,1,BID,SHORT,0.5
MDB,2026-06-30 14:20:08.661218+00:00,CALL,332.5,2026-07-02,104000,100,100,28,337.2,REPEATEDHITS,False,False,False,0,104000,29061663864.0,2,BID,SHORT,0.5
MDB,2026-06-29 19:54:32.617305+00:00,CALL,340.0,2026-07-24,76160,34,44,9,337.41,REPEATEDHITS,True,False,False,73920,2240,29061663864.0,25,ASK,LONG,1.0
MDB,2026-06-29 15:32:13.538691+00:00,CALL,430.0,2026-08-07,13003,26,35,0,330.95,REPEATEDHITSDESCENDINGFILL,False,False,False,7650,5353,29061663864.0,39,ASK,LONG,1.0
MDB,2026-06-29 15:11:48.703159+00:00,CALL,440.0,2026-07-31,22426,76,76,14,331.92,REPEATEDHITSASCENDINGFILL,True,False,False,13269,8847,29061663864.0,32,ASK,LONG,1.0
MDB,2026-06-29 14:29:08.701279+00:00,PUT,332.5,2026-07-17,39495,22,22,1,333.345,REPEATEDHITS,True,False,False,0,39495,29061663864.0,18,BID,LONG,0.5
METC,2026-07-07 19:46:29.633842+00:00,CALL,12.0,2026-08-21,157420,926,10143,8,11.88,REPEATEDHITS,False,False,False,157420,0,654267073.0,45,ASK,LONG,1.0
METC,2026-07-07 19:42:59.353348+00:00,CALL,12.0,2026-08-21,300320,1877,8019,8,11.71,REPEATEDHITS,False,False,False,300320,0,654267073.0,45,ASK,LONG,1.0
METC,2026-07-07 19:42:54.744161+00:00,CALL,12.0,2026-08-21,15960,103,6122,8,11.71,REPEATEDHITS,False,False,False,15960,0,654267073.0,45,ASK,LONG,1.0
METC,2026-07-07 19:33:07.105782+00:00,CALL,12.0,2026-08-21,24750,150,5907,8,11.875,REPEATEDHITS,False,False,False,24750,0,654267073.0,45,ASK,LONG,1.0
METC,2026-07-07 19:19:49.016892+00:00,CALL,12.0,2026-08-21,13200,80,5544,8,11.88,REPEATEDHITS,False,False,False,13200,0,654267073.0,45,ASK,LONG,1.0
METC,2026-07-07 19:05:15.118915+00:00,CALL,12.0,2026-08-21,16160,101,5217,8,11.85,REPEATEDHITS,False,False,False,0,16160,654267073.0,45,BID,SHORT,0.5
METC,2026-07-07 19:00:30.225807+00:00,CALL,12.0,2026-08-21,42240,256,5116,8,11.93,REPEATEDHITS,False,False,False,0,42240,654267073.0,45,BID,SHORT,0.5
METC,2026-07-07 18:32:58.148158+00:00,CALL,12.0,2026-08-21,13365,81,4326,8,11.94,REPEATEDHITS,False,False,False,0,13200,654267073.0,45,BID,SHORT,0.5
METC,2026-07-07 18:26:17.965698+00:00,CALL,12.0,2026-08-21,29920,176,4244,8,12.0,REPEATEDHITS,False,False,False,29920,0,654267073.0,45,ASK,LONG,1.0
METC,2026-07-07 18:03:34.781319+00:00,CALL,12.0,2026-08-21,12870,78,3617,8,11.94,REPEATEDHITS,False,False,False,0,12705,654267073.0,45,BID,SHORT,0.5
METC,2026-07-07 17:59:00.065119+00:00,CALL,12.0,2026-08-21,14855,90,3493,8,11.94,REPEATEDHITS,False,False,False,14690,0,654267073.0,45,ASK,LONG,1.0
METC,2026-07-07 17:53:54.767761+00:00,CALL,12.0,2026-08-21,15180,92,3369,8,11.96,REPEATEDHITS,False,False,False,0,15015,654267073.0,45,BID,SHORT,0.5
METC,2026-07-07 17:44:06.942843+00:00,CALL,12.0,2026-08-21,10370,61,2911,8,12.04,REPEATEDHITS,True,False,False,0,5780,654267073.0,45,BID,SHORT,0.5
METC,2026-07-07 17:39:47.863145+00:00,CALL,12.0,2026-08-21,16665,101,2846,8,12.0,REPEATEDHITS,False,False,False,16335,165,654267073.0,45,ASK,LONG,1.0
METC,2026-07-07 17:37:01.502419+00:00,CALL,12.0,2026-08-21,49335,299,2733,8,11.91,REPEATEDHITS,False,False,False,49335,0,654267073.0,45,ASK,LONG,1.0
METC,2026-07-07 17:05:10.438481+00:00,CALL,12.0,2026-08-21,24285,150,1887,8,11.84,REPEATEDHITSASCENDINGFILL,False,False,False,21245,0,654267073.0,45,ASK,LONG,1.0
METC,2026-07-07 16:41:49.222603+00:00,CALL,12.0,2026-08-21,13795,89,1436,8,11.75,REPEATEDHITS,True,False,False,0,13640,654267073.0,45,BID,SHORT,0.5
METC,2026-07-07 15:44:26.142822+00:00,CALL,12.0,2026-08-21,17400,120,182,8,11.47,REPEATEDHITS,False,False,False,17400,0,654267073.0,45,ASK,LONG,1.0
METC,2026-07-06 17:55:21.884697+00:00,PUT,12.0,2026-08-21,17415,129,143,112,12.49,REPEATEDHITS,False,False,False,17415,0,654267073.0,46,ASK,SHORT,1.0
METC,2026-06-30 19:50:57.538050+00:00,CALL,12.0,2026-07-17,44975,257,16888,139,13.17,REPEATEDHITS,False,False,False,350,44625,654267073.0,17,BID,SHORT,0.5
METC,2026-06-30 19:43:16.724311+00:00,CALL,12.0,2026-07-17,26075,149,16145,139,13.18,REPEATEDHITS,False,False,False,0,25725,654267073.0,17,BID,SHORT,0.5
METC,2026-06-30 19:31:10.865619+00:00,CALL,12.0,2026-07-17,25500,150,15621,139,13.125,REPEATEDHITS,False,False,False,0,25500,654267073.0,17,BID,SHORT,0.5
METC,2026-06-30 18:53:31.764233+00:00,CALL,12.0,2026-07-17,49000,280,13779,139,13.2,REPEATEDHITS,False,False,False,0,48825,654267073.0,17,BID,SHORT,0.5
METC,2026-06-30 18:51:20.817665+00:00,CALL,12.0,2026-07-17,51275,293,13351,139,13.18,REPEATEDHITS,False,False,False,51275,0,654267073.0,17,ASK,LONG,1.0
METC,2026-06-30 18:25:21.924331+00:00,CALL,12.0,2026-07-17,28050,165,12025,139,13.1,REPEATEDHITS,False,False,False,0,27880,654267073.0,17,BID,SHORT,0.5
METC,2026-06-30 17:58:33.157334+00:00,CALL,12.0,2026-07-17,24750,150,11026,139,13.03,REPEATEDHITS,False,False,False,0,24750,654267073.0,17,BID,SHORT,0.5
METC,2026-06-30 17:49:38.983444+00:00,CALL,12.0,2026-07-17,60520,356,10679,139,13.11,REPEATEDHITS,False,False,False,0,60350,654267073.0,17,BID,SHORT,0.5
METC,2026-06-30 17:37:32.346165+00:00,CALL,12.0,2026-07-17,25330,149,10104,139,13.11,REPEATEDHITS,False,False,False,0,25330,654267073.0,17,BID,SHORT,0.5
METC,2026-06-30 17:28:25.867774+00:00,CALL,12.0,2026-07-17,24675,141,9651,139,13.18,REPEATEDHITS,False,False,False,0,24675,654267073.0,17,BID,SHORT,0.5
METC,2026-06-30 17:17:09.689640+00:00,CALL,19.0,2027-01-15,122470,662,663,73,13.18,REPEATEDHITS,False,False,False,122470,0,654267073.0,199,ASK,LONG,1.0
METC,2026-06-30 17:09:41.134609+00:00,CALL,12.0,2026-07-17,35875,205,8819,139,13.165,REPEATEDHITS,False,False,False,13825,175,654267073.0,17,ASK,LONG,1.0
METC,2026-06-30 17:08:49.860607+00:00,CALL,12.0,2026-07-17,42498,250,8568,139,13.09,REPEATEDHITSDESCENDINGFILL,False,False,False,42498,0,654267073.0,17,ASK,LONG,1.0
METC,2026-06-30 17:07:25.574955+00:00,CALL,12.0,2026-07-17,39600,240,8218,139,13.06,REPEATEDHITS,True,False,False,39435,0,654267073.0,17,ASK,LONG,1.0
METC,2026-06-30 16:43:34.917001+00:00,CALL,12.0,2026-07-17,36480,228,7006,139,12.98,REPEATEDHITS,False,False,False,0,17440,654267073.0,17,BID,SHORT,0.5
METC,2026-06-30 16:32:22.530443+00:00,CALL,12.0,2026-07-17,24160,151,6307,139,12.99,REPEATEDHITS,False,False,False,0,24000,654267073.0,17,BID,SHORT,0.5
METC,2026-06-30 16:16:30.116618+00:00,CALL,12.0,2026-07-17,37440,234,5247,139,12.97,REPEATEDHITS,False,False,False,35040,0,654267073.0,17,ASK,LONG,1.0
METC,2026-06-30 16:15:54.462264+00:00,CALL,12.0,2026-07-17,27745,179,5013,139,12.9,REPEATEDHITS,False,False,False,0,27745,654267073.0,17,BID,SHORT,0.5
METC,2026-06-30 15:38:18.311092+00:00,CALL,12.0,2026-07-17,22695,150,3390,139,12.81,REPEATEDHITSASCENDINGFILL,False,False,False,22545,0,654267073.0,17,ASK,LONG,1.0
METC,2026-06-30 15:06:15.055387+00:00,CALL,12.0,2026-07-17,67178,448,3085,139,12.75,REPEATEDHITSDESCENDINGFILL,False,False,False,67178,0,654267073.0,17,ASK,LONG,1.0
METC,2026-06-30 14:52:42.450106+00:00,CALL,12.0,2026-07-17,80000,500,2616,139,12.875,REPEATEDHITS,False,False,False,80000,0,654267073.0,17,ASK,LONG,1.0
METC,2026-06-30 14:35:03.649961+00:00,CALL,12.0,2026-07-17,82500,500,2106,139,13.005,REPEATEDHITS,False,False,False,82500,0,654267073.0,17,ASK,LONG,1.0
METC,2026-06-30 14:11:47.208380+00:00,CALL,12.0,2026-07-17,24255,147,1369,139,13.035,REPEATEDHITS,False,False,False,24255,0,654267073.0,17,ASK,LONG,1.0
METC,2026-06-30 14:11:01.106499+00:00,CALL,12.0,2026-07-17,29205,177,1194,139,12.96,REPEATEDHITS,False,False,False,29205,0,654267073.0,17,ASK,LONG,1.0
METC,2026-06-30 14:03:24.305806+00:00,CALL,12.0,2026-07-17,76570,494,1003,139,12.78,REPEATEDHITS,False,False,False,76570,0,654267073.0,17,ASK,LONG,1.0
METC,2026-06-30 13:46:33.855905+00:00,CALL,12.0,2026-07-17,43555,281,378,139,12.81,REPEATEDHITS,False,False,False,43555,0,654267073.0,17,ASK,LONG,1.0
METC,2026-06-26 15:29:28.934376+00:00,PUT,12.0,2026-07-17,32974,500,803,378,12.69,REPEATEDHITSASCENDINGFILL,True,False,False,0,32974,654267073.0,21,BID,LONG,0.5
METC,2026-06-23 15:42:08.425547+00:00,CALL,14.0,2026-07-17,68590,807,10538,470,12.9,REPEATEDHITS,False,False,False,68590,0,654267073.0,24,ASK,LONG,1.0
METC,2026-06-23 15:40:30.900407+00:00,CALL,14.0,2026-07-17,80000,1000,9546,470,12.7903,REPEATEDHITS,False,False,False,80000,0,654267073.0,24,ASK,LONG,1.0
METC,2026-06-23 15:38:29.708915+00:00,CALL,14.0,2026-07-17,64425,859,8171,470,12.65,REPEATEDHITS,False,False,False,64425,0,654267073.0,24,ASK,LONG,1.0
METC,2026-06-23 15:36:14.362450+00:00,CALL,14.0,2026-07-17,69701,996,7117,470,12.6,REPEATEDHITSDESCENDINGFILL,False,False,False,69701,0,654267073.0,24,ASK,LONG,1.0
MRNA,2026-07-08 14:38:09.640510+00:00,CALL,95.0,2026-10-16,29205,33,36,21,74.94,REPEATEDHITS,False,False,False,16815,0,31651639880.0,100,ASK,LONG,1.0
MRNA,2026-07-07 14:17:31.553205+00:00,CALL,110.0,2027-01-15,19455,16,16,0,78.645,REPEATEDHITS,False,False,False,1230,18225,31651639880.0,192,BID,SHORT,0.5
MRNA,2026-07-07 14:02:32.013987+00:00,PUT,72.0,2026-07-17,14431,62,70,54,78.33,REPEATEDHITSASCENDINGFILL,True,False,False,7985,6446,31651639880.0,10,ASK,SHORT,1.0
MRNA,2026-07-06 17:47:37.924188+00:00,CALL,100.0,2026-11-20,471540,348,381,34,81.49,REPEATEDHITS,True,False,False,471540,0,31651639880.0,137,ASK,LONG,1.0
MRNA,2026-07-06 17:43:39.607500+00:00,PUT,80.0,2026-10-16,36240,24,28,11,81.42,REPEATEDHITS,False,False,False,0,36240,31651639880.0,102,BID,LONG,0.5
MRNA,2026-07-06 17:43:31.396747+00:00,PUT,75.0,2026-12-18,1009613,639,642,137,81.455,REPEATEDHITSDESCENDINGFILL,True,False,False,1009613,0,31651639880.0,165,ASK,SHORT,1.0
MRNA,2026-07-06 16:05:23.135189+00:00,PUT,85.0,2026-08-21,832650,691,744,536,85.4001,REPEATEDHITS,True,False,False,831450,1200,31651639880.0,46,ASK,SHORT,1.0
MRNA,2026-07-06 15:27:57.971950+00:00,CALL,100.0,2026-07-31,56350,161,216,76,83.555,REPEATEDHITS,False,False,False,56350,0,31651639880.0,25,ASK,LONG,1.0
MRNA,2026-07-06 15:13:16.996217+00:00,CALL,95.0,2026-12-18,1691000,1000,1000,470,82.7,FLOORTRADELARGECAP,False,True,True,0,1691000,31651639880.0,165,BID,SHORT,0.5
MRNA,2026-07-02 19:37:21.732850+00:00,PUT,73.0,2026-07-10,15600,100,249,97,79.12,REPEATEDHITS,True,False,False,15600,0,31651639880.0,8,ASK,SHORT,1.0
MRNA,2026-07-02 17:56:19.553251+00:00,PUT,81.0,2026-08-14,11850,10,10,0,78.49,REPEATEDHITS,False,False,False,9480,2370,31651639880.0,43,ASK,SHORT,1.0
MRNA,2026-07-02 17:45:27.344649+00:00,PUT,85.0,2026-07-24,27820,26,26,0,78.7,REPEATEDHITS,False,False,False,27820,0,31651639880.0,22,ASK,SHORT,1.0
MRNA,2026-07-02 17:38:31.469856+00:00,PUT,76.0,2026-07-10,15962,60,322,5,78.69,REPEATEDHITSDESCENDINGFILL,True,False,False,15962,0,31651639880.0,8,ASK,SHORT,1.0
MRNA,2026-07-02 17:34:54.365725+00:00,PUT,75.0,2026-07-17,29260,76,316,48,78.43,REPEATEDHITS,False,False,False,29260,0,31651639880.0,15,ASK,SHORT,1.0
MRNA,2026-07-02 17:13:02.266069+00:00,PUT,75.0,2026-09-18,30550,26,153,25,77.4799,REPEATEDHITS,True,False,False,0,30550,31651639880.0,78,BID,LONG,0.5
MRNA,2026-07-02 16:17:14.098162+00:00,PUT,80.0,2026-07-10,29190,59,185,0,78.435,REPEATEDHITS,False,False,False,28710,480,31651639880.0,8,ASK,SHORT,1.0
MRNA,2026-07-02 16:15:20.193103+00:00,PUT,83.0,2026-07-10,10720,16,29,0,78.895,REPEATEDHITS,False,False,False,10720,0,31651639880.0,8,ASK,SHORT,1.0
MRNA,2026-07-02 14:54:46.981061+00:00,PUT,80.0,2026-09-18,44250,30,94,20,77.6366,REPEATEDHITS,True,False,False,0,44250,31651639880.0,78,BID,LONG,0.5
MRNA,2026-07-02 14:32:09.400685+00:00,PUT,84.0,2026-07-10,11915,16,65,0,78.825,REPEATEDHITS,False,False,False,11175,740,31651639880.0,8,ASK,SHORT,1.0
MRNA,2026-07-02 14:32:09.400685+00:00,PUT,81.0,2026-07-10,24530,45,475,0,78.51,REPEATEDHITS,True,False,False,23975,555,31651639880.0,8,ASK,SHORT,1.0
MRNA,2026-07-02 14:31:42.549636+00:00,PUT,84.0,2026-07-10,15535,21,49,0,78.865,REPEATEDHITS,False,False,False,14060,1475,31651639880.0,8,ASK,SHORT,1.0
MRNA,2026-07-02 14:30:03.709569+00:00,PUT,84.0,2026-07-10,17365,23,26,0,78.63,REPEATEDHITS,True,False,False,17365,0,31651639880.0,8,ASK,SHORT,1.0
MRNA,2026-07-02 14:21:28.759991+00:00,PUT,81.0,2026-07-10,33340,58,386,0,78.22,REPEATEDHITSDESCENDINGFILL,True,False,False,18000,15340,31651639880.0,8,ASK,SHORT,1.0
MRNA,2026-07-02 14:10:51.409621+00:00,PUT,81.0,2026-07-10,46590,94,289,0,79.83,REPEATEDHITSDESCENDINGFILL,False,False,False,26500,20090,31651639880.0,8,ASK,SHORT,1.0
MRNA,2026-07-02 14:10:51.409621+00:00,PUT,82.0,2026-07-10,16790,30,60,0,79.97,REPEATEDHITS,True,False,False,15680,0,31651639880.0,8,ASK,SHORT,1.0
MRNA,2026-07-02 14:07:56.909849+00:00,PUT,81.0,2026-07-10,35905,80,170,0,80.715,REPEATEDHITSDESCENDINGFILL,True,False,False,18000,17905,31651639880.0,8,ASK,SHORT,1.0
MRNA,2026-07-02 14:02:20.642742+00:00,PUT,80.0,2026-07-10,24160,59,84,0,80.53,REPEATEDHITSDESCENDINGFILL,True,False,False,23755,405,31651639880.0,8,ASK,SHORT,1.0
MRNA,2026-07-02 14:01:42.789168+00:00,PUT,85.0,2026-08-21,732160,512,512,18,80.37,REPEATEDHITS,False,False,False,732160,0,31651639880.0,50,ASK,SHORT,1.0
MRNA,2026-07-01 19:40:59.447876+00:00,CALL,69.0,2026-07-10,19110,39,53,37,71.67,REPEATEDHITS,False,False,False,0,19110,31651639880.0,9,BID,SHORT,0.5
MRNA,2026-07-01 17:55:17.438827+00:00,PUT,69.0,2026-07-17,11960,40,234,10,73.255,REPEATEDHITS,False,False,False,7176,4784,31651639880.0,16,ASK,SHORT,1.0
MRNA,2026-07-01 17:54:27.997506+00:00,PUT,69.0,2026-07-17,17940,60,194,10,73.27,REPEATEDHITS,False,False,False,17940,0,31651639880.0,16,ASK,SHORT,1.0
MRNA,2026-07-01 15:36:42.016383+00:00,CALL,81.0,2026-07-10,11625,93,94,6,72.77,REPEATEDHITS,False,False,False,0,11375,31651639880.0,9,BID,SHORT,0.5
MRNA,2026-07-01 14:18:12.351732+00:00,PUT,69.0,2026-07-10,10035,58,92,45,73.7178,REPEATEDHITS,True,False,False,0,10035,31651639880.0,9,BID,LONG,0.5
MRNA,2026-06-30 17:07:30.781633+00:00,CALL,100.0,2026-08-21,84776,278,1384,23,72.29,REPEATEDHITSDESCENDINGFILL,False,False,False,84776,0,31651639880.0,52,ASK,LONG,1.0
MRNA,2026-06-30 14:30:19.970634+00:00,PUT,71.0,2026-07-02,12156,76,79,12,72.5,REPEATEDHITSASCENDINGFILL,False,False,False,0,12156,31651639880.0,2,BID,LONG,0.5
MRNA,2026-06-30 13:31:44.911337+00:00,PUT,77.0,2026-07-10,36525,46,56,7,70.8,REPEATEDHITSASCENDINGFILL,True,False,False,7110,29415,31651639880.0,10,BID,LONG,0.5
MRNA,2026-06-30 13:30:58.336467+00:00,PUT,73.0,2026-07-10,16585,31,31,2,70.48,REPEATEDHITS,False,False,False,0,16585,31651639880.0,10,BID,LONG,0.5
MRNA,2026-06-30 13:30:58.336467+00:00,PUT,72.0,2026-07-10,16150,34,34,12,70.48,REPEATEDHITS,False,False,False,0,16150,31651639880.0,10,BID,LONG,0.5
MRNA,2026-06-29 17:40:25.915087+00:00,PUT,65.0,2026-09-18,346255,357,719,162,68.26,REPEATEDHITSDESCENDINGFILL,False,False,False,346255,0,31651639880.0,81,ASK,SHORT,1.0
MRNA,2026-06-29 17:40:18.505831+00:00,PUT,65.0,2026-09-18,161500,170,239,162,68.285,REPEATEDHITS,False,False,False,0,161500,31651639880.0,81,BID,LONG,0.5
MRNA,2026-06-29 15:43:22.470123+00:00,CALL,71.0,2026-07-17,13035,33,266,30,67.78,REPEATEDHITS,True,False,False,0,13035,31651639880.0,18,BID,SHORT,0.5
MRNA,2026-06-29 15:43:15.661483+00:00,CALL,71.0,2026-07-17,14000,35,233,30,67.885,REPEATEDHITS,True,False,False,0,14000,31651639880.0,18,BID,SHORT,0.5
MRNA,2026-06-29 15:32:41.579090+00:00,PUT,60.0,2026-07-10,18274,172,310,88,68.27,REPEATEDHITSDESCENDINGFILL,False,False,False,0,18274,31651639880.0,11,BID,LONG,0.5
MRNA,2026-06-29 14:21:02.794749+00:00,PUT,30.0,2028-12-15,16030,33,33,32,68.5,REPEATEDHITSDESCENDINGFILL,False,False,False,15060,970,31651639880.0,900,ASK,SHORT,1.0
MRNA,2026-06-29 14:14:10.263968+00:00,CALL,71.0,2026-07-17,27825,70,166,30,67.87,REPEATEDHITSDESCENDINGFILL,False,False,False,0,2380,31651639880.0,18,BID,SHORT,0.5
MRNA,2026-06-29 14:13:30.775831+00:00,CALL,71.0,2026-07-17,12400,31,31,30,67.95,REPEATEDHITS,False,False,False,0,12400,31651639880.0,18,BID,SHORT,0.5
MRNA,2026-06-29 14:13:30.775831+00:00,CALL,71.0,2026-07-17,20145,51,82,30,67.85,REPEATEDHITS,False,False,False,0,20145,31651639880.0,18,BID,SHORT,0.5
MRNA,2026-06-29 13:51:35.854745+00:00,CALL,68.0,2026-07-10,34860,84,252,43,68.2545,REPEATEDHITS,False,False,False,34860,0,31651639880.0,11,ASK,LONG,1.0
MRNA,2026-06-26 16:53:33.167414+00:00,CALL,69.0,2026-08-07,33915,48,529,0,66.67,REPEATEDHITSDESCENDINGFILL,True,False,False,3560,30355,31651639880.0,42,BID,SHORT,0.5
MRNA,2026-06-26 16:13:37.939655+00:00,CALL,68.0,2026-06-26,23206,541,3972,363,66.9,REPEATEDHITSDESCENDINGFILL,False,False,False,23124,82,31651639880.0,0,ASK,LONG,1.0
MSFT,2026-07-08 15:02:36.495479+00:00,CALL,377.5,2026-07-08,135300,246,291,148,382.77,REPEATEDHITS,False,False,False,75900,59400,2888472550303.0,0,ASK,LONG,1.0
MSFT,2026-07-08 14:38:17.054539+00:00,CALL,380.0,2026-07-08,427014,1314,2668,675,382.48,REPEATEDHITSDESCENDINGFILL,False,False,False,427014,0,2888472550303.0,0,ASK,LONG,1.0
MSFT,2026-07-07 19:40:37.519918+00:00,CALL,397.5,2026-07-10,302670,1121,4042,822,389.74,REPEATEDHITS,False,False,False,302670,0,2888472550303.0,3,ASK,LONG,1.0
MSFT,2026-07-07 19:09:44.914383+00:00,PUT,390.0,2026-07-08,160740,564,10491,285,390.45,REPEATEDHITS,False,False,False,0,160740,2888472550303.0,1,BID,LONG,0.5
MSFT,2026-07-07 17:57:33.797800+00:00,PUT,392.5,2026-07-08,260481,814,5940,81,392.58,REPEATEDHITS,False,False,False,0,260481,2888472550303.0,1,BID,LONG,0.5
MSFT,2026-07-07 15:55:52.239237+00:00,CALL,390.0,2026-07-13,2449023,2815,3106,423,393.02,REPEATEDHITS,False,False,False,2448153,870,2888472550303.0,6,ASK,LONG,1.0
MSFT,2026-07-07 15:28:55.734372+00:00,PUT,382.5,2026-07-10,173760,905,1288,877,393.48,REPEATEDHITS,False,False,False,0,173568,2888472550303.0,3,BID,LONG,0.5
MSFT,2026-07-07 14:56:29.729197+00:00,PUT,397.5,2026-07-13,195895,203,225,1,392.45,REPEATEDHITS,False,False,False,0,195895,2888472550303.0,6,BID,LONG,0.5
MSFT,2026-07-07 14:37:23.103064+00:00,PUT,392.5,2026-07-13,165060,262,267,4,393.6,REPEATEDHITS,False,False,False,165060,0,2888472550303.0,6,ASK,SHORT,1.0
MSFT,2026-07-07 13:54:18.689121+00:00,CALL,395.0,2026-07-13,117180,186,381,170,393.31,REPEATEDHITS,False,False,False,11970,95130,2888472550303.0,6,BID,SHORT,0.5
MSFT,2026-07-07 13:37:55.283670+00:00,PUT,390.0,2026-07-08,123574,451,795,285,392.84,REPEATEDHITS,False,False,False,0,123574,2888472550303.0,1,BID,LONG,0.5
MSFT,2026-07-06 14:42:42.122054+00:00,PUT,382.5,2026-07-06,162402,1729,12303,516,383.985,REPEATEDHITSDESCENDINGFILL,False,False,False,0,162312,2888472550303.0,0,BID,LONG,0.5
MSFT,2026-07-06 14:01:36.409333+00:00,PUT,380.0,2026-07-08,184800,700,1162,347,385.085,REPEATEDHITS,False,False,False,0,184800,2888472550303.0,2,BID,LONG,0.5
MSFT,2026-07-02 19:55:43.936242+00:00,CALL,397.5,2026-07-08,348367,935,1228,96,390.68,REPEATEDHITSASCENDINGFILL,False,False,False,348367,0,2888472550303.0,6,ASK,LONG,1.0
MSFT,2026-07-02 19:06:56.109897+00:00,CALL,352.5,2026-07-02,2301646,600,690,381,390.82,REPEATEDHITSDESCENDINGFILL,True,False,False,533711,1767935,2888472550303.0,0,BID,SHORT,0.5
MSFT,2026-07-02 17:51:41.999575+00:00,CALL,465.0,2026-09-18,146496,202,257,38,390.5541,REPEATEDHITS,True,False,False,0,146496,2888472550303.0,78,BID,SHORT,0.5
MSFT,2026-07-02 16:28:38.579885+00:00,PUT,392.5,2026-07-02,131984,452,1220,187,390.38,REPEATEDHITS,False,False,False,131984,0,2888472550303.0,0,ASK,SHORT,1.0
MSFT,2026-07-02 16:16:28.663990+00:00,CALL,415.0,2026-08-14,128525,102,111,0,390.18,REPEATEDHITSDESCENDINGFILL,True,False,False,64520,64005,2888472550303.0,43,ASK,LONG,1.0
MSFT,2026-07-02 15:03:58.111800+00:00,PUT,392.5,2026-07-02,213692,541,681,187,389.2,REPEATEDHITSDESCENDINGFILL,False,False,False,213692,0,2888472550303.0,0,ASK,SHORT,1.0
MSFT,2026-07-02 14:46:03.007632+00:00,PUT,210.0,2028-01-21,192199,310,310,97,388.73,REPEATEDHITS,False,False,False,192199,0,2888472550303.0,568,ASK,SHORT,1.0
MSFT,2026-07-02 13:49:10.194727+00:00,CALL,375.0,2026-07-15,161170,96,96,20,386.45,REPEATEDHITSASCENDINGFILL,False,False,False,80785,80385,2888472550303.0,13,ASK,LONG,1.0
MSFT,2026-07-01 19:25:17.709438+00:00,PUT,405.0,2026-09-18,100105,27,280,20,385.55,REPEATEDHITSDESCENDINGFILL,False,False,False,55640,44465,2888472550303.0,79,ASK,SHORT,1.0
MSFT,2026-07-01 19:25:17.709438+00:00,PUT,405.0,2026-09-18,100305,27,334,20,385.475,REPEATEDHITS,True,False,False,100305,0,2888472550303.0,79,ASK,SHORT,1.0
MSFT,2026-07-01 19:23:54.213855+00:00,PUT,405.0,2026-09-18,233097,63,235,20,385.65,REPEATEDHITS,False,False,False,225700,7397,2888472550303.0,79,ASK,SHORT,1.0
MSFT,2026-07-01 19:23:54.213855+00:00,PUT,405.0,2026-09-18,296000,80,172,20,385.67,REPEATEDHITS,False,False,False,259000,37000,2888472550303.0,79,ASK,SHORT,1.0
MSFT,2026-07-01 19:12:37.212502+00:00,PUT,387.5,2026-07-01,109796,900,20425,20,386.75,REPEATEDHITS,True,False,False,11836,97960,2888472550303.0,0,BID,LONG,0.5
MSFT,2026-07-01 19:11:06.915274+00:00,PUT,387.5,2026-07-01,209162,1999,19378,20,387.08,REPEATEDHITSDESCENDINGFILL,False,False,False,0,209162,2888472550303.0,0,BID,LONG,0.5
MSFT,2026-07-01 16:24:26.927126+00:00,PUT,385.0,2026-07-01,158555,1669,15515,313,385.98,REPEATEDHITS,False,False,False,0,158555,2888472550303.0,0,BID,LONG,0.5
MSFT,2026-07-01 15:51:42.978321+00:00,PUT,387.5,2026-07-01,584654,1559,2548,20,384.1,REPEATEDHITS,False,False,False,0,584654,2888472550303.0,0,BID,LONG,0.5
MSFT,2026-07-01 15:37:31.086158+00:00,PUT,385.0,2026-07-01,175994,967,10733,313,384.78,REPEATEDHITS,False,False,False,0,175994,2888472550303.0,0,BID,LONG,0.5
MSFT,2026-07-01 14:42:16.620159+00:00,PUT,382.5,2026-07-01,115258,806,2331,120,383.89,REPEATEDHITS,False,False,False,115258,0,2888472550303.0,0,ASK,SHORT,1.0
MSFT,2026-07-01 14:28:04.827924+00:00,PUT,380.0,2026-07-01,102115,1042,4006,410,382.77,REPEATEDHITS,False,False,False,102115,0,2888472550303.0,0,ASK,SHORT,1.0
MSFT,2026-07-01 13:55:46.736305+00:00,PUT,405.0,2026-09-18,152550,36,36,20,376.98,REPEATEDHITSASCENDINGFILL,True,False,False,63615,88935,2888472550303.0,79,BID,LONG,0.5
MSFT,2026-07-01 13:53:20.915757+00:00,PUT,375.0,2026-07-01,175218,1102,4500,660,376.525,REPEATEDHITS,False,False,False,159,175059,2888472550303.0,0,BID,LONG,0.5
MSFT,2026-06-30 14:55:52.340949+00:00,CALL,345.0,2026-08-07,284780,80,80,9,369.44,REPEATEDHITSDESCENDINGFILL,False,False,False,142410,142370,2888472550303.0,38,ASK,LONG,1.0
MSFT,2026-06-29 18:59:16.561847+00:00,CALL,382.5,2026-07-10,298080,648,896,274,367.84,REPEATEDHITS,False,False,False,92920,0,2888472550303.0,11,ASK,LONG,1.0
MSFT,2026-06-29 15:18:36.075543+00:00,PUT,382.5,2026-07-06,113965,88,102,37,372.6727,REPEATEDHITS,True,False,False,12950,101015,2888472550303.0,7,BID,LONG,0.5
MSFT,2026-06-29 14:08:47.489880+00:00,PUT,375.0,2026-06-29,179193,1127,5648,1029,376.54,REPEATEDHITS,False,False,False,179193,0,2888472550303.0,0,ASK,SHORT,1.0
MSFT,2026-06-29 13:58:15.699405+00:00,PUT,395.0,2027-09-17,324360,53,53,21,378.59,REPEATEDHITSASCENDINGFILL,False,False,False,122500,201860,2888472550303.0,445,BID,LONG,0.5
MSFT,2026-06-26 19:59:50.751187+00:00,PUT,375.0,2026-06-26,129712,536,2256,231,373.085,REPEATEDHITS,True,False,False,0,0,2888472550303.0,0,MIXED,,0.0
MSFT,2026-06-26 19:57:09.054605+00:00,CALL,385.0,2026-07-01,345000,1000,11573,353,375.44,REPEATEDHITS,True,False,False,0,345000,2888472550303.0,5,BID,SHORT,0.5
MSFT,2026-06-26 19:54:40.737581+00:00,CALL,372.5,2026-07-10,559110,415,1461,180,376.32,REPEATEDHITSASCENDINGFILL,False,False,False,312630,246480,2888472550303.0,14,ASK,LONG,1.0
MSFT,2026-06-26 19:54:40.737581+00:00,CALL,372.5,2026-07-10,367019,277,695,180,376.1,REPEATEDHITSASCENDINGFILL,False,False,False,357814,9205,2888472550303.0,14,ASK,LONG,1.0
MSFT,2026-06-26 19:54:40.737581+00:00,CALL,372.5,2026-07-10,466950,351,1046,180,376.29,REPEATEDHITSASCENDINGFILL,True,False,False,445725,17250,2888472550303.0,14,ASK,LONG,1.0
MSFT,2026-06-26 19:47:15.752473+00:00,CALL,385.0,2026-07-01,260732,896,4868,353,373.68,REPEATEDHITSDESCENDINGFILL,True,False,False,213883,46849,2888472550303.0,5,ASK,LONG,1.0
MSFT,2026-06-26 19:46:33.673862+00:00,CALL,385.0,2026-07-01,275000,1000,1962,353,373.225,REPEATEDHITS,False,False,False,231000,44000,2888472550303.0,5,ASK,LONG,1.0
MSFT,2026-06-26 17:19:30.425075+00:00,PUT,372.5,2026-06-26,287945,847,5397,721,369.61,REPEATEDHITSDESCENDINGFILL,False,False,False,287945,0,2888472550303.0,0,ASK,SHORT,1.0
MSFT,2026-06-26 16:57:43.078839+00:00,PUT,372.5,2026-06-26,456580,1343,4278,721,369.7,REPEATEDHITSDESCENDINGFILL,False,False,False,456580,0,2888472550303.0,0,ASK,SHORT,1.0
MSFT,2026-06-26 15:35:31.481228+00:00,CALL,320.0,2027-09-17,883785,94,102,50,370.665,REPEATEDHITSDESCENDINGFILL,False,False,False,442185,441600,2888472550303.0,448,ASK,LONG,1.0
MSFT,2026-06-26 15:02:46.070236+00:00,CALL,405.0,2026-09-18,105920,69,96,29,369.86,REPEATEDHITS,True,False,False,0,105920,2888472550303.0,84,BID,SHORT,0.5
MSTR,2026-07-08 16:00:29.526224+00:00,PUT,84.0,2026-07-31,16505,33,36,32,93.5,REPEATEDHITS,False,False,False,10500,6005,32207430078.0,23,ASK,SHORT,1.0
MSTR,2026-07-08 14:00:36.262999+00:00,CALL,93.0,2026-07-17,1059840,1656,1763,245,93.64,REPEATEDHITS,False,False,False,0,1047680,32207430078.0,9,BID,SHORT,0.5
MSTR,2026-07-07 19:01:41.574354+00:00,PUT,89.0,2026-08-07,31485,46,48,5,97.505,REPEATEDHITSDESCENDINGFILL,True,False,False,17105,14380,32207430078.0,31,ASK,SHORT,1.0
MSTR,2026-07-07 18:33:20.968479+00:00,PUT,88.0,2026-08-14,42675,62,64,5,99.17,REPEATEDHITSDESCENDINGFILL,True,False,False,28290,14385,32207430078.0,38,ASK,SHORT,1.0
MSTR,2026-07-07 16:27:37.017737+00:00,PUT,60.0,2026-08-07,49082,506,707,446,101.38,REPEATEDHITS,False,False,False,0,48500,32207430078.0,31,BID,LONG,0.5
MSTR,2026-07-07 15:20:50.908992+00:00,PUT,106.0,2026-08-07,10360,7,15,0,99.085,REPEATEDHITS,False,False,False,10360,0,32207430078.0,31,ASK,SHORT,1.0
MSTR,2026-07-07 14:58:35.076623+00:00,CALL,106.0,2026-08-07,14360,17,17,8,99.42,REPEATEDHITS,False,False,False,13515,845,32207430078.0,31,ASK,LONG,1.0
MSTR,2026-07-07 14:15:34.043196+00:00,PUT,75.0,2026-08-14,35272,103,118,13,97.33,REPEATEDHITSASCENDINGFILL,False,False,False,17595,17677,32207430078.0,38,BID,LONG,0.5
MSTR,2026-07-07 13:58:49.981841+00:00,PUT,98.5,2026-07-10,54020,146,226,141,99.58,REPEATEDHITS,False,False,False,11470,42550,32207430078.0,3,BID,LONG,0.5
MSTR,2026-07-06 17:17:07.946797+00:00,CALL,109.0,2026-08-14,12265,11,16,2,104.09,REPEATEDHITS,True,False,False,11150,1115,32207430078.0,39,ASK,LONG,1.0
MSTR,2026-07-06 15:09:16.252383+00:00,CALL,109.0,2026-08-07,37070,44,45,27,101.18,REPEATEDHITSDESCENDINGFILL,True,False,False,19435,17635,32207430078.0,32,ASK,LONG,1.0
MSTR,2026-07-06 13:45:33.140345+00:00,PUT,73.0,2026-07-17,50310,645,645,218,98.86,REPEATEDHITS,False,False,False,8814,41496,32207430078.0,11,BID,LONG,0.5
MSTR,2026-07-06 13:44:27.581161+00:00,CALL,106.0,2026-08-14,17135,19,32,9,97.65,REPEATEDHITSASCENDINGFILL,False,False,False,6335,10800,32207430078.0,39,BID,SHORT,0.5
MSTR,2026-07-02 19:22:55.255379+00:00,PUT,99.0,2026-07-02,36320,1816,15184,522,99.975,REPEATEDHITS,True,False,False,0,36320,32207430078.0,0,BID,LONG,0.5
MSTR,2026-07-02 19:04:22.384863+00:00,PUT,30.0,2026-07-10,10000,2000,11884,972,100.78,REPEATEDHITS,False,False,False,10000,0,32207430078.0,8,ASK,SHORT,1.0
MSTR,2026-07-02 18:56:09.431819+00:00,PUT,30.0,2026-07-10,12308,3077,9862,972,101.19,REPEATEDHITS,False,False,False,12308,0,32207430078.0,8,ASK,SHORT,1.0
MSTR,2026-07-02 18:40:54.625090+00:00,PUT,101.0,2026-07-02,22561,425,12187,266,101.4,REPEATEDHITSDESCENDINGFILL,False,False,False,22561,0,32207430078.0,0,ASK,SHORT,1.0
MSTR,2026-07-02 16:13:39.897570+00:00,PUT,108.0,2026-07-24,857490,606,725,42,99.65,REPEATEDHITS,True,False,False,0,857490,32207430078.0,22,BID,LONG,0.5
MSTR,2026-07-02 16:05:29.712343+00:00,PUT,98.5,2026-07-17,18389,25,31,6,98.932,REPEATEDHITSDESCENDINGFILL,False,False,False,18389,0,32207430078.0,15,ASK,SHORT,1.0
MSTR,2026-07-02 16:03:54.009858+00:00,PUT,101.0,2026-07-02,127856,488,10256,266,98.7675,REPEATEDHITS,True,False,False,0,127856,32207430078.0,0,BID,LONG,0.5
MSTR,2026-07-02 15:50:12.761935+00:00,PUT,104.0,2026-08-07,25110,18,18,6,99.46,REPEATEDHITS,False,False,False,25110,0,32207430078.0,36,ASK,SHORT,1.0
MSTR,2026-07-02 15:50:07.555285+00:00,PUT,105.0,2026-08-07,23280,16,67,4,99.51,REPEATEDHITS,False,False,False,23280,0,32207430078.0,36,ASK,SHORT,1.0
MSTR,2026-07-02 15:49:31.309186+00:00,PUT,102.0,2026-08-07,20400,16,23,0,99.685,REPEATEDHITS,False,False,False,20400,0,32207430078.0,36,ASK,SHORT,1.0
MSTR,2026-07-02 15:31:42.595320+00:00,PUT,98.0,2026-07-17,33000,50,1814,21,100.04,REPEATEDHITS,False,False,False,6600,13860,32207430078.0,15,BID,LONG,0.5
MSTR,2026-07-02 15:31:42.595320+00:00,PUT,98.0,2026-07-17,33000,50,1864,21,100.065,REPEATEDHITS,False,False,False,0,13860,32207430078.0,15,BID,LONG,0.5
MSTR,2026-07-02 15:31:40.985886+00:00,PUT,98.0,2026-07-17,33000,50,1464,21,100.04,REPEATEDHITS,False,False,False,0,15840,32207430078.0,15,BID,LONG,0.5
MSTR,2026-07-02 15:31:40.985886+00:00,PUT,98.0,2026-07-17,33000,50,1564,21,100.04,REPEATEDHITS,False,False,False,6600,15180,32207430078.0,15,BID,LONG,0.5
MSTR,2026-07-02 15:31:40.985886+00:00,PUT,98.0,2026-07-17,33000,50,1614,21,100.04,REPEATEDHITS,False,False,False,0,11880,32207430078.0,15,BID,LONG,0.5
MSTR,2026-07-02 15:31:40.985886+00:00,PUT,98.0,2026-07-17,33000,50,1664,21,100.04,REPEATEDHITS,False,False,False,5280,15180,32207430078.0,15,BID,LONG,0.5
MSTR,2026-07-02 15:31:40.985886+00:00,PUT,98.0,2026-07-17,33000,50,1764,21,100.04,REPEATEDHITS,False,False,False,0,15180,32207430078.0,15,BID,LONG,0.5
MSTR,2026-07-02 15:31:40.985886+00:00,PUT,98.0,2026-07-17,33000,50,1514,21,100.04,REPEATEDHITS,False,False,False,7260,13860,32207430078.0,15,BID,LONG,0.5
MSTR,2026-07-02 15:31:40.985886+00:00,PUT,98.0,2026-07-17,33000,50,1714,21,100.04,REPEATEDHITS,False,False,False,6600,7260,32207430078.0,15,BID,LONG,0.5
MSTR,2026-07-02 15:31:38.781680+00:00,PUT,98.0,2026-07-17,33000,50,1364,21,100.04,REPEATEDHITS,False,False,False,0,5940,32207430078.0,15,BID,LONG,0.5
MSTR,2026-07-02 15:31:38.781680+00:00,PUT,98.0,2026-07-17,33000,50,1414,21,100.04,REPEATEDHITS,False,False,False,0,18480,32207430078.0,15,BID,LONG,0.5
MSTR,2026-07-02 15:31:36.574331+00:00,PUT,98.0,2026-07-17,33000,50,1264,21,100.015,REPEATEDHITS,False,False,False,0,15180,32207430078.0,15,BID,LONG,0.5
MSTR,2026-07-02 15:31:34.768424+00:00,PUT,98.0,2026-07-17,32750,50,1114,21,100.08,REPEATEDHITS,False,False,False,0,32750,32207430078.0,15,BID,LONG,0.5
MSTR,2026-07-02 15:31:34.768424+00:00,PUT,98.0,2026-07-17,33000,50,1164,21,100.015,REPEATEDHITS,False,False,False,0,20460,32207430078.0,15,BID,LONG,0.5
MSTR,2026-07-02 15:31:34.768424+00:00,PUT,98.0,2026-07-17,33000,50,1214,21,100.015,REPEATEDHITS,False,False,False,11220,21780,32207430078.0,15,BID,LONG,0.5
MSTR,2026-07-02 15:00:14.419790+00:00,PUT,98.0,2026-07-17,465000,775,1060,21,101.5501,REPEATEDHITS,True,False,False,0,465000,32207430078.0,15,BID,LONG,0.5
MSTR,2026-07-02 14:53:36.067257+00:00,PUT,55.0,2027-09-17,86445,69,74,25,100.45,REPEATEDHITSASCENDINGFILL,False,False,False,33910,52535,32207430078.0,442,BID,LONG,0.5
MSTR,2026-07-02 14:41:14.729880+00:00,PUT,101.0,2026-07-02,71440,500,6377,266,101.4691,REPEATEDHITS,True,False,False,71440,0,32207430078.0,0,ASK,SHORT,1.0
MSTR,2026-07-02 14:41:05.913137+00:00,PUT,101.0,2026-07-02,68174,500,5877,266,101.54,REPEATEDHITSDESCENDINGFILL,True,False,False,68174,0,32207430078.0,0,ASK,SHORT,1.0
MSTR,2026-07-02 14:41:02.907374+00:00,PUT,102.0,2026-07-02,38880,216,6992,137,101.62,REPEATEDHITS,True,False,False,38880,0,32207430078.0,0,ASK,SHORT,1.0
MSTR,2026-07-02 14:39:54.985013+00:00,PUT,102.0,2026-07-02,85434,500,6275,137,101.77,REPEATEDHITS,True,False,False,85434,0,32207430078.0,0,ASK,SHORT,1.0
MSTR,2026-07-02 14:31:36.741473+00:00,PUT,102.0,2026-07-02,175340,1000,5167,137,101.65,REPEATEDHITS,True,False,False,0,175340,32207430078.0,0,BID,LONG,0.5
MSTR,2026-07-02 14:16:55.144517+00:00,PUT,102.0,2026-07-02,49907,480,2858,137,103.53,REPEATEDHITSASCENDINGFILL,True,False,False,49907,0,32207430078.0,0,ASK,SHORT,1.0
MSTR,2026-07-02 14:16:49.335438+00:00,PUT,101.0,2026-07-02,34500,500,3274,266,103.67,REPEATEDHITS,True,False,False,34500,0,32207430078.0,0,ASK,SHORT,1.0
MSTR,2026-07-02 14:13:07.423190+00:00,PUT,102.0,2026-07-02,52420,500,2055,137,103.78,REPEATEDHITS,True,False,False,52420,0,32207430078.0,0,ASK,SHORT,1.0
MSTR,2026-07-02 13:57:00.572339+00:00,PUT,102.0,2026-07-17,243865,323,529,53,102.1799,REPEATEDHITS,False,False,False,0,243865,32207430078.0,15,BID,LONG,0.5
MSTR,2026-07-02 13:56:32.936723+00:00,PUT,102.0,2026-07-17,67500,90,205,53,102.265,REPEATEDHITS,False,False,False,0,67500,32207430078.0,15,BID,LONG,0.5
NBIS,2026-07-08 14:47:01.031561+00:00,PUT,133.0,2026-07-17,10836,86,87,0,205.16,REPEATEDHITS,False,False,False,10836,0,42837390527.0,9,ASK,SHORT,1.0
NBIS,2026-07-08 14:07:08.944866+00:00,PUT,152.5,2026-07-17,24600,82,158,46,203.5364,REPEATEDHITS,False,False,False,24600,0,42837390527.0,9,ASK,SHORT,1.0
NBIS,2026-07-08 14:03:02.543288+00:00,CALL,302.5,2026-07-24,12894,54,54,26,202.9,REPEATEDHITS,True,False,False,5214,7680,42837390527.0,16,BID,SHORT,0.5
NBIS,2026-07-08 13:41:38.415615+00:00,PUT,167.5,2026-07-17,12260,23,23,19,206.24,REPEATEDHITS,True,False,False,540,11720,42837390527.0,9,BID,LONG,0.5
NBIS,2026-07-08 13:30:21.134545+00:00,CALL,237.5,2026-07-17,84375,152,254,18,197.56,REPEATEDHITSDESCENDINGFILL,False,False,False,42695,41680,42837390527.0,9,ASK,LONG,1.0
NBIS,2026-07-08 13:30:18.521961+00:00,CALL,265.0,2026-07-24,62760,128,128,61,198.88,REPEATEDHITS,False,False,False,31485,31275,42837390527.0,16,ASK,LONG,1.0
NBIS,2026-07-07 19:57:48.989042+00:00,PUT,170.0,2026-08-14,89450,43,90,39,195.2,REPEATEDHITSASCENDINGFILL,True,False,False,6225,83225,42837390527.0,38,BID,LONG,0.5
NBIS,2026-07-07 18:44:09.327703+00:00,PUT,172.5,2026-07-17,20535,26,58,5,198.37,REPEATEDHITS,False,False,False,18955,1580,42837390527.0,10,ASK,SHORT,1.0
NBIS,2026-07-07 18:40:10.194951+00:00,CALL,260.0,2026-08-07,67280,55,65,43,198.99,REPEATEDHITS,True,False,False,1230,39320,42837390527.0,31,BID,SHORT,0.5
NBIS,2026-07-07 18:00:56.385540+00:00,CALL,182.5,2026-07-10,116560,47,50,31,204.55,REPEATEDHITS,False,False,False,0,116560,42837390527.0,3,BID,SHORT,0.5
NBIS,2026-07-07 18:00:56.385540+00:00,CALL,180.0,2026-07-10,292122,109,188,105,204.55,REPEATEDHITS,False,False,False,0,292122,42837390527.0,3,BID,SHORT,0.5
NBIS,2026-07-07 18:00:56.385540+00:00,CALL,177.5,2026-07-10,268770,93,145,82,204.55,REPEATEDHITS,False,False,False,0,268770,42837390527.0,3,BID,SHORT,0.5
NBIS,2026-07-07 15:06:02.712258+00:00,PUT,60.0,2026-08-21,25984,448,2657,231,201.2851,REPEATEDHITS,False,False,False,0,24824,42837390527.0,45,BID,LONG,0.5
NBIS,2026-07-07 15:00:31.097398+00:00,PUT,60.0,2026-08-21,63000,1050,1056,231,199.94,REPEATEDHITS,False,False,False,45060,0,42837390527.0,45,ASK,SHORT,1.0
NBIS,2026-07-07 14:40:29.981900+00:00,CALL,325.0,2026-07-31,41737,188,200,94,195.33,REPEATEDHITS,False,False,False,0,41737,42837390527.0,24,BID,SHORT,0.5
NBIS,2026-07-07 14:30:44.877403+00:00,PUT,192.5,2026-07-17,55554,35,72,10,196.685,REPEATEDHITSDESCENDINGFILL,True,False,False,27015,28539,42837390527.0,10,BID,LONG,0.5
NBIS,2026-07-07 13:55:46.251082+00:00,PUT,195.0,2026-08-14,34800,11,11,4,197.6011,REPEATEDHITS,True,False,False,31635,0,42837390527.0,38,ASK,SHORT,1.0
NBIS,2026-07-07 13:55:30.209001+00:00,PUT,192.5,2026-07-17,23875,16,34,10,199.18,REPEATEDHITSDESCENDINGFILL,True,False,False,19415,4460,42837390527.0,10,ASK,SHORT,1.0
NBIS,2026-07-07 13:54:48.747336+00:00,CALL,197.5,2026-07-17,49830,25,25,22,200.58,REPEATEDHITSDESCENDINGFILL,True,False,False,27945,21885,42837390527.0,10,ASK,LONG,1.0
NBIS,2026-07-07 13:48:13.173945+00:00,CALL,187.5,2026-07-10,196105,91,93,38,203.32,REPEATEDHITS,False,False,False,196105,0,42837390527.0,3,ASK,LONG,1.0
NBIS,2026-07-07 13:46:08.940172+00:00,CALL,205.0,2026-07-31,89200,32,38,19,205.58,REPEATEDHITSASCENDINGFILL,True,False,False,47430,41770,42837390527.0,24,ASK,LONG,1.0
NBIS,2026-07-07 13:46:08.940172+00:00,CALL,207.5,2026-07-31,53350,20,20,3,205.58,REPEATEDHITSASCENDINGFILL,True,False,False,13350,40000,42837390527.0,24,BID,SHORT,0.5
NBIS,2026-07-07 13:44:52.970118+00:00,PUT,192.5,2026-07-17,18725,15,16,10,206.2205,REPEATEDHITS,True,False,False,8725,10000,42837390527.0,10,BID,LONG,0.5
NBIS,2026-07-06 19:25:08.449173+00:00,CALL,222.5,2026-07-17,32110,19,416,0,214.68,REPEATEDHITS,False,False,False,11830,20280,42837390527.0,11,BID,SHORT,0.5
NBIS,2026-07-06 16:10:26.253403+00:00,CALL,217.5,2026-07-17,22160,10,613,0,220.27,REPEATEDHITSDESCENDINGFILL,True,False,False,11110,11050,42837390527.0,11,ASK,LONG,1.0
NBIS,2026-07-06 16:07:36.180708+00:00,CALL,220.0,2026-07-17,2076835,989,6773,939,220.11,REPEATEDHITSDESCENDINGFILL,False,False,False,2076835,0,42837390527.0,11,ASK,LONG,1.0
NBIS,2026-07-06 15:48:12.241178+00:00,CALL,207.5,2026-07-31,18805,5,5,1,222.29,REPEATEDHITSDESCENDINGFILL,True,False,False,11295,7510,42837390527.0,25,ASK,LONG,1.0
NBIS,2026-07-06 15:46:18.474278+00:00,PUT,202.5,2026-07-17,23400,19,367,0,221.605,REPEATEDHITSASCENDINGFILL,True,False,False,8645,14755,42837390527.0,11,BID,LONG,0.5
NBIS,2026-07-06 15:46:18.474278+00:00,PUT,207.5,2026-07-17,11280,8,216,0,221.605,REPEATEDHITS,True,False,False,9870,1410,42837390527.0,11,ASK,SHORT,1.0
NBIS,2026-07-06 15:46:18.474278+00:00,PUT,197.5,2026-07-17,84325,79,158,0,221.605,REPEATEDHITSASCENDINGFILL,True,False,False,40660,43665,42837390527.0,11,BID,LONG,0.5
NBIS,2026-07-06 15:46:08.664643+00:00,PUT,197.5,2026-07-17,56975,53,67,0,221.605,REPEATEDHITS,True,False,False,56975,0,42837390527.0,11,ASK,SHORT,1.0
NBIS,2026-07-06 14:40:49.377234+00:00,CALL,222.5,2026-07-17,10435,5,108,0,222.5,REPEATEDHITSDESCENDINGFILL,True,False,False,6270,4165,42837390527.0,11,ASK,LONG,1.0
NBIS,2026-07-06 14:40:46.169354+00:00,CALL,222.5,2026-07-31,352065,117,128,41,222.44,REPEATEDHITSASCENDINGFILL,True,False,False,11975,340090,42837390527.0,25,BID,SHORT,0.5
NBIS,2026-07-06 14:33:10.410310+00:00,CALL,227.5,2026-07-17,15365,8,914,0,224.155,REPEATEDHITSDESCENDINGFILL,True,False,False,13445,1920,42837390527.0,11,ASK,LONG,1.0
NBIS,2026-07-06 14:03:31.237307+00:00,CALL,222.5,2026-07-17,25725,14,20,0,218.385,REPEATEDHITSASCENDINGFILL,False,False,False,12880,12845,42837390527.0,11,ASK,LONG,1.0
NBIS,2026-07-06 14:02:56.982819+00:00,PUT,140.0,2026-07-10,100164,3061,3136,1573,218.4317,REPEATEDHITSDESCENDINGFILL,False,False,False,2382,97782,42837390527.0,4,BID,LONG,0.5
NBIS,2026-07-06 13:52:14.769312+00:00,CALL,232.5,2026-07-17,121462,88,103,0,216.64,REPEATEDHITSASCENDINGFILL,False,False,False,121462,0,42837390527.0,11,ASK,LONG,1.0
NBIS,2026-07-06 13:51:47.703036+00:00,PUT,217.5,2026-07-17,894874,443,510,0,217.47,REPEATEDHITSASCENDINGFILL,True,False,False,0,878714,42837390527.0,11,BID,LONG,0.5
NBIS,2026-07-06 13:43:46.083870+00:00,CALL,252.5,2026-07-17,20720,28,48,0,216.01,REPEATEDHITS,True,False,False,20720,0,42837390527.0,11,ASK,LONG,1.0
NBIS,2026-07-06 13:41:08.930366+00:00,CALL,287.5,2026-07-24,50650,100,102,18,216.5,REPEATEDHITSASCENDINGFILL,True,False,False,25475,25175,42837390527.0,18,ASK,LONG,1.0
NBIS,2026-07-02 19:59:06.690435+00:00,PUT,180.0,2026-07-10,1283445,2292,20680,1363,215.26,REPEATEDHITSDESCENDINGFILL,False,False,False,761575,518540,42837390527.0,8,ASK,SHORT,1.0
NBIS,2026-07-02 19:58:01.141472+00:00,PUT,180.0,2026-07-10,1091658,2002,15084,1363,214.95,REPEATEDHITSASCENDINGFILL,True,False,False,453158,292550,42837390527.0,8,ASK,SHORT,1.0
NBIS,2026-07-02 19:49:32.756599+00:00,CALL,195.0,2026-07-10,2200000,800,802,14,214.12,REPEATEDHITS,False,False,False,2013000,5500,42837390527.0,8,ASK,LONG,1.0
NBIS,2026-07-02 19:28:32.849627+00:00,CALL,205.0,2026-07-10,76200,40,145,25,211.0,REPEATEDHITS,True,False,False,7620,68580,42837390527.0,8,BID,SHORT,0.5
NBIS,2026-07-02 18:48:54.370969+00:00,CALL,212.5,2026-07-02,139712,611,3170,36,213.25,REPEATEDHITSDESCENDINGFILL,True,False,False,687,139025,42837390527.0,0,BID,SHORT,0.5
NBIS,2026-07-02 18:48:47.965457+00:00,CALL,212.5,2026-07-02,135723,568,2559,36,213.245,REPEATEDHITSASCENDINGFILL,False,False,False,135513,210,42837390527.0,0,ASK,LONG,1.0
NBIS,2026-07-02 18:25:54.635780+00:00,PUT,120.0,2026-09-18,809360,925,2406,850,211.8,REPEATEDHITSDESCENDINGFILL,False,False,False,809360,0,42837390527.0,78,ASK,SHORT,1.0
NBIS,2026-07-02 17:51:58.020552+00:00,CALL,270.0,2026-07-10,354480,2532,3704,611,208.34,REPEATEDHITS,False,False,False,0,354340,42837390527.0,8,BID,SHORT,0.5
NBIS,2026-07-02 16:57:01.129153+00:00,CALL,210.0,2026-07-31,80560,29,82,10,207.299,REPEATEDHITSASCENDINGFILL,True,False,False,52770,5550,42837390527.0,29,ASK,LONG,1.0
NBIS,2026-07-02 16:56:06.652074+00:00,PUT,120.0,2026-09-18,1291193,1459,1477,850,208.0,REPEATEDHITSDESCENDINGFILL,False,False,False,1291193,0,42837390527.0,78,ASK,SHORT,1.0
NUGT,2026-07-08 15:24:13.345406+00:00,PUT,108.0,2026-07-10,30995,62,62,3,105.955,REPEATEDHITS,True,False,False,30995,0,866275320.0,2,ASK,SHORT,1.0
NUGT,2026-07-07 14:07:32.006580+00:00,CALL,128.0,2026-07-31,12600,15,15,3,122.0801,REPEATEDHITS,True,False,False,0,12600,866275320.0,24,BID,SHORT,0.5
NUGT,2026-07-02 17:58:36.691620+00:00,CALL,131.0,2026-07-31,19450,24,24,1,121.765,REPEATEDHITS,True,False,False,820,18630,866275320.0,29,BID,SHORT,0.5
NUGT,2026-07-01 15:09:46.911410+00:00,CALL,116.0,2026-07-10,18260,22,22,0,120.0003,REPEATEDHITS,True,False,False,0,18260,866275320.0,9,BID,SHORT,0.5
NUGT,2026-07-01 13:41:17.147036+00:00,CALL,129.0,2026-07-10,24750,90,90,2,119.12,REPEATEDHITS,True,False,False,24750,0,866275320.0,9,ASK,LONG,1.0
NUGT,2026-06-29 14:12:20.816979+00:00,PUT,133.0,2026-08-21,18620,7,7,1,116.0,REPEATEDHITS,True,False,False,18620,0,866275320.0,53,ASK,SHORT,1.0
NUGT,2026-06-26 17:18:18.148343+00:00,CALL,127.0,2026-07-02,12880,28,33,7,124.8,REPEATEDHITS,True,False,False,0,12880,866275320.0,6,BID,SHORT,0.5
NUGT,2026-06-26 15:11:25.105425+00:00,CALL,125.0,2026-07-02,32240,62,108,53,124.175,REPEATEDHITS,True,False,False,0,32240,866275320.0,6,BID,SHORT,0.5
NUGT,2026-06-25 19:56:08.885511+00:00,CALL,130.0,2026-07-02,30135,147,358,8,118.41,REPEATEDHITS,False,False,False,30135,0,866275320.0,7,ASK,LONG,1.0
NUGT,2026-06-25 16:36:03.480125+00:00,PUT,110.0,2026-07-02,39000,156,160,61,120.665,REPEATEDHITS,False,False,False,0,39000,866275320.0,7,BID,LONG,0.5
NUGT,2026-06-25 16:19:35.949058+00:00,PUT,120.0,2026-08-21,111780,69,69,4,121.68,REPEATEDHITS,True,False,False,0,111780,866275320.0,57,BID,LONG,0.5
NUGT,2026-06-23 18:54:55.898511+00:00,CALL,142.0,2026-07-10,11335,27,27,1,125.01,REPEATEDHITSDESCENDINGFILL,False,False,False,0,11335,866275320.0,17,BID,SHORT,0.5
NUGT,2026-06-23 14:47:40.704412+00:00,PUT,142.0,2026-07-17,64380,29,29,0,125.71,REPEATEDHITS,True,False,False,64380,0,866275320.0,24,ASK,SHORT,1.0
NUGT,2026-06-22 19:55:10.937406+00:00,CALL,120.0,2026-07-17,94920,42,42,10,136.875,REPEATEDHITS,False,False,False,2260,92660,866275320.0,25,BID,SHORT,0.5
NUGT,2026-06-22 18:06:43.139446+00:00,PUT,125.0,2026-08-21,19800,15,16,0,136.15,REPEATEDHITS,True,False,False,0,19800,866275320.0,60,BID,LONG,0.5
NUGT,2026-06-17 19:17:57.421824+00:00,PUT,154.0,2026-06-18,19600,56,57,15,157.0,REPEATEDHITS,True,False,False,19600,0,866275320.0,1,ASK,SHORT,1.0
NUGT,2026-06-15 14:11:27.950649+00:00,CALL,170.0,2026-06-18,21000,100,302,43,155.6958,REPEATEDHITS,False,False,False,0,21000,866275320.0,3,BID,SHORT,0.5
NUGT,2026-06-12 19:40:21.570306+00:00,CALL,155.0,2026-07-17,18968,26,261,13,133.605,REPEATEDHITSDESCENDINGFILL,True,False,False,16048,2920,866275320.0,35,ASK,LONG,1.0
NUGT,2026-06-12 18:23:20.271648+00:00,CALL,145.0,2026-09-18,213750,95,96,4,135.5751,REPEATEDHITS,False,False,False,213750,0,866275320.0,98,ASK,LONG,1.0
NUGT,2026-06-12 17:56:00.581942+00:00,CALL,130.0,2026-07-10,37950,23,26,1,135.54,REPEATEDHITS,True,False,False,1650,36300,866275320.0,28,BID,SHORT,0.5
NUGT,2026-06-12 16:02:58.810160+00:00,PUT,132.0,2026-06-18,27300,39,39,0,131.375,REPEATEDHITS,True,False,False,27300,0,866275320.0,6,ASK,SHORT,1.0
NUGT,2026-06-12 15:42:33.028795+00:00,PUT,133.0,2026-06-18,20590,29,29,0,132.5728,REPEATEDHITS,True,False,False,20590,0,866275320.0,6,ASK,SHORT,1.0
NUGT,2026-06-11 18:01:06.902346+00:00,CALL,121.0,2026-06-18,85280,104,108,0,123.9624,REPEATEDHITS,True,False,False,0,85280,866275320.0,7,BID,SHORT,0.5
NUGT,2026-06-08 15:12:16.059115+00:00,PUT,140.0,2026-09-18,427980,150,250,52,133.335,REPEATEDHITSASCENDINGFILL,False,False,False,37030,8540,866275320.0,102,ASK,SHORT,1.0
NUGT,2026-06-08 15:05:39.707415+00:00,PUT,140.0,2026-09-18,160530,55,100,52,132.73,REPEATEDHITSASCENDINGFILL,False,False,False,14590,8770,866275320.0,102,ASK,SHORT,1.0
NUGT,2026-06-08 15:05:36.703059+00:00,PUT,125.0,2026-09-18,120640,58,61,45,132.73,REPEATEDHITSDESCENDINGFILL,False,False,False,2090,29010,866275320.0,102,BID,LONG,0.5
NUGT,2026-06-08 14:45:52.094669+00:00,CALL,175.0,2026-07-17,22000,44,45,17,133.1,REPEATEDHITS,True,False,False,22000,0,866275320.0,39,ASK,LONG,1.0
NUGT,2026-06-05 14:24:39.126605+00:00,PUT,138.0,2026-06-05,14569,62,63,55,137.37,REPEATEDHITS,True,False,False,14569,0,866275320.0,0,ASK,SHORT,1.0
NUGT,2026-06-03 19:59:06.882310+00:00,CALL,160.0,2026-07-02,22950,17,18,0,154.12,REPEATEDHITS,True,False,False,0,22950,866275320.0,29,BID,SHORT,0.5
NUGT,2026-06-02 13:59:35.416103+00:00,CALL,168.0,2026-06-05,13682,36,36,11,160.8,REPEATEDHITS,True,False,False,0,13682,866275320.0,3,BID,SHORT,0.5
NUGT,2026-06-01 19:49:01.016268+00:00,PUT,153.0,2026-06-05,24420,74,79,5,161.465,REPEATEDHITS,True,False,False,24420,0,866275320.0,4,ASK,SHORT,1.0
NUGT,2026-05-26 14:54:01.092838+00:00,CALL,168.0,2026-05-29,15040,32,33,25,164.66,REPEATEDHITS,True,False,False,0,15040,866275320.0,3,BID,SHORT,0.5
NUGT,2026-05-22 13:50:31.613376+00:00,CALL,166.0,2026-05-29,16430,53,53,2,153.0437,REPEATEDHITS,True,False,False,0,16430,866275320.0,7,BID,SHORT,0.5
NUGT,2026-05-21 18:37:19.325517+00:00,PUT,150.0,2026-06-26,20480,16,16,4,161.405,REPEATEDHITS,True,False,False,2560,17920,866275320.0,36,BID,LONG,0.5
NUGT,2026-05-19 18:22:59.856796+00:00,PUT,145.0,2026-05-29,38430,61,62,40,152.335,REPEATEDHITS,True,False,False,38430,0,866275320.0,10,ASK,SHORT,1.0
NUGT,2026-05-19 17:44:25.251269+00:00,CALL,150.0,2026-05-29,146302,133,162,16,153.96,REPEATEDHITS,True,False,False,0,146302,866275320.0,10,BID,SHORT,0.5
NUGT,2026-05-18 14:13:47.238031+00:00,PUT,167.0,2026-05-22,70000,100,113,4,166.9401,REPEATEDHITS,True,False,False,0,66500,866275320.0,4,BID,LONG,0.5
NUGT,2026-05-18 14:05:25.663648+00:00,CALL,165.0,2026-06-26,17281,8,10,3,168.29,REPEATEDHITS,True,False,False,2160,15121,866275320.0,39,BID,SHORT,0.5
NUGT,2026-05-15 16:09:19.923668+00:00,PUT,140.0,2026-06-12,36540,63,67,0,163.2399,REPEATEDHITS,False,False,False,2320,0,866275320.0,28,ASK,SHORT,1.0
NUGT,2026-05-15 16:00:51.911086+00:00,CALL,179.0,2026-05-22,31800,106,111,8,163.225,REPEATEDHITS,False,False,False,31800,0,866275320.0,7,ASK,LONG,1.0
NUGT,2026-05-14 17:00:44.882045+00:00,CALL,181.0,2026-06-05,66960,27,27,0,194.25,REPEATEDHITS,False,False,False,66960,0,866275320.0,22,ASK,LONG,1.0
NUGT,2026-05-14 17:00:41.665378+00:00,CALL,179.0,2026-06-18,150000,50,50,0,194.25,REPEATEDHITS,False,False,False,150000,0,866275320.0,35,ASK,LONG,1.0
NUGT,2026-05-13 16:54:22.026552+00:00,CALL,179.0,2026-05-22,15780,6,6,0,201.145,REPEATEDHITS,True,False,False,0,15780,866275320.0,9,BID,SHORT,0.5
NUGT,2026-05-12 19:38:21.625995+00:00,CALL,194.0,2026-05-15,131200,82,86,71,206.015,REPEATEDHITS,False,False,False,112000,19200,866275320.0,3,ASK,LONG,1.0
NUGT,2026-05-12 15:21:22.035915+00:00,PUT,183.0,2026-05-15,13200,30,30,4,190.6,REPEATEDHITS,True,False,False,13200,0,866275320.0,3,ASK,SHORT,1.0
NUGT,2026-05-12 15:00:00.202321+00:00,PUT,187.5,2026-05-15,21065,49,49,3,196.0,REPEATEDHITS,True,False,False,21065,0,866275320.0,3,ASK,SHORT,1.0
NUGT,2026-05-12 14:30:54.716182+00:00,CALL,193.0,2026-06-05,44730,21,21,1,198.29,REPEATEDHITS,False,False,False,0,44730,866275320.0,24,BID,SHORT,0.5
NUGT,2026-05-11 14:57:17.472775+00:00,CALL,215.0,2026-05-15,34840,67,87,58,205.135,REPEATEDHITS,False,False,False,0,34840,866275320.0,4,BID,SHORT,0.5
NVDA,2026-07-08 13:40:27.664947+00:00,PUT,197.5,2026-07-24,307823,481,493,221,198.15,REPEATEDHITS,False,False,False,307823,0,4765706000000.0,16,ASK,SHORT,1.0
NVDA,2026-07-07 19:38:19.070100+00:00,PUT,192.5,2026-07-17,1983400,5434,8133,4556,196.06,REPEATEDHITS,False,False,False,1983400,0,4765706000000.0,10,ASK,SHORT,1.0
NVDA,2026-07-07 19:10:23.168829+00:00,PUT,197.5,2026-07-20,359400,600,1225,0,196.43,REPEATEDHITS,False,False,False,359400,0,4765706000000.0,13,ASK,SHORT,1.0
NVDA,2026-07-07 17:48:41.822682+00:00,CALL,200.0,2026-07-15,1044380,2942,5272,781,197.69,REPEATEDHITSDESCENDINGFILL,False,False,False,1044380,0,4765706000000.0,8,ASK,LONG,1.0
NVDA,2026-07-07 15:15:02.649995+00:00,CALL,192.5,2026-07-08,322783,1515,44181,820,193.12,REPEATEDHITSDESCENDINGFILL,True,False,False,1075,321708,4765706000000.0,1,BID,SHORT,0.5
NVDA,2026-07-07 15:06:58.976602+00:00,CALL,190.0,2026-07-08,332500,950,11735,575,192.73,REPEATEDHITS,False,False,False,0,332500,4765706000000.0,1,BID,SHORT,0.5
NVDA,2026-07-07 14:43:00.924363+00:00,PUT,187.5,2026-07-13,162028,844,1430,774,191.7537,REPEATEDHITS,True,False,False,148032,13996,4765706000000.0,6,ASK,SHORT,1.0
NVDA,2026-07-07 13:54:31.718239+00:00,CALL,192.5,2026-07-13,1284020,3891,4003,255,191.85,REPEATEDHITS,False,False,False,1284020,0,4765706000000.0,6,ASK,LONG,1.0
NVDA,2026-07-06 18:09:03.578993+00:00,PUT,190.0,2026-07-13,122837,859,3667,367,196.379,REPEATEDHITS,False,False,False,0,122694,4765706000000.0,7,BID,LONG,0.5
NVDA,2026-07-06 16:36:02.386289+00:00,CALL,205.0,2026-07-13,111195,1059,2180,1035,196.84,REPEATEDHITS,False,False,False,0,111090,4765706000000.0,7,BID,SHORT,0.5
NVDA,2026-07-02 19:28:36.857249+00:00,CALL,182.5,2026-07-06,335970,314,2562,116,192.895,REPEATEDHITS,False,False,False,335970,0,4765706000000.0,4,ASK,LONG,1.0
NVDA,2026-07-02 16:09:56.030899+00:00,CALL,192.5,2026-07-06,866687,2928,4617,638,193.9,REPEATEDHITS,False,False,False,0,866687,4765706000000.0,4,BID,SHORT,0.5
NVDA,2026-07-02 15:23:21.126280+00:00,PUT,180.0,2026-08-07,391560,1004,9068,893,194.72,REPEATEDHITS,False,False,False,78000,87360,4765706000000.0,36,BID,LONG,0.5
NVDA,2026-07-02 15:08:04.745214+00:00,PUT,185.0,2026-08-07,718900,1308,5636,1184,194.75,REPEATEDHITS,False,False,False,393800,269550,4765706000000.0,36,ASK,SHORT,1.0
NVDA,2026-07-02 15:07:27.676004+00:00,PUT,180.0,2026-08-07,608620,1650,2504,893,195.04,REPEATEDHITSASCENDINGFILL,False,False,False,369260,239360,4765706000000.0,36,ASK,SHORT,1.0
NVDA,2026-07-02 15:07:27.676004+00:00,PUT,180.0,2026-08-07,776887,2059,4566,893,194.975,REPEATEDHITSASCENDINGFILL,False,False,False,668792,36095,4765706000000.0,36,ASK,SHORT,1.0
NVDA,2026-07-01 18:59:33.022553+00:00,PUT,192.5,2026-07-08,255736,1731,2863,946,198.27,REPEATEDHITSASCENDINGFILL,True,False,False,107158,71914,4765706000000.0,7,ASK,SHORT,1.0
NVDA,2026-07-01 16:05:45.984399+00:00,CALL,205.0,2027-02-19,229525,92,94,13,196.78,REPEATEDHITSDESCENDINGFILL,False,False,False,17450,212075,4765706000000.0,233,BID,SHORT,0.5
NVDA,2026-07-01 14:22:11.717060+00:00,CALL,197.5,2026-07-08,2050191,6903,7955,1112,196.09,REPEATEDHITS,False,False,False,2050191,0,4765706000000.0,7,ASK,LONG,1.0
NVDA,2026-06-30 19:30:59.247495+00:00,PUT,195.0,2026-07-01,240030,6858,82842,5369,199.15,REPEATEDHITS,False,False,False,0,240030,4765706000000.0,1,BID,LONG,0.5
NVDA,2026-06-30 14:08:51.861456+00:00,CALL,177.5,2026-07-10,109655,51,52,34,198.23,REPEATEDHITS,False,False,False,107500,2155,4765706000000.0,10,ASK,LONG,1.0
NVDA,2026-06-29 16:48:00.754440+00:00,PUT,192.5,2026-07-06,484520,1563,4243,748,193.12,REPEATEDHITS,False,False,False,484520,0,4765706000000.0,7,ASK,SHORT,1.0
NVDA,2026-06-29 15:39:18.610297+00:00,PUT,192.5,2026-07-06,357449,1319,2576,748,194.23,REPEATEDHITS,False,False,False,357449,0,4765706000000.0,7,ASK,SHORT,1.0
NVDA,2026-06-26 16:28:50.326298+00:00,PUT,170.0,2026-07-31,207235,1337,25874,1071,194.37,REPEATEDHITS,False,False,False,0,207235,4765706000000.0,35,BID,LONG,0.5
NVDA,2026-06-26 16:11:40.802365+00:00,PUT,170.0,2026-07-31,303397,1885,18105,1071,193.99,REPEATEDHITSDESCENDINGFILL,False,False,False,13932,289465,4765706000000.0,35,BID,LONG,0.5
NVDA,2026-06-26 16:11:40.802365+00:00,PUT,170.0,2026-07-31,200628,1248,19353,1071,194.0,REPEATEDHITSDESCENDINGFILL,False,False,False,0,200628,4765706000000.0,35,BID,LONG,0.5
NVDA,2026-06-26 15:48:52.856661+00:00,PUT,170.0,2026-07-31,419120,2704,13211,1071,194.8901,REPEATEDHITS,True,False,False,0,48050,4765706000000.0,35,BID,LONG,0.5
NVDA,2026-06-25 19:47:40.792237+00:00,CALL,235.0,2026-07-24,178080,3710,4639,3637,194.615,REPEATEDHITS,False,False,False,0,178080,4765706000000.0,29,BID,SHORT,0.5
NVDA,2026-06-25 18:59:49.576360+00:00,PUT,190.0,2026-08-07,153001,200,931,0,194.37,REPEATEDHITS,False,False,False,0,153001,4765706000000.0,43,BID,LONG,0.5
NVDA,2026-06-25 18:51:32.864448+00:00,PUT,205.0,2027-12-17,2313431,567,1321,558,194.9699,REPEATEDHITSASCENDINGFILL,False,False,False,0,2313431,4765706000000.0,540,BID,LONG,0.5
NVDA,2026-06-25 17:55:58.811351+00:00,CALL,190.0,2026-06-29,174248,300,1349,66,194.59,REPEATEDHITSASCENDINGFILL,False,False,False,0,174248,4765706000000.0,4,BID,SHORT,0.5
NVDA,2026-06-25 17:25:04.535832+00:00,CALL,200.0,2026-07-08,647710,1905,3020,477,195.2464,REPEATEDHITS,False,False,False,0,647710,4765706000000.0,13,BID,SHORT,0.5
NVDA,2026-06-25 17:15:39.476107+00:00,CALL,192.5,2026-06-26,770713,1976,16346,1020,195.53,REPEATEDHITSDESCENDINGFILL,False,False,False,0,770713,4765706000000.0,1,BID,SHORT,0.5
NVDA,2026-06-25 17:05:15.166538+00:00,PUT,190.0,2026-08-07,154972,200,313,0,194.72,REPEATEDHITSASCENDINGFILL,False,False,False,154972,0,4765706000000.0,43,ASK,SHORT,1.0
NVDA,2026-06-25 15:39:19.849765+00:00,CALL,195.0,2026-06-29,129695,399,5504,196,195.4843,REPEATEDHITSASCENDINGFILL,False,False,False,0,129695,4765706000000.0,4,BID,SHORT,0.5
NVDA,2026-06-25 14:29:41.508997+00:00,PUT,205.0,2027-12-17,2811437,675,703,558,194.63,REPEATEDHITSASCENDINGFILL,True,False,False,0,2811437,4765706000000.0,540,BID,LONG,0.5
NVDA,2026-06-25 13:54:47.681854+00:00,CALL,290.0,2028-06-16,1159860,428,458,175,193.83,REPEATEDHITSDESCENDINGFILL,True,False,False,1132760,27100,4765706000000.0,722,ASK,LONG,1.0
NVDA,2026-06-25 13:44:03.519610+00:00,CALL,195.0,2026-07-24,1122000,1200,1265,417,196.036,REPEATEDHITS,False,False,False,1122000,0,4765706000000.0,29,ASK,LONG,1.0
NVDA,2026-06-25 13:38:09.275548+00:00,CALL,192.5,2026-07-06,170265,200,200,52,198.82,REPEATEDHITSASCENDINGFILL,False,False,False,0,170265,4765706000000.0,11,BID,SHORT,0.5
NVDA,2026-06-24 19:38:52.970550+00:00,PUT,197.5,2026-07-17,4009480,5769,9697,1429,197.55,REPEATEDHITSASCENDINGFILL,False,False,False,0,4009480,4765706000000.0,23,BID,LONG,0.5
NVDA,2026-06-24 19:25:50.851287+00:00,CALL,197.5,2026-07-17,157000,200,1797,65,197.69,REPEATEDHITS,False,False,False,157000,0,4765706000000.0,23,ASK,LONG,1.0
NVDA,2026-06-24 17:25:13.825613+00:00,CALL,197.5,2026-06-24,235751,1985,19254,439,198.155,REPEATEDHITSASCENDINGFILL,True,False,False,213109,18792,4765706000000.0,0,ASK,LONG,1.0
NVDA,2026-06-24 14:22:10.732148+00:00,CALL,197.5,2026-06-24,120184,516,6038,439,199.4101,REPEATEDHITSDESCENDINGFILL,False,False,False,116734,3220,4765706000000.0,0,ASK,LONG,1.0
NVDA,2026-06-24 14:15:34.852438+00:00,CALL,197.5,2026-06-24,130527,500,3630,439,199.81,REPEATEDHITSDESCENDINGFILL,False,False,False,0,130527,4765706000000.0,0,BID,SHORT,0.5
NVDA,2026-06-24 14:11:25.334955+00:00,CALL,197.5,2026-06-24,111775,499,2268,439,199.31,REPEATEDHITS,True,False,False,7391,103936,4765706000000.0,0,BID,SHORT,0.5
NVDA,2026-06-24 14:08:40.876663+00:00,CALL,197.5,2026-06-29,251615,553,685,67,199.72,REPEATEDHITS,False,False,False,0,251615,4765706000000.0,5,BID,SHORT,0.5
NVDA,2026-06-23 19:35:42.148618+00:00,PUT,187.5,2026-06-29,132569,3083,5296,195,201.4,REPEATEDHITS,False,False,False,0,132569,4765706000000.0,6,BID,LONG,0.5
NVDA,2026-06-23 19:01:56.039207+00:00,CALL,202.5,2026-06-24,288860,2626,89058,605,200.96,REPEATEDHITS,False,False,False,288860,0,4765706000000.0,1,ASK,LONG,1.0
NVDA,2026-06-23 15:37:37.440302+00:00,CALL,210.0,2026-07-10,2492292,7912,8986,4406,201.36,REPEATEDHITSASCENDINGFILL,False,False,False,0,2492292,4765706000000.0,17,BID,SHORT,0.5
NVDA,2026-06-23 15:13:17.022306+00:00,CALL,200.0,2026-06-24,261212,982,10268,929,201.06,REPEATEDHITS,True,False,False,261212,0,4765706000000.0,1,ASK,LONG,1.0
NVT,2026-07-08 14:42:55.047198+00:00,PUT,145.0,2026-08-21,95850,88,88,66,152.16,REPEATEDHITSDESCENDINGFILL,True,False,False,92650,2120,24772338837.0,44,ASK,SHORT,1.0
NVT,2026-07-06 17:35:57.588784+00:00,PUT,140.0,2026-09-18,31620,31,31,0,155.675,REPEATEDHITS,False,False,False,31620,0,24772338837.0,74,ASK,SHORT,1.0
NVT,2026-07-06 16:55:05.764169+00:00,PUT,145.0,2026-08-21,36790,40,40,26,156.24,REPEATEDHITS,False,False,False,36790,0,24772338837.0,46,ASK,SHORT,1.0
NVT,2026-07-06 15:55:29.372671+00:00,PUT,165.0,2026-09-18,80290,37,38,3,157.355,REPEATEDHITS,False,False,False,80290,0,24772338837.0,74,ASK,SHORT,1.0
NVT,2026-06-29 19:21:55.362962+00:00,CALL,165.0,2026-07-17,54750,73,88,72,162.4401,REPEATEDHITS,False,False,False,0,54000,24772338837.0,18,BID,SHORT,0.5
NVT,2026-06-26 16:15:07.078730+00:00,CALL,185.0,2026-09-18,79065,67,71,61,163.56,REPEATEDHITS,False,False,False,1180,77885,24772338837.0,84,BID,SHORT,0.5
NVT,2026-06-22 19:02:39.054960+00:00,CALL,180.0,2026-09-18,417070,179,181,2,182.5018,REPEATEDHITS,False,False,False,417070,0,24772338837.0,88,ASK,LONG,1.0
NVT,2026-06-22 17:49:12.198499+00:00,CALL,190.0,2026-08-21,321160,217,224,140,182.18,REPEATEDHITS,False,False,False,321160,0,24772338837.0,60,ASK,LONG,1.0
NVT,2026-06-22 17:05:54.750227+00:00,PUT,170.0,2026-07-17,149334,262,290,179,181.57,REPEATEDHITS,False,False,False,149334,0,24772338837.0,25,ASK,SHORT,1.0
NVT,2026-06-22 16:10:29.575651+00:00,PUT,150.0,2026-09-18,73319,94,94,0,179.81,REPEATEDHITS,False,False,False,73319,0,24772338837.0,88,ASK,SHORT,1.0
NVT,2026-06-22 14:44:06.913743+00:00,PUT,150.0,2026-07-17,11505,59,82,19,177.01,REPEATEDHITS,False,False,False,11505,0,24772338837.0,25,ASK,SHORT,1.0
NVT,2026-06-22 14:00:09.088482+00:00,CALL,210.0,2026-07-17,130246,592,597,258,179.58,REPEATEDHITS,False,False,False,0,130246,24772338837.0,25,BID,SHORT,0.5
NVT,2026-06-18 19:41:23.976353+00:00,CALL,185.0,2026-09-18,73791,41,46,0,177.1,REPEATEDHITSASCENDINGFILL,False,False,False,73791,0,24772338837.0,92,ASK,LONG,1.0
NVT,2026-06-17 19:41:54.887809+00:00,CALL,160.0,2026-08-21,92250,41,41,31,170.0,REPEATEDHITS,False,False,False,92250,0,24772338837.0,65,ASK,LONG,1.0
NVT,2026-06-17 18:57:25.931601+00:00,PUT,175.0,2026-09-18,147600,72,72,0,172.23,REPEATEDHITS,False,False,False,147600,0,24772338837.0,93,ASK,SHORT,1.0
NVT,2026-06-17 16:01:32.951188+00:00,PUT,175.0,2026-08-21,228060,126,126,3,171.655,REPEATEDHITS,False,False,False,228060,0,24772338837.0,65,ASK,SHORT,1.0
NVT,2026-06-17 14:38:24.728700+00:00,PUT,180.0,2026-08-21,15050,7,7,0,170.725,REPEATEDHITS,False,False,False,15050,0,24772338837.0,65,ASK,SHORT,1.0
NVT,2026-06-16 16:22:03.695639+00:00,CALL,200.0,2026-07-17,385820,1515,1515,1211,171.56,LOWHISTORICVOLUMEFLOOR,False,True,True,0,385820,24772338837.0,31,BID,SHORT,0.5
NVT,2026-06-16 16:03:34.973012+00:00,PUT,180.0,2026-07-17,35090,23,23,1,171.3,REPEATEDHITS,True,False,False,33560,1530,24772338837.0,31,ASK,SHORT,1.0
NVT,2026-06-12 14:25:34.928889+00:00,CALL,170.0,2026-07-17,118440,103,104,88,167.895,REPEATEDHITS,False,False,False,117290,1150,24772338837.0,35,ASK,LONG,1.0
NVT,2026-06-10 16:39:20.045894+00:00,CALL,170.0,2026-06-18,38130,246,254,163,156.1,REPEATEDHITS,False,False,False,2325,35805,24772338837.0,8,BID,SHORT,0.5
NVT,2026-06-10 16:07:13.876770+00:00,CALL,155.0,2027-01-15,60000,20,20,3,156.095,REPEATEDHITS,False,False,False,36000,24000,24772338837.0,219,ASK,LONG,1.0
NVT,2026-06-10 14:57:11.143880+00:00,PUT,135.0,2026-07-17,49350,141,141,59,157.65,REPEATEDHITS,False,False,False,49350,0,24772338837.0,37,ASK,SHORT,1.0
NVT,2026-06-09 16:10:14.904112+00:00,PUT,130.0,2026-06-18,14520,363,365,315,159.07,REPEATEDHITS,False,False,False,13840,680,24772338837.0,9,ASK,SHORT,1.0
NVT,2026-06-03 19:26:26.467070+00:00,CALL,200.0,2026-08-21,338717,292,292,200,174.87,REPEATEDHITS,False,False,False,338717,0,24772338837.0,79,ASK,LONG,1.0
NVT,2026-06-03 16:33:49.895276+00:00,CALL,240.0,2026-08-21,16800,40,435,19,173.42,REPEATEDHITS,False,False,False,0,16800,24772338837.0,79,BID,SHORT,0.5
NVT,2026-06-03 14:01:17.048458+00:00,CALL,240.0,2026-08-21,14280,34,367,19,172.58,REPEATEDHITS,False,False,False,0,14280,24772338837.0,79,BID,SHORT,0.5
NVT,2026-06-03 14:00:59.219728+00:00,CALL,240.0,2026-08-21,139915,333,333,19,172.6,REPEATEDHITSASCENDINGFILL,False,False,False,0,139915,24772338837.0,79,BID,SHORT,0.5
NVT,2026-06-02 18:14:32.972085+00:00,CALL,210.0,2026-07-17,60280,137,139,12,174.67,REPEATEDHITS,False,False,False,0,60280,24772338837.0,45,BID,SHORT,0.5
NVT,2026-06-02 14:59:57.858395+00:00,CALL,240.0,2026-11-20,45219,38,38,4,176.785,REPEATEDHITS,True,False,False,30939,14280,24772338837.0,171,ASK,LONG,1.0
NVT,2026-06-02 14:59:57.858395+00:00,CALL,230.0,2026-11-20,127407,93,93,2,176.785,REPEATEDHITS,False,False,False,127407,0,24772338837.0,171,ASK,LONG,1.0
NVT,2026-06-02 14:59:57.858395+00:00,CALL,220.0,2026-11-20,210140,133,133,35,176.785,REPEATEDHITS,False,False,False,210140,0,24772338837.0,171,ASK,LONG,1.0
NVT,2026-06-01 18:25:58.385925+00:00,CALL,190.0,2026-07-17,45050,53,1116,41,172.64,REPEATEDHITS,False,False,False,45050,0,24772338837.0,46,ASK,LONG,1.0
NVT,2026-06-01 17:57:05.548344+00:00,CALL,190.0,2026-07-17,386057,460,1007,41,172.91,REPEATEDHITS,True,False,False,296887,89170,24772338837.0,46,ASK,LONG,1.0
NVT,2026-06-01 17:56:28.421084+00:00,CALL,190.0,2026-07-17,160798,201,207,41,172.51,REPEATEDHITS,False,False,False,160798,0,24772338837.0,46,ASK,LONG,1.0
NVT,2026-06-01 17:56:28.421084+00:00,CALL,190.0,2026-07-17,99200,124,482,41,172.54,REPEATEDHITS,False,False,False,99200,0,24772338837.0,46,ASK,LONG,1.0
NVT,2026-06-01 17:56:28.421084+00:00,CALL,190.0,2026-07-17,120797,151,358,41,172.51,REPEATEDHITSDESCENDINGFILL,True,False,False,120797,0,24772338837.0,46,ASK,LONG,1.0
NVT,2026-06-01 15:47:28.216555+00:00,CALL,175.0,2026-07-17,1194120,963,966,70,170.635,LOWHISTORICVOLUMEFLOOR,False,True,True,1194120,0,24772338837.0,46,ASK,LONG,1.0
NVT,2026-05-29 14:23:43.288838+00:00,PUT,165.0,2026-07-17,149500,115,115,43,164.26,REPEATEDHITS,False,False,False,149500,0,24772338837.0,49,ASK,SHORT,1.0
NVT,2026-05-26 18:31:29.421162+00:00,CALL,250.0,2027-02-19,36240,30,30,11,169.03,REPEATEDHITS,False,False,False,31980,0,24772338837.0,269,ASK,LONG,1.0
NVT,2026-05-22 19:38:06.201894+00:00,CALL,190.0,2026-06-18,124800,600,1251,132,164.39,FLOORTRADELARGECAP,False,True,True,124800,0,24772338837.0,27,ASK,LONG,1.0
NVT,2026-05-22 19:34:31.403964+00:00,CALL,190.0,2026-06-18,135200,650,651,132,164.32,FLOORTRADELARGECAP,False,True,True,135200,0,24772338837.0,27,ASK,LONG,1.0
NVT,2026-05-19 15:14:21.194227+00:00,CALL,155.0,2026-08-21,313130,173,173,24,154.9199,REPEATEDHITS,False,False,False,313130,0,24772338837.0,94,ASK,LONG,1.0
NVT,2026-05-19 15:00:42.591804+00:00,CALL,155.0,2026-07-17,437524,334,334,110,153.841,REPEATEDHITSDESCENDINGFILL,False,False,False,437524,0,24772338837.0,59,ASK,LONG,1.0
NVT,2026-05-19 14:10:35.115725+00:00,CALL,170.0,2027-01-15,322560,144,144,25,154.79,REPEATEDHITS,False,False,False,322560,0,24772338837.0,241,ASK,LONG,1.0
NVT,2026-05-18 19:40:08.873963+00:00,CALL,165.0,2026-08-21,1316000,800,841,147,160.435,REPEATEDHITS,False,False,False,0,0,24772338837.0,95,MIXED,,0.0
NVT,2026-05-18 17:41:10.827513+00:00,PUT,165.0,2026-08-21,475590,249,249,1,161.1101,REPEATEDHITS,False,False,False,475590,0,24772338837.0,95,ASK,SHORT,1.0
NVT,2026-05-18 15:08:17.615701+00:00,PUT,155.0,2026-07-17,267900,285,286,1,163.245,REPEATEDHITS,False,False,False,267900,0,24772338837.0,60,ASK,SHORT,1.0
NVT,2026-05-14 14:58:17.155962+00:00,CALL,180.0,2027-01-15,792360,279,279,184,172.62,REPEATEDHITS,False,False,False,792360,0,24772338837.0,246,ASK,LONG,1.0
NVT,2026-05-14 14:20:58.871784+00:00,CALL,190.0,2026-11-20,36000,18,18,4,170.86,REPEATEDHITS,False,False,False,36000,0,24772338837.0,190,ASK,LONG,1.0
NXPI,2026-07-08 14:12:50.506611+00:00,CALL,270.0,2026-08-21,79380,27,27,22,277.09,REPEATEDHITS,True,False,False,0,79380,68962475229.0,44,BID,SHORT,0.5
NXPI,2026-07-07 15:49:24.974437+00:00,PUT,280.0,2026-08-21,210450,69,69,44,269.295,REPEATEDHITS,False,False,False,210450,0,68962475229.0,45,ASK,SHORT,1.0
NXPI,2026-07-06 19:49:36.267168+00:00,PUT,250.0,2026-08-21,85560,69,160,32,281.56,REPEATEDHITS,False,False,False,81840,2480,68962475229.0,46,ASK,SHORT,1.0
NXPI,2026-07-06 19:48:30.680354+00:00,PUT,300.0,2026-08-21,263530,73,74,13,281.615,REPEATEDHITS,False,False,False,263530,0,68962475229.0,46,ASK,SHORT,1.0
NXPI,2026-07-06 17:29:54.425129+00:00,PUT,310.0,2026-08-21,108420,26,26,3,283.175,REPEATEDHITS,False,False,False,108420,0,68962475229.0,46,ASK,SHORT,1.0
NXPI,2026-07-02 15:49:26.703038+00:00,PUT,240.0,2026-08-21,60990,57,58,25,273.38,REPEATEDHITS,False,False,False,60990,0,68962475229.0,50,ASK,SHORT,1.0
NXPI,2026-07-02 15:14:09.897430+00:00,PUT,260.0,2026-08-21,106790,60,62,27,274.29,REPEATEDHITS,False,False,False,105020,1770,68962475229.0,50,ASK,SHORT,1.0
NXPI,2026-07-01 15:18:37.948944+00:00,CALL,300.0,2026-08-21,82000,41,41,32,282.05,REPEATEDHITS,False,False,False,82000,0,68962475229.0,51,ASK,LONG,1.0
NXPI,2026-06-30 16:53:26.013737+00:00,CALL,300.0,2026-10-16,463320,162,234,149,281.47,REPEATEDHITS,False,False,False,0,463320,68962475229.0,108,BID,SHORT,0.5
NXPI,2026-06-26 18:01:06.869164+00:00,PUT,310.0,2026-10-16,217300,41,98,35,278.67,REPEATEDHITS,False,False,False,0,217300,68962475229.0,112,BID,LONG,0.5
NXPI,2026-06-26 17:27:47.489243+00:00,PUT,310.0,2026-10-16,299250,57,57,35,279.655,REPEATEDHITS,False,False,False,0,299250,68962475229.0,112,BID,LONG,0.5
NXPI,2026-06-25 15:33:45.615011+00:00,CALL,350.0,2026-09-18,294401,160,420,148,300.87,REPEATEDHITS,False,False,False,0,294401,68962475229.0,85,BID,SHORT,0.5
NXPI,2026-06-25 15:13:38.517549+00:00,PUT,230.0,2026-10-16,139920,132,169,2,298.815,REPEATEDHITS,False,False,False,139920,0,68962475229.0,113,ASK,SHORT,1.0
NXPI,2026-06-24 13:58:23.292837+00:00,PUT,290.0,2026-08-21,399900,155,155,10,294.58,REPEATEDHITS,False,False,False,399900,0,68962475229.0,58,ASK,SHORT,1.0
NXPI,2026-06-23 14:46:25.986008+00:00,CALL,310.0,2026-08-21,442859,171,172,3,300.81,REPEATEDHITSDESCENDINGFILL,False,False,False,435119,0,68962475229.0,59,ASK,LONG,1.0
NXPI,2026-06-22 18:46:34.938055+00:00,CALL,360.0,2026-07-17,204016,340,345,160,320.51,REPEATEDHITSASCENDINGFILL,False,False,False,610,203406,68962475229.0,25,BID,SHORT,0.5
NXPI,2026-06-22 14:41:02.799406+00:00,PUT,340.0,2026-10-16,221850,45,45,11,323.89,REPEATEDHITS,False,False,False,0,221850,68962475229.0,116,BID,LONG,0.5
NXPI,2026-06-22 14:11:02.600413+00:00,PUT,340.0,2026-07-17,479501,175,175,10,326.15,REPEATEDHITS,False,False,False,0,479501,68962475229.0,25,BID,LONG,0.5
NXPI,2026-06-18 15:25:18.364692+00:00,PUT,310.0,2027-01-15,368162,79,79,45,317.08,REPEATEDHITSASCENDINGFILL,False,False,False,4680,363482,68962475229.0,211,BID,LONG,0.5
NXPI,2026-06-18 15:06:57.604552+00:00,CALL,320.0,2026-10-16,509270,127,127,72,316.97,REPEATEDHITS,False,False,False,489220,20050,68962475229.0,120,ASK,LONG,1.0
NXPI,2026-06-18 14:35:51.242504+00:00,CALL,360.0,2026-08-21,145700,94,94,0,316.91,REPEATEDHITS,False,False,False,127100,15500,68962475229.0,64,ASK,LONG,1.0
NXPI,2026-06-18 14:35:51.242504+00:00,CALL,350.0,2026-08-21,134319,73,73,0,316.91,REPEATEDHITS,False,False,False,134319,0,68962475229.0,64,ASK,LONG,1.0
NXPI,2026-06-18 14:34:56.765673+00:00,CALL,370.0,2026-09-18,368437,207,207,61,316.27,REPEATEDHITSDESCENDINGFILL,False,False,False,368437,0,68962475229.0,92,ASK,LONG,1.0
NXPI,2026-06-15 17:31:59.218525+00:00,CALL,450.0,2026-09-18,87370,156,230,0,316.62,REPEATEDHITS,False,False,False,570,86800,68962475229.0,95,BID,SHORT,0.5
NXPI,2026-06-12 19:12:58.216042+00:00,PUT,290.0,2026-09-18,467840,172,182,90,304.295,REPEATEDHITS,False,False,False,0,467840,68962475229.0,98,BID,LONG,0.5
NXPI,2026-06-12 15:28:16.319357+00:00,PUT,350.0,2027-06-17,160199,18,26,0,306.805,REPEATEDHITS,False,False,False,160199,0,68962475229.0,370,ASK,SHORT,1.0
NXPI,2026-06-11 19:18:12.206952+00:00,CALL,430.0,2026-09-18,78000,130,155,2,301.49,REPEATEDHITS,False,False,False,18000,60000,68962475229.0,99,BID,SHORT,0.5
NXPI,2026-06-05 14:48:25.902482+00:00,CALL,320.0,2026-09-18,441870,143,143,60,305.94,REPEATEDHITS,False,False,False,441870,0,68962475229.0,105,ASK,LONG,1.0
NXPI,2026-06-01 18:31:15.719723+00:00,PUT,330.0,2026-09-18,356440,76,78,11,312.32,REPEATEDHITS,False,False,False,0,356440,68962475229.0,109,BID,LONG,0.5
NXPI,2026-06-01 15:55:04.932323+00:00,PUT,290.0,2026-10-16,98012,35,35,7,312.94,REPEATEDHITSASCENDINGFILL,True,False,False,0,98012,68962475229.0,137,BID,LONG,0.5
NXPI,2026-06-01 15:54:31.875271+00:00,PUT,280.0,2026-10-16,418270,175,175,21,313.33,REPEATEDHITSASCENDINGFILL,True,False,False,4800,413470,68962475229.0,137,BID,LONG,0.5
NXPI,2026-05-29 19:44:48.423359+00:00,CALL,340.0,2027-03-19,282470,50,50,10,323.63,REPEATEDHITS,False,False,False,276850,5620,68962475229.0,294,ASK,LONG,1.0
NXPI,2026-05-29 19:44:48.423359+00:00,CALL,350.0,2027-03-19,454819,86,86,29,323.63,REPEATEDHITSDESCENDINGFILL,False,False,False,386169,21040,68962475229.0,294,ASK,LONG,1.0
NXPI,2026-05-29 18:09:11.378162+00:00,PUT,360.0,2027-01-15,212860,29,34,3,321.94,REPEATEDHITS,False,False,False,212860,0,68962475229.0,231,ASK,SHORT,1.0
NXPI,2026-05-29 17:18:57.020934+00:00,CALL,440.0,2026-09-18,160202,178,179,12,323.665,REPEATEDHITS,False,False,False,0,160202,68962475229.0,112,BID,SHORT,0.5
NXPI,2026-05-27 14:04:16.447992+00:00,CALL,390.0,2026-07-17,146643,188,190,11,329.845,REPEATEDHITS,False,False,False,0,146643,68962475229.0,51,BID,SHORT,0.5
NXPI,2026-05-22 18:47:51.603732+00:00,CALL,440.0,2028-01-21,66282,15,16,2,314.485,REPEATEDHITSASCENDINGFILL,False,False,False,66282,0,68962475229.0,609,ASK,LONG,1.0
NXPI,2026-05-22 16:47:46.780753+00:00,PUT,330.0,2026-07-17,166260,51,51,2,312.855,REPEATEDHITS,False,False,False,153220,0,68962475229.0,56,ASK,SHORT,1.0
NXPI,2026-05-22 14:39:14.899479+00:00,CALL,350.0,2027-03-19,50520,12,12,11,310.0,REPEATEDHITS,False,False,False,21050,29470,68962475229.0,301,BID,SHORT,0.5
NXPI,2026-05-21 14:58:54.587636+00:00,CALL,360.0,2026-07-17,53100,90,92,49,302.78,REPEATEDHITS,False,False,False,0,53100,68962475229.0,57,BID,SHORT,0.5
NXPI,2026-05-20 14:38:02.501683+00:00,PUT,260.0,2027-01-15,1034873,392,392,124,301.94,REPEATEDHITSDESCENDINGFILL,False,False,False,1034873,0,68962475229.0,240,ASK,SHORT,1.0
NXPI,2026-05-19 19:14:27.588406+00:00,PUT,270.0,2027-01-15,68540,23,24,13,298.07,REPEATEDHITS,False,False,False,0,68540,68962475229.0,241,BID,LONG,0.5
NXPI,2026-05-19 17:08:35.716691+00:00,CALL,310.0,2026-09-18,408900,141,141,38,296.28,REPEATEDHITS,False,False,False,408900,0,68962475229.0,122,ASK,LONG,1.0
NXPI,2026-05-19 16:06:08.302796+00:00,PUT,280.0,2026-06-18,642504,649,660,185,293.96,REPEATEDHITSDESCENDINGFILL,False,False,False,642504,0,68962475229.0,30,ASK,SHORT,1.0
NXPI,2026-05-19 15:16:34.093996+00:00,PUT,290.0,2027-01-15,351900,85,91,7,292.6,REPEATEDHITS,False,False,False,351900,0,68962475229.0,241,ASK,SHORT,1.0
NXPI,2026-05-18 15:06:23.635965+00:00,PUT,270.0,2026-07-17,155248,135,144,92,291.87,REPEATEDHITSDESCENDINGFILL,False,False,False,140298,14950,68962475229.0,60,ASK,SHORT,1.0
NXPI,2026-05-18 14:03:01.502159+00:00,PUT,280.0,2026-09-18,606517,236,236,18,292.08,REPEATEDHITSDESCENDINGFILL,False,False,False,606517,0,68962475229.0,123,ASK,SHORT,1.0
NXPI,2026-05-15 18:37:04.071169+00:00,CALL,320.0,2026-07-17,295120,238,251,47,293.96,REPEATEDHITS,False,False,False,281480,13640,68962475229.0,63,ASK,LONG,1.0
NXPI,2026-05-14 16:42:45.671329+00:00,PUT,330.0,2027-01-15,97650,15,15,1,294.345,REPEATEDHITS,False,False,False,97650,0,68962475229.0,246,ASK,SHORT,1.0
NXPI,2026-05-14 16:42:45.671329+00:00,PUT,320.0,2027-01-15,152098,26,26,0,294.345,REPEATEDHITS,False,False,False,140398,11700,68962475229.0,246,ASK,SHORT,1.0
OKLO,2026-07-08 13:59:41.112113+00:00,PUT,47.5,2026-07-10,66924,507,531,422,48.32,REPEATEDHITS,True,False,False,0,66924,8334168277.0,2,BID,LONG,0.5
OKLO,2026-07-07 17:29:48.687361+00:00,PUT,46.5,2026-07-10,38544,438,604,143,49.0825,REPEATEDHITS,False,False,False,880,37664,8334168277.0,3,BID,LONG,0.5
OKLO,2026-07-07 15:30:45.688758+00:00,CALL,47.0,2026-07-10,48840,222,346,150,47.47,REPEATEDHITS,True,False,False,0,48840,8334168277.0,3,BID,SHORT,0.5
OKLO,2026-07-07 14:41:59.981386+00:00,CALL,59.0,2026-07-17,22231,517,573,165,47.05,REPEATEDHITS,False,False,False,0,22231,8334168277.0,10,BID,SHORT,0.5
OKLO,2026-07-07 14:07:32.006580+00:00,CALL,50.0,2026-07-10,59985,465,574,326,48.23,REPEATEDHITS,False,False,False,0,59985,8334168277.0,3,BID,SHORT,0.5
OKLO,2026-07-07 13:54:02.655011+00:00,CALL,49.0,2026-07-10,18450,90,191,11,48.965,REPEATEDHITS,False,False,False,10660,7790,8334168277.0,3,ASK,LONG,1.0
OKLO,2026-07-06 16:35:06.716387+00:00,CALL,145.0,2026-10-16,23130,257,258,92,51.8396,REPEATEDHITS,False,False,False,23130,0,8334168277.0,102,ASK,LONG,1.0
OKLO,2026-07-02 19:38:02.412037+00:00,CALL,45.0,2026-10-16,550582,414,526,52,51.64,REPEATEDHITSDESCENDINGFILL,False,False,False,549252,1330,8334168277.0,106,ASK,LONG,1.0
OKLO,2026-07-02 19:29:03.565001+00:00,CALL,45.5,2026-07-02,100885,167,193,81,51.46,REPEATEDHITS,True,False,False,0,100885,8334168277.0,0,BID,SHORT,0.5
OKLO,2026-07-02 19:22:49.648844+00:00,CALL,50.0,2026-07-10,42900,130,188,116,50.9793,REPEATEDHITSASCENDINGFILL,False,False,False,0,42900,8334168277.0,8,BID,SHORT,0.5
OKLO,2026-07-02 19:04:29.997702+00:00,PUT,57.0,2026-07-24,108441,132,132,31,51.335,REPEATEDHITSDESCENDINGFILL,False,False,False,33821,74620,8334168277.0,22,BID,LONG,0.5
OKLO,2026-07-02 19:04:29.997702+00:00,PUT,56.0,2026-07-17,166010,244,255,45,51.335,REPEATEDHITSDESCENDINGFILL,False,False,False,12330,153680,8334168277.0,15,BID,LONG,0.5
OKLO,2026-07-02 19:04:29.997702+00:00,PUT,55.0,2026-07-02,199845,523,797,427,51.27,REPEATEDHITSASCENDINGFILL,True,False,False,3465,196380,8334168277.0,0,BID,LONG,0.5
OKLO,2026-07-02 14:05:32.515780+00:00,PUT,56.0,2026-07-02,35910,315,334,165,55.47,REPEATEDHITS,False,False,False,35910,0,8334168277.0,0,ASK,SHORT,1.0
OKLO,2026-06-30 16:01:16.884302+00:00,CALL,150.0,2026-10-16,42361,523,524,436,50.9301,REPEATEDHITS,False,False,False,42201,0,8334168277.0,108,ASK,LONG,1.0
OKLO,2026-06-30 14:00:34.417364+00:00,PUT,47.0,2026-07-10,15327,131,150,118,52.51,REPEATEDHITS,False,False,False,4914,3393,8334168277.0,10,ASK,SHORT,1.0
OKLO,2026-06-29 18:43:46.069055+00:00,PUT,30.0,2027-03-19,28900,85,117,23,52.685,REPEATEDHITS,False,False,False,28900,0,8334168277.0,263,ASK,SHORT,1.0
OKLO,2026-06-29 16:44:13.505865+00:00,CALL,53.0,2026-07-10,56914,199,333,49,51.795,REPEATEDHITS,False,False,False,0,56914,8334168277.0,11,BID,SHORT,0.5
OKLO,2026-06-29 14:10:22.621330+00:00,CALL,65.0,2026-07-31,24000,150,169,79,51.455,REPEATEDHITS,False,False,False,0,24000,8334168277.0,32,BID,SHORT,0.5
OKLO,2026-06-26 19:40:09.893399+00:00,PUT,49.5,2026-07-10,10710,34,42,3,50.025,REPEATEDHITS,False,False,False,0,10710,8334168277.0,14,BID,LONG,0.5
OKLO,2026-06-26 17:41:13.957052+00:00,CALL,50.0,2026-07-02,89775,362,524,179,50.37,REPEATEDHITS,False,False,False,89775,0,8334168277.0,6,ASK,LONG,1.0
OKLO,2026-06-26 14:38:53.190516+00:00,PUT,49.0,2026-07-17,23725,65,73,49,50.14,REPEATEDHITS,False,False,False,0,22995,8334168277.0,21,BID,LONG,0.5
OKLO,2026-06-26 14:09:19.075753+00:00,CALL,64.0,2026-07-10,39820,724,760,219,50.75,REPEATEDHITS,True,False,False,0,39820,8334168277.0,14,BID,SHORT,0.5
OKLO,2026-06-25 19:40:04.835702+00:00,CALL,66.0,2026-07-02,12200,610,1067,180,50.57,REPEATEDHITS,False,False,False,12200,0,8334168277.0,7,ASK,LONG,1.0
OKLO,2026-06-25 19:31:18.670514+00:00,CALL,77.0,2026-07-02,10650,1065,1067,82,50.675,REPEATEDHITS,True,False,False,0,10650,8334168277.0,7,BID,SHORT,0.5
OKLO,2026-06-25 19:27:14.382151+00:00,PUT,44.5,2026-07-02,32028,628,629,0,51.01,REPEATEDHITS,False,False,False,0,32028,8334168277.0,7,BID,LONG,0.5
OKLO,2026-06-25 18:53:27.991684+00:00,PUT,51.0,2026-06-26,39150,450,1066,381,51.63,REPEATEDHITS,False,False,False,0,30189,8334168277.0,1,BID,LONG,0.5
OKLO,2026-06-25 18:19:33.775984+00:00,CALL,56.0,2026-07-24,38000,100,116,58,51.62,REPEATEDHITS,False,False,False,38000,0,8334168277.0,29,ASK,LONG,1.0
OKLO,2026-06-25 16:17:55.241007+00:00,PUT,52.0,2026-07-17,33000,75,188,41,52.355,REPEATEDHITS,True,False,False,0,30800,8334168277.0,22,BID,LONG,0.5
OKLO,2026-06-24 19:41:42.113135+00:00,CALL,59.0,2026-06-26,26852,959,1227,365,53.465,REPEATEDHITS,False,False,False,0,26852,8334168277.0,2,BID,SHORT,0.5
OKLO,2026-06-24 17:25:26.847742+00:00,CALL,160.0,2026-12-18,180548,785,785,126,53.74,REPEATEDHITSASCENDINGFILL,False,False,False,180548,0,8334168277.0,177,ASK,LONG,1.0
OKLO,2026-06-24 15:53:36.298783+00:00,PUT,59.0,2026-07-17,38740,52,213,13,54.88,REPEATEDHITS,True,False,False,0,38740,8334168277.0,23,BID,LONG,0.5
OKLO,2026-06-24 14:11:08.703169+00:00,CALL,60.0,2026-07-31,110000,275,277,114,54.76,REPEATEDHITS,False,False,False,0,110000,8334168277.0,37,BID,SHORT,0.5
OKLO,2026-06-23 17:02:08.085828+00:00,CALL,63.0,2026-07-17,11480,28,252,23,59.21,REPEATEDHITS,True,False,False,0,11480,8334168277.0,24,BID,SHORT,0.5
OKLO,2026-06-23 16:58:38.869388+00:00,CALL,71.0,2026-07-10,11900,85,181,41,59.24,REPEATEDHITS,False,False,False,10220,1680,8334168277.0,17,ASK,LONG,1.0
OKLO,2026-06-23 16:29:35.969414+00:00,CALL,71.0,2026-07-17,27480,126,182,11,59.575,REPEATEDHITSDESCENDINGFILL,False,False,False,27480,0,8334168277.0,24,ASK,LONG,1.0
OKLO,2026-06-23 16:19:34.135374+00:00,CALL,64.0,2026-07-17,38213,98,228,19,59.36,REPEATEDHITSDESCENDINGFILL,False,False,False,35488,2725,8334168277.0,24,ASK,LONG,1.0
OKLO,2026-06-23 16:10:58.167166+00:00,CALL,66.0,2026-07-17,12075,35,73,9,59.965,REPEATEDHITS,False,False,False,0,12075,8334168277.0,24,BID,SHORT,0.5
OKLO,2026-06-23 16:04:18.642118+00:00,CALL,63.0,2026-07-17,68282,157,202,23,59.66,REPEATEDHITSDESCENDINGFILL,True,False,False,63502,4350,8334168277.0,24,ASK,LONG,1.0
OKLO,2026-06-23 15:57:34.313981+00:00,CALL,64.0,2026-07-17,17940,46,102,19,59.435,REPEATEDHITS,False,False,False,16380,1560,8334168277.0,24,ASK,LONG,1.0
OKLO,2026-06-22 17:32:25.729996+00:00,CALL,58.0,2026-06-26,112392,446,802,155,57.94,REPEATEDHITS,False,False,False,112392,0,8334168277.0,4,ASK,LONG,1.0
OKLO,2026-06-22 14:49:48.779669+00:00,PUT,62.0,2026-07-17,25110,31,146,0,57.655,REPEATEDHITS,True,False,False,0,25110,8334168277.0,25,BID,LONG,0.5
OKLO,2026-06-22 14:42:31.755845+00:00,PUT,63.0,2026-07-17,47880,56,57,0,58.11,REPEATEDHITS,True,False,False,0,47880,8334168277.0,25,BID,LONG,0.5
OKLO,2026-06-22 13:39:06.881513+00:00,CALL,58.0,2026-07-17,31750,50,50,0,59.08,REPEATEDHITS,False,False,False,31750,0,8334168277.0,25,ASK,LONG,1.0
OKLO,2026-06-18 19:33:47.886435+00:00,PUT,35.0,2026-07-10,19240,1480,1504,152,60.11,REPEATEDHITS,True,False,False,19240,0,8334168277.0,22,ASK,SHORT,1.0
OKLO,2026-06-17 19:07:28.192015+00:00,CALL,61.0,2026-07-10,266955,481,786,187,60.95,REPEATEDHITS,False,False,False,266955,0,8334168277.0,23,ASK,LONG,1.0
OKLO,2026-06-17 18:12:40.651875+00:00,CALL,69.0,2026-06-26,38401,384,502,286,60.14,REPEATEDHITS,True,False,False,101,38300,8334168277.0,9,BID,SHORT,0.5
OKLO,2026-06-17 16:43:36.792075+00:00,CALL,220.0,2026-09-18,27741,544,547,256,60.48,REPEATEDHITSASCENDINGFILL,True,False,False,27741,0,8334168277.0,93,ASK,LONG,1.0
OKLO,2026-06-16 15:18:51.404190+00:00,PUT,61.0,2026-07-02,46010,86,88,47,59.42,REPEATEDHITS,True,False,False,0,46010,8334168277.0,16,BID,LONG,0.5
OKLO,2026-06-15 19:15:31.369197+00:00,CALL,125.0,2026-07-17,20900,836,838,790,60.8,REPEATEDHITS,False,False,False,20900,0,8334168277.0,32,ASK,LONG,1.0
OKTA,2026-07-08 15:23:50.705967+00:00,PUT,150.0,2026-08-07,83835,69,69,67,146.405,REPEATEDHITS,False,False,False,83835,0,24663820662.0,30,ASK,SHORT,1.0
OKTA,2026-07-08 15:22:25.156052+00:00,PUT,115.0,2027-12-17,24090,11,32,1,146.57,REPEATEDHITS,True,False,False,21900,2190,24663820662.0,527,ASK,SHORT,1.0
OKTA,2026-07-08 15:22:21.151330+00:00,PUT,115.0,2027-12-17,21835,10,20,1,146.59,REPEATEDHITS,True,False,False,13110,8725,24663820662.0,527,ASK,SHORT,1.0
OKTA,2026-07-08 15:22:16.543379+00:00,PUT,115.0,2027-12-17,15328,7,7,1,146.58,REPEATEDHITSASCENDINGFILL,False,False,False,15328,0,24663820662.0,527,ASK,SHORT,1.0
OKTA,2026-07-08 15:21:54.914434+00:00,CALL,210.0,2028-01-21,43885,15,55,12,146.61,REPEATEDHITSASCENDINGFILL,False,False,False,8785,2925,24663820662.0,562,ASK,LONG,1.0
OKTA,2026-07-08 14:47:09.244553+00:00,PUT,152.5,2026-07-31,233640,198,198,5,147.7227,REPEATEDHITS,False,False,False,233640,0,24663820662.0,23,ASK,SHORT,1.0
OKTA,2026-07-07 19:53:57.173044+00:00,CALL,210.0,2027-01-15,117000,100,100,73,148.7,REPEATEDHITS,True,False,False,1170,115830,24663820662.0,192,BID,SHORT,0.5
OKTA,2026-07-07 16:31:29.903740+00:00,CALL,152.5,2026-07-31,11280,12,112,2,151.815,REPEATEDHITS,False,False,False,0,11280,24663820662.0,24,BID,SHORT,0.5
OKTA,2026-07-07 16:12:08.300831+00:00,CALL,200.0,2028-01-21,62580,19,20,17,150.495,REPEATEDHITS,False,False,False,62580,0,24663820662.0,563,ASK,LONG,1.0
OKTA,2026-07-07 15:21:50.985802+00:00,PUT,155.0,2026-07-17,108350,110,117,12,148.94,REPEATEDHITS,False,False,False,108350,0,24663820662.0,10,ASK,SHORT,1.0
OKTA,2026-07-07 14:56:44.951661+00:00,PUT,135.0,2026-07-17,69927,429,494,335,148.54,REPEATEDHITS,False,False,False,69927,0,24663820662.0,10,ASK,SHORT,1.0
OKTA,2026-07-06 16:33:19.396834+00:00,CALL,148.0,2026-07-10,26190,60,122,4,148.22,REPEATEDHITS,False,False,False,0,23490,24663820662.0,4,BID,SHORT,0.5
OKTA,2026-07-06 15:45:47.430455+00:00,PUT,135.0,2026-11-20,449921,296,296,1,148.12,REPEATEDHITS,False,False,False,30400,418001,24663820662.0,137,BID,LONG,0.5
OKTA,2026-07-06 15:45:45.623661+00:00,PUT,135.0,2026-12-18,118940,67,69,46,148.11,REPEATEDHITS,False,False,False,3565,115375,24663820662.0,165,BID,LONG,0.5
OKTA,2026-07-06 15:45:45.623661+00:00,PUT,125.0,2026-11-20,83980,76,76,44,148.015,REPEATEDHITS,False,False,False,0,83980,24663820662.0,137,BID,LONG,0.5
OKTA,2026-07-06 15:25:18.360093+00:00,PUT,130.0,2026-09-18,360970,384,391,239,147.0846,REPEATEDHITS,False,False,False,2830,358140,24663820662.0,74,BID,LONG,0.5
OKTA,2026-07-06 14:04:17.444847+00:00,CALL,146.0,2026-08-07,11000,10,10,0,146.445,REPEATEDHITS,False,False,False,0,11000,24663820662.0,32,BID,SHORT,0.5
OKTA,2026-07-02 18:59:29.688068+00:00,PUT,143.0,2026-07-10,62715,113,114,1,141.61,REPEATEDHITS,False,False,False,62715,0,24663820662.0,8,ASK,SHORT,1.0
OKTA,2026-07-02 18:35:03.485851+00:00,PUT,137.0,2026-07-10,24319,83,93,16,141.225,REPEATEDHITS,False,False,False,24319,0,24663820662.0,8,ASK,SHORT,1.0
OKTA,2026-07-02 18:14:50.944312+00:00,PUT,141.0,2026-07-10,22090,47,48,2,141.11,REPEATEDHITS,False,False,False,22090,0,24663820662.0,8,ASK,SHORT,1.0
OKTA,2026-07-02 17:54:36.838788+00:00,CALL,145.0,2026-07-10,38750,125,563,9,140.64,REPEATEDHITS,False,False,False,38750,0,24663820662.0,8,ASK,LONG,1.0
OKTA,2026-07-02 17:28:11.121700+00:00,PUT,142.0,2026-07-10,23540,44,47,0,140.98,REPEATEDHITS,False,False,False,23540,0,24663820662.0,8,ASK,SHORT,1.0
OKTA,2026-07-02 17:04:18.265183+00:00,PUT,130.0,2026-07-10,12971,109,112,15,140.71,REPEATEDHITS,False,False,False,12971,0,24663820662.0,8,ASK,SHORT,1.0
OKTA,2026-07-02 16:06:20.810239+00:00,PUT,140.0,2026-07-10,25520,58,61,25,140.84,REPEATEDHITS,False,False,False,25520,0,24663820662.0,8,ASK,SHORT,1.0
OKTA,2026-07-02 15:32:17.242075+00:00,CALL,145.0,2026-07-10,60140,194,208,9,140.92,REPEATEDHITS,False,False,False,60140,0,24663820662.0,8,ASK,LONG,1.0
OKTA,2026-07-02 14:27:39.029322+00:00,PUT,140.0,2026-07-02,78973,1022,1034,337,141.18,REPEATEDHITSDESCENDINGFILL,True,False,False,6896,8552,24663820662.0,0,BID,LONG,0.5
OKTA,2026-07-02 14:05:32.515780+00:00,PUT,140.0,2026-08-21,393572,410,415,101,145.07,REPEATEDHITSDESCENDINGFILL,False,False,False,391662,1910,24663820662.0,50,ASK,SHORT,1.0
OKTA,2026-07-01 18:35:03.725467+00:00,PUT,135.0,2026-07-17,78536,204,221,201,141.5,REPEATEDHITS,False,False,False,78536,0,24663820662.0,16,ASK,SHORT,1.0
OKTA,2026-07-01 17:32:15.750466+00:00,CALL,140.0,2026-07-02,69732,234,906,177,141.715,REPEATEDHITS,False,False,False,0,69732,24663820662.0,1,BID,SHORT,0.5
OKTA,2026-07-01 14:06:11.026102+00:00,CALL,155.0,2026-08-21,159835,222,222,24,141.535,REPEATEDHITS,False,False,False,159835,0,24663820662.0,51,ASK,LONG,1.0
OKTA,2026-07-01 14:06:11.026102+00:00,CALL,200.0,2028-01-21,124495,46,47,4,141.71,REPEATEDHITSDESCENDINGFILL,True,False,False,72705,46400,24663820662.0,569,ASK,LONG,1.0
OKTA,2026-07-01 13:30:09.044137+00:00,CALL,175.0,2027-12-17,69665,23,23,17,137.81,REPEATEDHITSDESCENDINGFILL,False,False,False,54545,15120,24663820662.0,534,ASK,LONG,1.0
OKTA,2026-06-30 19:31:08.861213+00:00,CALL,145.0,2026-07-02,10187,250,2564,21,136.26,REPEATEDHITSASCENDINGFILL,True,False,False,10113,74,24663820662.0,2,ASK,LONG,1.0
OKTA,2026-06-30 19:01:02.721652+00:00,CALL,210.0,2027-03-19,11095,11,13,0,136.03,REPEATEDHITS,False,False,False,9075,2020,24663820662.0,262,ASK,LONG,1.0
OKTA,2026-06-30 18:54:33.423339+00:00,PUT,105.0,2026-09-18,319579,830,832,193,135.82,REPEATEDHITSASCENDINGFILL,True,False,False,1560,318019,24663820662.0,80,BID,LONG,0.5
OKTA,2026-06-30 18:51:36.849291+00:00,PUT,145.0,2026-09-18,220485,106,108,19,135.63,REPEATEDHITSASCENDINGFILL,False,False,False,0,220485,24663820662.0,80,BID,LONG,0.5
OKTA,2026-06-30 18:25:21.924331+00:00,PUT,110.0,2026-09-18,90128,175,175,103,135.26,REPEATEDHITS,False,False,False,0,90128,24663820662.0,80,BID,LONG,0.5
OKTA,2026-06-30 17:12:37.572848+00:00,PUT,126.0,2026-07-10,43925,251,253,16,134.3,REPEATEDHITS,False,False,False,43925,0,24663820662.0,10,ASK,SHORT,1.0
OKTA,2026-06-30 15:49:24.544477+00:00,PUT,129.0,2026-07-24,24480,51,51,17,134.64,REPEATEDHITS,True,False,False,0,24480,24663820662.0,24,BID,LONG,0.5
OKTA,2026-06-30 15:25:08.205408+00:00,CALL,131.0,2026-07-02,124955,255,318,117,134.55,REPEATEDHITS,False,False,False,0,124955,24663820662.0,2,BID,SHORT,0.5
OKTA,2026-06-30 14:56:47.439049+00:00,PUT,131.0,2026-07-10,144362,375,376,4,132.965,REPEATEDHITSDESCENDINGFILL,False,False,False,144362,0,24663820662.0,10,ASK,SHORT,1.0
OKTA,2026-06-29 19:49:54.982262+00:00,CALL,136.0,2026-07-02,24892,196,443,11,130.55,REPEATEDHITS,True,False,False,15113,0,24663820662.0,3,ASK,LONG,1.0
OKTA,2026-06-29 19:49:54.982262+00:00,CALL,136.0,2026-07-02,19890,153,703,11,130.605,REPEATEDHITS,False,False,False,5070,14820,24663820662.0,3,BID,SHORT,0.5
OKTA,2026-06-29 19:49:50.775719+00:00,CALL,136.0,2026-07-02,16851,137,247,11,130.445,REPEATEDHITS,True,False,False,12054,0,24663820662.0,3,ASK,LONG,1.0
OKTA,2026-06-29 18:19:20.840641+00:00,CALL,130.0,2026-07-10,34320,66,119,39,130.36,REPEATEDHITS,True,False,False,0,34320,24663820662.0,11,BID,SHORT,0.5
OKTA,2026-06-29 18:19:15.233648+00:00,CALL,136.0,2026-07-10,14724,52,55,19,130.36,REPEATEDHITSASCENDINGFILL,True,False,False,287,14437,24663820662.0,11,BID,SHORT,0.5
OKTA,2026-06-29 16:57:54.195690+00:00,CALL,133.0,2026-07-02,11984,56,95,31,130.49,REPEATEDHITS,True,False,False,11984,0,24663820662.0,3,ASK,LONG,1.0
OKTA,2026-06-29 16:19:13.231948+00:00,PUT,128.0,2026-07-02,13765,62,101,11,130.165,REPEATEDHITS,True,False,False,223,13542,24663820662.0,3,BID,LONG,0.5
OKTA,2026-06-29 15:56:25.859340+00:00,PUT,129.0,2026-07-24,10575,15,16,3,129.63,REPEATEDHITS,False,False,False,0,10575,24663820662.0,25,BID,LONG,0.5
OKTA,2026-06-29 13:50:01.088197+00:00,PUT,125.0,2026-07-10,57365,185,185,22,129.34,REPEATEDHITSASCENDINGFILL,False,False,False,320,57045,24663820662.0,11,BID,LONG,0.5
PAAS,2026-07-08 14:50:16.784408+00:00,PUT,42.5,2026-07-10,10830,114,115,49,42.25,REPEATEDHITS,True,False,False,10260,570,18628765551.0,2,ASK,SHORT,1.0
PAAS,2026-07-08 14:00:28.845279+00:00,CALL,42.5,2026-07-10,57762,462,462,3,43.15,REPEATEDHITSASCENDINGFILL,False,False,False,0,57762,18628765551.0,2,BID,SHORT,0.5
PAAS,2026-07-07 14:41:14.278458+00:00,PUT,45.0,2026-07-10,130600,706,709,117,43.67,REPEATEDHITS,False,False,False,130600,0,18628765551.0,3,ASK,SHORT,1.0
PAAS,2026-07-06 14:04:38.668666+00:00,CALL,39.5,2026-07-10,14750,25,25,2,45.3622,REPEATEDHITS,False,False,False,0,14750,18628765551.0,4,BID,SHORT,0.5
PAAS,2026-07-02 16:05:51.338098+00:00,PUT,47.0,2026-07-10,59150,338,374,75,46.26,REPEATEDHITS,False,False,False,59150,0,18628765551.0,8,ASK,SHORT,1.0
PAAS,2026-06-30 15:23:37.067754+00:00,PUT,43.5,2026-07-02,15580,346,346,41,44.39,REPEATEDHITS,False,False,False,0,15580,18628765551.0,2,BID,LONG,0.5
PAAS,2026-06-30 14:06:15.794237+00:00,CALL,47.0,2026-08-21,172523,690,692,173,44.005,REPEATEDHITSASCENDINGFILL,False,False,False,0,172523,18628765551.0,52,BID,SHORT,0.5
PAAS,2026-06-29 14:59:03.916192+00:00,CALL,49.0,2026-08-21,88160,430,431,272,44.12,REPEATEDHITS,False,False,False,0,88160,18628765551.0,53,BID,SHORT,0.5
PAAS,2026-06-29 14:03:18.623581+00:00,CALL,60.0,2026-10-16,129631,894,896,864,44.53,REPEATEDHITS,False,False,False,0,129631,18628765551.0,109,BID,SHORT,0.5
PAAS,2026-06-26 15:17:16.578705+00:00,CALL,46.0,2026-07-31,64000,200,201,150,46.07,REPEATEDHITS,False,False,False,2560,0,18628765551.0,35,ASK,LONG,1.0
PAAS,2026-06-26 15:04:58.417758+00:00,CALL,46.0,2026-06-26,18325,407,467,65,46.1501,REPEATEDHITS,False,False,False,0,18325,18628765551.0,0,BID,SHORT,0.5
PAAS,2026-06-25 18:32:14.435219+00:00,CALL,46.0,2026-07-31,26790,94,95,0,45.35,REPEATEDHITS,False,False,False,1710,0,18628765551.0,36,ASK,LONG,1.0
PAAS,2026-06-24 15:06:19.283690+00:00,CALL,47.0,2026-06-26,18260,730,798,50,44.52,REPEATEDHITS,False,False,False,0,18260,18628765551.0,2,BID,SHORT,0.5
PAAS,2026-06-23 16:25:17.895658+00:00,CALL,54.0,2026-07-31,73440,612,614,63,47.045,REPEATEDHITS,False,False,False,0,73440,18628765551.0,38,BID,SHORT,0.5
PAAS,2026-06-22 19:11:27.217598+00:00,PUT,45.0,2027-03-19,46080,72,73,67,48.895,REPEATEDHITS,False,False,False,46080,0,18628765551.0,270,ASK,SHORT,1.0
PAAS,2026-06-18 17:26:28.933615+00:00,CALL,48.0,2026-06-26,10003,50,101,34,48.89,REPEATEDHITS,False,False,False,0,10003,18628765551.0,8,BID,SHORT,0.5
PAAS,2026-06-18 17:00:42.898126+00:00,PUT,35.0,2026-10-16,23900,239,252,53,48.765,REPEATEDHITS,False,False,False,23900,0,18628765551.0,120,ASK,SHORT,1.0
PAAS,2026-06-18 14:57:11.419457+00:00,CALL,50.0,2026-06-26,20300,145,152,54,49.6,REPEATEDHITS,False,False,False,20160,140,18628765551.0,8,ASK,LONG,1.0
PAAS,2026-06-17 15:56:05.276081+00:00,PUT,52.0,2026-06-18,14490,362,476,334,53.25,REPEATEDHITS,False,False,False,0,14490,18628765551.0,1,BID,LONG,0.5
PAAS,2026-06-15 14:27:00.767408+00:00,PUT,47.0,2026-07-17,45240,377,388,215,52.14,REPEATEDHITS,False,False,False,0,45240,18628765551.0,32,BID,LONG,0.5
PAAS,2026-06-15 14:23:21.622879+00:00,CALL,52.0,2026-06-26,30750,150,154,22,51.965,REPEATEDHITS,False,False,False,6560,0,18628765551.0,11,ASK,LONG,1.0
PAAS,2026-06-15 14:13:12.124269+00:00,CALL,47.5,2026-06-26,31865,59,59,4,52.41,REPEATEDHITSDESCENDINGFILL,False,False,False,0,31865,18628765551.0,11,BID,SHORT,0.5
PAAS,2026-06-12 14:43:58.089754+00:00,PUT,46.0,2026-07-02,48158,224,228,11,46.7264,REPEATEDHITS,True,False,False,48158,0,18628765551.0,20,ASK,SHORT,1.0
PAAS,2026-06-10 15:22:14.239373+00:00,CALL,60.0,2026-08-21,270940,2463,2480,1824,44.7,REPEATEDHITS,False,False,False,110,264780,18628765551.0,72,BID,SHORT,0.5
PAAS,2026-06-10 14:17:02.115683+00:00,PUT,44.0,2026-07-17,45241,174,174,82,45.38,REPEATEDHITS,False,False,False,0,42641,18628765551.0,37,BID,LONG,0.5
PAAS,2026-06-10 13:37:51.961540+00:00,CALL,45.5,2026-06-12,15000,120,120,0,45.25,REPEATEDHITS,False,False,False,15000,0,18628765551.0,2,ASK,LONG,1.0
PAAS,2026-06-09 19:53:12.793721+00:00,CALL,46.0,2026-06-12,25103,200,307,11,45.94,REPEATEDHITSASCENDINGFILL,False,False,False,25103,0,18628765551.0,3,ASK,LONG,1.0
PAAS,2026-06-09 16:53:05.605824+00:00,PUT,39.0,2026-07-17,176035,1467,1467,4,44.44,REPEATEDHITS,False,False,False,176035,0,18628765551.0,38,ASK,SHORT,1.0
PAAS,2026-06-08 13:34:09.347125+00:00,CALL,51.0,2026-06-18,41910,381,385,11,48.37,REPEATEDHITS,True,False,False,0,41910,18628765551.0,10,BID,SHORT,0.5
PAAS,2026-06-05 19:22:15.172854+00:00,CALL,48.0,2026-06-18,94240,496,532,7,47.54,REPEATEDHITS,True,False,False,67640,26600,18628765551.0,13,ASK,LONG,1.0
PAAS,2026-06-05 18:28:09.464915+00:00,CALL,49.0,2026-06-26,24780,118,167,0,48.03,REPEATEDHITS,True,False,False,0,24780,18628765551.0,21,BID,SHORT,0.5
PAAS,2026-06-05 18:27:04.932408+00:00,PUT,43.0,2026-07-02,50220,558,747,4,48.04,REPEATEDHITS,False,False,False,46980,3240,18628765551.0,27,ASK,SHORT,1.0
PAAS,2026-06-05 13:59:54.787663+00:00,PUT,48.0,2026-06-18,12960,108,108,69,49.9601,REPEATEDHITS,True,False,False,12960,0,18628765551.0,13,ASK,SHORT,1.0
PAAS,2026-06-04 16:36:11.487240+00:00,PUT,51.0,2026-06-12,11220,132,132,38,53.33,REPEATEDHITS,False,False,False,0,11220,18628765551.0,8,BID,LONG,0.5
PAAS,2026-06-04 15:30:44.893688+00:00,CALL,55.0,2026-07-02,298390,1126,1128,6,53.33,REPEATEDHITS,False,False,False,0,298390,18628765551.0,28,BID,SHORT,0.5
PAAS,2026-06-04 13:48:54.035469+00:00,PUT,35.0,2026-08-21,19485,433,433,176,54.0305,REPEATEDHITS,False,False,False,19485,0,18628765551.0,78,ASK,SHORT,1.0
PAAS,2026-06-03 19:26:06.236178+00:00,PUT,48.0,2026-08-21,349760,1093,1094,542,53.1901,REPEATEDHITS,False,False,False,349760,0,18628765551.0,79,ASK,SHORT,1.0
PAAS,2026-06-03 19:25:20.576275+00:00,CALL,53.0,2026-07-02,35960,100,100,0,53.22,REPEATEDHITSDESCENDINGFILL,False,False,False,35960,0,18628765551.0,29,ASK,LONG,1.0
PAAS,2026-06-03 18:10:50.067439+00:00,CALL,53.0,2026-06-18,24250,97,105,4,52.98,REPEATEDHITS,False,False,False,0,24250,18628765551.0,15,BID,SHORT,0.5
PAAS,2026-06-03 15:33:53.263282+00:00,CALL,54.0,2026-06-18,117615,547,551,468,53.13,REPEATEDHITS,False,False,False,0,117615,18628765551.0,15,BID,SHORT,0.5
PAAS,2026-06-02 16:35:01.006933+00:00,CALL,56.0,2026-06-18,65760,263,300,158,55.34,REPEATEDHITS,False,False,False,0,65760,18628765551.0,16,BID,SHORT,0.5
PAAS,2026-06-01 18:13:38.545510+00:00,PUT,57.0,2026-06-12,18585,63,70,25,56.14,REPEATEDHITS,False,False,False,18585,0,18628765551.0,11,ASK,SHORT,1.0
PAAS,2026-06-01 14:36:39.371728+00:00,PUT,54.0,2026-06-18,97510,398,406,27,54.7,REPEATEDHITS,False,False,False,97510,0,18628765551.0,17,ASK,SHORT,1.0
PAAS,2026-06-01 14:17:17.276536+00:00,CALL,62.0,2026-06-12,15100,302,517,63,54.95,REPEATEDHITS,False,False,False,15100,0,18628765551.0,11,ASK,LONG,1.0
PAAS,2026-05-29 15:11:30.814986+00:00,CALL,62.0,2026-06-18,30936,238,247,175,56.82,REPEATEDHITS,True,False,False,30936,0,18628765551.0,20,ASK,LONG,1.0
PAAS,2026-05-27 19:35:54.051388+00:00,CALL,54.0,2026-06-18,11400,40,515,26,53.59,REPEATEDHITS,False,False,False,0,11400,18628765551.0,22,BID,SHORT,0.5
PAAS,2026-05-27 18:52:30.560982+00:00,CALL,54.0,2026-06-18,128340,414,475,26,54.08,REPEATEDHITS,False,False,False,128340,0,18628765551.0,22,ASK,LONG,1.0
PAAS,2026-05-27 16:16:51.289100+00:00,CALL,56.0,2026-06-12,478360,2899,2899,23,53.69,REPEATEDHITS,False,False,False,0,478360,18628765551.0,16,BID,SHORT,0.5
PAAS,2026-05-27 14:05:13.164479+00:00,CALL,57.0,2026-06-05,43100,431,445,69,53.92,REPEATEDHITS,False,False,False,0,43100,18628765551.0,9,BID,SHORT,0.5
PAAS,2026-05-26 14:57:16.347409+00:00,PUT,47.0,2026-08-21,178850,730,732,151,54.72,REPEATEDHITS,False,False,False,165130,0,18628765551.0,87,ASK,SHORT,1.0
PEP,2026-07-08 13:36:00.780981+00:00,CALL,147.0,2026-07-10,199580,1690,1697,354,143.27,REPEATEDHITSASCENDINGFILL,True,False,False,2520,197060,198154070309.0,2,BID,SHORT,0.5
PEP,2026-07-07 18:27:45.053399+00:00,CALL,170.0,2026-10-16,111875,895,916,227,144.78,REPEATEDHITS,False,False,False,111875,0,198154070309.0,101,ASK,LONG,1.0
PEP,2026-07-07 17:23:56.528248+00:00,PUT,147.0,2026-07-24,154558,336,339,10,145.56,REPEATEDHITS,False,False,False,154558,0,198154070309.0,17,ASK,SHORT,1.0
PEP,2026-07-07 16:01:46.697427+00:00,PUT,149.0,2026-07-31,171662,296,296,0,146.16,REPEATEDHITSDESCENDINGFILL,False,False,False,171662,0,198154070309.0,24,ASK,SHORT,1.0
PEP,2026-07-07 15:27:27.227134+00:00,PUT,152.5,2026-07-31,207624,275,275,0,147.135,REPEATEDHITS,False,False,False,207624,0,198154070309.0,24,ASK,SHORT,1.0
PEP,2026-07-07 14:06:39.594796+00:00,PUT,142.0,2026-07-17,201710,1754,1760,214,148.4,REPEATEDHITS,False,False,False,0,201710,198154070309.0,10,BID,LONG,0.5
PEP,2026-07-07 13:45:58.714490+00:00,PUT,135.0,2026-07-31,72491,1021,1027,396,148.01,REPEATEDHITS,False,False,False,0,72491,198154070309.0,24,BID,LONG,0.5
PEP,2026-07-06 17:01:26.514509+00:00,PUT,152.5,2026-07-24,72080,68,68,0,142.55,REPEATEDHITS,False,False,False,10600,61480,198154070309.0,18,BID,LONG,0.5
PEP,2026-07-06 16:54:10.100314+00:00,CALL,143.0,2026-08-07,72075,155,175,20,142.19,REPEATEDHITS,False,False,False,72075,0,198154070309.0,32,ASK,LONG,1.0
PEP,2026-07-06 16:21:09.663416+00:00,CALL,145.0,2026-07-31,93550,297,302,142,141.845,REPEATEDHITS,False,False,False,93550,0,198154070309.0,25,ASK,LONG,1.0
PEP,2026-07-02 15:10:44.596419+00:00,PUT,135.0,2026-07-24,72072,728,729,195,144.125,REPEATEDHITS,False,False,False,0,72072,198154070309.0,22,BID,LONG,0.5
PEP,2026-06-30 14:22:23.716247+00:00,CALL,140.0,2026-07-24,142780,484,484,50,136.96,REPEATEDHITS,False,False,False,142485,295,198154070309.0,24,ASK,LONG,1.0
PEP,2026-06-29 17:23:26.962890+00:00,CALL,139.0,2026-07-17,94843,271,275,14,138.18,REPEATEDHITS,False,False,False,94843,0,198154070309.0,18,ASK,LONG,1.0
PEP,2026-06-25 19:05:52.741785+00:00,CALL,140.0,2026-08-07,105050,191,235,0,140.06,REPEATEDHITS,True,False,False,105050,0,198154070309.0,43,ASK,LONG,1.0
PEP,2026-06-25 14:22:19.471113+00:00,CALL,141.0,2026-06-26,51084,387,392,121,141.36,REPEATEDHITS,False,False,False,0,51084,198154070309.0,1,BID,SHORT,0.5
PEP,2026-06-24 16:10:17.119017+00:00,PUT,140.0,2026-07-10,91960,418,429,360,143.27,REPEATEDHITS,False,False,False,0,91960,198154070309.0,16,BID,LONG,0.5
PEP,2026-06-23 17:06:51.565198+00:00,PUT,120.0,2026-08-21,56445,1065,1082,213,140.99,REPEATEDHITS,False,False,False,0,56445,198154070309.0,59,BID,LONG,0.5
PEP,2026-06-23 16:42:57.104894+00:00,PUT,142.0,2026-06-26,71442,378,379,218,141.08,REPEATEDHITS,False,False,False,71442,0,198154070309.0,3,ASK,SHORT,1.0
PEP,2026-06-22 19:34:16.774782+00:00,CALL,141.0,2026-07-02,90684,396,404,6,140.66,REPEATEDHITS,False,False,False,90684,0,198154070309.0,10,ASK,LONG,1.0
PEP,2026-06-22 15:30:40.939219+00:00,CALL,175.0,2027-06-17,69700,164,211,110,141.94,REPEATEDHITS,True,False,False,69700,0,198154070309.0,360,ASK,LONG,1.0
PEP,2026-06-22 14:35:36.301806+00:00,PUT,144.0,2026-06-26,80025,275,275,116,141.9298,REPEATEDHITS,False,False,False,80025,0,198154070309.0,4,ASK,SHORT,1.0
PEP,2026-06-18 19:39:24.218424+00:00,CALL,142.0,2026-07-02,104918,418,427,20,141.42,REPEATEDHITS,False,False,False,104918,0,198154070309.0,14,ASK,LONG,1.0
PEP,2026-06-18 18:58:46.642078+00:00,PUT,143.0,2026-06-26,75319,280,300,235,141.63,REPEATEDHITS,False,False,False,75051,268,198154070309.0,8,ASK,SHORT,1.0
PEP,2026-06-16 19:30:48.657748+00:00,CALL,144.0,2026-07-02,50220,124,124,1,145.65,REPEATEDHITS,False,False,False,0,50220,198154070309.0,16,BID,SHORT,0.5
PEP,2026-06-16 15:14:23.694903+00:00,CALL,145.0,2026-07-10,144045,297,427,228,145.52,REPEATEDHITS,False,False,False,144045,0,198154070309.0,24,ASK,LONG,1.0
PEP,2026-06-15 16:20:11.483580+00:00,CALL,145.0,2026-10-16,499178,564,578,88,145.47,REPEATEDHITSASCENDINGFILL,False,False,False,885,498293,198154070309.0,123,BID,SHORT,0.5
PEP,2026-06-05 15:22:36.198376+00:00,PUT,140.0,2026-07-02,87516,396,403,266,143.09,REPEATEDHITS,False,False,False,80665,6851,198154070309.0,27,ASK,SHORT,1.0
PEP,2026-06-03 16:52:59.214984+00:00,PUT,140.0,2026-06-12,75184,508,531,198,143.335,REPEATEDHITS,False,False,False,71040,4144,198154070309.0,9,ASK,SHORT,1.0
PEP,2026-06-03 16:01:49.968522+00:00,PUT,143.0,2026-06-12,64152,216,217,58,143.12,REPEATEDHITS,False,False,False,0,64152,198154070309.0,9,BID,LONG,0.5
PEP,2026-06-02 16:04:26.703026+00:00,PUT,141.0,2026-06-12,98482,303,312,26,141.3899,REPEATEDHITS,False,False,False,0,98482,198154070309.0,10,BID,LONG,0.5
PEP,2026-06-02 14:58:09.422561+00:00,CALL,140.0,2026-06-12,129884,419,421,15,141.955,REPEATEDHITSDESCENDINGFILL,False,False,False,129884,0,198154070309.0,10,ASK,LONG,1.0
PEP,2026-06-01 15:28:43.570507+00:00,CALL,140.0,2026-06-26,148004,361,366,4,141.885,REPEATEDHITS,False,False,False,136114,0,198154070309.0,25,ASK,LONG,1.0
PEP,2026-06-01 14:25:55.201929+00:00,PUT,142.0,2026-06-05,327940,1726,1749,769,142.81,REPEATEDHITS,False,False,False,327940,0,198154070309.0,4,ASK,SHORT,1.0
PEP,2026-05-29 16:05:21.359282+00:00,CALL,140.0,2026-08-21,105662,113,115,9,144.77,REPEATEDHITSASCENDINGFILL,True,False,False,0,105662,198154070309.0,84,BID,SHORT,0.5
PEP,2026-05-28 19:13:05.660344+00:00,CALL,145.0,2026-06-26,69480,193,195,32,145.97,REPEATEDHITS,False,False,False,69120,360,198154070309.0,29,ASK,LONG,1.0
PEP,2026-05-28 16:26:20.172003+00:00,PUT,146.0,2026-06-05,78302,329,348,67,146.3052,REPEATEDHITS,False,False,False,73304,4998,198154070309.0,8,ASK,SHORT,1.0
PEP,2026-05-27 18:17:46.785299+00:00,CALL,147.0,2026-06-18,115013,324,339,21,148.28,REPEATEDHITS,False,False,False,115013,0,198154070309.0,22,ASK,LONG,1.0
PEP,2026-05-26 18:09:48.995673+00:00,CALL,145.0,2026-07-02,216200,460,478,0,146.24,REPEATEDHITS,False,False,False,216200,0,198154070309.0,37,ASK,LONG,1.0
PEP,2026-05-26 16:50:16.451380+00:00,CALL,160.0,2026-08-21,82663,343,363,173,146.53,REPEATEDHITS,False,False,False,82663,0,198154070309.0,87,ASK,LONG,1.0
PEP,2026-05-19 19:16:45.347659+00:00,CALL,165.0,2026-10-16,290880,808,813,349,149.415,REPEATEDHITS,False,False,False,290520,360,198154070309.0,150,ASK,LONG,1.0
PEP,2026-05-18 17:58:37.676643+00:00,PUT,130.0,2026-07-17,110973,982,1019,917,148.19,REPEATEDHITSDESCENDINGFILL,False,False,False,0,110973,198154070309.0,60,BID,LONG,0.5
PEP,2026-05-18 17:10:45.021552+00:00,CALL,150.0,2026-06-05,153430,670,706,252,148.18,REPEATEDHITS,False,False,False,153430,0,198154070309.0,18,ASK,LONG,1.0
PEP,2026-05-18 16:46:43.631108+00:00,CALL,150.0,2026-05-29,122400,720,859,269,148.05,REPEATEDHITS,False,False,False,122400,0,198154070309.0,11,ASK,LONG,1.0
PEP,2026-05-18 15:09:31.738348+00:00,CALL,149.0,2026-06-18,75839,205,211,0,148.94,REPEATEDHITSDESCENDINGFILL,False,False,False,75839,0,198154070309.0,31,ASK,LONG,1.0
PEP,2026-05-18 14:13:00.703604+00:00,CALL,150.0,2026-06-12,96300,321,323,27,149.04,REPEATEDHITS,False,False,False,96300,0,198154070309.0,25,ASK,LONG,1.0
PEP,2026-05-15 15:08:07.017873+00:00,CALL,150.0,2026-05-15,78010,2002,2655,391,149.43,REPEATEDHITS,False,False,False,39,77971,198154070309.0,0,BID,SHORT,0.5
PEP,2026-05-14 17:44:32.197191+00:00,PUT,149.0,2026-05-22,60480,288,326,84,149.19,REPEATEDHITS,False,False,False,0,60480,198154070309.0,8,BID,LONG,0.5
PEP,2026-05-13 17:26:45.334496+00:00,PUT,150.0,2026-08-21,180630,223,232,2,149.44,REPEATEDHITS,False,False,False,179010,1620,198154070309.0,100,ASK,SHORT,1.0
PEP,2026-05-12 17:02:03.431647+00:00,PUT,145.0,2026-11-20,243285,331,335,166,152.68,REPEATEDHITS,False,False,False,242550,735,198154070309.0,192,ASK,SHORT,1.0
PEP,2026-05-11 14:29:51.304322+00:00,CALL,150.0,2026-06-26,70200,120,126,0,152.105,REPEATEDHITS,False,False,False,70200,0,198154070309.0,46,ASK,LONG,1.0
PH,2026-07-08 13:59:41.112113+00:00,PUT,960.0,2026-08-21,314050,55,55,18,945.58,REPEATEDHITS,True,False,False,314050,0,120728978331.0,44,ASK,SHORT,1.0
PH,2026-06-25 14:19:34.585442+00:00,CALL,1070.0,2027-02-19,153900,19,125,0,996.0,REPEATEDHITS,False,False,False,0,153900,120728978331.0,239,BID,SHORT,0.5
PH,2026-06-22 14:46:18.705061+00:00,PUT,970.0,2026-08-21,411600,70,70,2,951.855,REPEATEDHITS,False,False,False,11760,399840,120728978331.0,60,BID,LONG,0.5
PH,2026-06-18 13:53:05.760245+00:00,PUT,920.0,2026-07-17,74200,53,60,5,962.0,REPEATEDHITS,False,False,False,0,1400,120728978331.0,29,BID,LONG,0.5
PH,2026-06-17 15:23:02.814784+00:00,CALL,1000.0,2026-07-17,108327,84,84,16,950.7275,REPEATEDHITSDESCENDINGFILL,False,False,False,104487,3840,120728978331.0,30,ASK,LONG,1.0
PH,2026-06-17 14:24:17.612431+00:00,CALL,990.0,2026-07-17,105000,70,70,38,948.48,REPEATEDHITS,False,False,False,105000,0,120728978331.0,30,ASK,LONG,1.0
PH,2026-06-16 14:14:10.333530+00:00,CALL,1000.0,2026-08-21,117290,37,58,32,939.83,REPEATEDHITS,False,False,False,91930,0,120728978331.0,66,ASK,LONG,1.0
PH,2026-06-16 14:14:04.925010+00:00,CALL,970.0,2026-08-21,64500,15,15,14,939.83,REPEATEDHITS,True,False,False,64500,0,120728978331.0,66,ASK,LONG,1.0
PH,2026-06-05 19:26:50.997198+00:00,CALL,900.0,2026-07-17,198800,70,70,10,876.0901,REPEATEDHITS,False,False,False,0,198800,120728978331.0,42,BID,SHORT,0.5
PH,2026-06-05 15:53:13.707920+00:00,PUT,850.0,2026-07-17,384795,200,200,68,891.52,REPEATEDHITSDESCENDINGFILL,False,False,False,306075,78720,120728978331.0,42,ASK,SHORT,1.0
PH,2026-06-04 18:37:43.108526+00:00,PUT,820.0,2026-07-17,79892,49,52,8,866.02,REPEATEDHITSASCENDINGFILL,False,False,False,3280,76612,120728978331.0,43,BID,LONG,0.5
PH,2026-06-04 14:24:25.597447+00:00,PUT,910.0,2026-07-17,372000,60,60,0,861.435,REPEATEDHITS,False,False,False,0,372000,120728978331.0,43,BID,LONG,0.5
PH,2026-06-03 19:24:29.103332+00:00,PUT,860.0,2026-08-21,393840,72,72,42,853.725,REPEATEDHITS,False,False,False,393840,0,120728978331.0,79,ASK,SHORT,1.0
PH,2026-06-02 18:44:09.193441+00:00,PUT,840.0,2026-06-18,172040,68,68,34,835.445,REPEATEDHITS,False,False,False,0,172040,120728978331.0,16,BID,LONG,0.5
PH,2026-06-02 14:57:25.356829+00:00,PUT,850.0,2026-07-17,262260,62,62,5,834.3525,REPEATEDHITS,False,False,False,0,262260,120728978331.0,45,BID,LONG,0.5
PH,2026-05-29 17:55:14.870823+00:00,CALL,1010.0,2026-08-21,71760,78,80,18,847.26,REPEATEDHITS,False,False,False,0,71760,120728978331.0,84,BID,SHORT,0.5
PH,2026-05-26 14:55:30.515625+00:00,PUT,870.0,2026-07-17,358068,96,96,6,868.67,REPEATEDHITSDESCENDINGFILL,False,False,False,358068,0,120728978331.0,52,ASK,SHORT,1.0
PH,2026-05-22 14:27:28.864008+00:00,PUT,860.0,2026-08-21,135820,29,30,11,868.41,REPEATEDHITSDESCENDINGFILL,True,False,False,14100,121720,120728978331.0,91,BID,LONG,0.5
PH,2026-05-22 14:27:28.864008+00:00,PUT,820.0,2026-08-21,119619,39,39,27,868.41,REPEATEDHITSDESCENDINGFILL,True,False,False,79819,39800,120728978331.0,91,ASK,SHORT,1.0
PH,2026-05-21 18:02:01.213336+00:00,CALL,860.0,2026-08-21,251740,41,296,9,866.29,REPEATEDHITS,False,False,False,0,251740,120728978331.0,92,BID,SHORT,0.5
PH,2026-05-19 19:22:32.799996+00:00,PUT,870.0,2026-11-20,203499,25,26,5,853.22,REPEATEDHITS,False,False,False,203499,0,120728978331.0,185,ASK,SHORT,1.0
PLTR,2026-07-07 18:01:32.644385+00:00,PUT,138.0,2026-07-10,108672,384,1253,363,138.5,REPEATEDHITS,False,False,False,108672,0,308523105150.0,3,ASK,SHORT,1.0
PLTR,2026-07-07 16:50:59.867289+00:00,PUT,138.0,2026-07-17,75600,140,406,58,137.1897,REPEATEDHITS,True,False,False,0,32400,308523105150.0,10,BID,LONG,0.5
PLTR,2026-07-07 14:15:01.140404+00:00,PUT,133.0,2026-07-10,300943,836,5507,657,131.97,REPEATEDHITSDESCENDINGFILL,False,False,False,299863,1080,308523105150.0,3,ASK,SHORT,1.0
PLTR,2026-07-06 19:58:31.254554+00:00,PUT,134.0,2026-07-17,113000,200,318,53,132.588,REPEATEDHITS,False,False,False,11300,77405,308523105150.0,11,BID,LONG,0.5
PLTR,2026-07-06 18:12:51.879393+00:00,CALL,210.0,2026-10-16,92500,500,573,498,131.9,REPEATEDHITS,False,False,False,92500,0,308523105150.0,102,ASK,LONG,1.0
PLTR,2026-07-02 19:16:58.235122+00:00,PUT,131.0,2026-07-17,119000,200,524,111,129.8551,REPEATEDHITS,False,False,False,0,107100,308523105150.0,15,BID,LONG,0.5
PLTR,2026-07-02 19:07:17.534812+00:00,PUT,136.0,2026-07-17,400410,455,456,5,130.2199,REPEATEDHITS,False,False,False,379280,21130,308523105150.0,15,ASK,SHORT,1.0
PLTR,2026-07-02 19:07:17.534812+00:00,PUT,134.0,2026-07-10,616390,1018,1078,146,130.2199,REPEATEDHITSDESCENDINGFILL,False,False,False,541975,74415,308523105150.0,8,ASK,SHORT,1.0
PLTR,2026-07-02 18:11:48.347403+00:00,PUT,104.0,2026-08-07,71550,450,564,62,131.37,REPEATEDHITS,False,False,False,0,71550,308523105150.0,36,BID,LONG,0.5
PLTR,2026-07-02 14:55:16.823665+00:00,PUT,148.0,2026-07-31,50125,25,25,8,129.65,REPEATEDHITS,True,False,False,0,50125,308523105150.0,29,BID,LONG,0.5
PLTR,2026-07-02 13:42:53.537202+00:00,CALL,143.0,2026-07-10,85690,898,2190,292,132.145,REPEATEDHITSASCENDINGFILL,True,False,False,7606,77419,308523105150.0,8,BID,SHORT,0.5
PLTR,2026-07-01 15:33:42.913266+00:00,PUT,118.0,2026-07-17,189445,966,1077,636,126.92,REPEATEDHITSASCENDINGFILL,True,False,False,51547,137898,308523105150.0,16,BID,LONG,0.5
PLTR,2026-07-01 15:33:31.489022+00:00,CALL,133.0,2026-07-24,257500,592,692,225,127.15,REPEATEDHITSASCENDINGFILL,False,False,False,257500,0,308523105150.0,23,ASK,LONG,1.0
PLTR,2026-07-01 15:33:31.489022+00:00,CALL,133.0,2026-07-24,155730,358,1050,225,127.09,REPEATEDHITS,False,False,False,137025,18705,308523105150.0,23,ASK,LONG,1.0
PLTR,2026-07-01 15:17:25.200497+00:00,PUT,133.0,2026-07-24,262615,275,351,75,127.54,REPEATEDHITS,True,False,False,0,262615,308523105150.0,23,BID,LONG,0.5
PLTR,2026-07-01 15:16:08.099628+00:00,PUT,128.0,2026-07-24,92435,139,257,107,127.53,REPEATEDHITS,True,False,False,0,92435,308523105150.0,23,BID,LONG,0.5
PLTR,2026-06-29 15:02:23.367923+00:00,CALL,126.0,2026-07-17,100962,426,707,318,117.54,REPEATEDHITS,False,False,False,0,100962,308523105150.0,18,BID,SHORT,0.5
PLTR,2026-06-29 13:35:55.306994+00:00,PUT,116.0,2026-07-02,121088,473,1021,459,116.3289,REPEATEDHITS,False,False,False,121088,0,308523105150.0,3,ASK,SHORT,1.0
PLTR,2026-06-29 13:34:48.791572+00:00,CALL,117.0,2026-07-31,105120,144,431,81,117.042,REPEATEDHITS,True,False,False,10950,87600,308523105150.0,32,BID,SHORT,0.5
PLTR,2026-06-29 13:34:11.690231+00:00,CALL,117.0,2026-07-31,115020,162,209,81,116.79,REPEATEDHITS,True,False,False,0,115020,308523105150.0,32,BID,SHORT,0.5
PLTR,2026-06-26 14:07:10.611977+00:00,CALL,112.0,2026-07-02,274000,1000,3066,962,111.04,REPEATEDHITS,False,False,False,274000,0,308523105150.0,6,ASK,LONG,1.0
PLTR,2026-06-25 19:54:02.729927+00:00,CALL,110.0,2026-07-02,197734,829,15362,393,107.74,REPEATEDHITSASCENDINGFILL,True,False,False,0,194651,308523105150.0,7,BID,SHORT,0.5
PLTR,2026-06-25 19:37:29.064954+00:00,CALL,110.0,2026-07-02,189548,943,14442,393,106.9,REPEATEDHITS,False,False,False,0,188538,308523105150.0,7,BID,SHORT,0.5
PLTR,2026-06-25 19:36:13.886252+00:00,PUT,106.0,2026-07-02,66500,250,2066,197,107.095,REPEATEDHITS,False,False,False,66500,0,308523105150.0,7,ASK,SHORT,1.0
PLTR,2026-06-25 19:28:10.243819+00:00,PUT,107.0,2026-07-02,105212,334,4749,329,107.02,REPEATEDHITSASCENDINGFILL,False,False,False,0,104897,308523105150.0,7,BID,LONG,0.5
PLTR,2026-06-25 19:23:48.517934+00:00,PUT,107.0,2026-07-02,150000,500,4405,329,107.285,REPEATEDHITS,False,False,False,0,150000,308523105150.0,7,BID,LONG,0.5
PLTR,2026-06-25 16:21:31.501981+00:00,PUT,106.0,2026-06-26,118525,1500,12489,711,107.82,REPEATEDHITSDESCENDINGFILL,False,False,False,0,116525,308523105150.0,1,BID,LONG,0.5
PLTR,2026-06-25 16:00:10.184825+00:00,CALL,105.0,2026-07-02,144761,329,1383,234,106.9,REPEATEDHITS,False,False,False,0,144761,308523105150.0,7,BID,SHORT,0.5
PLTR,2026-06-25 16:00:03.179794+00:00,CALL,105.0,2026-07-02,106800,240,510,234,106.89,REPEATEDHITS,False,False,False,0,106800,308523105150.0,7,BID,SHORT,0.5
PLTR,2026-06-25 14:48:55.131724+00:00,CALL,105.0,2026-06-26,88400,260,1304,69,107.65,REPEATEDHITS,False,False,False,82960,5440,308523105150.0,1,ASK,LONG,1.0
PLTR,2026-06-25 14:48:55.131724+00:00,CALL,105.0,2026-06-26,110055,319,1044,69,107.68,REPEATEDHITS,True,False,False,110055,0,308523105150.0,1,ASK,LONG,1.0
PLTR,2026-06-25 14:48:55.131724+00:00,CALL,105.0,2026-06-26,198363,592,2035,69,107.6255,REPEATEDHITSASCENDINGFILL,True,False,False,94470,103893,308523105150.0,1,BID,SHORT,0.5
PLTR,2026-06-25 14:48:55.131724+00:00,CALL,105.0,2026-06-26,63031,191,2226,69,107.541,REPEATEDHITS,False,False,False,40590,22441,308523105150.0,1,ASK,LONG,1.0
PLTR,2026-06-25 14:01:18.699348+00:00,PUT,107.0,2026-07-02,164670,499,1265,329,107.43,REPEATEDHITS,False,False,False,164670,0,308523105150.0,7,ASK,SHORT,1.0
PLTR,2026-06-25 13:54:11.190913+00:00,PUT,104.0,2026-07-02,56309,306,664,71,107.9501,REPEATEDHITSDESCENDINGFILL,True,False,False,925,55384,308523105150.0,7,BID,LONG,0.5
PLTR,2026-06-25 13:54:11.190913+00:00,PUT,106.0,2026-07-02,190500,750,984,197,108.005,REPEATEDHITS,True,False,False,0,190500,308523105150.0,7,BID,LONG,0.5
PLTR,2026-06-25 13:54:11.190913+00:00,PUT,109.0,2026-07-02,128770,326,797,218,107.9501,REPEATEDHITS,False,False,False,0,128770,308523105150.0,7,BID,LONG,0.5
PLTR,2026-06-25 13:36:09.968629+00:00,CALL,111.0,2026-07-02,77851,284,944,106,109.38,REPEATEDHITSDESCENDINGFILL,False,False,False,0,77851,308523105150.0,7,BID,SHORT,0.5
PLTR,2026-06-25 13:33:05.075506+00:00,PUT,107.0,2026-06-26,133974,1445,1978,383,109.6,REPEATEDHITSASCENDINGFILL,False,False,False,48598,85376,308523105150.0,1,BID,LONG,0.5
PLTR,2026-06-24 19:58:41.083179+00:00,CALL,110.0,2026-07-02,181174,320,752,113,113.475,REPEATEDHITSASCENDINGFILL,True,False,False,0,181174,308523105150.0,8,BID,SHORT,0.5
PLTR,2026-06-24 19:42:38.050664+00:00,CALL,175.0,2027-03-19,524054,643,893,607,113.58,REPEATEDHITSASCENDINGFILL,False,False,False,820,523234,308523105150.0,268,BID,SHORT,0.5
PLTR,2026-06-24 18:09:54.212125+00:00,CALL,112.0,2026-06-26,109200,400,2347,33,113.07,REPEATEDHITS,False,False,False,0,109200,308523105150.0,2,BID,SHORT,0.5
PLTR,2026-06-24 16:06:50.283025+00:00,CALL,113.0,2026-07-17,66960,108,1123,14,113.639,REPEATEDHITS,True,False,False,30380,34100,308523105150.0,23,BID,SHORT,0.5
PLTR,2026-06-24 16:06:50.283025+00:00,CALL,113.0,2026-07-17,142095,229,1015,14,113.63,REPEATEDHITS,True,False,False,26775,115320,308523105150.0,23,BID,SHORT,0.5
PLTR,2026-06-24 16:06:50.283025+00:00,CALL,113.0,2026-07-17,129580,209,1340,14,113.64,REPEATEDHITS,True,False,False,68820,40920,308523105150.0,23,ASK,LONG,1.0
PLTR,2026-06-24 16:06:47.677984+00:00,CALL,113.0,2026-07-17,203750,326,354,14,113.66,REPEATEDHITS,True,False,False,26875,176250,308523105150.0,23,BID,SHORT,0.5
PLTR,2026-06-24 16:06:47.677984+00:00,CALL,113.0,2026-07-17,222180,358,786,14,113.65,REPEATEDHITSASCENDINGFILL,True,False,False,0,205930,308523105150.0,23,BID,SHORT,0.5
PLTR,2026-06-24 15:59:36.370608+00:00,CALL,110.0,2026-07-10,250850,346,1816,74,114.145,REPEATEDHITS,False,False,False,32625,218225,308523105150.0,16,BID,SHORT,0.5
PLTR,2026-06-24 15:59:31.365568+00:00,CALL,110.0,2026-07-10,796330,1092,1321,74,114.14,REPEATEDHITSDESCENDINGFILL,False,False,False,336315,435365,308523105150.0,16,BID,SHORT,0.5
PLTR,2026-06-24 15:59:31.365568+00:00,CALL,110.0,2026-07-10,107300,148,1469,74,114.14,REPEATEDHITS,False,False,False,104400,2900,308523105150.0,16,ASK,LONG,1.0
POET,2026-07-08 14:11:04.757700+00:00,PUT,8.0,2026-08-21,119745,1088,1614,884,8.525,REPEATEDHITS,True,False,False,7215,112530,1094044412.0,44,BID,LONG,0.5
POET,2026-06-30 19:52:29.347767+00:00,CALL,12.0,2026-08-21,70971,577,930,441,10.25,REPEATEDHITS,False,False,False,0,70971,1094044412.0,52,BID,SHORT,0.5
POET,2026-06-29 17:48:19.219228+00:00,CALL,10.0,2026-08-07,140600,925,952,2,9.915,REPEATEDHITS,False,False,False,0,140600,1094044412.0,39,BID,SHORT,0.5
POET,2026-06-29 17:27:24.257966+00:00,CALL,10.5,2026-07-10,52820,1000,1149,83,9.91,REPEATEDHITSDESCENDINGFILL,False,False,False,0,52820,1094044412.0,11,BID,SHORT,0.5
POET,2026-06-29 17:11:16.434747+00:00,CALL,9.5,2026-08-07,80820,449,2962,90,9.97,REPEATEDHITS,False,False,False,80820,0,1094044412.0,39,ASK,LONG,1.0
POET,2026-06-29 16:49:22.636952+00:00,CALL,10.5,2026-07-31,99000,900,922,27,9.785,REPEATEDHITS,False,False,False,32890,0,1094044412.0,32,ASK,LONG,1.0
POET,2026-06-29 14:07:00.299124+00:00,CALL,11.0,2026-08-21,30969,333,671,267,8.96,REPEATEDHITS,False,False,False,0,30969,1094044412.0,53,BID,SHORT,0.5
POET,2026-06-26 19:00:43.809298+00:00,PUT,7.5,2026-07-02,33296,4162,4210,218,9.32,REPEATEDHITS,False,False,False,33256,40,1094044412.0,6,ASK,SHORT,1.0
POET,2026-06-26 14:18:21.996263+00:00,CALL,13.0,2026-11-20,91675,463,655,190,9.705,REPEATEDHITS,False,False,False,0,91675,1094044412.0,147,BID,SHORT,0.5
POET,2026-06-25 18:02:21.828277+00:00,CALL,9.5,2026-07-31,33540,172,241,1,10.24,REPEATEDHITS,False,False,False,20475,13065,1094044412.0,36,ASK,LONG,1.0
POET,2026-06-25 15:47:19.315246+00:00,CALL,10.0,2026-07-31,503664,2998,7126,10,10.14,REPEATEDHITS,False,False,False,0,503664,1094044412.0,36,BID,SHORT,0.5
POET,2026-06-25 13:52:11.315902+00:00,PUT,6.0,2026-08-21,10038,251,498,8,9.9647,REPEATEDHITS,False,False,False,10000,38,1094044412.0,57,ASK,SHORT,1.0
POET,2026-06-24 14:15:17.622542+00:00,CALL,11.0,2026-07-31,439861,2000,2034,341,11.395,REPEATEDHITSASCENDINGFILL,False,False,False,439861,0,1094044412.0,37,ASK,LONG,1.0
POET,2026-06-24 13:59:48.982234+00:00,CALL,13.0,2026-08-21,573573,3003,9314,215,11.4,REPEATEDHITS,False,False,False,366147,0,1094044412.0,58,ASK,LONG,1.0
POET,2026-06-24 13:57:18.089158+00:00,CALL,13.0,2026-08-21,522000,3000,3010,215,11.14,REPEATEDHITS,False,False,False,459360,62640,1094044412.0,58,ASK,LONG,1.0
POET,2026-06-23 18:53:55.224183+00:00,PUT,11.0,2026-08-21,34875,155,212,125,10.7902,REPEATEDHITS,False,False,False,1125,0,1094044412.0,59,ASK,SHORT,1.0
POET,2026-06-22 17:53:14.060150+00:00,CALL,15.0,2026-08-21,12900,75,184,13,12.265,REPEATEDHITS,False,False,False,12900,0,1094044412.0,60,ASK,LONG,1.0
POET,2026-06-22 17:28:14.895692+00:00,PUT,11.0,2026-08-21,10801,60,74,2,12.095,REPEATEDHITSASCENDINGFILL,False,False,False,2172,8449,1094044412.0,60,BID,LONG,0.5
POET,2026-06-18 19:40:03.070582+00:00,CALL,20.0,2026-08-21,11666,134,1009,0,12.0,REPEATEDHITSDESCENDINGFILL,True,False,False,176,11138,1094044412.0,64,BID,SHORT,0.5
POET,2026-06-18 19:39:29.632763+00:00,CALL,20.0,2026-08-21,11481,129,226,0,11.9721,REPEATEDHITS,False,False,False,5518,0,1094044412.0,64,ASK,LONG,1.0
POET,2026-06-18 16:35:36.168742+00:00,PUT,11.0,2026-07-02,14950,230,1014,221,12.09,REPEATEDHITS,True,False,False,14950,0,1094044412.0,14,ASK,SHORT,1.0
POET,2026-06-18 16:35:14.335326+00:00,CALL,16.0,2026-07-31,74480,784,884,98,12.025,REPEATEDHITS,True,False,False,74480,0,1094044412.0,43,ASK,LONG,1.0
POET,2026-06-18 15:12:43.505828+00:00,PUT,5.0,2026-07-17,57360,9560,10010,4733,12.09,REPEATEDHITS,False,False,False,57360,0,1094044412.0,29,ASK,SHORT,1.0
POET,2026-06-16 16:00:12.521539+00:00,CALL,14.0,2026-07-31,196980,804,809,74,13.2663,REPEATEDHITS,False,False,False,0,0,1094044412.0,45,MIXED,,0.0
POET,2026-06-15 17:45:37.615765+00:00,CALL,15.0,2026-07-02,375942,2000,2314,925,14.645,REPEATEDHITSASCENDINGFILL,False,False,False,0,375942,1094044412.0,17,BID,SHORT,0.5
POET,2026-06-15 17:04:44.621548+00:00,CALL,18.0,2026-07-02,10000,100,460,90,14.615,REPEATEDHITS,True,False,False,10000,0,1094044412.0,17,ASK,LONG,1.0
POET,2026-06-15 15:50:15.396800+00:00,CALL,15.5,2026-07-31,12756,50,50,0,14.3177,REPEATEDHITSDESCENDINGFILL,False,False,False,12756,0,1094044412.0,46,ASK,LONG,1.0
POET,2026-06-15 15:45:53.039448+00:00,CALL,15.5,2026-07-24,418124,1918,6842,38,14.125,REPEATEDHITS,True,False,False,283182,26160,1094044412.0,39,ASK,LONG,1.0
POET,2026-06-15 15:28:03.299533+00:00,CALL,15.5,2026-07-24,718160,3420,3894,38,13.785,REPEATEDHITSASCENDINGFILL,False,False,False,718160,0,1094044412.0,39,ASK,LONG,1.0
POET,2026-06-12 15:44:11.781853+00:00,PUT,9.0,2026-07-10,31261,613,1248,36,12.54,REPEATEDHITS,False,False,False,31212,49,1094044412.0,28,ASK,SHORT,1.0
POET,2026-06-12 15:42:44.662749+00:00,PUT,11.5,2026-06-18,11067,217,894,75,12.55,REPEATEDHITS,False,False,False,11067,0,1094044412.0,6,ASK,SHORT,1.0
POET,2026-06-12 15:03:17.044021+00:00,CALL,11.0,2026-07-31,113050,350,350,6,12.6201,REPEATEDHITS,False,False,False,4845,108205,1094044412.0,49,BID,SHORT,0.5
POET,2026-06-12 14:28:29.372084+00:00,PUT,12.0,2026-07-24,55266,302,702,22,12.66,REPEATEDHITS,False,False,False,0,55266,1094044412.0,42,BID,LONG,0.5
POET,2026-06-12 13:39:25.659653+00:00,CALL,12.0,2026-07-31,216744,1000,1000,81,11.5165,REPEATEDHITSASCENDINGFILL,False,False,False,215888,856,1094044412.0,49,ASK,LONG,1.0
POET,2026-06-12 13:36:57.023736+00:00,CALL,11.0,2026-07-24,234000,1000,6251,146,11.45,REPEATEDHITS,False,False,False,142272,44928,1094044412.0,42,ASK,LONG,1.0
POET,2026-06-12 13:34:17.674161+00:00,CALL,11.0,2026-07-24,77000,350,4371,146,11.34,REPEATEDHITS,True,False,False,0,77000,1094044412.0,42,BID,SHORT,0.5
POET,2026-06-10 17:15:12.109596+00:00,PUT,9.0,2026-06-26,26469,519,523,329,10.945,REPEATEDHITS,False,False,False,26418,0,1094044412.0,16,ASK,SHORT,1.0
POET,2026-06-09 19:22:45.747142+00:00,CALL,11.0,2026-06-12,10922,200,3724,105,10.605,REPEATEDHITS,False,False,False,6710,4212,1094044412.0,3,ASK,LONG,1.0
POET,2026-06-09 16:00:17.022155+00:00,CALL,11.0,2026-06-12,14100,300,1770,105,10.51,REPEATEDHITS,True,False,False,14100,0,1094044412.0,3,ASK,LONG,1.0
POET,2026-06-09 15:58:26.812264+00:00,PUT,8.0,2026-07-10,11826,219,542,33,10.505,REPEATEDHITS,False,False,False,8694,3132,1094044412.0,31,ASK,SHORT,1.0
POET,2026-06-09 15:31:15.299754+00:00,CALL,11.0,2026-06-12,16960,320,1396,105,10.6801,REPEATEDHITS,False,False,False,3975,12985,1094044412.0,3,BID,SHORT,0.5
POET,2026-06-09 15:30:25.426564+00:00,PUT,10.5,2026-06-12,136192,2432,2870,1953,10.765,REPEATEDHITS,False,False,False,0,136192,1094044412.0,3,BID,LONG,0.5
POET,2026-06-09 15:17:44.923318+00:00,CALL,12.5,2026-07-10,13680,114,5878,20,11.15,REPEATEDHITS,False,False,False,0,13680,1094044412.0,31,BID,SHORT,0.5
POET,2026-06-08 15:46:27.805630+00:00,CALL,17.0,2026-06-12,15845,3167,3520,1755,12.9399,REPEATEDHITS,False,False,False,0,15845,1094044412.0,4,BID,SHORT,0.5
POET,2026-06-05 18:57:29.073503+00:00,CALL,13.0,2026-07-02,61824,483,1130,289,11.97,REPEATEDHITS,False,False,False,0,61824,1094044412.0,27,BID,SHORT,0.5
POET,2026-06-05 16:25:40.481695+00:00,PUT,9.0,2026-06-12,22906,1762,1955,305,12.385,REPEATEDHITS,False,False,False,22906,0,1094044412.0,7,ASK,SHORT,1.0
POET,2026-06-04 19:52:06.045589+00:00,PUT,11.0,2026-06-12,49000,3500,6465,1075,15.915,FLOORTRADEMIDCAP,False,True,False,49000,0,1094044412.0,8,ASK,SHORT,1.0
POET,2026-06-04 19:43:12.935950+00:00,PUT,11.0,2026-06-12,15816,1318,1461,1075,15.6528,REPEATEDHITS,False,False,False,15684,0,1094044412.0,8,ASK,SHORT,1.0
POET,2026-06-04 17:54:34.421170+00:00,PUT,14.0,2026-07-10,127494,787,1436,179,15.5,REPEATEDHITS,False,False,False,0,127494,1094044412.0,36,BID,LONG,0.5
POET,2026-06-04 17:54:12.198857+00:00,PUT,16.0,2026-07-02,10865,41,50,0,15.44,REPEATEDHITS,True,False,False,10600,265,1094044412.0,28,ASK,SHORT,1.0
POWL,2026-07-02 18:32:09.666540+00:00,PUT,266.67,2026-12-18,914760,132,239,77,246.51,REPEATEDHITS,False,False,False,304920,0,8526827448.0,169,ASK,SHORT,1.0
POWL,2026-07-02 18:31:18.807395+00:00,PUT,266.67,2026-12-18,669120,96,107,77,246.27,REPEATEDHITS,False,False,False,669120,0,8526827448.0,169,ASK,SHORT,1.0
POWL,2026-06-24 18:21:56.607241+00:00,CALL,310.0,2026-12-18,394910,58,62,26,293.3901,REPEATEDHITSDESCENDINGFILL,False,False,False,238700,156210,8526827448.0,177,ASK,LONG,1.0
POWL,2026-06-23 14:48:06.950487+00:00,PUT,300.0,2026-07-17,572300,194,194,36,292.16,REPEATEDHITS,False,False,False,572300,0,8526827448.0,24,ASK,SHORT,1.0
POWL,2026-06-23 13:40:32.901621+00:00,CALL,290.0,2026-08-21,464400,108,108,21,284.44,REPEATEDHITS,False,False,False,464400,0,8526827448.0,59,ASK,LONG,1.0
POWL,2026-06-22 17:07:04.815115+00:00,PUT,260.0,2026-07-17,125580,138,202,40,303.04,REPEATEDHITS,False,False,False,125580,0,8526827448.0,25,ASK,SHORT,1.0
POWL,2026-06-22 15:19:20.881713+00:00,PUT,260.0,2026-07-17,48720,58,62,40,306.26,REPEATEDHITS,False,False,False,48720,0,8526827448.0,25,ASK,SHORT,1.0
POWL,2026-06-18 19:34:00.715380+00:00,CALL,330.0,2026-08-21,292400,85,86,23,297.33,REPEATEDHITS,False,False,False,292400,0,8526827448.0,64,ASK,LONG,1.0
POWL,2026-06-15 13:40:35.448255+00:00,CALL,310.0,2026-08-21,415781,93,93,63,301.97,REPEATEDHITSASCENDINGFILL,True,False,False,4520,406781,8526827448.0,67,BID,SHORT,0.5
POWL,2026-06-11 14:36:51.277483+00:00,CALL,286.67,2026-08-21,1268997,270,270,22,282.01,REPEATEDHITS,False,False,False,1268997,0,8526827448.0,71,ASK,LONG,1.0
POWL,2026-06-10 19:19:57.703798+00:00,CALL,340.0,2026-07-17,52800,66,68,54,266.33,REPEATEDHITS,False,False,False,0,52800,8526827448.0,37,BID,SHORT,0.5
POWL,2026-06-09 16:09:47.057852+00:00,PUT,290.0,2026-07-17,302610,77,82,8,273.53,REPEATEDHITS,False,False,False,0,302610,8526827448.0,38,BID,LONG,0.5
POWL,2026-06-08 17:25:17.242872+00:00,PUT,270.0,2026-07-17,390670,176,177,91,290.1,REPEATEDHITS,False,False,False,390670,0,8526827448.0,39,ASK,SHORT,1.0
POWL,2026-06-08 16:14:57.379526+00:00,PUT,240.0,2026-06-18,37259,162,166,113,294.445,REPEATEDHITS,False,False,False,37259,0,8526827448.0,10,ASK,SHORT,1.0
POWL,2026-06-05 19:17:44.939604+00:00,CALL,350.0,2026-07-17,198440,160,162,29,284.11,REPEATEDHITSDESCENDINGFILL,False,False,False,34760,163680,8526827448.0,42,BID,SHORT,0.5
POWL,2026-06-04 16:49:52.467828+00:00,CALL,310.0,2026-07-17,362998,121,121,118,299.07,REPEATEDHITS,False,False,False,362998,0,8526827448.0,43,ASK,LONG,1.0
POWL,2026-06-04 15:49:48.163898+00:00,PUT,280.0,2026-07-17,190800,72,72,33,292.34,REPEATEDHITS,False,False,False,190800,0,8526827448.0,43,ASK,SHORT,1.0
POWL,2026-06-03 14:59:10.741687+00:00,CALL,310.0,2026-08-21,209840,43,50,23,301.94,REPEATEDHITS,False,False,False,209840,0,8526827448.0,79,ASK,LONG,1.0
POWL,2026-06-02 13:57:38.950320+00:00,CALL,370.0,2026-06-18,14570,62,63,18,287.0,REPEATEDHITS,False,False,False,0,14570,8526827448.0,16,BID,SHORT,0.5
POWL,2026-05-29 14:16:31.367488+00:00,PUT,270.0,2026-07-17,214650,81,81,11,282.21,REPEATEDHITS,False,False,False,214650,0,8526827448.0,49,ASK,SHORT,1.0
POWL,2026-05-28 17:55:50.862241+00:00,PUT,320.0,2026-07-17,575167,113,113,4,290.945,REPEATEDHITS,False,False,False,575167,0,8526827448.0,50,ASK,SHORT,1.0
POWL,2026-05-27 16:12:17.159862+00:00,PUT,250.0,2026-07-17,637563,396,396,335,290.0,REPEATEDHITS,False,False,False,0,637563,8526827448.0,51,BID,LONG,0.5
POWL,2026-05-27 13:54:40.780952+00:00,PUT,185.0,2026-07-17,13530,41,41,17,286.285,REPEATEDHITS,False,False,False,0,13530,8526827448.0,51,BID,LONG,0.5
POWL,2026-05-22 18:09:58.103775+00:00,PUT,230.0,2026-06-18,83440,149,153,67,280.14,REPEATEDHITS,False,False,False,0,83440,8526827448.0,27,BID,LONG,0.5
POWL,2026-05-21 14:09:14.787162+00:00,CALL,340.0,2026-06-18,156606,270,280,37,273.75,REPEATEDHITSASCENDINGFILL,False,False,False,0,156606,8526827448.0,28,BID,SHORT,0.5
POWL,2026-05-20 15:42:31.706058+00:00,CALL,300.0,2026-07-17,502250,205,205,117,272.7,REPEATEDHITS,False,False,False,502250,0,8526827448.0,58,ASK,LONG,1.0
POWL,2026-05-20 14:44:05.952758+00:00,CALL,360.0,2026-06-18,44400,120,133,16,268.03,REPEATEDHITS,False,False,False,44400,0,8526827448.0,29,ASK,LONG,1.0
POWL,2026-05-19 17:22:03.560956+00:00,PUT,195.0,2026-07-17,191874,246,257,41,265.7,REPEATEDHITSDESCENDINGFILL,False,False,False,191874,0,8526827448.0,59,ASK,SHORT,1.0
POWL,2026-05-18 15:42:13.218825+00:00,PUT,220.0,2026-06-18,265640,345,378,98,262.94,REPEATEDHITSDESCENDINGFILL,False,False,False,257170,8470,8526827448.0,31,ASK,SHORT,1.0
POWL,2026-05-15 19:55:15.302422+00:00,PUT,330.0,2026-11-20,63840,7,7,0,293.235,REPEATEDHITS,False,False,False,0,63840,8526827448.0,189,BID,LONG,0.5
POWL,2026-05-13 19:17:00.888744+00:00,CALL,300.0,2026-07-17,342281,86,88,31,299.985,REPEATEDHITS,False,False,False,0,342281,8526827448.0,65,BID,SHORT,0.5
POWL,2026-05-13 17:36:47.338679+00:00,CALL,310.0,2026-05-15,57125,136,137,32,301.17,REPEATEDHITS,False,False,False,0,57125,8526827448.0,2,BID,SHORT,0.5
POWL,2026-05-12 17:04:24.058315+00:00,PUT,280.0,2026-06-18,215119,106,110,24,297.805,REPEATEDHITSASCENDINGFILL,False,False,False,202939,12180,8526827448.0,37,ASK,SHORT,1.0
POWL,2026-05-11 18:56:32.460826+00:00,CALL,320.0,2026-12-18,1730457,191,191,17,326.4,REPEATEDHITSDESCENDINGFILL,False,False,False,1730457,0,8526827448.0,221,ASK,LONG,1.0
POWL,2026-05-11 17:25:09.330520+00:00,CALL,370.0,2026-11-20,44800,7,55,0,321.975,REPEATEDHITS,False,False,False,44800,0,8526827448.0,193,ASK,LONG,1.0
POWL,2026-05-11 17:24:54.898222+00:00,CALL,370.0,2026-11-20,44800,7,48,0,322.0,REPEATEDHITS,False,False,False,44800,0,8526827448.0,193,ASK,LONG,1.0
POWL,2026-05-11 17:24:42.668418+00:00,CALL,370.0,2026-11-20,128000,20,41,0,322.0,REPEATEDHITS,False,False,False,128000,0,8526827448.0,193,ASK,LONG,1.0
POWL,2026-05-11 15:44:37.841820+00:00,CALL,320.0,2026-06-18,132000,44,54,40,315.96,REPEATEDHITS,False,False,False,132000,0,8526827448.0,38,ASK,LONG,1.0
RBLX,2026-07-08 14:56:03.129917+00:00,CALL,55.0,2026-08-07,131890,242,242,13,54.5,REPEATEDHITS,False,False,False,131890,0,38086197364.0,30,ASK,LONG,1.0
RBLX,2026-07-08 14:35:44.593207+00:00,PUT,54.0,2026-08-07,111230,206,206,11,54.17,REPEATEDHITS,False,False,False,111230,0,38086197364.0,30,ASK,SHORT,1.0
RBLX,2026-07-08 14:02:30.893988+00:00,CALL,58.0,2026-07-17,67602,516,612,277,54.7,REPEATEDHITSASCENDINGFILL,True,False,False,660,66810,38086197364.0,9,BID,SHORT,0.5
RBLX,2026-07-07 17:46:49.903068+00:00,PUT,52.0,2026-07-10,14053,611,632,256,56.93,REPEATEDHITS,False,False,False,0,14053,38086197364.0,3,BID,LONG,0.5
RBLX,2026-07-06 18:57:26.434134+00:00,PUT,55.0,2026-07-17,720000,4000,5096,2219,57.55,FLOORTRADELARGECAP,False,True,True,720000,0,38086197364.0,11,ASK,SHORT,1.0
RBLX,2026-07-02 18:05:52.823765+00:00,CALL,58.0,2026-07-17,35472,215,240,132,54.39,REPEATEDHITS,False,False,False,35145,327,38086197364.0,15,ASK,LONG,1.0
RBLX,2026-07-02 14:03:08.304911+00:00,CALL,57.0,2026-07-10,13390,103,115,58,54.61,REPEATEDHITS,True,False,False,0,13390,38086197364.0,8,BID,SHORT,0.5
RBLX,2026-07-02 13:32:23.005908+00:00,CALL,53.0,2026-07-17,47520,132,133,106,53.77,REPEATEDHITS,True,False,False,47520,0,38086197364.0,15,ASK,LONG,1.0
RBLX,2026-07-01 19:37:06.925974+00:00,PUT,58.0,2026-07-10,17222,79,306,1,58.23,REPEATEDHITS,False,False,False,0,17004,38086197364.0,9,BID,LONG,0.5
RBLX,2026-07-01 17:39:23.400895+00:00,CALL,58.0,2026-07-02,40940,445,1202,283,57.83,REPEATEDHITS,False,False,False,0,40940,38086197364.0,1,BID,SHORT,0.5
RBLX,2026-07-01 16:59:47.728705+00:00,CALL,59.0,2026-07-02,30084,654,972,179,57.44,REPEATEDHITS,False,False,False,0,30084,38086197364.0,1,BID,SHORT,0.5
RBLX,2026-07-01 16:24:41.747372+00:00,PUT,50.0,2026-10-16,807856,1584,1586,670,57.12,REPEATEDHITS,False,False,False,0,807856,38086197364.0,107,BID,LONG,0.5
RBLX,2026-07-01 15:45:34.523890+00:00,CALL,61.0,2026-07-02,18940,947,970,71,57.77,REPEATEDHITS,False,False,False,20,18920,38086197364.0,1,BID,SHORT,0.5
RBLX,2026-07-01 15:41:02.118831+00:00,PUT,62.5,2027-01-15,91760,62,72,46,57.855,REPEATEDHITS,False,False,False,91760,0,38086197364.0,198,ASK,SHORT,1.0
RBLX,2026-07-01 15:04:50.838328+00:00,PUT,56.0,2026-07-02,20612,557,583,65,58.06,REPEATEDHITSASCENDINGFILL,False,False,False,77,20535,38086197364.0,1,BID,LONG,0.5
RBLX,2026-06-30 17:01:37.389322+00:00,PUT,53.0,2026-07-02,11134,293,654,242,55.82,REPEATEDHITS,False,False,False,0,11134,38086197364.0,2,BID,LONG,0.5
RBLX,2026-06-30 15:15:07.197095+00:00,PUT,35.0,2026-09-18,165046,2063,2069,1189,55.37,REPEATEDHITSASCENDINGFILL,False,False,False,0,165046,38086197364.0,80,BID,LONG,0.5
RBLX,2026-06-30 13:32:55.404171+00:00,CALL,54.0,2026-07-24,52920,108,108,76,55.1301,REPEATEDHITS,True,False,False,52430,0,38086197364.0,24,ASK,LONG,1.0
RBLX,2026-06-29 18:58:17.296991+00:00,CALL,57.0,2026-07-17,85398,331,392,26,54.63,REPEATEDHITS,False,False,False,85398,0,38086197364.0,18,ASK,LONG,1.0
RBLX,2026-06-29 18:29:17.246640+00:00,CALL,59.0,2026-07-17,34038,183,7560,100,54.57,REPEATEDHITS,False,False,False,34038,0,38086197364.0,18,ASK,LONG,1.0
RBLX,2026-06-29 16:43:19.652373+00:00,PUT,54.0,2026-07-10,12500,50,209,24,54.46,REPEATEDHITS,False,False,False,0,12500,38086197364.0,11,BID,LONG,0.5
RBLX,2026-06-29 16:12:04.952402+00:00,PUT,43.0,2026-07-17,21383,686,696,34,54.415,REPEATEDHITSDESCENDINGFILL,False,False,False,0,21383,38086197364.0,18,BID,LONG,0.5
RBLX,2026-06-29 15:48:17.452283+00:00,PUT,55.0,2026-07-02,10400,50,220,28,54.09,REPEATEDHITS,False,False,False,0,10400,38086197364.0,3,BID,LONG,0.5
RBLX,2026-06-29 15:35:32.175250+00:00,PUT,41.0,2026-07-31,14973,161,164,16,54.315,REPEATEDHITS,False,False,False,0,14973,38086197364.0,32,BID,LONG,0.5
RBLX,2026-06-29 14:52:10.535907+00:00,CALL,70.0,2026-07-31,63140,385,401,2,55.125,REPEATEDHITS,False,False,False,62320,820,38086197364.0,32,ASK,LONG,1.0
RBLX,2026-06-29 14:26:08.899027+00:00,CALL,56.0,2026-07-24,11550,35,76,6,53.835,REPEATEDHITS,False,False,False,7920,3630,38086197364.0,25,ASK,LONG,1.0
RBLX,2026-06-29 14:26:08.899027+00:00,CALL,56.0,2026-07-24,13530,41,147,6,53.835,REPEATEDHITS,False,False,False,13530,0,38086197364.0,25,ASK,LONG,1.0
RBLX,2026-06-29 14:00:22.925812+00:00,PUT,52.0,2026-07-17,99280,340,356,10,53.55,REPEATEDHITS,False,False,False,99280,0,38086197364.0,18,ASK,SHORT,1.0
RBLX,2026-06-29 13:30:44.734040+00:00,CALL,49.5,2026-07-10,10956,33,33,0,50.99,REPEATEDHITS,False,False,False,10956,0,38086197364.0,11,ASK,LONG,1.0
RBLX,2026-06-26 19:54:46.947555+00:00,CALL,75.0,2026-11-20,74200,280,280,120,47.37,REPEATEDHITS,False,False,False,0,0,38086197364.0,147,MIXED,,0.0
RBLX,2026-06-26 19:18:35.724218+00:00,CALL,85.0,2026-11-20,51000,300,301,133,47.06,REPEATEDHITS,False,False,False,34000,0,38086197364.0,147,ASK,LONG,1.0
RBLX,2026-06-26 19:17:03.023575+00:00,CALL,70.0,2026-11-20,79200,240,240,146,47.01,REPEATEDHITS,False,False,False,0,0,38086197364.0,147,MIXED,,0.0
RBLX,2026-06-26 17:46:09.045139+00:00,CALL,120.0,2027-01-15,361532,3861,3861,1063,47.05,REPEATEDHITSDESCENDINGFILL,True,False,False,356164,5368,38086197364.0,203,ASK,LONG,1.0
RBLX,2026-06-25 19:01:25.864169+00:00,CALL,46.5,2026-06-26,15410,335,929,186,45.75,REPEATEDHITS,False,False,False,0,15410,38086197364.0,1,BID,SHORT,0.5
RBLX,2026-06-25 17:47:21.314684+00:00,CALL,46.5,2026-06-26,15308,356,589,186,45.56,REPEATEDHITS,False,False,False,0,15308,38086197364.0,1,BID,SHORT,0.5
RBLX,2026-06-25 17:25:33.359545+00:00,CALL,47.0,2026-06-26,20638,607,647,308,45.65,REPEATEDHITS,False,False,False,0,20638,38086197364.0,1,BID,SHORT,0.5
RBLX,2026-06-25 15:20:48.829810+00:00,CALL,46.0,2026-06-26,34480,431,599,312,45.745,REPEATEDHITS,False,False,False,0,34480,38086197364.0,1,BID,SHORT,0.5
RBLX,2026-06-25 14:48:15.476757+00:00,CALL,47.5,2026-06-26,33975,755,755,225,46.2,REPEATEDHITS,False,False,False,0,33975,38086197364.0,1,BID,SHORT,0.5
RBLX,2026-06-25 14:10:45.089728+00:00,PUT,44.0,2026-07-24,11611,47,47,25,46.19,REPEATEDHITS,True,False,False,0,11611,38086197364.0,29,BID,LONG,0.5
RBLX,2026-06-25 14:10:45.089728+00:00,PUT,43.0,2026-07-24,16442,79,79,22,46.22,REPEATEDHITSASCENDINGFILL,True,False,False,424,16018,38086197364.0,29,BID,LONG,0.5
RBLX,2026-06-24 18:41:35.672093+00:00,CALL,49.5,2026-06-26,19908,252,332,120,48.56,REPEATEDHITS,False,False,False,0,19908,38086197364.0,2,BID,SHORT,0.5
RBLX,2026-06-24 16:07:41.534226+00:00,PUT,44.0,2026-07-10,53010,558,558,71,49.2494,REPEATEDHITS,False,False,False,0,53010,38086197364.0,16,BID,LONG,0.5
RBLX,2026-06-23 18:23:18.000929+00:00,PUT,48.5,2026-07-17,13490,38,80,23,48.245,REPEATEDHITS,False,False,False,13490,0,38086197364.0,24,ASK,SHORT,1.0
RBLX,2026-06-23 15:49:22.920686+00:00,CALL,48.5,2026-07-17,10080,28,28,3,48.57,REPEATEDHITS,True,False,False,0,10080,38086197364.0,24,BID,SHORT,0.5
RBLX,2026-06-23 14:28:27.085143+00:00,CALL,55.0,2026-07-10,133766,1423,1474,249,48.335,REPEATEDHITSASCENDINGFILL,False,False,False,189,133292,38086197364.0,17,BID,SHORT,0.5
RBLX,2026-06-23 13:48:40.068459+00:00,PUT,43.5,2026-06-26,10180,509,510,80,48.715,REPEATEDHITS,False,False,False,0,10180,38086197364.0,3,BID,LONG,0.5
RBLX,2026-06-23 13:38:41.250152+00:00,CALL,56.0,2026-07-31,11627,49,50,6,47.66,REPEATEDHITSASCENDINGFILL,True,False,False,7188,4439,38086197364.0,38,ASK,LONG,1.0
RBLX,2026-06-22 19:32:48.371775+00:00,CALL,85.0,2026-08-21,24465,699,750,202,46.61,REPEATEDHITS,False,False,False,0,24465,38086197364.0,60,BID,SHORT,0.5
RBLX,2026-06-22 18:22:30.706160+00:00,CALL,52.0,2026-07-17,54873,325,332,0,46.69,REPEATEDHITSDESCENDINGFILL,True,False,False,50699,4174,38086197364.0,25,ASK,LONG,1.0
RBLX,2026-06-22 14:26:06.073185+00:00,CALL,44.0,2026-07-24,37485,63,63,61,47.53,REPEATEDHITS,True,False,False,0,37485,38086197364.0,32,BID,SHORT,0.5
RDDT,2026-07-08 15:36:25.643176+00:00,PUT,140.0,2026-08-14,21308,68,85,15,192.16,REPEATEDHITSASCENDINGFILL,True,False,False,9920,11388,28313627640.0,37,BID,LONG,0.5
RDDT,2026-07-08 15:02:27.277617+00:00,PUT,162.5,2026-07-17,43452,426,426,83,193.24,REPEATEDHITS,False,False,False,43452,0,28313627640.0,9,ASK,SHORT,1.0
RDDT,2026-07-07 19:31:10.902125+00:00,PUT,165.0,2026-08-14,19370,27,34,1,200.42,REPEATEDHITSASCENDINGFILL,False,False,False,0,19370,28313627640.0,38,BID,LONG,0.5
RDDT,2026-07-07 19:31:10.902125+00:00,PUT,160.0,2026-08-14,11160,19,25,7,200.42,REPEATEDHITSASCENDINGFILL,False,False,False,1200,9960,28313627640.0,38,BID,LONG,0.5
RDDT,2026-07-07 19:01:50.396357+00:00,PUT,205.0,2026-08-07,365130,166,166,3,202.27,REPEATEDHITSDESCENDINGFILL,True,False,False,338770,24165,28313627640.0,31,ASK,SHORT,1.0
RDDT,2026-07-07 17:49:55.495066+00:00,PUT,182.5,2026-07-10,12193,137,151,134,202.57,REPEATEDHITS,False,False,False,0,12193,28313627640.0,3,BID,LONG,0.5
RDDT,2026-07-07 17:10:18.590329+00:00,PUT,205.0,2026-07-10,438798,589,614,145,203.275,REPEATEDHITS,False,False,False,438798,0,28313627640.0,3,ASK,SHORT,1.0
RDDT,2026-07-07 16:19:52.665310+00:00,CALL,300.0,2026-08-21,137029,403,571,260,202.01,REPEATEDHITSASCENDINGFILL,False,False,False,345,136684,28313627640.0,45,BID,SHORT,0.5
RDDT,2026-07-07 14:25:25.284151+00:00,PUT,202.5,2026-07-24,439007,324,324,1,201.315,REPEATEDHITSDESCENDINGFILL,False,False,False,437657,1350,28313627640.0,17,ASK,SHORT,1.0
RDDT,2026-07-06 19:53:40.588434+00:00,PUT,202.5,2026-07-10,28075,39,115,1,202.715,REPEATEDHITS,True,False,False,28075,0,28313627640.0,4,ASK,SHORT,1.0
RDDT,2026-07-06 19:47:29.605460+00:00,PUT,205.0,2026-07-10,16495,25,259,14,206.485,REPEATEDHITS,True,False,False,16495,0,28313627640.0,4,ASK,SHORT,1.0
RDDT,2026-07-06 19:32:23.087100+00:00,CALL,300.0,2026-08-07,64400,230,240,0,207.305,REPEATEDHITS,False,False,False,64400,0,28313627640.0,32,ASK,LONG,1.0
RDDT,2026-07-06 18:38:17.170591+00:00,CALL,232.5,2026-07-10,17395,245,295,19,204.195,REPEATEDHITS,False,False,False,17395,0,28313627640.0,4,ASK,LONG,1.0
RDDT,2026-07-06 17:06:40.474323+00:00,PUT,205.0,2026-08-14,676525,300,300,0,205.14,REPEATEDHITSASCENDINGFILL,False,False,False,2275,671990,28313627640.0,39,BID,LONG,0.5
RDDT,2026-07-06 17:06:40.474323+00:00,PUT,200.0,2026-08-14,54025,27,38,0,205.14,REPEATEDHITSASCENDINGFILL,True,False,False,2015,52010,28313627640.0,39,BID,LONG,0.5
RDDT,2026-07-06 16:09:35.149925+00:00,PUT,212.5,2026-07-10,35195,32,35,4,205.97,REPEATEDHITS,True,False,False,34100,1095,28313627640.0,4,ASK,SHORT,1.0
RDDT,2026-07-06 15:50:51.025840+00:00,PUT,145.0,2026-08-21,126927,334,342,225,204.43,REPEATEDHITS,False,False,False,0,126927,28313627640.0,46,BID,LONG,0.5
RDDT,2026-07-06 15:10:05.519867+00:00,CALL,210.0,2026-08-14,22000,10,21,5,205.375,REPEATEDHITSASCENDINGFILL,True,False,False,11025,10975,28313627640.0,39,ASK,LONG,1.0
RDDT,2026-07-06 15:08:02.136117+00:00,CALL,300.0,2026-10-16,435215,451,451,1,204.4,REPEATEDHITS,False,False,False,435215,0,28313627640.0,102,ASK,LONG,1.0
RDDT,2026-07-06 15:02:30.435080+00:00,CALL,200.0,2026-08-14,17620,7,10,6,203.465,REPEATEDHITS,True,False,False,15105,2515,28313627640.0,39,ASK,LONG,1.0
RDDT,2026-07-06 14:37:30.296939+00:00,PUT,212.5,2026-07-24,765492,379,379,0,200.9305,REPEATEDHITSDESCENDINGFILL,True,False,False,737292,28200,28313627640.0,18,ASK,SHORT,1.0
RDDT,2026-07-06 14:11:10.204778+00:00,CALL,280.0,2026-08-07,36865,101,155,0,200.555,REPEATEDHITS,False,False,False,36865,0,28313627640.0,32,ASK,LONG,1.0
RDDT,2026-07-06 14:10:44.769032+00:00,CALL,280.0,2026-08-07,18165,54,54,0,200.625,REPEATEDHITSDESCENDINGFILL,False,False,False,9190,8975,28313627640.0,32,ASK,LONG,1.0
RDDT,2026-07-06 14:10:44.769032+00:00,CALL,260.0,2026-08-07,61015,109,109,0,200.625,REPEATEDHITSASCENDINGFILL,True,False,False,31690,29325,28313627640.0,32,ASK,LONG,1.0
RDDT,2026-07-02 19:41:00.438835+00:00,PUT,125.0,2026-08-07,44802,342,345,5,192.98,REPEATEDHITS,False,False,False,0,44802,28313627640.0,36,BID,LONG,0.5
RDDT,2026-07-02 18:06:24.273829+00:00,PUT,177.5,2026-07-24,11730,15,15,1,189.5,REPEATEDHITSASCENDINGFILL,True,False,False,805,10925,28313627640.0,22,BID,LONG,0.5
RDDT,2026-07-02 18:06:24.273829+00:00,PUT,182.5,2026-07-24,12832,13,13,9,189.5,REPEATEDHITSASCENDINGFILL,True,False,False,0,12832,28313627640.0,22,BID,LONG,0.5
RDDT,2026-07-02 17:20:35.251033+00:00,PUT,190.0,2026-07-02,42384,321,859,295,190.09,REPEATEDHITSASCENDINGFILL,True,False,False,41991,393,28313627640.0,0,ASK,SHORT,1.0
RDDT,2026-07-02 16:15:44.819288+00:00,PUT,190.0,2026-08-21,880545,403,421,93,191.26,REPEATEDHITSDESCENDINGFILL,False,False,False,880545,0,28313627640.0,50,ASK,SHORT,1.0
RDDT,2026-07-02 15:08:50.205154+00:00,CALL,210.0,2026-07-24,188657,389,484,275,186.14,REPEATEDHITSDESCENDINGFILL,False,False,False,188177,0,28313627640.0,22,ASK,LONG,1.0
RDDT,2026-07-02 13:51:31.679361+00:00,PUT,195.0,2026-07-17,438457,395,396,83,195.345,REPEATEDHITS,False,False,False,0,438457,28313627640.0,15,BID,LONG,0.5
RDDT,2026-07-02 13:34:23.935616+00:00,CALL,200.0,2026-08-14,10950,5,5,0,194.75,REPEATEDHITS,False,False,False,0,10950,28313627640.0,43,BID,SHORT,0.5
RDDT,2026-07-01 19:48:25.263336+00:00,CALL,220.0,2026-07-10,161937,602,1006,70,197.85,REPEATEDHITS,True,False,False,161937,0,28313627640.0,9,ASK,LONG,1.0
RDDT,2026-07-01 19:17:44.764141+00:00,PUT,170.0,2026-08-21,331015,277,569,234,197.115,REPEATEDHITS,False,False,False,0,331015,28313627640.0,51,BID,LONG,0.5
RDDT,2026-07-01 18:54:19.884539+00:00,PUT,200.0,2026-07-10,21000,21,172,2,197.835,REPEATEDHITS,False,False,False,0,21000,28313627640.0,9,BID,LONG,0.5
RDDT,2026-07-01 17:48:29.597771+00:00,PUT,197.5,2026-07-10,33005,35,68,0,196.675,REPEATEDHITS,False,False,False,0,33005,28313627640.0,9,BID,LONG,0.5
RDDT,2026-07-01 17:44:27.327762+00:00,PUT,205.0,2026-07-17,19295,12,16,1,198.325,REPEATEDHITS,False,False,False,16045,3250,28313627640.0,16,ASK,SHORT,1.0
RDDT,2026-07-01 17:08:46.324592+00:00,CALL,200.0,2026-07-02,306807,2318,4404,842,193.534,REPEATEDHITSDESCENDINGFILL,False,False,False,37395,269412,28313627640.0,1,BID,SHORT,0.5
RDDT,2026-07-01 16:13:38.962163+00:00,PUT,182.5,2026-07-02,23840,298,352,278,191.27,REPEATEDHITS,False,False,False,0,23840,28313627640.0,1,BID,LONG,0.5
RDDT,2026-07-01 15:45:45.339766+00:00,CALL,215.0,2026-07-24,73355,131,134,45,191.75,REPEATEDHITS,False,False,False,73355,0,28313627640.0,23,ASK,LONG,1.0
RDDT,2026-07-01 14:57:39.004980+00:00,PUT,187.5,2026-07-17,77210,78,135,1,190.035,REPEATEDHITSDESCENDINGFILL,True,False,False,76225,985,28313627640.0,16,ASK,SHORT,1.0
RDDT,2026-07-01 14:31:32.779330+00:00,PUT,187.5,2026-07-17,16085,15,39,1,188.16,REPEATEDHITSDESCENDINGFILL,True,False,False,2165,13920,28313627640.0,16,BID,LONG,0.5
RDDT,2026-07-01 14:31:28.973407+00:00,PUT,177.5,2026-07-17,26245,41,41,7,188.0,REPEATEDHITS,False,False,False,0,26245,28313627640.0,16,BID,LONG,0.5
RDDT,2026-07-01 14:31:28.973407+00:00,PUT,187.5,2026-07-17,24610,23,23,1,188.0,REPEATEDHITS,False,False,False,0,24610,28313627640.0,16,BID,LONG,0.5
RDDT,2026-07-01 14:20:33.558711+00:00,CALL,240.0,2026-08-07,21645,36,42,4,188.305,REPEATEDHITSDESCENDINGFILL,False,False,False,11840,9805,28313627640.0,37,ASK,LONG,1.0
RDDT,2026-07-01 13:44:03.245195+00:00,PUT,182.5,2026-07-17,71675,61,61,5,181.34,REPEATEDHITS,True,False,False,71675,0,28313627640.0,16,ASK,SHORT,1.0
RDDT,2026-06-30 14:43:45.478461+00:00,PUT,167.5,2026-07-02,79788,327,795,241,171.5,REPEATEDHITS,False,False,False,0,79788,28313627640.0,2,BID,LONG,0.5
RDDT,2026-06-30 14:15:51.431094+00:00,PUT,167.5,2026-07-02,102592,458,461,241,172.615,REPEATEDHITS,False,False,False,0,102592,28313627640.0,2,BID,LONG,0.5
RDDT,2026-06-29 19:22:05.781210+00:00,CALL,182.5,2026-07-10,11350,19,53,16,176.08,REPEATEDHITSDESCENDINGFILL,True,False,False,11350,0,28313627640.0,11,ASK,LONG,1.0
RDDT,2026-06-29 16:01:31.618894+00:00,PUT,125.0,2026-08-21,135683,335,347,244,173.295,REPEATEDHITS,False,False,False,0,135683,28313627640.0,53,BID,LONG,0.5
RDW,2026-07-08 15:21:45.499442+00:00,PUT,10.5,2026-07-10,33120,736,4077,641,10.44,REPEATEDHITS,True,False,False,32445,0,2030960213.0,2,ASK,SHORT,1.0
RDW,2026-07-08 15:21:42.091735+00:00,PUT,10.5,2026-07-10,33750,750,3341,641,10.47,REPEATEDHITS,False,False,False,33750,0,2030960213.0,2,ASK,SHORT,1.0
RDW,2026-07-07 16:07:01.116675+00:00,CALL,10.5,2026-07-31,85507,900,5364,50,10.29,REPEATEDHITSASCENDINGFILL,False,False,False,0,85507,2030960213.0,24,BID,SHORT,0.5
RDW,2026-07-07 15:28:58.941153+00:00,CALL,10.5,2026-07-31,171000,1800,4435,50,10.28,REPEATEDHITS,False,False,False,0,171000,2030960213.0,24,BID,SHORT,0.5
RDW,2026-07-07 14:59:20.345799+00:00,CALL,10.5,2026-07-31,260000,2600,2611,50,10.3101,REPEATEDHITS,False,False,False,0,260000,2030960213.0,24,BID,SHORT,0.5
RDW,2026-06-26 16:03:15.416588+00:00,CALL,13.0,2026-08-21,232000,1856,3094,1231,11.045,REPEATEDHITS,False,False,False,19375,0,2030960213.0,56,ASK,LONG,1.0
RDW,2026-06-26 15:51:09.212915+00:00,CALL,11.5,2026-07-02,67394,1500,2030,98,11.0501,REPEATEDHITSDESCENDINGFILL,False,False,False,67394,0,2030960213.0,6,ASK,LONG,1.0
RDW,2026-06-25 15:47:19.315246+00:00,PUT,8.0,2026-07-24,17001,850,872,104,10.5156,REPEATEDHITS,False,False,False,0,17001,2030960213.0,29,BID,LONG,0.5
RDW,2026-06-24 17:41:30.581433+00:00,CALL,13.0,2026-07-24,14056,165,193,65,11.515,REPEATEDHITSASCENDINGFILL,False,False,False,0,11506,2030960213.0,30,BID,SHORT,0.5
RDW,2026-06-18 18:31:15.579720+00:00,CALL,14.0,2026-07-10,40095,297,328,62,13.74,REPEATEDHITS,True,False,False,0,4185,2030960213.0,22,BID,SHORT,0.5
RDW,2026-06-16 14:13:04.627455+00:00,CALL,13.5,2026-06-26,21450,195,1133,110,13.49,REPEATEDHITS,False,False,False,21450,0,2030960213.0,10,ASK,LONG,1.0
RDW,2026-06-12 19:27:03.513920+00:00,PUT,14.0,2026-07-17,124512,858,1131,292,15.175,REPEATEDHITSASCENDINGFILL,False,False,False,0,124512,2030960213.0,35,BID,LONG,0.5
RDW,2026-06-12 16:23:17.727419+00:00,CALL,17.0,2026-08-21,326883,1167,1372,557,15.465,REPEATEDHITSDESCENDINGFILL,False,False,False,0,326043,2030960213.0,70,BID,SHORT,0.5
RDW,2026-06-11 17:43:07.454095+00:00,PUT,12.0,2026-06-18,50000,2500,2537,1820,16.66,REPEATEDHITS,False,False,False,0,37500,2030960213.0,7,BID,LONG,0.5
RDW,2026-06-11 13:48:15.487894+00:00,CALL,15.5,2026-07-02,13000,52,83,36,16.1697,REPEATEDHITS,False,False,False,11500,0,2030960213.0,21,ASK,LONG,1.0
RDW,2026-06-10 14:55:49.014879+00:00,CALL,38.0,2026-11-20,29760,186,186,22,15.15,REPEATEDHITS,False,False,False,29760,0,2030960213.0,163,ASK,LONG,1.0
RDW,2026-06-10 14:05:23.491352+00:00,PUT,13.5,2026-07-02,20790,198,231,31,15.65,REPEATEDHITS,False,False,False,0,20790,2030960213.0,22,BID,LONG,0.5
RDW,2026-06-09 18:12:22.768144+00:00,CALL,15.5,2026-06-12,10000,100,424,28,15.45,REPEATEDHITS,False,False,False,10000,0,2030960213.0,3,ASK,LONG,1.0
RDW,2026-06-08 18:37:00.263093+00:00,PUT,13.0,2026-07-24,42655,474,487,4,18.565,REPEATEDHITS,False,False,False,42570,85,2030960213.0,46,ASK,SHORT,1.0
RDW,2026-06-08 17:30:15.994820+00:00,CALL,39.0,2026-08-21,109013,948,1051,249,18.68,REPEATEDHITS,False,False,False,109013,0,2030960213.0,74,ASK,LONG,1.0
RDW,2026-06-08 16:20:19.340864+00:00,PUT,21.0,2026-07-10,32560,74,76,58,18.945,REPEATEDHITS,True,False,False,0,32560,2030960213.0,32,BID,LONG,0.5
RDW,2026-06-05 17:14:59.699359+00:00,CALL,25.5,2026-07-24,12500,50,50,0,18.445,REPEATEDHITS,False,False,False,12500,0,2030960213.0,49,ASK,LONG,1.0
RDW,2026-06-05 15:59:31.417969+00:00,CALL,18.0,2026-06-05,121250,1250,1304,506,18.88,REPEATEDHITS,False,False,False,0,121250,2030960213.0,0,BID,SHORT,0.5
RDW,2026-06-05 15:06:11.366598+00:00,CALL,20.0,2026-06-05,20255,1266,3432,876,19.15,REPEATEDHITSASCENDINGFILL,False,False,False,0,20255,2030960213.0,0,BID,SHORT,0.5
RDW,2026-06-05 15:06:11.366598+00:00,CALL,19.5,2026-07-10,102630,311,323,15,19.19,REPEATEDHITS,True,False,False,0,102630,2030960213.0,35,BID,SHORT,0.5
RDW,2026-06-04 18:20:41.285878+00:00,CALL,24.0,2026-07-02,126905,409,567,322,21.991,REPEATEDHITSASCENDINGFILL,False,False,False,0,126905,2030960213.0,28,BID,SHORT,0.5
RDW,2026-06-04 18:20:41.285878+00:00,CALL,27.0,2026-07-02,78264,340,355,97,21.991,REPEATEDHITS,False,False,False,0,78264,2030960213.0,28,BID,SHORT,0.5
RDW,2026-06-04 18:20:41.285878+00:00,CALL,26.0,2026-07-02,154610,605,643,151,21.991,REPEATEDHITSASCENDINGFILL,False,False,False,17420,124440,2030960213.0,28,BID,SHORT,0.5
RDW,2026-06-04 16:07:10.556086+00:00,CALL,39.0,2026-07-17,50160,418,5227,81,21.415,REPEATEDHITS,False,False,False,50160,0,2030960213.0,43,ASK,LONG,1.0
RDW,2026-06-04 15:04:09.734116+00:00,CALL,22.0,2026-07-02,96330,247,318,201,21.93,REPEATEDHITS,False,False,False,0,96330,2030960213.0,28,BID,SHORT,0.5
RDW,2026-06-04 14:15:23.116690+00:00,PUT,16.0,2026-07-17,76700,590,593,301,21.43,REPEATEDHITS,False,False,False,76700,0,2030960213.0,43,ASK,SHORT,1.0
RDW,2026-06-03 14:29:31.395354+00:00,PUT,19.0,2026-06-12,226814,1260,1396,248,19.085,REPEATEDHITS,False,False,False,0,226814,2030960213.0,9,BID,LONG,0.5
RDW,2026-06-02 17:29:09.230296+00:00,CALL,39.0,2026-08-21,19669,100,130,19,21.045,REPEATEDHITSASCENDINGFILL,False,False,False,0,19669,2030960213.0,80,BID,SHORT,0.5
RDW,2026-06-01 19:17:24.765643+00:00,CALL,19.5,2026-06-05,21000,100,284,67,20.67,REPEATEDHITS,False,False,False,3780,17220,2030960213.0,4,BID,SHORT,0.5
RDW,2026-06-01 15:35:11.387360+00:00,CALL,19.5,2026-06-05,24966,100,138,67,20.925,REPEATEDHITS,False,False,False,24966,0,2030960213.0,4,ASK,LONG,1.0
RDW,2026-06-01 15:29:28.880341+00:00,CALL,22.0,2026-06-18,175000,700,876,660,20.515,REPEATEDHITS,False,False,False,26250,148750,2030960213.0,17,BID,SHORT,0.5
RDW,2026-05-29 19:47:01.731770+00:00,PUT,17.0,2026-06-05,11180,559,667,188,24.255,REPEATEDHITS,False,False,False,10340,0,2030960213.0,7,ASK,SHORT,1.0
RDW,2026-05-29 19:34:45.629313+00:00,CALL,20.5,2026-06-05,12985,31,85,5,23.945,REPEATEDHITS,False,False,False,12985,0,2030960213.0,7,ASK,LONG,1.0
RDW,2026-05-29 14:39:01.976978+00:00,PUT,20.5,2026-06-05,71549,597,664,83,22.28,REPEATEDHITSDESCENDINGFILL,True,False,False,71069,0,2030960213.0,7,ASK,SHORT,1.0
RDW,2026-05-28 16:40:59.492694+00:00,CALL,35.0,2026-06-05,27750,555,842,399,25.36,REPEATEDHITS,False,False,False,27750,0,2030960213.0,8,ASK,LONG,1.0
RDW,2026-05-28 16:37:36.648693+00:00,CALL,33.0,2026-06-05,41300,590,1001,66,25.19,REPEATEDHITS,False,False,False,9590,0,2030960213.0,8,ASK,LONG,1.0
RDW,2026-05-27 19:23:01.228798+00:00,PUT,16.0,2026-06-05,10212,681,715,159,23.575,REPEATEDHITS,False,False,False,8142,0,2030960213.0,9,ASK,SHORT,1.0
RDW,2026-05-27 14:24:05.327108+00:00,PUT,18.0,2026-08-21,10540,34,48,32,23.278,REPEATEDHITS,False,False,False,3410,930,2030960213.0,86,ASK,SHORT,1.0
RDW,2026-05-26 19:51:35.194907+00:00,CALL,22.0,2026-05-29,37500,250,6978,95,22.032,REPEATEDHITS,False,False,False,0,37500,2030960213.0,3,BID,SHORT,0.5
RDW,2026-05-26 19:51:35.194907+00:00,CALL,22.0,2026-05-29,33942,200,7178,95,22.02,REPEATEDHITSDESCENDINGFILL,False,False,False,33942,0,2030960213.0,3,ASK,LONG,1.0
RDW,2026-05-26 19:51:01.936889+00:00,CALL,22.0,2026-05-29,37760,236,6696,95,22.05,REPEATEDHITS,False,False,False,0,37760,2030960213.0,3,BID,SHORT,0.5
RDW,2026-05-26 19:12:46.661903+00:00,CALL,22.5,2026-05-29,27228,166,3585,78,22.375,REPEATEDHITSASCENDINGFILL,False,False,False,27228,0,2030960213.0,3,ASK,LONG,1.0
RDW,2026-05-26 18:37:45.728693+00:00,CALL,30.0,2026-07-17,57196,197,1307,0,22.545,REPEATEDHITSASCENDINGFILL,False,False,False,0,49656,2030960213.0,52,BID,SHORT,0.5
RDW,2026-05-26 18:32:21.695109+00:00,PUT,20.0,2026-06-26,13250,50,119,0,22.25,REPEATEDHITS,False,False,False,3180,10070,2030960213.0,31,BID,LONG,0.5
RDW,2026-05-26 18:32:19.489662+00:00,CALL,23.0,2026-07-17,545737,1161,3176,55,22.435,REPEATEDHITSASCENDINGFILL,False,False,False,0,545737,2030960213.0,52,BID,SHORT,0.5
REPL,2026-07-08 14:07:08.944866+00:00,PUT,9.0,2026-08-07,21420,102,240,2,11.29,REPEATEDHITS,True,False,False,17220,4200,966208803.0,30,ASK,SHORT,1.0
REPL,2026-07-07 19:44:38.089559+00:00,PUT,10.0,2026-08-14,11000,44,44,0,11.49,REPEATEDHITS,False,False,False,1000,10000,966208803.0,38,BID,LONG,0.5
REPL,2026-07-07 13:54:02.655011+00:00,CALL,11.5,2026-07-24,63670,452,456,0,11.45,REPEATEDHITS,True,False,False,37520,26150,966208803.0,17,ASK,LONG,1.0
REPL,2026-06-30 15:15:18.208473+00:00,PUT,7.0,2026-07-31,16055,169,331,7,11.11,REPEATEDHITS,False,False,False,16055,0,966208803.0,31,ASK,SHORT,1.0
REPL,2026-06-30 15:14:34.549018+00:00,PUT,6.0,2026-08-21,19680,246,266,45,11.15,REPEATEDHITS,False,False,False,19680,0,966208803.0,52,ASK,SHORT,1.0
REPL,2026-06-30 14:17:19.154355+00:00,CALL,16.0,2026-08-21,28000,200,200,104,11.13,REPEATEDHITS,True,False,False,19600,0,966208803.0,52,ASK,LONG,1.0
REPL,2026-06-26 18:32:45.855608+00:00,PUT,9.0,2026-08-21,56805,299,2665,100,10.905,REPEATEDHITSDESCENDINGFILL,True,False,False,35335,21470,966208803.0,56,ASK,SHORT,1.0
REPL,2026-06-26 16:28:20.895044+00:00,PUT,9.0,2026-07-17,11850,474,4992,284,11.0,REPEATEDHITS,False,False,False,0,11850,966208803.0,21,BID,LONG,0.5
REPL,2026-06-26 16:20:41.485626+00:00,PUT,9.0,2026-07-17,13376,535,4453,284,11.05,REPEATEDHITS,False,False,False,0,13376,966208803.0,21,BID,LONG,0.5
REPL,2026-06-26 16:14:21.806714+00:00,PUT,9.0,2026-07-17,22576,903,3597,284,10.97,REPEATEDHITS,False,False,False,0,22576,966208803.0,21,BID,LONG,0.5
REPL,2026-06-26 15:21:10.064907+00:00,PUT,9.0,2026-08-21,31157,164,2310,100,10.72,REPEATEDHITSDESCENDINGFILL,True,False,False,29827,1330,966208803.0,56,ASK,SHORT,1.0
REPL,2026-06-26 15:20:24.617340+00:00,CALL,13.5,2026-07-17,38480,962,3000,6,10.74,REPEATEDHITS,False,False,False,35960,2520,966208803.0,21,ASK,LONG,1.0
REPL,2026-06-26 15:12:10.770657+00:00,PUT,9.0,2026-08-21,39404,213,1998,100,10.845,REPEATEDHITS,True,False,False,25159,14245,966208803.0,56,ASK,SHORT,1.0
REPL,2026-06-26 14:54:41.281079+00:00,CALL,13.5,2026-07-17,72315,1607,1857,6,10.78,REPEATEDHITS,True,False,False,8325,4860,966208803.0,21,ASK,LONG,1.0
REPL,2026-06-26 14:51:11.010158+00:00,PUT,9.0,2026-08-21,46016,263,1706,100,10.95,REPEATEDHITSDESCENDINGFILL,True,False,False,44441,1575,966208803.0,56,ASK,SHORT,1.0
REPL,2026-06-26 14:44:44.318063+00:00,PUT,9.0,2026-08-21,32600,191,712,100,10.97,REPEATEDHITS,False,False,False,880,31720,966208803.0,56,BID,LONG,0.5
REPL,2026-06-26 14:13:46.704701+00:00,CALL,10.0,2026-08-21,154998,500,609,288,10.78,REPEATEDHITS,False,False,False,128958,26040,966208803.0,56,ASK,LONG,1.0
REPL,2026-06-26 13:48:14.859118+00:00,PUT,8.0,2026-07-31,10705,107,5184,0,10.71,REPEATEDHITSDESCENDINGFILL,False,False,False,3270,4465,966208803.0,35,BID,LONG,0.5
REPL,2026-06-26 13:48:13.255151+00:00,PUT,8.0,2026-07-31,11880,108,5041,0,10.71,REPEATEDHITS,False,False,False,4950,0,966208803.0,35,ASK,SHORT,1.0
REPL,2026-06-26 13:41:34.367268+00:00,PUT,9.0,2026-07-17,27500,550,572,284,10.31,REPEATEDHITS,False,False,False,1550,0,966208803.0,21,ASK,SHORT,1.0
REPL,2026-06-26 13:41:34.367268+00:00,PUT,9.0,2026-07-17,65500,1415,2022,284,10.28,REPEATEDHITSDESCENDINGFILL,True,False,False,2600,48700,966208803.0,21,BID,LONG,0.5
REPL,2026-06-26 13:34:59.148986+00:00,PUT,8.0,2026-07-31,250288,2278,4145,0,10.185,REPEATEDHITSDESCENDINGFILL,False,False,False,250288,0,966208803.0,35,ASK,SHORT,1.0
REPL,2026-06-26 13:33:39.872153+00:00,PUT,8.0,2026-07-31,177265,1866,1867,0,10.4501,REPEATEDHITSDESCENDINGFILL,False,False,False,177265,0,966208803.0,35,ASK,SHORT,1.0
REPL,2026-06-09 17:24:12.954628+00:00,CALL,12.0,2026-06-18,10379,698,1031,535,8.715,REPEATEDHITSDESCENDINGFILL,True,False,False,10379,0,966208803.0,9,ASK,LONG,1.0
REPL,2026-06-08 14:04:53.252232+00:00,CALL,9.0,2026-06-12,21000,200,200,14,8.98,REPEATEDHITS,False,False,False,21000,0,966208803.0,4,ASK,LONG,1.0
REPL,2026-06-02 18:02:37.419632+00:00,PUT,8.0,2026-11-20,29671,129,141,116,8.84,REPEATEDHITS,False,False,False,0,29671,966208803.0,171,BID,LONG,0.5
REPL,2026-06-01 15:46:54.758273+00:00,CALL,11.0,2026-08-21,11070,50,51,4,9.24,REPEATEDHITSDESCENDINGFILL,False,False,False,11070,0,966208803.0,81,ASK,LONG,1.0
REPL,2026-05-29 17:07:00.225663+00:00,PUT,7.0,2026-06-05,14910,497,604,5,8.4,REPEATEDHITS,False,False,False,14430,330,966208803.0,7,ASK,SHORT,1.0
REPL,2026-05-29 16:36:08.531629+00:00,PUT,8.5,2026-06-05,74970,833,1005,0,8.25,REPEATEDHITS,False,False,False,53370,21600,966208803.0,7,ASK,SHORT,1.0
REPL,2026-05-29 15:27:38.438086+00:00,PUT,6.0,2026-06-26,21195,1413,7021,0,8.575,REPEATEDHITS,False,False,False,0,21195,966208803.0,28,BID,LONG,0.5
REPL,2026-05-29 15:00:36.864492+00:00,PUT,9.0,2026-05-29,21700,434,1000,2,8.55,REPEATEDHITS,False,False,False,21700,0,966208803.0,0,ASK,SHORT,1.0
REPL,2026-05-29 14:52:17.661808+00:00,CALL,10.0,2026-06-18,64502,813,963,43,8.8303,REPEATEDHITSASCENDINGFILL,False,False,False,63867,635,966208803.0,20,ASK,LONG,1.0
REPL,2026-05-27 19:10:16.522759+00:00,CALL,5.0,2026-06-05,17896,300,307,73,4.62,REPEATEDHITSASCENDINGFILL,False,False,False,17896,0,966208803.0,9,ASK,LONG,1.0
REPL,2026-05-20 14:26:51.515149+00:00,CALL,7.0,2026-06-05,29001,1452,1453,103,4.91,REPEATEDHITSDESCENDINGFILL,True,False,False,28181,800,966208803.0,16,ASK,LONG,1.0
REPL,2026-05-15 19:13:24.805696+00:00,PUT,6.0,2026-05-15,116935,1799,2250,32,5.31,REPEATEDHITS,True,False,False,116935,0,966208803.0,0,ASK,SHORT,1.0
REPL,2026-05-14 18:23:44.347402+00:00,CALL,5.5,2026-05-22,24990,1000,1054,21,4.665,REPEATEDHITSDESCENDINGFILL,False,False,False,24990,0,966208803.0,8,ASK,LONG,1.0
REPL,2026-05-13 18:55:35.155699+00:00,CALL,6.0,2026-11-20,16500,100,100,20,5.35,REPEATEDHITS,False,False,False,16500,0,966208803.0,191,ASK,LONG,1.0
RIG,2026-07-08 14:17:55.580301+00:00,CALL,5.5,2026-07-17,25500,2550,2577,1766,5.285,REPEATEDHITS,False,False,False,21480,4020,5604534704.0,9,ASK,LONG,1.0
RIG,2026-07-08 14:07:18.972448+00:00,CALL,5.0,2026-07-17,39100,1150,1300,908,5.23,REPEATEDHITS,True,False,False,39100,0,5604534704.0,9,ASK,LONG,1.0
RIG,2026-07-07 15:42:08.981792+00:00,PUT,5.0,2026-08-14,13987,384,384,12,4.925,REPEATEDHITS,False,False,False,13987,0,5604534704.0,38,ASK,SHORT,1.0
RIG,2026-06-22 15:10:45.804511+00:00,CALL,5.5,2026-07-17,16200,900,930,0,5.295,REPEATEDHITS,True,False,False,12366,3834,5604534704.0,25,ASK,LONG,1.0
RIG,2026-06-08 18:27:36.087395+00:00,CALL,7.5,2026-07-10,15800,1975,2236,27,6.205,REPEATEDHITS,False,False,False,0,15800,5604534704.0,32,BID,SHORT,0.5
RIG,2026-06-05 14:20:35.628588+00:00,PUT,5.0,2026-11-20,293000,7325,7325,1723,6.0299,LOWHISTORICVOLUMEFLOOR,False,True,False,0,293000,5604534704.0,168,BID,LONG,0.5
RIG,2026-06-01 19:28:42.314433+00:00,CALL,7.5,2026-07-02,17550,1950,1950,2,6.29,REPEATEDHITS,False,False,False,7686,0,5604534704.0,31,ASK,LONG,1.0
RIG,2026-05-29 19:29:03.729866+00:00,CALL,7.0,2026-06-05,12000,4000,4166,813,6.1901,REPEATEDHITS,True,False,False,12000,0,5604534704.0,7,ASK,LONG,1.0
RIG,2026-05-27 19:32:37.948982+00:00,PUT,5.0,2026-11-20,16289,426,1045,263,6.155,REPEATEDHITSDESCENDINGFILL,False,False,False,0,16289,5604534704.0,177,BID,LONG,0.5
RIG,2026-05-27 16:04:46.115623+00:00,CALL,6.5,2026-06-18,130884,5034,5110,142,6.27,REPEATEDHITS,False,False,False,0,130884,5604534704.0,22,BID,SHORT,0.5
RIG,2026-05-21 16:06:11.064693+00:00,PUT,6.0,2026-09-18,328860,7830,21420,1684,7.07,SWEEPSFOLLOWEDBYFLOOR,True,True,False,210000,118860,5604534704.0,120,ASK,SHORT,1.0
RIG,2026-05-21 16:03:12.336126+00:00,PUT,6.0,2026-09-18,126000,3000,10846,1684,7.055,REPEATEDHITS,True,False,False,0,126000,5604534704.0,120,BID,LONG,0.5
RIG,2026-05-21 14:02:55.129090+00:00,PUT,7.0,2026-05-29,38881,2287,2299,952,7.175,REPEATEDHITSDESCENDINGFILL,False,False,False,36,38369,5604534704.0,8,BID,LONG,0.5
RIG,2026-05-20 15:23:22.082106+00:00,PUT,8.0,2026-09-18,163890,1214,1214,272,7.365,REPEATEDHITS,False,False,False,157140,6750,5604534704.0,121,ASK,SHORT,1.0
RIG,2026-05-19 15:59:56.567441+00:00,PUT,7.5,2026-05-29,95535,2895,3190,234,7.39,REPEATEDHITS,False,False,False,0,95535,5604534704.0,10,BID,LONG,0.5
RIG,2026-05-19 14:09:37.382619+00:00,CALL,8.5,2026-06-26,10500,500,1250,72,7.425,REPEATEDHITS,False,False,False,1680,0,5604534704.0,38,ASK,LONG,1.0
RIG,2026-05-18 17:35:06.351694+00:00,CALL,9.0,2026-06-18,19980,1665,2754,1611,7.605,REPEATEDHITS,False,False,False,19980,0,5604534704.0,31,ASK,LONG,1.0
RIG,2026-05-18 16:35:10.538193+00:00,CALL,12.0,2026-09-18,102802,7343,7533,1744,7.525,REPEATEDHITS,False,False,False,0,100002,5604534704.0,123,BID,SHORT,0.5
RIG,2026-05-18 14:52:04.068478+00:00,CALL,9.0,2026-07-17,20000,1000,1005,5,7.36,REPEATEDHITS,False,False,False,20000,0,5604534704.0,60,ASK,LONG,1.0
RIG,2026-05-18 14:39:45.031429+00:00,CALL,8.0,2026-07-17,119232,3312,3395,130,7.2,REPEATEDHITS,False,False,False,116964,0,5604534704.0,60,ASK,LONG,1.0
RIG,2026-05-15 17:20:32.304716+00:00,CALL,9.0,2026-08-21,108307,4000,4011,3874,6.92,REPEATEDHITSDESCENDINGFILL,False,False,False,64298,26,5604534704.0,98,ASK,LONG,1.0
RIG,2026-05-12 14:20:22.402007+00:00,PUT,4.0,2027-06-17,94767,3057,3057,1459,6.625,REPEATEDHITS,False,False,False,0,94767,5604534704.0,401,BID,LONG,0.5
RIG,2026-05-08 17:47:17.802941+00:00,PUT,4.0,2027-06-17,32967,999,1000,273,6.495,REPEATEDHITS,False,False,False,0,32967,5604534704.0,405,BID,LONG,0.5
RIVN,2026-07-08 16:01:29.828804+00:00,PUT,17.0,2026-10-16,15242,56,67,2,16.48,REPEATEDHITSDESCENDINGFILL,False,False,False,12512,2730,20719772298.0,100,ASK,SHORT,1.0
RIVN,2026-07-07 17:57:05.174536+00:00,PUT,14.5,2026-07-31,16892,412,432,381,17.005,REPEATEDHITS,False,False,False,16892,0,20719772298.0,24,ASK,SHORT,1.0
RIVN,2026-07-07 17:53:23.345955+00:00,PUT,16.5,2026-07-10,33000,1100,12495,995,16.995,REPEATEDHITS,False,False,False,33000,0,20719772298.0,3,ASK,SHORT,1.0
RIVN,2026-07-07 17:33:19.689472+00:00,PUT,16.5,2026-07-10,58575,2343,11050,995,17.1901,REPEATEDHITS,False,False,False,58575,0,20719772298.0,3,ASK,SHORT,1.0
RIVN,2026-07-07 16:08:19.632643+00:00,PUT,16.5,2026-07-10,76391,2501,7892,995,17.075,REPEATEDHITSDESCENDINGFILL,True,False,False,30,76361,20719772298.0,3,BID,LONG,0.5
RIVN,2026-07-07 15:22:07.608601+00:00,PUT,16.5,2026-07-10,23000,1000,3702,995,17.44,REPEATEDHITS,False,False,False,23000,0,20719772298.0,3,ASK,SHORT,1.0
RIVN,2026-07-07 14:41:02.651817+00:00,CALL,17.5,2026-07-10,94192,1682,3249,1431,17.4314,REPEATEDHITS,False,False,False,6216,87976,20719772298.0,3,BID,SHORT,0.5
RIVN,2026-07-06 19:20:16.274559+00:00,CALL,21.5,2026-07-10,10635,709,2213,406,19.735,REPEATEDHITS,False,False,False,10635,0,20719772298.0,4,ASK,LONG,1.0
RIVN,2026-07-06 18:25:47.726069+00:00,PUT,16.0,2026-07-24,15435,1029,1114,210,19.72,REPEATEDHITS,False,False,False,0,15435,20719772298.0,18,BID,LONG,0.5
RIVN,2026-07-06 15:23:24.203184+00:00,PUT,21.5,2026-07-10,66500,350,354,24,19.81,REPEATEDHITS,True,False,False,9880,56620,20719772298.0,4,BID,LONG,0.5
RIVN,2026-07-02 19:12:53.546758+00:00,PUT,18.0,2026-07-10,158619,2993,5803,217,18.5901,REPEATEDHITS,True,False,False,139698,0,20719772298.0,8,ASK,SHORT,1.0
RIVN,2026-07-02 19:00:32.753374+00:00,CALL,19.5,2026-07-17,59175,789,1833,268,18.66,REPEATEDHITS,False,False,False,59100,75,20719772298.0,15,ASK,LONG,1.0
RIVN,2026-07-02 16:58:15.612706+00:00,PUT,19.5,2026-07-10,18090,135,1678,1,18.575,REPEATEDHITS,False,False,False,2412,15678,20719772298.0,8,BID,LONG,0.5
RIVN,2026-07-02 16:04:14.029552+00:00,PUT,18.0,2026-07-10,16650,370,2318,217,18.8101,REPEATEDHITS,False,False,False,0,16650,20719772298.0,8,BID,LONG,0.5
RIVN,2026-07-02 16:04:14.029552+00:00,PUT,18.5,2026-07-10,20345,313,987,25,18.8101,REPEATEDHITS,False,False,False,20345,0,20719772298.0,8,ASK,SHORT,1.0
RIVN,2026-07-02 14:42:17.242953+00:00,PUT,19.5,2026-07-02,10320,172,1628,0,19.025,REPEATEDHITS,False,False,False,10320,0,20719772298.0,0,ASK,SHORT,1.0
RIVN,2026-07-02 14:36:30.243605+00:00,PUT,19.0,2026-07-10,18048,282,2728,93,19.505,REPEATEDHITS,False,False,False,16512,1536,20719772298.0,8,ASK,SHORT,1.0
RIVN,2026-07-02 14:36:26.835585+00:00,PUT,19.0,2026-07-10,13734,218,1910,93,19.5001,REPEATEDHITS,False,False,False,1134,12600,20719772298.0,8,BID,LONG,0.5
RIVN,2026-07-02 14:36:26.835585+00:00,PUT,19.0,2026-07-10,11088,176,2343,93,19.505,REPEATEDHITS,False,False,False,11088,0,20719772298.0,8,ASK,SHORT,1.0
RIVN,2026-07-02 14:36:26.835585+00:00,PUT,19.0,2026-07-10,13923,221,2132,93,19.505,REPEATEDHITS,False,False,False,13923,0,20719772298.0,8,ASK,SHORT,1.0
RIVN,2026-07-02 14:09:55.532543+00:00,PUT,19.5,2026-07-17,15370,122,443,73,19.4601,REPEATEDHITS,False,False,False,15370,0,20719772298.0,15,ASK,SHORT,1.0
RIVN,2026-07-02 13:56:12.109428+00:00,PUT,18.0,2026-07-10,18447,473,587,217,19.255,REPEATEDHITS,False,False,False,9165,9282,20719772298.0,8,BID,LONG,0.5
RIVN,2026-07-02 13:54:42.379433+00:00,PUT,19.0,2026-07-10,24080,301,514,93,19.275,REPEATEDHITS,False,False,False,24080,0,20719772298.0,8,ASK,SHORT,1.0
RIVN,2026-07-02 13:48:36.739003+00:00,CALL,20.5,2026-07-17,17770,268,499,77,19.12,REPEATEDHITSASCENDINGFILL,False,False,False,17770,0,20719772298.0,15,ASK,LONG,1.0
RIVN,2026-07-02 13:48:24.714750+00:00,PUT,19.5,2026-07-17,14017,107,109,73,19.159,REPEATEDHITS,True,False,False,13755,0,20719772298.0,15,ASK,SHORT,1.0
RIVN,2026-07-02 13:48:24.714750+00:00,PUT,19.5,2026-07-17,16896,128,237,73,19.16,REPEATEDHITS,True,False,False,16896,0,20719772298.0,15,ASK,SHORT,1.0
RIVN,2026-07-02 13:47:59.463846+00:00,CALL,19.5,2026-07-17,25771,277,290,268,19.1,REPEATEDHITSASCENDINGFILL,True,False,False,846,24831,20719772298.0,15,BID,SHORT,0.5
RIVN,2026-07-01 19:58:28.285310+00:00,PUT,16.5,2026-07-31,30247,273,298,211,17.1851,REPEATEDHITSASCENDINGFILL,True,False,False,30029,218,20719772298.0,30,ASK,SHORT,1.0
RIVN,2026-07-01 19:57:38.782572+00:00,CALL,21.0,2026-07-31,14558,364,725,88,17.199,REPEATEDHITSASCENDINGFILL,True,False,False,14478,80,20719772298.0,30,ASK,LONG,1.0
RIVN,2026-07-01 19:56:55.291826+00:00,PUT,17.5,2026-07-31,14400,90,224,0,17.195,REPEATEDHITS,False,False,False,0,14400,20719772298.0,30,BID,LONG,0.5
RIVN,2026-07-01 19:24:13.033001+00:00,PUT,17.5,2026-07-17,11970,114,1137,100,17.275,REPEATEDHITS,True,False,False,0,11865,20719772298.0,16,BID,LONG,0.5
RIVN,2026-07-01 14:09:15.139338+00:00,PUT,17.0,2026-07-02,14960,880,1091,833,17.525,REPEATEDHITS,False,False,False,0,14960,20719772298.0,1,BID,LONG,0.5
RIVN,2026-06-30 19:35:01.402206+00:00,PUT,17.0,2026-08-21,39750,250,482,240,17.505,REPEATEDHITS,False,False,False,32595,0,20719772298.0,52,ASK,SHORT,1.0
RIVN,2026-06-30 16:40:28.332782+00:00,CALL,20.5,2026-07-31,100000,2500,2500,24,17.27,FLOORTRADELARGECAP,False,True,False,100000,0,20719772298.0,31,ASK,LONG,1.0
RIVN,2026-06-30 14:02:01.942724+00:00,PUT,13.0,2026-08-21,103239,2518,2522,425,16.935,REPEATEDHITS,False,False,False,0,103239,20719772298.0,52,BID,LONG,0.5
RIVN,2026-06-29 18:28:39.406407+00:00,CALL,21.0,2026-08-21,41956,617,673,49,16.675,REPEATEDHITS,False,False,False,41956,0,20719772298.0,53,ASK,LONG,1.0
RIVN,2026-06-29 14:03:18.623581+00:00,CALL,19.0,2026-08-21,36270,403,424,198,16.205,REPEATEDHITS,False,False,False,36270,0,20719772298.0,53,ASK,LONG,1.0
RIVN,2026-06-29 13:42:03.095908+00:00,CALL,17.0,2026-07-02,56130,3742,7178,3356,15.9201,REPEATEDHITS,False,False,False,56130,0,20719772298.0,3,ASK,LONG,1.0
RIVN,2026-06-26 19:41:13.575275+00:00,CALL,20.0,2026-07-24,30954,2211,2328,171,15.465,REPEATEDHITS,False,False,False,3640,27314,20719772298.0,28,BID,SHORT,0.5
RIVN,2026-06-26 17:56:30.773155+00:00,CALL,18.0,2026-08-21,89000,1000,2118,307,15.505,REPEATEDHITS,True,False,False,0,89000,20719772298.0,56,BID,SHORT,0.5
RIVN,2026-06-26 15:48:01.187078+00:00,CALL,18.0,2026-08-21,44345,500,526,307,15.425,REPEATEDHITSASCENDINGFILL,False,False,False,44345,0,20719772298.0,56,ASK,LONG,1.0
RIVN,2026-06-26 15:08:06.660572+00:00,CALL,15.5,2026-07-31,118000,1000,1199,315,15.195,FLOORTRADELARGECAP,False,True,True,118000,0,20719772298.0,35,ASK,LONG,1.0
RIVN,2026-06-25 19:15:10.551061+00:00,PUT,13.0,2026-07-10,11862,659,684,400,14.585,REPEATEDHITS,False,False,False,0,11862,20719772298.0,15,BID,LONG,0.5
RIVN,2026-06-24 18:50:44.083142+00:00,CALL,23.0,2026-08-21,11552,608,609,7,14.415,REPEATEDHITS,False,False,False,0,11552,20719772298.0,58,BID,SHORT,0.5
RIVN,2026-06-24 18:22:29.065985+00:00,CALL,14.5,2026-07-17,20298,199,488,26,14.595,REPEATEDHITS,False,False,False,20298,0,20719772298.0,23,ASK,LONG,1.0
RIVN,2026-06-24 18:21:27.966136+00:00,CALL,14.5,2026-07-17,20580,196,284,26,14.64,REPEATEDHITS,False,False,False,20580,0,20719772298.0,23,ASK,LONG,1.0
RIVN,2026-06-24 18:12:33.220968+00:00,CALL,20.0,2026-08-21,27378,702,803,208,14.605,REPEATEDHITS,False,False,False,0,27378,20719772298.0,58,BID,SHORT,0.5
RIVN,2026-06-24 13:35:46.172219+00:00,PUT,14.5,2026-07-17,17352,241,242,115,14.95,REPEATEDHITS,False,False,False,0,5616,20719772298.0,23,BID,LONG,0.5
RIVN,2026-06-23 15:48:32.648095+00:00,CALL,29.0,2027-01-15,36500,500,3100,208,14.9399,REPEATEDHITS,False,False,False,36500,0,20719772298.0,206,ASK,LONG,1.0
RIVN,2026-06-23 15:40:00.856965+00:00,CALL,29.0,2027-01-15,34675,475,1050,208,14.9299,REPEATEDHITS,False,False,False,34675,0,20719772298.0,206,ASK,LONG,1.0
RKLB,2026-07-08 15:33:51.215119+00:00,PUT,82.0,2026-07-10,336908,1178,1433,398,81.76,REPEATEDHITS,False,False,False,0,336908,48273620076.0,2,BID,LONG,0.5
RKLB,2026-07-07 19:01:54.808494+00:00,PUT,82.5,2026-07-10,102442,391,1029,78,83.88,REPEATEDHITS,False,False,False,102442,0,48273620076.0,3,ASK,SHORT,1.0
RKLB,2026-07-07 14:52:45.930065+00:00,CALL,175.0,2027-06-17,747055,585,609,350,84.32,REPEATEDHITSDESCENDINGFILL,False,False,False,2564,744491,48273620076.0,345,BID,SHORT,0.5
RKLB,2026-07-07 14:14:44.899332+00:00,CALL,90.0,2026-07-10,59600,400,1158,311,83.98,REPEATEDHITS,False,False,False,0,59600,48273620076.0,3,BID,SHORT,0.5
RKLB,2026-07-06 19:40:51.656044+00:00,CALL,98.0,2026-07-10,67626,306,1167,173,92.55,REPEATEDHITS,False,False,False,12818,39780,48273620076.0,4,BID,SHORT,0.5
RKLB,2026-07-02 18:51:51.973427+00:00,CALL,105.0,2026-07-24,172500,250,272,167,99.41,REPEATEDHITS,False,False,False,0,139380,48273620076.0,22,BID,SHORT,0.5
RKLB,2026-07-02 16:45:15.878978+00:00,PUT,75.0,2028-12-15,127300,42,781,37,100.04,REPEATEDHITSDESCENDINGFILL,True,False,False,72865,48405,48273620076.0,897,ASK,SHORT,1.0
RKLB,2026-07-02 14:22:00.813853+00:00,PUT,105.0,2026-07-02,95355,489,842,201,104.4,REPEATEDHITS,False,False,False,95355,0,48273620076.0,0,ASK,SHORT,1.0
RKLB,2026-07-02 13:43:00.946650+00:00,PUT,106.0,2026-07-02,119847,439,442,81,104.72,REPEATEDHITS,False,False,False,119847,0,48273620076.0,0,ASK,SHORT,1.0
RKLB,2026-07-02 13:37:59.327528+00:00,PUT,104.0,2026-07-02,106375,509,624,238,103.925,REPEATEDHITSDESCENDINGFILL,False,False,False,105963,204,48273620076.0,0,ASK,SHORT,1.0
RKLB,2026-06-30 19:47:00.957107+00:00,PUT,35.0,2028-01-21,765871,1458,2962,1152,101.84,REPEATEDHITSDESCENDINGFILL,True,False,False,0,765871,48273620076.0,570,BID,LONG,0.5
RKLB,2026-06-30 19:45:12.791818+00:00,PUT,35.0,2028-01-21,792050,1500,1503,1152,101.955,REPEATEDHITSDESCENDINGFILL,False,False,False,0,792050,48273620076.0,570,BID,LONG,0.5
RKLB,2026-06-29 19:47:32.749906+00:00,CALL,107.0,2026-07-02,48240,402,1172,196,98.74,REPEATEDHITS,False,False,False,48240,0,48273620076.0,3,ASK,LONG,1.0
RKLB,2026-06-29 18:49:40.151259+00:00,CALL,125.0,2026-08-07,10800,27,126,7,97.15,REPEATEDHITS,True,False,False,0,0,48273620076.0,39,MIXED,,0.0
RKLB,2026-06-29 18:48:51.100009+00:00,CALL,102.0,2026-07-02,31840,160,1548,154,97.23,REPEATEDHITS,False,False,False,31840,0,48273620076.0,3,ASK,LONG,1.0
RKLB,2026-06-29 18:39:58.943160+00:00,CALL,125.0,2026-08-07,10200,24,96,7,97.35,REPEATEDHITS,True,False,False,2975,0,48273620076.0,39,ASK,LONG,1.0
RKLB,2026-06-29 18:34:57.613505+00:00,CALL,125.0,2026-08-07,10920,26,72,7,97.21,REPEATEDHITS,False,False,False,10920,0,48273620076.0,39,ASK,LONG,1.0
RKLB,2026-06-29 18:19:14.030930+00:00,PUT,70.0,2028-12-15,29590,11,12,0,97.66,REPEATEDHITS,False,False,False,2690,5380,48273620076.0,900,BID,LONG,0.5
RKLB,2026-06-29 17:54:55.150827+00:00,PUT,91.0,2026-07-02,27370,238,846,74,98.42,REPEATEDHITS,False,False,False,0,27370,48273620076.0,3,BID,LONG,0.5
RKLB,2026-06-29 15:22:47.434227+00:00,CALL,91.0,2026-07-10,16240,29,113,7,90.86,REPEATEDHITS,True,False,False,0,16240,48273620076.0,11,BID,SHORT,0.5
RKLB,2026-06-29 15:10:05.363750+00:00,CALL,103.0,2026-07-10,13260,65,94,40,91.65,REPEATEDHITS,True,False,False,13260,0,48273620076.0,11,ASK,LONG,1.0
RKLB,2026-06-29 13:56:41.011593+00:00,CALL,95.0,2026-07-31,163795,200,457,79,92.885,REPEATEDHITS,False,False,False,0,33415,48273620076.0,32,BID,SHORT,0.5
RKLB,2026-06-29 13:56:20.753264+00:00,PUT,94.0,2026-07-02,374077,860,946,86,92.98,REPEATEDHITSDESCENDINGFILL,False,False,False,374077,0,48273620076.0,3,ASK,SHORT,1.0
RKLB,2026-06-29 13:46:19.278213+00:00,PUT,81.5,2026-07-10,19093,127,135,3,93.65,REPEATEDHITSDESCENDINGFILL,False,False,False,9601,1036,48273620076.0,11,ASK,SHORT,1.0
RKLB,2026-06-29 13:32:54.503251+00:00,CALL,95.0,2026-07-31,179100,180,229,79,93.0,REPEATEDHITS,False,False,False,179100,0,48273620076.0,32,ASK,LONG,1.0
RKLB,2026-06-26 16:26:35.568775+00:00,CALL,87.0,2026-06-26,11160,465,2978,307,85.245,REPEATEDHITS,False,False,False,11160,0,48273620076.0,0,ASK,LONG,1.0
RKLB,2026-06-26 13:51:51.937311+00:00,PUT,83.0,2026-06-26,77077,637,879,401,83.46,REPEATEDHITS,False,False,False,77077,0,48273620076.0,0,ASK,SHORT,1.0
RKLB,2026-06-25 18:42:09.299008+00:00,CALL,85.0,2026-07-02,63900,300,1286,62,80.84,REPEATEDHITS,False,False,False,0,63900,48273620076.0,7,BID,SHORT,0.5
RKLB,2026-06-25 18:34:38.408869+00:00,CALL,85.0,2026-07-02,70779,300,978,62,81.16,REPEATEDHITS,False,False,False,65844,4935,48273620076.0,7,ASK,LONG,1.0
RKLB,2026-06-25 18:30:12.259061+00:00,CALL,85.0,2026-06-26,63000,1000,3652,322,81.62,REPEATEDHITS,False,False,False,63000,0,48273620076.0,1,ASK,LONG,1.0
RKLB,2026-06-25 18:23:10.212685+00:00,CALL,111.0,2026-07-10,12298,378,688,50,81.0,REPEATEDHITSDESCENDINGFILL,False,False,False,12298,0,48273620076.0,15,ASK,LONG,1.0
RKLB,2026-06-25 18:23:10.212685+00:00,CALL,111.0,2026-07-10,12157,372,1060,50,81.02,REPEATEDHITSASCENDINGFILL,True,False,False,12157,0,48273620076.0,15,ASK,LONG,1.0
RKLB,2026-06-25 17:34:18.959516+00:00,PUT,75.0,2026-08-07,28700,41,80,0,80.8,REPEATEDHITS,False,False,False,0,28700,48273620076.0,43,BID,LONG,0.5
RKLB,2026-06-25 17:14:53.751789+00:00,CALL,82.0,2026-06-26,28224,196,1375,18,81.16,REPEATEDHITS,False,False,False,0,28224,48273620076.0,1,BID,SHORT,0.5
RKLB,2026-06-25 16:05:31.767532+00:00,PUT,73.0,2026-07-02,10752,92,404,23,80.555,REPEATEDHITS,True,False,False,0,10752,48273620076.0,7,BID,LONG,0.5
RKLB,2026-06-25 16:03:05.790937+00:00,PUT,81.0,2026-08-07,27540,27,36,0,80.35,REPEATEDHITS,False,False,False,0,27540,48273620076.0,43,BID,LONG,0.5
RKLB,2026-06-25 15:45:29.571121+00:00,PUT,81.5,2026-07-17,16445,23,84,0,80.73,REPEATEDHITS,False,False,False,0,16445,48273620076.0,22,BID,LONG,0.5
RKLB,2026-06-25 15:08:57.851071+00:00,PUT,81.0,2026-06-26,123937,593,1391,538,80.71,REPEATEDHITS,False,False,False,0,123937,48273620076.0,1,BID,LONG,0.5
RKLB,2026-06-25 14:40:16.790812+00:00,CALL,85.0,2026-07-02,31500,100,237,62,82.64,REPEATEDHITS,True,False,False,0,31500,48273620076.0,7,BID,SHORT,0.5
RKLB,2026-06-25 14:25:03.368478+00:00,PUT,75.0,2026-07-02,112147,627,793,271,80.94,REPEATEDHITSASCENDINGFILL,True,False,False,107042,5105,48273620076.0,7,ASK,SHORT,1.0
RKLB,2026-06-25 14:25:03.368478+00:00,PUT,74.0,2026-07-02,47952,324,360,51,80.8501,REPEATEDHITS,True,False,False,0,47952,48273620076.0,7,BID,LONG,0.5
RKLB,2026-06-25 14:25:03.368478+00:00,PUT,72.0,2026-07-02,48825,465,503,47,80.8501,REPEATEDHITS,True,False,False,0,48825,48273620076.0,7,BID,LONG,0.5
RKLB,2026-06-25 14:25:03.368478+00:00,PUT,73.0,2026-07-02,29889,243,243,23,80.8501,REPEATEDHITS,True,False,False,0,29889,48273620076.0,7,BID,LONG,0.5
RKLB,2026-06-25 14:25:03.368478+00:00,PUT,76.0,2026-07-02,17955,88,102,14,80.8501,REPEATEDHITS,False,False,False,207,17748,48273620076.0,7,BID,LONG,0.5
RKLB,2026-06-25 14:19:45.411644+00:00,CALL,83.0,2026-06-26,12000,100,446,9,80.635,REPEATEDHITS,False,False,False,12000,0,48273620076.0,1,ASK,LONG,1.0
RKLB,2026-06-24 19:12:02.275362+00:00,PUT,70.0,2026-07-10,58500,500,756,26,85.41,REPEATEDHITS,False,False,False,0,58500,48273620076.0,16,BID,LONG,0.5
RKLB,2026-06-24 17:23:13.235423+00:00,CALL,90.0,2026-06-26,63918,603,2749,154,85.25,REPEATEDHITS,True,False,False,0,63918,48273620076.0,2,BID,SHORT,0.5
RKLB,2026-06-24 14:22:29.571726+00:00,PUT,89.0,2026-06-26,234275,689,1151,627,87.8999,REPEATEDHITSASCENDINGFILL,False,False,False,0,234275,48273620076.0,2,BID,LONG,0.5
RKLB,2026-06-23 19:39:15.221672+00:00,CALL,195.0,2026-08-21,129000,1500,2530,779,95.73,REPEATEDHITS,False,False,False,129000,0,48273620076.0,59,ASK,LONG,1.0
RKLB,2026-06-23 19:33:56.216432+00:00,CALL,195.0,2026-08-21,87609,1007,1028,779,95.83,REPEATEDHITS,False,False,False,87609,0,48273620076.0,59,ASK,LONG,1.0
RKT,2026-07-08 15:45:36.707853+00:00,PUT,13.5,2026-07-17,22260,530,6496,451,13.755,REPEATEDHITS,False,False,False,0,20202,14345450406.0,9,BID,LONG,0.5
RKT,2026-07-08 14:52:08.678339+00:00,PUT,14.0,2026-07-10,64242,1494,4881,928,13.82,REPEATEDHITS,True,False,False,61490,645,14345450406.0,2,ASK,SHORT,1.0
RKT,2026-07-01 19:41:27.925043+00:00,PUT,16.0,2026-07-02,45999,2000,2355,478,16.025,REPEATEDHITSASCENDINGFILL,False,False,False,45999,0,14345450406.0,1,ASK,SHORT,1.0
RKT,2026-07-01 19:00:19.477836+00:00,PUT,12.0,2026-08-07,14000,875,878,24,16.09,REPEATEDHITS,False,False,False,0,13840,14345450406.0,37,BID,LONG,0.5
RKT,2026-07-01 14:18:26.981723+00:00,PUT,15.5,2026-07-10,10440,348,355,235,16.28,REPEATEDHITS,False,False,False,0,10440,14345450406.0,9,BID,LONG,0.5
RKT,2026-06-30 19:49:56.621734+00:00,CALL,16.5,2026-07-10,73000,1825,2132,1463,15.895,REPEATEDHITS,False,False,False,73000,0,14345450406.0,10,ASK,LONG,1.0
RKT,2026-06-30 14:32:13.765869+00:00,PUT,16.5,2026-07-02,10409,190,278,10,16.25,REPEATEDHITS,False,False,False,5500,0,14345450406.0,2,ASK,SHORT,1.0
RKT,2026-06-30 14:29:15.418068+00:00,CALL,16.5,2026-07-02,29322,1086,7513,691,16.145,REPEATEDHITS,False,False,False,0,29322,14345450406.0,2,BID,SHORT,0.5
RKT,2026-06-26 16:42:20.482734+00:00,CALL,16.0,2026-07-02,24354,1107,10772,862,15.09,REPEATEDHITS,True,False,False,24354,0,14345450406.0,6,ASK,LONG,1.0
RKT,2026-06-26 16:41:41.440444+00:00,CALL,16.0,2026-07-02,24340,1217,9489,862,15.065,REPEATEDHITS,True,False,False,14720,0,14345450406.0,6,ASK,LONG,1.0
RKT,2026-06-26 15:46:49.298000+00:00,CALL,16.0,2026-07-02,134741,6853,7615,862,15.045,SWEEPSFOLLOWEDBYFLOOR,True,True,False,32641,102100,14345450406.0,6,BID,SHORT,0.5
RKT,2026-06-26 15:45:34.977112+00:00,CALL,16.0,2026-07-02,22363,1177,2503,862,15.035,REPEATEDHITS,True,False,False,22363,0,14345450406.0,6,ASK,LONG,1.0
RKT,2026-06-25 19:41:19.112697+00:00,PUT,14.5,2026-07-17,104025,1425,1463,44,14.89,REPEATEDHITS,False,False,False,104025,0,14345450406.0,22,ASK,SHORT,1.0
RKT,2026-06-24 19:04:11.236582+00:00,CALL,17.5,2026-07-17,34500,1500,3329,3,14.86,REPEATEDHITS,False,False,False,0,34500,14345450406.0,23,BID,SHORT,0.5
RKT,2026-06-24 19:04:01.225190+00:00,CALL,17.5,2026-07-17,29256,1272,1601,3,14.865,REPEATEDHITS,False,False,False,0,29256,14345450406.0,23,BID,SHORT,0.5
RKT,2026-06-24 17:23:13.235423+00:00,PUT,14.0,2026-07-10,13284,369,397,147,15.12,REPEATEDHITS,False,False,False,13284,0,14345450406.0,16,ASK,SHORT,1.0
RKT,2026-06-24 17:08:06.128590+00:00,PUT,15.0,2026-06-26,13464,408,5398,145,15.095,REPEATEDHITS,False,False,False,13464,0,14345450406.0,2,ASK,SHORT,1.0
RKT,2026-06-24 16:34:04.003168+00:00,PUT,15.0,2026-07-10,20856,316,347,55,15.29,REPEATEDHITS,False,False,False,19140,1716,14345450406.0,16,ASK,SHORT,1.0
RKT,2026-06-24 16:08:56.221389+00:00,PUT,15.5,2026-07-24,11264,88,154,7,15.15,REPEATEDHITS,False,False,False,6144,3840,14345450406.0,30,ASK,SHORT,1.0
RKT,2026-06-24 16:07:24.320840+00:00,PUT,15.0,2026-07-02,10400,200,561,135,15.175,REPEATEDHITS,False,False,False,10400,0,14345450406.0,8,ASK,SHORT,1.0
RKT,2026-06-24 15:41:28.036706+00:00,PUT,15.0,2026-06-26,32292,1242,2016,145,15.3063,REPEATEDHITS,True,False,False,26390,4576,14345450406.0,2,ASK,SHORT,1.0
RKT,2026-06-24 15:41:28.036706+00:00,PUT,15.0,2026-06-26,11752,452,2468,145,15.285,REPEATEDHITS,True,False,False,8528,3224,14345450406.0,2,ASK,SHORT,1.0
RKT,2026-06-24 14:13:18.771120+00:00,CALL,25.0,2027-03-19,114000,1000,1001,769,14.765,REPEATEDHITS,False,False,False,114000,0,14345450406.0,268,ASK,LONG,1.0
RKT,2026-06-23 15:50:10.790087+00:00,CALL,15.5,2026-07-10,27094,1426,1459,113,13.525,REPEATEDHITS,False,False,False,0,27094,14345450406.0,17,BID,SHORT,0.5
RKT,2026-06-23 14:10:24.601178+00:00,CALL,15.0,2026-07-31,105438,1500,2500,213,13.5501,REPEATEDHITSASCENDINGFILL,False,False,False,105438,0,14345450406.0,38,ASK,LONG,1.0
RKT,2026-06-23 14:06:39.016480+00:00,CALL,15.0,2026-07-31,70889,1000,1000,213,13.58,REPEATEDHITSASCENDINGFILL,False,False,False,70889,0,14345450406.0,38,ASK,LONG,1.0
RKT,2026-06-18 19:59:38.803761+00:00,CALL,15.0,2026-07-24,191997,2000,6522,105,14.445,REPEATEDHITS,True,False,False,191997,0,14345450406.0,36,ASK,LONG,1.0
RKT,2026-06-18 19:59:28.987511+00:00,CALL,15.0,2026-07-24,44836,472,4522,105,14.4099,REPEATEDHITS,True,False,False,44836,0,14345450406.0,36,ASK,LONG,1.0
RKT,2026-06-18 19:59:13.562607+00:00,CALL,15.0,2026-07-24,187847,2000,4050,105,14.405,REPEATEDHITSASCENDINGFILL,False,False,False,187847,0,14345450406.0,36,ASK,LONG,1.0
RKT,2026-06-18 19:58:47.327915+00:00,CALL,15.0,2026-07-10,200996,3000,3054,121,14.415,REPEATEDHITSASCENDINGFILL,False,False,False,200933,63,14345450406.0,22,ASK,LONG,1.0
RKT,2026-06-18 16:19:04.084388+00:00,PUT,13.5,2026-06-26,11502,426,950,400,14.085,REPEATEDHITS,False,False,False,11502,0,14345450406.0,8,ASK,SHORT,1.0
RKT,2026-06-18 14:48:42.270105+00:00,PUT,13.5,2026-06-26,13300,475,511,400,14.0701,REPEATEDHITS,False,False,False,13300,0,14345450406.0,8,ASK,SHORT,1.0
RKT,2026-06-15 16:47:01.463791+00:00,CALL,15.0,2026-07-31,10000,100,101,0,14.26,REPEATEDHITS,False,False,False,0,10000,14345450406.0,46,BID,SHORT,0.5
RKT,2026-06-15 15:45:16.967367+00:00,PUT,14.0,2026-07-02,21450,325,887,234,14.165,REPEATEDHITS,True,False,False,0,21450,14345450406.0,17,BID,LONG,0.5
RKT,2026-06-15 14:46:27.915602+00:00,CALL,15.5,2026-06-26,17668,631,1077,343,14.38,REPEATEDHITS,False,False,False,17668,0,14345450406.0,11,ASK,LONG,1.0
RKT,2026-06-10 16:22:49.834637+00:00,CALL,14.0,2026-07-10,38472,916,1025,61,12.65,REPEATEDHITS,False,False,False,0,38472,14345450406.0,30,BID,SHORT,0.5
RKT,2026-06-09 19:45:47.756104+00:00,CALL,13.5,2026-06-12,155000,5000,13741,1497,13.16,FLOORTRADELARGECAP,False,True,False,155000,0,14345450406.0,3,ASK,LONG,1.0
RKT,2026-06-08 19:34:16.771427+00:00,CALL,12.5,2026-06-12,26520,1105,2453,694,12.205,REPEATEDHITS,False,False,False,26520,0,14345450406.0,4,ASK,LONG,1.0
RKT,2026-06-05 18:53:52.677242+00:00,PUT,10.0,2026-07-17,17496,972,985,235,12.55,REPEATEDHITS,False,False,False,16686,0,14345450406.0,42,ASK,SHORT,1.0
RKT,2026-06-03 19:51:12.003390+00:00,CALL,13.0,2026-06-05,15775,631,874,202,12.92,REPEATEDHITS,False,False,False,15775,0,14345450406.0,2,ASK,LONG,1.0
RKT,2026-05-29 17:17:43.953545+00:00,CALL,15.0,2026-08-21,302209,1757,1932,502,14.675,REPEATEDHITS,False,False,False,344,301865,14345450406.0,84,BID,SHORT,0.5
RKT,2026-05-27 19:09:04.034021+00:00,CALL,13.5,2026-05-29,178800,2235,2441,879,14.24,REPEATEDHITS,False,False,False,0,162800,14345450406.0,2,BID,SHORT,0.5
RKT,2026-05-26 19:27:52.633239+00:00,CALL,15.5,2026-06-18,32172,766,2401,389,14.04,REPEATEDHITS,False,False,False,30114,0,14345450406.0,23,ASK,LONG,1.0
RKT,2026-05-26 19:24:48.627553+00:00,CALL,15.5,2026-06-18,30053,733,1235,389,14.045,REPEATEDHITS,False,False,False,30053,0,14345450406.0,23,ASK,LONG,1.0
RKT,2026-05-26 15:15:26.533301+00:00,CALL,17.5,2026-07-02,15652,602,1090,0,14.205,REPEATEDHITS,False,False,False,260,14378,14345450406.0,37,BID,SHORT,0.5
RKT,2026-05-26 14:10:18.623524+00:00,PUT,14.0,2026-07-17,85315,755,765,469,14.365,REPEATEDHITS,False,False,False,85315,0,14345450406.0,52,ASK,SHORT,1.0
RKT,2026-05-21 19:40:26.241179+00:00,CALL,16.0,2026-08-21,25652,242,246,150,13.835,REPEATEDHITS,False,False,False,0,5512,14345450406.0,92,BID,SHORT,0.5
RKT,2026-05-21 19:40:26.241179+00:00,CALL,16.0,2026-08-21,16748,158,404,150,13.84,REPEATEDHITS,False,False,False,16748,0,14345450406.0,92,ASK,LONG,1.0
RKT,2026-05-21 18:01:48.773403+00:00,CALL,14.5,2026-05-22,21000,3000,10848,1512,13.855,REPEATEDHITS,False,False,False,21000,0,14345450406.0,1,ASK,LONG,1.0
RKT,2026-05-20 19:27:21.952003+00:00,PUT,13.5,2026-05-29,25432,578,2390,575,13.515,REPEATEDHITS,False,False,False,0,25432,14345450406.0,9,BID,LONG,0.5
ROKU,2026-07-08 15:42:52.917815+00:00,PUT,140.0,2026-08-21,13090,34,38,21,140.19,REPEATEDHITS,True,False,False,13090,0,18502678660.0,44,ASK,SHORT,1.0
ROKU,2026-07-07 16:08:45.667592+00:00,PUT,120.0,2026-09-18,19500,300,300,128,142.46,REPEATEDHITS,True,False,False,0,19500,18502678660.0,73,BID,LONG,0.5
ROKU,2026-07-01 16:29:17.659370+00:00,PUT,140.0,2026-07-31,29717,103,117,37,140.99,REPEATEDHITSDESCENDINGFILL,True,False,False,3516,26201,18502678660.0,30,BID,LONG,0.5
ROKU,2026-06-26 19:59:39.127626+00:00,CALL,145.0,2026-12-18,470844,902,977,86,135.47,FLOORTRADELARGECAP,False,True,True,0,470844,18502678660.0,175,BID,SHORT,0.5
ROKU,2026-06-24 17:47:48.866417+00:00,CALL,148.0,2026-07-17,10989,297,1298,0,136.4,REPEATEDHITS,True,False,False,10989,0,18502678660.0,23,ASK,LONG,1.0
ROKU,2026-06-24 17:45:43.504736+00:00,CALL,148.0,2026-07-17,12390,354,902,0,136.355,REPEATEDHITS,True,False,False,9555,2835,18502678660.0,23,ASK,LONG,1.0
ROKU,2026-06-24 17:29:03.534991+00:00,CALL,137.0,2026-07-10,12780,60,72,8,136.57,REPEATEDHITSDESCENDINGFILL,True,False,False,6630,6150,18502678660.0,16,ASK,LONG,1.0
ROKU,2026-06-22 14:24:48.953778+00:00,CALL,118.0,2026-07-10,32555,17,17,0,137.0,REPEATEDHITS,True,False,False,0,32555,18502678660.0,18,BID,SHORT,0.5
ROKU,2026-06-18 16:55:03.297201+00:00,CALL,140.0,2026-10-16,26425,35,73,24,138.95,REPEATEDHITS,False,False,False,0,26425,18502678660.0,120,BID,SHORT,0.5
ROKU,2026-06-16 17:06:43.329976+00:00,PUT,130.0,2026-12-18,13500,30,30,2,139.07,REPEATEDHITS,False,False,False,1350,12150,18502678660.0,185,BID,LONG,0.5
ROKU,2026-06-16 14:50:08.716350+00:00,PUT,134.0,2026-07-24,26125,105,117,0,138.9325,REPEATEDHITS,False,False,False,12625,13500,18502678660.0,38,BID,LONG,0.5
ROKU,2026-06-15 17:28:07.782053+00:00,PUT,141.0,2026-07-24,46250,125,126,0,142.35,REPEATEDHITS,True,False,False,0,46250,18502678660.0,39,BID,LONG,0.5
ROKU,2026-06-15 17:07:54.289330+00:00,PUT,140.0,2026-07-17,27264,96,128,18,142.48,REPEATEDHITS,False,False,False,27264,0,18502678660.0,32,ASK,SHORT,1.0
ROKU,2026-06-15 15:12:32.586111+00:00,CALL,142.0,2026-06-18,82250,350,992,36,143.35,REPEATEDHITS,True,False,False,82250,0,18502678660.0,3,ASK,LONG,1.0
ROKU,2026-06-15 14:58:23.308649+00:00,CALL,135.0,2026-07-17,740700,823,1075,759,142.19,REPEATEDHITS,False,False,False,0,740700,18502678660.0,32,BID,SHORT,0.5
ROKU,2026-06-12 19:59:36.955695+00:00,CALL,145.0,2026-07-31,14340,12,27,0,143.38,REPEATEDHITS,False,False,False,0,0,18502678660.0,49,MIXED,,0.0
ROKU,2026-06-12 19:58:02.820174+00:00,CALL,128.0,2026-06-12,313035,204,1099,80,143.365,REPEATEDHITSASCENDINGFILL,False,False,False,101510,3080,18502678660.0,0,ASK,LONG,1.0
ROKU,2026-06-12 19:56:50.516578+00:00,CALL,127.0,2026-06-12,380320,241,592,140,143.24,REPEATEDHITSASCENDINGFILL,True,False,False,150510,100945,18502678660.0,0,ASK,LONG,1.0
ROKU,2026-06-12 19:56:10.431031+00:00,CALL,126.0,2026-06-12,331200,192,3466,52,143.58,REPEATEDHITS,False,False,False,331200,0,18502678660.0,0,ASK,LONG,1.0
ROKU,2026-06-12 19:56:10.431031+00:00,CALL,126.0,2026-06-12,1074295,625,3274,52,143.435,REPEATEDHITSASCENDINGFILL,True,False,False,1074295,0,18502678660.0,0,ASK,LONG,1.0
ROKU,2026-06-12 19:56:05.023376+00:00,CALL,126.0,2026-06-12,533280,303,2649,52,143.64,REPEATEDHITS,False,False,False,533280,0,18502678660.0,0,ASK,LONG,1.0
ROKU,2026-06-12 19:56:03.219832+00:00,CALL,126.0,2026-06-12,665405,377,2346,52,143.62,REPEATEDHITS,False,False,False,665405,0,18502678660.0,0,ASK,LONG,1.0
ROKU,2026-06-12 19:56:00.009124+00:00,CALL,126.0,2026-06-12,299130,169,1921,52,143.66,REPEATEDHITS,True,False,False,299130,0,18502678660.0,0,ASK,LONG,1.0
ROKU,2026-06-12 19:55:44.975436+00:00,CALL,125.0,2026-06-12,699200,380,3351,258,143.64,REPEATEDHITS,True,False,False,677120,22080,18502678660.0,0,ASK,LONG,1.0
ROKU,2026-06-12 19:55:43.969441+00:00,CALL,125.0,2026-06-12,2440515,1298,2516,258,144.03,REPEATEDHITSASCENDINGFILL,True,False,False,1297310,0,18502678660.0,0,ASK,LONG,1.0
ROKU,2026-06-12 19:55:43.969441+00:00,CALL,125.0,2026-06-12,859250,455,2971,258,144.08,REPEATEDHITSASCENDINGFILL,False,False,False,345305,50895,18502678660.0,0,ASK,LONG,1.0
ROKU,2026-06-12 19:55:39.149148+00:00,CALL,125.0,2026-06-12,1097150,567,1218,258,144.405,REPEATEDHITS,False,False,False,121910,0,18502678660.0,0,ASK,LONG,1.0
ROKU,2026-06-12 19:46:02.990688+00:00,CALL,128.0,2026-06-12,220379,133,828,80,145.655,REPEATEDHITSASCENDINGFILL,True,False,False,0,217059,18502678660.0,0,BID,SHORT,0.5
ROKU,2026-06-12 19:34:42.972314+00:00,CALL,155.0,2026-06-18,60858,252,409,224,144.99,REPEATEDHITSASCENDINGFILL,False,False,False,20522,7016,18502678660.0,6,ASK,LONG,1.0
ROKU,2026-06-12 19:29:07.469913+00:00,CALL,170.0,2027-03-19,13650,13,104,3,148.48,REPEATEDHITS,False,False,False,0,13650,18502678660.0,280,BID,SHORT,0.5
ROKU,2026-06-12 19:27:15.729622+00:00,CALL,144.0,2026-07-10,10000,10,10,0,145.68,REPEATEDHITS,False,False,False,0,10000,18502678660.0,28,BID,SHORT,0.5
ROKU,2026-06-12 19:25:28.993905+00:00,CALL,170.0,2027-03-19,11770,15,91,3,143.555,REPEATEDHITSASCENDINGFILL,True,False,False,6260,5510,18502678660.0,280,ASK,LONG,1.0
ROKU,2026-06-12 19:18:11.071534+00:00,PUT,160.0,2026-12-18,27270,9,9,0,140.635,REPEATEDHITS,False,False,False,0,27270,18502678660.0,189,BID,LONG,0.5
ROKU,2026-06-12 19:18:11.071534+00:00,PUT,160.0,2027-01-15,118490,38,38,2,140.635,REPEATEDHITS,False,False,False,31270,87220,18502678660.0,217,BID,LONG,0.5
ROKU,2026-06-12 19:15:25.025787+00:00,CALL,145.0,2028-12-15,46950,10,10,2,142.4901,REPEATEDHITS,False,False,False,0,46950,18502678660.0,917,BID,SHORT,0.5
ROKU,2026-06-12 19:15:25.025787+00:00,CALL,140.0,2028-12-15,34300,7,7,6,142.4901,REPEATEDHITS,False,False,False,0,34300,18502678660.0,917,BID,SHORT,0.5
ROKU,2026-06-12 19:06:20.905942+00:00,CALL,170.0,2027-03-19,74250,55,75,3,134.48,REPEATEDHITS,False,False,False,0,74250,18502678660.0,280,BID,SHORT,0.5
ROKU,2026-06-12 19:06:20.905942+00:00,CALL,180.0,2027-06-17,39153,27,77,25,134.48,REPEATEDHITS,False,False,False,0,39153,18502678660.0,370,BID,SHORT,0.5
ROKU,2026-06-12 18:44:57.567420+00:00,CALL,170.0,2026-06-26,10026,68,136,0,131.51,REPEATEDHITSASCENDINGFILL,True,False,False,8606,1420,18502678660.0,14,ASK,LONG,1.0
ROKU,2026-06-12 18:30:53.073618+00:00,CALL,170.0,2028-01-21,72000,30,160,4,131.505,REPEATEDHITS,True,False,False,0,72000,18502678660.0,588,BID,SHORT,0.5
ROKU,2026-06-12 18:24:10.989957+00:00,CALL,185.0,2028-12-15,75001,25,35,0,130.58,REPEATEDHITS,False,False,False,0,75001,18502678660.0,917,BID,SHORT,0.5
ROKU,2026-06-12 18:20:25.084619+00:00,PUT,124.0,2026-06-18,200670,540,563,49,129.94,REPEATEDHITSASCENDINGFILL,False,False,False,156750,43920,18502678660.0,6,ASK,SHORT,1.0
ROKU,2026-06-12 18:20:25.084619+00:00,PUT,125.0,2026-06-18,301017,721,904,559,129.94,REPEATEDHITSASCENDINGFILL,False,False,False,252000,49017,18502678660.0,6,ASK,SHORT,1.0
ROKU,2026-06-12 18:20:25.084619+00:00,PUT,126.0,2026-06-18,194790,426,426,55,129.94,REPEATEDHITSASCENDINGFILL,False,False,False,160080,34710,18502678660.0,6,ASK,SHORT,1.0
ROKU,2026-06-12 18:12:17.900970+00:00,CALL,135.0,2026-06-26,53675,113,497,10,128.26,REPEATEDHITS,False,False,False,53675,0,18502678660.0,14,ASK,LONG,1.0
ROKU,2026-06-12 18:06:46.888065+00:00,CALL,135.0,2026-06-26,25785,60,383,10,127.785,REPEATEDHITSDESCENDINGFILL,False,False,False,24935,425,18502678660.0,14,ASK,LONG,1.0
ROKU,2026-06-12 18:06:28.862373+00:00,CALL,185.0,2027-06-17,76500,60,60,1,127.92,REPEATEDHITS,False,False,False,3825,72675,18502678660.0,370,BID,SHORT,0.5
ROKU,2026-06-12 18:06:28.862373+00:00,CALL,190.0,2028-12-15,263907,91,126,27,127.98,REPEATEDHITSASCENDINGFILL,False,False,False,2905,261002,18502678660.0,917,BID,SHORT,0.5
ROKU,2026-06-12 18:06:28.862373+00:00,CALL,170.0,2027-06-17,22415,14,14,2,127.98,REPEATEDHITS,False,False,False,1615,20800,18502678660.0,370,BID,SHORT,0.5
ROKU,2026-06-12 18:06:28.862373+00:00,CALL,180.0,2027-06-17,67545,50,50,25,127.98,REPEATEDHITSASCENDINGFILL,False,False,False,6795,60750,18502678660.0,370,BID,SHORT,0.5
RUN,2026-07-08 15:50:01.631190+00:00,CALL,11.0,2026-09-18,120219,603,698,122,11.33,REPEATEDHITSASCENDINGFILL,False,False,False,119821,398,2910301301.0,72,ASK,LONG,1.0
RUN,2026-07-08 14:37:08.739326+00:00,CALL,12.5,2026-07-24,29754,513,1838,15,11.61,REPEATEDHITS,False,False,False,29754,0,2910301301.0,16,ASK,LONG,1.0
RUN,2026-07-08 14:34:01.830637+00:00,CALL,12.5,2026-07-24,12322,202,959,15,11.69,REPEATEDHITS,False,False,False,12322,0,2910301301.0,16,ASK,LONG,1.0
RUN,2026-07-08 14:02:44.916932+00:00,CALL,13.0,2026-07-24,19300,386,2229,153,11.8694,REPEATEDHITS,False,False,False,19300,0,2910301301.0,16,ASK,LONG,1.0
RUN,2026-07-07 19:45:38.766499+00:00,CALL,12.5,2026-07-10,10033,335,1033,64,12.18,REPEATEDHITSASCENDINGFILL,True,False,False,10033,0,2910301301.0,3,ASK,LONG,1.0
RUN,2026-07-02 13:58:20.695023+00:00,CALL,13.0,2026-07-10,10000,125,127,97,13.37,REPEATEDHITS,False,False,False,10000,0,2910301301.0,8,ASK,LONG,1.0
RUN,2026-06-30 15:41:20.004492+00:00,PUT,13.5,2026-07-10,29232,464,464,89,13.74,REPEATEDHITS,False,False,False,29232,0,2910301301.0,10,ASK,SHORT,1.0
RUN,2026-06-30 14:48:42.717717+00:00,CALL,13.5,2026-07-10,13432,146,174,137,13.855,REPEATEDHITS,False,False,False,13432,0,2910301301.0,10,ASK,LONG,1.0
RUN,2026-06-25 18:57:23.209301+00:00,PUT,14.5,2026-07-02,35420,308,330,39,13.72,REPEATEDHITS,False,False,False,0,35420,2910301301.0,7,BID,LONG,0.5
RUN,2026-06-24 19:55:59.383504+00:00,CALL,16.0,2026-07-10,16575,325,522,87,14.445,REPEATEDHITS,True,False,False,16575,0,2910301301.0,16,ASK,LONG,1.0
RUN,2026-06-24 19:51:17.110617+00:00,CALL,15.5,2026-07-02,13566,266,2074,24,14.5901,REPEATEDHITS,False,False,False,13566,0,2910301301.0,8,ASK,LONG,1.0
RUN,2026-06-24 19:40:01.754435+00:00,CALL,15.5,2026-07-02,14681,277,365,24,14.735,REPEATEDHITS,False,False,False,14681,0,2910301301.0,8,ASK,LONG,1.0
RUN,2026-06-24 17:18:31.998218+00:00,PUT,15.0,2026-06-26,24882,858,1127,66,15.76,REPEATEDHITS,True,False,False,24215,667,2910301301.0,2,ASK,SHORT,1.0
RUN,2026-06-24 16:26:06.842480+00:00,CALL,16.5,2026-07-02,13206,186,3535,74,16.155,REPEATEDHITS,False,False,False,0,10295,2910301301.0,8,BID,SHORT,0.5
RUN,2026-06-24 16:08:07.171583+00:00,CALL,16.5,2026-07-02,13072,172,3090,74,16.065,REPEATEDHITS,True,False,False,0,12008,2910301301.0,8,BID,SHORT,0.5
RUN,2026-06-24 15:59:09.112598+00:00,CALL,16.5,2026-07-02,13608,168,2813,74,16.12,REPEATEDHITS,True,False,False,0,13608,2910301301.0,8,BID,SHORT,0.5
RUN,2026-06-24 15:38:01.119170+00:00,CALL,16.5,2026-07-02,16268,166,2048,74,16.375,REPEATEDHITS,False,False,False,16268,0,2910301301.0,8,ASK,LONG,1.0
RUN,2026-06-24 15:21:05.508295+00:00,CALL,16.5,2026-07-02,13328,136,1338,74,16.345,REPEATEDHITS,True,False,False,7056,3528,2910301301.0,8,ASK,LONG,1.0
RUN,2026-06-24 15:10:25.146544+00:00,CALL,18.0,2026-07-17,28700,287,2662,227,16.4601,REPEATEDHITS,False,False,False,100,28600,2910301301.0,23,BID,SHORT,0.5
RUN,2026-06-24 14:58:05.195331+00:00,CALL,16.5,2026-07-02,14504,148,602,74,16.2199,REPEATEDHITS,False,False,False,14504,0,2910301301.0,8,ASK,LONG,1.0
RUN,2026-06-24 14:53:25.225352+00:00,CALL,18.0,2026-07-17,29815,335,1422,227,16.3201,REPEATEDHITS,True,False,False,0,29815,2910301301.0,23,BID,SHORT,0.5
RUN,2026-06-24 14:37:48.750247+00:00,CALL,29.0,2026-11-20,13312,128,138,2,15.8257,REPEATEDHITS,True,False,False,13312,0,2910301301.0,149,ASK,LONG,1.0
RUN,2026-06-24 13:49:06.514958+00:00,CALL,17.0,2026-06-26,31575,421,3037,232,16.6948,REPEATEDHITS,False,False,False,17625,0,2910301301.0,2,ASK,LONG,1.0
RUN,2026-06-24 13:46:46.194863+00:00,CALL,17.0,2026-06-26,34554,691,2418,232,16.335,REPEATEDHITS,False,False,False,11154,23400,2910301301.0,2,BID,SHORT,0.5
RUN,2026-06-24 13:42:37.480005+00:00,CALL,16.5,2026-07-02,17399,174,224,74,15.9692,REPEATEDHITS,False,False,False,17300,0,2910301301.0,8,ASK,LONG,1.0
RUN,2026-06-24 13:42:28.039000+00:00,CALL,30.0,2026-11-20,25114,241,273,27,16.03,REPEATEDHITSASCENDINGFILL,True,False,False,25114,0,2910301301.0,149,ASK,LONG,1.0
RUN,2026-06-24 13:37:48.126177+00:00,CALL,16.0,2026-07-31,33574,184,193,20,15.849,REPEATEDHITSDESCENDINGFILL,False,False,False,17580,15994,2910301301.0,37,ASK,LONG,1.0
RUN,2026-06-24 13:32:11.502191+00:00,CALL,25.0,2026-08-21,32327,649,714,315,16.0401,REPEATEDHITSDESCENDINGFILL,True,False,False,26577,5700,2910301301.0,58,ASK,LONG,1.0
RUN,2026-06-24 13:31:05.725946+00:00,CALL,16.5,2026-06-26,17775,343,1258,107,15.745,REPEATEDHITSASCENDINGFILL,True,False,False,16767,1008,2910301301.0,2,ASK,LONG,1.0
RUN,2026-06-24 13:30:26.779285+00:00,CALL,16.5,2026-06-26,31892,876,890,107,15.57,REPEATEDHITSASCENDINGFILL,False,False,False,31892,0,2910301301.0,2,ASK,LONG,1.0
RUN,2026-06-23 18:30:15.395830+00:00,PUT,12.5,2026-07-17,22190,317,1250,2,13.18,REPEATEDHITS,False,False,False,0,22190,2910301301.0,24,BID,LONG,0.5
RUN,2026-06-23 18:30:03.986100+00:00,PUT,12.5,2026-07-17,24322,345,933,2,13.145,REPEATEDHITSDESCENDINGFILL,False,False,False,0,24322,2910301301.0,24,BID,LONG,0.5
RUN,2026-06-23 18:29:44.568067+00:00,PUT,12.5,2026-07-17,41754,587,588,2,13.095,REPEATEDHITSASCENDINGFILL,False,False,False,19790,8616,2910301301.0,24,ASK,SHORT,1.0
RUN,2026-06-18 16:06:57.804266+00:00,CALL,14.5,2026-06-26,10582,481,623,329,13.324,REPEATEDHITS,False,False,False,7062,3520,2910301301.0,8,ASK,LONG,1.0
RUN,2026-06-17 15:00:30.673884+00:00,PUT,6.0,2026-11-20,29332,1153,1153,33,12.705,REPEATEDHITSDESCENDINGFILL,True,False,False,21528,7804,2910301301.0,156,ASK,SHORT,1.0
RUN,2026-06-17 15:00:16.844239+00:00,PUT,5.0,2028-01-21,27058,326,326,146,12.71,REPEATEDHITS,False,False,False,27058,0,2910301301.0,583,ASK,SHORT,1.0
RUN,2026-06-12 18:52:33.833934+00:00,PUT,12.0,2026-07-17,64740,780,1365,563,12.905,REPEATEDHITS,False,False,False,0,64740,2910301301.0,35,BID,LONG,0.5
RUN,2026-06-12 16:38:07.835390+00:00,PUT,13.0,2026-06-26,15040,160,169,84,12.73,REPEATEDHITS,False,False,False,0,15040,2910301301.0,14,BID,LONG,0.5
RUN,2026-06-12 13:44:08.687166+00:00,CALL,12.0,2026-06-18,50736,604,614,548,12.485,REPEATEDHITS,False,False,False,0,50736,2910301301.0,6,BID,SHORT,0.5
RUN,2026-06-11 15:59:03.719487+00:00,CALL,13.0,2026-07-17,14400,150,551,64,12.045,REPEATEDHITS,True,False,False,0,14400,2910301301.0,36,BID,SHORT,0.5
RUN,2026-06-09 17:34:42.178221+00:00,CALL,14.0,2026-07-17,21960,244,1895,235,12.62,REPEATEDHITS,True,False,False,2160,19800,2910301301.0,38,BID,SHORT,0.5
RUN,2026-06-09 17:23:45.502001+00:00,CALL,15.0,2026-07-17,43136,674,855,548,12.5772,REPEATEDHITS,False,False,False,43136,0,2910301301.0,38,ASK,LONG,1.0
RUN,2026-06-09 16:09:10.989331+00:00,PUT,7.0,2026-09-18,33344,1042,1042,345,12.3,REPEATEDHITS,False,False,False,33344,0,2910301301.0,101,ASK,SHORT,1.0
RUN,2026-06-09 15:40:43.805794+00:00,CALL,14.0,2026-07-17,44528,506,515,235,12.6,REPEATEDHITS,False,False,False,44528,0,2910301301.0,38,ASK,LONG,1.0
RUN,2026-06-05 19:35:15.031634+00:00,PUT,13.5,2026-06-12,551312,7266,7487,463,13.325,REPEATEDHITSDESCENDINGFILL,True,False,False,547034,4278,2910301301.0,7,ASK,SHORT,1.0
RUN,2026-06-05 15:06:16.982366+00:00,CALL,14.5,2026-06-18,124228,2389,2407,223,13.67,REPEATEDHITS,False,False,False,0,124228,2910301301.0,13,BID,SHORT,0.5
RUN,2026-06-04 15:22:45.110299+00:00,CALL,14.0,2026-09-18,17080,56,1001,37,14.63,REPEATEDHITS,False,False,False,7015,10065,2910301301.0,106,BID,SHORT,0.5
RUN,2026-06-04 15:22:45.110299+00:00,CALL,14.0,2026-09-18,66795,219,1220,37,14.625,REPEATEDHITS,False,False,False,66795,0,2910301301.0,106,ASK,LONG,1.0
RUN,2026-06-04 15:20:14.835174+00:00,CALL,14.0,2026-09-18,210446,690,945,37,14.605,REPEATEDHITS,False,False,False,164086,46360,2910301301.0,106,ASK,LONG,1.0
RUN,2026-06-04 15:07:10.246180+00:00,CALL,14.0,2026-09-18,20860,70,128,37,14.565,REPEATEDHITS,False,False,False,0,19072,2910301301.0,106,BID,SHORT,0.5
SDOW,2026-07-08 14:35:10.140194+00:00,CALL,35.0,2028-01-21,21040,50,52,41,24.225,REPEATEDHITSDESCENDINGFILL,True,False,False,14490,6550,23.3723,562,ASK,LONG,1.0
SDOW,2026-06-12 13:40:48.771037+00:00,CALL,25.0,2026-07-17,29315,143,153,72,26.28,REPEATEDHITS,False,False,False,29315,0,23.3723,35,ASK,LONG,1.0
SDOW,2026-05-22 14:56:51.249812+00:00,CALL,25.0,2026-06-18,24500,100,200,82,27.02,REPEATEDHITS,False,False,False,0,24500,23.3723,27,BID,SHORT,0.5
SG,2026-07-08 14:07:00.735386+00:00,CALL,8.0,2026-08-21,75695,797,797,645,7.6899,REPEATEDHITSDESCENDINGFILL,True,False,False,75695,0,827669926.0,44,ASK,LONG,1.0
SG,2026-07-02 15:13:24.840077+00:00,CALL,9.0,2026-07-10,27340,614,724,246,8.815,REPEATEDHITSASCENDINGFILL,True,False,False,27260,0,827669926.0,8,ASK,LONG,1.0
SG,2026-07-02 15:04:33.954611+00:00,CALL,9.0,2026-07-17,128778,2576,3135,1275,8.68,REPEATEDHITSDESCENDINGFILL,False,False,False,124128,4650,827669926.0,15,ASK,LONG,1.0
SG,2026-06-30 15:39:02.785187+00:00,CALL,14.0,2026-10-16,45700,914,929,767,8.86,REPEATEDHITS,False,False,False,45700,0,827669926.0,108,ASK,LONG,1.0
SG,2026-06-22 18:52:44.189451+00:00,CALL,9.0,2026-08-21,43101,375,416,346,8.49,REPEATEDHITS,False,False,False,43101,0,827669926.0,60,ASK,LONG,1.0
SG,2026-06-18 16:38:38.006514+00:00,CALL,20.0,2028-01-21,121000,550,550,101,8.955,REPEATEDHITS,False,False,False,121000,0,827669926.0,582,ASK,LONG,1.0
SG,2026-06-12 13:53:21.582458+00:00,CALL,20.0,2026-10-16,10000,250,650,88,9.2857,REPEATEDHITS,False,False,False,10000,0,827669926.0,126,ASK,LONG,1.0
SG,2026-06-08 19:16:56.789127+00:00,CALL,7.5,2026-07-10,59831,680,1120,56,7.525,REPEATEDHITSDESCENDINGFILL,False,False,False,59831,0,827669926.0,32,ASK,LONG,1.0
SG,2026-05-29 17:49:35.636362+00:00,PUT,9.0,2026-09-18,55875,414,455,254,10.075,REPEATEDHITSDESCENDINGFILL,False,False,False,55875,0,827669926.0,112,ASK,SHORT,1.0
SG,2026-05-27 17:46:06.150008+00:00,CALL,11.0,2026-06-12,35307,706,735,664,10.16,REPEATEDHITS,False,False,False,0,35307,827669926.0,16,BID,SHORT,0.5
SG,2026-05-26 17:11:54.901995+00:00,CALL,10.0,2026-06-05,22500,500,661,368,9.785,REPEATEDHITS,False,False,False,0,22500,827669926.0,10,BID,SHORT,0.5
SG,2026-05-26 17:10:43.821305+00:00,CALL,14.0,2026-06-18,16290,1086,5589,42,9.825,REPEATEDHITS,False,False,False,16290,0,827669926.0,23,ASK,LONG,1.0
SG,2026-05-26 17:10:43.821305+00:00,CALL,14.0,2026-06-18,11235,749,6738,42,9.84,REPEATEDHITS,False,False,False,9570,1500,827669926.0,23,ASK,LONG,1.0
SG,2026-05-26 17:10:36.204338+00:00,CALL,14.0,2026-06-18,10138,676,2929,42,9.745,REPEATEDHITSASCENDINGFILL,False,False,False,10138,0,827669926.0,23,ASK,LONG,1.0
SG,2026-05-26 17:10:36.204338+00:00,CALL,14.0,2026-06-18,15938,1074,4003,42,9.745,REPEATEDHITSASCENDINGFILL,False,False,False,15938,0,827669926.0,23,ASK,LONG,1.0
SG,2026-05-26 17:10:25.191247+00:00,CALL,14.0,2026-06-18,30000,2000,2003,42,9.675,REPEATEDHITS,False,False,False,30000,0,827669926.0,23,ASK,LONG,1.0
SG,2026-05-26 15:14:00.104764+00:00,CALL,14.0,2026-09-18,142426,1676,1764,43,9.85,REPEATEDHITS,False,False,False,142086,0,827669926.0,115,ASK,LONG,1.0
SG,2026-05-20 19:00:11.460112+00:00,CALL,10.0,2026-05-29,48210,2464,7051,474,8.93,REPEATEDHITSDESCENDINGFILL,True,False,False,48210,0,827669926.0,9,ASK,LONG,1.0
SG,2026-05-20 16:36:02.818684+00:00,CALL,10.0,2026-07-17,56250,750,1393,492,8.88,REPEATEDHITS,False,False,False,56250,0,827669926.0,58,ASK,LONG,1.0
SG,2026-05-19 19:55:19.410787+00:00,CALL,9.5,2026-05-29,15000,750,4635,40,8.705,REPEATEDHITS,True,False,False,0,15000,827669926.0,10,BID,SHORT,0.5
SG,2026-05-19 19:04:43.579142+00:00,CALL,8.5,2026-06-05,25875,345,347,167,8.75,REPEATEDHITS,False,False,False,25875,0,827669926.0,17,ASK,LONG,1.0
SG,2026-05-19 18:18:30.462934+00:00,CALL,7.5,2026-06-05,96570,666,666,95,8.75,REPEATEDHITS,False,False,False,96570,0,827669926.0,17,ASK,LONG,1.0
SG,2026-05-18 18:24:16.417734+00:00,CALL,9.5,2026-06-18,922324,17737,18962,0,8.7218,FLOORTRADESMALLCAP,False,True,True,0,922324,827669926.0,31,BID,SHORT,0.5
SG,2026-05-18 14:29:02.913921+00:00,CALL,11.0,2026-10-16,90002,1000,1900,899,8.415,REPEATEDHITS,False,False,False,0,90002,827669926.0,151,BID,SHORT,0.5
SG,2026-05-18 13:45:48.832696+00:00,CALL,8.5,2026-05-22,12994,500,533,158,8.19,REPEATEDHITSASCENDINGFILL,False,False,False,12896,48,827669926.0,4,ASK,LONG,1.0
SG,2026-05-15 17:21:29.981052+00:00,CALL,8.5,2026-05-29,25000,1250,1278,61,7.735,REPEATEDHITS,False,False,False,25000,0,827669926.0,14,ASK,LONG,1.0
SLS,2026-07-02 19:08:47.646117+00:00,CALL,30.0,2026-08-21,67255,320,324,287,14.6001,REPEATEDHITSASCENDINGFILL,False,False,False,67255,0,2511439749.0,50,ASK,LONG,1.0
SLS,2026-07-01 16:17:35.025962+00:00,CALL,20.0,2026-07-10,39988,998,1254,219,13.1,REPEATEDHITS,True,False,False,0,39988,2511439749.0,9,BID,SHORT,0.5
SLS,2026-07-01 15:06:12.971703+00:00,PUT,3.0,2026-08-21,28500,950,2000,153,13.235,REPEATEDHITS,False,False,False,28500,0,2511439749.0,51,ASK,SHORT,1.0
SLS,2026-06-30 19:35:24.437359+00:00,PUT,5.0,2026-08-21,80140,1457,1506,724,14.795,REPEATEDHITS,False,False,False,0,80140,2511439749.0,52,BID,LONG,0.5
SLS,2026-06-30 18:07:10.794326+00:00,PUT,4.0,2026-08-21,31430,898,974,498,14.515,REPEATEDHITS,False,False,False,0,31430,2511439749.0,52,BID,LONG,0.5
SLS,2026-06-30 14:16:28.090885+00:00,CALL,30.0,2026-09-18,320020,1000,1030,0,14.2,REPEATEDHITSDESCENDINGFILL,True,False,False,320,319700,2511439749.0,80,BID,SHORT,0.5
SLS,2026-06-30 14:09:31.121268+00:00,CALL,30.0,2028-01-21,10875,15,118,0,14.13,REPEATEDHITS,False,False,False,10875,0,2511439749.0,570,ASK,LONG,1.0
SLS,2026-06-29 14:16:30.945783+00:00,CALL,16.0,2026-07-02,19980,222,1243,44,14.06,REPEATEDHITS,False,False,False,4590,15390,2511439749.0,3,BID,SHORT,0.5
SLS,2026-06-29 13:59:29.828300+00:00,PUT,14.0,2026-07-02,10730,74,115,0,14.33,REPEATEDHITS,False,False,False,10730,0,2511439749.0,3,ASK,SHORT,1.0
SLS,2026-06-29 13:57:44.413703+00:00,CALL,24.0,2027-01-15,23220,43,78,0,14.3101,REPEATEDHITS,False,False,False,9720,0,2511439749.0,200,ASK,LONG,1.0
SLS,2026-06-29 13:56:58.855292+00:00,CALL,16.0,2026-07-02,28500,300,834,44,14.22,REPEATEDHITS,False,False,False,28500,0,2511439749.0,3,ASK,LONG,1.0
SLS,2026-06-29 13:56:08.710808+00:00,CALL,16.0,2027-01-15,926622,1343,1447,699,14.03,REPEATEDHITSDESCENDINGFILL,False,False,False,626472,300150,2511439749.0,200,ASK,LONG,1.0
SLS,2026-06-29 13:33:19.016791+00:00,CALL,16.0,2026-07-02,15000,150,150,44,14.58,REPEATEDHITS,False,False,False,15000,0,2511439749.0,3,ASK,LONG,1.0
SLS,2026-06-26 17:36:40.273934+00:00,CALL,22.0,2028-01-21,104000,200,893,0,12.01,REPEATEDHITS,False,False,False,20800,83200,2511439749.0,574,BID,SHORT,0.5
SLS,2026-06-26 15:32:18.204514+00:00,PUT,2.0,2026-10-16,64080,2136,2275,973,11.9921,REPEATEDHITS,False,False,False,0,64080,2511439749.0,112,BID,LONG,0.5
SLS,2026-06-26 15:29:48.961255+00:00,PUT,13.0,2027-01-15,244139,313,315,12,11.985,REPEATEDHITS,False,False,False,244139,0,2511439749.0,203,ASK,SHORT,1.0
SLS,2026-06-26 14:34:45.365671+00:00,CALL,22.0,2026-08-21,56000,400,1003,0,11.72,REPEATEDHITS,False,False,False,50680,5320,2511439749.0,56,ASK,LONG,1.0
SLS,2026-06-25 15:50:48.357256+00:00,CALL,11.0,2026-07-02,13500,300,417,121,9.925,REPEATEDHITS,False,False,False,13500,0,2511439749.0,7,ASK,LONG,1.0
SLS,2026-06-24 14:50:20.715973+00:00,CALL,8.5,2026-07-17,15264,100,250,12,8.8999,REPEATEDHITS,False,False,False,15264,0,2511439749.0,23,ASK,LONG,1.0
SLS,2026-06-17 15:45:17.286924+00:00,CALL,8.0,2026-07-31,19350,129,135,6,7.735,REPEATEDHITS,False,False,False,17400,0,2511439749.0,44,ASK,LONG,1.0
SLS,2026-06-17 14:11:59.715241+00:00,CALL,8.0,2026-10-16,53120,166,187,134,7.56,REPEATEDHITS,False,False,False,0,53120,2511439749.0,121,BID,SHORT,0.5
SLS,2026-06-16 17:46:36.805929+00:00,PUT,7.0,2026-07-02,32900,658,660,59,7.695,REPEATEDHITS,True,False,False,3650,10550,2511439749.0,16,BID,LONG,0.5
SLS,2026-06-15 17:45:53.435212+00:00,CALL,10.0,2026-06-26,19265,1281,1356,954,7.625,REPEATEDHITS,False,False,False,15,19250,2511439749.0,11,BID,SHORT,0.5
SLS,2026-06-12 19:57:02.133166+00:00,PUT,7.0,2026-10-16,33600,105,129,58,7.895,REPEATEDHITS,False,False,False,33600,0,2511439749.0,126,ASK,SHORT,1.0
SLS,2026-06-12 14:32:57.974354+00:00,PUT,5.5,2026-10-16,41495,193,193,143,8.0399,REPEATEDHITS,True,False,False,0,27520,2511439749.0,126,BID,LONG,0.5
SLS,2026-06-09 14:44:21.707195+00:00,CALL,9.5,2026-06-26,15785,287,288,0,7.6804,REPEATEDHITS,False,False,False,15785,0,2511439749.0,17,ASK,LONG,1.0
SLS,2026-06-04 19:00:01.230564+00:00,PUT,8.0,2026-09-18,126480,372,500,201,9.18,REPEATEDHITS,False,False,False,126480,0,2511439749.0,106,ASK,SHORT,1.0
SLS,2026-05-28 17:26:32.688411+00:00,PUT,9.0,2026-06-18,256740,1556,1586,126,8.85,REPEATEDHITS,False,False,False,495,256245,2511439749.0,21,BID,LONG,0.5
SLS,2026-05-28 15:25:29.785278+00:00,CALL,15.0,2026-10-16,122840,332,400,192,9.16,REPEATEDHITS,False,False,False,122840,0,2511439749.0,141,ASK,LONG,1.0
SLS,2026-05-27 17:45:49.135789+00:00,CALL,10.0,2026-06-05,92340,1539,1618,737,8.68,REPEATEDHITS,False,False,False,0,92340,2511439749.0,9,BID,SHORT,0.5
SLS,2026-05-27 15:36:11.688283+00:00,CALL,17.0,2026-08-21,814566,5091,5343,224,8.705,REPEATEDHITS,False,False,False,0,814566,2511439749.0,86,BID,SHORT,0.5
SLS,2026-05-27 13:35:30.876146+00:00,CALL,18.0,2026-09-18,246330,1173,1187,642,8.2999,REPEATEDHITS,False,False,False,0,246330,2511439749.0,114,BID,SHORT,0.5
SLS,2026-05-26 18:57:40.620484+00:00,CALL,16.0,2027-01-15,32002,100,100,62,8.315,REPEATEDHITS,False,False,False,0,32002,2511439749.0,234,BID,SHORT,0.5
SLS,2026-05-26 15:15:26.736336+00:00,PUT,6.0,2026-07-17,1315332,10961,10964,2851,7.755,REPEATEDHITSASCENDINGFILL,False,False,False,0,1315332,2511439749.0,52,BID,LONG,0.5
SLS,2026-05-21 14:38:19.767442+00:00,CALL,9.0,2026-06-12,15210,117,128,32,8.43,REPEATEDHITS,False,False,False,130,11180,2511439749.0,22,BID,SHORT,0.5
SLS,2026-05-20 17:26:08.984307+00:00,CALL,15.0,2026-06-18,32920,650,1395,534,8.66,REPEATEDHITSASCENDINGFILL,True,False,False,0,32920,2511439749.0,29,BID,SHORT,0.5
SLS,2026-05-20 14:28:57.313582+00:00,CALL,11.0,2026-06-18,68750,625,627,21,8.74,REPEATEDHITS,False,False,False,68750,0,2511439749.0,29,ASK,LONG,1.0
SLS,2026-05-20 13:44:41.879373+00:00,CALL,9.0,2026-05-29,148580,1564,1698,105,8.93,REPEATEDHITS,True,False,False,148580,0,2511439749.0,9,ASK,LONG,1.0
SLS,2026-05-15 18:55:23.317145+00:00,CALL,15.0,2027-01-15,73502,300,1193,0,7.1602,REPEATEDHITS,False,False,False,0,73502,2511439749.0,245,BID,SHORT,0.5
SLS,2026-05-14 19:19:16.524899+00:00,PUT,5.0,2026-10-16,1047060,4986,5014,152,7.54,LOWHISTORICVOLUMEFLOOR,False,True,False,1047060,0,2511439749.0,155,ASK,SHORT,1.0
SLS,2026-05-14 17:56:03.776811+00:00,CALL,8.0,2026-05-29,75000,1000,1150,6,7.45,REPEATEDHITS,False,False,False,75000,0,2511439749.0,15,ASK,LONG,1.0
SLS,2026-05-14 16:49:13.450756+00:00,PUT,3.5,2026-09-18,42500,500,1724,239,7.0601,REPEATEDHITS,False,False,False,0,42500,2511439749.0,127,BID,LONG,0.5
SLS,2026-05-13 16:11:17.909287+00:00,CALL,10.0,2026-10-16,86920,527,719,441,5.7599,REPEATEDHITSDESCENDINGFILL,False,False,False,77200,9720,2511439749.0,156,ASK,LONG,1.0
SLS,2026-05-13 15:29:06.851379+00:00,PUT,6.0,2026-07-17,132860,1022,1052,510,5.8,REPEATEDHITS,False,False,False,5980,126880,2511439749.0,65,BID,LONG,0.5
SLV,2026-07-08 15:36:09.825947+00:00,PUT,50.5,2026-07-10,220547,5129,5236,3690,51.935,REPEATEDHITS,False,False,False,1290,219257,38529495748.0,2,BID,LONG,0.5
SLV,2026-07-08 15:21:59.320083+00:00,PUT,51.0,2026-07-13,12782,166,947,80,51.98,REPEATEDHITS,False,False,False,12782,0,38529495748.0,5,ASK,SHORT,1.0
SLV,2026-07-08 15:15:52.771611+00:00,PUT,51.0,2026-07-13,34146,437,586,80,51.92,REPEATEDHITSASCENDINGFILL,False,False,False,34146,0,38529495748.0,5,ASK,SHORT,1.0
SLV,2026-07-08 15:14:10.770063+00:00,PUT,51.5,2026-07-08,13087,1000,1536,113,52.075,REPEATEDHITSASCENDINGFILL,False,False,False,13087,0,38529495748.0,0,ASK,SHORT,1.0
SLV,2026-07-08 15:12:59.280135+00:00,CALL,51.5,2026-07-08,15400,200,628,36,52.16,REPEATEDHITS,False,False,False,0,15400,38529495748.0,0,BID,SHORT,0.5
SLV,2026-07-08 14:45:04.030909+00:00,PUT,50.5,2026-07-13,15871,269,302,106,52.14,REPEATEDHITS,False,False,False,15871,0,38529495748.0,5,ASK,SHORT,1.0
SLV,2026-07-08 14:37:13.149344+00:00,PUT,51.5,2026-07-31,249613,1183,1183,84,52.33,REPEATEDHITS,False,False,False,249613,0,38529495748.0,23,ASK,SHORT,1.0
SLV,2026-07-08 14:20:09.259700+00:00,PUT,51.0,2026-07-15,23124,282,399,72,52.57,REPEATEDHITS,False,False,False,23124,0,38529495748.0,7,ASK,SHORT,1.0
SLV,2026-07-07 19:27:52.893170+00:00,PUT,54.0,2026-12-18,59500,100,300,76,54.1,REPEATEDHITS,False,False,False,59500,0,38529495748.0,164,ASK,SHORT,1.0
SLV,2026-07-07 19:01:20.734223+00:00,PUT,52.0,2026-07-08,17500,2500,4005,365,54.47,REPEATEDHITS,False,False,False,17500,0,38529495748.0,1,ASK,SHORT,1.0
SLV,2026-07-07 18:58:36.251034+00:00,PUT,54.5,2026-07-13,22000,200,330,101,54.685,REPEATEDHITS,False,False,False,22000,0,38529495748.0,6,ASK,SHORT,1.0
SLV,2026-07-07 18:24:19.654420+00:00,PUT,51.0,2027-06-30,26180,44,44,0,55.155,REPEATEDHITS,False,False,False,0,26180,38529495748.0,358,BID,LONG,0.5
SLV,2026-07-07 17:10:12.584666+00:00,CALL,56.0,2027-06-30,51570,54,58,11,55.0701,REPEATEDHITS,True,False,False,9550,42020,38529495748.0,358,BID,SHORT,0.5
SLV,2026-07-07 16:43:49.819255+00:00,CALL,56.0,2026-07-24,155265,941,1041,486,55.005,REPEATEDHITS,False,False,False,0,155265,38529495748.0,17,BID,SHORT,0.5
SLV,2026-07-07 16:17:16.898061+00:00,PUT,50.0,2027-06-30,31640,57,57,3,55.045,REPEATEDHITS,True,False,False,560,31080,38529495748.0,358,BID,LONG,0.5
SLV,2026-07-07 16:03:20.432046+00:00,PUT,50.5,2026-07-10,32103,3567,3646,124,54.9,REPEATEDHITS,False,False,False,0,22878,38529495748.0,3,BID,LONG,0.5
SLV,2026-07-07 14:52:16.498405+00:00,CALL,72.5,2026-09-30,658400,6584,6585,1205,55.14,REPEATEDHITS,False,False,False,0,658400,38529495748.0,85,BID,SHORT,0.5
SLV,2026-07-07 13:43:11.796019+00:00,PUT,54.0,2027-06-30,40880,56,56,1,55.905,REPEATEDHITS,False,False,False,0,40880,38529495748.0,358,BID,LONG,0.5
SLV,2026-07-07 13:31:59.279742+00:00,PUT,55.0,2026-07-13,15928,181,195,91,55.48,REPEATEDHITS,False,False,False,0,15928,38529495748.0,6,BID,LONG,0.5
SLV,2026-07-06 19:06:30.792422+00:00,PUT,54.0,2026-07-10,79926,2422,2886,846,56.135,REPEATEDHITS,False,False,False,0,79926,38529495748.0,4,BID,LONG,0.5
SLV,2026-07-06 18:34:21.910247+00:00,CALL,56.0,2026-07-17,300242,1620,14949,1588,56.29,REPEATEDHITSDESCENDINGFILL,False,False,False,0,300242,38529495748.0,11,BID,SHORT,0.5
SLV,2026-07-06 17:51:25.757838+00:00,CALL,56.0,2026-07-17,868170,5002,10924,1588,56.075,REPEATEDHITSDESCENDINGFILL,True,False,False,352,867818,38529495748.0,11,BID,SHORT,0.5
SLV,2026-07-06 17:44:06.660387+00:00,PUT,56.0,2026-07-06,27625,2125,3796,364,56.0103,REPEATEDHITS,False,False,False,27625,0,38529495748.0,0,ASK,SHORT,1.0
SLV,2026-07-06 16:37:23.272872+00:00,CALL,60.0,2026-08-07,377436,2658,2728,500,55.76,REPEATEDHITS,False,False,False,0,377436,38529495748.0,32,BID,SHORT,0.5
SLV,2026-07-06 16:27:30.308841+00:00,PUT,49.0,2026-08-14,218268,2538,2549,4,55.675,REPEATEDHITS,False,False,False,0,218268,38529495748.0,39,BID,LONG,0.5
SLV,2026-07-06 15:56:54.873527+00:00,PUT,55.5,2026-07-10,17661,203,369,76,55.8641,REPEATEDHITS,True,False,False,0,16269,38529495748.0,4,BID,LONG,0.5
SLV,2026-07-06 14:33:00.593470+00:00,CALL,56.0,2026-09-18,909936,2000,6683,704,55.7699,REPEATEDHITSASCENDINGFILL,False,False,False,909936,0,38529495748.0,74,ASK,LONG,1.0
SLV,2026-07-06 14:26:56.555257+00:00,PUT,49.0,2026-08-21,240864,2316,2555,1124,55.69,REPEATEDHITS,False,False,False,0,240864,38529495748.0,46,BID,LONG,0.5
SLV,2026-07-06 14:11:00.592656+00:00,CALL,76.0,2026-08-21,152604,4239,4242,2352,55.98,REPEATEDHITS,False,False,False,152604,0,38529495748.0,46,ASK,LONG,1.0
SLV,2026-07-06 13:56:04.518100+00:00,CALL,56.0,2026-09-18,937214,2000,4010,704,55.9442,REPEATEDHITSASCENDINGFILL,False,False,False,937214,0,38529495748.0,74,ASK,LONG,1.0
SLV,2026-07-06 13:47:26.469718+00:00,CALL,56.0,2026-09-18,920000,2000,2004,704,55.865,REPEATEDHITS,False,False,False,920000,0,38529495748.0,74,ASK,LONG,1.0
SLV,2026-07-02 19:59:11.102977+00:00,CALL,54.0,2026-08-14,807897,2020,2024,0,55.005,REPEATEDHITSASCENDINGFILL,True,False,False,799997,7900,38529495748.0,43,ASK,LONG,1.0
SLV,2026-07-02 19:44:30.911757+00:00,CALL,57.0,2026-07-06,11295,753,3189,626,54.805,REPEATEDHITS,False,False,False,11295,0,38529495748.0,4,ASK,LONG,1.0
SLV,2026-07-02 19:44:05.280103+00:00,CALL,57.0,2026-07-06,14955,997,2186,626,54.81,REPEATEDHITS,False,False,False,14955,0,38529495748.0,4,ASK,LONG,1.0
SLV,2026-07-02 19:42:13.339855+00:00,PUT,54.0,2026-07-24,208492,1109,1162,463,54.83,REPEATEDHITS,False,False,False,0,208492,38529495748.0,22,BID,LONG,0.5
SLV,2026-07-02 17:42:02.740595+00:00,PUT,54.5,2026-07-02,27728,3466,6606,1000,54.7199,REPEATEDHITS,False,False,False,27728,0,38529495748.0,0,ASK,SHORT,1.0
SLV,2026-07-02 16:15:58.432609+00:00,PUT,56.0,2026-08-21,143780,364,652,159,55.1299,REPEATEDHITS,True,False,False,143780,0,38529495748.0,50,ASK,SHORT,1.0
SLV,2026-07-02 15:06:42.976904+00:00,CALL,58.5,2026-08-14,43400,200,210,0,55.25,REPEATEDHITS,False,False,False,29946,13454,38529495748.0,43,ASK,LONG,1.0
SLV,2026-07-02 14:23:05.330954+00:00,CALL,84.0,2026-09-30,217664,3401,3411,727,55.515,REPEATEDHITS,False,False,False,217664,0,38529495748.0,90,ASK,LONG,1.0
SLV,2026-07-01 19:50:02.008932+00:00,PUT,35.0,2026-10-16,218994,6441,6462,5391,53.785,REPEATEDHITS,False,False,False,218994,0,38529495748.0,107,ASK,SHORT,1.0
SLV,2026-07-01 19:41:35.136037+00:00,PUT,53.5,2026-07-24,719789,3317,3339,409,53.855,REPEATEDHITS,False,False,False,0,719789,38529495748.0,23,BID,LONG,0.5
SLV,2026-07-01 19:21:50.853713+00:00,PUT,52.0,2026-07-24,292789,1939,2111,116,53.99,REPEATEDHITS,False,False,False,0,292789,38529495748.0,23,BID,LONG,0.5
SLV,2026-07-01 18:57:13.280633+00:00,PUT,54.0,2026-07-01,49569,3813,8757,379,53.965,REPEATEDHITS,False,False,False,41743,0,38529495748.0,0,ASK,SHORT,1.0
SLV,2026-07-01 16:03:36.589041+00:00,PUT,51.5,2026-07-10,294112,5252,5287,131,54.5299,REPEATEDHITS,False,False,False,0,294112,38529495748.0,9,BID,LONG,0.5
SLV,2026-07-01 14:23:19.816713+00:00,CALL,55.5,2026-07-01,37500,2500,6156,671,54.9,REPEATEDHITS,False,False,False,37500,0,38529495748.0,0,ASK,LONG,1.0
SLV,2026-07-01 14:15:26.904465+00:00,PUT,52.5,2026-07-02,90345,4755,4845,442,54.515,REPEATEDHITS,False,False,False,0,80522,38529495748.0,1,BID,LONG,0.5
SLV,2026-07-01 13:54:14.804784+00:00,PUT,54.0,2026-07-08,12700,100,285,46,54.445,REPEATEDHITS,False,False,False,12700,0,38529495748.0,7,ASK,SHORT,1.0
SLV,2026-07-01 13:51:17.064413+00:00,CALL,55.0,2027-06-30,24750,25,25,0,54.4501,REPEATEDHITS,False,False,False,0,24750,38529495748.0,364,BID,SHORT,0.5
SLV,2026-07-01 13:39:26.875007+00:00,CALL,54.5,2026-08-07,20306,71,71,3,53.77,REPEATEDHITS,True,False,False,20306,0,38529495748.0,37,ASK,LONG,1.0
SLV,2026-06-30 18:14:14.872813+00:00,CALL,89.0,2026-09-18,131070,3855,3858,1580,53.955,REPEATEDHITS,False,False,False,131070,0,38529495748.0,80,ASK,LONG,1.0
SMCI,2026-07-07 17:14:47.446626+00:00,PUT,20.0,2026-11-20,193290,758,1002,526,26.33,REPEATEDHITS,True,False,False,0,193290,15787235153.0,136,BID,LONG,0.5
SMCI,2026-07-07 14:11:48.265585+00:00,PUT,21.0,2027-02-19,13730,32,32,0,25.825,REPEATEDHITS,False,False,False,9055,4675,15787235153.0,227,ASK,SHORT,1.0
SMCI,2026-07-02 19:58:01.141472+00:00,CALL,27.5,2026-07-10,36301,300,1339,142,27.211,REPEATEDHITSDESCENDINGFILL,False,False,False,0,36179,15787235153.0,8,BID,SHORT,0.5
SMCI,2026-07-02 19:28:11.221987+00:00,CALL,27.0,2026-08-07,86700,255,304,43,26.79,REPEATEDHITS,False,False,False,26520,59500,15787235153.0,36,BID,SHORT,0.5
SMCI,2026-07-02 19:04:29.997702+00:00,CALL,26.0,2026-07-10,188642,1048,1395,136,26.87,REPEATEDHITSDESCENDINGFILL,False,False,False,143642,45000,15787235153.0,8,ASK,LONG,1.0
SMCI,2026-07-02 16:56:39.300676+00:00,CALL,29.0,2026-07-31,501790,2641,5812,783,26.9016,REPEATEDHITS,False,False,False,0,501790,15787235153.0,29,BID,SHORT,0.5
SMCI,2026-07-02 16:29:51.887340+00:00,CALL,29.0,2026-07-31,529200,2646,2792,783,27.11,REPEATEDHITS,False,False,False,0,529200,15787235153.0,29,BID,SHORT,0.5
SMCI,2026-07-01 19:30:03.212307+00:00,CALL,28.0,2026-07-10,130050,850,3471,622,28.1588,REPEATEDHITS,True,False,False,0,31824,15787235153.0,9,BID,SHORT,0.5
SMCI,2026-07-01 16:07:16.472755+00:00,CALL,30.0,2026-07-31,440750,2150,4609,875,28.16,REPEATEDHITS,False,False,False,440750,0,15787235153.0,30,ASK,LONG,1.0
SMCI,2026-07-01 14:36:58.720763+00:00,CALL,30.0,2026-07-31,405080,2132,2251,875,27.7,REPEATEDHITS,False,False,False,0,405080,15787235153.0,30,BID,SHORT,0.5
SMCI,2026-06-30 14:42:17.736329+00:00,CALL,31.5,2026-07-10,58770,653,1001,283,29.3685,REPEATEDHITS,False,False,False,17550,41220,15787235153.0,10,BID,SHORT,0.5
SMCI,2026-06-30 14:31:04.661369+00:00,CALL,36.0,2026-09-18,398770,1227,8572,672,29.675,REPEATEDHITS,True,False,False,248620,110825,15787235153.0,80,ASK,LONG,1.0
SMCI,2026-06-30 14:30:43.015074+00:00,CALL,31.0,2026-08-21,866098,2250,5198,947,29.54,REPEATEDHITSDESCENDINGFILL,False,False,False,866098,0,15787235153.0,52,ASK,LONG,1.0
SMCI,2026-06-30 14:29:15.418068+00:00,CALL,31.0,2026-08-21,1015650,2745,2786,947,29.34,REPEATEDHITS,True,False,False,19240,524290,15787235153.0,52,BID,SHORT,0.5
SMCI,2026-06-30 14:22:58.563814+00:00,CALL,36.0,2026-09-18,902547,3123,3194,672,29.18,REPEATEDHITS,True,False,False,0,508640,15787235153.0,80,BID,SHORT,0.5
SMCI,2026-06-29 19:51:25.544983+00:00,CALL,28.5,2026-07-17,18675,83,1981,5,28.45,REPEATEDHITS,False,False,False,0,11700,15787235153.0,18,BID,SHORT,0.5
SMCI,2026-06-29 19:51:04.712915+00:00,CALL,28.5,2026-07-17,90000,400,1875,5,28.4,REPEATEDHITS,True,False,False,19350,13950,15787235153.0,18,ASK,LONG,1.0
SMCI,2026-06-29 19:41:16.954605+00:00,CALL,28.5,2026-07-17,90992,376,1467,5,28.79,REPEATEDHITS,True,False,False,0,30976,15787235153.0,18,BID,SHORT,0.5
SMCI,2026-06-29 19:40:34.494080+00:00,CALL,28.5,2026-07-17,60500,250,1040,5,28.8399,REPEATEDHITS,True,False,False,0,968,15787235153.0,18,BID,SHORT,0.5
SMCI,2026-06-29 19:40:34.494080+00:00,CALL,28.5,2026-07-17,12342,51,1091,5,28.825,REPEATEDHITS,False,False,False,12342,0,15787235153.0,18,ASK,LONG,1.0
SMCI,2026-06-29 19:40:28.685812+00:00,CALL,28.5,2026-07-17,45840,191,782,5,28.7967,REPEATEDHITS,False,False,False,0,12720,15787235153.0,18,BID,SHORT,0.5
SMCI,2026-06-29 18:55:48.939005+00:00,PUT,25.5,2026-07-02,22885,617,2749,411,27.945,REPEATEDHITSDESCENDINGFILL,False,False,False,4112,16664,15787235153.0,3,BID,LONG,0.5
SMCI,2026-06-29 18:15:34.799114+00:00,PUT,25.5,2026-07-10,34290,500,567,317,28.81,REPEATEDHITSASCENDINGFILL,False,False,False,32430,1860,15787235153.0,11,ASK,SHORT,1.0
SMCI,2026-06-29 18:05:06.888416+00:00,PUT,24.0,2026-07-02,22025,655,1084,446,28.59,REPEATEDHITSDESCENDINGFILL,True,False,False,15454,6571,15787235153.0,3,ASK,SHORT,1.0
SMCI,2026-06-29 18:01:51.624359+00:00,PUT,28.0,2026-08-07,18052,61,63,10,29.3459,REPEATEDHITSASCENDINGFILL,False,False,False,11920,6132,15787235153.0,39,ASK,SHORT,1.0
SMCI,2026-06-29 18:01:51.624359+00:00,PUT,28.0,2026-08-07,14840,50,113,10,29.33,REPEATEDHITSDESCENDINGFILL,False,False,False,11920,2920,15787235153.0,39,ASK,SHORT,1.0
SMCI,2026-06-29 15:29:02.907976+00:00,CALL,29.0,2026-07-02,97027,581,1741,487,30.1,REPEATEDHITS,False,False,False,61289,30561,15787235153.0,3,ASK,LONG,1.0
SMCI,2026-06-26 17:00:14.806222+00:00,CALL,29.0,2026-07-31,134460,324,368,16,30.72,REPEATEDHITS,False,False,False,130725,0,15787235153.0,35,ASK,LONG,1.0
SMCI,2026-06-26 15:00:36.536103+00:00,CALL,29.0,2026-07-31,10080,24,44,16,30.88,REPEATEDHITS,False,False,False,2100,7980,15787235153.0,35,BID,SHORT,0.5
SMCI,2026-06-25 18:42:48.733918+00:00,PUT,31.5,2026-07-17,299805,1265,1619,217,31.75,REPEATEDHITS,False,False,False,48111,251694,15787235153.0,22,BID,LONG,0.5
SMCI,2026-06-24 19:40:17.775605+00:00,PUT,17.0,2026-07-17,26397,2933,2934,877,32.205,REPEATEDHITS,False,False,False,26397,0,15787235153.0,23,ASK,SHORT,1.0
SMCI,2026-06-24 19:37:21.235059+00:00,PUT,18.0,2026-07-17,20727,2303,4606,772,32.14,REPEATEDHITS,False,False,False,20727,0,15787235153.0,23,ASK,SHORT,1.0
SMCI,2026-06-24 19:37:19.432049+00:00,PUT,18.0,2026-07-17,20727,2303,2303,772,32.15,REPEATEDHITS,True,False,False,72,20655,15787235153.0,23,BID,LONG,0.5
SMCI,2026-06-23 18:56:38.816874+00:00,PUT,32.5,2026-06-26,87312,856,1265,847,33.07,REPEATEDHITS,False,False,False,59058,0,15787235153.0,3,ASK,SHORT,1.0
SMCI,2026-06-23 16:05:29.334860+00:00,CALL,33.5,2026-07-17,125358,370,394,248,34.05,REPEATEDHITSDESCENDINGFILL,False,False,False,96401,28957,15787235153.0,24,ASK,LONG,1.0
SMCI,2026-06-23 14:34:04.773800+00:00,CALL,36.5,2026-07-02,126540,1110,1156,357,34.0296,REPEATEDHITS,False,False,False,126540,0,15787235153.0,9,ASK,LONG,1.0
SMCI,2026-06-22 18:18:22.813519+00:00,CALL,44.0,2026-06-26,13500,500,2981,495,36.545,REPEATEDHITS,False,False,False,0,13500,15787235153.0,4,BID,SHORT,0.5
SMCI,2026-06-22 18:06:07.309748+00:00,CALL,35.5,2026-07-17,205000,500,1452,0,36.625,REPEATEDHITS,False,False,False,0,205000,15787235153.0,25,BID,SHORT,0.5
SMCI,2026-06-22 17:57:33.414860+00:00,CALL,37.0,2026-07-31,88000,200,849,66,36.485,REPEATEDHITS,False,False,False,88000,0,15787235153.0,39,ASK,LONG,1.0
SMCI,2026-06-22 14:51:40.760274+00:00,CALL,46.0,2026-06-26,15000,3000,3244,329,34.37,REPEATEDHITS,True,False,False,0,15000,15787235153.0,4,BID,SHORT,0.5
SMCI,2026-06-22 14:23:44.566898+00:00,CALL,34.0,2027-02-19,51500,50,55,0,34.04,REPEATEDHITS,False,False,False,1030,47380,15787235153.0,242,BID,SHORT,0.5
SMCI,2026-06-22 14:13:11.367131+00:00,CALL,36.5,2026-07-10,38828,200,227,152,34.525,REPEATEDHITSASCENDINGFILL,False,False,False,0,33368,15787235153.0,18,BID,SHORT,0.5
SMCI,2026-06-22 14:09:42.855231+00:00,CALL,33.0,2026-07-31,168500,337,352,304,34.815,REPEATEDHITS,False,False,False,0,168500,15787235153.0,39,BID,SHORT,0.5
SMCI,2026-06-22 13:30:33.479650+00:00,CALL,33.5,2026-07-17,28041,103,103,0,32.75,REPEATEDHITSDESCENDINGFILL,True,False,False,20753,7288,15787235153.0,25,ASK,LONG,1.0
SMCI,2026-06-18 14:56:04.945953+00:00,CALL,34.0,2026-09-18,204566,500,2041,489,30.29,REPEATEDHITSDESCENDINGFILL,False,False,False,204566,0,15787235153.0,92,ASK,LONG,1.0
SMCI,2026-06-18 13:51:18.680611+00:00,CALL,28.5,2026-06-26,41800,200,242,104,29.645,REPEATEDHITS,False,False,False,41800,0,15787235153.0,8,ASK,LONG,1.0
SMCI,2026-06-17 19:54:59.606459+00:00,CALL,28.5,2026-07-02,13502,86,292,49,27.92,REPEATEDHITS,False,False,False,13502,0,15787235153.0,15,ASK,LONG,1.0
SMCI,2026-06-17 18:48:58.132690+00:00,CALL,28.0,2026-07-10,13088,50,51,39,28.945,REPEATEDHITSASCENDINGFILL,False,False,False,0,13088,15787235153.0,23,BID,SHORT,0.5
SMCI,2026-06-16 17:44:56.112006+00:00,CALL,32.0,2026-07-24,11439,44,10132,36,30.315,REPEATEDHITS,False,False,False,11439,0,15787235153.0,38,ASK,LONG,1.0
SMCI,2026-06-16 17:08:39.062541+00:00,PUT,23.0,2027-06-17,85501,150,193,13,29.48,REPEATEDHITS,False,False,False,0,85501,15787235153.0,366,BID,LONG,0.5
SMH,2026-07-08 15:36:08.618231+00:00,CALL,602.5,2026-07-10,180540,531,1366,134,581.19,REPEATEDHITS,False,False,False,36040,144500,69304115137.0,2,BID,SHORT,0.5
SMH,2026-07-08 14:56:52.397164+00:00,CALL,602.5,2026-07-10,216125,417,751,134,587.07,REPEATEDHITSDESCENDINGFILL,False,False,False,165455,50670,69304115137.0,2,ASK,LONG,1.0
SMH,2026-07-08 14:46:22.573617+00:00,CALL,550.0,2026-07-13,76575,20,41,8,584.02,REPEATEDHITSDESCENDINGFILL,False,False,False,76575,0,69304115137.0,5,ASK,LONG,1.0
SMH,2026-07-08 14:46:22.573617+00:00,CALL,550.0,2026-07-13,191550,50,91,8,584.02,REPEATEDHITSASCENDINGFILL,True,False,False,191550,0,69304115137.0,5,ASK,LONG,1.0
SMH,2026-07-08 14:12:24.942793+00:00,PUT,560.0,2026-07-13,51555,86,87,41,583.88,REPEATEDHITSDESCENDINGFILL,True,False,False,25815,25740,69304115137.0,5,ASK,SHORT,1.0
SMH,2026-07-08 14:12:24.942793+00:00,PUT,557.5,2026-07-13,67470,124,124,93,583.88,REPEATEDHITSDESCENDINGFILL,True,False,False,34060,33410,69304115137.0,5,ASK,SHORT,1.0
SMH,2026-07-08 13:35:13.367408+00:00,CALL,595.0,2026-07-10,252560,328,540,217,585.42,REPEATEDHITS,False,False,False,40810,103950,69304115137.0,2,BID,SHORT,0.5
SMH,2026-07-07 19:46:45.458381+00:00,PUT,575.0,2026-08-07,331525,89,134,54,576.27,REPEATEDHITS,False,False,False,230950,100575,69304115137.0,31,ASK,SHORT,1.0
SMH,2026-07-07 19:18:47.928420+00:00,PUT,550.0,2026-07-13,87560,129,225,3,573.81,REPEATEDHITSDESCENDINGFILL,True,False,False,45050,42510,69304115137.0,6,ASK,SHORT,1.0
SMH,2026-07-07 19:17:38.368230+00:00,CALL,585.0,2026-07-10,139830,158,605,95,574.526,REPEATEDHITS,False,False,False,0,139830,69304115137.0,3,BID,SHORT,0.5
SMH,2026-07-07 16:37:57.572293+00:00,PUT,542.5,2026-07-10,86506,334,383,58,581.8579,REPEATEDHITS,True,False,False,86247,259,69304115137.0,3,ASK,SHORT,1.0
SMH,2026-07-07 15:05:19.055658+00:00,CALL,540.0,2026-07-24,78335,16,34,4,572.44,REPEATEDHITSDESCENDINGFILL,False,False,False,14700,63635,69304115137.0,17,BID,SHORT,0.5
SMH,2026-07-07 15:05:19.055658+00:00,CALL,540.0,2026-07-24,102795,21,55,4,572.44,REPEATEDHITSASCENDINGFILL,True,False,False,0,102795,69304115137.0,17,BID,SHORT,0.5
SMH,2026-07-07 14:58:23.853467+00:00,PUT,557.5,2026-07-13,154170,161,174,0,572.56,REPEATEDHITSDESCENDINGFILL,True,False,False,77870,76300,69304115137.0,6,ASK,SHORT,1.0
SMH,2026-07-07 14:53:22.796707+00:00,CALL,552.5,2026-07-10,160315,61,71,0,572.035,REPEATEDHITSASCENDINGFILL,True,False,False,73690,86625,69304115137.0,3,BID,SHORT,0.5
SMH,2026-07-07 14:16:55.699609+00:00,PUT,550.0,2026-07-13,65570,84,88,3,571.71,REPEATEDHITSDESCENDINGFILL,True,False,False,40780,24790,69304115137.0,6,ASK,SHORT,1.0
SMH,2026-07-07 14:11:10.998056+00:00,PUT,550.0,2026-07-22,73475,46,49,0,574.86,REPEATEDHITSDESCENDINGFILL,True,False,False,39980,33495,69304115137.0,15,ASK,SHORT,1.0
SMH,2026-07-07 13:43:54.472201+00:00,CALL,572.5,2026-07-13,205820,93,94,0,582.88,REPEATEDHITSDESCENDINGFILL,True,False,False,99900,105920,69304115137.0,6,BID,SHORT,0.5
SMH,2026-07-07 13:42:30.830130+00:00,PUT,572.5,2026-07-10,163260,165,190,145,581.3088,REPEATEDHITS,True,False,False,30705,132555,69304115137.0,3,BID,LONG,0.5
SMH,2026-07-07 13:32:42.971289+00:00,CALL,582.5,2026-07-10,87405,61,66,17,582.45,REPEATEDHITSDESCENDINGFILL,True,False,False,7275,80130,69304115137.0,3,BID,SHORT,0.5
SMH,2026-07-07 13:32:42.971289+00:00,CALL,580.0,2026-07-10,226775,144,144,113,582.45,REPEATEDHITSDESCENDINGFILL,True,False,False,70835,155940,69304115137.0,3,BID,SHORT,0.5
SMH,2026-07-07 13:32:42.971289+00:00,CALL,577.5,2026-07-10,214465,126,126,19,581.84,REPEATEDHITSDESCENDINGFILL,True,False,False,95615,118850,69304115137.0,3,BID,SHORT,0.5
SMH,2026-07-06 18:36:50.840150+00:00,PUT,600.0,2026-07-24,1440875,547,880,504,606.87,REPEATEDHITSDESCENDINGFILL,True,False,False,1101260,126180,69304115137.0,18,ASK,SHORT,1.0
SMH,2026-07-06 16:08:12.824657+00:00,CALL,637.5,2026-08-07,149450,49,49,2,612.655,REPEATEDHITS,False,False,False,149450,0,69304115137.0,32,ASK,LONG,1.0
SMH,2026-07-06 14:47:09.542557+00:00,CALL,630.0,2026-07-20,196000,98,102,0,615.975,REPEATEDHITS,True,False,False,194000,2000,69304115137.0,14,ASK,LONG,1.0
SMH,2026-07-06 14:14:40.775970+00:00,CALL,667.5,2026-07-17,195835,288,303,148,616.85,REPEATEDHITS,False,False,False,44195,151640,69304115137.0,11,BID,SHORT,0.5
SMH,2026-07-06 14:08:59.584647+00:00,CALL,645.0,2026-07-10,174720,350,798,156,615.535,REPEATEDHITSDESCENDINGFILL,False,False,False,120000,54720,69304115137.0,4,ASK,LONG,1.0
SMH,2026-07-06 13:56:15.947873+00:00,CALL,657.5,2026-07-17,344455,403,408,218,615.09,REPEATEDHITSDESCENDINGFILL,True,False,False,180380,164075,69304115137.0,11,ASK,LONG,1.0
SMH,2026-07-06 13:55:51.293295+00:00,CALL,705.0,2026-07-24,51520,112,112,28,614.705,REPEATEDHITS,True,False,False,51520,0,69304115137.0,18,ASK,LONG,1.0
SMH,2026-07-06 13:52:16.773247+00:00,CALL,630.0,2026-08-14,63500,17,17,2,613.34,REPEATEDHITS,True,False,False,0,63500,69304115137.0,39,BID,SHORT,0.5
SMH,2026-07-06 13:51:21.039163+00:00,CALL,602.5,2026-08-07,123630,26,26,11,613.37,REPEATEDHITS,False,False,False,123630,0,69304115137.0,32,ASK,LONG,1.0
SMH,2026-07-06 13:33:26.784572+00:00,CALL,587.5,2026-07-24,93015,22,23,7,606.55,REPEATEDHITSASCENDINGFILL,True,False,False,33885,59130,69304115137.0,18,BID,SHORT,0.5
SMH,2026-07-02 19:59:11.102977+00:00,PUT,567.5,2026-07-10,164215,166,800,97,592.07,REPEATEDHITSASCENDINGFILL,True,False,False,36630,79075,69304115137.0,8,BID,LONG,0.5
SMH,2026-07-02 19:59:11.102977+00:00,PUT,567.5,2026-07-10,192060,194,1005,97,592.065,REPEATEDHITS,False,False,False,131670,60390,69304115137.0,8,ASK,SHORT,1.0
SMH,2026-07-02 19:59:10.298702+00:00,PUT,567.5,2026-07-10,165330,167,634,97,591.96,REPEATEDHITS,False,False,False,148500,0,69304115137.0,8,ASK,SHORT,1.0
SMH,2026-07-02 19:59:06.690435+00:00,PUT,567.5,2026-07-10,133330,134,462,97,591.81,REPEATEDHITS,True,False,False,73630,26865,69304115137.0,8,ASK,SHORT,1.0
SMH,2026-07-02 19:59:06.690435+00:00,PUT,567.5,2026-07-10,182215,185,222,97,591.71,REPEATEDHITSDESCENDINGFILL,True,False,False,102435,79780,69304115137.0,8,ASK,SHORT,1.0
SMH,2026-07-02 19:59:06.690435+00:00,PUT,567.5,2026-07-10,105470,106,328,97,591.73,REPEATEDHITS,False,False,False,41790,63680,69304115137.0,8,BID,LONG,0.5
SMH,2026-07-02 19:28:36.857249+00:00,CALL,577.5,2026-07-02,60275,71,73,26,585.1,REPEATEDHITS,False,False,False,47600,12675,69304115137.0,0,ASK,LONG,1.0
SMH,2026-07-02 19:14:43.085968+00:00,PUT,582.5,2026-07-02,50214,502,1943,253,585.45,REPEATEDHITS,False,False,False,36614,3100,69304115137.0,0,ASK,SHORT,1.0
SMH,2026-07-02 19:07:29.154182+00:00,CALL,600.0,2026-07-10,771805,615,1833,223,584.47,REPEATEDHITS,True,False,False,752980,18825,69304115137.0,8,ASK,LONG,1.0
SMH,2026-07-02 19:06:09.266729+00:00,PUT,582.5,2026-07-02,58500,450,1207,253,585.45,REPEATEDHITS,True,False,False,260,12350,69304115137.0,0,BID,LONG,0.5
SMH,2026-07-02 19:04:29.997702+00:00,CALL,550.0,2026-07-10,684000,152,157,54,587.94,REPEATEDHITS,False,False,False,0,684000,69304115137.0,8,BID,SHORT,0.5
SMH,2026-07-02 18:52:50.043812+00:00,CALL,600.0,2026-07-10,631470,434,1107,223,589.92,REPEATEDHITS,False,False,False,209520,421950,69304115137.0,8,BID,SHORT,0.5
SMH,2026-07-02 17:36:58.535215+00:00,CALL,730.0,2026-07-24,66392,386,400,38,585.7099,REPEATEDHITS,False,False,False,0,66392,69304115137.0,22,BID,SHORT,0.5
SMH,2026-07-02 16:24:52.338591+00:00,CALL,652.5,2026-07-10,58000,250,1025,86,592.29,REPEATEDHITS,False,False,False,11600,46400,69304115137.0,8,BID,SHORT,0.5
SMH,2026-07-02 16:05:44.929764+00:00,CALL,675.0,2026-07-10,53251,517,750,313,596.59,REPEATEDHITS,False,False,False,0,53251,69304115137.0,8,BID,SHORT,0.5
SMH,2026-07-02 15:31:36.574331+00:00,PUT,430.0,2026-07-10,61676,907,2144,546,599.415,REPEATEDHITS,False,False,False,61608,68,69304115137.0,8,ASK,SHORT,1.0
SMH,2026-07-02 15:20:07.775149+00:00,CALL,590.0,2026-08-14,100075,20,20,0,597.56,REPEATEDHITSDESCENDINGFILL,True,False,False,85070,15005,69304115137.0,43,ASK,LONG,1.0
SMH,2026-07-02 14:52:30.943410+00:00,CALL,617.5,2026-07-24,129500,50,50,41,603.7603,REPEATEDHITS,False,False,False,25900,0,69304115137.0,22,ASK,LONG,1.0
SNOW,2026-07-08 14:48:23.974441+00:00,PUT,250.0,2026-07-31,101208,84,84,27,256.68,REPEATEDHITSDESCENDINGFILL,False,False,False,97603,2400,91065684000.0,23,ASK,SHORT,1.0
SNOW,2026-07-07 18:19:20.902911+00:00,PUT,255.0,2026-07-17,98805,208,330,106,269.73,REPEATEDHITS,False,False,False,480,98325,91065684000.0,10,BID,LONG,0.5
SNOW,2026-07-07 18:12:38.699219+00:00,CALL,285.0,2026-07-24,109322,143,145,94,269.0,REPEATEDHITSDESCENDINGFILL,False,False,False,98682,10640,91065684000.0,17,ASK,LONG,1.0
SNOW,2026-07-07 16:28:55.921368+00:00,CALL,280.0,2026-08-14,103600,60,73,0,270.0,REPEATEDHITS,False,False,False,0,103600,91065684000.0,38,BID,SHORT,0.5
SNOW,2026-07-07 14:43:29.249502+00:00,PUT,270.0,2026-07-10,152399,163,207,14,265.61,REPEATEDHITSDESCENDINGFILL,False,False,False,152399,0,91065684000.0,3,ASK,SHORT,1.0
SNOW,2026-07-07 13:57:56.871999+00:00,PUT,275.0,2026-07-17,246951,144,144,7,264.565,REPEATEDHITSDESCENDINGFILL,False,False,False,246951,0,91065684000.0,10,ASK,SHORT,1.0
SNOW,2026-07-06 19:45:06.798102+00:00,PUT,275.0,2026-07-10,101075,65,66,4,262.195,REPEATEDHITS,False,False,False,101075,0,91065684000.0,4,ASK,SHORT,1.0
SNOW,2026-07-02 15:07:58.731700+00:00,CALL,257.5,2026-07-02,59644,403,427,274,256.02,REPEATEDHITS,False,False,False,59644,0,91065684000.0,0,ASK,LONG,1.0
SNOW,2026-07-01 14:55:17.784333+00:00,PUT,260.0,2026-07-10,255627,308,323,3,261.6,REPEATEDHITSDESCENDINGFILL,False,False,False,255627,0,91065684000.0,9,ASK,SHORT,1.0
SNOW,2026-07-01 14:26:46.875709+00:00,PUT,245.0,2026-07-17,70060,124,129,101,261.64,REPEATEDHITS,False,False,False,0,70060,91065684000.0,16,BID,LONG,0.5
SNOW,2026-06-30 18:56:20.926234+00:00,PUT,180.0,2026-10-16,121440,176,177,139,253.77,REPEATEDHITS,False,False,False,0,121440,91065684000.0,108,BID,LONG,0.5
SNOW,2026-06-30 17:19:23.451982+00:00,CALL,262.5,2026-07-10,69017,119,146,14,252.77,REPEATEDHITSDESCENDINGFILL,False,False,False,66697,2320,91065684000.0,10,ASK,LONG,1.0
SNOW,2026-06-30 14:11:32.974810+00:00,PUT,255.0,2026-07-24,59685,35,35,0,249.81,REPEATEDHITSASCENDINGFILL,True,False,False,27375,32310,91065684000.0,24,BID,LONG,0.5
SNOW,2026-06-29 19:23:34.707056+00:00,CALL,275.0,2026-07-31,85252,87,101,86,253.4425,REPEATEDHITSDESCENDINGFILL,False,False,False,84277,975,91065684000.0,32,ASK,LONG,1.0
SNOW,2026-06-26 16:03:53.251704+00:00,CALL,235.0,2026-07-17,180885,119,242,53,238.6,REPEATEDHITS,True,False,False,1520,179365,91065684000.0,21,BID,SHORT,0.5
SNOW,2026-06-26 13:31:53.579248+00:00,CALL,227.5,2026-06-26,90540,415,874,365,226.16,REPEATEDHITSASCENDINGFILL,True,False,False,46866,43674,91065684000.0,0,ASK,LONG,1.0
SNOW,2026-06-26 13:31:19.857186+00:00,CALL,222.5,2026-07-02,112500,125,125,22,225.215,REPEATEDHITSDESCENDINGFILL,True,False,False,102610,9890,91065684000.0,6,ASK,LONG,1.0
SNOW,2026-06-25 19:16:05.222160+00:00,PUT,230.0,2027-03-19,836720,180,180,132,228.805,REPEATEDHITSASCENDINGFILL,False,False,False,465125,371595,91065684000.0,267,ASK,SHORT,1.0
SNOW,2026-06-25 18:48:40.512441+00:00,CALL,227.5,2026-06-26,70500,150,554,88,229.645,REPEATEDHITS,True,False,False,0,70500,91065684000.0,1,BID,SHORT,0.5
SNOW,2026-06-25 15:30:38.189130+00:00,CALL,222.5,2026-06-26,62881,96,615,52,227.2,REPEATEDHITS,False,False,False,0,62881,91065684000.0,1,BID,SHORT,0.5
SNOW,2026-06-25 14:00:16.989655+00:00,CALL,410.0,2027-01-15,63890,91,91,52,221.705,REPEATEDHITSDESCENDINGFILL,False,False,False,36985,26905,91065684000.0,204,ASK,LONG,1.0
SNOW,2026-06-24 19:47:30.075372+00:00,CALL,217.5,2026-06-26,105570,102,102,31,226.2,REPEATEDHITS,False,False,False,0,105570,91065684000.0,2,BID,SHORT,0.5
SNOW,2026-06-24 19:00:20.714439+00:00,PUT,225.0,2026-07-17,75974,58,65,57,224.65,REPEATEDHITSDESCENDINGFILL,False,False,False,74669,1305,91065684000.0,23,ASK,SHORT,1.0
SNOW,2026-06-24 17:51:51.748081+00:00,PUT,222.5,2026-07-10,56154,72,76,5,229.625,REPEATEDHITSDESCENDINGFILL,False,False,False,55379,0,91065684000.0,16,ASK,SHORT,1.0
SNOW,2026-06-24 16:48:30.811520+00:00,PUT,250.0,2026-07-24,250000,100,143,24,233.235,REPEATEDHITS,True,False,False,0,250000,91065684000.0,30,BID,LONG,0.5
SNOW,2026-06-24 14:16:06.393314+00:00,CALL,225.0,2026-07-17,328640,208,208,26,229.7,REPEATEDHITS,True,False,False,0,328640,91065684000.0,23,BID,SHORT,0.5
SNOW,2026-06-23 14:26:29.498294+00:00,PUT,227.5,2026-07-17,81760,64,64,12,227.87,REPEATEDHITSASCENDINGFILL,True,False,False,40960,40800,91065684000.0,24,ASK,SHORT,1.0
SNOW,2026-06-22 16:54:42.285895+00:00,CALL,237.5,2026-07-02,118601,201,227,57,229.48,REPEATEDHITSASCENDINGFILL,False,False,False,0,118006,91065684000.0,10,BID,SHORT,0.5
SNOW,2026-06-22 13:55:14.930362+00:00,CALL,252.5,2026-07-17,51020,57,67,0,238.1601,REPEATEDHITS,True,False,False,0,51020,91065684000.0,25,BID,SHORT,0.5
SNOW,2026-06-18 14:19:21.669422+00:00,CALL,217.5,2026-06-18,196281,201,204,13,227.14,REPEATEDHITSDESCENDINGFILL,True,False,False,96795,99486,91065684000.0,0,BID,SHORT,0.5
SNOW,2026-06-18 13:36:31.331349+00:00,PUT,220.0,2026-06-26,468510,679,839,563,222.04,REPEATEDHITS,False,False,False,0,468510,91065684000.0,8,BID,LONG,0.5
SNOW,2026-06-17 19:20:27.690655+00:00,PUT,220.0,2026-07-02,146468,315,315,206,234.92,REPEATEDHITSDESCENDINGFILL,False,False,False,122753,23715,91065684000.0,15,ASK,SHORT,1.0
SNOW,2026-06-16 17:57:34.200019+00:00,PUT,180.0,2026-10-16,60140,62,62,53,238.485,REPEATEDHITS,False,False,False,0,60140,91065684000.0,122,BID,LONG,0.5
SNOW,2026-06-16 13:50:11.801581+00:00,PUT,232.5,2026-06-26,101000,200,200,174,244.355,REPEATEDHITS,False,False,False,101000,0,91065684000.0,10,ASK,SHORT,1.0
SNOW,2026-06-16 13:45:36.712311+00:00,CALL,245.0,2026-07-02,145530,142,182,67,240.73,REPEATEDHITSDESCENDINGFILL,True,False,False,77895,67635,91065684000.0,16,ASK,LONG,1.0
SNOW,2026-06-15 17:05:17.868225+00:00,PUT,220.0,2026-10-16,600965,263,291,37,240.791,REPEATEDHITS,False,False,False,0,600965,91065684000.0,123,BID,LONG,0.5
SNOW,2026-06-15 16:28:53.740805+00:00,CALL,245.0,2026-06-26,165378,175,656,156,243.435,REPEATEDHITS,False,False,False,0,165378,91065684000.0,11,BID,SHORT,0.5
SNOW,2026-06-15 16:09:40.116383+00:00,PUT,240.0,2026-07-31,101775,56,173,10,243.245,REPEATEDHITSDESCENDINGFILL,True,False,False,83720,18055,91065684000.0,46,ASK,SHORT,1.0
SNOW,2026-06-15 14:59:17.969841+00:00,PUT,230.0,2026-10-16,398754,145,149,99,241.6,REPEATEDHITS,False,False,False,0,398754,91065684000.0,123,BID,LONG,0.5
SNOW,2026-06-15 14:32:46.113910+00:00,PUT,247.5,2026-06-18,330641,329,333,237,241.89,REPEATEDHITS,False,False,False,325616,5025,91065684000.0,3,ASK,SHORT,1.0
SNOW,2026-06-15 13:30:47.593892+00:00,PUT,245.0,2026-06-26,124490,80,81,45,235.105,REPEATEDHITSDESCENDINGFILL,True,False,False,74865,49625,91065684000.0,11,ASK,SHORT,1.0
SNOW,2026-06-12 14:03:45.672841+00:00,PUT,230.0,2028-01-21,3097416,511,511,279,241.1908,REPEATEDHITSDESCENDINGFILL,False,False,False,121300,2976116,91065684000.0,588,BID,LONG,0.5
SNOW,2026-06-11 13:56:43.174878+00:00,PUT,237.5,2026-06-12,124206,345,379,274,239.675,REPEATEDHITS,False,False,False,0,124206,91065684000.0,1,BID,LONG,0.5
SNOW,2026-06-10 19:24:00.158419+00:00,CALL,390.0,2026-09-18,145978,356,362,106,240.38,REPEATEDHITSASCENDINGFILL,False,False,False,0,145148,91065684000.0,100,BID,SHORT,0.5
SNOW,2026-06-08 17:26:44.927104+00:00,PUT,245.0,2026-07-24,55000,25,158,8,240.7425,REPEATEDHITS,True,False,False,0,55000,91065684000.0,46,BID,LONG,0.5
SNOW,2026-06-08 17:26:23.709636+00:00,PUT,245.0,2026-07-24,75270,34,35,8,240.775,REPEATEDHITSASCENDINGFILL,True,False,False,31150,44120,91065684000.0,46,BID,LONG,0.5
SNOW,2026-06-05 18:27:11.342705+00:00,PUT,227.5,2026-06-18,53508,83,311,44,236.835,REPEATEDHITSASCENDINGFILL,True,False,False,53508,0,91065684000.0,13,ASK,SHORT,1.0
SNOW,2026-06-05 17:26:57.686607+00:00,PUT,220.0,2026-07-24,55575,46,62,0,238.02,REPEATEDHITSASCENDINGFILL,True,False,False,15770,39805,91065684000.0,49,BID,LONG,0.5
SNOW,2026-06-05 15:54:38.687035+00:00,CALL,240.0,2026-07-24,84870,43,80,3,237.22,REPEATEDHITSASCENDINGFILL,False,False,False,57360,27510,91065684000.0,49,ASK,LONG,1.0
SNOW,2026-06-05 14:46:26.861896+00:00,PUT,240.0,2026-07-24,106100,51,72,8,238.61,REPEATEDHITS,False,False,False,104020,2080,91065684000.0,49,ASK,SHORT,1.0
SOXL,2026-07-08 15:29:09.369579+00:00,PUT,129.0,2026-07-17,159000,200,206,174,161.3499,REPEATEDHITS,True,False,False,159000,0,20618689917.0,9,ASK,SHORT,1.0
SOXL,2026-07-08 15:26:02.338547+00:00,CALL,160.0,2026-08-07,281785,80,96,49,160.45,REPEATEDHITSDESCENDINGFILL,True,False,False,218410,59840,20618689917.0,30,ASK,LONG,1.0
SOXL,2026-07-08 15:19:49.930646+00:00,CALL,162.0,2026-08-14,28080,7,12,1,164.645,REPEATEDHITS,True,False,False,8035,20045,20618689917.0,37,BID,SHORT,0.5
SOXL,2026-07-08 14:50:46.721014+00:00,PUT,133.0,2026-07-24,19120,15,23,3,163.82,REPEATEDHITS,True,False,False,19120,0,20618689917.0,16,ASK,SHORT,1.0
SOXL,2026-07-08 14:50:46.721014+00:00,PUT,131.0,2026-07-24,28915,24,25,3,163.82,REPEATEDHITS,True,False,False,28915,0,20618689917.0,16,ASK,SHORT,1.0
SOXL,2026-07-08 14:12:46.095419+00:00,CALL,310.0,2026-08-21,224315,200,1476,104,167.515,REPEATEDHITSASCENDINGFILL,False,False,False,7905,202850,20618689917.0,44,BID,SHORT,0.5
SOXL,2026-07-08 14:12:38.678351+00:00,PUT,141.0,2026-07-24,48620,33,33,20,167.11,REPEATEDHITSDESCENDINGFILL,True,False,False,32450,16170,20618689917.0,16,ASK,SHORT,1.0
SOXL,2026-07-08 14:11:17.988540+00:00,PUT,143.0,2026-07-10,35522,119,120,61,169.2,REPEATEDHITSDESCENDINGFILL,True,False,False,20946,9476,20618689917.0,2,ASK,SHORT,1.0
SOXL,2026-07-08 14:04:40.887249+00:00,CALL,310.0,2026-08-21,138000,115,886,104,171.73,REPEATEDHITS,False,False,False,27600,27600,20618689917.0,44,MIXED,,0.0
SOXL,2026-07-08 14:04:21.063153+00:00,CALL,310.0,2026-08-21,187110,154,714,104,172.09,REPEATEDHITS,False,False,False,133650,0,20618689917.0,44,ASK,LONG,1.0
SOXL,2026-07-08 14:04:16.858639+00:00,CALL,310.0,2026-08-21,284260,233,495,104,171.93,REPEATEDHITS,False,False,False,284260,0,20618689917.0,44,ASK,LONG,1.0
SOXL,2026-07-08 13:57:02.021082+00:00,PUT,44.0,2026-12-18,34050,50,202,19,171.78,REPEATEDHITS,False,False,False,10896,23154,20618689917.0,163,BID,LONG,0.5
SOXL,2026-07-08 13:38:44.549119+00:00,CALL,188.0,2026-07-10,27220,71,74,46,166.4201,REPEATEDHITSASCENDINGFILL,True,False,False,1155,26065,20618689917.0,2,BID,SHORT,0.5
SOXL,2026-07-08 13:36:22.836917+00:00,PUT,148.0,2026-07-31,48345,22,25,5,170.78,REPEATEDHITS,True,False,False,24255,24090,20618689917.0,23,ASK,SHORT,1.0
SOXL,2026-07-08 13:36:22.836917+00:00,PUT,147.0,2026-07-31,47480,22,22,1,171.0599,REPEATEDHITS,True,False,False,23855,23625,20618689917.0,23,ASK,SHORT,1.0
SOXL,2026-07-08 13:35:36.094393+00:00,PUT,146.0,2026-07-24,60225,37,37,5,170.35,REPEATEDHITSASCENDINGFILL,True,False,False,4920,39005,20618689917.0,16,BID,LONG,0.5
SOXL,2026-07-08 13:35:36.094393+00:00,PUT,148.0,2026-07-24,111280,65,65,2,170.3234,REPEATEDHITSASCENDINGFILL,True,False,False,54945,39285,20618689917.0,16,ASK,SHORT,1.0
SOXL,2026-07-08 13:35:36.094393+00:00,PUT,147.0,2026-07-24,41645,25,25,11,170.4,REPEATEDHITSASCENDINGFILL,True,False,False,1670,39975,20618689917.0,16,BID,LONG,0.5
SOXL,2026-07-08 13:33:01.102673+00:00,PUT,134.0,2026-07-24,57050,45,45,9,168.0,REPEATEDHITSASCENDINGFILL,True,False,False,25400,31650,20618689917.0,16,BID,LONG,0.5
SOXL,2026-07-07 20:14:43.468079+00:00,CALL,166.0,2026-07-10,107600,80,506,53,166.06,REPEATEDHITS,False,False,False,107600,0,20618689917.0,3,ASK,LONG,1.0
SOXL,2026-07-07 19:49:49.660454+00:00,PUT,90.0,2026-08-07,44400,60,468,19,160.53,REPEATEDHITS,False,False,False,44400,0,20618689917.0,31,ASK,SHORT,1.0
SOXL,2026-07-07 19:48:28.163189+00:00,PUT,90.0,2026-08-07,34000,50,408,19,159.915,REPEATEDHITS,False,False,False,0,34000,20618689917.0,31,BID,LONG,0.5
SOXL,2026-07-07 19:18:35.101854+00:00,CALL,165.0,2026-07-10,165880,203,2292,78,156.1,REPEATEDHITSASCENDINGFILL,True,False,False,5775,159285,20618689917.0,3,BID,SHORT,0.5
SOXL,2026-07-07 19:18:35.101854+00:00,PUT,139.0,2026-07-17,70995,58,200,6,156.31,REPEATEDHITSDESCENDINGFILL,True,False,False,69785,1210,20618689917.0,10,ASK,SHORT,1.0
SOXL,2026-07-07 19:18:33.890803+00:00,PUT,127.0,2026-07-24,11065,9,30,0,156.31,REPEATEDHITS,True,False,False,11065,0,20618689917.0,17,ASK,SHORT,1.0
SOXL,2026-07-07 19:01:54.808494+00:00,PUT,95.0,2026-07-31,14865,24,243,7,158.7425,REPEATEDHITSASCENDINGFILL,False,False,False,9945,4920,20618689917.0,24,ASK,SHORT,1.0
SOXL,2026-07-07 19:01:50.396357+00:00,PUT,136.0,2026-07-17,54845,53,162,3,158.825,REPEATEDHITSDESCENDINGFILL,True,False,False,53815,1030,20618689917.0,10,ASK,SHORT,1.0
SOXL,2026-07-07 18:53:50.498849+00:00,PUT,135.0,2026-08-14,154045,65,82,6,160.95,REPEATEDHITS,False,False,False,154045,0,20618689917.0,38,ASK,SHORT,1.0
SOXL,2026-07-07 18:48:31.188012+00:00,CALL,153.0,2026-07-10,18023,10,68,0,163.13,REPEATEDHITSASCENDINGFILL,False,False,False,1805,5418,20618689917.0,3,BID,SHORT,0.5
SOXL,2026-07-07 18:43:36.894150+00:00,PUT,109.0,2026-07-17,16620,49,62,24,162.2005,REPEATEDHITSDESCENDINGFILL,True,False,False,9485,7135,20618689917.0,10,ASK,SHORT,1.0
SOXL,2026-07-07 17:20:27.260565+00:00,CALL,162.0,2026-07-10,15100,10,476,9,167.175,REPEATEDHITS,False,False,False,0,15100,20618689917.0,3,BID,SHORT,0.5
SOXL,2026-07-07 16:36:35.079279+00:00,CALL,164.0,2026-07-10,24900,20,428,15,164.29,REPEATEDHITS,False,False,False,4980,19920,20618689917.0,3,BID,SHORT,0.5
SOXL,2026-07-07 16:32:27.768606+00:00,PUT,129.0,2026-07-10,26429,132,305,65,167.8799,REPEATEDHITSASCENDINGFILL,False,False,False,0,26229,20618689917.0,3,BID,LONG,0.5
SOXL,2026-07-07 16:32:13.155154+00:00,CALL,167.0,2026-07-10,38700,30,309,19,167.76,REPEATEDHITS,False,False,False,0,38700,20618689917.0,3,BID,SHORT,0.5
SOXL,2026-07-07 16:30:30.229651+00:00,PUT,108.0,2026-07-17,17700,60,67,41,167.8,REPEATEDHITS,False,False,False,590,0,20618689917.0,10,ASK,SHORT,1.0
SOXL,2026-07-07 16:26:18.930515+00:00,CALL,154.0,2026-07-17,33081,12,76,7,166.67,REPEATEDHITSASCENDINGFILL,False,False,False,13760,19321,20618689917.0,10,BID,SHORT,0.5
SOXL,2026-07-07 16:02:22.352203+00:00,PUT,126.0,2026-07-17,10880,16,42,1,162.1875,REPEATEDHITS,True,False,False,0,10880,20618689917.0,10,BID,LONG,0.5
SOXL,2026-07-07 16:01:03.407529+00:00,PUT,105.0,2026-08-07,21420,21,90,6,161.29,REPEATEDHITS,True,False,False,0,21420,20618689917.0,31,BID,LONG,0.5
SOXL,2026-07-07 15:59:42.088045+00:00,CALL,164.0,2026-07-17,42105,23,38,9,159.9906,REPEATEDHITSDESCENDINGFILL,True,False,False,1835,40270,20618689917.0,10,BID,SHORT,0.5
SOXL,2026-07-07 15:59:13.853328+00:00,CALL,267.5,2026-07-31,97595,157,244,35,160.14,REPEATEDHITSDESCENDINGFILL,True,False,False,56285,41310,20618689917.0,24,ASK,LONG,1.0
SOXL,2026-07-07 15:59:13.853328+00:00,CALL,247.5,2026-07-31,82445,100,111,59,160.14,REPEATEDHITS,True,False,False,73370,9075,20618689917.0,24,ASK,LONG,1.0
SOXL,2026-07-07 15:59:13.853328+00:00,CALL,262.5,2026-07-31,99820,150,151,17,160.14,REPEATEDHITSDESCENDINGFILL,True,False,False,50555,49265,20618689917.0,24,ASK,LONG,1.0
SOXL,2026-07-07 15:59:09.446708+00:00,CALL,167.0,2026-07-17,94260,56,136,35,159.79,REPEATEDHITSASCENDINGFILL,True,False,False,47220,47040,20618689917.0,10,ASK,LONG,1.0
SOXL,2026-07-07 15:59:04.637295+00:00,CALL,145.0,2026-08-14,26010,6,8,1,159.82,REPEATEDHITS,True,False,False,4335,21675,20618689917.0,38,BID,SHORT,0.5
SOXL,2026-07-07 15:59:04.637295+00:00,CALL,162.0,2026-07-17,230510,121,159,83,159.82,REPEATEDHITSDESCENDINGFILL,True,False,False,116510,114000,20618689917.0,10,ASK,LONG,1.0
SOXL,2026-07-07 15:58:19.980900+00:00,CALL,159.0,2026-07-17,93780,46,60,35,159.795,REPEATEDHITSASCENDINGFILL,True,False,False,44940,48840,20618689917.0,10,BID,SHORT,0.5
SOXL,2026-07-07 15:52:46.033127+00:00,CALL,199.0,2026-07-10,35785,197,239,93,158.87,REPEATEDHITSDESCENDINGFILL,True,False,False,18147,17638,20618689917.0,3,ASK,LONG,1.0
SOXL,2026-07-07 15:51:55.771096+00:00,PUT,138.0,2026-07-17,49510,44,344,0,157.88,REPEATEDHITS,True,False,False,2260,47250,20618689917.0,10,BID,LONG,0.5
SOXL,2026-07-07 15:47:59.038967+00:00,CALL,154.0,2026-07-17,50520,23,61,7,158.0369,REPEATEDHITSDESCENDINGFILL,True,False,False,15400,28535,20618689917.0,10,BID,SHORT,0.5
SOXL,2026-07-07 15:34:58.833318+00:00,PUT,141.0,2026-07-24,37865,21,33,1,155.8,REPEATEDHITSASCENDINGFILL,True,False,False,14440,23425,20618689917.0,17,BID,LONG,0.5
SPX,2026-07-08 15:59:47.209366+00:00,PUT,6390.0,2026-10-16,423292,86,86,59,7410.0,REPEATEDHITS,False,False,False,0,0,,100,MIXED,,0.0
SPX,2026-07-07 19:42:18.079793+00:00,PUT,7305.0,2026-10-16,283670,19,140,9,7470.0,REPEATEDHITS,True,False,False,0,283670,,101,BID,LONG,0.5
SPX,2026-07-07 19:42:12.870885+00:00,PUT,7305.0,2026-10-16,372750,25,121,9,7470.0,REPEATEDHITS,True,False,False,0,372750,,101,BID,LONG,0.5
SPX,2026-07-07 19:42:12.466664+00:00,PUT,7305.0,2026-10-16,357600,24,96,9,7470.0,REPEATEDHITS,True,False,False,0,357600,,101,BID,LONG,0.5
SPX,2026-07-07 16:03:48.672380+00:00,PUT,4100.0,2026-09-18,720250,3350,3350,2316,7485.0,REPEATEDHITS,False,False,False,0,0,,73,MIXED,,0.0
SPX,2026-07-07 16:03:48.672380+00:00,PUT,3400.0,2027-03-19,4184150,3350,3350,2913,7485.0,REPEATEDHITS,False,False,False,0,0,,255,MIXED,,0.0
SPX,2026-07-06 15:49:05.100308+00:00,CALL,7975.0,2026-08-21,2574000,1980,1985,1373,7515.0,REPEATEDHITS,False,False,False,0,0,,46,MIXED,,0.0
SPX,2026-07-06 13:33:14.777771+00:00,CALL,8225.0,2027-03-19,1738500,100,100,45,7495.0,REPEATEDHITSASCENDINGFILL,False,False,False,1738500,0,,256,ASK,LONG,1.0
SPX,2026-07-02 19:14:03.832522+00:00,PUT,7100.0,2026-10-16,80775500,6500,6554,5169,7430.0,REPEATEDHITS,False,False,False,0,0,,106,MIXED,,0.0
SPX,2026-07-02 15:31:38.781680+00:00,PUT,7030.0,2026-07-17,355000,500,505,471,7460.0,REPEATEDHITS,False,False,False,0,355000,,15,BID,LONG,0.5
SPX,2026-07-01 19:41:07.490215+00:00,PUT,7245.0,2026-10-16,350250,25,84,0,7475.0,REPEATEDHITS,True,False,False,0,350250,,107,BID,LONG,0.5
SPX,2026-07-01 19:41:05.860799+00:00,PUT,7245.0,2026-10-16,224480,16,35,0,7475.0,REPEATEDHITS,True,False,False,0,224480,,107,BID,LONG,0.5
SPX,2026-06-30 14:52:54.079239+00:00,PUT,7495.0,2026-07-17,2915920,328,328,318,7445.0,REPEATEDHITS,False,False,False,0,0,,17,MIXED,,0.0
SPX,2026-06-29 20:08:25.469919+00:00,PUT,7505.0,2026-09-18,3843000,180,227,128,7420.0,REPEATEDHITS,False,False,False,0,0,,81,MIXED,,0.0
SPX,2026-06-29 20:08:25.469919+00:00,CALL,7505.0,2026-09-18,3663000,180,237,101,7420.0,REPEATEDHITS,False,False,False,0,0,,81,MIXED,,0.0
SPX,2026-06-29 17:07:29.624874+00:00,CALL,8050.0,2026-10-16,10014750,2250,4500,220,7400.0,REPEATEDHITS,False,False,False,0,0,,109,MIXED,,0.0
SPX,2026-06-26 19:31:37.831565+00:00,CALL,7460.0,2026-07-17,4552500,750,753,318,7330.0,REPEATEDHITS,False,False,False,0,0,,21,MIXED,,0.0
SPX,2026-06-26 14:14:29.968836+00:00,PUT,6680.0,2026-08-21,1942316,465,465,357,7335.0,REPEATEDHITSASCENDINGFILL,False,False,False,0,0,,56,MIXED,,0.0
SPX,2026-06-26 13:44:20.080233+00:00,CALL,7370.0,2026-09-18,2289200,97,265,49,7295.0,REPEATEDHITS,False,False,False,0,0,,84,MIXED,,0.0
SPX,2026-06-24 14:13:02.933105+00:00,PUT,3800.0,2027-03-19,25716600,12600,12600,958,7365.0,REPEATEDHITS,False,False,False,0,0,,268,MIXED,,0.0
SPX,2026-06-24 14:08:40.876663+00:00,PUT,7540.0,2026-11-20,4451130,137,137,63,7365.0,REPEATEDHITS,False,False,False,4451130,0,,149,ASK,SHORT,1.0
SPX,2026-06-23 17:59:51.153781+00:00,CALL,7465.0,2026-09-18,12175800,546,1366,22,7365.0,REPEATEDHITS,False,False,False,0,0,,87,MIXED,,0.0
SPX,2026-06-23 17:59:51.153781+00:00,PUT,7465.0,2026-09-18,12776400,546,1336,57,7365.0,REPEATEDHITS,False,False,False,0,0,,87,MIXED,,0.0
SPX,2026-06-23 15:05:41.786440+00:00,CALL,7460.0,2026-09-18,2273600,98,510,67,7370.0,REPEATEDHITS,False,False,False,0,0,,87,MIXED,,0.0
SPX,2026-06-23 13:55:04.055359+00:00,PUT,6630.0,2026-07-17,1120490,947,947,452,7375.0,REPEATEDHITSDESCENDINGFILL,True,False,False,360570,759920,,24,BID,LONG,0.5
SPX,2026-06-22 19:47:22.119321+00:00,CALL,7535.0,2026-09-18,7210500,330,1967,146,7445.0,REPEATEDHITS,False,False,False,0,0,,88,MIXED,,0.0
SPX,2026-06-22 19:47:22.119321+00:00,PUT,7535.0,2026-09-18,7375500,330,1966,170,7445.0,REPEATEDHITS,False,False,False,0,0,,88,MIXED,,0.0
SPX,2026-06-22 15:24:53.807232+00:00,PUT,7390.0,2026-10-16,201600,10,55,0,7455.0,REPEATEDHITSDESCENDINGFILL,False,False,False,0,201600,,116,BID,LONG,0.5
SPX,2026-06-22 15:14:30.129279+00:00,PUT,7390.0,2026-10-16,101370,5,25,0,7455.0,REPEATEDHITSDESCENDINGFILL,False,False,False,40560,60810,,116,BID,LONG,0.5
SPX,2026-06-22 15:13:22.642826+00:00,CALL,8950.0,2028-06-16,14216560,380,380,0,7455.0,REPEATEDHITS,False,False,False,0,0,,725,MIXED,,0.0
SPX,2026-06-22 15:13:22.642826+00:00,CALL,8125.0,2026-12-18,24683400,2100,2100,1139,7455.0,REPEATEDHITS,False,False,False,0,0,,179,MIXED,,0.0
SPX,2026-06-22 14:43:12.824954+00:00,PUT,7700.0,2027-09-17,31978200,600,600,192,7460.0,REPEATEDHITS,False,False,False,0,0,,452,MIXED,,0.0
SPX,2026-06-18 20:00:57.501718+00:00,PUT,7555.0,2026-09-18,4874184,228,2259,129,7480.0,REPEATEDHITS,False,False,False,0,0,,92,MIXED,,0.0
SPX,2026-06-18 20:00:57.501718+00:00,CALL,7555.0,2026-09-18,5370984,228,2249,215,7480.0,REPEATEDHITSASCENDINGFILL,False,False,False,0,0,,92,MIXED,,0.0
SPX,2026-06-18 19:37:13.561042+00:00,PUT,7560.0,2026-09-18,8455000,380,4784,121,7475.0,REPEATEDHITS,False,False,False,0,0,,92,MIXED,,0.0
SPX,2026-06-18 19:37:13.561042+00:00,CALL,7560.0,2026-09-18,8531000,380,4785,45,7475.0,REPEATEDHITS,False,False,False,0,0,,92,MIXED,,0.0
SPX,2026-06-18 18:31:09.974407+00:00,PUT,6155.0,2026-07-17,325220,707,1126,450,7475.0,REPEATEDHITS,True,False,False,325220,0,,29,ASK,SHORT,1.0
SPX,2026-06-18 17:20:09.656883+00:00,CALL,7560.0,2026-09-18,5821200,252,3193,45,7490.0,REPEATEDHITS,False,False,False,0,0,,92,MIXED,,0.0
SPX,2026-06-18 17:20:09.656883+00:00,PUT,7560.0,2026-09-18,5493600,252,3193,121,7490.0,REPEATEDHITS,False,False,False,0,0,,92,MIXED,,0.0
SPX,2026-06-18 16:40:03.104471+00:00,CALL,7560.0,2026-09-18,1117200,49,2335,45,7480.0,REPEATEDHITS,False,False,False,0,0,,92,MIXED,,0.0
SPX,2026-06-17 19:41:49.269530+00:00,CALL,7495.0,2026-09-18,652400,28,282,19,7385.0,REPEATEDHITS,False,False,False,0,0,,93,MIXED,,0.0
SPX,2026-06-17 15:06:43.159183+00:00,CALL,8250.0,2026-08-21,3190000,5000,5051,1864,7485.0,REPEATEDHITS,False,False,False,0,0,,65,MIXED,,0.0
SPX,2026-06-17 14:20:56.249545+00:00,PUT,7245.0,2026-07-17,637560,154,208,148,7500.0,REPEATEDHITS,False,False,False,0,0,,30,MIXED,,0.0
SPX,2026-06-17 14:20:56.249545+00:00,PUT,7015.0,2026-09-18,690400,80,80,61,7500.0,REPEATEDHITS,False,False,False,0,0,,93,MIXED,,0.0
SPX,2026-06-16 19:50:47.013797+00:00,PUT,7590.0,2026-09-18,16852500,750,1388,72,7495.0,REPEATEDHITS,False,False,False,0,0,,94,MIXED,,0.0
SPX,2026-06-16 19:50:47.013797+00:00,CALL,7590.0,2026-09-18,16852500,750,1385,61,7495.0,REPEATEDHITS,False,False,False,0,0,,94,MIXED,,0.0
SPX,2026-06-16 16:25:41.972734+00:00,CALL,8275.0,2026-12-18,6180840,590,591,498,7525.0,REPEATEDHITS,False,False,False,0,0,,185,MIXED,,0.0
SPX,2026-06-16 16:01:14.594356+00:00,CALL,7530.0,2026-09-18,71624800,2600,2602,227,7520.0,REPEATEDHITS,False,False,False,0,0,,94,MIXED,,0.0
SPX,2026-06-16 16:01:14.594356+00:00,PUT,7530.0,2026-09-18,50676600,2600,2600,134,7520.0,REPEATEDHITS,False,False,False,0,0,,94,MIXED,,0.0
SPX,2026-06-16 15:00:14.050686+00:00,PUT,3600.0,2027-06-17,8540000,3500,3500,242,7520.0,REPEATEDHITS,False,False,False,0,0,,366,MIXED,,0.0
SQQQ,2026-07-08 15:47:48.667805+00:00,CALL,41.5,2026-07-24,59200,200,525,52,41.6601,REPEATEDHITS,False,False,False,59200,0,40.3529,16,ASK,LONG,1.0
SQQQ,2026-07-08 15:17:38.753692+00:00,CALL,48.0,2026-07-17,55695,750,764,464,41.605,REPEATEDHITSDESCENDINGFILL,True,False,False,50070,0,40.3529,9,ASK,LONG,1.0
SQQQ,2026-07-08 15:17:37.750374+00:00,PUT,46.0,2026-07-17,52920,98,98,55,41.61,REPEATEDHITS,False,False,False,0,52920,40.3529,9,BID,LONG,0.5
SQQQ,2026-07-07 17:41:32.963799+00:00,PUT,35.0,2026-07-24,52072,1132,1197,307,39.7601,REPEATEDHITS,False,False,False,0,52072,40.3529,17,BID,LONG,0.5
SQQQ,2026-07-07 14:12:21.345930+00:00,CALL,39.0,2026-08-21,151678,307,307,216,40.4599,REPEATEDHITSDESCENDINGFILL,True,False,False,151678,0,40.3529,45,ASK,LONG,1.0
SQQQ,2026-07-07 13:32:19.116451+00:00,CALL,37.5,2026-07-17,155232,539,542,193,39.45,REPEATEDHITS,True,False,False,0,155232,40.3529,10,BID,SHORT,0.5
SQQQ,2026-07-06 19:04:26.055367+00:00,PUT,36.5,2026-07-10,28878,760,1123,300,38.12,REPEATEDHITSASCENDINGFILL,False,False,False,28804,74,40.3529,4,ASK,SHORT,1.0
SQQQ,2026-07-06 15:13:22.606300+00:00,CALL,38.0,2026-07-24,42804,174,1039,135,38.135,REPEATEDHITS,True,False,False,42804,0,40.3529,18,ASK,LONG,1.0
SQQQ,2026-07-06 14:18:13.423115+00:00,CALL,38.0,2026-07-24,120000,500,528,135,37.9267,REPEATEDHITS,True,False,False,13200,98400,40.3529,18,BID,SHORT,0.5
SQQQ,2026-07-02 19:29:03.565001+00:00,PUT,42.0,2026-07-02,471107,2821,6005,371,40.395,REPEATEDHITS,False,False,False,471107,0,40.3529,0,ASK,SHORT,1.0
SQQQ,2026-07-02 19:28:36.857249+00:00,CALL,39.5,2026-07-02,111596,1213,7070,780,40.46,REPEATEDHITS,False,False,False,0,111596,40.3529,0,BID,SHORT,0.5
SQQQ,2026-07-02 19:28:36.857249+00:00,PUT,42.0,2026-07-02,296184,1763,3184,371,40.46,REPEATEDHITS,False,False,False,296184,0,40.3529,0,ASK,SHORT,1.0
SQQQ,2026-07-02 19:04:29.997702+00:00,CALL,38.5,2026-07-10,273743,1033,1522,310,40.25,REPEATEDHITS,False,False,False,273743,0,40.3529,8,ASK,LONG,1.0
SQQQ,2026-07-02 19:04:29.997702+00:00,CALL,35.0,2026-07-17,1098390,1927,2089,844,40.27,REPEATEDHITS,False,False,False,1098390,0,40.3529,15,ASK,LONG,1.0
SQQQ,2026-07-02 19:04:29.997702+00:00,PUT,42.0,2026-07-02,228189,1355,1419,371,40.22,REPEATEDHITS,False,False,False,0,228189,40.3529,0,BID,LONG,0.5
SQQQ,2026-07-02 19:04:29.997702+00:00,CALL,38.0,2026-07-17,2847233,7911,10149,755,40.27,REPEATEDHITSDESCENDINGFILL,False,False,False,2847233,0,40.3529,15,ASK,LONG,1.0
SQQQ,2026-07-02 17:47:45.899649+00:00,PUT,37.5,2026-07-24,37548,252,254,17,40.6,REPEATEDHITS,False,False,False,37548,0,40.3529,22,ASK,SHORT,1.0
SQQQ,2026-07-02 17:04:26.676681+00:00,CALL,47.0,2026-07-17,35700,357,421,307,40.4699,REPEATEDHITS,True,False,False,35700,0,40.3529,15,ASK,LONG,1.0
SQQQ,2026-07-02 17:00:55.815975+00:00,PUT,40.5,2026-07-02,165416,3596,3642,465,40.27,REPEATEDHITS,False,False,False,165416,0,40.3529,0,ASK,SHORT,1.0
SQQQ,2026-07-02 16:44:01.811252+00:00,PUT,39.5,2026-07-02,79044,5646,6810,791,39.99,REPEATEDHITS,False,False,False,79044,0,40.3529,0,ASK,SHORT,1.0
SQQQ,2026-07-02 14:27:06.733162+00:00,CALL,38.0,2026-08-21,246948,575,578,107,38.0735,REPEATEDHITS,True,False,False,246948,0,40.3529,50,ASK,LONG,1.0
SQQQ,2026-07-02 14:25:28.751697+00:00,CALL,36.5,2026-07-24,15840,48,48,27,37.99,REPEATEDHITS,True,False,False,15840,0,40.3529,22,ASK,LONG,1.0
SQQQ,2026-07-02 14:22:41.686063+00:00,CALL,38.5,2026-07-24,84606,354,358,17,37.9099,REPEATEDHITS,True,False,False,84606,0,40.3529,22,ASK,LONG,1.0
SQQQ,2026-07-01 19:05:54.880082+00:00,CALL,35.5,2026-07-17,17980,58,58,2,37.49,REPEATEDHITS,True,False,False,0,17980,40.3529,16,BID,SHORT,0.5
SQQQ,2026-07-01 17:33:12.626706+00:00,PUT,35.0,2026-07-31,26344,148,154,99,37.475,REPEATEDHITS,False,False,False,26344,0,40.3529,30,ASK,SHORT,1.0
SQQQ,2026-07-01 15:36:27.179971+00:00,PUT,36.5,2026-07-17,27846,153,175,23,37.1131,REPEATEDHITS,True,False,False,0,27846,40.3529,16,BID,LONG,0.5
SQQQ,2026-07-01 14:46:17.269711+00:00,CALL,36.5,2026-07-10,82990,386,504,165,37.625,REPEATEDHITS,False,False,False,82990,0,40.3529,9,ASK,LONG,1.0
SQQQ,2026-06-29 17:13:42.667696+00:00,CALL,36.0,2026-08-21,145040,259,261,1,38.455,REPEATEDHITS,False,False,False,0,145040,40.3529,53,BID,SHORT,0.5
SQQQ,2026-06-29 13:56:26.779736+00:00,CALL,38.5,2026-07-10,51000,170,171,52,39.9,REPEATEDHITS,True,False,False,50400,600,40.3529,11,ASK,LONG,1.0
SQQQ,2026-06-26 19:59:26.505814+00:00,PUT,40.5,2026-07-02,41800,200,242,109,40.76,REPEATEDHITS,False,False,False,41800,0,40.3529,6,ASK,SHORT,1.0
SQQQ,2026-06-26 19:43:53.584160+00:00,PUT,35.0,2026-07-10,162222,4269,4291,269,40.43,REPEATEDHITS,False,False,False,0,162222,40.3529,14,BID,LONG,0.5
SQQQ,2026-06-26 15:51:09.212915+00:00,CALL,39.5,2026-06-26,82380,1373,2330,921,39.8989,REPEATEDHITS,False,False,False,82380,0,40.3529,0,ASK,LONG,1.0
SQQQ,2026-06-26 14:02:39.536236+00:00,PUT,40.5,2026-06-26,207368,4232,4482,359,40.635,REPEATEDHITS,False,False,False,207368,0,40.3529,0,ASK,SHORT,1.0
SQQQ,2026-06-25 19:24:35.582886+00:00,CALL,45.0,2026-07-02,142056,1973,2760,1682,39.89,REPEATEDHITS,False,False,False,142056,0,40.3529,7,ASK,LONG,1.0
SQQQ,2026-06-25 14:22:34.108608+00:00,CALL,47.0,2026-07-10,308110,2801,2883,347,39.9801,REPEATEDHITS,False,False,False,0,308110,40.3529,15,BID,SHORT,0.5
SQQQ,2026-06-25 13:31:16.992678+00:00,PUT,39.0,2026-07-02,230880,962,968,644,38.1,REPEATEDHITS,True,False,False,0,230880,40.3529,7,BID,LONG,0.5
SQQQ,2026-06-24 19:28:12.869669+00:00,CALL,41.5,2026-07-02,81900,350,553,244,41.075,REPEATEDHITS,True,False,False,0,81900,40.3529,8,BID,SHORT,0.5
SQQQ,2026-06-24 19:26:44.903417+00:00,CALL,40.5,2026-07-10,69000,200,234,46,41.06,REPEATEDHITS,True,False,False,17250,24150,40.3529,16,BID,SHORT,0.5
SQQQ,2026-06-24 14:38:16.987660+00:00,CALL,40.0,2026-07-10,264915,1015,1037,395,39.39,REPEATEDHITS,False,False,False,0,264915,40.3529,16,BID,SHORT,0.5
SQQQ,2026-06-23 19:08:51.616256+00:00,PUT,40.5,2026-06-26,14410,71,435,29,40.545,REPEATEDHITSASCENDINGFILL,True,False,False,13197,1213,40.3529,3,ASK,SHORT,1.0
SQQQ,2026-06-23 19:04:36.446550+00:00,CALL,41.0,2026-07-24,17395,49,56,26,40.3313,REPEATEDHITS,True,False,False,710,16685,40.3529,31,BID,SHORT,0.5
SQQQ,2026-06-23 13:36:56.617744+00:00,PUT,39.0,2026-12-18,23795,26,26,20,40.38,REPEATEDHITSDESCENDINGFILL,False,False,False,11995,11800,40.3529,178,ASK,SHORT,1.0
SQQQ,2026-06-23 13:34:42.892180+00:00,CALL,40.5,2026-06-26,51875,415,745,407,40.115,REPEATEDHITS,True,False,False,0,51875,40.3529,3,BID,SHORT,0.5
SQQQ,2026-06-22 18:20:24.946145+00:00,CALL,40.5,2026-07-24,70200,360,494,58,36.915,REPEATEDHITS,False,False,False,0,70200,40.3529,32,BID,SHORT,0.5
SQQQ,2026-06-22 17:49:22.609628+00:00,CALL,40.5,2026-07-24,26934,134,134,58,37.065,REPEATEDHITS,False,False,False,0,26934,40.3529,32,BID,SHORT,0.5
SQQQ,2026-06-18 19:56:44.067346+00:00,PUT,33.0,2026-12-18,12505,19,65,5,36.5801,REPEATEDHITSDESCENDINGFILL,False,False,False,7920,4585,40.3529,183,ASK,SHORT,1.0
SQQQ,2026-06-18 17:23:14.263766+00:00,PUT,34.0,2026-07-31,10286,42,42,0,36.6701,REPEATEDHITSDESCENDINGFILL,True,False,False,5187,5099,40.3529,43,ASK,SHORT,1.0
SQQQ,2026-06-18 17:06:56.949201+00:00,CALL,37.0,2026-06-26,177548,1492,2248,865,36.7455,REPEATEDHITS,False,False,False,161245,0,40.3529,8,ASK,LONG,1.0
SQQQ,2026-06-18 16:12:43.370420+00:00,CALL,38.0,2026-07-02,73081,500,2729,359,37.0,REPEATEDHITSASCENDINGFILL,True,False,False,54750,18331,40.3529,14,ASK,LONG,1.0
SQQQ,2026-06-18 16:11:54.296238+00:00,CALL,38.0,2026-07-02,69696,484,2213,359,36.9597,REPEATEDHITS,True,False,False,69696,0,40.3529,14,ASK,LONG,1.0
STX,2026-07-08 16:00:44.554352+00:00,CALL,1550.0,2026-08-21,107640,156,157,114,824.62,REPEATEDHITS,False,False,False,0,107640,185580882939.0,44,BID,SHORT,0.5
STX,2026-07-08 15:33:34.174739+00:00,PUT,680.0,2026-07-17,409573,333,732,230,825.48,REPEATEDHITSDESCENDINGFILL,False,False,False,408353,1220,185580882939.0,9,ASK,SHORT,1.0
STX,2026-07-08 15:09:39.234930+00:00,CALL,875.0,2026-07-24,75200,14,14,5,829.8,REPEATEDHITSDESCENDINGFILL,True,False,False,32310,42890,185580882939.0,16,BID,SHORT,0.5
STX,2026-07-08 14:46:08.540321+00:00,PUT,610.0,2026-08-21,181240,60,76,27,831.035,REPEATEDHITS,True,False,False,18160,163080,185580882939.0,44,BID,LONG,0.5
STX,2026-07-08 13:53:19.272296+00:00,CALL,1150.0,2026-12-18,380850,30,38,14,843.99,REPEATEDHITSASCENDINGFILL,False,False,False,317350,63500,185580882939.0,163,ASK,LONG,1.0
STX,2026-07-07 19:07:22.718992+00:00,CALL,1550.0,2026-08-21,62250,83,113,10,817.51,REPEATEDHITS,False,False,False,0,62250,185580882939.0,45,BID,SHORT,0.5
STX,2026-07-07 19:01:29.950252+00:00,CALL,1200.0,2026-07-31,274171,298,316,182,819.705,REPEATEDHITSASCENDINGFILL,False,False,False,0,273241,185580882939.0,24,BID,SHORT,0.5
STX,2026-07-07 16:13:14.796374+00:00,PUT,500.0,2028-01-21,5361200,400,400,79,819.735,REPEATEDHITS,False,False,False,0,0,185580882939.0,563,MIXED,,0.0
STX,2026-07-07 15:49:27.780194+00:00,PUT,880.0,2026-08-14,193210,13,14,0,814.14,REPEATEDHITS,False,False,False,148690,44520,185580882939.0,38,ASK,SHORT,1.0
STX,2026-07-07 14:14:52.920418+00:00,CALL,1510.0,2026-11-20,76400,15,15,1,801.01,REPEATEDHITSASCENDINGFILL,False,False,False,0,76400,185580882939.0,136,BID,SHORT,0.5
STX,2026-07-06 16:01:29.868658+00:00,PUT,740.0,2026-09-18,734390,83,87,44,864.01,REPEATEDHITSASCENDINGFILL,False,False,False,734390,0,185580882939.0,74,ASK,SHORT,1.0
STX,2026-07-06 15:52:42.400518+00:00,PUT,740.0,2026-10-16,1090770,103,177,7,866.725,REPEATEDHITS,False,False,False,1090770,0,185580882939.0,102,ASK,SHORT,1.0
STX,2026-07-06 13:36:43.226648+00:00,PUT,740.0,2026-10-16,647210,61,61,7,865.03,REPEATEDHITS,False,False,False,647210,0,185580882939.0,102,ASK,SHORT,1.0
STX,2026-07-02 19:04:29.997702+00:00,PUT,845.0,2026-07-02,846910,262,482,246,816.48,REPEATEDHITSASCENDINGFILL,True,False,False,207360,639550,185580882939.0,0,BID,LONG,0.5
STX,2026-07-02 17:59:19.960825+00:00,CALL,800.0,2026-07-02,64000,80,187,45,800.42,REPEATEDHITS,False,False,False,0,0,185580882939.0,0,MIXED,,0.0
STX,2026-07-02 17:48:51.587918+00:00,CALL,800.0,2026-07-02,52800,66,70,45,800.34,REPEATEDHITS,True,False,False,52800,0,185580882939.0,0,ASK,LONG,1.0
STX,2026-07-02 17:33:20.057443+00:00,CALL,810.0,2026-07-02,52000,52,52,6,813.79,REPEATEDHITS,False,False,False,52000,0,185580882939.0,0,ASK,LONG,1.0
STX,2026-07-02 17:17:53.072153+00:00,CALL,850.0,2026-07-10,340000,100,679,28,821.8992,REPEATEDHITS,False,False,False,0,258400,185580882939.0,8,BID,SHORT,0.5
STX,2026-07-02 17:06:31.041584+00:00,CALL,850.0,2026-07-10,350000,100,576,28,822.4,REPEATEDHITS,False,False,False,350000,0,185580882939.0,8,ASK,LONG,1.0
STX,2026-07-02 16:52:01.770372+00:00,CALL,850.0,2026-07-10,350000,100,407,28,825.3,REPEATEDHITS,False,False,False,7000,28000,185580882939.0,8,BID,SHORT,0.5
STX,2026-07-02 16:51:49.161431+00:00,CALL,850.0,2026-07-10,104400,29,302,28,824.56,REPEATEDHITS,False,False,False,104400,0,185580882939.0,8,ASK,LONG,1.0
STX,2026-07-02 16:43:25.152707+00:00,CALL,850.0,2026-07-10,174800,46,187,28,830.61,REPEATEDHITS,False,False,False,174800,0,185580882939.0,8,ASK,LONG,1.0
STX,2026-07-02 16:19:45.054760+00:00,PUT,700.0,2026-07-10,117470,178,199,104,838.82,REPEATEDHITS,False,False,False,116820,0,185580882939.0,8,ASK,SHORT,1.0
STX,2026-07-02 15:45:02.219285+00:00,CALL,840.0,2026-12-18,445960,20,25,12,855.4511,REPEATEDHITSASCENDINGFILL,False,False,False,223000,22290,185580882939.0,169,ASK,LONG,1.0
STX,2026-07-02 15:44:13.745398+00:00,CALL,830.0,2026-07-02,183640,68,73,11,854.775,REPEATEDHITSASCENDINGFILL,True,False,False,2730,180910,185580882939.0,0,BID,SHORT,0.5
STX,2026-07-02 14:46:11.020578+00:00,CALL,850.0,2026-07-02,154000,70,603,17,867.98,REPEATEDHITS,False,False,False,154000,0,185580882939.0,0,ASK,LONG,1.0
STX,2026-07-02 14:34:06.370277+00:00,CALL,850.0,2026-07-02,235200,98,465,17,869.9056,REPEATEDHITS,True,False,False,235200,0,185580882939.0,0,ASK,LONG,1.0
STX,2026-07-02 14:30:59.194851+00:00,CALL,850.0,2026-07-02,263200,94,367,17,874.95,REPEATEDHITS,False,False,False,263200,0,185580882939.0,0,ASK,LONG,1.0
STX,2026-07-02 14:30:32.553521+00:00,PUT,780.0,2026-07-10,183480,132,146,59,872.925,REPEATEDHITS,False,False,False,183480,0,185580882939.0,8,ASK,SHORT,1.0
STX,2026-07-02 14:30:32.553521+00:00,PUT,780.0,2026-07-10,243440,179,329,59,872.96,REPEATEDHITS,False,False,False,243440,0,185580882939.0,8,ASK,SHORT,1.0
STX,2026-07-02 14:29:28.868076+00:00,CALL,850.0,2026-07-02,86800,31,233,17,873.69,REPEATEDHITS,True,False,False,86800,0,185580882939.0,0,ASK,LONG,1.0
STX,2026-07-02 14:29:03.016456+00:00,CALL,850.0,2026-07-02,92400,33,135,17,874.12,REPEATEDHITS,True,False,False,92400,0,185580882939.0,0,ASK,LONG,1.0
STX,2026-07-02 14:28:42.575119+00:00,CALL,850.0,2026-07-02,246400,88,90,17,874.15,REPEATEDHITS,True,False,False,246400,0,185580882939.0,0,ASK,LONG,1.0
STX,2026-07-01 19:54:39.483837+00:00,PUT,985.0,2026-07-02,425720,58,59,28,914.77,REPEATEDHITS,True,False,False,0,425720,185580882939.0,1,BID,LONG,0.5
STX,2026-07-01 18:23:19.225794+00:00,PUT,730.0,2026-08-21,191940,42,122,32,919.03,REPEATEDHITS,False,False,False,191940,0,185580882939.0,51,ASK,SHORT,1.0
STX,2026-07-01 17:17:36.558148+00:00,PUT,730.0,2026-08-21,255750,55,79,32,914.8,REPEATEDHITS,False,False,False,255750,0,185580882939.0,51,ASK,SHORT,1.0
STX,2026-07-01 14:36:09.230705+00:00,CALL,900.0,2026-07-02,260000,100,579,66,905.835,REPEATEDHITS,False,False,False,59800,0,185580882939.0,1,ASK,LONG,1.0
STX,2026-07-01 13:41:04.925168+00:00,CALL,900.0,2026-07-02,584687,232,436,66,905.31,REPEATEDHITSASCENDINGFILL,False,False,False,122550,462137,185580882939.0,1,BID,SHORT,0.5
STX,2026-06-30 15:18:33.441393+00:00,CALL,1080.0,2026-07-17,220501,63,66,60,960.81,REPEATEDHITS,False,False,False,3500,217001,185580882939.0,17,BID,SHORT,0.5
STX,2026-06-30 15:12:10.952797+00:00,PUT,795.0,2026-07-10,210917,201,616,64,964.835,REPEATEDHITSDESCENDINGFILL,False,False,False,204677,6240,185580882939.0,10,ASK,SHORT,1.0
STX,2026-06-30 14:58:29.168148+00:00,PUT,940.0,2027-01-15,407350,18,40,8,967.92,REPEATEDHITSDESCENDINGFILL,False,False,False,316822,90528,185580882939.0,199,ASK,SHORT,1.0
STX,2026-06-30 14:55:59.156013+00:00,PUT,795.0,2026-07-10,160073,174,290,64,972.89,REPEATEDHITSDESCENDINGFILL,False,False,False,160073,0,185580882939.0,10,ASK,SHORT,1.0
STX,2026-06-30 14:44:59.374878+00:00,PUT,1035.0,2026-07-10,741090,86,86,3,989.98,REPEATEDHITSDESCENDINGFILL,False,False,False,723870,17220,185580882939.0,10,ASK,SHORT,1.0
STX,2026-06-30 14:44:59.374878+00:00,PUT,1030.0,2026-07-10,374400,45,45,7,989.98,REPEATEDHITS,False,False,False,374400,0,185580882939.0,10,ASK,SHORT,1.0
STX,2026-06-29 19:04:50.954010+00:00,PUT,940.0,2026-07-17,511700,85,162,46,979.0,REPEATEDHITS,False,False,False,511700,0,185580882939.0,18,ASK,SHORT,1.0
STX,2026-06-29 18:40:50.800028+00:00,PUT,1110.0,2026-07-02,104080,8,9,2,983.34,REPEATEDHITS,True,False,False,13010,91070,185580882939.0,3,BID,LONG,0.5
STX,2026-06-29 18:32:56.692544+00:00,PUT,900.0,2026-07-10,163240,53,66,46,978.43,REPEATEDHITS,False,False,False,163240,0,185580882939.0,11,ASK,SHORT,1.0
STX,2026-06-29 18:25:32.827020+00:00,PUT,970.0,2026-07-17,1668960,228,320,77,981.19,REPEATEDHITS,False,False,False,1668960,0,185580882939.0,18,ASK,SHORT,1.0
STX,2026-06-29 16:24:59.276461+00:00,CALL,995.0,2026-07-02,106630,43,67,35,967.32,REPEATEDHITSDESCENDINGFILL,True,False,False,64830,41800,185580882939.0,3,ASK,LONG,1.0
STX,2026-06-29 16:24:40.248403+00:00,CALL,965.0,2026-07-02,585000,150,179,20,965.23,REPEATEDHITS,False,False,False,0,585000,185580882939.0,3,BID,SHORT,0.5
TEM,2026-07-08 14:31:54.994939+00:00,PUT,58.0,2026-07-10,104328,648,675,192,58.2,REPEATEDHITS,True,False,False,89999,14329,10486965568.0,2,ASK,SHORT,1.0
TEM,2026-07-08 14:03:48.415417+00:00,CALL,64.0,2026-07-10,19808,619,631,386,58.69,REPEATEDHITS,False,False,False,0,19808,10486965568.0,2,BID,SHORT,0.5
TEM,2026-07-07 19:25:32.907373+00:00,PUT,55.0,2026-07-31,118040,454,457,28,59.65,REPEATEDHITS,False,False,False,118040,0,10486965568.0,24,ASK,SHORT,1.0
TEM,2026-07-07 18:42:37.817905+00:00,PUT,59.0,2026-07-31,38087,95,95,39,60.42,REPEATEDHITSASCENDINGFILL,False,False,False,805,37282,10486965568.0,24,BID,LONG,0.5
TEM,2026-07-07 18:42:37.817905+00:00,PUT,63.0,2026-07-31,37500,60,60,2,60.35,REPEATEDHITS,False,False,False,0,37500,10486965568.0,24,BID,LONG,0.5
TEM,2026-07-07 18:42:37.817905+00:00,PUT,61.0,2026-07-31,84875,167,171,6,60.42,REPEATEDHITS,False,False,False,28315,56560,10486965568.0,24,BID,LONG,0.5
TEM,2026-07-07 18:42:37.817905+00:00,PUT,60.0,2026-07-31,82694,180,180,47,60.35,REPEATEDHITSASCENDINGFILL,False,False,False,77740,4954,10486965568.0,24,ASK,SHORT,1.0
TEM,2026-07-07 17:05:28.656223+00:00,PUT,61.0,2026-07-17,27695,87,93,13,61.22,REPEATEDHITSASCENDINGFILL,False,False,False,18560,9135,10486965568.0,10,ASK,SHORT,1.0
TEM,2026-07-07 17:05:28.656223+00:00,PUT,58.0,2026-07-17,32120,173,228,42,61.13,REPEATEDHITSASCENDINGFILL,True,False,False,7332,24788,10486965568.0,10,BID,LONG,0.5
TEM,2026-07-07 14:35:39.308328+00:00,PUT,58.0,2026-07-31,131200,328,328,6,59.24,REPEATEDHITS,False,False,False,111600,0,10486965568.0,24,ASK,SHORT,1.0
TEM,2026-07-06 19:00:02.770854+00:00,CALL,66.0,2026-07-24,11086,46,50,0,60.945,REPEATEDHITS,True,False,False,0,11086,10486965568.0,18,BID,SHORT,0.5
TEM,2026-07-06 17:29:03.161447+00:00,PUT,65.0,2026-07-10,114190,251,252,21,61.48,REPEATEDHITSDESCENDINGFILL,False,False,False,114190,0,10486965568.0,4,ASK,SHORT,1.0
TEM,2026-07-06 15:45:12.979313+00:00,PUT,65.0,2026-10-16,57265,50,50,38,61.19,REPEATEDHITSDESCENDINGFILL,False,False,False,0,57265,10486965568.0,102,BID,LONG,0.5
TEM,2026-07-02 15:57:55.362878+00:00,PUT,60.0,2026-07-02,16920,470,574,244,60.53,REPEATEDHITS,False,False,False,0,16920,10486965568.0,0,BID,LONG,0.5
TEM,2026-07-02 15:36:52.206024+00:00,PUT,50.0,2026-10-16,231770,539,550,473,61.0,REPEATEDHITS,False,False,False,0,231770,10486965568.0,106,BID,LONG,0.5
TEM,2026-07-02 14:25:15.514861+00:00,PUT,63.0,2026-07-02,10696,56,62,47,61.22,REPEATEDHITS,True,False,False,0,10696,10486965568.0,0,BID,LONG,0.5
TEM,2026-07-01 17:39:44.019752+00:00,CALL,65.0,2026-07-24,87360,224,1297,209,62.79,REPEATEDHITS,False,False,False,43680,0,10486965568.0,23,ASK,LONG,1.0
TEM,2026-07-01 17:38:09.732345+00:00,CALL,65.0,2026-07-24,171000,450,551,209,62.69,REPEATEDHITS,True,False,False,131860,39140,10486965568.0,23,ASK,LONG,1.0
TEM,2026-07-01 14:14:07.747682+00:00,PUT,54.0,2026-07-17,69948,603,630,15,61.55,REPEATEDHITS,False,False,False,0,69948,10486965568.0,16,BID,LONG,0.5
TEM,2026-07-01 13:43:43.997583+00:00,CALL,70.0,2026-07-24,34080,213,222,136,59.9,REPEATEDHITS,False,False,False,34080,0,10486965568.0,23,ASK,LONG,1.0
TEM,2026-06-30 18:13:20.409716+00:00,PUT,49.5,2026-07-17,58794,717,717,43,57.69,REPEATEDHITS,False,False,False,0,58794,10486965568.0,17,BID,LONG,0.5
TEM,2026-06-29 18:09:31.389701+00:00,CALL,58.0,2026-07-10,96345,247,464,239,59.17,REPEATEDHITSASCENDINGFILL,False,False,False,395,95950,10486965568.0,11,BID,SHORT,0.5
TEM,2026-06-29 17:52:04.480661+00:00,CALL,60.0,2028-12-15,69000,25,26,0,58.8315,REPEATEDHITS,False,False,False,0,69000,10486965568.0,900,BID,SHORT,0.5
TEM,2026-06-29 16:00:51.173689+00:00,CALL,65.0,2026-07-10,33660,495,1045,223,56.915,REPEATEDHITS,False,False,False,33660,0,10486965568.0,11,ASK,LONG,1.0
TEM,2026-06-29 13:36:55.645340+00:00,CALL,63.0,2026-07-02,69480,1930,1943,529,56.78,REPEATEDHITS,False,False,False,69480,0,10486965568.0,3,ASK,LONG,1.0
TEM,2026-06-26 15:12:51.036769+00:00,CALL,55.0,2026-12-18,66925,50,56,46,56.84,REPEATEDHITSDESCENDINGFILL,False,False,False,12040,12060,10486965568.0,175,BID,SHORT,0.5
TEM,2026-06-26 15:10:47.264337+00:00,PUT,45.0,2026-12-18,14225,26,92,22,56.565,REPEATEDHITSASCENDINGFILL,False,False,False,550,8725,10486965568.0,175,BID,LONG,0.5
TEM,2026-06-26 15:10:37.256409+00:00,PUT,45.0,2026-12-18,13200,24,28,22,56.61,REPEATEDHITS,False,False,False,1100,0,10486965568.0,175,ASK,SHORT,1.0
TEM,2026-06-26 13:35:56.326200+00:00,CALL,56.0,2026-06-26,35991,1333,1948,746,54.3,REPEATEDHITS,False,False,False,34452,1539,10486965568.0,0,ASK,LONG,1.0
TEM,2026-06-25 19:21:41.164198+00:00,PUT,60.0,2026-07-02,13886,22,96,1,54.1201,REPEATEDHITSDESCENDINGFILL,False,False,False,0,13886,10486965568.0,7,BID,LONG,0.5
TEM,2026-06-25 14:01:50.960695+00:00,CALL,57.0,2026-06-26,23556,604,672,408,54.02,REPEATEDHITS,False,False,False,23556,0,10486965568.0,1,ASK,LONG,1.0
TEM,2026-06-25 13:31:35.256561+00:00,CALL,56.0,2026-07-10,24459,93,93,87,53.88,REPEATEDHITS,True,False,False,24459,0,10486965568.0,15,ASK,LONG,1.0
TEM,2026-06-24 19:06:45.818067+00:00,PUT,48.0,2026-07-10,33652,188,204,60,51.41,REPEATEDHITS,False,False,False,33652,0,10486965568.0,16,ASK,SHORT,1.0
TEM,2026-06-24 18:32:53.294386+00:00,PUT,51.0,2026-07-10,54569,197,198,136,52.16,REPEATEDHITS,False,False,False,54569,0,10486965568.0,16,ASK,SHORT,1.0
TEM,2026-06-24 16:25:33.003003+00:00,CALL,51.0,2026-07-17,10790,26,65,2,51.25,REPEATEDHITS,False,False,False,10790,0,10486965568.0,23,ASK,LONG,1.0
TEM,2026-06-24 14:23:35.324883+00:00,CALL,57.0,2026-07-17,65472,496,497,31,49.4,REPEATEDHITS,False,False,False,65472,0,10486965568.0,23,ASK,LONG,1.0
TEM,2026-06-24 13:38:21.842110+00:00,CALL,58.0,2026-07-02,33600,800,825,182,50.78,REPEATEDHITS,True,False,False,33600,0,10486965568.0,8,ASK,LONG,1.0
TEM,2026-06-24 13:35:38.957060+00:00,CALL,56.0,2026-07-02,10324,178,178,85,50.3,REPEATEDHITS,False,False,False,10324,0,10486965568.0,8,ASK,LONG,1.0
TEM,2026-06-23 18:37:38.235399+00:00,PUT,49.5,2026-07-17,11745,29,43,1,48.7,REPEATEDHITS,False,False,False,11745,0,10486965568.0,24,ASK,SHORT,1.0
TEM,2026-06-23 17:55:49.211578+00:00,CALL,75.0,2026-10-16,93462,421,431,149,49.13,REPEATEDHITS,False,False,False,1332,92130,10486965568.0,115,BID,SHORT,0.5
TEM,2026-06-22 15:35:21.930716+00:00,PUT,49.0,2026-07-17,21060,54,76,0,48.79,REPEATEDHITS,False,False,False,0,21060,10486965568.0,25,BID,LONG,0.5
TEM,2026-06-16 15:13:00.199015+00:00,CALL,60.0,2027-03-19,30375,25,35,4,52.82,REPEATEDHITS,False,False,False,4860,25515,10486965568.0,276,BID,SHORT,0.5
TEM,2026-06-16 14:19:37.114698+00:00,CALL,60.0,2027-03-19,12000,10,10,4,52.5,REPEATEDHITS,False,False,False,0,12000,10486965568.0,276,BID,SHORT,0.5
TEM,2026-06-11 19:45:22.820976+00:00,CALL,55.0,2026-12-18,11580,12,22,7,49.26,REPEATEDHITS,False,False,False,11580,0,10486965568.0,190,ASK,LONG,1.0
TEM,2026-06-11 18:00:40.835572+00:00,CALL,59.0,2026-07-02,21321,207,207,17,49.75,REPEATEDHITS,True,False,False,21321,0,10486965568.0,21,ASK,LONG,1.0
TEM,2026-06-11 17:55:59.670701+00:00,CALL,52.0,2026-06-18,66314,500,520,411,49.46,REPEATEDHITSASCENDINGFILL,False,False,False,55178,0,10486965568.0,7,ASK,LONG,1.0
TEM,2026-06-11 15:22:44.631052+00:00,PUT,42.0,2026-06-26,41027,526,535,72,48.38,REPEATEDHITS,False,False,False,40950,77,10486965568.0,15,ASK,SHORT,1.0
TEM,2026-06-11 14:11:28.759271+00:00,PUT,43.0,2026-07-02,32436,204,236,97,47.5,REPEATEDHITS,False,False,False,32436,0,10486965568.0,21,ASK,SHORT,1.0
TEM,2026-06-11 14:05:15.327693+00:00,CALL,48.0,2026-07-10,17850,42,52,37,48.12,REPEATEDHITS,True,False,False,0,17850,10486965568.0,29,BID,SHORT,0.5
TEM,2026-06-10 15:17:14.148534+00:00,PUT,45.0,2026-10-16,406252,666,690,362,50.23,REPEATEDHITSDESCENDINGFILL,False,False,False,406252,0,10486965568.0,128,ASK,SHORT,1.0
TER,2026-07-08 14:47:13.460080+00:00,PUT,290.0,2026-08-21,404480,158,158,117,340.3,REPEATEDHITS,False,False,False,404480,0,53711181204.0,44,ASK,SHORT,1.0
TER,2026-07-08 14:13:04.965413+00:00,PUT,295.0,2026-07-31,81540,45,47,27,341.59,REPEATEDHITSASCENDINGFILL,False,False,False,0,81540,53711181204.0,23,BID,LONG,0.5
TER,2026-07-08 14:12:36.674152+00:00,PUT,295.0,2026-07-24,405650,353,353,12,342.895,REPEATEDHITSDESCENDINGFILL,True,False,False,382950,22700,53711181204.0,16,ASK,SHORT,1.0
TER,2026-07-07 19:11:09.421703+00:00,PUT,270.0,2026-07-17,65100,186,210,126,335.62,REPEATEDHITS,True,False,False,64400,700,53711181204.0,10,ASK,SHORT,1.0
TER,2026-07-07 15:17:50.882358+00:00,PUT,260.0,2026-07-17,89696,299,300,79,331.86,REPEATEDHITS,False,False,False,89696,0,53711181204.0,10,ASK,SHORT,1.0
TER,2026-07-07 14:10:16.076424+00:00,CALL,410.0,2026-07-17,116620,220,220,142,344.39,REPEATEDHITS,False,False,False,0,116620,53711181204.0,10,BID,SHORT,0.5
TER,2026-07-06 19:31:02.973937+00:00,PUT,430.0,2026-08-21,221780,26,31,16,381.725,REPEATEDHITS,False,False,False,0,221780,53711181204.0,46,BID,LONG,0.5
TER,2026-07-06 17:25:14.903911+00:00,CALL,395.0,2026-07-17,75990,34,81,8,382.12,REPEATEDHITSASCENDINGFILL,False,False,False,49230,22300,53711181204.0,11,ASK,LONG,1.0
TER,2026-07-06 16:38:11.556472+00:00,PUT,420.0,2026-10-16,199890,21,23,16,389.76,REPEATEDHITS,False,False,False,57080,142810,53711181204.0,102,BID,LONG,0.5
TER,2026-07-02 19:28:36.857249+00:00,CALL,320.0,2026-07-17,455040,79,79,58,366.45,REPEATEDHITS,False,False,False,420480,34560,53711181204.0,15,ASK,LONG,1.0
TER,2026-07-02 19:28:36.857249+00:00,PUT,370.0,2026-07-02,51850,122,150,32,365.505,REPEATEDHITSASCENDINGFILL,True,False,False,26230,25620,53711181204.0,0,ASK,SHORT,1.0
TER,2026-07-02 19:04:31.328359+00:00,PUT,300.0,2027-12-17,70070,7,7,4,366.045,REPEATEDHITSASCENDINGFILL,False,False,False,10030,60040,53711181204.0,533,BID,LONG,0.5
TER,2026-07-02 16:07:23.269409+00:00,CALL,350.0,2026-07-17,766077,168,174,136,379.235,REPEATEDHITS,False,False,False,766077,0,53711181204.0,15,ASK,LONG,1.0
TER,2026-07-02 14:44:48.694327+00:00,PUT,387.5,2026-07-02,73056,271,372,101,395.01,REPEATEDHITSDESCENDINGFILL,False,False,False,72616,440,53711181204.0,0,ASK,SHORT,1.0
TER,2026-07-02 14:10:57.020657+00:00,PUT,375.0,2026-07-17,284150,222,222,51,418.1205,REPEATEDHITS,True,False,False,281600,2550,53711181204.0,15,ASK,SHORT,1.0
TER,2026-07-01 18:59:59.053864+00:00,CALL,640.0,2027-12-17,66040,5,5,2,427.42,REPEATEDHITSASCENDINGFILL,False,False,False,39630,26410,53711181204.0,534,ASK,LONG,1.0
TER,2026-07-01 14:52:47.102704+00:00,CALL,445.0,2026-07-17,831596,297,297,104,433.2,REPEATEDHITS,False,False,False,831596,0,53711181204.0,16,ASK,LONG,1.0
TER,2026-06-30 19:49:36.993236+00:00,CALL,580.0,2026-09-18,51000,10,10,2,483.38,REPEATEDHITS,False,False,False,0,51000,53711181204.0,80,BID,SHORT,0.5
TER,2026-06-30 18:14:46.101400+00:00,PUT,510.0,2026-07-17,257090,47,47,0,478.63,REPEATEDHITS,False,False,False,257090,0,53711181204.0,17,ASK,SHORT,1.0
TER,2026-06-29 19:16:07.301752+00:00,CALL,485.0,2026-07-31,387040,82,82,1,464.255,REPEATEDHITS,False,False,False,387040,0,53711181204.0,32,ASK,LONG,1.0
TER,2026-06-29 16:46:15.449454+00:00,CALL,670.0,2026-08-21,183680,112,112,0,467.521,REPEATEDHITS,False,False,False,183680,0,53711181204.0,53,ASK,LONG,1.0
TER,2026-06-29 14:42:25.346507+00:00,CALL,475.0,2026-08-07,454260,113,113,15,434.3001,REPEATEDHITS,False,False,False,454260,0,53711181204.0,39,ASK,LONG,1.0
TER,2026-06-29 14:04:57.027140+00:00,PUT,380.0,2026-07-31,891000,300,400,15,421.31,REPEATEDHITS,False,False,False,356400,534600,53711181204.0,32,BID,LONG,0.5
TER,2026-06-26 16:23:58.784181+00:00,CALL,430.0,2026-07-10,526220,166,213,138,433.66,REPEATEDHITS,False,False,False,526220,0,53711181204.0,14,ASK,LONG,1.0
TER,2026-06-26 15:53:44.692752+00:00,PUT,370.0,2026-08-21,599943,198,201,167,435.75,REPEATEDHITS,False,False,False,0,599943,53711181204.0,56,BID,LONG,0.5
TER,2026-06-26 14:10:25.202114+00:00,CALL,570.0,2026-08-21,276000,115,116,3,438.92,REPEATEDHITS,False,False,False,0,276000,53711181204.0,56,BID,SHORT,0.5
TER,2026-06-25 15:14:44.410252+00:00,PUT,437.5,2026-06-26,112835,182,184,35,451.37,REPEATEDHITS,False,False,False,112835,0,53711181204.0,1,ASK,SHORT,1.0
TER,2026-06-24 18:49:23.374128+00:00,PUT,360.0,2026-07-02,77698,185,189,30,420.07,REPEATEDHITS,False,False,False,77698,0,53711181204.0,8,ASK,SHORT,1.0
TER,2026-06-24 13:57:53.950313+00:00,PUT,405.0,2026-07-17,485010,172,172,2,420.48,REPEATEDHITS,False,False,False,482220,2790,53711181204.0,23,ASK,SHORT,1.0
TER,2026-06-23 19:46:45.652381+00:00,CALL,420.0,2026-11-20,237570,24,25,8,422.5,REPEATEDHITS,False,False,False,207900,0,53711181204.0,150,ASK,LONG,1.0
TER,2026-06-23 19:29:14.851986+00:00,CALL,485.0,2026-07-10,111150,95,95,0,425.915,REPEATEDHITS,False,False,False,111150,0,53711181204.0,17,ASK,LONG,1.0
TER,2026-06-23 17:11:40.266506+00:00,PUT,380.0,2026-08-21,541680,144,150,17,424.68,REPEATEDHITSASCENDINGFILL,True,False,False,15240,526440,53711181204.0,59,BID,LONG,0.5
TER,2026-06-23 16:40:40.135732+00:00,PUT,400.0,2026-10-16,1581803,246,246,18,423.135,REPEATEDHITSASCENDINGFILL,False,False,False,12880,1568923,53711181204.0,115,BID,LONG,0.5
TER,2026-06-23 13:59:18.272704+00:00,PUT,470.0,2026-07-24,128520,17,17,0,413.13,REPEATEDHITS,False,False,False,7560,120960,53711181204.0,31,BID,LONG,0.5
TER,2026-06-18 19:54:57.087678+00:00,CALL,392.5,2026-06-18,79990,19,19,1,435.21,REPEATEDHITS,True,False,False,0,79990,53711181204.0,0,BID,SHORT,0.5
TER,2026-06-18 14:11:49.937059+00:00,CALL,460.0,2026-07-17,747498,250,250,54,432.125,REPEATEDHITS,False,False,False,747498,0,53711181204.0,29,ASK,LONG,1.0
TER,2026-06-17 18:31:20.381770+00:00,PUT,475.0,2026-07-24,691670,87,87,0,416.18,REPEATEDHITS,False,False,False,0,691670,53711181204.0,37,BID,LONG,0.5
TER,2026-06-17 17:53:26.741636+00:00,PUT,435.0,2026-07-24,142520,28,28,0,421.82,REPEATEDHITS,False,False,False,0,142520,53711181204.0,37,BID,LONG,0.5
TER,2026-06-17 15:39:51.541248+00:00,PUT,470.0,2026-07-17,714960,108,108,1,426.52,REPEATEDHITS,False,False,False,0,714960,53711181204.0,30,BID,LONG,0.5
TER,2026-06-17 14:41:31.209541+00:00,PUT,380.0,2026-06-26,224360,316,317,15,425.56,REPEATEDHITS,True,False,False,223650,0,53711181204.0,9,ASK,SHORT,1.0
TER,2026-06-16 15:58:36.209062+00:00,CALL,407.5,2026-07-02,69730,19,19,0,422.29,REPEATEDHITS,False,False,False,0,69730,53711181204.0,16,BID,SHORT,0.5
TER,2026-06-16 13:36:30.816289+00:00,CALL,430.0,2026-07-24,501021,100,100,4,433.84,REPEATEDHITSASCENDINGFILL,False,False,False,10040,490981,53711181204.0,38,BID,SHORT,0.5
TER,2026-06-15 19:36:20.338993+00:00,CALL,500.0,2026-07-31,186300,54,54,1,432.415,REPEATEDHITS,False,False,False,186300,0,53711181204.0,46,ASK,LONG,1.0
TER,2026-06-15 19:30:40.513061+00:00,CALL,500.0,2026-07-10,68200,44,44,2,431.725,REPEATEDHITS,False,False,False,68200,0,53711181204.0,25,ASK,LONG,1.0
TER,2026-06-15 14:30:08.070049+00:00,PUT,300.0,2026-07-10,54000,200,205,21,428.23,REPEATEDHITS,False,False,False,0,54000,53711181204.0,25,BID,LONG,0.5
TER,2026-06-15 14:25:12.953693+00:00,CALL,410.0,2026-07-02,83600,19,41,16,427.51,REPEATEDHITS,False,False,False,83600,0,53711181204.0,17,ASK,LONG,1.0
TER,2026-06-12 14:48:10.158625+00:00,PUT,410.0,2027-01-15,155250,15,15,12,392.5515,REPEATEDHITS,False,False,False,41400,0,53711181204.0,217,ASK,SHORT,1.0
TER,2026-06-11 19:25:17.494786+00:00,PUT,385.0,2026-06-26,313600,98,98,2,375.35,REPEATEDHITS,False,False,False,291200,0,53711181204.0,15,ASK,SHORT,1.0
TER,2026-06-11 15:38:00.702850+00:00,PUT,190.0,2026-10-16,244011,339,339,1,365.78,REPEATEDHITSDESCENDINGFILL,False,False,False,244011,0,53711181204.0,127,ASK,SHORT,1.0
TER,2026-06-11 14:17:05.070193+00:00,PUT,340.0,2026-07-10,288540,126,126,6,365.22,REPEATEDHITS,False,False,False,288540,0,53711181204.0,29,ASK,SHORT,1.0
TGTX,2026-07-07 19:43:14.368404+00:00,CALL,65.0,2026-07-17,27500,500,1976,384,57.67,REPEATEDHITS,True,False,False,27500,0,8888032655.0,10,ASK,LONG,1.0
TGTX,2026-07-07 18:53:04.246168+00:00,CALL,65.0,2026-07-17,25317,562,1251,384,57.59,REPEATEDHITSASCENDINGFILL,False,False,False,0,25317,8888032655.0,10,BID,SHORT,0.5
TGTX,2026-07-07 15:17:47.476967+00:00,CALL,65.0,2026-07-17,27500,500,621,384,57.285,REPEATEDHITS,False,False,False,20460,6875,8888032655.0,10,ASK,LONG,1.0
TGTX,2026-06-26 15:27:30.217307+00:00,PUT,55.0,2026-07-17,92420,308,408,118,54.435,REPEATEDHITSASCENDINGFILL,False,False,False,0,92420,8888032655.0,21,BID,LONG,0.5
TGTX,2026-06-22 13:36:22.485896+00:00,PUT,65.0,2028-01-21,37600,20,20,1,56.69,REPEATEDHITS,False,False,False,22560,9400,8888032655.0,578,ASK,SHORT,1.0
TGTX,2026-06-15 15:53:05.637552+00:00,CALL,50.0,2026-07-17,311673,974,1003,471,50.425,REPEATEDHITS,False,False,False,311353,0,8888032655.0,32,ASK,LONG,1.0
TGTX,2026-06-12 16:29:59.268203+00:00,PUT,41.0,2026-07-17,21876,625,1718,51,49.69,REPEATEDHITS,False,False,False,35,21841,8888032655.0,35,BID,LONG,0.5
TGTX,2026-06-12 16:19:13.090545+00:00,PUT,41.0,2026-07-17,17641,441,769,51,49.34,REPEATEDHITS,False,False,False,0,17641,8888032655.0,35,BID,LONG,0.5
TGTX,2026-06-10 14:55:41.601191+00:00,PUT,48.0,2026-07-17,30070,97,104,0,48.02,REPEATEDHITS,False,False,False,30070,0,8888032655.0,37,ASK,SHORT,1.0
TGTX,2026-06-10 14:28:57.332362+00:00,CALL,49.0,2027-01-15,55250,65,65,5,48.9,REPEATEDHITS,False,False,False,55250,0,8888032655.0,219,ASK,LONG,1.0
TGTX,2026-06-10 13:36:49.469576+00:00,CALL,60.0,2026-08-21,75750,1301,1301,83,45.42,REPEATEDHITS,False,False,False,48240,27510,8888032655.0,72,ASK,LONG,1.0
TGTX,2026-05-11 15:15:27.380024+00:00,PUT,45.0,2026-08-21,14000,25,25,12,41.695,REPEATEDHITS,False,False,False,6160,1120,8888032655.0,102,ASK,SHORT,1.0
TGTX,2026-05-08 18:59:22.659616+00:00,CALL,44.0,2026-11-20,14030,23,34,0,42.81,REPEATEDHITS,False,False,False,5490,8540,8888032655.0,196,BID,SHORT,0.5
TLT,2026-07-08 15:39:36.686767+00:00,CALL,84.0,2026-07-20,16425,225,232,15,84.1001,REPEATEDHITS,True,False,False,0,16425,41499649955.0,12,BID,SHORT,0.5
TLT,2026-07-08 15:23:09.641297+00:00,CALL,84.0,2026-07-13,23000,500,737,136,84.11,REPEATEDHITS,False,False,False,23000,0,41499649955.0,5,ASK,LONG,1.0
TLT,2026-07-08 15:12:39.057952+00:00,CALL,84.0,2026-07-10,14800,400,1129,67,84.085,REPEATEDHITS,True,False,False,0,10175,41499649955.0,2,BID,SHORT,0.5
TLT,2026-07-08 14:07:43.204902+00:00,CALL,84.5,2026-08-14,49698,502,532,65,84.295,REPEATEDHITS,True,False,False,0,49698,41499649955.0,37,BID,SHORT,0.5
TLT,2026-07-08 13:48:56.746397+00:00,CALL,82.0,2026-07-10,12310,50,1250,21,84.38,REPEATEDHITSDESCENDINGFILL,False,False,False,9880,2430,41499649955.0,2,ASK,LONG,1.0
TLT,2026-07-08 13:48:02.006168+00:00,PUT,84.0,2026-07-22,13156,299,441,48,84.375,REPEATEDHITS,True,False,False,0,13112,41499649955.0,14,BID,LONG,0.5
TLT,2026-07-08 13:40:57.933458+00:00,CALL,89.0,2027-06-30,18500,100,1385,54,84.3651,REPEATEDHITS,False,False,False,0,18500,41499649955.0,357,BID,SHORT,0.5
TLT,2026-07-08 13:38:26.912386+00:00,PUT,84.5,2026-07-24,1064929,14999,15157,2032,84.3301,REPEATEDHITS,False,False,False,0,1064929,41499649955.0,16,BID,LONG,0.5
TLT,2026-07-08 13:30:37.283636+00:00,CALL,83.0,2026-09-30,72864,288,319,283,84.3399,REPEATEDHITS,False,False,False,0,72864,41499649955.0,84,BID,SHORT,0.5
TLT,2026-07-07 19:57:23.753692+00:00,CALL,84.5,2026-07-10,10360,259,1177,77,84.5896,REPEATEDHITS,True,False,False,10360,0,41499649955.0,3,ASK,LONG,1.0
TLT,2026-07-07 19:49:54.270145+00:00,CALL,84.5,2026-07-08,18044,694,3124,24,84.605,REPEATEDHITS,False,False,False,18044,0,41499649955.0,1,ASK,LONG,1.0
TLT,2026-07-07 19:45:55.789066+00:00,CALL,84.5,2026-07-08,35262,1306,2430,24,84.6299,REPEATEDHITS,False,False,False,35262,0,41499649955.0,1,ASK,LONG,1.0
TLT,2026-07-07 19:40:02.047627+00:00,CALL,85.0,2026-07-15,65030,1858,2433,97,84.655,REPEATEDHITS,False,False,False,0,65030,41499649955.0,8,BID,SHORT,0.5
TLT,2026-07-07 19:18:37.512164+00:00,CALL,84.5,2026-07-13,14490,322,979,24,84.555,REPEATEDHITS,True,False,False,12555,0,41499649955.0,6,ASK,LONG,1.0
TLT,2026-07-07 19:18:29.278653+00:00,CALL,84.5,2026-07-13,13815,307,614,24,84.555,REPEATEDHITS,True,False,False,13815,0,41499649955.0,6,ASK,LONG,1.0
TLT,2026-07-07 19:18:04.814680+00:00,CALL,84.5,2026-07-15,17400,300,614,20,84.575,REPEATEDHITS,False,False,False,17400,0,41499649955.0,8,ASK,LONG,1.0
TLT,2026-07-07 19:17:48.786605+00:00,CALL,84.5,2026-07-10,10560,264,722,77,84.585,REPEATEDHITS,False,False,False,10560,0,41499649955.0,3,ASK,LONG,1.0
TLT,2026-07-07 19:13:31.846080+00:00,CALL,75.0,2026-10-16,98010,99,235,61,84.625,REPEATEDHITS,False,False,False,98010,0,41499649955.0,101,ASK,LONG,1.0
TLT,2026-07-07 18:52:33.409348+00:00,PUT,84.5,2026-07-08,10998,1000,12471,151,84.695,REPEATEDHITSASCENDINGFILL,False,False,False,10978,0,41499649955.0,1,ASK,SHORT,1.0
TLT,2026-07-07 18:22:45.139473+00:00,PUT,83.5,2026-07-15,17300,1730,1836,892,84.769,REPEATEDHITS,False,False,False,0,17300,41499649955.0,8,BID,LONG,0.5
TLT,2026-07-07 17:48:24.201315+00:00,PUT,84.5,2026-07-08,41419,5917,11252,151,84.8048,REPEATEDHITS,False,False,False,0,27636,41499649955.0,1,BID,LONG,0.5
TLT,2026-07-07 16:54:32.924901+00:00,PUT,84.5,2026-07-10,54000,3000,7281,2642,84.7599,REPEATEDHITS,False,False,False,54000,0,41499649955.0,3,ASK,SHORT,1.0
TLT,2026-07-07 16:04:17.510431+00:00,PUT,84.0,2026-07-20,51832,2356,2475,72,84.835,REPEATEDHITS,False,False,False,0,51832,41499649955.0,13,BID,LONG,0.5
TLT,2026-07-07 15:07:57.642928+00:00,CALL,85.5,2026-07-20,20400,600,627,0,84.925,REPEATEDHITS,True,False,False,0,20400,41499649955.0,13,BID,SHORT,0.5
TLT,2026-07-07 14:58:23.853467+00:00,PUT,84.0,2026-07-15,15470,1105,1268,694,84.93,REPEATEDHITS,False,False,False,0,13384,41499649955.0,8,BID,LONG,0.5
TLT,2026-07-07 14:25:34.743593+00:00,CALL,85.0,2026-07-08,34000,2000,3420,1377,84.9201,REPEATEDHITS,False,False,False,34000,0,41499649955.0,1,ASK,LONG,1.0
TLT,2026-07-07 14:18:18.208992+00:00,PUT,84.5,2026-07-15,92120,3290,3541,952,84.895,REPEATEDHITS,False,False,False,0,92120,41499649955.0,8,BID,LONG,0.5
TLT,2026-07-07 13:46:43.385206+00:00,PUT,85.0,2026-07-08,40236,3353,5618,2838,85.12,REPEATEDHITS,False,False,False,0,40236,41499649955.0,1,BID,LONG,0.5
TLT,2026-07-07 13:36:33.475065+00:00,CALL,85.0,2026-07-20,17388,252,252,2,85.165,REPEATEDHITS,True,False,False,0,17388,41499649955.0,13,BID,SHORT,0.5
TLT,2026-07-06 19:44:00.918217+00:00,CALL,86.0,2026-08-07,218793,3314,7857,527,85.4101,REPEATEDHITSASCENDINGFILL,True,False,False,0,218793,41499649955.0,32,BID,SHORT,0.5
TLT,2026-07-06 19:43:59.514135+00:00,CALL,86.0,2026-08-07,38793,579,4436,527,85.415,REPEATEDHITS,True,False,False,7102,31691,41499649955.0,32,BID,SHORT,0.5
TLT,2026-07-06 19:29:10.777708+00:00,PUT,84.5,2026-08-14,18666,306,407,25,85.41,REPEATEDHITS,True,False,False,0,18666,41499649955.0,39,BID,LONG,0.5
TLT,2026-07-06 19:14:45.419528+00:00,CALL,85.5,2026-07-31,134988,1607,6645,1219,85.35,REPEATEDHITS,False,False,False,0,134988,41499649955.0,25,BID,SHORT,0.5
TLT,2026-07-06 15:20:07.919287+00:00,CALL,85.0,2026-07-08,42000,1000,1347,130,85.265,REPEATEDHITS,False,False,False,42000,0,41499649955.0,2,ASK,LONG,1.0
TLT,2026-07-06 15:17:04.241179+00:00,CALL,86.0,2026-08-07,62016,969,3016,527,85.275,REPEATEDHITS,False,False,False,0,62016,41499649955.0,32,BID,SHORT,0.5
TLT,2026-07-06 15:13:23.413079+00:00,CALL,86.0,2026-08-07,128000,2000,2047,527,85.2799,REPEATEDHITS,False,False,False,0,128000,41499649955.0,32,BID,SHORT,0.5
TLT,2026-07-06 13:30:09.110190+00:00,CALL,88.0,2026-07-15,14700,4900,4900,826,85.44,REPEATEDHITS,False,False,False,14700,0,41499649955.0,9,ASK,LONG,1.0
TLT,2026-07-02 20:00:06.831371+00:00,CALL,86.0,2026-07-10,252720,14040,57032,11432,85.51,REPEATEDHITS,False,False,False,0,252720,41499649955.0,8,BID,SHORT,0.5
TLT,2026-07-02 18:36:38.169660+00:00,PUT,83.5,2026-07-17,10521,1169,1214,227,85.4,REPEATEDHITS,False,False,False,0,10521,41499649955.0,15,BID,LONG,0.5
TLT,2026-07-02 16:54:37.129863+00:00,CALL,92.0,2027-06-30,10296,72,130,12,85.4698,REPEATEDHITS,False,False,False,0,10296,41499649955.0,363,BID,SHORT,0.5
TLT,2026-07-02 16:52:17.391373+00:00,CALL,85.5,2026-07-06,20020,1001,3055,827,85.475,REPEATEDHITS,True,False,False,0,20020,41499649955.0,4,BID,SHORT,0.5
TLT,2026-07-02 16:42:07.675173+00:00,CALL,85.5,2026-07-08,36928,1154,1403,165,85.49,REPEATEDHITS,True,False,False,2976,0,41499649955.0,6,ASK,LONG,1.0
TLT,2026-07-02 16:41:27.237179+00:00,CALL,83.0,2026-08-07,12180,42,44,0,85.485,REPEATEDHITS,True,False,False,12180,0,41499649955.0,36,ASK,LONG,1.0
TLT,2026-07-02 15:23:12.510454+00:00,CALL,84.0,2026-07-06,17478,100,150,0,85.705,REPEATEDHITSDESCENDINGFILL,False,False,False,17478,0,41499649955.0,4,ASK,LONG,1.0
TLT,2026-07-02 15:06:29.156452+00:00,PUT,88.0,2026-08-14,64750,250,762,0,85.665,REPEATEDHITS,False,False,False,0,64750,41499649955.0,43,BID,LONG,0.5
TLT,2026-07-02 14:56:54.759924+00:00,PUT,88.0,2026-08-14,65500,250,262,0,85.63,REPEATEDHITS,False,False,False,0,65500,41499649955.0,43,BID,LONG,0.5
TLT,2026-07-02 14:09:01.055837+00:00,CALL,87.0,2027-06-30,10728,36,36,0,85.49,REPEATEDHITS,False,False,False,10728,0,41499649955.0,363,ASK,LONG,1.0
TLT,2026-07-01 19:58:36.702817+00:00,CALL,87.5,2026-08-07,41174,1211,1864,1024,85.57,REPEATEDHITS,False,False,False,0,41174,41499649955.0,37,BID,SHORT,0.5
TLT,2026-07-01 19:46:08.111095+00:00,CALL,86.0,2026-07-08,110592,4608,4917,539,85.595,REPEATEDHITS,False,False,False,110592,0,41499649955.0,7,ASK,LONG,1.0
TLT,2026-07-01 19:40:02.167435+00:00,CALL,86.0,2026-07-02,78903,8767,26028,3143,85.6223,REPEATEDHITS,False,False,False,78903,0,41499649955.0,1,ASK,LONG,1.0
TQQQ,2026-07-08 15:30:08.849764+00:00,PUT,58.0,2026-07-17,66348,873,1077,340,69.86,REPEATEDHITS,True,False,False,0,66348,72.26,9,BID,LONG,0.5
TQQQ,2026-07-07 18:10:22.365153+00:00,PUT,64.0,2026-08-14,12800,40,64,8,73.29,REPEATEDHITS,False,False,False,0,12800,72.26,38,BID,LONG,0.5
TQQQ,2026-07-07 17:06:29.723849+00:00,CALL,73.0,2026-07-10,270218,1194,8961,1174,73.3701,REPEATEDHITS,True,False,False,259776,0,72.26,3,ASK,LONG,1.0
TQQQ,2026-07-07 16:32:31.374283+00:00,PUT,55.0,2026-08-07,325500,2625,3266,1492,73.35,REPEATEDHITS,False,False,False,0,325500,72.26,31,BID,LONG,0.5
TQQQ,2026-07-07 13:40:27.792784+00:00,CALL,73.0,2026-07-10,368550,1575,2024,1174,73.31,REPEATEDHITS,False,False,False,299052,702,72.26,3,ASK,LONG,1.0
TQQQ,2026-07-06 19:15:46.296188+00:00,CALL,82.0,2026-07-24,161700,700,860,278,76.89,REPEATEDHITS,False,False,False,30723,130977,72.26,18,BID,SHORT,0.5
TQQQ,2026-07-06 17:29:15.176555+00:00,CALL,79.0,2026-08-07,28355,54,125,28,76.46,REPEATEDHITS,True,False,False,0,28355,72.26,32,BID,SHORT,0.5
TQQQ,2026-07-06 15:31:44.686448+00:00,PUT,68.5,2026-07-24,50760,270,330,40,77.27,REPEATEDHITS,True,False,False,9964,40796,72.26,18,BID,LONG,0.5
TQQQ,2026-07-06 15:18:40.797432+00:00,PUT,76.0,2026-07-10,563159,2669,6160,1541,76.36,REPEATEDHITS,False,False,False,562948,211,72.26,4,ASK,SHORT,1.0
TQQQ,2026-07-06 15:16:49.205762+00:00,PUT,63.0,2026-07-24,11074,98,446,0,76.51,REPEATEDHITS,False,False,False,0,11074,72.26,18,BID,LONG,0.5
TQQQ,2026-07-06 15:15:20.799901+00:00,PUT,63.0,2026-07-24,11201,100,348,0,76.5605,REPEATEDHITS,False,False,False,0,11088,72.26,18,BID,LONG,0.5
TQQQ,2026-07-06 15:12:27.123322+00:00,CALL,82.0,2026-07-17,449790,3102,3262,952,76.7195,REPEATEDHITS,False,False,False,0,449790,72.26,11,BID,SHORT,0.5
TQQQ,2026-07-06 14:50:21.547062+00:00,PUT,76.0,2026-07-10,530330,2930,3402,1541,77.115,REPEATEDHITS,False,False,False,530149,181,72.26,4,ASK,SHORT,1.0
TQQQ,2026-07-02 19:44:13.690891+00:00,PUT,76.0,2026-08-21,124170,130,223,129,72.655,REPEATEDHITS,False,False,False,0,124170,72.26,50,BID,LONG,0.5
TQQQ,2026-07-02 19:29:03.565001+00:00,PUT,74.0,2026-07-02,545353,3515,6729,2675,72.38,REPEATEDHITS,False,False,False,82368,462985,72.26,0,BID,LONG,0.5
TQQQ,2026-07-02 19:29:03.565001+00:00,PUT,73.5,2026-07-02,209062,1918,11085,599,72.36,REPEATEDHITS,False,False,False,0,209062,72.26,0,BID,LONG,0.5
TQQQ,2026-07-02 19:29:03.565001+00:00,CALL,72.0,2026-07-02,35784,639,4864,576,72.36,REPEATEDHITS,False,False,False,35784,0,72.26,0,ASK,LONG,1.0
TQQQ,2026-07-02 19:28:36.857249+00:00,PUT,73.0,2026-07-02,178414,2411,8712,1999,72.22,REPEATEDHITS,False,False,False,0,178414,72.26,0,BID,LONG,0.5
TQQQ,2026-07-02 19:28:36.857249+00:00,PUT,73.5,2026-07-02,503808,4096,9167,599,72.22,REPEATEDHITS,False,False,False,0,503808,72.26,0,BID,LONG,0.5
TQQQ,2026-07-02 19:04:29.997702+00:00,CALL,72.0,2026-07-02,142129,1895,3665,576,72.725,REPEATEDHITS,False,False,False,79,142050,72.26,0,BID,SHORT,0.5
TQQQ,2026-07-02 19:04:29.997702+00:00,PUT,73.5,2026-07-02,313025,3295,4990,599,72.725,REPEATEDHITS,False,False,False,313025,0,72.26,0,ASK,SHORT,1.0
TQQQ,2026-07-02 19:04:29.997702+00:00,CALL,67.0,2026-07-02,1062914,1897,1940,282,72.725,REPEATEDHITSASCENDINGFILL,False,False,False,0,1062914,72.26,0,BID,SHORT,0.5
TQQQ,2026-07-02 18:45:17.114115+00:00,CALL,72.0,2026-08-07,22200,30,43,24,72.795,REPEATEDHITS,False,False,False,0,22200,72.26,36,BID,SHORT,0.5
TQQQ,2026-07-02 16:45:45.923610+00:00,PUT,67.0,2026-07-10,360513,2931,3605,1877,73.24,REPEATEDHITS,False,False,False,0,360513,72.26,8,BID,LONG,0.5
TQQQ,2026-07-02 16:29:56.492885+00:00,CALL,67.5,2026-07-31,10000,10,12,6,73.42,REPEATEDHITS,False,False,False,1000,0,72.26,29,ASK,LONG,1.0
TQQQ,2026-07-02 16:26:34.848028+00:00,CALL,85.0,2026-07-31,446775,2415,2575,966,73.38,REPEATEDHITS,False,False,False,446775,0,72.26,29,ASK,LONG,1.0
TQQQ,2026-07-01 19:41:17.910505+00:00,CALL,77.0,2026-07-10,1014000,2704,3196,544,77.98,REPEATEDHITS,False,False,False,0,1014000,72.26,9,BID,SHORT,0.5
TQQQ,2026-07-01 19:21:50.853713+00:00,CALL,78.5,2026-07-02,117007,967,4392,810,78.385,REPEATEDHITS,True,False,False,117007,0,72.26,1,ASK,LONG,1.0
TQQQ,2026-07-01 19:05:54.880082+00:00,PUT,78.5,2026-07-17,20700,46,67,34,78.32,REPEATEDHITS,True,False,False,0,20700,72.26,16,BID,LONG,0.5
TQQQ,2026-07-01 17:30:22.621567+00:00,PUT,68.5,2026-07-10,13824,192,258,170,78.515,REPEATEDHITS,False,False,False,0,13824,72.26,9,BID,LONG,0.5
TQQQ,2026-07-01 16:51:40.744055+00:00,PUT,79.0,2026-08-21,57460,68,99,48,78.47,REPEATEDHITS,False,False,False,56615,0,72.26,51,ASK,SHORT,1.0
TQQQ,2026-07-01 15:56:37.896410+00:00,PUT,78.5,2026-07-02,61875,495,1035,369,78.7001,REPEATEDHITS,False,False,False,61875,0,72.26,1,ASK,SHORT,1.0
TQQQ,2026-06-30 19:45:12.791818+00:00,CALL,83.5,2026-07-10,915000,3750,3844,350,81.4494,REPEATEDHITS,True,False,False,696376,0,72.26,10,ASK,LONG,1.0
TQQQ,2026-06-30 18:20:00.496676+00:00,PUT,78.0,2026-08-07,25200,42,56,33,81.075,REPEATEDHITS,True,False,False,0,25200,72.26,38,BID,LONG,0.5
TQQQ,2026-06-30 18:20:00.496676+00:00,PUT,83.0,2026-07-10,161100,358,466,149,81.075,REPEATEDHITS,True,False,False,0,161100,72.26,10,BID,LONG,0.5
TQQQ,2026-06-30 17:30:35.018185+00:00,PUT,82.0,2026-07-02,416776,1766,1964,502,80.94,REPEATEDHITS,False,False,False,416776,0,72.26,2,ASK,SHORT,1.0
TQQQ,2026-06-30 16:34:42.331109+00:00,PUT,80.0,2026-07-02,366560,2291,7202,1371,80.64,REPEATEDHITS,False,False,False,366560,0,72.26,2,ASK,SHORT,1.0
TQQQ,2026-06-30 15:10:37.224733+00:00,PUT,80.0,2026-07-02,492800,2464,4048,1371,79.87,REPEATEDHITS,False,False,False,492800,0,72.26,2,ASK,SHORT,1.0
TQQQ,2026-06-29 17:13:53.694727+00:00,CALL,90.0,2026-07-31,292400,1462,1802,1059,76.75,REPEATEDHITS,False,False,False,0,292400,72.26,32,BID,SHORT,0.5
TQQQ,2026-06-29 17:06:36.778366+00:00,PUT,76.0,2026-07-02,512231,2297,2981,1991,76.4,REPEATEDHITS,False,False,False,512231,0,72.26,3,ASK,SHORT,1.0
TQQQ,2026-06-29 16:33:09.025010+00:00,PUT,83.0,2026-07-24,179669,178,178,27,75.77,REPEATEDHITSDESCENDINGFILL,False,False,False,179669,0,72.26,25,ASK,SHORT,1.0
TQQQ,2026-06-29 15:45:04.221981+00:00,CALL,83.0,2026-07-10,178653,1581,2122,648,75.53,REPEATEDHITS,False,False,False,452,178201,72.26,11,BID,SHORT,0.5
TQQQ,2026-06-29 14:19:20.796614+00:00,PUT,64.0,2026-12-18,62525,61,138,60,71.95,REPEATEDHITS,False,False,False,0,62525,72.26,172,BID,LONG,0.5
TQQQ,2026-06-26 18:03:35.416685+00:00,CALL,74.0,2026-06-26,29887,1573,7866,1376,73.41,REPEATEDHITS,False,False,False,0,29887,72.26,0,BID,SHORT,0.5
TQQQ,2026-06-26 17:56:41.195208+00:00,CALL,84.0,2026-07-17,339490,1997,2041,1687,73.36,REPEATEDHITS,False,False,False,339320,170,72.26,21,ASK,LONG,1.0
TQQQ,2026-06-26 17:21:12.741712+00:00,CALL,67.5,2026-07-24,18900,18,18,7,73.79,REPEATEDHITS,False,False,False,0,18900,72.26,28,BID,SHORT,0.5
TQQQ,2026-06-26 15:51:09.212915+00:00,CALL,73.5,2026-06-26,62937,567,2939,474,74.295,REPEATEDHITS,False,False,False,0,62937,72.26,0,BID,SHORT,0.5
TQQQ,2026-06-26 13:59:00.064789+00:00,CALL,69.0,2026-06-26,40000,100,232,68,72.81,REPEATEDHITS,False,False,False,40000,0,72.26,0,ASK,LONG,1.0
TQQQ,2026-06-25 17:42:12.933483+00:00,CALL,87.0,2026-07-10,35844,412,503,197,75.15,REPEATEDHITS,True,False,False,35844,0,72.26,15,ASK,LONG,1.0
TQQQ,2026-06-25 16:20:14.795428+00:00,CALL,83.0,2026-07-02,189502,2311,2753,1198,75.56,REPEATEDHITS,False,False,False,0,189502,72.26,7,BID,SHORT,0.5
TWLO,2026-07-08 15:27:59.091357+00:00,PUT,217.5,2026-07-17,18360,16,16,0,212.12,REPEATEDHITSDESCENDINGFILL,True,False,False,17230,1130,32171505104.0,9,ASK,SHORT,1.0
TWLO,2026-07-08 15:27:59.091357+00:00,PUT,217.5,2026-07-17,10260,9,25,0,212.12,REPEATEDHITS,True,False,False,9120,1140,32171505104.0,9,ASK,SHORT,1.0
TWLO,2026-07-07 19:57:23.753692+00:00,CALL,185.0,2026-07-10,34190,13,13,7,211.24,REPEATEDHITS,False,False,False,0,34190,32171505104.0,3,BID,SHORT,0.5
TWLO,2026-07-07 17:09:22.926027+00:00,PUT,215.0,2026-07-17,10500,14,26,0,217.56,REPEATEDHITS,False,False,False,2250,8250,32171505104.0,10,BID,LONG,0.5
TWLO,2026-07-07 17:07:26.197160+00:00,PUT,215.0,2026-08-07,218960,119,121,0,216.93,REPEATEDHITS,False,False,False,0,218960,32171505104.0,31,BID,LONG,0.5
TWLO,2026-07-07 16:15:21.369117+00:00,PUT,222.5,2026-07-10,229347,244,244,1,216.13,REPEATEDHITSDESCENDINGFILL,False,False,False,229347,0,32171505104.0,3,ASK,SHORT,1.0
TWLO,2026-07-07 15:45:17.410689+00:00,CALL,250.0,2026-09-18,588950,398,401,101,215.105,REPEATEDHITS,False,False,False,575720,13230,32171505104.0,73,ASK,LONG,1.0
TWLO,2026-07-06 18:54:00.432192+00:00,PUT,205.0,2026-07-17,94080,147,147,110,209.515,REPEATEDHITS,False,False,False,0,94080,32171505104.0,11,BID,LONG,0.5
TWLO,2026-07-06 18:18:23.857698+00:00,PUT,230.0,2026-08-21,136800,40,40,29,208.725,REPEATEDHITS,False,False,False,136800,0,32171505104.0,46,ASK,SHORT,1.0
TWLO,2026-07-02 19:23:26.695597+00:00,CALL,207.5,2026-07-17,36720,34,34,23,209.77,REPEATEDHITS,True,False,False,0,36720,32171505104.0,15,BID,SHORT,0.5
TWLO,2026-07-02 18:59:02.058299+00:00,PUT,210.0,2026-07-10,33150,51,213,2,210.11,REPEATEDHITS,False,False,False,11700,21450,32171505104.0,8,BID,LONG,0.5
TWLO,2026-07-02 18:58:30.431363+00:00,PUT,210.0,2026-07-10,18090,27,162,2,210.11,REPEATEDHITS,False,False,False,17420,0,32171505104.0,8,ASK,SHORT,1.0
TWLO,2026-07-02 18:22:53.455135+00:00,PUT,210.0,2026-07-10,99158,134,134,2,208.98,REPEATEDHITS,False,False,False,99158,0,32171505104.0,8,ASK,SHORT,1.0
TWLO,2026-07-02 15:18:40.861087+00:00,CALL,207.5,2026-07-02,11046,76,81,53,206.72,REPEATEDHITSASCENDINGFILL,False,False,False,4325,6721,32171505104.0,0,BID,SHORT,0.5
TWLO,2026-07-02 15:18:40.861087+00:00,CALL,210.0,2026-07-02,15650,238,239,95,206.72,REPEATEDHITSASCENDINGFILL,False,False,False,6885,8765,32171505104.0,0,BID,SHORT,0.5
TWLO,2026-07-02 14:53:39.682184+00:00,PUT,200.0,2026-07-17,209960,362,363,228,208.72,REPEATEDHITS,False,False,False,209960,0,32171505104.0,15,ASK,SHORT,1.0
TWLO,2026-07-02 14:29:26.863990+00:00,PUT,205.0,2026-07-17,82500,110,110,7,209.69,REPEATEDHITS,False,False,False,82500,0,32171505104.0,15,ASK,SHORT,1.0
TWLO,2026-06-30 16:20:48.697930+00:00,PUT,135.0,2026-10-16,129560,316,316,7,201.32,REPEATEDHITS,False,False,False,0,129560,32171505104.0,108,BID,LONG,0.5
TWLO,2026-06-30 14:02:01.942724+00:00,CALL,205.0,2026-07-02,65000,250,316,51,200.715,REPEATEDHITS,False,False,False,64740,260,32171505104.0,2,ASK,LONG,1.0
TWLO,2026-06-25 15:16:46.845404+00:00,CALL,207.5,2026-07-10,50605,220,220,2,186.91,REPEATEDHITS,False,False,False,0,50605,32171505104.0,15,BID,SHORT,0.5
TWLO,2026-06-24 18:40:56.438034+00:00,CALL,290.0,2026-10-16,108780,222,226,41,187.89,REPEATEDHITS,False,False,False,0,108780,32171505104.0,114,BID,SHORT,0.5
TWLO,2026-06-24 14:57:00.921271+00:00,CALL,200.0,2026-08-21,417115,237,242,61,191.0,REPEATEDHITSDESCENDINGFILL,False,False,False,417115,0,32171505104.0,58,ASK,LONG,1.0
TWLO,2026-06-23 19:13:15.348566+00:00,CALL,212.5,2026-07-24,97200,270,271,0,185.715,REPEATEDHITS,False,False,False,0,97200,32171505104.0,31,BID,SHORT,0.5
TWLO,2026-06-23 15:18:58.482701+00:00,CALL,250.0,2026-08-21,102910,251,251,218,183.06,REPEATEDHITS,False,False,False,0,102910,32171505104.0,59,BID,SHORT,0.5
TWLO,2026-06-18 18:35:02.864904+00:00,PUT,185.0,2026-07-10,73149,77,78,3,186.33,REPEATEDHITS,True,False,False,73149,0,32171505104.0,22,ASK,SHORT,1.0
TWLO,2026-06-18 18:24:27.936593+00:00,PUT,182.5,2026-06-26,26000,65,72,34,187.3,REPEATEDHITS,True,False,False,26000,0,32171505104.0,8,ASK,SHORT,1.0
TWLO,2026-06-18 14:44:24.881714+00:00,PUT,165.0,2026-07-17,130797,327,329,53,184.34,REPEATEDHITS,False,False,False,130797,0,32171505104.0,29,ASK,SHORT,1.0
TWLO,2026-06-18 14:11:07.603220+00:00,PUT,160.0,2026-07-17,27380,74,76,71,179.56,REPEATEDHITS,False,False,False,27380,0,32171505104.0,29,ASK,SHORT,1.0
TWLO,2026-06-17 19:13:21.847383+00:00,CALL,185.0,2026-10-16,187200,60,64,5,189.395,REPEATEDHITS,False,False,False,187200,0,32171505104.0,121,ASK,LONG,1.0
TWLO,2026-06-17 17:26:22.112115+00:00,PUT,160.0,2026-08-21,23780,29,29,15,192.03,REPEATEDHITS,False,False,False,22140,0,32171505104.0,65,ASK,SHORT,1.0
TWLO,2026-06-17 16:42:32.918471+00:00,PUT,170.0,2026-08-21,55860,49,49,38,192.05,REPEATEDHITS,False,False,False,55860,0,32171505104.0,65,ASK,SHORT,1.0
TWLO,2026-06-16 18:46:16.647949+00:00,PUT,187.5,2026-06-18,21935,107,110,33,193.63,REPEATEDHITS,False,False,False,0,21935,32171505104.0,2,BID,LONG,0.5
TWLO,2026-06-16 15:01:23.424389+00:00,CALL,260.0,2026-10-16,42990,43,44,35,190.7268,REPEATEDHITS,False,False,False,42990,0,32171505104.0,122,ASK,LONG,1.0
TWLO,2026-06-15 17:05:17.868225+00:00,PUT,210.0,2026-09-18,774418,259,259,56,203.03,REPEATEDHITS,True,False,False,0,774418,32171505104.0,95,BID,LONG,0.5
TWLO,2026-06-15 16:40:24.937131+00:00,CALL,230.0,2026-07-02,15635,53,53,14,204.875,REPEATEDHITS,False,False,False,0,15635,32171505104.0,17,BID,SHORT,0.5
TWLO,2026-06-15 14:14:17.044365+00:00,PUT,200.0,2026-06-18,98405,266,271,162,204.92,REPEATEDHITSDESCENDINGFILL,True,False,False,98405,0,32171505104.0,3,ASK,SHORT,1.0
TWLO,2026-06-11 19:44:43.145984+00:00,CALL,205.0,2026-06-18,123513,142,2546,79,206.65,REPEATEDHITSDESCENDINGFILL,True,False,False,121793,0,32171505104.0,7,ASK,LONG,1.0
TWLO,2026-06-11 19:30:21.756206+00:00,CALL,202.5,2026-06-18,24300,27,28,8,204.73,REPEATEDHITS,True,False,False,24300,0,32171505104.0,7,ASK,LONG,1.0
TWLO,2026-06-10 19:14:40.290673+00:00,PUT,197.5,2026-07-10,10770,11,11,1,208.375,REPEATEDHITSASCENDINGFILL,True,False,False,2920,7850,32171505104.0,30,BID,LONG,0.5
TWLO,2026-06-09 16:20:58.681963+00:00,PUT,170.0,2026-07-17,100860,169,169,96,195.635,REPEATEDHITS,False,False,False,20400,80460,32171505104.0,38,BID,LONG,0.5
TWLO,2026-06-09 14:10:49.117563+00:00,CALL,202.5,2026-06-12,105861,103,103,49,208.609,REPEATEDHITSASCENDINGFILL,True,False,False,3100,102761,32171505104.0,3,BID,SHORT,0.5
TWLO,2026-06-08 19:05:49.698466+00:00,CALL,300.0,2026-08-21,154092,214,575,15,214.0,REPEATEDHITSASCENDINGFILL,False,False,False,0,154092,32171505104.0,74,BID,SHORT,0.5
TWLO,2026-06-05 19:24:31.244374+00:00,CALL,235.0,2026-06-18,247960,272,448,202,228.945,REPEATEDHITSASCENDINGFILL,False,False,False,170170,77790,32171505104.0,13,ASK,LONG,1.0
TWLO,2026-06-05 19:24:31.244374+00:00,CALL,235.0,2026-06-18,573865,623,1071,202,228.87,REPEATEDHITSASCENDINGFILL,True,False,False,286935,286930,32171505104.0,13,ASK,LONG,1.0
TWLO,2026-06-05 19:23:54.980341+00:00,CALL,247.5,2026-06-12,29440,92,109,51,229.04,REPEATEDHITS,False,False,False,18240,11200,32171505104.0,7,ASK,LONG,1.0
TWLO,2026-06-05 19:16:46.566183+00:00,CALL,255.0,2026-06-12,102875,641,642,45,228.25,REPEATEDHITS,False,False,False,16795,82080,32171505104.0,7,BID,SHORT,0.5
TWLO,2026-06-05 18:54:18.128017+00:00,CALL,240.0,2028-01-21,263550,35,35,26,229.07,FLOORTRADELARGECAP,False,True,True,263550,0,32171505104.0,595,ASK,LONG,1.0
TWLO,2026-06-05 17:46:41.893180+00:00,PUT,210.0,2026-08-21,96460,53,53,44,233.83,REPEATEDHITS,False,False,False,0,96460,32171505104.0,77,BID,LONG,0.5
TWLO,2026-06-05 17:46:41.893180+00:00,PUT,220.0,2026-08-21,592164,262,263,214,233.83,REPEATEDHITSASCENDINGFILL,False,False,False,183090,409074,32171505104.0,77,BID,LONG,0.5
TWLO,2026-06-05 16:42:53.391226+00:00,PUT,217.5,2026-06-12,11422,34,34,10,231.5758,REPEATEDHITSDESCENDINGFILL,True,False,False,8420,3002,32171505104.0,7,ASK,SHORT,1.0
TWST,2026-07-08 13:55:50.737960+00:00,CALL,130.0,2026-10-16,35500,71,71,3,90.92,REPEATEDHITS,True,False,False,35500,0,5668557713.0,100,ASK,LONG,1.0
TWST,2026-06-26 15:25:37.048758+00:00,CALL,130.0,2027-01-15,153898,90,90,0,103.63,REPEATEDHITS,False,False,False,153898,0,5668557713.0,203,ASK,LONG,1.0
TWST,2026-06-26 15:25:37.048758+00:00,CALL,125.0,2027-01-15,402050,215,566,3,103.78,REPEATEDHITS,False,False,False,400180,1870,5668557713.0,203,ASK,LONG,1.0
TWST,2026-06-26 15:25:20.831897+00:00,CALL,135.0,2026-10-16,256319,288,311,0,103.34,REPEATEDHITS,False,False,False,256319,0,5668557713.0,112,ASK,LONG,1.0
TWST,2026-06-24 14:40:27.411155+00:00,CALL,80.0,2027-01-15,462800,178,200,26,89.51,REPEATEDHITS,False,False,False,0,462800,5668557713.0,205,BID,SHORT,0.5
TWST,2026-06-17 17:23:10.677258+00:00,CALL,100.0,2026-07-17,59998,200,222,8,87.4,REPEATEDHITS,False,False,False,59998,0,5668557713.0,30,ASK,LONG,1.0
TWST,2026-06-17 17:22:21.008941+00:00,CALL,105.0,2026-10-16,14000,14,111,8,87.3,REPEATEDHITS,False,False,False,10000,4000,5668557713.0,121,ASK,LONG,1.0
TWST,2026-06-17 15:20:40.226074+00:00,CALL,115.0,2027-01-15,110080,86,87,0,87.505,REPEATEDHITS,False,False,False,76800,33280,5668557713.0,212,ASK,LONG,1.0
TWST,2026-06-15 17:01:42.803950+00:00,CALL,85.0,2026-06-18,11440,110,571,5,81.32,REPEATEDHITS,True,False,False,11440,0,5668557713.0,3,ASK,LONG,1.0
TWST,2026-06-15 16:59:25.650229+00:00,CALL,85.0,2026-06-18,39600,360,427,5,81.42,REPEATEDHITS,True,False,False,9680,1100,5668557713.0,3,ASK,LONG,1.0
TWST,2026-06-10 19:58:38.586265+00:00,PUT,57.5,2026-07-17,67540,307,307,8,67.78,REPEATEDHITS,False,False,False,440,0,5668557713.0,37,ASK,SHORT,1.0
TWST,2026-05-22 15:21:08.117978+00:00,CALL,70.0,2026-06-18,26880,192,756,14,59.865,REPEATEDHITS,False,False,False,25760,1120,5668557713.0,27,ASK,LONG,1.0
TWST,2026-05-22 14:27:42.896270+00:00,CALL,70.0,2026-06-18,30520,218,218,14,60.015,REPEATEDHITS,True,False,False,13860,11340,5668557713.0,27,ASK,LONG,1.0
TWST,2026-05-20 19:34:53.447920+00:00,CALL,60.0,2026-06-18,11730,51,441,17,54.13,REPEATEDHITS,False,False,False,1380,10350,5668557713.0,29,BID,SHORT,0.5
TWST,2026-05-14 16:06:51.775109+00:00,CALL,55.0,2026-06-18,17620,25,25,11,54.05,REPEATEDHITS,False,False,False,16060,1560,5668557713.0,35,ASK,LONG,1.0
TWST,2026-05-11 15:37:02.251160+00:00,CALL,52.5,2026-06-18,27880,34,34,9,57.02,REPEATEDHITS,False,False,False,0,27880,5668557713.0,38,BID,SHORT,0.5
TXN,2026-07-08 15:54:44.281091+00:00,PUT,275.0,2026-07-24,90000,100,100,69,300.04,REPEATEDHITS,True,False,False,66600,0,266930215600.0,16,ASK,SHORT,1.0
TXN,2026-07-08 15:52:17.881599+00:00,CALL,350.0,2026-07-24,109000,218,752,56,300.185,REPEATEDHITS,True,False,False,109000,0,266930215600.0,16,ASK,LONG,1.0
TXN,2026-07-07 19:04:04.793851+00:00,CALL,290.0,2026-07-31,283040,122,126,7,292.35,REPEATEDHITS,False,False,False,283040,0,266930215600.0,24,ASK,LONG,1.0
TXN,2026-07-07 15:33:13.498390+00:00,CALL,285.0,2026-07-31,162400,70,70,10,288.37,REPEATEDHITS,False,False,False,162400,0,266930215600.0,24,ASK,LONG,1.0
TXN,2026-07-07 14:45:52.856839+00:00,CALL,495.0,2028-01-21,233420,78,95,67,285.765,REPEATEDHITSDESCENDINGFILL,False,False,False,77550,155870,266930215600.0,563,BID,SHORT,0.5
TXN,2026-07-07 14:43:27.444709+00:00,CALL,475.0,2028-01-21,75210,23,23,6,286.115,REPEATEDHITS,True,False,False,75210,0,266930215600.0,563,ASK,LONG,1.0
TXN,2026-07-06 18:16:38.133068+00:00,PUT,305.0,2026-07-31,419365,180,185,4,304.73,REPEATEDHITSDESCENDINGFILL,False,False,False,419365,0,266930215600.0,25,ASK,SHORT,1.0
TXN,2026-07-06 16:37:34.687100+00:00,PUT,305.0,2026-07-24,143010,67,68,47,303.63,REPEATEDHITSDESCENDINGFILL,True,False,False,128100,2130,266930215600.0,18,ASK,SHORT,1.0
TXN,2026-07-06 15:04:19.598904+00:00,PUT,300.0,2026-07-17,801638,719,721,655,304.8,REPEATEDHITSDESCENDINGFILL,False,False,False,800528,1110,266930215600.0,11,ASK,SHORT,1.0
TXN,2026-07-06 14:34:34.941614+00:00,PUT,305.0,2026-08-07,111880,46,54,0,305.635,REPEATEDHITS,True,False,False,99730,12150,266930215600.0,32,ASK,SHORT,1.0
TXN,2026-07-06 14:19:29.750451+00:00,PUT,297.5,2026-07-17,123865,136,136,78,305.25,REPEATEDHITSASCENDINGFILL,False,False,False,1850,108290,266930215600.0,11,BID,LONG,0.5
TXN,2026-07-02 19:28:36.857249+00:00,CALL,285.0,2026-07-10,67255,54,56,10,290.08,REPEATEDHITS,False,False,False,6250,61005,266930215600.0,8,BID,SHORT,0.5
TXN,2026-07-02 17:52:41.265978+00:00,PUT,265.0,2026-08-07,58030,44,124,12,289.2,REPEATEDHITSDESCENDINGFILL,False,False,False,56750,1280,266930215600.0,36,ASK,SHORT,1.0
TXN,2026-07-02 16:36:14.199417+00:00,PUT,265.0,2026-07-17,81768,221,224,60,292.45,REPEATEDHITS,False,False,False,81768,0,266930215600.0,15,ASK,SHORT,1.0
TXN,2026-06-30 15:58:36.078242+00:00,CALL,300.0,2026-07-02,92475,261,429,76,294.64,REPEATEDHITSDESCENDINGFILL,False,False,False,79875,12600,266930215600.0,2,ASK,LONG,1.0
TXN,2026-06-29 19:25:01.027359+00:00,CALL,300.0,2026-07-24,193002,135,179,130,286.21,REPEATEDHITSDESCENDINGFILL,False,False,False,190142,0,266930215600.0,25,ASK,LONG,1.0
TXN,2026-06-29 19:17:25.399747+00:00,PUT,300.0,2026-07-02,92375,60,65,47,286.49,REPEATEDHITS,True,False,False,92375,0,266930215600.0,3,ASK,SHORT,1.0
TXN,2026-06-29 18:07:09.842477+00:00,CALL,285.0,2026-07-17,58830,37,38,9,288.74,REPEATEDHITS,True,False,False,0,58830,266930215600.0,18,BID,SHORT,0.5
TXN,2026-06-29 18:06:45.818292+00:00,CALL,305.0,2026-07-17,197590,267,270,33,288.84,REPEATEDHITSASCENDINGFILL,False,False,False,0,197590,266930215600.0,18,BID,SHORT,0.5
TXN,2026-06-29 16:32:32.365689+00:00,CALL,310.0,2026-10-16,407367,152,152,53,287.61,REPEATEDHITSASCENDINGFILL,False,False,False,0,407367,266930215600.0,109,BID,SHORT,0.5
TXN,2026-06-29 14:22:52.999182+00:00,CALL,307.5,2026-07-10,53300,205,205,2,279.42,REPEATEDHITS,False,False,False,27300,26000,266930215600.0,11,ASK,LONG,1.0
TXN,2026-06-26 19:59:10.875092+00:00,CALL,325.0,2026-08-21,188300,140,143,14,285.89,REPEATEDHITS,False,False,False,0,188300,266930215600.0,56,BID,SHORT,0.5
TXN,2026-06-26 19:58:33.412939+00:00,CALL,305.0,2026-08-21,187000,100,435,10,284.57,REPEATEDHITS,True,False,False,0,187000,266930215600.0,56,BID,SHORT,0.5
TXN,2026-06-26 15:05:41.080985+00:00,CALL,305.0,2026-08-21,61635,23,24,10,301.895,REPEATEDHITS,False,False,False,29470,32165,266930215600.0,56,BID,SHORT,0.5
TXN,2026-06-25 15:31:01.217619+00:00,CALL,320.0,2026-11-20,192700,47,52,19,310.005,REPEATEDHITS,False,False,False,192700,0,266930215600.0,148,ASK,LONG,1.0
TXN,2026-06-23 19:22:18.762454+00:00,PUT,275.0,2026-07-17,74240,116,452,7,301.89,REPEATEDHITS,False,False,False,49280,24960,266930215600.0,24,ASK,SHORT,1.0
TXN,2026-06-23 18:45:56.975425+00:00,PUT,315.0,2026-08-21,187120,52,53,9,301.41,REPEATEDHITSDESCENDINGFILL,True,False,False,126000,61120,266930215600.0,59,ASK,SHORT,1.0
TXN,2026-06-23 15:25:23.716373+00:00,PUT,275.0,2026-07-17,50960,91,155,7,304.06,REPEATEDHITS,False,False,False,50960,0,266930215600.0,24,ASK,SHORT,1.0
TXN,2026-06-22 19:33:40.047347+00:00,CALL,380.0,2027-06-17,102450,19,26,16,330.35,REPEATEDHITSASCENDINGFILL,True,False,False,59270,43180,266930215600.0,360,ASK,LONG,1.0
TXN,2026-06-22 18:33:30.538627+00:00,CALL,475.0,2026-09-18,133101,266,299,1,329.715,REPEATEDHITSASCENDINGFILL,False,False,False,10100,123001,266930215600.0,88,BID,SHORT,0.5
TXN,2026-06-22 17:35:17.270837+00:00,PUT,340.0,2026-07-24,53010,18,60,4,329.7142,REPEATEDHITSASCENDINGFILL,True,False,False,26550,26460,266930215600.0,32,ASK,SHORT,1.0
TXN,2026-06-22 15:18:47.429059+00:00,CALL,332.5,2026-07-17,52615,29,32,0,331.2059,REPEATEDHITSDESCENDINGFILL,True,False,False,16355,36260,266930215600.0,25,BID,SHORT,0.5
TXN,2026-06-22 14:35:00.651514+00:00,PUT,350.0,2026-11-20,84435,15,15,6,331.65,REPEATEDHITS,False,False,False,61915,22520,266930215600.0,151,ASK,SHORT,1.0
TXN,2026-06-18 19:12:51.738088+00:00,PUT,325.0,2026-07-24,128750,50,50,0,320.37,REPEATEDHITS,False,False,False,0,103000,266930215600.0,36,BID,LONG,0.5
TXN,2026-06-18 18:31:15.579720+00:00,PUT,340.0,2026-11-20,66000,12,24,1,320.81,REPEATEDHITS,False,False,False,43985,5485,266930215600.0,155,ASK,SHORT,1.0
TXN,2026-06-18 14:09:54.679743+00:00,CALL,355.0,2026-07-31,60975,51,52,1,316.28,REPEATEDHITS,False,False,False,59780,1195,266930215600.0,43,ASK,LONG,1.0
TXN,2026-06-16 17:53:34.579019+00:00,CALL,315.0,2026-07-24,66250,31,43,11,309.82,REPEATEDHITSASCENDINGFILL,False,False,False,34375,31875,266930215600.0,38,ASK,LONG,1.0
TXN,2026-06-16 17:50:08.991265+00:00,PUT,335.0,2026-07-24,102145,27,49,0,309.71,REPEATEDHITSASCENDINGFILL,False,False,False,22770,79375,266930215600.0,38,BID,LONG,0.5
TXN,2026-06-16 14:54:18.579879+00:00,CALL,350.0,2026-07-02,67853,232,438,177,314.165,REPEATEDHITSASCENDINGFILL,True,False,False,49194,7411,266930215600.0,16,ASK,LONG,1.0
TXN,2026-06-15 14:31:11.365595+00:00,PUT,312.5,2026-06-26,50139,46,46,0,311.55,REPEATEDHITS,False,False,False,49049,1090,266930215600.0,11,ASK,SHORT,1.0
TXN,2026-06-10 19:45:54.728071+00:00,CALL,280.0,2026-07-02,59065,36,36,1,282.5,REPEATEDHITS,True,False,False,0,59065,266930215600.0,22,BID,SHORT,0.5
TXN,2026-06-10 18:15:11.375681+00:00,CALL,430.0,2026-10-16,99755,190,303,35,284.42,REPEATEDHITS,False,False,False,530,99225,266930215600.0,128,BID,SHORT,0.5
TXN,2026-06-10 16:21:13.349522+00:00,CALL,430.0,2026-10-16,54060,106,106,35,282.92,REPEATEDHITS,False,False,False,0,54060,266930215600.0,128,BID,SHORT,0.5
TXN,2026-06-10 15:15:24.950762+00:00,PUT,282.5,2026-06-18,80545,89,89,67,284.04,REPEATEDHITS,False,False,False,905,0,266930215600.0,8,ASK,SHORT,1.0
TXN,2026-06-10 14:47:06.084102+00:00,CALL,292.5,2026-06-12,51810,102,103,29,289.27,REPEATEDHITSASCENDINGFILL,True,False,False,5605,46205,266930215600.0,2,BID,SHORT,0.5
TXN,2026-06-10 14:09:51.304306+00:00,PUT,290.0,2026-07-10,75680,47,47,6,290.89,REPEATEDHITS,False,False,False,3220,72460,266930215600.0,30,BID,LONG,0.5
TXN,2026-06-09 17:53:51.160902+00:00,CALL,360.0,2026-08-21,90945,129,588,81,282.14,REPEATEDHITS,False,False,False,0,90945,266930215600.0,73,BID,SHORT,0.5
TXN,2026-06-09 16:33:04.793793+00:00,PUT,240.0,2028-01-21,181695,45,45,35,277.66,REPEATEDHITSASCENDINGFILL,False,False,False,12180,161440,266930215600.0,591,BID,LONG,0.5
TXN,2026-06-09 16:07:47.227266+00:00,PUT,267.5,2026-06-12,62657,261,2547,52,279.0,REPEATEDHITSASCENDINGFILL,True,False,False,12189,50468,266930215600.0,3,BID,LONG,0.5
TXN,2026-06-05 18:38:38.244488+00:00,PUT,285.0,2026-06-12,52785,69,105,68,286.97,REPEATEDHITS,False,False,False,52785,0,266930215600.0,7,ASK,SHORT,1.0
UAL,2026-07-08 15:18:56.648490+00:00,PUT,124.0,2026-07-10,188955,493,643,228,123.24,REPEATEDHITSDESCENDINGFILL,True,False,False,101400,87555,41645541800.0,2,ASK,SHORT,1.0
UAL,2026-07-08 15:18:56.648490+00:00,CALL,124.0,2026-07-10,22295,74,124,37,123.15,REPEATEDHITS,False,False,False,2480,19815,41645541800.0,2,BID,SHORT,0.5
UAL,2026-07-08 14:37:25.773828+00:00,CALL,136.0,2026-07-10,17985,545,552,149,123.53,REPEATEDHITS,False,False,False,0,17985,41645541800.0,2,BID,SHORT,0.5
UAL,2026-07-08 13:58:40.785466+00:00,PUT,123.0,2026-07-10,22500,90,93,63,124.785,REPEATEDHITS,True,False,False,0,22500,41645541800.0,2,BID,LONG,0.5
UAL,2026-07-08 13:39:06.068198+00:00,PUT,122.0,2026-07-10,74297,296,302,211,124.32,REPEATEDHITS,False,False,False,251,74046,41645541800.0,2,BID,LONG,0.5
UAL,2026-07-08 13:38:49.155982+00:00,CALL,129.0,2026-07-10,38784,192,192,87,124.31,REPEATEDHITS,False,False,False,0,38784,41645541800.0,2,BID,SHORT,0.5
UAL,2026-07-07 16:55:50.810824+00:00,CALL,126.0,2026-07-17,93754,125,125,6,128.98,REPEATEDHITS,False,False,False,0,93754,41645541800.0,10,BID,SHORT,0.5
UAL,2026-07-06 16:40:30.702496+00:00,PUT,145.0,2026-08-21,1014679,615,616,106,133.65,REPEATEDHITSDESCENDINGFILL,True,False,False,1013029,0,41645541800.0,46,ASK,SHORT,1.0
UAL,2026-07-06 15:48:53.287629+00:00,CALL,170.0,2026-10-16,172338,383,383,52,134.675,REPEATEDHITSDESCENDINGFILL,False,False,False,172338,0,41645541800.0,102,ASK,LONG,1.0
UAL,2026-07-06 14:45:24.745872+00:00,PUT,110.0,2026-07-24,50648,779,804,36,134.28,REPEATEDHITSASCENDINGFILL,False,False,False,77,50571,41645541800.0,18,BID,LONG,0.5
UAL,2026-07-02 17:12:48.254011+00:00,CALL,145.0,2026-07-17,253000,1000,1511,602,133.08,REPEATEDHITS,True,False,False,0,253000,41645541800.0,15,BID,SHORT,0.5
UAL,2026-07-02 16:23:18.613868+00:00,CALL,131.0,2026-07-10,24375,39,39,37,134.22,REPEATEDHITS,False,False,False,0,24375,41645541800.0,8,BID,SHORT,0.5
UAL,2026-07-02 15:51:26.052196+00:00,PUT,125.0,2026-08-21,94050,165,175,101,134.615,REPEATEDHITS,False,False,False,94050,0,41645541800.0,50,ASK,SHORT,1.0
UAL,2026-07-01 16:25:19.795481+00:00,PUT,137.0,2026-07-10,19980,37,37,30,135.56,REPEATEDHITS,False,False,False,2700,17280,41645541800.0,9,BID,LONG,0.5
UAL,2026-06-30 17:29:05.916762+00:00,PUT,150.0,2026-08-21,18170,10,260,7,136.56,REPEATEDHITSASCENDINGFILL,True,False,False,9110,9060,41645541800.0,52,ASK,SHORT,1.0
UAL,2026-06-30 17:27:12.780178+00:00,PUT,150.0,2026-08-21,50750,28,242,7,136.58,REPEATEDHITSASCENDINGFILL,False,False,False,12705,38045,41645541800.0,52,BID,LONG,0.5
UAL,2026-06-30 17:16:22.846450+00:00,PUT,150.0,2026-08-21,28480,16,195,7,137.125,REPEATEDHITSASCENDINGFILL,True,False,False,12495,15985,41645541800.0,52,BID,LONG,0.5
UAL,2026-06-30 17:02:44.269384+00:00,CALL,145.0,2026-07-24,126910,259,280,255,137.25,REPEATEDHITS,False,False,False,124460,2450,41645541800.0,24,ASK,LONG,1.0
UAL,2026-06-30 17:02:34.046889+00:00,PUT,150.0,2026-08-21,44265,25,137,7,137.21,REPEATEDHITS,False,False,False,0,44265,41645541800.0,52,BID,LONG,0.5
UAL,2026-06-30 16:47:57.629148+00:00,CALL,150.0,2026-07-17,137500,500,3557,374,137.425,REPEATEDHITS,False,False,False,0,137500,41645541800.0,17,BID,SHORT,0.5
UAL,2026-06-30 16:39:45.470658+00:00,PUT,150.0,2026-08-21,44420,25,65,7,137.155,REPEATEDHITS,False,False,False,0,44420,41645541800.0,52,BID,LONG,0.5
UAL,2026-06-30 16:39:45.470658+00:00,PUT,150.0,2026-08-21,83551,47,112,7,137.155,REPEATEDHITSASCENDINGFILL,True,False,False,14255,69296,41645541800.0,52,BID,LONG,0.5
UAL,2026-06-30 16:27:49.318460+00:00,PUT,138.0,2026-08-07,369520,388,408,1,137.43,REPEATEDHITSDESCENDINGFILL,False,False,False,251720,117800,41645541800.0,38,ASK,SHORT,1.0
UAL,2026-06-30 16:27:00.450262+00:00,PUT,110.0,2026-09-18,492802,1760,1928,496,137.35,REPEATEDHITSASCENDINGFILL,False,False,False,562,492240,41645541800.0,80,BID,LONG,0.5
UAL,2026-06-30 16:27:00.450262+00:00,PUT,155.0,2026-08-21,10675,5,88,1,137.47,REPEATEDHITS,False,False,False,0,0,41645541800.0,52,MIXED,,0.0
UAL,2026-06-30 16:20:53.106411+00:00,PUT,145.0,2027-06-17,42900,15,18,1,136.955,REPEATEDHITS,False,False,False,5720,28600,41645541800.0,352,BID,LONG,0.5
UAL,2026-06-30 14:26:48.849807+00:00,PUT,137.0,2026-07-02,74934,362,382,43,137.505,REPEATEDHITS,False,False,False,0,74934,41645541800.0,2,BID,LONG,0.5
UAL,2026-06-30 14:06:07.781709+00:00,PUT,130.0,2026-07-02,43257,766,767,476,136.1329,REPEATEDHITSDESCENDINGFILL,False,False,False,2856,40344,41645541800.0,2,BID,LONG,0.5
UAL,2026-06-29 19:45:06.645042+00:00,CALL,175.0,2026-09-18,198654,828,872,157,135.21,REPEATEDHITSASCENDINGFILL,False,False,False,198414,240,41645541800.0,81,ASK,LONG,1.0
UAL,2026-06-29 19:35:51.745464+00:00,PUT,134.0,2026-07-10,20460,44,47,1,135.065,REPEATEDHITS,False,False,False,0,19995,41645541800.0,11,BID,LONG,0.5
UAL,2026-06-29 16:37:23.110049+00:00,CALL,185.0,2027-01-15,21000,30,31,1,136.58,REPEATEDHITS,False,False,False,16800,4200,41645541800.0,200,ASK,LONG,1.0
UAL,2026-06-29 14:40:08.780834+00:00,CALL,144.0,2026-07-10,28582,132,138,0,135.87,REPEATEDHITSDESCENDINGFILL,True,False,False,17506,11076,41645541800.0,11,ASK,LONG,1.0
UAL,2026-06-29 14:25:35.442944+00:00,PUT,134.0,2026-07-24,48305,70,70,4,135.73,REPEATEDHITS,True,False,False,6900,41405,41645541800.0,25,BID,LONG,0.5
UAL,2026-06-26 19:43:01.109035+00:00,CALL,155.0,2026-08-21,252428,594,1635,146,135.25,REPEATEDHITSDESCENDINGFILL,True,False,False,252008,420,41645541800.0,56,ASK,LONG,1.0
UAL,2026-06-26 19:15:58.153282+00:00,PUT,138.0,2026-07-10,39195,67,74,0,136.66,REPEATEDHITS,False,False,False,0,39195,41645541800.0,14,BID,LONG,0.5
UAL,2026-06-26 18:13:12.903387+00:00,PUT,126.0,2026-07-10,11385,69,142,20,136.695,REPEATEDHITS,False,False,False,2475,8910,41645541800.0,14,BID,LONG,0.5
UAL,2026-06-26 15:14:29.965301+00:00,CALL,137.0,2026-06-26,12127,181,210,70,136.53,REPEATEDHITS,False,False,False,0,12127,41645541800.0,0,BID,SHORT,0.5
UAL,2026-06-26 15:11:04.683490+00:00,CALL,141.0,2026-07-02,17600,110,110,0,136.645,REPEATEDHITS,False,False,False,17600,0,41645541800.0,6,ASK,LONG,1.0
UAL,2026-06-25 18:48:01.676859+00:00,PUT,135.0,2026-07-17,145960,178,191,30,133.02,REPEATEDHITS,False,False,False,0,145960,41645541800.0,22,BID,LONG,0.5
UAL,2026-06-25 16:48:17.824443+00:00,PUT,140.0,2026-09-18,510721,336,373,6,134.38,REPEATEDHITS,False,False,False,0,510721,41645541800.0,85,BID,LONG,0.5
UAL,2026-06-25 14:57:32.567956+00:00,CALL,138.0,2026-06-26,69920,380,401,5,137.595,REPEATEDHITS,False,False,False,0,69920,41645541800.0,1,BID,SHORT,0.5
UAL,2026-06-25 13:34:07.057633+00:00,CALL,137.0,2026-07-02,25762,91,92,30,134.135,REPEATEDHITSASCENDINGFILL,True,False,False,15159,10603,41645541800.0,7,ASK,LONG,1.0
UAL,2026-06-24 19:53:58.975345+00:00,PUT,135.0,2026-07-02,15130,22,33,21,130.02,REPEATEDHITSDESCENDINGFILL,False,False,False,8280,6850,41645541800.0,8,ASK,SHORT,1.0
UAL,2026-06-24 19:45:10.704904+00:00,CALL,175.0,2026-10-16,12480,39,41,0,129.0,REPEATEDHITS,False,False,False,12480,0,41645541800.0,114,ASK,LONG,1.0
UAL,2026-06-24 18:08:18.295915+00:00,CALL,135.0,2026-07-02,73280,458,4010,163,128.5401,REPEATEDHITS,False,False,False,0,73280,41645541800.0,8,BID,SHORT,0.5
UAL,2026-06-24 18:07:20.006512+00:00,CALL,131.0,2026-07-24,37250,50,83,1,128.59,REPEATEDHITS,False,False,False,0,37250,41645541800.0,30,BID,SHORT,0.5
UAL,2026-06-24 17:58:32.658922+00:00,PUT,129.0,2026-07-10,15930,27,52,0,128.59,REPEATEDHITS,False,False,False,2360,13570,41645541800.0,16,BID,LONG,0.5
UAL,2026-06-24 16:22:32.188378+00:00,CALL,132.0,2026-06-26,124986,1126,1499,0,128.64,REPEATEDHITS,False,False,False,27750,97236,41645541800.0,2,BID,SHORT,0.5
UAL,2026-06-24 16:19:34.181534+00:00,PUT,129.0,2026-06-26,25850,100,267,0,128.4399,REPEATEDHITSDESCENDINGFILL,False,False,False,0,25850,41645541800.0,2,BID,LONG,0.5
UAL,2026-06-24 13:59:01.393480+00:00,PUT,120.0,2026-07-24,25750,50,51,44,127.185,REPEATEDHITS,False,False,False,5150,16480,41645541800.0,30,BID,LONG,0.5
UHS,2026-07-08 15:13:58.947802+00:00,CALL,165.0,2026-08-21,54500,109,509,16,153.25,REPEATEDHITS,True,False,False,54500,0,8593159344.0,44,ASK,LONG,1.0
UHS,2026-07-08 15:05:18.915131+00:00,CALL,165.0,2026-08-21,42285,90,399,16,152.48,REPEATEDHITS,True,False,False,21135,21150,8593159344.0,44,BID,SHORT,0.5
UHS,2026-07-08 14:49:26.276669+00:00,CALL,165.0,2026-08-21,64680,132,265,16,152.81,REPEATEDHITS,True,False,False,34300,30380,8593159344.0,44,ASK,LONG,1.0
UHS,2026-06-04 17:16:41.141871+00:00,CALL,140.0,2027-01-15,46200,22,48,15,143.175,REPEATEDHITS,False,False,False,2100,21000,8593159344.0,225,BID,SHORT,0.5
UHS,2026-06-01 18:50:25.792478+00:00,CALL,150.0,2027-01-15,89206,51,51,8,145.175,REPEATEDHITSDESCENDINGFILL,True,False,False,76956,12250,8593159344.0,228,ASK,LONG,1.0
UHS,2026-05-22 17:48:29.707391+00:00,PUT,145.0,2026-06-18,15150,101,112,69,159.96,REPEATEDHITS,False,False,False,15150,0,8593159344.0,27,ASK,SHORT,1.0
UHS,2026-05-22 14:17:58.630902+00:00,CALL,170.0,2026-07-17,17150,35,69,23,161.08,REPEATEDHITS,True,False,False,0,5880,8593159344.0,56,BID,SHORT,0.5
UHS,2026-05-22 14:17:54.797698+00:00,CALL,170.0,2026-07-17,17000,34,34,23,161.08,REPEATEDHITS,False,False,False,17000,0,8593159344.0,56,ASK,LONG,1.0
UHS,2026-05-19 15:59:40.745676+00:00,PUT,180.0,2027-01-15,48503,20,200,1,167.45,REPEATEDHITS,False,False,False,48503,0,8593159344.0,241,ASK,SHORT,1.0
UHS,2026-05-15 19:50:53.995668+00:00,CALL,175.0,2026-06-18,12579,34,85,16,167.83,REPEATEDHITS,False,False,False,12579,0,8593159344.0,34,ASK,LONG,1.0
UHS,2026-05-15 19:50:53.995668+00:00,CALL,175.0,2026-06-18,17390,47,132,16,167.83,REPEATEDHITS,False,False,False,13690,3330,8593159344.0,34,ASK,LONG,1.0
UHS,2026-05-15 15:46:10.848497+00:00,CALL,210.0,2026-10-16,12950,35,35,28,170.58,REPEATEDHITS,False,False,False,12210,740,8593159344.0,154,ASK,LONG,1.0
UPRO,2026-07-08 14:45:49.112754+00:00,PUT,141.0,2026-08-14,80840,94,94,0,139.05,REPEATEDHITS,True,False,False,80840,0,142.249,37,ASK,SHORT,1.0
UPRO,2026-07-08 14:40:10.410844+00:00,PUT,142.5,2026-07-17,19430,36,36,0,139.1,REPEATEDHITS,True,False,False,19430,0,142.249,9,ASK,SHORT,1.0
UPRO,2026-07-06 15:39:38.309750+00:00,CALL,145.5,2026-07-24,12349,37,37,1,144.01,REPEATEDHITS,False,False,False,8904,3445,142.249,18,ASK,LONG,1.0
UPRO,2026-07-06 15:22:43.732837+00:00,PUT,142.0,2026-07-31,20521,52,53,8,143.5952,REPEATEDHITSDESCENDINGFILL,False,False,False,9600,10921,142.249,25,BID,LONG,0.5
UPRO,2026-07-02 19:50:19.223500+00:00,PUT,141.5,2026-07-17,11700,26,26,0,140.24,REPEATEDHITS,False,False,False,0,11700,142.249,15,BID,LONG,0.5
UPRO,2026-07-02 19:29:03.565001+00:00,PUT,143.0,2026-07-02,141454,404,511,53,139.34,REPEATEDHITSASCENDINGFILL,False,False,False,0,141454,142.249,0,BID,LONG,0.5
UPRO,2026-07-02 19:28:36.857249+00:00,PUT,140.0,2026-07-02,22880,305,325,39,139.2,REPEATEDHITS,False,False,False,0,22880,142.249,0,BID,LONG,0.5
UPRO,2026-06-30 14:05:59.569322+00:00,CALL,139.0,2026-08-21,94943,94,101,1,140.6,REPEATEDHITSASCENDINGFILL,True,False,False,0,94943,142.249,52,BID,SHORT,0.5
UPRO,2026-06-29 16:21:26.000183+00:00,PUT,85.0,2026-08-21,14900,150,150,2,137.52,REPEATEDHITSDESCENDINGFILL,True,False,False,14900,0,142.249,53,ASK,SHORT,1.0
UPRO,2026-06-29 14:15:25.196134+00:00,PUT,126.0,2026-07-24,27600,69,69,4,134.13,REPEATEDHITS,True,False,False,27600,0,142.249,25,ASK,SHORT,1.0
UPRO,2026-06-29 14:15:11.159658+00:00,PUT,130.0,2026-07-24,32640,64,64,36,134.35,REPEATEDHITS,True,False,False,32640,0,142.249,25,ASK,SHORT,1.0
UPRO,2026-06-29 14:13:10.924617+00:00,PUT,126.0,2026-07-17,35400,120,120,16,134.78,REPEATEDHITS,False,False,False,35400,0,142.249,18,ASK,SHORT,1.0
UPRO,2026-06-29 14:10:38.650868+00:00,CALL,133.5,2026-07-31,14620,17,17,6,135.21,REPEATEDHITS,True,False,False,0,14620,142.249,32,BID,SHORT,0.5
UPRO,2026-06-29 14:10:38.650868+00:00,CALL,134.0,2026-07-31,31586,38,46,0,135.21,REPEATEDHITSDESCENDINGFILL,True,False,False,0,31586,142.249,32,BID,SHORT,0.5
UPRO,2026-06-26 15:30:10.799094+00:00,CALL,151.0,2026-08-21,18200,52,52,0,135.3,REPEATEDHITS,False,False,False,18200,0,142.249,56,ASK,LONG,1.0
UPRO,2026-06-25 18:28:24.542384+00:00,PUT,137.0,2026-07-24,24480,34,36,29,136.2899,REPEATEDHITS,True,False,False,720,23760,142.249,29,BID,LONG,0.5
UPRO,2026-06-25 18:28:14.702380+00:00,CALL,120.0,2026-07-02,99080,59,62,25,136.1132,REPEATEDHITS,True,False,False,97400,1680,142.249,7,ASK,LONG,1.0
UPRO,2026-06-25 18:19:09.341554+00:00,CALL,117.0,2026-07-02,45840,24,24,0,135.45,REPEATEDHITS,False,False,False,45840,0,142.249,7,ASK,LONG,1.0
UPRO,2026-06-25 18:19:04.932137+00:00,CALL,118.0,2026-07-02,21600,12,12,0,135.425,REPEATEDHITS,False,False,False,21600,0,142.249,7,ASK,LONG,1.0
UPRO,2026-06-25 14:33:13.456195+00:00,PUT,136.0,2026-07-10,17650,36,36,12,136.55,REPEATEDHITS,True,False,False,500,17150,142.249,15,BID,LONG,0.5
UPRO,2026-06-25 13:55:18.776102+00:00,PUT,132.0,2026-06-26,14440,76,76,43,133.26,REPEATEDHITS,True,False,False,14440,0,142.249,1,ASK,SHORT,1.0
UPRO,2026-06-24 18:25:10.902785+00:00,PUT,139.0,2026-07-02,38940,66,67,10,135.46,REPEATEDHITS,True,False,False,0,38940,142.249,8,BID,LONG,0.5
UPRO,2026-06-24 17:07:42.294210+00:00,PUT,139.5,2026-07-10,22627,31,31,0,135.72,REPEATEDHITS,True,False,False,22627,0,142.249,16,ASK,SHORT,1.0
UPRO,2026-06-24 16:55:17.750910+00:00,PUT,143.0,2026-07-10,21840,24,25,14,136.185,REPEATEDHITS,False,False,False,21840,0,142.249,16,ASK,SHORT,1.0
UPRO,2026-06-24 14:20:22.797792+00:00,PUT,149.0,2026-08-21,51040,29,29,5,135.42,REPEATEDHITS,True,False,False,51040,0,142.249,58,ASK,SHORT,1.0
UPRO,2026-06-23 15:15:14.352524+00:00,PUT,140.0,2026-08-21,14160,12,48,11,136.8099,REPEATEDHITS,True,False,False,14160,0,142.249,59,ASK,SHORT,1.0
UPRO,2026-06-23 15:14:55.924130+00:00,PUT,140.0,2026-08-21,25720,22,22,11,136.62,REPEATEDHITSASCENDINGFILL,True,False,False,14100,1160,142.249,59,ASK,SHORT,1.0
UPRO,2026-06-23 14:59:14.898909+00:00,CALL,152.0,2026-07-24,14767,87,105,6,137.05,REPEATEDHITS,False,False,False,14767,0,142.249,31,ASK,LONG,1.0
UPRO,2026-06-23 13:54:58.645137+00:00,CALL,133.0,2026-09-18,54000,36,37,18,136.985,REPEATEDHITS,True,False,False,0,54000,142.249,87,BID,SHORT,0.5
UPRO,2026-06-22 14:20:21.520265+00:00,CALL,142.0,2026-08-21,29702,27,33,6,143.815,REPEATEDHITS,True,False,False,0,29702,142.249,60,BID,SHORT,0.5
UPRO,2026-06-15 15:29:13.857100+00:00,CALL,154.0,2026-06-18,24990,833,1016,0,146.955,REPEATEDHITS,False,False,False,17910,4800,142.249,3,ASK,LONG,1.0
UPRO,2026-06-11 18:50:18.977521+00:00,PUT,138.5,2026-06-26,24420,37,37,5,136.51,REPEATEDHITS,False,False,False,0,24420,142.249,15,BID,LONG,0.5
UPRO,2026-06-11 18:50:18.977521+00:00,PUT,137.0,2026-06-26,70210,119,120,18,136.48,REPEATEDHITS,True,False,False,0,70210,142.249,15,BID,LONG,0.5
UPRO,2026-06-11 18:50:18.977521+00:00,PUT,135.5,2026-07-02,135422,222,222,1,136.51,REPEATEDHITS,True,False,False,610,134812,142.249,21,BID,LONG,0.5
UPRO,2026-06-10 18:04:15.193913+00:00,PUT,133.0,2026-06-18,18060,42,48,16,134.06,REPEATEDHITS,True,False,False,0,18060,142.249,8,BID,LONG,0.5
UPRO,2026-06-10 13:46:11.421085+00:00,PUT,125.0,2026-07-10,10530,27,27,22,136.72,REPEATEDHITS,True,False,False,0,10530,142.249,30,BID,LONG,0.5
UPRO,2026-06-09 19:40:14.966095+00:00,PUT,137.0,2026-06-18,13570,23,41,8,135.145,REPEATEDHITS,True,False,False,13570,0,142.249,9,ASK,SHORT,1.0
UPRO,2026-06-09 19:15:24.599198+00:00,PUT,152.0,2026-06-18,109210,67,67,14,136.06,REPEATEDHITS,True,False,False,109210,0,142.249,9,ASK,SHORT,1.0
UPRO,2026-06-09 17:46:50.380881+00:00,PUT,146.0,2026-06-26,78090,57,57,37,134.44,REPEATEDHITS,False,False,False,78090,0,142.249,17,ASK,SHORT,1.0
UPRO,2026-06-09 17:02:42.267608+00:00,PUT,129.0,2026-06-18,27212,68,73,45,131.4181,REPEATEDHITS,True,False,False,0,27212,142.249,9,BID,LONG,0.5
UPRO,2026-06-09 17:02:39.060149+00:00,PUT,132.0,2026-06-18,26020,50,50,25,131.4181,REPEATEDHITSASCENDINGFILL,True,False,False,530,25490,142.249,9,BID,LONG,0.5
UPRO,2026-06-09 17:02:36.657199+00:00,PUT,134.0,2026-06-18,71300,115,118,6,131.4181,REPEATEDHITS,True,False,False,0,71300,142.249,9,BID,LONG,0.5
UPRO,2026-06-09 16:20:20.796831+00:00,PUT,124.5,2026-06-12,13295,76,76,16,130.705,REPEATEDHITS,True,False,False,13295,0,142.249,3,ASK,SHORT,1.0
UPRO,2026-06-09 13:56:32.251693+00:00,PUT,155.0,2026-06-26,318049,224,229,54,141.858,REPEATEDHITS,True,False,False,318049,0,142.249,17,ASK,SHORT,1.0
UPRO,2026-06-05 19:39:37.040102+00:00,PUT,138.0,2026-06-12,28860,74,246,33,138.25,REPEATEDHITS,False,False,False,0,28860,142.249,7,BID,LONG,0.5
UPRO,2026-06-05 17:40:46.953996+00:00,PUT,143.0,2026-06-18,62222,122,137,14,142.2,REPEATEDHITSDESCENDINGFILL,True,False,False,0,61202,142.249,13,BID,LONG,0.5
UPRO,2026-06-05 13:39:14.108176+00:00,PUT,151.0,2026-06-12,25620,42,42,12,145.77,REPEATEDHITS,True,False,False,25620,0,142.249,7,ASK,SHORT,1.0
UPRO,2026-06-03 18:26:04.163220+00:00,CALL,156.0,2026-06-12,12948,185,186,6,148.64,REPEATEDHITS,True,False,False,12948,0,142.249,9,ASK,LONG,1.0
UPRO,2026-06-02 14:17:26.471613+00:00,CALL,151.0,2026-06-05,60885,369,374,65,150.06,REPEATEDHITS,True,False,False,165,60720,142.249,3,BID,SHORT,0.5
UPRO,2026-06-01 16:53:14.999087+00:00,PUT,140.0,2026-06-26,93515,317,321,96,149.8,REPEATEDHITS,False,False,False,0,93515,142.249,25,BID,LONG,0.5
USO,2026-07-08 15:09:07.400529+00:00,CALL,133.0,2026-07-31,60546,317,356,54,114.3701,REPEATEDHITS,True,False,False,60355,191,1228364647.0,23,ASK,LONG,1.0
USO,2026-07-08 14:36:15.641545+00:00,CALL,130.5,2026-07-31,18010,83,88,44,114.55,REPEATEDHITS,True,False,False,18010,0,1228364647.0,23,ASK,LONG,1.0
USO,2026-07-08 14:31:15.342732+00:00,PUT,112.0,2026-07-08,22500,900,2861,72,114.15,REPEATEDHITS,False,False,False,15000,7500,1228364647.0,0,ASK,SHORT,1.0
USO,2026-07-07 19:43:36.994727+00:00,CALL,112.0,2026-07-15,14408,80,319,28,109.04,REPEATEDHITSASCENDINGFILL,True,False,False,367,14041,1228364647.0,8,BID,SHORT,0.5
USO,2026-07-07 19:22:33.669529+00:00,CALL,112.0,2026-07-15,14460,78,131,28,109.1115,REPEATEDHITSASCENDINGFILL,True,False,False,6923,7537,1228364647.0,8,BID,SHORT,0.5
USO,2026-07-07 19:22:33.669529+00:00,CALL,110.0,2026-07-15,126272,505,938,183,109.1041,REPEATEDHITSASCENDINGFILL,True,False,False,1267,125005,1228364647.0,8,BID,SHORT,0.5
USO,2026-07-07 14:16:49.890745+00:00,CALL,165.0,2026-08-21,15295,510,1015,150,106.305,REPEATEDHITS,True,False,False,14875,420,1228364647.0,45,ASK,LONG,1.0
USO,2026-07-06 17:56:25.558519+00:00,CALL,105.0,2026-08-14,52195,116,658,2,103.98,REPEATEDHITS,True,False,False,51750,445,1228364647.0,39,ASK,LONG,1.0
USO,2026-07-06 16:30:34.598379+00:00,CALL,113.0,2026-08-07,15810,95,171,6,103.79,REPEATEDHITSDESCENDINGFILL,True,False,False,8051,7759,1228364647.0,32,ASK,LONG,1.0
USO,2026-07-06 16:30:34.598379+00:00,CALL,113.0,2026-07-31,70912,554,564,108,103.79,REPEATEDHITS,False,False,False,128,70784,1228364647.0,25,BID,SHORT,0.5
USO,2026-07-06 13:50:13.680209+00:00,PUT,105.0,2026-07-10,690000,3000,3012,1040,104.229,REPEATEDHITS,False,False,False,0,690000,1228364647.0,4,BID,LONG,0.5
USO,2026-07-02 16:35:06.300746+00:00,CALL,110.0,2026-07-31,104000,500,670,474,103.345,REPEATEDHITS,False,False,False,104000,0,1228364647.0,29,ASK,LONG,1.0
USO,2026-07-01 17:16:00.860359+00:00,CALL,105.0,2026-07-02,59320,1483,1982,620,103.78,REPEATEDHITS,False,False,False,59280,0,1228364647.0,1,ASK,LONG,1.0
USO,2026-07-01 15:44:41.241486+00:00,PUT,103.0,2026-07-02,70455,1281,2034,420,103.75,REPEATEDHITS,False,False,False,70290,165,1228364647.0,1,ASK,SHORT,1.0
USO,2026-07-01 13:54:00.189907+00:00,CALL,106.0,2026-07-15,28814,113,113,0,104.93,REPEATEDHITS,True,False,False,27539,0,1228364647.0,14,ASK,LONG,1.0
USO,2026-06-30 15:26:57.708335+00:00,CALL,103.0,2026-07-17,454407,834,834,232,106.35,REPEATEDHITSDESCENDINGFILL,True,False,False,454407,0,1228364647.0,17,ASK,LONG,1.0
USO,2026-06-29 19:46:54.862003+00:00,CALL,116.0,2026-07-31,11475,51,70,30,106.8,REPEATEDHITS,False,False,False,0,11475,1228364647.0,32,BID,SHORT,0.5
USO,2026-06-29 18:19:11.226766+00:00,CALL,120.0,2026-07-10,107360,2440,2752,779,107.26,REPEATEDHITS,False,False,False,0,107360,1228364647.0,11,BID,SHORT,0.5
USO,2026-06-29 18:04:50.471601+00:00,CALL,125.0,2026-08-07,13367,82,225,0,107.55,REPEATEDHITS,True,False,False,0,13041,1228364647.0,39,BID,SHORT,0.5
USO,2026-06-29 17:06:47.990625+00:00,PUT,106.0,2026-07-02,42100,421,680,80,107.375,REPEATEDHITS,False,False,False,41700,400,1228364647.0,3,ASK,SHORT,1.0
USO,2026-06-29 17:00:36.784031+00:00,CALL,116.0,2026-07-24,43319,221,262,95,107.4,REPEATEDHITSASCENDINGFILL,True,False,False,198,42924,1228364647.0,25,BID,SHORT,0.5
USO,2026-06-29 17:00:05.947809+00:00,PUT,104.0,2026-07-10,25748,164,300,163,107.43,REPEATEDHITS,False,False,False,25748,0,1228364647.0,11,ASK,SHORT,1.0
USO,2026-06-29 16:51:15.366671+00:00,CALL,117.0,2026-07-24,40586,223,233,78,107.6724,REPEATEDHITS,True,False,False,0,40586,1228364647.0,25,BID,SHORT,0.5
USO,2026-06-29 16:22:25.268401+00:00,PUT,80.0,2026-08-07,30450,870,1070,1,107.35,REPEATEDHITS,True,False,False,0,30450,1228364647.0,39,BID,LONG,0.5
USO,2026-06-29 15:44:05.732572+00:00,PUT,106.0,2026-07-01,14839,160,388,129,107.1,REPEATEDHITSDESCENDINGFILL,True,False,False,13723,1116,1228364647.0,2,ASK,SHORT,1.0
USO,2026-06-29 14:20:37.345708+00:00,PUT,104.0,2026-07-08,36672,200,202,50,106.93,REPEATEDHITS,False,False,False,13248,0,1228364647.0,9,ASK,SHORT,1.0
USO,2026-06-29 13:30:52.150303+00:00,CALL,109.0,2026-07-08,73534,385,386,10,106.4001,REPEATEDHITS,True,False,False,189,73345,1228364647.0,9,BID,SHORT,0.5
USO,2026-06-26 19:52:20.856868+00:00,CALL,105.0,2026-07-01,40590,198,860,140,105.425,REPEATEDHITS,False,False,False,40590,0,1228364647.0,5,ASK,LONG,1.0
USO,2026-06-26 15:51:10.462193+00:00,CALL,105.0,2026-06-26,24243,638,2165,553,104.55,REPEATEDHITS,True,False,False,24206,37,1228364647.0,0,ASK,LONG,1.0
USO,2026-06-26 15:09:29.153273+00:00,PUT,99.0,2026-08-07,35635,99,99,0,104.2,REPEATEDHITS,True,False,False,34195,1440,1228364647.0,42,ASK,SHORT,1.0
USO,2026-06-26 15:09:20.743238+00:00,PUT,102.0,2026-08-07,16795,35,35,0,104.335,REPEATEDHITS,True,False,False,16320,0,1228364647.0,42,ASK,SHORT,1.0
USO,2026-06-26 14:27:34.764708+00:00,PUT,95.0,2026-08-07,27820,130,131,0,104.695,REPEATEDHITS,True,False,False,27820,0,1228364647.0,42,ASK,SHORT,1.0
USO,2026-06-26 14:27:27.558589+00:00,CALL,110.0,2026-08-07,93095,219,222,5,104.845,REPEATEDHITSASCENDINGFILL,True,False,False,860,92235,1228364647.0,42,BID,SHORT,0.5
USO,2026-06-26 13:59:29.336467+00:00,CALL,125.0,2026-08-21,152220,708,1783,342,105.36,REPEATEDHITS,True,False,False,49665,70305,1228364647.0,56,BID,SHORT,0.5
USO,2026-06-26 13:57:43.304434+00:00,PUT,113.0,2026-08-21,58280,50,52,13,105.26,REPEATEDHITSASCENDINGFILL,True,False,False,0,58280,1228364647.0,56,BID,LONG,0.5
USO,2026-06-26 13:51:17.297636+00:00,PUT,100.0,2026-08-07,16685,47,47,4,105.6,REPEATEDHITS,False,False,False,16685,0,1228364647.0,42,ASK,SHORT,1.0
USO,2026-06-25 19:38:23.737844+00:00,CALL,122.0,2026-07-17,264013,2000,2016,346,109.495,REPEATEDHITSASCENDINGFILL,True,False,False,0,264013,1228364647.0,22,BID,SHORT,0.5
USO,2026-06-25 19:14:51.929699+00:00,CALL,113.0,2026-06-26,21000,750,1398,472,109.88,REPEATEDHITS,False,False,False,21000,0,1228364647.0,1,ASK,LONG,1.0
USO,2026-06-25 15:54:01.354910+00:00,CALL,139.0,2028-12-15,14900,10,22,5,108.36,REPEATEDHITS,False,False,False,0,14900,1228364647.0,904,BID,SHORT,0.5
USO,2026-06-25 15:16:46.845404+00:00,PUT,107.0,2026-06-26,70422,1067,1155,879,108.75,REPEATEDHITS,False,False,False,66,70356,1228364647.0,1,BID,LONG,0.5
USO,2026-06-25 15:12:53.435173+00:00,PUT,95.0,2028-06-16,612500,500,500,28,108.62,FLOORTRADESMALLCAP,False,True,False,612500,0,1228364647.0,722,ASK,SHORT,1.0
USO,2026-06-24 19:27:36.001321+00:00,CALL,100.0,2026-08-21,74175,69,126,19,106.3299,REPEATEDHITS,True,False,False,73100,1075,1228364647.0,58,ASK,LONG,1.0
USO,2026-06-24 17:15:57.944214+00:00,PUT,101.0,2026-08-21,18060,42,73,1,106.8,REPEATEDHITS,True,False,False,17630,430,1228364647.0,58,ASK,SHORT,1.0
USO,2026-06-24 14:16:16.209309+00:00,CALL,106.0,2026-06-24,10680,120,695,116,106.395,REPEATEDHITS,False,False,False,0,10680,1228364647.0,0,BID,SHORT,0.5
USO,2026-06-23 18:28:10.883982+00:00,CALL,108.0,2026-07-08,36795,64,94,0,110.9488,REPEATEDHITS,True,False,False,36795,0,1228364647.0,15,ASK,LONG,1.0
USO,2026-06-23 18:04:15.410144+00:00,CALL,108.0,2026-07-08,17400,30,30,0,111.1,REPEATEDHITS,False,False,False,17400,0,1228364647.0,15,ASK,LONG,1.0
USO,2026-06-23 17:01:54.875180+00:00,CALL,104.0,2026-07-24,50490,51,51,0,110.945,REPEATEDHITS,True,False,False,50490,0,1228364647.0,31,ASK,LONG,1.0
USO,2026-06-22 19:28:18.007384+00:00,CALL,120.0,2026-08-21,182495,323,485,60,112.535,REPEATEDHITS,True,False,False,69495,113000,1228364647.0,60,BID,SHORT,0.5
USO,2026-06-22 19:27:51.578157+00:00,CALL,112.0,2026-07-10,10600,20,106,8,112.595,REPEATEDHITS,False,False,False,10600,0,1228364647.0,18,ASK,LONG,1.0
USO,2026-06-22 13:51:09.777291+00:00,CALL,200.0,2027-03-19,669735,3267,3276,408,111.68,REPEATEDHITS,True,False,False,567235,102500,1228364647.0,270,ASK,LONG,1.0
V,2026-07-08 15:16:40.249596+00:00,PUT,330.0,2026-07-31,196090,530,541,85,346.79,REPEATEDHITSDESCENDINGFILL,True,False,False,195725,365,584549838050.0,23,ASK,SHORT,1.0
V,2026-07-08 15:07:25.870699+00:00,PUT,335.0,2026-07-17,211222,1221,1325,448,346.07,REPEATEDHITSDESCENDINGFILL,False,False,False,210887,335,584549838050.0,9,ASK,SHORT,1.0
V,2026-07-07 15:11:48.991963+00:00,CALL,347.5,2026-07-24,609586,635,636,2,350.9,REPEATEDHITS,False,False,False,609586,0,584549838050.0,17,ASK,LONG,1.0
V,2026-07-07 14:26:24.805343+00:00,PUT,360.0,2026-08-21,696468,477,477,190,354.51,REPEATEDHITSASCENDINGFILL,False,False,False,0,696468,584549838050.0,45,BID,LONG,0.5
V,2026-07-06 14:06:58.745335+00:00,CALL,350.0,2026-08-21,2196604,1586,1631,861,351.525,REPEATEDHITSDESCENDINGFILL,True,False,False,2161974,27705,584549838050.0,46,ASK,LONG,1.0
V,2026-07-02 19:57:29.105271+00:00,CALL,352.5,2026-07-10,409622,392,617,304,360.8175,REPEATEDHITS,False,False,False,409622,0,584549838050.0,8,ASK,LONG,1.0
V,2026-07-02 19:18:59.192384+00:00,CALL,380.0,2026-08-21,326831,588,1252,206,359.875,REPEATEDHITSDESCENDINGFILL,False,False,False,161471,71010,584549838050.0,50,ASK,LONG,1.0
V,2026-07-02 19:18:50.378490+00:00,CALL,380.0,2026-08-21,321860,575,664,206,359.895,REPEATEDHITSDESCENDINGFILL,False,False,False,224560,97300,584549838050.0,50,ASK,LONG,1.0
V,2026-07-02 19:18:31.547578+00:00,CALL,365.0,2026-07-17,205765,502,1120,470,359.93,REPEATEDHITSDESCENDINGFILL,False,False,False,163960,41805,584549838050.0,15,ASK,LONG,1.0
V,2026-07-02 18:05:44.812449+00:00,CALL,370.0,2026-11-20,552000,300,447,145,359.36,REPEATEDHITS,False,False,False,368000,184000,584549838050.0,141,ASK,LONG,1.0
V,2026-07-01 19:52:21.411060+00:00,CALL,355.0,2026-07-02,113615,2057,2626,909,350.54,REPEATEDHITSASCENDINGFILL,False,False,False,111923,288,584549838050.0,1,ASK,LONG,1.0
V,2026-07-01 15:26:05.017602+00:00,PUT,350.0,2026-08-21,118157,101,104,39,350.46,REPEATEDHITSDESCENDINGFILL,True,False,False,114652,2335,584549838050.0,51,ASK,SHORT,1.0
V,2026-06-29 19:21:55.362962+00:00,CALL,340.0,2026-08-07,162360,123,235,12,342.48,REPEATEDHITS,False,False,False,162360,0,584549838050.0,39,ASK,LONG,1.0
V,2026-06-29 16:30:25.835149+00:00,PUT,342.5,2026-07-10,159835,296,337,2,341.255,REPEATEDHITS,False,False,False,159835,0,584549838050.0,11,ASK,SHORT,1.0
V,2026-06-26 14:27:44.976753+00:00,PUT,337.5,2026-07-17,172315,241,244,29,336.335,REPEATEDHITS,False,False,False,0,172315,584549838050.0,21,BID,LONG,0.5
V,2026-06-24 19:30:30.752310+00:00,PUT,327.5,2026-07-17,157632,325,368,7,332.72,REPEATEDHITSASCENDINGFILL,False,False,False,0,157632,584549838050.0,23,BID,LONG,0.5
V,2026-06-24 17:30:41.103538+00:00,PUT,335.0,2026-08-21,264560,185,191,158,330.86,REPEATEDHITSASCENDINGFILL,False,False,False,0,264560,584549838050.0,58,BID,LONG,0.5
V,2026-06-23 13:37:32.696281+00:00,PUT,340.0,2026-08-21,291220,165,167,137,329.97,REPEATEDHITS,False,False,False,291220,0,584549838050.0,59,ASK,SHORT,1.0
V,2026-06-22 19:41:02.837377+00:00,CALL,337.5,2026-07-02,140581,990,1047,343,326.74,REPEATEDHITS,False,False,False,143,140438,584549838050.0,10,BID,SHORT,0.5
V,2026-06-15 14:08:36.827774+00:00,CALL,335.0,2026-06-26,103306,587,621,291,325.79,REPEATEDHITSDESCENDINGFILL,True,False,False,103306,0,584549838050.0,11,ASK,LONG,1.0
V,2026-06-11 19:29:35.069599+00:00,CALL,300.0,2026-11-20,573750,150,154,42,321.165,REPEATEDHITS,False,False,False,233325,22950,584549838050.0,162,ASK,LONG,1.0
V,2026-06-10 14:34:34.152141+00:00,CALL,320.0,2026-07-17,464195,422,435,292,320.645,REPEATEDHITS,True,False,False,464195,0,584549838050.0,37,ASK,LONG,1.0
V,2026-06-09 19:01:45.599940+00:00,CALL,320.0,2026-06-26,200340,200,206,53,324.82,REPEATEDHITS,False,False,False,2010,198330,584549838050.0,17,BID,SHORT,0.5
V,2026-06-09 17:09:07.205068+00:00,PUT,317.5,2026-06-18,199176,772,791,355,324.195,REPEATEDHITS,False,False,False,0,199176,584549838050.0,9,BID,LONG,0.5
V,2026-06-08 15:03:02.036679+00:00,CALL,320.0,2026-07-02,108527,118,125,42,321.8,REPEATEDHITSDESCENDINGFILL,True,False,False,104867,3660,584549838050.0,24,ASK,LONG,1.0
V,2026-06-03 14:03:57.734345+00:00,CALL,315.0,2026-08-21,338900,237,240,88,311.69,REPEATEDHITSDESCENDINGFILL,False,False,False,338900,0,584549838050.0,79,ASK,LONG,1.0
V,2026-06-02 15:49:32.763305+00:00,CALL,325.0,2026-06-26,212075,482,489,280,316.08,REPEATEDHITS,False,False,False,212075,0,584549838050.0,24,ASK,LONG,1.0
V,2026-06-02 14:03:21.409226+00:00,CALL,280.0,2028-12-15,597905,71,71,18,315.885,REPEATEDHITSDESCENDINGFILL,False,False,False,396385,201520,584549838050.0,927,ASK,LONG,1.0
V,2026-06-02 14:03:21.409226+00:00,CALL,280.0,2028-12-15,169590,20,91,18,315.885,REPEATEDHITSASCENDINGFILL,True,False,False,50725,118865,584549838050.0,927,BID,SHORT,0.5
V,2026-06-02 14:03:21.409226+00:00,CALL,270.0,2028-12-15,207800,23,23,19,315.885,REPEATEDHITS,False,False,False,135600,72200,584549838050.0,927,ASK,LONG,1.0
V,2026-06-02 13:55:30.729421+00:00,PUT,345.0,2026-08-21,190520,57,57,11,314.69,REPEATEDHITSASCENDINGFILL,True,False,False,93660,96860,584549838050.0,80,BID,LONG,0.5
V,2026-06-01 15:26:49.771252+00:00,PUT,310.0,2026-06-26,110950,317,329,103,320.55,REPEATEDHITS,False,False,False,107100,2100,584549838050.0,25,ASK,SHORT,1.0
V,2026-05-28 18:47:42.704975+00:00,PUT,305.0,2026-09-18,651480,732,743,613,322.875,REPEATEDHITS,False,False,False,12460,639020,584549838050.0,113,BID,LONG,0.5
V,2026-05-28 14:54:53.066118+00:00,CALL,325.0,2026-06-26,171897,219,226,14,323.49,REPEATEDHITSDESCENDINGFILL,False,False,False,169557,0,584549838050.0,29,ASK,LONG,1.0
V,2026-05-27 16:08:12.010774+00:00,PUT,330.0,2026-07-17,764867,739,748,320,329.77,REPEATEDHITS,False,False,False,0,764867,584549838050.0,51,BID,LONG,0.5
V,2026-05-18 14:50:24.852769+00:00,PUT,335.0,2026-06-05,144315,164,164,15,330.75,REPEATEDHITS,False,False,False,144315,0,584549838050.0,18,ASK,SHORT,1.0
V,2026-05-15 16:00:25.883957+00:00,PUT,320.0,2026-06-12,185331,367,367,19,326.67,REPEATEDHITS,False,False,False,185331,0,584549838050.0,28,ASK,SHORT,1.0
V,2026-05-13 16:30:50.918458+00:00,CALL,305.0,2026-06-26,186190,86,88,0,321.035,REPEATEDHITS,False,False,False,186190,0,584549838050.0,44,ASK,LONG,1.0
V,2026-05-11 18:59:27.157271+00:00,CALL,340.0,2026-06-12,119162,400,1501,175,323.56,REPEATEDHITSASCENDINGFILL,False,False,False,0,119162,584549838050.0,32,BID,SHORT,0.5
V,2026-05-11 17:33:42.250705+00:00,CALL,340.0,2026-06-12,300000,1000,1079,175,323.7701,REPEATEDHITS,False,False,False,272100,0,584549838050.0,32,ASK,LONG,1.0
VALE,2026-07-08 14:48:50.018391+00:00,CALL,13.0,2026-09-18,164989,1194,1221,919,14.055,REPEATEDHITSASCENDINGFILL,True,False,False,14982,150007,62708380271.0,72,BID,SHORT,0.5
VALE,2026-06-25 17:26:39.821865+00:00,CALL,16.0,2026-07-24,78624,3024,3801,882,15.155,REPEATEDHITS,False,False,False,0,78624,62708380271.0,29,BID,SHORT,0.5
VALE,2026-06-22 17:15:54.944768+00:00,PUT,16.0,2026-08-21,207389,2279,6576,0,15.765,REPEATEDHITS,False,False,False,63427,8463,62708380271.0,60,ASK,SHORT,1.0
VALE,2026-06-22 17:15:51.139810+00:00,PUT,16.0,2026-08-21,62192,676,3736,0,15.76,REPEATEDHITS,True,False,False,0,52256,62708380271.0,60,BID,LONG,0.5
VALE,2026-06-22 17:15:51.139810+00:00,PUT,16.0,2026-08-21,50960,560,4297,0,15.755,REPEATEDHITS,True,False,False,38675,12285,62708380271.0,60,ASK,SHORT,1.0
VALE,2026-06-22 15:40:42.123276+00:00,PUT,16.0,2026-08-21,89395,941,1411,0,15.7801,REPEATEDHITS,False,False,False,89395,0,62708380271.0,60,ASK,SHORT,1.0
VALE,2026-06-18 18:11:57.975289+00:00,PUT,13.0,2026-12-18,178360,2744,29105,483,15.445,REPEATEDHITS,True,False,False,67990,110370,62708380271.0,183,BID,LONG,0.5
VALE,2026-06-18 16:28:45.168737+00:00,PUT,13.0,2026-12-18,172445,2653,12476,483,15.385,REPEATEDHITS,False,False,False,0,27235,62708380271.0,183,BID,LONG,0.5
VALE,2026-06-18 16:28:35.960450+00:00,PUT,13.0,2026-12-18,107315,1651,9573,483,15.375,REPEATEDHITS,False,False,False,0,13260,62708380271.0,183,BID,LONG,0.5
VALE,2026-06-12 17:47:09.002742+00:00,CALL,15.0,2027-03-19,66501,300,300,220,15.67,REPEATEDHITS,False,False,False,66501,0,62708380271.0,280,ASK,LONG,1.0
VALE,2026-06-10 13:53:37.164396+00:00,CALL,16.0,2026-07-17,86485,2471,2472,2365,15.04,REPEATEDHITS,False,False,False,84770,0,62708380271.0,37,ASK,LONG,1.0
VALE,2026-06-04 19:03:01.873220+00:00,CALL,16.0,2026-06-12,62721,2323,2356,28,15.83,REPEATEDHITS,False,False,False,0,60372,62708380271.0,8,BID,SHORT,0.5
VALE,2026-05-26 15:02:30.278978+00:00,CALL,17.0,2026-07-17,186730,2630,2631,1620,16.5199,REPEATEDHITS,False,False,False,186730,0,62708380271.0,52,ASK,LONG,1.0
VALE,2026-05-22 16:27:35.916191+00:00,CALL,22.0,2027-01-15,72960,1824,27563,6,16.345,REPEATEDHITS,False,False,False,19040,0,62708380271.0,238,ASK,LONG,1.0
VALE,2026-05-22 16:25:22.324710+00:00,CALL,22.0,2027-01-15,147250,3875,25104,6,16.34,REPEATEDHITS,False,False,False,0,147250,62708380271.0,238,BID,SHORT,0.5
VALE,2026-05-22 16:13:55.829950+00:00,CALL,22.0,2027-01-15,74000,2000,16337,6,16.36,REPEATEDHITS,False,False,False,0,74000,62708380271.0,238,BID,SHORT,0.5
VALE,2026-05-22 15:50:55.898296+00:00,CALL,22.0,2027-01-15,60236,1628,7229,6,16.355,REPEATEDHITS,False,False,False,60236,0,62708380271.0,238,ASK,LONG,1.0
VALE,2026-05-15 14:52:01.954830+00:00,CALL,14.0,2026-12-18,833910,2926,2933,495,15.99,REPEATEDHITS,False,False,False,833910,0,62708380271.0,217,ASK,LONG,1.0
VALE,2026-05-14 17:56:21.605774+00:00,PUT,16.5,2026-06-12,95017,1862,1862,75,16.73,REPEATEDHITSDESCENDINGFILL,False,False,False,2860,86190,62708380271.0,29,BID,LONG,0.5
VALE,2026-05-08 18:34:53.744254+00:00,CALL,17.0,2027-06-17,100800,480,480,16,16.655,REPEATEDHITS,False,False,False,210,100590,62708380271.0,405,BID,SHORT,0.5
VCX,2026-07-08 15:09:41.639649+00:00,PUT,60.0,2026-08-21,12355,15,19,12,63.0,REPEATEDHITSDESCENDINGFILL,True,False,False,4150,8205,3260000000.0,44,BID,LONG,0.5
VCX,2026-07-06 15:01:29.471219+00:00,CALL,85.0,2026-07-17,13196,40,65,7,80.8,REPEATEDHITSASCENDINGFILL,False,False,False,0,13196,3260000000.0,11,BID,SHORT,0.5
VCX,2026-06-24 19:17:14.889998+00:00,CALL,80.0,2026-08-21,47700,30,30,0,83.5,REPEATEDHITS,False,False,False,0,41340,3260000000.0,58,BID,SHORT,0.5
VCX,2026-06-22 14:11:18.437327+00:00,PUT,80.0,2026-08-21,23250,15,15,0,92.605,REPEATEDHITS,False,False,False,23250,0,3260000000.0,60,ASK,SHORT,1.0
VCX,2026-06-18 18:46:58.694720+00:00,CALL,120.0,2026-07-17,55900,65,313,22,100.75,REPEATEDHITS,True,False,False,44720,11180,3260000000.0,29,ASK,LONG,1.0
VCX,2026-06-18 14:46:46.846100+00:00,CALL,120.0,2026-07-17,79120,92,233,22,99.15,REPEATEDHITS,False,False,False,79120,0,3260000000.0,29,ASK,LONG,1.0
VCX,2026-06-18 14:46:40.962040+00:00,CALL,120.0,2026-07-17,52460,61,140,22,99.15,REPEATEDHITS,False,False,False,29240,23220,3260000000.0,29,ASK,LONG,1.0
VCX,2026-06-15 18:09:56.647734+00:00,CALL,120.0,2026-06-18,17390,47,264,32,109.55,REPEATEDHITS,False,False,False,9250,4810,3260000000.0,3,ASK,LONG,1.0
VCX,2026-06-15 17:50:30.740691+00:00,CALL,120.0,2026-06-18,19980,54,136,32,110.5,REPEATEDHITS,False,False,False,7770,12210,3260000000.0,3,BID,SHORT,0.5
VCX,2026-06-15 16:09:19.687804+00:00,PUT,80.0,2026-07-17,115730,163,236,109,108.406,REPEATEDHITS,False,False,False,9940,105790,3260000000.0,32,BID,LONG,0.5
VCX,2026-06-15 15:39:33.642530+00:00,CALL,180.0,2026-07-17,14570,31,32,25,108.6,REPEATEDHITS,False,False,False,0,14570,3260000000.0,32,BID,SHORT,0.5
VCX,2026-06-15 14:38:33.437169+00:00,CALL,110.0,2026-06-18,15300,17,18,7,109.435,REPEATEDHITS,True,False,False,15300,0,3260000000.0,3,ASK,LONG,1.0
VCX,2026-06-12 13:56:55.707379+00:00,CALL,250.0,2027-01-15,72080,34,34,20,117.6237,REPEATEDHITS,False,False,False,72080,0,3260000000.0,217,ASK,LONG,1.0
VCX,2026-06-10 13:46:49.065184+00:00,CALL,145.0,2026-07-17,40460,14,20,5,149.5,REPEATEDHITS,True,False,False,8670,31790,3260000000.0,37,BID,SHORT,0.5
VCX,2026-06-10 13:40:54.470533+00:00,CALL,145.0,2026-07-17,17340,6,6,5,148.0579,REPEATEDHITS,False,False,False,14450,2890,3260000000.0,37,ASK,LONG,1.0
VCX,2026-06-02 15:45:39.610802+00:00,CALL,210.0,2026-06-18,85540,47,114,35,195.2477,REPEATEDHITS,False,False,False,49140,25480,3260000000.0,16,ASK,LONG,1.0
VCX,2026-06-02 15:45:32.801736+00:00,CALL,210.0,2026-06-18,119040,64,67,35,195.2477,REPEATEDHITS,False,False,False,83700,35340,3260000000.0,16,ASK,LONG,1.0
VCX,2026-06-02 15:13:30.126729+00:00,PUT,180.0,2026-07-17,263440,89,89,6,202.375,REPEATEDHITS,True,False,False,38480,224960,3260000000.0,45,BID,LONG,0.5
VCX,2026-06-01 17:57:50.836794+00:00,CALL,270.0,2026-07-17,254810,83,323,46,223.1922,REPEATEDHITS,False,False,False,0,254810,3260000000.0,46,BID,SHORT,0.5
VCX,2026-06-01 16:04:41.110205+00:00,CALL,270.0,2026-07-17,255360,100,159,46,210.205,REPEATEDHITSASCENDINGFILL,False,False,False,229860,25500,3260000000.0,46,ASK,LONG,1.0
VCX,2026-05-22 14:16:03.211583+00:00,PUT,210.0,2027-01-15,104000,10,10,0,276.05,REPEATEDHITS,False,False,False,31200,10400,3260000000.0,238,ASK,SHORT,1.0
VCX,2026-05-19 18:04:44.198985+00:00,CALL,280.0,2026-10-16,1862000,245,301,13,225.9598,REPEATEDHITS,False,False,False,1862000,0,3260000000.0,150,ASK,LONG,1.0
VCX,2026-05-19 17:20:44.611015+00:00,CALL,280.0,2026-10-16,418000,55,56,13,230.0,REPEATEDHITS,False,False,False,418000,0,3260000000.0,150,ASK,LONG,1.0
VCX,2026-05-13 17:55:50.306161+00:00,PUT,250.0,2026-06-18,33000,5,5,3,265.8232,REPEATEDHITS,False,False,False,13200,19800,3260000000.0,36,BID,LONG,0.5
VCX,2026-05-13 17:03:04.750463+00:00,PUT,200.0,2026-06-18,243200,76,84,31,272.95,REPEATEDHITS,False,False,False,51200,192000,3260000000.0,36,BID,LONG,0.5
VCX,2026-05-12 18:38:54.559021+00:00,CALL,400.0,2026-06-18,47519,9,23,0,296.495,REPEATEDHITS,False,False,False,47519,0,3260000000.0,37,ASK,LONG,1.0
VCX,2026-05-12 14:08:48.907432+00:00,CALL,230.0,2026-06-18,66500,10,13,4,236.9306,REPEATEDHITS,False,False,False,53200,13300,3260000000.0,37,ASK,LONG,1.0
VCX,2026-05-11 18:30:47.146251+00:00,CALL,320.0,2026-05-15,10800,10,52,2,250.0,REPEATEDHITS,False,False,False,0,10800,3260000000.0,4,BID,SHORT,0.5
VCX,2026-05-11 14:02:27.318197+00:00,CALL,260.0,2026-05-15,66000,22,33,6,257.592,REPEATEDHITS,False,False,False,66000,0,3260000000.0,4,ASK,LONG,1.0
VCX,2026-05-11 13:56:29.692875+00:00,CALL,300.0,2026-05-15,40000,20,25,10,260.985,REPEATEDHITS,False,False,False,40000,0,3260000000.0,4,ASK,LONG,1.0
VLO,2026-07-08 15:20:32.800982+00:00,CALL,360.0,2026-09-18,140062,467,467,13,281.33,REPEATEDHITSDESCENDINGFILL,False,False,False,137997,2065,79049445224.0,72,ASK,LONG,1.0
VLO,2026-07-08 13:39:39.126051+00:00,CALL,285.0,2026-08-07,93730,91,191,3,276.27,REPEATEDHITS,False,False,False,0,5150,79049445224.0,30,BID,SHORT,0.5
VLO,2026-07-08 13:38:58.654553+00:00,CALL,285.0,2026-08-07,50500,50,100,3,276.1,REPEATEDHITS,True,False,False,0,31310,79049445224.0,30,BID,SHORT,0.5
VLO,2026-07-02 15:33:42.943148+00:00,PUT,280.0,2026-09-18,121920,48,49,35,269.62,REPEATEDHITS,False,False,False,121920,0,79049445224.0,78,ASK,SHORT,1.0
VLO,2026-07-01 18:00:25.782895+00:00,PUT,280.0,2026-07-17,63640,37,76,12,266.505,REPEATEDHITS,False,False,False,0,43000,79049445224.0,16,BID,LONG,0.5
VLO,2026-07-01 17:51:11.172114+00:00,PUT,270.0,2026-07-31,60900,42,42,4,266.59,REPEATEDHITS,False,False,False,58000,0,79049445224.0,30,ASK,SHORT,1.0
VLO,2026-07-01 15:18:38.953179+00:00,CALL,267.5,2026-07-10,156600,261,461,4,265.645,REPEATEDHITS,False,False,False,156600,0,79049445224.0,9,ASK,LONG,1.0
VLO,2026-06-30 18:49:28.659729+00:00,PUT,257.5,2026-07-10,75600,140,140,2,260.425,REPEATEDHITS,False,False,False,75600,0,79049445224.0,10,ASK,SHORT,1.0
VLO,2026-06-30 14:12:16.865416+00:00,PUT,280.0,2026-09-18,67850,23,23,17,261.0756,REPEATEDHITS,False,False,False,0,67850,79049445224.0,80,BID,LONG,0.5
VLO,2026-06-29 19:42:59.471873+00:00,PUT,270.0,2026-08-21,66600,37,89,2,267.18,REPEATEDHITS,True,False,False,66600,0,79049445224.0,53,ASK,SHORT,1.0
VLO,2026-06-26 16:59:33.764172+00:00,CALL,260.0,2026-07-10,93840,136,184,45,257.68,REPEATEDHITS,False,False,False,0,93840,79049445224.0,14,BID,SHORT,0.5
VLO,2026-06-26 16:27:25.031218+00:00,PUT,252.5,2026-07-17,145855,221,221,25,258.46,REPEATEDHITS,False,False,False,145855,0,79049445224.0,21,ASK,SHORT,1.0
VLO,2026-06-25 15:23:43.268926+00:00,CALL,260.0,2026-07-02,114380,301,323,24,253.74,REPEATEDHITS,False,False,False,0,114380,79049445224.0,7,BID,SHORT,0.5
VLO,2026-06-25 14:00:42.031958+00:00,CALL,255.0,2026-07-02,155720,458,463,43,248.725,REPEATEDHITS,False,False,False,155720,0,79049445224.0,7,ASK,LONG,1.0
VLO,2026-06-24 18:17:45.030057+00:00,PUT,245.0,2026-07-02,209606,262,275,23,241.16,REPEATEDHITS,False,False,False,0,209606,79049445224.0,8,BID,LONG,0.5
VLO,2026-06-24 16:05:49.192649+00:00,PUT,237.5,2026-07-17,104411,143,144,74,241.75,REPEATEDHITSASCENDINGFILL,False,False,False,1480,102931,79049445224.0,23,BID,LONG,0.5
VLO,2026-06-24 14:32:08.009317+00:00,PUT,230.0,2026-08-21,67200,64,71,7,240.7005,REPEATEDHITS,True,False,False,67200,0,79049445224.0,58,ASK,SHORT,1.0
VLO,2026-06-23 16:10:59.974070+00:00,PUT,237.5,2026-07-17,51830,71,71,0,242.185,REPEATEDHITS,False,False,False,0,51830,79049445224.0,24,BID,LONG,0.5
VLO,2026-06-22 14:14:42.918568+00:00,PUT,245.0,2026-07-10,93130,67,67,11,235.8679,REPEATEDHITS,False,False,False,0,93130,79049445224.0,18,BID,LONG,0.5
VLO,2026-06-18 13:55:22.641549+00:00,PUT,210.0,2027-01-15,445500,297,297,135,234.01,REPEATEDHITS,False,False,False,0,445500,79049445224.0,211,BID,LONG,0.5
VLO,2026-06-11 16:31:28.706493+00:00,PUT,260.0,2026-07-10,161250,125,125,0,258.63,REPEATEDHITS,False,False,False,161250,0,79049445224.0,29,ASK,SHORT,1.0
VLO,2026-06-04 14:46:28.673395+00:00,PUT,257.5,2026-06-18,77000,100,112,39,259.97,REPEATEDHITS,False,False,False,0,77000,79049445224.0,14,BID,LONG,0.5
VLO,2026-06-01 19:18:14.083498+00:00,CALL,255.0,2026-06-18,227950,235,270,73,253.75,REPEATEDHITS,False,False,False,226980,970,79049445224.0,17,ASK,LONG,1.0
VLO,2026-05-29 17:49:06.005803+00:00,CALL,245.0,2026-06-26,83300,70,70,39,245.65,REPEATEDHITS,False,False,False,61880,20230,79049445224.0,28,ASK,LONG,1.0
VLO,2026-05-27 17:31:05.538788+00:00,CALL,237.5,2026-05-29,67320,99,463,5,242.62,REPEATEDHITS,False,False,False,10200,57120,79049445224.0,2,BID,SHORT,0.5
VLO,2026-05-27 16:39:26.800223+00:00,CALL,247.5,2026-06-05,52651,117,117,5,241.78,REPEATEDHITS,False,False,False,0,52651,79049445224.0,9,BID,SHORT,0.5
VLO,2026-05-27 15:08:40.895135+00:00,CALL,230.0,2026-07-17,68000,34,38,19,238.27,REPEATEDHITS,True,False,False,68000,0,79049445224.0,51,ASK,LONG,1.0
VLO,2026-05-22 19:59:15.466462+00:00,PUT,245.0,2026-05-29,113490,250,288,59,247.222,REPEATEDHITSASCENDINGFILL,False,False,False,112570,920,79049445224.0,7,ASK,SHORT,1.0
VLO,2026-05-20 17:44:11.301309+00:00,CALL,280.0,2027-01-15,284048,115,123,97,253.695,REPEATEDHITS,False,False,False,284048,0,79049445224.0,240,ASK,LONG,1.0
VLO,2026-05-20 14:41:02.501435+00:00,PUT,270.0,2026-06-18,591000,300,634,11,258.0,REPEATEDHITS,True,False,False,0,591000,79049445224.0,29,BID,LONG,0.5
VLO,2026-05-19 16:48:31.118399+00:00,CALL,310.0,2026-12-18,238731,138,142,14,261.4,REPEATEDHITSDESCENDINGFILL,False,False,False,235271,0,79049445224.0,213,ASK,LONG,1.0
VLO,2026-05-18 18:19:39.206289+00:00,CALL,310.0,2026-06-18,363308,3103,3113,3064,259.27,REPEATEDHITSDESCENDINGFILL,False,False,False,134,363174,79049445224.0,31,BID,SHORT,0.5
VLO,2026-05-15 17:35:28.421249+00:00,CALL,290.0,2026-07-17,170970,417,418,0,248.11,REPEATEDHITS,False,False,False,0,170970,79049445224.0,63,BID,SHORT,0.5
VLO,2026-05-15 15:04:23.498307+00:00,CALL,270.0,2026-07-17,629244,749,770,248,248.44,REPEATEDHITSASCENDINGFILL,True,False,False,0,553644,79049445224.0,63,BID,SHORT,0.5
VLO,2026-05-13 15:02:07.221964+00:00,CALL,250.0,2026-09-18,1252542,614,617,402,242.95,REPEATEDHITSDESCENDINGFILL,False,False,False,1252542,0,79049445224.0,128,ASK,LONG,1.0
VLO,2026-05-12 14:45:48.374662+00:00,PUT,250.0,2026-06-18,503703,365,365,182,247.49,REPEATEDHITSASCENDINGFILL,False,False,False,0,503703,79049445224.0,37,BID,LONG,0.5
VRTX,2026-07-08 14:50:11.369480+00:00,PUT,530.0,2026-07-31,79900,34,34,1,515.24,REPEATEDHITS,False,False,False,79900,0,132549879028.0,23,ASK,SHORT,1.0
VRTX,2026-07-08 14:49:38.903131+00:00,PUT,500.0,2026-08-21,57470,35,41,34,515.685,REPEATEDHITSASCENDINGFILL,True,False,False,3340,54130,132549879028.0,44,BID,LONG,0.5
VRTX,2026-07-08 14:16:30.182457+00:00,PUT,525.0,2026-07-31,128640,64,64,1,515.67,REPEATEDHITS,False,False,False,128640,0,132549879028.0,23,ASK,SHORT,1.0
VRTX,2026-07-07 16:24:53.661062+00:00,CALL,530.0,2026-07-31,87910,59,69,6,526.82,REPEATEDHITS,False,False,False,87910,0,132549879028.0,24,ASK,LONG,1.0
VRTX,2026-07-07 14:20:41.289732+00:00,CALL,525.0,2026-07-31,64759,51,51,3,516.47,REPEATEDHITSDESCENDINGFILL,False,False,False,63499,1260,132549879028.0,24,ASK,LONG,1.0
VRTX,2026-07-06 18:53:10.773650+00:00,CALL,540.0,2026-08-21,51040,22,22,20,529.6551,REPEATEDHITS,False,False,False,51040,0,132549879028.0,46,ASK,LONG,1.0
VRTX,2026-07-06 16:01:12.847018+00:00,CALL,520.0,2026-08-21,350400,120,124,72,524.71,REPEATEDHITS,False,False,False,116800,233600,132549879028.0,46,BID,SHORT,0.5
VRTX,2026-07-02 19:20:47.694113+00:00,PUT,550.0,2026-08-21,252800,64,64,0,524.64,REPEATEDHITS,False,False,False,252800,0,132549879028.0,50,ASK,SHORT,1.0
VRTX,2026-07-02 17:28:15.927840+00:00,PUT,495.0,2026-07-17,72813,208,208,7,518.54,REPEATEDHITSASCENDINGFILL,False,False,False,0,72813,132549879028.0,15,BID,LONG,0.5
VRTX,2026-07-02 15:58:22.394374+00:00,PUT,470.0,2026-08-21,71100,90,90,8,520.0,REPEATEDHITS,False,False,False,0,71100,132549879028.0,50,BID,LONG,0.5
VRTX,2026-07-02 15:23:37.547687+00:00,PUT,500.0,2027-01-15,436759,122,122,53,520.075,REPEATEDHITS,False,False,False,318619,0,132549879028.0,197,ASK,SHORT,1.0
VRTX,2026-07-02 15:09:37.490403+00:00,PUT,530.0,2026-10-16,361000,95,95,0,520.72,REPEATEDHITS,False,False,False,361000,0,132549879028.0,106,ASK,SHORT,1.0
VRTX,2026-07-02 14:49:25.119255+00:00,PUT,520.0,2026-07-24,228618,161,161,0,519.56,REPEATEDHITS,False,False,False,228618,0,132549879028.0,22,ASK,SHORT,1.0
VRTX,2026-06-30 18:56:49.565310+00:00,CALL,492.5,2026-07-02,80001,100,100,1,497.94,REPEATEDHITS,False,False,False,0,80001,132549879028.0,2,BID,SHORT,0.5
VRTX,2026-06-30 15:03:59.467945+00:00,PUT,500.0,2026-09-18,347270,121,126,32,497.33,REPEATEDHITS,False,False,False,0,347270,132549879028.0,80,BID,LONG,0.5
VRTX,2026-06-26 14:48:16.194168+00:00,CALL,525.0,2026-07-17,62220,122,124,0,501.98,REPEATEDHITS,False,False,False,62220,0,132549879028.0,21,ASK,LONG,1.0
VRTX,2026-06-25 14:21:19.120892+00:00,CALL,515.0,2026-07-17,69097,200,200,0,484.8,REPEATEDHITSASCENDINGFILL,True,False,False,69097,0,132549879028.0,22,ASK,LONG,1.0
VRTX,2026-06-24 18:18:29.094860+00:00,PUT,430.0,2026-10-16,62880,48,48,5,477.895,REPEATEDHITS,False,False,False,0,62880,132549879028.0,114,BID,LONG,0.5
VRTX,2026-06-23 17:29:47.671228+00:00,PUT,480.0,2026-06-26,193106,157,157,0,469.88,REPEATEDHITSDESCENDINGFILL,False,False,False,193106,0,132549879028.0,3,ASK,SHORT,1.0
VRTX,2026-06-22 16:43:15.322060+00:00,CALL,470.0,2026-07-02,96168,163,165,6,462.13,REPEATEDHITS,False,False,False,96168,0,132549879028.0,10,ASK,LONG,1.0
VRTX,2026-06-22 16:09:13.274662+00:00,PUT,465.0,2026-06-26,169680,168,168,32,458.815,REPEATEDHITS,False,False,False,169680,0,132549879028.0,4,ASK,SHORT,1.0
VRTX,2026-06-18 18:04:47.840924+00:00,CALL,450.0,2026-06-26,70200,78,78,38,453.27,REPEATEDHITS,False,False,False,70200,0,132549879028.0,8,ASK,LONG,1.0
VRTX,2026-06-18 16:13:49.052508+00:00,CALL,460.0,2026-07-17,143000,130,194,77,452.69,REPEATEDHITS,False,False,False,132000,11000,132549879028.0,29,ASK,LONG,1.0
VRTX,2026-06-12 16:40:37.788822+00:00,PUT,390.0,2026-10-16,84960,72,72,2,444.35,REPEATEDHITS,False,False,False,0,84960,132549879028.0,126,BID,LONG,0.5
VRTX,2026-06-04 15:27:07.354321+00:00,CALL,490.0,2026-09-18,125600,80,80,48,443.15,REPEATEDHITS,False,False,False,125600,0,132549879028.0,106,ASK,LONG,1.0
VRTX,2026-06-03 18:54:56.145707+00:00,PUT,425.0,2026-06-12,68820,111,118,28,428.02,REPEATEDHITS,False,False,False,0,68820,132549879028.0,9,BID,LONG,0.5
VRTX,2026-06-02 15:35:53.176659+00:00,CALL,420.0,2026-07-17,178620,78,78,30,427.25,REPEATEDHITS,False,False,False,178620,0,132549879028.0,45,ASK,LONG,1.0
VRTX,2026-06-01 15:57:10.873296+00:00,CALL,430.0,2026-06-26,116270,68,68,35,435.72,REPEATEDHITS,True,False,False,116270,0,132549879028.0,25,ASK,LONG,1.0
VRTX,2026-05-29 19:13:20.013561+00:00,CALL,445.0,2026-06-18,118300,91,92,2,446.535,REPEATEDHITS,False,False,False,118300,0,132549879028.0,20,ASK,LONG,1.0
VRTX,2026-05-28 15:43:44.726077+00:00,PUT,427.5,2026-06-18,83214,157,157,18,444.0,REPEATEDHITSASCENDINGFILL,False,False,False,0,83214,132549879028.0,21,BID,LONG,0.5
VRTX,2026-05-22 19:16:58.628450+00:00,CALL,432.5,2026-06-18,66700,46,46,43,434.27,REPEATEDHITS,True,False,False,0,66700,132549879028.0,27,BID,SHORT,0.5
VRTX,2026-05-21 19:24:26.154712+00:00,PUT,445.0,2026-06-12,76120,44,44,0,433.31,REPEATEDHITS,False,False,False,0,76120,132549879028.0,22,BID,LONG,0.5
VRTX,2026-05-21 17:32:28.405817+00:00,PUT,437.5,2026-06-18,52530,33,34,12,430.57,REPEATEDHITSASCENDINGFILL,True,False,False,52530,0,132549879028.0,28,ASK,SHORT,1.0
VRTX,2026-05-20 16:47:05.328683+00:00,CALL,432.5,2026-06-18,54180,42,44,3,429.67,REPEATEDHITS,True,False,False,54180,0,132549879028.0,29,ASK,LONG,1.0
VRTX,2026-05-18 15:05:28.147064+00:00,PUT,440.0,2026-05-22,73590,70,70,20,432.265,REPEATEDHITS,False,False,False,43050,30540,132549879028.0,4,ASK,SHORT,1.0
VRTX,2026-05-14 19:36:53.023886+00:00,CALL,455.0,2026-06-05,147150,135,135,6,451.4,REPEATEDHITS,True,False,False,147150,0,132549879028.0,22,ASK,LONG,1.0
VRTX,2026-05-13 15:02:16.244638+00:00,PUT,457.5,2026-05-22,129641,114,159,0,451.08,REPEATEDHITSASCENDINGFILL,False,False,False,0,129641,132549879028.0,9,BID,LONG,0.5
WDC,2026-07-08 14:45:53.118494+00:00,PUT,412.5,2026-07-17,68025,162,380,0,542.31,REPEATEDHITSDESCENDINGFILL,False,False,False,68025,0,183405361905.0,9,ASK,SHORT,1.0
WDC,2026-07-08 14:10:38.704256+00:00,PUT,532.5,2026-07-10,60065,41,44,38,552.2944,REPEATEDHITS,False,False,False,29300,14650,183405361905.0,2,ASK,SHORT,1.0
WDC,2026-07-07 19:55:38.616245+00:00,PUT,517.5,2026-07-10,92616,54,67,5,530.47,REPEATEDHITS,False,False,False,0,92616,183405361905.0,3,BID,LONG,0.5
WDC,2026-07-07 19:55:38.616245+00:00,CALL,532.5,2026-07-10,554430,248,278,4,530.47,REPEATEDHITSASCENDINGFILL,False,False,False,69435,484995,183405361905.0,3,BID,SHORT,0.5
WDC,2026-07-07 19:49:06.008749+00:00,CALL,665.0,2026-08-07,54800,20,20,7,527.805,REPEATEDHITS,False,False,False,49320,5480,183405361905.0,31,ASK,LONG,1.0
WDC,2026-07-07 17:26:33.086856+00:00,CALL,1140.0,2027-01-15,113510,30,45,23,529.935,REPEATEDHITSASCENDINGFILL,False,False,False,38150,75360,183405361905.0,192,BID,SHORT,0.5
WDC,2026-07-07 16:08:22.437862+00:00,CALL,700.0,2026-08-14,297000,110,110,2,527.0,REPEATEDHITS,False,False,False,0,183600,183405361905.0,38,BID,SHORT,0.5
WDC,2026-07-07 15:37:54.440427+00:00,PUT,340.0,2026-10-16,567615,202,264,91,525.02,REPEATEDHITS,False,False,False,564810,2805,183405361905.0,101,ASK,SHORT,1.0
WDC,2026-07-07 14:34:31.990719+00:00,PUT,360.0,2026-07-17,70459,249,431,162,517.79,REPEATEDHITS,False,False,False,70459,0,183405361905.0,10,ASK,SHORT,1.0
WDC,2026-07-07 14:22:48.687932+00:00,CALL,535.0,2026-07-10,144385,72,91,22,521.02,REPEATEDHITSASCENDINGFILL,True,False,False,72205,72180,183405361905.0,3,ASK,LONG,1.0
WDC,2026-07-06 19:42:02.787488+00:00,PUT,480.0,2026-07-10,59846,146,215,115,576.4,REPEATEDHITSDESCENDINGFILL,False,False,False,59846,0,183405361905.0,4,ASK,SHORT,1.0
WDC,2026-07-06 18:42:59.241565+00:00,PUT,440.0,2026-10-16,698140,134,135,60,574.06,REPEATEDHITS,False,False,False,698140,0,183405361905.0,102,ASK,SHORT,1.0
WDC,2026-07-02 19:44:38.918476+00:00,CALL,460.0,2026-07-24,404200,40,142,6,537.595,REPEATEDHITS,False,False,False,404200,0,183405361905.0,22,ASK,LONG,1.0
WDC,2026-07-02 17:47:41.095816+00:00,PUT,370.0,2026-08-21,322698,169,174,123,527.4862,REPEATEDHITSDESCENDINGFILL,False,False,False,320868,1830,183405361905.0,50,ASK,SHORT,1.0
WDC,2026-07-02 17:37:01.341307+00:00,PUT,500.0,2027-01-15,4221204,347,438,213,529.09,REPEATEDHITSDESCENDINGFILL,False,False,False,4221204,0,183405361905.0,197,ASK,SHORT,1.0
WDC,2026-07-02 17:36:33.687073+00:00,CALL,580.0,2026-07-24,160480,50,71,34,530.2767,REPEATEDHITSASCENDINGFILL,True,False,False,77155,83325,183405361905.0,22,BID,SHORT,0.5
WDC,2026-07-02 14:51:03.836419+00:00,PUT,560.0,2028-06-16,217116,9,42,7,563.79,REPEATEDHITS,False,False,False,24124,192992,183405361905.0,715,BID,LONG,0.5
WDC,2026-07-02 14:44:24.044311+00:00,CALL,590.0,2026-07-31,140000,28,58,13,567.61,REPEATEDHITS,False,False,False,0,0,183405361905.0,29,MIXED,,0.0
WDC,2026-07-01 19:24:27.053020+00:00,CALL,1060.0,2026-11-20,187100,40,43,22,601.54,REPEATEDHITSDESCENDINGFILL,False,False,False,140650,46450,183405361905.0,142,ASK,LONG,1.0
WDC,2026-07-01 18:00:29.790832+00:00,CALL,602.5,2026-07-02,95000,100,240,25,593.92,REPEATEDHITS,False,False,False,0,95000,183405361905.0,1,BID,SHORT,0.5
WDC,2026-07-01 17:18:50.626740+00:00,CALL,715.0,2026-07-31,64380,21,22,5,598.01,REPEATEDHITSDESCENDINGFILL,False,False,False,58275,6105,183405361905.0,30,ASK,LONG,1.0
WDC,2026-07-01 17:09:21.764479+00:00,PUT,500.0,2026-08-21,4049268,1000,3040,493,597.93,REPEATEDHITSDESCENDINGFILL,False,False,False,113844,3935424,183405361905.0,51,BID,LONG,0.5
WDC,2026-07-01 14:38:41.694891+00:00,PUT,500.0,2026-08-21,2485000,568,2010,493,592.975,REPEATEDHITS,True,False,False,0,2485000,183405361905.0,51,BID,LONG,0.5
WDC,2026-07-01 14:30:25.466256+00:00,PUT,405.0,2026-08-07,50950,50,70,24,599.46,REPEATEDHITSDESCENDINGFILL,False,False,False,40900,10050,183405361905.0,37,ASK,SHORT,1.0
WDC,2026-07-01 14:30:25.466256+00:00,PUT,400.0,2026-08-07,56250,60,70,15,599.46,REPEATEDHITS,False,False,False,28900,27350,183405361905.0,37,ASK,SHORT,1.0
WDC,2026-06-30 19:57:36.789409+00:00,PUT,590.0,2026-07-17,792400,283,310,162,638.87,REPEATEDHITS,False,False,False,792400,0,183405361905.0,17,ASK,SHORT,1.0
WDC,2026-06-30 18:55:04.850686+00:00,PUT,630.0,2026-07-10,310012,100,324,43,644.01,REPEATEDHITSASCENDINGFILL,False,False,False,0,310012,183405361905.0,10,BID,LONG,0.5
WDC,2026-06-30 18:02:54.499677+00:00,PUT,600.0,2026-07-10,417370,196,797,194,639.985,REPEATEDHITSDESCENDINGFILL,True,False,False,208480,206810,183405361905.0,10,ASK,SHORT,1.0
WDC,2026-06-30 15:24:02.704144+00:00,CALL,830.0,2026-08-21,157962,39,71,26,641.56,REPEATEDHITSDESCENDINGFILL,False,False,False,0,157962,183405361905.0,52,BID,SHORT,0.5
WDC,2026-06-29 18:43:13.437115+00:00,PUT,585.0,2026-07-02,53420,89,126,73,650.865,REPEATEDHITSASCENDINGFILL,False,False,False,0,53420,183405361905.0,3,BID,LONG,0.5
WDC,2026-06-29 18:05:47.930684+00:00,PUT,230.0,2028-12-15,86340,15,15,14,648.74,REPEATEDHITSDESCENDINGFILL,False,False,False,69105,17235,183405361905.0,900,ASK,SHORT,1.0
WDC,2026-06-29 16:20:54.162176+00:00,CALL,1100.0,2028-01-21,448798,23,24,6,644.85,REPEATEDHITS,False,False,False,253500,195298,183405361905.0,571,ASK,LONG,1.0
WDC,2026-06-29 16:04:45.063116+00:00,PUT,560.0,2026-09-18,886741,118,152,44,638.92,REPEATEDHITSDESCENDINGFILL,False,False,False,849191,37550,183405361905.0,81,ASK,SHORT,1.0
WDC,2026-06-29 15:11:45.298447+00:00,CALL,577.5,2026-07-02,302400,56,58,35,620.465,REPEATEDHITS,True,False,False,0,302400,183405361905.0,3,BID,SHORT,0.5
WDC,2026-06-29 14:33:10.311685+00:00,CALL,560.0,2026-07-02,450002,75,78,37,611.56,REPEATEDHITS,True,False,False,0,450002,183405361905.0,3,BID,SHORT,0.5
WDC,2026-06-29 13:36:11.753350+00:00,PUT,507.5,2026-07-10,78490,80,81,2,605.6601,REPEATEDHITSASCENDINGFILL,True,False,False,27685,50805,183405361905.0,11,BID,LONG,0.5
WDC,2026-06-26 19:36:28.039427+00:00,PUT,567.5,2026-07-02,268715,134,137,57,587.575,REPEATEDHITSASCENDINGFILL,True,False,False,132385,136330,183405361905.0,6,BID,LONG,0.5
WDC,2026-06-26 19:33:09.753117+00:00,CALL,720.0,2026-08-07,102970,27,67,0,587.25,REPEATEDHITSASCENDINGFILL,True,False,False,7750,95220,183405361905.0,42,BID,SHORT,0.5
WDC,2026-06-26 18:41:56.810516+00:00,CALL,607.5,2026-07-02,110000,55,69,0,584.42,REPEATEDHITS,False,False,False,42000,68000,183405361905.0,6,BID,SHORT,0.5
WDC,2026-06-26 18:29:39.465246+00:00,PUT,490.0,2026-07-02,93520,215,397,147,582.88,REPEATEDHITSDESCENDINGFILL,False,False,False,93520,0,183405361905.0,6,ASK,SHORT,1.0
WDC,2026-06-26 18:05:48.973704+00:00,CALL,592.5,2026-07-02,68880,24,31,2,589.865,REPEATEDHITS,True,False,False,68880,0,183405361905.0,6,ASK,LONG,1.0
WDC,2026-06-26 18:05:01.717603+00:00,PUT,490.0,2026-07-02,57506,162,174,147,589.3,REPEATEDHITSDESCENDINGFILL,False,False,False,57506,0,183405361905.0,6,ASK,SHORT,1.0
WDC,2026-06-26 16:46:45.175875+00:00,PUT,505.0,2026-07-02,85193,213,246,78,603.3025,REPEATEDHITSDESCENDINGFILL,False,False,False,85193,0,183405361905.0,6,ASK,SHORT,1.0
WDC,2026-06-26 15:45:55.012412+00:00,CALL,690.0,2026-07-02,87213,163,187,85,602.12,REPEATEDHITSASCENDINGFILL,False,False,False,0,87213,183405361905.0,6,BID,SHORT,0.5
WDC,2026-06-26 14:05:29.447632+00:00,PUT,605.0,2026-07-02,209974,95,111,71,624.6489,REPEATEDHITSASCENDINGFILL,False,False,False,2225,207749,183405361905.0,6,BID,LONG,0.5
WDC,2026-06-25 16:58:26.388237+00:00,CALL,1060.0,2027-06-17,247260,15,16,11,684.08,REPEATEDHITSDESCENDINGFILL,False,False,False,247260,0,183405361905.0,357,ASK,LONG,1.0
WDC,2026-06-25 16:51:24.857005+00:00,CALL,860.0,2026-07-24,106380,45,67,7,683.5,REPEATEDHITSASCENDINGFILL,False,False,False,21375,63585,183405361905.0,29,BID,SHORT,0.5
WDC,2026-06-25 15:40:37.164416+00:00,CALL,660.0,2026-07-17,1499847,198,220,120,678.89,REPEATEDHITS,False,False,False,1484697,0,183405361905.0,22,ASK,LONG,1.0
WDC,2026-06-25 15:39:09.833480+00:00,CALL,750.0,2026-07-24,864485,176,217,138,680.24,REPEATEDHITSDESCENDINGFILL,False,False,False,434145,430340,183405361905.0,29,ASK,LONG,1.0
WDC,2026-06-25 15:14:41.404718+00:00,PUT,600.0,2026-07-02,334548,246,521,208,671.285,REPEATEDHITSDESCENDINGFILL,False,False,False,334548,0,183405361905.0,7,ASK,SHORT,1.0
WULF,2026-07-07 19:50:07.500483+00:00,CALL,21.5,2026-07-10,12000,250,1299,167,20.195,REPEATEDHITS,False,False,False,96,11904,10029580735.0,3,BID,SHORT,0.5
WULF,2026-07-07 18:56:27.330552+00:00,CALL,22.5,2026-07-17,35500,500,748,147,20.125,REPEATEDHITS,False,False,False,0,33441,10029580735.0,10,BID,SHORT,0.5
WULF,2026-07-07 17:47:21.942662+00:00,CALL,24.0,2026-09-18,4607000,17000,23361,452,20.685,FLOORTRADELARGECAP,False,True,True,4607000,0,10029580735.0,73,ASK,LONG,1.0
WULF,2026-07-07 16:44:26.257458+00:00,CALL,27.0,2026-10-16,64856,268,4573,184,20.4701,REPEATEDHITS,False,False,False,4598,60258,10029580735.0,101,BID,SHORT,0.5
WULF,2026-07-07 16:35:30.206355+00:00,CALL,27.0,2026-10-16,46305,189,3420,184,20.57,REPEATEDHITS,False,False,False,46305,0,10029580735.0,101,ASK,LONG,1.0
WULF,2026-07-07 16:35:30.206355+00:00,CALL,27.0,2026-10-16,49245,201,3681,184,20.585,REPEATEDHITS,False,False,False,49245,0,10029580735.0,101,ASK,LONG,1.0
WULF,2026-07-07 16:35:22.800106+00:00,CALL,27.0,2026-10-16,127155,519,3231,184,20.56,REPEATEDHITS,False,False,False,85505,0,10029580735.0,101,ASK,LONG,1.0
WULF,2026-07-07 16:34:45.164329+00:00,CALL,27.0,2026-10-16,128380,524,2678,184,20.545,REPEATEDHITS,False,False,False,0,128380,10029580735.0,101,BID,SHORT,0.5
WULF,2026-07-07 16:32:02.944119+00:00,CALL,27.0,2026-10-16,183762,747,1747,184,20.555,REPEATEDHITS,False,False,False,0,156456,10029580735.0,101,BID,SHORT,0.5
WULF,2026-07-07 16:31:48.325464+00:00,CALL,27.0,2026-10-16,126690,515,556,184,20.53,REPEATEDHITS,False,False,False,38622,68142,10029580735.0,101,BID,SHORT,0.5
WULF,2026-07-07 16:00:50.586731+00:00,CALL,24.5,2026-07-24,26248,386,397,200,20.29,REPEATEDHITS,False,False,False,26248,0,10029580735.0,17,ASK,LONG,1.0
WULF,2026-07-07 15:08:36.692735+00:00,CALL,20.5,2026-07-10,18750,250,599,82,19.87,REPEATEDHITS,False,False,False,18750,0,10029580735.0,3,ASK,LONG,1.0
WULF,2026-07-07 14:41:32.730084+00:00,CALL,19.5,2026-07-10,37228,454,580,7,19.155,REPEATEDHITS,True,False,False,36900,0,10029580735.0,3,ASK,LONG,1.0
WULF,2026-07-06 15:23:08.980325+00:00,CALL,24.5,2026-07-17,43684,268,1171,132,23.755,REPEATEDHITS,False,False,False,43684,0,10029580735.0,11,ASK,LONG,1.0
WULF,2026-07-06 14:59:20.441517+00:00,CALL,35.0,2026-08-07,75400,1450,1454,66,24.13,FLOORTRADELARGECAP,False,True,False,0,75400,10029580735.0,32,BID,SHORT,0.5
WULF,2026-07-06 14:07:41.456224+00:00,PUT,24.0,2026-07-10,69750,450,675,331,23.74,REPEATEDHITS,False,False,False,17205,0,10029580735.0,4,ASK,SHORT,1.0
WULF,2026-07-02 19:29:58.693072+00:00,CALL,23.0,2026-07-10,46500,750,2307,170,20.99,REPEATEDHITS,False,False,False,0,46500,10029580735.0,8,BID,SHORT,0.5
WULF,2026-07-02 19:28:36.857249+00:00,CALL,20.0,2026-07-10,39312,208,3291,61,20.8999,REPEATEDHITS,False,False,False,39312,0,10029580735.0,8,ASK,LONG,1.0
WULF,2026-07-02 17:57:03.383837+00:00,CALL,23.5,2026-07-10,49000,1000,3886,907,20.79,FLOORTRADELARGECAP,False,True,False,49000,0,10029580735.0,8,ASK,LONG,1.0
WULF,2026-07-02 16:36:34.033990+00:00,CALL,22.5,2026-07-10,14898,191,736,13,21.02,REPEATEDHITS,False,False,False,14898,0,10029580735.0,8,ASK,LONG,1.0
WULF,2026-07-02 15:55:23.176204+00:00,CALL,22.5,2026-07-10,17808,212,451,13,21.31,REPEATEDHITS,False,False,False,7140,7392,10029580735.0,8,BID,SHORT,0.5
WULF,2026-07-02 15:54:25.915676+00:00,CALL,22.5,2026-07-10,11088,132,184,13,21.3199,REPEATEDHITS,False,False,False,10248,840,10029580735.0,8,ASK,LONG,1.0
WULF,2026-07-02 14:44:32.863167+00:00,PUT,20.5,2026-07-10,53592,696,735,622,21.78,REPEATEDHITS,False,False,False,53592,0,10029580735.0,8,ASK,SHORT,1.0
WULF,2026-07-01 19:59:40.831799+00:00,CALL,24.0,2026-07-10,25460,190,3134,87,23.615,REPEATEDHITS,False,False,False,25460,0,10029580735.0,9,ASK,LONG,1.0
WULF,2026-07-01 19:59:21.797815+00:00,CALL,24.0,2026-07-10,93634,709,2934,87,23.58,REPEATEDHITSASCENDINGFILL,True,False,False,29350,64284,10029580735.0,9,BID,SHORT,0.5
WULF,2026-07-01 19:59:21.797815+00:00,CALL,24.0,2026-07-10,28274,214,2148,87,23.58,REPEATEDHITS,False,False,False,28274,0,10029580735.0,9,ASK,LONG,1.0
WULF,2026-07-01 19:56:04.819873+00:00,CALL,25.0,2026-07-10,59048,671,14776,625,23.48,REPEATEDHITS,False,False,False,56320,2200,10029580735.0,9,ASK,LONG,1.0
WULF,2026-07-01 19:51:15.701747+00:00,CALL,23.0,2026-07-02,24474,275,1630,194,23.465,REPEATEDHITS,False,False,False,24474,0,10029580735.0,1,ASK,LONG,1.0
WULF,2026-07-01 19:35:44.826353+00:00,CALL,25.0,2026-07-10,189659,2131,6480,625,23.52,REPEATEDHITS,False,False,False,108135,81524,10029580735.0,9,ASK,LONG,1.0
WULF,2026-07-01 15:03:21.275048+00:00,CALL,23.5,2026-07-10,26096,233,659,14,22.6299,REPEATEDHITS,True,False,False,26096,0,10029580735.0,9,ASK,LONG,1.0
WULF,2026-07-01 15:03:09.432952+00:00,PUT,21.5,2026-07-24,22575,129,129,75,22.59,REPEATEDHITS,True,False,False,175,22400,10029580735.0,23,BID,LONG,0.5
WULF,2026-07-01 15:03:09.432952+00:00,PUT,22.0,2026-07-24,34848,176,178,63,22.59,REPEATEDHITS,True,False,False,198,34650,10029580735.0,23,BID,LONG,0.5
WULF,2026-07-01 14:48:23.503671+00:00,CALL,23.0,2026-07-10,10080,84,244,11,22.335,REPEATEDHITS,False,False,False,10080,0,10029580735.0,9,ASK,LONG,1.0
WULF,2026-07-01 14:24:27.598865+00:00,CALL,23.5,2026-07-10,17822,134,408,14,23.115,REPEATEDHITS,False,False,False,15029,0,10029580735.0,9,ASK,LONG,1.0
WULF,2026-07-01 14:07:25.366942+00:00,CALL,23.0,2026-07-10,17222,109,109,11,23.12,REPEATEDHITS,True,False,False,0,14852,10029580735.0,9,BID,SHORT,0.5
WULF,2026-07-01 13:56:55.231942+00:00,CALL,29.5,2026-07-31,32366,350,350,8,23.34,REPEATEDHITSASCENDINGFILL,False,False,False,32366,0,10029580735.0,30,ASK,LONG,1.0
WULF,2026-06-30 19:48:58.926261+00:00,PUT,20.0,2026-07-02,10362,1727,2046,101,24.77,REPEATEDHITS,False,False,False,10362,0,10029580735.0,2,ASK,SHORT,1.0
WULF,2026-06-30 17:57:31.101874+00:00,CALL,25.5,2026-07-17,253995,1239,1247,116,25.095,REPEATEDHITS,False,False,False,253995,0,10029580735.0,17,ASK,LONG,1.0
WULF,2026-06-30 17:24:34.422993+00:00,PUT,22.0,2026-07-10,52460,860,982,34,24.725,REPEATEDHITS,False,False,False,52460,0,10029580735.0,10,ASK,SHORT,1.0
WULF,2026-06-30 15:26:54.103742+00:00,PUT,22.5,2026-07-10,62140,956,957,146,25.2001,REPEATEDHITS,False,False,False,62140,0,10029580735.0,10,ASK,SHORT,1.0
WULF,2026-06-29 19:56:25.391985+00:00,PUT,18.0,2026-07-31,26279,653,3684,74,25.68,REPEATEDHITSDESCENDINGFILL,False,False,False,26279,0,10029580735.0,32,ASK,SHORT,1.0
WULF,2026-06-29 19:42:27.822751+00:00,CALL,24.5,2026-07-31,11490,30,37,5,25.88,REPEATEDHITS,False,False,False,11490,0,10029580735.0,32,ASK,LONG,1.0
WULF,2026-06-29 19:11:30.701773+00:00,CALL,25.5,2026-07-02,63360,576,1253,137,25.46,REPEATEDHITS,True,False,False,12100,51260,10029580735.0,3,BID,SHORT,0.5
WULF,2026-06-29 19:04:16.709110+00:00,CALL,24.0,2026-07-02,30078,150,299,140,25.395,REPEATEDHITS,False,False,False,11070,19008,10029580735.0,3,BID,SHORT,0.5
WULF,2026-06-29 14:10:43.857219+00:00,CALL,24.5,2026-07-02,49500,450,451,73,24.35,REPEATEDHITS,True,False,False,35860,12320,10029580735.0,3,ASK,LONG,1.0
WULF,2026-06-29 13:49:40.044078+00:00,CALL,29.5,2026-07-10,10494,159,161,87,26.06,REPEATEDHITS,False,False,False,0,10494,10029580735.0,11,BID,SHORT,0.5
WULF,2026-06-26 19:47:40.987434+00:00,CALL,28.0,2026-07-02,27500,500,2015,420,26.05,REPEATEDHITS,False,False,False,0,27500,10029580735.0,6,BID,SHORT,0.5
WULF,2026-06-26 18:57:13.536668+00:00,CALL,26.5,2026-06-26,13972,1996,4825,731,26.18,REPEATEDHITS,False,False,False,13972,0,10029580735.0,0,ASK,LONG,1.0
WULF,2026-06-26 18:03:21.404502+00:00,CALL,28.5,2026-07-02,31482,477,574,476,26.62,REPEATEDHITS,False,False,False,31416,0,10029580735.0,6,ASK,LONG,1.0
WULF,2026-06-26 15:44:49.304479+00:00,CALL,26.5,2026-07-02,40950,450,629,219,25.58,REPEATEDHITS,False,False,False,40950,0,10029580735.0,6,ASK,LONG,1.0
XERS,2026-07-07 19:38:36.743077+00:00,CALL,10.0,2026-07-17,10011,500,7292,344,8.875,REPEATEDHITSASCENDINGFILL,True,False,False,0,10011,1543419972.0,10,BID,SHORT,0.5
XERS,2026-07-07 16:28:48.307186+00:00,CALL,10.0,2026-07-17,15059,1004,2013,344,8.92,REPEATEDHITS,False,False,False,15059,0,1543419972.0,10,ASK,LONG,1.0
XLE,2026-07-08 16:01:52.848229+00:00,CALL,56.0,2026-07-10,87880,1690,12911,1261,55.925,REPEATEDHITS,False,False,False,0,87880,54.668924,2,BID,SHORT,0.5
XLE,2026-07-08 14:37:51.421721+00:00,CALL,57.5,2026-07-17,188775,4195,14685,1354,55.69,REPEATEDHITS,False,False,False,188775,0,54.668924,9,ASK,LONG,1.0
XLE,2026-07-08 14:26:57.336484+00:00,CALL,57.5,2026-07-17,50400,1440,5248,1354,55.46,REPEATEDHITS,False,False,False,50400,0,54.668924,9,ASK,LONG,1.0
XLE,2026-07-08 14:22:13.905941+00:00,CALL,56.5,2026-07-10,114936,4789,4976,1846,55.47,REPEATEDHITS,False,False,False,0,114936,54.668924,2,BID,SHORT,0.5
XLE,2026-07-08 13:43:23.035820+00:00,CALL,55.0,2026-07-10,349184,5632,5860,3069,55.05,REPEATEDHITS,False,False,False,0,349184,54.668924,2,BID,SHORT,0.5
XLE,2026-07-07 19:37:50.643006+00:00,CALL,56.0,2026-07-31,963650,8866,20740,71,54.725,SWEEPSFOLLOWEDBYFLOOR,True,True,False,818030,145620,54.668924,24,ASK,LONG,1.0
XLE,2026-07-07 19:37:31.984648+00:00,CALL,56.0,2026-07-31,49640,465,11101,71,54.715,REPEATEDHITSDESCENDINGFILL,True,False,False,40054,3601,54.668924,24,ASK,LONG,1.0
XLE,2026-07-07 19:37:11.951124+00:00,CALL,56.0,2026-07-31,563817,5182,10636,71,54.71,REPEATEDHITSASCENDINGFILL,False,False,False,68240,495577,54.668924,24,BID,SHORT,0.5
XLE,2026-07-07 19:37:01.220486+00:00,CALL,56.0,2026-07-31,575179,5403,5453,71,54.705,REPEATEDHITSASCENDINGFILL,True,False,False,160038,415141,54.668924,24,BID,SHORT,0.5
XLE,2026-07-07 19:22:20.441928+00:00,CALL,55.5,2026-07-10,43000,1000,9645,508,54.675,REPEATEDHITS,True,False,False,43000,0,54.668924,3,ASK,LONG,1.0
XLE,2026-07-07 19:19:17.583087+00:00,CALL,90.0,2028-12-15,185741,1161,1201,606,54.775,REPEATEDHITS,True,False,False,182718,2864,54.668924,892,ASK,LONG,1.0
XLE,2026-07-07 19:16:48.500157+00:00,CALL,55.5,2026-07-10,22520,563,7706,508,54.66,REPEATEDHITS,True,False,False,18800,3680,54.668924,3,ASK,LONG,1.0
XLE,2026-07-07 19:14:04.874686+00:00,CALL,56.0,2026-07-10,17622,801,1025,424,54.56,REPEATEDHITS,False,False,False,4400,13222,54.668924,3,BID,SHORT,0.5
XLE,2026-07-07 19:02:45.275670+00:00,CALL,65.0,2026-08-21,35372,2722,2790,2140,54.54,REPEATEDHITSDESCENDINGFILL,True,False,False,35306,66,54.668924,45,ASK,LONG,1.0
XLE,2026-07-07 18:54:36.563743+00:00,CALL,57.5,2026-07-17,16172,1244,1263,128,54.26,REPEATEDHITS,False,False,False,16172,0,54.668924,10,ASK,LONG,1.0
XLE,2026-07-07 18:50:20.149723+00:00,CALL,55.0,2026-08-14,25740,180,184,4,54.2,REPEATEDHITS,False,False,False,25740,0,54.668924,38,ASK,LONG,1.0
XLE,2026-07-07 13:46:48.394669+00:00,CALL,55.0,2026-08-07,640205,5567,5577,72,53.97,REPEATEDHITS,False,False,False,638940,1265,54.668924,31,ASK,LONG,1.0
XLE,2026-07-06 16:01:10.441359+00:00,PUT,53.0,2026-07-24,132446,1409,1432,225,53.195,REPEATEDHITS,False,False,False,132446,0,54.668924,18,ASK,SHORT,1.0
XLE,2026-07-06 15:21:42.847652+00:00,CALL,55.0,2026-10-16,310575,1515,1557,98,53.38,REPEATEDHITS,False,False,False,310575,0,54.668924,102,ASK,LONG,1.0
XLE,2026-07-02 19:55:43.936242+00:00,PUT,51.5,2026-07-10,16360,818,1081,571,53.12,REPEATEDHITS,False,False,False,12700,3660,54.668924,8,ASK,SHORT,1.0
XLE,2026-07-02 17:29:03.779270+00:00,CALL,53.0,2026-07-10,17228,236,4453,132,53.115,REPEATEDHITS,True,False,False,0,16644,54.668924,8,BID,SHORT,0.5
XLE,2026-07-02 13:52:52.406004+00:00,CALL,54.0,2026-07-10,187935,3685,3914,456,53.5848,REPEATEDHITS,False,False,False,187935,0,54.668924,8,ASK,LONG,1.0
XLE,2026-07-02 13:38:05.145697+00:00,PUT,53.0,2026-07-02,14000,1000,1012,949,53.2,REPEATEDHITS,True,False,False,602,0,54.668924,0,ASK,SHORT,1.0
XLE,2026-07-01 19:13:14.658001+00:00,PUT,52.5,2026-07-17,73584,876,1024,200,52.81,REPEATEDHITS,True,False,False,73584,0,54.668924,16,ASK,SHORT,1.0
XLE,2026-07-01 17:07:25.050068+00:00,CALL,60.0,2026-10-16,293527,4381,4496,3557,52.89,REPEATEDHITS,False,False,False,0,293527,54.668924,107,BID,SHORT,0.5
XLE,2026-06-29 19:46:54.862003+00:00,CALL,54.5,2026-07-17,24675,329,410,73,53.5727,REPEATEDHITS,False,False,False,23100,1575,54.668924,18,ASK,LONG,1.0
XLE,2026-06-26 17:54:35.575813+00:00,PUT,52.0,2026-07-10,26944,842,984,410,53.865,REPEATEDHITS,False,False,False,26944,0,54.668924,14,ASK,SHORT,1.0
XLE,2026-06-26 13:40:41.087929+00:00,PUT,51.0,2026-10-16,15048,99,184,40,53.94,REPEATEDHITS,False,False,False,15048,0,54.668924,112,ASK,SHORT,1.0
XLE,2026-06-25 17:36:36.910194+00:00,PUT,53.0,2026-07-02,17632,464,538,133,53.875,REPEATEDHITS,False,False,False,17632,0,54.668924,7,ASK,SHORT,1.0
XLE,2026-06-25 17:00:13.104131+00:00,PUT,52.5,2026-07-02,10200,425,429,265,53.94,REPEATEDHITS,False,False,False,10200,0,54.668924,7,ASK,SHORT,1.0
XLE,2026-06-25 15:21:00.844879+00:00,PUT,54.0,2026-06-26,64830,2161,2236,1027,54.2,REPEATEDHITS,False,False,False,0,64830,54.668924,1,BID,LONG,0.5
XLE,2026-06-25 14:08:38.969939+00:00,PUT,57.5,2026-09-30,101985,217,220,27,53.935,REPEATEDHITS,True,False,False,101985,0,54.668924,97,ASK,SHORT,1.0
XLE,2026-06-24 19:29:39.024675+00:00,CALL,69.0,2026-10-16,45441,2673,2696,40,53.405,REPEATEDHITS,False,False,False,0,44795,54.668924,114,BID,SHORT,0.5
XLE,2026-06-24 17:08:18.750632+00:00,PUT,52.0,2026-07-02,153580,5485,9992,454,53.49,REPEATEDHITS,False,False,False,153580,0,54.668924,8,ASK,SHORT,1.0
XLE,2026-06-24 16:10:10.107039+00:00,CALL,54.0,2026-08-21,640872,3483,19998,1208,53.245,REPEATEDHITS,False,False,False,640688,184,54.668924,58,ASK,LONG,1.0
XLE,2026-06-24 15:32:05.612690+00:00,CALL,54.0,2026-06-30,107660,3076,5920,455,53.215,REPEATEDHITS,False,False,False,107660,0,54.668924,6,ASK,LONG,1.0
XLE,2026-06-24 14:44:13.317208+00:00,CALL,54.0,2026-06-30,102418,2498,2622,455,53.37,REPEATEDHITS,False,False,False,102418,0,54.668924,6,ASK,LONG,1.0
XLE,2026-06-24 14:03:56.451364+00:00,PUT,52.0,2026-07-02,110025,4401,4421,454,53.64,REPEATEDHITS,False,False,False,110025,0,54.668924,8,ASK,SHORT,1.0
XLE,2026-06-24 13:56:43.577096+00:00,CALL,53.5,2026-07-17,10224,71,72,19,53.68,REPEATEDHITS,False,False,False,0,10224,54.668924,23,BID,SHORT,0.5
XLE,2026-06-24 13:44:59.097573+00:00,CALL,54.0,2026-08-21,776685,3983,4087,1208,53.46,REPEATEDHITS,False,False,False,776685,0,54.668924,58,ASK,LONG,1.0
XLE,2026-06-23 19:02:25.469172+00:00,CALL,53.0,2026-10-16,557866,1449,1550,92,54.42,REPEATEDHITS,False,False,False,0,557866,54.668924,115,BID,SHORT,0.5
XLE,2026-06-23 18:47:40.523138+00:00,CALL,56.0,2026-10-16,139337,583,590,27,54.5087,REPEATEDHITS,False,False,False,239,139098,54.668924,115,BID,SHORT,0.5
XLE,2026-06-23 15:33:46.939943+00:00,CALL,60.0,2026-10-16,331320,3012,3027,845,54.285,REPEATEDHITS,False,False,False,0,331320,54.668924,115,BID,SHORT,0.5
XLE,2026-06-23 15:22:24.514996+00:00,CALL,58.5,2026-07-17,28000,1000,1000,41,54.415,REPEATEDHITS,False,False,False,28000,0,54.668924,24,ASK,LONG,1.0
XLE,2026-06-23 14:41:18.790629+00:00,PUT,55.0,2026-10-16,1766207,5607,5631,3799,54.15,REPEATEDHITS,False,False,False,0,1766207,54.668924,115,BID,LONG,0.5
XLE,2026-06-23 14:18:29.741470+00:00,CALL,59.0,2026-10-16,544068,4318,4330,190,54.1,REPEATEDHITS,False,False,False,0,544068,54.668924,115,BID,SHORT,0.5
XLE,2026-06-23 13:50:02.650010+00:00,CALL,56.0,2026-07-02,106865,3685,3690,779,54.13,REPEATEDHITS,False,False,False,0,106865,54.668924,9,BID,SHORT,0.5
XLE,2026-06-22 18:41:57.068107+00:00,CALL,55.5,2026-06-26,16425,1095,1887,792,53.905,REPEATEDHITS,True,False,False,16425,0,54.668924,4,ASK,LONG,1.0
XLE,2026-06-22 13:51:37.441037+00:00,CALL,51.0,2026-07-17,70030,235,239,186,53.32,REPEATEDHITS,True,False,False,70030,0,54.668924,25,ASK,LONG,1.0
XLE,2026-06-18 19:54:12.830936+00:00,CALL,54.5,2026-06-26,83028,2442,9082,252,53.575,REPEATEDHITS,True,False,False,83028,0,54.668924,8,ASK,LONG,1.0
XLF,2026-07-08 14:39:48.974604+00:00,PUT,55.0,2026-07-15,17627,311,663,0,55.1101,REPEATEDHITS,True,False,False,11514,2921,56.050506,7,ASK,SHORT,1.0
XLF,2026-07-08 14:39:48.974604+00:00,PUT,55.0,2026-07-15,22914,402,1065,0,55.1101,REPEATEDHITS,True,False,False,22686,57,56.050506,7,ASK,SHORT,1.0
XLF,2026-07-08 14:33:35.380235+00:00,PUT,55.0,2026-07-10,311349,13537,22720,12295,55.245,REPEATEDHITSASCENDINGFILL,True,False,False,311328,0,56.050506,2,ASK,SHORT,1.0
XLF,2026-07-07 19:01:13.717445+00:00,PUT,60.0,2026-12-18,19360,44,44,1,56.14,REPEATEDHITS,False,False,False,19360,0,56.050506,164,ASK,SHORT,1.0
XLF,2026-07-07 18:56:44.548603+00:00,CALL,62.0,2028-12-15,103170,181,193,59,56.15,REPEATEDHITS,False,False,False,94050,7980,56.050506,892,ASK,LONG,1.0
XLF,2026-07-07 18:11:49.450553+00:00,PUT,56.0,2026-07-10,29614,1139,2765,96,56.095,REPEATEDHITS,False,False,False,0,29614,56.050506,3,BID,LONG,0.5
XLF,2026-07-07 18:03:46.991128+00:00,PUT,60.0,2026-09-18,10000,25,76,0,56.1,REPEATEDHITS,False,False,False,10000,0,56.050506,73,ASK,SHORT,1.0
XLF,2026-07-07 15:12:32.044320+00:00,PUT,56.0,2026-07-10,10450,418,1222,96,56.185,REPEATEDHITS,False,False,False,10450,0,56.050506,3,ASK,SHORT,1.0
XLF,2026-07-07 15:07:21.402848+00:00,CALL,64.0,2027-06-17,38078,241,241,21,56.22,REPEATEDHITS,False,False,False,0,38078,56.050506,345,BID,SHORT,0.5
XLF,2026-07-07 14:42:25.869771+00:00,PUT,56.0,2026-07-13,38928,1622,1636,105,56.35,REPEATEDHITS,False,False,False,38928,0,56.050506,6,ASK,SHORT,1.0
XLF,2026-07-07 14:27:37.340242+00:00,CALL,57.0,2026-07-10,38355,2557,2772,223,56.51,REPEATEDHITS,False,False,False,38355,0,56.050506,3,ASK,LONG,1.0
XLF,2026-07-07 14:05:08.861389+00:00,PUT,55.0,2026-07-10,17030,3406,8479,2609,56.441,REPEATEDHITS,True,False,False,16035,0,56.050506,3,ASK,SHORT,1.0
XLF,2026-07-06 19:19:43.425567+00:00,CALL,67.0,2026-12-18,31348,1363,1363,828,56.095,REPEATEDHITS,False,False,False,29716,1632,56.050506,165,ASK,LONG,1.0
XLF,2026-07-06 17:30:32.086314+00:00,CALL,58.0,2026-07-24,37502,2206,3750,116,56.02,REPEATEDHITS,True,False,False,37502,0,56.050506,18,ASK,LONG,1.0
XLF,2026-07-06 17:28:51.946267+00:00,CALL,58.0,2026-07-24,24656,1541,1544,116,56.01,REPEATEDHITS,True,False,False,24656,0,56.050506,18,ASK,LONG,1.0
XLF,2026-07-06 17:12:04.843518+00:00,CALL,56.5,2026-07-10,13536,846,1148,222,55.97,REPEATEDHITS,False,False,False,13536,0,56.050506,4,ASK,LONG,1.0
XLF,2026-07-06 15:33:18.831276+00:00,CALL,68.0,2027-01-15,64386,3066,3084,166,55.84,REPEATEDHITS,False,False,False,60585,3801,56.050506,193,ASK,LONG,1.0
XLF,2026-07-06 14:54:41.762186+00:00,PUT,56.0,2026-08-21,20328,168,169,114,55.785,REPEATEDHITS,False,False,False,0,20328,56.050506,46,BID,LONG,0.5
XLF,2026-07-02 19:31:50.867897+00:00,CALL,55.5,2026-07-31,367499,3500,10046,96,55.395,REPEATEDHITSASCENDINGFILL,False,False,False,367499,0,56.050506,29,ASK,LONG,1.0
XLF,2026-07-02 19:31:22.631890+00:00,CALL,55.5,2026-07-31,63210,602,6546,96,55.385,REPEATEDHITS,False,False,False,63210,0,56.050506,29,ASK,LONG,1.0
XLF,2026-07-02 19:31:17.223699+00:00,CALL,55.5,2026-07-31,145288,1397,5943,96,55.38,REPEATEDHITS,False,False,False,0,145288,56.050506,29,BID,SHORT,0.5
XLF,2026-07-02 19:31:17.223699+00:00,PUT,56.0,2026-07-24,27306,246,246,1,55.38,REPEATEDHITS,False,False,False,27306,0,56.050506,22,ASK,SHORT,1.0
XLF,2026-07-02 19:30:20.919008+00:00,CALL,56.0,2026-07-31,125600,1570,4759,52,55.395,REPEATEDHITS,False,False,False,125600,0,56.050506,29,ASK,LONG,1.0
XLF,2026-07-02 19:30:12.712374+00:00,CALL,56.0,2026-07-31,154366,1954,2213,52,55.395,REPEATEDHITS,False,False,False,0,154366,56.050506,29,BID,SHORT,0.5
XLF,2026-07-02 19:29:37.452167+00:00,CALL,55.5,2026-07-31,477000,4500,4546,96,55.395,REPEATEDHITS,True,False,False,0,477000,56.050506,29,BID,SHORT,0.5
XLF,2026-07-02 18:50:56.526261+00:00,CALL,58.0,2026-07-31,20000,1000,3097,128,55.485,REPEATEDHITS,False,False,False,20000,0,56.050506,29,ASK,LONG,1.0
XLF,2026-07-02 17:50:25.914477+00:00,PUT,55.5,2026-07-10,54450,990,1162,3,55.265,REPEATEDHITS,False,False,False,54450,0,56.050506,8,ASK,SHORT,1.0
XLF,2026-07-02 16:33:54.398766+00:00,PUT,52.5,2026-07-24,16604,1186,1187,74,55.375,REPEATEDHITS,False,False,False,0,16604,56.050506,22,BID,LONG,0.5
XLF,2026-07-02 14:19:58.630517+00:00,PUT,55.5,2026-07-02,10150,350,1121,11,55.275,REPEATEDHITS,False,False,False,10150,0,56.050506,0,ASK,SHORT,1.0
XLF,2026-07-02 13:41:10.948497+00:00,CALL,56.5,2026-07-17,56680,2180,2181,405,55.295,REPEATEDHITS,False,False,False,0,56680,56.050506,15,BID,SHORT,0.5
XLF,2026-07-01 19:50:48.873659+00:00,PUT,55.0,2026-07-02,10270,395,1560,7,54.8399,REPEATEDHITS,False,False,False,0,10270,56.050506,1,BID,LONG,0.5
XLF,2026-07-01 19:46:28.337655+00:00,CALL,55.5,2026-07-10,44000,2000,5091,458,54.825,REPEATEDHITS,True,False,False,0,44000,56.050506,9,BID,SHORT,0.5
XLF,2026-07-01 19:44:54.201696+00:00,PUT,55.0,2026-07-02,19600,700,1105,7,54.84,REPEATEDHITS,False,False,False,19600,0,56.050506,1,ASK,SHORT,1.0
XLF,2026-07-01 17:03:11.740034+00:00,CALL,54.0,2026-08-07,13359,73,79,9,54.895,REPEATEDHITS,True,False,False,0,13359,56.050506,37,BID,SHORT,0.5
XLF,2026-07-01 16:17:52.853041+00:00,CALL,55.5,2026-07-02,24738,4123,4252,633,55.055,REPEATEDHITS,False,False,False,24738,0,56.050506,1,ASK,LONG,1.0
XLF,2026-07-01 15:22:10.641761+00:00,CALL,55.5,2026-07-10,45923,2417,2578,458,54.68,REPEATEDHITS,False,False,False,45923,0,56.050506,9,ASK,LONG,1.0
XLF,2026-07-01 15:05:48.932240+00:00,PUT,60.0,2028-01-21,13404,20,20,3,54.6399,REPEATEDHITS,False,False,False,0,13404,56.050506,569,BID,LONG,0.5
XLF,2026-07-01 14:26:25.254317+00:00,PUT,54.0,2026-07-10,142304,4447,5611,175,54.3201,REPEATEDHITS,False,False,False,106720,0,56.050506,9,ASK,SHORT,1.0
XLF,2026-06-30 17:51:41.387741+00:00,CALL,54.0,2026-07-24,21386,289,402,176,53.66,REPEATEDHITS,False,False,False,21386,0,56.050506,24,ASK,LONG,1.0
XLF,2026-06-30 14:12:34.291625+00:00,PUT,54.0,2026-08-07,19892,173,173,0,53.655,REPEATEDHITSDESCENDINGFILL,True,False,False,19892,0,56.050506,38,ASK,SHORT,1.0
XLF,2026-06-30 13:52:28.948853+00:00,PUT,53.5,2026-07-24,13802,206,210,80,53.725,REPEATEDHITS,True,False,False,0,13802,56.050506,24,BID,LONG,0.5
XLF,2026-06-30 13:43:29.005146+00:00,PUT,54.0,2026-07-24,24722,263,263,53,53.61,REPEATEDHITS,True,False,False,0,24722,56.050506,24,BID,LONG,0.5
XLF,2026-06-29 16:16:29.868472+00:00,CALL,54.0,2026-07-31,235584,2454,2746,75,53.78,REPEATEDHITS,False,False,False,235584,0,56.050506,32,ASK,LONG,1.0
XLF,2026-06-29 15:46:10.899989+00:00,PUT,51.5,2026-07-17,16065,1071,1076,565,53.815,REPEATEDHITS,False,False,False,0,16065,56.050506,18,BID,LONG,0.5
XLF,2026-06-25 14:39:55.158098+00:00,CALL,55.0,2026-06-30,71680,3584,7559,1922,54.545,REPEATEDHITS,False,False,False,71680,0,56.050506,5,ASK,LONG,1.0
XLF,2026-06-23 19:57:44.519662+00:00,PUT,52.5,2026-07-17,39146,1058,1195,15,53.915,REPEATEDHITS,True,False,False,0,39146,56.050506,24,BID,LONG,0.5
XLF,2026-06-23 19:57:44.519662+00:00,PUT,52.5,2026-07-17,145669,3937,5132,15,53.915,REPEATEDHITS,True,False,False,0,145669,56.050506,24,BID,LONG,0.5
XLF,2026-06-23 16:09:51.657902+00:00,CALL,59.0,2026-08-21,26790,1786,2451,1038,53.965,REPEATEDHITS,True,False,False,0,26790,56.050506,59,BID,SHORT,0.5
XLF,2026-06-23 14:46:25.986008+00:00,PUT,52.5,2026-07-10,14118,543,743,98,53.925,REPEATEDHITS,False,False,False,14118,0,56.050506,17,ASK,SHORT,1.0
XLF,2026-06-23 14:09:22.889041+00:00,CALL,52.5,2026-07-17,10044,54,57,11,53.775,REPEATEDHITS,False,False,False,10044,0,56.050506,24,ASK,LONG,1.0
XLP,2026-07-08 14:41:24.116832+00:00,PUT,86.0,2026-08-07,10716,57,57,0,85.05,REPEATEDHITS,True,False,False,0,10716,84.852272,30,BID,LONG,0.5
XLP,2026-07-07 18:36:33.757888+00:00,CALL,85.5,2026-07-24,45068,593,610,75,84.61,REPEATEDHITS,False,False,False,45068,0,84.852272,17,ASK,LONG,1.0
XLP,2026-07-07 14:55:06.942558+00:00,CALL,85.5,2026-08-14,277888,1336,1364,19,85.83,REPEATEDHITS,False,False,False,277888,0,84.852272,38,ASK,LONG,1.0
XLP,2026-07-07 14:19:09.705370+00:00,CALL,88.5,2026-07-31,44646,1063,1063,2,85.56,REPEATEDHITS,False,False,False,44646,0,84.852272,24,ASK,LONG,1.0
XLP,2026-07-07 13:47:24.910070+00:00,CALL,88.0,2026-08-21,143115,1363,1366,851,85.66,REPEATEDHITS,False,False,False,143115,0,84.852272,45,ASK,LONG,1.0
XLP,2026-07-06 15:57:13.102778+00:00,CALL,84.0,2026-07-10,74865,2139,2161,840,83.4,REPEATEDHITS,False,False,False,74830,35,84.852272,4,ASK,LONG,1.0
XLP,2026-07-06 13:35:56.859073+00:00,CALL,84.5,2026-07-17,77691,893,893,455,84.36,REPEATEDHITS,False,False,False,0,77691,84.852272,11,BID,SHORT,0.5
XLP,2026-07-02 19:33:02.360083+00:00,CALL,84.5,2026-07-10,50200,502,1337,102,84.93,REPEATEDHITS,False,False,False,49300,0,84.852272,8,ASK,LONG,1.0
XLP,2026-07-02 18:18:23.761720+00:00,CALL,84.5,2026-07-10,48510,539,772,102,84.75,REPEATEDHITS,False,False,False,39420,9090,84.852272,8,ASK,LONG,1.0
XLP,2026-07-02 18:12:04.970618+00:00,PUT,84.5,2026-08-14,89794,602,612,0,84.63,REPEATEDHITSDESCENDINGFILL,True,False,False,88835,959,84.852272,43,ASK,SHORT,1.0
XLP,2026-07-02 17:10:17.902721+00:00,PUT,83.0,2026-07-31,53572,933,991,98,84.75,REPEATEDHITSASCENDINGFILL,False,False,False,37642,15930,84.852272,29,ASK,SHORT,1.0
XLP,2026-07-02 15:32:15.239872+00:00,CALL,87.0,2026-08-21,69854,659,721,523,84.66,REPEATEDHITS,False,False,False,69854,0,84.852272,50,ASK,LONG,1.0
XLP,2026-07-02 13:53:09.040825+00:00,PUT,84.0,2026-07-02,35872,2242,2256,429,84.09,REPEATEDHITS,False,False,False,35856,16,84.852272,0,ASK,SHORT,1.0
XLP,2026-07-01 16:33:30.140996+00:00,PUT,82.5,2026-07-17,36480,570,583,52,83.25,REPEATEDHITS,False,False,False,0,36480,84.852272,16,BID,LONG,0.5
XLP,2026-06-30 19:36:21.325211+00:00,CALL,86.0,2026-08-21,31899,343,862,196,83.12,REPEATEDHITS,False,False,False,31899,0,84.852272,52,ASK,LONG,1.0
XLP,2026-06-30 17:13:32.431084+00:00,CALL,85.0,2026-09-18,177110,890,907,348,83.445,REPEATEDHITS,False,False,False,177110,0,84.852272,80,ASK,LONG,1.0
XLP,2026-06-30 15:45:23.479284+00:00,CALL,86.0,2026-08-21,42435,412,514,196,83.515,REPEATEDHITS,False,False,False,42435,0,84.852272,52,ASK,LONG,1.0
XLP,2026-06-30 15:23:34.663054+00:00,CALL,83.5,2026-07-17,201091,1991,2156,35,83.21,REPEATEDHITS,False,False,False,201091,0,84.852272,17,ASK,LONG,1.0
XLP,2026-06-29 15:46:15.104303+00:00,CALL,84.0,2026-07-10,88368,789,797,124,84.32,REPEATEDHITS,False,False,False,88368,0,84.852272,11,ASK,LONG,1.0
XLP,2026-06-29 15:19:23.747431+00:00,CALL,84.5,2026-07-17,30680,260,260,222,84.475,REPEATEDHITS,False,False,False,30680,0,84.852272,18,ASK,LONG,1.0
XLP,2026-06-26 19:55:02.793382+00:00,PUT,87.0,2027-06-17,13405,24,165,2,84.845,REPEATEDHITSASCENDINGFILL,True,False,False,13405,0,84.852272,356,ASK,SHORT,1.0
XLP,2026-06-26 19:48:14.825790+00:00,PUT,87.0,2027-06-17,17345,30,94,2,84.47,REPEATEDHITSDESCENDINGFILL,True,False,False,15045,2300,84.852272,356,ASK,SHORT,1.0
XLP,2026-06-26 15:44:31.681455+00:00,CALL,85.0,2026-06-26,42300,3525,3792,891,84.92,REPEATEDHITS,False,False,False,42288,12,84.852272,0,ASK,LONG,1.0
XLP,2026-06-26 14:27:17.548258+00:00,PUT,87.0,2027-06-17,16800,30,64,2,84.905,REPEATEDHITS,False,False,False,10640,6160,84.852272,356,ASK,SHORT,1.0
XLP,2026-06-26 13:36:30.586258+00:00,CALL,86.5,2026-07-17,18760,268,269,85,84.94,REPEATEDHITS,False,False,False,18760,0,84.852272,21,ASK,LONG,1.0
XLP,2026-06-25 18:37:45.006420+00:00,PUT,84.0,2026-07-31,25308,171,295,28,84.035,REPEATEDHITS,True,False,False,0,25308,84.852272,36,BID,LONG,0.5
XLP,2026-06-24 19:36:09.473557+00:00,CALL,85.0,2026-07-31,18860,121,321,46,84.45,REPEATEDHITSASCENDINGFILL,True,False,False,3925,14935,84.852272,37,BID,SHORT,0.5
XLP,2026-06-24 19:35:48.243538+00:00,CALL,86.0,2026-07-31,16128,144,475,60,84.485,REPEATEDHITS,True,False,False,0,16128,84.852272,37,BID,SHORT,0.5
XLP,2026-06-24 19:32:18.306399+00:00,CALL,84.5,2026-07-24,44389,274,275,21,84.51,REPEATEDHITS,True,False,False,163,44226,84.852272,30,BID,SHORT,0.5
XLP,2026-06-24 19:30:02.466458+00:00,CALL,84.0,2026-08-21,21489,78,206,15,84.565,REPEATEDHITSDESCENDINGFILL,True,False,False,0,21489,84.852272,58,BID,SHORT,0.5
XLP,2026-06-24 19:29:31.413382+00:00,CALL,84.0,2026-08-21,18492,67,128,15,84.58,REPEATEDHITS,True,False,False,0,18492,84.852272,58,BID,SHORT,0.5
XLP,2026-06-24 18:57:56.684384+00:00,CALL,86.0,2026-07-31,16252,128,268,60,84.77,REPEATEDHITSDESCENDINGFILL,True,False,False,16126,126,84.852272,37,ASK,LONG,1.0
XLP,2026-06-24 17:28:55.514064+00:00,PUT,86.0,2026-08-21,70104,254,254,0,84.31,REPEATEDHITS,True,False,False,70104,0,84.852272,58,ASK,SHORT,1.0
XLP,2026-06-23 18:11:49.900850+00:00,CALL,88.0,2026-08-21,28860,444,492,1,83.61,REPEATEDHITS,False,False,False,28860,0,84.852272,59,ASK,LONG,1.0
XLP,2026-06-23 17:18:01.598626+00:00,CALL,89.0,2026-08-21,12390,295,488,1,83.49,REPEATEDHITS,False,False,False,12390,0,84.852272,59,ASK,LONG,1.0
XLP,2026-06-23 15:42:25.445064+00:00,CALL,83.0,2026-07-02,37084,292,846,63,83.62,REPEATEDHITS,False,False,False,37084,0,84.852272,9,ASK,LONG,1.0
XLP,2026-06-23 15:10:21.797328+00:00,PUT,84.0,2026-08-21,27520,139,139,1,83.615,REPEATEDHITSASCENDINGFILL,True,False,False,0,27520,84.852272,59,BID,LONG,0.5
XLP,2026-06-23 14:46:36.605256+00:00,CALL,87.0,2026-08-21,29584,344,344,25,83.525,REPEATEDHITS,False,False,False,3784,25800,84.852272,59,BID,SHORT,0.5
XLP,2026-06-18 18:38:52.585174+00:00,CALL,84.0,2026-07-17,91819,1009,1804,666,83.375,REPEATEDHITS,True,False,False,0,78351,84.852272,29,BID,SHORT,0.5
XLP,2026-06-17 14:39:33.258154+00:00,PUT,84.5,2026-07-10,13125,105,105,21,84.79,REPEATEDHITS,False,False,False,0,13125,84.852272,23,BID,LONG,0.5
XLP,2026-06-16 17:18:00.387656+00:00,PUT,87.0,2026-06-26,11761,60,60,16,85.67,REPEATEDHITSDESCENDINGFILL,True,False,False,11761,0,84.852272,10,ASK,SHORT,1.0
XLP,2026-06-16 13:50:53.286484+00:00,PUT,84.5,2026-07-02,11337,135,135,17,85.21,REPEATEDHITS,True,False,False,11253,84,84.852272,16,ASK,SHORT,1.0
XLP,2026-06-16 13:47:19.876524+00:00,CALL,85.0,2028-01-21,114564,120,120,68,85.47,REPEATEDHITSASCENDINGFILL,False,False,False,114564,0,84.852272,584,ASK,LONG,1.0
XLP,2026-06-15 18:29:30.745387+00:00,PUT,87.5,2026-07-02,28841,106,106,0,85.46,REPEATEDHITSDESCENDINGFILL,True,False,False,28841,0,84.852272,17,ASK,SHORT,1.0
XLP,2026-06-15 17:29:25.870310+00:00,PUT,90.0,2026-06-26,19596,40,44,0,85.69,REPEATEDHITSDESCENDINGFILL,True,False,False,19596,0,84.852272,11,ASK,SHORT,1.0
XLP,2026-06-12 18:06:36.672713+00:00,PUT,85.5,2026-07-02,20724,157,157,5,85.64,REPEATEDHITS,True,False,False,0,18348,84.852272,20,BID,LONG,0.5
XLP,2026-06-11 19:13:52.740098+00:00,PUT,85.5,2026-06-12,10836,387,796,70,85.74,REPEATEDHITS,True,False,False,0,10836,84.852272,1,BID,LONG,0.5
XLP,2026-06-10 17:36:33.800993+00:00,PUT,87.0,2026-07-24,15435,49,49,0,85.19,REPEATEDHITS,False,False,False,15435,0,84.852272,44,ASK,SHORT,1.0
XLP,2026-06-10 13:42:06.165034+00:00,CALL,86.5,2026-06-26,20020,455,514,43,84.82,REPEATEDHITS,False,False,False,20020,0,84.852272,16,ASK,LONG,1.0
XLP,2026-06-09 19:12:44.160194+00:00,CALL,84.0,2026-06-26,30250,275,334,101,83.96,REPEATEDHITS,True,False,False,30250,0,84.852272,17,ASK,LONG,1.0
XLV,2026-07-08 14:57:25.023164+00:00,CALL,164.0,2026-07-17,13072,86,157,27,163.13,REPEATEDHITS,True,False,False,6992,6080,164.503327,9,ASK,LONG,1.0
XLV,2026-07-07 16:25:22.687248+00:00,PUT,165.0,2026-08-21,11935,31,844,16,164.605,REPEATEDHITS,False,False,False,0,11935,164.503327,45,BID,LONG,0.5
XLV,2026-07-07 15:44:16.125082+00:00,PUT,161.0,2026-08-21,32045,145,536,30,164.84,REPEATEDHITS,False,False,False,0,32045,164.503327,45,BID,LONG,0.5
XLV,2026-07-07 13:53:07.362611+00:00,CALL,170.0,2026-07-17,48000,1000,1042,561,165.24,REPEATEDHITS,True,False,False,0,48000,164.503327,10,BID,SHORT,0.5
XLV,2026-07-07 13:49:14.910682+00:00,CALL,165.0,2026-07-24,93600,312,343,213,165.4,REPEATEDHITS,False,False,False,93600,0,164.503327,17,ASK,LONG,1.0
XLV,2026-07-07 13:47:21.905260+00:00,CALL,168.0,2026-07-10,36442,959,959,9,165.16,REPEATEDHITS,False,False,False,36062,380,164.503327,3,ASK,LONG,1.0
XLV,2026-07-07 13:41:29.338848+00:00,CALL,175.0,2026-08-21,72551,519,536,350,164.96,REPEATEDHITSDESCENDINGFILL,True,False,False,72551,0,164.503327,45,ASK,LONG,1.0
XLV,2026-07-06 19:45:31.265623+00:00,PUT,155.0,2026-08-21,135501,961,1674,202,162.16,REPEATEDHITS,False,False,False,0,135501,164.503327,46,BID,LONG,0.5
XLV,2026-07-06 18:41:13.335443+00:00,PUT,165.0,2026-09-18,79410,129,154,53,162.15,REPEATEDHITSDESCENDINGFILL,False,False,False,9300,70110,164.503327,74,BID,LONG,0.5
XLV,2026-07-06 18:16:16.297438+00:00,PUT,161.0,2026-08-07,26190,97,97,0,162.055,REPEATEDHITS,False,False,False,26190,0,164.503327,32,ASK,SHORT,1.0
XLV,2026-07-06 16:57:09.970932+00:00,CALL,164.0,2026-07-10,33957,539,609,412,162.18,REPEATEDHITS,True,False,False,33831,126,164.503327,4,ASK,LONG,1.0
XLV,2026-07-06 16:51:54.901536+00:00,PUT,163.0,2026-08-21,10080,24,25,11,161.86,REPEATEDHITS,True,False,False,0,10080,164.503327,46,BID,LONG,0.5
XLV,2026-07-06 13:56:04.518100+00:00,PUT,159.0,2026-08-14,16225,61,61,1,160.43,REPEATEDHITS,True,False,False,16225,0,164.503327,39,ASK,SHORT,1.0
XLV,2026-07-06 13:56:04.518100+00:00,PUT,161.0,2026-08-14,30174,85,85,1,160.43,REPEATEDHITS,True,False,False,30174,0,164.503327,39,ASK,SHORT,1.0
XLV,2026-07-02 19:49:23.738749+00:00,PUT,161.0,2026-07-10,12240,179,209,8,163.325,REPEATEDHITSDESCENDINGFILL,True,False,False,12108,132,164.503327,8,ASK,SHORT,1.0
XLV,2026-07-02 19:49:23.738749+00:00,PUT,162.0,2026-07-10,10691,110,171,0,163.3203,REPEATEDHITSDESCENDINGFILL,False,False,False,10691,0,164.503327,8,ASK,SHORT,1.0
XLV,2026-07-02 19:04:40.953439+00:00,CALL,180.0,2026-12-18,84281,311,322,46,163.03,REPEATEDHITS,False,False,False,0,37127,164.503327,169,BID,SHORT,0.5
XLV,2026-07-02 18:56:10.836407+00:00,PUT,152.0,2026-08-21,53818,758,759,143,163.06,REPEATEDHITS,True,False,False,71,53747,164.503327,50,BID,LONG,0.5
XLV,2026-07-02 17:28:30.943625+00:00,PUT,157.0,2026-08-07,78870,717,739,10,162.7664,REPEATEDHITS,False,False,False,0,78870,164.503327,36,BID,LONG,0.5
XLV,2026-07-02 15:52:16.535685+00:00,CALL,163.0,2026-07-02,14300,286,463,44,163.1,REPEATEDHITS,False,False,False,0,14300,164.503327,0,BID,SHORT,0.5
XLV,2026-07-02 15:19:42.731618+00:00,PUT,164.0,2026-07-10,11073,61,161,1,163.43,REPEATEDHITSDESCENDINGFILL,False,False,False,9999,1074,164.503327,8,ASK,SHORT,1.0
XLV,2026-07-02 14:32:01.387424+00:00,CALL,165.0,2026-07-10,32982,478,488,55,162.71,REPEATEDHITS,False,False,False,32982,0,164.503327,8,ASK,LONG,1.0
XLV,2026-07-02 13:51:55.323987+00:00,CALL,161.0,2026-07-02,133290,1481,1778,146,161.52,REPEATEDHITS,False,False,False,0,133290,164.503327,0,BID,SHORT,0.5
XLV,2026-07-01 16:56:19.480404+00:00,PUT,163.0,2026-12-18,45925,56,58,3,159.32,REPEATEDHITS,False,False,False,1640,44285,164.503327,170,BID,LONG,0.5
XLV,2026-07-01 16:51:50.562443+00:00,PUT,160.0,2026-09-18,391300,860,957,528,159.38,REPEATEDHITS,False,False,False,455,390845,164.503327,79,BID,LONG,0.5
XLV,2026-06-30 15:08:26.850142+00:00,CALL,159.0,2026-07-24,10198,34,34,3,158.945,REPEATEDHITSDESCENDINGFILL,True,False,False,9899,299,164.503327,24,ASK,LONG,1.0
XLV,2026-06-30 15:01:17.843860+00:00,CALL,160.0,2026-07-31,34920,123,133,67,158.745,REPEATEDHITSDESCENDINGFILL,True,False,False,34357,563,164.503327,31,ASK,LONG,1.0
XLV,2026-06-30 14:18:41.500715+00:00,PUT,161.0,2026-07-24,11455,29,29,0,158.35,REPEATEDHITS,False,False,False,11455,0,164.503327,24,ASK,SHORT,1.0
XLV,2026-06-30 14:11:43.402923+00:00,PUT,150.0,2026-07-24,29205,885,885,14,158.91,REPEATEDHITS,False,False,False,66,29139,164.503327,24,BID,LONG,0.5
XLV,2026-06-29 19:52:27.213875+00:00,PUT,154.0,2026-07-31,25501,300,1190,6,160.63,REPEATEDHITS,True,False,False,0,25501,164.503327,32,BID,LONG,0.5
XLV,2026-06-29 19:51:04.712915+00:00,PUT,154.0,2026-07-31,70644,841,878,6,160.69,REPEATEDHITS,False,False,False,70644,0,164.503327,32,ASK,SHORT,1.0
XLV,2026-06-29 18:50:27.005709+00:00,CALL,140.0,2026-08-21,21900,10,10,9,160.64,REPEATEDHITS,True,False,False,21900,0,164.503327,53,ASK,LONG,1.0
XLV,2026-06-29 16:08:30.113702+00:00,PUT,160.0,2026-07-17,48852,236,356,183,160.31,REPEATEDHITS,False,False,False,0,48852,164.503327,18,BID,LONG,0.5
XLV,2026-06-29 15:04:01.893854+00:00,CALL,165.0,2026-07-31,34651,198,208,51,160.235,REPEATEDHITS,True,False,False,0,34651,164.503327,32,BID,SHORT,0.5
XLV,2026-06-29 13:44:06.815354+00:00,PUT,160.0,2026-07-10,85050,567,581,9,160.88,REPEATEDHITS,False,False,False,150,84900,164.503327,11,BID,LONG,0.5
XLV,2026-06-26 19:45:13.730524+00:00,PUT,152.5,2026-07-17,47841,920,930,34,159.7,REPEATEDHITS,False,False,False,0,47841,164.503327,21,BID,LONG,0.5
XLV,2026-06-26 16:24:25.210420+00:00,CALL,156.0,2026-06-26,97566,300,635,104,159.41,REPEATEDHITSDESCENDINGFILL,False,False,False,0,97566,164.503327,0,BID,SHORT,0.5
XLV,2026-06-26 16:13:00.689549+00:00,PUT,110.0,2027-03-19,1960000,35000,35003,3,160.03,LOWHISTORICVOLUMEFLOOR,False,True,False,1960000,0,164.503327,266,ASK,SHORT,1.0
XLV,2026-06-26 15:30:02.781170+00:00,PUT,159.0,2026-06-26,22688,1418,1463,1,160.07,REPEATEDHITS,False,False,False,0,22688,164.503327,0,BID,LONG,0.5
XLV,2026-06-26 15:08:48.307425+00:00,CALL,163.0,2026-08-21,17395,49,68,32,159.62,REPEATEDHITS,True,False,False,355,17040,164.503327,56,BID,SHORT,0.5
XLV,2026-06-26 14:52:02.881987+00:00,CALL,160.0,2026-06-26,18460,284,774,73,159.89,REPEATEDHITS,False,False,False,0,18460,164.503327,0,BID,SHORT,0.5
XLV,2026-06-26 14:41:03.217133+00:00,CALL,190.0,2027-03-19,12544,64,65,15,159.98,REPEATEDHITS,True,False,False,12544,0,164.503327,266,ASK,LONG,1.0
XLV,2026-06-26 14:41:03.217133+00:00,CALL,190.0,2027-03-19,85651,437,502,15,159.98,REPEATEDHITS,True,False,False,85456,195,164.503327,266,ASK,LONG,1.0
XLV,2026-06-26 14:17:27.906677+00:00,CALL,175.0,2027-01-15,250829,669,670,280,160.07,REPEATEDHITSDESCENDINGFILL,False,False,False,250829,0,164.503327,203,ASK,LONG,1.0
XLV,2026-06-26 13:59:03.274798+00:00,CALL,160.0,2026-06-26,18848,248,262,73,159.835,REPEATEDHITS,False,False,False,18848,0,164.503327,0,ASK,LONG,1.0
XLV,2026-06-26 13:57:49.116226+00:00,CALL,161.0,2026-06-26,10993,441,445,17,159.985,REPEATEDHITSDESCENDINGFILL,True,False,False,8534,2459,164.503327,0,ASK,LONG,1.0
XLV,2026-06-26 13:41:34.367268+00:00,CALL,160.0,2026-07-02,33559,425,428,293,158.42,REPEATEDHITSASCENDINGFILL,True,False,False,33488,71,164.503327,6,ASK,LONG,1.0
XLV,2026-06-25 17:15:26.657619+00:00,PUT,157.0,2026-06-26,14016,96,97,0,155.76,REPEATEDHITS,False,False,False,0,14016,164.503327,1,BID,LONG,0.5
XLV,2026-06-25 17:08:47.580877+00:00,CALL,164.0,2026-08-21,25344,176,179,41,155.78,REPEATEDHITS,False,False,False,25344,0,164.503327,57,ASK,LONG,1.0
XLV,2026-06-25 16:40:13.380802+00:00,PUT,157.0,2026-07-24,10675,35,35,0,155.8101,REPEATEDHITS,True,False,False,9760,0,164.503327,29,ASK,SHORT,1.0
XOP,2026-07-08 15:39:24.876605+00:00,CALL,165.0,2026-07-17,80938,283,316,200,162.82,REPEATEDHITS,False,False,False,39754,41184,157.3482,9,BID,SHORT,0.5
XOP,2026-07-08 15:36:40.866211+00:00,PUT,161.0,2026-07-17,160937,581,721,77,162.87,REPEATEDHITS,False,False,False,0,160937,157.3482,9,BID,LONG,0.5
XOP,2026-07-08 15:36:25.643176+00:00,PUT,162.0,2026-07-17,104910,318,318,29,162.855,REPEATEDHITS,False,False,False,73890,31020,157.3482,9,ASK,SHORT,1.0
XOP,2026-07-08 15:05:02.094911+00:00,PUT,163.0,2026-07-10,70818,319,319,9,162.71,REPEATEDHITS,False,False,False,0,70818,157.3482,2,BID,LONG,0.5
XOP,2026-07-08 14:58:19.891812+00:00,CALL,168.0,2026-08-21,48760,92,100,33,162.28,REPEATEDHITS,True,False,False,48760,0,157.3482,44,ASK,LONG,1.0
XOP,2026-07-07 18:59:49.350836+00:00,CALL,180.0,2026-08-21,214000,2000,2000,1486,157.03,REPEATEDHITS,False,False,False,214000,0,157.3482,45,ASK,LONG,1.0
XOP,2026-07-06 18:01:58.810702+00:00,CALL,154.0,2026-07-10,10400,40,40,7,154.9,REPEATEDHITS,False,False,False,10400,0,157.3482,4,ASK,LONG,1.0
XOP,2026-07-06 17:37:25.700231+00:00,PUT,156.0,2026-08-21,10880,16,38,0,154.66,REPEATEDHITS,False,False,False,10880,0,157.3482,46,ASK,SHORT,1.0
XOP,2026-07-06 17:37:15.082271+00:00,PUT,148.0,2026-08-21,1797365,5063,5074,14,154.66,REPEATEDHITS,False,False,False,0,0,157.3482,46,MIXED,,0.0
XOP,2026-07-06 17:36:09.810590+00:00,CALL,156.0,2026-08-21,15375,25,25,1,154.7,REPEATEDHITS,False,False,False,11685,3075,157.3482,46,ASK,LONG,1.0
XOP,2026-07-06 17:12:56.296725+00:00,CALL,167.0,2026-08-21,13786,61,82,9,154.425,REPEATEDHITS,False,False,False,13786,0,157.3482,46,ASK,LONG,1.0
XOP,2026-07-06 14:29:15.182495+00:00,PUT,152.0,2026-08-21,51226,109,127,2,155.085,REPEATEDHITS,False,False,False,51226,0,157.3482,46,ASK,SHORT,1.0
XOP,2026-07-02 19:26:14.677334+00:00,PUT,144.0,2026-07-17,12537,199,199,65,154.07,REPEATEDHITS,False,False,False,0,12537,157.3482,15,BID,LONG,0.5
XOP,2026-07-02 19:20:53.304650+00:00,PUT,125.0,2026-08-21,48421,1181,1227,179,153.73,REPEATEDHITS,False,False,False,0,48421,157.3482,50,BID,LONG,0.5
XOP,2026-07-02 17:14:25.164813+00:00,CALL,165.0,2026-10-16,122720,208,248,26,154.44,REPEATEDHITS,False,False,False,122720,0,157.3482,106,ASK,LONG,1.0
XOP,2026-07-02 15:01:35.546212+00:00,PUT,154.0,2026-07-17,67980,206,206,29,154.58,REPEATEDHITS,False,False,False,67980,0,157.3482,15,ASK,SHORT,1.0
XOP,2026-07-02 14:55:58.275958+00:00,CALL,160.0,2026-07-17,87550,515,516,229,154.81,REPEATEDHITS,False,False,False,87550,0,157.3482,15,ASK,LONG,1.0
XOP,2026-06-30 19:44:10.699516+00:00,CALL,169.0,2026-08-21,16571,73,119,20,154.25,REPEATEDHITS,False,False,False,16571,0,157.3482,52,ASK,LONG,1.0
XOP,2026-06-30 19:20:16.068100+00:00,CALL,169.0,2026-08-21,10994,46,46,20,154.8,REPEATEDHITS,False,False,False,10994,0,157.3482,52,ASK,LONG,1.0
XOP,2026-06-30 18:05:10.435381+00:00,PUT,135.0,2026-10-16,96466,347,347,80,155.1,REPEATEDHITS,False,False,False,3336,93130,157.3482,108,BID,LONG,0.5
XOP,2026-06-29 17:49:56.339941+00:00,PUT,157.0,2026-07-17,178915,421,571,69,156.525,REPEATEDHITS,False,False,False,178915,0,157.3482,18,ASK,SHORT,1.0
XOP,2026-06-26 19:04:14.634628+00:00,CALL,155.0,2026-07-10,63492,222,227,6,153.86,REPEATEDHITS,False,False,False,0,63492,157.3482,14,BID,SHORT,0.5
XOP,2026-06-26 17:30:55.073052+00:00,CALL,160.0,2026-07-10,33796,238,323,89,154.65,REPEATEDHITS,False,False,False,0,33796,157.3482,14,BID,SHORT,0.5
XOP,2026-06-26 15:50:18.762422+00:00,CALL,180.0,2026-07-24,55084,1500,1500,501,155.35,REPEATEDHITSDESCENDINGFILL,True,False,False,55084,0,157.3482,28,ASK,LONG,1.0
XOP,2026-06-26 14:27:27.558589+00:00,CALL,158.0,2026-08-21,19350,30,30,26,155.56,REPEATEDHITS,False,False,False,0,19350,157.3482,56,BID,SHORT,0.5
XOP,2026-06-25 15:59:10.114467+00:00,CALL,162.0,2026-07-10,18660,150,632,1,154.175,REPEATEDHITSASCENDINGFILL,False,False,False,0,18660,157.3482,15,BID,SHORT,0.5
XOP,2026-06-24 17:38:51.728030+00:00,CALL,155.0,2026-06-26,31590,486,557,118,152.12,REPEATEDHITS,False,False,False,0,31590,157.3482,2,BID,SHORT,0.5
XOP,2026-06-23 15:01:59.086089+00:00,PUT,129.0,2028-01-21,21805,21,65,11,154.84,REPEATEDHITSDESCENDINGFILL,True,False,False,0,21805,157.3482,577,BID,LONG,0.5
XOP,2026-06-23 15:01:57.481948+00:00,PUT,121.0,2028-01-21,52340,65,65,16,154.825,REPEATEDHITSASCENDINGFILL,False,False,False,0,52340,157.3482,577,BID,LONG,0.5
XOP,2026-06-23 15:01:57.481948+00:00,PUT,129.0,2028-01-21,45795,44,44,11,154.825,REPEATEDHITSASCENDINGFILL,False,False,False,0,45795,157.3482,577,BID,LONG,0.5
XOP,2026-06-22 18:48:39.660985+00:00,CALL,157.5,2026-07-17,35640,108,221,0,154.0318,REPEATEDHITS,True,False,False,33990,1650,157.3482,25,ASK,LONG,1.0
XOP,2026-06-22 18:32:08.038903+00:00,CALL,158.0,2026-08-21,11900,20,20,0,154.04,REPEATEDHITS,True,False,False,11900,0,157.3482,60,ASK,LONG,1.0
XOP,2026-06-22 15:27:54.839882+00:00,CALL,175.0,2026-08-21,175201,1168,1171,23,152.945,REPEATEDHITS,False,False,False,0,175201,157.3482,60,BID,SHORT,0.5
XOP,2026-06-22 14:24:38.737201+00:00,CALL,160.0,2026-08-21,287375,605,961,15,152.5801,REPEATEDHITS,False,False,False,475,286900,157.3482,60,BID,SHORT,0.5
XOP,2026-06-22 13:59:18.008020+00:00,CALL,160.0,2026-08-21,171708,354,354,15,153.18,REPEATEDHITSASCENDINGFILL,False,False,False,470,171238,157.3482,60,BID,SHORT,0.5
XOP,2026-06-18 16:54:36.667716+00:00,PUT,155.0,2026-10-16,1070635,919,919,88,152.665,REPEATEDHITS,False,False,False,10485,1060150,157.3482,120,BID,LONG,0.5
XOP,2026-06-18 14:59:27.310263+00:00,PUT,140.0,2026-07-24,35462,238,279,6,152.585,REPEATEDHITS,False,False,False,447,35015,157.3482,36,BID,LONG,0.5
XOP,2026-06-18 13:42:16.763739+00:00,CALL,152.0,2026-06-26,12223,48,49,3,152.04,REPEATEDHITSDESCENDINGFILL,True,False,False,5904,6319,157.3482,8,BID,SHORT,0.5
XOP,2026-06-17 19:46:30.769554+00:00,PUT,148.0,2026-06-26,22248,224,241,34,155.31,REPEATEDHITSASCENDINGFILL,False,False,False,22248,0,157.3482,9,ASK,SHORT,1.0
XOP,2026-06-17 17:46:11.809232+00:00,CALL,150.0,2026-09-18,1470810,1110,1124,774,156.59,REPEATEDHITSASCENDINGFILL,False,False,False,0,1470810,157.3482,93,BID,SHORT,0.5
XOP,2026-06-17 16:53:44.824557+00:00,PUT,150.0,2026-08-21,770091,1656,1658,19,156.995,REPEATEDHITS,False,False,False,1395,768696,157.3482,65,BID,LONG,0.5
XOP,2026-06-17 16:52:07.134675+00:00,CALL,152.0,2026-07-17,34880,45,45,0,156.925,REPEATEDHITS,True,False,False,0,34880,157.3482,30,BID,SHORT,0.5
XOP,2026-06-17 15:53:26.687250+00:00,CALL,170.0,2026-08-21,378653,1202,1204,48,156.7007,REPEATEDHITSASCENDINGFILL,True,False,False,320,378333,157.3482,65,BID,SHORT,0.5
XOP,2026-06-17 15:03:51.372497+00:00,PUT,135.0,2026-08-21,10125,75,150,31,156.635,REPEATEDHITS,False,False,False,675,0,157.3482,65,ASK,SHORT,1.0
XOP,2026-06-17 14:20:10.191501+00:00,PUT,140.0,2026-08-21,151200,672,898,46,156.32,REPEATEDHITS,False,False,False,0,151200,157.3482,65,BID,LONG,0.5
XOP,2026-06-17 13:56:00.304345+00:00,PUT,140.0,2026-08-21,33756,150,151,46,156.19,REPEATEDHITS,False,False,False,9006,2025,157.3482,65,ASK,SHORT,1.0
XOP,2026-06-16 17:41:42.920520+00:00,PUT,150.0,2026-07-02,103024,652,706,11,156.895,REPEATEDHITSDESCENDINGFILL,False,False,False,0,103024,157.3482,16,BID,LONG,0.5
XOP,2026-06-16 16:21:51.084220+00:00,PUT,154.0,2026-06-26,41106,186,191,47,156.96,REPEATEDHITS,False,False,False,38675,2431,157.3482,10,ASK,SHORT,1.0
XOP,2026-06-15 19:28:35.933502+00:00,PUT,168.0,2026-07-17,29160,24,25,13,158.47,REPEATEDHITS,False,False,False,29160,0,157.3482,32,ASK,SHORT,1.0
XOP,2026-06-15 17:48:31.609402+00:00,PUT,151.0,2026-07-02,137020,884,897,0,159.12,REPEATEDHITS,False,False,False,0,137020,157.3482,17,BID,LONG,0.5
XYZ,2026-07-08 16:01:41.239933+00:00,CALL,115.0,2027-03-19,103950,297,300,25,75.765,REPEATEDHITS,True,False,False,87850,12250,41509724200.0,254,ASK,LONG,1.0
XYZ,2026-07-08 15:11:08.939101+00:00,PUT,78.0,2026-07-31,14415,31,31,5,75.6899,REPEATEDHITS,True,False,False,0,14415,41509724200.0,23,BID,LONG,0.5
XYZ,2026-07-07 19:12:55.389415+00:00,PUT,77.0,2026-07-17,229215,1102,1112,171,77.57,REPEATEDHITS,True,False,False,229008,0,41509724200.0,10,ASK,SHORT,1.0
XYZ,2026-07-07 18:48:25.568382+00:00,PUT,79.0,2026-07-31,19890,51,61,43,78.25,REPEATEDHITS,False,False,False,19500,0,41509724200.0,24,ASK,SHORT,1.0
XYZ,2026-07-07 17:17:03.786327+00:00,CALL,115.0,2027-06-17,48200,81,592,0,78.19,REPEATEDHITS,True,False,False,0,48200,41509724200.0,345,BID,SHORT,0.5
XYZ,2026-07-07 15:44:03.503990+00:00,CALL,115.0,2027-06-17,71920,124,506,0,77.7656,REPEATEDHITS,True,False,False,0,71920,41509724200.0,345,BID,SHORT,0.5
XYZ,2026-07-07 14:32:18.020277+00:00,PUT,74.0,2026-07-31,35657,181,181,7,77.835,REPEATEDHITS,False,False,False,35657,0,41509724200.0,24,ASK,SHORT,1.0
XYZ,2026-07-06 19:21:35.584254+00:00,CALL,90.0,2026-08-07,121574,614,622,68,78.95,REPEATEDHITSASCENDINGFILL,False,False,False,199,121375,41509724200.0,32,BID,SHORT,0.5
XYZ,2026-07-06 18:09:36.004349+00:00,PUT,76.0,2026-07-10,36600,600,724,99,78.65,REPEATEDHITS,False,False,False,0,36600,41509724200.0,4,BID,LONG,0.5
XYZ,2026-07-06 17:11:23.998525+00:00,CALL,78.0,2026-07-24,178220,469,971,27,78.95,REPEATEDHITS,False,False,False,0,178220,41509724200.0,18,BID,SHORT,0.5
XYZ,2026-07-06 16:00:03.551382+00:00,PUT,80.0,2026-07-17,102710,321,371,214,78.75,REPEATEDHITS,False,False,False,102710,0,41509724200.0,11,ASK,SHORT,1.0
XYZ,2026-07-02 19:19:15.006456+00:00,PUT,78.0,2026-07-17,19152,76,123,18,78.41,REPEATEDHITS,False,False,False,10332,8820,41509724200.0,15,ASK,SHORT,1.0
XYZ,2026-07-02 18:08:46.877897+00:00,PUT,85.0,2026-09-18,225330,203,213,91,77.95,REPEATEDHITS,False,False,False,0,225330,41509724200.0,78,BID,LONG,0.5
XYZ,2026-07-02 15:41:29.973910+00:00,PUT,79.0,2026-07-17,107060,404,543,53,79.1,REPEATEDHITS,False,False,False,107060,0,41509724200.0,15,ASK,SHORT,1.0
XYZ,2026-07-02 15:10:23.160326+00:00,CALL,81.0,2026-07-17,56929,331,499,101,78.4999,REPEATEDHITSDESCENDINGFILL,False,False,False,56588,341,41509724200.0,15,ASK,LONG,1.0
XYZ,2026-07-02 13:39:29.295332+00:00,CALL,85.0,2026-07-10,12321,244,254,56,80.24,REPEATEDHITSASCENDINGFILL,False,False,False,5856,6465,41509724200.0,8,BID,SHORT,0.5
XYZ,2026-07-02 13:39:29.295332+00:00,CALL,84.0,2026-07-10,14350,205,208,52,80.15,REPEATEDHITS,False,False,False,14350,0,41509724200.0,8,ASK,LONG,1.0
XYZ,2026-07-01 13:56:15.981211+00:00,CALL,82.0,2026-07-17,19324,255,264,145,75.52,REPEATEDHITS,True,False,False,2476,14036,41509724200.0,16,BID,SHORT,0.5
XYZ,2026-06-30 14:55:22.898171+00:00,PUT,75.0,2026-07-10,192446,948,958,37,75.375,REPEATEDHITSASCENDINGFILL,False,False,False,204,204,41509724200.0,10,MIXED,,0.0
XYZ,2026-06-30 14:55:22.898171+00:00,PUT,73.0,2026-07-17,186392,1013,1028,175,75.305,REPEATEDHITS,False,False,False,39192,147200,41509724200.0,17,BID,LONG,0.5
XYZ,2026-06-30 14:55:15.087130+00:00,PUT,73.0,2026-07-10,13541,111,192,46,75.37,REPEATEDHITS,True,False,False,13420,121,41509724200.0,10,ASK,SHORT,1.0
XYZ,2026-06-29 16:43:49.483014+00:00,PUT,77.0,2026-07-02,21250,250,397,59,78.19,REPEATEDHITS,False,False,False,0,21250,41509724200.0,3,BID,LONG,0.5
XYZ,2026-06-26 19:52:44.705081+00:00,PUT,83.0,2026-07-02,11100,20,20,0,77.635,REPEATEDHITS,False,False,False,2220,8880,41509724200.0,6,BID,LONG,0.5
XYZ,2026-06-26 19:47:59.808251+00:00,CALL,90.0,2026-08-21,81340,332,389,204,77.51,REPEATEDHITS,False,False,False,81095,0,41509724200.0,56,ASK,LONG,1.0
XYZ,2026-06-26 18:05:59.585713+00:00,PUT,60.0,2026-07-17,13500,750,754,497,77.07,REPEATEDHITS,False,False,False,0,4554,41509724200.0,21,BID,LONG,0.5
XYZ,2026-06-26 18:05:59.585713+00:00,PUT,60.0,2026-07-17,13500,750,1504,497,77.055,REPEATEDHITS,False,False,False,13500,0,41509724200.0,21,ASK,SHORT,1.0
XYZ,2026-06-26 17:35:32.725089+00:00,CALL,78.0,2026-07-17,37023,129,158,35,77.18,REPEATEDHITS,False,False,False,0,37023,41509724200.0,21,BID,SHORT,0.5
XYZ,2026-06-26 16:28:16.887960+00:00,PUT,74.0,2026-07-17,14263,73,78,8,77.215,REPEATEDHITS,False,False,False,5488,0,41509724200.0,21,ASK,SHORT,1.0
XYZ,2026-06-25 19:40:16.647184+00:00,PUT,85.0,2026-11-20,111600,72,229,53,74.6,REPEATEDHITS,False,False,False,0,111600,41509724200.0,148,BID,LONG,0.5
XYZ,2026-06-25 18:50:27.405187+00:00,PUT,85.0,2026-11-20,170105,108,157,53,74.23,REPEATEDHITS,False,False,False,0,170105,41509724200.0,148,BID,LONG,0.5
XYZ,2026-06-25 15:57:19.193352+00:00,PUT,74.0,2026-06-26,19872,432,434,150,75.12,REPEATEDHITS,False,False,False,0,19872,41509724200.0,1,BID,LONG,0.5
XYZ,2026-06-25 15:57:19.193352+00:00,PUT,75.0,2026-06-26,72140,844,882,373,75.12,REPEATEDHITSASCENDINGFILL,False,False,False,34400,37740,41509724200.0,1,BID,LONG,0.5
XYZ,2026-06-25 14:32:39.194767+00:00,PUT,80.0,2026-09-18,409715,429,436,286,75.64,REPEATEDHITSASCENDINGFILL,False,False,False,0,409715,41509724200.0,85,BID,LONG,0.5
XYZ,2026-06-25 14:05:30.894564+00:00,PUT,77.5,2026-08-21,287286,378,378,264,74.81,REPEATEDHITSASCENDINGFILL,False,False,False,0,287286,41509724200.0,57,BID,LONG,0.5
XYZ,2026-06-24 19:39:14.060158+00:00,CALL,86.0,2026-07-24,50685,545,549,3,75.755,REPEATEDHITS,False,False,False,0,50685,41509724200.0,30,BID,SHORT,0.5
XYZ,2026-06-24 16:04:17.694109+00:00,PUT,77.0,2026-07-17,26520,68,80,0,76.0399,REPEATEDHITS,False,False,False,25740,390,41509724200.0,23,ASK,SHORT,1.0
XYZ,2026-06-24 15:29:24.139187+00:00,CALL,80.0,2026-07-10,67297,389,408,216,76.7967,REPEATEDHITS,False,False,False,67297,0,41509724200.0,16,ASK,LONG,1.0
XYZ,2026-06-24 14:54:19.107045+00:00,CALL,77.0,2026-07-31,12585,27,27,12,76.45,REPEATEDHITSDESCENDINGFILL,False,False,False,1410,2805,41509724200.0,37,BID,SHORT,0.5
XYZ,2026-06-24 14:36:15.221758+00:00,CALL,80.0,2026-08-21,125111,241,333,60,76.0634,REPEATEDHITSDESCENDINGFILL,True,False,False,100348,2063,41509724200.0,58,ASK,LONG,1.0
XYZ,2026-06-24 13:57:47.135368+00:00,CALL,69.0,2026-07-17,22200,30,31,2,75.1799,REPEATEDHITS,False,False,False,0,22200,41509724200.0,23,BID,SHORT,0.5
XYZ,2026-06-24 13:45:07.324536+00:00,CALL,77.0,2026-07-10,46556,226,228,72,75.055,REPEATEDHITS,False,False,False,46556,0,41509724200.0,16,ASK,LONG,1.0
XYZ,2026-06-24 13:37:12.237003+00:00,CALL,80.0,2026-08-21,37410,86,87,60,74.575,REPEATEDHITS,False,False,False,37410,0,41509724200.0,58,ASK,LONG,1.0
XYZ,2026-06-23 19:36:49.820436+00:00,PUT,77.5,2026-08-21,175000,200,200,3,72.725,REPEATEDHITS,False,False,False,175000,0,41509724200.0,59,ASK,SHORT,1.0
XYZ,2026-06-23 17:54:46.495270+00:00,PUT,76.0,2026-07-17,45570,87,87,0,72.49,REPEATEDHITSDESCENDINGFILL,True,False,False,45050,0,41509724200.0,24,ASK,SHORT,1.0
XYZ,2026-06-23 17:53:35.199162+00:00,PUT,79.0,2026-07-31,31393,39,39,2,72.59,REPEATEDHITS,True,False,False,31393,0,41509724200.0,38,ASK,SHORT,1.0
XYZ,2026-06-23 17:34:59.158457+00:00,CALL,77.0,2026-07-17,10788,62,74,1,72.86,REPEATEDHITS,False,False,False,174,10614,41509724200.0,24,BID,SHORT,0.5
XYZ,2026-06-23 16:49:09.279040+00:00,CALL,73.0,2026-07-17,15640,46,108,11,73.0,REPEATEDHITS,True,False,False,0,14620,41509724200.0,24,BID,SHORT,0.5
XYZ,2026-06-23 15:24:36.855722+00:00,PUT,69.0,2026-07-24,41859,182,182,11,72.39,REPEATEDHITS,False,False,False,41859,0,41509724200.0,31,ASK,SHORT,1.0
XYZ,2026-06-23 13:50:41.352085+00:00,CALL,68.0,2026-07-17,22800,38,38,0,72.23,REPEATEDHITS,False,False,False,0,22800,41509724200.0,24,BID,SHORT,0.5
XYZ,2026-06-22 19:56:23.836753+00:00,PUT,73.0,2026-07-17,38940,118,123,0,72.85,REPEATEDHITS,True,False,False,0,38940,41509724200.0,25,BID,LONG,0.5
