ticker,event_ts,option_type,strike,expiration_date,premium,contracts,volume,open_interest,underlying_price,alert_rule,is_sweep,is_floor,is_multileg,ask_side_premium,bid_side_premium,marketcap,dte,execution_side,direction,direction_confidence
SPY,2026-06-10 20:09:26.034518+00:00,PUT,732.0,2026-08-31,635250,250,250,30,724.68,REPEATEDHITS,False,False,False,0,635250,737.385627,82,BID,LONG,0.5
RUT,2026-06-10 20:08:31.996543+00:00,CALL,2850.0,2027-03-19,3921600,150,150,76,2835.4623,REPEATEDHITS,False,False,False,0,0,,282,MIXED,,0.0
RUT,2026-06-10 20:08:31.996543+00:00,CALL,3200.0,2027-03-19,2239575,195,195,0,2835.4623,REPEATEDHITS,False,False,False,0,0,,282,MIXED,,0.0
RUT,2026-06-10 20:08:31.996543+00:00,PUT,2300.0,2027-03-19,1250925,195,195,23,2835.4623,REPEATEDHITS,False,False,False,0,0,,282,MIXED,,0.0
RUT,2026-06-10 20:08:31.996543+00:00,PUT,2850.0,2027-03-19,3157200,150,150,34,2835.4623,REPEATEDHITS,False,False,False,0,0,,282,MIXED,,0.0
SPY,2026-06-10 20:07:19.951478+00:00,PUT,692.0,2026-07-17,1868914,2588,12698,0,724.43,REPEATEDHITS,False,False,False,136836,1732078,737.385627,37,BID,LONG,0.5
SPY,2026-06-10 20:07:19.951478+00:00,PUT,692.0,2026-07-17,635016,879,14248,0,724.35,REPEATEDHITSDESCENDINGFILL,False,False,False,0,498180,737.385627,37,BID,LONG,0.5
IWM,2026-06-10 20:04:57.191651+00:00,PUT,269.0,2026-07-17,7782400,16384,36040,10703,281.96,REPEATEDHITS,False,False,False,0,7782400,76844863080.0,37,BID,LONG,0.5
KEEL,2026-06-10 19:57:06.258091+00:00,PUT,5.5,2026-11-20,679000,3880,11567,851,5.29,REPEATEDHITS,True,False,False,679000,0,3272751288.0,163,ASK,SHORT,1.0
KEEL,2026-06-10 19:54:54.878142+00:00,PUT,5.5,2026-11-20,692000,4000,7566,851,5.31,REPEATEDHITS,True,False,False,692000,0,3272751288.0,163,ASK,SHORT,1.0
RIOT,2026-06-10 19:42:42.491511+00:00,CALL,27.0,2026-07-17,1008504,6264,10813,376,24.13,FLOORTRADEMIDCAP,False,True,False,0,0,9565335363.0,37,MIXED,,0.0
PANW,2026-06-10 19:40:39.042658+00:00,CALL,280.0,2027-06-17,908160,176,627,127,262.62,REPEATEDHITS,False,False,False,908160,0,212323800000.0,372,ASK,LONG,1.0
IREN,2026-06-10 19:39:00.950584+00:00,PUT,45.0,2026-06-26,598810,2722,5654,1561,51.84,REPEATEDHITSDESCENDINGFILL,True,False,False,588055,10755,19305595969.0,16,ASK,SHORT,1.0
IREN,2026-06-10 19:37:15.159146+00:00,PUT,45.0,2026-06-26,526392,2437,2905,1561,51.88,REPEATEDHITS,True,False,False,525744,648,19305595969.0,16,ASK,SHORT,1.0
SPY,2026-06-10 19:35:20.796377+00:00,PUT,711.0,2026-06-15,654509,2899,26936,224,726.93,REPEATEDHITSDESCENDINGFILL,False,False,False,0,654509,737.385627,5,BID,LONG,0.5
IREN,2026-06-10 19:34:19.907266+00:00,PUT,33.0,2026-12-18,1236030,2095,2168,41,51.84,REPEATEDHITSDESCENDINGFILL,False,False,False,1236030,0,19305595969.0,191,ASK,SHORT,1.0
SPY,2026-06-10 19:31:58.449341+00:00,PUT,711.0,2026-06-15,856749,3745,19054,224,726.83,REPEATEDHITSASCENDINGFILL,False,False,False,743925,112824,737.385627,5,ASK,SHORT,1.0
SPY,2026-06-10 19:30:10.953304+00:00,PUT,695.0,2026-06-17,793010,4381,23836,441,725.92,REPEATEDHITSDESCENDINGFILL,True,False,False,543,790647,737.385627,7,BID,LONG,0.5
SPY,2026-06-10 19:29:47.679291+00:00,PUT,711.0,2026-06-15,2050989,8037,8321,224,725.9,REPEATEDHITSASCENDINGFILL,True,False,False,1964303,86686,737.385627,5,ASK,SHORT,1.0
SPY,2026-06-10 19:29:47.679291+00:00,PUT,711.0,2026-06-15,1311948,5089,13410,224,725.93,REPEATEDHITSASCENDINGFILL,True,False,False,1311948,0,737.385627,5,ASK,SHORT,1.0
CRCL,2026-06-10 19:26:58.870658+00:00,CALL,105.0,2026-10-16,578513,650,660,245,78.98,REPEATEDHITSASCENDINGFILL,True,False,False,895,577618,18641467499.0,128,BID,SHORT,0.5
CLS,2026-06-10 19:21:54.956707+00:00,CALL,500.0,2026-12-18,535020,111,121,85,360.245,REPEATEDHITS,False,False,False,178340,0,42753899569.0,191,ASK,LONG,1.0
TQQQ,2026-06-10 19:21:51.947807+00:00,PUT,62.5,2026-06-18,503505,2505,2695,2013,69.1701,REPEATEDHITS,False,False,False,0,503505,73.7461,8,BID,LONG,0.5
AMD,2026-06-10 19:21:47.140804+00:00,PUT,445.0,2026-06-12,1597500,1500,4524,1356,448.64,REPEATEDHITS,False,False,False,1597500,0,775358756848.0,2,ASK,SHORT,1.0
MSTR,2026-06-10 19:15:07.544257+00:00,PUT,90.0,2026-10-16,2131188,2197,7665,1608,116.28,REPEATEDHITSASCENDINGFILL,True,False,False,975,2123423,38711107926.0,128,BID,LONG,0.5
XOM,2026-06-10 19:12:22.504974+00:00,CALL,155.0,2026-10-16,1701470,1668,2964,566,151.28,REPEATEDHITSASCENDINGFILL,False,False,False,0,1701470,617224081893.0,128,BID,SHORT,0.5
NOW,2026-06-10 19:07:42.310956+00:00,CALL,135.0,2026-10-16,845420,1031,1096,518,106.75,REPEATEDHITS,False,False,False,0,845420,110286070000.0,128,BID,SHORT,0.5
SPY,2026-06-10 19:01:47.019886+00:00,PUT,694.0,2026-07-17,696073,1002,16226,0,727.04,REPEATEDHITSDESCENDINGFILL,False,False,False,0,696073,737.385627,37,BID,LONG,0.5
SPY,2026-06-10 19:01:30.189621+00:00,PUT,692.0,2026-07-17,3487221,5235,5429,0,726.925,REPEATEDHITSASCENDINGFILL,True,False,False,3487221,0,737.385627,37,ASK,SHORT,1.0
DELL,2026-06-10 18:59:05.339662+00:00,CALL,560.0,2026-09-18,590903,311,822,30,376.06,REPEATEDHITS,False,False,False,0,590903,124030258279.0,100,BID,SHORT,0.5
WFC,2026-06-10 18:56:43.563826+00:00,CALL,92.5,2026-10-16,715099,2849,2849,295,82.185,REPEATEDHITS,False,False,False,13303,701796,250935538508.0,128,BID,SHORT,0.5
LRCX,2026-06-10 18:55:51.093485+00:00,CALL,490.0,2026-10-16,734772,468,834,72,320.5006,REPEATEDHITSASCENDINGFILL,False,False,False,0,734772,409136808360.0,128,BID,SHORT,0.5
MSTR,2026-06-10 18:48:44.864374+00:00,PUT,90.0,2026-10-16,5068123,5198,5215,1608,116.65,REPEATEDHITSASCENDINGFILL,False,False,False,0,5068123,38711107926.0,128,BID,LONG,0.5
SNDK,2026-06-10 18:40:33.226073+00:00,PUT,1350.0,2026-06-26,2218051,449,2399,170,1657.41,REPEATEDHITS,False,False,False,2218051,0,243835710137.0,16,ASK,SHORT,1.0
SNDK,2026-06-10 18:40:14.409447+00:00,PUT,1350.0,2026-06-26,1091250,225,1921,170,1656.3701,REPEATEDHITS,False,False,False,1091250,0,243835710137.0,16,ASK,SHORT,1.0
SNDK,2026-06-10 18:39:11.301171+00:00,PUT,1350.0,2026-06-26,1217820,251,1642,170,1655.0,REPEATEDHITSASCENDINGFILL,True,False,False,948100,269720,243835710137.0,16,ASK,SHORT,1.0
JPM,2026-06-10 18:36:13.061011+00:00,PUT,265.0,2026-10-16,518749,910,936,529,311.57,REPEATEDHITSASCENDINGFILL,False,False,False,0,517024,837883220409.0,128,BID,LONG,0.5
SNDK,2026-06-10 18:34:03.481147+00:00,PUT,1350.0,2026-06-26,1256960,272,626,170,1662.12,REPEATEDHITSDESCENDINGFILL,True,False,False,618890,638070,243835710137.0,16,BID,LONG,0.5
SPY,2026-06-10 18:33:17.623416+00:00,CALL,665.0,2028-01-21,2381016,174,178,133,729.14,REPEATEDHITS,False,False,False,0,2381016,737.385627,590,BID,SHORT,0.5
URI,2026-06-10 18:33:11.613166+00:00,PUT,1080.0,2026-09-18,675980,73,73,1,1062.17,REPEATEDHITS,False,False,False,0,675980,68545983273.0,100,BID,LONG,0.5
CRH,2026-06-10 18:32:28.166615+00:00,PUT,100.0,2026-09-18,676800,940,1001,185,100.5,REPEATEDHITS,False,False,False,0,676800,69292362399.0,100,BID,LONG,0.5
SPY,2026-06-10 18:32:15.552237+00:00,CALL,740.0,2026-11-30,652125,185,193,31,729.19,REPEATEDHITS,True,False,False,0,652125,737.385627,173,BID,SHORT,0.5
SLV,2026-06-10 18:32:15.552237+00:00,PUT,56.0,2028-01-21,813450,870,941,314,58.6143,REPEATEDHITS,False,False,False,794750,18700,38529495748.0,590,ASK,SHORT,1.0
CRWV,2026-06-10 18:28:00.247633+00:00,CALL,95.0,2026-10-16,1067111,458,6194,261,97.58,REPEATEDHITSDESCENDINGFILL,False,False,False,1062461,0,44063654295.0,128,ASK,LONG,1.0
SOXX,2026-06-10 18:27:10.596922+00:00,CALL,560.0,2026-06-18,994575,585,1074,384,547.14,REPEATEDHITS,False,False,False,10200,984375,33517036476.0,8,BID,SHORT,0.5
CIEN,2026-06-10 18:22:03.429704+00:00,CALL,780.0,2028-12-15,630000,42,297,10,434.105,REPEATEDHITS,True,False,False,630000,0,62189860751.0,919,ASK,LONG,1.0
SOXX,2026-06-10 18:20:46.941628+00:00,PUT,550.0,2028-01-21,627850,50,50,6,548.2448,FLOORTRADELARGECAP,False,True,False,439600,0,33517036476.0,590,ASK,SHORT,1.0
QQQ,2026-06-10 18:18:19.211816+00:00,CALL,705.0,2026-07-10,1006218,500,3969,86,698.96,REPEATEDHITSASCENDINGFILL,False,False,False,146949,859269,467517261829.0,30,BID,SHORT,0.5
QQQ,2026-06-10 18:18:01.192781+00:00,CALL,705.0,2026-07-10,991457,488,3469,86,699.25,REPEATEDHITSDESCENDINGFILL,False,False,False,89408,902049,467517261829.0,30,BID,SHORT,0.5
MU,2026-06-10 18:15:03.165272+00:00,CALL,902.5,2026-06-12,1917576,544,2163,373,905.18,REPEATEDHITSDESCENDINGFILL,False,False,False,1914056,3520,1055435020990.0,2,ASK,LONG,1.0
DKNG,2026-06-10 19:26:51.256806+00:00,PUT,30.0,2026-06-12,37153,288,490,8,28.995,REPEATEDHITS,False,False,False,130,33798,13688194061.0,2,BID,LONG,0.5
DKNG,2026-06-10 17:52:50.397809+00:00,PUT,22.5,2027-06-17,15750,50,50,1,29.02,REPEATEDHITS,False,False,False,0,15750,13688194061.0,372,BID,LONG,0.5
DKNG,2026-06-10 17:48:37.459209+00:00,CALL,29.5,2026-07-02,39339,279,319,159,29.035,REPEATEDHITS,False,False,False,36660,0,13688194061.0,22,ASK,LONG,1.0
DKNG,2026-06-10 14:57:22.564172+00:00,CALL,29.5,2026-06-12,40216,665,2588,289,29.26,REPEATEDHITSDESCENDINGFILL,True,False,False,660,35596,13688194061.0,2,BID,SHORT,0.5
DKNG,2026-06-10 14:31:37.315874+00:00,CALL,29.5,2026-06-12,25580,312,1420,289,29.53,REPEATEDHITSDESCENDINGFILL,False,False,False,25580,0,13688194061.0,2,ASK,LONG,1.0
DKNG,2026-06-10 14:28:09.084925+00:00,PUT,30.0,2026-06-26,22368,132,331,3,29.505,REPEATEDHITSDESCENDINGFILL,False,False,False,0,22368,13688194061.0,16,BID,LONG,0.5
DKNG,2026-06-09 15:16:53.049151+00:00,PUT,26.0,2026-06-12,26270,710,1070,127,26.88,REPEATEDHITS,True,False,False,0,10212,13688194061.0,3,BID,LONG,0.5
DKNG,2026-06-08 18:43:13.038658+00:00,CALL,26.5,2026-07-10,56147,617,629,14,24.84,REPEATEDHITS,False,False,False,91,56056,13688194061.0,32,BID,SHORT,0.5
DKNG,2026-06-04 15:52:33.920022+00:00,CALL,32.5,2026-09-18,99004,934,936,782,25.68,REPEATEDHITS,False,False,False,94976,4028,13688194061.0,106,ASK,LONG,1.0
DKNG,2026-06-02 18:42:25.478076+00:00,CALL,26.0,2026-06-18,67640,712,754,337,25.48,REPEATEDHITS,False,False,False,0,67640,13688194061.0,16,BID,SHORT,0.5
DKNG,2026-06-02 14:59:57.858395+00:00,CALL,30.0,2026-06-12,11143,1528,1589,893,25.54,REPEATEDHITSASCENDINGFILL,False,False,False,10940,203,13688194061.0,10,ASK,LONG,1.0
DKNG,2026-06-01 19:24:00.464278+00:00,PUT,26.5,2026-06-05,44520,840,2322,4,26.81,REPEATEDHITS,False,False,False,43672,0,13688194061.0,4,ASK,SHORT,1.0
DKNG,2026-06-01 17:41:58.954779+00:00,PUT,26.5,2026-06-05,20700,300,901,4,26.51,REPEATEDHITS,False,False,False,16905,3795,13688194061.0,4,ASK,SHORT,1.0
DKNG,2026-06-01 14:31:57.763366+00:00,PUT,22.0,2026-06-26,11424,408,424,60,25.69,REPEATEDHITS,False,False,False,2268,7980,13688194061.0,25,BID,LONG,0.5
DKNG,2026-06-01 13:46:06.992772+00:00,CALL,35.0,2026-07-17,19440,1080,1510,443,26.12,REPEATEDHITS,False,False,False,19440,0,13688194061.0,46,ASK,LONG,1.0
DKNG,2026-05-29 17:06:02.759509+00:00,PUT,25.0,2026-07-17,155449,762,819,721,24.515,REPEATEDHITS,False,False,False,0,155449,13688194061.0,49,BID,LONG,0.5
DKNG,2026-05-27 18:38:12.735995+00:00,CALL,27.0,2026-07-02,33405,393,399,1,25.055,REPEATEDHITS,False,False,False,4420,28985,13688194061.0,36,BID,SHORT,0.5
DKNG,2026-05-27 16:31:46.786819+00:00,PUT,22.0,2026-06-18,27480,916,932,124,24.97,REPEATEDHITS,False,False,False,0,27480,13688194061.0,22,BID,LONG,0.5
DKNG,2026-05-26 17:47:16.806910+00:00,PUT,24.5,2026-06-18,20126,156,167,14,24.385,REPEATEDHITSASCENDINGFILL,True,False,False,129,19997,13688194061.0,23,BID,LONG,0.5
DKNG,2026-05-20 17:19:51.324504+00:00,PUT,24.0,2026-06-26,42837,393,393,8,25.15,REPEATEDHITS,False,False,False,327,42510,13688194061.0,37,BID,LONG,0.5
DKNG,2026-05-18 14:17:35.462331+00:00,PUT,25.5,2026-05-29,27751,375,396,34,25.77,REPEATEDHITSDESCENDINGFILL,False,False,False,27676,0,13688194061.0,11,ASK,SHORT,1.0
DKNG,2026-05-15 15:04:50.526161+00:00,PUT,26.5,2026-05-22,49714,469,469,7,25.74,REPEATEDHITS,False,False,False,8268,41446,13688194061.0,7,BID,LONG,0.5
DKNG,2026-05-14 17:55:30.540646+00:00,PUT,25.5,2026-06-05,13112,88,88,3,24.905,REPEATEDHITS,True,False,False,0,13112,13688194061.0,22,BID,LONG,0.5
DKNG,2026-05-12 14:04:35.042658+00:00,CALL,24.0,2026-06-05,175100,850,850,29,25.18,FLOORTRADELARGECAP,False,True,False,175100,0,13688194061.0,24,ASK,LONG,1.0
KO,2026-06-10 19:14:05.239410+00:00,CALL,82.5,2026-10-16,432250,910,944,883,83.575,REPEATEDHITS,False,False,False,0,432250,349963919880.0,128,BID,SHORT,0.5
KO,2026-06-10 16:30:32.098349+00:00,CALL,85.0,2026-10-16,464732,1347,1479,692,83.625,REPEATEDHITS,True,False,False,22425,442307,349963919880.0,128,BID,SHORT,0.5
KO,2026-06-10 14:02:36.157625+00:00,CALL,90.0,2026-10-16,87947,534,780,120,83.125,REPEATEDHITSASCENDINGFILL,False,False,False,36632,51315,349963919880.0,128,BID,SHORT,0.5
KO,2026-06-09 14:35:03.439309+00:00,CALL,80.0,2026-07-02,52948,308,424,110,80.56,REPEATEDHITSASCENDINGFILL,False,False,False,52948,0,349963919880.0,23,ASK,LONG,1.0
KO,2026-06-08 14:53:38.758224+00:00,PUT,79.0,2026-06-18,56430,495,522,489,79.385,REPEATEDHITS,False,False,False,0,56430,349963919880.0,10,BID,LONG,0.5
KO,2026-06-08 13:59:01.385677+00:00,CALL,81.0,2026-06-18,54940,1000,1011,907,79.515,REPEATEDHITSDESCENDINGFILL,False,False,False,54340,600,349963919880.0,10,ASK,LONG,1.0
KO,2026-06-01 17:16:14.379143+00:00,CALL,79.0,2026-06-12,55402,560,746,122,78.6999,REPEATEDHITSDESCENDINGFILL,False,False,False,49995,3526,349963919880.0,11,ASK,LONG,1.0
KO,2026-05-19 15:51:04.622214+00:00,PUT,82.0,2026-06-05,78736,703,708,25,82.23,REPEATEDHITS,False,False,False,77616,1120,349963919880.0,17,ASK,SHORT,1.0
KO,2026-05-19 14:41:16.666459+00:00,PUT,83.0,2026-05-29,90390,690,751,82,82.46,REPEATEDHITS,False,False,False,90390,0,349963919880.0,10,ASK,SHORT,1.0
KO,2026-05-19 14:32:22.796264+00:00,PUT,85.0,2026-11-20,71680,128,143,1,82.48,REPEATEDHITS,True,False,False,4480,16800,349963919880.0,185,BID,LONG,0.5
KO,2026-05-18 16:31:16.815947+00:00,CALL,85.0,2026-09-18,795880,4040,4168,1781,81.03,REPEATEDHITS,False,False,False,0,795880,349963919880.0,123,BID,SHORT,0.5
KO,2026-05-18 14:05:56.911375+00:00,CALL,82.0,2026-06-05,110390,1162,1171,258,80.9701,REPEATEDHITS,False,False,False,110010,380,349963919880.0,18,ASK,LONG,1.0
KO,2026-05-18 13:50:40.708407+00:00,CALL,82.0,2026-05-29,73080,1218,1223,1099,80.91,REPEATEDHITS,False,False,False,73080,0,349963919880.0,11,ASK,LONG,1.0
KO,2026-05-15 15:11:41.906650+00:00,PUT,81.0,2026-06-12,65928,402,457,40,80.725,REPEATEDHITS,False,False,False,65928,0,349963919880.0,28,ASK,SHORT,1.0
KO,2026-05-14 15:00:07.362484+00:00,PUT,85.0,2026-07-17,118800,220,220,16,80.55,REPEATEDHITS,True,False,False,0,118800,349963919880.0,64,BID,LONG,0.5
KO,2026-05-14 14:06:22.775435+00:00,PUT,80.0,2027-01-15,408500,860,861,774,80.21,REPEATEDHITS,False,False,False,0,408500,349963919880.0,246,BID,LONG,0.5
KO,2026-05-12 16:08:34.067087+00:00,PUT,77.5,2026-07-17,348384,2292,2362,2023,79.71,REPEATEDHITS,False,False,False,348384,0,349963919880.0,66,ASK,SHORT,1.0
KO,2026-05-12 15:19:29.448001+00:00,CALL,79.0,2026-06-05,100440,558,613,106,79.44,REPEATEDHITS,True,False,False,100440,0,349963919880.0,24,ASK,LONG,1.0
VST,2026-06-10 19:13:11.963054+00:00,CALL,140.0,2026-06-12,123200,800,4634,83,138.58,REPEATEDHITS,False,False,False,0,123200,49302820471.0,2,BID,SHORT,0.5
VST,2026-06-10 19:12:42.732280+00:00,CALL,140.0,2026-06-12,39579,237,2577,83,138.6,REPEATEDHITS,False,False,False,0,39579,49302820471.0,2,BID,SHORT,0.5
VST,2026-06-10 19:12:22.504974+00:00,CALL,140.0,2026-06-12,162220,900,2340,83,138.68,REPEATEDHITSASCENDINGFILL,False,False,False,0,162220,49302820471.0,2,BID,SHORT,0.5
VST,2026-06-10 19:12:04.481133+00:00,CALL,140.0,2026-06-12,93456,472,612,83,138.875,REPEATEDHITS,False,False,False,0,93456,49302820471.0,2,BID,SHORT,0.5
VST,2026-06-10 19:12:04.481133+00:00,CALL,140.0,2026-06-12,101276,528,1440,83,138.73,REPEATEDHITSDESCENDINGFILL,True,False,False,6022,93334,49302820471.0,2,BID,SHORT,0.5
VST,2026-06-10 14:52:31.006728+00:00,PUT,137.0,2026-06-26,17390,37,37,10,140.115,REPEATEDHITS,False,False,False,17390,0,49302820471.0,16,ASK,SHORT,1.0
VST,2026-06-10 14:52:31.006728+00:00,PUT,138.0,2026-06-26,25235,49,49,15,140.04,REPEATEDHITS,False,False,False,25235,0,49302820471.0,16,ASK,SHORT,1.0
VST,2026-06-10 14:52:17.793586+00:00,PUT,130.0,2026-07-10,49140,126,130,69,140.14,REPEATEDHITS,False,False,False,49140,0,49302820471.0,30,ASK,SHORT,1.0
VST,2026-06-09 19:21:40.621744+00:00,CALL,175.0,2026-09-18,2844000,4000,10014,941,144.545,FLOORTRADELARGECAP,False,True,True,2844000,0,49302820471.0,101,ASK,LONG,1.0
VST,2026-06-09 17:48:51.204568+00:00,CALL,143.0,2026-06-12,27375,73,81,19,143.85,REPEATEDHITS,True,False,False,0,27375,49302820471.0,3,BID,SHORT,0.5
VST,2026-06-09 16:30:27.141073+00:00,CALL,157.5,2026-06-18,107520,1024,1053,88,143.05,REPEATEDHITS,False,False,False,0,107520,49302820471.0,9,BID,SHORT,0.5
VST,2026-06-09 15:12:03.634070+00:00,PUT,146.0,2026-06-12,164411,539,541,221,146.65,REPEATEDHITSASCENDINGFILL,True,False,False,7625,146416,49302820471.0,3,BID,LONG,0.5
VST,2026-06-08 16:19:52.517021+00:00,PUT,150.0,2026-11-20,214925,100,102,30,147.67,REPEATEDHITSDESCENDINGFILL,True,False,False,210635,4290,49302820471.0,165,ASK,SHORT,1.0
VST,2026-06-05 17:34:58.863868+00:00,PUT,150.0,2026-06-12,202756,436,510,188,149.09,REPEATEDHITSASCENDINGFILL,False,False,False,475,202281,49302820471.0,7,BID,LONG,0.5
VST,2026-06-04 15:45:54.866037+00:00,PUT,135.0,2027-09-17,77985,34,34,14,152.13,REPEATEDHITSASCENDINGFILL,False,False,False,13860,61830,49302820471.0,470,BID,LONG,0.5
VST,2026-06-02 18:04:35.166040+00:00,CALL,160.0,2026-06-12,145113,300,3573,265,158.02,REPEATEDHITS,False,False,False,0,145113,49302820471.0,10,BID,SHORT,0.5
VST,2026-06-02 18:04:21.945413+00:00,CALL,160.0,2026-06-12,160132,337,3273,265,158.335,REPEATEDHITSDESCENDINGFILL,False,False,False,0,160132,49302820471.0,10,BID,SHORT,0.5
VST,2026-06-02 18:03:58.711518+00:00,CALL,160.0,2026-06-12,535044,992,2252,265,159.16,REPEATEDHITSDESCENDINGFILL,False,False,False,28909,506135,49302820471.0,10,BID,SHORT,0.5
VST,2026-06-02 18:03:36.085541+00:00,CALL,160.0,2026-06-12,154630,277,1190,265,159.16,REPEATEDHITSASCENDINGFILL,False,False,False,76530,78100,49302820471.0,10,BID,SHORT,0.5
VST,2026-05-29 13:51:23.278897+00:00,CALL,167.5,2026-06-05,146271,641,643,105,161.19,REPEATEDHITSDESCENDINGFILL,False,False,False,8460,137811,49302820471.0,7,BID,SHORT,0.5
VST,2026-05-27 16:36:34.780674+00:00,CALL,230.0,2026-07-17,72422,862,876,628,160.41,REPEATEDHITSASCENDINGFILL,False,False,False,0,71232,49302820471.0,51,BID,SHORT,0.5
VST,2026-05-27 14:04:50.505392+00:00,CALL,250.0,2026-08-21,122820,808,808,80,160.375,REPEATEDHITS,False,False,False,0,122820,49302820471.0,86,BID,SHORT,0.5
VST,2026-05-26 17:51:12.140702+00:00,CALL,167.5,2026-05-29,102621,433,914,65,164.87,REPEATEDHITS,False,False,False,4503,98118,49302820471.0,3,BID,SHORT,0.5
VST,2026-05-26 17:50:55.510893+00:00,CALL,167.5,2026-05-29,53325,225,481,65,164.9399,REPEATEDHITS,False,False,False,0,27966,49302820471.0,3,BID,SHORT,0.5
VST,2026-05-26 15:00:54.269485+00:00,PUT,165.0,2026-05-29,147495,461,513,154,165.76,REPEATEDHITSDESCENDINGFILL,False,False,False,146550,945,49302820471.0,3,ASK,SHORT,1.0
VST,2026-05-26 14:29:17.551900+00:00,CALL,240.0,2026-08-21,68610,279,289,113,165.54,REPEATEDHITSDESCENDINGFILL,True,False,False,68610,0,49302820471.0,87,ASK,LONG,1.0
VST,2026-05-26 13:50:46.502374+00:00,PUT,165.0,2026-11-20,69900,30,30,0,164.0538,REPEATEDHITS,False,False,False,58250,6990,49302820471.0,178,ASK,SHORT,1.0
VST,2026-05-26 13:50:43.082050+00:00,CALL,162.5,2026-05-29,182500,500,2122,208,164.04,REPEATEDHITS,False,False,False,0,182500,49302820471.0,3,BID,SHORT,0.5
VST,2026-05-26 13:50:01.308657+00:00,CALL,162.5,2026-05-29,232556,500,1118,208,164.97,REPEATEDHITSASCENDINGFILL,False,False,False,0,232556,49302820471.0,3,BID,SHORT,0.5
VST,2026-05-26 13:47:47.724476+00:00,CALL,172.5,2026-06-18,117214,197,575,0,164.45,REPEATEDHITS,False,False,False,117214,0,49302820471.0,23,ASK,LONG,1.0
FRMI,2026-06-10 17:37:34.668160+00:00,CALL,7.5,2026-06-12,35000,1000,3144,391,6.985,REPEATEDHITS,True,False,False,35000,0,3583167223.0,2,ASK,LONG,1.0
FRMI,2026-06-10 17:33:03.900491+00:00,CALL,7.5,2026-06-12,25440,727,1815,391,7.005,REPEATEDHITS,True,False,False,25440,0,3583167223.0,2,ASK,LONG,1.0
FRMI,2026-06-10 17:27:05.500245+00:00,CALL,8.0,2026-06-12,12434,500,839,414,7.025,REPEATEDHITS,False,False,False,12434,0,3583167223.0,2,ASK,LONG,1.0
FRMI,2026-06-05 19:58:31.261629+00:00,CALL,6.0,2026-06-12,15956,456,2359,208,5.795,REPEATEDHITSDESCENDINGFILL,False,False,False,15956,0,3583167223.0,7,ASK,LONG,1.0
FRMI,2026-06-03 14:14:39.098554+00:00,PUT,5.0,2026-11-20,50000,500,500,190,6.24,REPEATEDHITS,False,False,False,0,50000,3583167223.0,170,BID,LONG,0.5
FRMI,2026-06-02 14:26:35.694364+00:00,PUT,6.5,2026-06-05,95280,2382,2904,1258,6.38,REPEATEDHITS,False,False,False,0,95280,3583167223.0,3,BID,LONG,0.5
FRMI,2026-05-28 18:07:42.620647+00:00,CALL,11.0,2026-12-18,40000,200,200,67,7.015,REPEATEDHITS,False,False,False,40000,0,3583167223.0,204,ASK,LONG,1.0
FRMI,2026-05-28 15:39:21.486057+00:00,PUT,5.5,2026-06-26,56891,2079,3501,42,6.85,REPEATEDHITSDESCENDINGFILL,False,False,False,0,56891,3583167223.0,29,BID,LONG,0.5
FRMI,2026-05-28 15:39:16.674661+00:00,PUT,5.5,2026-06-26,35545,1344,1422,42,6.85,REPEATEDHITSDESCENDINGFILL,False,False,False,30,35515,3583167223.0,29,BID,LONG,0.5
FRMI,2026-05-28 14:44:45.784650+00:00,PUT,5.5,2026-06-18,100000,5000,5000,526,6.765,REPEATEDHITS,False,False,False,0,100000,3583167223.0,21,BID,LONG,0.5
FRMI,2026-05-27 19:50:32.983912+00:00,CALL,8.0,2026-06-05,10000,500,633,445,6.5999,REPEATEDHITS,False,False,False,10000,0,3583167223.0,9,ASK,LONG,1.0
FRMI,2026-05-27 14:46:26.593521+00:00,PUT,6.0,2026-06-12,42255,939,939,305,6.255,REPEATEDHITS,True,False,False,1395,7515,3583167223.0,16,BID,LONG,0.5
FRMI,2026-05-26 17:15:51.759717+00:00,CALL,6.5,2026-05-29,23999,1000,2392,754,6.285,REPEATEDHITSASCENDINGFILL,False,False,False,23999,0,3583167223.0,3,ASK,LONG,1.0
FRMI,2026-05-26 17:01:53.326292+00:00,PUT,6.0,2026-06-05,40000,1000,2057,107,6.145,REPEATEDHITS,True,False,False,0,40000,3583167223.0,10,BID,LONG,0.5
FRMI,2026-05-26 16:55:17.030995+00:00,PUT,6.0,2026-06-05,40004,1000,1057,107,6.105,REPEATEDHITSDESCENDINGFILL,False,False,False,44,39960,3583167223.0,10,BID,LONG,0.5
FRMI,2026-05-19 16:14:55.190819+00:00,CALL,12.0,2026-07-17,162400,5600,5604,271,6.015,FLOORTRADEMIDCAP,False,True,False,134400,0,3583167223.0,59,ASK,LONG,1.0
FRMI,2026-05-19 15:46:53.695658+00:00,PUT,7.0,2026-07-17,222020,1306,15188,507,6.09,REPEATEDHITS,True,False,False,0,222020,3583167223.0,59,BID,LONG,0.5
FRMI,2026-05-19 14:48:00.441512+00:00,CALL,22.0,2026-12-18,142500,1900,2000,79,5.93,REPEATEDHITS,False,False,False,0,142500,3583167223.0,213,BID,SHORT,0.5
FRMI,2026-05-18 15:41:01.300268+00:00,PUT,6.0,2026-05-29,70007,2000,2023,1081,6.42,REPEATEDHITSASCENDINGFILL,False,False,False,0,70007,3583167223.0,11,BID,LONG,0.5
FRMI,2026-05-18 14:16:09.366609+00:00,PUT,5.5,2026-05-22,88000,16000,16154,1166,6.685,FLOORTRADEMIDCAP,False,True,False,16000,72000,3583167223.0,4,BID,LONG,0.5
FRMI,2026-05-14 16:52:29.161427+00:00,CALL,8.0,2026-07-17,135311,796,2758,437,7.5317,REPEATEDHITSDESCENDINGFILL,False,False,False,135311,0,3583167223.0,64,ASK,LONG,1.0
FRMI,2026-05-14 15:50:01.743794+00:00,PUT,7.0,2026-05-22,25300,506,558,8,7.36,REPEATEDHITS,False,False,False,25200,50,3583167223.0,8,ASK,SHORT,1.0
FRMI,2026-05-14 14:38:31.780387+00:00,CALL,8.0,2026-07-17,64030,674,1199,437,6.53,REPEATEDHITS,True,False,False,64030,0,3583167223.0,64,ASK,LONG,1.0
FRMI,2026-05-14 14:37:49.098231+00:00,CALL,6.5,2026-06-05,31140,346,360,125,6.47,REPEATEDHITS,False,False,False,12600,10710,3583167223.0,22,ASK,LONG,1.0
FRMI,2026-05-14 13:47:58.429321+00:00,CALL,7.0,2026-05-22,77925,3117,3932,1521,6.16,REPEATEDHITS,False,False,False,0,77925,3583167223.0,8,BID,SHORT,0.5
FRMI,2026-05-13 19:33:19.258500+00:00,CALL,15.0,2026-11-20,116291,1000,31655,791,6.165,REPEATEDHITSDESCENDINGFILL,True,False,False,7920,107531,3583167223.0,191,BID,SHORT,0.5
FRMI,2026-05-13 19:24:05.979957+00:00,CALL,10.0,2026-07-17,114992,1705,2318,947,6.2,REPEATEDHITSASCENDINGFILL,False,False,False,114992,0,3583167223.0,65,ASK,LONG,1.0
FRMI,2026-05-13 19:23:26.525635+00:00,CALL,10.0,2026-11-20,641850,3890,4060,2169,6.215,REPEATEDHITS,False,False,False,641850,0,3583167223.0,191,ASK,LONG,1.0
FRMI,2026-05-13 19:23:21.114344+00:00,CALL,15.0,2026-11-20,104830,953,28210,791,6.185,REPEATEDHITS,False,False,False,0,104830,3583167223.0,191,BID,SHORT,0.5
FRMI,2026-05-13 19:22:42.839044+00:00,CALL,15.0,2026-11-20,84000,800,25445,791,6.15,REPEATEDHITS,True,False,False,84000,0,3583167223.0,191,ASK,LONG,1.0
CSX,2026-06-10 14:17:40.352430+00:00,CALL,48.5,2026-06-18,1200000,40000,40000,4216,47.0301,LOWHISTORICVOLUMEFLOOR,False,True,True,0,1200000,87852805112.0,8,BID,SHORT,0.5
CSX,2026-06-05 14:34:20.464882+00:00,PUT,45.0,2026-08-21,257745,1663,1678,832,46.7401,REPEATEDHITSDESCENDINGFILL,False,False,False,257745,0,87852805112.0,77,ASK,SHORT,1.0
CSX,2026-05-29 18:31:58.281632+00:00,PUT,37.5,2026-09-18,94475,2699,2700,998,45.745,REPEATEDHITSASCENDINGFILL,False,False,False,0,94475,87852805112.0,112,BID,LONG,0.5
CSX,2026-05-27 15:50:09.003728+00:00,PUT,47.5,2026-08-21,229580,883,917,294,46.92,REPEATEDHITS,False,False,False,0,200200,87852805112.0,86,BID,LONG,0.5
CSX,2026-05-26 15:03:06.756072+00:00,CALL,46.0,2026-06-18,100035,741,745,262,46.23,REPEATEDHITS,False,False,False,100035,0,87852805112.0,23,ASK,LONG,1.0
CSX,2026-05-18 18:16:31.114587+00:00,CALL,47.5,2026-06-18,3780000,45000,46816,44912,46.0471,LOWHISTORICVOLUMEFLOOR,False,True,False,3060000,720000,87852805112.0,31,ASK,LONG,1.0
CSX,2026-05-14 14:48:47.918996+00:00,CALL,52.5,2027-01-15,99360,736,737,96,44.76,REPEATEDHITS,False,False,False,94635,4725,87852805112.0,246,ASK,LONG,1.0
CSX,2026-05-13 14:32:38.838744+00:00,CALL,55.0,2027-01-15,138352,1538,1540,166,44.88,REPEATEDHITS,False,False,False,138352,0,87852805112.0,247,ASK,LONG,1.0
CSX,2026-05-12 15:31:19.229945+00:00,PUT,45.0,2027-01-15,835519,2387,2394,642,44.33,REPEATEDHITS,False,False,False,0,835519,87852805112.0,248,BID,LONG,0.5
EQT,2026-06-09 17:01:13.090828+00:00,CALL,52.5,2026-07-17,12500,50,343,35,52.94,REPEATEDHITS,False,False,False,250,12250,32956435820.0,38,BID,SHORT,0.5
EQT,2026-06-09 14:23:04.856228+00:00,CALL,53.0,2026-06-18,34410,370,393,99,52.66,REPEATEDHITS,False,False,False,0,34410,32956435820.0,9,BID,SHORT,0.5
EQT,2026-06-08 14:18:54.074281+00:00,CALL,54.0,2026-06-12,12395,185,242,56,53.65,REPEATEDHITS,True,False,False,0,12395,32956435820.0,4,BID,SHORT,0.5
EQT,2026-06-04 17:43:40.989474+00:00,PUT,56.0,2026-06-26,37632,196,497,31,55.36,REPEATEDHITS,False,False,False,0,37632,32956435820.0,22,BID,LONG,0.5
EQT,2026-06-04 16:10:46.629885+00:00,PUT,56.0,2026-06-26,58695,301,301,31,55.28,REPEATEDHITS,False,False,False,0,58695,32956435820.0,22,BID,LONG,0.5
EQT,2026-06-03 17:40:40.836335+00:00,PUT,55.0,2026-06-12,31436,271,344,163,54.74,REPEATEDHITS,False,False,False,0,31436,32956435820.0,9,BID,LONG,0.5
EQT,2026-06-02 14:30:13.364796+00:00,CALL,55.0,2026-07-02,13675,68,68,0,54.89,REPEATEDHITSASCENDINGFILL,True,False,False,608,13067,32956435820.0,30,BID,SHORT,0.5
EQT,2026-06-02 14:13:54.610480+00:00,CALL,54.0,2026-06-18,24832,128,128,46,54.76,REPEATEDHITS,False,False,False,0,24832,32956435820.0,16,BID,SHORT,0.5
EQT,2026-06-02 13:51:17.000289+00:00,CALL,56.0,2026-07-02,24003,160,160,7,54.61,REPEATEDHITS,True,False,False,0,24003,32956435820.0,30,BID,SHORT,0.5
EQT,2026-06-01 18:06:09.431841+00:00,CALL,56.0,2026-06-05,19096,308,730,227,55.36,REPEATEDHITS,False,False,False,18352,744,32956435820.0,4,ASK,LONG,1.0
EQT,2026-06-01 16:41:50.941679+00:00,CALL,55.0,2026-06-12,10488,69,124,49,55.385,REPEATEDHITS,True,False,False,152,10336,32956435820.0,11,BID,SHORT,0.5
EQT,2026-06-01 14:43:55.985879+00:00,CALL,50.0,2026-06-26,21056,36,48,0,55.49,REPEATEDHITSDESCENDINGFILL,True,False,False,21056,0,32956435820.0,25,ASK,LONG,1.0
EQT,2026-05-29 19:15:32.064612+00:00,CALL,55.0,2026-07-10,18100,80,87,0,54.725,REPEATEDHITSASCENDINGFILL,True,False,False,1145,16955,32956435820.0,42,BID,SHORT,0.5
EQT,2026-05-29 14:28:43.521870+00:00,CALL,55.0,2026-06-05,26754,273,275,131,55.0,REPEATEDHITS,False,False,False,0,26754,32956435820.0,7,BID,SHORT,0.5
EQT,2026-05-27 15:54:44.347924+00:00,CALL,60.0,2026-07-17,201960,1530,1543,1213,55.87,REPEATEDHITS,False,False,False,0,194832,32956435820.0,51,BID,SHORT,0.5
EQT,2026-05-22 14:22:59.650919+00:00,PUT,57.0,2026-06-12,29156,197,197,49,57.5,REPEATEDHITS,True,False,False,0,29156,32956435820.0,21,BID,LONG,0.5
EQT,2026-05-21 19:50:32.385389+00:00,CALL,77.5,2027-06-17,23680,64,194,57,57.91,REPEATEDHITS,False,False,False,4440,19240,32956435820.0,392,BID,SHORT,0.5
EQT,2026-05-21 17:04:05.962330+00:00,PUT,56.0,2026-06-12,37497,431,432,51,58.3009,REPEATEDHITS,False,False,False,0,33582,32956435820.0,22,BID,LONG,0.5
EQT,2026-05-21 15:19:47.369464+00:00,PUT,56.0,2026-06-18,33600,300,308,21,58.16,REPEATEDHITS,False,False,False,0,33600,32956435820.0,28,BID,LONG,0.5
EQT,2026-05-21 15:06:39.472654+00:00,PUT,56.0,2026-06-05,19108,281,281,55,58.08,REPEATEDHITS,False,False,False,0,19108,32956435820.0,15,BID,LONG,0.5
EQT,2026-05-21 14:53:57.259140+00:00,PUT,56.0,2026-05-29,26016,813,828,285,58.29,REPEATEDHITS,False,False,False,0,26016,32956435820.0,8,BID,LONG,0.5
EQT,2026-05-20 18:50:07.771529+00:00,PUT,59.0,2026-05-29,120170,724,793,119,58.12,REPEATEDHITSDESCENDINGFILL,False,False,False,75696,35178,32956435820.0,9,ASK,SHORT,1.0
EQT,2026-05-20 18:21:19.848222+00:00,CALL,57.5,2026-07-17,153300,438,457,58,57.85,REPEATEDHITS,True,False,False,137550,0,32956435820.0,58,ASK,LONG,1.0
EQT,2026-05-20 16:14:59.705813+00:00,CALL,59.0,2026-06-18,148154,779,784,103,58.131,REPEATEDHITS,False,False,False,9264,135660,32956435820.0,29,BID,SHORT,0.5
EQT,2026-05-19 16:06:35.778466+00:00,CALL,65.0,2026-07-17,70495,500,521,45,59.3,REPEATEDHITSDESCENDINGFILL,False,False,False,49627,20868,32956435820.0,59,ASK,LONG,1.0
EQT,2026-05-19 16:05:20.825578+00:00,PUT,59.0,2026-05-22,15450,206,207,13,59.3,REPEATEDHITS,False,False,False,15450,0,32956435820.0,3,ASK,SHORT,1.0
EQT,2026-05-18 15:49:04.605055+00:00,PUT,57.5,2026-07-17,30265,104,1941,8,57.465,REPEATEDHITS,False,False,False,292,29973,32956435820.0,60,BID,LONG,0.5
EQT,2026-05-18 15:43:42.962962+00:00,PUT,57.5,2026-07-17,471734,1583,1837,8,57.31,REPEATEDHITS,False,False,False,469946,1788,32956435820.0,60,ASK,SHORT,1.0
EQT,2026-05-18 13:42:58.703068+00:00,CALL,60.0,2026-07-17,12730,64,64,43,56.95,REPEATEDHITSASCENDINGFILL,False,False,False,12730,0,32956435820.0,60,ASK,LONG,1.0
EQT,2026-05-15 14:46:55.801489+00:00,PUT,53.0,2026-06-12,18980,292,302,25,56.57,REPEATEDHITS,False,False,False,7410,11570,32956435820.0,28,BID,LONG,0.5
CHWY,2026-06-10 19:14:40.290673+00:00,CALL,20.0,2026-09-18,127500,500,1541,421,20.015,REPEATEDHITS,True,False,False,0,127500,4752097951.0,100,BID,SHORT,0.5
CHWY,2026-06-09 19:57:18.744788+00:00,PUT,22.0,2026-07-02,31242,123,311,108,20.375,REPEATEDHITS,False,False,False,31242,0,4752097951.0,23,ASK,SHORT,1.0
CHWY,2026-06-09 18:15:19.955237+00:00,CALL,21.5,2026-06-12,39224,500,7963,370,20.35,REPEATEDHITSASCENDINGFILL,False,False,False,39224,0,4752097951.0,3,ASK,LONG,1.0
CHWY,2026-06-09 18:00:19.191392+00:00,CALL,21.5,2026-06-12,106560,1480,7462,370,20.22,REPEATEDHITS,True,False,False,98640,7272,4752097951.0,3,ASK,LONG,1.0
CHWY,2026-06-09 17:06:07.085377+00:00,CALL,21.0,2026-06-12,57763,718,1099,543,20.05,REPEATEDHITSASCENDINGFILL,False,False,False,53956,0,4752097951.0,3,ASK,LONG,1.0
CHWY,2026-06-09 14:46:01.124585+00:00,CALL,22.5,2026-06-26,13200,200,810,1,20.3709,REPEATEDHITS,False,False,False,0,13200,4752097951.0,17,BID,SHORT,0.5
CHWY,2026-06-09 14:18:38.934607+00:00,CALL,22.5,2026-06-26,16400,200,600,1,20.55,REPEATEDHITS,False,False,False,16400,0,4752097951.0,17,ASK,LONG,1.0
CHWY,2026-06-09 13:49:06.739971+00:00,CALL,21.5,2026-06-12,92000,1000,5612,370,20.665,REPEATEDHITS,False,False,False,0,92000,4752097951.0,3,BID,SHORT,0.5
CHWY,2026-06-09 13:36:24.649006+00:00,CALL,21.5,2026-06-12,69471,825,2891,370,20.56,REPEATEDHITSASCENDINGFILL,False,False,False,69471,0,4752097951.0,3,ASK,LONG,1.0
CHWY,2026-06-08 13:46:02.856188+00:00,PUT,18.5,2026-06-12,14973,354,384,287,20.44,REPEATEDHITSASCENDINGFILL,True,False,False,14973,0,4752097951.0,4,ASK,SHORT,1.0
CHWY,2026-06-08 13:46:02.856188+00:00,PUT,18.5,2026-06-12,487627,10000,10030,287,20.44,SWEEPSFOLLOWEDBYFLOOR,True,True,False,487627,0,4752097951.0,4,ASK,SHORT,1.0
CHWY,2026-06-05 19:18:57.326412+00:00,CALL,17.5,2026-07-17,405055,1141,1148,81,20.215,REPEATEDHITS,False,False,False,405055,0,4752097951.0,42,ASK,LONG,1.0
CHWY,2026-06-02 18:23:04.875719+00:00,CALL,22.0,2026-06-12,39095,362,479,146,21.3,REPEATEDHITS,False,False,False,23436,15659,4752097951.0,10,ASK,LONG,1.0
CHWY,2026-05-28 18:09:38.992743+00:00,PUT,17.5,2026-06-18,68074,2836,2842,1349,21.47,REPEATEDHITSASCENDINGFILL,False,False,False,2688,65136,4752097951.0,21,BID,LONG,0.5
CHWY,2026-05-26 19:54:52.865207+00:00,PUT,20.5,2026-06-12,10464,96,346,0,21.265,REPEATEDHITS,False,False,False,0,10355,4752097951.0,17,BID,LONG,0.5
CHWY,2026-05-26 18:46:03.153224+00:00,CALL,25.0,2026-08-21,107580,815,899,277,21.215,REPEATEDHITS,False,False,False,264,107316,4752097951.0,87,BID,SHORT,0.5
CHWY,2026-05-26 15:34:00.961139+00:00,PUT,21.0,2026-06-05,19440,270,280,101,21.23,REPEATEDHITS,False,False,False,19440,0,4752097951.0,10,ASK,SHORT,1.0
CHWY,2026-05-22 17:27:19.305903+00:00,PUT,20.0,2026-12-18,207057,609,610,422,20.54,REPEATEDHITS,False,False,False,198557,0,4752097951.0,210,ASK,SHORT,1.0
CHWY,2026-05-21 18:54:42.836328+00:00,PUT,20.5,2026-05-29,19758,222,241,16,20.05,REPEATEDHITS,False,False,False,19758,0,4752097951.0,8,ASK,SHORT,1.0
CHWY,2026-05-21 18:54:17.591022+00:00,CALL,21.0,2026-05-29,11484,396,3179,202,20.05,REPEATEDHITS,False,False,False,11484,0,4752097951.0,8,ASK,LONG,1.0
CHWY,2026-05-21 18:33:50.213634+00:00,CALL,21.0,2026-05-29,32393,1135,2636,202,20.085,REPEATEDHITSASCENDINGFILL,False,False,False,32393,0,4752097951.0,8,ASK,LONG,1.0
CHWY,2026-05-21 18:30:36.565301+00:00,CALL,21.0,2026-05-29,42083,1463,1490,202,20.085,REPEATEDHITSASCENDINGFILL,False,False,False,42083,0,4752097951.0,8,ASK,LONG,1.0
CHWY,2026-05-21 16:50:14.638692+00:00,PUT,19.0,2026-06-12,15120,140,164,55,19.74,REPEATEDHITS,False,False,False,0,15120,4752097951.0,22,BID,LONG,0.5
CHWY,2026-05-20 17:39:59.207257+00:00,CALL,24.0,2026-06-18,11400,200,803,64,20.46,REPEATEDHITS,False,False,False,114,9633,4752097951.0,29,BID,SHORT,0.5
CHWY,2026-05-20 17:39:03.125003+00:00,CALL,24.0,2026-06-18,11400,200,403,64,20.4528,REPEATEDHITS,False,False,False,0,11400,4752097951.0,29,BID,SHORT,0.5
CHWY,2026-05-20 16:44:45.538816+00:00,CALL,22.5,2026-09-18,53760,224,488,80,20.415,REPEATEDHITS,False,False,False,53760,0,4752097951.0,121,ASK,LONG,1.0
CHWY,2026-05-20 16:24:18.072771+00:00,CALL,22.5,2026-07-17,154056,1176,1205,274,20.21,REPEATEDHITS,False,False,False,153401,655,4752097951.0,58,ASK,LONG,1.0
CHWY,2026-05-20 14:17:47.485032+00:00,CALL,20.0,2026-05-22,172924,5086,5437,597,19.75,REPEATEDHITS,False,False,False,2958,169524,4752097951.0,2,BID,SHORT,0.5
CHWY,2026-05-20 14:11:02.139819+00:00,CALL,22.5,2026-09-18,26600,140,241,80,19.55,REPEATEDHITS,False,False,False,26600,0,4752097951.0,121,ASK,LONG,1.0
CHWY,2026-05-20 14:09:38.895222+00:00,CALL,20.0,2026-09-18,70000,250,252,59,19.535,REPEATEDHITS,False,False,False,2800,7840,4752097951.0,121,BID,SHORT,0.5
SGHC,2026-06-10 18:19:12.929850+00:00,CALL,13.0,2026-10-16,23866,111,166,55,13.635,REPEATEDHITS,False,False,False,0,23866,6753323262.0,128,BID,SHORT,0.5
SGHC,2026-06-10 18:19:12.929850+00:00,CALL,14.0,2026-10-16,13530,82,2058,20,13.635,REPEATEDHITS,False,False,False,0,13530,6753323262.0,128,BID,SHORT,0.5
SGHC,2026-06-10 18:19:00.511358+00:00,CALL,14.0,2026-10-16,46582,274,1976,20,13.66,REPEATEDHITSASCENDINGFILL,False,False,False,1020,44882,6753323262.0,128,BID,SHORT,0.5
SGHC,2026-06-09 14:49:19.504035+00:00,PUT,15.0,2026-06-18,119408,883,883,0,13.73,REPEATEDHITSASCENDINGFILL,True,False,False,101990,17418,6753323262.0,9,ASK,SHORT,1.0
SGHC,2026-05-29 16:11:54.564300+00:00,PUT,10.0,2026-10-16,64500,1290,1290,109,12.835,REPEATEDHITS,False,False,False,0,64500,6753323262.0,140,BID,LONG,0.5
SGHC,2026-05-19 15:23:38.766633+00:00,CALL,14.0,2026-06-18,12840,214,215,194,13.73,REPEATEDHITS,False,False,False,0,12840,6753323262.0,30,BID,SHORT,0.5
SGHC,2026-05-18 18:13:15.008211+00:00,CALL,13.0,2026-06-18,104398,870,4099,806,13.575,REPEATEDHITS,False,False,False,104398,0,6753323262.0,31,ASK,LONG,1.0
SGHC,2026-05-18 14:51:42.413402+00:00,CALL,13.0,2026-06-18,105000,1000,1210,806,13.265,REPEATEDHITS,False,False,False,105000,0,6753323262.0,31,ASK,LONG,1.0
SGML,2026-06-10 17:14:45.485247+00:00,CALL,17.0,2026-07-17,67830,969,13027,391,13.25,REPEATEDHITS,False,False,False,43610,24220,1576352153.0,37,ASK,LONG,1.0
SGML,2026-06-08 14:17:27.746735+00:00,CALL,15.0,2026-06-18,27834,600,606,71,13.33,REPEATEDHITSDESCENDINGFILL,False,False,False,0,27834,1576352153.0,10,BID,SHORT,0.5
SGML,2026-05-28 17:28:55.052687+00:00,CALL,31.0,2027-01-15,15040,64,80,3,15.9175,REPEATEDHITS,True,False,False,14805,235,1576352153.0,232,ASK,LONG,1.0
SGML,2026-05-26 16:57:42.548635+00:00,PUT,12.0,2027-01-15,20300,70,79,3,15.17,REPEATEDHITS,False,False,False,0,20300,1576352153.0,234,BID,LONG,0.5
SGML,2026-05-20 17:21:05.628914+00:00,PUT,14.0,2027-01-15,58839,140,140,37,15.07,REPEATEDHITS,False,False,False,0,58839,1576352153.0,240,BID,LONG,0.5
SGML,2026-05-19 13:46:20.260715+00:00,PUT,13.0,2026-06-05,54120,492,492,9,13.53,REPEATEDHITS,False,False,False,54120,0,1576352153.0,17,ASK,SHORT,1.0
SGML,2026-05-14 18:31:03.529117+00:00,CALL,34.0,2026-07-17,15485,250,250,11,17.61,REPEATEDHITSASCENDINGFILL,False,False,False,0,11130,1576352153.0,64,BID,SHORT,0.5
SGML,2026-05-14 16:30:23.025292+00:00,CALL,18.5,2026-05-15,18795,188,1073,0,18.02,REPEATEDHITS,False,False,False,18795,0,1576352153.0,1,ASK,LONG,1.0
SGML,2026-05-14 16:30:20.419569+00:00,CALL,18.5,2026-05-15,20287,203,885,0,17.98,REPEATEDHITSDESCENDINGFILL,False,False,False,20287,0,1576352153.0,1,ASK,LONG,1.0
SGML,2026-05-14 16:29:59.956775+00:00,CALL,18.5,2026-05-15,11110,117,512,0,17.91,REPEATEDHITS,False,False,False,11110,0,1576352153.0,1,ASK,LONG,1.0
SGML,2026-05-12 13:32:43.522986+00:00,CALL,20.5,2026-05-15,11840,64,1013,25,20.72,REPEATEDHITS,False,False,False,11840,0,1576352153.0,3,ASK,LONG,1.0
SGML,2026-05-12 13:32:18.433983+00:00,CALL,20.5,2026-05-15,55248,325,882,25,20.37,REPEATEDHITS,False,False,False,55248,0,1576352153.0,3,ASK,LONG,1.0
SGML,2026-05-12 13:31:11.421302+00:00,CALL,20.5,2026-05-15,25620,223,330,25,19.71,REPEATEDHITS,False,False,False,25620,0,1576352153.0,3,ASK,LONG,1.0
MMM,2026-06-10 18:43:47.678037+00:00,PUT,152.5,2026-07-02,57091,244,244,8,158.09,REPEATEDHITS,True,False,False,52884,3042,81567903948.0,22,ASK,SHORT,1.0
MMM,2026-06-09 17:14:49.601641+00:00,CALL,160.0,2026-06-26,65552,285,285,82,155.4,REPEATEDHITSASCENDINGFILL,False,False,False,462,65090,81567903948.0,17,BID,SHORT,0.5
MMM,2026-06-09 16:03:19.730860+00:00,CALL,162.5,2026-07-02,63581,293,301,11,156.0,REPEATEDHITS,False,False,False,0,63581,81567903948.0,23,BID,SHORT,0.5
MMM,2026-06-08 15:37:20.214438+00:00,CALL,152.5,2026-07-02,102828,170,170,8,154.41,REPEATEDHITSDESCENDINGFILL,True,False,False,102828,0,81567903948.0,24,ASK,LONG,1.0
MMM,2026-06-08 14:26:45.762749+00:00,PUT,155.0,2026-06-12,174198,712,1150,494,155.2,REPEATEDHITS,True,False,False,111485,20501,81567903948.0,4,ASK,SHORT,1.0
MMM,2026-06-05 18:39:57.996105+00:00,CALL,145.0,2026-08-21,56355,39,39,21,153.52,REPEATEDHITS,True,False,False,56355,0,81567903948.0,77,ASK,LONG,1.0
MMM,2026-05-29 16:49:59.754672+00:00,CALL,155.0,2026-08-21,176755,202,215,106,153.61,REPEATEDHITS,False,False,False,0,176755,81567903948.0,84,BID,SHORT,0.5
MMM,2026-05-28 17:55:23.229046+00:00,PUT,150.0,2026-07-17,100800,192,208,102,152.01,REPEATEDHITS,False,False,False,100800,0,81567903948.0,50,ASK,SHORT,1.0
MMM,2026-05-27 18:51:02.046274+00:00,PUT,149.0,2026-06-18,76300,436,436,23,155.68,REPEATEDHITS,True,False,False,76300,0,81567903948.0,22,ASK,SHORT,1.0
MMM,2026-05-27 18:48:36.869309+00:00,PUT,155.0,2026-06-12,125460,369,386,3,155.78,REPEATEDHITS,False,False,False,0,125460,81567903948.0,16,BID,LONG,0.5
MMM,2026-05-27 18:36:42.808245+00:00,PUT,157.5,2026-06-12,58295,131,131,0,155.86,REPEATEDHITS,True,False,False,0,58295,81567903948.0,16,BID,LONG,0.5
MMM,2026-05-26 14:57:16.347409+00:00,PUT,155.0,2026-06-05,65545,190,191,6,153.84,REPEATEDHITS,False,False,False,65545,0,81567903948.0,10,ASK,SHORT,1.0
MMM,2026-05-22 17:25:07.543633+00:00,CALL,165.0,2026-10-16,113716,171,172,137,152.82,REPEATEDHITS,False,False,False,0,113716,81567903948.0,147,BID,SHORT,0.5
MMM,2026-05-22 13:50:01.157075+00:00,CALL,157.5,2026-06-26,75000,250,250,4,152.675,REPEATEDHITS,False,False,False,0,75000,81567903948.0,35,BID,SHORT,0.5
MMM,2026-05-20 14:32:38.991869+00:00,PUT,155.0,2026-07-17,53628,55,55,32,149.232,REPEATEDHITSASCENDINGFILL,True,False,False,0,53628,81567903948.0,58,BID,LONG,0.5
MMM,2026-05-18 16:20:57.458132+00:00,CALL,170.0,2026-10-16,58000,116,123,99,151.7,REPEATEDHITS,False,False,False,58000,0,81567903948.0,151,ASK,LONG,1.0
MMM,2026-05-18 15:41:14.715316+00:00,CALL,185.0,2027-01-15,106250,253,264,125,151.41,REPEATEDHITS,False,False,False,104990,1260,81567903948.0,242,ASK,LONG,1.0
MMM,2026-05-14 14:59:05.043000+00:00,PUT,140.0,2026-08-21,91200,152,153,9,145.63,REPEATEDHITS,False,False,False,0,91200,81567903948.0,99,BID,LONG,0.5
NRG,2026-06-10 14:56:42.502103+00:00,PUT,120.0,2026-07-17,38349,59,64,43,121.42,REPEATEDHITS,True,False,False,37700,649,27419801641.0,37,ASK,SHORT,1.0
NRG,2026-06-03 15:35:33.776587+00:00,PUT,145.0,2026-07-17,106497,71,71,5,135.03,REPEATEDHITSDESCENDINGFILL,True,False,False,106497,0,27419801641.0,44,ASK,SHORT,1.0
NRG,2026-05-29 18:25:40.167412+00:00,PUT,120.0,2027-03-19,146000,100,100,12,134.9,FLOORTRADELARGECAP,False,True,False,0,146000,27419801641.0,294,BID,LONG,0.5
NRG,2026-05-27 18:14:14.530650+00:00,PUT,142.0,2026-05-29,24990,49,49,1,137.53,REPEATEDHITS,True,False,False,24990,0,27419801641.0,2,ASK,SHORT,1.0
NRG,2026-05-20 16:52:24.915321+00:00,CALL,150.0,2026-07-17,38880,108,142,30,131.98,REPEATEDHITS,False,False,False,38880,0,27419801641.0,58,ASK,LONG,1.0
NRG,2026-05-19 17:16:30.159928+00:00,PUT,120.0,2026-06-05,27900,93,96,14,123.705,REPEATEDHITS,True,False,False,0,27900,27419801641.0,17,BID,LONG,0.5
NRG,2026-05-19 16:32:04.818842+00:00,CALL,125.0,2026-06-18,560911,1000,2003,14,122.355,REPEATEDHITSASCENDINGFILL,False,False,False,560363,548,27419801641.0,30,ASK,LONG,1.0
NRG,2026-05-19 15:16:25.253415+00:00,CALL,125.0,2026-06-18,357880,668,669,14,122.205,REPEATEDHITSASCENDINGFILL,False,False,False,357880,0,27419801641.0,30,ASK,LONG,1.0
NRG,2026-05-19 14:56:58.799278+00:00,CALL,140.0,2026-06-26,20320,127,1511,5,121.58,REPEATEDHITS,True,False,False,16160,4160,27419801641.0,38,ASK,LONG,1.0
NRG,2026-05-19 14:56:44.582905+00:00,CALL,140.0,2026-06-26,20675,125,662,5,121.7647,REPEATEDHITS,False,False,False,0,20675,27419801641.0,38,BID,SHORT,0.5
NRG,2026-05-19 14:56:44.582905+00:00,CALL,140.0,2026-06-26,75370,471,1133,5,121.66,REPEATEDHITSASCENDINGFILL,True,False,False,160,75045,27419801641.0,38,BID,SHORT,0.5
NRG,2026-05-19 14:56:38.572639+00:00,CALL,140.0,2026-06-26,35377,212,537,5,121.7647,REPEATEDHITSASCENDINGFILL,True,False,False,3795,31582,27419801641.0,38,BID,SHORT,0.5
NRG,2026-05-19 14:56:19.131399+00:00,CALL,140.0,2026-06-26,37401,220,220,5,121.7647,REPEATEDHITS,True,False,False,4590,32811,27419801641.0,38,BID,SHORT,0.5
NRG,2026-05-18 16:13:54.010086+00:00,CALL,125.0,2026-07-17,10100,10,10,1,125.285,REPEATEDHITS,False,False,False,10100,0,27419801641.0,60,ASK,LONG,1.0
NRG,2026-05-15 13:54:16.791898+00:00,PUT,110.0,2026-12-18,306670,337,337,56,130.115,FLOORTRADELARGECAP,False,True,False,0,306670,27419801641.0,217,BID,LONG,0.5
NRG,2026-05-13 19:42:55.184475+00:00,CALL,140.0,2026-06-18,110000,250,271,118,131.14,REPEATEDHITS,False,False,False,0,88880,27419801641.0,36,BID,SHORT,0.5
NRG,2026-05-12 16:13:29.459080+00:00,CALL,130.0,2026-06-18,36480,32,32,7,135.61,REPEATEDHITS,False,False,False,36480,0,27419801641.0,37,ASK,LONG,1.0
NRG,2026-05-12 14:22:57.475963+00:00,PUT,135.0,2026-06-05,30000,50,50,3,135.25,REPEATEDHITS,False,False,False,9600,0,27419801641.0,24,ASK,SHORT,1.0
GEO,2026-06-10 19:31:56.038626+00:00,CALL,29.0,2026-09-18,31594,100,252,14,28.48,REPEATEDHITSASCENDINGFILL,False,False,False,31594,0,3611702217.0,100,ASK,LONG,1.0
GEO,2026-06-10 19:26:09.795011+00:00,CALL,29.0,2026-09-18,48000,150,152,14,28.395,REPEATEDHITS,False,False,False,48000,0,3611702217.0,100,ASK,LONG,1.0
GEO,2026-06-10 17:01:41.784628+00:00,PUT,27.0,2026-09-18,11400,40,40,1,27.11,REPEATEDHITS,False,False,False,10830,570,3611702217.0,100,ASK,SHORT,1.0
GEO,2026-06-04 14:04:21.648334+00:00,CALL,26.0,2026-09-18,25615,109,129,5,24.535,REPEATEDHITS,False,False,False,0,16685,3611702217.0,106,BID,SHORT,0.5
GEO,2026-06-04 14:00:58.576640+00:00,CALL,35.0,2026-09-18,13500,300,300,2,24.44,REPEATEDHITS,False,False,False,11700,0,3611702217.0,106,ASK,LONG,1.0
GEO,2026-05-13 15:42:18.709735+00:00,CALL,23.0,2026-07-17,57267,358,360,268,22.13,REPEATEDHITSDESCENDINGFILL,False,False,False,57267,0,3611702217.0,65,ASK,LONG,1.0
KDP,2026-06-10 19:45:51.521475+00:00,PUT,31.0,2026-07-17,25075,295,373,232,31.74,REPEATEDHITS,False,False,False,25075,0,42830412147.0,37,ASK,SHORT,1.0
KDP,2026-06-10 19:44:39.840469+00:00,PUT,31.0,2026-06-18,15510,517,8744,121,31.775,REPEATEDHITS,True,False,False,1890,6600,42830412147.0,8,BID,LONG,0.5
KDP,2026-06-10 19:17:09.550378+00:00,PUT,31.0,2026-06-18,30300,1515,1551,121,31.97,REPEATEDHITS,False,False,False,30300,0,42830412147.0,8,ASK,SHORT,1.0
KDP,2026-05-26 15:34:42.650809+00:00,PUT,31.0,2026-07-17,13035,79,81,31,30.18,REPEATEDHITS,False,False,False,11055,1980,42830412147.0,52,ASK,SHORT,1.0
KDP,2026-05-19 14:52:57.794287+00:00,CALL,32.0,2028-01-21,45870,139,361,46,29.475,REPEATEDHITS,False,False,False,0,45870,42830412147.0,612,BID,SHORT,0.5
SM,2026-05-20 14:02:26.443130+00:00,CALL,40.0,2026-07-17,13500,100,167,25,35.42,REPEATEDHITS,False,False,False,13500,0,7451389627.0,58,ASK,LONG,1.0
SM,2026-05-15 15:39:25.375396+00:00,CALL,37.5,2026-06-18,33498,670,678,135,32.35,REPEATEDHITS,False,False,False,33498,0,7451389627.0,34,ASK,LONG,1.0
TGTX,2026-06-10 14:55:41.601191+00:00,PUT,48.0,2026-07-17,30070,97,104,0,48.02,REPEATEDHITS,False,False,False,30070,0,6639234865.0,37,ASK,SHORT,1.0
TGTX,2026-06-10 14:28:57.332362+00:00,CALL,49.0,2027-01-15,55250,65,65,5,48.9,REPEATEDHITS,False,False,False,55250,0,6639234865.0,219,ASK,LONG,1.0
TGTX,2026-06-10 13:36:49.469576+00:00,CALL,60.0,2026-08-21,75750,1301,1301,83,45.42,REPEATEDHITS,False,False,False,48240,27510,6639234865.0,72,ASK,LONG,1.0
CRK,2026-06-10 14:08:16.913922+00:00,CALL,14.0,2026-08-21,31439,251,4514,57,13.195,REPEATEDHITSDESCENDINGFILL,True,False,False,5923,22016,3721126191.0,72,BID,SHORT,0.5
CRK,2026-06-10 14:07:16.633295+00:00,CALL,14.0,2026-08-21,25000,200,4146,57,13.18,REPEATEDHITS,False,False,False,7125,0,3721126191.0,72,ASK,LONG,1.0
CRK,2026-06-10 14:04:24.231073+00:00,CALL,14.0,2026-08-21,12497,100,2555,57,13.11,REPEATEDHITS,False,False,False,12497,0,3721126191.0,72,ASK,LONG,1.0
CRK,2026-06-02 15:19:57.745574+00:00,CALL,13.0,2027-01-15,30239,100,115,83,13.45,REPEATEDHITSDESCENDINGFILL,False,False,False,30239,0,3721126191.0,227,ASK,LONG,1.0
CRK,2026-05-19 14:55:34.454092+00:00,CALL,15.0,2028-01-21,317999,600,601,371,14.99,REPEATEDHITS,False,False,False,317999,0,3721126191.0,612,ASK,LONG,1.0
CRK,2026-05-18 15:59:16.503903+00:00,CALL,16.0,2026-06-18,10806,240,513,224,14.73,REPEATEDHITSASCENDINGFILL,False,False,False,0,10806,3721126191.0,31,BID,SHORT,0.5
LYV,2026-06-04 19:02:36.637339+00:00,CALL,180.0,2026-09-18,72150,111,111,73,160.25,REPEATEDHITS,False,False,False,72150,0,38314085593.0,106,ASK,LONG,1.0
LYV,2026-06-04 17:09:28.038321+00:00,PUT,155.0,2026-06-12,12305,107,107,22,160.715,REPEATEDHITS,False,False,False,0,12305,38314085593.0,8,BID,LONG,0.5
LYV,2026-06-03 17:54:02.799736+00:00,PUT,157.5,2026-06-18,52600,263,278,15,164.09,REPEATEDHITS,False,False,False,0,52600,38314085593.0,15,BID,LONG,0.5
LYV,2026-06-02 15:29:15.374885+00:00,CALL,167.5,2026-06-12,10285,24,208,3,167.46,REPEATEDHITSDESCENDINGFILL,False,False,False,0,10285,38314085593.0,10,BID,SHORT,0.5
LYV,2026-06-01 17:03:10.635075+00:00,CALL,185.0,2026-09-18,100620,129,129,36,168.9775,REPEATEDHITS,False,False,False,100620,0,38314085593.0,109,ASK,LONG,1.0
LYV,2026-05-29 18:09:37.227090+00:00,PUT,175.0,2026-09-18,106400,70,70,15,169.49,REPEATEDHITS,False,False,False,0,106400,38314085593.0,112,BID,LONG,0.5
LYV,2026-05-26 17:25:51.026018+00:00,PUT,167.5,2026-05-29,12900,43,44,9,166.58,REPEATEDHITS,True,False,False,12900,0,38314085593.0,3,ASK,SHORT,1.0
LYV,2026-05-22 17:56:37.204353+00:00,CALL,175.0,2026-06-26,82748,295,295,1,165.37,REPEATEDHITSDESCENDINGFILL,False,False,False,909,81839,38314085593.0,35,BID,SHORT,0.5
LYV,2026-05-22 17:28:19.024346+00:00,PUT,162.5,2026-05-29,14850,90,558,73,165.015,REPEATEDHITS,False,False,False,0,14850,38314085593.0,7,BID,LONG,0.5
LYV,2026-05-20 16:51:44.870959+00:00,CALL,160.0,2026-05-22,31620,93,94,15,161.86,REPEATEDHITS,False,False,False,31620,0,38314085593.0,2,ASK,LONG,1.0
LYV,2026-05-18 18:26:51.904697+00:00,PUT,167.5,2026-05-22,32559,167,168,11,168.77,REPEATEDHITS,False,False,False,32559,0,38314085593.0,4,ASK,SHORT,1.0
LYV,2026-05-18 18:26:51.904697+00:00,PUT,170.0,2026-05-22,14720,46,54,19,168.75,REPEATEDHITS,True,False,False,14400,320,38314085593.0,4,ASK,SHORT,1.0
LYV,2026-05-15 16:36:40.926092+00:00,PUT,170.0,2026-05-29,60000,125,130,10,168.01,REPEATEDHITS,False,False,False,2400,57600,38314085593.0,14,BID,LONG,0.5
LYV,2026-05-15 14:39:46.810162+00:00,PUT,150.0,2026-12-18,24500,25,49,18,169.44,REPEATEDHITS,False,False,False,0,24500,38314085593.0,217,BID,LONG,0.5
LYV,2026-05-14 17:01:45.161877+00:00,PUT,170.0,2026-05-15,11425,104,111,29,170.79,REPEATEDHITSDESCENDINGFILL,True,False,False,11215,105,38314085593.0,1,ASK,SHORT,1.0
LYV,2026-05-13 16:38:13.383189+00:00,CALL,185.0,2027-01-15,1993750,1375,1691,160,169.18,REPEATEDHITS,False,False,False,1992300,1450,38314085593.0,247,ASK,LONG,1.0
LYV,2026-05-12 18:37:57.280761+00:00,CALL,165.0,2026-09-18,852490,523,2486,61,167.21,LOWHISTORICVOLUMEFLOOR,False,True,False,852490,0,38314085593.0,129,ASK,LONG,1.0
LYV,2026-05-12 18:35:33.297063+00:00,CALL,165.0,2026-09-18,240160,152,1863,61,166.78,REPEATEDHITS,False,False,False,238580,1580,38314085593.0,129,ASK,LONG,1.0
LYV,2026-05-12 18:05:10.867784+00:00,CALL,165.0,2026-09-18,390930,249,1702,61,166.78,REPEATEDHITS,False,False,False,0,346970,38314085593.0,129,BID,SHORT,0.5
LYV,2026-05-12 17:28:59.723518+00:00,CALL,165.0,2026-09-18,394998,250,1447,61,166.79,REPEATEDHITS,False,False,False,346018,0,38314085593.0,129,ASK,LONG,1.0
LYV,2026-05-12 17:20:27.383288+00:00,CALL,165.0,2026-09-18,358720,236,1183,61,165.97,REPEATEDHITS,False,False,False,304000,36480,38314085593.0,129,ASK,LONG,1.0
LYV,2026-05-12 17:19:04.593294+00:00,CALL,165.0,2026-09-18,510380,338,939,61,165.81,REPEATEDHITS,False,False,False,413740,60400,38314085593.0,129,ASK,LONG,1.0
LYV,2026-05-12 17:12:56.825673+00:00,CALL,165.0,2026-09-18,161570,107,600,61,165.591,REPEATEDHITS,False,False,False,126840,6040,38314085593.0,129,ASK,LONG,1.0
LYV,2026-05-12 17:12:54.206034+00:00,CALL,165.0,2026-09-18,131350,87,493,61,165.605,REPEATEDHITSASCENDINGFILL,False,False,False,27180,49810,38314085593.0,129,BID,SHORT,0.5
LYV,2026-05-12 17:11:13.243328+00:00,CALL,165.0,2026-09-18,409960,277,352,61,165.03,REPEATEDHITS,True,False,False,8880,5920,38314085593.0,129,ASK,LONG,1.0
LYV,2026-05-12 17:11:00.625267+00:00,CALL,165.0,2026-09-18,108750,75,75,61,164.87,REPEATEDHITS,False,False,False,0,108750,38314085593.0,129,BID,SHORT,0.5
QSR,2026-06-05 17:53:50.515328+00:00,CALL,75.0,2026-06-18,440000,10000,10000,240,71.8375,FLOORTRADELARGECAP,False,True,True,0,440000,25215325318.0,13,BID,SHORT,0.5
QSR,2026-06-03 15:59:04.090855+00:00,CALL,80.0,2026-08-21,156299,1042,1042,5,73.26,REPEATEDHITS,True,False,False,112199,12300,25215325318.0,79,ASK,LONG,1.0
QSR,2026-06-03 15:58:23.241451+00:00,CALL,75.0,2026-08-21,193120,623,623,27,73.34,REPEATEDHITSDESCENDINGFILL,True,False,False,184440,6200,25215325318.0,79,ASK,LONG,1.0
AGI,2026-06-10 18:36:18.874443+00:00,PUT,30.0,2026-07-17,15620,142,1279,47,33.28,REPEATEDHITS,False,False,False,15620,0,14695126040.0,37,ASK,SHORT,1.0
AGI,2026-06-10 18:36:18.874443+00:00,PUT,30.0,2026-07-17,28490,259,1538,47,33.28,REPEATEDHITS,False,False,False,28490,0,14695126040.0,37,ASK,SHORT,1.0
AGI,2026-06-10 18:36:13.061011+00:00,PUT,30.0,2026-07-17,82500,750,1137,47,33.285,REPEATEDHITS,False,False,False,82500,0,14695126040.0,37,ASK,SHORT,1.0
AGI,2026-06-05 15:40:30.948840+00:00,PUT,33.0,2026-07-17,144855,999,999,32,35.575,REPEATEDHITS,False,False,False,76850,0,14695126040.0,42,ASK,SHORT,1.0
AGI,2026-06-03 15:04:54.063014+00:00,CALL,36.0,2026-12-18,151700,185,2163,0,38.74,REPEATEDHITS,False,False,False,151700,0,14695126040.0,198,ASK,LONG,1.0
AGI,2026-06-03 14:40:09.680180+00:00,CALL,36.0,2026-12-18,132720,168,1679,0,38.43,REPEATEDHITS,False,False,False,112970,19750,14695126040.0,198,ASK,LONG,1.0
AGI,2026-06-03 14:38:50.360464+00:00,CALL,36.0,2026-12-18,157559,202,1511,0,38.28,REPEATEDHITS,False,False,False,157559,0,14695126040.0,198,ASK,LONG,1.0
AGI,2026-06-03 14:35:34.835596+00:00,CALL,36.0,2026-12-18,143220,186,1308,0,38.11,REPEATEDHITS,False,False,False,143220,0,14695126040.0,198,ASK,LONG,1.0
AGI,2026-06-03 14:30:41.339311+00:00,CALL,36.0,2026-12-18,186950,246,1121,0,38.025,REPEATEDHITS,False,False,False,186950,0,14695126040.0,198,ASK,LONG,1.0
AGI,2026-06-01 15:14:28.127478+00:00,CALL,37.0,2026-12-18,74690,97,312,3,39.09,REPEATEDHITS,False,False,False,74690,0,14695126040.0,200,ASK,LONG,1.0
AGI,2026-05-29 15:55:15.371954+00:00,PUT,36.0,2026-07-17,26400,240,240,74,40.535,REPEATEDHITS,False,False,False,110,0,14695126040.0,49,ASK,SHORT,1.0
AGI,2026-05-29 15:55:15.371954+00:00,PUT,36.0,2026-07-17,17600,160,400,74,40.535,REPEATEDHITS,False,False,False,17600,0,14695126040.0,49,ASK,SHORT,1.0
AGI,2026-05-22 18:43:25.397642+00:00,PUT,38.0,2026-06-18,112640,704,803,454,39.02,REPEATEDHITS,False,False,False,112480,160,14695126040.0,27,ASK,SHORT,1.0
AGI,2026-05-21 14:42:27.806729+00:00,CALL,43.0,2026-09-18,58280,188,248,100,38.86,REPEATEDHITS,False,False,False,0,58280,14695126040.0,120,BID,SHORT,0.5
NUVL,2026-06-09 16:32:04.874275+00:00,CALL,125.0,2026-07-17,10409,521,14736,2,123.35,REPEATEDHITS,False,False,False,10409,0,9066597968.0,38,ASK,LONG,1.0
UNM,2026-06-08 15:08:39.111286+00:00,CALL,105.0,2026-12-18,16275,105,10844,13,87.15,REPEATEDHITS,False,False,False,0,16275,14060308680.0,193,BID,SHORT,0.5
UNM,2026-06-08 15:08:29.098371+00:00,CALL,105.0,2026-12-18,35650,230,10588,13,87.045,REPEATEDHITS,False,False,False,0,35650,14060308680.0,193,BID,SHORT,0.5
UNM,2026-06-08 15:08:16.880189+00:00,CALL,105.0,2026-12-18,15500,100,10358,13,87.0,REPEATEDHITS,True,False,False,15500,0,14060308680.0,193,ASK,LONG,1.0
UNM,2026-06-08 15:07:27.153423+00:00,CALL,105.0,2026-12-18,1750000,10000,10001,13,86.74,LOWHISTORICVOLUMEFLOOR,False,True,False,1750000,0,14060308680.0,193,ASK,LONG,1.0
UNM,2026-05-22 16:30:52.735731+00:00,PUT,82.5,2026-07-17,21960,122,122,42,84.63,REPEATEDHITS,False,False,False,20520,720,14060308680.0,56,ASK,SHORT,1.0
UNM,2026-05-18 16:25:04.786182+00:00,PUT,82.5,2026-06-18,22600,113,113,37,82.63,REPEATEDHITS,False,False,False,22600,0,14060308680.0,31,ASK,SHORT,1.0
UNM,2026-05-15 18:16:05.320838+00:00,PUT,80.0,2026-06-18,30400,190,190,133,81.28,REPEATEDHITS,False,False,False,26400,4000,14060308680.0,34,ASK,SHORT,1.0
WH,2026-05-22 14:56:56.657027+00:00,CALL,80.0,2026-06-18,76000,304,398,63,79.16,REPEATEDHITS,False,False,False,19000,57000,6024771591.0,27,BID,SHORT,0.5
PTC,2026-05-28 13:42:15.945257+00:00,PUT,135.0,2026-06-18,68038,189,260,10,140.055,REPEATEDHITSDESCENDINGFILL,False,False,False,68038,0,15820828193.0,21,ASK,SHORT,1.0
PTC,2026-05-20 16:35:19.367583+00:00,CALL,155.0,2026-06-18,12925,45,45,39,146.1,REPEATEDHITSASCENDINGFILL,False,False,False,0,12925,15820828193.0,29,BID,SHORT,0.5
IONS,2026-06-02 16:51:58.393359+00:00,PUT,72.5,2026-07-17,140000,400,1600,297,73.13,REPEATEDHITS,False,False,False,0,140000,12325281426.0,45,BID,LONG,0.5
IONS,2026-06-02 16:49:24.405194+00:00,PUT,72.5,2026-07-17,144012,400,1200,297,73.06,REPEATEDHITSASCENDINGFILL,False,False,False,0,144012,12325281426.0,45,BID,LONG,0.5
IONS,2026-05-29 19:22:29.465249+00:00,CALL,87.5,2027-01-15,33600,60,100,41,76.98,REPEATEDHITS,False,False,False,0,33600,12325281426.0,231,BID,SHORT,0.5
IONS,2026-05-26 17:01:46.516036+00:00,CALL,82.5,2026-07-17,20750,83,267,60,76.24,REPEATEDHITS,False,False,False,20750,0,12325281426.0,52,ASK,LONG,1.0
IONS,2026-05-26 16:18:01.122953+00:00,CALL,82.5,2026-07-17,19033,81,117,60,76.365,REPEATEDHITSDESCENDINGFILL,False,False,False,19033,0,12325281426.0,52,ASK,LONG,1.0
IONS,2026-05-19 14:05:01.314403+00:00,CALL,65.0,2028-01-21,61590,28,36,6,72.985,REPEATEDHITS,True,False,False,48400,13190,12325281426.0,612,ASK,LONG,1.0
CXW,2026-06-10 18:58:29.888989+00:00,CALL,30.0,2026-08-21,117280,1020,1020,129,26.8999,REPEATEDHITSDESCENDINGFILL,False,False,False,117280,0,2490011423.0,72,ASK,LONG,1.0
CXW,2026-06-08 16:12:57.060512+00:00,CALL,28.0,2026-09-18,57500,500,500,3,24.74,REPEATEDHITS,False,False,False,0,57500,2490011423.0,102,BID,SHORT,0.5
MUX,2026-06-09 13:53:10.746447+00:00,PUT,17.0,2026-11-20,12000,50,50,5,18.24,REPEATEDHITS,False,False,False,960,1200,1057665294.0,164,BID,LONG,0.5
ATI,2026-06-10 18:50:11.183522+00:00,PUT,200.0,2026-10-16,81120,26,26,0,185.895,REPEATEDHITS,False,False,False,81120,0,25537711005.0,128,ASK,SHORT,1.0
ATI,2026-06-10 16:37:34.333765+00:00,CALL,170.0,2026-10-16,322978,95,95,71,186.0599,REPEATEDHITSDESCENDINGFILL,False,False,False,322978,0,25537711005.0,128,ASK,LONG,1.0
ATI,2026-06-10 14:23:47.338547+00:00,CALL,185.0,2026-08-21,86630,38,38,12,189.83,REPEATEDHITS,False,False,False,84360,2270,25537711005.0,72,ASK,LONG,1.0
ATI,2026-06-09 16:49:54.947336+00:00,PUT,130.0,2026-08-21,22000,80,80,55,178.5,REPEATEDHITS,False,False,False,22000,0,25537711005.0,73,ASK,SHORT,1.0
ATI,2026-06-09 15:12:36.473684+00:00,CALL,260.0,2028-01-21,46650,15,46,1,185.2063,REPEATEDHITS,False,False,False,37320,9330,25537711005.0,591,ASK,LONG,1.0
ATI,2026-06-04 16:44:42.105571+00:00,CALL,185.0,2026-07-17,125405,115,124,78,179.685,REPEATEDHITSASCENDINGFILL,False,False,False,5500,119905,25537711005.0,43,BID,SHORT,0.5
ATI,2026-06-04 15:38:46.686324+00:00,PUT,180.0,2026-07-17,57600,45,45,35,179.27,REPEATEDHITS,False,False,False,0,57600,25537711005.0,43,BID,LONG,0.5
ATI,2026-06-03 16:32:51.017043+00:00,PUT,165.0,2026-07-17,62482,88,88,47,178.445,REPEATEDHITS,False,False,False,0,62482,25537711005.0,44,BID,LONG,0.5
ATI,2026-05-29 18:45:57.612839+00:00,CALL,150.0,2026-06-18,473616,185,187,137,174.61,REPEATEDHITSASCENDINGFILL,False,False,False,0,473616,25537711005.0,20,BID,SHORT,0.5
ATI,2026-05-28 17:25:01.185022+00:00,PUT,170.0,2026-07-17,161200,130,130,91,169.07,REPEATEDHITS,False,False,False,161200,0,25537711005.0,50,ASK,SHORT,1.0
ATI,2026-05-28 16:08:29.092312+00:00,PUT,175.0,2026-08-21,248898,131,131,16,170.0,REPEATEDHITS,False,False,False,248898,0,25537711005.0,85,ASK,SHORT,1.0
ATI,2026-05-27 18:56:57.775273+00:00,PUT,160.0,2026-08-21,10350,9,19,4,170.09,REPEATEDHITS,False,False,False,10350,0,25537711005.0,86,ASK,SHORT,1.0
ATI,2026-05-27 15:21:26.499784+00:00,PUT,180.0,2026-07-17,49280,28,28,2,170.4499,REPEATEDHITS,False,False,False,49280,0,25537711005.0,51,ASK,SHORT,1.0
ATI,2026-05-26 16:08:20.070846+00:00,PUT,170.0,2026-06-18,78110,73,101,0,165.6,REPEATEDHITS,False,False,False,78110,0,25537711005.0,23,ASK,SHORT,1.0
ATI,2026-05-26 15:27:49.539736+00:00,PUT,165.0,2026-08-21,217140,141,141,27,165.495,REPEATEDHITS,False,False,False,217140,0,25537711005.0,87,ASK,SHORT,1.0
ATI,2026-05-26 15:20:53.399724+00:00,PUT,150.0,2026-07-17,81540,151,153,56,165.58,REPEATEDHITS,False,False,False,81540,0,25537711005.0,52,ASK,SHORT,1.0
ATI,2026-05-14 19:47:13.649925+00:00,PUT,140.0,2026-07-17,14060,38,66,19,163.43,REPEATEDHITS,False,False,False,0,14060,25537711005.0,64,BID,LONG,0.5
FLUT,2026-06-10 18:18:29.043227+00:00,PUT,95.0,2026-07-17,12470,86,90,75,114.5271,REPEATEDHITS,False,False,False,12470,0,19364845471.0,37,ASK,SHORT,1.0
FLUT,2026-06-10 17:52:11.155061+00:00,CALL,155.0,2026-09-18,80189,243,313,157,114.98,REPEATEDHITS,False,False,False,80189,0,19364845471.0,100,ASK,LONG,1.0
FLUT,2026-06-10 15:00:06.489678+00:00,CALL,125.0,2026-07-17,86320,166,222,51,117.11,REPEATEDHITS,False,False,False,86320,0,19364845471.0,37,ASK,LONG,1.0
FLUT,2026-06-10 14:56:42.502103+00:00,CALL,130.0,2026-07-17,89680,236,1101,31,117.23,REPEATEDHITS,False,False,False,0,89680,19364845471.0,37,BID,SHORT,0.5
FLUT,2026-06-09 16:19:57.149612+00:00,PUT,85.0,2026-12-18,14560,28,28,2,110.7,REPEATEDHITS,False,False,False,1040,520,19364845471.0,192,ASK,SHORT,1.0
FLUT,2026-06-09 13:40:22.440273+00:00,CALL,135.0,2026-07-17,11830,91,115,57,110.78,REPEATEDHITS,False,False,False,11830,0,19364845471.0,38,ASK,LONG,1.0
FLUT,2026-06-01 15:52:13.030402+00:00,CALL,110.0,2026-07-17,146399,305,890,154,101.16,REPEATEDHITS,False,False,False,146399,0,19364845471.0,46,ASK,LONG,1.0
FLUT,2026-06-01 15:50:37.048564+00:00,CALL,110.0,2026-07-17,102146,227,337,154,100.89,REPEATEDHITSDESCENDINGFILL,False,False,False,90896,11250,19364845471.0,46,ASK,LONG,1.0
FLUT,2026-06-01 15:20:12.853651+00:00,PUT,105.0,2026-07-17,10900,11,11,8,100.335,REPEATEDHITSDESCENDINGFILL,True,False,False,6940,1980,19364845471.0,46,ASK,SHORT,1.0
FLUT,2026-05-29 17:34:02.890663+00:00,PUT,95.0,2026-12-18,33750,27,304,3,97.96,REPEATEDHITS,False,False,False,0,33750,19364845471.0,203,BID,LONG,0.5
FLUT,2026-05-29 16:04:06.231640+00:00,PUT,100.0,2026-12-18,136501,91,669,1,97.96,REPEATEDHITS,False,False,False,0,136501,19364845471.0,203,BID,LONG,0.5
FLUT,2026-05-29 16:04:00.418667+00:00,PUT,100.0,2026-12-18,204012,136,577,1,97.91,REPEATEDHITSASCENDINGFILL,False,False,False,0,204012,19364845471.0,203,BID,LONG,0.5
FLUT,2026-05-29 15:58:00.242317+00:00,PUT,100.0,2026-12-18,60001,40,286,1,98.225,REPEATEDHITS,False,False,False,0,60001,19364845471.0,203,BID,LONG,0.5
FLUT,2026-05-29 15:56:45.313307+00:00,PUT,100.0,2026-12-18,156001,104,112,1,98.135,REPEATEDHITS,False,False,False,0,156001,19364845471.0,203,BID,LONG,0.5
FLUT,2026-05-27 14:31:05.425427+00:00,CALL,95.0,2026-07-17,183169,213,215,108,96.25,REPEATEDHITSDESCENDINGFILL,False,False,False,174569,8600,19364845471.0,51,ASK,LONG,1.0
FLUT,2026-05-26 15:06:11.732436+00:00,PUT,100.0,2026-07-17,61439,64,73,38,95.71,REPEATEDHITS,False,False,False,61439,0,19364845471.0,52,ASK,SHORT,1.0
FLUT,2026-05-26 13:54:39.067812+00:00,PUT,80.0,2026-12-18,350250,467,467,36,94.845,LOWHISTORICVOLUMEFLOOR,False,True,False,0,0,19364845471.0,206,MIXED,,0.0
FLUT,2026-05-21 15:12:27.425861+00:00,CALL,155.0,2027-01-15,21744,60,140,6,96.24,REPEATEDHITSDESCENDINGFILL,False,False,False,0,21744,19364845471.0,239,BID,SHORT,0.5
FLUT,2026-05-21 15:06:07.222610+00:00,CALL,155.0,2027-01-15,22260,60,60,6,96.615,REPEATEDHITSDESCENDINGFILL,False,False,False,0,22260,19364845471.0,239,BID,SHORT,0.5
FLUT,2026-05-19 17:24:31.022614+00:00,CALL,120.0,2027-01-15,122718,118,120,41,97.29,REPEATEDHITSDESCENDINGFILL,False,False,False,122718,0,19364845471.0,241,ASK,LONG,1.0
FLUT,2026-05-18 14:49:31.343171+00:00,CALL,110.0,2026-07-17,22400,64,64,6,96.275,REPEATEDHITS,False,False,False,22400,0,19364845471.0,60,ASK,LONG,1.0
FLUT,2026-05-15 18:39:56.914932+00:00,PUT,95.0,2026-07-17,12040,14,16,3,92.75,REPEATEDHITS,True,False,False,12040,0,19364845471.0,63,ASK,SHORT,1.0
FLUT,2026-05-15 15:24:41.942667+00:00,CALL,95.0,2026-07-17,16280,22,31,0,93.27,REPEATEDHITS,True,False,False,16280,0,19364845471.0,63,ASK,LONG,1.0
FLUT,2026-05-15 15:24:41.942667+00:00,CALL,90.0,2026-07-17,86120,87,87,0,93.27,REPEATEDHITS,False,False,False,81180,4940,19364845471.0,63,ASK,LONG,1.0
FLUT,2026-05-12 17:28:14.689506+00:00,CALL,100.0,2026-06-18,75256,132,141,41,98.27,REPEATEDHITSASCENDINGFILL,False,False,False,0,75256,19364845471.0,37,BID,SHORT,0.5
OCUL,2026-06-10 18:23:43.353453+00:00,CALL,9.0,2026-07-17,25830,246,3005,173,8.52,REPEATEDHITS,False,False,False,25830,0,1854594232.0,37,ASK,LONG,1.0
OCUL,2026-06-10 18:23:35.144215+00:00,CALL,9.0,2026-07-17,20805,208,2700,173,8.515,REPEATEDHITS,False,False,False,20700,105,1854594232.0,37,ASK,LONG,1.0
OCUL,2026-06-10 18:20:15.690395+00:00,CALL,9.0,2026-07-17,28620,318,320,173,8.37,REPEATEDHITS,False,False,False,14310,14310,1854594232.0,37,MIXED,,0.0
OCUL,2026-06-10 18:20:15.690395+00:00,CALL,9.0,2026-07-17,19570,206,1298,173,8.445,REPEATEDHITS,False,False,False,19570,0,1854594232.0,37,ASK,LONG,1.0
OCUL,2026-05-15 14:33:27.132785+00:00,PUT,7.0,2026-07-17,16830,306,584,0,9.14,REPEATEDHITS,False,False,False,16830,0,1854594232.0,63,ASK,SHORT,1.0
RF,2026-06-05 15:29:14.822139+00:00,PUT,25.0,2027-03-19,39450,263,299,1,28.5667,REPEATEDHITS,False,False,False,0,39450,24406654787.0,287,BID,LONG,0.5
SJM,2026-06-10 14:04:52.859581+00:00,PUT,120.0,2026-09-18,37000,37,37,30,115.395,REPEATEDHITS,False,False,False,31000,6000,11987757128.0,100,ASK,SHORT,1.0
SJM,2026-06-09 14:55:39.576885+00:00,CALL,125.0,2026-06-18,26007,867,1062,412,113.935,REPEATEDHITSDESCENDINGFILL,False,False,False,26007,0,11987757128.0,9,ASK,LONG,1.0
SJM,2026-05-27 19:30:57.595966+00:00,PUT,110.0,2026-09-18,31610,29,36,6,103.08,REPEATEDHITS,False,False,False,31610,0,11987757128.0,114,ASK,SHORT,1.0
SJM,2026-05-27 16:12:57.875320+00:00,PUT,105.0,2026-09-18,141620,194,202,91,104.02,REPEATEDHITS,False,False,False,141620,0,11987757128.0,114,ASK,SHORT,1.0
SJM,2026-05-26 14:59:09.449625+00:00,CALL,115.0,2026-07-17,15500,124,214,63,103.22,REPEATEDHITS,False,False,False,15500,0,11987757128.0,52,ASK,LONG,1.0
SJM,2026-05-26 14:53:40.019094+00:00,CALL,115.0,2026-07-17,11250,90,90,63,103.29,REPEATEDHITS,False,False,False,11250,0,11987757128.0,52,ASK,LONG,1.0
SJM,2026-05-26 14:41:09.097709+00:00,CALL,115.0,2026-06-18,33455,515,515,298,103.06,REPEATEDHITSDESCENDINGFILL,False,False,False,32285,1170,11987757128.0,23,ASK,LONG,1.0
SJM,2026-05-20 14:12:42.863165+00:00,PUT,90.0,2026-07-17,12338,97,205,78,99.545,REPEATEDHITSASCENDINGFILL,False,False,False,12338,0,11987757128.0,58,ASK,SHORT,1.0
SJM,2026-05-20 14:12:35.042720+00:00,PUT,90.0,2026-07-17,12570,97,108,78,99.46,REPEATEDHITSASCENDINGFILL,False,False,False,12570,0,11987757128.0,58,ASK,SHORT,1.0
SJM,2026-05-12 14:29:54.011964+00:00,CALL,90.0,2028-01-21,150000,75,100,49,100.29,FLOORTRADELARGECAP,False,True,False,0,150000,11987757128.0,619,BID,SHORT,0.5
PCAR,2026-06-10 14:11:23.645500+00:00,PUT,105.0,2026-07-17,420570,4620,4620,57,117.69,REPEATEDHITSDESCENDINGFILL,False,False,False,0,420570,62991198749.0,37,BID,LONG,0.5
PCAR,2026-06-02 16:48:56.567832+00:00,CALL,113.6,2026-08-21,95630,131,199,19,113.43,REPEATEDHITS,False,False,False,95630,0,62991198749.0,80,ASK,LONG,1.0
PCAR,2026-05-15 16:08:55.688235+00:00,CALL,120.0,2026-07-17,70740,393,394,2,110.67,LOWHISTORICVOLUMEFLOOR,False,True,False,0,70740,62991198749.0,63,BID,SHORT,0.5
PCAR,2026-05-14 14:55:30.876451+00:00,CALL,115.0,2026-09-18,51120,71,164,19,112.49,REPEATEDHITS,False,False,False,51120,0,62991198749.0,127,ASK,LONG,1.0
CASY,2026-06-10 18:06:57.181956+00:00,CALL,1020.0,2026-11-20,95570,19,19,3,896.1099,REPEATEDHITS,False,False,False,85510,10060,28132474455.0,163,ASK,LONG,1.0
CASY,2026-06-10 17:29:13.619014+00:00,CALL,840.0,2026-08-21,232120,28,32,19,877.1,REPEATEDHITS,False,False,False,232120,0,28132474455.0,72,ASK,LONG,1.0
CASY,2026-06-10 14:19:22.507846+00:00,CALL,800.0,2026-08-21,672600,59,64,38,884.36,REPEATEDHITS,False,False,False,661200,11400,28132474455.0,72,ASK,LONG,1.0
CASY,2026-06-09 18:24:49.221934+00:00,PUT,770.0,2026-06-18,188680,53,53,23,763.04,REPEATEDHITS,False,False,False,0,188680,28132474455.0,9,BID,LONG,0.5
CASY,2026-06-08 17:18:27.581047+00:00,CALL,770.0,2026-06-18,218290,83,120,62,755.0,REPEATEDHITS,False,False,False,0,218290,28132474455.0,10,BID,SHORT,0.5
CASY,2026-06-04 14:28:21.416635+00:00,PUT,750.0,2026-06-18,162810,67,68,56,768.6,REPEATEDHITS,False,False,False,0,162810,28132474455.0,14,BID,LONG,0.5
CASY,2026-06-01 19:00:58.675263+00:00,PUT,790.0,2026-07-17,380540,53,55,1,743.79,REPEATEDHITS,False,False,False,380540,0,28132474455.0,46,ASK,SHORT,1.0
CASY,2026-06-01 17:01:49.892655+00:00,PUT,680.0,2026-06-18,79520,71,73,24,742.825,REPEATEDHITS,False,False,False,79520,0,28132474455.0,17,ASK,SHORT,1.0
CASY,2026-06-01 15:36:07.514836+00:00,PUT,690.0,2026-06-18,59290,49,49,9,747.75,REPEATEDHITS,False,False,False,59290,0,28132474455.0,17,ASK,SHORT,1.0
CASY,2026-05-29 16:59:32.098750+00:00,CALL,820.0,2026-06-18,100321,76,79,67,757.78,REPEATEDHITS,False,False,False,0,100321,28132474455.0,20,BID,SHORT,0.5
CASY,2026-05-29 15:52:24.840272+00:00,CALL,720.0,2026-08-21,475600,58,58,12,760.055,REPEATEDHITS,False,False,False,475600,0,28132474455.0,84,ASK,LONG,1.0
CASY,2026-05-29 14:41:30.279598+00:00,PUT,660.0,2026-06-18,12539,22,22,2,757.59,REPEATEDHITS,False,False,False,12539,0,28132474455.0,20,ASK,SHORT,1.0
CASY,2026-05-27 16:44:31.992085+00:00,CALL,850.0,2026-07-17,153330,57,57,6,792.9,REPEATEDHITS,False,False,False,0,153330,28132474455.0,51,BID,SHORT,0.5
CASY,2026-05-27 14:41:51.428472+00:00,PUT,740.0,2026-06-18,84180,69,69,25,807.98,REPEATEDHITS,False,False,False,84180,0,28132474455.0,22,ASK,SHORT,1.0
CASY,2026-05-26 15:20:14.302431+00:00,PUT,800.0,2026-06-18,186000,60,60,40,816.51,REPEATEDHITS,False,False,False,186000,0,28132474455.0,23,ASK,SHORT,1.0
CASY,2026-05-21 18:10:56.803826+00:00,PUT,810.0,2026-11-20,285000,38,38,3,818.795,REPEATEDHITS,False,False,False,285000,0,28132474455.0,183,ASK,SHORT,1.0
CASY,2026-05-19 17:00:17.469492+00:00,CALL,950.0,2026-06-18,63440,61,63,26,851.55,REPEATEDHITS,False,False,False,63440,0,28132474455.0,30,ASK,LONG,1.0
CASY,2026-05-18 18:49:25.630032+00:00,CALL,730.0,2026-07-17,182910,13,13,0,854.14,REPEATEDHITS,True,False,False,182910,0,28132474455.0,60,ASK,LONG,1.0
CASY,2026-05-12 16:02:30.180881+00:00,CALL,940.0,2026-11-20,411600,60,73,46,870.555,REPEATEDHITS,False,False,False,0,411600,28132474455.0,192,BID,SHORT,0.5
DFTX,2026-06-03 14:39:50.237928+00:00,PUT,18.0,2026-07-17,297000,1100,1100,724,22.395,LOWHISTORICVOLUMEFLOOR,False,True,True,297000,0,2503082670.0,44,ASK,SHORT,1.0
DFTX,2026-05-27 16:48:45.285085+00:00,PUT,22.0,2026-06-18,64740,332,334,76,23.43,REPEATEDHITS,False,False,False,64740,0,2503082670.0,22,ASK,SHORT,1.0
DFTX,2026-05-26 15:49:35.010473+00:00,PUT,18.0,2026-06-18,40140,669,1080,88,22.66,REPEATEDHITS,False,False,False,40080,60,2503082670.0,23,ASK,SHORT,1.0
DFTX,2026-05-26 15:49:14.956042+00:00,PUT,18.0,2026-06-18,16615,304,381,88,22.715,REPEATEDHITSASCENDINGFILL,False,False,False,15575,50,2503082670.0,23,ASK,SHORT,1.0
FUN,2026-05-27 14:47:21.293251+00:00,PUT,15.0,2026-07-17,31275,1251,1611,1,20.75,REPEATEDHITS,False,False,False,0,31275,2292434419.0,51,BID,LONG,0.5
FUN,2026-05-19 14:14:50.510484+00:00,PUT,20.0,2026-06-18,204540,1364,1377,612,20.15,REPEATEDHITSDESCENDINGFILL,False,False,False,200655,435,2292434419.0,30,ASK,SHORT,1.0
ORA,2026-06-08 14:41:59.115642+00:00,PUT,130.0,2026-09-18,88560,123,126,6,142.18,REPEATEDHITS,False,False,False,88560,0,8491403091.0,102,ASK,SHORT,1.0
ORA,2026-06-05 18:56:34.283095+00:00,PUT,130.0,2026-07-17,10728,30,31,9,138.57,REPEATEDHITSASCENDINGFILL,False,False,False,0,10728,8491403091.0,42,BID,LONG,0.5
ORA,2026-06-05 16:03:25.412249+00:00,PUT,140.0,2026-07-17,36850,55,55,4,140.27,REPEATEDHITS,False,False,False,0,36850,8491403091.0,42,BID,LONG,0.5
ORA,2026-06-02 14:14:45.928559+00:00,CALL,145.0,2026-09-18,70200,65,65,23,140.62,REPEATEDHITS,False,False,False,70200,0,8491403091.0,108,ASK,LONG,1.0
ORA,2026-05-27 16:45:49.069860+00:00,CALL,135.0,2026-07-17,87200,80,80,36,139.49,REPEATEDHITS,False,False,False,87200,0,8491403091.0,51,ASK,LONG,1.0
ORA,2026-05-15 15:47:44.388503+00:00,CALL,130.0,2026-07-17,71250,75,81,66,131.89,REPEATEDHITS,False,False,False,71250,0,8491403091.0,63,ASK,LONG,1.0
ORA,2026-05-15 15:31:18.463202+00:00,CALL,140.0,2026-06-18,247500,900,907,332,130.67,FLOORTRADEMIDCAP,False,True,False,247500,0,8491403091.0,34,ASK,LONG,1.0
ORA,2026-05-13 19:10:31.379735+00:00,CALL,135.0,2026-12-18,37270,23,43,1,134.41,REPEATEDHITS,False,False,False,1620,35650,8491403091.0,219,BID,SHORT,0.5
ORA,2026-05-13 19:09:35.068926+00:00,CALL,140.0,2026-06-18,64390,161,220,27,134.27,REPEATEDHITSASCENDINGFILL,True,False,False,39200,25190,8491403091.0,36,ASK,LONG,1.0
ORA,2026-05-13 15:57:51.723154+00:00,PUT,135.0,2026-06-18,10032,17,17,0,134.961,REPEATEDHITS,False,False,False,0,10032,8491403091.0,36,BID,LONG,0.5
ORA,2026-05-13 15:49:16.727570+00:00,CALL,140.0,2026-05-15,16660,196,196,33,135.15,REPEATEDHITS,False,False,False,16660,0,8491403091.0,2,ASK,LONG,1.0
ORA,2026-05-13 14:57:55.362576+00:00,CALL,145.0,2026-09-18,16099,23,23,10,132.27,REPEATEDHITS,False,False,False,16099,0,8491403091.0,128,ASK,LONG,1.0
ORA,2026-05-13 14:57:55.362576+00:00,CALL,140.0,2026-07-17,26002,51,73,7,132.27,REPEATEDHITS,False,False,False,26002,0,8491403091.0,65,ASK,LONG,1.0
NAVN,2026-06-10 19:32:03.893238+00:00,PUT,17.5,2026-06-18,23290,274,1240,127,20.615,REPEATEDHITS,False,False,False,23290,0,4869236656.0,8,ASK,SHORT,1.0
NAVN,2026-06-10 18:07:57.661897+00:00,PUT,17.5,2026-06-18,13845,213,792,127,21.15,REPEATEDHITS,False,False,False,12545,0,4869236656.0,8,ASK,SHORT,1.0
NAVN,2026-06-10 18:06:57.181956+00:00,PUT,17.5,2026-06-18,19945,307,574,127,21.125,REPEATEDHITSASCENDINGFILL,False,False,False,19945,0,4869236656.0,8,ASK,SHORT,1.0
NAVN,2026-05-13 15:52:03.118861+00:00,CALL,20.0,2026-05-15,13656,394,4543,377,18.925,REPEATEDHITSDESCENDINGFILL,False,False,False,13656,0,4869236656.0,2,ASK,LONG,1.0
NAVN,2026-05-13 15:51:47.069046+00:00,CALL,20.0,2026-05-15,70455,2013,3849,377,18.825,REPEATEDHITS,False,False,False,0,1190,4869236656.0,2,BID,SHORT,0.5
NAVN,2026-05-13 15:51:31.640441+00:00,CALL,20.0,2026-05-15,45253,1293,1836,377,18.77,REPEATEDHITS,False,False,False,45253,0,4869236656.0,2,ASK,LONG,1.0
TXT,2026-05-22 18:28:50.822365+00:00,CALL,85.0,2026-07-17,21742,25,25,0,91.73,REPEATEDHITSASCENDINGFILL,False,False,False,21742,0,16222103037.0,56,ASK,LONG,1.0
TXT,2026-05-18 17:27:59.671047+00:00,CALL,87.5,2026-11-20,1485000,1500,1500,3,90.625,LOWHISTORICVOLUMEFLOOR,False,True,True,0,0,16222103037.0,186,MIXED,,0.0
IIPR,2026-06-10 13:55:55.776073+00:00,CALL,80.0,2027-06-17,24000,80,225,0,59.19,REPEATEDHITS,False,False,False,0,24000,1736251520.0,372,BID,SHORT,0.5
IIPR,2026-06-10 13:55:46.557216+00:00,CALL,80.0,2027-06-17,12800,40,100,0,59.19,REPEATEDHITS,True,False,False,0,0,1736251520.0,372,MIXED,,0.0
IIPR,2026-06-10 13:55:42.544267+00:00,CALL,80.0,2027-06-17,18000,60,60,0,58.8798,REPEATEDHITS,True,False,False,0,18000,1736251520.0,372,BID,SHORT,0.5
IIPR,2026-06-02 18:27:22.606803+00:00,PUT,60.0,2026-07-17,55002,110,110,49,57.93,REPEATEDHITS,True,False,False,0,55002,1736251520.0,45,BID,LONG,0.5
IIPR,2026-05-27 18:12:50.987822+00:00,CALL,80.0,2026-12-18,14500,100,152,59,57.58,REPEATEDHITS,False,False,False,0,14500,1736251520.0,205,BID,SHORT,0.5
ALHC,2026-06-10 15:16:04.627404+00:00,CALL,22.5,2026-06-18,16360,818,853,675,20.45,REPEATEDHITS,False,False,False,16340,0,3969289402.0,8,ASK,LONG,1.0
ALHC,2026-06-09 15:00:15.394179+00:00,CALL,20.0,2026-07-17,35120,878,880,18,17.01,REPEATEDHITS,False,False,False,0,35120,3969289402.0,38,BID,SHORT,0.5
ALHC,2026-06-04 19:31:04.015113+00:00,CALL,15.0,2026-06-18,48525,647,720,188,15.075,REPEATEDHITS,False,False,False,48525,0,3969289402.0,14,ASK,LONG,1.0
ALHC,2026-06-01 18:53:03.551978+00:00,PUT,12.5,2026-06-18,16045,600,615,15,13.575,REPEATEDHITSDESCENDINGFILL,False,False,False,16045,0,3969289402.0,17,ASK,SHORT,1.0
ALHC,2026-05-20 14:06:37.370110+00:00,CALL,17.5,2026-08-21,543750,3750,3750,58,16.45,LOWHISTORICVOLUMEFLOOR,False,True,True,543750,0,3969289402.0,93,ASK,LONG,1.0
ALHC,2026-05-15 19:12:37.314943+00:00,CALL,17.5,2027-12-17,20035,90,91,24,15.91,REPEATEDHITS,False,False,False,0,20035,3969289402.0,581,BID,SHORT,0.5
DNOW,2026-06-04 19:41:41.223421+00:00,CALL,14.0,2026-08-21,15750,175,13200,9,13.515,REPEATEDHITS,False,False,False,15750,0,2462545324.0,78,ASK,LONG,1.0
DNOW,2026-06-04 19:41:24.407727+00:00,CALL,14.0,2026-08-21,17910,199,13025,9,13.525,REPEATEDHITS,False,False,False,0,8910,2462545324.0,78,BID,SHORT,0.5
DNOW,2026-06-04 19:22:48.927859+00:00,CALL,14.0,2026-08-21,21960,244,12258,9,13.505,REPEATEDHITS,False,False,False,8460,13500,2462545324.0,78,BID,SHORT,0.5
DNOW,2026-06-04 19:01:59.191609+00:00,CALL,14.0,2026-08-21,13680,152,11969,9,13.54,REPEATEDHITS,False,False,False,13680,0,2462545324.0,78,ASK,LONG,1.0
DNOW,2026-06-04 19:01:42.573919+00:00,CALL,14.0,2026-08-21,26460,294,11817,9,13.51,REPEATEDHITS,False,False,False,26460,0,2462545324.0,78,ASK,LONG,1.0
DNOW,2026-06-04 19:01:15.540957+00:00,CALL,14.0,2026-08-21,25650,285,11523,9,13.495,REPEATEDHITS,False,False,False,25560,90,2462545324.0,78,ASK,LONG,1.0
DNOW,2026-06-04 19:00:16.650691+00:00,CALL,14.0,2026-08-21,70110,779,11238,9,13.525,REPEATEDHITS,False,False,False,12600,57510,2462545324.0,78,BID,SHORT,0.5
DNOW,2026-06-04 18:59:49.803920+00:00,CALL,14.0,2026-08-21,14345,151,10458,9,13.525,REPEATEDHITS,False,False,False,14250,95,2462545324.0,78,ASK,LONG,1.0
DNOW,2026-06-04 18:59:28.565895+00:00,CALL,14.0,2026-08-21,28886,304,10307,9,13.5223,REPEATEDHITS,False,False,False,28500,386,2462545324.0,78,ASK,LONG,1.0
DNOW,2026-06-04 18:31:55.497293+00:00,CALL,14.0,2026-08-21,680000,8000,10002,9,13.4875,LOWHISTORICVOLUMEFLOOR,False,True,False,0,680000,2462545324.0,78,BID,SHORT,0.5
PRIM,2026-06-10 15:02:04.646768+00:00,CALL,100.0,2026-06-18,40320,144,516,83,94.0801,REPEATEDHITS,True,False,False,33880,6440,5637087747.0,8,ASK,LONG,1.0
PRIM,2026-06-10 14:19:28.112901+00:00,PUT,90.0,2026-06-18,25810,130,586,104,96.58,REPEATEDHITSDESCENDINGFILL,False,False,False,14420,11390,5637087747.0,8,ASK,SHORT,1.0
PRIM,2026-06-02 19:55:33.664235+00:00,PUT,95.0,2026-12-18,22728,23,23,1,124.59,REPEATEDHITSASCENDINGFILL,False,False,False,0,22728,5637087747.0,199,BID,LONG,0.5
PRIM,2026-06-02 19:49:39.110278+00:00,CALL,155.0,2026-12-18,34541,23,23,6,124.2,REPEATEDHITSASCENDINGFILL,False,False,False,0,29801,5637087747.0,199,BID,SHORT,0.5
PRIM,2026-05-26 13:33:50.838901+00:00,CALL,120.0,2026-07-17,10440,9,9,0,118.975,REPEATEDHITS,False,False,False,10440,0,5637087747.0,52,ASK,LONG,1.0
PRGO,2026-06-10 17:54:39.498206+00:00,CALL,10.0,2026-06-18,100000,500,850,473,11.45,REPEATEDHITS,True,False,False,400,600,1546951669.0,8,BID,SHORT,0.5
PRGO,2026-06-08 17:51:28.094350+00:00,CALL,10.0,2026-06-18,170000,1000,2058,119,11.71,LOWHISTORICVOLUMEFLOOR,False,True,False,0,170000,1546951669.0,10,BID,SHORT,0.5
PRGO,2026-06-05 19:55:26.706903+00:00,CALL,10.0,2026-07-17,65000,500,502,4,10.785,LOWHISTORICVOLUMEFLOOR,False,True,False,65000,0,1546951669.0,42,ASK,LONG,1.0
INCY,2026-06-10 18:59:49.983019+00:00,CALL,130.0,2026-09-18,77480,596,596,33,105.75,REPEATEDHITS,False,False,False,77480,0,20623511861.0,100,ASK,LONG,1.0
INCY,2026-05-22 14:18:11.487186+00:00,CALL,105.0,2026-07-17,10500,42,200,3,96.96,REPEATEDHITS,False,False,False,0,10500,20623511861.0,56,BID,SHORT,0.5
GIII,2026-06-05 17:56:27.505691+00:00,PUT,35.0,2026-06-18,81898,420,1684,320,34.17,REPEATEDHITS,False,False,False,81898,0,1434479482.0,13,ASK,SHORT,1.0
GIII,2026-06-05 17:56:04.074144+00:00,PUT,35.0,2026-06-18,233675,1200,1264,320,34.08,REPEATEDHITS,False,False,False,233675,0,1434479482.0,13,ASK,SHORT,1.0
CNK,2026-06-10 16:39:02.226605+00:00,PUT,33.0,2026-06-18,39360,492,1022,75,33.24,REPEATEDHITS,True,False,False,33520,0,3740015314.0,8,ASK,SHORT,1.0
CNK,2026-06-01 19:52:30.816738+00:00,CALL,31.0,2026-09-18,10103,32,32,3,31.1895,REPEATEDHITSASCENDINGFILL,False,False,False,10103,0,3740015314.0,109,ASK,LONG,1.0
AVBP,2026-06-03 16:26:58.671032+00:00,CALL,35.0,2026-07-17,37443,104,104,46,29.39,REPEATEDHITSASCENDINGFILL,True,False,False,0,37443,1422864050.0,44,BID,SHORT,0.5
MAA,2026-06-05 16:05:01.547721+00:00,CALL,150.0,2026-12-18,44000,100,100,18,137.95,REPEATEDHITS,False,False,False,26400,17600,16167012846.0,196,ASK,LONG,1.0
MAA,2026-05-15 15:59:17.770117+00:00,PUT,130.0,2026-09-18,22410,27,79,10,126.0,REPEATEDHITS,True,False,False,830,21580,16167012846.0,126,BID,LONG,0.5
RYAN,2026-05-22 18:21:00.191329+00:00,PUT,30.0,2026-06-18,19630,302,1003,76,32.82,REPEATEDHITS,False,False,False,19630,0,4316467654.0,27,ASK,SHORT,1.0
RYAN,2026-05-22 15:14:34.900002+00:00,PUT,30.0,2026-06-18,17355,267,503,76,32.815,REPEATEDHITS,False,False,False,17355,0,4316467654.0,27,ASK,SHORT,1.0
BKH,2026-06-09 18:48:40.724051+00:00,PUT,70.0,2026-06-18,410090,1783,2012,69,68.94,LOWHISTORICVOLUMEFLOOR,False,True,False,410090,0,5159995966.0,9,ASK,SHORT,1.0
SKT,2026-06-10 17:36:29.191193+00:00,CALL,40.0,2026-07-17,170000,2000,2000,25,39.71,LOWHISTORICVOLUMEFLOOR,False,True,False,0,170000,4534149839.0,37,BID,SHORT,0.5
UNFI,2026-06-10 19:58:38.586265+00:00,CALL,50.0,2026-07-17,32340,98,205,56,50.52,REPEATEDHITS,False,False,False,32340,0,2803851756.0,37,ASK,LONG,1.0
UNFI,2026-06-09 16:53:13.018087+00:00,CALL,45.0,2026-07-17,15810,51,54,0,45.37,REPEATEDHITS,False,False,False,0,15810,2803851756.0,38,BID,SHORT,0.5
UNFI,2026-06-09 16:53:13.018087+00:00,PUT,44.0,2026-07-17,13765,64,64,0,45.37,REPEATEDHITS,False,False,False,2155,11610,2803851756.0,38,BID,LONG,0.5
UNFI,2026-05-19 17:08:42.933818+00:00,PUT,50.0,2026-06-18,126709,396,450,18,51.03,REPEATEDHITSDESCENDINGFILL,False,False,False,126709,0,2803851756.0,30,ASK,SHORT,1.0
UNFI,2026-05-19 17:03:30.811696+00:00,CALL,55.0,2026-07-17,11401,40,155,0,51.52,REPEATEDHITSDESCENDINGFILL,False,False,False,0,11401,2803851756.0,59,BID,SHORT,0.5
UNFI,2026-05-19 17:03:10.977893+00:00,CALL,55.0,2026-07-17,11400,40,115,0,51.52,REPEATEDHITS,False,False,False,0,11400,2803851756.0,59,BID,SHORT,0.5
STT,2026-06-10 18:46:41.291390+00:00,PUT,165.0,2026-06-18,138210,271,271,6,161.79,LOWHISTORICVOLUMEFLOOR,False,True,True,138210,0,45182218137.0,8,ASK,SHORT,1.0
STT,2026-06-10 13:42:01.159034+00:00,CALL,160.0,2026-11-20,27960,18,24,12,162.98,REPEATEDHITSDESCENDINGFILL,False,False,False,23310,4650,45182218137.0,163,ASK,LONG,1.0
STT,2026-06-09 19:59:51.226768+00:00,CALL,175.0,2027-01-15,294400,256,270,25,163.17,REPEATEDHITS,False,False,False,0,294400,45182218137.0,220,BID,SHORT,0.5
STT,2026-05-29 18:54:39.020561+00:00,PUT,170.0,2026-07-17,111779,69,69,0,156.155,REPEATEDHITS,False,False,False,98819,12960,45182218137.0,49,ASK,SHORT,1.0
STT,2026-05-29 18:54:39.020561+00:00,PUT,175.0,2026-06-18,40110,21,21,0,155.94,REPEATEDHITS,False,False,False,40110,0,45182218137.0,20,ASK,SHORT,1.0
STT,2026-05-28 17:43:43.415698+00:00,PUT,105.0,2027-01-15,14825,76,86,54,157.86,REPEATEDHITS,False,False,False,14825,0,45182218137.0,232,ASK,SHORT,1.0
J,2026-06-09 17:44:56.941785+00:00,CALL,125.0,2026-06-18,20230,119,131,77,121.94,REPEATEDHITS,True,False,False,8670,11560,14812065462.0,9,BID,SHORT,0.5
J,2026-05-29 16:16:10.978548+00:00,CALL,130.0,2026-06-18,31625,275,288,62,121.71,REPEATEDHITS,False,False,False,31625,0,14812065462.0,20,ASK,LONG,1.0
J,2026-05-18 14:19:30.317756+00:00,CALL,115.0,2026-06-18,46000,100,106,12,113.39,REPEATEDHITS,False,False,False,46000,0,14812065462.0,31,ASK,LONG,1.0
J,2026-05-13 16:51:58.632574+00:00,PUT,100.0,2026-06-18,34152,202,202,6,108.54,REPEATEDHITSASCENDINGFILL,False,False,False,34152,0,14812065462.0,36,ASK,SHORT,1.0
ATEX,2026-05-29 19:37:19.998813+00:00,CALL,95.0,2027-01-15,14908,21,43,0,63.58,REPEATEDHITSDESCENDINGFILL,False,False,False,14908,0,1209207985.0,231,ASK,LONG,1.0
ATEX,2026-05-28 18:17:30.667458+00:00,CALL,70.0,2026-06-18,15500,50,151,25,65.76,REPEATEDHITS,False,False,False,0,15500,1209207985.0,21,BID,SHORT,0.5
LPG,2026-05-14 13:52:45.833272+00:00,CALL,42.5,2026-06-18,16200,108,108,24,40.955,REPEATEDHITS,False,False,False,12300,0,1856768355.0,35,ASK,LONG,1.0
PSA,2026-06-10 15:03:55.563921+00:00,PUT,320.0,2026-12-18,62410,32,63,0,330.48,REPEATEDHITSDESCENDINGFILL,True,False,False,1940,44950,56676700199.0,191,BID,LONG,0.5
PSA,2026-06-10 15:03:55.563921+00:00,PUT,320.0,2026-12-18,66000,34,135,0,330.48,REPEATEDHITSDESCENDINGFILL,True,False,False,27160,34960,56676700199.0,191,BID,LONG,0.5
NNN,2026-06-10 16:22:08.996302+00:00,CALL,50.0,2026-12-18,31570,287,290,147,46.53,REPEATEDHITS,False,False,False,31570,0,8749513660.0,191,ASK,LONG,1.0
BATRK,2026-06-08 19:54:32.319479+00:00,PUT,50.0,2026-08-21,21993,99,250,50,49.12,REPEATEDHITSDESCENDINGFILL,False,False,False,0,21993,2643504972.0,74,BID,LONG,0.5
RYTM,2026-06-10 14:25:18.514956+00:00,CALL,90.0,2026-06-18,82590,100,100,87,91.01,REPEATEDHITSASCENDINGFILL,False,False,False,82590,0,6021274851.0,8,ASK,LONG,1.0
RYTM,2026-06-08 16:30:03.995393+00:00,CALL,80.0,2026-06-18,10080,9,233,2,86.4,REPEATEDHITS,False,False,False,10080,0,6021274851.0,10,ASK,LONG,1.0
RYTM,2026-06-08 16:28:03.623957+00:00,CALL,80.0,2026-07-17,14520,12,62,1,86.39,REPEATEDHITS,False,False,False,14520,0,6021274851.0,39,ASK,LONG,1.0
RYTM,2026-06-08 16:27:55.407130+00:00,CALL,80.0,2026-06-18,13440,12,153,2,86.39,REPEATEDHITS,False,False,False,8960,4480,6021274851.0,10,ASK,LONG,1.0
RYTM,2026-06-08 14:50:54.631346+00:00,CALL,80.0,2026-06-18,105000,100,100,2,85.32,LOWHISTORICVOLUMEFLOOR,False,True,False,105000,0,6021274851.0,10,ASK,LONG,1.0
RYTM,2026-05-14 18:06:54.692451+00:00,PUT,90.0,2027-12-17,45540,22,208,0,94.825,REPEATEDHITS,False,False,False,2070,43470,6021274851.0,582,BID,LONG,0.5
RYTM,2026-05-14 14:37:34.058543+00:00,PUT,90.0,2027-12-17,61880,30,179,0,94.68,REPEATEDHITSASCENDINGFILL,False,False,False,0,61880,6021274851.0,582,BID,LONG,0.5
RYTM,2026-05-14 14:36:44.171266+00:00,PUT,90.0,2027-12-17,51000,25,148,0,94.66,REPEATEDHITS,False,False,False,0,51000,6021274851.0,582,BID,LONG,0.5
TYRA,2026-05-19 16:23:39.468152+00:00,CALL,45.0,2026-06-18,14500,145,271,2,34.575,REPEATEDHITS,False,False,False,14500,0,1542661683.0,30,ASK,LONG,1.0
PVLA,2026-06-03 15:07:55.409896+00:00,PUT,95.0,2026-07-17,325000,1000,1000,0,110.16,LOWHISTORICVOLUMEFLOOR,False,True,False,0,325000,1496962628.0,44,BID,LONG,0.5
CINF,2026-06-01 19:22:42.284926+00:00,PUT,160.0,2026-07-17,201000,300,300,2,156.785,LOWHISTORICVOLUMEFLOOR,False,True,False,201000,0,25342328942.0,46,ASK,SHORT,1.0
DNTH,2026-06-10 14:27:10.614650+00:00,CALL,70.0,2026-07-17,12916,20,20,10,70.61,REPEATEDHITSDESCENDINGFILL,False,False,False,10966,1950,4623123325.0,37,ASK,LONG,1.0
DNTH,2026-05-20 14:57:12.807151+00:00,PUT,95.0,2026-08-21,435000,300,300,0,89.825,LOWHISTORICVOLUMEFLOOR,False,True,False,0,435000,4623123325.0,93,BID,LONG,0.5
ENSG,2026-06-08 19:44:51.056787+00:00,PUT,150.0,2026-06-18,11220,34,240,2,155.3,REPEATEDHITS,True,False,False,10230,0,9073648350.0,10,ASK,SHORT,1.0
ENSG,2026-06-08 19:44:46.050650+00:00,PUT,150.0,2026-06-18,24780,84,206,2,155.3,REPEATEDHITS,False,False,False,7670,14455,9073648350.0,10,BID,LONG,0.5
ENSG,2026-06-08 19:44:41.643554+00:00,PUT,150.0,2026-06-18,11985,47,122,2,155.3,REPEATEDHITS,False,False,False,0,11985,9073648350.0,10,BID,LONG,0.5
ENSG,2026-06-08 18:04:15.629448+00:00,CALL,145.0,2026-12-18,31350,15,15,1,152.39,REPEATEDHITS,False,False,False,31350,0,9073648350.0,193,ASK,LONG,1.0
IRTC,2026-06-03 17:58:09.914604+00:00,PUT,105.0,2026-08-21,12000,10,10,3,101.995,REPEATEDHITS,False,False,False,12000,0,3740727903.0,79,ASK,SHORT,1.0
MUSA,2026-05-14 17:52:38.892691+00:00,PUT,540.0,2026-06-18,26400,24,56,8,576.58,REPEATEDHITS,False,False,False,26400,0,10275796186.0,35,ASK,SHORT,1.0
AAOI,2026-06-10 14:02:49.372401+00:00,CALL,162.5,2026-06-18,26600,10,10,0,179.6,REPEATEDHITS,True,False,False,26600,0,13069941889.0,8,ASK,LONG,1.0
AAOI,2026-06-10 13:48:18.775909+00:00,PUT,144.0,2026-06-18,37020,100,100,0,183.5379,REPEATEDHITS,False,False,False,0,37020,13069941889.0,8,BID,LONG,0.5
AAOI,2026-06-09 18:44:46.817312+00:00,PUT,45.0,2026-09-18,131700,878,878,75,167.741,REPEATEDHITS,False,False,False,75000,900,13069941889.0,101,ASK,SHORT,1.0
AAOI,2026-06-09 17:01:17.096219+00:00,PUT,165.0,2026-06-26,147000,70,101,37,165.54,REPEATEDHITS,True,False,False,126000,21000,13069941889.0,17,ASK,SHORT,1.0
AAOI,2026-06-09 14:18:21.896401+00:00,PUT,147.0,2026-06-12,52388,276,315,97,178.19,REPEATEDHITSDESCENDINGFILL,False,False,False,49538,0,13069941889.0,3,ASK,SHORT,1.0
AAOI,2026-06-08 17:47:50.257002+00:00,CALL,280.0,2026-06-12,39488,240,1807,234,198.77,REPEATEDHITSASCENDINGFILL,False,False,False,39168,160,13069941889.0,4,ASK,LONG,1.0
AAOI,2026-06-08 17:47:40.442679+00:00,CALL,280.0,2026-06-12,40765,251,1407,234,198.49,REPEATEDHITSASCENDINGFILL,False,False,False,37885,0,13069941889.0,4,ASK,LONG,1.0
AAOI,2026-06-08 14:36:11.068739+00:00,CALL,252.5,2026-06-12,25730,83,91,13,198.3099,REPEATEDHITS,False,False,False,22320,0,13069941889.0,4,ASK,LONG,1.0
AAOI,2026-06-08 14:32:19.827796+00:00,CALL,240.0,2026-07-24,135000,50,50,1,196.92,FLOORTRADELARGECAP,False,True,False,135000,0,13069941889.0,46,ASK,LONG,1.0
AAOI,2026-06-05 19:28:00.682388+00:00,CALL,300.0,2027-06-17,734140,100,126,52,179.42,REPEATEDHITSASCENDINGFILL,False,False,False,462430,242310,13069941889.0,377,ASK,LONG,1.0
AAOI,2026-06-05 19:27:09.036655+00:00,PUT,180.0,2027-06-17,898000,100,100,3,177.655,REPEATEDHITS,False,False,False,278380,619620,13069941889.0,377,BID,LONG,0.5
AAOI,2026-06-05 19:01:36.318337+00:00,CALL,177.5,2026-06-18,348140,169,199,39,178.08,REPEATEDHITS,False,False,False,51500,296640,13069941889.0,13,BID,SHORT,0.5
AAOI,2026-06-05 18:38:29.160477+00:00,PUT,130.0,2026-07-10,143209,154,182,14,176.58,REPEATEDHITSDESCENDINGFILL,False,False,False,143209,0,13069941889.0,35,ASK,SHORT,1.0
AAOI,2026-06-05 18:37:31.033105+00:00,PUT,145.0,2026-06-26,245340,261,278,138,177.41,REPEATEDHITS,False,False,False,245340,0,13069941889.0,21,ASK,SHORT,1.0
AAOI,2026-06-05 18:37:10.189876+00:00,CALL,175.0,2026-07-10,800000,250,256,31,177.615,REPEATEDHITS,False,False,False,720000,0,13069941889.0,35,ASK,LONG,1.0
AAOI,2026-06-05 18:27:44.412021+00:00,CALL,172.5,2026-06-26,536000,200,605,19,177.75,REPEATEDHITS,False,False,False,536000,0,13069941889.0,21,ASK,LONG,1.0
AAOI,2026-06-05 18:27:39.199490+00:00,CALL,172.5,2026-06-26,329800,124,405,19,177.375,REPEATEDHITSASCENDINGFILL,False,False,False,329800,0,13069941889.0,21,ASK,LONG,1.0
AAOI,2026-06-05 16:52:11.037338+00:00,CALL,300.0,2026-06-26,31309,63,978,41,187.17,REPEATEDHITSDESCENDINGFILL,False,False,False,31309,0,13069941889.0,21,ASK,LONG,1.0
AAOI,2026-06-05 16:43:08.821096+00:00,PUT,172.5,2026-06-12,272686,303,315,35,184.965,REPEATEDHITSDESCENDINGFILL,True,False,False,252886,900,13069941889.0,7,ASK,SHORT,1.0
AAOI,2026-06-05 15:36:16.967777+00:00,CALL,300.0,2026-06-12,25308,220,321,109,198.21,REPEATEDHITS,False,False,False,0,20363,13069941889.0,7,BID,SHORT,0.5
AAOI,2026-06-05 15:01:03.048423+00:00,PUT,235.0,2026-06-18,106750,25,25,15,205.135,REPEATEDHITS,False,False,False,68320,38430,13069941889.0,13,ASK,SHORT,1.0
AAOI,2026-06-05 14:47:09.966895+00:00,CALL,185.0,2026-07-10,819930,181,183,7,205.8185,REPEATEDHITS,False,False,False,819930,0,13069941889.0,35,ASK,LONG,1.0
AAOI,2026-06-05 14:19:25.255267+00:00,PUT,130.0,2026-06-12,47911,798,1316,653,202.6,REPEATEDHITSASCENDINGFILL,False,False,False,0,47911,13069941889.0,7,BID,LONG,0.5
AAOI,2026-06-04 19:40:48.956915+00:00,CALL,245.0,2026-06-05,17500,250,306,160,207.98,REPEATEDHITS,False,False,False,15820,1400,13069941889.0,1,ASK,LONG,1.0
AAOI,2026-06-04 17:57:38.719433+00:00,CALL,215.0,2026-07-02,73500,30,30,14,204.05,REPEATEDHITS,False,False,False,0,73500,13069941889.0,28,BID,SHORT,0.5
AAOI,2026-06-04 14:24:07.763398+00:00,PUT,152.5,2026-06-05,29051,484,493,171,175.14,REPEATEDHITSASCENDINGFILL,False,False,False,0,26831,13069941889.0,1,BID,LONG,0.5
AAOI,2026-06-04 14:05:37.201237+00:00,CALL,230.0,2026-06-12,58918,274,281,222,171.46,REPEATEDHITSASCENDINGFILL,False,False,False,0,58918,13069941889.0,8,BID,SHORT,0.5
AAOI,2026-06-03 16:59:25.516972+00:00,CALL,192.5,2026-06-12,26000,20,66,19,184.7,REPEATEDHITS,True,False,False,0,26000,13069941889.0,9,BID,SHORT,0.5
AAOI,2026-06-03 15:58:57.481598+00:00,CALL,350.0,2026-06-18,33250,277,296,145,189.61,REPEATEDHITSASCENDINGFILL,False,False,False,0,33250,13069941889.0,15,BID,SHORT,0.5
AAOI,2026-06-03 15:44:34.520210+00:00,CALL,192.5,2026-06-12,32000,20,24,19,190.6139,REPEATEDHITS,False,False,False,0,32000,13069941889.0,9,BID,SHORT,0.5
AAOI,2026-06-02 18:56:03.399573+00:00,CALL,207.5,2026-06-12,17399,11,68,2,198.62,REPEATEDHITSDESCENDINGFILL,False,False,False,0,17399,13069941889.0,10,BID,SHORT,0.5
AAOI,2026-06-02 15:10:45.484671+00:00,CALL,220.0,2026-06-26,249586,120,284,119,197.0,REPEATEDHITSDESCENDINGFILL,False,False,False,212146,0,13069941889.0,24,ASK,LONG,1.0
AAOI,2026-06-02 15:06:54.449309+00:00,CALL,220.0,2026-06-26,247570,121,163,119,196.7,REPEATEDHITSDESCENDINGFILL,False,False,False,171720,75850,13069941889.0,24,ASK,LONG,1.0
AAOI,2026-06-02 13:39:02.885275+00:00,CALL,270.0,2026-07-10,15500,10,20,3,198.275,REPEATEDHITS,False,False,False,1550,1550,13069941889.0,38,MIXED,,0.0
AAOI,2026-06-01 16:01:41.080110+00:00,CALL,280.0,2026-06-18,183542,500,591,371,181.37,REPEATEDHITSDESCENDINGFILL,False,False,False,0,183542,13069941889.0,17,BID,SHORT,0.5
AAOI,2026-06-01 15:13:06.910801+00:00,PUT,120.0,2026-06-18,166235,652,664,466,177.68,REPEATEDHITSDESCENDINGFILL,False,False,False,166235,0,13069941889.0,17,ASK,SHORT,1.0
AAOI,2026-06-01 14:34:04.130496+00:00,CALL,192.5,2026-06-05,72449,123,308,50,173.47,REPEATEDHITSASCENDINGFILL,False,False,False,72449,0,13069941889.0,4,ASK,LONG,1.0
AAOI,2026-06-01 14:34:04.130496+00:00,CALL,192.5,2026-06-05,35315,61,443,50,173.47,REPEATEDHITSASCENDINGFILL,False,False,False,5310,30005,13069941889.0,4,BID,SHORT,0.5
AAOI,2026-06-01 13:47:21.676173+00:00,PUT,120.0,2026-07-02,48290,101,105,26,170.55,REPEATEDHITS,False,False,False,39360,8930,13069941889.0,31,ASK,SHORT,1.0
AAOI,2026-05-28 18:58:10.266662+00:00,PUT,125.0,2026-06-05,37255,324,529,100,168.71,REPEATEDHITSDESCENDINGFILL,False,False,False,37255,0,13069941889.0,8,ASK,SHORT,1.0
AAOI,2026-05-28 17:29:22.478418+00:00,CALL,157.5,2026-05-29,85040,63,76,23,169.6,REPEATEDHITS,True,False,False,83700,1340,13069941889.0,1,ASK,LONG,1.0
AAOI,2026-05-28 16:52:19.280444+00:00,CALL,210.0,2026-06-05,167700,430,569,191,171.63,REPEATEDHITS,True,False,False,0,98670,13069941889.0,8,BID,SHORT,0.5
AAOI,2026-05-28 15:25:36.797713+00:00,PUT,115.0,2026-09-18,464940,246,250,44,172.945,REPEATEDHITS,False,False,False,464940,0,13069941889.0,113,ASK,SHORT,1.0
AAOI,2026-05-27 19:05:56.988124+00:00,PUT,195.0,2026-06-12,166160,62,65,16,186.28,REPEATEDHITS,False,False,False,125960,40200,13069941889.0,16,ASK,SHORT,1.0
AAOI,2026-05-27 18:51:43.894751+00:00,PUT,145.0,2027-01-15,1130489,237,238,49,187.8601,REPEATEDHITS,False,False,False,1130489,0,13069941889.0,233,ASK,SHORT,1.0
AAOI,2026-05-27 18:51:27.673504+00:00,PUT,145.0,2026-09-18,862670,281,286,102,187.58,REPEATEDHITS,False,False,False,862670,0,13069941889.0,114,ASK,SHORT,1.0
AAOI,2026-05-27 14:05:47.025857+00:00,CALL,195.0,2026-07-02,168150,59,59,0,186.08,REPEATEDHITS,True,False,False,168150,0,13069941889.0,36,ASK,LONG,1.0
AAOI,2026-05-26 18:00:51.361642+00:00,PUT,160.0,2026-06-18,820066,612,652,480,183.91,REPEATEDHITSDESCENDINGFILL,False,False,False,820066,0,13069941889.0,23,ASK,SHORT,1.0
AAOI,2026-05-26 14:02:27.304083+00:00,PUT,187.5,2026-05-29,32500,25,68,19,185.095,REPEATEDHITS,False,False,False,32500,0,13069941889.0,3,ASK,SHORT,1.0
AAOI,2026-05-26 13:55:18.151798+00:00,PUT,145.0,2026-06-18,737776,997,1008,411,189.6042,REPEATEDHITS,False,False,False,737776,0,13069941889.0,23,ASK,SHORT,1.0
AAPL,2026-06-10 18:38:33.056770+00:00,CALL,290.0,2026-06-15,168072,300,5898,266,293.44,REPEATEDHITSDESCENDINGFILL,False,False,False,0,168072,4267411285800.0,5,BID,SHORT,0.5
AAPL,2026-06-09 19:00:30.703384+00:00,CALL,292.5,2026-06-10,148295,1115,36804,40,291.15,REPEATEDHITS,False,False,False,0,148295,4267411285800.0,1,BID,SHORT,0.5
AAPL,2026-06-09 18:43:44.135512+00:00,CALL,292.5,2026-06-10,147499,1219,33490,40,290.71,REPEATEDHITS,False,False,False,0,147499,4267411285800.0,1,BID,SHORT,0.5
AAPL,2026-06-09 17:48:34.774093+00:00,CALL,290.0,2026-06-10,169708,836,16954,260,289.88,REPEATEDHITS,False,False,False,133980,0,4267411285800.0,1,ASK,LONG,1.0
AAPL,2026-06-09 16:15:00.342666+00:00,CALL,297.5,2026-06-17,844282,3446,3833,8,291.0,REPEATEDHITSASCENDINGFILL,True,False,False,500,843782,4267411285800.0,8,BID,SHORT,0.5
AAPL,2026-06-09 15:59:28.311043+00:00,CALL,290.0,2026-06-10,543246,1752,4151,260,291.13,REPEATEDHITSASCENDINGFILL,False,False,False,0,543246,4267411285800.0,1,BID,SHORT,0.5
AAPL,2026-06-08 18:00:49.239504+00:00,PUT,310.0,2026-06-15,362970,654,1466,333,308.93,REPEATEDHITS,False,False,False,362970,0,4267411285800.0,7,ASK,SHORT,1.0
AAPL,2026-06-08 17:46:26.357109+00:00,PUT,307.5,2026-06-10,277745,846,7157,676,308.58,REPEATEDHITSASCENDINGFILL,False,False,False,270270,7475,4267411285800.0,2,ASK,SHORT,1.0
AAPL,2026-06-08 17:38:04.316110+00:00,PUT,307.5,2026-06-10,184416,904,5109,676,312.63,REPEATEDHITS,False,False,False,184416,0,4267411285800.0,2,ASK,SHORT,1.0
AAPL,2026-06-08 17:35:22.769498+00:00,PUT,317.5,2026-06-08,478169,1496,2181,68,316.445,REPEATEDHITSASCENDINGFILL,False,False,False,442880,35289,4267411285800.0,0,ASK,SHORT,1.0
AAPL,2026-06-08 16:54:41.606639+00:00,CALL,322.5,2026-06-08,156351,2954,25818,1995,313.67,REPEATEDHITSASCENDINGFILL,True,False,False,127659,24787,4267411285800.0,0,ASK,LONG,1.0
AAPL,2026-06-08 16:52:03.603521+00:00,PUT,307.5,2026-06-08,187057,2339,17001,1785,313.88,REPEATEDHITSDESCENDINGFILL,False,False,False,182080,4977,4267411285800.0,0,ASK,SHORT,1.0
AAPL,2026-06-08 16:50:50.723944+00:00,CALL,332.5,2026-06-10,107248,3666,4103,326,313.705,REPEATEDHITSASCENDINGFILL,True,False,False,74785,17613,4267411285800.0,2,ASK,LONG,1.0
AAPL,2026-06-08 16:50:16.898936+00:00,CALL,327.5,2026-06-10,213669,3640,5090,1740,313.86,REPEATEDHITSASCENDINGFILL,False,False,False,209952,3717,4267411285800.0,2,ASK,LONG,1.0
AAPL,2026-06-08 15:24:34.582868+00:00,CALL,400.0,2027-09-17,222470,140,140,25,314.53,REPEATEDHITSASCENDINGFILL,False,False,False,0,222470,4267411285800.0,466,BID,SHORT,0.5
AAPL,2026-06-08 14:47:10.816786+00:00,PUT,312.5,2026-06-08,328769,1686,6611,1591,314.09,REPEATEDHITS,False,False,False,328575,194,4267411285800.0,0,ASK,SHORT,1.0
AAPL,2026-06-05 19:26:42.568671+00:00,CALL,307.5,2026-06-08,410000,1000,2712,249,308.43,REPEATEDHITS,True,False,False,410000,0,4267411285800.0,3,ASK,LONG,1.0
AAPL,2026-06-05 18:18:37.421091+00:00,CALL,322.5,2026-06-08,118000,2000,6418,686,312.57,REPEATEDHITS,True,False,False,0,118000,4267411285800.0,3,BID,SHORT,0.5
AAPL,2026-06-05 18:17:58.932186+00:00,CALL,307.5,2026-06-12,591720,713,1036,668,312.7,REPEATEDHITSDESCENDINGFILL,False,False,False,581820,9900,4267411285800.0,7,ASK,LONG,1.0
AAPL,2026-06-05 15:55:37.177967+00:00,PUT,312.5,2026-06-08,147609,497,7359,304,313.15,REPEATEDHITS,False,False,False,0,147609,4267411285800.0,3,BID,LONG,0.5
AAPL,2026-06-05 14:45:52.806753+00:00,CALL,315.0,2026-07-24,277290,242,408,9,314.12,REPEATEDHITSASCENDINGFILL,False,False,False,138745,138545,4267411285800.0,49,ASK,LONG,1.0
AAPL,2026-06-05 14:38:30.225546+00:00,PUT,310.0,2026-06-10,313000,1252,1841,570,314.33,REPEATEDHITS,False,False,False,313000,0,4267411285800.0,5,ASK,SHORT,1.0
AAPL,2026-06-05 13:44:28.967511+00:00,PUT,312.5,2026-06-08,277799,926,1300,304,313.8025,REPEATEDHITS,True,False,False,171900,8099,4267411285800.0,3,ASK,SHORT,1.0
AAPL,2026-06-04 16:40:07.194226+00:00,CALL,312.5,2026-06-15,102400,200,252,34,311.39,REPEATEDHITS,False,False,False,0,102400,4267411285800.0,11,BID,SHORT,0.5
AAPL,2026-06-03 14:55:18.623422+00:00,CALL,310.0,2026-07-10,1075028,1000,1008,262,311.86,REPEATEDHITS,False,False,False,0,1075028,4267411285800.0,37,BID,SHORT,0.5
AAPL,2026-06-01 17:36:17.001459+00:00,CALL,310.0,2026-06-03,182602,1660,17190,1120,306.77,REPEATEDHITSDESCENDINGFILL,False,False,False,0,182602,4267411285800.0,2,BID,SHORT,0.5
AAPL,2026-06-01 14:34:48.844905+00:00,PUT,302.5,2026-06-05,294282,2230,3413,1115,307.845,REPEATEDHITSDESCENDINGFILL,False,False,False,257604,34320,4267411285800.0,4,ASK,SHORT,1.0
AAPL,2026-05-29 19:53:07.020990+00:00,CALL,317.5,2026-06-03,275216,2672,4590,255,312.62,REPEATEDHITS,False,False,False,275216,0,4267411285800.0,5,ASK,LONG,1.0
AAPL,2026-05-29 17:53:01.927434+00:00,CALL,322.5,2026-06-05,121032,3362,5818,825,309.97,REPEATEDHITS,False,False,False,0,120672,4267411285800.0,7,BID,SHORT,0.5
AAPL,2026-05-29 17:33:53.477185+00:00,PUT,315.0,2027-09-17,157970,48,150,2,310.195,REPEATEDHITSASCENDINGFILL,False,False,False,3295,154675,4267411285800.0,476,BID,LONG,0.5
AAPL,2026-05-29 14:58:34.863513+00:00,CALL,310.0,2026-06-12,1845930,2930,3305,2638,311.16,REPEATEDHITS,False,False,False,630,1845300,4267411285800.0,14,BID,SHORT,0.5
AAPL,2026-05-27 19:33:38.464711+00:00,CALL,310.0,2026-07-02,884132,999,28260,334,309.67,REPEATEDHITS,False,False,False,0,884132,4267411285800.0,36,BID,SHORT,0.5
AAPL,2026-05-27 19:33:06.998843+00:00,CALL,310.0,2026-07-02,880038,1000,27261,334,309.57,REPEATEDHITSASCENDINGFILL,False,False,False,0,880038,4267411285800.0,36,BID,SHORT,0.5
AAPL,2026-05-27 19:32:14.471912+00:00,CALL,310.0,2026-07-02,885000,1000,25142,334,309.63,REPEATEDHITS,False,False,False,0,885000,4267411285800.0,36,BID,SHORT,0.5
AAPL,2026-05-27 19:31:18.818943+00:00,CALL,310.0,2026-07-02,885000,1000,22036,334,309.61,REPEATEDHITS,False,False,False,0,885000,4267411285800.0,36,BID,SHORT,0.5
AAPL,2026-05-27 19:26:36.003596+00:00,CALL,310.0,2026-07-02,1656000,1840,18768,334,310.0,REPEATEDHITS,True,False,False,1054800,601200,4267411285800.0,36,ASK,LONG,1.0
AAPL,2026-05-27 19:25:48.118791+00:00,CALL,310.0,2026-07-02,519825,577,16623,334,309.82,REPEATEDHITSASCENDINGFILL,False,False,False,95025,424800,4267411285800.0,36,BID,SHORT,0.5
AAPL,2026-05-27 19:25:20.479664+00:00,CALL,310.0,2026-07-02,695520,756,15403,334,310.01,REPEATEDHITS,True,False,False,695520,0,4267411285800.0,36,ASK,LONG,1.0
AAPL,2026-05-27 16:27:15.779396+00:00,CALL,320.0,2026-07-02,288780,525,725,467,311.15,REPEATEDHITSASCENDINGFILL,False,False,False,1680,287100,4267411285800.0,36,BID,SHORT,0.5
AAPL,2026-05-27 15:16:35.532296+00:00,CALL,310.0,2026-07-02,1004158,907,10700,334,312.36,REPEATEDHITSASCENDINGFILL,True,False,False,948058,56100,4267411285800.0,36,ASK,LONG,1.0
AAPL,2026-05-27 14:27:44.501158+00:00,CALL,310.0,2026-07-02,699660,676,9153,334,311.06,REPEATEDHITS,False,False,False,699660,0,4267411285800.0,36,ASK,LONG,1.0
AAPL,2026-05-26 19:01:03.197979+00:00,CALL,307.5,2026-05-27,355240,1600,6091,1388,308.99,REPEATEDHITS,False,False,False,0,355240,4267411285800.0,1,BID,SHORT,0.5
AAPL,2026-05-26 17:10:21.186058+00:00,PUT,320.0,2026-06-05,1999115,1801,2007,883,309.66,REPEATEDHITS,True,False,False,271950,1115,4267411285800.0,10,ASK,SHORT,1.0
AAPL,2026-05-26 14:31:22.993934+00:00,PUT,290.0,2027-02-19,366275,245,245,81,311.52,REPEATEDHITS,False,False,False,366275,0,4267411285800.0,269,ASK,SHORT,1.0
AAPL,2026-05-26 13:43:11.171703+00:00,PUT,315.0,2026-05-27,100978,200,404,29,310.67,REPEATEDHITSASCENDINGFILL,False,False,False,100978,0,4267411285800.0,1,ASK,SHORT,1.0
AAPL,2026-05-22 19:58:38.798979+00:00,PUT,312.5,2026-05-29,150000,300,3467,30,309.05,REPEATEDHITS,False,False,False,115000,35000,4267411285800.0,7,ASK,SHORT,1.0
AAPL,2026-05-22 19:53:58.373048+00:00,PUT,310.0,2026-05-27,325000,1000,4266,40,308.28,REPEATEDHITS,False,False,False,325000,0,4267411285800.0,5,ASK,SHORT,1.0
AAPL,2026-05-22 19:51:15.102705+00:00,CALL,312.5,2026-05-27,136535,1645,4099,170,308.35,REPEATEDHITS,False,False,False,136535,0,4267411285800.0,5,ASK,LONG,1.0
AAPL,2026-05-22 19:47:22.567409+00:00,PUT,305.0,2026-06-05,162500,500,1869,145,308.3,REPEATEDHITS,False,False,False,162500,0,4267411285800.0,14,ASK,SHORT,1.0
AAPL,2026-05-22 19:27:59.290816+00:00,PUT,310.0,2026-07-17,1283975,1265,1890,374,308.87,REPEATEDHITS,False,False,False,42630,1225105,4267411285800.0,56,BID,LONG,0.5
ADBE,2026-06-10 19:26:31.431656+00:00,CALL,295.0,2026-07-02,54627,393,408,85,232.94,REPEATEDHITS,False,False,False,0,54627,96151096000.0,22,BID,SHORT,0.5
ADBE,2026-06-10 18:45:37.586115+00:00,PUT,202.5,2026-06-18,50834,254,257,0,234.07,REPEATEDHITSASCENDINGFILL,True,False,False,834,50000,96151096000.0,8,BID,LONG,0.5
ADBE,2026-06-10 18:38:09.821441+00:00,CALL,232.5,2026-06-18,61410,46,128,5,234.265,REPEATEDHITS,False,False,False,60075,0,96151096000.0,8,ASK,LONG,1.0
ADBE,2026-06-09 17:45:13.763336+00:00,CALL,210.0,2028-01-21,818900,108,110,59,236.83,REPEATEDHITSDESCENDINGFILL,False,False,False,508530,310370,96151096000.0,591,ASK,LONG,1.0
ADBE,2026-06-08 18:27:12.657427+00:00,CALL,250.0,2026-07-24,139620,78,115,52,247.32,REPEATEDHITS,False,False,False,137830,0,96151096000.0,46,ASK,LONG,1.0
ADBE,2026-06-08 18:06:19.562878+00:00,CALL,210.0,2026-06-26,78400,20,20,12,246.229,REPEATEDHITS,False,False,False,78400,0,96151096000.0,18,ASK,LONG,1.0
ADBE,2026-06-05 19:18:45.697001+00:00,CALL,255.0,2026-07-24,141805,79,153,4,250.715,REPEATEDHITS,False,False,False,132830,8975,96151096000.0,49,ASK,LONG,1.0
ADBE,2026-06-05 13:59:27.533881+00:00,CALL,295.0,2026-07-24,59790,83,101,0,255.6,REPEATEDHITSDESCENDINGFILL,True,False,False,28835,30955,96151096000.0,49,BID,SHORT,0.5
ADBE,2026-06-05 13:55:11.403969+00:00,CALL,247.5,2026-06-12,59260,35,41,7,255.55,REPEATEDHITSASCENDINGFILL,True,False,False,44050,13510,96151096000.0,7,ASK,LONG,1.0
ADBE,2026-06-03 17:55:18.897571+00:00,CALL,280.0,2026-07-02,158420,177,242,43,256.5,REPEATEDHITS,False,False,False,900,157520,96151096000.0,29,BID,SHORT,0.5
ADBE,2026-06-03 14:34:54.156780+00:00,PUT,275.0,2027-01-15,62080,13,14,7,254.18,REPEATEDHITSDESCENDINGFILL,False,False,False,4780,57300,96151096000.0,226,BID,LONG,0.5
ADBE,2026-06-02 17:57:59.088245+00:00,CALL,490.0,2028-01-21,296250,150,153,91,261.708,REPEATEDHITS,True,False,False,296250,0,96151096000.0,598,ASK,LONG,1.0
ADBE,2026-06-02 14:44:06.014471+00:00,CALL,330.0,2026-06-26,108160,416,446,105,262.0,REPEATEDHITS,False,False,False,76700,31460,96151096000.0,24,ASK,LONG,1.0
ADBE,2026-06-01 19:03:37.085231+00:00,CALL,315.0,2026-06-26,57363,86,118,19,274.045,REPEATEDHITSASCENDINGFILL,True,False,False,32758,24605,96151096000.0,25,ASK,LONG,1.0
ADBE,2026-06-01 18:41:45.505778+00:00,CALL,350.0,2026-08-21,817247,1135,1415,926,272.96,REPEATEDHITS,False,False,False,0,817247,96151096000.0,81,BID,SHORT,0.5
ADBE,2026-06-01 17:33:05.656135+00:00,PUT,225.0,2026-08-21,719530,1082,1098,18,273.8,REPEATEDHITS,False,False,False,0,719530,96151096000.0,81,BID,LONG,0.5
ADBE,2026-06-01 14:47:40.486395+00:00,CALL,240.0,2026-07-02,93500,25,27,11,269.74,REPEATEDHITS,False,False,False,93500,0,96151096000.0,31,ASK,LONG,1.0
ADBE,2026-06-01 14:34:37.213875+00:00,PUT,265.0,2026-06-05,66080,118,600,36,266.8488,REPEATEDHITS,True,False,False,0,66080,96151096000.0,4,BID,LONG,0.5
ADBE,2026-06-01 13:58:52.840183+00:00,CALL,250.0,2026-07-02,158095,51,51,17,270.0,REPEATEDHITS,True,False,False,158095,0,96151096000.0,31,ASK,LONG,1.0
ADBE,2026-06-01 13:40:54.945443+00:00,PUT,275.0,2026-07-17,882880,356,385,283,267.19,REPEATEDHITS,False,False,False,882880,0,96151096000.0,46,ASK,SHORT,1.0
ADBE,2026-05-29 15:01:46.577712+00:00,PUT,200.0,2026-07-17,131119,516,522,430,252.85,REPEATEDHITSASCENDINGFILL,False,False,False,10975,119634,96151096000.0,49,BID,LONG,0.5
ADBE,2026-05-28 13:35:34.705789+00:00,CALL,215.0,2026-06-12,52700,20,20,5,236.68,REPEATEDHITS,False,False,False,0,52700,96151096000.0,15,BID,SHORT,0.5
ADBE,2026-05-27 19:19:10.484998+00:00,PUT,242.5,2026-06-05,95807,109,272,34,238.945,REPEATEDHITSASCENDINGFILL,True,False,False,94932,875,96151096000.0,9,ASK,SHORT,1.0
ADBE,2026-05-27 16:24:44.767802+00:00,PUT,242.5,2026-06-05,63000,75,105,34,239.53,REPEATEDHITS,False,False,False,15960,47040,96151096000.0,9,BID,LONG,0.5
ADBE,2026-05-27 16:18:03.378774+00:00,CALL,205.0,2026-08-21,164280,37,37,0,239.45,REPEATEDHITS,False,False,False,0,164280,96151096000.0,86,BID,SHORT,0.5
ADBE,2026-05-27 14:29:30.865845+00:00,CALL,255.0,2027-01-15,256665,71,77,5,243.91,REPEATEDHITS,False,False,False,0,256665,96151096000.0,233,BID,SHORT,0.5
ADBE,2026-05-26 17:29:51.098593+00:00,CALL,245.0,2026-06-05,128000,200,275,82,242.02,REPEATEDHITS,False,False,False,112640,15360,96151096000.0,10,ASK,LONG,1.0
ADBE,2026-05-26 14:29:04.908409+00:00,CALL,250.0,2027-02-19,257070,66,66,34,242.425,REPEATEDHITS,False,False,False,190855,42845,96151096000.0,269,ASK,LONG,1.0
ADBE,2026-05-22 19:02:07.419597+00:00,CALL,275.0,2026-06-12,78755,179,203,156,244.73,REPEATEDHITS,True,False,False,78320,435,96151096000.0,21,ASK,LONG,1.0
ADBE,2026-05-22 13:38:10.769554+00:00,PUT,257.5,2026-06-05,71225,55,55,3,248.65,REPEATEDHITS,False,False,False,0,71225,96151096000.0,14,BID,LONG,0.5
ADBE,2026-05-21 18:58:38.623141+00:00,PUT,252.5,2026-06-05,128231,99,103,21,244.21,REPEATEDHITSASCENDINGFILL,False,False,False,6475,117871,96151096000.0,15,BID,LONG,0.5
ADBE,2026-05-21 18:55:04.711750+00:00,CALL,220.0,2026-05-29,62500,25,25,18,244.45,REPEATEDHITS,False,False,False,0,62500,96151096000.0,8,BID,SHORT,0.5
ADBE,2026-05-21 17:25:47.531037+00:00,CALL,247.5,2026-06-05,82161,110,199,0,245.3,REPEATEDHITSDESCENDINGFILL,True,False,False,745,81416,96151096000.0,15,BID,SHORT,0.5
ADBE,2026-05-21 17:05:55.708318+00:00,PUT,255.0,2026-07-02,54530,25,26,0,244.08,REPEATEDHITSDESCENDINGFILL,False,False,False,0,54530,96151096000.0,42,BID,LONG,0.5
ADBE,2026-05-21 16:59:52.975657+00:00,CALL,265.0,2026-06-05,117440,628,657,368,243.8,REPEATEDHITSASCENDINGFILL,False,False,False,8603,108273,96151096000.0,15,BID,SHORT,0.5
ADBE,2026-05-21 16:50:59.513084+00:00,PUT,215.0,2026-07-02,122571,238,258,0,243.98,REPEATEDHITS,False,False,False,0,122571,96151096000.0,42,BID,LONG,0.5
ADBE,2026-05-21 16:10:23.618214+00:00,PUT,230.0,2026-07-02,390720,407,513,0,243.7086,REPEATEDHITS,False,False,False,0,390720,96151096000.0,42,BID,LONG,0.5
ADBE,2026-05-21 15:44:23.281848+00:00,PUT,220.0,2026-07-02,209791,333,338,0,243.36,REPEATEDHITS,False,False,False,0,209791,96151096000.0,42,BID,LONG,0.5
ADBE,2026-05-21 15:19:12.106467+00:00,PUT,257.5,2026-06-18,78107,35,83,2,243.97,REPEATEDHITSDESCENDINGFILL,False,False,False,0,78107,96151096000.0,28,BID,LONG,0.5
ADBE,2026-05-21 15:19:09.100472+00:00,PUT,257.5,2026-06-18,107130,48,48,2,243.97,REPEATEDHITSASCENDINGFILL,True,False,False,13455,93675,96151096000.0,28,BID,LONG,0.5
ADBE,2026-05-21 15:03:51.632408+00:00,CALL,290.0,2026-07-17,578760,1092,1100,460,245.37,REPEATEDHITS,False,False,False,0,578760,96151096000.0,57,BID,SHORT,0.5
ADBE,2026-05-21 14:37:55.717812+00:00,CALL,245.0,2026-07-17,1251063,669,692,268,244.15,REPEATEDHITS,False,False,False,0,1251063,96151096000.0,57,BID,SHORT,0.5
ADBE,2026-05-21 13:46:31.918166+00:00,CALL,242.5,2026-05-29,221490,321,321,66,243.045,REPEATEDHITS,False,False,False,0,221490,96151096000.0,8,BID,SHORT,0.5
ADBE,2026-05-21 13:37:36.189890+00:00,CALL,262.5,2026-06-05,156909,579,580,30,243.72,REPEATEDHITS,False,False,False,0,156909,96151096000.0,15,BID,SHORT,0.5
ADBE,2026-05-21 13:34:08.556160+00:00,PUT,227.5,2026-06-18,90850,115,115,53,243.685,REPEATEDHITS,False,False,False,0,90850,96151096000.0,28,BID,LONG,0.5
ADBE,2026-05-21 13:31:45.028941+00:00,PUT,267.5,2026-06-18,258485,91,93,3,245.57,REPEATEDHITSDESCENDINGFILL,True,False,False,142250,116235,96151096000.0,28,ASK,SHORT,1.0
ADBE,2026-05-20 16:28:23.497489+00:00,CALL,267.5,2026-06-18,161755,187,202,5,250.7,REPEATEDHITS,False,False,False,0,161755,96151096000.0,29,BID,SHORT,0.5
ADBE,2026-05-19 19:47:54.142496+00:00,PUT,257.5,2026-05-29,100018,113,144,5,254.89,REPEATEDHITSASCENDINGFILL,True,False,False,0,100018,96151096000.0,10,BID,LONG,0.5
ADBE,2026-05-19 19:24:20.200421+00:00,CALL,290.0,2027-03-19,818750,250,250,130,254.345,REPEATEDHITS,False,False,False,0,0,96151096000.0,304,MIXED,,0.0
ADBE,2026-05-19 16:24:13.119409+00:00,PUT,267.5,2026-06-05,71400,42,510,41,255.37,REPEATEDHITS,True,False,False,71400,0,96151096000.0,17,ASK,SHORT,1.0
ALAB,2026-06-10 19:31:50.829196+00:00,PUT,357.5,2026-07-02,69370,14,14,1,336.61,REPEATEDHITS,True,False,False,0,69370,58570092756.0,22,BID,LONG,0.5
ALAB,2026-06-10 17:20:34.663169+00:00,CALL,395.0,2026-06-18,77480,104,106,35,337.575,REPEATEDHITS,False,False,False,745,76735,58570092756.0,8,BID,SHORT,0.5
ALAB,2026-06-10 14:35:27.630093+00:00,CALL,450.0,2026-10-16,197070,30,40,22,360.7799,REPEATEDHITSASCENDINGFILL,False,False,False,0,197070,58570092756.0,128,BID,SHORT,0.5
ALAB,2026-06-10 14:19:28.112901+00:00,PUT,340.0,2026-06-26,1065059,388,389,8,354.3399,REPEATEDHITS,False,False,False,1065059,0,58570092756.0,16,ASK,SHORT,1.0
ALAB,2026-06-09 18:59:47.052924+00:00,CALL,330.0,2026-06-18,578205,200,656,183,337.205,REPEATEDHITSASCENDINGFILL,False,False,False,2890,575315,58570092756.0,9,BID,SHORT,0.5
ALAB,2026-06-09 16:56:33.726328+00:00,CALL,500.0,2028-01-21,554885,50,157,10,307.63,REPEATEDHITSDESCENDINGFILL,False,False,False,210875,166410,58570092756.0,591,ASK,LONG,1.0
ALAB,2026-06-09 13:48:07.447576+00:00,CALL,415.0,2026-06-12,95085,217,218,134,368.39,REPEATEDHITSDESCENDINGFILL,True,False,False,51180,43905,58570092756.0,3,ASK,LONG,1.0
ALAB,2026-06-09 13:48:07.242749+00:00,CALL,402.5,2026-06-12,52620,81,81,12,368.39,REPEATEDHITSDESCENDINGFILL,True,False,False,34060,18560,58570092756.0,3,ASK,LONG,1.0
ALAB,2026-06-09 13:48:07.242749+00:00,CALL,420.0,2026-06-12,96145,265,266,61,368.39,REPEATEDHITS,True,False,False,60995,35150,58570092756.0,3,ASK,LONG,1.0
ALAB,2026-06-08 19:08:54.707595+00:00,CALL,455.0,2026-06-18,91470,269,269,5,347.42,REPEATEDHITS,False,False,False,0,91470,58570092756.0,10,BID,SHORT,0.5
ALAB,2026-06-08 18:12:16.354182+00:00,PUT,340.0,2026-08-21,135629,22,27,10,351.81,REPEATEDHITS,True,False,False,135629,0,58570092756.0,74,ASK,SHORT,1.0
ALAB,2026-06-08 17:51:46.711947+00:00,CALL,530.0,2026-07-10,93765,133,134,14,349.0,REPEATEDHITS,False,False,False,93765,0,58570092756.0,32,ASK,LONG,1.0
ALAB,2026-06-08 17:03:00.596021+00:00,PUT,285.0,2026-06-18,198400,320,340,45,345.65,REPEATEDHITS,False,False,False,198400,0,58570092756.0,10,ASK,SHORT,1.0
ALAB,2026-06-08 16:24:31.602797+00:00,PUT,275.0,2026-06-18,150930,351,359,126,346.18,REPEATEDHITS,False,False,False,150930,0,58570092756.0,10,ASK,SHORT,1.0
ALAB,2026-06-08 15:51:56.238793+00:00,PUT,255.0,2026-06-26,230456,501,505,24,349.79,REPEATEDHITS,True,False,False,220796,460,58570092756.0,18,ASK,SHORT,1.0
ALAB,2026-06-08 15:12:45.511417+00:00,PUT,225.0,2026-07-02,66300,255,258,4,351.115,REPEATEDHITS,False,False,False,66300,0,58570092756.0,24,ASK,SHORT,1.0
ALAB,2026-06-08 14:46:27.940198+00:00,CALL,435.0,2026-07-10,521255,281,401,1,348.0,REPEATEDHITS,True,False,False,519400,1855,58570092756.0,32,ASK,LONG,1.0
ALAB,2026-06-08 14:39:38.894297+00:00,PUT,297.5,2026-06-26,52065,40,47,3,348.455,REPEATEDHITSASCENDINGFILL,True,False,False,15730,36335,58570092756.0,18,BID,LONG,0.5
ALAB,2026-06-08 14:26:09.104676+00:00,CALL,435.0,2026-07-10,202420,116,116,1,344.54,REPEATEDHITS,False,False,False,202420,0,58570092756.0,32,ASK,LONG,1.0
ALAB,2026-06-05 18:50:39.115955+00:00,PUT,300.0,2026-08-21,250000,50,81,43,318.23,REPEATEDHITS,False,False,False,85000,125000,58570092756.0,77,BID,LONG,0.5
ALAB,2026-06-05 14:37:03.463353+00:00,CALL,367.5,2026-07-02,53125,17,17,0,344.6,REPEATEDHITS,False,False,False,53125,0,58570092756.0,27,ASK,LONG,1.0
ALAB,2026-06-05 13:44:59.650472+00:00,PUT,305.0,2026-06-26,172040,92,92,19,338.83,REPEATEDHITS,False,False,False,172040,0,58570092756.0,21,ASK,SHORT,1.0
ALAB,2026-06-03 18:49:58.190275+00:00,CALL,375.0,2026-06-12,61600,28,106,10,365.93,REPEATEDHITS,False,False,False,0,61600,58570092756.0,9,BID,SHORT,0.5
ALAB,2026-06-03 16:49:19.722506+00:00,PUT,357.5,2026-06-12,51450,21,25,0,358.7,REPEATEDHITS,True,False,False,0,51450,58570092756.0,9,BID,LONG,0.5
ALAB,2026-06-02 19:48:47.032529+00:00,CALL,377.5,2026-06-05,113980,139,184,4,354.045,REPEATEDHITS,False,False,False,0,113980,58570092756.0,3,BID,SHORT,0.5
ALAB,2026-06-02 17:29:38.858887+00:00,PUT,342.5,2026-06-12,83820,33,36,0,343.71,REPEATEDHITS,True,False,False,0,83820,58570092756.0,10,BID,LONG,0.5
ALAB,2026-06-02 14:27:39.220728+00:00,PUT,312.5,2026-06-12,59850,38,39,5,331.48,REPEATEDHITS,True,False,False,59850,0,58570092756.0,10,ASK,SHORT,1.0
ALAB,2026-06-02 14:25:36.954405+00:00,CALL,380.0,2026-06-18,1118070,738,753,721,334.59,REPEATEDHITS,False,False,False,1118070,0,58570092756.0,16,ASK,LONG,1.0
ALAB,2026-06-02 13:47:32.918914+00:00,CALL,440.0,2026-09-18,66335,15,15,0,337.0,REPEATEDHITSASCENDINGFILL,False,False,False,22735,43600,58570092756.0,108,BID,SHORT,0.5
ALAB,2026-06-01 19:07:53.838925+00:00,CALL,480.0,2026-09-18,61940,19,4041,8,324.805,REPEATEDHITS,True,False,False,13040,19560,58570092756.0,109,BID,SHORT,0.5
ALAB,2026-06-01 19:07:37.016341+00:00,CALL,480.0,2026-09-18,68985,21,3955,8,324.8,REPEATEDHITS,False,False,False,45990,22995,58570092756.0,109,ASK,LONG,1.0
ALAB,2026-06-01 19:07:37.016341+00:00,CALL,480.0,2026-09-18,55675,17,3934,8,324.8,REPEATEDHITS,False,False,False,16375,19650,58570092756.0,109,BID,SHORT,0.5
ALAB,2026-06-01 18:17:09.621663+00:00,PUT,310.0,2026-06-18,635100,290,298,67,327.66,REPEATEDHITS,False,False,False,635100,0,58570092756.0,17,ASK,SHORT,1.0
ALAB,2026-06-01 16:16:19.125240+00:00,CALL,370.0,2026-07-17,1500000,500,502,171,322.03,REPEATEDHITS,True,False,False,0,1500000,58570092756.0,46,BID,SHORT,0.5
ALAB,2026-06-01 16:15:50.869228+00:00,CALL,480.0,2026-09-18,159000,50,3298,8,322.07,REPEATEDHITS,False,False,False,38160,120840,58570092756.0,109,BID,SHORT,0.5
ALAB,2026-06-01 15:59:23.190820+00:00,CALL,480.0,2026-09-18,172530,54,3239,8,321.75,REPEATEDHITS,False,False,False,124605,47925,58570092756.0,109,ASK,LONG,1.0
ALAB,2026-06-01 15:30:01.986081+00:00,CALL,480.0,2026-09-18,98600,29,2974,8,329.1075,REPEATEDHITS,False,False,False,0,98600,58570092756.0,109,BID,SHORT,0.5
ALAB,2026-06-01 15:20:23.271163+00:00,PUT,262.5,2026-06-12,99330,258,263,0,330.92,REPEATEDHITS,False,False,False,99330,0,58570092756.0,11,ASK,SHORT,1.0
ALAB,2026-06-01 14:56:31.682833+00:00,CALL,480.0,2026-09-18,85000,25,2832,8,328.61,REPEATEDHITS,False,False,False,85000,0,58570092756.0,109,ASK,LONG,1.0
ALAB,2026-06-01 14:48:37.455071+00:00,CALL,480.0,2026-09-18,80040,24,2806,8,326.695,REPEATEDHITS,False,False,False,80040,0,58570092756.0,109,ASK,LONG,1.0
ALAB,2026-06-01 14:40:12.877429+00:00,CALL,480.0,2026-09-18,151105,47,2766,8,324.57,REPEATEDHITS,False,False,False,151105,0,58570092756.0,109,ASK,LONG,1.0
ALAB,2026-06-01 14:01:52.260765+00:00,CALL,480.0,2026-09-18,85550,29,2579,8,316.92,REPEATEDHITS,True,False,False,85550,0,58570092756.0,109,ASK,LONG,1.0
ALAB,2026-06-01 14:01:46.850608+00:00,CALL,480.0,2026-09-18,91140,31,2550,8,317.27,REPEATEDHITS,True,False,False,64680,26460,58570092756.0,109,ASK,LONG,1.0
ALAB,2026-06-01 14:01:31.204504+00:00,CALL,480.0,2026-09-18,117600,40,2519,8,317.33,REPEATEDHITS,True,False,False,97020,20580,58570092756.0,109,ASK,LONG,1.0
ALAB,2026-06-01 14:01:15.557642+00:00,CALL,480.0,2026-09-18,105840,36,2479,8,316.65,REPEATEDHITS,True,False,False,105840,0,58570092756.0,109,ASK,LONG,1.0
ALAB,2026-06-01 14:01:00.498894+00:00,CALL,480.0,2026-09-18,107855,37,2443,8,316.51,REPEATEDHITS,True,False,False,84535,23320,58570092756.0,109,ASK,LONG,1.0
ALAB,2026-06-01 14:00:47.272734+00:00,CALL,480.0,2026-09-18,111530,38,2406,8,317.09,REPEATEDHITS,True,False,False,111530,0,58570092756.0,109,ASK,LONG,1.0
ALAB,2026-06-01 14:00:33.437820+00:00,CALL,480.0,2026-09-18,106020,36,2368,8,316.88,REPEATEDHITS,True,False,False,88350,17670,58570092756.0,109,ASK,LONG,1.0
ALAB,2026-06-01 14:00:27.215244+00:00,CALL,480.0,2026-09-18,114270,39,2332,8,316.79,REPEATEDHITS,True,False,False,114270,0,58570092756.0,109,ASK,LONG,1.0
ALAB,2026-06-01 13:59:46.711226+00:00,CALL,480.0,2026-09-18,122430,42,2234,8,316.735,REPEATEDHITS,True,False,False,26235,96195,58570092756.0,109,BID,SHORT,0.5
AMPG,2026-06-10 17:58:37.734605+00:00,CALL,15.0,2027-01-15,41385,267,318,0,7.88,REPEATEDHITS,False,False,False,41075,310,173317385.0,219,ASK,LONG,1.0
AMPG,2026-06-09 19:42:09.280502+00:00,PUT,7.5,2026-06-18,12000,100,398,40,6.785,REPEATEDHITS,False,False,False,12000,0,173317385.0,9,ASK,SHORT,1.0
AMPG,2026-05-22 15:09:00.476420+00:00,CALL,10.0,2026-10-16,23100,330,341,0,5.3901,REPEATEDHITS,True,False,False,19600,0,173317385.0,147,ASK,LONG,1.0
AMPG,2026-05-18 18:14:52.729813+00:00,CALL,5.0,2026-06-18,46865,3127,3963,1453,3.44,REPEATEDHITSDESCENDINGFILL,True,False,False,46865,0,173317385.0,31,ASK,LONG,1.0
AMPG,2026-05-18 17:03:54.088029+00:00,CALL,5.0,2027-01-15,11155,203,4807,84,2.905,REPEATEDHITS,False,False,False,10550,0,173317385.0,242,ASK,LONG,1.0
APA,2026-06-10 19:19:46.687664+00:00,PUT,37.0,2026-06-26,29866,288,303,38,38.2092,REPEATEDHITSDESCENDINGFILL,True,False,False,312,29554,12940545010.0,16,BID,LONG,0.5
APA,2026-06-10 16:16:16.399601+00:00,PUT,39.0,2026-06-18,11100,74,74,56,38.45,REPEATEDHITS,False,False,False,11100,0,12940545010.0,8,ASK,SHORT,1.0
APA,2026-06-09 15:33:56.766096+00:00,PUT,35.5,2026-06-12,96192,2004,2018,36,36.16,REPEATEDHITS,False,False,False,6528,89664,12940545010.0,3,BID,LONG,0.5
APA,2026-06-09 14:23:03.253160+00:00,PUT,35.5,2026-06-26,34562,299,299,1,36.24,REPEATEDHITSDESCENDINGFILL,True,False,False,20647,13915,12940545010.0,17,ASK,SHORT,1.0
APA,2026-06-08 15:23:48.724585+00:00,CALL,39.0,2026-06-12,24201,771,4688,290,37.38,REPEATEDHITS,False,False,False,24201,0,12940545010.0,4,ASK,LONG,1.0
APA,2026-06-08 15:21:23.520740+00:00,CALL,39.0,2026-06-12,24118,778,3897,290,37.355,REPEATEDHITS,False,False,False,24118,0,12940545010.0,4,ASK,LONG,1.0
APA,2026-06-05 16:12:39.593678+00:00,CALL,37.0,2026-06-12,10692,108,108,70,36.92,REPEATEDHITS,False,False,False,0,10692,12940545010.0,7,BID,SHORT,0.5
APA,2026-06-04 19:31:59.281635+00:00,CALL,50.0,2026-12-18,32250,150,159,118,38.075,REPEATEDHITS,False,False,False,0,32250,12940545010.0,197,BID,SHORT,0.5
APA,2026-06-04 13:56:58.774134+00:00,CALL,38.0,2026-06-12,27810,270,272,76,37.69,REPEATEDHITS,False,False,False,0,27810,12940545010.0,8,BID,SHORT,0.5
APA,2026-06-01 14:45:22.238650+00:00,CALL,40.0,2026-06-05,20934,739,4614,559,38.31,REPEATEDHITSASCENDINGFILL,True,False,False,1240,19694,12940545010.0,4,BID,SHORT,0.5
APA,2026-06-01 14:42:00.362045+00:00,CALL,40.0,2026-06-05,23100,700,3155,559,38.31,REPEATEDHITS,False,False,False,20823,1056,12940545010.0,4,ASK,LONG,1.0
APA,2026-05-29 14:51:32.332054+00:00,CALL,41.0,2026-06-18,35700,1050,1052,183,36.32,REPEATEDHITS,True,False,False,0,35700,12940545010.0,20,BID,SHORT,0.5
APA,2026-05-28 16:27:02.416978+00:00,PUT,35.0,2026-06-05,287616,5992,5992,111,36.62,REPEATEDHITS,False,False,False,6288,281328,12940545010.0,8,BID,LONG,0.5
APA,2026-05-28 15:50:18.371665+00:00,PUT,30.0,2026-07-17,22572,594,604,349,36.87,REPEATEDHITS,True,False,False,0,18506,12940545010.0,50,BID,LONG,0.5
APA,2026-05-26 16:59:35.543667+00:00,CALL,38.5,2026-06-18,152368,856,881,79,37.94,REPEATEDHITS,True,False,False,178,152190,12940545010.0,23,BID,SHORT,0.5
APA,2026-05-26 14:56:34.243634+00:00,CALL,39.5,2026-06-18,308277,1903,1903,26,38.5,REPEATEDHITSDESCENDINGFILL,True,False,False,307797,480,12940545010.0,23,ASK,LONG,1.0
APA,2026-05-26 14:05:29.422269+00:00,CALL,39.0,2026-05-29,75440,943,1059,528,38.7,REPEATEDHITS,False,False,False,75440,0,12940545010.0,3,ASK,LONG,1.0
APA,2026-05-22 19:21:09.600413+00:00,PUT,37.0,2026-06-18,24875,199,204,38,38.86,REPEATEDHITS,False,False,False,24875,0,12940545010.0,27,ASK,SHORT,1.0
APA,2026-05-22 19:10:57.250498+00:00,PUT,35.0,2026-07-17,96512,754,784,662,38.81,REPEATEDHITS,False,False,False,0,96512,12940545010.0,56,BID,LONG,0.5
APA,2026-05-22 18:53:21.050142+00:00,PUT,37.5,2026-09-18,260978,715,1011,631,38.8,REPEATEDHITS,False,False,False,0,260978,12940545010.0,119,BID,LONG,0.5
APA,2026-05-22 18:04:22.672905+00:00,CALL,39.0,2026-05-29,28383,268,303,177,38.69,REPEATEDHITSDESCENDINGFILL,False,False,False,27873,510,12940545010.0,7,ASK,LONG,1.0
APA,2026-05-22 17:35:08.015081+00:00,PUT,36.0,2026-05-29,16812,467,542,221,38.3759,REPEATEDHITS,False,False,False,16812,0,12940545010.0,7,ASK,SHORT,1.0
APA,2026-05-22 17:28:05.753747+00:00,CALL,43.0,2026-06-18,13464,198,218,56,38.62,REPEATEDHITS,False,False,False,0,13464,12940545010.0,27,BID,SHORT,0.5
APA,2026-05-22 16:47:30.745727+00:00,PUT,37.5,2026-10-16,38639,93,118,9,38.675,REPEATEDHITSDESCENDINGFILL,False,False,False,0,34904,12940545010.0,147,BID,LONG,0.5
APA,2026-05-22 15:28:16.679252+00:00,PUT,40.0,2027-03-19,13230,18,18,2,38.885,REPEATEDHITS,False,False,False,10290,2940,12940545010.0,301,ASK,SHORT,1.0
APA,2026-05-22 15:08:04.196700+00:00,PUT,27.5,2026-12-18,35100,260,318,33,38.87,REPEATEDHITS,True,False,False,0,35100,12940545010.0,210,BID,LONG,0.5
APA,2026-05-22 13:42:44.985720+00:00,CALL,40.0,2026-05-29,303255,4395,4400,3563,38.73,REPEATEDHITS,True,False,False,303255,0,12940545010.0,7,ASK,LONG,1.0
APA,2026-05-21 18:55:02.890724+00:00,CALL,39.0,2026-05-29,10416,112,114,82,38.31,REPEATEDHITS,False,False,False,9858,93,12940545010.0,8,ASK,LONG,1.0
APA,2026-05-21 15:37:50.752409+00:00,CALL,38.5,2026-06-18,15022,58,58,3,39.19,REPEATEDHITS,False,False,False,0,15022,12940545010.0,28,BID,SHORT,0.5
APA,2026-05-21 15:21:19.127708+00:00,CALL,41.5,2026-06-05,95353,1207,1207,1,39.2,REPEATEDHITS,False,False,False,0,86979,12940545010.0,15,BID,SHORT,0.5
APA,2026-05-20 15:16:33.746149+00:00,PUT,41.0,2026-06-05,19780,92,242,5,40.24,REPEATEDHITS,True,False,False,19780,0,12940545010.0,16,ASK,SHORT,1.0
APA,2026-05-18 15:47:10.846037+00:00,CALL,50.0,2026-10-16,45536,206,206,113,40.24,REPEATEDHITSDESCENDINGFILL,False,False,False,23298,22238,12940545010.0,151,ASK,LONG,1.0
APA,2026-05-18 14:42:17.564793+00:00,CALL,42.0,2026-05-22,12480,520,570,301,39.62,REPEATEDHITS,False,False,False,11184,0,12940545010.0,4,ASK,LONG,1.0
APA,2026-05-18 14:30:07.714672+00:00,CALL,40.5,2026-05-29,20799,200,200,8,39.49,REPEATEDHITS,False,False,False,20696,0,12940545010.0,11,ASK,LONG,1.0
APA,2026-05-18 14:21:19.379976+00:00,CALL,43.5,2026-06-18,29832,339,339,0,39.335,REPEATEDHITS,False,False,False,25608,4224,12940545010.0,31,ASK,LONG,1.0
APA,2026-05-12 18:59:17.069139+00:00,CALL,38.5,2026-05-15,69957,2000,2012,299,37.31,REPEATEDHITSASCENDINGFILL,False,False,False,69957,0,12940545010.0,3,ASK,LONG,1.0
APA,2026-05-12 14:23:20.532972+00:00,CALL,45.0,2026-07-17,52776,733,733,725,36.54,REPEATEDHITS,False,False,False,0,52776,12940545010.0,66,BID,SHORT,0.5
APP,2026-06-10 18:07:31.029088+00:00,CALL,507.5,2026-06-12,188110,171,195,4,503.42,REPEATEDHITS,False,False,False,0,188110,159237454880.0,2,BID,SHORT,0.5
APP,2026-06-10 15:59:27.264003+00:00,PUT,497.5,2026-06-18,85330,50,74,46,510.88,REPEATEDHITSASCENDINGFILL,True,False,False,17030,68300,159237454880.0,8,BID,LONG,0.5
APP,2026-06-10 14:05:33.312119+00:00,CALL,465.0,2026-06-26,173610,28,36,5,513.7275,REPEATEDHITS,True,False,False,0,173610,159237454880.0,16,BID,SHORT,0.5
APP,2026-06-09 16:44:41.007045+00:00,PUT,450.0,2026-06-12,75717,459,781,221,511.5,REPEATEDHITS,False,False,False,75717,0,159237454880.0,3,ASK,SHORT,1.0
APP,2026-06-09 15:56:58.578509+00:00,CALL,560.0,2026-06-12,139630,358,488,149,515.18,REPEATEDHITS,False,False,False,0,139630,159237454880.0,3,BID,SHORT,0.5
APP,2026-06-09 15:27:27.454163+00:00,CALL,575.0,2026-06-12,64200,214,242,172,524.01,REPEATEDHITS,False,False,False,0,64200,159237454880.0,3,BID,SHORT,0.5
APP,2026-06-09 14:35:21.062583+00:00,CALL,535.0,2026-06-18,96690,35,38,20,540.04,REPEATEDHITS,False,False,False,88410,8280,159237454880.0,9,ASK,LONG,1.0
APP,2026-06-08 18:24:14.481494+00:00,PUT,585.0,2026-07-02,152320,32,32,3,571.34,REPEATEDHITS,True,False,False,0,152320,159237454880.0,24,BID,LONG,0.5
APP,2026-06-05 17:20:21.548604+00:00,CALL,612.5,2026-06-12,256653,475,482,37,555.045,REPEATEDHITSASCENDINGFILL,False,False,False,3390,253263,159237454880.0,7,BID,SHORT,0.5
APP,2026-06-04 18:56:07.476905+00:00,PUT,545.0,2026-06-12,64620,38,228,14,560.62,REPEATEDHITS,True,False,False,0,64620,159237454880.0,8,BID,LONG,0.5
APP,2026-06-03 19:17:20.389559+00:00,PUT,590.0,2026-07-10,70570,12,12,0,569.645,REPEATEDHITS,True,False,False,5890,64680,159237454880.0,37,BID,LONG,0.5
APP,2026-06-03 14:12:35.886170+00:00,CALL,570.0,2026-07-02,99880,22,29,11,570.4451,REPEATEDHITS,False,False,False,99880,0,159237454880.0,29,ASK,LONG,1.0
APP,2026-06-03 14:08:43.284218+00:00,CALL,572.5,2026-06-12,53000,20,59,4,570.28,REPEATEDHITS,False,False,False,0,42400,159237454880.0,9,BID,SHORT,0.5
APP,2026-05-29 19:45:50.982639+00:00,CALL,730.0,2026-07-17,89910,37,41,24,610.91,REPEATEDHITS,False,False,False,0,89910,159237454880.0,49,BID,SHORT,0.5
APP,2026-05-29 18:39:42.371998+00:00,PUT,600.0,2026-08-21,3247902,424,426,72,611.72,REPEATEDHITSASCENDINGFILL,False,False,False,0,3247902,159237454880.0,84,BID,LONG,0.5
APP,2026-05-29 17:37:43.534153+00:00,CALL,700.0,2026-06-12,382290,490,523,83,603.465,REPEATEDHITSASCENDINGFILL,True,False,False,13320,368970,159237454880.0,14,BID,SHORT,0.5
APP,2026-05-29 15:30:35.320607+00:00,CALL,630.0,2026-06-12,127890,49,227,15,608.5,REPEATEDHITS,False,False,False,0,127890,159237454880.0,14,BID,SHORT,0.5
APP,2026-05-29 14:55:22.927251+00:00,PUT,550.0,2026-06-12,445530,275,284,51,591.765,REPEATEDHITS,False,False,False,14610,430920,159237454880.0,14,BID,LONG,0.5
APP,2026-05-29 13:55:29.659754+00:00,PUT,557.5,2026-06-05,100965,72,97,3,581.55,REPEATEDHITSASCENDINGFILL,True,False,False,82525,18440,159237454880.0,7,ASK,SHORT,1.0
APP,2026-05-29 13:41:31.286727+00:00,PUT,450.0,2026-06-26,111650,203,204,110,593.36,REPEATEDHITS,False,False,False,111650,0,159237454880.0,28,ASK,SHORT,1.0
APP,2026-05-28 19:05:40.886700+00:00,PUT,635.0,2026-07-10,905240,122,122,0,602.06,REPEATEDHITS,False,False,False,0,905240,159237454880.0,43,BID,LONG,0.5
APP,2026-05-28 17:49:14.878792+00:00,CALL,720.0,2026-06-12,194320,335,342,7,598.72,REPEATEDHITS,False,False,False,0,193140,159237454880.0,15,BID,SHORT,0.5
APP,2026-05-28 17:19:42.766316+00:00,CALL,690.0,2026-07-02,66760,29,29,0,597.84,REPEATEDHITS,True,False,False,0,66760,159237454880.0,35,BID,SHORT,0.5
APP,2026-05-28 16:00:55.963112+00:00,PUT,620.0,2026-07-10,1367840,206,206,0,603.27,REPEATEDHITS,False,False,False,0,1367840,159237454880.0,43,BID,LONG,0.5
APP,2026-05-27 19:19:46.725729+00:00,PUT,575.0,2026-06-12,51990,13,29,3,568.81,REPEATEDHITSASCENDINGFILL,True,False,False,51990,0,159237454880.0,16,ASK,SHORT,1.0
APP,2026-05-27 16:09:46.331458+00:00,CALL,670.0,2026-06-05,80000,200,332,20,565.25,REPEATEDHITS,False,False,False,0,0,159237454880.0,9,MIXED,,0.0
APP,2026-05-27 16:09:46.331458+00:00,CALL,575.0,2026-06-05,560000,200,340,41,565.25,REPEATEDHITS,False,False,False,0,0,159237454880.0,9,MIXED,,0.0
APP,2026-05-27 15:49:51.780813+00:00,PUT,520.0,2026-08-21,5420595,956,963,78,567.6125,REPEATEDHITSASCENDINGFILL,False,False,False,0,5380835,159237454880.0,86,BID,LONG,0.5
APP,2026-05-27 15:02:48.630281+00:00,CALL,780.0,2026-11-20,366390,60,60,0,567.45,REPEATEDHITSASCENDINGFILL,True,False,False,0,366390,159237454880.0,177,BID,SHORT,0.5
APP,2026-05-27 14:18:55.397454+00:00,CALL,585.0,2026-06-05,248008,117,138,24,563.33,REPEATEDHITSDESCENDINGFILL,False,False,False,245918,2090,159237454880.0,9,ASK,LONG,1.0
APP,2026-05-27 14:04:39.692923+00:00,CALL,567.5,2026-05-29,59074,52,166,29,555.395,REPEATEDHITSDESCENDINGFILL,True,False,False,38670,4444,159237454880.0,2,ASK,LONG,1.0
APP,2026-05-26 17:18:47.548648+00:00,PUT,517.5,2026-06-05,301670,97,110,2,509.21,REPEATEDHITS,False,False,False,0,301670,159237454880.0,10,BID,LONG,0.5
APP,2026-05-26 17:04:19.293702+00:00,PUT,495.0,2026-06-26,60560,18,48,1,511.655,REPEATEDHITSDESCENDINGFILL,True,False,False,60560,0,159237454880.0,31,ASK,SHORT,1.0
APP,2026-05-26 14:11:58.919981+00:00,CALL,660.0,2026-07-17,926324,509,890,273,525.39,REPEATEDHITSDESCENDINGFILL,False,False,False,853574,72750,159237454880.0,52,ASK,LONG,1.0
APP,2026-05-26 14:11:58.919981+00:00,CALL,630.0,2026-06-26,61200,45,66,4,525.39,REPEATEDHITS,False,False,False,20550,40650,159237454880.0,31,BID,SHORT,0.5
APP,2026-05-26 13:56:21.925926+00:00,CALL,660.0,2026-07-17,664300,365,367,273,527.66,REPEATEDHITS,False,False,False,664300,0,159237454880.0,52,ASK,LONG,1.0
APP,2026-05-26 13:47:53.146834+00:00,CALL,565.0,2026-06-18,62690,26,26,6,527.47,REPEATEDHITSDESCENDINGFILL,True,False,False,55460,7230,159237454880.0,23,ASK,LONG,1.0
APP,2026-05-26 13:39:58.696728+00:00,PUT,495.0,2026-06-05,114190,80,81,4,522.64,REPEATEDHITSDESCENDINGFILL,False,False,False,114190,0,159237454880.0,10,ASK,SHORT,1.0
APP,2026-05-26 13:37:50.832484+00:00,CALL,560.0,2026-06-05,104720,77,91,36,528.92,REPEATEDHITS,False,False,False,0,104720,159237454880.0,10,BID,SHORT,0.5
APP,2026-05-22 13:59:18.775697+00:00,CALL,630.0,2026-06-18,177657,423,423,184,493.88,REPEATEDHITS,False,False,False,177657,0,159237454880.0,27,ASK,LONG,1.0
APP,2026-05-22 13:39:20.740669+00:00,CALL,740.0,2026-09-18,395920,196,196,83,490.8,REPEATEDHITS,False,False,False,395920,0,159237454880.0,119,ASK,LONG,1.0
APP,2026-05-21 17:20:38.627141+00:00,PUT,515.0,2026-07-02,85920,15,16,0,487.2,REPEATEDHITS,False,False,False,22920,63000,159237454880.0,42,BID,LONG,0.5
APP,2026-05-21 17:03:41.918183+00:00,CALL,570.0,2026-07-17,1128343,567,585,85,477.37,REPEATEDHITSASCENDINGFILL,False,False,False,5960,1118383,159237454880.0,57,BID,SHORT,0.5
APP,2026-05-21 16:24:00.810716+00:00,PUT,472.5,2026-06-18,74370,27,27,2,486.795,REPEATEDHITS,True,False,False,41490,32880,159237454880.0,28,ASK,SHORT,1.0
APP,2026-05-21 16:15:14.911737+00:00,PUT,480.0,2026-05-22,141521,488,523,297,494.66,REPEATEDHITS,False,False,False,0,141521,159237454880.0,1,BID,LONG,0.5
APP,2026-05-21 15:19:22.125110+00:00,PUT,487.5,2026-05-22,230303,470,486,26,497.36,REPEATEDHITS,False,False,False,0,230303,159237454880.0,1,BID,LONG,0.5
APP,2026-05-21 14:47:59.190853+00:00,PUT,527.5,2026-05-29,51350,13,13,2,494.36,REPEATEDHITS,False,False,False,51350,0,159237454880.0,8,ASK,SHORT,1.0
APP,2026-05-21 14:46:18.854581+00:00,PUT,465.0,2026-05-22,50051,500,614,241,495.83,REPEATEDHITSASCENDINGFILL,False,False,False,840,49211,159237454880.0,1,BID,LONG,0.5
APP,2026-05-19 19:59:51.047032+00:00,PUT,465.0,2026-06-18,61000,20,24,4,477.28,REPEATEDHITS,False,False,False,0,57950,159237454880.0,30,BID,LONG,0.5
APP,2026-05-19 19:31:15.376260+00:00,CALL,477.5,2026-06-05,116677,44,49,0,473.39,REPEATEDHITSASCENDINGFILL,True,False,False,0,116677,159237454880.0,17,BID,SHORT,0.5
ARM,2026-06-10 19:38:43.134249+00:00,PUT,307.5,2026-06-18,153890,80,149,0,308.87,REPEATEDHITSDESCENDINGFILL,True,False,False,51900,101990,345668989165.0,8,BID,LONG,0.5
ARM,2026-06-10 16:35:16.368186+00:00,PUT,310.0,2026-07-02,149750,50,50,48,310.79,REPEATEDHITS,False,False,False,149750,0,345668989165.0,22,ASK,SHORT,1.0
ARM,2026-06-10 16:35:16.368186+00:00,PUT,305.0,2026-07-02,158920,58,106,31,310.79,REPEATEDHITS,False,False,False,158920,0,345668989165.0,22,ASK,SHORT,1.0
ARM,2026-06-10 15:11:33.752980+00:00,PUT,245.0,2026-06-18,163990,713,721,369,313.98,REPEATEDHITS,False,False,False,163990,0,345668989165.0,8,ASK,SHORT,1.0
ARM,2026-06-10 14:27:55.271104+00:00,CALL,340.0,2026-07-24,790000,200,202,8,328.2,REPEATEDHITS,True,False,False,0,790000,345668989165.0,44,BID,SHORT,0.5
ARM,2026-06-09 19:05:56.814642+00:00,CALL,350.0,2026-07-24,335959,102,1065,6,323.09,REPEATEDHITSASCENDINGFILL,True,False,False,247069,9810,345668989165.0,45,ASK,LONG,1.0
ARM,2026-06-09 18:47:07.228806+00:00,CALL,350.0,2026-07-24,1337829,431,918,6,319.585,REPEATEDHITSASCENDINGFILL,True,False,False,15545,1322284,345668989165.0,45,BID,SHORT,0.5
ARM,2026-06-09 17:22:12.157537+00:00,PUT,277.5,2026-06-18,320235,459,482,47,316.875,REPEATEDHITSASCENDINGFILL,False,False,False,68645,251590,345668989165.0,9,BID,LONG,0.5
ARM,2026-06-09 17:22:12.157537+00:00,PUT,290.0,2026-06-18,637520,613,913,454,316.875,REPEATEDHITS,False,False,False,637520,0,345668989165.0,9,ASK,SHORT,1.0
ARM,2026-06-09 17:22:12.157537+00:00,PUT,282.5,2026-06-18,178435,214,251,25,316.875,REPEATEDHITS,False,False,False,171875,6560,345668989165.0,9,ASK,SHORT,1.0
ARM,2026-06-09 17:18:43.167345+00:00,CALL,330.0,2026-07-24,740000,200,218,1,314.965,REPEATEDHITS,True,False,False,0,740000,345668989165.0,45,BID,SHORT,0.5
ARM,2026-06-09 16:47:12.913346+00:00,PUT,250.0,2026-06-12,81900,450,648,403,299.09,REPEATEDHITS,False,False,False,81900,0,345668989165.0,3,ASK,SHORT,1.0
ARM,2026-06-09 16:15:53.217494+00:00,PUT,317.5,2026-06-12,6371980,3202,3500,380,308.71,REPEATEDHITS,False,False,False,1990,6369990,345668989165.0,3,BID,LONG,0.5
ARM,2026-06-09 14:33:46.530272+00:00,PUT,287.5,2026-06-12,109208,584,590,39,330.875,REPEATEDHITS,False,False,False,109208,0,345668989165.0,3,ASK,SHORT,1.0
ARM,2026-06-08 18:09:41.788607+00:00,CALL,420.0,2026-07-24,253969,100,200,4,351.88,REPEATEDHITSASCENDINGFILL,False,False,False,210823,43146,345668989165.0,46,ASK,LONG,1.0
ARM,2026-06-08 17:06:38.215022+00:00,CALL,630.0,2026-10-16,244500,100,104,21,349.33,REPEATEDHITS,False,False,False,0,0,345668989165.0,130,MIXED,,0.0
ARM,2026-06-08 13:59:12.616718+00:00,CALL,315.0,2026-06-18,522695,122,122,0,346.68,REPEATEDHITSASCENDINGFILL,False,False,False,260930,261765,345668989165.0,10,BID,SHORT,0.5
ARM,2026-06-08 13:50:52.121267+00:00,PUT,327.5,2026-06-12,126125,150,151,28,350.37,REPEATEDHITSDESCENDINGFILL,True,False,False,62375,63750,345668989165.0,4,BID,LONG,0.5
ARM,2026-06-05 16:35:59.088925+00:00,CALL,440.0,2026-08-21,206700,55,69,46,350.46,REPEATEDHITSDESCENDINGFILL,True,False,False,90325,116375,345668989165.0,77,BID,SHORT,0.5
ARM,2026-06-05 16:34:20.936496+00:00,PUT,292.5,2026-06-12,95056,318,351,87,348.942,REPEATEDHITSDESCENDINGFILL,False,False,False,87308,5960,345668989165.0,7,ASK,SHORT,1.0
ARM,2026-06-05 16:32:07.312188+00:00,PUT,257.5,2026-06-18,62510,329,329,53,350.22,REPEATEDHITS,False,False,False,59470,3040,345668989165.0,13,ASK,SHORT,1.0
ARM,2026-06-05 16:30:56.590100+00:00,CALL,470.0,2026-07-17,162425,109,114,91,351.3,REPEATEDHITS,False,False,False,0,162425,345668989165.0,42,BID,SHORT,0.5
ARM,2026-06-05 16:30:24.135435+00:00,PUT,292.5,2026-06-18,155625,294,296,104,351.91,REPEATEDHITSDESCENDINGFILL,False,False,False,5830,149795,345668989165.0,13,BID,LONG,0.5
ARM,2026-06-05 16:30:24.135435+00:00,PUT,320.0,2026-06-18,894147,733,809,456,351.91,REPEATEDHITSDESCENDINGFILL,False,False,False,439162,454985,345668989165.0,13,BID,LONG,0.5
ARM,2026-06-05 16:30:24.135435+00:00,PUT,297.5,2026-06-18,146090,236,239,62,351.91,REPEATEDHITSASCENDINGFILL,False,False,False,1860,144230,345668989165.0,13,BID,LONG,0.5
ARM,2026-06-05 16:21:32.853470+00:00,CALL,365.0,2026-06-18,131335,61,95,42,352.56,REPEATEDHITSDESCENDINGFILL,True,False,False,131335,0,345668989165.0,13,ASK,LONG,1.0
ARM,2026-06-05 15:14:45.489236+00:00,PUT,357.5,2026-06-05,206867,591,977,93,358.67,REPEATEDHITSASCENDINGFILL,False,False,False,0,206867,345668989165.0,0,BID,LONG,0.5
ARM,2026-06-05 15:02:54.862480+00:00,CALL,337.5,2026-06-12,64890,19,29,0,361.32,REPEATEDHITSDESCENDINGFILL,False,False,False,41020,23870,345668989165.0,7,ASK,LONG,1.0
ARM,2026-06-04 17:54:04.989648+00:00,PUT,410.0,2026-07-17,1343840,227,1113,47,393.845,REPEATEDHITS,True,False,False,473600,870240,345668989165.0,43,BID,LONG,0.5
ARM,2026-06-04 17:50:27.128094+00:00,PUT,410.0,2026-07-17,1023400,172,886,47,393.655,REPEATEDHITS,False,False,False,1023400,0,345668989165.0,43,ASK,SHORT,1.0
ARM,2026-06-04 14:46:24.466119+00:00,PUT,385.0,2026-06-18,76621,25,41,23,383.355,REPEATEDHITSASCENDINGFILL,True,False,False,36781,39840,345668989165.0,14,BID,LONG,0.5
ARM,2026-06-04 14:04:42.486630+00:00,PUT,395.0,2026-06-05,967056,367,382,226,372.165,REPEATEDHITS,False,False,False,0,967056,345668989165.0,1,BID,LONG,0.5
ARM,2026-06-04 13:48:50.828047+00:00,CALL,500.0,2026-06-12,51334,211,301,200,379.36,REPEATEDHITSDESCENDINGFILL,True,False,False,243,51091,345668989165.0,8,BID,SHORT,0.5
ARM,2026-06-03 19:48:07.103159+00:00,CALL,440.0,2026-06-05,297540,513,2079,247,411.0,REPEATEDHITS,False,False,False,297540,0,345668989165.0,2,ASK,LONG,1.0
ARM,2026-06-03 18:27:06.845732+00:00,CALL,457.5,2026-06-05,56793,142,149,0,415.7099,REPEATEDHITSDESCENDINGFILL,False,False,False,56398,0,345668989165.0,2,ASK,LONG,1.0
ARM,2026-06-03 18:27:06.845732+00:00,CALL,440.0,2026-06-05,205300,281,1358,247,415.72,REPEATEDHITSDESCENDINGFILL,False,False,False,24990,180310,345668989165.0,2,BID,SHORT,0.5
ARM,2026-06-03 18:25:09.295493+00:00,CALL,630.0,2026-11-20,351600,60,158,6,414.3999,REPEATEDHITS,False,False,False,0,117200,345668989165.0,170,BID,SHORT,0.5
ARM,2026-06-03 18:25:01.483664+00:00,CALL,630.0,2026-11-20,468400,80,98,6,414.185,REPEATEDHITS,False,False,False,0,175650,345668989165.0,170,BID,SHORT,0.5
ARM,2026-06-03 18:20:19.573460+00:00,PUT,342.5,2026-06-12,104883,233,235,8,411.6383,REPEATEDHITSASCENDINGFILL,False,False,False,0,104883,345668989165.0,9,BID,LONG,0.5
ARM,2026-06-03 18:05:49.455690+00:00,CALL,550.0,2026-09-18,398400,80,80,1,408.88,REPEATEDHITS,False,False,False,0,99600,345668989165.0,107,BID,SHORT,0.5
ARM,2026-06-03 18:03:27.902059+00:00,PUT,407.5,2026-06-05,303535,200,223,80,409.09,REPEATEDHITSDESCENDINGFILL,True,False,False,232600,70935,345668989165.0,2,ASK,SHORT,1.0
ARM,2026-06-03 16:23:37.553695+00:00,PUT,340.0,2026-10-16,347375,61,62,45,396.16,REPEATEDHITSDESCENDINGFILL,False,False,False,347375,0,345668989165.0,135,ASK,SHORT,1.0
ARM,2026-06-02 19:24:40.209263+00:00,PUT,395.0,2026-06-18,57395,19,67,13,403.725,REPEATEDHITSDESCENDINGFILL,False,False,False,36360,21035,345668989165.0,16,ASK,SHORT,1.0
ARM,2026-06-02 17:42:07.487036+00:00,CALL,435.0,2026-06-05,210816,223,597,148,409.03,REPEATEDHITSASCENDINGFILL,False,False,False,54845,155971,345668989165.0,3,BID,SHORT,0.5
ARM,2026-06-02 16:42:02.924034+00:00,PUT,420.0,2026-07-17,541450,85,113,75,410.16,REPEATEDHITS,False,False,False,318500,222950,345668989165.0,45,ASK,SHORT,1.0
ARM,2026-06-02 16:38:44.879863+00:00,PUT,430.0,2026-06-18,72620,15,98,13,410.87,REPEATEDHITSDESCENDINGFILL,False,False,False,38800,33820,345668989165.0,16,ASK,SHORT,1.0
ARM,2026-06-02 16:20:52.899581+00:00,CALL,630.0,2026-06-18,88153,198,387,0,418.6519,REPEATEDHITSASCENDINGFILL,False,False,False,3600,84553,345668989165.0,16,BID,SHORT,0.5
ARM,2026-06-02 16:02:59.762759+00:00,CALL,600.0,2026-08-21,52520,13,149,0,426.43,REPEATEDHITS,False,False,False,28280,24240,345668989165.0,80,ASK,LONG,1.0
ARM,2026-06-02 16:00:15.095502+00:00,PUT,250.0,2026-12-18,763733,262,265,141,425.1195,REPEATEDHITSASCENDINGFILL,False,False,False,0,763733,345668989165.0,199,BID,LONG,0.5
ARM,2026-06-02 15:58:37.180747+00:00,PUT,210.0,2027-12-17,90720,21,21,16,424.4,REPEATEDHITS,False,False,False,0,90720,345668989165.0,563,BID,LONG,0.5
ASTS,2026-06-10 18:45:37.586115+00:00,CALL,85.0,2026-07-24,84760,52,66,27,89.59,REPEATEDHITSASCENDINGFILL,True,False,False,42510,42250,26501791636.0,44,ASK,LONG,1.0
ASTS,2026-06-10 17:57:49.279330+00:00,CALL,116.0,2026-07-02,89000,200,906,62,92.26,REPEATEDHITS,False,False,False,17800,0,26501791636.0,22,ASK,LONG,1.0
ASTS,2026-06-10 17:33:18.919340+00:00,CALL,98.0,2026-07-02,42000,50,113,30,91.225,REPEATEDHITS,True,False,False,42000,0,26501791636.0,22,ASK,LONG,1.0
ASTS,2026-06-10 17:33:18.919340+00:00,CALL,84.0,2026-07-02,42334,29,29,5,91.225,REPEATEDHITSASCENDINGFILL,False,False,False,42334,0,26501791636.0,22,ASK,LONG,1.0
ASTS,2026-06-09 17:03:37.350466+00:00,PUT,71.0,2026-06-26,16897,61,66,36,87.96,REPEATEDHITS,False,False,False,0,16897,26501791636.0,17,BID,LONG,0.5
ASTS,2026-06-09 16:32:52.169829+00:00,PUT,64.0,2026-06-26,10946,77,81,66,87.5,REPEATEDHITSASCENDINGFILL,False,False,False,576,10370,26501791636.0,17,BID,LONG,0.5
ASTS,2026-06-09 15:27:37.071326+00:00,CALL,106.0,2026-06-26,19110,39,40,21,90.51,REPEATEDHITS,False,False,False,12250,6860,26501791636.0,17,ASK,LONG,1.0
ASTS,2026-06-09 15:15:55.154800+00:00,CALL,112.0,2026-06-12,48843,603,833,288,92.1848,REPEATEDHITS,False,False,False,0,48843,26501791636.0,3,BID,SHORT,0.5
ASTS,2026-06-09 15:02:36.743224+00:00,PUT,89.0,2026-06-12,105050,301,691,175,92.04,REPEATEDHITSASCENDINGFILL,True,False,False,370,104680,26501791636.0,3,BID,LONG,0.5
ASTS,2026-06-08 19:10:38.089256+00:00,PUT,79.0,2026-06-18,42364,153,165,130,91.03,REPEATEDHITSDESCENDINGFILL,True,False,False,26910,15454,26501791636.0,10,ASK,SHORT,1.0
ASTS,2026-06-08 18:42:49.219773+00:00,CALL,100.0,2026-07-24,173040,140,150,22,92.2,REPEATEDHITS,False,False,False,34720,138320,26501791636.0,46,BID,SHORT,0.5
ASTS,2026-06-08 17:19:57.281979+00:00,CALL,129.0,2026-06-26,54102,279,292,11,92.064,REPEATEDHITS,True,False,False,0,54102,26501791636.0,18,BID,SHORT,0.5
ASTS,2026-06-08 15:55:56.527686+00:00,PUT,65.0,2026-07-24,115587,391,448,24,92.64,REPEATEDHITSASCENDINGFILL,True,False,False,54598,60989,26501791636.0,46,BID,LONG,0.5
ASTS,2026-06-08 15:55:56.527686+00:00,PUT,65.0,2026-07-24,15876,53,57,24,92.64,REPEATEDHITSDESCENDINGFILL,False,False,False,12000,3876,26501791636.0,46,ASK,SHORT,1.0
ASTS,2026-06-08 14:54:10.209469+00:00,CALL,101.0,2026-06-12,89086,251,442,77,95.0989,REPEATEDHITS,False,False,False,89086,0,26501791636.0,4,ASK,LONG,1.0
ASTS,2026-06-08 14:30:47.441541+00:00,PUT,97.0,2026-07-10,118970,83,84,18,93.825,REPEATEDHITSDESCENDINGFILL,False,False,False,60225,58745,26501791636.0,32,ASK,SHORT,1.0
ASTS,2026-06-08 14:05:00.262327+00:00,PUT,72.0,2026-06-12,13300,350,908,196,93.425,REPEATEDHITS,False,False,False,0,13300,26501791636.0,4,BID,LONG,0.5
ASTS,2026-06-08 14:03:50.164169+00:00,CALL,99.0,2026-06-18,40320,64,68,54,93.56,REPEATEDHITS,False,False,False,5040,34020,26501791636.0,10,BID,SHORT,0.5
ASTS,2026-06-08 13:58:34.020380+00:00,CALL,107.0,2026-06-12,80820,449,1038,284,93.212,REPEATEDHITS,False,False,False,0,38160,26501791636.0,4,BID,SHORT,0.5
ASTS,2026-06-08 13:57:18.769803+00:00,CALL,107.0,2026-06-12,67200,336,528,284,93.97,REPEATEDHITS,False,False,False,67200,0,26501791636.0,4,ASK,LONG,1.0
ASTS,2026-06-08 13:45:01.138575+00:00,PUT,77.0,2026-06-12,90000,1000,1029,138,93.5606,REPEATEDHITS,False,False,False,720,67230,26501791636.0,4,BID,LONG,0.5
ASTS,2026-06-05 19:48:19.542933+00:00,CALL,118.0,2026-06-18,63656,218,240,107,93.9101,REPEATEDHITS,False,False,False,0,63656,26501791636.0,13,BID,SHORT,0.5
ASTS,2026-06-05 18:08:31.896464+00:00,CALL,94.0,2026-07-24,56620,38,49,1,92.4,REPEATEDHITS,False,False,False,56620,0,26501791636.0,49,ASK,LONG,1.0
ASTS,2026-06-05 17:48:04.808413+00:00,CALL,93.0,2026-07-02,68024,56,58,5,93.3,REPEATEDHITSDESCENDINGFILL,False,False,False,48600,19424,26501791636.0,27,ASK,LONG,1.0
ASTS,2026-06-05 16:01:18.005515+00:00,CALL,89.0,2026-06-18,42175,33,69,17,96.055,REPEATEDHITS,True,False,False,28050,14125,26501791636.0,13,ASK,LONG,1.0
ASTS,2026-06-05 14:09:31.078310+00:00,CALL,98.0,2026-06-05,83130,489,626,146,97.8,REPEATEDHITS,False,False,False,0,83130,26501791636.0,0,BID,SHORT,0.5
ASTS,2026-06-04 18:32:14.123262+00:00,PUT,104.0,2026-06-05,43698,484,657,386,109.99,REPEATEDHITSASCENDINGFILL,True,False,False,17058,26640,26501791636.0,1,BID,LONG,0.5
ASTS,2026-06-04 16:06:09.081963+00:00,CALL,152.5,2026-06-12,18880,320,324,209,105.86,REPEATEDHITS,False,False,False,0,18880,26501791636.0,8,BID,SHORT,0.5
ASTS,2026-06-04 14:46:16.455734+00:00,CALL,108.0,2026-06-12,195033,235,358,230,107.91,REPEATEDHITS,False,False,False,195033,0,26501791636.0,8,ASK,LONG,1.0
ASTS,2026-06-04 14:33:21.590026+00:00,CALL,170.0,2026-07-10,19679,58,60,17,107.44,REPEATEDHITSDESCENDINGFILL,False,False,False,19349,330,26501791636.0,36,ASK,LONG,1.0
ASTS,2026-06-03 18:43:28.905197+00:00,CALL,185.0,2026-07-10,22653,83,84,7,108.64,REPEATEDHITS,False,False,False,22653,0,26501791636.0,37,ASK,LONG,1.0
ASTS,2026-06-03 17:21:15.593249+00:00,CALL,107.0,2026-06-05,88000,200,343,195,107.2899,REPEATEDHITS,True,False,False,0,88000,26501791636.0,2,BID,SHORT,0.5
ASTS,2026-06-02 16:01:57.458604+00:00,PUT,77.0,2026-06-18,40945,431,448,51,114.345,REPEATEDHITS,False,False,False,0,40945,26501791636.0,16,BID,LONG,0.5
ASTS,2026-06-02 16:01:36.031167+00:00,PUT,102.0,2026-07-02,24955,27,34,14,114.19,REPEATEDHITSASCENDINGFILL,True,False,False,1900,23055,26501791636.0,30,BID,LONG,0.5
ASTS,2026-06-02 14:59:05.921768+00:00,PUT,113.0,2026-06-18,70855,63,68,35,115.33,REPEATEDHITSASCENDINGFILL,True,False,False,1125,69730,26501791636.0,16,BID,LONG,0.5
ASTS,2026-06-01 16:50:59.491507+00:00,CALL,98.0,2026-07-02,31160,19,19,9,102.38,REPEATEDHITS,True,False,False,24600,6560,26501791636.0,31,ASK,LONG,1.0
ASTS,2026-06-01 14:16:26.568836+00:00,CALL,124.0,2026-06-18,168293,354,361,132,102.0,REPEATEDHITSASCENDINGFILL,True,False,False,1920,164933,26501791636.0,17,BID,SHORT,0.5
ASTS,2026-06-01 13:56:19.435470+00:00,CALL,115.0,2026-07-02,261045,251,285,114,102.5,REPEATEDHITS,False,False,False,0,261045,26501791636.0,31,BID,SHORT,0.5
ASTS,2026-06-01 13:55:36.675537+00:00,PUT,103.0,2026-06-05,550425,895,986,226,103.07,REPEATEDHITS,False,False,False,549810,615,26501791636.0,4,ASK,SHORT,1.0
ASTS,2026-05-29 19:17:17.204251+00:00,CALL,111.0,2026-05-29,10160,262,7975,203,110.045,REPEATEDHITSASCENDINGFILL,False,False,False,80,10080,26501791636.0,0,BID,SHORT,0.5
ASTS,2026-05-29 17:57:12.794233+00:00,CALL,116.0,2026-05-29,12498,500,12093,252,110.952,REPEATEDHITSASCENDINGFILL,False,False,False,12498,0,26501791636.0,0,ASK,LONG,1.0
ASTS,2026-05-29 17:40:13.078745+00:00,CALL,111.0,2026-05-29,49200,300,6161,203,111.5,REPEATEDHITS,False,False,False,0,49200,26501791636.0,0,BID,SHORT,0.5
ASTS,2026-05-29 17:19:45.672985+00:00,PUT,111.0,2026-05-29,22320,360,2641,216,113.115,REPEATEDHITS,False,False,False,14942,7378,26501791636.0,0,ASK,SHORT,1.0
ASTS,2026-05-29 17:05:29.719693+00:00,PUT,114.0,2026-06-26,46500,31,38,11,114.61,REPEATEDHITS,True,False,False,0,46500,26501791636.0,28,BID,LONG,0.5
ASTS,2026-05-29 17:03:14.794150+00:00,CALL,117.0,2026-05-29,49500,500,9022,281,114.93,REPEATEDHITS,False,False,False,49500,0,26501791636.0,0,ASK,LONG,1.0
ASTS,2026-05-29 16:44:52.970394+00:00,CALL,120.0,2026-07-10,16674,10,334,1,114.22,REPEATEDHITS,False,False,False,0,16674,26501791636.0,42,BID,SHORT,0.5
ASTS,2026-05-29 16:41:29.500778+00:00,CALL,118.0,2026-05-29,17400,290,3908,225,114.48,REPEATEDHITS,False,False,False,17400,0,26501791636.0,0,ASK,LONG,1.0
ASTS,2026-05-29 16:20:07.500252+00:00,PUT,70.0,2026-06-12,44911,998,1252,302,113.63,REPEATEDHITS,False,False,False,46,44865,26501791636.0,14,BID,LONG,0.5
ASTS,2026-05-29 16:08:47.489553+00:00,CALL,113.0,2026-05-29,61740,441,7288,97,112.36,REPEATEDHITS,True,False,False,10920,0,26501791636.0,0,ASK,LONG,1.0
ASTS,2026-05-29 15:17:36.630444+00:00,PUT,80.0,2026-06-05,44419,1033,1676,580,109.8,REPEATEDHITS,False,False,False,0,44419,26501791636.0,7,BID,LONG,0.5
AVGO,2026-06-10 18:51:20.338375+00:00,CALL,372.5,2026-06-12,137760,168,438,79,373.965,REPEATEDHITS,False,False,False,20500,102500,1865732650448.0,2,BID,SHORT,0.5
AVGO,2026-06-10 17:45:51.270068+00:00,CALL,380.0,2026-06-26,934061,670,884,300,374.88,REPEATEDHITSDESCENDINGFILL,True,False,False,918911,15150,1865732650448.0,16,ASK,LONG,1.0
AVGO,2026-06-10 16:26:12.054093+00:00,CALL,370.0,2026-07-24,159065,56,99,15,374.38,REPEATEDHITSASCENDINGFILL,True,False,False,73840,85225,1865732650448.0,44,BID,SHORT,0.5
AVGO,2026-06-10 16:00:40.378820+00:00,CALL,372.5,2026-06-10,100000,200,2207,88,376.54,REPEATEDHITS,False,False,False,100000,0,1865732650448.0,0,ASK,LONG,1.0
AVGO,2026-06-10 13:56:11.398703+00:00,PUT,397.5,2026-06-26,128100,42,42,1,374.9,REPEATEDHITS,False,False,False,128100,0,1865732650448.0,16,ASK,SHORT,1.0
AVGO,2026-06-09 19:04:59.252500+00:00,CALL,410.0,2027-12-17,15531600,1529,1533,564,392.31,REPEATEDHITSASCENDINGFILL,True,False,False,7516470,8015130,1865732650448.0,556,BID,SHORT,0.5
AVGO,2026-06-09 16:00:56.695478+00:00,PUT,370.0,2026-06-10,195217,680,6964,456,378.39,REPEATEDHITSASCENDINGFILL,True,False,False,155255,39962,1865732650448.0,1,ASK,SHORT,1.0
AVGO,2026-06-09 15:30:06.993537+00:00,CALL,400.0,2026-06-10,136320,1704,8837,1662,380.38,REPEATEDHITS,False,False,False,41600,46720,1865732650448.0,1,BID,SHORT,0.5
AVGO,2026-06-09 14:11:10.965963+00:00,CALL,680.0,2027-01-15,1106100,992,1008,196,395.39,REPEATEDHITS,False,False,False,1115,1104985,1865732650448.0,220,BID,SHORT,0.5
AVGO,2026-06-09 13:47:08.846991+00:00,CALL,382.5,2026-06-22,181820,62,64,0,405.51,REPEATEDHITS,False,False,False,90925,90895,1865732650448.0,13,ASK,LONG,1.0
AVGO,2026-06-08 16:05:24.823264+00:00,CALL,395.0,2026-06-08,616003,1812,4718,645,397.05,REPEATEDHITSDESCENDINGFILL,False,False,False,616003,0,1865732650448.0,0,ASK,LONG,1.0
AVGO,2026-06-08 14:23:49.316278+00:00,PUT,382.5,2026-06-12,126081,240,730,224,394.0332,REPEATEDHITSDESCENDINGFILL,True,False,False,0,126081,1865732650448.0,4,BID,LONG,0.5
AVGO,2026-06-05 19:51:00.739908+00:00,CALL,390.0,2026-06-08,185635,207,809,31,389.98,REPEATEDHITS,False,False,False,66600,119035,1865732650448.0,3,BID,SHORT,0.5
AVGO,2026-06-05 19:44:24.788008+00:00,PUT,365.0,2026-06-08,107846,786,1143,213,389.225,REPEATEDHITSASCENDINGFILL,True,False,False,12006,85214,1865732650448.0,3,BID,LONG,0.5
AVGO,2026-06-05 19:37:51.582841+00:00,PUT,365.0,2026-06-10,121920,381,615,10,389.67,REPEATEDHITS,False,False,False,77120,6400,1865732650448.0,5,ASK,SHORT,1.0
AVGO,2026-06-05 19:28:11.308558+00:00,CALL,380.0,2026-06-26,248080,104,235,98,388.71,REPEATEDHITSASCENDINGFILL,True,False,False,0,248080,1865732650448.0,21,BID,SHORT,0.5
AVGO,2026-06-05 19:27:19.082847+00:00,PUT,360.0,2026-06-10,160784,628,1081,578,388.175,REPEATEDHITSASCENDINGFILL,True,False,False,2313,156672,1865732650448.0,5,BID,LONG,0.5
AVGO,2026-06-05 18:57:26.467747+00:00,PUT,387.5,2026-06-12,174405,152,788,68,389.09,REPEATEDHITSDESCENDINGFILL,False,False,False,41400,133005,1865732650448.0,7,BID,LONG,0.5
AVGO,2026-06-05 18:38:40.253886+00:00,PUT,392.5,2026-06-15,281183,189,300,15,388.91,REPEATEDHITSASCENDINGFILL,True,False,False,119880,161303,1865732650448.0,10,BID,LONG,0.5
AVGO,2026-06-05 18:11:45.983450+00:00,PUT,397.5,2026-06-17,117318,66,235,42,390.915,REPEATEDHITSASCENDINGFILL,True,False,False,117318,0,1865732650448.0,12,ASK,SHORT,1.0
AVGO,2026-06-05 17:49:02.683160+00:00,CALL,405.0,2026-06-26,277081,194,454,177,395.12,REPEATEDHITSDESCENDINGFILL,True,False,False,116850,160231,1865732650448.0,21,BID,SHORT,0.5
AVGO,2026-06-05 17:23:01.353418+00:00,CALL,385.0,2026-06-05,240000,200,435,164,396.888,REPEATEDHITS,True,False,False,0,230400,1865732650448.0,0,BID,SHORT,0.5
AVGO,2026-06-05 16:43:50.898194+00:00,CALL,450.0,2026-06-17,106005,573,1473,134,393.11,REPEATEDHITS,False,False,False,0,106005,1865732650448.0,12,BID,SHORT,0.5
AVGO,2026-06-05 15:36:08.350840+00:00,CALL,450.0,2026-06-17,162284,741,843,134,396.79,REPEATEDHITSASCENDINGFILL,False,False,False,440,161844,1865732650448.0,12,BID,SHORT,0.5
AVGO,2026-06-05 14:49:45.020032+00:00,PUT,397.5,2026-06-10,118475,139,314,101,399.065,REPEATEDHITSDESCENDINGFILL,True,False,False,84475,34000,1865732650448.0,5,ASK,SHORT,1.0
AVGO,2026-06-04 19:19:50.666684+00:00,CALL,417.5,2026-06-08,125610,150,689,2,415.605,REPEATEDHITS,False,False,False,125610,0,1865732650448.0,4,ASK,LONG,1.0
AVGO,2026-06-04 18:17:17.838706+00:00,CALL,412.5,2026-06-05,275000,250,6932,100,420.4,REPEATEDHITS,False,False,False,0,0,1865732650448.0,1,MIXED,,0.0
AVGO,2026-06-04 17:52:18.254599+00:00,CALL,425.0,2026-06-17,146935,93,783,1,423.15,REPEATEDHITS,False,False,False,145360,1575,1865732650448.0,13,ASK,LONG,1.0
AVGO,2026-06-04 17:22:12.760730+00:00,CALL,470.0,2026-06-26,639960,1022,3369,377,419.61,REPEATEDHITSDESCENDINGFILL,True,False,False,83685,556275,1865732650448.0,22,BID,SHORT,0.5
AVGO,2026-06-04 17:19:38.776614+00:00,CALL,407.5,2026-06-05,112425,85,4371,50,418.02,REPEATEDHITSDESCENDINGFILL,True,False,False,86125,26300,1865732650448.0,1,ASK,LONG,1.0
AVGO,2026-06-04 17:08:35.777993+00:00,CALL,412.5,2026-06-12,208000,130,691,1,417.735,REPEATEDHITS,False,False,False,0,176000,1865732650448.0,8,BID,SHORT,0.5
AVGO,2026-06-04 17:08:35.777993+00:00,CALL,407.5,2026-06-12,120960,64,360,2,417.735,REPEATEDHITS,False,False,False,0,120960,1865732650448.0,8,BID,SHORT,0.5
AVGO,2026-06-04 15:52:59.152424+00:00,CALL,402.5,2026-06-10,1054799,725,780,1,409.45,REPEATEDHITSDESCENDINGFILL,True,False,False,1053358,1441,1865732650448.0,6,ASK,LONG,1.0
AVGO,2026-06-04 15:27:25.376309+00:00,CALL,420.0,2026-06-10,186305,236,1606,142,412.255,REPEATEDHITSDESCENDINGFILL,True,False,False,158045,28260,1865732650448.0,6,ASK,LONG,1.0
AVGO,2026-06-04 15:18:16.741582+00:00,CALL,700.0,2027-06-17,1357785,438,442,5,414.27,REPEATEDHITSDESCENDINGFILL,True,False,False,1357785,0,1865732650448.0,378,ASK,LONG,1.0
AVGO,2026-06-04 15:12:27.852695+00:00,CALL,430.0,2026-07-02,144550,98,172,96,411.635,REPEATEDHITS,False,False,False,0,85550,1865732650448.0,28,BID,SHORT,0.5
AVGO,2026-06-04 14:53:16.973080+00:00,PUT,412.5,2026-06-17,305330,177,183,0,408.22,REPEATEDHITS,False,False,False,0,305330,1865732650448.0,13,BID,LONG,0.5
AVGO,2026-06-04 14:34:50.018986+00:00,CALL,405.0,2026-07-10,534570,208,281,2,407.78,REPEATEDHITS,False,False,False,531985,2585,1865732650448.0,36,ASK,LONG,1.0
AVGO,2026-06-04 13:59:47.168415+00:00,CALL,740.0,2028-12-15,321250,44,140,0,404.63,REPEATEDHITSASCENDINGFILL,False,False,False,14640,306610,1865732650448.0,925,BID,SHORT,0.5
AVGO,2026-06-04 13:59:43.154906+00:00,CALL,407.5,2026-06-05,104275,172,1404,50,405.0001,REPEATEDHITSASCENDINGFILL,False,False,False,23795,80480,1865732650448.0,1,BID,SHORT,0.5
AVGO,2026-06-03 19:39:25.797487+00:00,CALL,535.0,2026-06-12,403837,350,1900,58,485.98,REPEATEDHITSASCENDINGFILL,False,False,False,403837,0,1865732650448.0,9,ASK,LONG,1.0
AVGO,2026-06-03 19:12:55.488902+00:00,PUT,490.0,2026-07-10,947500,250,252,0,487.68,REPEATEDHITS,False,False,False,947500,0,1865732650448.0,37,ASK,SHORT,1.0
AVGO,2026-06-03 18:23:02.951695+00:00,PUT,450.0,2026-06-12,586056,598,827,291,486.86,REPEATEDHITSASCENDINGFILL,False,False,False,2955,583101,1865732650448.0,9,BID,LONG,0.5
AVGO,2026-06-03 16:52:26.954835+00:00,CALL,530.0,2026-06-12,724007,611,799,544,485.4699,REPEATEDHITSDESCENDINGFILL,False,False,False,702689,18958,1865732650448.0,9,ASK,LONG,1.0
AVGO,2026-06-03 16:09:10.177468+00:00,CALL,605.0,2026-06-05,110754,586,596,0,484.67,REPEATEDHITS,False,False,False,0,110754,1865732650448.0,2,BID,SHORT,0.5
AVGO,2026-06-03 15:23:55.123548+00:00,PUT,490.0,2026-06-05,243780,102,208,75,486.925,REPEATEDHITS,True,False,False,243780,0,1865732650448.0,2,ASK,SHORT,1.0
AVGO,2026-06-03 14:57:56.041493+00:00,PUT,452.5,2026-06-05,431499,583,861,560,487.135,REPEATEDHITSASCENDINGFILL,False,False,False,34785,396714,1865732650448.0,2,BID,LONG,0.5
AVGO,2026-06-03 14:19:36.669766+00:00,PUT,475.0,2026-06-10,155595,77,79,10,483.405,REPEATEDHITSASCENDINGFILL,True,False,False,72930,82665,1865732650448.0,7,BID,LONG,0.5
AVGO,2026-06-03 13:58:05.176068+00:00,CALL,535.0,2026-06-12,108100,115,959,58,476.52,REPEATEDHITS,True,False,False,45120,1880,1865732650448.0,9,ASK,LONG,1.0
AVGO,2026-06-03 13:58:04.769823+00:00,CALL,535.0,2026-06-12,101370,109,844,58,476.52,REPEATEDHITS,False,False,False,39990,61380,1865732650448.0,9,BID,SHORT,0.5
AXP,2026-06-10 18:34:50.742860+00:00,CALL,320.0,2026-07-02,108040,146,146,13,315.13,REPEATEDHITS,False,False,False,0,108040,217239092922.0,22,BID,SHORT,0.5
AXP,2026-06-10 17:11:00.635811+00:00,PUT,315.0,2026-06-26,144830,204,204,27,316.21,REPEATEDHITS,True,False,False,142710,2120,217239092922.0,16,ASK,SHORT,1.0
AXP,2026-06-10 15:46:03.630223+00:00,PUT,310.0,2026-10-16,379040,206,206,191,317.19,REPEATEDHITS,False,False,False,0,379040,217239092922.0,128,BID,LONG,0.5
AXP,2026-06-10 14:21:38.763347+00:00,CALL,320.0,2026-07-10,50265,50,52,20,318.55,REPEATEDHITS,True,False,False,0,50265,217239092922.0,30,BID,SHORT,0.5
AXP,2026-06-08 16:02:31.845433+00:00,PUT,315.0,2026-06-12,153445,279,367,79,312.455,REPEATEDHITS,False,False,False,153445,0,217239092922.0,4,ASK,SHORT,1.0
AXP,2026-06-05 17:18:02.115691+00:00,CALL,305.0,2026-06-26,205065,189,189,66,309.055,REPEATEDHITS,False,False,False,0,205065,217239092922.0,21,BID,SHORT,0.5
AXP,2026-06-04 18:39:42.866269+00:00,CALL,330.0,2026-08-21,169305,159,165,99,312.4,REPEATEDHITSDESCENDINGFILL,True,False,False,169305,0,217239092922.0,78,ASK,LONG,1.0
AXP,2026-06-04 17:30:45.168571+00:00,PUT,302.5,2026-06-18,145505,485,986,205,313.24,REPEATEDHITS,True,False,False,1500,144005,217239092922.0,14,BID,LONG,0.5
AXP,2026-06-03 15:48:06.813603+00:00,CALL,305.0,2026-06-12,58125,125,258,19,302.7,REPEATEDHITS,True,False,False,58125,0,217239092922.0,9,ASK,LONG,1.0
AXP,2026-06-03 14:43:42.078741+00:00,CALL,315.0,2026-06-12,91980,511,548,128,303.235,REPEATEDHITS,False,False,False,0,91980,217239092922.0,9,BID,SHORT,0.5
AXP,2026-06-02 14:53:45.850891+00:00,CALL,312.5,2026-06-18,131095,167,168,80,312.135,REPEATEDHITS,False,False,False,0,131095,217239092922.0,16,BID,SHORT,0.5
AXP,2026-06-01 19:01:03.288774+00:00,PUT,320.0,2026-06-26,199680,156,157,49,313.18,REPEATEDHITS,False,False,False,199680,0,217239092922.0,25,ASK,SHORT,1.0
AXP,2026-06-01 16:32:34.988254+00:00,PUT,320.0,2026-11-20,89390,32,32,23,312.56,REPEATEDHITSDESCENDINGFILL,False,False,False,75440,13950,217239092922.0,172,ASK,SHORT,1.0
AXP,2026-06-01 13:57:23.066243+00:00,CALL,320.0,2026-06-05,61516,329,385,328,312.86,REPEATEDHITSDESCENDINGFILL,False,False,False,60214,186,217239092922.0,4,ASK,LONG,1.0
AXP,2026-05-29 18:45:48.744248+00:00,PUT,350.0,2026-08-21,258058,69,69,3,318.162,REPEATEDHITSASCENDINGFILL,False,False,False,258058,0,217239092922.0,84,ASK,SHORT,1.0
AXP,2026-05-29 18:17:43.974218+00:00,CALL,317.5,2026-06-18,72920,78,126,41,318.546,REPEATEDHITS,False,False,False,57025,15895,217239092922.0,20,ASK,LONG,1.0
AXP,2026-05-29 16:12:19.205814+00:00,CALL,305.0,2026-06-05,80575,55,57,6,318.46,REPEATEDHITS,True,False,False,80575,0,217239092922.0,7,ASK,LONG,1.0
AXP,2026-05-29 15:37:30.770874+00:00,PUT,312.5,2026-06-18,107970,183,183,141,317.9071,REPEATEDHITS,False,False,False,107970,0,217239092922.0,20,ASK,SHORT,1.0
AXP,2026-05-28 16:58:36.811694+00:00,CALL,310.0,2026-08-21,182160,88,88,30,313.51,REPEATEDHITS,True,False,False,0,182160,217239092922.0,85,BID,SHORT,0.5
AXP,2026-05-28 13:40:27.548456+00:00,CALL,270.0,2026-08-21,89680,19,19,0,311.0225,REPEATEDHITS,True,False,False,89680,0,217239092922.0,85,ASK,LONG,1.0
AXP,2026-05-21 17:20:20.970558+00:00,PUT,260.0,2026-11-20,168002,210,210,82,309.025,REPEATEDHITSASCENDINGFILL,False,False,False,0,168002,217239092922.0,183,BID,LONG,0.5
AXP,2026-05-20 15:18:13.190708+00:00,CALL,307.5,2026-06-18,149450,122,138,0,310.4425,REPEATEDHITS,False,False,False,149450,0,217239092922.0,29,ASK,LONG,1.0
AXP,2026-05-20 14:43:22.626821+00:00,CALL,315.0,2026-06-18,225049,317,324,12,308.15,REPEATEDHITSDESCENDINGFILL,True,False,False,223645,1404,217239092922.0,29,ASK,LONG,1.0
AXP,2026-05-19 19:31:20.785115+00:00,CALL,300.0,2026-10-16,138230,46,52,41,308.75,REPEATEDHITS,False,False,False,0,138230,217239092922.0,150,BID,SHORT,0.5
AXP,2026-05-19 17:36:03.037779+00:00,PUT,330.0,2026-08-21,112710,39,39,0,310.28,REPEATEDHITS,False,False,False,112710,0,217239092922.0,94,ASK,SHORT,1.0
AXP,2026-05-15 14:44:26.193232+00:00,CALL,320.0,2026-05-15,52368,2179,2372,1111,313.92,REPEATEDHITSASCENDINGFILL,True,False,False,425,51943,217239092922.0,0,BID,SHORT,0.5
AXP,2026-05-15 14:03:33.223189+00:00,PUT,310.0,2026-06-05,72545,117,117,43,314.21,REPEATEDHITS,True,False,False,620,71925,217239092922.0,21,BID,LONG,0.5
AXP,2026-05-14 16:22:55.470973+00:00,CALL,310.0,2026-07-17,1256713,708,725,139,313.46,REPEATEDHITSASCENDINGFILL,False,False,False,0,1256713,217239092922.0,64,BID,SHORT,0.5
AXP,2026-05-13 19:45:38.856633+00:00,CALL,275.0,2026-06-26,82720,22,22,0,309.02,REPEATEDHITS,False,False,False,78960,3760,217239092922.0,44,ASK,LONG,1.0
AXP,2026-05-13 15:22:42.329239+00:00,CALL,290.0,2026-08-21,500070,158,165,0,308.69,REPEATEDHITS,False,False,False,493740,6330,217239092922.0,100,ASK,LONG,1.0
BABA,2026-06-10 19:21:17.492074+00:00,PUT,109.0,2026-06-12,11235,749,988,84,115.67,REPEATEDHITS,True,False,False,10875,360,27800884957.0,2,ASK,SHORT,1.0
BABA,2026-06-10 19:00:07.618223+00:00,CALL,121.0,2026-06-18,58615,617,1005,459,115.9,REPEATEDHITS,False,False,False,95,58520,27800884957.0,8,BID,SHORT,0.5
BABA,2026-06-10 18:37:26.949035+00:00,PUT,100.0,2026-06-26,10775,431,529,68,116.085,REPEATEDHITS,False,False,False,10775,0,27800884957.0,16,ASK,SHORT,1.0
BABA,2026-06-10 17:43:34.470796+00:00,PUT,80.0,2026-10-16,64020,660,1007,63,115.76,REPEATEDHITS,False,False,False,64020,0,27800884957.0,128,ASK,SHORT,1.0
BABA,2026-06-10 15:41:07.916151+00:00,PUT,80.0,2026-10-16,31635,333,346,63,115.97,REPEATEDHITS,True,False,False,31635,0,27800884957.0,128,ASK,SHORT,1.0
BABA,2026-06-10 14:51:15.121663+00:00,CALL,119.0,2026-06-18,18000,100,373,0,116.86,REPEATEDHITS,False,False,False,0,6300,27800884957.0,8,BID,SHORT,0.5
BABA,2026-06-09 16:20:49.466975+00:00,PUT,113.0,2026-06-12,25130,500,854,258,118.5699,REPEATEDHITSASCENDINGFILL,False,False,False,25130,0,27800884957.0,3,ASK,SHORT,1.0
BABA,2026-06-09 16:20:43.657224+00:00,PUT,114.0,2026-06-12,24882,377,401,281,118.54,REPEATEDHITS,False,False,False,24882,0,27800884957.0,3,ASK,SHORT,1.0
BABA,2026-06-09 15:47:19.361409+00:00,CALL,141.0,2026-07-24,21290,152,152,90,119.5575,REPEATEDHITSASCENDINGFILL,True,False,False,0,13444,27800884957.0,45,BID,SHORT,0.5
BABA,2026-06-08 18:17:07.048589+00:00,CALL,120.0,2026-06-12,113296,506,1504,236,120.47,REPEATEDHITS,True,False,False,37360,75936,27800884957.0,4,BID,SHORT,0.5
BABA,2026-06-08 18:16:10.182743+00:00,PUT,118.0,2026-07-02,39465,98,211,9,120.37,REPEATEDHITSASCENDINGFILL,False,False,False,4050,35415,27800884957.0,24,BID,LONG,0.5
BABA,2026-06-08 18:14:53.110309+00:00,CALL,120.0,2026-06-12,83888,392,952,236,120.33,REPEATEDHITS,False,False,False,83888,0,27800884957.0,4,ASK,LONG,1.0
BABA,2026-06-08 18:14:53.110309+00:00,CALL,121.0,2026-06-12,86006,507,3937,178,120.33,REPEATEDHITSDESCENDINGFILL,True,False,False,62206,23800,27800884957.0,4,ASK,LONG,1.0
BABA,2026-06-08 18:14:53.110309+00:00,PUT,121.0,2026-06-12,151060,472,1092,436,120.33,REPEATEDHITSASCENDINGFILL,False,False,False,43840,107220,27800884957.0,4,BID,LONG,0.5
BABA,2026-06-08 17:30:04.581126+00:00,CALL,121.0,2026-06-12,72600,440,3398,178,120.1,REPEATEDHITS,False,False,False,72600,0,27800884957.0,4,ASK,LONG,1.0
BABA,2026-06-08 14:11:33.422682+00:00,PUT,117.0,2026-06-26,14433,51,53,31,121.02,REPEATEDHITS,False,False,False,0,14433,27800884957.0,18,BID,LONG,0.5
BABA,2026-06-05 19:58:07.166557+00:00,CALL,122.0,2026-06-12,97500,500,1766,43,120.885,REPEATEDHITS,False,False,False,0,97500,27800884957.0,7,BID,SHORT,0.5
BABA,2026-06-05 19:14:31.080275+00:00,CALL,129.0,2026-06-18,69263,666,1313,539,120.76,REPEATEDHITS,True,False,False,1040,68223,27800884957.0,13,BID,SHORT,0.5
BABA,2026-06-05 15:06:35.423259+00:00,CALL,126.0,2026-07-10,21600,48,74,39,123.04,REPEATEDHITS,False,False,False,0,21600,27800884957.0,35,BID,SHORT,0.5
BABA,2026-06-05 14:59:03.669815+00:00,PUT,134.0,2026-06-12,120000,100,101,84,123.17,REPEATEDHITS,False,False,False,33600,10800,27800884957.0,7,ASK,SHORT,1.0
BABA,2026-06-05 14:30:07.066142+00:00,CALL,124.0,2026-06-05,26289,1143,1657,256,123.29,REPEATEDHITS,False,False,False,0,24380,27800884957.0,0,BID,SHORT,0.5
BABA,2026-06-05 14:00:03.213194+00:00,CALL,137.0,2026-06-18,32232,632,680,352,123.67,REPEATEDHITS,True,False,False,1122,28458,27800884957.0,13,BID,SHORT,0.5
BABA,2026-06-04 19:17:43.665484+00:00,PUT,125.0,2026-07-02,477008,1000,1044,246,126.35,REPEATEDHITSDESCENDINGFILL,False,False,False,962,476046,27800884957.0,28,BID,LONG,0.5
BABA,2026-06-04 19:08:16.474473+00:00,CALL,130.0,2026-07-10,45000,100,112,29,126.205,REPEATEDHITS,True,False,False,40500,4500,27800884957.0,36,ASK,LONG,1.0
BABA,2026-06-04 15:31:37.981775+00:00,CALL,136.0,2026-07-02,45573,211,319,14,126.82,REPEATEDHITSASCENDINGFILL,False,False,False,38970,6603,27800884957.0,28,ASK,LONG,1.0
BABA,2026-06-03 16:43:46.857483+00:00,CALL,138.0,2026-06-12,43680,780,788,331,127.05,REPEATEDHITS,False,False,False,0,40880,27800884957.0,9,BID,SHORT,0.5
BABA,2026-06-03 15:12:28.067429+00:00,PUT,126.0,2026-07-02,22220,44,51,31,127.7774,REPEATEDHITS,False,False,False,22220,0,27800884957.0,29,ASK,SHORT,1.0
BABA,2026-06-02 15:46:49.106937+00:00,CALL,134.0,2026-06-18,526300,1108,1229,222,133.6675,REPEATEDHITS,False,False,False,0,516800,27800884957.0,16,BID,SHORT,0.5
BABA,2026-06-02 14:47:58.660865+00:00,CALL,136.0,2026-06-18,268950,815,837,731,132.54,REPEATEDHITS,True,False,False,83820,0,27800884957.0,16,ASK,LONG,1.0
BABA,2026-06-02 14:17:53.117247+00:00,CALL,145.0,2026-07-02,20972,98,110,42,131.91,REPEATEDHITS,False,False,False,20972,0,27800884957.0,30,ASK,LONG,1.0
BABA,2026-06-02 14:04:03.691230+00:00,PUT,137.0,2026-06-26,16920,18,54,2,131.4313,REPEATEDHITS,False,False,False,6580,10340,27800884957.0,24,BID,LONG,0.5
BABA,2026-06-02 13:59:03.844380+00:00,CALL,155.0,2026-12-18,1954000,2000,2001,1505,131.14,FLOORTRADELARGECAP,False,True,True,1954000,0,27800884957.0,199,ASK,LONG,1.0
BABA,2026-06-01 16:03:42.197552+00:00,CALL,126.0,2026-06-12,35500,100,153,30,125.855,REPEATEDHITS,False,False,False,33725,1775,27800884957.0,11,ASK,LONG,1.0
BABA,2026-05-29 13:41:18.864579+00:00,PUT,117.0,2026-06-05,22992,479,480,118,123.9859,REPEATEDHITS,False,False,False,22992,0,27800884957.0,7,ASK,SHORT,1.0
BABA,2026-05-28 19:57:23.695207+00:00,PUT,121.0,2026-06-05,13973,157,743,104,126.25,REPEATEDHITS,False,False,False,13973,0,27800884957.0,8,ASK,SHORT,1.0
BABA,2026-05-28 19:09:13.748607+00:00,PUT,136.0,2026-05-29,535800,470,479,313,125.665,FLOORTRADELARGECAP,False,True,True,535800,0,27800884957.0,1,ASK,SHORT,1.0
BABA,2026-05-28 18:13:23.135208+00:00,CALL,126.0,2026-05-29,23800,200,1447,124,125.895,REPEATEDHITS,False,False,False,16303,7497,27800884957.0,1,ASK,LONG,1.0
BABA,2026-05-28 17:03:17.548098+00:00,CALL,127.0,2026-06-05,36729,159,953,75,125.44,REPEATEDHITS,True,False,False,11088,24024,27800884957.0,8,BID,SHORT,0.5
BABA,2026-05-28 14:53:49.745816+00:00,PUT,121.0,2026-06-05,52030,430,540,104,125.06,REPEATEDHITS,False,False,False,0,36300,27800884957.0,8,BID,LONG,0.5
BABA,2026-05-28 14:30:22.865214+00:00,PUT,122.0,2026-06-05,43090,278,293,253,124.94,REPEATEDHITS,False,False,False,0,43090,27800884957.0,8,BID,LONG,0.5
BABA,2026-05-28 13:53:30.453196+00:00,CALL,127.0,2026-06-18,75820,223,300,12,124.26,REPEATEDHITS,False,False,False,25500,31620,27800884957.0,21,BID,SHORT,0.5
BABA,2026-05-28 13:53:18.836299+00:00,CALL,127.0,2026-06-18,25500,75,77,12,124.32,REPEATEDHITS,False,False,False,0,25500,27800884957.0,21,BID,SHORT,0.5
BABA,2026-05-28 13:42:48.602725+00:00,CALL,125.0,2026-06-05,17174,69,297,67,123.8009,REPEATEDHITSDESCENDINGFILL,False,False,False,747,14688,27800884957.0,8,BID,SHORT,0.5
BABA,2026-05-27 19:53:37.957402+00:00,CALL,134.0,2026-07-02,126750,390,390,11,128.2062,FLOORTRADELARGECAP,False,True,False,0,126750,27800884957.0,36,BID,SHORT,0.5
BABA,2026-05-27 16:03:33.417024+00:00,CALL,147.0,2026-07-02,17780,127,127,0,128.1,REPEATEDHITS,False,False,False,16520,0,27800884957.0,36,ASK,LONG,1.0
BABA,2026-05-27 13:41:14.536762+00:00,CALL,129.0,2026-06-05,61760,249,280,175,126.77,REPEATEDHITSASCENDINGFILL,False,False,False,12904,20088,27800884957.0,9,BID,SHORT,0.5
BABA,2026-05-26 15:11:55.286459+00:00,CALL,129.0,2026-05-29,191422,791,970,485,129.3799,REPEATEDHITS,False,False,False,172546,18876,27800884957.0,3,ASK,LONG,1.0
BABA,2026-05-22 18:50:16.014917+00:00,PUT,126.0,2026-06-05,42636,209,241,149,129.972,REPEATEDHITS,False,False,False,42636,0,27800884957.0,14,ASK,SHORT,1.0
BABA,2026-05-22 14:50:53.228246+00:00,PUT,127.0,2026-05-29,72072,572,1177,357,130.23,REPEATEDHITS,False,False,False,65772,6300,27800884957.0,7,ASK,SHORT,1.0
BABA,2026-05-22 13:37:20.832861+00:00,CALL,128.0,2026-05-29,186320,500,1040,117,129.67,REPEATEDHITSASCENDINGFILL,True,False,False,32850,153470,27800884957.0,7,BID,SHORT,0.5
BB,2026-06-10 18:37:14.528577+00:00,PUT,8.0,2026-06-18,32416,2026,2480,1706,9.015,REPEATEDHITS,True,False,False,0,30752,5196880416.0,8,BID,LONG,0.5
BB,2026-06-09 17:24:06.542009+00:00,PUT,8.5,2026-06-18,40596,796,1032,655,8.555,REPEATEDHITS,False,False,False,39576,0,5196880416.0,9,ASK,SHORT,1.0
BB,2026-06-05 19:42:59.215663+00:00,PUT,7.0,2026-09-18,130000,2000,5832,789,9.165,REPEATEDHITS,False,False,False,0,0,5196880416.0,105,MIXED,,0.0
BB,2026-06-05 19:42:59.215663+00:00,CALL,15.0,2026-09-18,234000,3000,3239,1250,9.165,REPEATEDHITS,False,False,False,0,0,5196880416.0,105,MIXED,,0.0
BB,2026-06-05 19:24:59.301787+00:00,PUT,7.0,2026-09-18,190128,2796,3832,789,9.15,REPEATEDHITS,True,False,False,32912,157216,5196880416.0,105,BID,LONG,0.5
BB,2026-06-05 18:40:59.307214+00:00,CALL,13.0,2026-06-18,20500,2050,2345,1383,9.225,REPEATEDHITS,False,False,False,0,20500,5196880416.0,13,BID,SHORT,0.5
BB,2026-06-05 16:38:46.612959+00:00,CALL,9.5,2026-06-05,20862,2318,4689,2222,9.325,REPEATEDHITS,True,False,False,20862,0,5196880416.0,0,ASK,LONG,1.0
BB,2026-06-05 15:25:03.304552+00:00,CALL,17.0,2026-07-17,100510,2645,2652,55,9.73,REPEATEDHITS,False,False,False,0,100510,5196880416.0,42,BID,SHORT,0.5
BB,2026-06-04 19:12:42.893376+00:00,CALL,20.0,2026-08-21,18300,244,276,0,10.855,REPEATEDHITS,False,False,False,0,18300,5196880416.0,78,BID,SHORT,0.5
BB,2026-06-04 18:52:40.149698+00:00,CALL,20.0,2027-03-19,180000,750,1845,0,10.865,REPEATEDHITS,False,False,False,60000,120000,5196880416.0,288,BID,SHORT,0.5
BB,2026-06-04 15:30:47.500277+00:00,CALL,16.0,2026-08-21,659152,6338,8311,1398,10.63,REPEATEDHITS,False,False,False,0,659152,5196880416.0,78,BID,SHORT,0.5
BB,2026-06-04 14:14:39.607686+00:00,CALL,16.0,2026-08-21,196875,1875,1893,1398,10.49,REPEATEDHITS,False,False,False,0,196875,5196880416.0,78,BID,SHORT,0.5
BB,2026-06-03 17:08:49.806444+00:00,PUT,7.0,2026-07-10,34764,1062,1066,122,9.87,REPEATEDHITSDESCENDINGFILL,False,False,False,3070,28194,5196880416.0,37,BID,LONG,0.5
BB,2026-06-03 14:53:54.909297+00:00,CALL,12.0,2027-03-19,68340,204,297,190,10.5105,REPEATEDHITS,False,False,False,0,5695,5196880416.0,289,BID,SHORT,0.5
BB,2026-06-03 14:12:12.783705+00:00,CALL,12.0,2026-06-12,45236,1005,1440,671,10.57,REPEATEDHITSASCENDINGFILL,False,False,False,45236,0,5196880416.0,9,ASK,LONG,1.0
BB,2026-06-02 19:39:04.675029+00:00,PUT,9.5,2026-06-12,23000,500,9880,66,10.25,REPEATEDHITS,False,False,False,23000,0,5196880416.0,10,ASK,SHORT,1.0
BB,2026-06-01 18:07:41.833599+00:00,CALL,11.0,2027-01-15,155173,605,1762,529,9.805,REPEATEDHITSASCENDINGFILL,True,False,False,9001,146172,5196880416.0,228,BID,SHORT,0.5
BB,2026-06-01 17:56:01.782206+00:00,CALL,10.0,2027-03-19,33000,100,161,0,9.79,REPEATEDHITS,False,False,False,33000,0,5196880416.0,291,ASK,LONG,1.0
BB,2026-06-01 15:54:15.192892+00:00,CALL,11.0,2027-01-15,246044,1000,1122,529,9.675,REPEATEDHITSASCENDINGFILL,False,False,False,7410,238634,5196880416.0,228,BID,SHORT,0.5
BB,2026-06-01 15:01:24.167425+00:00,CALL,14.0,2026-09-18,83916,777,794,38,9.475,REPEATEDHITS,False,False,False,83916,0,5196880416.0,109,ASK,LONG,1.0
BB,2026-05-29 13:42:50.625339+00:00,PUT,9.0,2026-05-29,49296,2054,4604,205,8.9,REPEATEDHITS,False,False,False,720,48576,5196880416.0,0,BID,LONG,0.5
BB,2026-05-28 19:26:37.126658+00:00,CALL,13.0,2026-07-17,138322,3007,3188,1049,8.75,REPEATEDHITS,False,False,False,0,134642,5196880416.0,50,BID,SHORT,0.5
BB,2026-05-28 16:24:16.787717+00:00,CALL,11.0,2026-06-05,13815,921,1285,445,8.935,REPEATEDHITS,False,False,False,0,13815,5196880416.0,8,BID,SHORT,0.5
BB,2026-05-28 15:25:40.008908+00:00,CALL,9.5,2026-06-12,31000,500,566,342,8.885,REPEATEDHITS,False,False,False,31000,0,5196880416.0,15,ASK,LONG,1.0
BB,2026-05-27 18:38:06.123631+00:00,CALL,11.0,2026-06-26,77857,1362,2610,250,8.785,REPEATEDHITSDESCENDINGFILL,True,False,False,70555,0,5196880416.0,30,ASK,LONG,1.0
BB,2026-05-27 17:44:18.433236+00:00,PUT,9.5,2026-06-26,15201,100,100,0,8.69,REPEATEDHITS,False,False,False,0,15201,5196880416.0,30,BID,LONG,0.5
BB,2026-05-27 16:30:05.833714+00:00,PUT,9.0,2026-08-21,14888,83,93,12,8.515,REPEATEDHITSDESCENDINGFILL,True,False,False,362,14526,5196880416.0,86,BID,LONG,0.5
BB,2026-05-27 16:27:24.196464+00:00,CALL,10.0,2026-07-17,471360,5892,11301,3657,8.479,REPEATEDHITS,False,False,False,0,471360,5196880416.0,51,BID,SHORT,0.5
BB,2026-05-27 14:02:13.164070+00:00,PUT,9.0,2026-05-29,10200,100,101,22,8.065,REPEATEDHITS,False,False,False,0,10200,5196880416.0,2,BID,LONG,0.5
BB,2026-05-27 13:46:57.863292+00:00,CALL,13.0,2026-09-18,987238,14958,14969,827,7.99,REPEATEDHITS,False,False,False,0,987238,5196880416.0,114,BID,SHORT,0.5
BB,2026-05-26 19:20:31.080792+00:00,CALL,15.0,2028-01-21,112840,455,2285,0,8.4,REPEATEDHITS,True,False,False,100440,6200,5196880416.0,605,ASK,LONG,1.0
BB,2026-05-26 19:17:11.610465+00:00,PUT,7.0,2026-06-18,68471,2977,3140,846,8.41,REPEATEDHITS,False,False,False,0,68471,5196880416.0,23,BID,LONG,0.5
BB,2026-05-26 18:56:55.567370+00:00,CALL,16.0,2027-01-15,59520,537,1505,0,8.4321,REPEATEDHITSDESCENDINGFILL,True,False,False,0,59520,5196880416.0,234,BID,SHORT,0.5
BB,2026-05-26 17:37:18.186336+00:00,CALL,16.0,2027-01-15,11856,100,932,0,8.525,REPEATEDHITSDESCENDINGFILL,False,False,False,1785,10071,5196880416.0,234,BID,SHORT,0.5
BB,2026-05-26 15:39:23.231481+00:00,CALL,8.0,2026-06-05,410514,5263,11052,1119,8.325,REPEATEDHITS,False,False,False,410514,0,5196880416.0,10,ASK,LONG,1.0
BB,2026-05-26 15:34:47.659876+00:00,CALL,8.0,2026-06-05,387296,5096,5708,1119,8.3,REPEATEDHITS,False,False,False,387296,0,5196880416.0,10,ASK,LONG,1.0
BB,2026-05-26 14:31:55.232556+00:00,CALL,11.0,2026-06-18,12717,471,3198,49,8.26,REPEATEDHITS,True,False,False,0,12717,5196880416.0,23,BID,SHORT,0.5
BB,2026-05-26 14:30:12.260007+00:00,CALL,11.0,2026-06-18,13468,481,2210,49,8.28,REPEATEDHITS,True,False,False,0,10052,5196880416.0,23,BID,SHORT,0.5
BB,2026-05-22 19:06:57.354514+00:00,PUT,8.0,2026-05-29,95999,2000,10153,33,7.89,REPEATEDHITSASCENDINGFILL,False,False,False,95999,0,5196880416.0,7,ASK,SHORT,1.0
BB,2026-05-22 18:20:19.744056+00:00,CALL,12.0,2026-07-17,10800,270,394,3,8.0275,REPEATEDHITS,False,False,False,9600,1200,5196880416.0,56,ASK,LONG,1.0
BB,2026-05-22 18:13:29.599125+00:00,CALL,8.0,2026-05-22,32648,4081,24427,2184,8.005,REPEATEDHITS,False,False,False,0,32648,5196880416.0,0,BID,SHORT,0.5
BB,2026-05-22 17:38:18.275891+00:00,CALL,10.0,2026-07-17,55700,960,1571,293,7.9243,REPEATEDHITSDESCENDINGFILL,False,False,False,600,51852,5196880416.0,56,BID,SHORT,0.5
BB,2026-05-22 16:07:06.599890+00:00,CALL,9.0,2026-07-17,69634,941,7454,354,7.7701,REPEATEDHITS,False,False,False,69634,0,5196880416.0,56,ASK,LONG,1.0
BB,2026-05-22 16:06:19.336127+00:00,CALL,9.0,2026-07-17,225000,3000,6513,354,7.77,REPEATEDHITS,False,False,False,225000,0,5196880416.0,56,ASK,LONG,1.0
BB,2026-05-22 15:14:00.381419+00:00,CALL,9.0,2026-07-17,112212,2078,2443,354,7.515,REPEATEDHITS,False,False,False,540,111672,5196880416.0,56,BID,SHORT,0.5
BB,2026-05-22 14:18:17.906130+00:00,CALL,7.0,2026-06-12,204884,3013,3719,2270,7.27,REPEATEDHITS,False,False,False,0,204884,5196880416.0,21,BID,SHORT,0.5
BB,2026-05-21 19:49:45.934827+00:00,PUT,6.0,2026-07-17,57500,1250,1443,393,6.675,REPEATEDHITS,False,False,False,56718,414,5196880416.0,57,ASK,SHORT,1.0
BB,2026-05-21 19:47:30.973448+00:00,CALL,12.0,2026-09-18,16120,520,2550,25,6.695,REPEATEDHITS,False,False,False,16120,0,5196880416.0,120,ASK,LONG,1.0
BB,2026-05-21 15:17:03.320693+00:00,PUT,5.5,2027-01-15,90000,1000,1000,526,6.36,REPEATEDHITS,False,False,False,0,2970,5196880416.0,239,BID,LONG,0.5
BB,2026-05-18 17:32:21.381524+00:00,CALL,6.5,2026-06-12,94855,1725,1939,412,6.6,REPEATEDHITSASCENDINGFILL,False,False,False,93335,530,5196880416.0,25,ASK,LONG,1.0
BE,2026-06-10 18:31:52.320088+00:00,PUT,100.0,2026-10-16,311165,461,462,130,235.01,REPEATEDHITSDESCENDINGFILL,False,False,False,311165,0,73844472571.0,128,ASK,SHORT,1.0
BE,2026-06-10 18:14:53.754389+00:00,CALL,270.0,2026-06-12,182258,1199,1728,613,237.02,REPEATEDHITS,True,False,False,162,182096,73844472571.0,2,BID,SHORT,0.5
BE,2026-06-10 16:50:16.572979+00:00,PUT,170.0,2026-07-10,54140,77,289,69,231.48,REPEATEDHITSDESCENDINGFILL,False,False,False,28940,25200,73844472571.0,30,ASK,SHORT,1.0
BE,2026-06-10 16:17:19.664938+00:00,PUT,135.0,2026-09-18,1437499,1208,1262,762,233.63,REPEATEDHITSDESCENDINGFILL,False,False,False,1437499,0,73844472571.0,100,ASK,SHORT,1.0
BE,2026-06-10 15:12:30.855220+00:00,PUT,190.0,2026-09-18,5827986,1959,2019,350,236.61,REPEATEDHITSDESCENDINGFILL,False,False,False,5827986,0,73844472571.0,100,ASK,SHORT,1.0
BE,2026-06-09 16:25:28.626777+00:00,CALL,480.0,2026-11-20,431665,167,167,79,249.0,REPEATEDHITSDESCENDINGFILL,False,False,False,220195,211470,73844472571.0,164,ASK,LONG,1.0
BE,2026-06-09 14:43:07.980580+00:00,CALL,305.0,2026-07-02,220385,158,159,35,260.21,REPEATEDHITS,False,False,False,219015,1370,73844472571.0,23,ASK,LONG,1.0
BE,2026-06-09 13:56:05.390978+00:00,PUT,240.0,2026-08-21,3955139,1111,1113,488,276.835,REPEATEDHITSDESCENDINGFILL,False,False,False,3955139,0,73844472571.0,73,ASK,SHORT,1.0
BE,2026-06-08 18:59:12.682776+00:00,PUT,130.0,2026-07-17,163606,802,808,635,252.87,REPEATEDHITS,False,False,False,163200,406,73844472571.0,39,ASK,SHORT,1.0
BE,2026-06-08 16:49:36.053645+00:00,PUT,145.0,2026-09-18,1684307,1452,1480,1329,254.635,REPEATEDHITSDESCENDINGFILL,False,False,False,1684307,0,73844472571.0,102,ASK,SHORT,1.0
BE,2026-06-08 15:49:00.818190+00:00,PUT,240.0,2026-07-17,5328143,1934,1975,501,255.16,REPEATEDHITSDESCENDINGFILL,True,False,False,5088468,239675,73844472571.0,39,ASK,SHORT,1.0
BE,2026-06-08 15:07:30.760164+00:00,PUT,180.0,2026-06-26,512503,1627,1650,563,257.62,REPEATEDHITS,False,False,False,494548,315,73844472571.0,18,ASK,SHORT,1.0
BE,2026-06-08 14:22:14.188478+00:00,CALL,250.0,2026-06-12,1944989,1301,1465,175,250.21,REPEATEDHITSDESCENDINGFILL,False,False,False,1944989,0,73844472571.0,4,ASK,LONG,1.0
BE,2026-06-08 13:58:12.953748+00:00,PUT,180.0,2026-07-17,1029125,1311,1318,1243,255.39,REPEATEDHITS,False,False,False,1027565,1560,73844472571.0,39,ASK,SHORT,1.0
BE,2026-06-05 19:25:47.041477+00:00,CALL,262.5,2026-06-12,79973,50,63,2,255.23,REPEATEDHITS,False,False,False,59173,20800,73844472571.0,7,ASK,LONG,1.0
BE,2026-06-05 19:25:41.023355+00:00,CALL,380.0,2026-07-17,995131,1221,1293,319,255.62,REPEATEDHITSASCENDINGFILL,False,False,False,0,995131,73844472571.0,42,BID,SHORT,0.5
BE,2026-06-05 18:42:34.687128+00:00,PUT,120.0,2026-07-17,187411,1047,1066,815,252.98,REPEATEDHITS,False,False,False,187055,356,73844472571.0,42,ASK,SHORT,1.0
BE,2026-06-05 18:41:22.743808+00:00,CALL,275.0,2026-07-02,106095,45,60,24,254.2,REPEATEDHITSDESCENDINGFILL,False,False,False,54285,51810,73844472571.0,27,ASK,LONG,1.0
BE,2026-06-05 18:38:17.137718+00:00,PUT,100.0,2026-07-17,110000,2000,2000,1826,254.865,REPEATEDHITS,True,False,False,85250,24750,73844472571.0,42,ASK,SHORT,1.0
BE,2026-06-05 18:07:18.350831+00:00,CALL,270.0,2026-09-18,10342080,1728,1786,200,260.935,REPEATEDHITS,False,False,False,8618400,1723680,73844472571.0,105,ASK,LONG,1.0
BE,2026-06-05 16:10:18.775101+00:00,PUT,180.0,2026-07-17,840303,1057,1078,478,268.0,REPEATEDHITSDESCENDINGFILL,False,False,False,840303,0,73844472571.0,42,ASK,SHORT,1.0
BE,2026-06-05 15:26:45.951003+00:00,PUT,160.0,2026-07-17,291977,628,646,400,269.82,REPEATEDHITSDESCENDINGFILL,False,False,False,288757,3220,73844472571.0,42,ASK,SHORT,1.0
BE,2026-06-05 14:49:04.565540+00:00,PUT,227.5,2026-06-12,149727,312,401,116,274.53,REPEATEDHITSDESCENDINGFILL,False,False,False,149727,0,73844472571.0,7,ASK,SHORT,1.0
BE,2026-06-05 14:43:58.242644+00:00,PUT,130.0,2026-07-17,90630,477,484,358,275.33,REPEATEDHITS,False,False,False,90630,0,73844472571.0,42,ASK,SHORT,1.0
BE,2026-06-04 17:38:28.987993+00:00,CALL,315.0,2026-06-12,145360,99,440,95,294.03,REPEATEDHITSDESCENDINGFILL,True,False,False,97245,48115,73844472571.0,8,ASK,LONG,1.0
BE,2026-06-04 14:13:34.020599+00:00,PUT,230.0,2026-07-02,1679370,1127,1139,384,279.38,REPEATEDHITSASCENDINGFILL,False,False,False,6100,1673270,73844472571.0,28,BID,LONG,0.5
BE,2026-06-03 17:31:44.660906+00:00,PUT,242.5,2026-06-12,1913554,2025,4737,47,284.0,REPEATEDHITSDESCENDINGFILL,False,False,False,1906034,7520,73844472571.0,9,ASK,SHORT,1.0
BE,2026-06-03 17:16:48.138266+00:00,PUT,310.0,2026-06-26,98400,20,20,18,286.515,REPEATEDHITS,True,False,False,98400,0,73844472571.0,23,ASK,SHORT,1.0
BE,2026-06-03 17:16:48.138266+00:00,PUT,242.5,2026-06-12,2303719,2648,2656,47,286.515,REPEATEDHITSDESCENDINGFILL,False,False,False,2303719,0,73844472571.0,9,ASK,SHORT,1.0
BE,2026-06-03 16:53:42.864756+00:00,PUT,220.0,2026-06-12,596461,1326,1458,928,286.55,REPEATEDHITSDESCENDINGFILL,True,False,False,566071,30390,73844472571.0,9,ASK,SHORT,1.0
BE,2026-06-03 15:14:25.497689+00:00,CALL,480.0,2026-06-18,127728,1030,1280,374,294.25,REPEATEDHITS,False,False,False,1000,126728,73844472571.0,15,BID,SHORT,0.5
BE,2026-06-02 18:44:19.010542+00:00,PUT,265.0,2026-06-05,448833,916,2725,819,300.4,REPEATEDHITSDESCENDINGFILL,False,False,False,448833,0,73844472571.0,3,ASK,SHORT,1.0
BE,2026-06-02 16:17:01.412250+00:00,PUT,265.0,2026-06-05,898175,1497,1750,819,296.53,REPEATEDHITS,False,False,False,898175,0,73844472571.0,3,ASK,SHORT,1.0
BE,2026-06-02 14:37:41.860583+00:00,PUT,222.5,2026-06-05,130570,1187,1273,620,300.03,REPEATEDHITS,False,False,False,130570,0,73844472571.0,3,ASK,SHORT,1.0
BE,2026-06-02 14:24:46.645459+00:00,PUT,170.0,2026-06-12,55000,1000,1060,174,299.69,REPEATEDHITS,True,False,False,41250,13750,73844472571.0,10,ASK,SHORT,1.0
BE,2026-06-01 19:19:50.586010+00:00,CALL,410.0,2026-09-18,272285,73,73,9,280.77,REPEATEDHITS,True,False,False,0,272285,73844472571.0,109,BID,SHORT,0.5
BE,2026-06-01 17:04:51.595665+00:00,PUT,242.5,2026-06-05,643784,1480,1632,354,281.33,REPEATEDHITSDESCENDINGFILL,False,False,False,643784,0,73844472571.0,4,ASK,SHORT,1.0
BE,2026-06-01 14:26:58.963034+00:00,CALL,470.0,2026-09-18,226055,82,92,57,275.19,REPEATEDHITSASCENDINGFILL,False,False,False,44320,181735,73844472571.0,109,BID,SHORT,0.5
BE,2026-06-01 14:26:24.063744+00:00,PUT,232.5,2026-06-05,671730,1866,1951,210,275.56,REPEATEDHITSDESCENDINGFILL,False,False,False,671730,0,73844472571.0,4,ASK,SHORT,1.0
BE,2026-05-29 19:53:38.710829+00:00,CALL,275.0,2026-06-12,332500,100,176,39,284.805,REPEATEDHITS,True,False,False,0,332500,73844472571.0,14,BID,SHORT,0.5
BE,2026-05-29 15:41:54.774122+00:00,CALL,270.0,2026-08-21,1989675,301,2061,291,274.8,REPEATEDHITSASCENDINGFILL,True,False,False,653765,1335910,73844472571.0,84,BID,SHORT,0.5
BE,2026-05-29 15:41:16.105587+00:00,CALL,272.5,2026-06-18,95095,29,32,23,275.0,REPEATEDHITSASCENDINGFILL,True,False,False,33155,61940,73844472571.0,20,BID,SHORT,0.5
BE,2026-05-29 15:35:57.447761+00:00,CALL,295.0,2026-06-18,96620,41,44,36,274.45,REPEATEDHITSDESCENDINGFILL,True,False,False,68420,28200,73844472571.0,20,ASK,LONG,1.0
BE,2026-05-29 15:22:28.983326+00:00,CALL,270.0,2026-08-21,1972500,300,1733,291,272.6825,REPEATEDHITS,False,False,False,1972500,0,73844472571.0,84,ASK,LONG,1.0
BE,2026-05-29 14:15:03.366646+00:00,PUT,165.0,2026-06-18,1001273,5000,5025,1030,275.295,REPEATEDHITSASCENDINGFILL,False,False,False,225,1001048,73844472571.0,20,BID,LONG,0.5
BE,2026-05-28 19:11:35.518473+00:00,PUT,252.5,2026-05-29,71055,1395,2019,367,300.5677,REPEATEDHITSDESCENDINGFILL,True,False,False,59211,11844,73844472571.0,1,ASK,SHORT,1.0
BE,2026-05-28 16:48:22.737436+00:00,CALL,380.0,2026-08-21,1207690,317,1261,269,295.53,REPEATEDHITS,False,False,False,697230,510460,73844472571.0,85,ASK,LONG,1.0
BE,2026-05-28 16:36:04.540188+00:00,CALL,380.0,2026-08-21,1310980,351,572,269,294.46,REPEATEDHITS,True,False,False,1307250,3730,73844472571.0,85,ASK,LONG,1.0
BE,2026-05-28 13:38:41.693065+00:00,PUT,225.0,2026-06-05,265305,792,798,778,293.94,REPEATEDHITSDESCENDINGFILL,False,False,False,265305,0,73844472571.0,8,ASK,SHORT,1.0
BE,2026-05-27 19:17:47.376725+00:00,PUT,300.0,2026-08-21,1575010,239,259,186,294.7801,REPEATEDHITS,False,False,False,1575010,0,73844472571.0,86,ASK,SHORT,1.0
BIDU,2026-06-10 19:21:13.073816+00:00,CALL,134.0,2026-07-02,84364,524,524,14,117.48,REPEATEDHITS,False,False,False,0,84364,33274878034.0,22,BID,SHORT,0.5
BIDU,2026-06-10 17:33:37.343486+00:00,PUT,114.0,2026-06-18,14133,67,81,2,118.64,REPEATEDHITSDESCENDINGFILL,True,False,False,13925,208,33274878034.0,8,ASK,SHORT,1.0
BIDU,2026-06-10 17:33:37.343486+00:00,PUT,116.0,2026-06-18,20848,74,86,5,118.73,REPEATEDHITSDESCENDINGFILL,True,False,False,20848,0,33274878034.0,8,ASK,SHORT,1.0
BIDU,2026-06-10 16:18:37.946432+00:00,CALL,127.0,2026-06-18,84700,484,490,12,119.99,REPEATEDHITS,False,False,False,0,84700,33274878034.0,8,BID,SHORT,0.5
BIDU,2026-06-10 14:18:27.022543+00:00,CALL,119.0,2026-06-26,11885,17,17,0,121.44,REPEATEDHITSASCENDINGFILL,True,False,False,2740,9145,33274878034.0,16,BID,SHORT,0.5
BIDU,2026-06-10 14:18:27.022543+00:00,CALL,126.0,2026-06-18,46856,183,189,12,121.44,REPEATEDHITS,True,False,False,0,44800,33274878034.0,8,BID,SHORT,0.5
BIDU,2026-06-09 19:29:18.891544+00:00,PUT,119.0,2026-06-12,95513,457,461,41,120.88,REPEATEDHITS,False,False,False,9405,86108,33274878034.0,3,BID,LONG,0.5
BIDU,2026-06-09 18:19:07.535239+00:00,CALL,129.0,2026-07-02,16330,46,46,1,120.72,REPEATEDHITS,False,False,False,9585,6745,33274878034.0,23,ASK,LONG,1.0
BIDU,2026-06-09 16:59:38.890995+00:00,PUT,116.0,2026-06-12,108425,522,544,112,118.32,REPEATEDHITSDESCENDINGFILL,True,False,False,92390,16035,33274878034.0,3,ASK,SHORT,1.0
BIDU,2026-06-09 16:59:38.890995+00:00,PUT,117.0,2026-06-12,92512,372,403,286,118.32,REPEATEDHITSDESCENDINGFILL,True,False,False,81719,10793,33274878034.0,3,ASK,SHORT,1.0
BIDU,2026-06-09 16:55:04.768070+00:00,CALL,123.0,2026-06-18,81095,331,339,9,117.645,REPEATEDHITS,False,False,False,0,81095,33274878034.0,9,BID,SHORT,0.5
BIDU,2026-06-08 16:51:19.158925+00:00,CALL,128.0,2026-06-26,11382,42,49,16,118.4968,REPEATEDHITS,True,False,False,11382,0,33274878034.0,18,ASK,LONG,1.0
BIDU,2026-06-08 16:30:29.020076+00:00,PUT,117.0,2026-06-12,39900,210,230,73,120.06,REPEATEDHITS,True,False,False,39900,0,33274878034.0,4,ASK,SHORT,1.0
BIDU,2026-06-08 14:10:31.131352+00:00,CALL,122.0,2026-06-26,147183,283,283,4,120.2,REPEATEDHITSASCENDINGFILL,False,False,False,0,147183,33274878034.0,18,BID,SHORT,0.5
BIDU,2026-06-08 13:44:01.637494+00:00,PUT,105.0,2026-06-26,24823,275,275,11,120.63,REPEATEDHITSASCENDINGFILL,False,False,False,12542,12281,33274878034.0,18,ASK,SHORT,1.0
BIDU,2026-06-05 18:05:34.773600+00:00,CALL,131.0,2026-06-26,125246,404,404,0,121.68,REPEATEDHITS,False,False,False,0,125246,33274878034.0,21,BID,SHORT,0.5
BIDU,2026-06-05 17:13:16.927288+00:00,PUT,131.0,2026-06-18,54495,48,111,13,121.41,REPEATEDHITSASCENDINGFILL,True,False,False,0,54495,33274878034.0,13,BID,LONG,0.5
BIDU,2026-06-05 17:13:16.927288+00:00,PUT,131.0,2026-06-18,21700,19,132,13,121.41,REPEATEDHITSASCENDINGFILL,True,False,False,4545,17155,33274878034.0,13,BID,LONG,0.5
BIDU,2026-06-05 17:13:16.927288+00:00,PUT,126.0,2026-06-18,36730,48,53,6,121.41,REPEATEDHITS,False,False,False,765,34425,33274878034.0,13,BID,LONG,0.5
BIDU,2026-06-05 16:52:56.580541+00:00,CALL,115.0,2026-06-26,15525,15,15,1,121.52,REPEATEDHITS,False,False,False,15525,0,33274878034.0,21,ASK,LONG,1.0
BIDU,2026-06-05 16:24:18.146808+00:00,PUT,90.0,2026-09-18,192998,791,791,536,121.71,REPEATEDHITSDESCENDINGFILL,False,False,False,192998,0,33274878034.0,105,ASK,SHORT,1.0
BIDU,2026-06-04 19:31:39.256607+00:00,PUT,136.0,2026-06-26,22260,28,39,5,134.02,REPEATEDHITS,False,False,False,22260,0,33274878034.0,22,ASK,SHORT,1.0
BIDU,2026-06-04 18:39:31.852067+00:00,PUT,150.0,2026-08-21,546362,235,235,58,133.89,REPEATEDHITSDESCENDINGFILL,False,False,False,546362,0,33274878034.0,78,ASK,SHORT,1.0
BIDU,2026-06-04 18:34:16.462640+00:00,PUT,139.0,2026-06-05,12690,27,27,16,134.41,REPEATEDHITS,True,False,False,10810,1880,33274878034.0,1,ASK,SHORT,1.0
BIDU,2026-06-04 18:26:56.920592+00:00,CALL,143.0,2026-06-18,21758,86,86,23,134.28,REPEATEDHITS,True,False,False,21758,0,33274878034.0,14,ASK,LONG,1.0
BIDU,2026-06-04 17:18:41.680217+00:00,CALL,142.0,2026-07-02,203385,447,447,4,133.77,REPEATEDHITS,False,False,False,0,203385,33274878034.0,28,BID,SHORT,0.5
BIDU,2026-06-04 16:17:18.504973+00:00,CALL,138.0,2026-06-18,79733,207,207,66,133.72,REPEATEDHITSASCENDINGFILL,True,False,False,0,79733,33274878034.0,14,BID,SHORT,0.5
BIDU,2026-06-04 14:56:33.653470+00:00,PUT,130.0,2026-06-12,139941,562,584,96,133.81,REPEATEDHITS,False,False,False,0,139191,33274878034.0,8,BID,LONG,0.5
BIDU,2026-06-04 14:56:33.653470+00:00,PUT,129.0,2026-06-12,15129,70,82,13,133.91,REPEATEDHITSASCENDINGFILL,True,False,False,654,14475,33274878034.0,8,BID,LONG,0.5
BIDU,2026-06-04 14:21:03.004002+00:00,PUT,131.0,2026-06-12,17490,53,59,15,132.97,REPEATEDHITS,False,False,False,17490,0,33274878034.0,8,ASK,SHORT,1.0
BIDU,2026-06-03 19:24:03.842447+00:00,CALL,132.0,2026-06-12,20425,40,44,31,132.755,REPEATEDHITSASCENDINGFILL,False,False,False,17855,2570,33274878034.0,9,ASK,LONG,1.0
BIDU,2026-06-03 18:42:08.796964+00:00,CALL,143.0,2026-06-05,16905,483,495,349,134.095,REPEATEDHITS,False,False,False,1365,15540,33274878034.0,2,BID,SHORT,0.5
BIDU,2026-06-03 17:35:28.707133+00:00,PUT,136.0,2026-06-12,15120,28,28,15,134.86,REPEATEDHITS,True,False,False,0,15120,33274878034.0,9,BID,LONG,0.5
BIDU,2026-06-03 17:35:28.707133+00:00,PUT,132.0,2026-06-05,76112,568,625,126,134.84,REPEATEDHITS,True,False,False,5226,70886,33274878034.0,2,BID,LONG,0.5
BIDU,2026-06-03 16:25:22.936474+00:00,CALL,147.0,2026-06-18,95256,441,450,14,134.28,REPEATEDHITS,False,False,False,9720,85536,33274878034.0,15,BID,SHORT,0.5
BIDU,2026-06-03 14:51:57.749277+00:00,PUT,134.0,2026-06-05,63700,364,381,145,135.96,REPEATEDHITS,False,False,False,0,63700,33274878034.0,2,BID,LONG,0.5
BIDU,2026-06-02 19:06:37.345528+00:00,PUT,142.0,2026-06-18,18900,20,20,1,137.03,REPEATEDHITS,False,False,False,18900,0,33274878034.0,16,ASK,SHORT,1.0
BIDU,2026-06-02 19:06:37.345528+00:00,PUT,142.0,2026-06-18,40580,43,63,1,137.03,REPEATEDHITSASCENDINGFILL,False,False,False,18850,21730,33274878034.0,16,BID,LONG,0.5
BIDU,2026-06-02 17:20:01.315539+00:00,CALL,139.0,2026-06-12,13440,28,30,3,137.0857,REPEATEDHITS,False,False,False,0,13440,33274878034.0,10,BID,SHORT,0.5
BIDU,2026-06-02 17:20:01.315539+00:00,CALL,146.0,2026-06-18,107310,294,294,6,137.08,REPEATEDHITS,False,False,False,0,107310,33274878034.0,16,BID,SHORT,0.5
BIDU,2026-06-02 16:55:39.650763+00:00,CALL,149.0,2026-06-18,164131,521,521,16,137.6315,REPEATEDHITSASCENDINGFILL,False,False,False,0,164131,33274878034.0,16,BID,SHORT,0.5
BIDU,2026-06-01 19:25:36.247394+00:00,CALL,134.0,2026-06-12,158097,310,311,22,132.84,REPEATEDHITS,True,False,False,142287,0,33274878034.0,11,ASK,LONG,1.0
BIDU,2026-06-01 18:19:54.105326+00:00,PUT,137.0,2026-06-18,164260,172,172,71,132.27,REPEATEDHITS,False,False,False,164260,0,33274878034.0,17,ASK,SHORT,1.0
BIDU,2026-06-01 17:06:55.602902+00:00,PUT,125.0,2026-06-05,49500,450,491,349,131.51,REPEATEDHITS,False,False,False,44880,4620,33274878034.0,4,ASK,SHORT,1.0
BIDU,2026-06-01 16:05:27.389571+00:00,PUT,123.0,2026-06-05,20708,334,391,46,132.19,REPEATEDHITS,False,False,False,18166,0,33274878034.0,4,ASK,SHORT,1.0
BIDU,2026-06-01 14:56:28.872454+00:00,CALL,130.0,2026-08-21,504775,331,335,274,132.21,REPEATEDHITS,False,False,False,474275,30500,33274878034.0,81,ASK,LONG,1.0
BIDU,2026-06-01 14:56:28.872454+00:00,PUT,134.0,2026-06-05,36822,80,85,21,132.21,REPEATEDHITS,True,False,False,0,36822,33274878034.0,4,BID,LONG,0.5
BIDU,2026-06-01 13:51:00.546277+00:00,PUT,75.0,2026-08-21,14103,487,708,276,131.39,REPEATEDHITS,False,False,False,0,14103,33274878034.0,81,BID,LONG,0.5
BIDU,2026-05-29 18:45:47.133179+00:00,PUT,138.0,2026-06-18,230225,307,307,14,136.9,REPEATEDHITS,True,False,False,230225,0,33274878034.0,20,ASK,SHORT,1.0
BIDU,2026-05-29 13:36:33.310821+00:00,CALL,175.0,2027-01-15,996515,806,1696,779,133.8,REPEATEDHITSDESCENDINGFILL,True,False,False,350400,465115,33274878034.0,231,BID,SHORT,0.5
BNO,2026-06-10 19:39:22.989084+00:00,CALL,53.0,2026-06-26,54999,200,200,18,51.54,REPEATEDHITS,False,False,False,54999,0,215640000.0,16,ASK,LONG,1.0
BNO,2026-06-10 17:23:16.242589+00:00,CALL,50.5,2026-06-26,18200,52,59,14,51.9,REPEATEDHITS,True,False,False,14700,0,215640000.0,16,ASK,LONG,1.0
BNO,2026-06-09 16:46:29.435311+00:00,CALL,52.0,2026-06-26,24298,108,120,63,50.53,REPEATEDHITSDESCENDINGFILL,True,False,False,17998,0,215640000.0,17,ASK,LONG,1.0
BNO,2026-06-05 19:54:46.444168+00:00,CALL,55.0,2026-06-12,23004,500,3740,324,51.22,REPEATEDHITSDESCENDINGFILL,False,False,False,0,23004,215640000.0,7,BID,SHORT,0.5
BNO,2026-06-05 19:54:34.980165+00:00,CALL,55.0,2026-06-12,23004,500,3240,324,51.22,REPEATEDHITSDESCENDINGFILL,False,False,False,0,23004,215640000.0,7,BID,SHORT,0.5
BNO,2026-06-05 18:55:10.797476+00:00,CALL,55.0,2026-06-12,40804,800,1827,324,51.31,REPEATEDHITSDESCENDINGFILL,False,False,False,0,40804,215640000.0,7,BID,SHORT,0.5
BNO,2026-06-01 14:09:38.938715+00:00,PUT,59.0,2026-07-17,17608,20,20,5,53.37,REPEATEDHITSDESCENDINGFILL,False,False,False,17608,0,215640000.0,46,ASK,SHORT,1.0
BNO,2026-05-29 15:47:35.760209+00:00,CALL,50.0,2026-05-29,14069,201,344,102,50.22,REPEATEDHITS,False,False,False,14069,0,215640000.0,0,ASK,LONG,1.0
BNO,2026-05-29 14:16:31.367488+00:00,CALL,85.0,2027-01-15,260000,1000,1012,805,50.43,REPEATEDHITS,False,False,False,0,260000,215640000.0,231,BID,SHORT,0.5
BNO,2026-05-28 14:50:20.794921+00:00,PUT,51.0,2026-06-18,42930,159,161,94,51.41,REPEATEDHITS,False,False,False,0,42930,215640000.0,21,BID,LONG,0.5
BNO,2026-05-27 14:40:26.118806+00:00,PUT,52.5,2026-06-18,60514,168,168,22,51.595,REPEATEDHITSASCENDINGFILL,False,False,False,0,60514,215640000.0,22,BID,LONG,0.5
BNO,2026-05-27 13:39:59.936696+00:00,CALL,50.0,2026-06-26,50470,103,105,4,51.385,REPEATEDHITS,False,False,False,50470,0,215640000.0,30,ASK,LONG,1.0
BNO,2026-05-26 13:43:20.797529+00:00,CALL,58.0,2026-06-18,17640,63,64,61,53.195,REPEATEDHITS,False,False,False,17640,0,215640000.0,23,ASK,LONG,1.0
BNO,2026-05-26 13:37:49.014678+00:00,PUT,52.5,2026-05-29,20182,130,130,129,53.09,REPEATEDHITSASCENDINGFILL,False,False,False,0,20182,215640000.0,3,BID,LONG,0.5
BNO,2026-05-22 19:35:21.523065+00:00,PUT,51.0,2026-05-29,20000,200,293,124,55.285,REPEATEDHITS,False,False,False,20000,0,215640000.0,7,ASK,SHORT,1.0
BNO,2026-05-22 14:53:26.843463+00:00,PUT,56.0,2026-05-29,18200,65,70,43,55.605,REPEATEDHITS,False,False,False,0,18200,215640000.0,7,BID,LONG,0.5
BNO,2026-05-20 17:02:49.999748+00:00,CALL,62.0,2027-01-15,29705,30,30,29,55.4099,REPEATEDHITS,True,False,False,0,29705,215640000.0,240,BID,SHORT,0.5
BNO,2026-05-20 17:02:46.996103+00:00,CALL,61.0,2027-01-15,70380,69,69,19,55.372,REPEATEDHITS,True,False,False,0,70380,215640000.0,240,BID,SHORT,0.5
BNO,2026-05-20 14:51:54.958325+00:00,PUT,56.0,2026-06-05,68319,200,200,77,56.69,REPEATEDHITSASCENDINGFILL,False,False,False,0,68319,215640000.0,16,BID,LONG,0.5
BNO,2026-05-18 16:27:24.469565+00:00,CALL,62.0,2026-06-05,12800,40,49,26,58.785,REPEATEDHITS,False,False,False,12800,0,215640000.0,18,ASK,LONG,1.0
BNO,2026-05-15 17:42:27.106451+00:00,CALL,57.5,2026-06-12,26950,49,172,42,57.63,REPEATEDHITS,False,False,False,26950,0,215640000.0,28,ASK,LONG,1.0
BNO,2026-05-15 15:27:58.399690+00:00,PUT,64.0,2027-01-15,17621,11,11,0,57.529,REPEATEDHITSDESCENDINGFILL,False,False,False,17621,0,215640000.0,245,ASK,SHORT,1.0
BNO,2026-05-13 18:11:49.206443+00:00,CALL,75.0,2026-10-16,660020,1082,2625,918,55.925,REPEATEDHITS,False,False,False,660020,0,215640000.0,156,ASK,LONG,1.0
BNO,2026-05-12 14:21:51.384285+00:00,CALL,56.0,2026-06-05,31871,53,53,34,56.88,REPEATEDHITSDESCENDINGFILL,False,False,False,15359,16512,215640000.0,24,BID,SHORT,0.5
BRUN,2026-06-05 17:23:40.022185+00:00,CALL,50.0,2026-11-20,51200,64,598,46,30.51,REPEATEDHITS,True,False,False,0,51200,929758372.0,168,BID,SHORT,0.5
BRUN,2026-06-05 15:05:00.836291+00:00,CALL,50.0,2026-11-20,81700,86,278,46,33.01,REPEATEDHITS,False,False,False,70300,11400,929758372.0,168,ASK,LONG,1.0
BRUN,2026-06-05 15:04:58.230084+00:00,CALL,50.0,2026-11-20,77900,82,192,46,33.2,REPEATEDHITS,False,False,False,0,45600,929758372.0,168,BID,SHORT,0.5
BRUN,2026-06-04 14:57:19.128170+00:00,CALL,45.0,2026-08-21,89460,126,172,76,34.06,REPEATEDHITS,False,False,False,0,89460,929758372.0,78,BID,SHORT,0.5
BRUN,2026-06-03 16:00:57.494178+00:00,CALL,55.0,2027-01-15,352708,244,255,0,38.48,REPEATEDHITSASCENDINGFILL,False,False,False,352708,0,929758372.0,226,ASK,LONG,1.0
BRUN,2026-06-01 19:29:56.232822+00:00,CALL,40.0,2026-11-20,40105,25,36,1,39.67,REPEATEDHITSDESCENDINGFILL,False,False,False,27265,8025,929758372.0,172,ASK,LONG,1.0
BRUN,2026-06-01 17:50:27.004299+00:00,PUT,45.0,2026-07-17,43039,31,192,10,39.69,REPEATEDHITSASCENDINGFILL,False,False,False,29169,13870,929758372.0,46,ASK,SHORT,1.0
BRUN,2026-06-01 17:01:14.827747+00:00,CALL,50.0,2026-07-17,63000,100,161,17,39.75,REPEATEDHITS,False,False,False,0,56700,929758372.0,46,BID,SHORT,0.5
BRUN,2026-05-29 19:31:07.762457+00:00,CALL,50.0,2027-01-15,41596,32,44,0,34.36,REPEATEDHITSASCENDINGFILL,False,False,False,41596,0,929758372.0,231,ASK,LONG,1.0
BRUN,2026-05-29 14:39:17.014018+00:00,PUT,35.0,2026-07-17,140131,170,171,0,35.3,REPEATEDHITSASCENDINGFILL,False,False,False,126931,13200,929758372.0,49,ASK,SHORT,1.0
BRUN,2026-05-15 19:38:06.208696+00:00,PUT,20.0,2026-06-18,83453,428,928,256,29.3999,REPEATEDHITSDESCENDINGFILL,False,False,False,73118,7800,929758372.0,34,ASK,SHORT,1.0
BRUN,2026-05-15 18:48:23.153148+00:00,PUT,25.0,2026-06-18,10201,30,56,2,29.105,REPEATEDHITSDESCENDINGFILL,False,False,False,0,10201,929758372.0,34,BID,LONG,0.5
BULL,2026-06-01 16:31:07.625675+00:00,CALL,5.5,2026-07-10,19503,197,791,0,6.24,REPEATEDHITS,True,False,False,0,19503,2423936730.0,39,BID,SHORT,0.5
BULL,2026-05-26 16:03:48.080407+00:00,CALL,6.5,2026-06-18,87360,2240,3070,2039,6.395,REPEATEDHITS,False,False,False,0,49725,2423936730.0,23,BID,SHORT,0.5
BULL,2026-05-26 14:29:27.364136+00:00,CALL,7.5,2026-06-26,30384,1899,2319,581,6.3,REPEATEDHITS,False,False,False,0,30384,2423936730.0,31,BID,SHORT,0.5
BULL,2026-05-22 13:40:01.091918+00:00,CALL,6.0,2026-05-29,89370,1655,7028,815,6.445,REPEATEDHITS,False,False,False,0,88560,2423936730.0,7,BID,SHORT,0.5
C,2026-06-10 16:18:12.514591+00:00,PUT,134.0,2026-06-12,80346,390,544,162,133.445,REPEATEDHITSASCENDINGFILL,False,False,False,830,79516,229792383147.0,2,BID,LONG,0.5
C,2026-06-10 15:34:28.271241+00:00,CALL,145.0,2026-10-16,1068500,1696,1795,600,132.965,REPEATEDHITSASCENDINGFILL,False,False,False,635,1067865,229792383147.0,128,BID,SHORT,0.5
C,2026-06-09 19:02:17.067225+00:00,PUT,140.0,2026-06-18,352935,596,616,203,135.18,REPEATEDHITSDESCENDINGFILL,False,False,False,343480,9455,229792383147.0,9,ASK,SHORT,1.0
C,2026-06-09 19:02:17.067225+00:00,PUT,137.0,2026-06-12,93314,312,327,86,135.18,REPEATEDHITSDESCENDINGFILL,True,False,False,81651,11663,229792383147.0,3,ASK,SHORT,1.0
C,2026-06-05 19:43:21.857244+00:00,PUT,130.0,2026-06-12,133700,764,1585,347,131.945,REPEATEDHITS,True,False,False,91350,875,229792383147.0,7,ASK,SHORT,1.0
C,2026-06-05 19:11:09.790169+00:00,PUT,134.0,2026-06-18,93275,205,258,61,131.7,REPEATEDHITS,True,False,False,0,93275,229792383147.0,13,BID,LONG,0.5
C,2026-06-05 19:11:09.790169+00:00,PUT,132.0,2026-06-18,125550,359,414,130,131.7,REPEATEDHITSASCENDINGFILL,True,False,False,31500,94050,229792383147.0,13,BID,LONG,0.5
C,2026-06-04 19:54:42.076867+00:00,PUT,133.0,2026-06-05,51059,1721,2608,93,135.07,REPEATEDHITSASCENDINGFILL,True,False,False,35310,29,229792383147.0,1,ASK,SHORT,1.0
C,2026-06-02 16:33:06.659736+00:00,PUT,140.0,2026-09-18,74730,53,53,40,130.97,REPEATEDHITS,False,False,False,0,74730,229792383147.0,108,BID,LONG,0.5
C,2026-06-02 14:43:30.115024+00:00,CALL,133.0,2026-06-12,159797,803,890,257,130.41,REPEATEDHITS,False,False,False,0,159797,229792383147.0,10,BID,SHORT,0.5
C,2026-06-01 18:44:13.768609+00:00,CALL,185.0,2028-12-15,575005,500,3015,208,128.4,REPEATEDHITS,True,False,False,0,573850,229792383147.0,928,BID,SHORT,0.5
C,2026-06-01 18:43:50.518352+00:00,CALL,185.0,2028-12-15,575125,500,2505,208,128.45,REPEATEDHITSASCENDINGFILL,True,False,False,0,575125,229792383147.0,928,BID,SHORT,0.5
C,2026-06-01 18:36:15.112376+00:00,CALL,185.0,2028-12-15,585515,504,1504,208,128.335,REPEATEDHITSASCENDINGFILL,True,False,False,455435,130080,229792383147.0,928,ASK,LONG,1.0
C,2026-06-01 16:10:21.275203+00:00,PUT,128.0,2026-06-05,154575,687,731,45,127.425,REPEATEDHITS,False,False,False,154575,0,229792383147.0,4,ASK,SHORT,1.0
C,2026-06-01 14:41:40.517204+00:00,PUT,124.0,2026-06-05,108584,1108,1219,325,126.33,REPEATEDHITS,False,False,False,103684,4900,229792383147.0,4,ASK,SHORT,1.0
C,2026-05-29 15:18:26.741210+00:00,CALL,150.0,2026-08-21,223364,1500,1503,535,126.45,REPEATEDHITSDESCENDINGFILL,False,False,False,199064,24300,229792383147.0,84,ASK,LONG,1.0
C,2026-05-27 18:46:37.738218+00:00,CALL,127.0,2026-06-18,233619,766,821,222,125.1099,REPEATEDHITS,False,False,False,233619,0,229792383147.0,22,ASK,LONG,1.0
C,2026-05-27 15:51:07.680539+00:00,CALL,130.0,2026-08-21,2526039,4355,4430,1552,125.02,REPEATEDHITSASCENDINGFILL,False,False,False,580,2525459,229792383147.0,86,BID,SHORT,0.5
C,2026-05-27 15:49:49.973890+00:00,PUT,123.0,2026-06-12,51429,217,217,119,124.94,REPEATEDHITS,True,False,False,0,51429,229792383147.0,16,BID,LONG,0.5
C,2026-05-27 14:20:06.924202+00:00,PUT,119.0,2026-06-18,51897,372,372,290,125.82,REPEATEDHITSASCENDINGFILL,False,False,False,24339,27558,229792383147.0,22,BID,LONG,0.5
C,2026-05-26 17:10:04.955487+00:00,CALL,127.0,2026-05-29,59534,578,770,418,125.82,REPEATEDHITS,False,False,False,59534,0,229792383147.0,3,ASK,LONG,1.0
C,2026-05-26 15:17:47.400401+00:00,CALL,128.0,2026-06-05,170016,924,985,241,126.15,REPEATEDHITS,False,False,False,170016,0,229792383147.0,10,ASK,LONG,1.0
C,2026-05-22 17:51:58.366159+00:00,PUT,126.0,2026-05-29,196224,1022,1079,248,125.7,REPEATEDHITS,False,False,False,196224,0,229792383147.0,7,ASK,SHORT,1.0
C,2026-05-22 16:35:50.987905+00:00,PUT,125.0,2026-05-29,56885,367,831,284,125.435,REPEATEDHITS,False,False,False,56885,0,229792383147.0,7,ASK,SHORT,1.0
C,2026-05-22 14:49:58.133980+00:00,PUT,120.0,2026-06-12,70785,495,497,404,125.345,REPEATEDHITS,False,False,False,572,70213,229792383147.0,21,BID,LONG,0.5
C,2026-05-21 18:07:16.849972+00:00,CALL,133.0,2026-06-18,65205,483,1777,25,124.979,REPEATEDHITS,False,False,False,0,65205,229792383147.0,28,BID,SHORT,0.5
C,2026-05-21 14:52:30.481831+00:00,CALL,126.0,2026-06-18,504134,1461,1521,154,124.0901,REPEATEDHITSDESCENDINGFILL,False,False,False,15180,488954,229792383147.0,28,BID,SHORT,0.5
C,2026-05-21 14:18:43.511059+00:00,PUT,126.0,2026-05-22,94399,590,745,544,124.9201,REPEATEDHITS,False,False,False,94399,0,229792383147.0,1,ASK,SHORT,1.0
C,2026-05-20 14:39:21.381482+00:00,PUT,126.0,2026-06-12,190493,381,381,68,123.58,REPEATEDHITSDESCENDINGFILL,False,False,False,185993,4500,229792383147.0,23,ASK,SHORT,1.0
C,2026-05-20 14:29:13.987357+00:00,PUT,124.0,2026-05-22,163576,889,942,652,123.21,REPEATEDHITS,False,False,False,163576,0,229792383147.0,2,ASK,SHORT,1.0
C,2026-05-19 13:55:47.208237+00:00,CALL,121.0,2026-06-18,53580,114,121,0,121.0,REPEATEDHITS,False,False,False,33840,19740,229792383147.0,30,ASK,LONG,1.0
C,2026-05-19 13:40:45.905209+00:00,PUT,105.0,2026-07-17,1089377,8010,8040,2497,120.92,REPEATEDHITSDESCENDINGFILL,False,False,False,422,1088955,229792383147.0,59,BID,LONG,0.5
C,2026-05-18 18:36:07.621848+00:00,PUT,112.0,2026-06-18,91300,830,848,0,122.25,REPEATEDHITS,False,False,False,550,90750,229792383147.0,31,BID,LONG,0.5
C,2026-05-18 15:02:34.631597+00:00,PUT,122.0,2026-06-12,51750,150,150,21,122.95,REPEATEDHITS,True,False,False,51750,0,229792383147.0,25,ASK,SHORT,1.0
C,2026-05-15 13:39:28.739106+00:00,CALL,130.0,2026-05-22,73416,1932,2053,1011,123.335,REPEATEDHITS,False,False,False,0,73416,229792383147.0,7,BID,SHORT,0.5
C,2026-05-13 19:59:43.313067+00:00,PUT,124.0,2026-05-29,94500,300,344,62,124.0999,REPEATEDHITS,False,False,False,94500,0,229792383147.0,16,ASK,SHORT,1.0
C,2026-05-13 16:57:33.424047+00:00,CALL,127.0,2026-05-22,138567,741,749,56,125.2,REPEATEDHITS,False,False,False,0,130900,229792383147.0,9,BID,SHORT,0.5
C,2026-05-12 14:23:05.688283+00:00,PUT,65.0,2028-12-15,586945,1365,1365,77,123.75,REPEATEDHITS,False,False,False,555555,31390,229792383147.0,948,ASK,SHORT,1.0
C,2026-05-12 14:16:00.904414+00:00,CALL,125.0,2026-05-22,84168,334,345,130,124.29,REPEATEDHITS,False,False,False,0,84168,229792383147.0,10,BID,SHORT,0.5
CBRS,2026-06-10 17:10:41.409494+00:00,CALL,255.0,2026-06-18,14300,13,43,12,237.05,REPEATEDHITS,True,False,False,0,14300,14330000000.0,8,BID,SHORT,0.5
CBRS,2026-06-10 14:41:16.362093+00:00,CALL,225.0,2026-07-02,160523,35,60,17,251.985,REPEATEDHITSASCENDINGFILL,False,False,False,27540,132983,14330000000.0,22,BID,SHORT,0.5
CBRS,2026-06-09 19:10:15.440568+00:00,CALL,230.0,2026-06-26,1115000,500,761,174,228.94,FLOORTRADELARGECAP,False,True,False,0,1115000,14330000000.0,17,BID,SHORT,0.5
CBRS,2026-06-09 13:52:47.307412+00:00,CALL,385.0,2026-06-26,11710,31,82,3,229.8,REPEATEDHITSDESCENDINGFILL,False,False,False,7220,4490,14330000000.0,17,ASK,LONG,1.0
CBRS,2026-06-09 13:52:47.307412+00:00,CALL,395.0,2026-06-26,19600,56,106,32,229.8,REPEATEDHITS,False,False,False,18200,1400,14330000000.0,17,ASK,LONG,1.0
CBRS,2026-06-09 13:41:40.949648+00:00,CALL,390.0,2026-06-26,34360,99,99,12,229.5,REPEATEDHITSDESCENDINGFILL,True,False,False,22400,11960,14330000000.0,17,ASK,LONG,1.0
CBRS,2026-06-09 13:41:40.949648+00:00,CALL,395.0,2026-06-26,16700,50,50,32,229.5,REPEATEDHITSDESCENDINGFILL,True,False,False,6800,9900,14330000000.0,17,BID,SHORT,0.5
CBRS,2026-06-09 13:41:40.949648+00:00,CALL,385.0,2026-06-26,17270,48,48,3,229.5,REPEATEDHITS,True,False,False,16200,1070,14330000000.0,17,ASK,LONG,1.0
CBRS,2026-06-08 19:59:40.770318+00:00,PUT,237.5,2026-06-12,130000,100,137,3,238.36,REPEATEDHITS,True,False,False,130000,0,14330000000.0,4,ASK,SHORT,1.0
CBRS,2026-06-08 19:44:57.263236+00:00,CALL,345.0,2026-06-12,14400,180,1323,12,239.015,REPEATEDHITS,False,False,False,10800,3600,14330000000.0,4,ASK,LONG,1.0
CBRS,2026-06-08 19:42:30.273120+00:00,CALL,345.0,2026-06-12,31435,370,1143,12,238.84,REPEATEDHITS,True,False,False,240,31195,14330000000.0,4,BID,SHORT,0.5
CBRS,2026-06-08 19:12:37.462028+00:00,CALL,325.0,2026-06-12,15680,98,207,40,241.28,REPEATEDHITS,False,False,False,2400,13280,14330000000.0,4,BID,SHORT,0.5
CBRS,2026-06-08 17:34:54.144828+00:00,CALL,262.5,2026-06-18,39690,30,70,12,240.25,REPEATEDHITSASCENDINGFILL,True,False,False,11940,27750,14330000000.0,10,BID,SHORT,0.5
CBRS,2026-06-08 17:34:54.144828+00:00,CALL,262.5,2026-06-18,21145,16,40,12,240.0,REPEATEDHITS,True,False,False,1330,19815,14330000000.0,10,BID,SHORT,0.5
CBRS,2026-06-08 17:21:37.392455+00:00,CALL,315.0,2026-06-26,53760,48,99,5,247.436,REPEATEDHITS,False,False,False,0,53760,14330000000.0,18,BID,SHORT,0.5
CBRS,2026-06-08 16:51:53.994225+00:00,CALL,210.0,2026-07-24,57230,10,45,0,246.25,REPEATEDHITSDESCENDINGFILL,True,False,False,51510,5720,14330000000.0,46,ASK,LONG,1.0
CBRS,2026-06-08 16:51:09.347654+00:00,CALL,260.0,2026-07-10,45080,15,19,7,245.5,REPEATEDHITSDESCENDINGFILL,True,False,False,27020,18060,14330000000.0,32,ASK,LONG,1.0
CBRS,2026-06-08 16:36:35.779634+00:00,CALL,235.0,2026-06-12,92500,50,310,46,241.85,REPEATEDHITS,False,False,False,92500,0,14330000000.0,4,ASK,LONG,1.0
CBRS,2026-06-08 16:31:25.683469+00:00,PUT,200.0,2026-07-24,15300,9,28,1,243.17,REPEATEDHITS,True,False,False,5100,10200,14330000000.0,46,BID,LONG,0.5
CBRS,2026-06-08 16:30:29.020076+00:00,CALL,345.0,2026-06-12,13495,100,109,12,242.56,REPEATEDHITSDESCENDINGFILL,True,False,False,13495,0,14330000000.0,4,ASK,LONG,1.0
CBRS,2026-06-08 15:33:46.318557+00:00,CALL,220.0,2026-06-12,998960,436,1119,192,235.41,REPEATEDHITSDESCENDINGFILL,False,False,False,0,998960,14330000000.0,4,BID,SHORT,0.5
CBRS,2026-06-08 14:59:09.480033+00:00,CALL,235.0,2026-06-12,104430,66,196,46,236.985,REPEATEDHITS,False,False,False,77570,26860,14330000000.0,4,ASK,LONG,1.0
CBRS,2026-06-08 14:49:59.724351+00:00,CALL,500.0,2026-10-16,157399,105,227,52,235.25,REPEATEDHITSDESCENDINGFILL,False,False,False,149949,7450,14330000000.0,130,ASK,LONG,1.0
CBRS,2026-06-08 14:03:44.153366+00:00,PUT,220.0,2026-07-24,57180,19,19,0,227.905,REPEATEDHITSASCENDINGFILL,False,False,False,18120,21060,14330000000.0,46,BID,LONG,0.5
CBRS,2026-06-08 14:00:40.628414+00:00,CALL,490.0,2026-06-18,12270,108,115,99,222.94,REPEATEDHITSASCENDINGFILL,True,False,False,1575,10695,14330000000.0,10,BID,SHORT,0.5
CBRS,2026-06-08 13:59:35.656209+00:00,CALL,262.5,2026-06-26,30180,24,24,1,223.68,REPEATEDHITSDESCENDINGFILL,False,False,False,20200,9980,14330000000.0,18,ASK,LONG,1.0
CBRS,2026-06-08 13:59:17.027549+00:00,CALL,245.0,2026-06-18,23970,22,23,0,223.42,REPEATEDHITS,True,False,False,23970,0,14330000000.0,10,ASK,LONG,1.0
CBRS,2026-06-05 15:51:04.722942+00:00,CALL,245.0,2026-06-12,34786,79,87,45,210.5617,REPEATEDHITSASCENDINGFILL,False,False,False,0,34336,14330000000.0,7,BID,SHORT,0.5
CBRS,2026-06-05 15:38:51.972363+00:00,CALL,272.5,2026-06-18,31200,65,184,7,210.98,REPEATEDHITS,False,False,False,0,31200,14330000000.0,13,BID,SHORT,0.5
CBRS,2026-06-04 18:46:04.975984+00:00,PUT,150.0,2026-07-17,71750,205,217,156,216.57,REPEATEDHITS,False,False,False,71750,0,14330000000.0,43,ASK,SHORT,1.0
CBRS,2026-06-04 17:44:01.407942+00:00,CALL,345.0,2026-06-18,15910,74,74,9,214.25,REPEATEDHITS,False,False,False,15910,0,14330000000.0,14,ASK,LONG,1.0
CBRS,2026-06-04 17:33:04.175345+00:00,CALL,395.0,2026-07-10,21438,50,50,0,214.575,REPEATEDHITSDESCENDINGFILL,True,False,False,19778,1660,14330000000.0,36,ASK,LONG,1.0
CBRS,2026-06-04 17:09:28.038321+00:00,CALL,232.5,2026-06-12,14540,18,32,13,215.83,REPEATEDHITSDESCENDINGFILL,True,False,False,11340,3200,14330000000.0,8,ASK,LONG,1.0
CBRS,2026-06-04 17:03:11.752446+00:00,CALL,215.0,2026-06-05,98500,197,841,156,213.4,REPEATEDHITS,True,False,False,98500,0,14330000000.0,1,ASK,LONG,1.0
CBRS,2026-06-04 15:03:31.275676+00:00,CALL,200.0,2026-06-05,46000,40,84,11,209.3298,REPEATEDHITS,False,False,False,46000,0,14330000000.0,1,ASK,LONG,1.0
CBRS,2026-06-04 13:59:41.550583+00:00,CALL,320.0,2026-06-18,118914,642,642,316,208.88,REPEATEDHITSASCENDINGFILL,False,False,False,4560,114354,14330000000.0,14,BID,SHORT,0.5
CBRS,2026-06-03 18:07:37.392989+00:00,CALL,215.0,2026-06-12,47600,35,46,6,214.135,REPEATEDHITS,False,False,False,46240,1360,14330000000.0,9,ASK,LONG,1.0
CBRS,2026-06-03 16:36:52.783187+00:00,PUT,225.0,2026-07-02,58300,20,33,12,215.84,REPEATEDHITSASCENDINGFILL,True,False,False,29200,14550,14330000000.0,29,ASK,SHORT,1.0
CBRS,2026-06-03 16:36:25.344964+00:00,PUT,130.0,2027-01-15,129852,95,245,7,216.08,REPEATEDHITSDESCENDINGFILL,True,False,False,89050,40802,14330000000.0,226,ASK,SHORT,1.0
CBRS,2026-06-03 16:30:03.146669+00:00,PUT,197.5,2026-06-12,14250,25,64,10,215.58,REPEATEDHITS,False,False,False,14250,0,14330000000.0,9,ASK,SHORT,1.0
CBRS,2026-06-03 13:38:35.349405+00:00,CALL,267.5,2026-06-05,21525,269,270,95,224.71,REPEATEDHITS,False,False,False,0,21525,14330000000.0,2,BID,SHORT,0.5
CBRS,2026-06-02 18:32:05.363440+00:00,PUT,210.0,2026-10-16,184500,50,54,33,234.795,FLOORTRADELARGECAP,False,True,False,184500,0,14330000000.0,136,ASK,SHORT,1.0
CBRS,2026-06-02 18:05:27.036330+00:00,PUT,170.0,2028-12-15,202880,32,32,0,231.505,FLOORTRADELARGECAP,False,True,False,0,202880,14330000000.0,927,BID,LONG,0.5
CBRS,2026-06-02 16:41:26.487603+00:00,CALL,255.0,2026-07-10,21790,10,1210,1,231.045,REPEATEDHITS,False,False,False,21790,0,14330000000.0,38,ASK,LONG,1.0
CBRS,2026-06-02 16:02:51.745812+00:00,CALL,210.0,2026-06-05,399743,158,222,69,233.65,REPEATEDHITSASCENDINGFILL,False,False,False,0,399743,14330000000.0,3,BID,SHORT,0.5
CBRS,2026-06-02 15:50:11.042945+00:00,CALL,232.5,2026-06-18,23320,11,30,4,235.45,REPEATEDHITS,True,False,False,0,23320,14330000000.0,16,BID,SHORT,0.5
CBRS,2026-06-02 14:05:26.881762+00:00,CALL,222.5,2026-06-05,136000,100,116,46,229.35,REPEATEDHITS,False,False,False,73440,62560,14330000000.0,3,ASK,LONG,1.0
CBRS,2026-06-02 14:02:02.633156+00:00,CALL,400.0,2026-06-26,102468,456,456,48,227.22,REPEATEDHITSDESCENDINGFILL,False,False,False,96968,5500,14330000000.0,24,ASK,LONG,1.0
CBRS,2026-06-02 14:01:13.292469+00:00,CALL,400.0,2026-07-02,141485,489,489,6,227.7967,REPEATEDHITSDESCENDINGFILL,True,False,False,123245,10545,14330000000.0,30,ASK,LONG,1.0
CBRS,2026-06-01 19:39:48.828646+00:00,CALL,225.0,2026-06-05,10470,19,219,12,215.35,REPEATEDHITS,False,False,False,1100,9370,14330000000.0,4,BID,SHORT,0.5
CCJ,2026-06-10 17:48:58.883474+00:00,CALL,102.0,2026-07-10,10920,28,28,0,95.58,REPEATEDHITS,False,False,False,10920,0,44534287410.0,30,ASK,LONG,1.0
CCJ,2026-06-10 17:48:58.883474+00:00,CALL,104.0,2026-07-10,17490,53,53,0,95.58,REPEATEDHITS,False,False,False,17490,0,44534287410.0,30,ASK,LONG,1.0
CCJ,2026-06-10 17:48:25.046046+00:00,CALL,101.0,2026-06-26,10877,42,48,0,95.41,REPEATEDHITS,True,False,False,10619,258,44534287410.0,16,ASK,LONG,1.0
CCJ,2026-06-09 15:27:31.058483+00:00,PUT,99.0,2026-07-10,82095,161,161,5,101.88,REPEATEDHITS,True,False,False,59160,22935,44534287410.0,31,ASK,SHORT,1.0
CCJ,2026-06-09 15:27:31.058483+00:00,PUT,100.0,2026-07-24,15278,22,33,5,101.875,REPEATEDHITSASCENDINGFILL,True,False,False,9730,5548,44534287410.0,45,ASK,SHORT,1.0
CCJ,2026-06-09 14:52:47.143467+00:00,CALL,109.0,2026-06-18,13833,87,1050,22,102.9567,REPEATEDHITS,False,False,False,13833,0,44534287410.0,9,ASK,LONG,1.0
CCJ,2026-06-09 14:52:43.280892+00:00,CALL,109.0,2026-06-18,13992,88,951,22,102.93,REPEATEDHITS,True,False,False,13992,0,44534287410.0,9,ASK,LONG,1.0
CCJ,2026-06-09 14:52:38.875155+00:00,CALL,109.0,2026-06-18,15423,97,863,22,102.93,REPEATEDHITS,False,False,False,15423,0,44534287410.0,9,ASK,LONG,1.0
CCJ,2026-06-09 14:52:32.463008+00:00,CALL,109.0,2026-06-18,11492,72,648,22,102.93,REPEATEDHITSDESCENDINGFILL,False,False,False,7040,4452,44534287410.0,9,ASK,LONG,1.0
CCJ,2026-06-09 14:52:32.463008+00:00,CALL,109.0,2026-06-18,13515,85,751,22,102.93,REPEATEDHITS,True,False,False,13515,0,44534287410.0,9,ASK,LONG,1.0
CCJ,2026-06-09 14:52:24.849861+00:00,CALL,109.0,2026-06-18,13920,87,87,22,103.015,REPEATEDHITS,True,False,False,9760,0,44534287410.0,9,ASK,LONG,1.0
CCJ,2026-06-09 14:52:24.849861+00:00,CALL,109.0,2026-06-18,75520,472,559,22,103.015,REPEATEDHITS,False,False,False,0,0,44534287410.0,9,MIXED,,0.0
CCJ,2026-06-09 13:42:33.822437+00:00,PUT,75.0,2026-08-21,1805600,14800,14800,11,105.265,LOWHISTORICVOLUMEFLOOR,False,True,False,0,1805600,44534287410.0,73,BID,LONG,0.5
CCJ,2026-06-08 17:31:31.296693+00:00,PUT,80.0,2026-08-21,114260,580,588,49,106.0301,REPEATEDHITS,False,False,False,114260,0,44534287410.0,74,ASK,SHORT,1.0
CCJ,2026-06-08 14:01:08.678019+00:00,CALL,110.0,2026-06-12,14000,100,170,73,105.3625,REPEATEDHITS,False,False,False,14000,0,44534287410.0,4,ASK,LONG,1.0
CCJ,2026-06-05 19:15:30.384722+00:00,PUT,103.0,2026-06-05,13481,172,265,159,102.88,REPEATEDHITS,True,False,False,13481,0,44534287410.0,0,ASK,SHORT,1.0
CCJ,2026-06-05 19:04:13.787549+00:00,CALL,105.0,2026-08-21,33450,30,31,9,103.83,REPEATEDHITS,True,False,False,33450,0,44534287410.0,77,ASK,LONG,1.0
CCJ,2026-06-05 18:59:42.927509+00:00,CALL,108.0,2026-07-10,24750,45,45,4,103.425,REPEATEDHITS,True,False,False,23100,1650,44534287410.0,35,ASK,LONG,1.0
CCJ,2026-06-05 18:25:27.153433+00:00,CALL,104.0,2026-07-02,42700,70,220,19,103.23,REPEATEDHITS,False,False,False,5490,0,44534287410.0,27,ASK,LONG,1.0
CCJ,2026-06-05 18:12:19.240262+00:00,PUT,97.0,2026-06-18,26566,163,163,65,103.9,REPEATEDHITS,False,False,False,9614,16952,44534287410.0,13,BID,LONG,0.5
CCJ,2026-06-05 18:12:19.240262+00:00,PUT,99.0,2026-06-26,34335,109,109,28,103.9,REPEATEDHITS,False,False,False,26460,7875,44534287410.0,21,ASK,SHORT,1.0
CCJ,2026-06-05 17:42:40.555531+00:00,CALL,118.0,2026-06-12,28214,762,766,164,105.06,REPEATEDHITSASCENDINGFILL,False,False,False,164,26570,44534287410.0,7,BID,SHORT,0.5
CCJ,2026-06-05 15:53:37.949432+00:00,PUT,101.0,2026-07-24,10620,18,18,1,106.66,REPEATEDHITS,False,False,False,0,10620,44534287410.0,49,BID,LONG,0.5
CCJ,2026-06-05 15:23:00.677559+00:00,CALL,118.0,2026-06-18,37204,284,304,119,107.0,REPEATEDHITS,False,False,False,0,37204,44534287410.0,13,BID,SHORT,0.5
CCJ,2026-06-05 13:59:20.716841+00:00,PUT,103.0,2026-06-12,49404,276,299,89,107.64,REPEATEDHITS,False,False,False,49404,0,44534287410.0,7,ASK,SHORT,1.0
CCJ,2026-06-05 13:59:20.716841+00:00,PUT,104.0,2026-06-12,79608,372,375,54,107.64,REPEATEDHITS,False,False,False,79608,0,44534287410.0,7,ASK,SHORT,1.0
CCJ,2026-06-05 13:59:20.716841+00:00,PUT,105.0,2026-06-12,53416,215,236,206,107.64,REPEATEDHITSDESCENDINGFILL,False,False,False,8032,45384,44534287410.0,7,BID,LONG,0.5
CCJ,2026-06-05 13:59:20.716841+00:00,PUT,102.0,2026-06-12,92474,639,652,62,107.5,REPEATEDHITS,False,False,False,66410,26064,44534287410.0,7,ASK,SHORT,1.0
CCJ,2026-06-04 18:06:23.012720+00:00,CALL,122.0,2026-06-12,15232,112,219,88,113.925,REPEATEDHITS,False,False,False,0,15232,44534287410.0,8,BID,SHORT,0.5
CCJ,2026-06-04 15:58:48.590582+00:00,PUT,112.0,2026-06-05,19426,158,362,112,113.55,REPEATEDHITSASCENDINGFILL,True,False,False,7192,12234,44534287410.0,1,BID,LONG,0.5
CCJ,2026-06-04 15:01:32.631783+00:00,PUT,114.0,2026-06-18,144375,275,275,86,113.94,REPEATEDHITS,False,False,False,0,144375,44534287410.0,14,BID,LONG,0.5
CCJ,2026-06-03 19:26:26.467070+00:00,CALL,125.0,2026-08-21,255354,266,283,50,114.83,REPEATEDHITS,False,False,False,255354,0,44534287410.0,79,ASK,LONG,1.0
CCJ,2026-06-02 19:03:05.480185+00:00,PUT,114.0,2026-06-18,11040,32,62,22,119.56,REPEATEDHITS,True,False,False,10350,690,44534287410.0,16,ASK,SHORT,1.0
CCJ,2026-06-02 16:30:51.045794+00:00,PUT,115.0,2026-06-12,12982,53,59,44,121.38,REPEATEDHITS,True,False,False,12982,0,44534287410.0,10,ASK,SHORT,1.0
CCJ,2026-06-02 16:12:45.821217+00:00,CALL,126.0,2026-06-05,27789,157,199,97,121.87,REPEATEDHITS,False,False,False,24072,3717,44534287410.0,3,ASK,LONG,1.0
CCJ,2026-06-02 15:10:37.073693+00:00,CALL,140.0,2026-08-21,36920,52,79,2,121.0986,REPEATEDHITS,True,False,False,0,36920,44534287410.0,80,BID,SHORT,0.5
CCJ,2026-06-02 15:00:50.995501+00:00,PUT,95.0,2026-08-21,80300,247,247,21,121.19,REPEATEDHITS,False,False,False,0,80300,44534287410.0,80,BID,LONG,0.5
CCJ,2026-06-02 13:56:38.196302+00:00,CALL,119.0,2026-06-12,42113,97,139,46,117.31,REPEATEDHITSASCENDINGFILL,True,False,False,27398,14715,44534287410.0,10,ASK,LONG,1.0
CCJ,2026-06-02 13:45:27.341451+00:00,PUT,110.0,2026-07-17,518350,848,849,412,117.28,REPEATEDHITSDESCENDINGFILL,True,False,False,489480,28870,44534287410.0,45,ASK,SHORT,1.0
CCJ,2026-06-02 13:42:40.321308+00:00,CALL,127.0,2026-06-26,116041,347,347,9,117.18,REPEATEDHITSDESCENDINGFILL,False,False,False,106801,9240,44534287410.0,24,ASK,LONG,1.0
CCJ,2026-06-02 13:42:40.321308+00:00,CALL,128.0,2026-06-12,65293,485,485,17,117.18,REPEATEDHITSDESCENDINGFILL,False,False,False,26772,38521,44534287410.0,10,BID,SHORT,0.5
CCJ,2026-06-02 13:42:40.321308+00:00,CALL,127.0,2026-06-12,60567,391,391,54,117.18,REPEATEDHITS,False,False,False,54715,5852,44534287410.0,10,ASK,LONG,1.0
CCJ,2026-06-02 13:42:40.321308+00:00,CALL,133.0,2026-06-26,20815,109,113,8,117.18,REPEATEDHITSDESCENDINGFILL,False,False,False,20437,378,44534287410.0,24,ASK,LONG,1.0
CCJ,2026-06-01 18:13:52.987245+00:00,PUT,120.0,2026-08-21,52360,34,34,2,113.61,REPEATEDHITS,False,False,False,52360,0,44534287410.0,81,ASK,SHORT,1.0
CCJ,2026-05-29 17:45:31.691377+00:00,CALL,114.0,2026-06-26,51200,80,80,5,113.0201,REPEATEDHITS,True,False,False,0,51200,44534287410.0,28,BID,SHORT,0.5
CCJ,2026-05-29 14:21:45.190988+00:00,CALL,109.0,2026-07-02,17595,23,23,4,109.4601,REPEATEDHITS,True,False,False,0,17595,44534287410.0,34,BID,SHORT,0.5
CCJ,2026-05-28 14:46:54.263003+00:00,PUT,110.0,2026-05-29,84376,339,421,295,108.64,REPEATEDHITSDESCENDINGFILL,True,False,False,45277,39099,44534287410.0,1,ASK,SHORT,1.0
CCJ,2026-05-27 18:53:52.304930+00:00,PUT,111.0,2026-05-29,59660,157,160,64,107.99,REPEATEDHITS,False,False,False,0,56620,44534287410.0,2,BID,LONG,0.5
CCJ,2026-05-27 17:56:37.480327+00:00,CALL,125.0,2026-06-26,12310,76,76,18,108.09,REPEATEDHITS,False,False,False,0,12310,44534287410.0,30,BID,SHORT,0.5
CCJ,2026-05-27 15:35:46.857006+00:00,CALL,112.0,2026-06-12,26220,76,98,52,108.14,REPEATEDHITS,False,False,False,0,26220,44534287410.0,16,BID,SHORT,0.5
CCL,2026-06-09 19:30:59.628626+00:00,PUT,27.5,2026-06-12,28028,539,5746,370,27.71,REPEATEDHITS,True,False,False,780,26468,14632562268.0,3,BID,LONG,0.5
CCL,2026-06-09 16:48:12.985440+00:00,PUT,24.0,2026-07-02,18096,312,318,271,27.015,REPEATEDHITS,False,False,False,18096,0,14632562268.0,23,ASK,SHORT,1.0
CCL,2026-06-09 16:43:58.744053+00:00,PUT,27.5,2026-06-12,98175,935,4777,370,26.89,REPEATEDHITS,True,False,False,24255,73920,14632562268.0,3,BID,LONG,0.5
CCL,2026-06-09 16:43:23.087458+00:00,PUT,27.5,2026-06-12,59010,562,2735,370,26.8901,REPEATEDHITS,True,False,False,53025,5985,14632562268.0,3,ASK,SHORT,1.0
CCL,2026-06-09 16:42:48.624163+00:00,PUT,27.5,2026-06-12,64785,617,2090,370,26.885,REPEATEDHITS,True,False,False,64785,0,14632562268.0,3,ASK,SHORT,1.0
CCL,2026-06-09 16:42:43.818652+00:00,PUT,27.5,2026-06-12,41303,401,565,370,26.895,REPEATEDHITS,True,False,False,24823,16480,14632562268.0,3,ASK,SHORT,1.0
CCL,2026-06-09 16:42:43.818652+00:00,PUT,27.5,2026-06-12,94432,908,1473,370,26.895,REPEATEDHITS,True,False,False,42640,0,14632562268.0,3,ASK,SHORT,1.0
CCL,2026-06-08 15:55:26.283771+00:00,PUT,25.0,2026-07-24,10101,91,227,0,27.16,REPEATEDHITS,False,False,False,6771,3330,14632562268.0,46,ASK,SHORT,1.0
CCL,2026-06-05 19:23:34.531645+00:00,PUT,17.5,2026-08-21,19416,809,811,194,27.07,REPEATEDHITS,False,False,False,17592,96,14632562268.0,77,ASK,SHORT,1.0
CCL,2026-06-04 19:48:27.947860+00:00,PUT,15.0,2026-09-18,24784,1549,12550,1304,27.795,REPEATEDHITS,False,False,False,0,24784,14632562268.0,106,BID,LONG,0.5
CCL,2026-06-04 19:48:07.325655+00:00,PUT,15.0,2026-09-18,31200,1950,11001,1304,27.785,REPEATEDHITS,False,False,False,0,31200,14632562268.0,106,BID,LONG,0.5
CCL,2026-06-04 19:47:31.274793+00:00,PUT,15.0,2026-09-18,31200,1950,8501,1304,27.785,REPEATEDHITS,False,False,False,0,31200,14632562268.0,106,BID,LONG,0.5
CCL,2026-06-04 19:47:13.055930+00:00,PUT,15.0,2026-09-18,31200,1950,6551,1304,27.795,REPEATEDHITS,False,False,False,0,31200,14632562268.0,106,BID,LONG,0.5
CCL,2026-06-04 19:46:29.614504+00:00,PUT,15.0,2026-09-18,31200,1950,4601,1304,27.84,REPEATEDHITS,False,False,False,0,31200,14632562268.0,106,BID,LONG,0.5
CCL,2026-06-04 19:46:08.579191+00:00,PUT,15.0,2026-09-18,24224,1514,2215,1304,27.855,REPEATEDHITS,False,False,False,0,24224,14632562268.0,106,BID,LONG,0.5
CCL,2026-06-03 17:09:48.283235+00:00,CALL,31.0,2026-08-21,34222,241,246,230,27.16,REPEATEDHITS,False,False,False,34222,0,14632562268.0,79,ASK,LONG,1.0
CCL,2026-06-03 15:06:51.713425+00:00,PUT,26.0,2027-01-15,16905,49,53,26,27.715,REPEATEDHITS,False,False,False,12765,0,14632562268.0,226,ASK,SHORT,1.0
CCL,2026-06-02 18:20:24.672118+00:00,CALL,30.0,2026-09-18,3390000,15000,15093,3718,27.445,FLOORTRADELARGECAP,False,True,True,3390000,0,14632562268.0,108,ASK,LONG,1.0
CCL,2026-06-02 16:25:06.840730+00:00,CALL,28.0,2027-01-15,14685,33,33,1,27.515,REPEATEDHITS,False,False,False,12905,0,14632562268.0,227,ASK,LONG,1.0
CCL,2026-06-02 14:45:03.768674+00:00,CALL,26.0,2026-12-18,14935,29,29,0,27.5252,REPEATEDHITS,False,False,False,9785,1030,14632562268.0,199,ASK,LONG,1.0
CCL,2026-06-01 19:58:26.195091+00:00,CALL,27.5,2026-06-05,68328,876,1722,444,27.545,REPEATEDHITS,False,False,False,68328,0,14632562268.0,4,ASK,LONG,1.0
CCL,2026-06-01 16:52:22.824763+00:00,PUT,28.5,2026-06-18,35024,199,209,134,27.57,REPEATEDHITS,False,False,False,0,35024,14632562268.0,17,BID,LONG,0.5
CCL,2026-05-29 15:19:44.453245+00:00,CALL,31.0,2026-11-20,10880,34,34,1,28.345,REPEATEDHITS,False,False,False,3200,7680,14632562268.0,175,BID,SHORT,0.5
CCL,2026-05-29 14:24:01.123227+00:00,CALL,32.0,2026-11-20,25337,93,255,46,28.01,REPEATEDHITSASCENDINGFILL,False,False,False,25337,0,14632562268.0,175,ASK,LONG,1.0
CCL,2026-05-29 14:24:01.123227+00:00,CALL,32.0,2026-11-20,14584,54,162,46,28.01,REPEATEDHITSASCENDINGFILL,False,False,False,14584,0,14632562268.0,175,ASK,LONG,1.0
CCL,2026-05-28 17:41:58.424041+00:00,PUT,25.5,2026-06-12,14004,389,437,47,28.125,REPEATEDHITS,False,False,False,0,14004,14632562268.0,15,BID,LONG,0.5
CCL,2026-05-28 16:55:48.778953+00:00,PUT,28.0,2026-06-12,14478,127,247,47,28.165,REPEATEDHITS,True,False,False,0,14478,14632562268.0,15,BID,LONG,0.5
CCL,2026-05-27 19:33:53.280747+00:00,CALL,28.5,2026-05-29,19082,658,1341,601,27.95,REPEATEDHITS,True,False,False,19053,29,14632562268.0,2,ASK,LONG,1.0
CCL,2026-05-27 17:05:48.102594+00:00,PUT,25.0,2026-06-26,32777,449,483,142,27.935,REPEATEDHITS,False,False,False,0,32777,14632562268.0,30,BID,LONG,0.5
CCL,2026-05-27 15:43:36.208233+00:00,PUT,27.5,2026-06-05,11368,116,164,24,27.735,REPEATEDHITS,False,False,False,11368,0,14632562268.0,9,ASK,SHORT,1.0
CCL,2026-05-26 18:38:19.174061+00:00,CALL,28.0,2026-11-20,12375,33,63,2,26.8,REPEATEDHITS,False,False,False,8625,3750,14632562268.0,178,ASK,LONG,1.0
CCL,2026-05-26 18:35:27.164048+00:00,CALL,27.0,2026-11-20,13440,32,33,31,26.795,REPEATEDHITS,False,False,False,9240,4200,14632562268.0,178,ASK,LONG,1.0
CCL,2026-05-26 15:24:50.177453+00:00,CALL,30.5,2026-06-18,14018,326,338,17,26.65,REPEATEDHITS,False,False,False,10621,0,14632562268.0,23,ASK,LONG,1.0
CCL,2026-05-22 17:29:47.193585+00:00,PUT,29.5,2026-05-22,30690,99,102,2,26.3,REPEATEDHITS,False,False,False,0,30690,14632562268.0,0,BID,LONG,0.5
CCL,2026-05-21 18:55:04.711750+00:00,CALL,23.0,2026-05-29,73413,233,234,129,26.06,REPEATEDHITSASCENDINGFILL,False,False,False,0,73413,14632562268.0,8,BID,SHORT,0.5
CCL,2026-05-21 18:02:48.293327+00:00,CALL,30.0,2026-05-29,39970,5000,5003,3052,26.225,REPEATEDHITSASCENDINGFILL,True,False,False,7930,10456,14632562268.0,8,BID,SHORT,0.5
CCL,2026-05-21 17:11:44.467898+00:00,CALL,25.5,2026-05-29,712839,8704,8742,1450,25.425,REPEATEDHITSDESCENDINGFILL,True,False,False,11890,700703,14632562268.0,8,BID,SHORT,0.5
CCL,2026-05-20 19:42:06.908291+00:00,CALL,30.0,2026-06-05,23004,1278,5812,227,26.065,REPEATEDHITS,False,False,False,23004,0,14632562268.0,16,ASK,LONG,1.0
CCL,2026-05-20 19:40:31.506268+00:00,CALL,30.0,2026-06-05,62172,3454,3721,227,26.135,REPEATEDHITS,False,False,False,52236,2772,14632562268.0,16,ASK,LONG,1.0
CCL,2026-05-20 18:31:36.995816+00:00,PUT,24.0,2027-01-15,61760,193,239,41,26.2793,REPEATEDHITS,False,False,False,320,61440,14632562268.0,240,BID,LONG,0.5
CCL,2026-05-20 17:59:15.545362+00:00,PUT,26.5,2026-05-29,16940,154,197,30,26.18,REPEATEDHITS,False,False,False,13750,3190,14632562268.0,9,ASK,SHORT,1.0
CCL,2026-05-20 16:28:23.497489+00:00,PUT,25.5,2026-06-05,46746,441,465,4,25.72,REPEATEDHITS,True,False,False,0,46746,14632562268.0,16,BID,LONG,0.5
CCL,2026-05-20 14:29:11.777299+00:00,CALL,25.5,2026-06-18,116888,940,1008,108,24.74,REPEATEDHITSASCENDINGFILL,False,False,False,116888,0,14632562268.0,29,ASK,LONG,1.0
CCL,2026-05-19 19:58:23.502131+00:00,CALL,23.0,2026-07-17,94500,350,367,174,23.8535,REPEATEDHITS,False,False,False,37800,18900,14632562268.0,59,ASK,LONG,1.0
CCL,2026-05-19 16:11:58.084371+00:00,PUT,21.5,2026-06-18,10920,195,230,0,23.8999,REPEATEDHITS,False,False,False,10696,0,14632562268.0,30,ASK,SHORT,1.0
CCL,2026-05-19 15:03:16.852757+00:00,PUT,17.5,2026-11-20,46465,419,439,115,23.945,REPEATEDHITSASCENDINGFILL,False,False,False,41625,4840,14632562268.0,185,ASK,SHORT,1.0
CCL,2026-05-18 18:06:01.189554+00:00,CALL,27.0,2026-08-21,357160,1813,1917,1,24.875,REPEATEDHITSASCENDINGFILL,False,False,False,356964,196,14632562268.0,95,ASK,LONG,1.0
CCL,2026-05-18 14:30:58.613959+00:00,PUT,27.0,2026-08-21,39785,109,119,0,25.265,REPEATEDHITS,False,False,False,0,39785,14632562268.0,95,BID,LONG,0.5
CCL,2026-05-14 18:38:24.071127+00:00,CALL,25.5,2026-05-29,29340,300,303,6,25.375,REPEATEDHITSASCENDINGFILL,False,False,False,29340,0,14632562268.0,15,ASK,LONG,1.0
CCL,2026-05-14 15:09:08.631788+00:00,CALL,26.0,2026-06-12,10050,75,75,64,25.685,REPEATEDHITS,False,False,False,0,10050,14632562268.0,29,BID,SHORT,0.5
CELH,2026-06-10 19:18:49.391588+00:00,CALL,35.0,2026-08-21,39070,244,3010,108,28.42,REPEATEDHITS,True,False,False,6080,32990,7206501748.0,72,BID,SHORT,0.5
CELH,2026-06-10 19:07:24.890460+00:00,CALL,34.0,2026-07-24,10840,150,154,5,28.58,REPEATEDHITS,False,False,False,0,10840,7206501748.0,44,BID,SHORT,0.5
CELH,2026-06-10 14:01:45.697918+00:00,CALL,35.0,2026-08-21,21610,120,494,108,28.745,REPEATEDHITSDESCENDINGFILL,False,False,False,0,3610,7206501748.0,72,BID,SHORT,0.5
CELH,2026-06-09 19:58:41.284088+00:00,CALL,30.0,2026-08-21,14786,50,116,28,28.2,REPEATEDHITS,False,False,False,2691,12095,7206501748.0,73,BID,SHORT,0.5
CELH,2026-06-09 19:39:08.643497+00:00,CALL,28.5,2026-06-12,19600,400,510,162,28.04,REPEATEDHITS,True,False,False,19600,0,7206501748.0,3,ASK,LONG,1.0
CELH,2026-06-09 18:05:34.368965+00:00,CALL,30.0,2026-08-21,14750,50,62,28,28.085,REPEATEDHITS,False,False,False,12685,2065,7206501748.0,73,ASK,LONG,1.0
CELH,2026-06-09 15:23:19.557764+00:00,CALL,37.5,2026-08-21,52038,413,417,7,28.5305,REPEATEDHITS,False,False,False,0,52038,7206501748.0,73,BID,SHORT,0.5
CELH,2026-06-05 18:50:52.950762+00:00,CALL,35.0,2026-06-26,39216,1634,1682,488,28.1801,REPEATEDHITS,False,False,False,0,39216,7206501748.0,21,BID,SHORT,0.5
CELH,2026-06-05 16:29:24.631570+00:00,CALL,29.0,2026-06-12,78589,972,2110,842,28.37,REPEATEDHITSASCENDINGFILL,False,False,False,10368,35335,7206501748.0,7,BID,SHORT,0.5
CELH,2026-06-04 19:59:49.486268+00:00,CALL,30.0,2026-06-12,18603,349,873,162,27.74,REPEATEDHITSASCENDINGFILL,False,False,False,18523,80,7206501748.0,8,ASK,LONG,1.0
CELH,2026-06-04 19:15:04.871820+00:00,PUT,22.5,2026-10-16,39983,199,216,144,27.67,REPEATEDHITSDESCENDINGFILL,False,False,False,0,24833,7206501748.0,134,BID,LONG,0.5
CELH,2026-06-04 16:11:41.089046+00:00,CALL,28.5,2026-06-05,20722,506,1249,78,27.99,REPEATEDHITSDESCENDINGFILL,True,False,False,20494,228,7206501748.0,1,ASK,LONG,1.0
CELH,2026-06-04 16:10:18.001090+00:00,CALL,28.5,2026-06-05,24551,505,693,78,28.0701,REPEATEDHITSDESCENDINGFILL,True,False,False,24341,210,7206501748.0,1,ASK,LONG,1.0
CELH,2026-06-04 16:08:28.245871+00:00,CALL,28.0,2026-06-05,15000,250,350,75,27.985,REPEATEDHITS,False,False,False,7500,0,7206501748.0,1,ASK,LONG,1.0
CELH,2026-06-04 15:03:08.439549+00:00,CALL,29.0,2026-06-12,88126,634,650,58,29.59,REPEATEDHITS,False,False,False,0,88126,7206501748.0,8,BID,SHORT,0.5
CELH,2026-06-04 14:12:24.600210+00:00,CALL,27.0,2026-06-18,16450,50,50,26,29.78,REPEATEDHITSASCENDINGFILL,False,False,False,0,13810,7206501748.0,14,BID,SHORT,0.5
CELH,2026-06-04 13:57:36.278617+00:00,PUT,25.0,2026-06-18,36647,2819,2827,2483,29.98,REPEATEDHITS,False,False,False,1118,35529,7206501748.0,14,BID,LONG,0.5
CELH,2026-06-02 18:13:53.723388+00:00,PUT,30.0,2026-06-05,63936,1332,1840,1118,30.61,REPEATEDHITS,False,False,False,0,53952,7206501748.0,3,BID,LONG,0.5
CELH,2026-05-29 15:39:07.697702+00:00,CALL,33.5,2026-06-12,52088,383,385,26,32.86,REPEATEDHITS,False,False,False,0,52088,7206501748.0,14,BID,SHORT,0.5
CELH,2026-05-28 16:11:49.812659+00:00,CALL,36.0,2026-07-02,402904,2490,5046,10,32.88,SWEEPSFOLLOWEDBYFLOOR,True,True,False,400889,1085,7206501748.0,35,ASK,LONG,1.0
CELH,2026-05-28 16:10:12.258335+00:00,CALL,36.0,2026-07-02,74889,477,3046,10,32.92,REPEATEDHITS,True,False,False,74889,0,7206501748.0,35,ASK,LONG,1.0
CELH,2026-05-28 16:08:56.130616+00:00,CALL,36.0,2026-07-02,253419,1635,1637,10,32.88,REPEATEDHITS,True,False,False,0,12859,7206501748.0,35,BID,SHORT,0.5
CELH,2026-05-27 15:03:32.287282+00:00,CALL,33.0,2026-06-05,150750,1125,1253,320,32.745,REPEATEDHITS,False,False,False,0,150750,7206501748.0,9,BID,SHORT,0.5
CELH,2026-05-26 19:09:59.475141+00:00,CALL,33.0,2026-06-18,30046,362,375,23,30.03,REPEATEDHITS,False,False,False,25315,3569,7206501748.0,23,ASK,LONG,1.0
CELH,2026-05-26 19:07:27.052167+00:00,CALL,29.0,2026-05-29,410536,3159,3239,328,29.85,SWEEPSFOLLOWEDBYFLOOR,True,True,False,410536,0,7206501748.0,3,ASK,LONG,1.0
CELH,2026-05-22 18:49:37.743141+00:00,CALL,40.0,2027-06-17,100500,193,274,94,29.85,REPEATEDHITSDESCENDINGFILL,False,False,False,0,100500,7206501748.0,391,BID,SHORT,0.5
CELH,2026-05-22 18:15:53.027363+00:00,PUT,29.0,2026-06-18,18360,135,136,134,29.705,REPEATEDHITS,False,False,False,3400,14960,7206501748.0,27,BID,LONG,0.5
CELH,2026-05-21 15:50:09.316305+00:00,PUT,29.0,2026-05-29,42398,493,2015,460,29.0366,REPEATEDHITS,True,False,False,37152,5246,7206501748.0,8,ASK,SHORT,1.0
CELH,2026-05-20 18:31:22.773303+00:00,PUT,20.0,2027-03-19,34155,135,141,63,28.78,REPEATEDHITS,False,False,False,31119,3036,7206501748.0,303,ASK,SHORT,1.0
CELH,2026-05-18 17:13:29.641574+00:00,PUT,27.0,2026-06-05,54346,937,1029,516,29.23,REPEATEDHITS,False,False,False,51214,0,7206501748.0,18,ASK,SHORT,1.0
CELH,2026-05-13 16:06:09.594207+00:00,PUT,25.0,2026-10-16,1213158,4071,4074,463,28.41,REPEATEDHITS,False,False,False,1196768,0,7206501748.0,156,ASK,SHORT,1.0
CELH,2026-05-13 14:24:38.743081+00:00,PUT,22.5,2027-01-15,511475,1801,1802,537,28.92,REPEATEDHITSASCENDINGFILL,False,False,False,495004,0,7206501748.0,247,ASK,SHORT,1.0
CELH,2026-05-12 15:54:47.760606+00:00,CALL,29.5,2026-05-15,22448,300,580,135,29.38,REPEATEDHITSDESCENDINGFILL,False,False,False,19223,0,7206501748.0,3,ASK,LONG,1.0
CELH,2026-05-12 14:30:12.845751+00:00,PUT,25.0,2026-10-16,109483,407,409,210,29.41,REPEATEDHITS,False,False,False,109483,0,7206501748.0,157,ASK,SHORT,1.0
CELH,2026-05-12 14:24:03.993810+00:00,CALL,47.5,2026-09-18,138605,1459,1460,662,29.42,REPEATEDHITS,False,False,False,0,138605,7206501748.0,129,BID,SHORT,0.5
CIFR,2026-06-10 19:39:57.323745+00:00,CALL,20.5,2026-07-10,10200,34,34,1,21.24,REPEATEDHITS,True,False,False,10200,0,9422448253.0,30,ASK,LONG,1.0
CIFR,2026-06-10 19:24:51.032385+00:00,PUT,17.0,2026-07-10,12936,147,153,72,21.015,REPEATEDHITS,False,False,False,12936,0,9422448253.0,30,ASK,SHORT,1.0
CIFR,2026-06-10 15:13:35.376097+00:00,PUT,18.0,2026-07-17,90678,703,841,520,21.52,REPEATEDHITSDESCENDINGFILL,True,False,False,90169,381,9422448253.0,37,ASK,SHORT,1.0
CIFR,2026-06-09 18:16:53.754980+00:00,CALL,21.5,2026-06-12,28785,163,252,137,22.8,REPEATEDHITSASCENDINGFILL,True,False,False,11539,17246,9422448253.0,3,BID,SHORT,0.5
CIFR,2026-06-08 15:11:39.586357+00:00,CALL,28.0,2026-06-12,17200,860,2731,342,24.1,REPEATEDHITS,False,False,False,17200,0,9422448253.0,4,ASK,LONG,1.0
CIFR,2026-06-05 19:43:53.716992+00:00,PUT,20.5,2026-06-18,227150,2065,2247,265,22.085,REPEATEDHITS,False,False,False,227150,0,9422448253.0,13,ASK,SHORT,1.0
CIFR,2026-06-05 13:55:46.665897+00:00,PUT,19.0,2026-06-12,16002,1000,3022,351,23.47,REPEATEDHITSDESCENDINGFILL,True,False,False,0,16002,9422448253.0,7,BID,LONG,0.5
CIFR,2026-06-05 13:51:24.114353+00:00,PUT,21.0,2026-07-02,15000,100,100,44,23.249,REPEATEDHITS,True,False,False,0,15000,9422448253.0,27,BID,LONG,0.5
CIFR,2026-06-04 14:11:42.657254+00:00,PUT,17.0,2026-11-20,18300,60,60,21,24.78,REPEATEDHITS,False,False,False,17995,305,9422448253.0,169,ASK,SHORT,1.0
CIFR,2026-06-03 19:05:14.935930+00:00,PUT,30.0,2026-08-21,307999,400,400,18,26.67,REPEATEDHITS,False,False,False,307999,0,9422448253.0,79,ASK,SHORT,1.0
CIFR,2026-06-03 18:45:44.851249+00:00,CALL,37.0,2026-08-21,14500,50,303,49,27.145,REPEATEDHITS,False,False,False,14500,0,9422448253.0,79,ASK,LONG,1.0
CIFR,2026-06-03 18:34:36.837375+00:00,PUT,25.5,2026-06-18,19030,110,347,66,26.83,REPEATEDHITS,True,False,False,19030,0,9422448253.0,15,ASK,SHORT,1.0
CIFR,2026-06-03 18:28:38.958605+00:00,PUT,25.5,2026-06-18,28608,149,234,66,26.33,REPEATEDHITS,False,False,False,0,28608,9422448253.0,15,BID,LONG,0.5
CIFR,2026-06-03 18:28:38.958605+00:00,PUT,24.5,2026-06-18,73791,516,550,108,26.33,REPEATEDHITSASCENDINGFILL,False,False,False,0,73791,9422448253.0,15,BID,LONG,0.5
CIFR,2026-06-03 15:11:19.157319+00:00,PUT,22.0,2026-06-26,41108,478,507,242,27.04,REPEATEDHITS,False,False,False,0,41108,9422448253.0,23,BID,LONG,0.5
CIFR,2026-06-03 13:58:00.962710+00:00,PUT,28.0,2026-09-18,295925,445,655,98,27.31,REPEATEDHITS,False,False,False,295925,0,9422448253.0,107,ASK,SHORT,1.0
CIFR,2026-06-03 13:42:33.053911+00:00,CALL,35.0,2026-07-02,19084,100,110,31,27.05,REPEATEDHITS,False,False,False,18721,0,9422448253.0,29,ASK,LONG,1.0
CIFR,2026-06-02 15:55:07.885972+00:00,CALL,30.0,2026-08-21,23800,70,514,0,25.2001,REPEATEDHITS,False,False,False,0,23800,9422448253.0,80,BID,SHORT,0.5
CIFR,2026-06-02 15:14:38.628034+00:00,PUT,29.0,2026-08-21,12410,17,17,0,25.8,REPEATEDHITS,False,False,False,10220,2190,9422448253.0,80,ASK,SHORT,1.0
CIFR,2026-06-01 15:37:46.250949+00:00,CALL,29.0,2026-10-16,28670,61,278,20,24.02,REPEATEDHITS,False,False,False,0,0,9422448253.0,137,MIXED,,0.0
CIFR,2026-06-01 15:37:46.250949+00:00,CALL,29.0,2026-10-16,16450,35,217,20,24.02,REPEATEDHITS,False,False,False,4230,0,9422448253.0,137,ASK,LONG,1.0
CIFR,2026-06-01 15:37:09.346868+00:00,CALL,29.0,2026-10-16,45120,96,100,20,23.995,REPEATEDHITS,False,False,False,32900,0,9422448253.0,137,ASK,LONG,1.0
CIFR,2026-06-01 15:37:09.346868+00:00,CALL,29.0,2026-10-16,17860,38,138,20,23.99,REPEATEDHITS,False,False,False,0,0,9422448253.0,137,MIXED,,0.0
CIFR,2026-06-01 13:43:44.095269+00:00,CALL,22.5,2026-06-05,61650,450,618,259,22.88,REPEATEDHITS,False,False,False,30688,30962,9422448253.0,4,BID,SHORT,0.5
CIFR,2026-05-28 19:36:51.548804+00:00,CALL,26.0,2026-09-18,777919,1496,3223,1044,24.225,REPEATEDHITS,False,False,False,777919,0,9422448253.0,113,ASK,LONG,1.0
CIFR,2026-05-28 19:36:34.923849+00:00,CALL,26.0,2026-09-18,862394,1691,1727,1044,24.13,REPEATEDHITSDESCENDINGFILL,False,False,False,610454,510,9422448253.0,113,ASK,LONG,1.0
CIFR,2026-05-28 15:18:23.758694+00:00,PUT,28.0,2026-09-18,36690,48,48,0,24.955,REPEATEDHITSDESCENDINGFILL,False,False,False,29835,6855,9422448253.0,113,ASK,SHORT,1.0
CIFR,2026-05-27 18:20:43.029790+00:00,CALL,25.5,2026-06-18,23493,100,148,74,24.78,REPEATEDHITSDESCENDINGFILL,False,False,False,20438,3055,9422448253.0,22,ASK,LONG,1.0
CIFR,2026-05-27 17:25:34.948132+00:00,PUT,22.0,2026-06-05,17500,250,326,164,24.31,REPEATEDHITS,False,False,False,2310,15190,9422448253.0,9,BID,LONG,0.5
CIFR,2026-05-27 16:46:48.336105+00:00,CALL,31.0,2026-06-18,43540,675,720,577,24.0399,REPEATEDHITSASCENDINGFILL,False,False,False,43477,63,9422448253.0,22,ASK,LONG,1.0
CIFR,2026-05-26 16:38:28.761229+00:00,CALL,26.5,2026-06-05,13000,200,213,72,23.2,REPEATEDHITS,False,False,False,0,13000,9422448253.0,10,BID,SHORT,0.5
CIFR,2026-05-26 14:42:33.527844+00:00,PUT,23.0,2026-06-05,260306,1658,1663,9,23.2,REPEATEDHITS,False,False,False,260306,0,9422448253.0,10,ASK,SHORT,1.0
CIFR,2026-05-26 14:34:42.954846+00:00,PUT,16.0,2026-07-02,60648,1596,3420,21,23.3201,REPEATEDHITS,False,False,False,0,60648,9422448253.0,37,BID,LONG,0.5
CIFR,2026-05-26 13:45:30.939236+00:00,CALL,23.0,2026-06-12,475180,2066,3487,1132,23.2699,REPEATEDHITS,False,False,False,474950,230,9422448253.0,17,ASK,LONG,1.0
CIFR,2026-05-21 18:25:49.177473+00:00,CALL,23.0,2026-06-05,26880,240,328,120,21.18,REPEATEDHITS,False,False,False,26880,0,9422448253.0,15,ASK,LONG,1.0
CIFR,2026-05-21 17:40:42.894776+00:00,CALL,22.5,2026-05-29,28500,380,1202,288,21.3189,REPEATEDHITS,False,False,False,28500,0,9422448253.0,8,ASK,LONG,1.0
CIFR,2026-05-20 15:36:31.907636+00:00,PUT,14.0,2026-06-26,42560,1120,1310,13,19.825,REPEATEDHITS,False,False,False,0,42560,9422448253.0,37,BID,LONG,0.5
CIFR,2026-05-19 14:58:13.305676+00:00,PUT,17.5,2026-05-29,132509,1239,3246,720,17.92,REPEATEDHITS,False,False,False,129149,3360,9422448253.0,10,ASK,SHORT,1.0
CIFR,2026-05-19 14:57:10.213639+00:00,PUT,18.5,2026-06-18,111135,465,465,71,17.94,REPEATEDHITS,False,False,False,0,111135,9422448253.0,30,BID,LONG,0.5
CIFR,2026-05-18 15:18:06.733224+00:00,CALL,19.0,2026-06-05,423160,2840,3049,382,18.47,REPEATEDHITS,False,False,False,423160,0,9422448253.0,18,ASK,LONG,1.0
CIFR,2026-05-18 15:04:43.055571+00:00,CALL,20.0,2026-06-05,57000,500,645,329,18.55,REPEATEDHITS,False,False,False,0,57000,9422448253.0,18,BID,SHORT,0.5
CIFR,2026-05-18 14:52:59.768451+00:00,CALL,21.0,2026-07-17,940745,4589,4656,1226,18.44,REPEATEDHITS,False,False,False,940745,0,9422448253.0,60,ASK,LONG,1.0
CIFR,2026-05-18 14:22:18.699349+00:00,PUT,20.0,2026-09-18,956470,1894,1906,239,18.93,REPEATEDHITS,False,False,False,955965,505,9422448253.0,123,ASK,SHORT,1.0
CIFR,2026-05-15 19:30:41.316000+00:00,PUT,20.5,2026-05-22,52081,450,11194,243,20.6,REPEATEDHITSDESCENDINGFILL,False,False,False,32837,19244,9422448253.0,7,ASK,SHORT,1.0
CIFR,2026-05-15 13:36:06.622026+00:00,CALL,25.0,2026-05-22,43378,1886,2147,1461,20.611,REPEATEDHITS,False,False,False,0,43378,9422448253.0,7,BID,SHORT,0.5
CIFR,2026-05-14 19:51:28.676386+00:00,PUT,24.0,2026-06-18,188790,478,481,113,22.15,REPEATEDHITSDESCENDINGFILL,False,False,False,188790,0,9422448253.0,35,ASK,SHORT,1.0
CIFR,2026-05-13 15:48:23.994218+00:00,PUT,16.5,2026-05-22,17476,1028,1034,722,21.115,REPEATEDHITS,False,False,False,16218,0,9422448253.0,9,ASK,SHORT,1.0
CNC,2026-06-10 19:23:44.742754+00:00,PUT,68.0,2026-07-02,28365,61,61,0,65.09,REPEATEDHITS,True,False,False,28365,0,32694299370.0,22,ASK,SHORT,1.0
CNC,2026-06-10 18:53:16.103505+00:00,CALL,57.5,2026-12-18,113365,79,79,18,65.66,REPEATEDHITS,False,False,False,113365,0,32694299370.0,191,ASK,LONG,1.0
CNC,2026-06-10 18:02:55.297290+00:00,CALL,90.0,2026-12-18,16506,63,63,31,64.87,REPEATEDHITS,False,False,False,16506,0,32694299370.0,191,ASK,LONG,1.0
CNC,2026-06-10 16:14:23.480749+00:00,PUT,65.0,2026-06-12,42288,341,916,121,65.0,REPEATEDHITS,False,False,False,0,40924,32694299370.0,2,BID,LONG,0.5
CNC,2026-06-10 15:59:56.717192+00:00,PUT,65.0,2026-06-12,17358,124,509,121,64.65,REPEATEDHITS,False,False,False,17358,0,32694299370.0,2,ASK,SHORT,1.0
CNC,2026-06-10 15:15:05.713789+00:00,CALL,72.5,2027-06-17,31030,29,29,0,64.43,REPEATEDHITS,False,False,False,0,14980,32694299370.0,372,BID,SHORT,0.5
CNC,2026-06-10 14:51:06.295948+00:00,CALL,65.0,2027-06-17,32280,24,24,14,64.29,REPEATEDHITS,False,False,False,0,18830,32694299370.0,372,BID,SHORT,0.5
CNC,2026-06-09 18:18:15.680867+00:00,PUT,70.0,2026-09-18,654051,739,739,1,65.755,REPEATEDHITSASCENDINGFILL,False,False,False,0,654051,32694299370.0,101,BID,LONG,0.5
CNC,2026-06-09 18:08:09.373018+00:00,CALL,75.0,2027-03-19,30600,36,36,31,65.67,REPEATEDHITS,False,False,False,850,29750,32694299370.0,283,BID,SHORT,0.5
CNC,2026-06-09 17:12:30.434353+00:00,CALL,67.5,2026-07-17,207750,750,815,697,65.0775,REPEATEDHITS,False,False,False,0,207750,32694299370.0,38,BID,SHORT,0.5
CNC,2026-06-09 16:20:16.184881+00:00,CALL,65.0,2026-06-12,26880,224,235,209,64.815,REPEATEDHITS,True,False,False,6000,20880,32694299370.0,3,BID,SHORT,0.5
CNC,2026-06-09 16:11:40.829933+00:00,CALL,80.0,2026-08-21,296867,1966,1987,11,64.86,REPEATEDHITS,False,False,False,152,296715,32694299370.0,73,BID,SHORT,0.5
CNC,2026-06-09 16:00:29.236458+00:00,CALL,90.0,2028-01-21,28765,31,47,7,64.99,REPEATEDHITSASCENDINGFILL,False,False,False,27840,925,32694299370.0,591,ASK,LONG,1.0
CNC,2026-06-09 14:55:47.194146+00:00,CALL,75.0,2026-08-21,15723,60,85,51,64.865,REPEATEDHITSDESCENDINGFILL,False,False,False,3933,11790,32694299370.0,73,BID,SHORT,0.5
CNC,2026-06-09 14:34:24.787997+00:00,PUT,67.5,2026-07-17,17490,33,33,22,64.71,REPEATEDHITS,True,False,False,0,17490,32694299370.0,38,BID,LONG,0.5
CNC,2026-06-08 19:27:28.862939+00:00,CALL,70.0,2026-08-21,89550,199,304,129,65.645,REPEATEDHITS,True,False,False,89550,0,32694299370.0,74,ASK,LONG,1.0
CNC,2026-06-08 18:27:04.441573+00:00,PUT,67.5,2027-01-15,34650,33,314,1,64.77,REPEATEDHITS,True,False,False,29400,5250,32694299370.0,221,ASK,SHORT,1.0
CNC,2026-06-08 16:40:49.109212+00:00,CALL,64.0,2026-07-02,26980,78,78,1,64.66,REPEATEDHITSASCENDINGFILL,True,False,False,3150,23485,32694299370.0,24,BID,SHORT,0.5
CNC,2026-06-08 16:40:49.109212+00:00,CALL,66.0,2026-07-02,81331,321,350,16,64.66,REPEATEDHITSASCENDINGFILL,True,False,False,22440,58891,32694299370.0,24,BID,SHORT,0.5
CNC,2026-06-08 16:40:49.109212+00:00,CALL,66.0,2026-07-02,19881,81,510,16,64.55,REPEATEDHITSDESCENDINGFILL,False,False,False,19881,0,32694299370.0,24,ASK,LONG,1.0
CNC,2026-06-08 16:40:49.109212+00:00,CALL,67.0,2026-07-02,40581,196,196,0,64.66,REPEATEDHITSDESCENDINGFILL,True,False,False,11384,29197,32694299370.0,24,BID,SHORT,0.5
CNC,2026-06-08 16:40:02.664857+00:00,PUT,67.5,2027-01-15,61495,58,64,1,64.645,REPEATEDHITSDESCENDINGFILL,False,False,False,38165,23330,32694299370.0,221,ASK,SHORT,1.0
CNC,2026-06-08 16:40:02.664857+00:00,PUT,67.5,2027-01-15,44317,42,106,1,64.645,REPEATEDHITSASCENDINGFILL,False,False,False,0,44317,32694299370.0,221,BID,LONG,0.5
CNC,2026-06-08 16:22:06.655853+00:00,CALL,63.0,2026-06-12,28322,119,1458,99,64.73,REPEATEDHITS,True,False,False,28322,0,32694299370.0,4,ASK,LONG,1.0
CNC,2026-06-08 16:04:02.133553+00:00,CALL,66.0,2026-07-10,16775,55,230,48,64.795,REPEATEDHITS,False,False,False,0,16775,32694299370.0,32,BID,SHORT,0.5
CNC,2026-06-08 15:26:27.719027+00:00,CALL,58.0,2026-06-18,104055,196,197,134,62.765,REPEATEDHITSDESCENDINGFILL,False,False,False,18725,85330,32694299370.0,10,BID,SHORT,0.5
CNC,2026-06-08 15:26:27.719027+00:00,CALL,61.0,2026-06-18,78985,259,260,192,62.765,REPEATEDHITSDESCENDINGFILL,False,False,False,78985,0,32694299370.0,10,ASK,LONG,1.0
CNC,2026-06-05 15:50:42.086834+00:00,PUT,62.5,2026-07-17,460588,1335,1342,83,62.57,REPEATEDHITSASCENDINGFILL,False,False,False,0,460588,32694299370.0,42,BID,LONG,0.5
CNC,2026-06-04 15:12:10.619665+00:00,CALL,62.5,2028-01-21,34420,20,22,6,63.325,REPEATEDHITSDESCENDINGFILL,True,False,False,24140,3420,32694299370.0,596,ASK,LONG,1.0
CNC,2026-06-04 15:06:56.206876+00:00,CALL,64.0,2026-06-05,25254,505,574,277,63.37,REPEATEDHITSDESCENDINGFILL,False,False,False,0,25254,32694299370.0,1,BID,SHORT,0.5
CNC,2026-06-03 19:34:51.618264+00:00,PUT,58.0,2026-06-12,10230,93,94,19,59.43,REPEATEDHITS,False,False,False,10230,0,32694299370.0,9,ASK,SHORT,1.0
CNC,2026-06-03 14:30:51.362641+00:00,CALL,57.5,2027-06-17,57540,42,42,1,59.465,REPEATEDHITS,False,False,False,1370,4110,32694299370.0,379,BID,SHORT,0.5
CNC,2026-06-02 16:40:21.794567+00:00,PUT,60.0,2026-08-21,173950,355,365,35,60.47,REPEATEDHITS,False,False,False,0,173950,32694299370.0,80,BID,LONG,0.5
CNC,2026-06-02 15:43:01.584609+00:00,PUT,61.0,2026-06-05,257068,1509,4023,68,59.94,REPEATEDHITSDESCENDINGFILL,True,False,False,0,257068,32694299370.0,3,BID,LONG,0.5
CNC,2026-06-02 15:42:56.778093+00:00,PUT,61.0,2026-06-05,91720,496,2514,68,59.85,REPEATEDHITS,True,False,False,385,91335,32694299370.0,3,BID,LONG,0.5
CNC,2026-06-02 15:25:20.890931+00:00,PUT,60.0,2026-06-05,215565,1540,2002,1455,59.88,REPEATEDHITS,True,False,False,0,215565,32694299370.0,3,BID,LONG,0.5
CNC,2026-06-02 14:57:28.562279+00:00,PUT,61.0,2026-06-05,186553,1352,2002,68,60.75,REPEATEDHITSDESCENDINGFILL,True,False,False,0,186553,32694299370.0,3,BID,LONG,0.5
CNC,2026-06-02 14:57:25.356829+00:00,PUT,61.0,2026-06-05,85871,650,650,68,60.76,REPEATEDHITSASCENDINGFILL,True,False,False,85068,803,32694299370.0,3,ASK,SHORT,1.0
CNC,2026-06-02 14:49:03.772281+00:00,CALL,70.0,2027-06-17,29295,31,31,15,61.0917,REPEATEDHITS,False,False,False,945,11340,32694299370.0,380,BID,SHORT,0.5
CNC,2026-06-02 14:29:04.002747+00:00,CALL,60.0,2027-06-17,34580,26,26,3,61.02,REPEATEDHITS,False,False,False,0,21280,32694299370.0,380,BID,SHORT,0.5
CNC,2026-06-01 15:08:15.486105+00:00,CALL,67.5,2027-03-19,31125,35,35,20,61.41,REPEATEDHITS,False,False,False,7095,7120,32694299370.0,291,BID,SHORT,0.5
CNC,2026-05-29 15:59:10.768460+00:00,PUT,57.0,2026-06-05,14674,319,327,114,59.14,REPEATEDHITS,False,False,False,0,14674,32694299370.0,7,BID,LONG,0.5
CNC,2026-05-28 19:28:48.900088+00:00,CALL,61.0,2026-06-05,41724,732,759,210,58.975,REPEATEDHITS,False,False,False,0,41724,32694299370.0,8,BID,SHORT,0.5
CNC,2026-05-28 15:26:07.068830+00:00,PUT,58.5,2026-05-29,11419,601,620,477,59.82,REPEATEDHITS,False,False,False,0,11419,32694299370.0,1,BID,LONG,0.5
CNC,2026-05-27 17:42:13.906935+00:00,CALL,58.0,2026-05-29,38586,354,379,159,58.55,REPEATEDHITS,False,False,False,0,38586,32694299370.0,2,BID,SHORT,0.5
CNC,2026-05-27 17:36:12.739241+00:00,PUT,54.0,2026-06-18,12450,166,224,5,58.47,REPEATEDHITS,True,False,False,0,12450,32694299370.0,22,BID,LONG,0.5
CNC,2026-05-27 15:28:23.033882+00:00,PUT,52.5,2026-07-17,120960,945,950,250,58.43,REPEATEDHITS,False,False,False,7168,113792,32694299370.0,51,BID,LONG,0.5
CNC,2026-05-26 19:09:54.870008+00:00,CALL,75.0,2026-12-18,21430,68,206,19,57.8,REPEATEDHITSASCENDINGFILL,False,False,False,21115,315,32694299370.0,206,ASK,LONG,1.0
CNC,2026-05-26 18:27:32.054141+00:00,CALL,75.0,2026-12-18,19530,62,130,19,57.735,REPEATEDHITS,False,False,False,19215,315,32694299370.0,206,ASK,LONG,1.0
CNC,2026-05-26 18:04:36.623101+00:00,CALL,75.0,2026-12-18,13760,43,68,19,57.83,REPEATEDHITS,False,False,False,13760,0,32694299370.0,206,ASK,LONG,1.0
COIN,2026-06-10 13:48:39.217576+00:00,PUT,140.0,2026-07-17,1879605,3159,3507,1844,161.33,REPEATEDHITS,False,False,False,1879605,0,34587379063.0,37,ASK,SHORT,1.0
COIN,2026-06-10 13:46:11.421085+00:00,CALL,143.0,2026-06-26,46425,22,22,1,160.55,REPEATEDHITSDESCENDINGFILL,False,False,False,44315,2110,34587379063.0,16,ASK,LONG,1.0
COIN,2026-06-09 19:59:20.574555+00:00,CALL,160.0,2026-07-10,42380,39,172,20,155.35,REPEATEDHITSASCENDINGFILL,True,False,False,15255,27125,34587379063.0,31,BID,SHORT,0.5
COIN,2026-06-09 17:08:14.919630+00:00,PUT,148.0,2026-06-18,10625,20,165,18,153.0,REPEATEDHITSDESCENDINGFILL,False,False,False,10625,0,34587379063.0,9,ASK,SHORT,1.0
COIN,2026-06-09 16:58:22.093434+00:00,PUT,147.0,2026-06-18,58371,108,183,1,150.995,REPEATEDHITSDESCENDINGFILL,True,False,False,0,58371,34587379063.0,9,BID,LONG,0.5
COIN,2026-06-09 16:58:22.093434+00:00,PUT,147.0,2026-06-26,11230,15,68,3,150.995,REPEATEDHITSASCENDINGFILL,True,False,False,750,10480,34587379063.0,17,BID,LONG,0.5
COIN,2026-06-09 16:58:22.093434+00:00,PUT,146.0,2026-06-18,33536,67,116,46,150.995,REPEATEDHITSDESCENDINGFILL,True,False,False,0,33536,34587379063.0,9,BID,LONG,0.5
COIN,2026-06-09 16:14:23.286419+00:00,CALL,220.0,2026-09-18,904535,1283,1343,1199,152.3346,REPEATEDHITSASCENDINGFILL,True,False,False,1420,903115,34587379063.0,101,BID,SHORT,0.5
COIN,2026-06-09 15:57:06.403971+00:00,PUT,152.5,2026-06-26,27280,31,37,23,153.82,REPEATEDHITS,True,False,False,27280,0,34587379063.0,17,ASK,SHORT,1.0
COIN,2026-06-09 14:56:55.480439+00:00,CALL,300.0,2026-09-18,588555,2422,2499,2106,157.55,REPEATEDHITSASCENDINGFILL,True,False,False,1220,586359,34587379063.0,101,BID,SHORT,0.5
COIN,2026-06-09 14:39:39.533663+00:00,PUT,157.5,2026-06-26,15300,18,26,6,159.42,REPEATEDHITS,True,False,False,1700,13600,34587379063.0,17,BID,LONG,0.5
COIN,2026-06-08 19:54:34.924842+00:00,CALL,240.0,2026-06-26,31150,890,1999,434,162.135,REPEATEDHITS,False,False,False,31150,0,34587379063.0,18,ASK,LONG,1.0
COIN,2026-06-08 19:54:34.924842+00:00,CALL,240.0,2026-06-26,28488,814,2813,434,162.135,REPEATEDHITSASCENDINGFILL,False,False,False,28488,0,34587379063.0,18,ASK,LONG,1.0
COIN,2026-06-08 19:53:54.873647+00:00,CALL,240.0,2026-06-26,25707,779,1109,434,162.21,REPEATEDHITS,True,False,False,33,25674,34587379063.0,18,BID,SHORT,0.5
COIN,2026-06-08 19:49:57.220071+00:00,CALL,205.0,2026-06-18,48942,1000,1038,318,161.985,REPEATEDHITSDESCENDINGFILL,False,False,False,48942,0,34587379063.0,10,ASK,LONG,1.0
COIN,2026-06-08 17:32:49.590199+00:00,CALL,230.0,2026-06-26,60102,1431,1502,1183,161.59,REPEATEDHITS,False,False,False,0,60102,34587379063.0,18,BID,SHORT,0.5
COIN,2026-06-08 15:25:09.824006+00:00,PUT,162.5,2026-06-12,290575,501,540,459,162.38,REPEATEDHITS,False,False,False,290000,575,34587379063.0,4,ASK,SHORT,1.0
COIN,2026-06-08 15:17:38.990772+00:00,PUT,146.0,2026-06-18,10433,42,48,0,161.31,REPEATEDHITSDESCENDINGFILL,False,False,False,9208,1225,34587379063.0,10,ASK,SHORT,1.0
COIN,2026-06-08 14:58:31.403932+00:00,PUT,105.0,2027-02-19,55470,43,43,4,160.72,REPEATEDHITSASCENDINGFILL,True,False,False,2580,52890,34587379063.0,256,BID,LONG,0.5
COIN,2026-06-08 14:33:47.584607+00:00,CALL,162.5,2026-06-18,90090,126,414,98,160.0029,REPEATEDHITS,False,False,False,715,89375,34587379063.0,10,BID,SHORT,0.5
COIN,2026-06-08 14:29:21.681341+00:00,CALL,200.0,2027-06-17,6396000,1640,1640,0,160.07,REPEATEDHITS,False,False,False,6396000,0,34587379063.0,374,ASK,LONG,1.0
COIN,2026-06-08 14:01:53.158426+00:00,CALL,162.5,2026-06-18,76760,128,207,98,157.85,REPEATEDHITSDESCENDINGFILL,False,False,False,67760,9000,34587379063.0,10,ASK,LONG,1.0
COIN,2026-06-05 19:56:39.688320+00:00,CALL,152.5,2026-06-05,11250,250,9840,4,152.615,REPEATEDHITS,False,False,False,11250,0,34587379063.0,0,ASK,LONG,1.0
COIN,2026-06-05 19:50:58.734940+00:00,CALL,155.0,2026-06-12,12480,24,3174,22,152.45,REPEATEDHITS,False,False,False,12480,0,34587379063.0,7,ASK,LONG,1.0
COIN,2026-06-05 19:50:56.725302+00:00,CALL,155.0,2026-06-12,14040,27,3150,22,152.48,REPEATEDHITS,False,False,False,0,0,34587379063.0,7,MIXED,,0.0
COIN,2026-06-05 19:33:11.188187+00:00,CALL,155.0,2026-06-12,13575,30,3004,22,151.1946,REPEATEDHITS,False,False,False,0,13575,34587379063.0,7,BID,SHORT,0.5
COIN,2026-06-05 19:28:21.527639+00:00,PUT,145.0,2026-07-24,35823,28,141,1,151.0075,REPEATEDHITSDESCENDINGFILL,False,False,False,0,34533,34587379063.0,49,BID,LONG,0.5
COIN,2026-06-05 19:25:19.157037+00:00,CALL,150.0,2026-06-05,10504,106,3487,36,150.56,REPEATEDHITS,False,False,False,10504,0,34587379063.0,0,ASK,LONG,1.0
COIN,2026-06-05 19:25:13.541663+00:00,PUT,148.0,2026-06-12,82880,162,2114,143,150.52,REPEATEDHITSASCENDINGFILL,True,False,False,0,82880,34587379063.0,7,BID,LONG,0.5
COIN,2026-06-05 19:13:50.105785+00:00,CALL,155.0,2026-06-12,20250,50,1885,22,149.59,REPEATEDHITS,False,False,False,20250,0,34587379063.0,7,ASK,LONG,1.0
COIN,2026-06-05 18:46:05.315604+00:00,PUT,147.0,2026-06-05,15659,448,2492,408,148.175,REPEATEDHITS,False,False,False,8575,7084,34587379063.0,0,ASK,SHORT,1.0
COIN,2026-06-05 18:13:46.714770+00:00,CALL,155.0,2026-06-12,36290,100,1385,22,149.02,REPEATEDHITS,False,False,False,21170,15120,34587379063.0,7,ASK,LONG,1.0
COIN,2026-06-05 17:51:05.708083+00:00,CALL,155.0,2026-07-10,34100,31,839,6,149.28,REPEATEDHITS,False,False,False,6600,12100,34587379063.0,35,BID,SHORT,0.5
COIN,2026-06-05 17:50:36.870861+00:00,CALL,155.0,2026-07-10,34410,31,714,6,149.4,REPEATEDHITS,False,False,False,7770,12210,34587379063.0,35,BID,SHORT,0.5
COIN,2026-06-05 17:50:36.870861+00:00,CALL,155.0,2026-07-10,34410,31,745,6,149.4,REPEATEDHITS,False,False,False,6660,6660,34587379063.0,35,MIXED,,0.0
COIN,2026-06-05 17:50:36.870861+00:00,CALL,155.0,2026-07-10,34410,31,652,6,149.4,REPEATEDHITS,False,False,False,2220,0,34587379063.0,35,ASK,LONG,1.0
COIN,2026-06-05 17:50:36.870861+00:00,CALL,155.0,2026-07-10,34410,31,683,6,149.4,REPEATEDHITS,False,False,False,6660,12210,34587379063.0,35,BID,SHORT,0.5
COIN,2026-06-05 17:50:36.870861+00:00,CALL,155.0,2026-07-10,67710,61,806,6,149.4,REPEATEDHITS,True,False,False,0,52170,34587379063.0,35,BID,SHORT,0.5
COIN,2026-06-05 17:50:25.246570+00:00,CALL,155.0,2026-07-10,23415,21,613,6,149.39,REPEATEDHITS,False,False,False,0,0,34587379063.0,35,MIXED,,0.0
COIN,2026-06-05 17:50:24.239342+00:00,CALL,155.0,2026-07-10,27875,25,493,6,149.39,REPEATEDHITS,False,False,False,0,0,34587379063.0,35,MIXED,,0.0
COIN,2026-06-05 17:50:24.239342+00:00,CALL,155.0,2026-07-10,34565,31,468,6,149.39,REPEATEDHITS,False,False,False,6690,0,34587379063.0,35,ASK,LONG,1.0
COIN,2026-06-05 17:50:24.239342+00:00,CALL,155.0,2026-07-10,34565,31,530,6,149.39,REPEATEDHITS,False,False,False,0,0,34587379063.0,35,MIXED,,0.0
COIN,2026-06-05 17:50:24.239342+00:00,CALL,155.0,2026-07-10,34565,31,592,6,149.39,REPEATEDHITS,False,False,False,6690,5575,34587379063.0,35,ASK,LONG,1.0
COIN,2026-06-05 17:50:24.239342+00:00,CALL,155.0,2026-07-10,34565,31,561,6,149.39,REPEATEDHITS,False,False,False,6690,6690,34587379063.0,35,MIXED,,0.0
COIN,2026-06-05 17:50:20.628511+00:00,CALL,155.0,2026-07-10,27875,25,431,6,149.39,REPEATEDHITS,False,False,False,2230,0,34587379063.0,35,ASK,LONG,1.0
COIN,2026-06-05 17:50:20.628511+00:00,CALL,155.0,2026-07-10,34565,31,375,6,149.39,REPEATEDHITS,False,False,False,6690,0,34587379063.0,35,ASK,LONG,1.0
COIN,2026-06-05 17:50:20.628511+00:00,CALL,155.0,2026-07-10,34565,31,406,6,149.39,REPEATEDHITS,False,False,False,6690,0,34587379063.0,35,ASK,LONG,1.0
COIN,2026-06-05 17:50:18.821069+00:00,CALL,155.0,2026-07-10,323724,289,344,6,149.39,REPEATEDHITS,True,False,False,19040,295724,34587379063.0,35,BID,SHORT,0.5
COIN,2026-06-05 17:50:18.821069+00:00,CALL,155.0,2026-07-10,34720,31,55,6,149.39,REPEATEDHITS,False,False,False,0,0,34587379063.0,35,MIXED,,0.0
COIN,2026-06-05 16:22:00.911347+00:00,PUT,110.0,2026-07-24,17044,62,101,2,151.14,REPEATEDHITSASCENDINGFILL,False,False,False,8354,8690,34587379063.0,49,BID,LONG,0.5
CORZ,2026-06-10 19:31:42.819459+00:00,PUT,25.0,2026-07-02,54129,300,302,77,25.68,REPEATEDHITSDESCENDINGFILL,True,False,False,3060,51069,8586081737.0,22,BID,LONG,0.5
CORZ,2026-06-10 18:25:48.257278+00:00,PUT,21.0,2026-07-17,100832,1096,1127,380,25.895,REPEATEDHITS,False,False,False,100832,0,8586081737.0,37,ASK,SHORT,1.0
CORZ,2026-06-10 17:25:18.995226+00:00,PUT,19.0,2026-07-17,85717,1478,1482,63,25.725,REPEATEDHITSDESCENDINGFILL,False,False,False,85608,109,8586081737.0,37,ASK,SHORT,1.0
CORZ,2026-06-09 16:20:09.570909+00:00,PUT,24.5,2026-06-18,49440,515,548,500,25.52,REPEATEDHITS,False,False,False,49440,0,8586081737.0,9,ASK,SHORT,1.0
CORZ,2026-06-09 15:30:35.242750+00:00,PUT,26.0,2026-06-26,13120,80,80,56,26.4,REPEATEDHITS,False,False,False,13120,0,8586081737.0,17,ASK,SHORT,1.0
CORZ,2026-06-08 14:30:38.205373+00:00,PUT,26.5,2026-06-12,94392,684,685,127,26.32,REPEATEDHITS,True,False,False,88044,6348,8586081737.0,4,ASK,SHORT,1.0
CORZ,2026-06-08 14:30:38.205373+00:00,PUT,26.0,2026-06-12,28386,268,271,97,26.32,REPEATEDHITSDESCENDINGFILL,True,False,False,25850,1924,8586081737.0,4,ASK,SHORT,1.0
CORZ,2026-06-05 18:34:59.753789+00:00,PUT,20.0,2026-08-21,186984,1176,1177,125,25.5,REPEATEDHITS,False,False,False,186984,0,8586081737.0,77,ASK,SHORT,1.0
CORZ,2026-06-05 18:30:44.513897+00:00,CALL,24.5,2026-06-18,277500,1250,1250,33,25.57,FLOORTRADEMIDCAP,False,True,False,0,277500,8586081737.0,13,BID,SHORT,0.5
CORZ,2026-06-05 16:13:34.890807+00:00,PUT,17.0,2026-09-18,241432,2344,2344,375,26.01,REPEATEDHITS,False,False,False,241432,0,8586081737.0,105,ASK,SHORT,1.0
CORZ,2026-06-05 15:19:55.077799+00:00,PUT,25.0,2027-01-15,563871,998,1022,664,26.11,REPEATEDHITS,False,False,False,0,283631,8586081737.0,224,BID,LONG,0.5
CORZ,2026-06-04 18:22:14.177878+00:00,CALL,37.0,2027-04-16,30000,50,100,10,28.21,REPEATEDHITS,True,False,False,0,30000,8586081737.0,316,BID,SHORT,0.5
CORZ,2026-06-04 16:36:42.320258+00:00,PUT,27.0,2026-06-12,49470,510,2674,442,27.89,REPEATEDHITS,False,False,False,20079,29391,8586081737.0,8,BID,LONG,0.5
CORZ,2026-06-04 16:06:30.305489+00:00,CALL,38.0,2026-12-18,102170,297,297,1,27.59,REPEATEDHITSASCENDINGFILL,False,False,False,22200,79970,8586081737.0,197,BID,SHORT,0.5
CORZ,2026-06-04 14:23:39.080424+00:00,PUT,26.5,2026-07-02,15182,79,79,0,27.67,REPEATEDHITSASCENDINGFILL,True,False,False,7542,7640,8586081737.0,28,BID,LONG,0.5
CORZ,2026-06-03 19:57:20.805609+00:00,CALL,28.5,2026-06-12,19390,100,601,18,28.98,REPEATEDHITS,False,False,False,19390,0,8586081737.0,9,ASK,LONG,1.0
CORZ,2026-06-03 18:51:06.880211+00:00,CALL,35.0,2027-04-16,79665,113,163,87,29.14,REPEATEDHITS,True,False,False,0,53580,8586081737.0,317,BID,SHORT,0.5
CORZ,2026-06-03 18:18:08.192826+00:00,PUT,24.0,2026-06-12,12407,653,655,111,28.775,REPEATEDHITS,False,False,False,11951,456,8586081737.0,9,ASK,SHORT,1.0
CORZ,2026-06-03 18:16:36.282398+00:00,CALL,28.5,2026-06-12,17598,100,300,18,28.76,REPEATEDHITS,False,False,False,17598,0,8586081737.0,9,ASK,LONG,1.0
CORZ,2026-06-03 16:17:17.728588+00:00,PUT,27.0,2026-06-05,31559,1661,1664,307,29.17,REPEATEDHITS,False,False,False,28082,3477,8586081737.0,2,ASK,SHORT,1.0
CORZ,2026-06-02 18:53:31.441620+00:00,PUT,25.0,2026-07-17,430712,3167,3275,476,29.36,REPEATEDHITS,False,False,False,430712,0,8586081737.0,45,ASK,SHORT,1.0
CORZ,2026-06-02 18:08:02.245455+00:00,PUT,29.5,2026-06-26,11280,48,48,0,29.3,REPEATEDHITS,False,False,False,0,11280,8586081737.0,24,BID,LONG,0.5
CORZ,2026-06-02 15:18:48.055407+00:00,CALL,31.5,2026-06-05,34500,500,545,215,30.395,REPEATEDHITS,True,False,False,34500,0,8586081737.0,3,ASK,LONG,1.0
CORZ,2026-06-02 13:55:30.729421+00:00,CALL,33.0,2026-06-05,13050,450,4452,135,30.23,REPEATEDHITS,False,False,False,7250,5800,8586081737.0,3,ASK,LONG,1.0
CORZ,2026-06-02 13:55:13.278052+00:00,CALL,33.0,2026-06-05,12040,430,3932,135,30.17,REPEATEDHITS,False,False,False,9240,1400,8586081737.0,3,ASK,LONG,1.0
CORZ,2026-06-02 13:54:40.765566+00:00,CALL,33.0,2026-06-05,14000,500,3002,135,30.17,REPEATEDHITS,False,False,False,0,0,8586081737.0,3,MIXED,,0.0
CORZ,2026-06-02 13:54:16.294106+00:00,CALL,33.0,2026-06-05,14500,500,2502,135,30.24,REPEATEDHITS,True,False,False,14500,0,8586081737.0,3,ASK,LONG,1.0
CORZ,2026-06-02 13:53:47.615843+00:00,CALL,33.0,2026-06-05,14500,500,1502,135,30.24,REPEATEDHITS,True,False,False,14500,0,8586081737.0,3,ASK,LONG,1.0
CORZ,2026-06-02 13:53:33.190082+00:00,CALL,33.0,2026-06-05,14500,500,1002,135,30.275,REPEATEDHITS,True,False,False,14500,0,8586081737.0,3,ASK,LONG,1.0
CORZ,2026-06-01 18:49:19.207465+00:00,CALL,41.0,2026-08-21,37350,249,249,1,28.895,REPEATEDHITS,False,False,False,37350,0,8586081737.0,81,ASK,LONG,1.0
CORZ,2026-06-01 17:48:46.837823+00:00,CALL,35.0,2026-06-12,10520,526,1785,28,28.74,REPEATEDHITS,True,False,False,0,9160,8586081737.0,11,BID,SHORT,0.5
CORZ,2026-06-01 17:48:38.620273+00:00,CALL,35.0,2026-06-12,15360,768,1259,28,28.7499,REPEATEDHITS,True,False,False,3460,9280,8586081737.0,11,BID,SHORT,0.5
CORZ,2026-06-01 14:56:59.745979+00:00,CALL,42.0,2026-07-10,12636,486,509,0,28.445,REPEATEDHITS,False,False,False,12636,0,8586081737.0,39,ASK,LONG,1.0
CORZ,2026-06-01 14:35:37.131664+00:00,CALL,36.0,2026-07-10,11176,172,172,0,28.21,REPEATEDHITS,False,False,False,11176,0,8586081737.0,39,ASK,LONG,1.0
CORZ,2026-06-01 14:29:05.845881+00:00,CALL,37.0,2027-12-17,29385,35,38,5,28.03,REPEATEDHITSASCENDINGFILL,False,False,False,9295,20090,8586081737.0,564,BID,SHORT,0.5
CORZ,2026-06-01 14:21:10.875266+00:00,CALL,37.0,2028-01-21,20123,24,97,4,27.71,REPEATEDHITSASCENDINGFILL,True,False,False,11773,7515,8586081737.0,599,ASK,LONG,1.0
CORZ,2026-05-29 17:30:09.986065+00:00,PUT,30.0,2026-08-21,13090,22,28,16,26.86,REPEATEDHITS,True,False,False,4165,8925,8586081737.0,84,BID,LONG,0.5
CORZ,2026-05-28 15:47:31.895131+00:00,CALL,31.0,2026-06-05,39440,986,4582,253,27.965,REPEATEDHITS,False,False,False,14480,24960,8586081737.0,8,BID,SHORT,0.5
CORZ,2026-05-28 15:45:11.684762+00:00,CALL,31.0,2026-06-05,17438,459,1656,253,28.0091,REPEATEDHITSDESCENDINGFILL,False,False,False,17400,38,8586081737.0,8,ASK,LONG,1.0
CORZ,2026-05-28 15:45:11.684762+00:00,CALL,31.0,2026-06-05,51000,1275,2932,253,28.05,REPEATEDHITS,True,False,False,28480,22520,8586081737.0,8,ASK,LONG,1.0
CORZ,2026-05-28 14:27:08.731139+00:00,PUT,26.0,2026-08-21,63350,181,198,156,27.275,REPEATEDHITS,True,False,False,0,54250,8586081737.0,85,BID,LONG,0.5
CORZ,2026-05-27 15:26:55.518658+00:00,CALL,26.0,2026-06-26,10065,33,34,17,27.085,REPEATEDHITS,True,False,False,6710,3355,8586081737.0,30,ASK,LONG,1.0
CORZ,2026-05-27 15:13:04.836188+00:00,PUT,26.5,2026-06-05,66643,560,560,6,27.0,REPEATEDHITS,False,False,False,122,66521,8586081737.0,9,BID,LONG,0.5
CORZ,2026-05-27 15:07:49.227884+00:00,CALL,36.0,2026-06-18,65805,4387,4727,41,26.95,REPEATEDHITS,False,False,False,25020,37395,8586081737.0,22,BID,SHORT,0.5
CORZ,2026-05-27 15:07:49.227884+00:00,CALL,36.0,2026-06-18,79095,5273,10000,41,26.905,REPEATEDHITS,False,False,False,67395,11700,8586081737.0,22,ASK,LONG,1.0
CORZ,2026-05-26 15:15:07.485696+00:00,CALL,31.0,2026-09-18,772135,2271,2272,728,26.765,REPEATEDHITSASCENDINGFILL,False,False,False,772135,0,8586081737.0,115,ASK,LONG,1.0
CORZ,2026-05-26 15:01:20.712868+00:00,PUT,26.0,2026-06-05,303933,2471,2471,9,26.565,REPEATEDHITS,False,False,False,295938,615,8586081737.0,10,ASK,SHORT,1.0
CORZ,2026-05-26 14:55:28.510209+00:00,PUT,28.0,2026-08-21,20390,42,43,4,26.66,REPEATEDHITSDESCENDINGFILL,False,False,False,6810,13580,8586081737.0,87,BID,LONG,0.5
CORZ,2026-05-26 14:55:27.903759+00:00,PUT,25.5,2026-06-12,408645,3027,3027,13,26.64,REPEATEDHITS,False,False,False,408645,0,8586081737.0,17,ASK,SHORT,1.0
CORZ,2026-05-26 14:52:04.979603+00:00,CALL,29.0,2026-06-05,23161,437,1043,82,26.52,REPEATEDHITS,False,False,False,18815,3869,8586081737.0,10,ASK,LONG,1.0
CRDO,2026-06-10 19:38:23.302018+00:00,PUT,232.5,2026-07-02,31370,14,19,5,243.235,REPEATEDHITS,False,False,False,2240,29130,43220309941.0,22,BID,LONG,0.5
CRDO,2026-06-10 18:32:53.596663+00:00,CALL,285.0,2026-06-12,11880,108,188,86,241.6108,REPEATEDHITS,False,False,False,11000,880,43220309941.0,2,ASK,LONG,1.0
CRDO,2026-06-10 17:19:00.435406+00:00,CALL,272.5,2026-06-12,35251,150,181,115,240.91,REPEATEDHITS,False,False,False,0,35251,43220309941.0,2,BID,SHORT,0.5
CRDO,2026-06-10 14:42:09.019104+00:00,PUT,145.0,2028-01-21,240220,54,62,30,256.34,REPEATEDHITS,True,False,False,31170,204600,43220309941.0,590,BID,LONG,0.5
CRDO,2026-06-10 14:07:10.018333+00:00,PUT,180.0,2026-07-02,77519,204,212,186,255.67,REPEATEDHITS,True,False,False,77519,0,43220309941.0,22,ASK,SHORT,1.0
CRDO,2026-06-10 13:46:50.868712+00:00,CALL,245.0,2026-07-24,53400,12,13,7,253.2101,REPEATEDHITSDESCENDINGFILL,False,False,False,53400,0,43220309941.0,44,ASK,LONG,1.0
CRDO,2026-06-09 19:32:42.786123+00:00,PUT,220.0,2027-01-15,630000,100,106,80,233.62,FLOORTRADELARGECAP,False,True,False,0,630000,43220309941.0,220,BID,LONG,0.5
CRDO,2026-06-09 19:13:06.988093+00:00,CALL,360.0,2026-07-17,207364,324,365,157,233.42,REPEATEDHITS,False,False,False,0,207364,43220309941.0,38,BID,SHORT,0.5
CRDO,2026-06-09 17:23:01.640647+00:00,CALL,217.5,2026-06-12,335465,200,414,148,225.855,REPEATEDHITSASCENDINGFILL,True,False,False,0,332105,43220309941.0,3,BID,SHORT,0.5
CRDO,2026-06-09 17:05:13.717092+00:00,PUT,187.5,2026-06-12,103655,516,567,105,220.01,REPEATEDHITSASCENDINGFILL,False,False,False,62850,40805,43220309941.0,3,ASK,SHORT,1.0
CRDO,2026-06-09 15:35:37.727967+00:00,PUT,215.0,2026-06-12,325486,525,612,389,226.295,REPEATEDHITS,False,False,False,325486,0,43220309941.0,3,ASK,SHORT,1.0
CRDO,2026-06-09 14:10:09.040682+00:00,CALL,287.5,2026-06-12,55263,290,290,7,244.74,REPEATEDHITSDESCENDINGFILL,False,False,False,11550,43713,43220309941.0,3,BID,SHORT,0.5
CRDO,2026-06-09 14:10:09.040682+00:00,CALL,277.5,2026-06-12,58832,189,260,9,244.74,REPEATEDHITSASCENDINGFILL,False,False,False,39920,18912,43220309941.0,3,ASK,LONG,1.0
CRDO,2026-06-09 14:10:09.040682+00:00,CALL,292.5,2026-06-12,83022,551,552,7,244.74,REPEATEDHITSASCENDINGFILL,False,False,False,11315,71707,43220309941.0,3,BID,SHORT,0.5
CRDO,2026-06-09 14:10:09.040682+00:00,CALL,290.0,2026-06-12,36370,207,237,122,244.74,REPEATEDHITS,False,False,False,5220,31150,43220309941.0,3,BID,SHORT,0.5
CRDO,2026-06-09 14:10:09.040682+00:00,CALL,280.0,2026-06-12,48622,176,268,85,244.74,REPEATEDHITSDESCENDINGFILL,False,False,False,11720,36902,43220309941.0,3,BID,SHORT,0.5
CRDO,2026-06-09 13:38:25.632482+00:00,CALL,277.5,2026-06-12,14280,68,68,9,239.31,REPEATEDHITS,False,False,False,14280,0,43220309941.0,3,ASK,LONG,1.0
CRDO,2026-06-08 17:58:48.726834+00:00,PUT,187.5,2026-06-26,25200,36,45,20,224.64,REPEATEDHITS,False,False,False,25200,0,43220309941.0,18,ASK,SHORT,1.0
CRDO,2026-06-08 16:03:30.899741+00:00,CALL,245.0,2026-06-26,24800,16,22,15,226.655,REPEATEDHITS,True,False,False,24800,0,43220309941.0,18,ASK,LONG,1.0
CRDO,2026-06-08 15:51:42.824642+00:00,CALL,350.0,2026-07-17,14703,23,52,19,226.73,REPEATEDHITSDESCENDINGFILL,False,False,False,14073,630,43220309941.0,39,ASK,LONG,1.0
CRDO,2026-06-08 15:51:38.819389+00:00,PUT,130.0,2026-08-21,359078,630,651,345,226.45,REPEATEDHITSDESCENDINGFILL,False,False,False,359078,0,43220309941.0,74,ASK,SHORT,1.0
CRDO,2026-06-08 14:54:48.254792+00:00,CALL,300.0,2026-07-24,12000,10,10,0,221.57,REPEATEDHITS,False,False,False,2400,0,43220309941.0,46,ASK,LONG,1.0
CRDO,2026-06-08 14:48:44.202925+00:00,PUT,145.0,2026-07-24,137190,280,285,1,220.395,REPEATEDHITS,False,False,False,137190,0,43220309941.0,46,ASK,SHORT,1.0
CRDO,2026-06-08 13:44:38.896564+00:00,CALL,245.0,2026-07-10,50600,23,32,8,224.43,REPEATEDHITS,False,False,False,50600,0,43220309941.0,32,ASK,LONG,1.0
CRDO,2026-06-08 13:39:46.805910+00:00,CALL,215.0,2026-06-26,121500,50,50,21,218.85,REPEATEDHITS,False,False,False,0,111780,43220309941.0,18,BID,SHORT,0.5
CRDO,2026-06-05 19:09:11.431075+00:00,PUT,90.0,2026-08-21,85599,535,555,363,209.38,REPEATEDHITS,False,False,False,73919,0,43220309941.0,77,ASK,SHORT,1.0
CRDO,2026-06-05 17:43:29.422739+00:00,PUT,165.0,2026-08-21,329249,202,207,165,214.71,REPEATEDHITSDESCENDINGFILL,False,False,False,327629,1620,43220309941.0,77,ASK,SHORT,1.0
CRDO,2026-06-05 16:48:16.976810+00:00,CALL,227.5,2026-06-05,26433,400,901,214,212.23,REPEATEDHITSDESCENDINGFILL,False,False,False,20933,5500,43220309941.0,0,ASK,LONG,1.0
CRDO,2026-06-05 16:18:19.730896+00:00,CALL,215.0,2026-06-18,1652700,787,839,285,219.291,REPEATEDHITS,False,False,False,0,1652700,43220309941.0,13,BID,SHORT,0.5
CRDO,2026-06-05 13:54:45.760222+00:00,CALL,210.0,2026-06-12,219000,146,148,136,213.66,REPEATEDHITS,False,False,False,219000,0,43220309941.0,7,ASK,LONG,1.0
CRDO,2026-06-04 16:04:50.579819+00:00,PUT,155.0,2027-03-19,59670,17,36,4,216.32,REPEATEDHITS,False,False,False,24570,0,43220309941.0,288,ASK,SHORT,1.0
CRDO,2026-06-04 16:04:41.171118+00:00,PUT,155.0,2027-03-19,17710,5,19,4,216.41,REPEATEDHITS,False,False,False,17710,0,43220309941.0,288,ASK,SHORT,1.0
CRDO,2026-06-04 16:04:27.947628+00:00,PUT,155.0,2027-06-17,66600,16,28,0,216.7551,REPEATEDHITSASCENDINGFILL,False,False,False,49980,4150,43220309941.0,378,ASK,SHORT,1.0
CRDO,2026-06-04 16:04:27.947628+00:00,PUT,155.0,2027-06-17,33440,8,36,0,216.7551,REPEATEDHITS,False,False,False,33440,0,43220309941.0,378,ASK,SHORT,1.0
CRDO,2026-06-04 15:12:10.619665+00:00,PUT,130.0,2026-07-17,56975,265,306,139,211.9232,REPEATEDHITS,False,False,False,56975,0,43220309941.0,43,ASK,SHORT,1.0
CRDO,2026-06-03 16:28:45.610565+00:00,CALL,210.0,2026-07-02,104106,40,74,34,208.86,REPEATEDHITS,False,False,False,99180,4926,43220309941.0,29,ASK,LONG,1.0
CRDO,2026-06-03 14:14:39.098554+00:00,PUT,175.0,2026-07-02,98100,109,190,86,210.16,REPEATEDHITS,False,False,False,98100,0,43220309941.0,29,ASK,SHORT,1.0
CRDO,2026-06-02 19:32:52.120166+00:00,CALL,222.5,2026-07-10,35950,10,25,5,231.79,REPEATEDHITS,False,False,False,21570,7190,43220309941.0,38,ASK,LONG,1.0
CRDO,2026-06-02 15:12:27.646173+00:00,PUT,242.5,2026-06-05,81810,30,66,27,219.46,REPEATEDHITSASCENDINGFILL,False,False,False,0,73650,43220309941.0,3,BID,LONG,0.5
CRDO,2026-06-02 14:18:25.766560+00:00,PUT,227.5,2026-06-26,35530,11,11,1,213.0,REPEATEDHITS,True,False,False,0,35530,43220309941.0,24,BID,LONG,0.5
CRDO,2026-06-01 19:36:54.800448+00:00,PUT,195.0,2026-07-17,194992,100,119,52,226.765,REPEATEDHITSDESCENDINGFILL,False,False,False,0,194992,43220309941.0,46,BID,LONG,0.5
CRDO,2026-06-01 19:20:45.521458+00:00,PUT,177.5,2026-06-05,17500,100,284,45,233.61,REPEATEDHITS,False,False,False,0,17500,43220309941.0,4,BID,LONG,0.5
CRDO,2026-06-01 18:01:32.265337+00:00,PUT,227.5,2026-06-05,177000,100,195,28,233.8,FLOORTRADELARGECAP,False,True,False,0,0,43220309941.0,4,MIXED,,0.0
CRDO,2026-06-01 15:51:41.559943+00:00,PUT,230.0,2026-07-02,295000,100,102,5,235.735,FLOORTRADELARGECAP,False,True,False,0,295000,43220309941.0,31,BID,LONG,0.5
CRDO,2026-06-01 14:31:57.763366+00:00,CALL,330.0,2026-11-20,799640,200,200,1,233.985,REPEATEDHITSDESCENDINGFILL,False,False,False,799640,0,43220309941.0,172,ASK,LONG,1.0
CRDO,2026-05-29 18:21:47.268051+00:00,CALL,257.5,2026-06-05,18700,17,28,12,228.65,REPEATEDHITS,False,False,False,8800,9900,43220309941.0,7,BID,SHORT,0.5
CRDO,2026-05-29 18:00:12.224411+00:00,CALL,330.0,2027-03-19,37870,7,58,4,227.42,REPEATEDHITS,False,False,False,21640,16230,43220309941.0,294,ASK,LONG,1.0
CRDO,2026-05-29 17:32:16.313823+00:00,CALL,312.5,2026-06-05,47360,148,298,96,228.78,REPEATEDHITS,False,False,False,0,46400,43220309941.0,7,BID,SHORT,0.5
CRDO,2026-05-29 15:58:14.890299+00:00,CALL,280.0,2026-06-05,54612,78,191,56,227.64,REPEATEDHITS,False,False,False,0,54612,43220309941.0,7,BID,SHORT,0.5
CRDO,2026-05-29 14:59:34.764306+00:00,CALL,232.5,2026-05-29,37500,125,362,98,230.9,REPEATEDHITS,True,False,False,32100,5400,43220309941.0,0,ASK,LONG,1.0
CRWD,2026-06-10 19:18:21.463775+00:00,CALL,840.0,2026-07-17,56895,144,148,132,646.25,REPEATEDHITSASCENDINGFILL,True,False,False,405,56490,164176489363.0,37,BID,SHORT,0.5
CRWD,2026-06-10 19:15:33.401307+00:00,CALL,665.0,2026-06-26,196715,90,90,17,647.59,REPEATEDHITSASCENDINGFILL,True,False,False,2235,194480,164176489363.0,16,BID,SHORT,0.5
CRWD,2026-06-10 19:03:58.612271+00:00,PUT,652.5,2026-06-12,224375,159,515,53,649.08,REPEATEDHITSASCENDINGFILL,True,False,False,31310,193065,164176489363.0,2,BID,LONG,0.5
CRWD,2026-06-10 16:37:30.524998+00:00,CALL,665.0,2026-06-12,123081,136,316,126,655.735,REPEATEDHITS,False,False,False,0,123081,164176489363.0,2,BID,SHORT,0.5
CRWD,2026-06-10 16:20:56.932175+00:00,CALL,637.5,2026-06-12,411274,175,177,6,654.5,REPEATEDHITSASCENDINGFILL,True,False,False,18815,387759,164176489363.0,2,BID,SHORT,0.5
CRWD,2026-06-10 14:49:29.277377+00:00,PUT,710.0,2026-12-18,999780,76,267,7,654.61,REPEATEDHITS,False,False,False,973470,26310,164176489363.0,191,ASK,SHORT,1.0
CRWD,2026-06-10 14:47:56.734905+00:00,PUT,710.0,2026-12-18,377460,29,191,7,657.64,REPEATEDHITS,False,False,False,312480,64980,164176489363.0,191,ASK,SHORT,1.0
CRWD,2026-06-10 14:45:17.489734+00:00,PUT,710.0,2026-12-18,1250855,96,113,7,656.87,REPEATEDHITS,False,False,False,1107550,78180,164176489363.0,191,ASK,SHORT,1.0
CRWD,2026-06-09 19:51:56.838182+00:00,CALL,960.0,2026-12-18,65910,21,21,9,643.98,REPEATEDHITSDESCENDINGFILL,False,False,False,9390,56520,164176489363.0,192,BID,SHORT,0.5
CRWD,2026-06-09 19:00:54.342292+00:00,CALL,745.0,2026-06-26,56446,136,139,10,642.165,REPEATEDHITSASCENDINGFILL,False,False,False,420,56026,164176489363.0,17,BID,SHORT,0.5
CRWD,2026-06-09 17:21:19.455705+00:00,PUT,667.5,2026-06-26,133230,27,28,0,633.89,REPEATEDHITSASCENDINGFILL,True,False,False,73840,59390,164176489363.0,17,ASK,SHORT,1.0
CRWD,2026-06-09 17:21:18.050437+00:00,PUT,660.0,2026-06-26,438060,99,109,36,633.89,REPEATEDHITSDESCENDINGFILL,True,False,False,221500,123530,164176489363.0,17,ASK,SHORT,1.0
CRWD,2026-06-09 16:16:07.658511+00:00,PUT,510.0,2028-06-16,53024,5,5,3,625.91,REPEATEDHITSASCENDINGFILL,False,False,False,53024,0,164176489363.0,738,ASK,SHORT,1.0
CRWD,2026-06-09 15:44:41.714031+00:00,CALL,640.0,2026-06-26,98380,36,54,32,632.1,REPEATEDHITS,False,False,False,82000,16380,164176489363.0,17,ASK,LONG,1.0
CRWD,2026-06-08 16:28:55.881195+00:00,PUT,605.0,2026-06-26,50685,48,65,14,658.02,REPEATEDHITSASCENDINGFILL,True,False,False,0,50685,164176489363.0,18,BID,LONG,0.5
CRWD,2026-06-08 14:48:24.148116+00:00,PUT,470.0,2026-08-21,102955,208,209,149,671.83,REPEATEDHITS,False,False,False,102955,0,164176489363.0,74,ASK,SHORT,1.0
CRWD,2026-06-05 19:11:45.842705+00:00,CALL,705.0,2026-06-26,133640,52,59,26,680.35,REPEATEDHITS,False,False,False,125930,7710,164176489363.0,21,ASK,LONG,1.0
CRWD,2026-06-05 18:24:03.198753+00:00,CALL,675.0,2026-06-05,129355,176,194,71,680.7,REPEATEDHITSDESCENDINGFILL,False,False,False,129355,0,164176489363.0,0,ASK,LONG,1.0
CRWD,2026-06-05 16:45:45.503851+00:00,CALL,800.0,2026-07-24,59550,30,30,1,686.365,REPEATEDHITSASCENDINGFILL,False,False,False,29850,29700,164176489363.0,49,ASK,LONG,1.0
CRWD,2026-06-05 15:15:12.354749+00:00,PUT,630.0,2026-07-17,729553,331,422,198,690.68,REPEATEDHITSDESCENDINGFILL,True,False,False,403413,326140,164176489363.0,42,ASK,SHORT,1.0
CRWD,2026-06-05 14:20:42.451324+00:00,CALL,695.0,2026-06-26,104580,28,54,12,695.94,REPEATEDHITS,False,False,False,104580,0,164176489363.0,21,ASK,LONG,1.0
CRWD,2026-06-05 13:56:38.775216+00:00,CALL,685.0,2026-06-05,95455,85,152,59,690.98,REPEATEDHITSASCENDINGFILL,True,False,False,47515,47940,164176489363.0,0,BID,SHORT,0.5
CRWD,2026-06-05 13:50:10.629581+00:00,PUT,675.0,2026-06-12,172690,111,165,94,689.83,REPEATEDHITSDESCENDINGFILL,True,False,False,109715,62975,164176489363.0,7,ASK,SHORT,1.0
CRWD,2026-06-04 19:52:57.135840+00:00,CALL,710.0,2026-06-05,256500,150,1117,123,719.98,REPEATEDHITS,False,False,False,256500,0,164176489363.0,1,ASK,LONG,1.0
CRWD,2026-06-04 19:48:03.116238+00:00,PUT,720.0,2026-07-17,204000,40,66,14,719.465,REPEATEDHITS,False,False,False,0,204000,164176489363.0,43,BID,LONG,0.5
CRWD,2026-06-04 18:48:32.744650+00:00,PUT,560.0,2026-11-20,612531,173,179,74,716.01,REPEATEDHITSASCENDINGFILL,True,False,False,0,559356,164176489363.0,169,BID,LONG,0.5
CRWD,2026-06-04 18:48:32.744650+00:00,PUT,620.0,2026-12-18,555125,85,94,13,716.01,REPEATEDHITS,True,False,False,97950,457175,164176489363.0,197,BID,LONG,0.5
CRWD,2026-06-04 18:48:32.744650+00:00,PUT,570.0,2026-11-20,231075,60,62,9,716.01,REPEATEDHITS,True,False,False,0,173250,164176489363.0,169,BID,LONG,0.5
CRWD,2026-06-04 18:35:25.545666+00:00,CALL,1040.0,2027-01-15,179940,36,36,0,714.98,REPEATEDHITSASCENDINGFILL,True,False,False,100010,5005,164176489363.0,225,ASK,LONG,1.0
CRWD,2026-06-04 18:35:25.545666+00:00,CALL,1060.0,2027-01-15,691221,146,149,0,714.98,REPEATEDHITSASCENDINGFILL,True,False,False,620271,0,164176489363.0,225,ASK,LONG,1.0
CRWD,2026-06-04 18:35:25.545666+00:00,CALL,1100.0,2027-03-19,328145,56,57,23,714.98,REPEATEDHITS,True,False,False,322300,5845,164176489363.0,288,ASK,LONG,1.0
CRWD,2026-06-04 18:35:25.545666+00:00,CALL,1150.0,2026-12-18,315425,100,107,12,714.98,REPEATEDHITS,True,False,False,268175,0,164176489363.0,197,ASK,LONG,1.0
CRWD,2026-06-04 18:35:25.545666+00:00,CALL,1030.0,2027-01-15,205600,40,40,0,714.98,REPEATEDHITS,True,False,False,205600,0,164176489363.0,225,ASK,LONG,1.0
CRWD,2026-06-04 18:35:25.545666+00:00,CALL,1050.0,2027-01-15,360810,74,75,0,714.98,REPEATEDHITSASCENDINGFILL,True,False,False,360810,0,164176489363.0,225,ASK,LONG,1.0
CRWD,2026-06-04 17:58:43.643354+00:00,CALL,970.0,2026-09-18,337580,134,135,50,713.27,REPEATEDHITSDESCENDINGFILL,False,False,False,184605,152975,164176489363.0,106,ASK,LONG,1.0
CRWD,2026-06-04 17:56:14.223712+00:00,CALL,690.0,2026-06-05,536825,197,1006,164,713.66,REPEATEDHITS,False,False,False,536825,0,164176489363.0,1,ASK,LONG,1.0
CRWD,2026-06-04 17:32:47.348240+00:00,CALL,702.5,2026-06-18,56000,16,63,0,709.31,REPEATEDHITS,False,False,False,0,56000,164176489363.0,14,BID,SHORT,0.5
CRWD,2026-06-04 16:03:04.019508+00:00,PUT,590.0,2026-08-21,87875,37,42,27,692.47,REPEATEDHITS,False,False,False,87875,0,164176489363.0,78,ASK,SHORT,1.0
CRWD,2026-06-04 15:54:15.683561+00:00,CALL,682.5,2026-06-05,380000,200,911,3,694.4,REPEATEDHITS,False,False,False,380000,0,164176489363.0,1,ASK,LONG,1.0
CRWD,2026-06-04 15:32:46.939016+00:00,PUT,640.0,2026-07-17,641322,252,266,201,692.445,REPEATEDHITSDESCENDINGFILL,False,False,False,638782,0,164176489363.0,43,ASK,SHORT,1.0
CRWD,2026-06-04 15:25:29.330270+00:00,CALL,682.5,2026-06-05,200000,100,408,3,696.0,REPEATEDHITS,False,False,False,0,200000,164176489363.0,1,BID,SHORT,0.5
CRWD,2026-06-04 15:07:19.261294+00:00,CALL,687.5,2026-06-12,54000,20,64,2,693.0,REPEATEDHITS,True,False,False,0,54000,164176489363.0,8,BID,SHORT,0.5
CRWD,2026-06-04 14:52:07.669637+00:00,PUT,650.0,2026-12-18,191740,22,32,12,693.84,REPEATEDHITSDESCENDINGFILL,False,False,False,156820,34920,164176489363.0,197,ASK,SHORT,1.0
CRWD,2026-06-04 14:49:23.003615+00:00,CALL,680.0,2026-07-02,114905,24,72,12,691.215,REPEATEDHITSASCENDINGFILL,True,False,False,38400,76505,164176489363.0,28,BID,SHORT,0.5
CRWD,2026-06-04 14:19:08.590467+00:00,PUT,670.0,2027-01-15,441000,42,50,32,682.25,REPEATEDHITS,False,False,False,441000,0,164176489363.0,225,ASK,SHORT,1.0
CRWD,2026-06-04 14:13:12.782239+00:00,CALL,710.0,2026-06-26,71770,24,26,20,689.6045,REPEATEDHITS,True,False,False,0,71770,164176489363.0,22,BID,SHORT,0.5
CRWD,2026-06-04 14:13:12.782239+00:00,CALL,715.0,2026-06-26,128720,46,47,29,689.6045,REPEATEDHITSASCENDINGFILL,True,False,False,50640,78080,164176489363.0,22,BID,SHORT,0.5
CRWD,2026-06-04 14:02:51.376015+00:00,CALL,715.0,2026-06-05,65600,82,125,32,699.035,REPEATEDHITS,False,False,False,0,65600,164176489363.0,1,BID,SHORT,0.5
CRWD,2026-06-03 18:52:22.969170+00:00,PUT,755.0,2026-06-05,689191,203,310,140,752.74,REPEATEDHITSASCENDINGFILL,False,False,False,3400,685791,164176489363.0,2,BID,LONG,0.5
CRWD,2026-06-03 17:57:29.275429+00:00,PUT,760.0,2026-12-18,65160,5,13,0,750.85,REPEATEDHITS,False,False,False,13035,52125,164176489363.0,198,BID,LONG,0.5
CVNA,2026-06-10 17:42:00.779251+00:00,CALL,66.0,2026-07-24,37440,52,52,1,66.71,REPEATEDHITS,True,False,False,36720,720,49860834480.0,44,ASK,LONG,1.0
CVNA,2026-06-10 14:25:31.328314+00:00,CALL,71.5,2026-06-12,25800,208,208,152,69.87,REPEATEDHITSDESCENDINGFILL,True,False,False,13867,11933,49860834480.0,2,ASK,LONG,1.0
CVNA,2026-06-10 13:58:03.575515+00:00,CALL,74.0,2026-08-21,405055,497,497,261,69.88,REPEATEDHITS,False,False,False,0,405055,49860834480.0,72,BID,SHORT,0.5
CVNA,2026-06-09 17:34:34.970885+00:00,PUT,68.5,2026-06-18,23520,80,157,42,69.2,REPEATEDHITS,False,False,False,0,23520,49860834480.0,9,BID,LONG,0.5
CVNA,2026-06-09 15:26:00.813463+00:00,PUT,69.5,2026-06-12,48044,202,203,82,69.36,REPEATEDHITSDESCENDINGFILL,True,False,False,47598,446,49860834480.0,3,ASK,SHORT,1.0
CVNA,2026-06-09 14:52:06.611179+00:00,CALL,95.0,2026-07-02,11339,419,455,117,71.17,REPEATEDHITSASCENDINGFILL,True,False,False,4261,2623,49860834480.0,23,ASK,LONG,1.0
CVNA,2026-06-09 14:46:01.124585+00:00,PUT,67.5,2026-06-26,13808,53,53,0,71.31,REPEATEDHITSDESCENDINGFILL,True,False,False,10440,3368,49860834480.0,17,ASK,SHORT,1.0
CVNA,2026-06-09 14:46:01.124585+00:00,PUT,66.5,2026-06-26,11950,53,53,6,71.31,REPEATEDHITSDESCENDINGFILL,True,False,False,9040,2910,49860834480.0,17,ASK,SHORT,1.0
CVNA,2026-06-08 19:46:19.768870+00:00,CALL,92.0,2026-11-20,350000,500,500,40,69.34,REPEATEDHITS,True,False,False,0,350000,49860834480.0,165,BID,SHORT,0.5
CVNA,2026-06-08 19:29:52.028392+00:00,PUT,74.0,2028-01-21,2005490,799,850,165,69.61,FLOORTRADELARGECAP,False,True,False,2005490,0,49860834480.0,592,ASK,SHORT,1.0
CVNA,2026-06-08 18:35:10.947519+00:00,CALL,67.0,2026-06-18,3430000,7000,14011,253,69.71,FLOORTRADELARGECAP,False,True,True,0,3430000,49860834480.0,10,BID,SHORT,0.5
CVNA,2026-06-08 18:20:31.854788+00:00,CALL,85.0,2026-06-26,25800,430,1011,169,70.0,REPEATEDHITS,False,False,False,25800,0,49860834480.0,18,ASK,LONG,1.0
CVNA,2026-06-08 17:42:30.334358+00:00,CALL,126.0,2026-08-21,19338,293,293,104,68.97,REPEATEDHITS,False,False,False,19338,0,49860834480.0,74,ASK,LONG,1.0
CVNA,2026-06-08 14:01:51.546512+00:00,CALL,72.5,2026-06-26,19828,69,70,0,68.57,REPEATEDHITSASCENDINGFILL,False,False,False,14385,5443,49860834480.0,18,ASK,LONG,1.0
CVNA,2026-06-08 14:01:51.546512+00:00,CALL,72.5,2026-06-26,35343,123,193,0,68.56,REPEATEDHITSASCENDINGFILL,False,False,False,35343,0,49860834480.0,18,ASK,LONG,1.0
CVNA,2026-06-08 14:01:51.546512+00:00,CALL,72.5,2026-06-26,26496,92,285,0,68.57,REPEATEDHITSASCENDINGFILL,False,False,False,25061,1435,49860834480.0,18,ASK,LONG,1.0
CVNA,2026-06-05 19:39:37.040102+00:00,CALL,80.0,2026-11-20,680000,800,808,301,66.135,REPEATEDHITS,True,False,False,0,680000,49860834480.0,168,BID,SHORT,0.5
CVNA,2026-06-05 19:11:09.790169+00:00,CALL,98.0,2027-01-15,199650,330,331,265,65.38,REPEATEDHITS,True,False,False,0,199650,49860834480.0,224,BID,SHORT,0.5
CVNA,2026-06-05 18:39:57.996105+00:00,CALL,98.0,2026-12-18,540000,1000,1000,387,65.39,REPEATEDHITS,True,False,False,0,540000,49860834480.0,196,BID,SHORT,0.5
CVNA,2026-06-05 18:25:50.196909+00:00,CALL,88.0,2026-12-18,146004,200,200,93,65.34,REPEATEDHITS,True,False,False,0,146004,49860834480.0,196,BID,SHORT,0.5
CVNA,2026-06-05 18:17:55.722838+00:00,CALL,86.0,2026-11-20,133737,187,191,55,65.42,REPEATEDHITSASCENDINGFILL,True,False,False,720,133017,49860834480.0,168,BID,SHORT,0.5
CVNA,2026-06-05 18:17:55.722838+00:00,CALL,86.0,2026-11-20,155894,218,409,55,65.3975,REPEATEDHITSASCENDINGFILL,True,False,False,5744,150150,49860834480.0,168,BID,SHORT,0.5
CVNA,2026-06-05 17:54:53.801146+00:00,PUT,66.0,2026-06-26,49050,109,124,45,65.66,REPEATEDHITS,False,False,False,0,49050,49860834480.0,21,BID,LONG,0.5
CVNA,2026-06-05 16:35:19.231920+00:00,CALL,70.0,2026-09-18,665276,704,720,451,65.85,REPEATEDHITS,False,False,False,665276,0,49860834480.0,105,ASK,LONG,1.0
CVNA,2026-06-05 15:35:59.333904+00:00,CALL,67.5,2026-06-12,21200,100,148,45,66.395,REPEATEDHITSASCENDINGFILL,False,False,False,19714,1486,49860834480.0,7,ASK,LONG,1.0
CVNA,2026-06-05 15:35:59.333904+00:00,PUT,66.5,2026-06-05,33117,581,667,277,66.395,REPEATEDHITS,False,False,False,0,33117,49860834480.0,0,BID,LONG,0.5
CVNA,2026-06-04 17:00:30.351886+00:00,CALL,67.0,2026-06-26,34710,89,99,37,65.46,REPEATEDHITS,False,False,False,0,34710,49860834480.0,22,BID,SHORT,0.5
CVNA,2026-06-04 15:35:56.982241+00:00,CALL,68.0,2026-07-17,775670,1400,1402,875,65.83,REPEATEDHITSASCENDINGFILL,False,False,False,775128,542,49860834480.0,43,ASK,LONG,1.0
CVNA,2026-06-03 18:49:58.190275+00:00,CALL,65.0,2026-06-26,23880,62,108,44,63.54,REPEATEDHITSASCENDINGFILL,False,False,False,3475,20405,49860834480.0,23,BID,SHORT,0.5
CVNA,2026-06-03 16:12:41.382060+00:00,PUT,55.0,2026-07-10,11590,47,99,11,61.47,REPEATEDHITSDESCENDINGFILL,True,False,False,8398,3192,49860834480.0,37,ASK,SHORT,1.0
CVNA,2026-06-03 14:32:53.481192+00:00,CALL,78.0,2026-09-18,333894,630,630,213,62.845,REPEATEDHITS,False,False,False,333894,0,49860834480.0,107,ASK,LONG,1.0
CVNA,2026-06-02 15:44:33.129253+00:00,CALL,65.0,2026-07-17,160550,247,372,161,65.06,REPEATEDHITS,True,False,False,145600,0,49860834480.0,45,ASK,LONG,1.0
CVNA,2026-06-02 15:05:01.481757+00:00,PUT,63.5,2026-06-12,160884,589,591,60,64.55,REPEATEDHITSDESCENDINGFILL,True,False,False,101658,40526,49860834480.0,10,ASK,SHORT,1.0
CVNA,2026-05-29 17:41:07.127512+00:00,PUT,73.0,2026-06-12,193548,561,569,13,73.75,REPEATEDHITS,False,False,False,0,193548,49860834480.0,14,BID,LONG,0.5
CVNA,2026-05-29 16:37:56.061638+00:00,PUT,68.0,2026-06-12,115729,665,872,101,73.1,REPEATEDHITS,False,False,False,0,112404,49860834480.0,14,BID,LONG,0.5
CVNA,2026-05-28 17:18:20.842042+00:00,PUT,75.0,2026-06-12,239373,544,552,170,74.405,REPEATEDHITSASCENDINGFILL,False,False,False,0,239373,49860834480.0,15,BID,LONG,0.5
CVNA,2026-05-28 14:12:56.738619+00:00,CALL,72.0,2026-05-29,713400,4350,4517,738,72.27,REPEATEDHITS,False,False,False,0,713400,49860834480.0,1,BID,SHORT,0.5
CVNA,2026-05-27 19:02:37.852887+00:00,PUT,67.0,2026-06-18,102665,359,360,80,71.941,REPEATEDHITS,False,False,False,5139,97526,49860834480.0,22,BID,LONG,0.5
CVNA,2026-05-27 14:02:03.348989+00:00,CALL,72.5,2026-06-12,126536,245,369,2,73.175,REPEATEDHITSASCENDINGFILL,False,False,False,51500,75036,49860834480.0,16,BID,SHORT,0.5
CVNA,2026-05-27 13:46:18.393467+00:00,CALL,73.5,2026-06-05,67999,200,200,13,72.82,REPEATEDHITS,False,False,False,67999,0,49860834480.0,9,ASK,LONG,1.0
CVNA,2026-05-26 19:31:57.507753+00:00,PUT,75.0,2028-01-21,32432,13,51,0,70.275,REPEATEDHITSASCENDINGFILL,False,False,False,0,32432,49860834480.0,605,BID,LONG,0.5
CVNA,2026-05-26 19:01:38.461330+00:00,CALL,75.0,2026-07-17,132515,250,554,97,70.54,REPEATEDHITSASCENDINGFILL,False,False,False,0,132515,49860834480.0,52,BID,SHORT,0.5
CVNA,2026-05-26 18:52:04.811469+00:00,CALL,75.0,2026-07-17,106002,200,304,97,70.79,REPEATEDHITS,False,False,False,0,106002,49860834480.0,52,BID,SHORT,0.5
CVNA,2026-05-26 15:15:58.992599+00:00,CALL,90.0,2026-09-18,783020,1316,1334,535,72.055,REPEATEDHITS,False,False,False,783020,0,49860834480.0,115,ASK,LONG,1.0
CVNA,2026-05-26 14:39:20.841556+00:00,CALL,95.0,2026-08-21,1061749,2909,2912,236,72.72,REPEATEDHITSDESCENDINGFILL,False,False,False,1061749,0,49860834480.0,87,ASK,LONG,1.0
CVNA,2026-05-26 14:23:20.084227+00:00,PUT,81.5,2026-06-05,10383,11,11,0,72.89,REPEATEDHITSDESCENDINGFILL,False,False,False,4713,3780,49860834480.0,10,ASK,SHORT,1.0
CVNA,2026-05-26 14:12:29.612750+00:00,CALL,102.0,2026-09-18,221510,599,600,386,73.4,REPEATEDHITSASCENDINGFILL,True,False,False,218240,3270,49860834480.0,115,ASK,LONG,1.0
CVNA,2026-05-26 13:59:09.013437+00:00,CALL,84.0,2026-06-12,64202,683,684,3,72.15,REPEATEDHITS,False,False,False,64202,0,49860834480.0,17,ASK,LONG,1.0
CVNA,2026-05-22 18:55:08.437091+00:00,CALL,68.5,2026-05-29,29700,150,396,25,67.52,REPEATEDHITS,False,False,False,29700,0,49860834480.0,7,ASK,LONG,1.0
CVNA,2026-05-22 18:34:10.812338+00:00,PUT,50.0,2026-06-26,26048,407,523,306,67.61,REPEATEDHITS,False,False,False,0,26048,49860834480.0,35,BID,LONG,0.5
CVX,2026-06-10 17:08:34.244031+00:00,PUT,190.0,2026-06-12,58800,490,1136,226,192.14,REPEATEDHITS,True,False,False,3600,55200,371950792428.0,2,BID,LONG,0.5
CVX,2026-06-10 16:31:42.558896+00:00,PUT,192.5,2026-06-18,186835,473,505,206,191.66,REPEATEDHITS,False,False,False,0,186835,371950792428.0,8,BID,LONG,0.5
CVX,2026-06-10 14:59:25.410337+00:00,PUT,195.0,2026-08-21,468102,376,390,134,190.68,REPEATEDHITSDESCENDINGFILL,True,False,False,443202,0,371950792428.0,72,ASK,SHORT,1.0
CVX,2026-06-08 15:57:21.451163+00:00,PUT,175.0,2028-12-15,855000,375,507,35,189.775,REPEATEDHITS,False,False,False,0,401280,371950792428.0,921,BID,LONG,0.5
CVX,2026-06-05 19:59:42.717059+00:00,CALL,205.0,2026-06-12,59570,2000,10298,510,187.24,REPEATEDHITSASCENDINGFILL,True,False,False,57350,0,371950792428.0,7,ASK,LONG,1.0
CVX,2026-06-03 14:55:52.881774+00:00,PUT,187.5,2026-06-12,141183,558,566,286,189.79,REPEATEDHITSASCENDINGFILL,False,False,False,765,140418,371950792428.0,9,BID,LONG,0.5
CVX,2026-06-01 15:35:11.387360+00:00,PUT,182.5,2026-06-12,56400,240,253,115,185.87,REPEATEDHITS,False,False,False,0,0,371950792428.0,11,MIXED,,0.0
CVX,2026-06-01 14:38:30.493140+00:00,PUT,190.0,2026-06-26,170565,249,252,80,187.47,REPEATEDHITS,False,False,False,170565,0,371950792428.0,25,ASK,SHORT,1.0
CVX,2026-06-01 13:50:31.284601+00:00,CALL,180.0,2026-06-26,142760,163,175,45,185.24,REPEATEDHITSDESCENDINGFILL,True,False,False,74800,67960,371950792428.0,25,ASK,LONG,1.0
CVX,2026-05-29 16:57:43.569961+00:00,PUT,170.0,2026-08-21,2302299,5000,5013,486,181.59,REPEATEDHITSDESCENDINGFILL,False,False,False,0,2302299,371950792428.0,84,BID,LONG,0.5
CVX,2026-05-26 19:23:07.312393+00:00,PUT,185.0,2026-06-12,207580,428,486,201,184.52,REPEATEDHITS,False,False,False,196910,10670,371950792428.0,17,ASK,SHORT,1.0
CVX,2026-05-26 16:12:51.691153+00:00,PUT,185.0,2026-06-05,206642,746,802,392,187.39,REPEATEDHITS,False,False,False,8310,198332,371950792428.0,10,BID,LONG,0.5
CVX,2026-05-26 15:05:47.695803+00:00,PUT,190.0,2026-08-21,3342091,2762,2778,169,186.965,REPEATEDHITSASCENDINGFILL,False,False,False,0,3342091,371950792428.0,87,BID,LONG,0.5
CVX,2026-05-26 14:41:25.135175+00:00,PUT,185.0,2026-07-17,1426964,2114,2133,1483,186.73,REPEATEDHITSASCENDINGFILL,False,False,False,0,1426964,371950792428.0,52,BID,LONG,0.5
CVX,2026-05-22 14:09:18.748228+00:00,CALL,192.5,2026-06-05,52927,145,147,85,190.94,REPEATEDHITS,True,False,False,0,52927,371950792428.0,14,BID,SHORT,0.5
CVX,2026-05-20 19:47:35.451844+00:00,PUT,187.5,2026-06-18,112420,292,1175,202,192.68,REPEATEDHITS,False,False,False,95095,385,371950792428.0,29,ASK,SHORT,1.0
CVX,2026-05-20 19:47:35.451844+00:00,PUT,187.5,2026-06-05,111872,437,468,82,192.68,REPEATEDHITS,True,False,False,111872,0,371950792428.0,16,ASK,SHORT,1.0
CVX,2026-05-20 19:47:29.639934+00:00,PUT,187.5,2026-06-18,287945,758,849,202,192.7,REPEATEDHITSDESCENDINGFILL,True,False,False,251470,18615,371950792428.0,29,ASK,SHORT,1.0
CVX,2026-05-20 18:52:01.388812+00:00,CALL,250.0,2027-03-19,75774,160,177,29,192.87,REPEATEDHITSDESCENDINGFILL,False,False,False,71174,4600,371950792428.0,303,ASK,LONG,1.0
CVX,2026-05-20 15:40:57.362954+00:00,PUT,190.0,2026-05-22,70417,1062,1751,409,194.675,REPEATEDHITSDESCENDINGFILL,True,False,False,52863,17554,371950792428.0,2,ASK,SHORT,1.0
CVX,2026-05-20 13:36:10.794949+00:00,PUT,210.0,2026-05-29,88560,72,72,22,198.09,REPEATEDHITS,False,False,False,0,88560,371950792428.0,9,BID,LONG,0.5
CVX,2026-05-18 15:21:19.645008+00:00,PUT,192.5,2026-05-22,204586,660,681,263,193.98,REPEATEDHITSDESCENDINGFILL,False,False,False,195596,0,371950792428.0,4,ASK,SHORT,1.0
CVX,2026-05-18 14:08:55.749183+00:00,PUT,190.0,2026-06-05,84270,159,159,112,190.9825,REPEATEDHITS,False,False,False,84270,0,371950792428.0,18,ASK,SHORT,1.0
CVX,2026-05-14 13:53:19.966945+00:00,PUT,185.0,2026-08-21,51854,50,50,5,186.42,REPEATEDHITSASCENDINGFILL,False,False,False,0,51854,371950792428.0,99,BID,LONG,0.5
CVX,2026-05-12 17:48:58.945430+00:00,PUT,177.5,2026-05-29,55352,374,377,5,186.84,REPEATEDHITS,False,False,False,0,55352,371950792428.0,17,BID,LONG,0.5
DECK,2026-06-10 19:04:46.882750+00:00,PUT,110.0,2026-07-02,11900,34,41,15,111.06,REPEATEDHITS,True,False,False,11550,350,15621330043.0,22,ASK,SHORT,1.0
DECK,2026-06-10 16:30:07.469694+00:00,CALL,120.0,2026-07-17,84482,352,354,289,111.265,REPEATEDHITS,False,False,False,0,84482,15621330043.0,37,BID,SHORT,0.5
DECK,2026-06-09 17:41:16.831488+00:00,CALL,145.0,2026-12-18,33600,60,60,12,112.21,REPEATEDHITS,False,False,False,33600,0,15621330043.0,192,ASK,LONG,1.0
DECK,2026-06-09 14:45:37.444949+00:00,CALL,103.0,2026-07-02,50840,41,43,4,114.35,REPEATEDHITS,True,False,False,0,50840,15621330043.0,23,BID,SHORT,0.5
DECK,2026-06-09 14:45:15.007802+00:00,PUT,125.0,2026-08-21,12480,8,8,0,114.39,REPEATEDHITS,True,False,False,12480,0,15621330043.0,73,ASK,SHORT,1.0
DECK,2026-06-05 17:02:36.134200+00:00,PUT,108.0,2026-06-26,33208,81,89,3,107.57,REPEATEDHITS,True,False,False,33208,0,15621330043.0,21,ASK,SHORT,1.0
DECK,2026-06-05 17:02:36.134200+00:00,PUT,110.0,2026-06-26,40560,78,78,10,107.57,REPEATEDHITS,True,False,False,40560,0,15621330043.0,21,ASK,SHORT,1.0
DECK,2026-06-05 16:24:23.357707+00:00,PUT,105.0,2026-06-18,82620,459,464,267,107.8,REPEATEDHITS,False,False,False,0,82620,15621330043.0,13,BID,LONG,0.5
DECK,2026-06-04 14:00:16.878337+00:00,CALL,135.0,2026-12-18,25832,41,53,39,108.68,REPEATEDHITSASCENDINGFILL,True,False,False,1260,24572,15621330043.0,197,BID,SHORT,0.5
DECK,2026-06-02 18:19:22.579125+00:00,CALL,112.0,2026-06-12,51030,189,189,64,111.35,REPEATEDHITS,False,False,False,0,51030,15621330043.0,10,BID,SHORT,0.5
DECK,2026-06-02 15:43:01.584609+00:00,PUT,108.0,2026-06-05,18972,345,353,15,111.25,REPEATEDHITS,False,False,False,18972,0,15621330043.0,3,ASK,SHORT,1.0
DECK,2026-06-02 15:10:05.827024+00:00,CALL,110.0,2026-07-02,42239,64,64,4,112.33,REPEATEDHITS,True,False,False,42239,0,15621330043.0,30,ASK,LONG,1.0
DECK,2026-05-29 16:12:10.798320+00:00,PUT,116.0,2026-06-12,11100,30,30,3,114.885,REPEATEDHITS,True,False,False,7770,3330,15621330043.0,14,ASK,SHORT,1.0
DECK,2026-05-29 15:45:03.516291+00:00,PUT,115.0,2026-08-21,26970,29,29,24,115.09,REPEATEDHITS,True,False,False,0,26970,15621330043.0,84,BID,LONG,0.5
DECK,2026-05-29 15:44:23.463499+00:00,CALL,120.0,2026-08-21,53950,65,123,28,114.995,REPEATEDHITS,False,False,False,53950,0,15621330043.0,84,ASK,LONG,1.0
DECK,2026-05-29 15:43:24.962384+00:00,CALL,120.0,2026-08-21,44283,54,58,28,114.97,REPEATEDHITSASCENDINGFILL,True,False,False,0,44283,15621330043.0,84,BID,SHORT,0.5
DECK,2026-05-28 14:33:31.563170+00:00,CALL,115.0,2026-06-05,46155,181,181,34,114.78,REPEATEDHITS,False,False,False,0,46155,15621330043.0,8,BID,SHORT,0.5
DECK,2026-05-27 16:35:36.700279+00:00,PUT,117.0,2026-06-05,11960,26,26,0,113.96,REPEATEDHITS,True,False,False,11960,0,15621330043.0,9,ASK,SHORT,1.0
DECK,2026-05-27 16:35:36.700279+00:00,PUT,114.0,2026-06-05,23655,83,83,0,113.96,REPEATEDHITS,False,False,False,23655,0,15621330043.0,9,ASK,SHORT,1.0
DECK,2026-05-27 15:54:14.917419+00:00,PUT,112.0,2026-06-12,18499,74,74,0,114.56,REPEATEDHITS,True,False,False,18499,0,15621330043.0,16,ASK,SHORT,1.0
DECK,2026-05-27 13:52:21.840466+00:00,PUT,105.0,2026-08-21,26660,43,70,4,113.61,REPEATEDHITS,False,False,False,0,26660,15621330043.0,86,BID,LONG,0.5
DECK,2026-05-26 14:55:16.273557+00:00,CALL,110.0,2026-07-17,375863,561,617,214,109.18,REPEATEDHITS,False,False,False,375863,0,15621330043.0,52,ASK,LONG,1.0
DECK,2026-05-22 13:59:22.182565+00:00,PUT,100.0,2026-08-21,10400,13,16,2,102.9,REPEATEDHITS,False,False,False,10400,0,15621330043.0,91,ASK,SHORT,1.0
DECK,2026-05-21 19:59:27.995578+00:00,PUT,85.0,2027-03-19,26730,33,241,7,102.68,REPEATEDHITS,False,False,False,21060,5670,15621330043.0,302,ASK,SHORT,1.0
DECK,2026-05-21 19:56:51.483442+00:00,PUT,98.0,2026-05-22,11110,32,209,16,102.85,REPEATEDHITSDESCENDINGFILL,False,False,False,350,6180,15621330043.0,1,BID,LONG,0.5
DECK,2026-05-21 19:56:39.260047+00:00,PUT,100.0,2026-05-29,39100,85,139,38,102.755,REPEATEDHITS,False,False,False,34500,0,15621330043.0,8,ASK,SHORT,1.0
DECK,2026-05-21 19:49:41.527283+00:00,CALL,122.0,2026-05-22,20733,450,510,3,102.14,REPEATEDHITSDESCENDINGFILL,False,False,False,0,20733,15621330043.0,1,BID,SHORT,0.5
DECK,2026-05-21 17:54:48.892784+00:00,CALL,103.0,2026-06-18,18059,30,40,0,100.54,REPEATEDHITSASCENDINGFILL,False,False,False,18059,0,15621330043.0,28,ASK,LONG,1.0
DECK,2026-05-21 15:52:32.379022+00:00,PUT,87.0,2026-05-22,10452,100,189,25,98.92,REPEATEDHITSASCENDINGFILL,True,False,False,0,10452,15621330043.0,1,BID,LONG,0.5
DECK,2026-05-21 14:57:58.683780+00:00,PUT,85.0,2026-08-21,10800,24,24,0,99.24,REPEATEDHITS,False,False,False,9000,1800,15621330043.0,92,ASK,SHORT,1.0
DECK,2026-05-21 14:55:02.777618+00:00,PUT,95.0,2026-08-21,10790,13,13,1,99.01,REPEATEDHITS,False,False,False,4980,5810,15621330043.0,92,BID,LONG,0.5
DECK,2026-05-20 19:30:32.856110+00:00,CALL,97.0,2026-06-26,38030,50,51,1,97.24,REPEATEDHITSDESCENDINGFILL,False,False,False,38030,0,15621330043.0,37,ASK,LONG,1.0
DECK,2026-05-20 15:03:07.671754+00:00,CALL,180.0,2028-01-21,276430,359,361,92,96.09,REPEATEDHITS,False,False,False,0,276430,15621330043.0,611,BID,SHORT,0.5
DECK,2026-05-18 16:14:17.030516+00:00,CALL,102.0,2026-05-29,11220,33,33,18,95.725,REPEATEDHITS,False,False,False,11220,0,15621330043.0,11,ASK,LONG,1.0
DECK,2026-05-18 16:14:17.030516+00:00,CALL,104.0,2026-05-29,11760,42,67,13,95.725,REPEATEDHITS,False,False,False,11760,0,15621330043.0,11,ASK,LONG,1.0
DECK,2026-05-18 16:14:17.030516+00:00,CALL,103.0,2026-05-22,41241,150,154,13,95.725,REPEATEDHITSDESCENDINGFILL,False,False,False,35191,6050,15621330043.0,4,ASK,LONG,1.0
DECK,2026-05-18 16:14:17.030516+00:00,CALL,97.0,2026-05-22,52999,106,124,4,95.725,REPEATEDHITS,False,False,False,52999,0,15621330043.0,4,ASK,LONG,1.0
DECK,2026-05-18 14:33:25.518773+00:00,PUT,96.0,2026-06-18,21390,31,32,0,95.59,REPEATEDHITS,False,False,False,21390,0,15621330043.0,31,ASK,SHORT,1.0
DECK,2026-05-12 14:47:27.505289+00:00,CALL,95.0,2026-05-22,25080,44,48,0,94.9,REPEATEDHITS,False,False,False,0,25080,15621330043.0,10,BID,SHORT,0.5
DHI,2026-06-10 17:43:54.486201+00:00,CALL,195.0,2026-09-18,33332,303,305,23,146.46,REPEATEDHITSASCENDINGFILL,True,False,False,0,30802,42840372136.0,100,BID,SHORT,0.5
DHI,2026-06-10 15:10:04.384907+00:00,PUT,147.0,2026-06-12,20025,89,89,4,147.5375,REPEATEDHITS,True,False,False,20025,0,42840372136.0,2,ASK,SHORT,1.0
DHI,2026-06-09 16:34:13.976063+00:00,PUT,150.0,2026-07-17,174763,257,273,18,150.2401,REPEATEDHITS,False,False,False,0,174763,42840372136.0,38,BID,LONG,0.5
DHI,2026-06-09 16:25:43.246281+00:00,CALL,147.0,2026-06-26,13320,18,18,0,150.025,REPEATEDHITS,False,False,False,13320,0,42840372136.0,17,ASK,LONG,1.0
DHI,2026-06-04 16:02:15.330398+00:00,CALL,160.0,2026-09-18,82080,114,121,65,145.2393,REPEATEDHITS,False,False,False,70560,11520,42840372136.0,106,ASK,LONG,1.0
DHI,2026-06-03 16:20:17.252545+00:00,CALL,144.0,2026-06-18,24750,45,45,0,144.605,REPEATEDHITS,True,False,False,24750,0,42840372136.0,15,ASK,LONG,1.0
DHI,2026-05-29 14:40:33.578036+00:00,PUT,130.0,2026-07-17,37440,208,218,33,149.25,REPEATEDHITS,False,False,False,0,37440,42840372136.0,49,BID,LONG,0.5
DHI,2026-05-27 18:11:46.083015+00:00,CALL,157.5,2026-06-18,12247,50,2756,15,146.96,REPEATEDHITSASCENDINGFILL,False,False,False,12247,0,42840372136.0,22,ASK,LONG,1.0
DHI,2026-05-27 15:26:22.685582+00:00,PUT,147.0,2026-06-18,31200,60,63,0,148.56,REPEATEDHITS,True,False,False,31200,0,42840372136.0,22,ASK,SHORT,1.0
DHI,2026-05-26 14:12:27.799881+00:00,CALL,155.0,2026-07-17,52997,106,110,57,145.85,REPEATEDHITS,False,False,False,52997,0,42840372136.0,52,ASK,LONG,1.0
DHI,2026-05-22 17:30:24.324313+00:00,CALL,140.0,2026-05-22,50698,130,178,80,143.63,REPEATEDHITS,True,False,False,50698,0,42840372136.0,0,ASK,LONG,1.0
DHI,2026-05-22 17:30:24.324313+00:00,PUT,152.5,2026-06-18,33600,30,30,0,143.63,REPEATEDHITS,False,False,False,0,33600,42840372136.0,27,BID,LONG,0.5
DHI,2026-05-22 17:30:24.324313+00:00,PUT,157.5,2026-05-29,93162,68,68,2,143.63,REPEATEDHITS,False,False,False,0,93162,42840372136.0,7,BID,LONG,0.5
DHI,2026-05-22 14:18:02.652177+00:00,CALL,150.0,2026-07-17,13230,27,123,21,141.34,REPEATEDHITS,False,False,False,4410,4410,42840372136.0,56,MIXED,,0.0
DHI,2026-05-22 14:17:58.630902+00:00,CALL,150.0,2026-07-17,18620,38,87,21,141.53,REPEATEDHITS,False,False,False,0,18620,42840372136.0,56,BID,SHORT,0.5
DHI,2026-05-22 14:17:54.797698+00:00,CALL,150.0,2026-07-17,16500,33,37,21,141.53,REPEATEDHITS,False,False,False,12500,4000,42840372136.0,56,ASK,LONG,1.0
DHI,2026-05-21 18:54:42.836328+00:00,PUT,145.0,2026-06-05,13770,27,47,12,143.25,REPEATEDHITS,True,False,False,13770,0,42840372136.0,15,ASK,SHORT,1.0
DHI,2026-05-21 17:22:28.670960+00:00,CALL,147.0,2026-06-18,18490,43,559,6,142.3,REPEATEDHITS,True,False,False,0,18490,42840372136.0,28,BID,SHORT,0.5
DHI,2026-05-21 17:22:15.633944+00:00,CALL,147.0,2026-06-18,104580,249,500,6,142.075,REPEATEDHITS,False,False,False,104580,0,42840372136.0,28,ASK,LONG,1.0
DHI,2026-05-20 17:44:11.301309+00:00,PUT,141.0,2026-05-22,13913,68,68,6,140.95,REPEATEDHITSDESCENDINGFILL,False,False,False,10453,1000,42840372136.0,2,ASK,SHORT,1.0
DHI,2026-05-20 16:01:44.052228+00:00,PUT,141.0,2026-05-29,24400,61,61,25,139.63,REPEATEDHITS,True,False,False,24400,0,42840372136.0,9,ASK,SHORT,1.0
DHI,2026-05-19 18:10:37.660734+00:00,CALL,140.0,2026-08-21,234960,264,265,50,134.855,REPEATEDHITS,False,False,False,213600,0,42840372136.0,94,ASK,LONG,1.0
DHI,2026-05-19 18:01:42.768222+00:00,CALL,136.0,2026-05-22,19200,96,96,1,135.17,REPEATEDHITS,False,False,False,19200,0,42840372136.0,3,ASK,LONG,1.0
DHI,2026-05-19 14:54:32.173753+00:00,CALL,140.0,2026-07-17,40260,66,66,11,134.9725,REPEATEDHITS,False,False,False,40260,0,42840372136.0,59,ASK,LONG,1.0
DHI,2026-05-18 14:23:34.620617+00:00,CALL,175.0,2027-01-15,263897,406,406,156,139.5825,REPEATEDHITS,False,False,False,263897,0,42840372136.0,242,ASK,LONG,1.0
DHI,2026-05-15 16:03:43.752248+00:00,CALL,135.0,2026-07-17,31080,37,37,0,135.005,REPEATEDHITS,True,False,False,21000,10080,42840372136.0,63,ASK,LONG,1.0
DHI,2026-05-14 19:29:29.363430+00:00,PUT,135.0,2026-06-05,127893,441,442,5,139.44,REPEATEDHITSASCENDINGFILL,False,False,False,0,127313,42840372136.0,22,BID,LONG,0.5
DHI,2026-05-13 15:49:12.519914+00:00,PUT,140.0,2026-06-12,60200,105,513,1,140.13,REPEATEDHITSASCENDINGFILL,False,False,False,59060,1140,42840372136.0,30,ASK,SHORT,1.0
DHI,2026-05-13 15:49:10.515713+00:00,PUT,140.0,2026-06-12,205200,360,408,1,140.19,REPEATEDHITS,False,False,False,99180,0,42840372136.0,30,ASK,SHORT,1.0
DHI,2026-05-12 14:28:31.050055+00:00,PUT,140.0,2026-06-18,900000,2000,2010,644,142.985,FLOORTRADELARGECAP,False,True,True,0,900000,42840372136.0,37,BID,LONG,0.5
DHI,2026-05-12 14:28:31.050055+00:00,PUT,130.0,2026-06-18,480000,3000,3001,291,142.985,FLOORTRADELARGECAP,False,True,True,0,480000,42840372136.0,37,BID,LONG,0.5
DIA,2026-06-10 19:22:52.468620+00:00,CALL,523.0,2026-07-24,20493,69,69,5,501.23,REPEATEDHITS,False,False,False,0,20493,509.667175,44,BID,SHORT,0.5
DIA,2026-06-10 15:10:04.384907+00:00,CALL,524.0,2026-07-24,19345,53,53,11,505.025,REPEATEDHITS,False,False,False,0,19345,509.667175,44,BID,SHORT,0.5
DIA,2026-06-10 14:34:59.994412+00:00,PUT,510.0,2026-06-26,440640,544,550,70,507.36,REPEATEDHITS,False,False,False,0,440640,509.667175,16,BID,LONG,0.5
DIA,2026-06-09 17:48:43.387700+00:00,PUT,476.0,2026-07-10,34063,163,164,3,507.68,REPEATEDHITSDESCENDINGFILL,False,False,False,33857,206,509.667175,31,ASK,SHORT,1.0
DIA,2026-06-09 17:44:21.291465+00:00,CALL,513.0,2026-06-18,250301,751,778,74,508.45,REPEATEDHITSASCENDINGFILL,True,False,False,162810,87491,509.667175,9,ASK,LONG,1.0
DIA,2026-06-09 16:30:27.141073+00:00,CALL,501.0,2026-07-02,81650,71,71,4,505.64,REPEATEDHITS,False,False,False,0,81650,509.667175,23,BID,SHORT,0.5
DIA,2026-06-09 16:30:27.141073+00:00,CALL,510.0,2026-07-02,62110,97,115,34,505.63,REPEATEDHITSASCENDINGFILL,False,False,False,1935,60175,509.667175,23,BID,SHORT,0.5
DIA,2026-06-09 16:30:27.141073+00:00,CALL,502.0,2026-07-02,43400,40,40,2,505.64,REPEATEDHITS,False,False,False,0,43400,509.667175,23,BID,SHORT,0.5
DIA,2026-06-09 16:02:13.409920+00:00,PUT,499.0,2026-06-18,15745,47,52,29,506.345,REPEATEDHITS,False,False,False,4355,11390,509.667175,9,BID,LONG,0.5
DIA,2026-06-09 15:50:31.398169+00:00,CALL,511.0,2026-07-10,238705,341,348,6,506.265,REPEATEDHITS,False,False,False,705,238000,509.667175,31,BID,SHORT,0.5
DIA,2026-06-09 15:50:31.398169+00:00,CALL,512.0,2026-07-10,16380,25,26,18,506.265,REPEATEDHITS,False,False,False,660,15720,509.667175,31,BID,SHORT,0.5
DIA,2026-06-09 15:25:12.755863+00:00,PUT,515.0,2026-09-18,167910,87,88,69,507.63,REPEATEDHITS,False,False,False,167910,0,509.667175,101,ASK,SHORT,1.0
DIA,2026-06-09 15:17:28.700565+00:00,CALL,521.0,2026-06-12,15008,469,524,196,508.97,REPEATEDHITS,False,False,False,0,15008,509.667175,3,BID,SHORT,0.5
DIA,2026-06-09 14:31:13.306931+00:00,CALL,524.0,2026-06-12,19712,896,941,557,511.36,REPEATEDHITS,False,False,False,0,19712,509.667175,3,BID,SHORT,0.5
DIA,2026-06-09 14:18:25.906354+00:00,CALL,495.0,2026-08-21,145380,57,57,16,510.0,REPEATEDHITSASCENDINGFILL,False,False,False,15330,130050,509.667175,73,BID,SHORT,0.5
DIA,2026-06-09 13:51:39.005852+00:00,CALL,510.0,2026-09-30,437330,202,207,79,513.31,REPEATEDHITS,False,False,False,437330,0,509.667175,113,ASK,LONG,1.0
DIA,2026-06-08 19:57:55.632750+00:00,CALL,511.0,2026-06-12,129720,470,1533,297,508.83,REPEATEDHITS,True,False,False,0,129720,509.667175,4,BID,SHORT,0.5
DIA,2026-06-08 18:06:50.592354+00:00,CALL,525.0,2026-06-26,149054,1088,1751,286,509.78,REPEATEDHITS,False,False,False,149054,0,509.667175,18,ASK,LONG,1.0
DIA,2026-06-08 17:40:19.025667+00:00,CALL,525.0,2026-06-26,54272,424,661,286,509.045,REPEATEDHITS,False,False,False,54144,128,509.667175,18,ASK,LONG,1.0
DIA,2026-06-08 17:40:19.025667+00:00,CALL,526.0,2026-06-26,21244,188,193,0,509.045,REPEATEDHITS,False,False,False,0,21244,509.667175,18,BID,SHORT,0.5
DIA,2026-06-08 16:37:45.484853+00:00,CALL,530.0,2026-07-24,24480,72,87,4,510.025,REPEATEDHITS,False,False,False,0,24480,509.667175,46,BID,SHORT,0.5
DIA,2026-06-08 16:26:36.524887+00:00,CALL,524.0,2026-06-26,77441,440,594,169,510.8399,REPEATEDHITS,True,False,False,77441,0,509.667175,18,ASK,LONG,1.0
DIA,2026-06-08 15:35:13.247350+00:00,PUT,511.0,2026-06-12,24360,58,289,52,510.02,REPEATEDHITS,False,False,False,24360,0,509.667175,4,ASK,SHORT,1.0
DIA,2026-06-08 15:13:14.567725+00:00,CALL,518.0,2026-07-24,17710,22,22,11,511.57,REPEATEDHITS,False,False,False,0,17710,509.667175,46,BID,SHORT,0.5
DIA,2026-06-08 15:04:27.752279+00:00,PUT,499.0,2026-06-26,243803,877,877,24,511.51,REPEATEDHITS,False,False,False,243803,0,509.667175,18,ASK,SHORT,1.0
DIA,2026-06-08 14:56:55.012198+00:00,PUT,511.0,2026-06-12,34890,100,157,52,511.13,REPEATEDHITSASCENDINGFILL,False,False,False,28000,6890,509.667175,4,ASK,SHORT,1.0
DIA,2026-06-05 19:25:19.157037+00:00,PUT,502.0,2026-06-12,24469,113,209,50,509.42,REPEATEDHITSASCENDINGFILL,True,False,False,11939,12530,509.667175,7,BID,LONG,0.5
DIA,2026-06-05 18:20:59.109388+00:00,PUT,501.0,2026-06-12,48000,400,444,132,511.95,REPEATEDHITS,False,False,False,0,48000,509.667175,7,BID,LONG,0.5
DIA,2026-06-05 17:51:17.919106+00:00,PUT,502.0,2026-06-26,124100,340,342,13,512.265,REPEATEDHITS,False,False,False,124100,0,509.667175,21,ASK,SHORT,1.0
DIA,2026-06-05 17:13:58.595775+00:00,CALL,513.0,2026-06-05,25805,423,737,323,512.41,REPEATEDHITS,False,False,False,732,24949,509.667175,0,BID,SHORT,0.5
DIA,2026-06-05 16:58:47.184619+00:00,PUT,460.0,2026-08-21,134857,461,571,63,512.7,REPEATEDHITSDESCENDINGFILL,False,False,False,35040,99817,509.667175,77,BID,LONG,0.5
DIA,2026-06-05 16:12:26.974235+00:00,CALL,516.0,2026-06-26,40330,74,114,18,513.03,REPEATEDHITS,False,False,False,0,40330,509.667175,21,BID,SHORT,0.5
DIA,2026-06-05 16:12:26.974235+00:00,CALL,514.0,2026-06-26,133520,207,207,18,513.03,REPEATEDHITSASCENDINGFILL,False,False,False,0,133520,509.667175,21,BID,SHORT,0.5
DIA,2026-06-05 16:03:18.803483+00:00,CALL,511.0,2026-07-02,78000,80,80,17,513.53,REPEATEDHITS,False,False,False,78000,0,509.667175,27,ASK,LONG,1.0
DIA,2026-06-05 16:03:18.803483+00:00,CALL,512.5,2026-07-02,37170,42,52,3,513.48,REPEATEDHITS,False,False,False,37170,0,509.667175,27,ASK,LONG,1.0
DIA,2026-06-05 15:49:18.134136+00:00,PUT,525.0,2026-09-18,76370,36,36,4,513.74,REPEATEDHITS,False,False,False,21250,55120,509.667175,105,BID,LONG,0.5
DIA,2026-06-05 15:48:53.294065+00:00,CALL,518.0,2026-06-18,230310,658,691,111,513.735,REPEATEDHITS,False,False,False,0,230310,509.667175,13,BID,SHORT,0.5
DIA,2026-06-05 15:13:51.147389+00:00,CALL,517.5,2026-07-02,16200,24,66,1,514.98,REPEATEDHITS,False,False,False,16200,0,509.667175,27,ASK,LONG,1.0
DIA,2026-06-05 14:48:07.484223+00:00,CALL,517.5,2026-07-02,25530,37,42,1,515.28,REPEATEDHITS,False,False,False,25530,0,509.667175,27,ASK,LONG,1.0
DIA,2026-06-05 14:48:07.484223+00:00,CALL,518.0,2026-07-02,22610,34,34,4,515.28,REPEATEDHITS,False,False,False,22610,0,509.667175,27,ASK,LONG,1.0
DIA,2026-06-05 14:33:13.154290+00:00,CALL,517.0,2026-07-02,17400,24,24,10,515.3,REPEATEDHITS,False,False,False,17400,0,509.667175,27,ASK,LONG,1.0
DIA,2026-06-05 14:26:47.040525+00:00,CALL,520.0,2026-06-18,279836,861,887,841,515.03,REPEATEDHITSASCENDINGFILL,False,False,False,0,279836,509.667175,13,BID,SHORT,0.5
DIA,2026-06-04 19:29:56.913241+00:00,PUT,522.0,2026-07-02,139870,142,289,0,517.5,REPEATEDHITS,False,False,False,139870,0,509.667175,28,ASK,SHORT,1.0
DIA,2026-06-04 18:09:22.483397+00:00,CALL,535.0,2026-08-21,16800,24,122,16,515.75,REPEATEDHITS,False,False,False,0,16800,509.667175,78,BID,SHORT,0.5
DIA,2026-06-04 17:51:17.179150+00:00,CALL,513.0,2026-06-26,123840,144,207,53,516.145,REPEATEDHITS,False,False,False,0,123840,509.667175,22,BID,SHORT,0.5
DIA,2026-06-04 17:29:48.898206+00:00,PUT,580.0,2026-06-18,70510,11,12,0,516.06,REPEATEDHITS,False,False,False,70510,0,509.667175,14,ASK,SHORT,1.0
DIA,2026-06-04 17:01:22.016273+00:00,CALL,519.0,2026-06-12,438370,1486,2011,279,516.88,REPEATEDHITS,False,False,False,0,590,509.667175,8,BID,SHORT,0.5
DIA,2026-06-04 17:01:16.005712+00:00,PUT,495.0,2026-07-17,153095,457,488,456,516.81,REPEATEDHITS,False,False,False,0,153095,509.667175,43,BID,LONG,0.5
DIA,2026-06-04 16:40:08.997178+00:00,PUT,523.0,2026-07-02,108630,102,102,0,517.22,REPEATEDHITS,False,False,False,108630,0,509.667175,28,ASK,SHORT,1.0
DIA,2026-06-04 16:37:51.401396+00:00,PUT,545.0,2026-06-18,14100,5,24,0,517.125,REPEATEDHITS,True,False,False,11280,0,509.667175,14,ASK,SHORT,1.0
DOCU,2026-06-10 18:33:06.807320+00:00,CALL,44.5,2026-06-12,23236,148,150,20,45.61,REPEATEDHITS,False,False,False,0,23236,8605873483.0,2,BID,SHORT,0.5
DOCU,2026-06-10 17:07:06.732807+00:00,PUT,44.0,2026-07-10,52126,288,288,6,46.12,REPEATEDHITSASCENDINGFILL,True,False,False,12200,39926,8605873483.0,30,BID,LONG,0.5
DOCU,2026-06-09 16:47:12.913346+00:00,PUT,46.0,2026-06-12,50336,208,240,116,43.99,REPEATEDHITS,False,False,False,0,50336,8605873483.0,3,BID,LONG,0.5
DOCU,2026-06-09 16:47:12.913346+00:00,CALL,45.0,2026-07-17,25376,94,104,52,43.99,REPEATEDHITS,True,False,False,24840,536,8605873483.0,38,ASK,LONG,1.0
DOCU,2026-06-08 16:41:00.735388+00:00,PUT,37.5,2027-06-17,34560,64,1006,10,46.24,REPEATEDHITS,True,False,False,0,34560,8605873483.0,374,BID,LONG,0.5
DOCU,2026-06-08 16:40:27.689462+00:00,PUT,37.5,2027-06-17,10800,20,670,10,46.23,REPEATEDHITS,False,False,False,2160,8640,8605873483.0,374,BID,LONG,0.5
DOCU,2026-06-08 16:39:48.051611+00:00,PUT,37.5,2027-06-17,10800,20,528,10,46.225,REPEATEDHITS,False,False,False,0,10800,8605873483.0,374,BID,LONG,0.5
DOCU,2026-06-08 16:39:15.615773+00:00,PUT,37.5,2027-06-17,30780,57,486,10,46.21,REPEATEDHITS,False,False,False,0,30780,8605873483.0,374,BID,LONG,0.5
DOCU,2026-06-08 16:38:18.731692+00:00,PUT,37.5,2027-06-17,11340,21,360,10,46.19,REPEATEDHITS,False,False,False,0,11340,8605873483.0,374,BID,LONG,0.5
DOCU,2026-06-08 16:33:12.397902+00:00,PUT,37.5,2027-06-17,23540,44,168,10,46.26,REPEATEDHITS,False,False,False,0,23540,8605873483.0,374,BID,LONG,0.5
DOCU,2026-06-08 16:33:12.397902+00:00,PUT,37.5,2027-06-17,21400,40,124,10,46.28,REPEATEDHITS,False,False,False,0,21400,8605873483.0,374,BID,LONG,0.5
DOCU,2026-06-08 16:33:12.397902+00:00,CALL,47.5,2026-07-17,73060,260,477,93,46.235,REPEATEDHITS,False,False,False,73060,0,8605873483.0,39,ASK,LONG,1.0
DOCU,2026-06-08 16:32:40.963545+00:00,PUT,37.5,2027-06-17,15215,28,28,10,46.23,REPEATEDHITSASCENDINGFILL,False,False,False,1635,13580,8605873483.0,374,BID,LONG,0.5
DOCU,2026-06-08 16:32:40.963545+00:00,PUT,37.5,2027-06-17,25969,48,76,10,46.235,REPEATEDHITSASCENDINGFILL,False,False,False,1635,24334,8605873483.0,374,BID,LONG,0.5
DOCU,2026-06-08 15:08:00.840118+00:00,CALL,47.5,2026-07-17,42570,129,156,93,47.235,REPEATEDHITS,False,False,False,42570,0,8605873483.0,39,ASK,LONG,1.0
DOCU,2026-06-08 14:21:09.692591+00:00,CALL,46.0,2026-06-18,28356,139,150,7,46.68,REPEATEDHITS,True,False,False,28356,0,8605873483.0,10,ASK,LONG,1.0
DOCU,2026-06-08 14:21:09.692591+00:00,CALL,47.0,2026-06-18,31861,211,298,4,46.68,REPEATEDHITS,True,False,False,31861,0,8605873483.0,10,ASK,LONG,1.0
DOCU,2026-06-05 19:21:59.543513+00:00,PUT,47.5,2026-06-05,10020,707,1273,546,47.64,REPEATEDHITS,False,False,False,5568,4452,8605873483.0,0,ASK,SHORT,1.0
DOCU,2026-06-05 16:56:01.430441+00:00,CALL,51.0,2026-07-24,81585,333,389,50,47.02,REPEATEDHITS,False,False,False,0,81585,8605873483.0,49,BID,SHORT,0.5
DOCU,2026-06-05 16:50:25.281144+00:00,CALL,49.0,2026-07-24,75022,246,316,0,46.92,REPEATEDHITS,True,False,False,59475,15547,8605873483.0,49,ASK,LONG,1.0
DOCU,2026-06-05 14:33:21.766060+00:00,PUT,47.5,2027-06-17,30000,30,1001,3,48.43,REPEATEDHITS,False,False,False,13000,17000,8605873483.0,377,BID,LONG,0.5
DOCU,2026-06-05 14:18:09.474082+00:00,PUT,48.0,2026-06-18,42642,206,211,20,48.305,REPEATEDHITS,True,False,False,0,42642,8605873483.0,13,BID,LONG,0.5
DOCU,2026-06-05 14:17:43.197811+00:00,PUT,46.5,2026-06-05,10212,444,460,172,48.095,REPEATEDHITS,False,False,False,0,10212,8605873483.0,0,BID,LONG,0.5
DOCU,2026-06-04 19:59:15.621289+00:00,CALL,53.0,2026-06-05,45200,200,2478,137,50.855,REPEATEDHITS,False,False,False,30058,15142,8605873483.0,1,ASK,LONG,1.0
DOCU,2026-06-04 19:58:11.646941+00:00,CALL,52.0,2026-06-05,66680,241,1228,106,51.1,REPEATEDHITSDESCENDINGFILL,False,False,False,66405,275,8605873483.0,1,ASK,LONG,1.0
DOCU,2026-06-04 19:58:05.032428+00:00,CALL,53.0,2026-06-05,35814,151,2214,137,51.13,REPEATEDHITS,False,False,False,0,35814,8605873483.0,1,BID,SHORT,0.5
DOCU,2026-06-04 19:57:13.129520+00:00,CALL,50.0,2026-06-12,17835,41,91,37,51.3277,REPEATEDHITS,False,False,False,0,17835,8605873483.0,8,BID,SHORT,0.5
DOCU,2026-06-04 19:06:13.895785+00:00,PUT,45.5,2026-06-05,26208,504,652,120,51.83,REPEATEDHITS,False,False,False,208,26000,8605873483.0,1,BID,LONG,0.5
DOCU,2026-06-04 18:08:25.995735+00:00,PUT,52.5,2026-06-18,118180,311,321,247,52.17,REPEATEDHITS,True,False,False,0,118180,8605873483.0,14,BID,LONG,0.5
DOCU,2026-06-04 17:24:15.905789+00:00,PUT,49.5,2026-06-05,58941,333,396,130,51.94,REPEATEDHITS,False,False,False,0,43542,8605873483.0,1,BID,LONG,0.5
DOCU,2026-06-04 16:14:44.705638+00:00,PUT,51.0,2026-06-05,17933,79,114,52,52.86,REPEATEDHITS,True,False,False,17933,0,8605873483.0,1,ASK,SHORT,1.0
DOCU,2026-06-03 18:01:43.781458+00:00,CALL,53.0,2026-06-12,142560,396,409,77,52.58,REPEATEDHITS,False,False,False,0,142560,8605873483.0,9,BID,SHORT,0.5
DOCU,2026-06-02 15:10:20.243124+00:00,PUT,52.5,2026-07-17,18480,42,53,39,53.855,REPEATEDHITS,True,False,False,12320,4840,8605873483.0,45,ASK,SHORT,1.0
DOCU,2026-06-02 14:36:26.892327+00:00,PUT,59.0,2026-07-02,53485,70,70,0,54.465,REPEATEDHITSDESCENDINGFILL,True,False,False,48170,5315,8605873483.0,30,ASK,SHORT,1.0
DOCU,2026-06-01 19:43:55.695500+00:00,CALL,70.0,2026-06-05,52710,1010,2227,351,57.22,REPEATEDHITSDESCENDINGFILL,True,False,False,45975,3876,8605873483.0,4,ASK,LONG,1.0
DOCU,2026-06-01 19:43:28.827384+00:00,CALL,65.0,2026-06-12,463365,2906,3646,95,57.16,REPEATEDHITSDESCENDINGFILL,True,False,False,454945,629,8605873483.0,11,ASK,LONG,1.0
DOCU,2026-06-01 17:06:31.770368+00:00,PUT,55.0,2026-07-17,18655,41,165,20,56.64,REPEATEDHITS,False,False,False,18655,0,8605873483.0,46,ASK,SHORT,1.0
DOCU,2026-06-01 16:39:17.268680+00:00,PUT,35.0,2027-03-19,12650,46,163,18,56.5,REPEATEDHITSDESCENDINGFILL,True,False,False,9724,2926,8605873483.0,291,ASK,SHORT,1.0
DOCU,2026-06-01 16:39:08.858655+00:00,PUT,35.0,2027-03-19,32643,117,117,18,56.51,REPEATEDHITS,False,False,False,13392,19251,8605873483.0,291,BID,LONG,0.5
DOCU,2026-05-29 16:42:18.949574+00:00,CALL,55.0,2027-03-19,225630,207,268,8,52.51,REPEATEDHITS,False,False,False,0,225630,8605873483.0,294,BID,SHORT,0.5
DOCU,2026-05-29 16:40:37.030590+00:00,CALL,55.0,2027-03-19,48876,45,46,8,52.53,REPEATEDHITSASCENDINGFILL,False,False,False,0,48876,8605873483.0,294,BID,SHORT,0.5
DOCU,2026-05-29 15:49:48.193929+00:00,CALL,65.0,2026-07-17,25208,184,189,21,52.52,REPEATEDHITS,False,False,False,25208,0,8605873483.0,49,ASK,LONG,1.0
DOCU,2026-05-28 15:49:49.729770+00:00,CALL,55.0,2026-06-05,55880,508,560,141,49.43,REPEATEDHITS,False,False,False,0,55880,8605873483.0,8,BID,SHORT,0.5
DOCU,2026-05-27 18:02:43.748323+00:00,PUT,49.5,2026-05-29,16848,104,104,29,48.35,REPEATEDHITS,False,False,False,0,16848,8605873483.0,2,BID,LONG,0.5
DOCU,2026-05-27 15:19:56.766263+00:00,PUT,45.0,2026-06-05,47198,372,373,300,48.95,REPEATEDHITSDESCENDINGFILL,True,False,False,47198,0,8605873483.0,9,ASK,SHORT,1.0
DOCU,2026-05-26 15:26:12.754196+00:00,CALL,48.5,2026-06-18,187200,416,416,31,49.86,REPEATEDHITS,False,False,False,178650,0,8605873483.0,23,ASK,LONG,1.0
DOCU,2026-05-21 18:04:39.287889+00:00,CALL,52.0,2026-06-18,10895,40,402,27,48.85,REPEATEDHITS,False,False,False,10895,0,8605873483.0,28,ASK,LONG,1.0
DOCU,2026-05-21 15:15:02.763553+00:00,CALL,48.5,2026-05-29,27300,175,176,14,48.53,REPEATEDHITS,True,False,False,0,27300,8605873483.0,8,BID,SHORT,0.5
DOCU,2026-05-20 14:44:25.594035+00:00,PUT,37.5,2027-01-15,82081,219,270,185,48.795,REPEATEDHITSASCENDINGFILL,False,False,False,82081,0,8605873483.0,240,ASK,SHORT,1.0
DOCU,2026-05-18 16:28:29.768861+00:00,PUT,50.0,2026-05-22,12000,60,64,41,48.865,REPEATEDHITS,True,False,False,12000,0,8605873483.0,4,ASK,SHORT,1.0
DRAM,2026-06-10 19:15:29.195884+00:00,CALL,66.0,2026-06-18,64559,742,5915,540,57.35,REPEATEDHITS,False,False,False,39672,24887,286480.0,8,ASK,LONG,1.0
DRAM,2026-06-10 18:31:00.470072+00:00,PUT,45.5,2026-06-18,12000,200,204,31,58.19,REPEATEDHITS,True,False,False,12000,0,286480.0,8,ASK,SHORT,1.0
DRAM,2026-06-10 16:26:17.059489+00:00,PUT,55.0,2026-09-18,817230,934,942,822,58.21,REPEATEDHITSDESCENDINGFILL,False,False,False,817230,0,286480.0,100,ASK,SHORT,1.0
DRAM,2026-06-10 14:36:05.072332+00:00,PUT,50.0,2026-07-02,279000,1550,1569,884,61.225,REPEATEDHITS,False,False,False,279000,0,286480.0,22,ASK,SHORT,1.0
DRAM,2026-06-10 13:57:51.156197+00:00,CALL,75.0,2026-08-21,540000,1000,1005,726,59.5115,REPEATEDHITS,False,False,False,540000,0,286480.0,72,ASK,LONG,1.0
DRAM,2026-06-10 13:47:21.109933+00:00,CALL,100.0,2026-11-20,32940,61,61,52,60.0,REPEATEDHITS,False,False,False,17820,10800,286480.0,163,ASK,LONG,1.0
DRAM,2026-06-09 18:28:52.959193+00:00,PUT,50.5,2026-06-12,19895,585,623,192,58.98,REPEATEDHITS,False,False,False,170,19550,286480.0,3,BID,LONG,0.5
DRAM,2026-06-09 17:22:06.745911+00:00,CALL,60.0,2026-07-24,195000,250,274,231,58.815,REPEATEDHITS,False,False,False,195000,0,286480.0,45,ASK,LONG,1.0
DRAM,2026-06-09 17:00:08.765228+00:00,PUT,55.5,2026-06-26,21806,50,64,4,56.93,REPEATEDHITSASCENDINGFILL,False,False,False,0,21806,286480.0,17,BID,LONG,0.5
DRAM,2026-06-09 16:34:50.211670+00:00,PUT,39.0,2027-01-15,84123,171,352,20,56.6606,REPEATEDHITSDESCENDINGFILL,True,False,False,83633,0,286480.0,220,ASK,SHORT,1.0
DRAM,2026-06-09 16:32:15.883003+00:00,PUT,39.0,2027-01-15,84669,171,172,20,56.62,REPEATEDHITSDESCENDINGFILL,True,False,False,84669,0,286480.0,220,ASK,SHORT,1.0
DRAM,2026-06-09 16:09:05.376721+00:00,CALL,54.5,2026-06-18,12640,23,23,1,57.22,REPEATEDHITS,False,False,False,12640,0,286480.0,9,ASK,LONG,1.0
DRAM,2026-06-09 15:29:57.180381+00:00,PUT,57.0,2026-06-26,289285,689,702,159,58.8601,REPEATEDHITSDESCENDINGFILL,False,False,False,289285,0,286480.0,17,ASK,SHORT,1.0
DRAM,2026-06-09 14:19:30.234076+00:00,CALL,63.0,2026-07-24,29946,42,92,41,60.9305,REPEATEDHITS,False,False,False,11408,18538,286480.0,45,BID,SHORT,0.5
DRAM,2026-06-08 18:58:43.053338+00:00,CALL,61.5,2026-06-18,15050,43,249,0,60.62,REPEATEDHITS,True,False,False,700,14350,286480.0,10,BID,SHORT,0.5
DRAM,2026-06-08 16:35:12.711274+00:00,PUT,54.0,2026-06-12,59944,1016,1285,820,60.98,REPEATEDHITS,False,False,False,59354,590,286480.0,4,ASK,SHORT,1.0
DRAM,2026-06-08 15:14:48.920225+00:00,PUT,55.0,2026-08-21,1175190,1822,1892,882,61.195,REPEATEDHITS,False,False,False,1175190,0,286480.0,74,ASK,SHORT,1.0
DRAM,2026-06-08 14:23:34.703502+00:00,CALL,105.0,2026-10-16,17982,50,253,18,59.55,REPEATEDHITSASCENDINGFILL,False,False,False,0,17982,286480.0,130,BID,SHORT,0.5
DRAM,2026-06-05 19:15:30.384722+00:00,CALL,87.0,2028-01-21,13073,8,17,5,55.61,REPEATEDHITSDESCENDINGFILL,False,False,False,3281,9792,286480.0,595,BID,SHORT,0.5
DRAM,2026-06-05 18:49:34.799650+00:00,CALL,67.0,2027-06-17,674275,435,438,66,55.7,REPEATEDHITS,True,False,False,136400,537875,286480.0,377,BID,SHORT,0.5
DRAM,2026-06-05 18:35:54.041125+00:00,PUT,56.5,2026-06-12,169301,498,694,0,56.355,REPEATEDHITSDESCENDINGFILL,True,False,False,169301,0,286480.0,7,ASK,SHORT,1.0
DRAM,2026-06-05 18:35:27.399056+00:00,PUT,55.5,2026-06-05,48000,1500,1513,0,56.4047,REPEATEDHITS,True,False,False,48000,0,286480.0,0,ASK,SHORT,1.0
DRAM,2026-06-05 18:17:29.475628+00:00,CALL,74.0,2026-06-18,100890,2655,2747,521,56.85,REPEATEDHITS,False,False,False,0,100890,286480.0,13,BID,SHORT,0.5
DRAM,2026-06-05 17:22:13.677999+00:00,PUT,56.0,2026-06-05,76335,2181,3468,867,57.21,REPEATEDHITS,False,False,False,0,76335,286480.0,0,BID,LONG,0.5
DRAM,2026-06-05 16:17:21.445294+00:00,PUT,54.5,2026-06-18,230706,922,1619,0,58.2401,REPEATEDHITSDESCENDINGFILL,True,False,False,173015,51674,286480.0,13,ASK,SHORT,1.0
DRAM,2026-06-05 16:16:11.836086+00:00,PUT,54.5,2026-06-18,160312,691,694,0,58.37,REPEATEDHITS,False,False,False,160312,0,286480.0,13,ASK,SHORT,1.0
DRAM,2026-06-05 16:16:11.836086+00:00,PUT,58.5,2026-06-18,68040,168,224,0,58.37,REPEATEDHITS,False,False,False,68040,0,286480.0,13,ASK,SHORT,1.0
DRAM,2026-06-05 16:16:11.836086+00:00,PUT,56.0,2026-06-26,110734,284,351,211,58.37,REPEATEDHITS,False,False,False,110734,0,286480.0,21,ASK,SHORT,1.0
DRAM,2026-06-05 16:16:11.836086+00:00,PUT,56.5,2026-06-18,62292,201,203,0,58.37,REPEATEDHITS,False,False,False,62292,0,286480.0,13,ASK,SHORT,1.0
DRAM,2026-06-05 16:15:22.158921+00:00,CALL,61.0,2026-06-05,34500,2875,12284,303,58.52,REPEATEDHITS,True,False,False,34500,0,286480.0,0,ASK,LONG,1.0
DRAM,2026-06-05 16:10:18.775101+00:00,CALL,61.0,2026-06-05,14970,1497,8779,303,58.45,REPEATEDHITS,True,False,False,0,2930,286480.0,0,BID,SHORT,0.5
DRAM,2026-06-05 15:58:20.698362+00:00,PUT,49.5,2026-06-18,45056,512,514,178,59.1569,REPEATEDHITS,False,False,False,5984,39072,286480.0,13,BID,LONG,0.5
DRAM,2026-06-05 15:36:16.967777+00:00,PUT,57.0,2026-07-17,750497,1294,1315,166,59.1225,REPEATEDHITS,False,False,False,750497,0,286480.0,42,ASK,SHORT,1.0
DRAM,2026-06-05 15:26:29.464417+00:00,CALL,100.0,2028-01-21,322001,200,362,151,59.4,REPEATEDHITSDESCENDINGFILL,False,False,False,0,322001,286480.0,595,BID,SHORT,0.5
DRAM,2026-06-05 15:14:33.471408+00:00,CALL,61.0,2026-06-05,10248,366,4834,303,59.53,REPEATEDHITS,True,False,False,0,9184,286480.0,0,BID,SHORT,0.5
DRAM,2026-06-05 15:00:57.630699+00:00,CALL,61.0,2026-06-05,32778,607,4400,303,60.31,REPEATEDHITS,False,False,False,0,32778,286480.0,0,BID,SHORT,0.5
DRAM,2026-06-05 15:00:57.630699+00:00,CALL,61.0,2026-06-05,17982,333,3623,303,60.31,REPEATEDHITS,False,False,False,0,17982,286480.0,0,BID,SHORT,0.5
DRAM,2026-06-05 15:00:35.592065+00:00,CALL,61.0,2026-06-05,63128,1214,2614,303,60.4,REPEATEDHITS,True,False,False,0,260,286480.0,0,BID,SHORT,0.5
DRAM,2026-06-05 14:21:53.795755+00:00,CALL,70.0,2026-11-20,880000,800,900,698,60.3483,REPEATEDHITS,False,False,False,755700,124300,286480.0,168,ASK,LONG,1.0
DRAM,2026-06-05 14:11:32.769455+00:00,PUT,58.5,2026-06-05,11250,250,258,0,59.91,REPEATEDHITS,True,False,False,0,11250,286480.0,0,BID,LONG,0.5
DRAM,2026-06-04 19:04:16.952208+00:00,CALL,65.5,2026-07-24,15520,16,21,0,66.34,REPEATEDHITS,False,False,False,970,3880,286480.0,50,BID,SHORT,0.5
DRAM,2026-06-04 18:18:25.333742+00:00,CALL,66.0,2026-07-24,187529,205,404,0,66.81,REPEATEDHITSASCENDINGFILL,False,False,False,187529,0,286480.0,50,ASK,LONG,1.0
DRAM,2026-06-04 18:18:25.333742+00:00,CALL,66.0,2026-07-24,146827,161,565,0,66.81,REPEATEDHITSASCENDINGFILL,False,False,False,146827,0,286480.0,50,ASK,LONG,1.0
DRAM,2026-06-04 17:35:49.016806+00:00,PUT,63.0,2026-07-17,173075,301,392,35,66.5799,REPEATEDHITS,False,False,False,136850,0,286480.0,43,ASK,SHORT,1.0
DRAM,2026-06-04 15:02:34.386485+00:00,PUT,60.0,2026-08-21,231696,318,380,108,64.92,REPEATEDHITSDESCENDINGFILL,False,False,False,210240,21456,286480.0,78,ASK,SHORT,1.0
DRAM,2026-06-04 13:51:27.784935+00:00,CALL,67.0,2026-06-12,122956,574,11373,475,64.61,REPEATEDHITSDESCENDINGFILL,False,False,False,117700,5256,286480.0,8,ASK,LONG,1.0
DRAM,2026-06-04 13:51:26.180100+00:00,CALL,67.0,2026-06-12,437745,1981,10799,475,64.6,REPEATEDHITSDESCENDINGFILL,True,False,False,7548,430197,286480.0,8,BID,SHORT,0.5
DRAM,2026-06-04 13:51:07.326433+00:00,CALL,67.0,2026-06-12,602809,2805,8818,475,64.61,REPEATEDHITSDESCENDINGFILL,True,False,False,65133,537676,286480.0,8,BID,SHORT,0.5
DRAM,2026-06-04 13:50:44.477317+00:00,CALL,67.0,2026-06-12,1271813,5786,6013,475,64.47,REPEATEDHITSDESCENDINGFILL,False,False,False,155222,1116591,286480.0,8,BID,SHORT,0.5
DRAM,2026-06-04 13:34:38.145551+00:00,CALL,67.0,2026-06-05,141084,2014,12776,1388,65.315,REPEATEDHITSDESCENDINGFILL,False,False,False,800,17574,286480.0,1,BID,SHORT,0.5
ELV,2026-06-10 16:36:18.854591+00:00,PUT,400.0,2028-01-21,119780,20,85,6,407.62,REPEATEDHITSASCENDINGFILL,False,False,False,77860,41920,92170228943.0,590,ASK,SHORT,1.0
ELV,2026-06-09 18:04:22.904762+00:00,PUT,410.0,2026-09-18,94770,39,39,23,424.215,REPEATEDHITS,False,False,False,0,94770,92170228943.0,101,BID,LONG,0.5
ELV,2026-06-09 15:18:19.770229+00:00,PUT,410.0,2026-08-21,278131,127,127,2,420.47,REPEATEDHITS,False,False,False,0,278131,92170228943.0,73,BID,LONG,0.5
ELV,2026-06-02 15:06:23.395279+00:00,CALL,430.0,2026-08-21,364800,240,246,8,399.0,REPEATEDHITS,False,False,False,4560,360240,92170228943.0,80,BID,SHORT,0.5
ELV,2026-06-01 16:27:02.076582+00:00,PUT,400.0,2026-06-18,148245,109,118,54,398.37,REPEATEDHITS,False,False,False,0,148245,92170228943.0,17,BID,LONG,0.5
ELV,2026-06-01 15:07:40.795199+00:00,PUT,390.0,2026-06-18,79540,97,98,43,400.19,REPEATEDHITS,False,False,False,0,79540,92170228943.0,17,BID,LONG,0.5
ELV,2026-05-27 15:15:37.469097+00:00,PUT,400.0,2026-08-21,269670,89,89,10,390.74,REPEATEDHITS,False,False,False,0,269670,92170228943.0,86,BID,LONG,0.5
ELV,2026-05-22 16:58:30.379632+00:00,PUT,340.0,2026-09-18,153903,162,163,50,393.31,REPEATEDHITS,False,False,False,0,153903,92170228943.0,119,BID,LONG,0.5
ELV,2026-05-13 18:00:36.081834+00:00,CALL,470.0,2027-01-15,1041588,496,496,85,398.98,REPEATEDHITSDESCENDINGFILL,False,False,False,1041588,0,92170228943.0,247,ASK,LONG,1.0
ELV,2026-05-13 17:24:39.922243+00:00,CALL,400.0,2026-07-17,123219,61,178,46,396.91,REPEATEDHITS,False,False,False,123219,0,92170228943.0,65,ASK,LONG,1.0
ETHA,2026-06-10 17:11:01.038832+00:00,CALL,15.5,2026-07-02,26968,3371,3377,201,12.355,REPEATEDHITS,True,False,False,0,26968,6944643005.0,22,BID,SHORT,0.5
ETHA,2026-06-08 19:56:30.708061+00:00,PUT,5.0,2026-06-26,12000,4000,14320,122,12.715,REPEATEDHITS,False,False,False,12000,0,6944643005.0,18,ASK,SHORT,1.0
ETHA,2026-06-08 19:54:36.928218+00:00,PUT,5.0,2026-06-26,10602,3534,10320,122,12.715,REPEATEDHITS,True,False,False,10602,0,6944643005.0,18,ASK,SHORT,1.0
ETHA,2026-06-08 19:54:06.688586+00:00,PUT,5.0,2026-06-26,19053,6351,6603,122,12.71,REPEATEDHITS,False,False,False,19053,0,6944643005.0,18,ASK,SHORT,1.0
ETHA,2026-06-08 15:48:09.144732+00:00,CALL,16.0,2026-12-18,275886,2106,2143,418,12.7753,REPEATEDHITS,False,False,False,0,275886,6944643005.0,193,BID,SHORT,0.5
ETHA,2026-06-08 14:34:20.643217+00:00,CALL,15.0,2026-12-18,501000,3000,3009,1837,12.725,REPEATEDHITS,True,False,False,501000,0,6944643005.0,193,ASK,LONG,1.0
ETHA,2026-06-08 14:12:20.082777+00:00,PUT,9.0,2026-07-02,10347,1150,1161,16,12.715,REPEATEDHITSASCENDINGFILL,False,False,False,0,10347,6944643005.0,24,BID,LONG,0.5
ETHA,2026-06-05 19:59:48.329445+00:00,CALL,12.5,2026-06-12,25000,1000,9296,3,11.895,REPEATEDHITS,False,False,False,25000,0,6944643005.0,7,ASK,LONG,1.0
ETHA,2026-06-05 19:54:01.321256+00:00,CALL,11.0,2026-06-12,10152,94,218,2,11.85,REPEATEDHITS,False,False,False,0,8532,6944643005.0,7,BID,SHORT,0.5
ETHA,2026-06-05 19:30:02.852563+00:00,CALL,12.5,2026-06-12,22000,1000,7955,3,11.775,REPEATEDHITS,False,False,False,22000,0,6944643005.0,7,ASK,LONG,1.0
ETHA,2026-06-05 19:23:20.297795+00:00,CALL,11.0,2026-07-17,148000,1000,1018,50,11.71,REPEATEDHITS,False,False,False,37000,111000,6944643005.0,42,BID,SHORT,0.5
ETHA,2026-06-05 18:57:49.713199+00:00,CALL,12.5,2026-06-12,21000,1000,6795,3,11.7456,REPEATEDHITS,True,False,False,21000,0,6944643005.0,7,ASK,LONG,1.0
ETHA,2026-06-05 18:56:41.493765+00:00,CALL,13.0,2026-06-12,10000,1000,13570,184,11.715,REPEATEDHITS,False,False,False,0,10000,6944643005.0,7,BID,SHORT,0.5
ETHA,2026-06-05 18:29:32.006462+00:00,CALL,14.0,2026-12-18,32085,207,367,89,11.82,REPEATEDHITS,False,False,False,32085,0,6944643005.0,196,ASK,LONG,1.0
ETHA,2026-06-05 18:13:42.895178+00:00,CALL,16.0,2026-06-26,14140,2020,2113,483,12.015,REPEATEDHITS,False,False,False,11396,0,6944643005.0,21,ASK,LONG,1.0
ETHA,2026-06-05 18:02:49.457298+00:00,CALL,13.0,2026-06-12,14000,1000,11837,184,12.05,REPEATEDHITS,False,False,False,0,14000,6944643005.0,7,BID,SHORT,0.5
ETHA,2026-06-05 17:54:19.357515+00:00,CALL,13.0,2026-06-12,13538,967,10288,184,12.0325,REPEATEDHITS,False,False,False,0,13538,6944643005.0,7,BID,SHORT,0.5
ETHA,2026-06-05 17:46:35.287196+00:00,PUT,6.0,2026-07-17,25300,2300,4553,3,12.0201,REPEATEDHITS,False,False,False,25300,0,6944643005.0,42,ASK,SHORT,1.0
ETHA,2026-06-05 17:43:58.663738+00:00,PUT,7.0,2026-07-17,52401,4437,12092,38,12.055,REPEATEDHITS,False,False,False,43128,9273,6944643005.0,42,ASK,SHORT,1.0
ETHA,2026-06-05 17:43:58.663738+00:00,PUT,8.0,2026-07-17,27472,1717,7431,226,12.055,REPEATEDHITS,False,False,False,27472,0,6944643005.0,42,ASK,SHORT,1.0
ETHA,2026-06-05 17:43:58.663738+00:00,PUT,6.0,2026-07-17,27012,2251,2253,3,12.055,REPEATEDHITS,False,False,False,27012,0,6944643005.0,42,ASK,SHORT,1.0
ETHA,2026-06-05 17:41:37.841918+00:00,CALL,13.0,2026-06-12,15000,1000,7754,184,12.065,REPEATEDHITS,False,False,False,0,15000,6944643005.0,7,BID,SHORT,0.5
ETHA,2026-06-05 17:41:07.395196+00:00,PUT,7.0,2026-07-17,39840,3320,6999,38,12.09,REPEATEDHITS,False,False,False,39840,0,6944643005.0,42,ASK,SHORT,1.0
ETHA,2026-06-05 17:35:18.701493+00:00,CALL,13.0,2026-07-02,26500,500,640,8,12.035,REPEATEDHITS,False,False,False,26500,0,6944643005.0,27,ASK,LONG,1.0
ETHA,2026-06-05 17:32:22.828349+00:00,PUT,12.0,2026-06-12,194530,3970,6275,1359,11.995,REPEATEDHITS,True,False,False,1421,193109,6944643005.0,7,BID,LONG,0.5
ETHA,2026-06-05 17:14:23.638675+00:00,PUT,8.0,2026-07-17,20325,1355,1883,226,12.065,REPEATEDHITS,False,False,False,20325,0,6944643005.0,42,ASK,SHORT,1.0
ETHA,2026-06-05 17:14:23.638675+00:00,PUT,8.0,2026-07-17,32430,2162,4045,226,12.065,REPEATEDHITS,False,False,False,32430,0,6944643005.0,42,ASK,SHORT,1.0
ETHA,2026-06-05 17:03:38.887003+00:00,PUT,11.0,2026-06-12,11052,614,11885,52,12.13,REPEATEDHITS,True,False,False,0,11034,6944643005.0,7,BID,LONG,0.5
ETHA,2026-06-05 16:49:03.662369+00:00,CALL,12.0,2026-06-05,14000,1000,2321,15,12.01,REPEATEDHITS,True,False,False,14000,0,6944643005.0,0,ASK,LONG,1.0
ETHA,2026-06-05 16:49:03.662369+00:00,CALL,12.0,2026-06-05,14000,1000,3321,15,12.01,REPEATEDHITS,True,False,False,14000,0,6944643005.0,0,ASK,LONG,1.0
ETHA,2026-06-05 16:44:36.784024+00:00,CALL,12.5,2026-06-12,28000,1000,5401,3,11.9465,REPEATEDHITS,True,False,False,28000,0,6944643005.0,7,ASK,LONG,1.0
ETHA,2026-06-05 16:42:13.922522+00:00,CALL,13.0,2026-06-12,13125,875,3645,184,11.965,REPEATEDHITS,False,False,False,0,13125,6944643005.0,7,BID,SHORT,0.5
ETHA,2026-06-05 16:39:43.893950+00:00,CALL,12.5,2026-06-12,29000,1000,3102,3,11.9625,REPEATEDHITS,True,False,False,29000,0,6944643005.0,7,ASK,LONG,1.0
ETHA,2026-06-05 16:39:34.680823+00:00,CALL,12.5,2026-06-12,30000,1000,2102,3,11.975,REPEATEDHITS,False,False,False,30000,0,6944643005.0,7,ASK,LONG,1.0
ETHA,2026-06-05 16:02:35.357005+00:00,CALL,12.0,2026-07-17,82113,813,3321,101,11.8528,REPEATEDHITS,False,False,False,82113,0,6944643005.0,42,ASK,LONG,1.0
ETHA,2026-06-05 15:32:52.441516+00:00,PUT,13.0,2026-07-24,55632,328,333,15,11.9979,REPEATEDHITSDESCENDINGFILL,True,False,False,55128,504,6944643005.0,49,ASK,SHORT,1.0
ETHA,2026-06-05 15:29:18.025981+00:00,CALL,12.0,2026-07-24,27840,232,232,1,12.015,REPEATEDHITS,False,False,False,27840,0,6944643005.0,49,ASK,LONG,1.0
ETHA,2026-06-05 15:12:48.423648+00:00,CALL,11.5,2026-06-05,22785,465,1450,24,11.945,REPEATEDHITS,False,False,False,0,22785,6944643005.0,0,BID,SHORT,0.5
ETHA,2026-06-05 15:12:48.423648+00:00,CALL,11.5,2026-06-05,11417,233,983,24,11.945,REPEATEDHITS,False,False,False,0,11417,6944643005.0,0,BID,SHORT,0.5
ETHA,2026-06-05 14:55:52.801751+00:00,PUT,10.0,2026-06-12,10000,1000,1255,25,12.07,REPEATEDHITS,False,False,False,10000,0,6944643005.0,7,ASK,SHORT,1.0
ETHA,2026-06-05 14:32:31.606881+00:00,PUT,11.0,2026-06-12,17739,882,10428,52,12.055,REPEATEDHITS,True,False,False,17039,0,6944643005.0,7,ASK,SHORT,1.0
ETHA,2026-06-05 14:29:05.572903+00:00,PUT,11.0,2026-06-12,19000,1000,8096,52,12.08,REPEATEDHITS,False,False,False,19000,0,6944643005.0,7,ASK,SHORT,1.0
ETHA,2026-06-05 14:29:05.572903+00:00,PUT,11.0,2026-06-12,19000,1000,9096,52,12.08,REPEATEDHITS,False,False,False,16207,1938,6944643005.0,7,ASK,SHORT,1.0
ETHA,2026-06-05 14:29:01.348375+00:00,PUT,11.0,2026-06-12,14418,801,7096,52,12.08,REPEATEDHITS,False,False,False,12132,0,6944643005.0,7,ASK,SHORT,1.0
ETHA,2026-06-05 14:28:59.342188+00:00,PUT,11.0,2026-06-12,18000,1000,6295,52,12.08,REPEATEDHITS,False,False,False,18000,0,6944643005.0,7,ASK,SHORT,1.0
ETHA,2026-06-05 14:25:26.803187+00:00,PUT,11.0,2026-07-17,84040,1528,1591,956,12.105,REPEATEDHITS,False,False,False,80135,165,6944643005.0,42,ASK,SHORT,1.0
ETHA,2026-06-05 14:08:45.580499+00:00,PUT,11.0,2026-06-12,32000,2000,4879,52,12.16,REPEATEDHITS,False,False,False,32000,0,6944643005.0,7,ASK,SHORT,1.0
ETHA,2026-06-05 13:58:13.113198+00:00,PUT,11.0,2026-06-26,35557,1147,1482,237,12.205,REPEATEDHITS,False,False,False,35526,31,6944643005.0,21,ASK,SHORT,1.0
ETHA,2026-06-05 13:54:40.752081+00:00,PUT,11.0,2026-09-18,209617,2161,2370,505,12.31,REPEATEDHITS,False,False,False,209617,0,6944643005.0,105,ASK,SHORT,1.0
ETHA,2026-06-04 19:45:46.944498+00:00,CALL,12.5,2026-06-18,19680,164,165,9,13.41,REPEATEDHITS,True,False,False,0,19680,6944643005.0,14,BID,SHORT,0.5
EWY,2026-06-10 18:32:04.332183+00:00,CALL,186.0,2026-06-12,68004,170,196,32,181.35,REPEATEDHITS,False,False,False,0,68004,22022827698.0,2,BID,SHORT,0.5
EWY,2026-06-10 17:31:09.949703+00:00,CALL,191.0,2026-06-12,170156,756,901,27,180.835,REPEATEDHITSASCENDINGFILL,True,False,False,0,168546,22022827698.0,2,BID,SHORT,0.5
EWY,2026-06-10 16:43:10.878405+00:00,PUT,165.0,2026-06-26,332342,475,528,230,182.12,REPEATEDHITS,False,False,False,332342,0,22022827698.0,16,ASK,SHORT,1.0
EWY,2026-06-10 15:34:21.262877+00:00,PUT,171.0,2026-06-18,1065680,1903,1903,353,181.88,REPEATEDHITS,False,False,False,1065680,0,22022827698.0,8,ASK,SHORT,1.0
EWY,2026-06-10 14:45:21.496359+00:00,PUT,197.0,2026-06-26,41580,22,22,12,186.42,REPEATEDHITS,False,False,False,28350,13230,22022827698.0,16,ASK,SHORT,1.0
EWY,2026-06-10 13:48:24.795910+00:00,PUT,184.0,2026-07-10,18550,12,12,8,188.21,REPEATEDHITS,True,False,False,0,18550,22022827698.0,30,BID,LONG,0.5
EWY,2026-06-10 13:47:35.927733+00:00,CALL,207.5,2026-07-02,33880,44,44,15,187.94,REPEATEDHITS,True,False,False,33880,0,22022827698.0,22,ASK,LONG,1.0
EWY,2026-06-10 13:45:14.105844+00:00,CALL,194.0,2026-06-18,16180,24,24,12,187.09,REPEATEDHITSASCENDINGFILL,False,False,False,6700,9480,22022827698.0,8,BID,SHORT,0.5
EWY,2026-06-10 13:42:37.610388+00:00,PUT,188.0,2026-07-02,139980,84,84,20,184.83,REPEATEDHITSASCENDINGFILL,True,False,False,33400,106580,22022827698.0,22,BID,LONG,0.5
EWY,2026-06-10 13:42:37.610388+00:00,PUT,190.0,2026-07-02,431524,245,245,232,184.81,REPEATEDHITSASCENDINGFILL,True,False,False,15960,415564,22022827698.0,22,BID,LONG,0.5
EWY,2026-06-09 19:48:13.143367+00:00,CALL,290.0,2026-08-21,464740,1223,1226,31,182.3283,REPEATEDHITS,False,False,False,24320,440420,22022827698.0,73,BID,SHORT,0.5
EWY,2026-06-09 19:06:49.536558+00:00,PUT,162.0,2026-06-18,262150,749,750,2,183.2509,REPEATEDHITS,False,False,False,176050,86100,22022827698.0,9,ASK,SHORT,1.0
EWY,2026-06-09 17:51:47.022033+00:00,CALL,199.0,2026-06-12,19425,111,153,76,181.62,REPEATEDHITS,False,False,False,3675,15750,22022827698.0,3,BID,SHORT,0.5
EWY,2026-06-09 17:19:47.466451+00:00,PUT,164.0,2026-06-18,14040,27,102,4,181.16,REPEATEDHITS,False,False,False,0,14040,22022827698.0,9,BID,LONG,0.5
EWY,2026-06-09 16:23:08.753815+00:00,CALL,215.0,2026-06-18,426880,2944,4277,2138,176.44,REPEATEDHITS,False,False,False,0,426880,22022827698.0,9,BID,SHORT,0.5
EWY,2026-06-09 15:36:47.677468+00:00,CALL,202.5,2026-06-18,214320,564,757,21,182.1675,REPEATEDHITS,False,False,False,380,213560,22022827698.0,9,BID,SHORT,0.5
EWY,2026-06-09 15:26:56.728639+00:00,PUT,178.0,2026-07-02,28660,21,39,3,183.03,REPEATEDHITSASCENDINGFILL,True,False,False,21810,6850,22022827698.0,23,ASK,SHORT,1.0
EWY,2026-06-09 14:59:53.152956+00:00,PUT,193.0,2026-06-26,182849,101,101,49,185.92,REPEATEDHITSASCENDINGFILL,False,False,False,1840,181009,22022827698.0,17,BID,LONG,0.5
EWY,2026-06-09 14:46:33.000441+00:00,PUT,174.0,2026-06-26,31935,35,46,23,185.24,REPEATEDHITSASCENDINGFILL,True,False,False,31935,0,22022827698.0,17,ASK,SHORT,1.0
EWY,2026-06-09 14:24:55.042445+00:00,CALL,186.0,2026-07-02,84548,47,47,3,188.36,REPEATEDHITS,False,False,False,84548,0,22022827698.0,23,ASK,LONG,1.0
EWY,2026-06-09 14:11:26.398530+00:00,PUT,177.5,2026-06-18,137300,205,205,30,186.93,REPEATEDHITS,True,False,False,137300,0,22022827698.0,9,ASK,SHORT,1.0
EWY,2026-06-09 13:47:31.087852+00:00,CALL,200.0,2026-07-24,73950,37,54,26,192.62,REPEATEDHITS,True,False,False,55950,0,22022827698.0,45,ASK,LONG,1.0
EWY,2026-06-09 13:34:06.151632+00:00,CALL,192.0,2026-06-12,36750,51,51,42,191.3,REPEATEDHITS,True,False,False,0,36750,22022827698.0,3,BID,SHORT,0.5
EWY,2026-06-08 19:10:22.863066+00:00,PUT,187.5,2026-06-18,127000,100,163,0,184.65,REPEATEDHITS,False,False,False,127000,0,22022827698.0,10,ASK,SHORT,1.0
EWY,2026-06-08 18:15:29.948686+00:00,PUT,186.0,2026-06-26,14100,10,1132,3,186.46,REPEATEDHITS,False,False,False,0,14100,22022827698.0,18,BID,LONG,0.5
EWY,2026-06-08 17:00:01.962359+00:00,CALL,190.0,2026-07-10,3650454,2086,3379,155,186.83,REPEATEDHITSDESCENDINGFILL,False,False,False,3648714,1740,22022827698.0,32,ASK,LONG,1.0
EWY,2026-06-08 16:36:52.595132+00:00,CALL,190.0,2026-07-10,2265120,1287,1290,155,186.89,REPEATEDHITS,False,False,False,2256320,0,22022827698.0,32,ASK,LONG,1.0
EWY,2026-06-08 15:39:46.316652+00:00,PUT,184.0,2026-06-12,54130,82,90,29,186.19,REPEATEDHITS,True,False,False,0,54130,22022827698.0,4,BID,LONG,0.5
EWY,2026-06-08 15:03:07.644475+00:00,CALL,200.0,2026-07-10,1414400,1040,1042,55,187.11,REPEATEDHITS,False,False,False,1414400,0,22022827698.0,32,ASK,LONG,1.0
EWY,2026-06-08 14:36:30.718006+00:00,CALL,217.5,2026-06-12,23024,463,465,171,185.97,REPEATEDHITSASCENDINGFILL,False,False,False,23024,0,22022827698.0,4,ASK,LONG,1.0
EWY,2026-06-08 14:24:54.400462+00:00,PUT,187.5,2026-06-12,19950,21,28,10,184.26,REPEATEDHITS,True,False,False,0,19950,22022827698.0,4,BID,LONG,0.5
EWY,2026-06-08 14:23:59.128558+00:00,CALL,195.0,2026-06-12,83880,233,328,156,184.08,REPEATEDHITS,False,False,False,1080,82800,22022827698.0,4,BID,SHORT,0.5
EWY,2026-06-08 14:07:43.050156+00:00,PUT,187.5,2026-06-18,13640,11,31,0,184.7,REPEATEDHITS,False,False,False,8680,4960,22022827698.0,10,ASK,SHORT,1.0
EWY,2026-06-08 13:48:11.241180+00:00,PUT,180.0,2026-07-10,1968400,1295,1325,106,186.38,REPEATEDHITS,False,False,False,1968400,0,22022827698.0,32,ASK,SHORT,1.0
EWY,2026-06-05 20:07:57.073704+00:00,CALL,182.0,2026-06-12,47040,84,103,43,174.53,REPEATEDHITS,False,False,False,0,47040,22022827698.0,7,BID,SHORT,0.5
EWY,2026-06-05 20:07:57.073704+00:00,CALL,190.0,2026-06-12,101824,318,1120,266,174.53,REPEATEDHITS,False,False,False,0,101824,22022827698.0,7,BID,SHORT,0.5
EWY,2026-06-05 20:07:57.073704+00:00,CALL,182.5,2026-06-12,85406,158,164,38,174.53,REPEATEDHITS,False,False,False,0,85406,22022827698.0,7,BID,SHORT,0.5
EWY,2026-06-05 19:50:25.045372+00:00,CALL,190.0,2026-06-12,248800,622,795,266,177.38,REPEATEDHITS,False,False,False,0,248800,22022827698.0,7,BID,SHORT,0.5
EWY,2026-06-05 19:41:21.611460+00:00,PUT,164.0,2026-06-12,148350,345,910,225,177.41,REPEATEDHITS,False,False,False,0,148350,22022827698.0,7,BID,LONG,0.5
EWY,2026-06-05 19:36:22.782800+00:00,PUT,150.0,2026-06-12,210000,1000,18656,669,177.435,REPEATEDHITS,False,False,False,210000,0,22022827698.0,7,ASK,SHORT,1.0
EWY,2026-06-05 18:50:12.262402+00:00,PUT,165.0,2026-06-12,125460,246,25789,164,177.15,REPEATEDHITS,False,False,False,125460,0,22022827698.0,7,ASK,SHORT,1.0
EWY,2026-06-05 18:19:42.945375+00:00,PUT,169.0,2026-06-26,45880,45,45,5,178.71,REPEATEDHITSDESCENDINGFILL,True,False,False,44870,1010,22022827698.0,21,ASK,SHORT,1.0
EWY,2026-06-05 18:19:42.945375+00:00,PUT,167.5,2026-06-26,47440,49,49,7,178.71,REPEATEDHITS,True,False,False,47440,0,22022827698.0,21,ASK,SHORT,1.0
EWY,2026-06-05 18:19:42.945375+00:00,PUT,167.0,2026-06-26,139547,147,147,13,178.71,REPEATEDHITSDESCENDINGFILL,True,False,False,131087,0,22022827698.0,21,ASK,SHORT,1.0
EWY,2026-06-05 18:12:56.743911+00:00,CALL,193.0,2026-06-26,59220,63,746,55,179.74,REPEATEDHITS,True,False,False,0,59220,22022827698.0,21,BID,SHORT,0.5
EWY,2026-06-05 17:52:25.789456+00:00,PUT,152.0,2026-06-12,19500,100,170,78,180.66,REPEATEDHITS,True,False,False,19500,0,22022827698.0,7,ASK,SHORT,1.0
EWY,2026-06-05 17:21:35.433775+00:00,CALL,220.0,2026-06-18,390210,2295,9871,2104,180.49,REPEATEDHITS,True,False,False,340,389870,22022827698.0,13,BID,SHORT,0.5
EWY,2026-06-05 17:21:15.010900+00:00,PUT,172.0,2026-06-18,219250,255,272,126,180.19,REPEATEDHITS,True,False,False,219250,0,22022827698.0,13,ASK,SHORT,1.0
EWY,2026-06-05 17:17:00.593177+00:00,PUT,173.0,2026-06-18,20900,24,29,18,180.4,REPEATEDHITS,True,False,False,20030,870,22022827698.0,13,ASK,SHORT,1.0
EWY,2026-06-05 17:07:11.993828+00:00,PUT,120.0,2026-07-02,161645,829,2532,207,181.87,REPEATEDHITSDESCENDINGFILL,True,False,False,161645,0,22022827698.0,27,ASK,SHORT,1.0
FIVN,2026-06-10 18:59:15.955286+00:00,CALL,22.5,2026-08-21,160000,500,1024,256,21.65,REPEATEDHITS,True,False,False,0,160000,1659907260.0,72,BID,SHORT,0.5
FIVN,2026-06-09 17:55:13.634030+00:00,CALL,22.5,2026-08-21,16200,54,166,32,21.18,REPEATEDHITS,False,False,False,13500,0,1659907260.0,73,ASK,LONG,1.0
FIVN,2026-06-09 17:55:04.826317+00:00,CALL,22.5,2026-08-21,12300,41,110,32,21.17,REPEATEDHITS,False,False,False,2400,0,1659907260.0,73,ASK,LONG,1.0
FIVN,2026-06-08 18:13:49.051817+00:00,PUT,20.0,2026-08-21,26550,118,118,0,23.12,REPEATEDHITS,False,False,False,26550,0,1659907260.0,74,ASK,SHORT,1.0
FIVN,2026-06-01 17:08:12.967881+00:00,PUT,30.0,2026-07-17,150000,250,250,0,26.505,REPEATEDHITS,False,False,False,0,122400,1659907260.0,46,BID,LONG,0.5
FIVN,2026-05-28 19:00:05.812424+00:00,CALL,35.0,2026-10-16,55125,225,235,132,23.17,REPEATEDHITS,False,False,False,55125,0,1659907260.0,141,ASK,LONG,1.0
FIVN,2026-05-27 13:39:21.254317+00:00,CALL,27.5,2026-06-18,64405,1171,1186,1114,22.74,REPEATEDHITS,False,False,False,0,64405,1659907260.0,22,BID,SHORT,0.5
FIVN,2026-05-26 18:39:18.458486+00:00,CALL,30.0,2026-06-18,16293,349,665,230,23.155,REPEATEDHITSASCENDINGFILL,False,False,False,7203,9090,1659907260.0,23,BID,SHORT,0.5
FIVN,2026-05-15 15:20:31.373849+00:00,CALL,37.5,2027-01-15,39724,227,227,130,21.64,REPEATEDHITS,False,False,False,39724,0,1659907260.0,245,ASK,LONG,1.0
FIVN,2026-05-13 14:45:57.259568+00:00,CALL,22.5,2026-10-16,215680,674,6030,644,21.079,REPEATEDHITS,False,False,False,205440,0,1659907260.0,156,ASK,LONG,1.0
FIVN,2026-05-12 19:27:55.877408+00:00,PUT,17.5,2026-10-16,16830,99,2100,53,20.805,REPEATEDHITS,False,False,False,0,16490,1659907260.0,157,BID,LONG,0.5
FSLR,2026-06-10 16:26:49.289426+00:00,CALL,257.5,2026-06-12,86025,185,203,14,248.7301,REPEATEDHITS,False,False,False,86025,0,28173197245.0,2,ASK,LONG,1.0
FSLR,2026-06-10 13:57:40.136992+00:00,PUT,250.0,2026-07-24,20520,9,9,1,255.43,REPEATEDHITS,False,False,False,4560,0,28173197245.0,44,ASK,SHORT,1.0
FSLR,2026-06-09 19:11:35.803958+00:00,CALL,275.0,2026-06-26,14400,12,26,11,260.43,REPEATEDHITS,False,False,False,8400,6000,28173197245.0,17,ASK,LONG,1.0
FSLR,2026-06-09 19:10:49.703694+00:00,CALL,265.0,2026-06-26,37145,23,25,13,260.73,REPEATEDHITSDESCENDINGFILL,False,False,False,0,35545,28173197245.0,17,BID,SHORT,0.5
FSLR,2026-06-09 17:35:22.453238+00:00,CALL,270.0,2026-07-10,20885,11,11,2,258.72,REPEATEDHITS,True,False,False,3800,17085,28173197245.0,31,BID,SHORT,0.5
FSLR,2026-06-09 16:22:06.800471+00:00,CALL,255.0,2026-06-26,36375,21,36,3,253.215,REPEATEDHITS,False,False,False,19025,17350,28173197245.0,17,ASK,LONG,1.0
FSLR,2026-06-09 14:47:55.348067+00:00,PUT,247.5,2026-06-12,137964,431,451,26,262.205,REPEATEDHITSASCENDINGFILL,True,False,False,135799,2165,28173197245.0,3,ASK,SHORT,1.0
FSLR,2026-06-09 14:47:55.348067+00:00,PUT,252.5,2026-06-12,54155,116,124,21,262.205,REPEATEDHITSASCENDINGFILL,True,False,False,25635,28520,28173197245.0,3,BID,LONG,0.5
FSLR,2026-06-09 14:47:55.348067+00:00,PUT,245.0,2026-06-12,27482,108,212,16,262.205,REPEATEDHITSASCENDINGFILL,True,False,False,11796,15686,28173197245.0,3,BID,LONG,0.5
FSLR,2026-06-09 14:20:32.729245+00:00,CALL,277.5,2026-06-26,67100,50,52,0,265.23,REPEATEDHITSASCENDINGFILL,True,False,False,60450,6650,28173197245.0,17,ASK,LONG,1.0
FSLR,2026-06-09 13:58:25.066437+00:00,CALL,285.0,2026-06-12,56985,131,133,78,271.86,REPEATEDHITS,False,False,False,870,56115,28173197245.0,3,BID,SHORT,0.5
FSLR,2026-06-05 18:54:22.933924+00:00,PUT,252.5,2026-06-18,42495,65,65,16,276.68,REPEATEDHITSDESCENDINGFILL,True,False,False,26775,15720,28173197245.0,13,ASK,SHORT,1.0
FSLR,2026-06-05 18:42:40.905261+00:00,PUT,275.0,2026-06-05,40809,361,506,145,277.3,REPEATEDHITSDESCENDINGFILL,True,False,False,40353,456,28173197245.0,0,ASK,SHORT,1.0
FSLR,2026-06-05 16:56:33.273630+00:00,PUT,275.0,2026-07-02,55160,28,29,26,280.2,REPEATEDHITS,False,False,False,0,55160,28173197245.0,27,BID,LONG,0.5
FSLR,2026-06-05 16:14:35.437128+00:00,PUT,295.0,2026-07-02,192235,64,65,7,282.675,REPEATEDHITSDESCENDINGFILL,True,False,False,111205,81030,28173197245.0,27,ASK,SHORT,1.0
FSLR,2026-06-05 14:40:30.658513+00:00,CALL,260.0,2026-07-02,110875,25,25,10,295.0,REPEATEDHITS,False,False,False,110875,0,28173197245.0,27,ASK,LONG,1.0
FSLR,2026-06-05 14:40:30.658513+00:00,CALL,265.0,2026-07-02,241010,59,59,25,295.0,REPEATEDHITS,True,False,False,241010,0,28173197245.0,27,ASK,LONG,1.0
FSLR,2026-06-05 14:27:24.347323+00:00,PUT,280.0,2026-07-17,751000,341,361,266,289.69,REPEATEDHITSASCENDINGFILL,True,False,False,28560,722440,28173197245.0,42,BID,LONG,0.5
FSLR,2026-06-04 19:18:27.723193+00:00,CALL,460.0,2026-12-18,395539,151,177,89,318.085,REPEATEDHITSDESCENDINGFILL,False,False,False,65625,329914,28173197245.0,197,BID,SHORT,0.5
FSLR,2026-06-04 17:31:18.815148+00:00,CALL,350.0,2026-06-26,88545,77,80,19,315.62,REPEATEDHITSASCENDINGFILL,True,False,False,58650,29895,28173197245.0,22,ASK,LONG,1.0
FSLR,2026-06-04 13:49:34.507621+00:00,CALL,322.5,2026-06-12,100730,134,134,2,305.645,REPEATEDHITSDESCENDINGFILL,True,False,False,46030,54700,28173197245.0,8,BID,SHORT,0.5
FSLR,2026-06-04 13:49:34.507621+00:00,CALL,327.5,2026-06-12,14560,23,23,14,305.85,REPEATEDHITSASCENDINGFILL,True,False,False,6990,7570,28173197245.0,8,BID,SHORT,0.5
FSLR,2026-06-03 17:28:15.625380+00:00,PUT,330.0,2026-06-18,75410,26,31,1,313.05,REPEATEDHITSDESCENDINGFILL,False,False,False,49385,26025,28173197245.0,15,ASK,SHORT,1.0
FSLR,2026-06-03 17:28:15.625380+00:00,PUT,315.0,2026-06-18,159585,81,93,1,313.05,REPEATEDHITS,False,False,False,0,159585,28173197245.0,15,BID,LONG,0.5
FSLR,2026-06-03 17:28:15.625380+00:00,PUT,310.0,2026-06-18,169185,99,248,48,313.05,REPEATEDHITSASCENDINGFILL,False,False,False,0,169185,28173197245.0,15,BID,LONG,0.5
FSLR,2026-06-03 14:17:51.838463+00:00,PUT,302.5,2026-06-12,10325,11,11,6,315.53,REPEATEDHITS,True,False,False,5680,4645,28173197245.0,9,ASK,SHORT,1.0
FSLR,2026-06-03 14:10:25.890735+00:00,PUT,307.5,2026-06-12,37125,33,33,8,314.95,REPEATEDHITS,True,False,False,0,37125,28173197245.0,9,BID,LONG,0.5
FSLR,2026-06-02 19:13:05.806412+00:00,PUT,312.5,2026-06-12,26520,17,17,0,312.33,REPEATEDHITS,True,False,False,26520,0,28173197245.0,10,ASK,SHORT,1.0
FSLR,2026-06-02 15:50:56.915350+00:00,CALL,335.0,2026-06-26,139124,93,93,32,310.8499,REPEATEDHITSASCENDINGFILL,True,False,False,139124,0,28173197245.0,24,ASK,LONG,1.0
FSLR,2026-06-02 15:50:56.915350+00:00,CALL,345.0,2026-06-26,21716,18,19,6,310.8499,REPEATEDHITS,True,False,False,21716,0,28173197245.0,24,ASK,LONG,1.0
FSLR,2026-06-02 14:49:28.817081+00:00,PUT,310.0,2026-08-21,208750,50,51,30,308.94,REPEATEDHITS,False,False,False,154475,54275,28173197245.0,80,ASK,SHORT,1.0
FSLR,2026-06-02 14:47:58.660865+00:00,CALL,450.0,2028-01-21,1255549,210,332,60,308.5,REPEATEDHITS,True,False,False,671794,583755,28173197245.0,598,ASK,LONG,1.0
FSLR,2026-06-02 13:34:51.517424+00:00,CALL,420.0,2027-06-17,352325,85,1000,0,302.66,REPEATEDHITS,False,False,False,0,0,28173197245.0,380,MIXED,,0.0
FSLR,2026-06-01 18:10:22.309420+00:00,CALL,265.0,2026-07-10,73095,16,18,0,297.28,REPEATEDHITS,True,False,False,9115,63980,28173197245.0,39,BID,SHORT,0.5
FSLR,2026-06-01 18:10:18.703813+00:00,CALL,450.0,2027-01-15,19715,8,29,2,297.28,REPEATEDHITS,False,False,False,12325,7390,28173197245.0,228,ASK,LONG,1.0
FSLR,2026-06-01 16:56:01.320895+00:00,CALL,440.0,2027-01-15,36835,14,21,0,298.14,REPEATEDHITSDESCENDINGFILL,True,False,False,0,31585,28173197245.0,228,BID,SHORT,0.5
FSLR,2026-06-01 14:36:42.780337+00:00,CALL,315.0,2026-06-18,81055,57,65,14,301.52,REPEATEDHITSASCENDINGFILL,True,False,False,31420,49635,28173197245.0,17,BID,SHORT,0.5
FSLR,2026-05-29 19:42:30.957211+00:00,PUT,275.0,2026-06-12,30475,53,56,15,301.0,REPEATEDHITS,True,False,False,1150,29325,28173197245.0,14,BID,LONG,0.5
FSLR,2026-05-29 18:50:07.969917+00:00,PUT,330.0,2026-07-17,310191,63,78,0,298.2001,REPEATEDHITSASCENDINGFILL,True,False,False,176886,133305,28173197245.0,49,ASK,SHORT,1.0
FSLR,2026-05-29 17:07:02.228895+00:00,CALL,307.5,2026-05-29,87380,963,1073,127,303.78,REPEATEDHITS,True,False,False,540,86664,28173197245.0,0,BID,SHORT,0.5
FSLR,2026-05-29 14:48:14.724034+00:00,PUT,330.0,2026-08-21,108535,19,31,7,300.35,REPEATEDHITSASCENDINGFILL,False,False,False,11465,97070,28173197245.0,84,BID,LONG,0.5
FSLR,2026-05-29 14:39:49.074688+00:00,CALL,325.0,2026-06-05,21775,54,84,35,299.05,REPEATEDHITSDESCENDINGFILL,True,False,False,11595,10180,28173197245.0,7,ASK,LONG,1.0
FSLR,2026-05-29 14:17:59.345959+00:00,PUT,290.0,2026-06-12,13895,13,13,8,303.29,REPEATEDHITSDESCENDINGFILL,True,False,False,9675,4220,28173197245.0,14,ASK,SHORT,1.0
FSLR,2026-05-29 14:17:59.345959+00:00,PUT,287.5,2026-06-12,12630,13,13,0,303.29,REPEATEDHITSDESCENDINGFILL,True,False,False,9765,2865,28173197245.0,14,ASK,SHORT,1.0
FSLR,2026-05-29 14:17:57.342837+00:00,PUT,292.5,2026-06-12,80970,67,67,0,303.29,REPEATEDHITSDESCENDINGFILL,True,False,False,78640,2330,28173197245.0,14,ASK,SHORT,1.0
FSLR,2026-05-29 13:48:45.203863+00:00,PUT,255.0,2026-07-02,64175,106,106,7,309.205,REPEATEDHITSASCENDINGFILL,False,False,False,3665,60510,28173197245.0,34,BID,LONG,0.5
FSLR,2026-05-28 19:29:01.521194+00:00,PUT,305.0,2026-06-12,24300,15,38,0,307.07,REPEATEDHITS,True,False,False,0,24300,28173197245.0,15,BID,LONG,0.5
FSLR,2026-05-28 18:38:34.970949+00:00,PUT,300.0,2026-06-12,89400,60,1002,8,305.11,REPEATEDHITS,False,False,False,0,16390,28173197245.0,15,BID,LONG,0.5
FSLR,2026-05-28 18:38:34.970949+00:00,PUT,300.0,2026-06-12,28309,19,1021,8,305.11,REPEATEDHITS,True,False,False,28309,0,28173197245.0,15,ASK,SHORT,1.0
FSLR,2026-05-28 18:38:00.717575+00:00,PUT,300.0,2026-06-12,69825,49,762,8,306.7,REPEATEDHITS,False,False,False,14250,55575,28173197245.0,15,BID,LONG,0.5
GDX,2026-06-10 19:31:12.372696+00:00,CALL,84.0,2026-07-17,150000,1000,1009,84,73.77,REPEATEDHITS,True,False,False,0,150000,52.3404,37,BID,SHORT,0.5
GDX,2026-06-10 18:14:23.735138+00:00,PUT,66.0,2028-01-21,27055,28,42,2,74.7,REPEATEDHITSASCENDINGFILL,False,False,False,0,27055,52.3404,590,BID,LONG,0.5
GDX,2026-06-10 17:54:36.093475+00:00,CALL,85.0,2026-06-26,98604,1826,1828,1325,74.58,REPEATEDHITS,False,False,False,54,98550,52.3404,16,BID,SHORT,0.5
GDX,2026-06-10 17:38:48.536182+00:00,CALL,82.0,2026-06-26,90068,979,1039,37,74.405,REPEATEDHITS,True,False,False,0,90068,52.3404,16,BID,SHORT,0.5
GDX,2026-06-10 16:38:30.600846+00:00,PUT,63.0,2026-07-17,10665,135,789,25,75.07,REPEATEDHITS,True,False,False,4740,5925,52.3404,37,BID,LONG,0.5
GDX,2026-06-10 16:17:40.883186+00:00,CALL,81.0,2026-06-18,15162,266,568,214,75.23,REPEATEDHITS,False,False,False,15162,0,52.3404,8,ASK,LONG,1.0
GDX,2026-06-10 14:50:04.172413+00:00,CALL,81.0,2026-06-12,36210,2414,2436,1107,75.4877,REPEATEDHITS,False,False,False,0,36210,52.3404,2,BID,SHORT,0.5
GDX,2026-06-10 13:54:28.038635+00:00,CALL,76.0,2026-07-17,270000,500,506,28,76.5388,REPEATEDHITS,False,False,False,270000,0,52.3404,37,ASK,LONG,1.0
GDX,2026-06-09 19:53:33.080985+00:00,CALL,79.0,2026-06-12,29870,290,817,139,77.285,REPEATEDHITS,False,False,False,721,1957,52.3404,3,BID,SHORT,0.5
GDX,2026-06-09 19:53:33.080985+00:00,CALL,79.0,2026-06-12,26624,256,1528,139,77.29,REPEATEDHITS,False,False,False,26624,0,52.3404,3,ASK,LONG,1.0
GDX,2026-06-09 18:22:51.473970+00:00,CALL,96.0,2027-03-19,36252,50,50,18,77.4099,REPEATEDHITSASCENDINGFILL,False,False,False,36252,0,52.3404,283,ASK,LONG,1.0
GDX,2026-06-09 15:55:48.405754+00:00,PUT,70.0,2026-07-02,371349,3069,4586,395,76.895,REPEATEDHITS,False,False,False,371228,121,52.3404,23,ASK,SHORT,1.0
GDX,2026-06-09 15:46:50.914370+00:00,CALL,80.0,2026-08-21,244394,425,432,195,77.17,REPEATEDHITSDESCENDINGFILL,True,False,False,235744,2850,52.3404,73,ASK,LONG,1.0
GDX,2026-06-09 15:46:50.914370+00:00,CALL,81.0,2026-08-21,34020,63,85,33,77.17,REPEATEDHITS,False,False,False,34020,0,52.3404,73,ASK,LONG,1.0
GDX,2026-06-09 15:36:56.703495+00:00,PUT,70.0,2026-07-02,179400,1495,1516,395,76.84,REPEATEDHITS,False,False,False,179400,0,52.3404,23,ASK,SHORT,1.0
GDX,2026-06-09 13:44:07.642047+00:00,CALL,83.0,2026-06-18,162720,1356,1356,1348,79.29,REPEATEDHITS,False,False,False,0,162600,52.3404,9,BID,SHORT,0.5
GDX,2026-06-05 19:27:22.701705+00:00,CALL,81.0,2026-06-26,11505,39,323,9,79.385,REPEATEDHITS,False,False,False,11505,0,52.3404,21,ASK,LONG,1.0
GDX,2026-06-05 19:27:00.823198+00:00,CALL,81.0,2026-06-26,22420,76,242,9,79.28,REPEATEDHITS,False,False,False,22420,0,52.3404,21,ASK,LONG,1.0
GDX,2026-06-05 19:25:07.115140+00:00,CALL,81.0,2026-06-12,80210,617,1105,110,79.27,REPEATEDHITS,False,False,False,0,80210,52.3404,7,BID,SHORT,0.5
GDX,2026-06-05 18:32:24.686096+00:00,PUT,70.0,2026-06-26,214540,3155,3587,185,79.505,REPEATEDHITS,False,False,False,214540,0,52.3404,21,ASK,SHORT,1.0
GDX,2026-06-05 18:14:42.246925+00:00,CALL,93.0,2026-08-21,18176,64,68,55,79.59,REPEATEDHITS,False,False,False,0,18176,52.3404,77,BID,SHORT,0.5
GDX,2026-06-05 17:27:11.506637+00:00,CALL,87.0,2026-06-12,61312,1916,10180,94,80.2901,REPEATEDHITS,False,False,False,960,60352,52.3404,7,BID,SHORT,0.5
GDX,2026-06-05 16:29:59.689364+00:00,CALL,87.0,2026-06-12,76849,2479,8260,94,80.165,REPEATEDHITS,False,False,False,0,76849,52.3404,7,BID,SHORT,0.5
GDX,2026-06-05 14:01:50.867388+00:00,PUT,81.0,2026-06-12,28728,152,676,140,81.44,REPEATEDHITS,True,False,False,28728,0,52.3404,7,ASK,SHORT,1.0
GDX,2026-06-05 14:01:50.867388+00:00,PUT,81.0,2026-06-12,65131,341,1023,140,81.38,REPEATEDHITS,True,False,False,65131,0,52.3404,7,ASK,SHORT,1.0
GDX,2026-06-05 14:01:11.191421+00:00,PUT,81.0,2026-06-12,38295,207,499,140,81.56,REPEATEDHITS,False,False,False,0,38295,52.3404,7,BID,LONG,0.5
GDX,2026-06-04 18:41:31.192223+00:00,PUT,85.0,2026-06-05,48776,1742,3805,1207,86.48,REPEATEDHITS,False,False,False,0,48776,52.3404,1,BID,LONG,0.5
GDX,2026-06-04 17:08:35.777993+00:00,CALL,92.5,2026-06-12,102540,1709,1723,62,86.875,REPEATEDHITS,False,False,False,60,102480,52.3404,8,BID,SHORT,0.5
GDX,2026-06-04 16:17:32.724120+00:00,PUT,84.5,2026-06-05,73301,3187,3192,258,86.54,REPEATEDHITS,False,False,False,598,72703,52.3404,1,BID,LONG,0.5
GDX,2026-06-04 15:05:13.229100+00:00,CALL,89.0,2026-06-12,212040,1710,1757,56,86.08,REPEATEDHITS,False,False,False,4960,207080,52.3404,8,BID,SHORT,0.5
GDX,2026-06-04 14:46:47.108773+00:00,PUT,88.0,2026-11-20,147568,136,136,31,86.12,REPEATEDHITS,False,False,False,87883,59685,52.3404,169,ASK,SHORT,1.0
GDX,2026-06-04 14:37:20.901779+00:00,CALL,85.0,2028-12-15,267500,100,104,66,86.54,REPEATEDHITS,False,False,False,0,267500,52.3404,925,BID,SHORT,0.5
GDX,2026-06-04 14:22:34.353391+00:00,CALL,88.0,2026-06-12,33755,157,453,152,87.18,REPEATEDHITS,False,False,False,0,33755,52.3404,8,BID,SHORT,0.5
GDX,2026-06-04 14:22:30.547608+00:00,CALL,88.0,2026-06-12,39432,186,295,152,87.18,REPEATEDHITS,False,False,False,0,39432,52.3404,8,BID,SHORT,0.5
GDX,2026-06-04 14:02:04.891175+00:00,PUT,83.5,2026-06-05,71740,4220,4222,165,87.15,REPEATEDHITS,False,False,False,17,71723,52.3404,1,BID,LONG,0.5
GDX,2026-06-03 18:10:59.880224+00:00,PUT,87.0,2026-12-18,51520,46,915,19,85.435,REPEATEDHITS,False,False,False,0,51520,52.3404,198,BID,LONG,0.5
GDX,2026-06-03 17:25:39.071687+00:00,PUT,87.0,2026-12-18,285896,253,668,19,85.4,REPEATEDHITS,False,False,False,0,285896,52.3404,198,BID,LONG,0.5
GDX,2026-06-03 14:29:47.425288+00:00,CALL,100.0,2026-06-26,127595,1963,1967,216,85.58,REPEATEDHITS,False,False,False,0,127595,52.3404,23,BID,SHORT,0.5
GDX,2026-06-02 16:30:55.054615+00:00,CALL,100.0,2026-07-02,94830,713,717,116,87.6177,REPEATEDHITS,False,False,False,0,94830,52.3404,30,BID,SHORT,0.5
GDX,2026-06-01 19:46:30.758604+00:00,CALL,93.0,2026-06-26,30736,136,16377,26,86.92,REPEATEDHITS,False,False,False,5650,25086,52.3404,25,BID,SHORT,0.5
GDX,2026-06-01 19:17:43.603822+00:00,CALL,83.0,2026-07-17,61160,74,150,41,87.045,REPEATEDHITSASCENDINGFILL,False,False,False,0,61160,52.3404,46,BID,SHORT,0.5
GDX,2026-06-01 18:24:21.369935+00:00,CALL,93.0,2026-06-26,3448390,14993,15005,26,87.23,REPEATEDHITS,False,False,False,3333390,460,52.3404,25,ASK,LONG,1.0
GDX,2026-06-01 16:43:52.697938+00:00,PUT,72.0,2026-07-17,10400,100,117,72,86.205,REPEATEDHITS,False,False,False,4576,5824,52.3404,46,BID,LONG,0.5
GDX,2026-06-01 15:13:11.123349+00:00,PUT,87.5,2026-06-05,90090,286,290,24,85.43,REPEATEDHITS,False,False,False,0,90090,52.3404,4,BID,LONG,0.5
GDX,2026-06-01 13:52:46.972611+00:00,CALL,96.0,2026-06-05,21281,1637,1741,676,85.89,REPEATEDHITS,False,False,False,0,21268,52.3404,4,BID,SHORT,0.5
GDX,2026-05-29 18:03:01.627380+00:00,CALL,97.0,2026-06-05,133570,3610,4002,370,89.095,REPEATEDHITS,False,False,False,37,133533,52.3404,7,BID,SHORT,0.5
GDX,2026-05-29 16:54:49.546952+00:00,CALL,98.0,2026-06-05,10500,300,309,183,89.15,REPEATEDHITS,True,False,False,3640,3185,52.3404,7,ASK,LONG,1.0
GDX,2026-05-29 16:29:45.462630+00:00,PUT,84.0,2026-06-05,19328,314,1134,167,88.86,REPEATEDHITSDESCENDINGFILL,False,False,False,985,1412,52.3404,7,BID,LONG,0.5
GDX,2026-05-29 14:15:16.013213+00:00,CALL,95.0,2026-06-12,80547,700,701,675,87.19,REPEATEDHITSDESCENDINGFILL,False,False,False,5452,0,52.3404,14,ASK,LONG,1.0
GDX,2026-05-28 19:04:30.571034+00:00,PUT,86.5,2026-06-12,49495,184,187,54,87.38,REPEATEDHITSDESCENDINGFILL,False,False,False,49226,269,52.3404,15,ASK,SHORT,1.0
GLD,2026-06-10 19:41:12.714535+00:00,CALL,382.0,2026-06-18,29484,67,267,0,375.3,REPEATEDHITS,True,False,False,0,29484,397.244507,8,BID,SHORT,0.5
GLD,2026-06-10 19:41:12.714535+00:00,CALL,381.0,2026-06-18,86424,180,222,0,375.3,REPEATEDHITSASCENDINGFILL,True,False,False,0,86424,397.244507,8,BID,SHORT,0.5
GLD,2026-06-10 19:41:09.702705+00:00,CALL,373.0,2026-06-15,51115,74,124,0,375.34,REPEATEDHITSDESCENDINGFILL,True,False,False,20735,28310,397.244507,5,BID,SHORT,0.5
GLD,2026-06-10 19:41:09.702705+00:00,PUT,365.0,2026-06-22,12470,29,94,2,375.345,REPEATEDHITS,True,False,False,430,12040,397.244507,12,BID,LONG,0.5
GLD,2026-06-10 19:41:09.702705+00:00,CALL,376.0,2026-06-15,20806,40,176,0,375.34,REPEATEDHITS,True,False,False,5206,15080,397.244507,5,BID,SHORT,0.5
GLD,2026-06-10 19:41:09.702705+00:00,PUT,365.0,2026-06-22,10619,25,130,2,375.45,REPEATEDHITS,True,False,False,0,10619,397.244507,12,BID,LONG,0.5
GLD,2026-06-10 19:41:02.691877+00:00,CALL,376.0,2026-06-15,69190,133,136,0,375.345,REPEATEDHITS,True,False,False,525,68665,397.244507,5,BID,SHORT,0.5
GLD,2026-06-10 19:41:02.691877+00:00,CALL,373.0,2026-06-12,32189,54,146,0,375.32,REPEATEDHITSASCENDINGFILL,True,False,False,4765,27424,397.244507,2,BID,SHORT,0.5
GLD,2026-06-10 19:41:02.691877+00:00,CALL,373.0,2026-06-12,16071,27,173,0,375.32,REPEATEDHITSDESCENDINGFILL,True,False,False,1785,14286,397.244507,2,BID,SHORT,0.5
GLD,2026-06-10 19:41:02.691877+00:00,CALL,373.0,2026-06-12,21488,36,92,0,375.345,REPEATEDHITSDESCENDINGFILL,True,False,False,4215,17273,397.244507,2,BID,SHORT,0.5
GLD,2026-06-10 19:41:02.691877+00:00,CALL,374.0,2026-06-12,13910,26,119,0,375.345,REPEATEDHITS,True,False,False,535,13375,397.244507,2,BID,SHORT,0.5
GLD,2026-06-10 19:41:02.691877+00:00,PUT,368.0,2026-06-12,13311,64,442,0,375.32,REPEATEDHITS,True,False,False,4827,8484,397.244507,2,BID,LONG,0.5
GLD,2026-06-10 19:41:02.691877+00:00,PUT,372.0,2026-06-15,20670,51,332,0,375.32,REPEATEDHITSDESCENDINGFILL,True,False,False,0,20670,397.244507,5,BID,LONG,0.5
GLD,2026-06-10 19:41:02.691877+00:00,PUT,372.0,2026-06-15,63545,155,487,0,375.32,REPEATEDHITS,True,False,False,410,61905,397.244507,5,BID,LONG,0.5
GLD,2026-06-10 19:41:00.886004+00:00,PUT,369.0,2026-06-15,11344,36,56,0,375.3675,REPEATEDHITS,False,False,False,0,11344,397.244507,5,BID,LONG,0.5
GLD,2026-06-10 19:41:00.886004+00:00,PUT,368.0,2026-06-15,18850,65,200,0,375.3,REPEATEDHITS,False,False,False,0,18850,397.244507,5,BID,LONG,0.5
GLD,2026-06-10 19:41:00.886004+00:00,CALL,376.0,2026-06-12,29775,70,127,0,375.3688,REPEATEDHITS,True,False,False,5550,24225,397.244507,2,BID,SHORT,0.5
GLD,2026-06-10 19:40:27.421303+00:00,PUT,368.0,2026-06-15,37815,126,135,0,375.1,REPEATEDHITS,True,False,False,915,36900,397.244507,5,BID,LONG,0.5
GLD,2026-06-10 19:20:36.616683+00:00,PUT,380.0,2026-06-24,27785,25,358,0,375.33,REPEATEDHITS,False,False,False,27785,0,397.244507,14,ASK,SHORT,1.0
GLD,2026-06-10 19:15:23.781348+00:00,PUT,350.0,2026-06-15,103721,1957,4142,259,375.19,REPEATEDHITS,False,False,False,0,103721,397.244507,5,BID,LONG,0.5
GLD,2026-06-10 19:14:19.465774+00:00,CALL,385.0,2026-06-17,28700,100,291,8,375.275,REPEATEDHITS,False,False,False,28700,0,397.244507,7,ASK,LONG,1.0
GLD,2026-06-10 19:13:57.426334+00:00,CALL,380.0,2026-06-22,57416,99,213,4,375.2,REPEATEDHITS,False,False,False,57416,0,397.244507,12,ASK,LONG,1.0
GLD,2026-06-10 19:06:45.037674+00:00,PUT,380.0,2026-06-24,52623,51,132,0,376.2,REPEATEDHITSDESCENDINGFILL,True,False,False,51603,1020,397.244507,14,ASK,SHORT,1.0
GLD,2026-06-10 19:05:13.115806+00:00,PUT,376.0,2026-06-12,14620,34,613,0,375.98,REPEATEDHITS,False,False,False,14620,0,397.244507,2,ASK,SHORT,1.0
GLD,2026-06-10 19:00:11.828637+00:00,PUT,350.0,2026-06-15,80388,1827,2035,259,376.32,REPEATEDHITS,False,False,False,0,80388,397.244507,5,BID,LONG,0.5
GLD,2026-06-10 18:13:21.876721+00:00,PUT,378.0,2026-06-18,40800,60,432,59,377.7709,REPEATEDHITS,False,False,False,40800,0,397.244507,8,ASK,SHORT,1.0
GLD,2026-06-10 18:05:33.275267+00:00,CALL,378.0,2026-06-15,11960,23,46,0,377.9501,REPEATEDHITS,True,False,False,1045,10915,397.244507,5,BID,SHORT,0.5
GLD,2026-06-10 18:05:33.275267+00:00,CALL,377.0,2026-06-15,25955,45,51,0,377.9501,REPEATEDHITSASCENDINGFILL,True,False,False,9280,16675,397.244507,5,BID,SHORT,0.5
GLD,2026-06-10 18:05:33.275267+00:00,CALL,379.0,2026-06-15,13025,28,54,0,377.9501,REPEATEDHITS,False,False,False,470,12555,397.244507,5,BID,SHORT,0.5
GLD,2026-06-10 18:05:33.275267+00:00,CALL,375.0,2026-06-15,39910,57,109,20,377.9501,REPEATEDHITSASCENDINGFILL,True,False,False,7005,32200,397.244507,5,BID,SHORT,0.5
GLD,2026-06-10 17:58:05.306935+00:00,CALL,375.0,2026-06-22,177630,192,268,0,377.2,REPEATEDHITSDESCENDINGFILL,True,False,False,16650,160055,397.244507,12,BID,SHORT,0.5
GLD,2026-06-10 17:58:05.097334+00:00,CALL,378.0,2026-06-18,35635,52,462,2,377.205,REPEATEDHITSASCENDINGFILL,True,False,False,14395,19180,397.244507,8,BID,SHORT,0.5
GLD,2026-06-10 17:58:05.097334+00:00,CALL,377.0,2026-06-18,37770,51,168,0,377.21,REPEATEDHITSASCENDINGFILL,True,False,False,8170,29600,397.244507,8,BID,SHORT,0.5
GLD,2026-06-10 17:58:05.097334+00:00,CALL,379.0,2026-06-18,19600,31,131,1,377.205,REPEATEDHITSASCENDINGFILL,True,False,False,4465,15135,397.244507,8,BID,SHORT,0.5
GLD,2026-06-10 17:50:38.408387+00:00,CALL,377.0,2026-06-18,39345,53,96,0,377.04,REPEATEDHITSASCENDINGFILL,True,False,False,1505,37840,397.244507,8,BID,SHORT,0.5
GLD,2026-06-10 17:38:30.918429+00:00,PUT,355.0,2026-06-12,51986,1529,1719,302,376.91,REPEATEDHITS,False,False,False,0,51986,397.244507,2,BID,LONG,0.5
GLD,2026-06-10 17:24:13.309219+00:00,PUT,379.0,2026-06-15,53840,89,216,0,377.22,REPEATEDHITS,True,False,False,53840,0,397.244507,5,ASK,SHORT,1.0
GLD,2026-06-10 17:24:13.309219+00:00,PUT,378.0,2026-06-15,34942,63,141,0,377.22,REPEATEDHITSDESCENDINGFILL,True,False,False,29952,4990,397.244507,5,ASK,SHORT,1.0
GLD,2026-06-10 17:18:45.812729+00:00,PUT,355.0,2026-06-15,55461,973,3372,17,377.6801,REPEATEDHITS,False,False,False,0,55461,397.244507,5,BID,LONG,0.5
GLD,2026-06-10 16:37:59.166612+00:00,CALL,380.0,2026-07-10,23300,20,52,5,379.16,REPEATEDHITS,False,False,False,0,23300,397.244507,30,BID,SHORT,0.5
GLD,2026-06-10 16:05:06.326789+00:00,CALL,375.0,2026-06-22,58315,58,65,0,378.74,REPEATEDHITSASCENDINGFILL,True,False,False,24210,34105,397.244507,12,BID,SHORT,0.5
GLD,2026-06-10 16:04:51.104762+00:00,PUT,370.0,2026-06-15,61189,263,294,107,378.84,REPEATEDHITSASCENDINGFILL,True,False,False,15159,46030,397.244507,5,BID,LONG,0.5
GLD,2026-06-10 15:54:19.814748+00:00,CALL,376.0,2026-06-18,22055,25,42,0,378.41,REPEATEDHITSASCENDINGFILL,True,False,False,10615,11440,397.244507,8,BID,SHORT,0.5
GLD,2026-06-10 15:54:19.814748+00:00,CALL,378.0,2026-06-18,158971,208,360,2,378.42,REPEATEDHITSDESCENDINGFILL,True,False,False,0,158971,397.244507,8,BID,SHORT,0.5
GLD,2026-06-10 15:50:50.887040+00:00,CALL,378.0,2026-06-18,17500,25,67,2,377.24,REPEATEDHITS,False,False,False,15400,2100,397.244507,8,ASK,LONG,1.0
GLD,2026-06-10 15:43:21.846261+00:00,PUT,355.0,2026-06-15,126144,2336,2392,17,378.56,REPEATEDHITS,False,False,False,0,126144,397.244507,5,BID,LONG,0.5
GLD,2026-06-10 15:25:43.360972+00:00,PUT,373.0,2026-06-15,27191,94,125,0,379.33,REPEATEDHITSASCENDINGFILL,True,False,False,8151,19040,397.244507,5,BID,LONG,0.5
GLD,2026-06-10 15:25:43.360972+00:00,PUT,377.0,2026-06-15,12865,31,48,0,379.33,REPEATEDHITS,True,False,False,415,9545,397.244507,5,BID,LONG,0.5
GLD,2026-06-10 15:23:35.569591+00:00,PUT,378.0,2026-06-18,51200,80,114,59,379.025,REPEATEDHITS,True,False,False,0,50560,397.244507,8,BID,LONG,0.5
GLD,2026-06-10 15:22:00.218084+00:00,PUT,377.0,2026-06-18,46125,75,141,34,378.565,REPEATEDHITS,False,False,False,16605,29520,397.244507,8,BID,LONG,0.5
GLW,2026-06-10 19:18:45.777680+00:00,CALL,177.5,2026-06-12,73151,418,614,354,167.49,REPEATEDHITS,False,False,False,0,73151,149699343281.0,2,BID,SHORT,0.5
GLW,2026-06-10 19:03:32.172889+00:00,CALL,167.5,2026-06-18,53390,60,145,15,168.11,REPEATEDHITS,True,False,False,53390,0,149699343281.0,8,ASK,LONG,1.0
GLW,2026-06-09 19:17:43.332087+00:00,CALL,162.5,2026-06-12,55900,51,55,15,170.315,REPEATEDHITSDESCENDINGFILL,True,False,False,42765,13135,149699343281.0,3,ASK,LONG,1.0
GLW,2026-06-09 19:13:06.988093+00:00,CALL,280.0,2027-06-17,251085,93,99,7,171.43,REPEATEDHITS,False,False,False,248385,2700,149699343281.0,373,ASK,LONG,1.0
GLW,2026-06-09 17:20:01.689660+00:00,PUT,167.5,2026-06-18,370372,471,500,7,170.4586,REPEATEDHITSASCENDINGFILL,True,False,False,27975,341607,149699343281.0,9,BID,LONG,0.5
GLW,2026-06-09 16:24:45.328919+00:00,CALL,150.0,2026-06-12,161325,77,79,23,169.83,REPEATEDHITS,False,False,False,159235,0,149699343281.0,3,ASK,LONG,1.0
GLW,2026-06-09 15:22:17.434733+00:00,CALL,200.0,2026-07-24,126315,107,111,24,177.225,REPEATEDHITSASCENDINGFILL,False,False,False,62600,63715,149699343281.0,45,BID,SHORT,0.5
GLW,2026-06-09 15:17:37.509182+00:00,CALL,192.5,2026-06-12,71779,401,497,356,177.85,REPEATEDHITS,False,False,False,0,71779,149699343281.0,3,BID,SHORT,0.5
GLW,2026-06-08 18:42:02.362493+00:00,PUT,150.0,2026-06-26,92736,504,592,421,188.5402,REPEATEDHITS,False,False,False,92736,0,149699343281.0,18,ASK,SHORT,1.0
GLW,2026-06-08 17:58:48.726834+00:00,CALL,162.5,2026-06-12,57860,22,22,10,188.01,REPEATEDHITS,False,False,False,2630,55230,149699343281.0,4,BID,SHORT,0.5
GLW,2026-06-08 14:30:41.827474+00:00,CALL,220.0,2026-06-12,67549,550,1193,537,190.81,REPEATEDHITSASCENDINGFILL,True,False,False,30827,36478,149699343281.0,4,BID,SHORT,0.5
GLW,2026-06-08 13:43:06.132358+00:00,CALL,192.5,2026-07-02,56610,37,38,29,189.46,REPEATEDHITS,False,False,False,56610,0,149699343281.0,24,ASK,LONG,1.0
GLW,2026-06-05 19:15:52.847213+00:00,CALL,195.0,2026-06-18,354468,834,1492,519,174.9,REPEATEDHITSASCENDINGFILL,False,False,False,33575,320893,149699343281.0,13,BID,SHORT,0.5
GLW,2026-06-05 17:56:58.785770+00:00,PUT,120.0,2026-07-17,136482,1058,2695,726,179.585,REPEATEDHITS,False,False,False,136482,0,149699343281.0,42,ASK,SHORT,1.0
GLW,2026-06-05 17:15:52.178466+00:00,PUT,200.0,2027-12-17,448625,62,62,6,178.69,REPEATEDHITSASCENDINGFILL,False,False,False,231875,216750,149699343281.0,560,ASK,SHORT,1.0
GLW,2026-06-05 17:15:52.178466+00:00,PUT,195.0,2027-12-17,304165,44,52,4,178.69,REPEATEDHITSASCENDINGFILL,False,False,False,145320,158845,149699343281.0,560,BID,LONG,0.5
GLW,2026-06-05 16:20:14.323443+00:00,PUT,120.0,2026-07-17,210517,1607,1618,726,183.66,REPEATEDHITS,False,False,False,201609,0,149699343281.0,42,ASK,SHORT,1.0
GLW,2026-06-05 15:45:13.511111+00:00,CALL,210.0,2026-06-12,177282,1206,2065,1092,184.3502,REPEATEDHITS,False,False,False,0,177282,149699343281.0,7,BID,SHORT,0.5
GLW,2026-06-04 15:28:46.528085+00:00,PUT,220.0,2026-08-21,249660,57,71,32,193.81,REPEATEDHITS,False,False,False,249660,0,149699343281.0,78,ASK,SHORT,1.0
GLW,2026-06-04 14:38:13.574749+00:00,PUT,195.0,2026-06-18,826011,590,590,515,190.73,REPEATEDHITSASCENDINGFILL,False,False,False,0,826011,149699343281.0,14,BID,LONG,0.5
GLW,2026-06-03 15:16:20.690105+00:00,CALL,200.0,2026-07-02,249600,128,265,71,202.4574,REPEATEDHITS,False,False,False,249600,0,149699343281.0,29,ASK,LONG,1.0
GLW,2026-06-03 14:47:15.816717+00:00,CALL,300.0,2026-08-21,383033,399,462,158,208.42,REPEATEDHITS,False,False,False,383033,0,149699343281.0,79,ASK,LONG,1.0
GLW,2026-06-02 19:20:14.313509+00:00,CALL,300.0,2026-09-18,450222,435,558,85,198.4801,REPEATEDHITS,False,False,False,450222,0,149699343281.0,108,ASK,LONG,1.0
GLW,2026-06-02 16:32:40.217802+00:00,PUT,195.0,2026-06-26,369900,270,282,29,199.85,REPEATEDHITS,False,False,False,369900,0,149699343281.0,24,ASK,SHORT,1.0
GLW,2026-06-02 15:49:56.594573+00:00,CALL,190.0,2026-07-10,148770,58,65,7,199.99,REPEATEDHITS,False,False,False,146205,2565,149699343281.0,38,ASK,LONG,1.0
GLW,2026-06-02 15:48:43.477382+00:00,PUT,200.0,2026-06-05,86995,127,342,80,200.285,REPEATEDHITS,False,False,False,0,86995,149699343281.0,3,BID,LONG,0.5
GLW,2026-06-02 14:59:29.565390+00:00,CALL,225.0,2026-06-18,203583,351,392,172,198.1712,REPEATEDHITS,True,False,False,0,203583,149699343281.0,16,BID,SHORT,0.5
GLW,2026-06-02 14:27:47.039841+00:00,CALL,192.5,2026-06-12,230000,200,486,79,193.05,REPEATEDHITS,True,False,False,0,230000,149699343281.0,10,BID,SHORT,0.5
GLW,2026-06-02 14:19:05.041759+00:00,CALL,192.5,2026-06-12,141450,115,148,79,194.43,REPEATEDHITS,False,False,False,141450,0,149699343281.0,10,ASK,LONG,1.0
GLW,2026-06-02 13:48:39.283109+00:00,PUT,150.0,2026-09-18,1292856,1073,1075,854,189.5,REPEATEDHITSDESCENDINGFILL,True,False,False,1278456,0,149699343281.0,108,ASK,SHORT,1.0
GLW,2026-05-28 15:29:47.647978+00:00,PUT,192.5,2026-06-26,51715,33,34,8,192.8,REPEATEDHITSASCENDINGFILL,True,False,False,1575,50140,149699343281.0,29,BID,LONG,0.5
GLW,2026-05-27 17:39:25.328492+00:00,CALL,192.5,2026-05-29,160133,478,614,342,189.32,REPEATEDHITS,False,False,False,0,160133,149699343281.0,2,BID,SHORT,0.5
GLW,2026-05-27 15:35:49.060034+00:00,PUT,120.0,2026-09-18,802729,1708,1708,282,189.21,REPEATEDHITSDESCENDINGFILL,True,False,False,797559,5170,149699343281.0,114,ASK,SHORT,1.0
GLW,2026-05-26 16:49:33.597430+00:00,PUT,195.0,2026-06-05,123695,133,157,21,197.23,REPEATEDHITS,True,False,False,1865,121830,149699343281.0,10,BID,LONG,0.5
GLW,2026-05-22 17:01:14.045462+00:00,PUT,182.5,2026-06-18,742078,773,930,36,194.92,REPEATEDHITS,True,False,False,710398,960,149699343281.0,27,ASK,SHORT,1.0
GLW,2026-05-22 17:01:14.045462+00:00,PUT,197.5,2026-06-18,59885,36,36,1,194.92,REPEATEDHITSASCENDINGFILL,True,False,False,58225,1660,149699343281.0,27,ASK,SHORT,1.0
GLW,2026-05-21 16:01:16.434802+00:00,PUT,187.5,2026-06-18,253745,175,177,1,187.955,REPEATEDHITS,False,False,False,201545,52200,149699343281.0,28,ASK,SHORT,1.0
GLW,2026-05-20 16:31:04.974669+00:00,PUT,162.5,2026-05-29,131467,528,549,72,180.725,REPEATEDHITS,False,False,False,126492,3735,149699343281.0,9,ASK,SHORT,1.0
GLW,2026-05-20 15:28:26.796632+00:00,PUT,175.0,2026-06-05,592330,701,707,241,181.85,REPEATEDHITSDESCENDINGFILL,False,False,False,591490,0,149699343281.0,16,ASK,SHORT,1.0
GLW,2026-05-18 18:56:11.428675+00:00,PUT,155.0,2026-05-29,177318,806,898,782,175.37,REPEATEDHITS,False,False,False,176880,438,149699343281.0,11,ASK,SHORT,1.0
GLW,2026-05-18 18:54:22.070800+00:00,PUT,155.0,2026-09-18,914536,511,566,161,174.87,REPEATEDHITSDESCENDINGFILL,True,False,False,905650,8886,149699343281.0,123,ASK,SHORT,1.0
GLW,2026-05-18 18:03:42.429647+00:00,PUT,190.0,2026-07-17,705000,250,315,151,175.93,REPEATEDHITS,False,False,False,705000,0,149699343281.0,60,ASK,SHORT,1.0
GLW,2026-05-18 17:56:58.957608+00:00,CALL,177.5,2026-06-18,383907,251,256,0,177.27,REPEATEDHITSDESCENDINGFILL,True,False,False,382397,1510,149699343281.0,31,ASK,LONG,1.0
GLW,2026-05-18 17:22:07.027751+00:00,PUT,160.0,2026-06-05,293645,691,745,327,177.8,REPEATEDHITSASCENDINGFILL,False,False,False,292800,845,149699343281.0,18,ASK,SHORT,1.0
GLW,2026-05-18 17:16:41.473452+00:00,PUT,140.0,2026-06-12,121598,760,767,167,178.83,REPEATEDHITS,False,False,False,121280,318,149699343281.0,25,ASK,SHORT,1.0
GLW,2026-05-18 16:37:04.079113+00:00,CALL,180.0,2026-05-22,321264,502,763,375,179.085,REPEATEDHITSDESCENDINGFILL,False,False,False,321264,0,149699343281.0,4,ASK,LONG,1.0
GLW,2026-05-18 14:59:41.025723+00:00,PUT,170.0,2026-06-05,216570,333,578,195,181.17,REPEATEDHITSASCENDINGFILL,False,False,False,195770,20800,149699343281.0,18,ASK,SHORT,1.0
GLW,2026-05-18 13:41:54.759024+00:00,PUT,175.0,2026-05-29,135950,275,283,175,185.93,REPEATEDHITSDESCENDINGFILL,True,False,False,90485,45465,149699343281.0,11,ASK,SHORT,1.0
GLW,2026-05-15 18:14:30.545519+00:00,CALL,205.0,2026-06-05,469680,456,707,340,196.16,REPEATEDHITS,False,False,False,403760,65920,149699343281.0,21,ASK,LONG,1.0
GLW,2026-05-15 14:58:26.677630+00:00,PUT,195.0,2026-09-18,174655,55,67,43,197.015,REPEATEDHITS,True,False,False,88930,85725,149699343281.0,126,ASK,SHORT,1.0
GM,2026-06-10 18:43:59.890775+00:00,CALL,79.0,2026-06-18,77632,256,259,12,80.72,REPEATEDHITS,True,False,False,69832,7800,75523476733.0,8,ASK,LONG,1.0
GM,2026-06-10 18:43:21.231877+00:00,CALL,79.0,2026-06-26,94529,281,281,214,80.1594,REPEATEDHITSDESCENDINGFILL,False,False,False,29874,64655,75523476733.0,16,BID,SHORT,0.5
GM,2026-06-10 18:43:21.231877+00:00,CALL,82.0,2026-06-18,53732,404,509,276,80.1594,REPEATEDHITS,True,False,False,49210,4522,75523476733.0,8,ASK,LONG,1.0
GM,2026-06-10 16:51:31.640431+00:00,PUT,72.5,2026-09-18,287389,858,862,513,79.9201,REPEATEDHITSDESCENDINGFILL,False,False,False,272984,335,75523476733.0,100,ASK,SHORT,1.0
GM,2026-06-10 15:43:15.836896+00:00,PUT,80.0,2026-07-10,76875,205,205,12,79.31,REPEATEDHITS,False,False,False,76875,0,75523476733.0,30,ASK,SHORT,1.0
GM,2026-06-09 18:52:43.746503+00:00,PUT,87.5,2026-07-17,184770,298,298,5,83.74,REPEATEDHITS,False,False,False,11160,173610,75523476733.0,38,BID,LONG,0.5
GM,2026-06-09 16:14:09.671837+00:00,CALL,86.0,2026-06-18,537256,6176,6284,1500,82.38,REPEATEDHITSASCENDINGFILL,False,False,False,526923,10333,75523476733.0,9,ASK,LONG,1.0
GM,2026-06-09 16:03:03.509772+00:00,CALL,87.5,2026-07-17,153720,732,745,255,82.23,REPEATEDHITS,False,False,False,0,153720,75523476733.0,38,BID,SHORT,0.5
GM,2026-06-09 13:42:29.816131+00:00,CALL,85.0,2027-03-19,100620,86,86,71,83.88,REPEATEDHITS,False,False,False,0,84240,75523476733.0,283,BID,SHORT,0.5
GM,2026-06-08 16:36:20.162718+00:00,PUT,84.0,2026-06-18,103056,456,475,266,83.96,REPEATEDHITS,False,False,False,103056,0,75523476733.0,10,ASK,SHORT,1.0
GM,2026-06-02 19:12:57.597023+00:00,CALL,83.0,2026-06-18,153324,606,627,120,82.74,REPEATEDHITSASCENDINGFILL,True,False,False,510,152814,75523476733.0,16,BID,SHORT,0.5
GM,2026-06-01 16:24:54.642379+00:00,CALL,100.0,2027-06-17,13886100,20850,20850,76,80.69,LOWHISTORICVOLUMEFLOOR,False,True,False,0,13886100,75523476733.0,381,BID,SHORT,0.5
GM,2026-05-29 17:28:43.871412+00:00,CALL,85.0,2026-06-12,234741,1389,1392,135,83.38,REPEATEDHITS,False,False,False,0,234741,75523476733.0,14,BID,SHORT,0.5
GM,2026-05-29 17:09:49.013459+00:00,PUT,87.0,2026-06-12,64170,138,138,0,83.53,REPEATEDHITS,True,False,False,64170,0,75523476733.0,14,ASK,SHORT,1.0
GM,2026-05-28 15:49:24.088191+00:00,CALL,87.0,2026-06-18,66946,320,326,119,84.63,REPEATEDHITSDESCENDINGFILL,True,False,False,40530,26416,75523476733.0,21,ASK,LONG,1.0
GM,2026-05-27 15:35:51.864962+00:00,CALL,82.0,2026-06-05,244473,719,2356,255,84.05,REPEATEDHITSASCENDINGFILL,False,False,False,0,244473,75523476733.0,9,BID,SHORT,0.5
GM,2026-05-26 19:52:32.497683+00:00,PUT,82.0,2026-06-18,297980,693,695,0,80.03,REPEATEDHITS,False,False,False,293680,4300,75523476733.0,23,ASK,SHORT,1.0
GM,2026-05-26 19:32:46.579329+00:00,CALL,81.0,2026-06-18,140175,525,1056,98,79.91,REPEATEDHITS,False,False,False,140175,0,75523476733.0,23,ASK,LONG,1.0
GM,2026-05-26 18:29:10.027031+00:00,PUT,81.0,2026-06-18,198657,503,524,2,79.525,REPEATEDHITS,False,False,False,198657,0,75523476733.0,23,ASK,SHORT,1.0
GM,2026-05-20 15:04:59.210974+00:00,PUT,72.0,2026-06-18,122976,672,673,10,74.81,REPEATEDHITS,False,False,False,122976,0,75523476733.0,29,ASK,SHORT,1.0
GM,2026-05-18 15:07:19.929218+00:00,CALL,95.0,2026-12-18,174151,645,647,323,74.4,REPEATEDHITS,False,False,False,0,174151,75523476733.0,214,BID,SHORT,0.5
GM,2026-05-15 17:07:44.782731+00:00,CALL,85.0,2026-07-17,399735,2961,2969,43,75.45,REPEATEDHITS,False,False,False,0,394470,75523476733.0,63,BID,SHORT,0.5
GM,2026-05-14 17:31:51.602828+00:00,CALL,92.5,2026-09-18,498429,1917,1943,1042,78.185,REPEATEDHITS,False,False,False,2349,496080,75523476733.0,127,BID,SHORT,0.5
GM,2026-05-14 14:24:15.061658+00:00,CALL,92.5,2026-12-18,1201030,2761,2905,503,78.13,REPEATEDHITS,False,False,False,1201030,0,75523476733.0,218,ASK,LONG,1.0
GM,2026-05-12 16:31:57.596740+00:00,CALL,77.0,2026-05-22,170820,1314,1337,775,75.7113,REPEATEDHITS,False,False,False,0,170820,75523476733.0,10,BID,SHORT,0.5
GOOGL,2026-06-10 16:48:33.650035+00:00,PUT,320.0,2026-07-10,133569,549,660,182,357.48,REPEATEDHITSDESCENDINGFILL,True,False,False,19845,113724,2121450240000.0,30,BID,LONG,0.5
GOOGL,2026-06-09 18:37:51.828117+00:00,CALL,405.0,2027-12-17,12509840,2008,2008,203,365.735,REPEATEDHITS,False,False,False,12460000,49840,2121450240000.0,556,ASK,LONG,1.0
GOOGL,2026-06-09 14:20:48.170529+00:00,CALL,360.0,2026-07-02,642201,413,421,311,366.01,REPEATEDHITSASCENDINGFILL,False,False,False,642201,0,2121450240000.0,23,ASK,LONG,1.0
GOOGL,2026-06-09 13:40:41.668642+00:00,PUT,365.0,2026-06-10,127950,853,1296,378,369.92,REPEATEDHITS,False,False,False,110850,17100,2121450240000.0,1,ASK,SHORT,1.0
GOOGL,2026-06-08 17:53:05.791319+00:00,PUT,367.5,2026-06-08,231680,724,1015,685,364.56,REPEATEDHITS,False,False,False,231680,0,2121450240000.0,0,ASK,SHORT,1.0
GOOGL,2026-06-08 17:46:45.174822+00:00,PUT,355.0,2026-06-10,138800,1012,2160,261,363.9701,REPEATEDHITSASCENDINGFILL,True,False,False,123816,14984,2121450240000.0,2,ASK,SHORT,1.0
GOOGL,2026-06-08 17:36:42.234122+00:00,PUT,370.0,2026-06-08,781699,1391,2089,528,364.55,REPEATEDHITSDESCENDINGFILL,False,False,False,277369,467040,2121450240000.0,0,BID,LONG,0.5
GOOGL,2026-06-08 17:32:18.945057+00:00,CALL,362.5,2026-06-08,144400,466,24611,452,364.67,REPEATEDHITSASCENDINGFILL,True,False,False,140740,3660,2121450240000.0,0,ASK,LONG,1.0
GOOGL,2026-06-08 17:31:06.863550+00:00,CALL,415.0,2026-08-21,1389885,1519,35872,817,365.3,REPEATEDHITS,False,False,False,414495,975390,2121450240000.0,74,BID,SHORT,0.5
GOOGL,2026-06-08 17:31:06.257441+00:00,CALL,415.0,2026-08-21,840840,924,32654,817,365.13,REPEATEDHITS,False,False,False,0,840840,2121450240000.0,74,BID,SHORT,0.5
GOOGL,2026-06-08 17:31:06.257441+00:00,CALL,415.0,2026-08-21,1006460,1106,33760,817,365.13,REPEATEDHITS,False,False,False,9100,545090,2121450240000.0,74,BID,SHORT,0.5
GOOGL,2026-06-08 17:31:03.451747+00:00,CALL,415.0,2026-08-21,1203650,1330,30708,817,364.955,REPEATEDHITS,False,False,False,0,869705,2121450240000.0,74,BID,SHORT,0.5
GOOGL,2026-06-08 17:31:03.451747+00:00,CALL,415.0,2026-08-21,978300,1087,28254,817,364.8,REPEATEDHITS,False,False,False,154800,666000,2121450240000.0,74,BID,SHORT,0.5
GOOGL,2026-06-08 17:31:03.451747+00:00,CALL,415.0,2026-08-21,1017220,1124,29378,817,364.91,REPEATEDHITS,False,False,False,0,847985,2121450240000.0,74,BID,SHORT,0.5
GOOGL,2026-06-08 17:28:48.096144+00:00,CALL,415.0,2026-08-21,1004080,1141,22767,817,363.91,REPEATEDHITS,True,False,False,72160,715440,2121450240000.0,74,BID,SHORT,0.5
GOOGL,2026-06-08 17:23:33.930873+00:00,CALL,415.0,2026-08-21,705200,820,8746,817,362.89,REPEATEDHITS,False,False,False,0,705200,2121450240000.0,74,BID,SHORT,0.5
GOOGL,2026-06-08 16:36:35.779634+00:00,PUT,362.5,2026-06-08,205742,1366,7015,474,362.695,REPEATEDHITSDESCENDINGFILL,True,False,False,118292,87450,2121450240000.0,0,ASK,SHORT,1.0
GOOGL,2026-06-08 15:47:32.093817+00:00,CALL,425.0,2027-12-17,10203260,1886,1930,262,362.89,REPEATEDHITS,False,False,False,10203260,0,2121450240000.0,557,ASK,LONG,1.0
GOOGL,2026-06-08 15:44:37.478131+00:00,CALL,362.5,2026-06-08,152753,872,11463,452,362.67,REPEATEDHITSASCENDINGFILL,True,False,False,5076,147500,2121450240000.0,0,BID,SHORT,0.5
GOOGL,2026-06-08 15:12:19.665016+00:00,CALL,365.0,2026-06-10,145440,404,1933,204,363.26,REPEATEDHITS,True,False,False,111960,33120,2121450240000.0,2,ASK,LONG,1.0
GOOGL,2026-06-08 15:02:16.576112+00:00,PUT,355.0,2028-12-15,140730,22,71,13,363.97,REPEATEDHITSDESCENDINGFILL,True,False,False,44730,32000,2121450240000.0,921,ASK,SHORT,1.0
GOOGL,2026-06-08 14:57:39.928528+00:00,PUT,352.5,2026-06-12,177255,909,1231,384,363.2,REPEATEDHITS,False,False,False,177255,0,2121450240000.0,4,ASK,SHORT,1.0
GOOGL,2026-06-05 19:50:31.056916+00:00,PUT,362.5,2026-06-10,113400,252,984,143,366.6709,REPEATEDHITS,False,False,False,75150,38250,2121450240000.0,5,ASK,SHORT,1.0
GOOGL,2026-06-05 19:24:44.069852+00:00,PUT,355.0,2026-06-15,226098,526,549,154,364.245,REPEATEDHITSDESCENDINGFILL,False,False,False,199038,27060,2121450240000.0,10,ASK,SHORT,1.0
GOOGL,2026-06-05 19:06:55.880676+00:00,PUT,365.0,2026-06-08,102375,315,2482,266,366.6525,REPEATEDHITS,False,False,False,23725,78650,2121450240000.0,3,BID,LONG,0.5
GOOGL,2026-06-05 17:53:19.269030+00:00,CALL,375.0,2026-07-10,638665,529,599,158,368.67,REPEATEDHITSDESCENDINGFILL,False,False,False,0,638665,2121450240000.0,35,BID,SHORT,0.5
GOOGL,2026-06-05 15:36:08.350840+00:00,PUT,362.5,2026-06-10,170864,651,706,143,369.765,REPEATEDHITSDESCENDINGFILL,False,False,False,108235,62629,2121450240000.0,5,ASK,SHORT,1.0
GOOGL,2026-06-05 14:02:05.511708+00:00,PUT,360.0,2026-06-08,175876,1509,1572,326,368.61,REPEATEDHITSASCENDINGFILL,False,False,False,18326,157550,2121450240000.0,3,BID,LONG,0.5
GOOGL,2026-06-04 16:16:41.858955+00:00,CALL,420.0,2027-12-17,10027890,1663,1675,1298,371.335,REPEATEDHITS,False,False,False,9889200,138690,2121450240000.0,561,ASK,LONG,1.0
GOOGL,2026-06-04 15:43:10.857442+00:00,CALL,425.0,2026-06-26,102152,1135,1185,643,369.25,REPEATEDHITS,False,False,False,182,95220,2121450240000.0,22,BID,SHORT,0.5
GOOGL,2026-06-04 15:06:49.795732+00:00,CALL,700.0,2028-01-21,130365,86,610,30,367.85,REPEATEDHITSASCENDINGFILL,False,False,False,19760,110605,2121450240000.0,596,BID,SHORT,0.5
GOOGL,2026-06-04 14:48:47.337383+00:00,CALL,740.0,2028-01-21,120480,98,98,3,367.67,REPEATEDHITSASCENDINGFILL,True,False,False,51870,68610,2121450240000.0,596,BID,SHORT,0.5
GOOGL,2026-06-03 19:05:42.166755+00:00,CALL,360.0,2026-06-17,469722,519,11579,22,359.87,REPEATEDHITSASCENDINGFILL,False,False,False,0,469722,2121450240000.0,14,BID,SHORT,0.5
GOOGL,2026-06-03 19:04:39.900657+00:00,CALL,360.0,2026-06-17,261630,285,10807,22,359.85,REPEATEDHITS,False,False,False,169830,91800,2121450240000.0,14,ASK,LONG,1.0
GOOGL,2026-06-03 19:02:49.173383+00:00,CALL,360.0,2026-06-17,917225,1000,9522,22,359.93,REPEATEDHITSDESCENDINGFILL,False,False,False,751685,165540,2121450240000.0,14,ASK,LONG,1.0
GOOGL,2026-06-03 18:06:08.479254+00:00,CALL,355.0,2026-08-21,172885,61,267,41,360.22,REPEATEDHITSASCENDINGFILL,True,False,False,0,172885,2121450240000.0,79,BID,SHORT,0.5
GOOGL,2026-06-03 16:34:50.384163+00:00,PUT,320.0,2027-12-17,948780,261,267,248,359.555,REPEATEDHITS,False,False,False,32760,916020,2121450240000.0,562,BID,LONG,0.5
GOOGL,2026-06-03 13:47:28.361536+00:00,CALL,355.0,2026-08-21,240265,81,104,41,362.07,REPEATEDHITS,False,False,False,29750,210515,2121450240000.0,79,BID,SHORT,0.5
GOOGL,2026-06-03 13:30:34.556559+00:00,CALL,365.0,2026-06-17,431220,462,464,11,364.38,REPEATEDHITSASCENDINGFILL,True,False,False,216390,214830,2121450240000.0,14,ASK,LONG,1.0
GOOGL,2026-06-02 19:57:22.861814+00:00,CALL,375.0,2026-06-05,172500,1500,12762,734,362.15,REPEATEDHITS,False,False,False,0,172500,2121450240000.0,3,BID,SHORT,0.5
GOOGL,2026-06-02 18:17:03.169074+00:00,CALL,535.0,2028-12-15,3146083,596,597,50,366.34,REPEATEDHITSDESCENDINGFILL,True,False,False,2597378,548705,2121450240000.0,927,ASK,LONG,1.0
GOOGL,2026-06-02 14:06:46.859332+00:00,CALL,362.5,2026-06-03,1422610,2492,8425,0,366.475,REPEATEDHITS,True,False,False,0,1422610,2121450240000.0,1,BID,SHORT,0.5
GOOGL,2026-06-02 13:54:28.737374+00:00,CALL,362.5,2026-06-03,571850,1634,4981,0,362.46,REPEATEDHITS,False,False,False,0,571850,2121450240000.0,1,BID,SHORT,0.5
GOOGL,2026-06-02 13:43:16.653417+00:00,CALL,310.0,2026-06-17,202800,40,40,0,358.67,REPEATEDHITS,False,False,False,0,0,2121450240000.0,15,MIXED,,0.0
GOOGL,2026-06-02 13:36:57.285288+00:00,PUT,310.0,2026-08-21,1414479,2595,2622,1688,362.08,REPEATEDHITSDESCENDINGFILL,False,False,False,0,1414479,2121450240000.0,80,BID,LONG,0.5
GOOGL,2026-06-02 13:31:18.264767+00:00,CALL,372.5,2026-06-05,199100,905,1776,213,363.23,REPEATEDHITS,False,False,False,199100,0,2121450240000.0,3,ASK,LONG,1.0
GOOGL,2026-06-02 13:31:03.171175+00:00,CALL,372.5,2026-06-05,183480,834,843,213,363.565,REPEATEDHITS,True,False,False,175560,0,2121450240000.0,3,ASK,LONG,1.0
GOOGL,2026-06-01 16:30:17.889933+00:00,CALL,377.5,2026-06-03,119260,445,1433,23,375.17,REPEATEDHITS,True,False,False,0,119260,2121450240000.0,2,BID,SHORT,0.5
GOOGL,2026-06-01 13:39:10.835518+00:00,CALL,380.0,2026-06-03,156600,783,1052,429,373.99,REPEATEDHITS,False,False,False,145000,11600,2121450240000.0,2,ASK,LONG,1.0
GOOGL,2026-05-29 19:57:44.763782+00:00,PUT,375.0,2026-06-03,103635,423,2201,77,380.12,REPEATEDHITS,False,False,False,101185,2450,2121450240000.0,5,ASK,SHORT,1.0
GS,2026-06-10 19:59:24.065555+00:00,PUT,670.0,2026-12-18,175501,150,348,146,1000.98,REPEATEDHITS,False,False,False,0,175501,304450608546.0,191,BID,LONG,0.5
GS,2026-06-10 19:59:16.454249+00:00,PUT,670.0,2026-12-18,208730,182,198,146,1000.75,REPEATEDHITSASCENDINGFILL,False,False,False,114030,71900,304450608546.0,191,ASK,SHORT,1.0
GS,2026-06-10 19:43:41.754197+00:00,CALL,950.0,2026-07-02,64940,9,18,5,1005.235,REPEATEDHITSDESCENDINGFILL,False,False,False,57725,7215,304450608546.0,22,ASK,LONG,1.0
GS,2026-06-10 19:43:32.947155+00:00,CALL,950.0,2026-07-02,50505,7,9,5,1005.235,REPEATEDHITS,True,False,False,43290,7215,304450608546.0,22,ASK,LONG,1.0
GS,2026-06-10 18:18:44.876651+00:00,PUT,980.0,2026-07-10,68960,26,53,12,1008.93,REPEATEDHITSDESCENDINGFILL,False,False,False,66325,2635,304450608546.0,30,ASK,SHORT,1.0
GS,2026-06-10 14:35:12.618883+00:00,CALL,1070.0,2026-06-18,129860,172,183,27,1024.62,REPEATEDHITS,False,False,False,129860,0,304450608546.0,8,ASK,LONG,1.0
GS,2026-06-10 13:56:40.451311+00:00,PUT,945.0,2026-06-26,312440,428,428,70,1026.44,REPEATEDHITS,False,False,False,312440,0,304450608546.0,16,ASK,SHORT,1.0
GS,2026-06-09 18:55:36.926217+00:00,CALL,1057.5,2026-06-26,637870,315,315,0,1030.1,REPEATEDHITS,False,False,False,637870,0,304450608546.0,17,ASK,LONG,1.0
GS,2026-06-09 18:47:07.228806+00:00,PUT,1105.0,2026-06-18,95160,12,12,1,1028.08,REPEATEDHITS,True,False,False,79300,15860,304450608546.0,9,ASK,SHORT,1.0
GS,2026-06-09 17:19:37.243650+00:00,PUT,1065.0,2026-06-26,160910,28,64,12,1019.94,REPEATEDHITSDESCENDINGFILL,True,False,False,103560,57350,304450608546.0,17,ASK,SHORT,1.0
GS,2026-06-09 16:25:18.806851+00:00,CALL,975.0,2026-08-21,150000,16,16,2,1015.62,REPEATEDHITS,True,False,False,150000,0,304450608546.0,73,ASK,LONG,1.0
GS,2026-06-09 16:08:21.288439+00:00,CALL,1180.0,2026-07-10,195120,542,542,4,1020.04,REPEATEDHITS,False,False,False,0,195120,304450608546.0,31,BID,SHORT,0.5
GS,2026-06-09 14:58:51.269262+00:00,CALL,1085.0,2026-07-24,67500,20,20,4,1036.67,REPEATEDHITS,False,False,False,67500,0,304450608546.0,45,ASK,LONG,1.0
GS,2026-06-09 14:38:16.246106+00:00,CALL,1090.0,2026-06-26,55030,44,72,28,1038.12,REPEATEDHITSASCENDINGFILL,True,False,False,23645,31385,304450608546.0,17,BID,SHORT,0.5
GS,2026-06-09 14:26:24.996630+00:00,CALL,1120.0,2026-07-10,70042,49,51,13,1046.44,REPEATEDHITSDESCENDINGFILL,False,False,False,37382,32660,304450608546.0,31,ASK,LONG,1.0
GS,2026-06-09 14:23:18.688302+00:00,PUT,1060.0,2026-10-16,146169,16,16,7,1043.19,REPEATEDHITSDESCENDINGFILL,False,False,False,82359,63810,304450608546.0,129,ASK,SHORT,1.0
GS,2026-06-09 13:32:09.163770+00:00,CALL,1095.0,2026-06-26,52350,30,36,17,1062.26,REPEATEDHITSASCENDINGFILL,False,False,False,35150,17200,304450608546.0,17,ASK,LONG,1.0
GS,2026-06-08 19:56:48.334393+00:00,PUT,1035.0,2027-06-17,141573,11,23,6,1047.48,REPEATEDHITSASCENDINGFILL,False,False,False,90033,51540,304450608546.0,374,ASK,SHORT,1.0
GS,2026-06-08 19:06:08.323669+00:00,CALL,1580.0,2028-03-17,77410,12,13,0,1048.79,REPEATEDHITSASCENDINGFILL,False,False,False,6450,70960,304450608546.0,648,BID,SHORT,0.5
GS,2026-06-08 17:40:56.449811+00:00,PUT,1045.0,2026-06-18,484000,220,225,86,1050.445,REPEATEDHITS,False,False,False,484000,0,304450608546.0,10,ASK,SHORT,1.0
GS,2026-06-08 16:12:16.214626+00:00,CALL,1037.5,2026-06-12,51930,18,42,2,1055.765,REPEATEDHITS,False,False,False,8655,43275,304450608546.0,4,BID,SHORT,0.5
GS,2026-06-08 13:46:21.290842+00:00,CALL,1030.0,2026-06-18,315885,72,72,0,1057.425,REPEATEDHITSDESCENDINGFILL,True,False,False,168035,147850,304450608546.0,10,ASK,LONG,1.0
GS,2026-06-08 13:45:11.358419+00:00,CALL,1050.0,2026-06-18,96885,31,32,0,1057.055,REPEATEDHITSASCENDINGFILL,True,False,False,81435,15450,304450608546.0,10,ASK,LONG,1.0
GS,2026-06-08 13:44:45.106062+00:00,CALL,1070.0,2026-06-18,58170,29,35,0,1054.62,REPEATEDHITSDESCENDINGFILL,True,False,False,38170,20000,304450608546.0,10,ASK,LONG,1.0
GS,2026-06-08 13:37:52.855473+00:00,CALL,1560.0,2028-06-16,80020,10,10,1,1049.35,REPEATEDHITSASCENDINGFILL,False,False,False,0,80020,304450608546.0,739,BID,SHORT,0.5
GS,2026-06-05 19:43:21.857244+00:00,PUT,1120.0,2027-01-15,148800,10,27,7,1040.095,REPEATEDHITS,False,False,False,148800,0,304450608546.0,224,ASK,SHORT,1.0
GS,2026-06-05 19:42:29.360517+00:00,PUT,1070.0,2027-03-19,173355,13,167,10,1039.62,REPEATEDHITS,False,False,False,66675,53340,304450608546.0,287,ASK,SHORT,1.0
GS,2026-06-05 19:35:34.083340+00:00,CALL,1160.0,2026-07-24,56025,36,38,0,1042.67,REPEATEDHITSDESCENDINGFILL,True,False,False,46755,9270,304450608546.0,49,ASK,LONG,1.0
GS,2026-06-05 19:33:51.677710+00:00,PUT,1070.0,2027-03-19,266998,20,130,10,1040.5,REPEATEDHITS,False,False,False,266998,0,304450608546.0,287,ASK,SHORT,1.0
GS,2026-06-05 19:18:07.391370+00:00,CALL,1110.0,2026-07-10,140700,84,85,8,1036.4,REPEATEDHITS,False,False,False,0,140700,304450608546.0,35,BID,SHORT,0.5
GS,2026-06-05 17:35:15.896082+00:00,PUT,1042.5,2026-06-12,64085,41,102,20,1052.06,REPEATEDHITSDESCENDINGFILL,True,False,False,1565,62520,304450608546.0,7,BID,LONG,0.5
GS,2026-06-05 17:07:24.416690+00:00,CALL,1120.0,2026-06-12,102988,442,567,238,1048.65,REPEATEDHITS,False,False,False,0,102988,304450608546.0,7,BID,SHORT,0.5
GS,2026-06-05 16:17:13.811675+00:00,PUT,1070.0,2027-03-19,287960,23,110,10,1056.75,REPEATEDHITS,False,False,False,225360,25040,304450608546.0,287,ASK,SHORT,1.0
GS,2026-06-05 16:16:03.418878+00:00,PUT,1040.0,2026-06-12,143400,115,189,114,1057.76,REPEATEDHITSDESCENDINGFILL,True,False,False,102680,40720,304450608546.0,7,ASK,SHORT,1.0
GS,2026-06-05 16:16:03.418878+00:00,PUT,1042.5,2026-06-12,63190,48,49,20,1057.76,REPEATEDHITSDESCENDINGFILL,True,False,False,38390,24800,304450608546.0,7,ASK,SHORT,1.0
GS,2026-06-05 16:11:01.437153+00:00,PUT,1070.0,2027-03-19,200545,16,84,10,1058.35,REPEATEDHITS,False,False,False,200545,0,304450608546.0,287,ASK,SHORT,1.0
GS,2026-06-05 16:05:27.406644+00:00,PUT,1070.0,2027-03-19,172620,14,54,10,1062.84,REPEATEDHITS,False,False,False,172620,0,304450608546.0,287,ASK,SHORT,1.0
GS,2026-06-05 16:05:21.185308+00:00,PUT,1070.0,2027-03-19,147960,12,40,10,1064.26,REPEATEDHITS,False,False,False,147960,0,304450608546.0,287,ASK,SHORT,1.0
GS,2026-06-05 14:26:41.374976+00:00,PUT,910.0,2027-01-15,545000,112,462,50,1069.08,REPEATEDHITSDESCENDINGFILL,False,False,False,0,545000,304450608546.0,224,BID,LONG,0.5
GS,2026-06-05 13:38:24.216694+00:00,CALL,1390.0,2026-11-20,91400,45,50,3,1074.145,REPEATEDHITSDESCENDINGFILL,False,False,False,50925,40475,304450608546.0,168,ASK,LONG,1.0
GS,2026-06-04 19:01:09.935667+00:00,CALL,1060.0,2026-07-24,101330,13,14,0,1093.685,REPEATEDHITSASCENDINGFILL,False,False,False,101330,0,304450608546.0,50,ASK,LONG,1.0
GS,2026-06-04 18:22:45.214866+00:00,PUT,1120.0,2026-08-21,79950,10,11,3,1091.405,REPEATEDHITS,True,False,False,7995,71955,304450608546.0,78,BID,LONG,0.5
GS,2026-06-04 18:04:42.667016+00:00,PUT,1100.0,2026-06-18,83250,26,62,17,1090.68,REPEATEDHITS,True,False,False,38520,44730,304450608546.0,14,BID,LONG,0.5
GS,2026-06-04 17:31:55.874542+00:00,PUT,750.0,2027-03-19,327550,136,150,83,1085.835,REPEATEDHITSDESCENDINGFILL,True,False,False,82405,218800,304450608546.0,288,BID,LONG,0.5
GS,2026-06-04 16:38:36.079504+00:00,CALL,1445.0,2028-09-15,140855,11,30,0,1092.715,REPEATEDHITS,False,False,False,0,140855,304450608546.0,834,BID,SHORT,0.5
GS,2026-06-04 16:37:57.007598+00:00,CALL,1445.0,2028-09-15,242250,19,19,0,1092.825,REPEATEDHITS,False,False,False,0,242250,304450608546.0,834,BID,SHORT,0.5
GS,2026-06-04 16:20:53.178997+00:00,CALL,1435.0,2027-03-19,103460,28,40,0,1090.41,REPEATEDHITS,False,False,False,11085,88680,304450608546.0,288,BID,SHORT,0.5
GS,2026-06-04 16:17:18.504973+00:00,CALL,1450.0,2026-08-21,153919,481,490,2,1089.75,REPEATEDHITS,False,False,False,153919,0,304450608546.0,78,ASK,LONG,1.0
GS,2026-06-04 16:04:07.321070+00:00,CALL,1445.0,2027-03-19,76450,22,22,8,1087.8521,REPEATEDHITS,False,False,False,69500,6950,304450608546.0,288,ASK,LONG,1.0
GS,2026-06-04 16:03:32.872364+00:00,CALL,1450.0,2027-03-19,334750,97,97,2,1088.09,REPEATEDHITSDESCENDINGFILL,True,False,False,79350,255400,304450608546.0,288,BID,SHORT,0.5
HL,2026-06-10 19:49:55.232686+00:00,PUT,11.0,2026-12-18,27729,237,948,83,14.095,REPEATEDHITS,True,False,False,0,27729,9732036968.0,191,BID,LONG,0.5
HL,2026-06-10 19:46:00.937781+00:00,PUT,11.0,2026-12-18,82368,704,709,83,14.095,REPEATEDHITS,True,False,False,0,82368,9732036968.0,191,BID,LONG,0.5
HL,2026-06-10 15:17:03.334286+00:00,PUT,13.5,2026-06-12,15056,941,997,157,14.12,REPEATEDHITS,True,False,False,15056,0,9732036968.0,2,ASK,SHORT,1.0
HL,2026-06-09 16:46:49.270575+00:00,PUT,12.0,2026-07-02,78996,2724,2728,13,13.88,REPEATEDHITS,False,False,False,78996,0,9732036968.0,23,ASK,SHORT,1.0
HL,2026-06-08 17:02:09.533557+00:00,CALL,16.0,2026-06-12,10520,700,1163,689,15.0031,REPEATEDHITS,False,False,False,320,10200,9732036968.0,4,BID,SHORT,0.5
HL,2026-06-05 19:45:23.900273+00:00,CALL,15.5,2026-07-02,83000,1000,1088,0,14.735,REPEATEDHITS,False,False,False,0,0,9732036968.0,27,MIXED,,0.0
HL,2026-06-05 19:41:55.487867+00:00,CALL,14.5,2026-06-12,73062,1000,2045,1,14.725,REPEATEDHITSDESCENDINGFILL,False,False,False,73062,0,9732036968.0,7,ASK,LONG,1.0
HL,2026-06-05 19:36:38.608937+00:00,CALL,15.5,2026-06-12,10170,339,3161,12,14.7355,REPEATEDHITS,False,False,False,10170,0,9732036968.0,7,ASK,LONG,1.0
HL,2026-06-05 19:36:38.608937+00:00,CALL,15.5,2026-06-12,18870,629,3790,12,14.7355,REPEATEDHITS,False,False,False,18870,0,9732036968.0,7,ASK,LONG,1.0
HL,2026-06-05 19:24:11.809248+00:00,CALL,15.5,2026-06-12,13020,434,1891,12,14.685,REPEATEDHITS,False,False,False,990,6030,9732036968.0,7,BID,SHORT,0.5
HL,2026-06-05 19:24:11.809248+00:00,CALL,15.5,2026-06-12,16980,566,2457,12,14.695,REPEATEDHITS,True,False,False,9240,0,9732036968.0,7,ASK,LONG,1.0
HL,2026-06-05 18:56:15.235596+00:00,CALL,14.5,2026-06-26,90427,828,851,0,14.739,REPEATEDHITSASCENDINGFILL,True,False,False,87187,3240,9732036968.0,21,ASK,LONG,1.0
HL,2026-06-05 18:56:15.235596+00:00,PUT,14.5,2026-06-26,130647,1594,1637,17,14.739,REPEATEDHITSDESCENDINGFILL,True,False,False,121688,8959,9732036968.0,21,ASK,SHORT,1.0
HL,2026-06-05 15:52:47.071184+00:00,PUT,14.5,2026-06-12,21096,586,753,27,14.9399,REPEATEDHITS,True,False,False,21096,0,9732036968.0,7,ASK,SHORT,1.0
HL,2026-06-05 15:26:42.082405+00:00,PUT,14.0,2026-07-17,29388,372,3804,227,15.135,REPEATEDHITS,False,False,False,29388,0,9732036968.0,42,ASK,SHORT,1.0
HL,2026-06-05 15:20:49.789850+00:00,PUT,15.0,2026-06-12,22500,500,570,95,15.165,REPEATEDHITS,False,False,False,22500,0,9732036968.0,7,ASK,SHORT,1.0
HL,2026-06-05 13:58:06.892420+00:00,PUT,14.0,2026-07-17,188290,2545,2551,227,15.475,REPEATEDHITSASCENDINGFILL,False,False,False,188290,0,9732036968.0,42,ASK,SHORT,1.0
HL,2026-06-04 14:08:55.182535+00:00,CALL,18.0,2026-06-26,58756,794,798,136,16.985,REPEATEDHITS,False,False,False,0,58756,9732036968.0,22,BID,SHORT,0.5
HL,2026-06-02 13:35:35.243766+00:00,CALL,17.5,2026-06-18,241270,2098,2101,954,17.69,REPEATEDHITS,False,False,False,0,241270,9732036968.0,16,BID,SHORT,0.5
HL,2026-06-01 15:29:56.769598+00:00,CALL,17.0,2026-06-05,24080,344,1527,310,17.255,REPEATEDHITS,False,False,False,0,24080,9732036968.0,4,BID,SHORT,0.5
HL,2026-05-28 19:23:08.616863+00:00,CALL,18.5,2026-06-05,167580,3990,4149,198,17.695,REPEATEDHITS,False,False,False,210,167370,9732036968.0,8,BID,SHORT,0.5
HL,2026-05-28 17:55:29.038295+00:00,CALL,19.0,2026-09-18,613080,2620,4163,1181,17.69,REPEATEDHITS,False,False,False,613080,0,9732036968.0,113,ASK,LONG,1.0
HL,2026-05-28 16:40:59.492694+00:00,CALL,19.0,2026-09-18,324722,1418,1426,1181,17.575,REPEATEDHITS,False,False,False,324722,0,9732036968.0,113,ASK,LONG,1.0
HL,2026-05-28 15:00:54.919080+00:00,CALL,15.0,2026-07-17,380900,1300,1305,28,17.0901,REPEATEDHITS,False,False,False,380900,0,9732036968.0,50,ASK,LONG,1.0
HL,2026-05-28 13:52:54.991015+00:00,PUT,16.5,2026-05-29,34320,1040,1131,868,16.465,REPEATEDHITS,False,False,False,0,34320,9732036968.0,1,BID,LONG,0.5
HL,2026-05-27 14:48:02.744067+00:00,PUT,17.5,2026-06-18,253878,1938,1938,103,17.165,REPEATEDHITS,False,False,False,0,253878,9732036968.0,22,BID,LONG,0.5
HL,2026-05-26 14:39:07.202794+00:00,CALL,17.0,2026-07-17,306927,1527,1536,427,17.42,REPEATEDHITS,False,False,False,306927,0,9732036968.0,52,ASK,LONG,1.0
HL,2026-05-22 19:30:20.570856+00:00,CALL,17.0,2026-05-29,51896,1000,3203,205,16.975,REPEATEDHITSASCENDINGFILL,False,False,False,0,51896,9732036968.0,7,BID,SHORT,0.5
HL,2026-05-22 19:20:50.182305+00:00,CALL,17.0,2026-05-29,116000,2000,2196,205,17.055,REPEATEDHITS,False,False,False,116000,0,9732036968.0,7,ASK,LONG,1.0
HL,2026-05-21 15:35:54.809340+00:00,CALL,20.0,2026-07-17,68208,784,799,271,17.09,REPEATEDHITS,False,False,False,87,68121,9732036968.0,57,BID,SHORT,0.5
HL,2026-05-20 15:37:15.388875+00:00,CALL,19.5,2026-06-26,10345,131,131,51,17.0547,REPEATEDHITS,False,False,False,10345,0,9732036968.0,37,ASK,LONG,1.0
HL,2026-05-20 15:04:23.180231+00:00,CALL,17.0,2026-06-12,11832,102,279,23,16.955,REPEATEDHITS,False,False,False,11716,116,9732036968.0,23,ASK,LONG,1.0
HL,2026-05-18 18:29:33.748979+00:00,PUT,12.0,2026-07-17,41412,2436,2491,0,17.255,REPEATEDHITS,False,False,False,40103,0,9732036968.0,60,ASK,SHORT,1.0
HL,2026-05-18 18:24:46.663099+00:00,PUT,15.5,2026-06-05,111895,3197,3201,64,17.275,REPEATEDHITS,False,False,False,94535,17360,9732036968.0,18,ASK,SHORT,1.0
HL,2026-05-18 15:51:21.005930+00:00,PUT,14.0,2026-12-18,78996,454,614,7,17.485,REPEATEDHITS,False,False,False,78996,0,9732036968.0,214,ASK,SHORT,1.0
HL,2026-05-18 14:11:15.497781+00:00,CALL,18.0,2026-05-22,47850,870,1240,597,17.875,REPEATEDHITS,False,False,False,0,47850,9732036968.0,4,BID,SHORT,0.5
HL,2026-05-18 14:07:32.953504+00:00,PUT,17.0,2027-01-15,339345,1013,1015,857,17.825,REPEATEDHITS,False,False,False,339345,0,9732036968.0,242,ASK,SHORT,1.0
HL,2026-05-15 19:37:55.978786+00:00,CALL,17.5,2026-05-22,11592,138,533,14,17.755,REPEATEDHITS,True,False,False,0,11592,9732036968.0,7,BID,SHORT,0.5
HL,2026-05-15 19:36:56.651876+00:00,CALL,17.5,2026-05-22,26544,316,349,14,17.76,REPEATEDHITS,True,False,False,0,26544,9732036968.0,7,BID,SHORT,0.5
HL,2026-05-15 19:24:09.692090+00:00,PUT,16.0,2027-01-15,183202,659,729,144,17.785,REPEATEDHITS,False,False,False,183202,0,9732036968.0,245,ASK,SHORT,1.0
HL,2026-05-15 14:30:47.509860+00:00,CALL,19.0,2026-07-17,50700,260,439,82,18.04,REPEATEDHITS,False,False,False,50700,0,9732036968.0,63,ASK,LONG,1.0
HL,2026-05-15 14:19:47.871237+00:00,CALL,19.0,2026-07-17,17799,100,174,82,18.075,REPEATEDHITS,False,False,False,17622,177,9732036968.0,63,ASK,LONG,1.0
HL,2026-05-15 14:10:45.585253+00:00,PUT,17.5,2026-06-12,115000,1000,1024,8,17.925,REPEATEDHITS,False,False,False,23000,92000,9732036968.0,28,BID,LONG,0.5
HL,2026-05-15 13:36:20.055943+00:00,PUT,17.0,2026-06-26,378480,3154,3167,427,17.91,REPEATEDHITS,False,False,False,120,378360,9732036968.0,42,BID,LONG,0.5
HL,2026-05-14 15:51:51.886804+00:00,PUT,18.5,2026-06-05,11786,166,174,81,20.005,REPEATEDHITS,True,False,False,0,11786,9732036968.0,22,BID,LONG,0.5
HL,2026-05-13 14:26:51.519241+00:00,CALL,25.0,2026-06-26,35500,500,500,102,20.59,REPEATEDHITS,False,False,False,14200,0,9732036968.0,44,ASK,LONG,1.0
HOOD,2026-06-10 18:06:43.967712+00:00,PUT,81.0,2026-06-18,158270,1308,1554,294,89.48,REPEATEDHITSASCENDINGFILL,True,False,False,122,158148,66277542151.0,8,BID,LONG,0.5
HOOD,2026-06-10 15:07:10.983648+00:00,CALL,110.0,2026-06-26,56576,832,1924,788,88.205,REPEATEDHITS,False,False,False,68,55896,66277542151.0,16,BID,SHORT,0.5
HOOD,2026-06-10 13:33:59.425910+00:00,CALL,92.0,2026-06-18,150379,703,1363,201,86.6,REPEATEDHITSDESCENDINGFILL,True,False,False,34043,116119,66277542151.0,8,BID,SHORT,0.5
HOOD,2026-06-10 13:32:34.846500+00:00,CALL,92.0,2026-06-18,107709,483,618,201,87.03,REPEATEDHITS,False,False,False,107709,0,66277542151.0,8,ASK,LONG,1.0
HOOD,2026-06-09 16:30:33.150153+00:00,CALL,115.0,2026-09-18,673798,1925,2006,1917,80.12,REPEATEDHITS,False,False,False,0,673798,66277542151.0,101,BID,SHORT,0.5
HOOD,2026-06-08 19:59:33.760415+00:00,CALL,86.0,2026-07-10,131438,200,248,84,85.145,REPEATEDHITSASCENDINGFILL,False,False,False,131438,0,66277542151.0,32,ASK,LONG,1.0
HOOD,2026-06-08 18:39:52.827442+00:00,PUT,86.0,2026-06-18,219150,487,1270,231,85.205,REPEATEDHITS,False,False,False,219150,0,66277542151.0,10,ASK,SHORT,1.0
HOOD,2026-06-08 14:50:06.743626+00:00,PUT,86.0,2026-06-18,343090,730,759,231,85.035,REPEATEDHITS,False,False,False,343090,0,66277542151.0,10,ASK,SHORT,1.0
HOOD,2026-06-04 18:37:46.714902+00:00,CALL,145.0,2026-11-20,76280,153,158,134,87.63,REPEATEDHITS,False,False,False,54500,21780,66277542151.0,169,ASK,LONG,1.0
HOOD,2026-06-04 14:01:34.223820+00:00,CALL,86.0,2026-06-05,950925,10225,17083,5946,83.91,REPEATEDHITS,False,False,False,0,950925,66277542151.0,1,BID,SHORT,0.5
HOOD,2026-06-01 17:09:55.759782+00:00,CALL,150.0,2027-04-16,517500,500,2357,12,90.73,REPEATEDHITS,True,False,False,439875,77625,66277542151.0,319,ASK,LONG,1.0
HOOD,2026-06-01 14:19:08.632692+00:00,PUT,84.0,2026-06-18,64471,187,288,94,88.455,REPEATEDHITS,False,False,False,48256,16215,66277542151.0,17,ASK,SHORT,1.0
HOOD,2026-06-01 13:32:52.095860+00:00,PUT,87.0,2026-06-12,93625,285,292,199,86.314,REPEATEDHITS,False,False,False,0,86125,66277542151.0,11,BID,LONG,0.5
HOOD,2026-06-01 13:30:25.973799+00:00,CALL,150.0,2027-04-16,73971,74,74,12,89.95,REPEATEDHITSDESCENDINGFILL,False,False,False,1033,72938,66277542151.0,319,BID,SHORT,0.5
HOOD,2026-05-29 18:45:47.133179+00:00,PUT,93.0,2026-05-29,524384,8218,12620,2,92.78,REPEATEDHITSDESCENDINGFILL,True,False,False,453504,70880,66277542151.0,0,ASK,SHORT,1.0
HOOD,2026-05-29 17:29:10.701371+00:00,PUT,95.0,2026-05-29,121624,661,2345,3,93.4,REPEATEDHITS,False,False,False,0,121624,66277542151.0,0,BID,LONG,0.5
HOOD,2026-05-29 16:57:32.755489+00:00,CALL,110.0,2026-07-10,157500,450,1466,0,93.2057,REPEATEDHITS,False,False,False,0,157500,66277542151.0,42,BID,SHORT,0.5
HOOD,2026-05-29 16:19:15.427681+00:00,PUT,92.0,2026-05-29,561383,9203,13847,1,92.69,REPEATEDHITS,False,False,False,7747,553636,66277542151.0,0,BID,LONG,0.5
HOOD,2026-05-29 15:43:33.195101+00:00,PUT,93.0,2026-05-29,57720,390,607,2,92.4499,REPEATEDHITS,True,False,False,57572,148,66277542151.0,0,ASK,SHORT,1.0
HOOD,2026-05-29 14:53:53.946606+00:00,PUT,95.0,2026-07-17,1724250,1425,3963,1411,87.92,REPEATEDHITS,True,False,False,96800,266200,66277542151.0,49,BID,LONG,0.5
HOOD,2026-05-29 13:50:38.582952+00:00,CALL,125.0,2026-08-21,252000,800,865,668,87.8803,REPEATEDHITS,False,False,False,252000,0,66277542151.0,84,ASK,LONG,1.0
HOOD,2026-05-28 17:46:02.794911+00:00,PUT,83.0,2026-05-29,60294,389,1107,260,82.82,REPEATEDHITS,False,False,False,14725,27434,66277542151.0,1,BID,LONG,0.5
HOOD,2026-05-28 15:14:29.381899+00:00,PUT,80.0,2026-05-29,215424,1152,1746,1122,79.06,REPEATEDHITS,False,False,False,0,215424,66277542151.0,1,BID,LONG,0.5
HOOD,2026-05-28 13:55:27.056709+00:00,PUT,73.0,2026-06-05,531900,3940,4258,623,76.36,REPEATEDHITS,False,False,False,0,531900,66277542151.0,8,BID,LONG,0.5
HOOD,2026-05-27 15:43:46.648506+00:00,PUT,74.0,2026-05-29,1154820,12954,14216,4115,75.51,REPEATEDHITSDESCENDINGFILL,False,False,False,172260,982560,66277542151.0,2,BID,LONG,0.5
HOOD,2026-05-26 19:53:44.125134+00:00,CALL,73.0,2026-05-29,199600,998,2518,893,73.55,REPEATEDHITS,True,False,False,199600,0,66277542151.0,3,ASK,LONG,1.0
HOOD,2026-05-22 17:30:18.719011+00:00,CALL,84.0,2026-06-18,57279,313,391,163,75.22,REPEATEDHITS,False,False,False,57279,0,66277542151.0,27,ASK,LONG,1.0
HOOD,2026-05-22 14:29:00.824448+00:00,CALL,74.0,2026-05-22,100263,1567,2268,883,73.64,REPEATEDHITS,False,False,False,0,100263,66277542151.0,0,BID,SHORT,0.5
HOOD,2026-05-21 18:55:02.890724+00:00,PUT,75.0,2026-05-22,747102,10955,12301,6016,75.9101,REPEATEDHITSDESCENDINGFILL,False,False,False,149178,597924,66277542151.0,1,BID,LONG,0.5
HOOD,2026-05-21 17:17:06.925807+00:00,CALL,79.0,2026-05-29,392320,3065,3436,722,75.99,REPEATEDHITS,False,False,False,0,313856,66277542151.0,8,BID,SHORT,0.5
HOOD,2026-05-20 17:27:52.488235+00:00,CALL,79.0,2026-05-22,591264,10929,13745,7251,75.88,REPEATEDHITSDESCENDINGFILL,False,False,False,60390,530874,66277542151.0,2,BID,SHORT,0.5
HOOD,2026-05-20 15:01:57.746876+00:00,CALL,83.0,2026-06-18,249458,986,4369,146,75.31,REPEATEDHITS,False,False,False,249458,0,66277542151.0,29,ASK,LONG,1.0
HOOD,2026-05-20 14:56:51.503283+00:00,CALL,83.0,2026-06-18,79512,307,3355,146,75.505,REPEATEDHITS,False,False,False,74074,258,66277542151.0,29,ASK,LONG,1.0
HOOD,2026-05-20 14:55:51.472010+00:00,CALL,83.0,2026-06-18,64750,250,3048,146,75.505,REPEATEDHITS,False,False,False,53613,11137,66277542151.0,29,ASK,LONG,1.0
HOOD,2026-05-20 14:54:18.826954+00:00,CALL,83.0,2026-06-18,96118,374,2742,146,75.48,REPEATEDHITS,True,False,False,95861,257,66277542151.0,29,ASK,LONG,1.0
HOOD,2026-05-20 14:51:47.332264+00:00,CALL,83.0,2026-06-18,55154,218,2012,146,75.32,REPEATEDHITS,False,False,False,47311,7590,66277542151.0,29,ASK,LONG,1.0
HOOD,2026-05-20 14:51:36.714175+00:00,CALL,83.0,2026-06-18,63250,250,1793,146,75.36,REPEATEDHITS,False,False,False,54395,8855,66277542151.0,29,ASK,LONG,1.0
HOOD,2026-05-20 14:51:25.288387+00:00,CALL,83.0,2026-06-18,63250,250,1543,146,75.35,REPEATEDHITS,False,False,False,63250,0,66277542151.0,29,ASK,LONG,1.0
HOOD,2026-05-20 14:49:08.671338+00:00,CALL,83.0,2026-06-18,64000,250,642,146,75.46,REPEATEDHITS,False,False,False,64000,0,66277542151.0,29,ASK,LONG,1.0
HOOD,2026-05-20 14:31:24.791023+00:00,CALL,77.0,2026-05-29,710406,3229,3383,954,75.4598,REPEATEDHITSDESCENDINGFILL,False,False,False,120806,589600,66277542151.0,9,BID,SHORT,0.5
HOOD,2026-05-19 14:38:16.653157+00:00,PUT,79.0,2026-06-18,77760,96,194,78,74.025,REPEATEDHITS,True,False,False,0,77760,66277542151.0,30,BID,LONG,0.5
HOOD,2026-05-18 18:27:27.777362+00:00,CALL,76.0,2026-05-22,372923,1727,2590,472,75.775,REPEATEDHITSASCENDINGFILL,True,False,False,349488,23435,66277542151.0,4,ASK,LONG,1.0
HOOD,2026-05-18 13:59:32.148621+00:00,CALL,150.0,2027-02-19,53550,117,132,35,79.6,REPEATEDHITSASCENDINGFILL,False,False,False,40995,12555,66277542151.0,277,ASK,LONG,1.0
HOOD,2026-05-15 19:30:00.901878+00:00,PUT,74.0,2026-05-22,362968,3076,4077,1031,77.2491,REPEATEDHITS,False,False,False,0,362968,66277542151.0,7,BID,LONG,0.5
HOOD,2026-05-14 15:41:19.859955+00:00,CALL,87.0,2026-05-29,108504,840,850,533,78.385,REPEATEDHITSDESCENDINGFILL,False,False,False,108504,0,66277542151.0,15,ASK,LONG,1.0
HOOD,2026-05-13 14:19:20.822933+00:00,CALL,78.0,2026-05-22,1274619,5038,5190,1339,76.54,REPEATEDHITSDESCENDINGFILL,False,False,False,258,1274361,66277542151.0,9,BID,SHORT,0.5
HOOD,2026-05-13 13:48:00.877193+00:00,PUT,71.0,2026-05-15,330486,8474,8513,2162,75.54,REPEATEDHITS,False,False,False,0,330135,66277542151.0,2,BID,LONG,0.5
HOOD,2026-05-12 17:00:18.293122+00:00,CALL,81.0,2026-05-22,172380,1014,1596,858,76.86,REPEATEDHITS,False,False,False,172380,0,66277542151.0,10,ASK,LONG,1.0
HOOD,2026-05-12 13:49:55.605294+00:00,CALL,84.0,2026-05-22,996990,5970,5973,548,79.01,REPEATEDHITS,False,False,False,0,996990,66277542151.0,10,BID,SHORT,0.5
IBIT,2026-06-10 19:27:40.716986+00:00,PUT,33.0,2026-06-17,80736,2523,6012,320,34.925,REPEATEDHITS,False,False,False,0,80736,64762757065.0,7,BID,LONG,0.5
IBIT,2026-06-10 19:20:29.187226+00:00,CALL,37.0,2026-07-31,67626,442,2101,249,34.935,REPEATEDHITS,True,False,False,67473,153,64762757065.0,51,ASK,LONG,1.0
IBIT,2026-06-10 18:20:26.710620+00:00,CALL,36.0,2026-07-31,64521,321,333,204,35.05,REPEATEDHITS,True,False,False,0,64521,64762757065.0,51,BID,SHORT,0.5
IBIT,2026-06-10 16:15:07.728752+00:00,CALL,35.5,2026-06-10,55296,4608,22400,4288,35.2802,REPEATEDHITS,False,False,False,0,55296,64762757065.0,0,BID,SHORT,0.5
IBIT,2026-06-10 15:17:03.334286+00:00,PUT,32.0,2026-08-31,67614,382,4941,162,35.0409,REPEATEDHITS,False,False,False,67614,0,64762757065.0,82,ASK,SHORT,1.0
IBIT,2026-06-10 15:16:11.449833+00:00,PUT,32.0,2026-08-31,177000,1000,4559,162,35.01,REPEATEDHITS,False,False,False,177000,0,64762757065.0,82,ASK,SHORT,1.0
IBIT,2026-06-10 15:15:16.936884+00:00,PUT,32.0,2026-08-31,83600,475,3559,162,35.04,REPEATEDHITS,False,False,False,83600,0,64762757065.0,82,ASK,SHORT,1.0
IBIT,2026-06-10 15:13:39.986763+00:00,PUT,32.0,2026-08-31,87500,500,2559,162,35.08,REPEATEDHITS,False,False,False,87500,0,64762757065.0,82,ASK,SHORT,1.0
IBIT,2026-06-10 15:11:38.160659+00:00,PUT,32.0,2026-08-31,58450,334,2059,162,35.025,REPEATEDHITS,False,False,False,58450,0,64762757065.0,82,ASK,SHORT,1.0
IBIT,2026-06-10 15:11:38.160659+00:00,PUT,32.0,2026-08-31,81200,464,1523,162,35.025,REPEATEDHITS,False,False,False,81200,0,64762757065.0,82,ASK,SHORT,1.0
IBIT,2026-06-09 17:07:42.075313+00:00,PUT,24.0,2026-09-18,375240,7080,15274,135,34.8,REPEATEDHITS,False,False,False,375240,0,64762757065.0,101,ASK,SHORT,1.0
IBIT,2026-06-09 16:48:17.794083+00:00,PUT,24.0,2026-09-18,430254,8118,8174,135,34.73,REPEATEDHITS,False,False,False,430201,0,64762757065.0,101,ASK,SHORT,1.0
IBIT,2026-06-09 16:01:41.375127+00:00,CALL,35.5,2026-06-12,71855,2053,5604,1277,34.635,REPEATEDHITS,False,False,False,71855,0,64762757065.0,3,ASK,LONG,1.0
IBIT,2026-06-09 15:32:43.051738+00:00,CALL,51.0,2026-09-18,184295,6355,6356,2002,34.67,REPEATEDHITS,False,False,False,0,184295,64762757065.0,101,BID,SHORT,0.5
IBIT,2026-06-09 15:15:25.505592+00:00,PUT,32.5,2026-06-12,190242,14634,15125,853,34.915,REPEATEDHITS,False,False,False,0,190242,64762757065.0,3,BID,LONG,0.5
IBIT,2026-06-09 15:08:59.808151+00:00,PUT,32.0,2026-07-10,222600,2650,7336,405,34.8601,REPEATEDHITS,True,False,False,222600,0,64762757065.0,31,ASK,SHORT,1.0
IBIT,2026-06-09 14:22:10.935128+00:00,PUT,32.0,2026-07-10,61500,750,784,405,34.93,REPEATEDHITS,False,False,False,8118,23206,64762757065.0,31,BID,LONG,0.5
IBIT,2026-06-09 13:41:40.949648+00:00,CALL,36.0,2026-06-12,257244,7566,8593,4998,35.24,REPEATEDHITS,False,False,False,195194,34,64762757065.0,3,ASK,LONG,1.0
IBIT,2026-06-09 13:40:35.455532+00:00,CALL,35.5,2026-06-18,64337,707,1802,134,35.2,REPEATEDHITS,False,False,False,64337,0,64762757065.0,9,ASK,LONG,1.0
IBIT,2026-06-08 19:26:43.626045+00:00,CALL,50.0,2026-08-31,299686,10334,10400,1102,35.935,REPEATEDHITS,False,False,False,0,299686,64762757065.0,84,BID,SHORT,0.5
IBIT,2026-06-08 15:53:02.908612+00:00,PUT,36.0,2026-06-26,598499,4500,4876,2628,36.245,REPEATEDHITS,False,False,False,598367,0,64762757065.0,18,ASK,SHORT,1.0
IBIT,2026-06-08 15:35:51.087434+00:00,CALL,36.5,2026-06-10,102500,2500,9416,1470,36.155,REPEATEDHITS,False,False,False,0,102500,64762757065.0,2,BID,SHORT,0.5
IBIT,2026-06-08 15:31:40.757990+00:00,PUT,35.5,2026-06-26,106960,955,963,0,36.1901,REPEATEDHITS,False,False,False,106960,0,64762757065.0,18,ASK,SHORT,1.0
IBIT,2026-06-08 15:07:22.932701+00:00,PUT,34.0,2026-06-12,141740,7087,8411,6425,36.27,REPEATEDHITS,False,False,False,0,105900,64762757065.0,4,BID,LONG,0.5
IBIT,2026-06-08 14:57:59.765887+00:00,CALL,39.0,2026-09-18,139235,566,590,514,36.295,REPEATEDHITS,True,False,False,138990,245,64762757065.0,102,ASK,LONG,1.0
IBIT,2026-06-08 14:53:02.691170+00:00,CALL,37.0,2026-06-10,105000,3750,10917,935,36.195,REPEATEDHITS,False,False,False,0,105000,64762757065.0,2,BID,SHORT,0.5
IBIT,2026-06-08 14:45:11.234086+00:00,PUT,34.0,2026-06-17,110000,2500,2511,564,36.2,REPEATEDHITS,False,False,False,110000,0,64762757065.0,9,ASK,SHORT,1.0
IBIT,2026-06-08 14:10:05.698151+00:00,CALL,36.5,2026-06-18,73700,737,1077,0,36.1599,REPEATEDHITS,False,False,False,0,73700,64762757065.0,10,BID,SHORT,0.5
IBIT,2026-06-08 13:52:49.710149+00:00,PUT,33.0,2026-07-31,123000,1000,2003,310,36.085,REPEATEDHITS,False,False,False,0,123000,64762757065.0,53,BID,LONG,0.5
IBIT,2026-06-08 13:31:20.848628+00:00,PUT,39.0,2026-12-18,278460,442,442,187,36.015,REPEATEDHITS,False,False,False,0,151200,64762757065.0,193,BID,LONG,0.5
IBIT,2026-06-05 19:47:50.258264+00:00,PUT,33.5,2026-06-08,94060,1920,10182,0,34.13,REPEATEDHITS,True,False,False,78106,960,64762757065.0,3,ASK,SHORT,1.0
IBIT,2026-06-05 19:18:57.326412+00:00,CALL,34.0,2026-06-26,75525,475,1106,39,33.5401,REPEATEDHITS,True,False,False,72345,0,64762757065.0,21,ASK,LONG,1.0
IBIT,2026-06-05 19:00:35.010629+00:00,CALL,54.0,2026-09-18,127300,5092,5346,469,33.615,REPEATEDHITS,False,False,False,0,127300,64762757065.0,105,BID,SHORT,0.5
IBIT,2026-06-05 18:57:10.193106+00:00,CALL,33.5,2026-06-08,133347,1500,3734,0,33.7101,REPEATEDHITSASCENDINGFILL,False,False,False,0,13375,64762757065.0,3,BID,SHORT,0.5
IBIT,2026-06-05 18:55:51.984617+00:00,CALL,33.5,2026-06-08,83498,1033,1124,0,33.57,REPEATEDHITSDESCENDINGFILL,True,False,False,0,83498,64762757065.0,3,BID,SHORT,0.5
IBIT,2026-06-05 18:54:55.384950+00:00,PUT,33.0,2026-11-20,143058,358,597,144,33.515,REPEATEDHITSASCENDINGFILL,True,False,False,143058,0,64762757065.0,168,ASK,SHORT,1.0
IBIT,2026-06-05 18:31:05.167162+00:00,CALL,35.0,2026-08-21,239694,878,2732,844,34.015,REPEATEDHITS,True,False,False,212394,27300,64762757065.0,77,ASK,LONG,1.0
IBIT,2026-06-05 18:27:39.199490+00:00,CALL,33.0,2026-06-18,74124,348,476,311,34.075,REPEATEDHITS,True,False,False,0,74124,64762757065.0,13,BID,SHORT,0.5
IBIT,2026-06-05 18:24:49.481697+00:00,CALL,35.0,2026-07-17,104410,530,6548,334,34.13,REPEATEDHITS,False,False,False,104410,0,64762757065.0,42,ASK,LONG,1.0
IBIT,2026-06-05 17:56:07.278143+00:00,PUT,30.0,2026-06-12,66600,3330,34720,3128,34.35,REPEATEDHITS,False,False,False,0,64220,64762757065.0,7,BID,LONG,0.5
IBIT,2026-06-05 17:40:49.560425+00:00,PUT,32.0,2026-06-12,139269,3571,7188,2571,34.5699,REPEATEDHITS,False,False,False,0,139269,64762757065.0,7,BID,LONG,0.5
IBIT,2026-06-05 17:08:27.704281+00:00,CALL,35.0,2026-06-12,50000,500,5370,303,34.7,REPEATEDHITS,True,False,False,26500,23500,64762757065.0,7,ASK,LONG,1.0
IBIT,2026-06-05 14:44:01.849784+00:00,CALL,38.0,2026-11-30,66160,189,189,37,34.49,REPEATEDHITS,False,False,False,0,66160,64762757065.0,178,BID,SHORT,0.5
IBIT,2026-06-05 14:29:56.653546+00:00,CALL,38.0,2027-03-19,393900,780,791,106,34.19,REPEATEDHITS,False,False,False,295425,15150,64762757065.0,287,ASK,LONG,1.0
IBIT,2026-06-05 14:14:22.762225+00:00,CALL,34.0,2026-06-18,340118,1966,2394,1291,34.45,REPEATEDHITS,False,False,False,340118,0,64762757065.0,13,ASK,LONG,1.0
IBIT,2026-06-05 14:10:16.980297+00:00,CALL,51.0,2027-03-19,78280,380,491,235,34.6,REPEATEDHITS,False,False,False,6180,72100,64762757065.0,287,BID,SHORT,0.5
IBIT,2026-06-05 14:08:40.765491+00:00,PUT,30.0,2026-06-30,183315,3333,6814,3309,34.5298,REPEATEDHITS,False,False,False,183315,0,64762757065.0,25,ASK,SHORT,1.0
IBIT,2026-06-05 14:05:15.303501+00:00,CALL,34.0,2026-06-12,100500,750,919,83,34.315,REPEATEDHITS,False,False,False,100500,0,64762757065.0,7,ASK,LONG,1.0
IBIT,2026-06-04 18:40:58.354317+00:00,CALL,36.5,2026-06-05,61154,1949,17500,243,36.195,REPEATEDHITSASCENDINGFILL,True,False,False,0,61154,64762757065.0,1,BID,SHORT,0.5
IBIT,2026-06-04 18:39:02.406575+00:00,CALL,36.5,2026-06-05,52734,1551,14800,243,36.23,REPEATEDHITS,True,False,False,3944,29682,64762757065.0,1,BID,SHORT,0.5
IBM,2026-06-10 18:49:57.749047+00:00,CALL,275.0,2026-06-26,287008,280,285,106,274.18,REPEATEDHITSASCENDINGFILL,False,False,False,0,287008,260808766347.0,16,BID,SHORT,0.5
IBM,2026-06-10 15:20:46.726040+00:00,CALL,277.5,2026-06-18,115460,149,164,53,275.71,REPEATEDHITSASCENDINGFILL,True,False,False,72170,43290,260808766347.0,8,ASK,LONG,1.0
IBM,2026-06-09 18:50:09.812600+00:00,PUT,277.5,2026-06-18,110825,137,168,111,278.16,REPEATEDHITSDESCENDINGFILL,True,False,False,1635,105140,260808766347.0,9,BID,LONG,0.5
IBM,2026-06-08 19:52:16.952484+00:00,PUT,295.0,2026-08-21,206160,62,91,47,279.66,REPEATEDHITSASCENDINGFILL,True,False,False,80010,126150,260808766347.0,74,BID,LONG,0.5
IBM,2026-06-08 17:13:16.247962+00:00,CALL,430.0,2028-06-16,154802,43,43,6,280.49,REPEATEDHITS,True,False,False,0,154802,260808766347.0,739,BID,SHORT,0.5
IBM,2026-06-08 17:13:16.247962+00:00,CALL,440.0,2028-06-16,1758723,512,512,0,280.49,REPEATEDHITS,True,False,False,0,1758723,260808766347.0,739,BID,SHORT,0.5
IBM,2026-06-08 16:13:03.468200+00:00,CALL,282.5,2026-06-18,87295,97,232,14,281.8,REPEATEDHITS,False,False,False,87295,0,260808766347.0,10,ASK,LONG,1.0
IBM,2026-06-08 13:50:15.662658+00:00,CALL,282.5,2026-06-18,96970,90,92,14,284.51,REPEATEDHITSASCENDINGFILL,True,False,False,17275,79695,260808766347.0,10,BID,SHORT,0.5
IBM,2026-06-05 18:53:55.081669+00:00,CALL,295.0,2026-06-12,74943,208,428,83,282.533,REPEATEDHITSASCENDINGFILL,False,False,False,58250,16693,260808766347.0,7,ASK,LONG,1.0
IBM,2026-06-05 18:35:32.807329+00:00,PUT,275.0,2026-06-12,229035,580,732,159,283.065,REPEATEDHITSDESCENDINGFILL,False,False,False,207320,1570,260808766347.0,7,ASK,SHORT,1.0
IBM,2026-06-05 18:27:23.966846+00:00,PUT,282.5,2026-06-05,88010,1000,2296,444,283.17,REPEATEDHITSDESCENDINGFILL,False,False,False,450,87560,260808766347.0,0,BID,LONG,0.5
IBM,2026-06-05 14:03:54.959933+00:00,PUT,292.5,2026-06-18,93750,75,79,71,289.61,REPEATEDHITS,True,False,False,0,93750,260808766347.0,13,BID,LONG,0.5
IBM,2026-06-04 17:24:04.090036+00:00,PUT,290.0,2026-07-02,225785,212,225,46,300.82,REPEATEDHITS,False,False,False,0,224715,260808766347.0,28,BID,LONG,0.5
IBM,2026-06-04 17:24:04.090036+00:00,PUT,305.0,2026-07-02,191930,105,107,12,300.82,REPEATEDHITSASCENDINGFILL,True,False,False,102300,89630,260808766347.0,28,ASK,SHORT,1.0
IBM,2026-06-04 17:01:37.445141+00:00,PUT,305.0,2026-08-21,703890,237,239,87,302.78,REPEATEDHITS,False,False,False,0,703890,260808766347.0,78,BID,LONG,0.5
IBM,2026-06-04 16:39:21.544058+00:00,CALL,302.5,2026-06-12,61232,65,107,25,301.75,REPEATEDHITSASCENDINGFILL,True,False,False,53545,7687,260808766347.0,8,ASK,LONG,1.0
IBM,2026-06-04 16:32:02.370912+00:00,CALL,305.0,2026-08-21,899951,318,380,241,301.5001,REPEATEDHITSASCENDINGFILL,False,False,False,0,899951,260808766347.0,78,BID,SHORT,0.5
IBM,2026-06-04 16:10:29.213632+00:00,PUT,310.0,2026-08-21,545862,173,188,124,305.7,REPEATEDHITSASCENDINGFILL,True,False,False,0,545862,260808766347.0,78,BID,LONG,0.5
IBM,2026-06-04 15:31:52.001764+00:00,PUT,285.0,2026-06-12,59133,251,291,136,306.65,REPEATEDHITSASCENDINGFILL,True,False,False,708,53490,260808766347.0,8,BID,LONG,0.5
IBM,2026-06-03 17:59:11.612186+00:00,CALL,307.5,2026-06-12,96380,79,285,37,308.15,REPEATEDHITS,False,False,False,96380,0,260808766347.0,9,ASK,LONG,1.0
IBM,2026-06-03 17:50:06.889026+00:00,PUT,345.0,2026-08-21,601068,111,129,3,309.05,REPEATEDHITS,False,False,False,0,601068,260808766347.0,79,BID,LONG,0.5
IBM,2026-06-03 17:50:06.086282+00:00,PUT,345.0,2026-08-21,98285,18,18,3,308.91,REPEATEDHITSDESCENDINGFILL,True,False,False,60145,38140,260808766347.0,79,ASK,SHORT,1.0
IBM,2026-06-03 17:25:23.857537+00:00,CALL,307.5,2026-06-12,68100,60,203,37,306.03,REPEATEDHITS,False,False,False,0,68100,260808766347.0,9,BID,SHORT,0.5
IBM,2026-06-03 13:57:17.677627+00:00,PUT,317.5,2026-06-12,80200,40,43,13,304.84,REPEATEDHITS,False,False,False,0,80200,260808766347.0,9,BID,LONG,0.5
IBM,2026-06-03 13:49:19.777373+00:00,CALL,310.0,2026-06-12,2290920,2246,2559,531,305.63,REPEATEDHITS,False,False,False,2290920,0,260808766347.0,9,ASK,LONG,1.0
IBM,2026-06-03 13:48:32.748181+00:00,CALL,322.5,2026-06-18,321924,370,374,51,306.0951,REPEATEDHITS,False,False,False,1740,320184,260808766347.0,15,BID,SHORT,0.5
IBM,2026-06-02 19:56:56.812841+00:00,CALL,460.0,2026-11-20,190780,106,200,50,331.82,REPEATEDHITS,True,False,False,7200,183580,260808766347.0,171,BID,SHORT,0.5
IBM,2026-06-02 19:55:12.634472+00:00,PUT,350.0,2027-01-15,883340,144,175,7,332.15,REPEATEDHITSDESCENDINGFILL,False,False,False,270160,613180,260808766347.0,227,BID,LONG,0.5
IBM,2026-06-02 18:40:59.161562+00:00,CALL,425.0,2026-11-20,111500,50,82,3,329.16,REPEATEDHITS,False,False,False,73590,37910,260808766347.0,171,ASK,LONG,1.0
IBM,2026-06-02 18:34:06.501973+00:00,PUT,325.0,2026-07-02,90750,50,108,2,328.87,REPEATEDHITS,False,False,False,0,90750,260808766347.0,30,BID,LONG,0.5
IBM,2026-06-02 18:30:57.872116+00:00,PUT,330.0,2026-07-17,576255,229,340,103,327.545,REPEATEDHITSDESCENDINGFILL,False,False,False,20160,556095,260808766347.0,45,BID,LONG,0.5
IBM,2026-06-02 18:19:07.158397+00:00,CALL,480.0,2028-01-21,86840,20,150,0,326.25,REPEATEDHITSDESCENDINGFILL,False,False,False,78280,8560,260808766347.0,598,ASK,LONG,1.0
IBM,2026-06-02 18:17:14.985830+00:00,PUT,312.5,2026-06-18,306390,333,338,6,325.305,REPEATEDHITSASCENDINGFILL,False,False,False,137110,168360,260808766347.0,16,BID,LONG,0.5
IBM,2026-06-02 17:56:37.201839+00:00,PUT,345.0,2026-07-17,563510,161,189,56,326.95,REPEATEDHITS,False,False,False,0,563510,260808766347.0,45,BID,LONG,0.5
IBM,2026-06-02 17:29:14.636481+00:00,CALL,480.0,2028-01-21,177125,41,130,0,325.61,REPEATEDHITSDESCENDINGFILL,False,False,False,0,177125,260808766347.0,598,BID,SHORT,0.5
IBM,2026-06-02 17:29:14.636481+00:00,CALL,480.0,2028-01-21,384550,89,89,0,325.61,REPEATEDHITSDESCENDINGFILL,False,False,False,380225,4325,260808766347.0,598,ASK,LONG,1.0
IBM,2026-06-02 17:08:33.114180+00:00,PUT,320.0,2026-09-18,228545,68,78,49,325.15,REPEATEDHITSASCENDINGFILL,True,False,False,6720,221825,260808766347.0,108,BID,LONG,0.5
IBM,2026-06-02 15:54:36.412746+00:00,CALL,410.0,2026-07-17,73076,116,133,50,323.145,REPEATEDHITS,True,False,False,0,73076,260808766347.0,45,BID,SHORT,0.5
IBM,2026-06-02 15:40:28.560780+00:00,PUT,315.0,2026-08-21,143090,49,64,35,322.26,REPEATEDHITS,False,False,False,32120,78850,260808766347.0,80,BID,LONG,0.5
IBM,2026-06-02 15:33:21.179488+00:00,CALL,430.0,2026-11-20,136260,69,73,7,323.205,REPEATEDHITSDESCENDINGFILL,False,False,False,136260,0,260808766347.0,171,ASK,LONG,1.0
IBM,2026-06-02 15:33:21.179488+00:00,CALL,480.0,2026-12-18,645928,425,437,0,323.205,REPEATEDHITSDESCENDINGFILL,False,False,False,638353,7575,260808766347.0,199,ASK,LONG,1.0
IBM,2026-06-02 15:29:15.374885+00:00,PUT,305.0,2026-07-17,282690,185,222,137,321.95,REPEATEDHITSASCENDINGFILL,False,False,False,18360,60840,260808766347.0,45,BID,LONG,0.5
IBM,2026-06-02 15:09:17.153897+00:00,CALL,410.0,2027-03-19,63138,20,103,4,319.055,REPEATEDHITSASCENDINGFILL,False,False,False,47385,15753,260808766347.0,290,ASK,LONG,1.0
IBM,2026-06-02 15:08:40.439440+00:00,CALL,410.0,2027-03-19,124065,39,39,4,319.56,REPEATEDHITS,True,False,False,76440,47625,260808766347.0,290,ASK,LONG,1.0
IBM,2026-06-02 14:14:19.677822+00:00,PUT,275.0,2026-08-21,300900,236,237,63,322.61,REPEATEDHITS,False,False,False,156825,137700,260808766347.0,80,ASK,SHORT,1.0
IBM,2026-06-02 14:10:18.968923+00:00,CALL,490.0,2027-01-15,647182,391,396,0,318.47,REPEATEDHITSASCENDINGFILL,False,False,False,1670,645512,260808766347.0,227,BID,SHORT,0.5
IBM,2026-06-02 13:57:58.591348+00:00,CALL,352.5,2026-06-18,63450,85,85,65,315.2,REPEATEDHITSASCENDINGFILL,True,False,False,15025,48425,260808766347.0,16,BID,SHORT,0.5
IBM,2026-06-02 13:47:55.565527+00:00,PUT,320.0,2026-07-17,1057020,474,474,112,326.83,REPEATEDHITS,False,False,False,834020,0,260808766347.0,45,ASK,SHORT,1.0
IBM,2026-06-02 13:46:11.084456+00:00,PUT,300.0,2026-06-12,1190485,2378,2433,484,325.78,REPEATEDHITSASCENDINGFILL,False,False,False,149985,1040500,260808766347.0,10,BID,LONG,0.5
IBM,2026-06-01 19:55:37.984196+00:00,CALL,330.0,2026-06-05,542113,718,6598,636,318.157,REPEATEDHITSDESCENDINGFILL,False,False,False,542113,0,260808766347.0,4,ASK,LONG,1.0
INTC,2026-06-10 17:46:25.913212+00:00,PUT,97.5,2027-12-17,429212,145,155,33,106.14,REPEATEDHITSDESCENDINGFILL,False,False,False,0,429212,542405920000.0,555,BID,LONG,0.5
INTC,2026-06-09 18:30:25.958226+00:00,PUT,60.0,2027-06-17,364640,504,507,1,106.35,REPEATEDHITSASCENDINGFILL,False,False,False,17760,346880,542405920000.0,373,BID,LONG,0.5
INTC,2026-06-08 16:00:47.517968+00:00,CALL,111.0,2026-06-18,472342,670,1570,643,111.51,REPEATEDHITS,False,False,False,406777,35250,542405920000.0,10,ASK,LONG,1.0
INTC,2026-06-08 15:41:03.232771+00:00,CALL,112.0,2026-06-26,726621,870,937,249,111.66,REPEATEDHITSASCENDINGFILL,True,False,False,5070,721551,542405920000.0,18,BID,SHORT,0.5
INTC,2026-06-08 14:10:31.131352+00:00,CALL,109.0,2026-06-12,909548,1915,5770,1587,108.475,REPEATEDHITSDESCENDINGFILL,False,False,False,909548,0,542405920000.0,4,ASK,LONG,1.0
INTC,2026-06-08 13:51:36.598743+00:00,CALL,120.0,2026-07-10,531200,759,904,167,108.87,REPEATEDHITSASCENDINGFILL,False,False,False,531200,0,542405920000.0,32,ASK,LONG,1.0
INTC,2026-06-08 13:30:07.058563+00:00,CALL,133.0,2026-06-18,50739,420,437,311,110.898,REPEATEDHITSDESCENDINGFILL,False,False,False,24111,26628,542405920000.0,10,BID,SHORT,0.5
INTC,2026-06-05 19:57:29.865108+00:00,PUT,95.0,2026-07-24,110140,113,140,0,99.0399,REPEATEDHITSASCENDINGFILL,True,False,False,65535,44605,542405920000.0,49,ASK,SHORT,1.0
INTC,2026-06-05 17:52:39.614662+00:00,PUT,95.0,2026-11-20,1328005,800,813,724,102.345,REPEATEDHITSDESCENDINGFILL,False,False,False,4995,1323010,542405920000.0,168,BID,LONG,0.5
INTC,2026-06-05 17:06:54.547131+00:00,CALL,130.0,2026-07-02,460000,2000,4634,768,102.09,REPEATEDHITS,False,False,False,0,460000,542405920000.0,27,BID,SHORT,0.5
INTC,2026-06-05 16:43:22.648638+00:00,CALL,120.0,2026-07-02,1469270,3971,20918,641,101.945,REPEATEDHITS,False,False,False,0,1469270,542405920000.0,27,BID,SHORT,0.5
INTC,2026-06-05 16:43:05.815289+00:00,CALL,130.0,2026-07-02,429180,1866,2624,768,101.95,REPEATEDHITS,False,False,False,0,429180,542405920000.0,27,BID,SHORT,0.5
INTC,2026-06-05 16:42:36.965762+00:00,CALL,102.0,2026-06-05,106000,1000,2739,341,102.03,REPEATEDHITS,False,False,False,106000,0,542405920000.0,0,ASK,LONG,1.0
INTC,2026-06-05 16:37:29.465351+00:00,CALL,120.0,2026-07-02,745500,1988,16917,641,102.15,REPEATEDHITS,False,False,False,0,745500,542405920000.0,27,BID,SHORT,0.5
INTC,2026-06-05 15:43:10.893673+00:00,CALL,104.0,2026-06-12,230000,500,1197,104,103.65,REPEATEDHITS,False,False,False,230000,0,542405920000.0,7,ASK,LONG,1.0
INTC,2026-06-04 16:02:42.783511+00:00,PUT,111.0,2026-06-26,103800,120,290,117,110.43,REPEATEDHITS,False,False,False,0,103800,542405920000.0,22,BID,LONG,0.5
INTC,2026-06-04 16:02:28.950636+00:00,CALL,124.0,2026-06-26,125902,300,369,297,110.4,REPEATEDHITSDESCENDINGFILL,False,False,False,113362,8390,542405920000.0,22,ASK,LONG,1.0
INTC,2026-06-04 14:13:58.291007+00:00,CALL,109.0,2026-06-12,728000,1300,1385,388,109.31,REPEATEDHITS,True,False,False,0,728000,542405920000.0,8,BID,SHORT,0.5
INTC,2026-06-03 18:07:28.173145+00:00,PUT,97.5,2028-01-21,112800,40,162,38,112.37,REPEATEDHITS,True,False,False,84600,28200,542405920000.0,597,ASK,SHORT,1.0
INTC,2026-06-03 13:44:51.585394+00:00,PUT,95.0,2026-06-12,365200,4682,5648,1529,115.2346,REPEATEDHITS,True,False,False,0,363172,542405920000.0,9,BID,LONG,0.5
INTC,2026-06-03 13:36:43.178778+00:00,PUT,124.0,2026-06-18,100114,71,73,55,114.795,REPEATEDHITSDESCENDINGFILL,True,False,False,8460,91654,542405920000.0,15,BID,LONG,0.5
INTC,2026-06-03 13:36:13.256224+00:00,CALL,180.0,2026-06-26,452491,5142,5142,382,115.17,REPEATEDHITS,False,False,False,111408,307907,542405920000.0,23,BID,SHORT,0.5
INTC,2026-06-02 14:47:08.793464+00:00,CALL,115.0,2026-07-02,464375,600,620,90,108.01,REPEATEDHITSDESCENDINGFILL,False,False,False,96250,275125,542405920000.0,30,BID,SHORT,0.5
INTC,2026-06-01 14:57:54.309185+00:00,CALL,112.0,2026-06-12,136937,200,1703,112,111.19,REPEATEDHITS,False,False,False,112277,24660,542405920000.0,11,ASK,LONG,1.0
INTC,2026-06-01 14:35:05.482610+00:00,PUT,80.0,2026-09-18,4926880,8798,10128,8343,110.36,REPEATEDHITS,False,False,False,4926880,0,542405920000.0,109,ASK,SHORT,1.0
INTC,2026-06-01 14:11:03.762609+00:00,CALL,108.0,2026-06-18,494696,600,645,214,107.842,REPEATEDHITSDESCENDINGFILL,False,False,False,435296,0,542405920000.0,17,ASK,LONG,1.0
INTC,2026-05-29 19:29:59.205272+00:00,CALL,119.0,2026-05-29,127560,3189,17053,2081,118.5801,REPEATEDHITS,False,False,False,127240,320,542405920000.0,0,ASK,LONG,1.0
INTC,2026-05-29 17:10:38.866832+00:00,PUT,108.0,2026-06-05,224525,1283,1754,856,118.19,REPEATEDHITS,False,False,False,41300,17325,542405920000.0,7,ASK,SHORT,1.0
INTC,2026-05-29 13:39:52.683400+00:00,PUT,125.0,2026-05-29,179760,840,1414,644,124.6,REPEATEDHITS,False,False,False,179760,0,542405920000.0,0,ASK,SHORT,1.0
INTC,2026-05-28 14:04:38.735702+00:00,PUT,80.0,2026-06-26,200885,3787,5026,824,116.63,REPEATEDHITSDESCENDINGFILL,True,False,False,179299,5315,542405920000.0,29,ASK,SHORT,1.0
INTC,2026-05-27 16:27:17.184528+00:00,CALL,125.0,2026-11-20,3729600,1480,1522,1099,119.07,REPEATEDHITS,True,False,False,151200,1098720,542405920000.0,177,BID,SHORT,0.5
INTC,2026-05-27 13:43:30.854829+00:00,PUT,98.0,2026-06-05,255004,3000,3002,372,118.979,REPEATEDHITSDESCENDINGFILL,False,False,False,344,0,542405920000.0,9,ASK,SHORT,1.0
INTC,2026-05-26 19:51:21.970806+00:00,CALL,120.0,2026-07-02,441040,298,733,48,123.23,REPEATEDHITS,False,False,False,97680,297480,542405920000.0,37,BID,SHORT,0.5
INTC,2026-05-26 19:12:43.255877+00:00,CALL,126.0,2026-06-05,1382422,2248,3548,291,122.58,REPEATEDHITSASCENDINGFILL,True,False,False,1260652,0,542405920000.0,10,ASK,LONG,1.0
INTC,2026-05-26 16:11:48.376778+00:00,CALL,175.0,2026-08-21,381150,495,510,299,121.59,REPEATEDHITS,False,False,False,381150,0,542405920000.0,87,ASK,LONG,1.0
INTC,2026-05-26 16:08:36.497116+00:00,CALL,185.0,2026-08-21,444426,700,712,251,121.54,REPEATEDHITSASCENDINGFILL,False,False,False,444426,0,542405920000.0,87,ASK,LONG,1.0
INTC,2026-05-26 15:28:07.009265+00:00,PUT,120.0,2026-07-17,5921647,4403,4636,1257,122.74,REPEATEDHITSASCENDINGFILL,False,False,False,5827712,56275,542405920000.0,52,ASK,SHORT,1.0
INTC,2026-05-26 14:37:57.155024+00:00,PUT,95.0,2026-09-18,2310493,2767,2776,1215,123.37,REPEATEDHITSASCENDINGFILL,False,False,False,0,2310493,542405920000.0,115,BID,LONG,0.5
INTC,2026-05-26 13:30:09.125413+00:00,CALL,135.0,2026-12-18,2893408,1111,1111,677,122.14,REPEATEDHITSDESCENDINGFILL,True,False,False,2089618,803790,542405920000.0,206,ASK,LONG,1.0
INTC,2026-05-22 16:36:28.650947+00:00,PUT,121.0,2026-05-22,120879,999,5013,574,120.32,REPEATEDHITS,False,False,False,0,120879,542405920000.0,0,BID,LONG,0.5
INTC,2026-05-22 14:31:23.279210+00:00,CALL,127.0,2026-06-05,122761,203,336,170,121.74,REPEATEDHITS,False,False,False,88881,33880,542405920000.0,14,ASK,LONG,1.0
INTC,2026-05-21 18:35:08.735584+00:00,PUT,101.0,2026-05-29,198940,2842,3481,410,118.77,REPEATEDHITS,False,False,False,198940,0,542405920000.0,8,ASK,SHORT,1.0
INTC,2026-05-21 14:36:50.167120+00:00,CALL,115.0,2026-05-29,1759537,3087,5485,2365,115.07,REPEATEDHITSDESCENDINGFILL,False,False,False,1759537,0,542405920000.0,8,ASK,LONG,1.0
INTC,2026-05-20 19:34:22.597477+00:00,PUT,111.0,2026-05-22,135001,1000,6195,910,118.42,REPEATEDHITSDESCENDINGFILL,True,False,False,0,135001,542405920000.0,2,BID,LONG,0.5
INTC,2026-05-20 17:13:50.163932+00:00,PUT,102.0,2026-05-29,160000,1000,2292,430,116.76,REPEATEDHITS,False,False,False,0,160000,542405920000.0,9,BID,LONG,0.5
INTC,2026-05-20 14:51:11.245163+00:00,PUT,118.0,2026-05-29,307840,416,1893,125,116.9355,REPEATEDHITS,True,False,False,307840,0,542405920000.0,9,ASK,SHORT,1.0
INTC,2026-05-20 14:43:33.075173+00:00,PUT,118.0,2026-06-05,347620,382,2278,231,117.94,REPEATEDHITS,True,False,False,0,347620,542405920000.0,16,BID,LONG,0.5
INTC,2026-05-20 14:23:00.349587+00:00,PUT,118.0,2026-05-29,390380,596,1252,125,119.39,REPEATEDHITS,True,False,False,390380,0,542405920000.0,9,ASK,SHORT,1.0
INTC,2026-05-20 14:20:31.950478+00:00,PUT,118.0,2026-06-05,287240,334,1172,231,119.49,REPEATEDHITS,True,False,False,144480,63640,542405920000.0,16,ASK,SHORT,1.0
INTC,2026-05-20 14:15:59.758355+00:00,PUT,118.0,2026-06-05,482220,564,640,231,119.5315,REPEATEDHITS,True,False,False,158175,165015,542405920000.0,16,BID,LONG,0.5
IONQ,2026-06-10 18:34:09.091273+00:00,CALL,57.0,2026-06-26,39240,72,85,43,57.7,REPEATEDHITS,True,False,False,0,39240,21160673352.0,16,BID,SHORT,0.5
IONQ,2026-06-10 13:51:26.546955+00:00,CALL,80.0,2027-03-19,435868,269,495,221,60.205,REPEATEDHITS,True,False,False,81000,354868,21160673352.0,282,BID,SHORT,0.5
IONQ,2026-06-09 18:56:25.624430+00:00,PUT,55.0,2026-08-21,583295,603,3453,540,56.62,REPEATEDHITSDESCENDINGFILL,True,False,False,505430,77865,21160673352.0,73,ASK,SHORT,1.0
IONQ,2026-06-09 18:56:05.152287+00:00,PUT,55.0,2026-08-21,545945,569,2249,540,56.665,REPEATEDHITSDESCENDINGFILL,True,False,False,480955,61150,21160673352.0,73,ASK,SHORT,1.0
IONQ,2026-06-09 18:55:49.333884+00:00,PUT,55.0,2026-08-21,543990,570,1082,540,56.69,REPEATEDHITSDESCENDINGFILL,False,False,False,543990,0,21160673352.0,73,ASK,SHORT,1.0
IONQ,2026-06-09 17:29:57.196039+00:00,CALL,58.0,2026-07-24,16920,22,95,12,56.25,REPEATEDHITSDESCENDINGFILL,False,False,False,3075,11535,21160673352.0,45,BID,SHORT,0.5
IONQ,2026-06-09 17:07:43.682274+00:00,PUT,49.5,2026-06-12,24072,300,815,56,55.16,REPEATEDHITSASCENDINGFILL,False,False,False,4960,15512,21160673352.0,3,BID,LONG,0.5
IONQ,2026-06-08 17:49:56.389616+00:00,CALL,110.0,2026-08-21,28381,101,111,2,63.7,REPEATEDHITS,False,False,False,28381,0,21160673352.0,74,ASK,LONG,1.0
IONQ,2026-06-08 13:53:55.824657+00:00,CALL,66.0,2026-06-18,13183,45,303,39,61.75,REPEATEDHITSASCENDINGFILL,False,False,False,13183,0,21160673352.0,10,ASK,LONG,1.0
IONQ,2026-06-08 13:53:50.818395+00:00,CALL,66.0,2026-06-18,38996,133,258,39,61.73,REPEATEDHITSDESCENDINGFILL,False,False,False,26207,12789,21160673352.0,10,ASK,LONG,1.0
IONQ,2026-06-05 18:55:49.379498+00:00,PUT,52.0,2026-06-12,79936,500,1646,157,56.4,REPEATEDHITSDESCENDINGFILL,True,False,False,71136,8800,21160673352.0,7,ASK,SHORT,1.0
IONQ,2026-06-05 18:51:04.775143+00:00,PUT,52.0,2026-06-12,75240,456,1146,157,56.24,REPEATEDHITS,True,False,False,0,75240,21160673352.0,7,BID,LONG,0.5
IONQ,2026-06-05 18:43:17.381706+00:00,CALL,72.0,2026-06-18,61698,791,988,218,56.165,REPEATEDHITS,False,False,False,0,56472,21160673352.0,13,BID,SHORT,0.5
IONQ,2026-06-05 18:32:20.879808+00:00,CALL,57.0,2026-06-05,12375,275,497,196,56.73,REPEATEDHITS,False,False,False,0,12375,21160673352.0,0,BID,SHORT,0.5
IONQ,2026-06-05 17:48:47.864234+00:00,CALL,56.0,2026-07-24,27000,30,30,0,57.33,REPEATEDHITS,False,False,False,16200,10800,21160673352.0,49,ASK,LONG,1.0
IONQ,2026-06-05 16:00:41.151598+00:00,CALL,58.0,2026-07-02,70375,102,112,1,58.93,REPEATEDHITS,False,False,False,28285,42090,21160673352.0,27,BID,SHORT,0.5
IONQ,2026-06-04 19:32:14.714188+00:00,CALL,140.0,2027-01-15,20420,23,52,5,66.05,REPEATEDHITSDESCENDINGFILL,False,False,False,15995,4425,21160673352.0,225,ASK,LONG,1.0
IONQ,2026-06-04 19:32:14.714188+00:00,CALL,135.0,2027-01-15,17520,19,21,6,66.05,REPEATEDHITSDESCENDINGFILL,False,False,False,12995,4525,21160673352.0,225,ASK,LONG,1.0
IONQ,2026-06-04 17:34:38.925287+00:00,PUT,66.0,2026-06-05,85175,451,1151,442,66.66,REPEATEDHITSDESCENDINGFILL,True,False,False,45311,930,21160673352.0,1,ASK,SHORT,1.0
IONQ,2026-06-04 16:33:17.884229+00:00,CALL,130.0,2026-08-21,122786,472,500,2,66.47,REPEATEDHITSASCENDINGFILL,False,False,False,0,122786,21160673352.0,78,BID,SHORT,0.5
IONQ,2026-06-04 14:24:05.757483+00:00,CALL,67.0,2026-06-18,78300,135,155,28,67.19,REPEATEDHITS,False,False,False,23200,55100,21160673352.0,14,BID,SHORT,0.5
IONQ,2026-06-04 13:39:26.862904+00:00,CALL,130.0,2027-03-19,10080,8,8,0,67.5,REPEATEDHITS,False,False,False,2520,3780,21160673352.0,288,BID,SHORT,0.5
IONQ,2026-06-03 17:55:29.111741+00:00,PUT,30.0,2027-03-19,11160,31,119,27,68.01,REPEATEDHITS,False,False,False,720,0,21160673352.0,289,ASK,SHORT,1.0
IONQ,2026-06-03 17:55:18.897571+00:00,PUT,30.0,2027-03-19,17520,48,68,27,68.09,REPEATEDHITS,False,False,False,2555,0,21160673352.0,289,ASK,SHORT,1.0
IONQ,2026-06-03 17:51:19.996793+00:00,PUT,53.0,2026-06-12,26082,621,624,250,67.85,REPEATEDHITS,False,False,False,26082,0,21160673352.0,9,ASK,SHORT,1.0
IONQ,2026-06-02 13:55:50.849315+00:00,PUT,56.0,2026-06-12,64961,915,916,659,70.8,REPEATEDHITS,False,False,False,64681,0,21160673352.0,10,ASK,SHORT,1.0
IONQ,2026-06-01 18:01:08.628938+00:00,PUT,71.0,2026-06-18,12965,18,39,0,70.38,REPEATEDHITS,True,False,False,0,12240,21160673352.0,17,BID,LONG,0.5
IONQ,2026-06-01 17:54:19.543132+00:00,CALL,91.0,2026-06-12,16830,165,165,2,70.005,REPEATEDHITS,False,False,False,0,16830,21160673352.0,11,BID,SHORT,0.5
IONQ,2026-06-01 17:51:23.111626+00:00,CALL,79.0,2026-06-12,20720,70,73,3,70.14,REPEATEDHITS,True,False,False,0,20720,21160673352.0,11,BID,SHORT,0.5
IONQ,2026-06-01 16:32:02.721711+00:00,PUT,78.0,2026-06-18,10890,9,9,0,70.13,REPEATEDHITS,True,False,False,1210,9680,21160673352.0,17,BID,LONG,0.5
IONQ,2026-06-01 16:13:33.603074+00:00,CALL,76.0,2026-06-05,76000,380,2847,355,70.084,REPEATEDHITS,True,False,False,22800,53200,21160673352.0,4,BID,SHORT,0.5
IONQ,2026-06-01 15:32:38.916986+00:00,CALL,90.0,2026-06-26,11439,33,67,2,71.8,REPEATEDHITSASCENDINGFILL,False,False,False,11439,0,21160673352.0,25,ASK,LONG,1.0
IONQ,2026-06-01 15:03:02.302001+00:00,CALL,81.0,2026-06-05,25114,160,232,25,71.86,REPEATEDHITSDESCENDINGFILL,True,False,False,24650,152,21160673352.0,4,ASK,LONG,1.0
IONQ,2026-06-01 14:53:06.066363+00:00,PUT,40.0,2027-03-19,103204,154,154,38,71.465,REPEATEDHITSASCENDINGFILL,True,False,False,5380,75714,21160673352.0,291,BID,LONG,0.5
IONQ,2026-05-29 16:22:03.453953+00:00,CALL,100.0,2026-08-21,140910,231,308,0,69.44,REPEATEDHITS,True,False,False,27450,0,21160673352.0,84,ASK,LONG,1.0
IONQ,2026-05-29 16:08:00.402134+00:00,CALL,77.0,2026-06-05,24631,140,165,136,69.82,REPEATEDHITS,True,False,False,24631,0,21160673352.0,7,ASK,LONG,1.0
IONQ,2026-05-29 15:59:31.408248+00:00,CALL,105.0,2026-11-20,272155,252,252,0,69.14,REPEATEDHITS,True,False,False,271080,1075,21160673352.0,175,ASK,LONG,1.0
IONQ,2026-05-29 15:59:31.408248+00:00,CALL,100.0,2026-11-20,22349,19,23,0,69.165,REPEATEDHITSASCENDINGFILL,True,False,False,14175,8174,21160673352.0,175,ASK,LONG,1.0
IONQ,2026-05-29 14:54:21.598986+00:00,CALL,69.0,2026-06-18,10320,16,115,0,68.325,REPEATEDHITS,True,False,False,0,10320,21160673352.0,20,BID,SHORT,0.5
IONQ,2026-05-29 14:49:19.250642+00:00,CALL,90.0,2026-06-05,21648,656,659,0,67.44,REPEATEDHITS,False,False,False,924,20724,21160673352.0,7,BID,SHORT,0.5
IONQ,2026-05-28 19:47:49.860439+00:00,CALL,90.0,2026-07-17,165550,301,1493,18,70.4,REPEATEDHITS,False,False,False,550,165000,21160673352.0,50,BID,SHORT,0.5
IONQ,2026-05-28 19:16:20.132194+00:00,CALL,73.0,2026-06-12,40376,85,129,56,69.39,REPEATEDHITS,True,False,False,0,40376,21160673352.0,15,BID,SHORT,0.5
IONQ,2026-05-28 17:44:54.899368+00:00,PUT,73.0,2026-06-12,16435,19,19,0,68.78,REPEATEDHITS,True,False,False,0,12110,21160673352.0,15,BID,LONG,0.5
IONQ,2026-05-28 17:38:55.780026+00:00,PUT,72.0,2026-05-29,40075,100,217,25,68.54,REPEATEDHITS,False,False,False,0,34000,21160673352.0,1,BID,LONG,0.5
IONQ,2026-05-28 17:13:13.645296+00:00,CALL,84.0,2026-06-05,47405,499,505,7,68.75,REPEATEDHITS,False,False,False,0,47405,21160673352.0,8,BID,SHORT,0.5
IONQ,2026-05-28 16:53:55.835118+00:00,CALL,76.0,2026-05-29,13112,298,1410,27,69.8199,REPEATEDHITS,True,False,False,0,13112,21160673352.0,1,BID,SHORT,0.5
IONQ,2026-05-28 16:11:41.600248+00:00,PUT,75.0,2026-05-29,10600,20,61,0,70.4,REPEATEDHITS,False,False,False,4770,4240,21160673352.0,1,ASK,SHORT,1.0
IONQ,2026-05-28 16:01:35.617816+00:00,CALL,76.0,2026-05-29,40102,500,591,27,71.35,REPEATEDHITSDESCENDINGFILL,False,False,False,40102,0,21160673352.0,1,ASK,LONG,1.0
IONQ,2026-05-28 15:34:41.782098+00:00,CALL,90.0,2026-07-17,12880,23,851,18,70.09,REPEATEDHITS,False,False,False,12880,0,21160673352.0,50,ASK,LONG,1.0
IONQ,2026-05-28 15:13:11.024006+00:00,PUT,63.0,2026-05-29,14664,611,699,241,69.8,REPEATEDHITS,False,False,False,0,14664,21160673352.0,1,BID,LONG,0.5
IRDM,2026-06-10 17:38:48.536182+00:00,CALL,45.0,2027-12-17,95000,50,51,0,46.82,REPEATEDHITS,True,False,False,95000,0,4768321254.0,555,ASK,LONG,1.0
IRDM,2026-06-09 16:20:01.757138+00:00,CALL,60.0,2026-07-17,62370,567,576,393,43.84,REPEATEDHITS,False,False,False,0,62370,4768321254.0,38,BID,SHORT,0.5
IRDM,2026-06-05 14:30:07.066142+00:00,PUT,50.0,2026-06-18,477840,1086,1485,280,48.29,REPEATEDHITS,True,False,False,15840,0,4768321254.0,13,ASK,SHORT,1.0
IRDM,2026-06-05 14:28:46.915891+00:00,PUT,45.0,2026-06-18,662025,4143,4186,938,48.81,REPEATEDHITSASCENDINGFILL,True,False,False,661705,320,4768321254.0,13,ASK,SHORT,1.0
IRDM,2026-06-02 15:33:41.207836+00:00,PUT,50.0,2026-06-18,49780,131,132,108,49.7324,REPEATEDHITS,False,False,False,0,47880,4768321254.0,16,BID,LONG,0.5
IRDM,2026-05-29 19:00:56.917638+00:00,CALL,60.0,2026-06-18,53635,429,484,373,51.16,REPEATEDHITS,False,False,False,0,53635,4768321254.0,20,BID,SHORT,0.5
IRDM,2026-05-28 16:50:25.127022+00:00,CALL,70.0,2026-07-17,41120,274,342,2,51.13,REPEATEDHITSASCENDINGFILL,False,False,False,0,41120,4768321254.0,50,BID,SHORT,0.5
IRDM,2026-05-28 15:28:10.867201+00:00,CALL,70.0,2026-07-17,10880,68,68,2,51.57,REPEATEDHITS,False,False,False,0,10880,4768321254.0,50,BID,SHORT,0.5
IRDM,2026-05-27 18:33:35.811358+00:00,CALL,55.0,2026-07-17,190166,388,440,133,51.23,REPEATEDHITSASCENDINGFILL,False,False,False,1482,188684,4768321254.0,51,BID,SHORT,0.5
IRDM,2026-05-27 17:28:53.393945+00:00,PUT,25.0,2027-01-15,11380,91,93,9,51.7,REPEATEDHITSASCENDINGFILL,False,False,False,0,11380,4768321254.0,233,BID,LONG,0.5
IRDM,2026-05-14 17:29:33.598969+00:00,PUT,40.0,2026-06-18,43028,205,1914,133,43.11,REPEATEDHITSDESCENDINGFILL,False,False,False,42608,0,4768321254.0,35,ASK,SHORT,1.0
KRE,2026-06-10 18:50:50.687802+00:00,PUT,70.0,2026-06-12,16256,1016,1508,886,71.55,REPEATEDHITS,False,False,False,16256,0,71.287365,2,ASK,SHORT,1.0
KRE,2026-06-10 18:10:31.282151+00:00,CALL,74.0,2026-07-17,261320,1880,2016,355,71.795,REPEATEDHITS,True,False,False,261320,0,71.287365,37,ASK,LONG,1.0
KRE,2026-06-10 18:06:21.545464+00:00,PUT,71.0,2026-06-12,61504,1922,3110,774,71.79,REPEATEDHITS,False,False,False,0,61504,71.287365,2,BID,LONG,0.5
KRE,2026-06-10 17:08:28.235911+00:00,PUT,70.5,2026-06-12,29790,1655,2597,706,72.075,REPEATEDHITS,False,False,False,90,26946,71.287365,2,BID,LONG,0.5
KRE,2026-06-10 16:36:27.660970+00:00,PUT,68.0,2026-07-17,94067,863,963,451,71.98,REPEATEDHITS,False,False,False,0,94067,71.287365,37,BID,LONG,0.5
KRE,2026-06-10 14:10:02.934030+00:00,PUT,71.0,2026-08-21,30740,106,132,20,72.33,REPEATEDHITS,False,False,False,30740,0,71.287365,72,ASK,SHORT,1.0
KRE,2026-06-10 14:08:51.572217+00:00,CALL,69.0,2026-07-17,166737,371,371,89,72.35,REPEATEDHITSDESCENDINGFILL,False,False,False,156502,10235,71.287365,37,ASK,LONG,1.0
KRE,2026-06-10 13:55:39.539830+00:00,PUT,71.0,2026-06-12,28148,908,908,774,72.135,REPEATEDHITS,False,False,False,0,28148,71.287365,2,BID,LONG,0.5
KRE,2026-06-10 13:39:40.344365+00:00,PUT,69.5,2026-06-12,18864,1179,1224,1090,71.55,REPEATEDHITS,False,False,False,0,18864,71.287365,2,BID,LONG,0.5
KRE,2026-06-09 19:45:05.123634+00:00,CALL,66.0,2026-07-17,12980,22,47,10,71.235,REPEATEDHITS,True,False,False,0,12980,71.287365,38,BID,SHORT,0.5
KRE,2026-06-09 19:41:21.021738+00:00,PUT,72.5,2026-06-18,27885,143,197,43,71.2,REPEATEDHITS,False,False,False,27885,0,71.287365,9,ASK,SHORT,1.0
KRE,2026-06-09 17:58:44.499875+00:00,CALL,80.0,2026-07-17,29780,1489,1493,447,71.295,REPEATEDHITS,True,False,False,0,29780,71.287365,38,BID,SHORT,0.5
KRE,2026-06-09 17:24:39.586861+00:00,PUT,69.0,2026-07-17,226256,1432,1761,372,71.16,REPEATEDHITS,False,False,False,0,226256,71.287365,38,BID,LONG,0.5
KRE,2026-06-09 16:17:43.456162+00:00,CALL,72.5,2026-06-12,46314,1494,1707,232,70.94,REPEATEDHITS,False,False,False,0,46314,71.287365,3,BID,SHORT,0.5
KRE,2026-06-09 14:37:36.406158+00:00,CALL,72.5,2026-07-02,10922,70,70,0,71.93,REPEATEDHITS,True,False,False,0,10922,71.287365,23,BID,SHORT,0.5
KRE,2026-06-09 14:16:04.797956+00:00,CALL,72.5,2026-07-10,19111,97,98,2,72.235,REPEATEDHITS,True,False,False,0,19111,71.287365,31,BID,SHORT,0.5
KRE,2026-06-09 13:55:56.777685+00:00,CALL,62.0,2026-07-17,334400,320,325,5,72.2,REPEATEDHITS,False,False,False,334400,0,71.287365,38,ASK,LONG,1.0
KRE,2026-06-09 13:41:16.917334+00:00,PUT,72.0,2026-07-17,30840,120,283,15,72.12,REPEATEDHITS,True,False,False,30840,0,71.287365,38,ASK,SHORT,1.0
KRE,2026-06-09 13:41:12.311766+00:00,PUT,72.0,2026-07-17,36895,144,153,15,72.11,REPEATEDHITSDESCENDINGFILL,True,False,False,18535,18360,71.287365,38,ASK,SHORT,1.0
KRE,2026-06-08 13:41:17.350926+00:00,PUT,71.5,2026-06-12,80115,544,544,60,70.62,REPEATEDHITSASCENDINGFILL,True,False,False,39619,40496,71.287365,4,BID,LONG,0.5
KRE,2026-06-05 19:35:08.595263+00:00,PUT,70.0,2026-07-24,30590,115,155,0,70.315,REPEATEDHITS,False,False,False,30590,0,71.287365,49,ASK,SHORT,1.0
KRE,2026-06-05 19:00:47.636922+00:00,PUT,70.5,2026-06-26,13869,69,69,0,70.32,REPEATEDHITS,True,False,False,12864,1005,71.287365,21,ASK,SHORT,1.0
KRE,2026-06-05 16:28:51.388473+00:00,PUT,70.0,2026-06-05,11000,1000,1042,393,70.16,REPEATEDHITS,True,False,False,6270,2827,71.287365,0,ASK,SHORT,1.0
KRE,2026-06-05 14:28:19.672190+00:00,CALL,70.0,2026-06-05,28107,1041,1206,970,70.015,REPEATEDHITS,False,False,False,0,28107,71.287365,0,BID,SHORT,0.5
KRE,2026-06-04 19:47:43.887610+00:00,CALL,71.0,2026-06-05,12000,1000,1114,695,70.02,REPEATEDHITS,False,False,False,12000,0,71.287365,1,ASK,LONG,1.0
KRE,2026-06-04 19:10:48.698250+00:00,PUT,71.0,2026-06-12,18421,109,250,25,69.825,REPEATEDHITS,False,False,False,0,18421,71.287365,8,BID,LONG,0.5
KRE,2026-06-04 19:10:43.090761+00:00,PUT,71.0,2026-06-12,15717,93,141,25,69.815,REPEATEDHITS,True,False,False,0,15717,71.287365,8,BID,LONG,0.5
KRE,2026-06-04 16:08:23.033074+00:00,PUT,69.0,2026-06-05,11632,727,734,595,69.78,REPEATEDHITS,False,False,False,0,10896,71.287365,1,BID,LONG,0.5
KRE,2026-06-04 14:47:49.005686+00:00,CALL,64.5,2026-06-18,58325,108,108,54,69.63,REPEATEDHITS,True,False,False,545,57780,71.287365,14,BID,SHORT,0.5
KRE,2026-06-04 14:18:00.644977+00:00,CALL,70.5,2026-06-05,17641,767,774,644,69.755,REPEATEDHITS,False,False,False,0,17319,71.287365,1,BID,SHORT,0.5
KRE,2026-06-03 18:53:27.453155+00:00,PUT,69.5,2026-06-12,43788,267,568,44,68.395,REPEATEDHITS,False,False,False,43788,0,71.287365,9,ASK,SHORT,1.0
KRE,2026-06-03 18:43:50.935482+00:00,CALL,67.0,2026-07-17,26560,83,83,17,68.455,REPEATEDHITS,False,False,False,26560,0,71.287365,44,ASK,LONG,1.0
KRE,2026-06-03 15:38:46.827486+00:00,PUT,66.0,2026-07-17,198590,1273,1958,358,68.18,REPEATEDHITSDESCENDINGFILL,False,False,False,47736,150854,71.287365,44,BID,LONG,0.5
KRE,2026-06-03 15:38:34.005631+00:00,PUT,66.0,2026-07-17,80105,507,509,358,68.15,REPEATEDHITS,False,False,False,43291,36814,71.287365,44,ASK,SHORT,1.0
KRE,2026-06-03 15:38:06.957258+00:00,PUT,66.5,2026-06-18,18817,251,251,164,68.13,REPEATEDHITSDESCENDINGFILL,True,False,False,18523,146,71.287365,15,ASK,SHORT,1.0
KRE,2026-06-03 14:57:26.401265+00:00,PUT,63.0,2026-08-21,10736,71,71,22,68.26,REPEATEDHITSDESCENDINGFILL,True,False,False,6386,4350,71.287365,79,ASK,SHORT,1.0
KRE,2026-06-03 14:28:30.064988+00:00,PUT,64.0,2026-07-17,343376,3692,3740,2816,68.595,REPEATEDHITSASCENDINGFILL,False,False,False,3368,340008,71.287365,44,BID,LONG,0.5
KRE,2026-06-02 19:49:36.104230+00:00,CALL,71.0,2026-06-12,12095,205,208,34,69.585,REPEATEDHITS,False,False,False,0,295,71.287365,10,BID,SHORT,0.5
KRE,2026-06-02 19:07:31.812257+00:00,PUT,74.0,2026-07-17,23100,42,42,0,69.49,REPEATEDHITS,True,False,False,23100,0,71.287365,45,ASK,SHORT,1.0
KRE,2026-06-02 19:01:03.931543+00:00,CALL,71.5,2026-06-05,11250,750,1369,588,69.54,REPEATEDHITS,True,False,False,11250,0,71.287365,3,ASK,LONG,1.0
KRE,2026-06-01 19:54:39.268548+00:00,PUT,58.0,2026-09-18,97512,956,958,258,68.3,REPEATEDHITS,False,False,False,97512,0,71.287365,109,ASK,SHORT,1.0
KRE,2026-06-01 19:04:27.018818+00:00,PUT,67.5,2026-06-05,45570,1085,1306,135,68.29,REPEATEDHITS,False,False,False,43134,0,71.287365,4,ASK,SHORT,1.0
KRE,2026-06-01 18:55:57.125185+00:00,CALL,69.5,2026-06-18,16401,161,178,160,68.325,REPEATEDHITSASCENDINGFILL,False,False,False,13035,3366,71.287365,17,ASK,LONG,1.0
KRE,2026-06-01 18:32:17.662984+00:00,CALL,65.0,2026-06-05,24850,70,71,39,68.445,REPEATEDHITS,True,False,False,0,24850,71.287365,4,BID,SHORT,0.5
KRE,2026-06-01 17:30:01.670341+00:00,PUT,72.0,2026-06-12,10730,29,29,0,68.41,REPEATEDHITS,False,False,False,0,10730,71.287365,11,BID,LONG,0.5
KRE,2026-06-01 16:27:15.112190+00:00,CALL,69.0,2026-08-21,82655,271,273,174,68.215,REPEATEDHITS,False,False,False,0,82655,71.287365,81,BID,SHORT,0.5
KRE,2026-05-29 16:52:47.006982+00:00,PUT,58.0,2026-08-21,140692,2558,2558,2,69.745,REPEATEDHITS,False,False,False,55,140637,71.287365,84,BID,LONG,0.5
KRE,2026-05-29 15:50:11.618861+00:00,CALL,67.0,2026-08-21,56700,108,128,52,69.805,REPEATEDHITS,True,False,False,0,56700,71.287365,84,BID,SHORT,0.5
KRE,2026-05-29 14:45:05.981111+00:00,CALL,71.5,2026-06-05,17753,573,574,28,69.82,REPEATEDHITSDESCENDINGFILL,True,False,False,17567,186,71.287365,7,ASK,LONG,1.0
KRE,2026-05-28 19:21:21.645301+00:00,CALL,76.0,2026-08-21,57190,465,545,58,69.535,REPEATEDHITS,False,False,False,57190,0,71.287365,85,ASK,LONG,1.0
KTOS,2026-06-08 15:18:23.861335+00:00,PUT,52.5,2026-08-21,185130,363,363,111,58.99,REPEATEDHITS,False,False,False,185130,0,10536747901.0,74,ASK,SHORT,1.0
KTOS,2026-06-08 14:07:31.621075+00:00,CALL,61.0,2026-06-18,65095,277,471,49,59.44,REPEATEDHITS,False,False,False,58985,0,10536747901.0,10,ASK,LONG,1.0
KTOS,2026-06-08 13:51:05.747917+00:00,CALL,61.0,2026-06-18,36600,183,194,49,58.52,REPEATEDHITS,True,False,False,0,36600,10536747901.0,10,BID,SHORT,0.5
KTOS,2026-06-05 18:59:07.863090+00:00,CALL,72.5,2026-07-17,61380,361,364,65,57.79,REPEATEDHITSASCENDINGFILL,False,False,False,0,61380,10536747901.0,42,BID,SHORT,0.5
KTOS,2026-06-05 18:18:49.655715+00:00,PUT,61.0,2026-07-24,14220,18,18,0,58.06,REPEATEDHITS,True,False,False,14220,0,10536747901.0,49,ASK,SHORT,1.0
KTOS,2026-06-04 18:31:03.036458+00:00,CALL,90.0,2026-07-17,12245,100,141,28,63.34,REPEATEDHITS,False,False,False,10375,0,10536747901.0,43,ASK,LONG,1.0
KTOS,2026-06-04 15:52:07.678831+00:00,CALL,82.5,2026-08-21,144386,361,370,167,61.94,REPEATEDHITSDESCENDINGFILL,False,False,False,127186,0,10536747901.0,78,ASK,LONG,1.0
KTOS,2026-06-04 14:08:02.693028+00:00,CALL,70.0,2026-06-12,27904,349,355,217,61.78,REPEATEDHITSDESCENDINGFILL,False,False,False,26864,0,10536747901.0,8,ASK,LONG,1.0
KTOS,2026-06-04 14:07:52.061416+00:00,CALL,67.5,2026-06-18,30784,154,157,87,61.95,REPEATEDHITS,False,False,False,30784,0,10536747901.0,14,ASK,LONG,1.0
KTOS,2026-06-03 15:48:26.840413+00:00,CALL,85.0,2026-07-17,112807,1128,1167,85,59.0,REPEATEDHITS,False,False,False,0,106107,10536747901.0,44,BID,SHORT,0.5
KTOS,2026-06-02 14:34:10.876075+00:00,CALL,74.0,2026-07-10,14785,51,115,0,62.245,REPEATEDHITS,True,False,False,12175,2610,10536747901.0,38,ASK,LONG,1.0
KTOS,2026-06-01 15:17:39.183170+00:00,CALL,75.0,2026-06-05,16815,1121,1128,110,63.56,REPEATEDHITS,False,False,False,0,16815,10536747901.0,4,BID,SHORT,0.5
KTOS,2026-05-29 19:51:23.594743+00:00,CALL,62.0,2026-05-29,66000,400,3168,291,63.68,REPEATEDHITS,False,False,False,0,66000,10536747901.0,0,BID,SHORT,0.5
KTOS,2026-05-29 14:21:52.607534+00:00,PUT,56.0,2026-06-05,335195,3352,3368,107,60.35,REPEATEDHITS,True,False,False,195,335000,10536747901.0,7,BID,LONG,0.5
KTOS,2026-05-29 14:18:54.050027+00:00,CALL,62.0,2026-05-29,27500,500,1037,291,60.86,REPEATEDHITS,False,False,False,0,27500,10536747901.0,0,BID,SHORT,0.5
KTOS,2026-05-29 13:32:45.628831+00:00,CALL,110.0,2027-01-15,180223,269,1677,228,65.55,REPEATEDHITS,False,False,False,180223,0,10536747901.0,231,ASK,LONG,1.0
KTOS,2026-05-29 13:32:39.014954+00:00,CALL,110.0,2027-01-15,200640,304,1408,228,65.575,REPEATEDHITS,False,False,False,0,145200,10536747901.0,231,BID,SHORT,0.5
KTOS,2026-05-29 13:32:34.807260+00:00,CALL,110.0,2027-01-15,153120,232,1104,228,65.585,REPEATEDHITS,False,False,False,0,103620,10536747901.0,231,BID,SHORT,0.5
KTOS,2026-05-29 13:32:19.964387+00:00,CALL,110.0,2027-01-15,277120,433,433,228,64.54,REPEATEDHITS,False,False,False,0,32000,10536747901.0,231,BID,SHORT,0.5
KTOS,2026-05-28 19:42:55.331593+00:00,CALL,63.0,2026-06-12,58000,100,554,65,65.765,REPEATEDHITS,True,False,False,0,58000,10536747901.0,15,BID,SHORT,0.5
KTOS,2026-05-28 18:08:28.691850+00:00,CALL,130.0,2027-12-17,36300,30,30,10,66.2,REPEATEDHITS,True,False,False,33880,2420,10536747901.0,568,ASK,LONG,1.0
KTOS,2026-05-28 17:52:37.155091+00:00,PUT,60.0,2026-06-05,13100,131,207,22,65.61,REPEATEDHITS,False,False,False,0,13100,10536747901.0,8,BID,LONG,0.5
KTOS,2026-05-28 15:23:47.369817+00:00,CALL,70.0,2026-06-05,19980,100,591,56,66.5199,REPEATEDHITS,True,False,False,19980,0,10536747901.0,8,ASK,LONG,1.0
KTOS,2026-05-27 14:26:03.136494+00:00,CALL,77.5,2026-08-21,119089,441,443,130,56.48,REPEATEDHITSASCENDINGFILL,False,False,False,0,119089,10536747901.0,86,BID,SHORT,0.5
KTOS,2026-05-26 14:44:24.624739+00:00,CALL,64.0,2026-06-05,23375,187,203,47,59.15,REPEATEDHITS,False,False,False,23375,0,10536747901.0,10,ASK,LONG,1.0
KTOS,2026-05-26 14:44:16.207241+00:00,CALL,75.0,2026-07-17,128390,694,819,45,59.11,REPEATEDHITS,False,False,False,128205,0,10536747901.0,52,ASK,LONG,1.0
KTOS,2026-05-26 14:21:46.889102+00:00,CALL,65.0,2026-08-21,189079,305,347,296,58.245,REPEATEDHITSDESCENDINGFILL,False,False,False,189079,0,10536747901.0,87,ASK,LONG,1.0
KTOS,2026-05-26 13:53:56.949916+00:00,PUT,56.0,2026-05-29,10625,85,107,26,56.93,REPEATEDHITS,False,False,False,8125,2500,10536747901.0,3,ASK,SHORT,1.0
KTOS,2026-05-22 15:07:49.970722+00:00,PUT,51.0,2026-05-29,73205,1331,1355,42,54.51,REPEATEDHITS,True,False,False,330,72765,10536747901.0,7,BID,LONG,0.5
KTOS,2026-05-19 14:09:43.793262+00:00,PUT,40.0,2027-01-15,284610,537,538,412,53.5916,REPEATEDHITS,False,False,False,284610,0,10536747901.0,241,ASK,SHORT,1.0
KTOS,2026-05-18 19:59:47.061845+00:00,CALL,55.0,2026-07-17,20650,35,74,5,54.24,REPEATEDHITS,False,False,False,17700,2950,10536747901.0,60,ASK,LONG,1.0
KTOS,2026-05-18 15:48:15.533757+00:00,PUT,50.0,2026-05-22,41262,750,869,312,53.21,REPEATEDHITSDESCENDINGFILL,False,False,False,0,41262,10536747901.0,4,BID,LONG,0.5
KTOS,2026-05-18 15:44:17.212675+00:00,PUT,42.5,2026-11-20,20670,39,139,8,53.05,REPEATEDHITS,False,False,False,8480,12190,10536747901.0,186,BID,LONG,0.5
KTOS,2026-05-18 14:51:29.186520+00:00,PUT,37.5,2026-11-20,18550,53,98,10,53.39,REPEATEDHITS,False,False,False,12250,6300,10536747901.0,186,ASK,SHORT,1.0
KTOS,2026-05-18 14:37:06.722533+00:00,PUT,37.5,2026-11-20,15480,43,45,10,53.1,REPEATEDHITS,False,False,False,15480,0,10536747901.0,186,ASK,SHORT,1.0
KTOS,2026-05-18 13:46:18.144458+00:00,CALL,57.0,2026-05-22,27720,396,553,70,53.33,REPEATEDHITS,False,False,False,27720,0,10536747901.0,4,ASK,LONG,1.0
KTOS,2026-05-15 17:44:47.889233+00:00,CALL,55.0,2026-05-22,18791,200,847,64,51.95,REPEATEDHITSDESCENDINGFILL,False,False,False,18791,0,10536747901.0,7,ASK,LONG,1.0
KTOS,2026-05-15 16:52:44.967371+00:00,CALL,55.0,2026-05-22,25345,300,344,64,51.8,REPEATEDHITSASCENDINGFILL,False,False,False,25345,0,10536747901.0,7,ASK,LONG,1.0
KTOS,2026-05-14 18:32:06.408349+00:00,PUT,51.0,2026-05-22,42636,600,643,27,55.32,REPEATEDHITSASCENDINGFILL,False,False,False,0,42636,10536747901.0,8,BID,LONG,0.5
KTOS,2026-05-14 16:56:37.482466+00:00,PUT,42.5,2026-08-21,143630,542,547,123,55.4,REPEATEDHITS,False,False,False,84270,0,10536747901.0,99,ASK,SHORT,1.0
KTOS,2026-05-14 14:59:57.349491+00:00,PUT,37.5,2028-01-21,10920,14,14,10,55.49,REPEATEDHITS,False,False,False,2340,8580,10536747901.0,617,BID,LONG,0.5
KTOS,2026-05-14 14:28:34.979822+00:00,CALL,75.0,2026-08-21,637155,2124,2138,341,54.74,REPEATEDHITSDESCENDINGFILL,False,False,False,637155,0,10536747901.0,99,ASK,LONG,1.0
KTOS,2026-05-13 18:03:12.685855+00:00,CALL,60.0,2026-11-20,197334,225,264,128,52.36,REPEATEDHITS,False,False,False,180994,16340,10536747901.0,191,ASK,LONG,1.0
KTOS,2026-05-13 15:02:45.717052+00:00,PUT,45.0,2026-06-18,44318,286,310,225,52.23,REPEATEDHITSDESCENDINGFILL,False,False,False,38738,0,10536747901.0,36,ASK,SHORT,1.0
KTOS,2026-05-13 14:52:37.311987+00:00,PUT,52.5,2026-06-18,45000,100,111,1,52.41,REPEATEDHITS,False,False,False,45000,0,10536747901.0,36,ASK,SHORT,1.0
KTOS,2026-05-13 14:42:33.977177+00:00,PUT,40.0,2026-08-21,37200,155,170,42,52.43,REPEATEDHITS,False,False,False,37200,0,10536747901.0,100,ASK,SHORT,1.0
KTOS,2026-05-13 13:37:45.299624+00:00,PUT,53.0,2026-05-15,14725,129,132,105,53.84,REPEATEDHITSASCENDINGFILL,True,False,False,9815,310,10536747901.0,2,ASK,SHORT,1.0
KTOS,2026-05-13 13:31:34.830142+00:00,CALL,57.5,2026-06-18,30000,75,75,6,55.6,REPEATEDHITS,False,False,False,0,30000,10536747901.0,36,BID,SHORT,0.5
KTOS,2026-05-12 17:21:19.074210+00:00,PUT,37.5,2027-12-17,50370,69,92,44,55.8,REPEATEDHITS,False,False,False,0,50370,10536747901.0,584,BID,LONG,0.5
KTOS,2026-05-12 16:16:48.156299+00:00,CALL,85.0,2026-11-20,1233914,2742,2743,56,55.99,REPEATEDHITSASCENDINGFILL,False,False,False,0,1233914,10536747901.0,192,BID,SHORT,0.5
LCID,2026-06-10 18:46:59.310005+00:00,CALL,4.5,2026-06-26,54230,986,990,7,4.825,REPEATEDHITS,True,False,False,19800,165,2009822561.0,16,ASK,LONG,1.0
LCID,2026-06-05 15:59:34.823448+00:00,CALL,5.5,2026-06-18,35112,1463,3402,117,5.2175,REPEATEDHITS,False,False,False,35112,0,2009822561.0,13,ASK,LONG,1.0
LCID,2026-06-05 15:28:29.144505+00:00,CALL,5.5,2026-06-18,10446,500,696,117,5.145,REPEATEDHITSDESCENDINGFILL,False,False,False,9366,1080,2009822561.0,13,ASK,LONG,1.0
LCID,2026-06-03 13:45:17.858909+00:00,CALL,6.0,2026-06-26,11750,250,510,176,5.875,REPEATEDHITS,False,False,False,0,0,2009822561.0,23,MIXED,,0.0
LCID,2026-06-02 15:50:20.657409+00:00,CALL,7.5,2026-06-05,19405,3881,5805,3005,6.645,REPEATEDHITS,False,False,False,0,19405,2009822561.0,3,BID,SHORT,0.5
LCID,2026-05-20 15:03:59.493937+00:00,CALL,6.5,2026-05-29,10000,1250,1902,936,5.695,REPEATEDHITS,False,False,False,10000,0,2009822561.0,9,ASK,LONG,1.0
LCID,2026-05-12 17:24:27.793831+00:00,CALL,6.0,2026-05-22,60295,1945,1982,629,6.005,REPEATEDHITS,False,False,False,31,60264,2009822561.0,10,BID,SHORT,0.5
LULU,2026-06-10 14:48:15.763803+00:00,PUT,129.0,2026-06-12,136000,200,201,12,122.52,REPEATEDHITS,False,False,False,0,136000,13160030462.0,2,BID,LONG,0.5
LULU,2026-06-10 13:53:06.510752+00:00,PUT,116.0,2026-06-26,116640,540,540,3,122.1,REPEATEDHITS,False,False,False,0,116640,13160030462.0,16,BID,LONG,0.5
LULU,2026-06-09 15:55:02.727743+00:00,CALL,115.0,2026-07-24,92635,95,100,12,118.71,REPEATEDHITS,True,False,False,0,92635,13160030462.0,45,BID,SHORT,0.5
LULU,2026-06-09 15:41:11.858142+00:00,CALL,129.0,2026-06-12,27632,1727,1818,120,118.19,REPEATEDHITS,False,False,False,0,27632,13160030462.0,3,BID,SHORT,0.5
LULU,2026-06-09 15:10:29.142327+00:00,PUT,119.0,2026-06-12,41452,205,241,175,119.69,REPEATEDHITSDESCENDINGFILL,True,False,False,1254,40198,13160030462.0,3,BID,LONG,0.5
LULU,2026-06-09 14:15:02.863464+00:00,PUT,131.0,2026-06-12,75615,71,496,21,120.51,REPEATEDHITS,False,False,False,75615,0,13160030462.0,3,ASK,SHORT,1.0
LULU,2026-06-09 14:15:02.863464+00:00,PUT,131.0,2026-06-12,351450,330,826,21,120.56,REPEATEDHITS,False,False,False,151230,200220,13160030462.0,3,BID,LONG,0.5
LULU,2026-06-09 13:49:13.558114+00:00,PUT,131.0,2026-06-12,193987,185,300,21,120.8,REPEATEDHITSASCENDINGFILL,True,False,False,71137,0,13160030462.0,3,ASK,SHORT,1.0
LULU,2026-06-08 17:35:06.353291+00:00,CALL,122.0,2026-06-12,16380,273,798,72,115.27,REPEATEDHITS,False,False,False,3600,12780,13160030462.0,4,BID,SHORT,0.5
LULU,2026-06-05 19:59:38.701896+00:00,PUT,109.0,2026-06-12,20706,203,516,46,114.31,REPEATEDHITS,False,False,False,20604,0,13160030462.0,7,ASK,SHORT,1.0
LULU,2026-06-05 19:59:38.701896+00:00,PUT,111.0,2026-06-12,26233,165,373,143,114.31,REPEATEDHITS,False,False,False,26076,157,13160030462.0,7,ASK,SHORT,1.0
LULU,2026-06-05 18:59:45.331519+00:00,CALL,131.0,2026-06-18,36637,779,1369,128,114.53,REPEATEDHITSASCENDINGFILL,False,False,False,208,36429,13160030462.0,13,BID,SHORT,0.5
LULU,2026-06-05 18:29:53.644348+00:00,CALL,117.0,2026-06-12,18889,92,431,12,114.645,REPEATEDHITSASCENDINGFILL,False,False,False,4715,10894,13160030462.0,7,BID,SHORT,0.5
LULU,2026-06-05 18:22:20.848750+00:00,CALL,114.0,2026-06-18,57322,126,219,1,114.69,REPEATEDHITS,True,False,False,57322,0,13160030462.0,13,ASK,LONG,1.0
LULU,2026-06-05 18:22:20.848750+00:00,CALL,113.0,2026-06-18,52949,106,108,1,114.69,REPEATEDHITSDESCENDINGFILL,True,False,False,52949,0,13160030462.0,13,ASK,LONG,1.0
LULU,2026-06-05 17:49:02.683160+00:00,CALL,117.0,2026-06-12,11150,50,327,12,115.44,REPEATEDHITS,False,False,False,0,11150,13160030462.0,7,BID,SHORT,0.5
LULU,2026-06-05 16:24:52.411314+00:00,CALL,115.0,2026-06-05,12190,230,4446,178,113.725,REPEATEDHITS,False,False,False,12190,0,13160030462.0,0,ASK,LONG,1.0
LULU,2026-06-05 16:19:02.605327+00:00,CALL,113.0,2026-06-12,53130,154,477,2,113.76,REPEATEDHITS,False,False,False,36915,16215,13160030462.0,7,ASK,LONG,1.0
LULU,2026-06-05 15:46:37.838153+00:00,CALL,113.0,2026-06-05,18477,148,551,15,113.3101,REPEATEDHITSDESCENDINGFILL,True,False,False,18229,248,13160030462.0,0,ASK,LONG,1.0
LULU,2026-06-05 15:39:15.011151+00:00,CALL,131.0,2026-06-18,27654,553,571,128,113.77,REPEATEDHITS,False,False,False,3700,23750,13160030462.0,13,BID,SHORT,0.5
LULU,2026-06-05 14:55:57.007884+00:00,CALL,116.0,2026-06-05,32773,220,2520,145,116.275,REPEATEDHITS,True,False,False,1043,31730,13160030462.0,0,BID,SHORT,0.5
LULU,2026-06-05 14:22:48.515642+00:00,CALL,117.0,2026-06-12,27662,94,197,12,116.1,REPEATEDHITSDESCENDINGFILL,True,False,False,23827,3835,13160030462.0,7,ASK,LONG,1.0
LULU,2026-06-05 14:12:20.880257+00:00,CALL,125.0,2026-07-10,18015,55,90,14,114.87,REPEATEDHITSASCENDINGFILL,True,False,False,7590,10425,13160030462.0,35,BID,SHORT,0.5
LULU,2026-06-05 13:57:27.977715+00:00,CALL,114.0,2026-06-05,16548,84,494,4,114.81,REPEATEDHITS,False,False,False,0,16548,13160030462.0,0,BID,SHORT,0.5
LULU,2026-06-05 13:54:18.068655+00:00,CALL,116.0,2026-06-05,16287,147,994,145,114.73,REPEATEDHITSASCENDINGFILL,False,False,False,5469,10128,13160030462.0,0,BID,SHORT,0.5
LULU,2026-06-05 13:52:07.417154+00:00,CALL,116.0,2026-06-05,29416,185,694,145,115.54,REPEATEDHITSDESCENDINGFILL,True,False,False,21346,6156,13160030462.0,0,ASK,LONG,1.0
LULU,2026-06-05 13:42:49.163707+00:00,CALL,110.0,2026-07-17,601000,601,2800,54,114.33,REPEATEDHITS,False,False,False,0,601000,13160030462.0,42,BID,SHORT,0.5
LULU,2026-06-05 13:41:55.443560+00:00,CALL,114.0,2026-06-05,16542,73,308,4,115.0,REPEATEDHITSDESCENDINGFILL,True,False,False,230,16312,13160030462.0,0,BID,SHORT,0.5
LULU,2026-06-05 13:41:31.314395+00:00,CALL,125.0,2026-07-24,58490,117,129,2,115.13,REPEATEDHITS,False,False,False,58490,0,13160030462.0,49,ASK,LONG,1.0
LULU,2026-06-05 13:36:31.344009+00:00,PUT,113.0,2026-06-12,59000,200,212,93,113.86,REPEATEDHITS,False,False,False,0,59000,13160030462.0,7,BID,LONG,0.5
LULU,2026-06-05 13:35:24.183495+00:00,CALL,113.0,2026-06-12,28400,71,113,2,113.645,REPEATEDHITS,False,False,False,28400,0,13160030462.0,7,ASK,LONG,1.0
LULU,2026-06-05 13:35:18.369964+00:00,CALL,114.0,2026-06-05,15186,73,142,4,113.68,REPEATEDHITS,True,False,False,0,15186,13160030462.0,0,BID,SHORT,0.5
LULU,2026-06-05 13:35:18.369964+00:00,CALL,113.0,2026-06-05,13138,51,201,15,113.7,REPEATEDHITSDESCENDINGFILL,True,False,False,255,12883,13160030462.0,0,BID,SHORT,0.5
LULU,2026-06-05 13:33:42.768402+00:00,CALL,108.0,2026-06-18,22768,30,112,1,113.108,REPEATEDHITSASCENDINGFILL,True,False,False,14408,7600,13160030462.0,13,ASK,LONG,1.0
LULU,2026-06-05 13:33:42.768402+00:00,CALL,108.0,2026-06-18,20635,27,35,1,113.18,REPEATEDHITS,False,False,False,19125,1510,13160030462.0,13,ASK,LONG,1.0
LULU,2026-06-05 13:30:09.353268+00:00,CALL,110.0,2026-07-17,849043,1000,1000,54,110.44,REPEATEDHITSASCENDINGFILL,False,False,False,849043,0,13160030462.0,42,ASK,LONG,1.0
LULU,2026-06-04 19:54:04.833906+00:00,CALL,165.0,2026-06-05,13110,410,1093,257,124.2575,REPEATEDHITSDESCENDINGFILL,False,False,False,12510,600,13160030462.0,1,ASK,LONG,1.0
LULU,2026-06-04 19:05:17.424163+00:00,CALL,132.0,2026-06-05,114076,374,676,266,124.79,REPEATEDHITSASCENDINGFILL,False,False,False,1220,108586,13160030462.0,1,BID,SHORT,0.5
LULU,2026-06-04 13:54:42.636660+00:00,CALL,123.0,2026-06-05,31450,37,37,8,127.7,REPEATEDHITS,True,False,False,31450,0,13160030462.0,1,ASK,LONG,1.0
LULU,2026-06-02 19:08:18.461349+00:00,CALL,124.0,2026-06-18,33675,36,38,28,126.97,REPEATEDHITSASCENDINGFILL,False,False,False,3755,29920,13160030462.0,16,BID,SHORT,0.5
LULU,2026-06-02 17:08:39.321881+00:00,PUT,110.0,2026-06-26,52884,234,246,101,127.16,REPEATEDHITS,False,False,False,52884,0,13160030462.0,24,ASK,SHORT,1.0
LULU,2026-06-02 15:17:00.663138+00:00,PUT,90.0,2026-12-18,279680,608,608,106,128.535,REPEATEDHITS,False,False,False,279680,0,13160030462.0,199,ASK,SHORT,1.0
LULU,2026-06-02 15:12:27.646173+00:00,PUT,126.0,2026-06-18,41155,61,62,56,128.87,REPEATEDHITSASCENDINGFILL,False,False,False,39825,1330,13160030462.0,16,ASK,SHORT,1.0
LULU,2026-06-02 14:55:06.175054+00:00,PUT,145.0,2027-03-19,46800,15,15,11,130.03,REPEATEDHITS,False,False,False,24960,21840,13160030462.0,290,ASK,SHORT,1.0
LULU,2026-06-02 13:38:42.019952+00:00,PUT,118.0,2026-06-12,91794,306,307,8,128.6272,REPEATEDHITS,False,False,False,91794,0,13160030462.0,10,ASK,SHORT,1.0
LULU,2026-06-01 17:30:03.093624+00:00,PUT,138.0,2026-06-12,102467,99,99,17,132.895,REPEATEDHITSDESCENDINGFILL,False,False,False,0,102467,13160030462.0,11,BID,LONG,0.5
LULU,2026-06-01 17:12:35.513007+00:00,CALL,150.0,2026-06-26,105340,313,327,167,132.335,REPEATEDHITS,True,False,False,70360,34980,13160030462.0,25,ASK,LONG,1.0
LULU,2026-06-01 17:12:35.513007+00:00,CALL,150.0,2026-07-02,41498,112,116,41,132.335,REPEATEDHITSASCENDINGFILL,False,False,False,770,40728,13160030462.0,31,BID,SHORT,0.5
LULU,2026-05-29 16:23:12.578858+00:00,CALL,117.0,2026-06-12,24320,14,14,0,132.12,REPEATEDHITSASCENDINGFILL,True,False,False,20840,3480,13160030462.0,14,ASK,LONG,1.0
LULU,2026-05-29 15:04:55.369251+00:00,CALL,190.0,2026-07-17,33720,483,510,437,130.65,REPEATEDHITSDESCENDINGFILL,False,False,False,5860,910,13160030462.0,49,ASK,LONG,1.0
LUNR,2026-06-10 18:55:01.032696+00:00,CALL,31.5,2026-06-18,35549,312,320,39,26.94,REPEATEDHITSDESCENDINGFILL,True,False,False,0,35549,4407624928.0,8,BID,SHORT,0.5
LUNR,2026-06-10 18:55:01.032696+00:00,CALL,30.5,2026-06-18,20227,149,170,87,26.9301,REPEATEDHITSDESCENDINGFILL,True,False,False,1350,18606,4407624928.0,8,BID,SHORT,0.5
LUNR,2026-06-09 17:04:56.890187+00:00,PUT,25.5,2026-06-12,22552,206,306,102,26.66,REPEATEDHITSDESCENDINGFILL,True,False,False,112,22440,4407624928.0,3,BID,LONG,0.5
LUNR,2026-06-09 16:59:44.517230+00:00,PUT,12.0,2026-09-18,102528,1602,1606,213,26.35,REPEATEDHITS,False,False,False,102528,0,4407624928.0,101,ASK,SHORT,1.0
LUNR,2026-06-09 16:09:12.794633+00:00,CALL,36.0,2026-07-24,103230,561,567,6,26.23,REPEATEDHITSASCENDINGFILL,False,False,False,374,102856,4407624928.0,45,BID,SHORT,0.5
LUNR,2026-06-09 13:57:50.009875+00:00,CALL,29.5,2026-06-18,13570,46,52,17,29.43,REPEATEDHITS,True,False,False,0,13570,4407624928.0,9,BID,SHORT,0.5
LUNR,2026-06-08 16:17:23.749411+00:00,PUT,30.0,2026-09-18,598528,798,801,443,30.05,REPEATEDHITSASCENDINGFILL,False,False,False,750,597778,4407624928.0,102,BID,LONG,0.5
LUNR,2026-06-08 15:29:30.762092+00:00,CALL,31.0,2026-06-12,34752,192,478,175,30.2,REPEATEDHITS,True,False,False,0,34752,4407624928.0,4,BID,SHORT,0.5
LUNR,2026-06-08 15:24:58.810072+00:00,PUT,28.5,2026-06-12,18788,154,169,65,30.46,REPEATEDHITS,True,False,False,0,18788,4407624928.0,4,BID,LONG,0.5
LUNR,2026-06-08 15:16:30.479146+00:00,CALL,33.5,2026-06-12,38420,340,408,142,30.38,REPEATEDHITS,False,False,False,0,38420,4407624928.0,4,BID,SHORT,0.5
LUNR,2026-06-08 15:15:43.205182+00:00,CALL,32.5,2026-06-12,19710,135,2357,112,30.31,REPEATEDHITS,True,False,False,19710,0,4407624928.0,4,ASK,LONG,1.0
LUNR,2026-06-08 15:08:46.924694+00:00,CALL,32.5,2026-06-12,31682,217,2051,112,30.229,REPEATEDHITS,False,False,False,25258,0,4407624928.0,4,ASK,LONG,1.0
LUNR,2026-06-08 14:58:31.403932+00:00,CALL,32.5,2026-06-12,20440,140,1751,112,30.1975,REPEATEDHITS,False,False,False,20440,0,4407624928.0,4,ASK,LONG,1.0
LUNR,2026-06-08 14:51:39.523500+00:00,CALL,32.5,2026-06-12,25258,173,1501,112,30.17,REPEATEDHITS,False,False,False,18688,6570,4407624928.0,4,ASK,LONG,1.0
LUNR,2026-06-08 14:43:47.092213+00:00,CALL,32.5,2026-06-12,49491,351,1147,112,30.06,REPEATEDHITS,False,False,False,0,49491,4407624928.0,4,BID,SHORT,0.5
LUNR,2026-06-08 14:43:42.682417+00:00,CALL,32.5,2026-06-12,26640,185,761,112,30.13,REPEATEDHITS,True,False,False,4176,0,4407624928.0,4,ASK,LONG,1.0
LUNR,2026-06-08 14:43:34.667077+00:00,CALL,32.5,2026-06-12,44688,304,415,112,30.15,REPEATEDHITS,True,False,False,7056,34692,4407624928.0,4,BID,SHORT,0.5
LUNR,2026-06-08 14:32:17.022567+00:00,PUT,31.0,2027-01-15,105782,94,94,3,30.2251,REPEATEDHITSASCENDINGFILL,False,False,False,0,105782,4407624928.0,221,BID,LONG,0.5
LUNR,2026-06-08 14:32:17.022567+00:00,PUT,32.0,2026-12-18,164575,145,145,9,30.2251,REPEATEDHITS,False,False,False,0,164575,4407624928.0,193,BID,LONG,0.5
LUNR,2026-06-05 19:09:06.618332+00:00,PUT,22.0,2026-09-18,102237,284,731,88,29.065,REPEATEDHITS,False,False,False,102237,0,4407624928.0,105,ASK,SHORT,1.0
LUNR,2026-06-05 17:22:39.322024+00:00,PUT,22.0,2026-09-18,130726,379,441,88,29.25,REPEATEDHITSDESCENDINGFILL,False,False,False,130726,0,4407624928.0,105,ASK,SHORT,1.0
LUNR,2026-06-05 13:56:10.714161+00:00,CALL,42.0,2026-09-18,2306510,4613,4614,79,30.89,REPEATEDHITS,False,False,False,2123510,183000,4407624928.0,105,ASK,LONG,1.0
LUNR,2026-06-04 16:42:46.972861+00:00,PUT,25.0,2026-09-18,335351,849,881,535,33.855,REPEATEDHITS,False,False,False,318366,0,4407624928.0,106,ASK,SHORT,1.0
LUNR,2026-06-04 15:57:02.458601+00:00,PUT,29.0,2026-07-17,35651,115,115,107,33.62,REPEATEDHITS,True,False,False,0,35651,4407624928.0,43,BID,LONG,0.5
LUNR,2026-06-04 14:16:25.239170+00:00,PUT,33.0,2026-07-17,298984,598,601,458,34.4,REPEATEDHITSDESCENDINGFILL,False,False,False,298984,0,4407624928.0,43,ASK,SHORT,1.0
LUNR,2026-06-03 16:04:23.378745+00:00,CALL,36.5,2026-06-12,29590,110,120,97,34.2499,REPEATEDHITS,False,False,False,29590,0,4407624928.0,9,ASK,LONG,1.0
LUNR,2026-06-03 15:22:08.340803+00:00,PUT,30.0,2026-06-18,1302480,6480,6998,2858,33.95,REPEATEDHITS,False,False,False,434160,868320,4407624928.0,15,BID,LONG,0.5
LUNR,2026-06-03 14:51:41.320041+00:00,PUT,30.0,2026-06-12,28980,276,327,217,34.6725,REPEATEDHITS,False,False,False,3045,0,4407624928.0,9,ASK,SHORT,1.0
LUNR,2026-06-03 13:50:12.354138+00:00,PUT,33.0,2026-06-18,345644,1196,1248,359,35.79,REPEATEDHITS,True,False,False,345066,578,4407624928.0,15,ASK,SHORT,1.0
LUNR,2026-06-03 13:50:12.354138+00:00,PUT,33.5,2026-06-18,28190,91,96,37,35.79,REPEATEDHITSDESCENDINGFILL,False,False,False,27280,910,4407624928.0,15,ASK,SHORT,1.0
LUNR,2026-06-03 13:44:35.946693+00:00,PUT,32.0,2026-06-05,19620,654,655,337,36.551,REPEATEDHITS,False,False,False,19620,0,4407624928.0,2,ASK,SHORT,1.0
LUNR,2026-06-02 18:17:37.216921+00:00,CALL,46.5,2026-06-18,71094,246,255,6,40.22,REPEATEDHITS,False,False,False,70805,289,4407624928.0,16,ASK,LONG,1.0
LUNR,2026-06-02 17:54:22.256366+00:00,PUT,39.0,2026-06-26,34920,72,76,3,40.305,REPEATEDHITS,True,False,False,34920,0,4407624928.0,24,ASK,SHORT,1.0
LUNR,2026-06-02 17:54:22.256366+00:00,PUT,36.0,2026-06-26,69008,206,206,28,40.305,REPEATEDHITS,True,False,False,69008,0,4407624928.0,24,ASK,SHORT,1.0
LUNR,2026-06-02 14:23:53.128266+00:00,CALL,47.0,2026-06-12,82274,392,392,62,40.38,REPEATEDHITS,False,False,False,45780,36494,4407624928.0,10,ASK,LONG,1.0
LUNR,2026-06-01 19:52:36.632477+00:00,PUT,37.5,2026-06-12,40321,112,187,10,38.202,REPEATEDHITS,False,False,False,0,40321,4407624928.0,11,BID,LONG,0.5
LUNR,2026-06-01 19:52:36.632477+00:00,PUT,38.0,2026-06-12,67860,174,203,54,38.202,REPEATEDHITS,False,False,False,0,51870,4407624928.0,11,BID,LONG,0.5
LUNR,2026-06-01 19:46:05.711127+00:00,PUT,32.5,2026-06-18,22729,119,129,58,38.55,REPEATEDHITS,False,False,False,22729,0,4407624928.0,17,ASK,SHORT,1.0
LUNR,2026-06-01 17:12:22.677407+00:00,CALL,38.5,2026-06-05,55120,212,355,70,38.79,REPEATEDHITS,True,False,False,46800,0,4407624928.0,4,ASK,LONG,1.0
LUNR,2026-06-01 15:52:07.815324+00:00,CALL,60.0,2026-06-18,24720,309,360,170,38.94,REPEATEDHITS,False,False,False,24720,0,4407624928.0,17,ASK,LONG,1.0
LUNR,2026-06-01 14:50:33.630575+00:00,PUT,29.0,2026-09-18,164824,347,347,65,38.3957,REPEATEDHITS,False,False,False,161974,2850,4407624928.0,109,ASK,SHORT,1.0
LUNR,2026-06-01 13:45:01.629183+00:00,CALL,44.0,2026-06-12,51943,196,209,175,39.8701,REPEATEDHITS,False,False,False,268,51675,4407624928.0,11,BID,SHORT,0.5
LUNR,2026-06-01 13:43:44.095269+00:00,PUT,39.0,2026-06-05,229542,1142,1233,275,40.0848,REPEATEDHITS,True,False,False,0,229542,4407624928.0,4,BID,LONG,0.5
LUNR,2026-06-01 13:43:44.095269+00:00,PUT,37.0,2026-06-12,113793,457,468,49,40.0848,REPEATEDHITS,False,False,False,113793,0,4407624928.0,11,ASK,SHORT,1.0
LUNR,2026-06-01 13:43:44.095269+00:00,PUT,38.0,2026-06-05,183342,1175,1228,540,40.0848,REPEATEDHITSDESCENDINGFILL,False,False,False,2226,181116,4407624928.0,4,BID,LONG,0.5
LUNR,2026-06-01 13:36:03.161555+00:00,PUT,35.0,2026-06-05,25160,629,641,487,41.88,REPEATEDHITS,False,False,False,0,25160,4407624928.0,4,BID,LONG,0.5
LUNR,2026-05-29 19:55:03.111936+00:00,PUT,48.0,2027-01-15,16470,9,11,1,43.45,REPEATEDHITS,False,False,False,0,5490,4407624928.0,231,BID,LONG,0.5
LUNR,2026-05-29 19:33:50.140529+00:00,PUT,44.5,2026-06-12,13127,23,24,3,42.48,REPEATEDHITSASCENDINGFILL,False,False,False,0,13127,4407624928.0,14,BID,LONG,0.5
LUNR,2026-05-29 19:33:50.140529+00:00,CALL,41.5,2026-07-02,10500,15,30,0,42.5,REPEATEDHITS,False,False,False,7000,3500,4407624928.0,34,ASK,LONG,1.0
LUNR,2026-05-29 17:45:44.505366+00:00,CALL,42.5,2026-06-05,30000,100,234,12,42.25,REPEATEDHITS,False,False,False,30000,0,4407624928.0,7,ASK,LONG,1.0
MARA,2026-06-10 16:55:36.788608+00:00,CALL,19.0,2026-07-17,48528,2696,2759,1202,12.81,REPEATEDHITS,False,False,False,0,48528,5074710395.0,37,BID,SHORT,0.5
MARA,2026-06-08 16:02:22.839176+00:00,PUT,9.0,2026-06-26,17500,2500,12302,429,13.305,REPEATEDHITS,False,False,False,17500,0,5074710395.0,18,ASK,SHORT,1.0
MARA,2026-06-08 15:37:58.518019+00:00,PUT,9.0,2026-06-26,19691,2813,9365,429,13.33,REPEATEDHITS,False,False,False,19691,0,5074710395.0,18,ASK,SHORT,1.0
MARA,2026-06-08 15:09:40.610561+00:00,PUT,11.5,2026-06-26,24583,793,816,244,13.385,REPEATEDHITS,False,False,False,0,23467,5074710395.0,18,BID,LONG,0.5
MARA,2026-06-08 14:05:35.986173+00:00,PUT,9.0,2026-06-26,12000,1500,3302,429,12.755,REPEATEDHITS,False,False,False,12000,0,5074710395.0,18,ASK,SHORT,1.0
MARA,2026-06-08 13:57:37.030055+00:00,PUT,9.0,2026-06-26,12712,1589,1800,429,12.75,REPEATEDHITS,False,False,False,12712,0,5074710395.0,18,ASK,SHORT,1.0
MARA,2026-06-08 13:52:26.266742+00:00,PUT,9.0,2026-07-02,12000,1000,1626,41,12.83,REPEATEDHITS,False,False,False,0,0,5074710395.0,24,MIXED,,0.0
MARA,2026-06-05 15:43:08.085694+00:00,PUT,10.0,2026-07-17,81696,1776,1892,1058,12.26,REPEATEDHITS,False,False,False,75808,0,5074710395.0,42,ASK,SHORT,1.0
MARA,2026-06-05 14:37:31.314360+00:00,PUT,8.0,2026-08-21,189665,5419,5423,155,12.6501,REPEATEDHITS,False,False,False,189665,0,5074710395.0,77,ASK,SHORT,1.0
MARA,2026-06-04 18:25:19.806130+00:00,CALL,16.0,2026-07-17,209755,2305,5412,1982,13.915,REPEATEDHITS,False,False,False,209755,0,5074710395.0,43,ASK,LONG,1.0
MARA,2026-06-04 15:05:46.890762+00:00,CALL,16.0,2026-07-17,178500,2100,2238,1982,13.65,REPEATEDHITS,False,False,False,178500,0,5074710395.0,43,ASK,LONG,1.0
MARA,2026-06-03 14:22:03.680768+00:00,PUT,11.0,2026-08-21,26390,290,290,281,13.97,REPEATEDHITS,False,False,False,2184,20202,5074710395.0,79,BID,LONG,0.5
MARA,2026-06-03 13:38:44.776609+00:00,PUT,12.5,2026-06-12,20000,1000,1007,943,13.8902,REPEATEDHITS,False,False,False,0,20000,5074710395.0,9,BID,LONG,0.5
MARA,2026-06-02 18:45:29.685608+00:00,PUT,12.5,2026-07-02,90000,1500,2006,40,14.26,REPEATEDHITS,True,False,False,18000,72000,5074710395.0,30,BID,LONG,0.5
MARA,2026-06-02 18:27:12.979895+00:00,PUT,12.5,2026-07-02,25500,425,506,40,14.29,REPEATEDHITS,True,False,False,0,25500,5074710395.0,30,BID,LONG,0.5
MARA,2026-06-02 17:44:34.267997+00:00,CALL,15.5,2026-06-12,110484,2511,2858,1007,14.375,REPEATEDHITS,False,False,False,0,110484,5074710395.0,10,BID,SHORT,0.5
MARA,2026-06-02 16:06:00.599198+00:00,PUT,15.5,2026-06-18,11470,74,209,52,14.725,REPEATEDHITS,False,False,False,310,11160,5074710395.0,16,BID,LONG,0.5
MARA,2026-06-02 15:08:00.964893+00:00,PUT,15.5,2026-06-26,21840,130,130,3,14.86,REPEATEDHITS,True,False,False,0,21840,5074710395.0,24,BID,LONG,0.5
MARA,2026-06-01 19:51:52.555456+00:00,PUT,16.0,2026-06-05,30498,221,476,33,14.83,REPEATEDHITS,True,False,False,0,30498,5074710395.0,4,BID,LONG,0.5
MARA,2026-06-01 15:12:21.202297+00:00,PUT,15.5,2026-06-12,33649,250,286,1,14.8578,REPEATEDHITS,False,False,False,33649,0,5074710395.0,11,ASK,SHORT,1.0
MARA,2026-06-01 14:08:11.530438+00:00,CALL,17.0,2026-07-17,215145,2049,2058,1373,14.6509,REPEATEDHITS,False,False,False,215145,0,5074710395.0,46,ASK,LONG,1.0
MARA,2026-05-29 13:53:23.765690+00:00,CALL,18.0,2026-07-17,57771,917,920,892,14.13,REPEATEDHITS,False,False,False,57771,0,5074710395.0,49,ASK,LONG,1.0
MARA,2026-05-28 14:38:12.220097+00:00,PUT,13.0,2026-06-05,54908,1961,2357,1549,13.95,REPEATEDHITS,False,False,False,7224,43764,5074710395.0,8,BID,LONG,0.5
MARA,2026-05-27 19:13:36.629879+00:00,PUT,13.5,2026-06-05,41720,1043,1498,509,14.29,REPEATEDHITS,False,False,False,0,35760,5074710395.0,9,BID,LONG,0.5
MARA,2026-05-27 17:53:47.266058+00:00,PUT,15.0,2026-06-12,24640,176,192,40,14.295,REPEATEDHITS,True,False,False,0,24640,5074710395.0,16,BID,LONG,0.5
MARA,2026-05-27 16:47:04.358119+00:00,PUT,12.5,2026-06-05,47415,3161,3338,852,14.3293,REPEATEDHITS,False,False,False,0,47415,5074710395.0,9,BID,LONG,0.5
MARA,2026-05-26 15:58:33.386534+00:00,PUT,14.5,2026-05-29,55276,1063,3314,147,14.53,REPEATEDHITS,False,False,False,46176,0,5074710395.0,3,ASK,SHORT,1.0
MARA,2026-05-26 15:15:07.485696+00:00,CALL,17.0,2026-05-29,10045,2009,4211,1487,14.795,REPEATEDHITS,False,False,False,9310,0,5074710395.0,3,ASK,LONG,1.0
MARA,2026-05-26 14:14:53.553925+00:00,PUT,15.0,2026-05-29,11550,150,384,111,14.59,REPEATEDHITS,False,False,False,9779,1771,5074710395.0,3,ASK,SHORT,1.0
MARA,2026-05-26 13:43:26.809821+00:00,PUT,14.5,2026-05-29,14250,250,707,147,14.44,REPEATEDHITS,False,False,False,14250,0,5074710395.0,3,ASK,SHORT,1.0
MARA,2026-05-22 19:29:22.047613+00:00,PUT,12.0,2026-07-17,124786,1451,1548,1312,13.75,REPEATEDHITS,False,False,False,124786,0,5074710395.0,56,ASK,SHORT,1.0
MARA,2026-05-22 18:53:45.710186+00:00,PUT,13.0,2026-06-05,48162,1047,1149,180,13.925,REPEATEDHITS,False,False,False,48162,0,5074710395.0,14,ASK,SHORT,1.0
MARA,2026-05-21 16:57:30.630332+00:00,PUT,13.0,2026-12-18,119900,401,418,284,13.505,REPEATEDHITS,False,False,False,35880,84020,5074710395.0,211,BID,LONG,0.5
MARA,2026-05-21 16:39:53.227744+00:00,CALL,14.5,2026-06-26,13500,150,153,121,13.46,REPEATEDHITS,False,False,False,0,13500,5074710395.0,36,BID,SHORT,0.5
MARA,2026-05-21 14:02:35.888854+00:00,PUT,11.0,2026-06-05,76144,4759,4771,1215,13.38,REPEATEDHITS,False,False,False,0,76144,5074710395.0,15,BID,LONG,0.5
MARA,2026-05-20 19:43:41.926999+00:00,CALL,14.0,2026-06-05,120768,1887,2404,1235,13.27,REPEATEDHITS,False,False,False,120768,0,5074710395.0,16,ASK,LONG,1.0
MARA,2026-05-20 17:44:37.526012+00:00,CALL,16.0,2026-06-12,35002,1000,1200,904,13.42,REPEATEDHITSDESCENDINGFILL,False,False,False,0,35002,5074710395.0,23,BID,SHORT,0.5
MARA,2026-05-20 16:14:59.705813+00:00,CALL,12.5,2026-06-18,35600,200,330,102,13.355,REPEATEDHITS,False,False,False,35600,0,5074710395.0,29,ASK,LONG,1.0
MARA,2026-05-20 14:04:34.810713+00:00,PUT,13.0,2026-05-22,96720,1860,2513,925,12.815,REPEATEDHITS,False,False,False,96720,0,5074710395.0,2,ASK,SHORT,1.0
MARA,2026-05-15 19:53:01.478527+00:00,CALL,13.5,2026-05-29,86000,2000,2541,1493,12.475,REPEATEDHITS,False,False,False,76540,9460,5074710395.0,14,ASK,LONG,1.0
MARA,2026-05-15 19:39:27.374771+00:00,CALL,12.0,2026-06-05,81245,650,1021,572,12.59,REPEATEDHITSASCENDINGFILL,False,False,False,14000,620,5074710395.0,21,ASK,LONG,1.0
MARA,2026-05-15 14:01:42.990800+00:00,CALL,18.0,2026-12-18,535031,2989,2991,852,12.275,REPEATEDHITS,False,False,False,532525,2506,5074710395.0,217,ASK,LONG,1.0
MARA,2026-05-15 13:50:30.850515+00:00,CALL,12.0,2026-08-21,401435,1593,1593,1433,12.515,REPEATEDHITS,False,False,False,330119,71316,5074710395.0,98,ASK,LONG,1.0
MARA,2026-05-14 19:16:35.944566+00:00,CALL,14.0,2026-07-17,1035450,6903,7166,1333,13.13,REPEATEDHITS,False,False,False,1035450,0,5074710395.0,64,ASK,LONG,1.0
MARA,2026-05-14 17:51:49.205264+00:00,PUT,13.0,2027-01-15,2150610,6517,6598,6477,13.285,REPEATEDHITS,False,False,False,2119920,0,5074710395.0,246,ASK,SHORT,1.0
MARA,2026-05-14 16:55:30.875640+00:00,CALL,17.0,2026-05-29,10626,740,830,516,13.385,REPEATEDHITS,False,False,False,10626,0,5074710395.0,15,ASK,LONG,1.0
MARA,2026-05-13 17:22:34.501832+00:00,PUT,13.0,2026-07-17,987940,5255,5266,405,12.765,REPEATEDHITS,False,False,False,977412,0,5074710395.0,65,ASK,SHORT,1.0
MARA,2026-05-13 13:46:59.142687+00:00,PUT,12.5,2026-05-22,330296,4346,4485,594,12.395,REPEATEDHITS,False,False,False,330296,0,5074710395.0,9,ASK,SHORT,1.0
MARA,2026-05-12 18:33:17.101127+00:00,PUT,11.5,2026-05-22,22500,750,3386,736,12.54,REPEATEDHITS,False,False,False,0,22500,5074710395.0,10,BID,LONG,0.5
MARA,2026-05-12 17:16:30.754296+00:00,PUT,11.5,2026-05-22,45880,1147,2549,736,12.19,REPEATEDHITS,False,False,False,37800,80,5074710395.0,10,ASK,SHORT,1.0
MBLY,2026-06-10 19:00:41.703810+00:00,PUT,9.5,2026-07-10,21420,238,241,36,9.18,REPEATEDHITS,True,False,False,19080,2340,2280392874.0,30,ASK,SHORT,1.0
MBLY,2026-06-09 16:23:22.575651+00:00,PUT,8.5,2026-06-18,14774,985,999,396,9.19,REPEATEDHITS,False,False,False,14760,14,2280392874.0,9,ASK,SHORT,1.0
MBLY,2026-06-08 14:48:38.991378+00:00,CALL,10.0,2026-06-12,20309,883,1342,592,9.75,REPEATEDHITS,False,False,False,0,20309,2280392874.0,4,BID,SHORT,0.5
MBLY,2026-06-03 18:08:57.893803+00:00,CALL,11.5,2026-07-02,12110,173,177,21,10.93,REPEATEDHITS,True,False,False,12110,0,2280392874.0,29,ASK,LONG,1.0
MBLY,2026-06-02 16:00:50.548087+00:00,CALL,13.0,2027-01-15,28500,150,150,124,10.93,REPEATEDHITS,True,False,False,28500,0,2280392874.0,227,ASK,LONG,1.0
MBLY,2026-05-29 16:06:18.625532+00:00,CALL,10.5,2026-06-18,99792,1512,1516,566,10.435,REPEATEDHITS,False,False,False,0,99792,2280392874.0,20,BID,SHORT,0.5
MBLY,2026-05-28 16:15:27.596385+00:00,CALL,11.0,2026-06-05,26310,877,1005,490,10.49,REPEATEDHITS,False,False,False,26310,0,2280392874.0,8,ASK,LONG,1.0
MBLY,2026-05-28 15:51:44.741617+00:00,CALL,14.0,2026-07-17,23500,940,2516,77,10.195,REPEATEDHITS,True,False,False,20700,2100,2280392874.0,50,ASK,LONG,1.0
MBLY,2026-05-28 15:51:03.833708+00:00,CALL,14.0,2026-07-17,34822,1514,1520,77,10.15,REPEATEDHITS,True,False,False,32890,1288,2280392874.0,50,ASK,LONG,1.0
MBLY,2026-05-22 18:17:47.542094+00:00,CALL,14.0,2026-11-20,37440,360,360,27,10.215,REPEATEDHITS,False,False,False,37440,0,2280392874.0,182,ASK,LONG,1.0
MBLY,2026-05-22 17:30:16.106554+00:00,CALL,14.0,2026-08-21,45000,900,2097,470,10.35,REPEATEDHITS,False,False,False,0,45000,2280392874.0,91,BID,SHORT,0.5
MBLY,2026-05-22 17:29:11.938542+00:00,CALL,14.0,2026-08-21,43841,890,997,470,10.33,REPEATEDHITSASCENDINGFILL,False,False,False,0,43841,2280392874.0,91,BID,SHORT,0.5
MBLY,2026-05-13 18:25:03.938064+00:00,CALL,11.0,2026-06-18,104660,1203,5132,1081,10.715,REPEATEDHITS,False,False,False,104574,86,2280392874.0,36,ASK,LONG,1.0
MBLY,2026-05-13 18:08:51.137953+00:00,CALL,11.0,2026-06-05,11720,200,414,50,10.595,REPEATEDHITSDESCENDINGFILL,False,False,False,11720,0,2280392874.0,23,ASK,LONG,1.0
MBLY,2026-05-13 17:42:26.218958+00:00,CALL,15.0,2027-01-15,1045000,9500,10512,7987,10.305,LOWHISTORICVOLUMEFLOOR,False,True,False,1045000,0,2280392874.0,247,ASK,LONG,1.0
MBLY,2026-05-13 14:15:44.862102+00:00,PUT,9.5,2026-05-22,15540,500,1000,123,9.56,REPEATEDHITSDESCENDINGFILL,False,False,False,0,15540,2280392874.0,9,BID,LONG,0.5
META,2026-06-10 19:30:45.741617+00:00,CALL,577.5,2026-06-12,207820,467,14704,38,570.78,REPEATEDHITS,True,False,False,450,207370,1283786290289.0,2,BID,SHORT,0.5
META,2026-06-10 19:29:33.827354+00:00,CALL,577.5,2026-06-12,220131,500,13221,38,570.62,REPEATEDHITSDESCENDINGFILL,False,False,False,449,219682,1283786290289.0,2,BID,SHORT,0.5
META,2026-06-10 19:29:29.394676+00:00,CALL,577.5,2026-06-12,220000,500,12720,38,570.66,REPEATEDHITS,True,False,False,0,220000,1283786290289.0,2,BID,SHORT,0.5
META,2026-06-10 19:29:24.915860+00:00,CALL,577.5,2026-06-12,220494,500,12220,38,570.75,REPEATEDHITSASCENDINGFILL,True,False,False,0,220494,1283786290289.0,2,BID,SHORT,0.5
META,2026-06-10 19:29:23.112239+00:00,CALL,577.5,2026-06-12,225000,500,11718,38,570.82,REPEATEDHITS,True,False,False,0,225000,1283786290289.0,2,BID,SHORT,0.5
META,2026-06-10 19:29:18.907988+00:00,CALL,577.5,2026-06-12,235753,518,11218,38,570.93,REPEATEDHITSASCENDINGFILL,True,False,False,3640,232113,1283786290289.0,2,BID,SHORT,0.5
META,2026-06-10 19:29:15.501315+00:00,CALL,577.5,2026-06-12,226739,496,10700,38,571.005,REPEATEDHITSASCENDINGFILL,True,False,False,0,226739,1283786290289.0,2,BID,SHORT,0.5
META,2026-06-10 19:29:07.490149+00:00,CALL,577.5,2026-06-12,232695,500,10198,38,571.0,REPEATEDHITSASCENDINGFILL,True,False,False,0,232695,1283786290289.0,2,BID,SHORT,0.5
META,2026-06-10 19:28:37.848582+00:00,CALL,577.5,2026-06-12,235143,500,9698,38,571.24,REPEATEDHITSDESCENDINGFILL,False,False,False,0,235143,1283786290289.0,2,BID,SHORT,0.5
META,2026-06-10 19:03:13.543872+00:00,CALL,577.5,2026-06-12,256844,500,8639,38,572.29,REPEATEDHITSASCENDINGFILL,False,False,False,256337,507,1283786290289.0,2,ASK,LONG,1.0
META,2026-06-10 19:02:34.290299+00:00,CALL,577.5,2026-06-12,254790,500,8139,38,572.14,REPEATEDHITS,True,False,False,254790,0,1283786290289.0,2,ASK,LONG,1.0
META,2026-06-10 19:01:52.831770+00:00,CALL,577.5,2026-06-12,253268,499,7633,38,572.27,REPEATEDHITSDESCENDINGFILL,True,False,False,204123,0,1283786290289.0,2,ASK,LONG,1.0
META,2026-06-10 18:39:11.301171+00:00,CALL,577.5,2026-06-12,294091,500,6875,38,573.945,REPEATEDHITSDESCENDINGFILL,True,False,False,294091,0,1283786290289.0,2,ASK,LONG,1.0
META,2026-06-10 18:28:21.669138+00:00,CALL,577.5,2026-06-12,308875,468,5779,38,576.0352,REPEATEDHITS,True,False,False,308220,655,1283786290289.0,2,ASK,LONG,1.0
META,2026-06-10 18:28:15.864640+00:00,CALL,577.5,2026-06-12,318935,495,5310,38,575.675,REPEATEDHITSDESCENDINGFILL,True,False,False,317645,0,1283786290289.0,2,ASK,LONG,1.0
META,2026-06-10 17:40:11.256682+00:00,CALL,577.5,2026-06-12,302343,500,3388,38,574.22,REPEATEDHITSDESCENDINGFILL,True,False,False,302343,0,1283786290289.0,2,ASK,LONG,1.0
META,2026-06-10 17:38:14.306788+00:00,CALL,577.5,2026-06-12,309442,500,2875,38,574.71,REPEATEDHITS,False,False,False,308831,611,1283786290289.0,2,ASK,LONG,1.0
META,2026-06-10 17:11:36.090149+00:00,CALL,577.5,2026-06-12,344478,500,1733,38,576.02,REPEATEDHITSASCENDINGFILL,False,False,False,343122,1356,1283786290289.0,2,ASK,LONG,1.0
META,2026-06-10 16:22:04.190588+00:00,CALL,577.5,2026-06-12,356092,466,1130,38,577.3,REPEATEDHITSDESCENDINGFILL,True,False,False,356092,0,1283786290289.0,2,ASK,LONG,1.0
META,2026-06-10 16:18:41.951163+00:00,CALL,595.0,2026-06-18,483225,819,1090,773,577.34,REPEATEDHITSASCENDINGFILL,True,False,False,595,482040,1283786290289.0,8,BID,SHORT,0.5
META,2026-06-10 15:48:21.683846+00:00,PUT,572.5,2026-06-15,127050,170,175,111,576.905,REPEATEDHITSDESCENDINGFILL,True,False,False,97500,29550,1283786290289.0,5,ASK,SHORT,1.0
META,2026-06-10 15:06:16.925946+00:00,CALL,582.5,2026-06-12,870086,1513,1765,274,578.45,REPEATEDHITSDESCENDINGFILL,False,False,False,2340,867746,1283786290289.0,2,BID,SHORT,0.5
META,2026-06-09 18:11:49.530533+00:00,CALL,585.0,2026-07-17,1615040,551,1700,356,588.71,REPEATEDHITSDESCENDINGFILL,True,False,False,87790,1175650,1283786290289.0,38,BID,SHORT,0.5
META,2026-06-09 17:58:44.499875+00:00,CALL,585.0,2026-07-17,2955000,1000,1147,356,589.225,REPEATEDHITS,False,False,False,0,2955000,1283786290289.0,38,BID,SHORT,0.5
META,2026-06-09 17:45:17.168094+00:00,CALL,675.0,2026-07-10,104291,316,364,70,589.11,REPEATEDHITSASCENDINGFILL,False,False,False,335,103956,1283786290289.0,31,BID,SHORT,0.5
META,2026-06-09 17:08:50.981695+00:00,CALL,585.0,2026-06-10,462169,872,2135,323,584.43,REPEATEDHITS,False,False,False,0,462169,1283786290289.0,1,BID,SHORT,0.5
META,2026-06-09 16:38:58.645730+00:00,CALL,590.0,2026-06-22,128528,100,314,44,584.67,REPEATEDHITSDESCENDINGFILL,False,False,False,0,128528,1283786290289.0,13,BID,SHORT,0.5
META,2026-06-09 16:19:40.917193+00:00,PUT,525.0,2026-08-21,376290,226,236,83,584.3601,REPEATEDHITS,False,False,False,0,126540,1283786290289.0,73,BID,LONG,0.5
META,2026-06-09 15:55:07.133523+00:00,PUT,585.0,2026-06-15,142285,161,458,114,589.0975,REPEATEDHITSDESCENDINGFILL,True,False,False,107085,35200,1283786290289.0,6,ASK,SHORT,1.0
META,2026-06-09 14:42:27.930400+00:00,CALL,585.0,2026-06-17,267926,141,227,107,596.3001,REPEATEDHITSDESCENDINGFILL,False,False,False,0,267926,1283786290289.0,8,BID,SHORT,0.5
META,2026-06-09 13:42:58.856296+00:00,PUT,575.0,2026-06-17,454530,834,839,83,592.9005,REPEATEDHITS,False,False,False,0,454530,1283786290289.0,8,BID,LONG,0.5
META,2026-06-08 19:28:24.345452+00:00,CALL,585.0,2026-06-08,124086,452,26182,402,587.08,REPEATEDHITSASCENDINGFILL,True,False,False,123544,542,1283786290289.0,0,ASK,LONG,1.0
META,2026-06-08 18:26:34.408726+00:00,CALL,585.0,2026-06-08,595600,1489,22559,402,588.57,REPEATEDHITS,True,False,False,595600,0,1283786290289.0,0,ASK,LONG,1.0
META,2026-06-08 17:43:17.384002+00:00,CALL,585.0,2026-06-08,158746,504,18835,402,586.8,REPEATEDHITSASCENDINGFILL,True,False,False,123781,34965,1283786290289.0,0,ASK,LONG,1.0
META,2026-06-08 17:42:53.562059+00:00,CALL,585.0,2026-06-08,151632,496,18326,402,586.6,REPEATEDHITSDESCENDINGFILL,True,False,False,151632,0,1283786290289.0,0,ASK,LONG,1.0
META,2026-06-08 17:28:36.874530+00:00,CALL,585.0,2026-06-08,187500,500,15782,402,587.65,REPEATEDHITS,False,False,False,183750,3750,1283786290289.0,0,ASK,LONG,1.0
META,2026-06-08 17:20:52.938962+00:00,CALL,585.0,2026-06-08,350000,1000,15241,402,587.255,REPEATEDHITS,False,False,False,350000,0,1283786290289.0,0,ASK,LONG,1.0
META,2026-06-08 17:13:37.674522+00:00,CALL,585.0,2026-06-08,128243,499,14062,402,585.18,REPEATEDHITS,True,False,False,128243,0,1283786290289.0,0,ASK,LONG,1.0
META,2026-06-08 17:13:27.262172+00:00,CALL,585.0,2026-06-08,127730,499,13561,402,585.32,REPEATEDHITSASCENDINGFILL,False,False,False,127730,0,1283786290289.0,0,ASK,LONG,1.0
META,2026-06-08 17:03:22.826262+00:00,CALL,585.0,2026-06-08,148169,496,12843,402,585.94,REPEATEDHITS,True,False,False,140231,7938,1283786290289.0,0,ASK,LONG,1.0
META,2026-06-08 17:03:18.421347+00:00,CALL,585.0,2026-06-08,147000,500,12345,402,585.93,REPEATEDHITS,True,False,False,147000,0,1283786290289.0,0,ASK,LONG,1.0
META,2026-06-08 16:53:35.341198+00:00,CALL,585.0,2026-06-08,200272,501,11798,402,587.36,REPEATEDHITSDESCENDINGFILL,True,False,False,200272,0,1283786290289.0,0,ASK,LONG,1.0
META,2026-06-08 16:53:23.480977+00:00,CALL,585.0,2026-06-08,167868,452,11255,402,587.18,REPEATEDHITS,True,False,False,144000,23868,1283786290289.0,0,ASK,LONG,1.0
META,2026-06-08 16:39:53.456402+00:00,CALL,585.0,2026-06-08,214481,473,10725,402,588.27,REPEATEDHITSDESCENDINGFILL,True,False,False,210881,0,1283786290289.0,0,ASK,LONG,1.0
META,2026-06-08 16:39:35.034012+00:00,CALL,585.0,2026-06-08,226060,495,10245,402,587.8,REPEATEDHITSDESCENDINGFILL,True,False,False,225220,840,1283786290289.0,0,ASK,LONG,1.0
META,2026-06-08 16:10:07.878453+00:00,PUT,577.5,2026-06-12,170567,285,592,206,587.63,REPEATEDHITSASCENDINGFILL,False,False,False,170567,0,1283786290289.0,4,ASK,SHORT,1.0
META,2026-06-08 16:09:36.745902+00:00,PUT,557.5,2026-06-12,158461,760,1631,51,587.52,REPEATEDHITS,False,False,False,2120,156341,1283786290289.0,4,BID,LONG,0.5
META,2026-06-08 16:07:54.231391+00:00,PUT,557.5,2026-06-12,163868,756,863,51,587.85,REPEATEDHITSASCENDINGFILL,False,False,False,142868,21000,1283786290289.0,4,ASK,SHORT,1.0
META,2026-06-08 15:37:09.002919+00:00,CALL,585.0,2026-06-08,212838,473,9392,402,587.55,REPEATEDHITS,True,False,False,212838,0,1283786290289.0,0,ASK,LONG,1.0
META,2026-06-08 15:33:09.478804+00:00,CALL,585.0,2026-06-08,213821,492,8893,402,587.26,REPEATEDHITSDESCENDINGFILL,True,False,False,213821,0,1283786290289.0,0,ASK,LONG,1.0
METC,2026-06-10 19:09:34.037983+00:00,CALL,13.0,2026-07-17,16575,85,85,11,13.81,REPEATEDHITS,True,False,False,16575,0,796311898.0,37,ASK,LONG,1.0
METC,2026-06-10 16:55:32.925218+00:00,CALL,16.0,2026-07-17,32010,400,601,320,13.81,REPEATEDHITS,True,False,False,7680,24330,796311898.0,37,BID,SHORT,0.5
METC,2026-06-02 16:08:49.925695+00:00,CALL,21.0,2026-06-18,45475,1000,1039,434,17.87,REPEATEDHITSASCENDINGFILL,True,False,False,0,45475,796311898.0,16,BID,SHORT,0.5
METC,2026-06-02 14:34:07.262897+00:00,CALL,23.0,2026-07-17,20000,200,200,5,17.6701,REPEATEDHITS,False,False,False,7300,6200,796311898.0,45,ASK,LONG,1.0
METC,2026-05-28 19:58:55.889038+00:00,CALL,20.0,2026-07-17,62500,500,3517,217,16.69,REPEATEDHITS,False,False,False,62500,0,796311898.0,50,ASK,LONG,1.0
METC,2026-05-28 19:58:12.177399+00:00,CALL,20.0,2026-07-17,35499,284,2810,217,16.69,REPEATEDHITS,False,False,False,35374,125,796311898.0,50,ASK,LONG,1.0
METC,2026-05-28 19:57:22.691986+00:00,CALL,20.0,2026-07-17,37352,299,2509,217,16.735,REPEATEDHITS,False,False,False,37352,0,796311898.0,50,ASK,LONG,1.0
METC,2026-05-28 19:57:16.878120+00:00,CALL,20.0,2026-07-17,55611,445,2210,217,16.68,REPEATEDHITSDESCENDINGFILL,False,False,False,55611,0,796311898.0,50,ASK,LONG,1.0
METC,2026-05-28 19:56:18.138192+00:00,CALL,20.0,2026-07-17,77632,647,1686,217,16.66,REPEATEDHITS,False,False,False,76552,0,796311898.0,50,ASK,LONG,1.0
METC,2026-05-28 19:53:23.652720+00:00,CALL,20.0,2026-07-17,71875,625,634,217,16.66,REPEATEDHITS,False,False,False,71875,0,796311898.0,50,ASK,LONG,1.0
METC,2026-05-12 13:49:40.971459+00:00,CALL,16.0,2026-06-18,32397,216,891,202,15.05,REPEATEDHITS,False,False,False,32247,150,796311898.0,37,ASK,LONG,1.0
MOD,2026-06-10 19:24:21.195033+00:00,PUT,200.0,2026-07-17,49638,68,73,17,252.76,REPEATEDHITS,False,False,False,40148,0,14692295071.0,37,ASK,SHORT,1.0
MOD,2026-06-10 18:52:41.043929+00:00,PUT,210.0,2026-07-17,258263,291,293,14,255.135,REPEATEDHITSDESCENDINGFILL,True,False,False,71093,187170,14692295071.0,37,BID,LONG,0.5
MOD,2026-06-09 16:20:58.681963+00:00,CALL,400.0,2026-08-21,111280,107,107,20,266.42,REPEATEDHITS,False,False,False,0,111280,14692295071.0,73,BID,SHORT,0.5
MOD,2026-06-04 16:23:59.224562+00:00,PUT,250.0,2026-08-21,53890,22,29,13,295.465,REPEATEDHITS,False,False,False,53890,0,14692295071.0,78,ASK,SHORT,1.0
MOD,2026-06-03 15:07:33.166572+00:00,PUT,280.0,2026-08-21,439269,136,137,32,314.9,REPEATEDHITSDESCENDINGFILL,True,False,False,436049,3220,14692295071.0,79,ASK,SHORT,1.0
MOD,2026-06-02 16:03:06.771504+00:00,CALL,390.0,2026-07-17,10440,9,13,2,305.327,REPEATEDHITS,True,False,False,10440,0,14692295071.0,45,ASK,LONG,1.0
MOD,2026-06-02 16:03:06.771504+00:00,CALL,360.0,2026-08-21,205916,66,67,5,305.327,REPEATEDHITSDESCENDINGFILL,False,False,False,152876,53040,14692295071.0,80,ASK,LONG,1.0
MOD,2026-06-02 15:45:32.801736+00:00,PUT,320.0,2026-07-17,34240,8,17,0,304.83,REPEATEDHITS,False,False,False,0,34240,14692295071.0,45,BID,LONG,0.5
MOD,2026-06-02 15:45:32.801736+00:00,PUT,310.0,2026-07-17,29520,8,8,2,304.83,REPEATEDHITS,True,False,False,0,29520,14692295071.0,45,BID,LONG,0.5
MOD,2026-06-02 14:32:07.216733+00:00,PUT,320.0,2026-07-17,27360,6,6,0,299.165,REPEATEDHITS,False,False,False,0,27360,14692295071.0,45,BID,LONG,0.5
MOD,2026-06-01 17:30:31.155517+00:00,PUT,270.0,2026-07-17,333250,155,156,94,292.66,REPEATEDHITS,False,False,False,331100,2150,14692295071.0,46,ASK,SHORT,1.0
MOD,2026-05-29 15:11:39.427572+00:00,CALL,330.0,2026-07-17,29480,22,23,7,269.485,REPEATEDHITS,True,False,False,29480,0,14692295071.0,49,ASK,LONG,1.0
MOD,2026-05-29 15:05:18.612242+00:00,PUT,240.0,2026-07-17,46170,27,27,14,268.67,REPEATEDHITS,True,False,False,46170,0,14692295071.0,49,ASK,SHORT,1.0
MOD,2026-05-29 14:49:55.513852+00:00,PUT,290.0,2026-07-17,34720,8,40,5,269.08,REPEATEDHITS,False,False,False,0,34720,14692295071.0,49,BID,LONG,0.5
MOD,2026-05-29 14:47:02.779925+00:00,PUT,290.0,2026-07-17,30250,7,31,5,269.47,REPEATEDHITSDESCENDINGFILL,False,False,False,0,30250,14692295071.0,49,BID,LONG,0.5
MOD,2026-05-29 14:42:18.179881+00:00,PUT,270.0,2026-07-17,30900,10,33,8,269.2,REPEATEDHITS,True,False,False,0,30900,14692295071.0,49,BID,LONG,0.5
MOD,2026-05-29 14:36:35.111683+00:00,CALL,290.0,2026-07-17,401850,171,173,13,269.3801,REPEATEDHITS,False,False,False,399500,2350,14692295071.0,49,ASK,LONG,1.0
MOD,2026-05-29 14:36:17.449801+00:00,PUT,290.0,2026-07-17,25320,6,6,5,270.72,REPEATEDHITS,True,False,False,0,25320,14692295071.0,49,BID,LONG,0.5
MOD,2026-05-29 14:36:13.244965+00:00,PUT,270.0,2026-07-17,39130,13,13,8,270.72,REPEATEDHITS,True,False,False,0,39130,14692295071.0,49,BID,LONG,0.5
MOD,2026-05-28 16:41:02.899339+00:00,CALL,270.0,2026-08-21,426760,94,111,63,272.5,REPEATEDHITS,False,False,False,426760,0,14692295071.0,85,ASK,LONG,1.0
MOD,2026-05-28 14:28:23.047245+00:00,PUT,250.0,2026-07-17,245440,118,120,14,269.485,REPEATEDHITS,False,False,False,245440,0,14692295071.0,50,ASK,SHORT,1.0
MOD,2026-05-26 19:58:06.249027+00:00,PUT,280.0,2026-07-17,16680,6,520,0,297.76,REPEATEDHITS,False,False,False,16680,0,14692295071.0,52,ASK,SHORT,1.0
MOD,2026-05-26 19:57:20.965881+00:00,PUT,280.0,2026-07-17,28070,10,510,0,297.76,REPEATEDHITSDESCENDINGFILL,False,False,False,25270,2800,14692295071.0,52,ASK,SHORT,1.0
MOD,2026-05-26 18:13:32.873923+00:00,PUT,280.0,2026-06-18,467500,250,377,16,304.53,FLOORTRADELARGECAP,False,True,True,467500,0,14692295071.0,23,ASK,SHORT,1.0
MOD,2026-05-26 15:35:04.888468+00:00,PUT,300.0,2026-06-18,51920,19,602,14,306.195,REPEATEDHITSDESCENDINGFILL,False,False,False,51920,0,14692295071.0,23,ASK,SHORT,1.0
MOD,2026-05-26 15:35:04.888468+00:00,PUT,310.0,2026-06-18,49270,15,25,5,306.195,REPEATEDHITSASCENDINGFILL,False,False,False,26310,22960,14692295071.0,23,ASK,SHORT,1.0
MOD,2026-05-26 15:02:45.105242+00:00,PUT,185.0,2026-08-21,35350,57,57,19,319.355,REPEATEDHITS,False,False,False,0,35350,14692295071.0,87,BID,LONG,0.5
MOD,2026-05-26 14:52:58.522348+00:00,PUT,300.0,2026-06-18,1140300,543,552,14,320.975,REPEATEDHITS,False,False,False,1140300,0,14692295071.0,23,ASK,SHORT,1.0
MOD,2026-05-19 19:06:22.516544+00:00,CALL,250.0,2026-07-17,167620,58,68,0,240.43,REPEATEDHITS,False,False,False,167620,0,14692295071.0,59,ASK,LONG,1.0
MOD,2026-05-19 15:15:12.069647+00:00,CALL,280.0,2027-01-15,216000,45,46,22,237.37,REPEATEDHITS,False,False,False,216000,0,14692295071.0,241,ASK,LONG,1.0
MOD,2026-05-19 15:13:39.150376+00:00,CALL,260.0,2026-07-17,22700,10,10,2,236.93,REPEATEDHITS,False,False,False,22700,0,14692295071.0,59,ASK,LONG,1.0
MOD,2026-05-18 18:06:40.654140+00:00,PUT,190.0,2026-06-18,31001,100,100,21,246.03,REPEATEDHITS,False,False,False,0,31001,14692295071.0,31,BID,LONG,0.5
MOD,2026-05-18 18:06:01.189554+00:00,PUT,200.0,2026-06-18,61000,100,129,49,245.48,REPEATEDHITS,False,False,False,0,61000,14692295071.0,31,BID,LONG,0.5
MOD,2026-05-18 18:05:37.965678+00:00,PUT,240.0,2026-06-18,232087,100,161,70,245.48,REPEATEDHITSASCENDINGFILL,False,False,False,232087,0,14692295071.0,31,ASK,SHORT,1.0
MOD,2026-05-18 14:27:37.330084+00:00,CALL,420.0,2027-01-15,280829,111,116,0,255.23,REPEATEDHITS,False,False,False,280829,0,14692295071.0,242,ASK,LONG,1.0
MOD,2026-05-18 14:10:04.710156+00:00,CALL,270.0,2026-07-17,94080,32,33,2,257.935,REPEATEDHITS,False,False,False,94080,0,14692295071.0,60,ASK,LONG,1.0
MOD,2026-05-15 14:15:42.987536+00:00,CALL,410.0,2026-11-20,80040,29,29,0,276.16,REPEATEDHITS,False,False,False,80040,0,14692295071.0,189,ASK,LONG,1.0
MOD,2026-05-14 16:32:01.176140+00:00,CALL,370.0,2027-01-15,92230,19,28,0,289.39,REPEATEDHITS,False,False,False,92230,0,14692295071.0,246,ASK,LONG,1.0
MOD,2026-05-14 16:19:28.902192+00:00,CALL,400.0,2027-01-15,275369,67,69,8,288.445,REPEATEDHITS,False,False,False,275369,0,14692295071.0,246,ASK,LONG,1.0
MOD,2026-05-12 18:38:54.559021+00:00,PUT,260.0,2026-05-15,24570,63,73,53,272.345,REPEATEDHITS,False,False,False,780,23010,14692295071.0,3,BID,LONG,0.5
MRNA,2026-06-10 18:34:37.923776+00:00,PUT,46.5,2026-06-18,80592,438,500,285,46.71,REPEATEDHITS,False,False,False,0,80592,18938608142.0,8,BID,LONG,0.5
MRNA,2026-06-10 18:18:52.493352+00:00,PUT,49.5,2026-06-26,10350,23,23,9,46.53,REPEATEDHITS,True,False,False,0,10350,18938608142.0,16,BID,LONG,0.5
MRNA,2026-06-10 18:18:47.084033+00:00,CALL,46.0,2026-10-16,41140,44,178,15,46.545,REPEATEDHITS,False,False,False,0,41140,18938608142.0,128,BID,SHORT,0.5
MRNA,2026-06-10 17:29:17.822473+00:00,PUT,42.5,2026-06-18,18370,334,345,168,46.51,REPEATEDHITS,False,False,False,0,18370,18938608142.0,8,BID,LONG,0.5
MRNA,2026-06-10 17:20:32.058126+00:00,PUT,46.5,2026-06-26,19856,73,86,9,46.335,REPEATEDHITS,True,False,False,0,19856,18938608142.0,16,BID,LONG,0.5
MRNA,2026-06-10 15:55:22.916246+00:00,CALL,46.0,2026-10-16,27900,30,125,15,46.51,REPEATEDHITS,False,False,False,0,27900,18938608142.0,128,BID,SHORT,0.5
MRNA,2026-06-10 15:08:07.050589+00:00,CALL,46.0,2026-10-16,34595,37,61,15,46.66,REPEATEDHITS,False,False,False,0,34595,18938608142.0,128,BID,SHORT,0.5
MRNA,2026-06-10 15:05:19.051919+00:00,CALL,46.0,2026-10-16,22705,24,24,15,46.935,REPEATEDHITS,False,False,False,0,22705,18938608142.0,128,BID,SHORT,0.5
MRNA,2026-06-10 14:57:32.992301+00:00,CALL,47.0,2026-10-16,15640,17,17,10,47.05,REPEATEDHITS,False,False,False,0,15640,18938608142.0,128,BID,SHORT,0.5
MRNA,2026-06-09 18:18:28.290086+00:00,CALL,48.5,2026-06-26,13335,50,50,2,47.646,REPEATEDHITSDESCENDINGFILL,True,False,False,13335,0,18938608142.0,17,ASK,LONG,1.0
MRNA,2026-06-09 18:18:28.290086+00:00,CALL,50.0,2026-07-02,12280,46,48,22,47.646,REPEATEDHITSASCENDINGFILL,False,False,False,12013,267,18938608142.0,23,ASK,LONG,1.0
MRNA,2026-06-09 16:09:27.014462+00:00,PUT,42.0,2026-06-26,22892,194,304,53,45.97,REPEATEDHITS,False,False,False,22892,0,18938608142.0,17,ASK,SHORT,1.0
MRNA,2026-06-05 19:33:36.443096+00:00,PUT,47.0,2026-06-26,11470,37,53,25,47.3399,REPEATEDHITS,True,False,False,0,11470,18938608142.0,21,BID,LONG,0.5
MRNA,2026-06-05 19:24:52.690880+00:00,CALL,58.0,2026-06-18,11400,285,450,48,47.05,REPEATEDHITS,False,False,False,11400,0,18938608142.0,13,ASK,LONG,1.0
MRNA,2026-06-05 18:22:27.257058+00:00,CALL,56.0,2026-06-26,46356,473,475,94,47.39,REPEATEDHITS,True,False,False,198,41552,18938608142.0,21,BID,SHORT,0.5
MRNA,2026-06-05 15:32:23.198207+00:00,CALL,48.0,2026-09-18,563029,612,637,46,49.12,REPEATEDHITSDESCENDINGFILL,False,False,False,525309,0,18938608142.0,105,ASK,LONG,1.0
MRNA,2026-06-04 19:20:35.721886+00:00,PUT,41.0,2026-08-21,252000,900,4320,83,51.62,REPEATEDHITS,False,False,False,252000,0,18938608142.0,78,ASK,SHORT,1.0
MRNA,2026-06-04 18:16:01.745320+00:00,CALL,65.0,2026-07-02,15698,167,172,6,50.875,REPEATEDHITS,False,False,False,0,15698,18938608142.0,28,BID,SHORT,0.5
MRNA,2026-06-04 16:54:58.897051+00:00,CALL,80.0,2026-09-18,110490,381,723,289,51.71,REPEATEDHITS,False,False,False,110490,0,18938608142.0,106,ASK,LONG,1.0
MRNA,2026-06-04 16:54:45.682736+00:00,CALL,49.0,2026-08-21,853565,938,1156,512,51.47,REPEATEDHITSDESCENDINGFILL,False,False,False,853565,0,18938608142.0,78,ASK,LONG,1.0
MRNA,2026-06-04 16:35:37.451282+00:00,CALL,58.0,2026-07-02,12009,52,58,3,51.41,REPEATEDHITSASCENDINGFILL,False,False,False,9249,2760,18938608142.0,28,ASK,LONG,1.0
MRNA,2026-06-04 14:53:56.034116+00:00,PUT,41.0,2026-08-21,915737,3402,3402,83,51.35,REPEATEDHITSDESCENDINGFILL,True,False,False,800987,114750,18938608142.0,78,ASK,SHORT,1.0
MRNA,2026-06-04 14:53:56.034116+00:00,PUT,39.0,2026-08-21,111841,551,551,292,51.35,REPEATEDHITSDESCENDINGFILL,True,False,False,0,111841,18938608142.0,78,BID,LONG,0.5
MRNA,2026-06-03 18:49:36.947036+00:00,CALL,53.0,2026-06-18,11471,74,129,34,48.68,REPEATEDHITS,True,False,False,156,11315,18938608142.0,15,BID,SHORT,0.5
MRNA,2026-06-03 18:49:36.947036+00:00,CALL,49.0,2026-06-12,21811,96,673,59,48.67,REPEATEDHITSASCENDINGFILL,True,False,False,8855,12956,18938608142.0,9,BID,SHORT,0.5
MRNA,2026-06-03 15:29:28.495967+00:00,CALL,51.0,2026-06-26,12498,64,105,27,47.2,REPEATEDHITSDESCENDINGFILL,True,False,False,9588,582,18938608142.0,23,ASK,LONG,1.0
MRNA,2026-06-03 15:29:28.495967+00:00,CALL,48.0,2026-06-26,29274,96,106,36,47.17,REPEATEDHITS,True,False,False,29274,0,18938608142.0,23,ASK,LONG,1.0
MRNA,2026-06-03 15:17:23.788495+00:00,CALL,47.5,2026-06-12,20790,126,135,26,46.68,REPEATEDHITS,False,False,False,16830,3960,18938608142.0,9,ASK,LONG,1.0
MRNA,2026-06-02 19:47:05.267202+00:00,CALL,48.0,2026-07-10,12995,36,192,0,45.8948,REPEATEDHITSDESCENDINGFILL,True,False,False,2195,10800,18938608142.0,38,BID,SHORT,0.5
MRNA,2026-06-02 16:03:29.823088+00:00,CALL,45.5,2026-06-18,27328,112,152,2,44.74,REPEATEDHITSDESCENDINGFILL,True,False,False,13832,13496,18938608142.0,16,ASK,LONG,1.0
MRNA,2026-06-02 15:11:27.156704+00:00,PUT,37.0,2026-10-16,22550,55,58,28,45.05,REPEATEDHITS,False,False,False,0,22550,18938608142.0,136,BID,LONG,0.5
MRNA,2026-06-02 15:00:02.467289+00:00,PUT,43.5,2026-06-18,21255,109,109,28,44.89,REPEATEDHITS,True,False,False,0,21255,18938608142.0,16,BID,LONG,0.5
MRNA,2026-06-02 13:38:38.814434+00:00,CALL,55.0,2026-07-10,34300,245,245,1,44.18,REPEATEDHITS,False,False,False,7140,27160,18938608142.0,38,BID,SHORT,0.5
MRNA,2026-06-01 15:49:43.356453+00:00,PUT,37.0,2026-08-21,26040,99,101,92,45.79,REPEATEDHITSASCENDINGFILL,True,False,False,0,26040,18938608142.0,81,BID,LONG,0.5
MRNA,2026-06-01 14:40:20.697842+00:00,CALL,52.0,2026-06-18,15552,162,168,151,44.89,REPEATEDHITS,True,False,False,15552,0,18938608142.0,17,ASK,LONG,1.0
MRNA,2026-06-01 14:17:50.959645+00:00,CALL,62.0,2026-06-26,11672,243,323,107,44.575,REPEATEDHITSASCENDINGFILL,True,False,False,150,11522,18938608142.0,25,BID,SHORT,0.5
MRNA,2026-05-29 18:49:36.933740+00:00,PUT,51.0,2026-06-05,63000,175,1618,60,47.98,REPEATEDHITS,False,False,False,63000,0,18938608142.0,7,ASK,SHORT,1.0
MRNA,2026-05-29 18:49:35.929969+00:00,PUT,51.0,2026-06-05,22320,62,1419,60,48.06,REPEATEDHITS,False,False,False,22320,0,18938608142.0,7,ASK,SHORT,1.0
MRNA,2026-05-29 18:49:19.302027+00:00,PUT,51.0,2026-06-05,28440,79,1255,60,48.13,REPEATEDHITS,False,False,False,28440,0,18938608142.0,7,ASK,SHORT,1.0
MRNA,2026-05-29 18:15:15.338351+00:00,PUT,51.0,2026-06-05,138790,433,434,60,48.75,REPEATEDHITSASCENDINGFILL,True,False,False,5930,89340,18938608142.0,7,BID,LONG,0.5
MRNA,2026-05-29 18:15:15.338351+00:00,PUT,51.0,2026-06-05,66560,207,641,60,48.765,REPEATEDHITSDESCENDINGFILL,True,False,False,41750,24810,18938608142.0,7,ASK,SHORT,1.0
MRNA,2026-05-29 18:15:15.338351+00:00,PUT,51.0,2026-06-05,80000,250,893,60,48.83,REPEATEDHITS,True,False,False,62720,1280,18938608142.0,7,ASK,SHORT,1.0
MRNA,2026-05-29 15:47:09.910031+00:00,CALL,47.5,2026-06-05,18000,92,398,68,47.905,REPEATEDHITSASCENDINGFILL,True,False,False,5486,12514,18938608142.0,7,BID,SHORT,0.5
MRNA,2026-05-29 15:44:33.284146+00:00,CALL,49.0,2026-06-05,25707,209,9566,176,47.68,REPEATEDHITS,False,False,False,13284,12423,18938608142.0,7,ASK,LONG,1.0
MRNA,2026-05-29 15:28:37.129851+00:00,CALL,47.5,2026-06-05,11179,69,223,68,47.25,REPEATEDHITS,True,False,False,1135,10044,18938608142.0,7,BID,SHORT,0.5
MRNA,2026-05-29 15:07:24.071353+00:00,CALL,48.0,2026-06-26,11455,32,32,16,47.08,REPEATEDHITS,True,False,False,1825,9630,18938608142.0,28,BID,SHORT,0.5
MRNA,2026-05-28 18:47:51.514606+00:00,CALL,46.0,2026-06-26,10195,24,25,7,46.67,REPEATEDHITS,True,False,False,0,10195,18938608142.0,29,BID,SHORT,0.5
MRNA,2026-05-28 18:08:32.497441+00:00,PUT,50.0,2026-06-05,161460,414,749,397,46.87,REPEATEDHITS,False,False,False,161460,0,18938608142.0,8,ASK,SHORT,1.0
MRNA,2026-05-28 17:30:57.378849+00:00,PUT,43.0,2026-06-05,24732,458,701,119,46.69,REPEATEDHITS,False,False,False,108,22626,18938608142.0,8,BID,LONG,0.5
MRNA,2026-05-28 15:48:03.359762+00:00,PUT,43.0,2026-06-05,12242,204,216,119,46.625,REPEATEDHITS,False,False,False,60,12060,18938608142.0,8,BID,LONG,0.5
MRVL,2026-06-10 15:59:20.643889+00:00,CALL,262.5,2026-06-18,77125,45,223,0,259.75,REPEATEDHITSASCENDINGFILL,False,False,False,17100,60025,233466624000.0,8,BID,SHORT,0.5
MRVL,2026-06-10 15:59:20.643889+00:00,CALL,262.5,2026-06-18,51245,30,178,0,259.88,REPEATEDHITS,False,False,False,42720,8525,233466624000.0,8,ASK,LONG,1.0
MRVL,2026-06-10 15:48:57.144604+00:00,PUT,207.5,2026-07-10,77600,80,80,28,255.51,REPEATEDHITS,False,False,False,0,9700,233466624000.0,30,BID,LONG,0.5
MRVL,2026-06-10 14:55:58.835898+00:00,PUT,217.5,2026-06-26,53190,81,81,0,262.175,REPEATEDHITS,False,False,False,27505,25685,233466624000.0,16,ASK,SHORT,1.0
MRVL,2026-06-10 14:47:45.324990+00:00,PUT,240.0,2027-12-17,177070,21,22,16,266.54,REPEATEDHITSASCENDINGFILL,False,False,False,126525,50545,233466624000.0,555,ASK,SHORT,1.0
MRVL,2026-06-10 13:42:26.796997+00:00,PUT,262.5,2026-06-18,97500,52,56,0,261.68,REPEATEDHITS,True,False,False,0,97500,233466624000.0,8,BID,LONG,0.5
MRVL,2026-06-10 13:42:21.587692+00:00,CALL,450.0,2026-10-16,110440,48,67,44,260.6644,REPEATEDHITSASCENDINGFILL,False,False,False,50820,59620,233466624000.0,128,BID,SHORT,0.5
MRVL,2026-06-09 19:54:56.986171+00:00,PUT,210.0,2026-10-16,100905,32,73,19,261.97,REPEATEDHITSDESCENDINGFILL,False,False,False,12615,88290,233466624000.0,129,BID,LONG,0.5
MRVL,2026-06-09 19:54:56.986171+00:00,PUT,220.0,2026-10-16,61670,17,101,11,261.34,REPEATEDHITSASCENDINGFILL,False,False,False,7280,54390,233466624000.0,129,BID,LONG,0.5
MRVL,2026-06-09 19:48:08.537149+00:00,CALL,380.0,2026-10-16,74290,23,27,12,259.55,REPEATEDHITSASCENDINGFILL,False,False,False,32350,41940,233466624000.0,129,BID,SHORT,0.5
MRVL,2026-06-09 18:42:58.655837+00:00,PUT,240.0,2026-10-16,211345,45,53,25,261.16,REPEATEDHITSDESCENDINGFILL,True,False,False,150425,37545,233466624000.0,129,ASK,SHORT,1.0
MRVL,2026-06-09 18:20:06.629090+00:00,PUT,210.0,2026-06-12,181008,2010,13071,1519,261.965,REPEATEDHITSASCENDINGFILL,False,False,False,0,181008,233466624000.0,3,BID,LONG,0.5
MRVL,2026-06-09 17:27:05.990635+00:00,CALL,290.0,2026-07-24,1040875,405,475,258,256.06,REPEATEDHITS,False,False,False,1022885,15420,233466624000.0,45,ASK,LONG,1.0
MRVL,2026-06-09 17:06:35.351095+00:00,PUT,212.5,2026-06-18,489580,923,1949,497,252.57,REPEATEDHITSASCENDINGFILL,False,False,False,213915,275665,233466624000.0,9,BID,LONG,0.5
MRVL,2026-06-09 15:53:51.255974+00:00,PUT,187.5,2026-06-26,80594,325,329,71,260.62,REPEATEDHITSDESCENDINGFILL,False,False,False,80351,243,233466624000.0,17,ASK,SHORT,1.0
MRVL,2026-06-09 15:21:59.004127+00:00,CALL,282.5,2026-06-18,131751,99,349,45,267.3,REPEATEDHITSDESCENDINGFILL,True,False,False,0,131751,233466624000.0,9,BID,SHORT,0.5
MRVL,2026-06-09 15:02:36.743224+00:00,PUT,202.5,2026-06-26,135507,382,416,76,266.0001,REPEATEDHITSDESCENDINGFILL,True,False,False,128857,2100,233466624000.0,17,ASK,SHORT,1.0
MRVL,2026-06-09 14:50:24.240272+00:00,CALL,360.0,2026-07-24,91965,65,78,52,264.68,REPEATEDHITSASCENDINGFILL,False,False,False,45440,46525,233466624000.0,45,BID,SHORT,0.5
MRVL,2026-06-09 14:46:47.225989+00:00,PUT,230.0,2026-07-10,234500,170,192,118,266.43,REPEATEDHITSDESCENDINGFILL,False,False,False,234500,0,233466624000.0,31,ASK,SHORT,1.0
MRVL,2026-06-09 14:41:29.045337+00:00,CALL,460.0,2027-06-17,55215,9,80,7,271.01,REPEATEDHITS,True,False,False,6135,49080,233466624000.0,373,BID,SHORT,0.5
MRVL,2026-06-09 14:40:37.395580+00:00,CALL,460.0,2027-06-17,331290,54,66,7,270.94,REPEATEDHITS,False,False,False,184050,147240,233466624000.0,373,ASK,LONG,1.0
MRVL,2026-06-09 14:21:22.646368+00:00,PUT,212.5,2026-06-18,169936,688,689,497,269.3699,REPEATEDHITS,False,False,False,169936,0,233466624000.0,9,ASK,SHORT,1.0
MRVL,2026-06-09 14:12:06.667029+00:00,CALL,470.0,2026-09-18,188100,90,95,63,274.5173,REPEATEDHITS,False,False,False,146300,0,233466624000.0,101,ASK,LONG,1.0
MRVL,2026-06-09 14:09:47.191767+00:00,CALL,350.0,2027-12-17,238755,23,30,21,276.29,REPEATEDHITSASCENDINGFILL,False,False,False,176550,62205,233466624000.0,556,ASK,LONG,1.0
MRVL,2026-06-09 13:40:15.434722+00:00,PUT,280.0,2026-12-18,623495,84,247,58,284.56,REPEATEDHITSDESCENDINGFILL,False,False,False,378800,244695,233466624000.0,192,ASK,SHORT,1.0
MRVL,2026-06-08 19:58:42.902074+00:00,CALL,300.0,2026-07-24,975201,250,646,229,289.18,REPEATEDHITSASCENDINGFILL,False,False,False,975201,0,233466624000.0,46,ASK,LONG,1.0
MRVL,2026-06-08 19:36:28.731400+00:00,CALL,300.0,2026-10-16,653580,94,198,26,291.74,REPEATEDHITSASCENDINGFILL,False,False,False,299285,354295,233466624000.0,130,BID,SHORT,0.5
MRVL,2026-06-08 19:36:28.731400+00:00,CALL,300.0,2026-10-16,319995,46,244,26,291.74,REPEATEDHITSASCENDINGFILL,True,False,False,166770,153225,233466624000.0,130,ASK,LONG,1.0
MRVL,2026-06-08 19:33:10.244157+00:00,PUT,297.5,2026-06-12,437400,270,2285,259,295.47,REPEATEDHITS,False,False,False,0,437400,233466624000.0,4,BID,LONG,0.5
MRVL,2026-06-08 19:18:42.494839+00:00,CALL,450.0,2026-10-16,67935,19,35,4,291.54,REPEATEDHITSDESCENDINGFILL,False,False,False,7110,60825,233466624000.0,130,BID,SHORT,0.5
MRVL,2026-06-08 18:38:35.548635+00:00,CALL,400.0,2026-07-24,155260,82,142,12,297.945,REPEATEDHITSASCENDINGFILL,True,False,False,41110,114150,233466624000.0,46,BID,SHORT,0.5
MRVL,2026-06-08 16:49:36.053645+00:00,CALL,390.0,2026-11-20,282005,49,132,22,299.8062,REPEATEDHITSASCENDINGFILL,True,False,False,120735,161270,233466624000.0,165,BID,SHORT,0.5
MRVL,2026-06-08 13:54:24.882253+00:00,CALL,265.0,2026-06-18,107865,30,50,0,287.6185,REPEATEDHITSDESCENDINGFILL,False,False,False,53940,53925,233466624000.0,10,ASK,LONG,1.0
MRVL,2026-06-05 19:54:17.346072+00:00,CALL,292.5,2026-06-05,56296,227,4077,198,275.38,REPEATEDHITS,True,False,False,38440,7192,233466624000.0,0,ASK,LONG,1.0
MRVL,2026-06-05 19:52:38.745565+00:00,CALL,302.5,2026-07-10,53210,19,52,12,275.695,REPEATEDHITSASCENDINGFILL,False,False,False,5620,33540,233466624000.0,35,BID,SHORT,0.5
MRVL,2026-06-05 19:38:44.730132+00:00,PUT,257.5,2026-06-12,340497,265,633,135,277.02,REPEATEDHITSDESCENDINGFILL,False,False,False,340497,0,233466624000.0,7,ASK,SHORT,1.0
MRVL,2026-06-05 19:36:16.973159+00:00,PUT,267.5,2026-06-12,527405,313,1084,60,277.5,REPEATEDHITS,False,False,False,527405,0,233466624000.0,7,ASK,SHORT,1.0
MRVL,2026-06-05 19:26:03.882666+00:00,PUT,149.0,2026-06-12,83580,2388,4207,320,275.74,REPEATEDHITS,True,False,False,0,83580,233466624000.0,7,BID,LONG,0.5
MRVL,2026-06-05 19:17:19.472911+00:00,PUT,240.0,2027-03-19,71115,11,247,9,273.2,REPEATEDHITS,False,False,False,71115,0,233466624000.0,287,ASK,SHORT,1.0
MRVL,2026-06-05 19:14:20.245319+00:00,CALL,260.0,2026-08-21,1920720,318,12699,268,273.98,REPEATEDHITS,False,False,False,1920720,0,233466624000.0,77,ASK,LONG,1.0
MRVL,2026-06-05 19:13:06.973085+00:00,CALL,260.0,2026-08-21,2135820,355,10488,268,274.17,REPEATEDHITSDESCENDINGFILL,True,False,False,1914445,221375,233466624000.0,77,ASK,LONG,1.0
MRVL,2026-06-05 19:12:59.758794+00:00,CALL,260.0,2026-08-21,2412574,402,9722,268,274.0151,REPEATEDHITSASCENDINGFILL,True,False,False,1490319,922255,233466624000.0,77,ASK,LONG,1.0
MRVL,2026-06-05 19:12:02.472595+00:00,CALL,260.0,2026-08-21,1864345,316,7447,268,272.83,REPEATEDHITSDESCENDINGFILL,True,False,False,1152385,706100,233466624000.0,77,ASK,LONG,1.0
MRVL,2026-06-05 19:11:52.855273+00:00,CALL,260.0,2026-08-21,2367100,399,6927,268,273.16,REPEATEDHITSDESCENDINGFILL,True,False,False,1190810,1176290,233466624000.0,77,ASK,LONG,1.0
MRVL,2026-06-05 19:03:20.110823+00:00,CALL,290.0,2026-07-24,482315,122,170,2,277.4,REPEATEDHITSDESCENDINGFILL,False,False,False,383440,98875,233466624000.0,49,ASK,LONG,1.0
MRVL,2026-06-05 18:47:27.506813+00:00,CALL,415.0,2026-06-18,137754,551,568,152,270.05,REPEATEDHITS,False,False,False,1004,136750,233466624000.0,13,BID,SHORT,0.5
MRVL,2026-06-05 18:34:06.850791+00:00,CALL,270.0,2026-08-21,2983984,538,3567,309,273.95,REPEATEDHITSDESCENDINGFILL,True,False,False,2230420,742494,233466624000.0,77,ASK,LONG,1.0
MRVL,2026-06-05 18:10:17.441545+00:00,CALL,470.0,2026-06-18,101640,660,906,64,279.375,REPEATEDHITS,False,False,False,0,101640,233466624000.0,13,BID,SHORT,0.5
MRVL,2026-06-05 17:31:20.530768+00:00,PUT,230.0,2026-10-16,52605,14,24,0,282.8501,REPEATEDHITSDESCENDINGFILL,False,False,False,26320,26285,233466624000.0,133,ASK,SHORT,1.0
MRVL,2026-06-05 17:01:28.424121+00:00,CALL,440.0,2026-06-18,138548,537,540,71,283.4616,REPEATEDHITS,False,False,False,518,138030,233466624000.0,13,BID,SHORT,0.5
MSFT,2026-06-10 19:58:38.586265+00:00,CALL,400.0,2026-07-24,285874,162,287,87,398.085,REPEATEDHITSDESCENDINGFILL,False,False,False,285874,0,2996704843941.0,44,ASK,LONG,1.0
MSFT,2026-06-09 18:07:52.549761+00:00,CALL,405.0,2027-01-15,354585,77,266,71,403.4506,REPEATEDHITS,False,False,False,0,354585,2996704843941.0,220,BID,SHORT,0.5
MSFT,2026-06-09 18:00:29.004385+00:00,CALL,407.5,2026-06-12,198690,537,1700,109,402.9,REPEATEDHITS,False,False,False,198690,0,2996704843941.0,3,ASK,LONG,1.0
MSFT,2026-06-09 17:23:40.094803+00:00,PUT,400.0,2026-06-22,103331,125,157,15,401.625,REPEATEDHITSDESCENDINGFILL,False,False,False,7560,95771,2996704843941.0,13,BID,LONG,0.5
MSFT,2026-06-09 16:59:08.624953+00:00,PUT,397.5,2026-06-26,330756,344,393,10,399.77,REPEATEDHITSDESCENDINGFILL,True,False,False,139710,191046,2996704843941.0,17,BID,LONG,0.5
MSFT,2026-06-09 16:26:45.820447+00:00,CALL,407.5,2026-06-15,1228572,2857,2982,7,401.4602,REPEATEDHITS,True,False,False,0,1214382,2996704843941.0,6,BID,SHORT,0.5
MSFT,2026-06-09 15:56:15.486729+00:00,CALL,397.5,2026-06-22,147595,120,217,0,402.65,REPEATEDHITS,True,False,False,73800,73795,2996704843941.0,13,ASK,LONG,1.0
MSFT,2026-06-09 13:53:54.193783+00:00,CALL,470.0,2026-07-02,100210,911,924,594,411.06,REPEATEDHITS,False,False,False,0,100210,2996704843941.0,23,BID,SHORT,0.5
MSFT,2026-06-09 13:48:58.723357+00:00,PUT,405.0,2026-06-22,156525,244,248,28,410.885,REPEATEDHITSASCENDINGFILL,False,False,False,78985,77540,2996704843941.0,13,ASK,SHORT,1.0
MSFT,2026-06-08 18:42:23.190334+00:00,PUT,395.0,2026-08-21,735315,447,1011,295,412.29,REPEATEDHITS,True,False,False,735315,0,2996704843941.0,74,ASK,SHORT,1.0
MSFT,2026-06-08 18:42:15.380112+00:00,PUT,395.0,2026-08-21,820000,500,564,295,412.17,REPEATEDHITS,False,False,False,820000,0,2996704843941.0,74,ASK,SHORT,1.0
MSFT,2026-06-08 18:06:59.402968+00:00,CALL,412.5,2026-06-15,214500,300,425,4,412.5,REPEATEDHITS,False,False,False,0,214500,2996704843941.0,7,BID,SHORT,0.5
MSFT,2026-06-08 17:55:30.131929+00:00,PUT,435.0,2026-12-18,1653350,331,331,308,411.56,REPEATEDHITS,False,False,False,0,1643360,2996704843941.0,193,BID,LONG,0.5
MSFT,2026-06-08 16:44:23.345877+00:00,CALL,400.0,2026-06-15,214626,162,177,34,409.8762,REPEATEDHITSASCENDINGFILL,True,False,False,214626,0,2996704843941.0,7,ASK,LONG,1.0
MSFT,2026-06-08 16:40:42.699922+00:00,CALL,410.0,2026-07-24,164560,88,147,1,410.0,REPEATEDHITS,True,False,False,164560,0,2996704843941.0,46,ASK,LONG,1.0
MSFT,2026-06-08 15:32:20.001024+00:00,CALL,412.5,2026-06-12,109000,200,933,92,410.675,REPEATEDHITS,False,False,False,0,109000,2996704843941.0,4,BID,SHORT,0.5
MSFT,2026-06-08 15:31:40.757990+00:00,CALL,402.5,2026-06-17,190380,141,143,0,411.0,REPEATEDHITS,True,False,False,182250,8130,2996704843941.0,9,ASK,LONG,1.0
MSFT,2026-06-08 15:00:05.766140+00:00,PUT,412.5,2026-06-08,135356,988,7392,631,412.56,REPEATEDHITS,False,False,False,135356,0,2996704843941.0,0,ASK,SHORT,1.0
MSFT,2026-06-08 14:51:44.945497+00:00,PUT,412.5,2026-06-08,108600,724,6260,631,412.49,REPEATEDHITS,True,False,False,0,29700,2996704843941.0,0,BID,LONG,0.5
MSFT,2026-06-08 14:25:09.623862+00:00,CALL,415.0,2026-06-22,207535,242,255,0,412.72,REPEATEDHITSDESCENDINGFILL,False,False,False,103470,104065,2996704843941.0,14,BID,SHORT,0.5
MSFT,2026-06-05 17:43:29.422739+00:00,CALL,425.0,2026-06-08,135830,799,8060,161,420.52,REPEATEDHITS,False,False,False,0,135830,2996704843941.0,3,BID,SHORT,0.5
MSFT,2026-06-05 17:15:36.760422+00:00,CALL,432.5,2026-06-18,404974,794,957,767,419.9001,REPEATEDHITSASCENDINGFILL,False,False,False,2050,402924,2996704843941.0,13,BID,SHORT,0.5
MSFT,2026-06-05 14:42:10.425543+00:00,CALL,422.5,2026-06-08,428401,1360,2747,84,421.675,REPEATEDHITS,False,False,False,16065,412336,2996704843941.0,3,BID,SHORT,0.5
MSFT,2026-06-04 19:13:52.798537+00:00,CALL,510.0,2026-07-02,103443,1189,2212,131,428.2504,REPEATEDHITS,False,False,False,8613,93699,2996704843941.0,28,BID,SHORT,0.5
MSFT,2026-06-04 17:05:39.137351+00:00,CALL,465.0,2026-07-24,155050,204,210,0,426.795,REPEATEDHITS,False,False,False,1530,153520,2996704843941.0,50,BID,SHORT,0.5
MSFT,2026-06-04 15:52:14.888368+00:00,CALL,460.0,2027-09-17,294610,48,49,39,429.69,REPEATEDHITSDESCENDINGFILL,False,False,False,227340,67270,2996704843941.0,470,ASK,LONG,1.0
MSFT,2026-06-03 18:03:47.122677+00:00,CALL,452.5,2026-06-12,206700,957,1131,238,427.205,REPEATEDHITSDESCENDINGFILL,False,False,False,190512,2796,2996704843941.0,9,ASK,LONG,1.0
MSFT,2026-06-03 16:16:48.292645+00:00,CALL,425.0,2026-06-03,138432,824,5248,289,425.44,REPEATEDHITS,False,False,False,0,138432,2996704843941.0,0,BID,SHORT,0.5
MSFT,2026-06-03 15:02:43.470838+00:00,CALL,427.5,2026-06-03,139008,724,3078,373,427.6,REPEATEDHITS,False,False,False,0,139008,2996704843941.0,0,BID,SHORT,0.5
MSFT,2026-06-02 19:20:55.964378+00:00,PUT,442.5,2026-06-08,290975,366,509,24,442.02,REPEATEDHITS,True,False,False,2390,288585,2996704843941.0,6,BID,LONG,0.5
MSFT,2026-06-02 18:56:20.828138+00:00,CALL,442.5,2026-06-03,200555,573,5570,380,440.6599,REPEATEDHITS,False,False,False,355,200200,2996704843941.0,1,BID,SHORT,0.5
MSFT,2026-06-02 16:55:04.612932+00:00,PUT,425.0,2027-09-17,242000,50,50,26,443.38,REPEATEDHITS,False,False,False,169400,72600,2996704843941.0,472,ASK,SHORT,1.0
MSFT,2026-06-02 16:30:30.813079+00:00,PUT,445.0,2026-06-03,759360,1356,3398,804,445.7,REPEATEDHITS,False,False,False,759360,0,2996704843941.0,1,ASK,SHORT,1.0
MSFT,2026-06-02 16:30:30.813079+00:00,CALL,442.5,2026-06-03,343507,449,2669,380,445.7,REPEATEDHITS,False,False,False,0,343507,2996704843941.0,1,BID,SHORT,0.5
MSFT,2026-06-02 16:30:30.813079+00:00,CALL,452.5,2026-06-03,330301,926,4643,850,445.7,REPEATEDHITSASCENDINGFILL,False,False,False,222480,107821,2996704843941.0,1,ASK,LONG,1.0
MSFT,2026-06-02 16:30:30.813079+00:00,CALL,447.5,2026-06-03,325035,608,4365,450,445.7,REPEATEDHITSASCENDINGFILL,False,False,False,299065,25970,2996704843941.0,1,ASK,LONG,1.0
MSFT,2026-06-02 16:18:59.338124+00:00,PUT,447.5,2026-06-12,109350,90,217,17,444.99,REPEATEDHITS,True,False,False,0,109350,2996704843941.0,10,BID,LONG,0.5
MSFT,2026-06-02 16:18:37.311468+00:00,CALL,615.0,2027-09-17,248915,92,118,9,444.905,REPEATEDHITSASCENDINGFILL,True,False,False,183680,24435,2996704843941.0,472,ASK,LONG,1.0
MSFT,2026-06-02 14:56:15.865624+00:00,CALL,437.5,2026-06-03,176000,200,295,150,442.98,REPEATEDHITS,False,False,False,0,176000,2996704843941.0,1,BID,SHORT,0.5
MSFT,2026-06-02 14:06:01.155072+00:00,CALL,765.0,2028-01-21,181370,102,109,52,445.275,REPEATEDHITS,False,False,False,112840,68530,2996704843941.0,598,ASK,LONG,1.0
MSFT,2026-06-02 14:05:24.875684+00:00,CALL,465.0,2026-08-21,5262751,2339,2387,384,445.22,REPEATEDHITS,False,False,False,0,5262751,2996704843941.0,80,BID,SHORT,0.5
MSFT,2026-06-01 19:46:39.371672+00:00,PUT,455.0,2026-06-05,105840,189,2252,56,461.9,REPEATEDHITS,False,False,False,0,38640,2996704843941.0,4,BID,LONG,0.5
MSFT,2026-06-01 19:42:54.732011+00:00,PUT,460.0,2026-06-03,158200,280,1594,3,463.195,REPEATEDHITS,True,False,False,158200,0,2996704843941.0,2,ASK,SHORT,1.0
MSFT,2026-06-01 19:02:17.521017+00:00,PUT,445.0,2026-06-26,443743,519,975,127,460.775,REPEATEDHITSDESCENDINGFILL,False,False,False,443743,0,2996704843941.0,25,ASK,SHORT,1.0
MSFT,2026-06-01 18:18:35.177631+00:00,PUT,450.0,2026-06-05,208318,508,2946,206,461.0899,REPEATEDHITS,True,False,False,820,207498,2996704843941.0,4,BID,LONG,0.5
MSFT,2026-06-01 18:07:17.990842+00:00,PUT,452.5,2026-06-12,168280,213,226,0,460.79,REPEATEDHITS,True,False,False,0,168280,2996704843941.0,11,BID,LONG,0.5
MSFT,2026-06-01 18:07:09.372679+00:00,CALL,480.0,2026-06-03,460000,2500,7931,689,460.59,REPEATEDHITS,False,False,False,0,0,2996704843941.0,2,MIXED,,0.0
MSFT,2026-06-01 18:07:09.372679+00:00,CALL,475.0,2026-06-03,677500,2500,8594,360,460.59,REPEATEDHITS,False,False,False,0,0,2996704843941.0,2,MIXED,,0.0
MSFT,2026-06-01 17:39:27.736280+00:00,CALL,472.5,2026-06-05,167660,404,2209,381,458.8,REPEATEDHITS,False,False,False,167660,0,2996704843941.0,4,ASK,LONG,1.0
MSFT,2026-06-01 16:28:17.864594+00:00,PUT,455.0,2026-10-16,224600,70,128,68,461.38,REPEATEDHITSASCENDINGFILL,False,False,False,83590,141010,2996704843941.0,137,BID,LONG,0.5
NBIS,2026-06-10 19:49:23.160573+00:00,PUT,182.5,2026-06-18,35873,61,90,0,212.33,REPEATEDHITSASCENDINGFILL,False,False,False,27713,8160,48308655171.0,8,ASK,SHORT,1.0
NBIS,2026-06-10 19:49:23.160573+00:00,PUT,177.5,2026-06-18,20706,42,486,0,212.33,REPEATEDHITSASCENDINGFILL,True,False,False,17770,1946,48308655171.0,8,ASK,SHORT,1.0
NBIS,2026-06-10 19:49:23.160573+00:00,PUT,182.5,2026-06-18,21770,37,127,0,212.33,REPEATEDHITSASCENDINGFILL,True,False,False,21770,0,48308655171.0,8,ASK,SHORT,1.0
NBIS,2026-06-10 19:10:04.907688+00:00,PUT,182.5,2026-06-12,65024,508,694,376,215.2589,REPEATEDHITS,False,False,False,65024,0,48308655171.0,2,ASK,SHORT,1.0
NBIS,2026-06-10 18:45:48.807683+00:00,CALL,350.0,2026-07-10,12892,44,48,14,215.625,REPEATEDHITS,False,False,False,0,12892,48308655171.0,30,BID,SHORT,0.5
NBIS,2026-06-10 18:30:07.002203+00:00,CALL,272.5,2026-06-18,11275,41,72,0,218.625,REPEATEDHITS,False,False,False,0,11275,48308655171.0,8,BID,SHORT,0.5
NBIS,2026-06-10 17:01:41.784628+00:00,PUT,187.5,2026-06-12,137218,874,977,590,216.96,REPEATEDHITS,False,False,False,137218,0,48308655171.0,2,ASK,SHORT,1.0
NBIS,2026-06-10 15:11:27.125913+00:00,CALL,380.0,2027-03-19,198405,41,86,5,218.76,REPEATEDHITSDESCENDINGFILL,False,False,False,4825,193580,48308655171.0,282,BID,SHORT,0.5
NBIS,2026-06-10 14:59:13.397910+00:00,PUT,192.5,2026-06-18,19570,30,58,0,220.06,REPEATEDHITS,True,False,False,13070,6500,48308655171.0,8,ASK,SHORT,1.0
NBIS,2026-06-10 14:48:52.832288+00:00,CALL,262.5,2026-06-26,27120,28,31,8,225.075,REPEATEDHITSDESCENDINGFILL,True,False,False,970,26150,48308655171.0,16,BID,SHORT,0.5
NBIS,2026-06-10 14:48:15.763803+00:00,CALL,287.5,2026-06-18,39272,170,182,0,225.13,REPEATEDHITS,True,False,False,0,39272,48308655171.0,8,BID,SHORT,0.5
NBIS,2026-06-10 14:46:39.248692+00:00,CALL,290.0,2026-07-24,10990,7,18,3,226.04,REPEATEDHITS,False,False,False,1570,9420,48308655171.0,44,BID,SHORT,0.5
NBIS,2026-06-10 14:20:59.701067+00:00,PUT,210.0,2026-07-17,1587756,680,741,441,227.78,REPEATEDHITSDESCENDINGFILL,False,False,False,1569116,18640,48308655171.0,37,ASK,SHORT,1.0
NBIS,2026-06-09 18:34:32.312177+00:00,CALL,212.5,2026-06-12,154295,106,642,29,218.69,REPEATEDHITSDESCENDINGFILL,True,False,False,23340,130955,48308655171.0,3,BID,SHORT,0.5
NBIS,2026-06-09 18:22:39.045400+00:00,PUT,197.5,2026-06-26,50625,40,380,27,217.585,REPEATEDHITSDESCENDINGFILL,True,False,False,19050,31575,48308655171.0,17,BID,LONG,0.5
NBIS,2026-06-09 17:50:10.905777+00:00,CALL,212.5,2026-06-12,101700,100,509,29,211.2188,REPEATEDHITS,False,False,False,20340,81360,48308655171.0,3,BID,SHORT,0.5
NBIS,2026-06-09 17:46:11.070497+00:00,CALL,212.5,2026-06-12,264543,229,402,29,212.8825,REPEATEDHITSDESCENDINGFILL,True,False,False,95819,168724,48308655171.0,3,BID,SHORT,0.5
NBIS,2026-06-09 17:46:11.070497+00:00,CALL,237.5,2026-06-12,76290,241,1129,174,213.62,REPEATEDHITSDESCENDINGFILL,True,False,False,14880,61410,48308655171.0,3,BID,SHORT,0.5
NBIS,2026-06-09 17:46:11.070497+00:00,CALL,187.5,2026-06-12,780737,280,356,75,212.74,REPEATEDHITSDESCENDINGFILL,True,False,False,383670,397067,48308655171.0,3,BID,SHORT,0.5
NBIS,2026-06-09 17:46:11.070497+00:00,CALL,195.0,2026-06-12,165595,75,515,52,212.8825,REPEATEDHITSASCENDINGFILL,False,False,False,80105,85490,48308655171.0,3,BID,SHORT,0.5
NBIS,2026-06-09 17:46:11.070497+00:00,CALL,197.5,2026-06-12,119750,60,925,39,212.74,REPEATEDHITS,True,False,False,60050,59700,48308655171.0,3,ASK,LONG,1.0
NBIS,2026-06-09 17:46:11.070497+00:00,CALL,185.0,2026-06-12,1297065,427,434,63,212.8825,REPEATEDHITSDESCENDINGFILL,True,False,False,547100,749965,48308655171.0,3,BID,SHORT,0.5
NBIS,2026-06-09 17:46:11.070497+00:00,CALL,197.5,2026-06-12,181820,85,855,39,214.265,REPEATEDHITS,False,False,False,0,181820,48308655171.0,3,BID,SHORT,0.5
NBIS,2026-06-09 17:24:25.169389+00:00,PUT,90.0,2026-08-21,109872,436,900,221,211.3425,REPEATEDHITS,False,False,False,109872,0,48308655171.0,73,ASK,SHORT,1.0
NBIS,2026-06-09 16:59:44.720878+00:00,CALL,200.0,2026-06-12,991345,721,853,209,203.67,REPEATEDHITS,True,False,False,988625,2720,48308655171.0,3,ASK,LONG,1.0
NBIS,2026-06-09 16:59:44.720878+00:00,CALL,197.5,2026-06-12,1137000,753,754,39,203.67,REPEATEDHITS,True,False,False,1134010,2990,48308655171.0,3,ASK,LONG,1.0
NBIS,2026-06-09 16:59:44.720878+00:00,CALL,205.0,2026-06-12,1026220,918,1219,159,203.81,REPEATEDHITSASCENDINGFILL,True,False,False,887040,139180,48308655171.0,3,ASK,LONG,1.0
NBIS,2026-06-09 16:59:44.720878+00:00,CALL,202.5,2026-06-12,912645,742,769,283,203.67,REPEATEDHITS,False,False,False,911430,1215,48308655171.0,3,ASK,LONG,1.0
NBIS,2026-06-09 13:44:41.316200+00:00,PUT,217.5,2026-06-26,58945,38,39,20,232.62,REPEATEDHITSASCENDINGFILL,True,False,False,23340,35605,48308655171.0,17,BID,LONG,0.5
NBIS,2026-06-09 13:44:20.671388+00:00,CALL,237.5,2026-06-12,254584,264,317,174,232.785,REPEATEDHITSDESCENDINGFILL,True,False,False,152444,102140,48308655171.0,3,ASK,LONG,1.0
NBIS,2026-06-08 19:38:44.973187+00:00,PUT,150.0,2026-06-12,70000,3500,4069,2411,220.94,FLOORTRADELARGECAP,False,True,False,70000,0,48308655171.0,4,ASK,SHORT,1.0
NBIS,2026-06-08 19:14:02.136576+00:00,CALL,360.0,2026-09-18,93360,48,105,29,218.7201,REPEATEDHITS,False,False,False,93360,0,48308655171.0,102,ASK,LONG,1.0
NBIS,2026-06-08 17:04:13.481024+00:00,PUT,195.0,2028-12-15,123175,13,37,12,223.61,REPEATEDHITS,False,False,False,85275,37900,48308655171.0,921,ASK,SHORT,1.0
NBIS,2026-06-08 15:55:20.074224+00:00,PUT,217.5,2026-06-18,475314,329,496,166,226.3,REPEATEDHITSDESCENDINGFILL,True,False,False,472444,2870,48308655171.0,10,ASK,SHORT,1.0
NBIS,2026-06-08 15:45:43.154519+00:00,PUT,120.0,2026-07-24,15370,74,251,4,231.57,REPEATEDHITSDESCENDINGFILL,False,False,False,15370,0,48308655171.0,46,ASK,SHORT,1.0
NBIS,2026-06-08 14:47:37.681080+00:00,PUT,165.0,2026-07-24,21040,23,26,8,231.89,REPEATEDHITSASCENDINGFILL,False,False,False,910,20130,48308655171.0,46,BID,LONG,0.5
NBIS,2026-06-08 14:19:07.289136+00:00,PUT,160.0,2026-07-24,10935,12,102,6,223.8199,REPEATEDHITSASCENDINGFILL,True,False,False,9100,915,48308655171.0,46,ASK,SHORT,1.0
NBIS,2026-06-08 14:12:45.520186+00:00,PUT,170.0,2026-07-24,131145,110,112,24,222.11,REPEATEDHITSDESCENDINGFILL,False,False,False,65740,65405,48308655171.0,46,ASK,SHORT,1.0
NBIS,2026-06-05 19:54:56.862762+00:00,CALL,370.0,2026-07-24,105495,151,166,0,228.14,REPEATEDHITSASCENDINGFILL,True,False,False,52440,53055,48308655171.0,49,BID,SHORT,0.5
NBIS,2026-06-05 19:52:27.713603+00:00,CALL,222.5,2026-06-18,383614,166,202,53,227.41,REPEATEDHITSASCENDINGFILL,True,False,False,2325,381289,48308655171.0,13,BID,SHORT,0.5
NBIS,2026-06-05 19:21:17.662645+00:00,PUT,215.0,2026-06-12,4719330,4086,4627,429,224.37,REPEATEDHITS,False,False,False,3146220,1573110,48308655171.0,7,ASK,SHORT,1.0
NBIS,2026-06-05 19:21:17.662645+00:00,PUT,222.5,2026-06-12,271660,188,466,132,224.37,REPEATEDHITS,False,False,False,0,271660,48308655171.0,7,BID,LONG,0.5
NBIS,2026-06-05 17:11:00.141235+00:00,CALL,227.5,2026-06-05,65000,500,1879,116,223.6401,REPEATEDHITS,True,False,False,0,65000,48308655171.0,0,BID,SHORT,0.5
NBIS,2026-06-05 16:34:24.947869+00:00,CALL,240.0,2026-06-12,180165,200,801,191,224.51,REPEATEDHITSASCENDINGFILL,False,False,False,0,180165,48308655171.0,7,BID,SHORT,0.5
NBIS,2026-06-05 16:09:58.335389+00:00,CALL,232.5,2026-06-05,70350,402,1176,94,229.83,REPEATEDHITS,False,False,False,0,70350,48308655171.0,0,BID,SHORT,0.5
NBIS,2026-06-05 15:44:19.001461+00:00,PUT,120.0,2026-09-18,423085,546,550,386,232.1,REPEATEDHITSDESCENDINGFILL,False,False,False,423085,0,48308655171.0,105,ASK,SHORT,1.0
NBIS,2026-06-05 14:20:27.207983+00:00,PUT,195.0,2026-09-18,657000,214,214,136,239.35,REPEATEDHITS,True,False,False,0,657000,48308655171.0,105,BID,LONG,0.5
NBIS,2026-06-05 14:16:16.826241+00:00,CALL,240.0,2026-06-05,322763,1124,2321,878,237.228,REPEATEDHITSASCENDINGFILL,True,False,False,308751,14012,48308655171.0,0,ASK,LONG,1.0
NBIS,2026-06-04 18:03:30.972299+00:00,PUT,245.0,2026-06-18,131760,86,114,73,260.9644,REPEATEDHITSDESCENDINGFILL,True,False,False,101160,30600,48308655171.0,14,ASK,SHORT,1.0
NBIS,2026-06-04 17:48:23.928225+00:00,CALL,350.0,2026-09-18,2588172,726,737,113,258.99,REPEATEDHITSDESCENDINGFILL,False,False,False,2577492,10680,48308655171.0,106,ASK,LONG,1.0
NEM,2026-06-10 14:17:51.179184+00:00,CALL,110.0,2026-07-17,1890000,10000,10110,2948,96.58,LOWHISTORICVOLUMEFLOOR,False,True,True,1890000,0,105196649365.0,37,ASK,LONG,1.0
NEM,2026-06-05 17:54:44.585043+00:00,PUT,103.0,2026-07-02,94257,176,236,0,101.9,REPEATEDHITSASCENDINGFILL,True,False,False,10260,83997,105196649365.0,27,BID,LONG,0.5
NEM,2026-06-04 15:50:47.685494+00:00,PUT,80.0,2026-08-21,56723,591,593,236,108.56,REPEATEDHITS,False,False,False,55763,960,105196649365.0,78,ASK,SHORT,1.0
NEM,2026-06-03 14:37:33.841973+00:00,CALL,140.0,2026-07-17,186223,2507,2510,2417,108.05,REPEATEDHITSDESCENDINGFILL,True,False,False,185775,448,105196649365.0,44,ASK,LONG,1.0
NEM,2026-05-29 19:09:58.909309+00:00,CALL,116.0,2026-06-18,94924,394,400,28,109.82,REPEATEDHITSDESCENDINGFILL,True,False,False,10815,84109,105196649365.0,20,BID,SHORT,0.5
NEM,2026-05-29 19:09:58.909309+00:00,CALL,118.0,2026-06-18,74240,416,423,260,109.82,REPEATEDHITSASCENDINGFILL,True,False,False,11584,62656,105196649365.0,20,BID,SHORT,0.5
NEM,2026-05-29 15:54:47.526204+00:00,CALL,145.0,2026-09-18,548390,1859,1859,533,110.45,REPEATEDHITSDESCENDINGFILL,True,False,False,546038,2352,105196649365.0,112,ASK,LONG,1.0
NEM,2026-05-22 18:47:57.216386+00:00,PUT,108.0,2026-06-12,51340,122,165,12,108.81,REPEATEDHITS,False,False,False,4300,47040,105196649365.0,21,BID,LONG,0.5
NEM,2026-05-21 16:46:54.803206+00:00,PUT,107.0,2026-06-05,108325,285,285,41,107.095,REPEATEDHITSASCENDINGFILL,False,False,False,0,108325,105196649365.0,15,BID,LONG,0.5
NEM,2026-05-21 15:48:30.676163+00:00,CALL,105.0,2026-06-26,50735,73,73,12,106.95,REPEATEDHITS,True,False,False,4170,46565,105196649365.0,36,BID,SHORT,0.5
NEM,2026-05-21 14:36:13.498332+00:00,PUT,103.0,2026-06-18,135610,382,382,68,106.88,REPEATEDHITS,False,False,False,12070,123540,105196649365.0,28,BID,LONG,0.5
NEM,2026-05-19 18:49:14.019177+00:00,CALL,109.0,2026-06-18,189827,506,506,2,104.8699,REPEATEDHITS,False,False,False,0,189827,105196649365.0,30,BID,SHORT,0.5
NEM,2026-05-19 18:49:14.019177+00:00,CALL,108.0,2026-06-18,81700,192,208,3,104.8699,REPEATEDHITSDESCENDINGFILL,True,False,False,77400,4300,105196649365.0,30,ASK,LONG,1.0
NEM,2026-05-15 17:32:35.947443+00:00,PUT,97.5,2027-03-19,71290,66,145,12,109.15,REPEATEDHITS,False,False,False,1090,70200,105196649365.0,308,BID,LONG,0.5
NEM,2026-05-15 17:25:40.154344+00:00,PUT,117.0,2026-06-26,62521,55,55,2,109.3,REPEATEDHITSASCENDINGFILL,True,False,False,0,62521,105196649365.0,42,BID,LONG,0.5
NEM,2026-05-15 15:09:03.726099+00:00,PUT,100.0,2026-06-05,102808,724,910,90,109.57,REPEATEDHITS,False,False,False,102098,0,105196649365.0,21,ASK,SHORT,1.0
NEM,2026-05-12 15:12:17.378671+00:00,CALL,115.0,2026-06-12,130617,173,173,6,117.48,REPEATEDHITS,True,False,False,0,130617,105196649365.0,31,BID,SHORT,0.5
NVDA,2026-06-10 19:37:05.541668+00:00,PUT,192.5,2026-06-26,192500,500,1423,148,200.7853,REPEATEDHITS,False,False,False,0,169400,5038198000000.0,16,BID,LONG,0.5
NVDA,2026-06-10 18:59:40.574784+00:00,PUT,175.0,2026-07-10,390476,2077,2247,853,201.15,REPEATEDHITS,False,False,False,0,390476,5038198000000.0,30,BID,LONG,0.5
NVDA,2026-06-10 18:48:48.869857+00:00,PUT,192.5,2026-06-26,180000,500,910,148,201.68,REPEATEDHITS,False,False,False,180000,0,5038198000000.0,16,ASK,SHORT,1.0
NVDA,2026-06-10 18:36:07.453968+00:00,PUT,185.0,2026-06-15,129611,3503,6884,344,202.06,REPEATEDHITS,False,False,False,0,129611,5038198000000.0,5,BID,LONG,0.5
NVDA,2026-06-10 15:10:34.423601+00:00,CALL,245.0,2026-07-02,163125,3625,3650,2774,203.158,REPEATEDHITS,False,False,False,0,163125,5038198000000.0,22,BID,SHORT,0.5
NVDA,2026-06-09 19:08:29.445926+00:00,CALL,215.0,2027-12-17,12604800,2626,5238,2298,207.145,REPEATEDHITS,False,False,False,4608000,2812800,5038198000000.0,556,ASK,LONG,1.0
NVDA,2026-06-09 17:49:19.447183+00:00,CALL,200.0,2026-06-24,100318,100,131,0,204.335,REPEATEDHITSDESCENDINGFILL,False,False,False,49450,50868,5038198000000.0,15,BID,SHORT,0.5
NVDA,2026-06-09 17:22:24.192547+00:00,CALL,190.0,2026-06-24,178500,100,102,0,203.83,REPEATEDHITS,False,False,False,178500,0,5038198000000.0,15,ASK,LONG,1.0
NVDA,2026-06-08 15:34:39.790498+00:00,PUT,207.5,2026-06-17,113000,200,478,155,207.2188,REPEATEDHITS,False,False,False,113000,0,5038198000000.0,9,ASK,SHORT,1.0
NVDA,2026-06-08 15:17:44.199604+00:00,CALL,210.0,2026-06-15,2665575,6664,9588,1369,208.63,REPEATEDHITSDESCENDINGFILL,False,False,False,2641175,12800,5038198000000.0,7,ASK,LONG,1.0
NVDA,2026-06-08 14:46:27.940198+00:00,PUT,190.0,2026-06-17,183075,2441,2624,251,208.48,REPEATEDHITS,False,False,False,0,183075,5038198000000.0,9,BID,LONG,0.5
NVDA,2026-06-08 13:34:03.735339+00:00,PUT,207.5,2026-06-15,223190,496,547,382,208.41,REPEATEDHITS,True,False,False,223190,0,5038198000000.0,7,ASK,SHORT,1.0
NVDA,2026-06-05 19:24:48.682250+00:00,CALL,205.0,2026-06-08,145000,500,27595,154,205.43,REPEATEDHITS,True,False,False,0,46110,5038198000000.0,3,BID,SHORT,0.5
NVDA,2026-06-05 19:24:39.263508+00:00,CALL,205.0,2026-06-08,108375,375,27028,154,205.33,REPEATEDHITS,True,False,False,108375,0,5038198000000.0,3,ASK,LONG,1.0
NVDA,2026-06-05 19:17:35.108728+00:00,CALL,205.0,2026-06-08,211900,815,25202,154,204.69,REPEATEDHITS,True,False,False,196300,15600,5038198000000.0,3,ASK,LONG,1.0
NVDA,2026-06-05 19:12:17.098256+00:00,CALL,205.0,2026-06-08,127521,471,24085,154,204.96,REPEATEDHITS,True,False,False,115988,10991,5038198000000.0,3,ASK,LONG,1.0
NVDA,2026-06-05 19:06:23.222964+00:00,CALL,210.0,2026-06-08,102717,909,64978,727,206.09,REPEATEDHITS,False,False,False,0,102717,5038198000000.0,3,BID,SHORT,0.5
NVDA,2026-06-05 18:54:09.311233+00:00,CALL,200.0,2026-06-10,100695,137,984,108,204.9,REPEATEDHITS,False,False,False,0,100695,5038198000000.0,5,BID,SHORT,0.5
NVDA,2026-06-05 18:47:00.022610+00:00,CALL,205.0,2026-06-08,156528,568,16375,154,205.1,REPEATEDHITSDESCENDINGFILL,False,False,False,3588,110712,5038198000000.0,3,BID,SHORT,0.5
NVDA,2026-06-05 18:43:07.167129+00:00,CALL,205.0,2026-06-08,141060,502,14034,154,205.22,REPEATEDHITSASCENDINGFILL,False,False,False,141060,0,5038198000000.0,3,ASK,LONG,1.0
NVDA,2026-06-05 18:41:57.210235+00:00,CALL,205.0,2026-06-08,111177,403,13217,154,205.061,REPEATEDHITSDESCENDINGFILL,True,False,False,96600,14025,5038198000000.0,3,ASK,LONG,1.0
NVDA,2026-06-05 18:36:55.350626+00:00,CALL,205.0,2026-06-08,300675,1055,11376,154,205.41,REPEATEDHITS,True,False,False,0,300675,5038198000000.0,3,BID,SHORT,0.5
NVDA,2026-06-05 18:36:19.504043+00:00,CALL,205.0,2026-06-08,140782,501,10319,154,205.35,REPEATEDHITS,False,False,False,140782,0,5038198000000.0,3,ASK,LONG,1.0
NVDA,2026-06-05 18:32:48.924150+00:00,CALL,205.0,2026-06-08,143400,478,9711,154,205.67,REPEATEDHITS,False,False,False,0,143400,5038198000000.0,3,BID,SHORT,0.5
NVDA,2026-06-05 17:57:47.051340+00:00,PUT,195.0,2026-07-24,225880,350,523,256,207.875,REPEATEDHITS,False,False,False,0,225880,5038198000000.0,49,BID,LONG,0.5
NVDA,2026-06-05 17:19:18.836895+00:00,CALL,210.0,2026-06-08,121644,981,40832,727,207.01,REPEATEDHITS,True,False,False,121644,0,5038198000000.0,3,ASK,LONG,1.0
NVDA,2026-06-05 16:40:47.383723+00:00,CALL,207.5,2026-06-08,129000,516,6685,306,207.48,REPEATEDHITS,False,False,False,0,129000,5038198000000.0,3,BID,SHORT,0.5
NVDA,2026-06-05 15:51:13.929819+00:00,CALL,202.5,2026-06-10,199680,256,1088,126,208.69,REPEATEDHITS,False,False,False,199680,0,5038198000000.0,5,ASK,LONG,1.0
NVDA,2026-06-05 15:14:55.914745+00:00,CALL,205.0,2026-06-15,118500,150,180,104,209.434,REPEATEDHITS,False,False,False,0,36340,5038198000000.0,10,BID,SHORT,0.5
NVDA,2026-06-04 16:32:42.420588+00:00,CALL,215.0,2026-07-02,3700125,3289,4822,3202,217.71,REPEATEDHITS,False,False,False,3700125,0,5038198000000.0,28,ASK,LONG,1.0
NVDA,2026-06-03 19:32:32.990652+00:00,CALL,202.5,2026-06-08,130900,100,108,34,215.1799,REPEATEDHITS,False,False,False,130900,0,5038198000000.0,5,ASK,LONG,1.0
NVDA,2026-06-03 19:30:32.852553+00:00,PUT,212.5,2026-06-18,1210670,2124,2932,1601,215.31,REPEATEDHITS,False,False,False,1210670,0,5038198000000.0,15,ASK,SHORT,1.0
NVDA,2026-06-02 18:09:08.750780+00:00,PUT,230.0,2026-06-03,315700,451,23016,125,223.51,REPEATEDHITS,True,False,False,315700,0,5038198000000.0,1,ASK,SHORT,1.0
NVDA,2026-06-02 17:52:35.465058+00:00,PUT,230.0,2026-06-03,252650,326,22484,125,222.675,REPEATEDHITS,False,False,False,0,252650,5038198000000.0,1,BID,LONG,0.5
NVDA,2026-06-02 17:42:49.139076+00:00,CALL,221.0,2026-06-18,4025888,4424,4771,3818,222.96,REPEATEDHITSASCENDINGFILL,False,False,False,0,4025888,5038198000000.0,16,BID,SHORT,0.5
NVDA,2026-06-02 17:27:27.316808+00:00,PUT,235.0,2026-06-03,272755,248,1703,97,224.2,REPEATEDHITSASCENDINGFILL,False,False,False,110000,9855,5038198000000.0,1,ASK,SHORT,1.0
NVDA,2026-06-02 16:26:08.731121+00:00,CALL,430.0,2027-01-15,296507,1090,3139,484,224.37,REPEATEDHITSASCENDINGFILL,True,False,False,0,296507,5038198000000.0,227,BID,SHORT,0.5
NVDA,2026-06-02 16:24:48.417435+00:00,PUT,232.5,2026-06-03,367400,440,5759,224,224.64,REPEATEDHITS,False,False,False,367400,0,5038198000000.0,1,ASK,SHORT,1.0
NVDA,2026-06-02 16:21:24.941527+00:00,PUT,230.0,2026-07-02,204750,150,407,104,224.501,REPEATEDHITS,False,False,False,83265,0,5038198000000.0,30,ASK,SHORT,1.0
NVDA,2026-06-02 15:26:54.813218+00:00,PUT,205.0,2028-06-16,194250,50,51,35,225.875,REPEATEDHITS,False,False,False,194250,0,5038198000000.0,745,ASK,SHORT,1.0
NVDA,2026-06-02 14:04:08.902058+00:00,PUT,240.0,2026-06-03,175100,170,656,97,230.15,REPEATEDHITS,False,False,False,0,175100,5038198000000.0,1,BID,LONG,0.5
NVDA,2026-06-02 13:54:53.208741+00:00,PUT,230.0,2026-06-03,206798,752,5901,125,230.625,REPEATEDHITSDESCENDINGFILL,True,False,False,206250,548,5038198000000.0,1,ASK,SHORT,1.0
NVDA,2026-06-02 13:49:12.585092+00:00,PUT,230.0,2026-06-03,233920,688,1395,125,229.23,REPEATEDHITS,True,False,False,233920,0,5038198000000.0,1,ASK,SHORT,1.0
NVDA,2026-06-02 13:49:12.585092+00:00,PUT,230.0,2026-06-03,100640,296,1691,125,229.23,REPEATEDHITS,False,False,False,100640,0,5038198000000.0,1,ASK,SHORT,1.0
NVDA,2026-06-02 13:38:25.563335+00:00,PUT,240.0,2026-06-26,634455,350,500,116,226.618,REPEATEDHITSASCENDINGFILL,True,False,False,272500,361955,5038198000000.0,24,BID,LONG,0.5
NVDA,2026-06-02 13:33:03.064220+00:00,CALL,430.0,2027-01-15,264368,1000,1000,484,225.955,REPEATEDHITSDESCENDINGFILL,True,False,False,264368,0,5038198000000.0,227,ASK,LONG,1.0
NVDA,2026-06-01 19:59:38.969331+00:00,PUT,225.0,2026-06-03,360095,1000,5639,335,224.385,REPEATEDHITSASCENDINGFILL,True,False,False,0,360095,5038198000000.0,2,BID,LONG,0.5
NVDA,2026-06-01 19:53:01.087580+00:00,PUT,222.5,2026-06-03,150040,484,17770,47,222.77,REPEATEDHITS,True,False,False,0,150040,5038198000000.0,2,BID,LONG,0.5
NVDA,2026-06-01 19:51:03.063783+00:00,PUT,220.0,2026-06-08,156695,407,1997,139,222.6799,REPEATEDHITS,False,False,False,156310,385,5038198000000.0,7,ASK,SHORT,1.0
NVDA,2026-06-01 18:46:23.259199+00:00,CALL,235.0,2026-06-12,2860139,9080,14582,6948,224.57,REPEATEDHITSASCENDINGFILL,True,False,False,2859829,310,5038198000000.0,11,ASK,LONG,1.0
NXT,2026-06-10 18:00:13.477011+00:00,PUT,120.0,2026-07-17,174331,117,120,102,113.62,REPEATEDHITS,False,False,False,0,174331,17923236275.0,37,BID,LONG,0.5
NXT,2026-06-10 17:05:41.844196+00:00,CALL,115.0,2026-07-17,250800,228,239,20,112.57,REPEATEDHITS,True,False,False,0,250800,17923236275.0,37,BID,SHORT,0.5
NXT,2026-06-10 14:32:00.560060+00:00,PUT,95.0,2026-07-17,66120,174,179,44,114.545,REPEATEDHITS,False,False,False,66120,0,17923236275.0,37,ASK,SHORT,1.0
NXT,2026-06-09 18:26:24.753131+00:00,CALL,165.0,2026-08-21,69440,124,168,111,118.85,REPEATEDHITS,False,False,False,0,69440,17923236275.0,73,BID,SHORT,0.5
NXT,2026-06-09 16:53:42.864508+00:00,PUT,90.0,2026-08-21,227840,356,356,167,114.4451,REPEATEDHITS,False,False,False,227840,0,17923236275.0,73,ASK,SHORT,1.0
NXT,2026-06-05 18:20:36.068839+00:00,CALL,150.0,2027-01-15,775562,281,285,107,132.46,REPEATEDHITS,True,False,False,0,775562,17923236275.0,224,BID,SHORT,0.5
NXT,2026-06-05 18:20:36.068839+00:00,CALL,150.0,2027-01-15,359262,130,415,107,132.17,REPEATEDHITS,True,False,False,30822,325680,17923236275.0,224,BID,SHORT,0.5
NXT,2026-06-05 14:42:32.662847+00:00,PUT,110.0,2026-08-21,328671,396,398,145,140.16,REPEATEDHITSDESCENDINGFILL,False,False,False,328671,0,17923236275.0,77,ASK,SHORT,1.0
NXT,2026-06-03 19:27:07.329020+00:00,CALL,155.0,2026-08-21,539268,271,288,193,145.575,REPEATEDHITSDESCENDINGFILL,False,False,False,535308,3960,17923236275.0,79,ASK,LONG,1.0
NXT,2026-06-03 15:34:51.327835+00:00,CALL,240.0,2027-01-15,14560,10,10,7,146.26,REPEATEDHITS,False,False,False,0,14560,17923236275.0,226,BID,SHORT,0.5
NXT,2026-06-02 18:13:41.715426+00:00,CALL,240.0,2028-01-21,73600,20,27,8,149.625,REPEATEDHITS,False,False,False,73600,0,17923236275.0,598,ASK,LONG,1.0
NXT,2026-06-02 17:11:53.544765+00:00,PUT,145.0,2026-06-18,290943,373,379,33,150.25,REPEATEDHITS,False,False,False,0,290943,17923236275.0,16,BID,LONG,0.5
NXT,2026-06-02 16:03:15.988816+00:00,PUT,130.0,2026-07-17,212797,280,293,50,149.825,REPEATEDHITS,False,False,False,196077,0,17923236275.0,45,ASK,SHORT,1.0
NXT,2026-06-02 14:39:11.216061+00:00,PUT,120.0,2026-08-21,177300,197,197,64,151.8,REPEATEDHITS,False,False,False,177300,0,17923236275.0,80,ASK,SHORT,1.0
NXT,2026-05-29 19:13:28.833927+00:00,PUT,110.0,2026-07-17,12916,63,1470,14,153.515,REPEATEDHITS,False,False,False,0,12711,17923236275.0,49,BID,LONG,0.5
NXT,2026-05-29 19:13:28.833927+00:00,PUT,110.0,2026-07-17,110326,538,2008,14,153.62,REPEATEDHITSDESCENDINGFILL,False,False,False,0,110326,17923236275.0,49,BID,LONG,0.5
NXT,2026-05-29 19:13:24.628531+00:00,PUT,110.0,2026-07-17,33211,162,1407,14,153.515,REPEATEDHITS,False,False,False,0,33211,17923236275.0,49,BID,LONG,0.5
NXT,2026-05-29 17:33:02.807671+00:00,PUT,150.0,2026-08-21,235870,103,113,9,149.49,REPEATEDHITS,False,False,False,0,235870,17923236275.0,84,BID,LONG,0.5
NXT,2026-05-29 16:30:22.310549+00:00,PUT,150.0,2026-06-18,171500,175,180,18,152.26,REPEATEDHITS,False,False,False,0,171500,17923236275.0,20,BID,LONG,0.5
NXT,2026-05-29 15:53:54.653039+00:00,CALL,180.0,2026-08-21,937082,600,611,49,154.725,REPEATEDHITSDESCENDINGFILL,False,False,False,1596,935486,17923236275.0,84,BID,SHORT,0.5
NXT,2026-05-29 15:14:37.318972+00:00,PUT,110.0,2026-07-17,120574,574,1002,14,154.23,REPEATEDHITSDESCENDINGFILL,False,False,False,0,120574,17923236275.0,49,BID,LONG,0.5
NXT,2026-05-29 15:02:29.079891+00:00,PUT,130.0,2026-06-18,144558,578,1038,116,154.18,REPEATEDHITSDESCENDINGFILL,False,False,False,0,144558,17923236275.0,20,BID,LONG,0.5
NXT,2026-05-28 14:56:50.886410+00:00,CALL,130.0,2026-07-17,50750,29,30,11,133.58,REPEATEDHITS,False,False,False,50750,0,17923236275.0,50,ASK,LONG,1.0
NXT,2026-05-27 18:20:08.384164+00:00,PUT,90.0,2026-07-17,49568,431,717,19,135.98,REPEATEDHITSASCENDINGFILL,False,False,False,0,49568,17923236275.0,51,BID,LONG,0.5
NXT,2026-05-27 16:12:08.931630+00:00,PUT,140.0,2026-07-17,364327,207,209,106,135.99,REPEATEDHITSASCENDINGFILL,False,False,False,0,364327,17923236275.0,51,BID,LONG,0.5
NXT,2026-05-26 14:50:15.689808+00:00,CALL,170.0,2026-08-21,394270,443,550,338,129.46,REPEATEDHITS,False,False,False,394270,0,17923236275.0,87,ASK,LONG,1.0
NXT,2026-05-20 14:54:05.200003+00:00,CALL,135.0,2026-07-17,60000,50,143,37,126.375,REPEATEDHITS,False,False,False,60000,0,17923236275.0,58,ASK,LONG,1.0
NXT,2026-05-19 15:00:19.097994+00:00,CALL,125.0,2026-07-17,31160,19,99,14,126.165,REPEATEDHITS,False,False,False,0,31160,17923236275.0,59,BID,SHORT,0.5
NXT,2026-05-18 19:42:27.504902+00:00,PUT,140.0,2026-07-17,55500,30,105,7,135.52,REPEATEDHITS,False,False,False,55500,0,17923236275.0,60,ASK,SHORT,1.0
NXT,2026-05-18 16:56:19.488942+00:00,PUT,115.0,2026-07-17,13799,20,260,2,136.04,REPEATEDHITS,True,False,False,13799,0,17923236275.0,60,ASK,SHORT,1.0
NXT,2026-05-18 16:50:52.551397+00:00,PUT,115.0,2026-07-17,166594,238,240,2,135.7,REPEATEDHITSDESCENDINGFILL,False,False,False,166594,0,17923236275.0,60,ASK,SHORT,1.0
NXT,2026-05-18 15:51:25.612527+00:00,PUT,140.0,2026-06-18,89090,59,138,33,134.38,REPEATEDHITS,False,False,False,86070,0,17923236275.0,31,ASK,SHORT,1.0
NXT,2026-05-15 18:53:42.927811+00:00,PUT,145.0,2026-06-18,11610,9,10,3,145.0,REPEATEDHITS,True,False,False,11610,0,17923236275.0,34,ASK,SHORT,1.0
NXT,2026-05-15 18:53:42.927811+00:00,PUT,125.0,2026-06-18,97914,204,223,166,145.0,REPEATEDHITSDESCENDINGFILL,False,False,False,95994,0,17923236275.0,34,ASK,SHORT,1.0
NXT,2026-05-15 15:19:52.530617+00:00,CALL,145.0,2026-07-17,32400,20,20,0,142.395,REPEATEDHITS,True,False,False,0,32400,17923236275.0,63,BID,SHORT,0.5
NXT,2026-05-14 14:28:16.547768+00:00,PUT,120.0,2026-06-18,127720,206,218,91,132.52,REPEATEDHITS,False,False,False,127720,0,17923236275.0,35,ASK,SHORT,1.0
NXT,2026-05-13 17:19:21.628181+00:00,CALL,160.0,2026-11-20,20578,10,12,9,135.795,REPEATEDHITSDESCENDINGFILL,False,False,False,20578,0,17923236275.0,191,ASK,LONG,1.0
NXT,2026-05-13 16:17:38.216006+00:00,CALL,150.0,2026-08-21,2160000,1200,1865,109,138.875,FLOORTRADELARGECAP,False,True,False,0,2160000,17923236275.0,100,BID,SHORT,0.5
NXT,2026-05-12 19:17:38.065580+00:00,PUT,135.0,2026-08-21,153599,60,60,10,126.34,REPEATEDHITS,False,False,False,115199,0,17923236275.0,101,ASK,SHORT,1.0
OKTA,2026-06-10 17:20:59.295049+00:00,PUT,116.0,2026-06-26,17370,33,41,25,116.34,REPEATEDHITSASCENDINGFILL,True,False,False,4240,13130,19927742484.0,16,BID,LONG,0.5
OKTA,2026-06-10 17:20:06.976671+00:00,CALL,115.0,2026-06-26,45084,71,78,21,116.34,REPEATEDHITS,True,False,False,635,44449,19927742484.0,16,BID,SHORT,0.5
OKTA,2026-06-10 14:34:43.165841+00:00,CALL,129.0,2026-06-18,10822,90,91,46,118.96,REPEATEDHITSDESCENDINGFILL,True,False,False,8806,2016,19927742484.0,8,ASK,LONG,1.0
OKTA,2026-06-09 16:55:28.801396+00:00,PUT,108.0,2026-06-12,11387,211,232,49,116.54,REPEATEDHITSDESCENDINGFILL,True,False,False,11285,102,19927742484.0,3,ASK,SHORT,1.0
OKTA,2026-06-08 19:54:58.158025+00:00,PUT,119.0,2026-06-12,34410,74,77,42,116.775,REPEATEDHITS,False,False,False,34410,0,19927742484.0,4,ASK,SHORT,1.0
OKTA,2026-06-08 19:32:58.031920+00:00,CALL,124.0,2026-06-12,16171,157,162,55,117.1,REPEATEDHITS,False,False,False,14935,1236,19927742484.0,4,ASK,LONG,1.0
OKTA,2026-06-08 16:42:29.038444+00:00,PUT,118.0,2026-06-12,128800,318,327,28,116.67,REPEATEDHITS,False,False,False,810,127990,19927742484.0,4,BID,LONG,0.5
OKTA,2026-06-05 19:40:57.764373+00:00,CALL,117.0,2026-06-18,15250,25,25,1,118.65,REPEATEDHITS,False,False,False,0,15250,19927742484.0,13,BID,SHORT,0.5
OKTA,2026-06-05 16:47:30.681933+00:00,PUT,108.0,2026-06-18,30882,189,190,12,118.23,REPEATEDHITSDESCENDINGFILL,True,False,False,15581,15301,19927742484.0,13,ASK,SHORT,1.0
OKTA,2026-06-05 15:39:41.451443+00:00,PUT,124.0,2026-06-12,19276,29,50,18,119.4501,REPEATEDHITSASCENDINGFILL,True,False,False,19276,0,19927742484.0,7,ASK,SHORT,1.0
OKTA,2026-06-05 15:29:33.858750+00:00,PUT,85.0,2026-09-18,80910,261,275,137,119.94,REPEATEDHITS,False,False,False,80910,0,19927742484.0,105,ASK,SHORT,1.0
OKTA,2026-06-05 14:18:53.986738+00:00,CALL,125.0,2026-07-10,25700,40,83,18,120.15,REPEATEDHITSASCENDINGFILL,True,False,False,12900,12800,19927742484.0,35,ASK,LONG,1.0
OKTA,2026-06-05 14:18:53.986738+00:00,CALL,125.0,2026-07-10,19200,30,43,18,120.15,REPEATEDHITSASCENDINGFILL,True,False,False,9675,9525,19927742484.0,35,ASK,LONG,1.0
OKTA,2026-06-04 18:54:52.166802+00:00,PUT,130.0,2027-03-19,14525,5,28,0,124.119,REPEATEDHITS,False,False,False,14525,0,19927742484.0,288,ASK,SHORT,1.0
OKTA,2026-06-04 17:21:11.898024+00:00,PUT,120.0,2026-08-21,79520,71,74,61,123.03,REPEATEDHITS,False,False,False,79520,0,19927742484.0,78,ASK,SHORT,1.0
OKTA,2026-06-04 15:47:07.201865+00:00,CALL,155.0,2027-03-19,26600,14,30,2,123.155,REPEATEDHITS,False,False,False,26600,0,19927742484.0,288,ASK,LONG,1.0
OKTA,2026-06-04 15:39:34.963337+00:00,PUT,130.0,2026-09-18,364555,181,235,12,123.74,REPEATEDHITSDESCENDINGFILL,False,False,False,310285,48240,19927742484.0,106,ASK,SHORT,1.0
OKTA,2026-06-04 14:54:50.317305+00:00,PUT,121.0,2026-06-26,37297,66,66,1,123.9,REPEATEDHITSASCENDINGFILL,True,False,False,570,36727,19927742484.0,22,BID,LONG,0.5
OKTA,2026-06-04 14:54:50.317305+00:00,PUT,113.0,2026-06-12,14266,128,129,10,123.9,REPEATEDHITSASCENDINGFILL,True,False,False,468,13798,19927742484.0,8,BID,LONG,0.5
OKTA,2026-06-03 19:54:12.685732+00:00,CALL,195.0,2027-01-15,60486,75,229,1,124.86,REPEATEDHITSDESCENDINGFILL,False,False,False,0,60486,19927742484.0,226,BID,SHORT,0.5
OKTA,2026-06-03 19:53:29.019518+00:00,CALL,195.0,2027-01-15,60744,75,154,1,124.8,REPEATEDHITSDESCENDINGFILL,False,False,False,18676,21008,19927742484.0,226,BID,SHORT,0.5
OKTA,2026-06-03 19:24:21.686647+00:00,CALL,145.0,2026-09-18,908278,811,817,140,125.38,REPEATEDHITSDESCENDINGFILL,True,False,False,902703,5575,19927742484.0,107,ASK,LONG,1.0
OKTA,2026-06-03 19:19:01.414365+00:00,PUT,110.0,2026-11-20,16940,14,19,2,125.145,REPEATEDHITS,False,False,False,16940,0,19927742484.0,170,ASK,SHORT,1.0
OKTA,2026-06-03 17:50:04.481654+00:00,PUT,140.0,2026-08-21,190507,87,89,32,126.01,REPEATEDHITSDESCENDINGFILL,True,False,False,190507,0,19927742484.0,79,ASK,SHORT,1.0
OKTA,2026-06-03 17:49:59.470817+00:00,CALL,135.0,2026-07-17,198085,283,320,129,126.09,REPEATEDHITS,True,False,False,198085,0,19927742484.0,44,ASK,LONG,1.0
OKTA,2026-06-03 17:42:24.756159+00:00,CALL,127.0,2026-06-05,10117,42,99,5,125.41,REPEATEDHITS,True,False,False,10117,0,19927742484.0,2,ASK,LONG,1.0
OKTA,2026-06-03 17:28:59.458599+00:00,CALL,131.0,2026-06-05,15400,140,159,46,124.56,REPEATEDHITS,False,False,False,15400,0,19927742484.0,2,ASK,LONG,1.0
OKTA,2026-06-03 17:10:30.353508+00:00,PUT,126.0,2026-06-05,56216,154,276,83,125.06,REPEATEDHITSASCENDINGFILL,True,False,False,0,56216,19927742484.0,2,BID,LONG,0.5
OKTA,2026-06-03 17:06:01.815741+00:00,CALL,180.0,2027-01-15,144719,143,409,21,124.56,REPEATEDHITSDESCENDINGFILL,False,False,False,6070,138649,19927742484.0,226,BID,SHORT,0.5
OKTA,2026-06-03 17:05:34.385201+00:00,CALL,180.0,2027-01-15,266072,260,263,21,124.615,REPEATEDHITSDESCENDINGFILL,False,False,False,0,261972,19927742484.0,226,BID,SHORT,0.5
OKTA,2026-06-02 19:49:39.110278+00:00,CALL,142.0,2026-06-05,12580,58,85,35,136.9,REPEATEDHITSDESCENDINGFILL,False,False,False,10633,1947,19927742484.0,3,ASK,LONG,1.0
OKTA,2026-06-02 19:49:23.090824+00:00,CALL,150.0,2026-06-05,20091,300,488,282,136.96,REPEATEDHITSDESCENDINGFILL,True,False,False,20091,0,19927742484.0,3,ASK,LONG,1.0
OKTA,2026-06-02 18:55:10.146766+00:00,PUT,134.0,2026-06-05,18480,56,111,23,135.61,REPEATEDHITS,True,False,False,13860,4620,19927742484.0,3,ASK,SHORT,1.0
OKTA,2026-06-02 17:33:47.422208+00:00,PUT,140.0,2026-06-26,21660,19,26,14,134.79,REPEATEDHITS,False,False,False,10260,11400,19927742484.0,24,BID,LONG,0.5
OKTA,2026-06-02 17:24:52.747502+00:00,PUT,136.0,2026-06-05,16093,37,42,5,135.46,REPEATEDHITS,True,False,False,16093,0,19927742484.0,3,ASK,SHORT,1.0
OKTA,2026-06-02 17:12:59.209586+00:00,PUT,136.0,2026-07-02,172845,192,210,3,135.88,REPEATEDHITSDESCENDINGFILL,True,False,False,6335,166510,19927742484.0,30,BID,LONG,0.5
OKTA,2026-06-02 17:01:54.654164+00:00,PUT,125.0,2027-12-17,105246,37,124,11,135.625,REPEATEDHITS,False,False,False,0,105246,19927742484.0,563,BID,LONG,0.5
OKTA,2026-06-02 17:01:51.248458+00:00,PUT,125.0,2027-12-17,94035,33,87,11,135.6,REPEATEDHITSASCENDINGFILL,False,False,False,42855,51180,19927742484.0,563,BID,LONG,0.5
OKTA,2026-06-02 17:01:49.241546+00:00,PUT,125.0,2027-12-17,154650,54,54,11,135.49,REPEATEDHITSASCENDINGFILL,False,False,False,2850,134685,19927742484.0,563,BID,LONG,0.5
OKTA,2026-06-02 16:56:37.516322+00:00,CALL,145.0,2026-08-21,10970,10,23,4,134.37,REPEATEDHITSDESCENDINGFILL,True,False,False,0,10970,19927742484.0,80,BID,SHORT,0.5
OKTA,2026-06-02 16:48:29.337223+00:00,CALL,155.0,2026-06-18,41810,226,238,115,134.655,REPEATEDHITS,True,False,False,0,41810,19927742484.0,16,BID,SHORT,0.5
OKTA,2026-06-02 16:27:11.406200+00:00,CALL,139.0,2026-06-05,27875,106,122,25,135.54,REPEATEDHITS,True,False,False,27089,786,19927742484.0,3,ASK,LONG,1.0
OKTA,2026-06-02 15:52:59.292116+00:00,CALL,180.0,2027-03-19,134875,77,77,1,134.93,REPEATEDHITSDESCENDINGFILL,True,False,False,43875,91000,19927742484.0,290,BID,SHORT,0.5
OKTA,2026-06-02 15:25:45.134106+00:00,CALL,195.0,2026-12-18,74100,78,105,0,133.35,REPEATEDHITS,False,False,False,63650,10450,19927742484.0,199,ASK,LONG,1.0
OKTA,2026-06-02 15:19:33.708750+00:00,PUT,145.0,2027-01-15,950100,300,300,0,132.7601,FLOORTRADELARGECAP,False,True,True,0,950100,19927742484.0,227,BID,LONG,0.5
OKTA,2026-06-02 14:38:33.547557+00:00,CALL,131.0,2026-06-12,36489,50,50,10,131.212,REPEATEDHITSDESCENDINGFILL,False,False,False,36489,0,19927742484.0,10,ASK,LONG,1.0
OKTA,2026-06-02 14:38:33.547557+00:00,CALL,130.0,2026-06-12,14670,22,39,0,131.32,REPEATEDHITSASCENDINGFILL,True,False,False,10685,3325,19927742484.0,10,ASK,LONG,1.0
OKTA,2026-06-02 13:43:24.264847+00:00,PUT,131.0,2026-06-05,18900,40,47,8,129.96,REPEATEDHITSASCENDINGFILL,True,False,False,7100,11800,19927742484.0,3,BID,LONG,0.5
OKTA,2026-06-02 13:39:32.798294+00:00,CALL,170.0,2026-06-18,33051,659,659,109,130.11,REPEATEDHITSASCENDINGFILL,False,False,False,288,32763,19927742484.0,16,BID,SHORT,0.5
OKTA,2026-06-02 13:32:58.654604+00:00,CALL,132.0,2026-06-05,32000,50,50,25,130.865,REPEATEDHITS,False,False,False,32000,0,19927742484.0,3,ASK,LONG,1.0
ORCL,2026-06-10 14:49:50.541452+00:00,CALL,212.5,2026-06-12,2400206,2143,2980,1074,208.2801,REPEATEDHITSASCENDINGFILL,False,False,False,1125,2399081,591919027260.0,2,BID,SHORT,0.5
ORCL,2026-06-09 16:51:49.300530+00:00,CALL,480.0,2027-06-17,182190,187,478,133,199.8,REPEATEDHITSASCENDINGFILL,False,False,False,173545,8645,591919027260.0,373,ASK,LONG,1.0
ORCL,2026-06-09 16:06:35.515616+00:00,PUT,177.5,2026-06-12,159983,500,923,386,201.7701,REPEATEDHITS,False,False,False,159983,0,591919027260.0,3,ASK,SHORT,1.0
ORCL,2026-06-09 14:32:25.210927+00:00,CALL,215.0,2026-06-26,1388440,924,1964,522,212.22,REPEATEDHITSASCENDINGFILL,False,False,False,710420,678020,591919027260.0,17,ASK,LONG,1.0
ORCL,2026-06-08 14:58:48.628209+00:00,PUT,245.0,2026-06-12,2252663,631,635,244,214.14,REPEATEDHITS,False,False,False,2077733,174930,591919027260.0,4,ASK,SHORT,1.0
ORCL,2026-06-05 14:11:34.976220+00:00,CALL,252.5,2026-06-18,160485,245,252,219,221.405,REPEATEDHITS,False,False,False,64190,96295,591919027260.0,13,BID,SHORT,0.5
ORCL,2026-06-04 16:46:27.614663+00:00,CALL,237.5,2026-06-05,197715,1300,6853,818,232.15,REPEATEDHITSDESCENDINGFILL,True,False,False,186808,9235,591919027260.0,1,ASK,LONG,1.0
ORCL,2026-06-04 14:13:03.743496+00:00,PUT,225.0,2026-06-05,288000,3000,4305,1471,234.64,REPEATEDHITS,False,False,False,288000,0,591919027260.0,1,ASK,SHORT,1.0
ORCL,2026-06-03 15:13:23.219571+00:00,PUT,260.0,2027-09-17,504530,66,100,46,231.98,REPEATEDHITS,False,False,False,68765,435765,591919027260.0,471,BID,LONG,0.5
ORCL,2026-06-03 14:36:26.522075+00:00,CALL,232.5,2026-06-12,297420,190,344,84,231.68,REPEATEDHITS,False,False,False,297420,0,591919027260.0,9,ASK,LONG,1.0
ORCL,2026-06-03 14:12:02.968359+00:00,CALL,350.0,2027-03-19,120335,46,103,22,233.4899,REPEATEDHITS,False,False,False,36655,75835,591919027260.0,289,BID,SHORT,0.5
ORCL,2026-06-03 14:11:48.338826+00:00,CALL,350.0,2027-03-19,103720,40,46,22,233.2474,REPEATEDHITSASCENDINGFILL,False,False,False,80410,23310,591919027260.0,289,ASK,LONG,1.0
ORCL,2026-06-03 13:51:56.671790+00:00,PUT,222.5,2026-06-05,143007,719,1213,580,231.675,REPEATEDHITSDESCENDINGFILL,True,False,False,135309,6106,591919027260.0,2,ASK,SHORT,1.0
ORCL,2026-06-02 19:36:11.396112+00:00,PUT,195.0,2028-09-15,162680,33,44,17,244.635,REPEATEDHITSASCENDINGFILL,False,False,False,79040,83640,591919027260.0,836,BID,LONG,0.5
ORCL,2026-06-02 19:19:53.693913+00:00,CALL,370.0,2028-09-15,586420,94,237,0,243.715,REPEATEDHITSDESCENDINGFILL,True,False,False,324550,87150,591919027260.0,836,ASK,LONG,1.0
ORCL,2026-06-02 18:59:31.622830+00:00,PUT,252.5,2026-06-05,357204,294,331,11,243.7298,REPEATEDHITS,False,False,False,357204,0,591919027260.0,3,ASK,SHORT,1.0
ORCL,2026-06-02 18:32:40.804520+00:00,CALL,370.0,2027-09-17,266615,66,272,0,243.7,REPEATEDHITS,False,False,False,266615,0,591919027260.0,472,ASK,LONG,1.0
ORCL,2026-06-02 16:59:49.725501+00:00,PUT,185.0,2028-09-15,109395,25,401,7,244.47,REPEATEDHITSDESCENDINGFILL,False,False,False,4390,105005,591919027260.0,836,BID,LONG,0.5
ORCL,2026-06-02 15:21:35.530559+00:00,CALL,370.0,2026-11-20,167810,106,180,0,240.415,REPEATEDHITSDESCENDINGFILL,False,False,False,134630,33180,591919027260.0,171,ASK,LONG,1.0
ORCL,2026-06-02 14:58:03.415594+00:00,PUT,90.0,2027-12-17,123855,205,220,171,240.795,REPEATEDHITSDESCENDINGFILL,False,False,False,114345,9510,591919027260.0,563,ASK,SHORT,1.0
ORCL,2026-06-02 14:32:20.844802+00:00,CALL,325.0,2026-07-10,517010,780,809,34,240.5387,REPEATEDHITSDESCENDINGFILL,True,False,False,40995,476015,591919027260.0,38,BID,SHORT,0.5
ORCL,2026-06-02 14:05:36.100099+00:00,CALL,370.0,2028-09-15,107567,17,21,0,244.285,REPEATEDHITSASCENDINGFILL,False,False,False,88592,18975,591919027260.0,836,ASK,LONG,1.0
ORCL,2026-06-01 19:54:48.288951+00:00,PUT,240.0,2026-06-05,103400,188,2983,59,247.46,REPEATEDHITS,False,False,False,72600,30800,591919027260.0,4,ASK,SHORT,1.0
ORCL,2026-06-01 19:53:52.195182+00:00,CALL,275.0,2026-06-05,131376,476,8277,0,247.24,REPEATEDHITS,True,False,False,1380,129996,591919027260.0,4,BID,SHORT,0.5
ORCL,2026-06-01 18:54:51.200456+00:00,PUT,237.5,2026-06-05,123000,300,687,12,250.0,REPEATEDHITS,False,False,False,123000,0,591919027260.0,4,ASK,SHORT,1.0
ORCL,2026-06-01 18:53:48.775698+00:00,PUT,245.0,2026-06-05,131584,188,989,0,249.64,REPEATEDHITS,True,False,False,131584,0,591919027260.0,4,ASK,SHORT,1.0
ORCL,2026-06-01 18:10:36.955380+00:00,CALL,330.0,2027-03-19,259702,68,206,0,248.66,REPEATEDHITSASCENDINGFILL,False,False,False,118420,141282,591919027260.0,291,BID,SHORT,0.5
ORCL,2026-06-01 17:40:18.867383+00:00,PUT,250.0,2026-06-05,114449,100,413,31,246.85,REPEATEDHITSASCENDINGFILL,False,False,False,114449,0,591919027260.0,4,ASK,SHORT,1.0
ORCL,2026-06-01 16:59:20.432612+00:00,CALL,275.0,2026-06-05,150953,500,4080,0,246.2,REPEATEDHITSASCENDINGFILL,True,False,False,141392,6875,591919027260.0,4,ASK,LONG,1.0
ORCL,2026-06-01 16:39:17.268680+00:00,CALL,275.0,2026-06-05,138100,500,3060,0,244.63,REPEATEDHITSASCENDINGFILL,True,False,False,55024,55000,591919027260.0,4,ASK,LONG,1.0
ORCL,2026-06-01 16:30:17.889933+00:00,CALL,247.5,2026-06-05,107515,128,1007,0,245.1675,REPEATEDHITS,False,False,False,106680,835,591919027260.0,4,ASK,LONG,1.0
ORCL,2026-06-01 16:25:44.942796+00:00,CALL,267.5,2026-06-12,127000,100,223,7,244.6617,REPEATEDHITS,False,False,False,127000,0,591919027260.0,11,ASK,LONG,1.0
ORCL,2026-06-01 16:13:21.366205+00:00,CALL,410.0,2027-01-15,2027549,1024,1079,509,242.6679,REPEATEDHITS,True,False,False,0,2027549,591919027260.0,228,BID,SHORT,0.5
ORCL,2026-06-01 15:43:18.861228+00:00,PUT,250.0,2028-09-15,130485,16,33,1,243.36,REPEATEDHITSASCENDINGFILL,False,False,False,130485,0,591919027260.0,837,ASK,SHORT,1.0
ORCL,2026-06-01 15:39:06.253484+00:00,CALL,330.0,2026-10-16,198000,88,1873,0,243.49,REPEATEDHITS,False,False,False,198000,0,591919027260.0,137,ASK,LONG,1.0
ORCL,2026-06-01 15:30:35.299660+00:00,CALL,252.5,2026-06-05,2547450,4590,5213,0,241.37,REPEATEDHITS,False,False,False,0,2547450,591919027260.0,4,BID,SHORT,0.5
ORCL,2026-06-01 15:01:24.167425+00:00,CALL,330.0,2026-11-20,231500,100,721,0,238.44,REPEATEDHITS,False,False,False,231500,0,591919027260.0,172,ASK,LONG,1.0
ORCL,2026-06-01 14:58:31.046661+00:00,CALL,330.0,2026-11-20,194870,87,114,0,238.23,REPEATEDHITSDESCENDINGFILL,False,False,False,141110,53760,591919027260.0,172,ASK,LONG,1.0
ORCL,2026-06-01 14:44:11.048037+00:00,CALL,252.5,2026-06-05,159073,373,532,0,236.21,REPEATEDHITSDESCENDINGFILL,False,False,False,141684,17389,591919027260.0,4,ASK,LONG,1.0
ORCL,2026-06-01 14:39:06.003400+00:00,CALL,420.0,2027-06-17,247440,101,103,74,235.61,REPEATEDHITSDESCENDINGFILL,False,False,False,80840,166600,591919027260.0,381,BID,SHORT,0.5
ORCL,2026-06-01 14:29:43.169813+00:00,CALL,330.0,2026-10-16,164261,100,514,0,234.42,REPEATEDHITSDESCENDINGFILL,False,False,False,164261,0,591919027260.0,137,ASK,LONG,1.0
ORCL,2026-06-01 14:21:21.710124+00:00,CALL,330.0,2028-09-15,167325,27,56,0,232.565,REPEATEDHITSDESCENDINGFILL,False,False,False,167325,0,591919027260.0,837,ASK,LONG,1.0
ORCL,2026-06-01 13:50:15.453280+00:00,PUT,230.0,2026-06-05,336400,464,655,238,231.725,REPEATEDHITS,False,False,False,336400,0,591919027260.0,4,ASK,SHORT,1.0
ORCL,2026-05-29 14:18:29.813404+00:00,PUT,225.0,2026-06-18,216529,98,114,49,215.34,REPEATEDHITSDESCENDINGFILL,True,False,False,214324,2205,591919027260.0,20,ASK,SHORT,1.0
ORCL,2026-05-29 13:42:29.183140+00:00,CALL,340.0,2026-12-18,1060000,800,804,349,215.31,REPEATEDHITS,False,False,False,0,265000,591919027260.0,203,BID,SHORT,0.5
ORCL,2026-05-29 13:41:45.114785+00:00,CALL,300.0,2026-11-20,163060,102,554,0,215.23,REPEATEDHITSDESCENDINGFILL,False,False,False,163060,0,591919027260.0,175,ASK,LONG,1.0
ORCL,2026-05-29 13:40:17.134203+00:00,CALL,300.0,2026-11-20,153200,100,451,0,214.125,REPEATEDHITSASCENDINGFILL,False,False,False,153200,0,591919027260.0,175,ASK,LONG,1.0
ORCL,2026-05-29 13:35:51.213645+00:00,CALL,217.5,2026-06-12,258730,200,222,34,212.94,REPEATEDHITS,False,False,False,69660,189070,591919027260.0,14,BID,SHORT,0.5
ORCL,2026-05-28 15:05:44.011050+00:00,PUT,190.0,2026-06-12,443140,607,670,439,203.3,REPEATEDHITSDESCENDINGFILL,False,False,False,438750,4390,591919027260.0,15,ASK,SHORT,1.0
ORCL,2026-05-27 15:43:37.021297+00:00,PUT,185.0,2026-05-29,1082774,6083,7275,2253,188.925,REPEATEDHITS,False,False,False,0,1082774,591919027260.0,2,BID,LONG,0.5
PFE,2026-06-08 19:50:42.858729+00:00,PUT,25.0,2026-07-24,60417,1007,1125,14,25.64,REPEATEDHITSDESCENDINGFILL,False,False,False,241,60176,146475715143.0,46,BID,LONG,0.5
PFE,2026-06-04 13:58:34.998457+00:00,CALL,25.0,2026-07-02,59660,489,493,162,25.855,REPEATEDHITS,True,False,False,1220,58440,146475715143.0,28,BID,SHORT,0.5
PFE,2026-05-22 14:37:44.972309+00:00,PUT,21.0,2027-01-15,75164,1748,1748,256,25.935,REPEATEDHITS,False,False,False,73917,0,146475715143.0,238,ASK,SHORT,1.0
PFE,2026-05-19 15:27:13.921631+00:00,CALL,26.0,2026-08-21,1117637,9391,11030,2318,25.91,REPEATEDHITSDESCENDINGFILL,False,False,False,0,1113367,146475715143.0,94,BID,SHORT,0.5
PFE,2026-05-15 15:28:06.209820+00:00,CALL,25.0,2026-05-22,54908,1036,2381,535,25.34,REPEATEDHITS,False,False,False,49608,0,146475715143.0,7,ASK,LONG,1.0
PL,2026-06-10 20:00:12.011471+00:00,CALL,32.0,2026-06-26,12125,50,55,28,30.719,REPEATEDHITSASCENDINGFILL,False,False,False,12125,0,10057163550.0,16,ASK,LONG,1.0
PL,2026-06-10 17:10:23.768097+00:00,PUT,24.0,2026-08-21,104418,454,460,9,30.64,REPEATEDHITS,False,False,False,104418,0,10057163550.0,72,ASK,SHORT,1.0
PL,2026-06-10 14:30:26.623184+00:00,PUT,29.0,2026-07-24,175000,500,500,13,30.98,REPEATEDHITS,True,False,False,175000,0,10057163550.0,44,ASK,SHORT,1.0
PL,2026-06-09 15:37:29.145140+00:00,PUT,26.0,2026-08-21,25500,85,85,25,30.7,REPEATEDHITS,False,False,False,900,19200,10057163550.0,73,BID,LONG,0.5
PL,2026-06-08 19:03:38.173759+00:00,PUT,18.0,2026-07-17,11000,440,455,213,31.58,REPEATEDHITS,False,False,False,9975,0,10057163550.0,39,ASK,SHORT,1.0
PL,2026-06-05 19:18:26.862909+00:00,PUT,25.0,2026-08-21,149875,545,612,38,32.1911,REPEATEDHITS,False,False,False,149875,0,10057163550.0,77,ASK,SHORT,1.0
PL,2026-06-05 18:32:52.933155+00:00,CALL,32.0,2026-10-16,72250,85,87,59,32.055,REPEATEDHITS,True,False,False,64600,0,10057163550.0,133,ASK,LONG,1.0
PL,2026-06-05 18:08:00.036777+00:00,CALL,33.0,2026-06-18,30125,100,415,50,32.206,REPEATEDHITS,False,False,False,8000,22125,10057163550.0,13,BID,SHORT,0.5
PL,2026-06-05 17:51:45.550092+00:00,PUT,29.0,2026-07-17,121781,406,428,69,32.7056,REPEATEDHITSASCENDINGFILL,False,False,False,106781,15000,10057163550.0,42,ASK,SHORT,1.0
PL,2026-06-05 16:24:39.583186+00:00,PUT,20.0,2026-06-26,30000,1000,4001,8,33.19,FLOORTRADELARGECAP,False,True,False,30000,0,10057163550.0,21,ASK,SHORT,1.0
PL,2026-06-05 16:10:08.754147+00:00,PUT,25.0,2026-07-17,63539,454,572,443,33.5443,REPEATEDHITSDESCENDINGFILL,False,False,False,57519,0,10057163550.0,42,ASK,SHORT,1.0
PL,2026-06-05 16:07:48.887804+00:00,PUT,33.0,2026-07-10,10750,25,53,0,33.56,REPEATEDHITS,False,False,False,8170,2580,10057163550.0,35,ASK,SHORT,1.0
PL,2026-06-05 15:35:13.056003+00:00,CALL,33.0,2026-06-18,53280,144,227,50,33.66,REPEATEDHITS,False,False,False,51060,0,10057163550.0,13,ASK,LONG,1.0
PL,2026-06-05 15:11:53.500218+00:00,PUT,20.0,2026-06-26,40000,2000,2001,8,33.17,REPEATEDHITS,False,False,False,0,20860,10057163550.0,21,BID,LONG,0.5
PL,2026-06-05 14:21:12.717879+00:00,PUT,28.0,2026-07-17,107425,551,554,270,35.13,REPEATEDHITS,False,False,False,99430,7995,10057163550.0,42,ASK,SHORT,1.0
PL,2026-06-05 13:47:16.566643+00:00,CALL,40.0,2026-06-12,32605,200,282,38,36.1,REPEATEDHITS,False,False,False,19965,12640,10057163550.0,7,ASK,LONG,1.0
PL,2026-06-05 13:32:01.718211+00:00,CALL,39.0,2026-06-05,18000,150,196,135,37.785,REPEATEDHITS,False,False,False,18000,0,10057163550.0,0,ASK,LONG,1.0
PL,2026-06-04 19:32:03.092261+00:00,PUT,36.5,2026-06-18,16625,80,116,9,44.59,REPEATEDHITSDESCENDINGFILL,False,False,False,1050,7175,10057163550.0,14,BID,LONG,0.5
PL,2026-06-04 19:17:14.027668+00:00,CALL,44.5,2026-06-05,18734,50,288,22,44.43,REPEATEDHITSDESCENDINGFILL,False,False,False,0,18734,10057163550.0,1,BID,SHORT,0.5
PL,2026-06-03 19:40:21.069440+00:00,PUT,40.5,2026-06-05,39100,170,349,58,42.83,REPEATEDHITS,False,False,False,0,39100,10057163550.0,2,BID,LONG,0.5
PL,2026-06-02 16:21:24.941527+00:00,PUT,49.0,2026-06-18,14070,21,42,1,48.66,REPEATEDHITS,False,False,False,14070,0,10057163550.0,16,ASK,SHORT,1.0
PL,2026-06-02 16:17:38.652817+00:00,PUT,44.5,2026-06-18,23940,57,57,3,49.07,REPEATEDHITS,False,False,False,0,23940,10057163550.0,16,BID,LONG,0.5
PL,2026-06-02 15:06:23.395279+00:00,CALL,75.0,2026-07-17,200320,626,632,111,49.6699,REPEATEDHITS,False,False,False,200000,320,10057163550.0,45,ASK,LONG,1.0
PL,2026-06-01 16:48:54.252074+00:00,CALL,46.5,2026-06-05,126000,300,522,95,46.35,REPEATEDHITS,False,False,False,80640,0,10057163550.0,4,ASK,LONG,1.0
PL,2026-05-29 18:41:01.889362+00:00,PUT,49.5,2026-06-05,25005,50,59,13,49.275,REPEATEDHITSDESCENDINGFILL,False,False,False,0,25005,10057163550.0,7,BID,LONG,0.5
PL,2026-05-29 17:27:41.391409+00:00,PUT,55.0,2026-07-17,57068,45,58,23,49.4228,REPEATEDHITSASCENDINGFILL,False,False,False,57068,0,10057163550.0,49,ASK,SHORT,1.0
PL,2026-05-29 16:42:03.937127+00:00,PUT,30.0,2026-07-02,22000,200,209,30,48.9816,REPEATEDHITS,False,False,False,22000,0,10057163550.0,34,ASK,SHORT,1.0
PL,2026-05-29 15:07:05.427534+00:00,PUT,35.0,2026-06-12,30170,232,325,134,46.61,REPEATEDHITS,False,False,False,0,30170,10057163550.0,14,BID,LONG,0.5
PL,2026-05-29 15:00:19.239156+00:00,PUT,46.0,2026-05-29,18560,464,739,164,46.38,REPEATEDHITS,False,False,False,18560,0,10057163550.0,0,ASK,SHORT,1.0
PL,2026-05-29 13:58:26.232716+00:00,PUT,41.5,2026-06-05,11140,47,72,31,46.7,REPEATEDHITSDESCENDINGFILL,False,False,False,11140,0,10057163550.0,7,ASK,SHORT,1.0
PL,2026-05-28 17:46:27.045732+00:00,PUT,36.0,2026-06-26,11385,69,86,60,49.915,REPEATEDHITS,False,False,False,0,9570,10057163550.0,29,BID,LONG,0.5
PL,2026-05-28 16:49:12.014825+00:00,PUT,48.0,2026-07-17,54600,70,141,39,50.37,REPEATEDHITS,False,False,False,54600,0,10057163550.0,50,ASK,SHORT,1.0
PL,2026-05-28 16:46:28.161640+00:00,PUT,39.0,2026-07-02,15390,57,79,0,50.36,REPEATEDHITS,False,False,False,0,15390,10057163550.0,35,BID,LONG,0.5
PL,2026-05-27 19:10:31.547433+00:00,PUT,48.0,2026-06-12,24360,42,56,9,49.41,REPEATEDHITS,False,False,False,24360,0,10057163550.0,16,ASK,SHORT,1.0
PL,2026-05-27 19:10:31.547433+00:00,PUT,52.0,2026-06-05,272241,389,403,5,49.385,REPEATEDHITSDESCENDINGFILL,False,False,False,246341,0,10057163550.0,9,ASK,SHORT,1.0
PL,2026-05-27 16:28:55.748762+00:00,CALL,54.0,2026-06-05,36898,90,119,14,50.08,REPEATEDHITSDESCENDINGFILL,False,False,False,36898,0,10057163550.0,9,ASK,LONG,1.0
PL,2026-05-27 15:47:05.722091+00:00,CALL,70.0,2026-06-05,54720,608,625,0,49.2675,REPEATEDHITS,False,False,False,0,54720,10057163550.0,9,BID,SHORT,0.5
PL,2026-05-26 19:02:58.782738+00:00,CALL,48.5,2026-05-29,40040,154,223,56,49.05,REPEATEDHITS,True,False,False,40040,0,10057163550.0,3,ASK,LONG,1.0
PL,2026-05-26 18:49:00.174935+00:00,PUT,50.0,2026-08-21,15960,14,56,0,49.355,REPEATEDHITS,False,False,False,15960,0,10057163550.0,87,ASK,SHORT,1.0
PL,2026-05-26 18:48:40.140292+00:00,PUT,50.0,2026-08-21,27360,24,42,0,49.35,REPEATEDHITS,False,False,False,27360,0,10057163550.0,87,ASK,SHORT,1.0
PL,2026-05-26 17:51:28.968589+00:00,PUT,46.0,2026-06-18,22790,43,78,6,50.57,REPEATEDHITS,True,False,False,2120,19610,10057163550.0,23,BID,LONG,0.5
PL,2026-05-26 16:14:51.475164+00:00,CALL,51.0,2026-05-29,49000,200,987,136,50.54,REPEATEDHITS,False,False,False,49000,0,10057163550.0,3,ASK,LONG,1.0
PL,2026-05-26 14:16:38.963066+00:00,PUT,45.0,2026-08-21,907970,1090,1102,11,50.575,FLOORTRADELARGECAP,False,True,True,907970,0,10057163550.0,87,ASK,SHORT,1.0
PL,2026-05-26 14:12:14.955511+00:00,CALL,54.0,2026-05-29,27707,185,337,5,50.82,REPEATEDHITSDESCENDINGFILL,False,False,False,27707,0,10057163550.0,3,ASK,LONG,1.0
PL,2026-05-26 14:03:43.168920+00:00,CALL,48.0,2026-10-16,507147,345,398,44,49.48,REPEATEDHITSDESCENDINGFILL,False,False,False,507147,0,10057163550.0,143,ASK,LONG,1.0
PL,2026-05-26 13:56:30.962670+00:00,PUT,48.0,2026-08-21,50000,50,50,0,48.5599,REPEATEDHITS,False,False,False,32000,0,10057163550.0,87,ASK,SHORT,1.0
PL,2026-05-22 19:07:57.630377+00:00,CALL,46.5,2026-06-05,14210,29,126,8,44.795,REPEATEDHITS,True,False,False,14210,0,10057163550.0,14,ASK,LONG,1.0
PL,2026-05-22 18:00:58.196522+00:00,PUT,21.0,2026-10-16,45889,287,313,143,44.175,REPEATEDHITSASCENDINGFILL,False,False,False,45889,0,10057163550.0,147,ASK,SHORT,1.0
PL,2026-05-22 16:28:30.574156+00:00,PUT,31.0,2026-06-05,15015,273,275,48,44.7312,REPEATEDHITS,False,False,False,0,13860,10057163550.0,14,BID,LONG,0.5
PL,2026-05-20 16:31:19.792372+00:00,CALL,60.0,2026-08-21,144000,300,301,143,42.93,REPEATEDHITS,False,False,False,16800,0,10057163550.0,93,ASK,LONG,1.0
QCOM,2026-06-10 19:46:40.780480+00:00,CALL,192.5,2026-06-12,138320,247,660,33,191.76,REPEATEDHITS,False,False,False,0,138320,216512680000.0,2,BID,SHORT,0.5
QCOM,2026-06-10 18:13:21.876721+00:00,CALL,192.5,2026-06-12,100575,149,380,33,193.985,REPEATEDHITS,False,False,False,60075,40500,216512680000.0,2,ASK,LONG,1.0
QCOM,2026-06-10 17:41:23.133705+00:00,PUT,130.0,2026-10-16,233097,315,321,207,191.49,REPEATEDHITS,True,False,False,233097,0,216512680000.0,128,ASK,SHORT,1.0
QCOM,2026-06-09 17:23:49.509034+00:00,CALL,205.0,2026-07-02,472500,300,808,5,199.15,REPEATEDHITS,True,False,False,0,472500,216512680000.0,23,BID,SHORT,0.5
QCOM,2026-06-09 16:13:23.999641+00:00,PUT,182.5,2026-06-18,254960,500,699,271,197.515,REPEATEDHITSDESCENDINGFILL,False,False,False,14240,0,216512680000.0,9,ASK,SHORT,1.0
QCOM,2026-06-08 17:24:35.196842+00:00,PUT,175.0,2026-07-17,2862584,4911,5069,2675,216.745,REPEATEDHITSDESCENDINGFILL,False,False,False,0,2862584,216512680000.0,39,BID,LONG,0.5
QCOM,2026-06-08 17:20:57.546041+00:00,PUT,195.0,2026-07-24,114400,85,95,4,216.89,REPEATEDHITSDESCENDINGFILL,True,False,False,98260,16140,216512680000.0,46,ASK,SHORT,1.0
QCOM,2026-06-05 16:52:55.976026+00:00,PUT,207.5,2026-06-12,51129,110,144,80,220.69,REPEATEDHITSASCENDINGFILL,False,False,False,42777,8352,216512680000.0,7,ASK,SHORT,1.0
QCOM,2026-06-04 17:51:00.764802+00:00,CALL,310.0,2026-09-18,1426480,724,734,107,241.0325,REPEATEDHITSASCENDINGFILL,True,False,False,7930,1180120,216512680000.0,106,BID,SHORT,0.5
QCOM,2026-06-03 16:54:51.745166+00:00,PUT,250.0,2026-06-12,298000,200,872,145,250.24,REPEATEDHITS,False,False,False,0,298000,216512680000.0,9,BID,LONG,0.5
QCOM,2026-06-02 18:40:46.544483+00:00,PUT,217.5,2026-06-05,54470,419,537,212,242.256,REPEATEDHITS,False,False,False,54470,0,216512680000.0,3,ASK,SHORT,1.0
QCOM,2026-06-02 17:08:20.898901+00:00,PUT,222.5,2026-06-26,57675,45,55,6,242.77,REPEATEDHITSASCENDINGFILL,False,False,False,28415,29260,216512680000.0,24,BID,LONG,0.5
QCOM,2026-06-02 16:06:00.599198+00:00,CALL,295.0,2026-06-26,411473,500,1910,39,242.485,REPEATEDHITSASCENDINGFILL,False,False,False,411473,0,216512680000.0,24,ASK,LONG,1.0
QCOM,2026-06-02 16:01:11.999072+00:00,CALL,295.0,2026-06-26,401440,500,1409,39,241.83,REPEATEDHITSASCENDINGFILL,False,False,False,401440,0,216512680000.0,24,ASK,LONG,1.0
QCOM,2026-06-02 14:45:35.842820+00:00,PUT,270.0,2026-11-20,129714,20,50,14,240.24,REPEATEDHITSASCENDINGFILL,False,False,False,110329,19385,216512680000.0,171,ASK,SHORT,1.0
QCOM,2026-06-02 14:24:39.637874+00:00,CALL,257.5,2026-06-18,53919,63,88,23,234.735,REPEATEDHITSDESCENDINGFILL,True,False,False,0,53919,216512680000.0,16,BID,SHORT,0.5
QCOM,2026-06-01 19:03:27.872448+00:00,CALL,207.5,2026-07-02,78900,24,36,15,228.85,REPEATEDHITSASCENDINGFILL,True,False,False,39480,39420,216512680000.0,31,ASK,LONG,1.0
QCOM,2026-06-01 18:11:46.891927+00:00,CALL,227.5,2026-06-26,55593,25,95,1,230.71,REPEATEDHITSASCENDINGFILL,False,False,False,0,55593,216512680000.0,25,BID,SHORT,0.5
QCOM,2026-06-01 13:47:01.216328+00:00,PUT,250.0,2026-06-05,2741813,1131,1164,478,230.01,REPEATEDHITSASCENDINGFILL,False,False,False,4848,2736965,216512680000.0,4,BID,LONG,0.5
QCOM,2026-05-29 19:50:21.476568+00:00,PUT,247.5,2026-06-05,121705,110,200,14,250.8,REPEATEDHITSDESCENDINGFILL,True,False,False,80290,41415,216512680000.0,7,ASK,SHORT,1.0
QCOM,2026-05-29 18:55:04.266915+00:00,CALL,262.5,2026-06-18,69528,45,333,34,253.515,REPEATEDHITSDESCENDINGFILL,False,False,False,47968,21560,216512680000.0,20,ASK,LONG,1.0
QCOM,2026-05-29 18:54:32.409433+00:00,CALL,262.5,2026-06-18,61455,40,288,34,253.5,REPEATEDHITSDESCENDINGFILL,True,False,False,30850,30605,216512680000.0,20,ASK,LONG,1.0
QCOM,2026-05-29 18:28:57.640329+00:00,CALL,315.0,2026-06-05,96720,744,1261,28,254.78,REPEATEDHITS,False,False,False,0,96720,216512680000.0,7,BID,SHORT,0.5
QCOM,2026-05-29 18:27:50.949480+00:00,CALL,330.0,2026-06-18,1080000,3000,3085,313,254.535,REPEATEDHITS,True,False,False,0,977040,216512680000.0,20,BID,SHORT,0.5
QCOM,2026-05-29 16:09:40.753110+00:00,CALL,287.5,2026-06-05,75723,233,240,111,253.84,REPEATEDHITS,True,False,False,75723,0,216512680000.0,7,ASK,LONG,1.0
QCOM,2026-05-29 14:31:39.286627+00:00,PUT,250.0,2026-06-05,210560,188,280,74,253.285,REPEATEDHITS,False,False,False,131040,79520,216512680000.0,7,ASK,SHORT,1.0
QCOM,2026-05-29 13:58:09.399906+00:00,CALL,340.0,2026-08-21,334450,178,215,62,256.6001,REPEATEDHITSDESCENDINGFILL,True,False,False,167765,166685,216512680000.0,84,ASK,LONG,1.0
QCOM,2026-05-29 13:52:53.881166+00:00,CALL,275.0,2026-06-05,145855,204,431,199,257.33,REPEATEDHITS,False,False,False,130845,15010,216512680000.0,7,ASK,LONG,1.0
QCOM,2026-05-28 17:54:16.942548+00:00,CALL,340.0,2026-09-18,73200,40,42,14,245.7684,REPEATEDHITS,False,False,False,18300,0,216512680000.0,113,ASK,LONG,1.0
QCOM,2026-05-28 15:54:53.636660+00:00,CALL,320.0,2026-11-20,194135,71,207,40,242.9584,REPEATEDHITSDESCENDINGFILL,True,False,False,123415,70720,216512680000.0,176,ASK,LONG,1.0
QCOM,2026-05-28 14:47:02.280969+00:00,PUT,242.5,2026-06-18,97425,45,45,0,239.4568,REPEATEDHITS,False,False,False,97425,0,216512680000.0,21,ASK,SHORT,1.0
QCOM,2026-05-28 13:34:44.417817+00:00,PUT,240.0,2026-11-20,173425,35,35,34,232.455,REPEATEDHITS,False,False,False,0,173425,216512680000.0,176,BID,LONG,0.5
QCOM,2026-05-27 18:56:28.927438+00:00,PUT,200.0,2026-08-21,2945750,1588,1623,1158,228.82,REPEATEDHITS,False,False,False,9290,2925330,216512680000.0,86,BID,LONG,0.5
QCOM,2026-05-27 16:48:17.452112+00:00,PUT,200.0,2026-07-17,2058618,1602,1830,1561,230.4,REPEATEDHITS,True,False,False,0,2058618,216512680000.0,51,BID,LONG,0.5
QCOM,2026-05-27 16:18:32.020953+00:00,CALL,255.0,2026-06-18,799007,761,1448,388,229.6339,REPEATEDHITSDESCENDINGFILL,False,False,False,694007,0,216512680000.0,22,ASK,LONG,1.0
QCOM,2026-05-27 15:48:54.676205+00:00,CALL,232.5,2026-06-12,101565,79,108,1,225.16,REPEATEDHITSASCENDINGFILL,True,False,False,49965,51600,216512680000.0,16,BID,SHORT,0.5
QCOM,2026-05-27 15:21:02.265450+00:00,PUT,130.0,2026-11-20,77175,147,928,86,224.795,REPEATEDHITS,False,False,False,27300,0,216512680000.0,177,ASK,SHORT,1.0
QCOM,2026-05-27 15:15:18.224143+00:00,PUT,130.0,2026-11-20,74550,142,777,86,224.57,REPEATEDHITS,False,False,False,74550,0,216512680000.0,177,ASK,SHORT,1.0
QCOM,2026-05-27 15:12:09.941394+00:00,PUT,130.0,2026-11-20,113400,216,401,86,225.81,REPEATEDHITS,False,False,False,6300,0,216512680000.0,177,ASK,SHORT,1.0
QCOM,2026-05-27 15:12:09.941394+00:00,PUT,130.0,2026-11-20,97125,185,185,86,225.9,REPEATEDHITS,False,False,False,10500,0,216512680000.0,177,ASK,SHORT,1.0
QCOM,2026-05-27 13:42:38.105084+00:00,CALL,275.0,2026-06-18,372992,469,507,206,236.52,REPEATEDHITSDESCENDINGFILL,True,False,False,223272,149720,216512680000.0,22,ASK,LONG,1.0
QCOM,2026-05-26 19:53:40.513189+00:00,PUT,245.0,2026-06-18,89100,44,147,34,249.755,REPEATEDHITS,False,False,False,89100,0,216512680000.0,23,ASK,SHORT,1.0
QCOM,2026-05-26 18:43:59.207367+00:00,CALL,300.0,2026-06-12,314480,545,1301,81,246.24,REPEATEDHITSASCENDINGFILL,True,False,False,49880,239230,216512680000.0,17,BID,SHORT,0.5
QCOM,2026-05-26 17:51:23.561451+00:00,CALL,255.0,2026-06-18,488947,256,437,82,247.125,REPEATEDHITSDESCENDINGFILL,False,False,False,477487,11460,216512680000.0,23,ASK,LONG,1.0
QCOM,2026-05-26 17:09:11.686350+00:00,PUT,130.0,2027-03-19,68060,82,91,58,244.74,REPEATEDHITS,False,False,False,68060,0,216512680000.0,297,ASK,SHORT,1.0
QCOM,2026-05-26 17:02:08.148635+00:00,CALL,310.0,2026-06-18,327075,500,1228,124,245.93,REPEATEDHITSASCENDINGFILL,False,False,False,327075,0,216512680000.0,23,ASK,LONG,1.0
QCOM,2026-05-26 15:04:18.941484+00:00,CALL,260.0,2026-09-18,11505750,2645,2725,317,254.21,REPEATEDHITS,False,False,False,0,11505750,216512680000.0,115,BID,SHORT,0.5
QCOM,2026-05-26 14:46:02.214495+00:00,CALL,255.0,2026-05-29,803300,639,1865,254,255.52,REPEATEDHITSASCENDINGFILL,True,False,False,139400,662640,216512680000.0,3,BID,SHORT,0.5
QCOM,2026-05-26 14:30:00.429156+00:00,PUT,210.0,2026-11-20,277125,98,111,81,242.025,REPEATEDHITSDESCENDINGFILL,False,False,False,0,277125,216512680000.0,178,BID,LONG,0.5
QCOM,2026-05-26 14:29:17.551900+00:00,PUT,227.5,2026-06-18,68727,53,76,25,242.21,REPEATEDHITSASCENDINGFILL,True,False,False,32575,36152,216512680000.0,23,BID,LONG,0.5
QUBT,2026-06-10 19:03:37.580972+00:00,CALL,10.0,2026-07-24,47328,408,620,57,9.59,REPEATEDHITS,True,False,False,47212,116,2143710051.0,44,ASK,LONG,1.0
QUBT,2026-06-10 14:35:45.051228+00:00,CALL,10.0,2026-07-24,29095,200,203,57,10.065,REPEATEDHITS,True,False,False,0,29095,2143710051.0,44,BID,SHORT,0.5
QUBT,2026-06-09 16:21:10.915962+00:00,CALL,12.5,2026-06-18,14568,1821,2031,1184,9.19,REPEATEDHITS,False,False,False,0,13928,2143710051.0,9,BID,SHORT,0.5
QUBT,2026-06-09 14:27:01.078603+00:00,CALL,10.0,2026-06-12,45423,927,1264,587,10.105,REPEATEDHITS,False,False,False,45423,0,2143710051.0,3,ASK,LONG,1.0
QUBT,2026-06-05 15:28:34.958331+00:00,CALL,11.0,2026-09-18,78195,401,404,126,10.13,REPEATEDHITS,False,False,False,0,78195,2143710051.0,105,BID,SHORT,0.5
QUBT,2026-06-04 19:04:54.795177+00:00,CALL,22.0,2026-09-18,20670,265,366,11,11.055,REPEATEDHITS,False,False,False,20670,0,2143710051.0,106,ASK,LONG,1.0
QUBT,2026-06-04 16:31:22.508515+00:00,CALL,11.5,2026-06-18,50302,729,5386,611,10.97,REPEATEDHITS,False,False,False,0,50302,2143710051.0,14,BID,SHORT,0.5
QUBT,2026-06-03 16:42:05.085915+00:00,PUT,10.0,2026-08-21,36750,245,297,111,11.195,REPEATEDHITS,False,False,False,300,36450,2143710051.0,79,BID,LONG,0.5
QUBT,2026-06-02 15:24:44.826676+00:00,PUT,12.0,2026-06-12,70296,808,853,176,12.11,REPEATEDHITS,False,False,False,0,70296,2143710051.0,10,BID,LONG,0.5
QUBT,2026-06-02 13:48:53.316859+00:00,CALL,18.0,2026-07-17,263444,3932,3933,1076,12.355,REPEATEDHITS,False,False,False,4422,259022,2143710051.0,45,BID,SHORT,0.5
QUBT,2026-06-01 19:26:49.346783+00:00,CALL,15.0,2026-06-05,60458,3182,7306,2733,12.54,REPEATEDHITS,False,False,False,19,42674,2143710051.0,4,BID,SHORT,0.5
QUBT,2026-06-01 16:17:18.055977+00:00,CALL,14.0,2026-08-21,22000,100,248,76,12.415,REPEATEDHITS,True,False,False,5280,11000,2143710051.0,81,BID,SHORT,0.5
QUBT,2026-06-01 16:09:39.983557+00:00,CALL,16.0,2026-08-21,1210825,6919,22769,223,12.5051,REPEATEDHITS,False,False,False,1185450,25375,2143710051.0,81,ASK,LONG,1.0
QUBT,2026-06-01 15:42:43.366454+00:00,PUT,13.5,2026-06-05,12771,99,99,64,12.74,REPEATEDHITS,False,False,False,12771,0,2143710051.0,4,ASK,SHORT,1.0
QUBT,2026-06-01 15:42:43.366454+00:00,PUT,12.5,2026-06-05,16884,252,554,168,12.74,REPEATEDHITS,False,False,False,16884,0,2143710051.0,4,ASK,SHORT,1.0
QUBT,2026-06-01 14:52:11.145348+00:00,CALL,16.0,2026-08-21,767686,5729,5738,223,12.095,REPEATEDHITS,False,False,False,757234,0,2143710051.0,81,ASK,LONG,1.0
QUBT,2026-05-29 19:01:28.985645+00:00,CALL,18.0,2026-08-21,1321722,13626,13636,78,11.73,REPEATEDHITS,False,False,False,220287,1101435,2143710051.0,84,BID,SHORT,0.5
QUBT,2026-05-28 19:22:49.179930+00:00,PUT,12.5,2026-06-18,14592,96,170,57,12.04,REPEATEDHITS,False,False,False,0,14592,2143710051.0,21,BID,LONG,0.5
QUBT,2026-05-28 16:07:21.981244+00:00,PUT,13.0,2026-08-21,19873,67,79,1,12.2602,REPEATEDHITSASCENDINGFILL,True,False,False,19873,0,2143710051.0,85,ASK,SHORT,1.0
QUBT,2026-05-28 15:48:03.359762+00:00,CALL,15.0,2026-09-18,263425,1285,1374,139,12.25,REPEATEDHITS,False,False,False,262400,1025,2143710051.0,113,ASK,LONG,1.0
QUBT,2026-05-28 15:40:59.432305+00:00,CALL,25.0,2026-07-17,26000,1000,1003,942,12.25,REPEATEDHITS,True,False,False,26000,0,2143710051.0,50,ASK,LONG,1.0
QUBT,2026-05-28 14:19:36.133702+00:00,CALL,11.5,2026-06-05,97440,1015,2709,416,11.8201,REPEATEDHITS,False,False,False,0,97440,2143710051.0,8,BID,SHORT,0.5
QUBT,2026-05-27 18:07:18.353276+00:00,CALL,14.0,2026-07-17,183840,1915,2048,1133,11.565,REPEATEDHITS,False,False,False,183840,0,2143710051.0,51,ASK,LONG,1.0
QUBT,2026-05-26 19:11:59.604669+00:00,CALL,12.0,2026-08-21,51060,222,392,89,11.565,REPEATEDHITS,True,False,False,46460,4600,2143710051.0,87,ASK,LONG,1.0
QUBT,2026-05-26 15:55:56.691366+00:00,PUT,10.5,2026-06-12,15572,229,353,116,11.315,REPEATEDHITS,True,False,False,15572,0,2143710051.0,17,ASK,SHORT,1.0
QUBT,2026-05-26 15:55:53.079930+00:00,CALL,11.5,2026-06-12,220541,2205,2897,392,11.31,REPEATEDHITS,False,False,False,220145,396,2143710051.0,17,ASK,LONG,1.0
QUBT,2026-05-22 17:03:28.476263+00:00,CALL,13.0,2026-05-22,40128,3648,25921,3310,12.8323,REPEATEDHITS,False,False,False,24024,1540,2143710051.0,0,ASK,LONG,1.0
QUBT,2026-05-22 16:07:50.877697+00:00,PUT,13.0,2026-05-22,31670,3167,4843,917,13.25,REPEATEDHITS,False,False,False,0,30360,2143710051.0,0,BID,LONG,0.5
QUBT,2026-05-22 14:31:42.723564+00:00,CALL,24.0,2026-10-16,19738,139,143,39,13.03,REPEATEDHITS,False,False,False,2840,16898,2143710051.0,147,BID,SHORT,0.5
QUBT,2026-05-22 13:54:34.327814+00:00,CALL,13.0,2026-05-22,120241,7073,11124,3310,12.62,REPEATEDHITS,False,False,False,120241,0,2143710051.0,0,ASK,LONG,1.0
QUBT,2026-05-22 13:41:35.410389+00:00,CALL,12.5,2026-05-22,220570,4795,8379,2919,12.74,REPEATEDHITS,False,False,False,44574,175996,2143710051.0,0,BID,SHORT,0.5
QUBT,2026-05-21 18:32:42.713552+00:00,CALL,13.5,2026-06-05,33900,1000,1049,412,11.31,REPEATEDHITSDESCENDINGFILL,False,False,False,0,33900,2143710051.0,15,BID,SHORT,0.5
QUBT,2026-05-21 16:32:07.054416+00:00,PUT,10.5,2026-06-05,16368,264,304,119,11.275,REPEATEDHITS,False,False,False,0,16368,2143710051.0,15,BID,LONG,0.5
QUBT,2026-05-21 14:44:21.886326+00:00,CALL,10.5,2026-05-29,151214,1543,1963,657,10.975,REPEATEDHITS,False,False,False,0,146510,2143710051.0,8,BID,SHORT,0.5
QUBT,2026-05-21 14:13:16.731642+00:00,PUT,11.0,2026-05-22,90835,2455,2804,1218,11.11,REPEATEDHITS,False,False,False,81548,7030,2143710051.0,1,ASK,SHORT,1.0
QUBT,2026-05-20 19:24:07.223981+00:00,CALL,9.5,2026-05-29,27425,500,1731,412,9.5,REPEATEDHITSASCENDINGFILL,False,False,False,0,27425,2143710051.0,9,BID,SHORT,0.5
QUBT,2026-05-20 14:09:17.247731+00:00,CALL,9.5,2026-05-29,27411,500,619,412,9.395,REPEATEDHITSDESCENDINGFILL,False,False,False,22605,4806,2143710051.0,9,ASK,LONG,1.0
QUBT,2026-05-15 17:55:35.556059+00:00,CALL,11.5,2026-05-29,63305,1151,1249,627,10.775,REPEATEDHITS,False,False,False,63305,0,2143710051.0,14,ASK,LONG,1.0
QUBT,2026-05-14 19:02:16.553423+00:00,CALL,12.5,2026-05-22,47025,855,2433,799,11.865,REPEATEDHITS,False,False,False,46750,0,2143710051.0,8,ASK,LONG,1.0
QUBT,2026-05-14 15:16:29.662896+00:00,CALL,11.0,2026-06-12,12000,60,104,55,12.015,REPEATEDHITS,False,False,False,12000,0,2143710051.0,29,ASK,LONG,1.0
QUBT,2026-05-13 19:23:09.891944+00:00,CALL,13.5,2026-05-29,15200,400,992,165,11.16,REPEATEDHITS,False,False,False,9652,0,2143710051.0,16,ASK,LONG,1.0
QUBT,2026-05-13 16:59:29.392107+00:00,CALL,12.5,2026-06-05,22500,300,4846,45,11.265,REPEATEDHITS,False,False,False,7500,15000,2143710051.0,23,BID,SHORT,0.5
QUBT,2026-05-13 16:57:20.992786+00:00,CALL,12.5,2026-06-05,252932,3418,3435,45,11.23,REPEATEDHITS,False,False,False,247086,5846,2143710051.0,23,ASK,LONG,1.0
QUBT,2026-05-12 19:46:14.755695+00:00,PUT,11.5,2026-05-22,10902,158,262,2,12.115,REPEATEDHITS,False,False,False,10902,0,2143710051.0,10,ASK,SHORT,1.0
QUBT,2026-05-12 19:19:49.038429+00:00,PUT,11.0,2026-05-15,12988,382,6356,143,11.71,REPEATEDHITS,True,False,False,0,12988,2143710051.0,3,BID,LONG,0.5
QUBT,2026-05-12 18:29:24.758083+00:00,CALL,10.5,2026-05-22,77373,450,1559,270,11.665,REPEATEDHITS,False,False,False,77373,0,2143710051.0,10,ASK,LONG,1.0
QUBT,2026-05-12 17:26:30.958979+00:00,CALL,13.0,2026-05-22,18638,400,3089,290,11.585,REPEATEDHITSDESCENDINGFILL,True,False,False,0,18638,2143710051.0,10,BID,SHORT,0.5
QUBT,2026-05-12 17:20:23.378211+00:00,CALL,13.0,2026-05-22,21200,400,2658,290,11.67,REPEATEDHITS,False,False,False,21200,0,2143710051.0,10,ASK,LONG,1.0
QUBT,2026-05-12 16:42:47.704868+00:00,PUT,10.0,2026-06-05,26571,521,600,49,11.525,REPEATEDHITS,False,False,False,0,26571,2143710051.0,24,BID,LONG,0.5
QUBT,2026-05-12 16:42:47.704868+00:00,PUT,10.0,2026-06-26,25839,319,373,51,11.525,REPEATEDHITS,False,False,False,0,25839,2143710051.0,45,BID,LONG,0.5
QXO,2026-06-10 19:15:19.369608+00:00,CALL,21.0,2026-09-18,26040,434,511,83,14.785,REPEATEDHITS,True,False,False,26040,0,11892755692.0,100,ASK,LONG,1.0
QXO,2026-06-10 18:22:20.046759+00:00,PUT,12.0,2026-08-21,34580,532,1133,6,14.885,REPEATEDHITS,False,False,False,34580,0,11892755692.0,72,ASK,SHORT,1.0
QXO,2026-06-01 19:25:09.599188+00:00,PUT,14.0,2026-07-17,40000,1000,1600,179,16.765,REPEATEDHITS,False,False,False,0,40000,11892755692.0,46,BID,LONG,0.5
QXO,2026-05-28 18:06:55.568959+00:00,CALL,17.5,2026-06-05,12856,224,241,143,17.465,REPEATEDHITSDESCENDINGFILL,False,False,False,3416,3200,11892755692.0,8,ASK,LONG,1.0
QXO,2026-05-26 15:34:29.629357+00:00,PUT,17.5,2026-06-18,14000,112,161,2,17.27,REPEATEDHITS,False,False,False,14000,0,11892755692.0,23,ASK,SHORT,1.0
QXO,2026-05-26 15:26:26.379709+00:00,CALL,17.0,2026-09-18,1412053,5230,6484,3188,17.26,REPEATEDHITS,False,False,False,1412053,0,11892755692.0,115,ASK,LONG,1.0
QXO,2026-05-26 14:19:55.823470+00:00,CALL,18.0,2026-08-21,416490,2380,2383,1357,17.04,REPEATEDHITSASCENDINGFILL,False,False,False,416490,0,11892755692.0,87,ASK,LONG,1.0
QXO,2026-05-20 16:14:28.653731+00:00,PUT,17.0,2026-06-18,185276,1544,1598,1201,16.91,REPEATEDHITS,False,False,False,185160,116,11892755692.0,29,ASK,SHORT,1.0
QXO,2026-05-20 15:12:50.252236+00:00,CALL,18.0,2026-06-05,17850,510,515,129,16.725,REPEATEDHITS,False,False,False,11900,5950,11892755692.0,16,ASK,LONG,1.0
QXO,2026-05-20 14:16:55.722392+00:00,CALL,16.0,2026-06-18,33750,250,256,235,16.37,REPEATEDHITS,False,False,False,33750,0,11892755692.0,29,ASK,LONG,1.0
QXO,2026-05-19 16:51:45.380381+00:00,CALL,17.0,2026-08-21,50980,300,1642,95,16.065,REPEATEDHITSASCENDINGFILL,False,False,False,50980,0,11892755692.0,94,ASK,LONG,1.0
QXO,2026-05-19 14:27:57.136641+00:00,CALL,17.0,2026-08-21,69905,451,454,95,15.92,REPEATEDHITS,True,False,False,69905,0,11892755692.0,94,ASK,LONG,1.0
QXO,2026-05-19 14:27:03.629967+00:00,CALL,16.0,2026-07-17,77500,500,511,5,15.92,REPEATEDHITS,True,False,False,77500,0,11892755692.0,59,ASK,LONG,1.0
QXO,2026-05-19 14:21:04.841130+00:00,CALL,17.0,2026-07-17,12978,118,128,108,15.84,REPEATEDHITSDESCENDINGFILL,False,False,False,10448,0,11892755692.0,59,ASK,LONG,1.0
QXO,2026-05-18 19:23:50.636776+00:00,CALL,15.0,2026-05-22,23630,139,157,10,16.66,REPEATEDHITS,False,False,False,0,23630,11892755692.0,4,BID,SHORT,0.5
QXO,2026-05-18 17:32:21.381524+00:00,CALL,19.0,2026-07-17,18750,250,2489,173,16.515,REPEATEDHITS,False,False,False,16275,2475,11892755692.0,60,ASK,LONG,1.0
QXO,2026-05-18 15:24:16.494803+00:00,PUT,13.0,2026-10-16,36580,366,405,12,16.19,REPEATEDHITSDESCENDINGFILL,False,False,False,32880,0,11892755692.0,151,ASK,SHORT,1.0
QXO,2026-05-15 19:58:00.121781+00:00,PUT,16.0,2026-07-17,81900,630,736,217,16.33,REPEATEDHITS,False,False,False,260,78650,11892755692.0,63,BID,LONG,0.5
QXO,2026-05-13 19:59:50.532557+00:00,CALL,17.0,2026-06-18,72000,600,1072,20,17.025,REPEATEDHITS,True,False,False,0,66960,11892755692.0,36,BID,SHORT,0.5
QXO,2026-05-13 17:40:34.829384+00:00,CALL,17.0,2026-06-18,29510,227,460,20,17.145,REPEATEDHITS,True,False,False,2600,14950,11892755692.0,36,BID,SHORT,0.5
QXO,2026-05-12 19:57:08.047564+00:00,PUT,17.5,2026-05-15,15155,433,2620,51,17.805,REPEATEDHITS,True,False,False,0,1295,11892755692.0,3,BID,LONG,0.5
QXO,2026-05-12 19:12:41.067003+00:00,PUT,15.0,2026-09-18,20384,193,2604,6,17.94,REPEATEDHITSASCENDINGFILL,False,False,False,0,20384,11892755692.0,129,BID,LONG,0.5
QXO,2026-05-12 19:09:33.858725+00:00,PUT,17.5,2026-05-15,19200,640,2183,51,17.94,REPEATEDHITS,True,False,False,3150,30,11892755692.0,3,ASK,SHORT,1.0
QXO,2026-05-12 19:09:33.858725+00:00,PUT,15.0,2026-09-18,23205,221,2113,6,17.945,REPEATEDHITS,False,False,False,0,0,11892755692.0,129,MIXED,,0.0
QXO,2026-05-12 19:08:40.598875+00:00,PUT,15.0,2026-09-18,16536,156,1744,6,17.95,REPEATEDHITS,False,False,False,0,16536,11892755692.0,129,BID,LONG,0.5
QXO,2026-05-12 19:08:40.598875+00:00,PUT,15.0,2026-09-18,15495,147,1891,6,17.955,REPEATEDHITSDESCENDINGFILL,False,False,False,0,15495,11892755692.0,129,BID,LONG,0.5
QXO,2026-05-12 19:08:26.983864+00:00,PUT,17.5,2026-05-15,10800,360,1543,51,17.95,REPEATEDHITS,True,False,False,1740,30,11892755692.0,3,ASK,SHORT,1.0
QXO,2026-05-12 19:06:51.824561+00:00,PUT,15.0,2026-09-18,19080,180,1434,6,17.945,REPEATEDHITS,False,False,False,0,19080,11892755692.0,129,BID,LONG,0.5
QXO,2026-05-12 19:06:28.796722+00:00,PUT,15.0,2026-09-18,26910,255,1009,6,17.955,REPEATEDHITSDESCENDINGFILL,False,False,False,0,26910,11892755692.0,129,BID,LONG,0.5
QXO,2026-05-12 18:10:48.913510+00:00,PUT,17.5,2026-05-15,30000,1000,1183,51,17.95,REPEATEDHITS,False,False,False,24300,5700,11892755692.0,3,ASK,SHORT,1.0
REPL,2026-06-09 17:24:12.954628+00:00,CALL,12.0,2026-06-18,10379,698,1031,535,8.715,REPEATEDHITSDESCENDINGFILL,True,False,False,10379,0,762971000.0,9,ASK,LONG,1.0
REPL,2026-06-08 14:04:53.252232+00:00,CALL,9.0,2026-06-12,21000,200,200,14,8.98,REPEATEDHITS,False,False,False,21000,0,762971000.0,4,ASK,LONG,1.0
REPL,2026-06-02 18:02:37.419632+00:00,PUT,8.0,2026-11-20,29671,129,141,116,8.84,REPEATEDHITS,False,False,False,0,29671,762971000.0,171,BID,LONG,0.5
REPL,2026-06-01 15:46:54.758273+00:00,CALL,11.0,2026-08-21,11070,50,51,4,9.24,REPEATEDHITSDESCENDINGFILL,False,False,False,11070,0,762971000.0,81,ASK,LONG,1.0
REPL,2026-05-29 17:07:00.225663+00:00,PUT,7.0,2026-06-05,14910,497,604,5,8.4,REPEATEDHITS,False,False,False,14430,330,762971000.0,7,ASK,SHORT,1.0
REPL,2026-05-29 16:36:08.531629+00:00,PUT,8.5,2026-06-05,74970,833,1005,0,8.25,REPEATEDHITS,False,False,False,53370,21600,762971000.0,7,ASK,SHORT,1.0
REPL,2026-05-29 15:27:38.438086+00:00,PUT,6.0,2026-06-26,21195,1413,7021,0,8.575,REPEATEDHITS,False,False,False,0,21195,762971000.0,28,BID,LONG,0.5
REPL,2026-05-29 15:00:36.864492+00:00,PUT,9.0,2026-05-29,21700,434,1000,2,8.55,REPEATEDHITS,False,False,False,21700,0,762971000.0,0,ASK,SHORT,1.0
REPL,2026-05-29 14:52:17.661808+00:00,CALL,10.0,2026-06-18,64502,813,963,43,8.8303,REPEATEDHITSASCENDINGFILL,False,False,False,63867,635,762971000.0,20,ASK,LONG,1.0
REPL,2026-05-27 19:10:16.522759+00:00,CALL,5.0,2026-06-05,17896,300,307,73,4.62,REPEATEDHITSASCENDINGFILL,False,False,False,17896,0,762971000.0,9,ASK,LONG,1.0
REPL,2026-05-20 14:26:51.515149+00:00,CALL,7.0,2026-06-05,29001,1452,1453,103,4.91,REPEATEDHITSDESCENDINGFILL,True,False,False,28181,800,762971000.0,16,ASK,LONG,1.0
REPL,2026-05-15 19:13:24.805696+00:00,PUT,6.0,2026-05-15,116935,1799,2250,32,5.31,REPEATEDHITS,True,False,False,116935,0,762971000.0,0,ASK,SHORT,1.0
REPL,2026-05-14 18:23:44.347402+00:00,CALL,5.5,2026-05-22,24990,1000,1054,21,4.665,REPEATEDHITSDESCENDINGFILL,False,False,False,24990,0,762971000.0,8,ASK,LONG,1.0
REPL,2026-05-13 18:55:35.155699+00:00,CALL,6.0,2026-11-20,16500,100,100,20,5.35,REPEATEDHITS,False,False,False,16500,0,762971000.0,191,ASK,LONG,1.0
SATS,2026-06-10 18:43:30.045961+00:00,CALL,185.0,2026-12-18,37230,51,2033,38,114.59,REPEATEDHITS,False,False,False,0,37230,18503960385.0,191,BID,SHORT,0.5
SATS,2026-06-10 16:53:58.394581+00:00,CALL,185.0,2026-12-18,175220,237,1006,38,114.22,REPEATEDHITSDESCENDINGFILL,True,False,False,152380,22840,18503960385.0,191,ASK,LONG,1.0
SATS,2026-06-10 16:53:04.540035+00:00,CALL,185.0,2026-12-18,41440,56,563,38,114.255,REPEATEDHITS,True,False,False,28860,12580,18503960385.0,191,ASK,LONG,1.0
SATS,2026-06-09 17:17:21.635116+00:00,CALL,106.0,2026-06-18,37400,29,29,0,114.09,REPEATEDHITS,True,False,False,37400,0,18503960385.0,9,ASK,LONG,1.0
SATS,2026-06-09 17:17:21.635116+00:00,CALL,104.0,2026-06-18,90830,64,64,1,114.09,REPEATEDHITS,True,False,False,69680,21150,18503960385.0,9,ASK,LONG,1.0
SATS,2026-06-09 16:49:50.540774+00:00,CALL,152.5,2026-06-18,21366,178,178,67,113.515,REPEATEDHITSASCENDINGFILL,False,False,False,0,21366,18503960385.0,9,BID,SHORT,0.5
SATS,2026-06-05 19:39:28.418413+00:00,CALL,117.0,2026-07-10,151178,108,108,0,117.6,REPEATEDHITS,False,False,False,151178,0,18503960385.0,35,ASK,LONG,1.0
SATS,2026-06-05 18:42:44.915960+00:00,CALL,114.0,2026-06-12,217490,298,308,1,113.59,REPEATEDHITSDESCENDINGFILL,True,False,False,217490,0,18503960385.0,7,ASK,LONG,1.0
SATS,2026-06-05 18:42:44.915960+00:00,CALL,118.0,2026-06-12,37168,63,117,57,113.59,REPEATEDHITS,True,False,False,37168,0,18503960385.0,7,ASK,LONG,1.0
SATS,2026-06-05 16:45:04.025482+00:00,PUT,109.0,2026-07-10,16710,17,39,4,113.8599,REPEATEDHITS,False,False,False,14750,1960,18503960385.0,35,ASK,SHORT,1.0
SATS,2026-06-05 15:25:09.115250+00:00,CALL,195.0,2026-10-16,79710,150,150,46,115.76,REPEATEDHITSASCENDINGFILL,True,False,False,4380,75330,18503960385.0,133,BID,SHORT,0.5
SATS,2026-06-05 14:27:05.315189+00:00,CALL,115.0,2026-06-05,130000,500,706,1,116.37,FLOORTRADELARGECAP,False,True,False,0,0,18503960385.0,0,MIXED,,0.0
SATS,2026-06-05 13:36:18.677167+00:00,CALL,115.0,2026-06-05,14840,28,145,1,120.19,REPEATEDHITS,False,False,False,12720,2120,18503960385.0,0,ASK,LONG,1.0
SATS,2026-06-05 13:36:09.253919+00:00,CALL,115.0,2026-06-05,57848,109,109,1,120.29,REPEATEDHITSASCENDINGFILL,True,False,False,15370,42478,18503960385.0,0,BID,SHORT,0.5
SATS,2026-06-05 13:32:10.932231+00:00,PUT,100.0,2026-07-10,428760,1021,1521,2,119.0,REPEATEDHITS,True,False,False,4980,64260,18503960385.0,35,BID,LONG,0.5
SATS,2026-06-05 13:31:41.067680+00:00,PUT,100.0,2026-07-10,220000,500,500,2,120.045,REPEATEDHITS,False,False,False,0,198000,18503960385.0,35,BID,LONG,0.5
SATS,2026-06-04 18:10:06.726177+00:00,PUT,124.0,2026-06-18,194815,200,200,166,124.46,REPEATEDHITSASCENDINGFILL,False,False,False,0,194815,18503960385.0,14,BID,LONG,0.5
SATS,2026-06-03 18:53:51.876212+00:00,CALL,130.0,2026-06-26,867401,1000,1039,752,123.485,REPEATEDHITSDESCENDINGFILL,True,False,False,867401,0,18503960385.0,23,ASK,LONG,1.0
SATS,2026-06-01 15:41:10.133543+00:00,CALL,124.0,2026-06-05,128000,200,402,101,127.04,REPEATEDHITS,False,False,False,0,0,18503960385.0,4,MIXED,,0.0
SATS,2026-05-29 17:03:24.605511+00:00,CALL,120.0,2026-06-26,82500,50,65,24,128.46,REPEATEDHITS,False,False,False,16500,66000,18503960385.0,28,BID,SHORT,0.5
SATS,2026-05-29 16:20:07.500252+00:00,PUT,125.0,2026-06-12,250407,321,1010,115,127.48,REPEATEDHITS,False,False,False,0,250407,18503960385.0,14,BID,LONG,0.5
SATS,2026-05-29 16:19:03.410481+00:00,PUT,125.0,2026-06-12,146030,187,407,115,127.4401,REPEATEDHITSDESCENDINGFILL,False,False,False,0,146030,18503960385.0,14,BID,LONG,0.5
SATS,2026-05-29 13:48:56.819398+00:00,PUT,121.0,2026-06-05,381840,888,890,39,123.3,REPEATEDHITS,False,False,False,63640,318200,18503960385.0,7,BID,LONG,0.5
SATS,2026-05-28 16:40:02.624836+00:00,CALL,126.0,2026-05-29,38720,88,134,78,129.56,REPEATEDHITS,True,False,False,0,38720,18503960385.0,1,BID,SHORT,0.5
SATS,2026-05-28 14:58:33.459730+00:00,PUT,118.0,2026-06-05,44725,298,449,53,128.525,REPEATEDHITS,False,False,False,0,44725,18503960385.0,8,BID,LONG,0.5
SATS,2026-05-28 14:50:38.027277+00:00,PUT,119.0,2026-06-26,101220,140,287,12,128.84,REPEATEDHITSASCENDINGFILL,False,False,False,93280,7940,18503960385.0,29,ASK,SHORT,1.0
SATS,2026-05-27 13:50:24.595031+00:00,PUT,115.0,2026-09-18,1090500,727,885,314,123.33,REPEATEDHITS,False,False,False,1090500,0,18503960385.0,114,ASK,SHORT,1.0
SATS,2026-05-26 17:32:31.089874+00:00,CALL,144.0,2026-07-02,12458,17,17,15,125.35,REPEATEDHITSASCENDINGFILL,False,False,False,12458,0,18503960385.0,37,ASK,LONG,1.0
SATS,2026-05-26 16:39:13.430730+00:00,CALL,123.0,2026-06-18,179961,150,214,22,123.66,REPEATEDHITSASCENDINGFILL,False,False,False,179961,0,18503960385.0,23,ASK,LONG,1.0
SATS,2026-05-26 14:59:38.711633+00:00,CALL,123.0,2026-06-18,27250,25,57,22,123.8,REPEATEDHITS,False,False,False,21800,3270,18503960385.0,23,ASK,LONG,1.0
SATS,2026-05-26 14:34:54.779775+00:00,CALL,125.0,2026-05-29,183520,442,533,338,124.845,REPEATEDHITSDESCENDINGFILL,False,False,False,183520,0,18503960385.0,3,ASK,LONG,1.0
SATS,2026-05-26 14:33:49.451149+00:00,CALL,146.0,2026-06-18,29652,80,87,0,124.6,REPEATEDHITSDESCENDINGFILL,False,False,False,0,29652,18503960385.0,23,BID,SHORT,0.5
SATS,2026-05-26 14:10:38.886207+00:00,CALL,125.0,2026-06-12,583011,600,1055,54,125.0,REPEATEDHITSASCENDINGFILL,True,False,False,393874,187177,18503960385.0,17,ASK,LONG,1.0
SATS,2026-05-26 14:09:30.506216+00:00,CALL,123.0,2026-06-18,35400,30,31,22,124.35,REPEATEDHITS,False,False,False,3540,18880,18503960385.0,23,BID,SHORT,0.5
SATS,2026-05-22 18:58:35.115580+00:00,CALL,126.0,2026-06-05,89530,121,132,3,125.49,REPEATEDHITS,True,False,False,89530,0,18503960385.0,14,ASK,LONG,1.0
SATS,2026-05-22 18:52:02.951341+00:00,CALL,128.0,2026-06-05,79800,133,1605,25,124.095,REPEATEDHITS,True,False,False,0,79800,18503960385.0,14,BID,SHORT,0.5
SATS,2026-05-22 18:52:02.951341+00:00,CALL,127.0,2026-06-05,24230,39,94,9,124.095,REPEATEDHITS,True,False,False,23610,620,18503960385.0,14,ASK,LONG,1.0
SATS,2026-05-22 18:52:02.951341+00:00,CALL,129.0,2026-06-05,20892,38,63,6,124.095,REPEATEDHITS,True,False,False,20892,0,18503960385.0,14,ASK,LONG,1.0
SATS,2026-05-22 18:30:32.328996+00:00,CALL,124.0,2026-06-18,11172,10,10,0,124.4,REPEATEDHITSASCENDINGFILL,False,False,False,0,11172,18503960385.0,27,BID,SHORT,0.5
SATS,2026-05-22 18:11:03.985689+00:00,PUT,126.0,2026-06-12,26460,27,104,7,124.79,REPEATEDHITS,True,False,False,20580,1960,18503960385.0,21,ASK,SHORT,1.0
SATS,2026-05-22 18:10:52.771467+00:00,PUT,126.0,2026-06-12,13000,13,77,7,124.74,REPEATEDHITS,False,False,False,9000,0,18503960385.0,21,ASK,SHORT,1.0
SATS,2026-05-22 17:26:05.825857+00:00,CALL,124.0,2026-05-22,29949,80,170,15,127.685,REPEATEDHITSDESCENDINGFILL,False,False,False,23109,0,18503960385.0,0,ASK,LONG,1.0
SATS,2026-05-22 14:55:52.541419+00:00,CALL,120.0,2026-05-22,20460,62,106,26,122.805,REPEATEDHITS,False,False,False,19140,1320,18503960385.0,0,ASK,LONG,1.0
SATS,2026-05-22 14:44:03.491966+00:00,PUT,126.0,2026-06-12,47500,50,50,7,126.05,REPEATEDHITS,True,False,False,26600,13300,18503960385.0,21,ASK,SHORT,1.0
SATS,2026-05-22 13:37:55.921312+00:00,CALL,131.0,2026-06-12,17754,20,20,3,128.7,REPEATEDHITSASCENDINGFILL,False,False,False,0,17754,18503960385.0,21,BID,SHORT,0.5
SATS,2026-05-21 19:30:28.804950+00:00,PUT,100.0,2026-08-21,713960,1373,1501,38,130.27,FLOORTRADELARGECAP,False,True,True,713960,0,18503960385.0,92,ASK,SHORT,1.0
SATS,2026-05-21 14:51:45.010755+00:00,CALL,136.0,2026-05-22,36776,204,216,186,135.26,REPEATEDHITSDESCENDINGFILL,False,False,False,0,36776,18503960385.0,1,BID,SHORT,0.5
SATS,2026-05-21 14:22:30.629730+00:00,PUT,136.0,2026-05-29,16250,25,25,20,134.45,REPEATEDHITS,False,False,False,11700,4550,18503960385.0,8,ASK,SHORT,1.0
SATS,2026-05-21 14:07:23.574285+00:00,CALL,150.0,2026-07-02,14005,15,26,0,137.705,REPEATEDHITS,False,False,False,11200,2805,18503960385.0,42,ASK,LONG,1.0
SATS,2026-05-19 14:39:08.815083+00:00,PUT,134.0,2026-06-18,10930,10,27,1,134.7,REPEATEDHITSDESCENDINGFILL,False,False,False,9840,1090,18503960385.0,30,ASK,SHORT,1.0
SCHW,2026-06-10 18:00:02.257976+00:00,CALL,92.0,2026-07-02,84738,487,507,138,90.04,REPEATEDHITS,False,False,False,6438,78300,154383058956.0,22,BID,SHORT,0.5
SCHW,2026-06-09 17:46:26.934511+00:00,PUT,87.0,2026-06-26,113225,647,665,70,87.78,REPEATEDHITS,False,False,False,0,113225,154383058956.0,17,BID,LONG,0.5
SCHW,2026-06-09 15:21:41.382823+00:00,CALL,88.0,2026-06-12,84270,795,950,643,87.77,REPEATEDHITS,False,False,False,0,84270,154383058956.0,3,BID,SHORT,0.5
SCHW,2026-06-02 14:43:18.690409+00:00,PUT,84.0,2026-06-12,99586,986,1134,328,86.315,REPEATEDHITS,False,False,False,808,98778,154383058956.0,10,BID,LONG,0.5
SCHW,2026-06-01 19:05:25.140492+00:00,PUT,89.0,2026-06-12,64998,314,579,100,88.83,REPEATEDHITS,True,False,False,64998,0,154383058956.0,11,ASK,SHORT,1.0
SCHW,2026-06-01 14:51:03.297395+00:00,PUT,88.0,2026-06-12,67097,293,296,150,87.19,REPEATEDHITS,True,False,False,0,67097,154383058956.0,11,BID,LONG,0.5
SCHW,2026-06-01 14:46:59.180520+00:00,PUT,89.0,2026-06-12,70344,241,260,100,87.09,REPEATEDHITSDESCENDINGFILL,True,False,False,53438,16906,154383058956.0,11,ASK,SHORT,1.0
SCHW,2026-06-01 14:45:30.659439+00:00,PUT,85.0,2026-06-05,52072,1132,1169,642,87.28,REPEATEDHITS,False,False,False,52072,0,154383058956.0,4,ASK,SHORT,1.0
SCHW,2026-05-29 16:38:36.705186+00:00,CALL,89.0,2026-06-12,88816,793,812,263,87.17,REPEATEDHITS,False,False,False,0,88816,154383058956.0,14,BID,SHORT,0.5
SCHW,2026-05-28 17:33:57.804682+00:00,PUT,81.0,2026-06-18,78816,821,843,142,84.4201,REPEATEDHITS,False,False,False,78816,0,154383058956.0,21,ASK,SHORT,1.0
SCHW,2026-05-28 17:28:55.052687+00:00,CALL,82.5,2027-03-19,86925,79,173,2,84.54,REPEATEDHITS,True,False,False,80300,5525,154383058956.0,295,ASK,LONG,1.0
SCHW,2026-05-26 15:24:01.297993+00:00,PUT,87.0,2026-06-12,95095,1001,1015,33,90.2,REPEATEDHITS,False,False,False,95095,0,154383058956.0,17,ASK,SHORT,1.0
SCHW,2026-05-20 14:26:25.671089+00:00,CALL,92.0,2026-06-05,123646,586,586,264,91.88,REPEATEDHITS,False,False,False,104656,0,154383058956.0,16,ASK,LONG,1.0
SCHW,2026-05-18 16:13:04.746115+00:00,CALL,97.5,2028-01-21,154675,115,162,23,92.33,REPEATEDHITS,False,False,False,0,154675,154383058956.0,613,BID,SHORT,0.5
SCHW,2026-05-15 16:00:14.656533+00:00,CALL,86.0,2026-05-15,150871,311,311,121,90.65,REPEATEDHITSASCENDINGFILL,False,False,False,0,150871,154383058956.0,0,BID,SHORT,0.5
SCHW,2026-05-14 16:14:40.340757+00:00,PUT,85.0,2026-08-21,243312,822,845,477,90.78,REPEATEDHITS,False,False,False,0,243312,154383058956.0,99,BID,LONG,0.5
SCHW,2026-05-14 14:19:29.863816+00:00,CALL,88.0,2026-05-29,56000,175,175,163,89.86,REPEATEDHITS,True,False,False,320,55680,154383058956.0,15,BID,SHORT,0.5
SCHW,2026-05-13 18:34:41.556183+00:00,PUT,92.0,2026-06-26,111540,286,296,0,91.25,REPEATEDHITS,True,False,False,111540,0,154383058956.0,44,ASK,SHORT,1.0
SCHW,2026-05-13 17:09:49.606938+00:00,PUT,87.5,2026-10-16,1558429,3117,3120,94,91.2,REPEATEDHITSDESCENDINGFILL,True,False,False,1557929,500,154383058956.0,156,ASK,SHORT,1.0
SCHW,2026-05-13 16:47:47.263806+00:00,CALL,98.0,2026-06-12,78078,1001,1041,9,90.96,REPEATEDHITS,False,False,False,75036,3042,154383058956.0,30,ASK,LONG,1.0
SCHW,2026-05-13 14:56:33.526665+00:00,PUT,93.0,2026-05-22,129600,432,440,168,91.11,REPEATEDHITS,True,False,False,129600,0,154383058956.0,9,ASK,SHORT,1.0
SCHW,2026-05-13 14:18:43.746056+00:00,PUT,91.0,2026-05-29,106651,450,450,164,91.07,REPEATEDHITS,True,False,False,0,106651,154383058956.0,16,BID,LONG,0.5
SMCI,2026-06-10 19:59:50.760567+00:00,CALL,32.0,2026-06-12,76148,1061,9010,416,29.315,REPEATEDHITS,False,False,False,72000,4148,24441647108.0,2,ASK,LONG,1.0
SMCI,2026-06-10 19:59:31.476238+00:00,CALL,32.0,2026-06-12,60970,938,7867,416,29.355,REPEATEDHITS,True,False,False,59150,0,24441647108.0,2,ASK,LONG,1.0
SMCI,2026-06-10 19:59:24.065555+00:00,CALL,33.0,2026-06-12,44000,1000,8180,498,29.305,REPEATEDHITS,True,False,False,0,44000,24441647108.0,2,BID,SHORT,0.5
SMCI,2026-06-10 19:58:44.594394+00:00,CALL,32.0,2026-06-12,31980,533,5456,416,29.246,REPEATEDHITS,True,False,False,27420,0,24441647108.0,2,ASK,LONG,1.0
SMCI,2026-06-10 19:58:44.594394+00:00,CALL,32.0,2026-06-12,56048,904,6924,416,29.245,REPEATEDHITS,False,False,False,33852,20088,24441647108.0,2,ASK,LONG,1.0
SMCI,2026-06-10 19:58:32.978140+00:00,CALL,33.0,2026-06-12,49134,1293,6512,498,29.205,REPEATEDHITS,True,False,False,37886,1520,24441647108.0,2,ASK,LONG,1.0
SMCI,2026-06-10 19:56:41.222420+00:00,CALL,34.0,2026-06-12,11000,500,7602,393,29.26,REPEATEDHITS,False,False,False,0,11000,24441647108.0,2,BID,SHORT,0.5
SMCI,2026-06-10 19:53:58.810140+00:00,CALL,32.5,2026-06-12,19272,438,8788,218,29.465,REPEATEDHITS,True,False,False,10736,8536,24441647108.0,2,ASK,LONG,1.0
SMCI,2026-06-10 19:53:49.194859+00:00,CALL,32.5,2026-06-12,23628,537,7134,218,29.455,REPEATEDHITS,False,False,False,0,23628,24441647108.0,2,BID,SHORT,0.5
SMCI,2026-06-10 19:53:49.194859+00:00,CALL,32.5,2026-06-12,34936,794,7928,218,29.4399,REPEATEDHITS,False,False,False,5456,29480,24441647108.0,2,BID,SHORT,0.5
SMCI,2026-06-10 19:53:45.304480+00:00,CALL,32.5,2026-06-12,61072,1388,6597,218,29.48,REPEATEDHITS,False,False,False,61072,0,24441647108.0,2,ASK,LONG,1.0
SMCI,2026-06-10 19:48:47.909476+00:00,PUT,29.5,2026-06-12,22600,200,3118,155,30.0,REPEATEDHITS,True,False,False,0,22600,24441647108.0,2,BID,LONG,0.5
SMCI,2026-06-10 19:45:01.865934+00:00,CALL,32.5,2026-06-12,10031,223,3516,218,29.8152,REPEATEDHITS,True,False,False,9855,176,24441647108.0,2,ASK,LONG,1.0
SMCI,2026-06-10 19:38:18.295241+00:00,PUT,30.5,2026-06-12,12240,90,3111,65,30.37,REPEATEDHITS,False,False,False,0,12240,24441647108.0,2,BID,LONG,0.5
SMCI,2026-06-10 19:37:28.781662+00:00,PUT,27.0,2026-06-12,19656,546,2860,446,30.1532,REPEATEDHITS,False,False,False,19656,0,24441647108.0,2,ASK,SHORT,1.0
SMCI,2026-06-10 19:29:33.827354+00:00,CALL,36.0,2026-06-12,11024,1378,15430,1085,30.125,REPEATEDHITS,False,False,False,11024,0,24441647108.0,2,ASK,LONG,1.0
SMCI,2026-06-10 19:29:07.490149+00:00,CALL,30.5,2026-06-12,13923,119,673,68,30.1401,REPEATEDHITS,False,False,False,10998,0,24441647108.0,2,ASK,LONG,1.0
SMCI,2026-06-10 19:25:59.175883+00:00,PUT,27.0,2026-06-12,16350,545,2163,446,30.3023,REPEATEDHITS,False,False,False,0,16350,24441647108.0,2,BID,LONG,0.5
SMCI,2026-06-10 19:18:28.481153+00:00,CALL,36.0,2026-06-12,16480,1500,13920,1085,30.825,REPEATEDHITS,False,False,False,16280,200,24441647108.0,2,ASK,LONG,1.0
SMCI,2026-06-10 19:16:26.484824+00:00,PUT,27.5,2026-06-12,13775,475,1046,430,30.92,REPEATEDHITS,False,False,False,13775,0,24441647108.0,2,ASK,SHORT,1.0
SMCI,2026-06-10 19:06:21.217550+00:00,PUT,30.5,2026-06-12,17400,200,2029,65,31.405,REPEATEDHITS,False,False,False,0,17400,24441647108.0,2,BID,LONG,0.5
SMCI,2026-06-10 18:54:19.176092+00:00,PUT,29.0,2026-06-12,19516,476,1152,286,31.56,REPEATEDHITS,False,False,False,19516,0,24441647108.0,2,ASK,SHORT,1.0
SMCI,2026-06-10 18:47:09.521890+00:00,PUT,31.5,2026-06-18,71200,400,563,172,31.84,REPEATEDHITS,False,False,False,55714,0,24441647108.0,8,ASK,SHORT,1.0
SMCI,2026-06-10 18:11:42.549905+00:00,CALL,36.0,2026-06-12,37168,1616,10381,1085,32.5899,REPEATEDHITS,True,False,False,30797,0,24441647108.0,2,ASK,LONG,1.0
SMCI,2026-06-10 17:11:27.679881+00:00,PUT,30.5,2026-06-26,10537,68,75,52,32.735,REPEATEDHITS,False,False,False,10385,152,24441647108.0,16,ASK,SHORT,1.0
SMCI,2026-06-10 16:18:53.363878+00:00,PUT,32.0,2026-06-12,62160,888,6085,545,33.43,REPEATEDHITS,False,False,False,53830,8330,24441647108.0,2,ASK,SHORT,1.0
SMCI,2026-06-10 16:13:15.234161+00:00,PUT,32.5,2026-06-12,84390,970,2682,309,33.415,REPEATEDHITS,True,False,False,61596,6438,24441647108.0,2,ASK,SHORT,1.0
SMCI,2026-06-10 15:28:15.553339+00:00,PUT,30.0,2026-06-12,27076,967,4708,459,33.515,REPEATEDHITS,False,False,False,27076,0,24441647108.0,2,ASK,SHORT,1.0
SMCI,2026-06-10 15:26:20.007573+00:00,CALL,33.5,2026-06-26,55216,203,405,37,33.671,REPEATEDHITS,False,False,False,0,23936,24441647108.0,16,BID,SHORT,0.5
SMCI,2026-06-10 15:23:47.992409+00:00,CALL,34.0,2026-06-12,52976,473,1659,393,33.55,REPEATEDHITS,False,False,False,52976,0,24441647108.0,2,ASK,LONG,1.0
SMCI,2026-06-10 15:17:18.153436+00:00,CALL,34.5,2026-06-26,21127,100,144,44,33.305,REPEATEDHITSDESCENDINGFILL,False,False,False,21127,0,24441647108.0,16,ASK,LONG,1.0
SMCI,2026-06-10 14:54:13.110223+00:00,PUT,34.0,2026-06-12,97500,750,6159,373,34.1001,REPEATEDHITS,False,False,False,60320,37180,24441647108.0,2,ASK,SHORT,1.0
SMCI,2026-06-10 14:40:46.338505+00:00,PUT,34.5,2026-06-12,128766,1000,4510,451,34.6699,REPEATEDHITSDESCENDINGFILL,False,False,False,128766,0,24441647108.0,2,ASK,SHORT,1.0
SMCI,2026-06-10 14:34:43.165841+00:00,PUT,35.5,2026-06-12,25281,159,1745,104,35.015,REPEATEDHITS,False,False,False,0,25281,24441647108.0,2,BID,LONG,0.5
SMCI,2026-06-10 14:33:53.904553+00:00,CALL,38.5,2026-07-02,173173,1001,1039,171,34.9801,REPEATEDHITS,False,False,False,0,0,24441647108.0,22,MIXED,,0.0
SMCI,2026-06-10 14:19:52.357408+00:00,CALL,42.0,2027-06-17,1069206,1005,1085,9,35.55,REPEATEDHITSDESCENDINGFILL,True,False,False,506236,520570,24441647108.0,372,BID,SHORT,0.5
SMCI,2026-06-10 14:02:40.763985+00:00,CALL,34.0,2026-08-21,1630559,2462,7696,1856,35.42,REPEATEDHITSDESCENDINGFILL,True,False,False,1630559,0,24441647108.0,72,ASK,LONG,1.0
SMCI,2026-06-10 13:53:55.988781+00:00,CALL,70.0,2026-09-18,188281,2092,2109,1567,35.205,REPEATEDHITS,False,False,False,0,188190,24441647108.0,100,BID,SHORT,0.5
SMCI,2026-06-10 13:40:15.428764+00:00,CALL,36.0,2026-07-02,40300,130,131,50,35.01,REPEATEDHITS,False,False,False,40300,0,24441647108.0,22,ASK,LONG,1.0
SMCI,2026-06-10 13:33:32.771659+00:00,CALL,35.5,2026-06-18,43992,234,258,232,34.93,REPEATEDHITS,True,False,False,0,43992,24441647108.0,8,BID,SHORT,0.5
SMCI,2026-06-09 19:10:32.265976+00:00,CALL,42.5,2026-06-26,10305,49,160,5,40.26,REPEATEDHITSASCENDINGFILL,True,False,False,1060,9245,24441647108.0,17,BID,SHORT,0.5
SMCI,2026-06-09 16:39:56.526634+00:00,CALL,40.0,2026-07-24,80405,201,328,1,38.265,REPEATEDHITS,False,False,False,48000,32405,24441647108.0,45,ASK,LONG,1.0
SMCI,2026-06-09 16:35:12.040319+00:00,CALL,50.0,2026-07-24,68145,409,460,79,38.83,REPEATEDHITSDESCENDINGFILL,False,False,False,34948,32322,24441647108.0,45,ASK,LONG,1.0
SMCI,2026-06-09 15:52:24.155897+00:00,CALL,40.5,2026-06-18,29250,125,465,5,40.64,REPEATEDHITS,False,False,False,9360,19890,24441647108.0,9,BID,SHORT,0.5
SMCI,2026-06-09 15:10:02.705519+00:00,PUT,41.5,2026-06-18,52948,244,377,9,41.655,REPEATEDHITS,True,False,False,0,52948,24441647108.0,9,BID,LONG,0.5
SMCI,2026-06-09 14:49:44.173337+00:00,CALL,43.5,2026-06-18,62100,450,518,322,41.115,REPEATEDHITS,False,False,False,10764,51336,24441647108.0,9,BID,SHORT,0.5
SMCI,2026-06-08 18:53:33.075235+00:00,PUT,36.5,2026-06-12,10704,892,1210,110,44.465,REPEATEDHITS,False,False,False,0,10704,24441647108.0,4,BID,LONG,0.5
SMCI,2026-06-08 17:02:36.766590+00:00,PUT,41.5,2026-06-12,18204,222,1106,199,44.04,REPEATEDHITS,False,False,False,18204,0,24441647108.0,4,ASK,SHORT,1.0
SMCI,2026-06-08 14:43:31.257298+00:00,CALL,65.0,2027-06-17,15930,18,20,0,42.6461,REPEATEDHITS,False,False,False,1770,13275,24441647108.0,374,BID,SHORT,0.5
SMCI,2026-06-08 13:30:10.878104+00:00,CALL,57.0,2026-06-12,14000,2000,3006,35,43.8,REPEATEDHITS,False,False,False,0,14000,24441647108.0,4,BID,SHORT,0.5
SMH,2026-06-10 18:11:13.523730+00:00,CALL,620.0,2026-06-12,124632,1154,2804,868,577.15,REPEATEDHITS,False,False,False,0,124632,68020448453.0,2,BID,SHORT,0.5
SMH,2026-06-10 17:21:42.150031+00:00,CALL,755.0,2026-12-18,397548,139,1374,17,572.44,REPEATEDHITS,True,False,False,0,297448,68020448453.0,191,BID,SHORT,0.5
SMH,2026-06-10 17:21:24.931604+00:00,CALL,755.0,2026-12-18,1606920,560,1198,17,572.0148,REPEATEDHITS,True,False,False,655090,851380,68020448453.0,191,BID,SHORT,0.5
SMH,2026-06-10 17:20:59.295049+00:00,CALL,755.0,2026-12-18,959480,332,532,17,572.38,REPEATEDHITS,True,False,False,355470,372810,68020448453.0,191,BID,SHORT,0.5
SMH,2026-06-10 17:20:52.086477+00:00,CALL,755.0,2026-12-18,464000,160,180,17,572.3,REPEATEDHITS,False,False,False,406000,58000,68020448453.0,191,ASK,LONG,1.0
SMH,2026-06-10 17:17:28.529115+00:00,PUT,570.0,2026-12-18,2651740,351,1332,104,573.4099,REPEATEDHITSDESCENDINGFILL,True,False,False,2138050,22635,68020448453.0,191,ASK,SHORT,1.0
SMH,2026-06-10 17:17:20.322532+00:00,PUT,570.0,2026-12-18,1713850,227,862,104,573.3,REPEATEDHITS,True,False,False,1411850,302000,68020448453.0,191,ASK,SHORT,1.0
SMH,2026-06-10 17:17:17.718527+00:00,PUT,570.0,2026-12-18,1343900,178,635,104,573.33,REPEATEDHITS,True,False,False,1192900,151000,68020448453.0,191,ASK,SHORT,1.0
SMH,2026-06-10 17:17:13.111572+00:00,PUT,570.0,2026-12-18,1525210,202,443,104,572.98,REPEATEDHITS,True,False,False,800295,573915,68020448453.0,191,ASK,SHORT,1.0
SMH,2026-06-10 16:30:47.116324+00:00,CALL,620.0,2026-06-12,162624,1232,1514,868,575.57,REPEATEDHITS,False,False,False,0,162624,68020448453.0,2,BID,SHORT,0.5
SMH,2026-06-10 15:08:43.299378+00:00,CALL,630.0,2026-06-12,136120,1660,2295,1117,578.5601,REPEATEDHITS,False,False,False,0,136120,68020448453.0,2,BID,SHORT,0.5
SMH,2026-06-09 19:23:08.176926+00:00,PUT,477.5,2026-06-18,98252,448,601,232,578.425,REPEATEDHITSDESCENDINGFILL,True,False,False,95027,3225,68020448453.0,9,ASK,SHORT,1.0
SMH,2026-06-09 16:38:16.592678+00:00,CALL,567.5,2026-06-18,60845,31,41,18,561.1,REPEATEDHITS,False,False,False,27520,33325,68020448453.0,9,BID,SHORT,0.5
SMH,2026-06-09 16:29:35.138342+00:00,CALL,685.0,2026-06-26,290020,1706,1724,226,563.63,REPEATEDHITS,False,False,False,0,290020,68020448453.0,17,BID,SHORT,0.5
SMH,2026-06-09 16:06:14.867117+00:00,PUT,385.0,2028-06-16,89345,18,18,4,570.04,REPEATEDHITS,False,False,False,89345,0,68020448453.0,738,ASK,SHORT,1.0
SMH,2026-06-09 15:50:22.983313+00:00,CALL,587.5,2026-07-02,70200,24,24,15,581.32,REPEATEDHITS,False,False,False,0,70200,68020448453.0,23,BID,SHORT,0.5
SMH,2026-06-09 15:50:22.983313+00:00,CALL,607.5,2026-07-02,74340,36,36,7,581.32,REPEATEDHITS,False,False,False,0,74340,68020448453.0,23,BID,SHORT,0.5
SMH,2026-06-09 15:50:22.983313+00:00,CALL,592.5,2026-07-02,126430,47,49,34,581.32,REPEATEDHITS,False,False,False,0,126430,68020448453.0,23,BID,SHORT,0.5
SMH,2026-06-09 15:50:22.983313+00:00,CALL,597.5,2026-07-02,209530,85,102,38,581.32,REPEATEDHITS,False,False,False,0,209530,68020448453.0,23,BID,SHORT,0.5
SMH,2026-06-09 15:50:15.374007+00:00,CALL,590.0,2026-06-26,308618,127,153,125,581.725,REPEATEDHITS,False,False,False,0,308618,68020448453.0,17,BID,SHORT,0.5
SMH,2026-06-09 15:33:52.761284+00:00,CALL,660.0,2026-06-26,385951,839,845,125,579.315,REPEATEDHITSASCENDINGFILL,False,False,False,930,385021,68020448453.0,17,BID,SHORT,0.5
SMH,2026-06-09 14:27:18.507337+00:00,CALL,662.5,2026-06-12,54065,983,986,248,599.83,REPEATEDHITS,False,False,False,0,54065,68020448453.0,3,BID,SHORT,0.5
SMH,2026-06-09 13:31:59.150306+00:00,CALL,880.0,2028-12-15,103520,9,9,2,608.42,REPEATEDHITSASCENDINGFILL,False,False,False,0,103520,68020448453.0,920,BID,SHORT,0.5
SMH,2026-06-08 19:24:33.275293+00:00,CALL,537.5,2026-06-26,82035,12,12,3,595.81,REPEATEDHITSASCENDINGFILL,True,False,False,20520,61515,68020448453.0,18,BID,SHORT,0.5
SMH,2026-06-08 19:24:31.270214+00:00,CALL,532.5,2026-06-18,82400,12,16,2,595.76,REPEATEDHITSASCENDINGFILL,True,False,False,34350,48050,68020448453.0,10,BID,SHORT,0.5
SMH,2026-06-08 18:44:28.095117+00:00,PUT,595.0,2026-08-21,173270,35,67,25,600.325,REPEATEDHITSDESCENDINGFILL,False,False,False,173270,0,68020448453.0,74,ASK,SHORT,1.0
SMH,2026-06-08 16:50:03.486096+00:00,CALL,600.0,2026-07-02,860165,250,261,87,602.03,REPEATEDHITSDESCENDINGFILL,False,False,False,712140,72345,68020448453.0,24,ASK,LONG,1.0
SMH,2026-06-08 16:40:27.689462+00:00,CALL,825.0,2026-09-18,80840,86,92,4,600.39,REPEATEDHITS,True,False,False,0,80840,68020448453.0,102,BID,SHORT,0.5
SMH,2026-06-08 16:29:22.519807+00:00,PUT,645.0,2028-01-21,145898,10,13,0,601.71,REPEATEDHITS,True,False,False,58360,87538,68020448453.0,592,BID,LONG,0.5
SMH,2026-06-08 16:17:10.731103+00:00,CALL,595.0,2026-06-26,459013,135,156,83,603.69,REPEATEDHITSASCENDINGFILL,True,False,False,414800,44213,68020448453.0,18,ASK,LONG,1.0
SMH,2026-06-08 16:13:03.468200+00:00,PUT,557.5,2026-06-26,559195,480,582,30,603.76,REPEATEDHITS,False,False,False,471820,87375,68020448453.0,18,ASK,SHORT,1.0
SMH,2026-06-08 16:01:08.545225+00:00,CALL,620.0,2026-10-16,2841100,431,602,272,601.71,REPEATEDHITS,True,False,False,1525005,1316095,68020448453.0,130,ASK,LONG,1.0
SMH,2026-06-08 15:51:03.785736+00:00,CALL,607.5,2026-06-26,1120660,409,409,81,603.96,REPEATEDHITS,False,False,False,1120660,0,68020448453.0,18,ASK,LONG,1.0
SMH,2026-06-08 15:47:41.713867+00:00,CALL,875.0,2027-09-17,65765,12,56,0,605.2,REPEATEDHITS,False,False,False,32945,32820,68020448453.0,466,ASK,LONG,1.0
SMH,2026-06-08 14:34:55.518790+00:00,PUT,560.0,2026-07-24,114555,45,45,6,596.72,REPEATEDHITSASCENDINGFILL,False,False,False,7650,99255,68020448453.0,46,BID,LONG,0.5
SMH,2026-06-08 14:21:06.889355+00:00,CALL,625.0,2026-07-10,78814,36,256,28,591.43,REPEATEDHITSDESCENDINGFILL,True,False,False,19630,59184,68020448453.0,32,BID,SHORT,0.5
SMH,2026-06-08 14:19:45.161155+00:00,CALL,625.0,2026-07-10,102690,47,62,28,590.99,REPEATEDHITSDESCENDINGFILL,False,False,False,0,102690,68020448453.0,32,BID,SHORT,0.5
SMH,2026-06-08 14:19:45.161155+00:00,CALL,622.5,2026-07-10,141760,62,77,12,590.99,REPEATEDHITSASCENDINGFILL,True,False,False,2275,139485,68020448453.0,32,BID,SHORT,0.5
SMH,2026-06-08 14:19:41.954538+00:00,CALL,620.0,2026-07-10,143295,61,61,22,590.985,REPEATEDHITSASCENDINGFILL,False,False,False,7095,136200,68020448453.0,32,BID,SHORT,0.5
SMH,2026-06-08 14:19:41.954538+00:00,CALL,642.5,2026-07-10,122100,75,75,7,590.99,REPEATEDHITSASCENDINGFILL,False,False,False,49350,72750,68020448453.0,32,BID,SHORT,0.5
SMH,2026-06-08 14:19:41.954538+00:00,CALL,637.5,2026-07-10,110875,63,63,34,590.93,REPEATEDHITSASCENDINGFILL,False,False,False,5385,105490,68020448453.0,32,BID,SHORT,0.5
SMH,2026-06-08 13:52:34.880560+00:00,CALL,622.5,2026-06-12,131250,250,257,155,595.77,REPEATEDHITS,False,False,False,61425,69825,68020448453.0,4,BID,SHORT,0.5
SMH,2026-06-08 13:35:06.859375+00:00,PUT,590.0,2026-07-10,160965,49,53,35,592.42,REPEATEDHITS,False,False,False,0,160965,68020448453.0,32,BID,LONG,0.5
SMH,2026-06-08 13:31:12.008174+00:00,CALL,615.0,2026-06-26,144390,75,75,71,594.54,REPEATEDHITSASCENDINGFILL,True,False,False,40635,103755,68020448453.0,18,BID,SHORT,0.5
SMH,2026-06-05 19:46:58.952198+00:00,PUT,380.0,2026-08-21,295006,596,796,277,576.53,REPEATEDHITS,True,False,False,295006,0,68020448453.0,77,ASK,SHORT,1.0
SMH,2026-06-05 19:45:45.758569+00:00,PUT,530.0,2026-06-12,2890000,5000,13572,2107,575.96,REPEATEDHITS,False,False,False,0,0,68020448453.0,7,MIXED,,0.0
SMH,2026-06-05 19:23:34.735350+00:00,CALL,600.0,2027-06-17,2548275,241,289,95,571.74,REPEATEDHITS,True,False,False,1225085,1323190,68020448453.0,377,BID,SHORT,0.5
SMH,2026-06-05 19:05:33.145526+00:00,PUT,390.0,2026-07-24,71316,252,331,0,578.325,REPEATEDHITS,False,False,False,849,70467,68020448453.0,49,BID,LONG,0.5
SMH,2026-06-05 18:57:21.226588+00:00,CALL,577.5,2026-06-18,524370,227,295,81,576.89,REPEATEDHITS,False,False,False,0,524370,68020448453.0,13,BID,SHORT,0.5
SMH,2026-06-05 18:55:31.143461+00:00,CALL,575.0,2026-07-10,65200,18,71,4,574.0216,REPEATEDHITSASCENDINGFILL,False,False,False,32690,32510,68020448453.0,35,ASK,LONG,1.0
SN,2026-06-10 19:27:40.716986+00:00,CALL,130.0,2026-07-17,25190,36,67,27,127.67,REPEATEDHITS,True,False,False,23790,1400,18182538294.0,37,ASK,LONG,1.0
SN,2026-06-01 17:30:03.093624+00:00,PUT,130.0,2026-06-18,31500,30,30,6,120.89,REPEATEDHITS,False,False,False,0,31500,18182538294.0,17,BID,LONG,0.5
SN,2026-05-20 19:45:52.821346+00:00,CALL,105.0,2026-06-18,578860,777,1738,90,107.01,LOWHISTORICVOLUMEFLOOR,False,True,False,578860,0,18182538294.0,29,ASK,LONG,1.0
SN,2026-05-20 19:45:15.539891+00:00,CALL,105.0,2026-06-18,178540,248,917,90,107.09,REPEATEDHITS,True,False,False,90720,78460,18182538294.0,29,ASK,LONG,1.0
SN,2026-05-20 19:44:08.183690+00:00,CALL,105.0,2026-06-18,85000,125,369,90,106.71,REPEATEDHITS,False,False,False,85000,0,18182538294.0,29,ASK,LONG,1.0
SN,2026-05-20 19:44:05.575856+00:00,CALL,105.0,2026-06-18,64670,98,196,90,106.55,REPEATEDHITS,False,False,False,63360,1310,18182538294.0,29,ASK,LONG,1.0
SN,2026-05-14 15:58:08.921088+00:00,CALL,115.0,2026-07-17,225790,413,1642,0,107.85,REPEATEDHITSASCENDINGFILL,False,False,False,225260,530,18182538294.0,64,ASK,LONG,1.0
SN,2026-05-14 15:07:09.430239+00:00,CALL,115.0,2026-07-17,75949,155,526,0,106.65,REPEATEDHITS,False,False,False,75949,0,18182538294.0,64,ASK,LONG,1.0
SNOW,2026-06-10 19:24:00.158419+00:00,CALL,390.0,2026-09-18,145978,356,362,106,240.38,REPEATEDHITSASCENDINGFILL,False,False,False,0,145148,83066156000.0,100,BID,SHORT,0.5
SNOW,2026-06-08 17:26:44.927104+00:00,PUT,245.0,2026-07-24,55000,25,158,8,240.7425,REPEATEDHITS,True,False,False,0,55000,83066156000.0,46,BID,LONG,0.5
SNOW,2026-06-08 17:26:23.709636+00:00,PUT,245.0,2026-07-24,75270,34,35,8,240.775,REPEATEDHITSASCENDINGFILL,True,False,False,31150,44120,83066156000.0,46,BID,LONG,0.5
SNOW,2026-06-05 18:27:11.342705+00:00,PUT,227.5,2026-06-18,53508,83,311,44,236.835,REPEATEDHITSASCENDINGFILL,True,False,False,53508,0,83066156000.0,13,ASK,SHORT,1.0
SNOW,2026-06-05 17:26:57.686607+00:00,PUT,220.0,2026-07-24,55575,46,62,0,238.02,REPEATEDHITSASCENDINGFILL,True,False,False,15770,39805,83066156000.0,49,BID,LONG,0.5
SNOW,2026-06-05 15:54:38.687035+00:00,CALL,240.0,2026-07-24,84870,43,80,3,237.22,REPEATEDHITSASCENDINGFILL,False,False,False,57360,27510,83066156000.0,49,ASK,LONG,1.0
SNOW,2026-06-05 14:46:26.861896+00:00,PUT,240.0,2026-07-24,106100,51,72,8,238.61,REPEATEDHITS,False,False,False,104020,2080,83066156000.0,49,ASK,SHORT,1.0
SNOW,2026-06-04 18:18:25.333742+00:00,PUT,190.0,2026-07-17,130854,569,748,202,248.66,REPEATEDHITSDESCENDINGFILL,False,False,False,130408,446,83066156000.0,43,ASK,SHORT,1.0
SNOW,2026-06-04 16:27:53.569647+00:00,PUT,252.5,2026-06-12,319731,261,266,59,246.62,REPEATEDHITS,False,False,False,39200,280531,83066156000.0,8,BID,LONG,0.5
SNOW,2026-06-04 15:09:50.744624+00:00,CALL,270.0,2026-06-26,90415,107,213,91,251.245,REPEATEDHITS,True,False,False,0,90415,83066156000.0,22,BID,SHORT,0.5
SNOW,2026-06-04 15:09:50.138051+00:00,CALL,270.0,2026-06-26,81500,97,105,91,251.245,REPEATEDHITSASCENDINGFILL,False,False,False,1700,79800,83066156000.0,22,BID,SHORT,0.5
SNOW,2026-06-03 19:21:14.988908+00:00,PUT,227.5,2026-06-12,177896,458,473,31,243.42,REPEATEDHITSDESCENDINGFILL,False,False,False,124961,52545,83066156000.0,9,ASK,SHORT,1.0
SNOW,2026-06-03 18:55:35.394407+00:00,PUT,232.5,2026-06-12,215019,448,546,33,245.19,REPEATEDHITS,True,False,False,29259,180480,83066156000.0,9,BID,LONG,0.5
SNOW,2026-06-03 15:56:26.890892+00:00,CALL,262.5,2026-06-05,65915,507,999,461,246.3,REPEATEDHITSASCENDINGFILL,True,False,False,48490,12615,83066156000.0,2,ASK,LONG,1.0
SNOW,2026-06-02 13:41:16.669803+00:00,PUT,257.5,2026-06-05,104327,149,153,136,261.82,REPEATEDHITSASCENDINGFILL,True,False,False,710,102912,83066156000.0,3,BID,LONG,0.5
SNOW,2026-06-01 19:43:04.954035+00:00,CALL,282.5,2026-06-12,148526,88,167,8,284.48,REPEATEDHITSDESCENDINGFILL,True,False,False,143496,5030,83066156000.0,11,ASK,LONG,1.0
SNOW,2026-06-01 18:41:45.505778+00:00,PUT,270.0,2026-06-05,152500,250,1191,0,280.39,REPEATEDHITS,False,False,False,0,152500,83066156000.0,4,BID,LONG,0.5
SNOW,2026-06-01 18:36:29.533617+00:00,PUT,270.0,2026-06-05,66645,101,791,0,279.73,REPEATEDHITSDESCENDINGFILL,True,False,False,65995,650,83066156000.0,4,ASK,SHORT,1.0
SNOW,2026-06-01 17:30:49.776658+00:00,PUT,260.0,2026-08-21,216660,92,116,30,279.865,REPEATEDHITS,False,False,False,0,216660,83066156000.0,81,BID,LONG,0.5
SNOW,2026-06-01 17:28:35.196768+00:00,PUT,287.5,2026-06-12,145234,74,120,0,279.52,REPEATEDHITSASCENDINGFILL,True,False,False,145234,0,83066156000.0,11,ASK,SHORT,1.0
SNOW,2026-06-01 17:00:23.147879+00:00,PUT,280.0,2027-01-15,145300,26,1398,17,278.81,REPEATEDHITSDESCENDINGFILL,False,False,False,0,145300,83066156000.0,228,BID,LONG,0.5
SNOW,2026-06-01 17:00:07.928144+00:00,PUT,280.0,2027-01-15,100890,18,1266,17,278.96,REPEATEDHITS,False,False,False,0,100890,83066156000.0,228,BID,LONG,0.5
SNOW,2026-06-01 15:46:57.162822+00:00,PUT,285.0,2026-06-12,533280,303,303,0,280.98,REPEATEDHITS,True,False,False,0,533280,83066156000.0,11,BID,LONG,0.5
SNOW,2026-06-01 15:07:04.580165+00:00,CALL,295.0,2026-06-18,182726,155,401,13,278.24,REPEATEDHITSDESCENDINGFILL,False,False,False,103811,78915,83066156000.0,17,ASK,LONG,1.0
SNOW,2026-06-01 14:38:54.176193+00:00,PUT,277.5,2026-06-05,56250,50,54,0,277.315,REPEATEDHITS,False,False,False,0,56250,83066156000.0,4,BID,LONG,0.5
SNOW,2026-06-01 14:33:56.509082+00:00,PUT,287.5,2026-06-05,297270,162,165,0,275.565,REPEATEDHITS,True,False,False,0,297270,83066156000.0,4,BID,LONG,0.5
SNOW,2026-05-29 19:35:36.514537+00:00,CALL,300.0,2026-06-12,84255,411,1662,104,254.025,REPEATEDHITS,False,False,False,27675,56580,83066156000.0,14,BID,SHORT,0.5
SNOW,2026-05-29 19:08:48.987207+00:00,PUT,252.5,2026-06-05,58040,62,184,2,253.01,REPEATEDHITSDESCENDINGFILL,True,False,False,54310,3730,83066156000.0,7,ASK,SHORT,1.0
SNOW,2026-05-29 19:08:48.987207+00:00,PUT,252.5,2026-06-05,55629,59,243,2,253.01,REPEATEDHITSDESCENDINGFILL,True,False,False,55629,0,83066156000.0,7,ASK,SHORT,1.0
SNOW,2026-05-29 19:08:48.987207+00:00,PUT,255.0,2026-06-05,92325,86,118,3,253.01,REPEATEDHITSDESCENDINGFILL,True,False,False,89120,3205,83066156000.0,7,ASK,SHORT,1.0
SNOW,2026-05-29 16:43:25.660854+00:00,PUT,265.0,2026-07-02,150120,54,56,2,247.17,REPEATEDHITS,False,False,False,2780,147340,83066156000.0,34,BID,LONG,0.5
SNOW,2026-05-29 14:09:41.590369+00:00,CALL,280.0,2026-08-21,313635,193,208,113,245.87,REPEATEDHITS,True,False,False,0,313635,83066156000.0,84,BID,SHORT,0.5
SNOW,2026-05-28 19:47:45.253327+00:00,CALL,300.0,2026-07-17,305102,576,1431,0,240.52,REPEATEDHITSDESCENDINGFILL,False,False,False,221411,83161,83066156000.0,50,ASK,LONG,1.0
SNOW,2026-05-28 19:46:00.847563+00:00,CALL,400.0,2027-03-19,380100,210,300,36,240.39,REPEATEDHITS,False,False,False,97740,282360,83066156000.0,295,BID,SHORT,0.5
SNOW,2026-05-28 19:05:05.629992+00:00,PUT,225.0,2026-06-18,81600,120,389,0,243.65,REPEATEDHITS,False,False,False,81600,0,83066156000.0,21,ASK,SHORT,1.0
SNOW,2026-05-28 18:21:23.565093+00:00,PUT,245.0,2026-05-29,114000,200,450,0,243.51,REPEATEDHITS,True,False,False,0,114000,83066156000.0,1,BID,LONG,0.5
SNOW,2026-05-28 17:48:39.212834+00:00,CALL,245.0,2026-05-29,55475,146,4239,111,242.31,REPEATEDHITS,False,False,False,55475,0,83066156000.0,1,ASK,LONG,1.0
SNOW,2026-05-28 17:26:15.272151+00:00,CALL,237.5,2026-05-29,84150,99,1597,54,243.43,REPEATEDHITS,False,False,False,850,83300,83066156000.0,1,BID,SHORT,0.5
SNOW,2026-05-28 17:23:23.877693+00:00,CALL,235.0,2026-06-05,366000,244,1557,56,242.9,REPEATEDHITS,True,False,False,366000,0,83066156000.0,8,ASK,LONG,1.0
SNOW,2026-05-28 17:16:08.499870+00:00,CALL,300.0,2026-08-21,941557,856,3076,154,242.41,REPEATEDHITSDESCENDINGFILL,True,False,False,939370,2187,83066156000.0,85,ASK,LONG,1.0
SNOW,2026-05-28 16:55:36.360828+00:00,PUT,240.0,2026-06-05,60480,56,781,0,239.205,REPEATEDHITS,False,False,False,0,47520,83066156000.0,8,BID,LONG,0.5
SNOW,2026-05-28 16:39:10.572738+00:00,PUT,240.0,2026-05-29,57200,104,2840,0,239.15,REPEATEDHITS,True,False,False,57200,0,83066156000.0,1,ASK,SHORT,1.0
SNOW,2026-05-28 16:32:29.467645+00:00,CALL,310.0,2026-07-17,76437,168,293,0,241.51,REPEATEDHITS,False,False,False,52777,23660,83066156000.0,50,ASK,LONG,1.0
SNOW,2026-05-28 15:24:19.242970+00:00,CALL,310.0,2026-11-20,65450,35,46,0,236.735,REPEATEDHITS,False,False,False,65450,0,83066156000.0,176,ASK,LONG,1.0
SNOW,2026-05-28 15:12:28.980102+00:00,PUT,240.0,2026-07-17,2029594,944,1062,0,235.56,REPEATEDHITS,False,False,False,2014544,12900,83066156000.0,50,ASK,SHORT,1.0
SNOW,2026-05-28 15:05:18.976104+00:00,CALL,240.0,2027-12-17,2719380,366,931,58,235.79,REPEATEDHITS,False,False,False,2719380,0,83066156000.0,568,ASK,LONG,1.0
SNOW,2026-05-28 15:02:18.894076+00:00,CALL,247.5,2026-06-05,104736,168,501,0,236.65,REPEATEDHITSASCENDINGFILL,True,False,False,74976,29760,83066156000.0,8,ASK,LONG,1.0
SNOW,2026-05-28 14:09:20.253231+00:00,PUT,235.0,2026-06-05,120790,119,747,0,237.43,REPEATEDHITSDESCENDINGFILL,True,False,False,13065,37690,83066156000.0,8,BID,LONG,0.5
SNOW,2026-05-28 14:09:20.253231+00:00,PUT,235.0,2026-06-05,62025,61,628,0,237.43,REPEATEDHITSASCENDINGFILL,True,False,False,13305,48720,83066156000.0,8,BID,LONG,0.5
SNOW,2026-05-28 14:09:20.253231+00:00,PUT,232.5,2026-06-18,99005,79,114,0,237.43,REPEATEDHITSASCENDINGFILL,True,False,False,48800,50205,83066156000.0,21,BID,LONG,0.5
SOXL,2026-06-09 19:50:11.294079+00:00,CALL,193.0,2026-07-10,34155,9,11,3,192.0,REPEATEDHITS,True,False,False,34155,0,23919260101.0,31,ASK,LONG,1.0
SOXL,2026-06-09 19:30:06.365816+00:00,CALL,197.0,2026-06-12,128920,88,177,45,191.63,REPEATEDHITS,False,False,False,128920,0,23919260101.0,3,ASK,LONG,1.0
SOXL,2026-06-09 19:19:05.619046+00:00,PUT,169.0,2026-06-26,157910,72,85,26,184.0301,REPEATEDHITSDESCENDINGFILL,True,False,False,100980,56930,23919260101.0,17,ASK,SHORT,1.0
SOXL,2026-06-09 19:19:05.619046+00:00,PUT,163.0,2026-06-18,99825,73,485,28,184.0301,REPEATEDHITSDESCENDINGFILL,True,False,False,75255,24570,23919260101.0,9,ASK,SHORT,1.0
SOXL,2026-06-09 19:15:27.413380+00:00,PUT,166.0,2026-06-18,79495,59,437,53,188.82,REPEATEDHITSDESCENDINGFILL,True,False,False,4050,38995,23919260101.0,9,BID,LONG,0.5
SOXL,2026-06-09 19:15:27.413380+00:00,PUT,167.5,2026-06-18,53100,38,238,15,188.82,REPEATEDHITSASCENDINGFILL,True,False,False,25250,27850,23919260101.0,9,BID,LONG,0.5
SOXL,2026-06-09 19:15:27.413380+00:00,PUT,167.0,2026-06-18,52390,38,94,18,188.82,REPEATEDHITSASCENDINGFILL,True,False,False,26265,26125,23919260101.0,9,ASK,SHORT,1.0
SOXL,2026-06-09 19:15:21.590833+00:00,PUT,153.0,2026-06-18,42565,46,85,27,189.04,REPEATEDHITSDESCENDINGFILL,True,False,False,25235,17330,23919260101.0,9,ASK,SHORT,1.0
SOXL,2026-06-09 19:15:21.590833+00:00,PUT,157.0,2026-06-18,51750,50,75,34,189.04,REPEATEDHITSDESCENDINGFILL,True,False,False,31150,20600,23919260101.0,9,ASK,SHORT,1.0
SOXL,2026-06-09 19:15:21.590833+00:00,PUT,156.0,2026-06-18,34925,34,46,12,189.01,REPEATEDHITS,True,False,False,19475,0,23919260101.0,9,ASK,SHORT,1.0
SOXL,2026-06-09 18:23:55.546406+00:00,CALL,182.0,2026-06-12,68100,30,147,9,191.48,REPEATEDHITS,False,False,False,68100,0,23919260101.0,3,ASK,LONG,1.0
SOXL,2026-06-09 17:46:50.380881+00:00,CALL,176.0,2026-06-18,103353,38,51,19,183.3901,REPEATEDHITSASCENDINGFILL,True,False,False,70675,32678,23919260101.0,9,ASK,LONG,1.0
SOXL,2026-06-09 17:43:12.783149+00:00,PUT,184.0,2026-06-18,43200,20,86,10,188.87,REPEATEDHITSASCENDINGFILL,True,False,False,10825,32375,23919260101.0,9,BID,LONG,0.5
SOXL,2026-06-09 17:21:14.433818+00:00,PUT,172.5,2026-06-18,346530,184,387,16,183.005,REPEATEDHITSASCENDINGFILL,True,False,False,147390,199140,23919260101.0,9,BID,LONG,0.5
SOXL,2026-06-09 17:21:14.433818+00:00,PUT,172.0,2026-06-18,283250,152,275,127,183.005,REPEATEDHITSASCENDINGFILL,True,False,False,82190,201060,23919260101.0,9,BID,LONG,0.5
SOXL,2026-06-09 17:21:14.433818+00:00,PUT,169.0,2026-06-18,249760,144,535,14,183.005,REPEATEDHITSASCENDINGFILL,True,False,False,123465,126295,23919260101.0,9,BID,LONG,0.5
SOXL,2026-06-09 17:18:46.570444+00:00,PUT,161.0,2026-06-18,31500,21,26,10,180.695,REPEATEDHITS,False,False,False,0,31500,23919260101.0,9,BID,LONG,0.5
SOXL,2026-06-09 17:18:39.559441+00:00,CALL,247.5,2026-06-18,31620,60,95,18,180.49,REPEATEDHITSASCENDINGFILL,True,False,False,21120,10500,23919260101.0,9,ASK,LONG,1.0
SOXL,2026-06-09 17:17:59.707955+00:00,PUT,163.0,2026-06-18,254330,161,409,28,180.04,REPEATEDHITSDESCENDINGFILL,True,False,False,126700,127630,23919260101.0,9,BID,LONG,0.5
SOXL,2026-06-09 17:17:59.707955+00:00,PUT,166.0,2026-06-18,546000,321,352,53,180.04,REPEATEDHITS,True,False,False,272950,273050,23919260101.0,9,BID,LONG,0.5
SOXL,2026-06-09 17:17:59.707955+00:00,PUT,162.0,2026-06-18,202140,131,143,32,179.975,REPEATEDHITSASCENDINGFILL,True,False,False,92750,109390,23919260101.0,9,BID,LONG,0.5
SOXL,2026-06-09 17:13:39.317966+00:00,CALL,315.0,2026-07-24,11550,10,13,7,175.3999,REPEATEDHITS,False,False,False,11550,0,23919260101.0,45,ASK,LONG,1.0
SOXL,2026-06-09 16:19:12.639022+00:00,PUT,169.0,2026-06-18,146275,60,381,14,165.855,REPEATEDHITS,True,False,False,85500,60775,23919260101.0,9,ASK,SHORT,1.0
SOXL,2026-06-09 16:08:44.531026+00:00,PUT,131.0,2026-06-18,10645,16,50,6,174.1,REPEATEDHITSASCENDINGFILL,True,False,False,9980,665,23919260101.0,9,ASK,SHORT,1.0
SOXL,2026-06-09 16:08:00.445169+00:00,PUT,169.0,2026-06-18,41520,21,317,14,175.51,REPEATEDHITSASCENDINGFILL,True,False,False,27715,13805,23919260101.0,9,ASK,SHORT,1.0
SOXL,2026-06-09 16:08:00.445169+00:00,PUT,167.5,2026-06-18,103125,54,184,15,175.51,REPEATEDHITSASCENDINGFILL,True,False,False,70720,32405,23919260101.0,9,ASK,SHORT,1.0
SOXL,2026-06-09 16:07:17.776878+00:00,CALL,176.0,2026-06-12,28900,17,17,7,177.1635,REPEATEDHITS,False,False,False,27200,1700,23919260101.0,3,ASK,LONG,1.0
SOXL,2026-06-09 15:57:06.403971+00:00,PUT,169.0,2026-06-18,102155,62,263,14,182.155,REPEATEDHITSASCENDINGFILL,True,False,False,102155,0,23919260101.0,9,ASK,SHORT,1.0
SOXL,2026-06-09 15:57:06.403971+00:00,PUT,169.0,2026-06-18,301160,182,201,14,182.1854,REPEATEDHITSASCENDINGFILL,True,False,False,139440,161720,23919260101.0,9,BID,LONG,0.5
SOXL,2026-06-09 15:57:06.403971+00:00,PUT,167.5,2026-06-18,76491,48,128,15,182.1854,REPEATEDHITSASCENDINGFILL,True,False,False,46191,30300,23919260101.0,9,ASK,SHORT,1.0
SOXL,2026-06-09 15:57:06.403971+00:00,PUT,168.0,2026-06-18,337950,210,248,18,182.1854,REPEATEDHITSASCENDINGFILL,True,False,False,193600,144350,23919260101.0,9,ASK,SHORT,1.0
SOXL,2026-06-09 15:57:06.403971+00:00,PUT,172.5,2026-06-18,144850,80,192,16,182.185,REPEATEDHITSASCENDINGFILL,True,False,False,72600,72250,23919260101.0,9,ASK,SHORT,1.0
SOXL,2026-06-09 15:56:40.127593+00:00,PUT,146.0,2026-06-18,22890,28,28,9,183.1001,REPEATEDHITSDESCENDINGFILL,True,False,False,13970,8920,23919260101.0,9,ASK,SHORT,1.0
SOXL,2026-06-09 14:11:26.398530+00:00,PUT,217.5,2026-06-12,283565,161,219,153,215.85,REPEATEDHITSDESCENDINGFILL,True,False,False,160715,122850,23919260101.0,3,ASK,SHORT,1.0
SOXL,2026-06-09 14:10:15.255708+00:00,CALL,199.0,2026-06-18,398470,111,112,13,219.175,REPEATEDHITSDESCENDINGFILL,True,False,False,290920,107550,23919260101.0,9,ASK,LONG,1.0
SOXL,2026-06-09 13:54:46.876583+00:00,CALL,232.5,2026-06-26,40925,13,34,12,226.8004,REPEATEDHITSDESCENDINGFILL,True,False,False,25200,15725,23919260101.0,17,ASK,LONG,1.0
SOXL,2026-06-08 19:09:57.580702+00:00,CALL,242.5,2026-06-26,79965,36,36,21,212.525,REPEATEDHITS,True,False,False,22225,57740,23919260101.0,18,BID,SHORT,0.5
SOXL,2026-06-08 18:10:46.662574+00:00,PUT,220.0,2026-07-02,344520,87,124,77,219.5,REPEATEDHITS,True,False,False,47580,296940,23919260101.0,24,BID,LONG,0.5
SOXL,2026-06-08 16:31:42.905874+00:00,CALL,247.5,2026-06-18,37050,24,28,0,217.21,REPEATEDHITSDESCENDINGFILL,True,False,False,21700,15350,23919260101.0,10,ASK,LONG,1.0
SOXL,2026-06-08 15:37:28.460077+00:00,PUT,194.0,2026-06-18,28890,18,69,13,216.6501,REPEATEDHITS,True,False,False,25680,3210,23919260101.0,10,ASK,SHORT,1.0
SOXL,2026-06-08 15:35:00.831603+00:00,PUT,198.0,2026-07-10,46410,14,16,2,215.57,REPEATEDHITS,True,False,False,46410,0,23919260101.0,32,ASK,SHORT,1.0
SOXL,2026-06-08 15:14:07.273340+00:00,CALL,290.0,2026-06-12,58698,300,425,279,219.9522,REPEATEDHITSDESCENDINGFILL,False,False,False,58698,0,23919260101.0,4,ASK,LONG,1.0
SOXL,2026-06-08 15:06:37.429719+00:00,CALL,292.5,2026-06-26,19797,18,21,0,218.79,REPEATEDHITSASCENDINGFILL,True,False,False,19797,0,23919260101.0,18,ASK,LONG,1.0
SOXL,2026-06-05 19:58:43.105160+00:00,CALL,182.0,2026-06-18,56445,22,24,0,183.595,REPEATEDHITS,False,False,False,2580,53865,23919260101.0,13,BID,SHORT,0.5
SOXL,2026-06-05 19:57:45.904785+00:00,CALL,186.0,2026-06-18,84490,34,57,0,185.44,REPEATEDHITS,True,False,False,0,84490,23919260101.0,13,BID,SHORT,0.5
SOXL,2026-06-05 19:54:01.321256+00:00,PUT,217.5,2026-06-26,406965,85,126,20,191.2,REPEATEDHITSDESCENDINGFILL,True,False,False,206835,200130,23919260101.0,21,ASK,SHORT,1.0
SOXL,2026-06-05 19:29:56.825539+00:00,PUT,177.0,2026-06-18,48450,25,73,14,192.85,REPEATEDHITSASCENDINGFILL,True,False,False,29200,19250,23919260101.0,13,ASK,SHORT,1.0
SOXL,2026-06-05 19:29:56.825539+00:00,PUT,177.0,2026-06-26,169465,69,94,39,192.85,REPEATEDHITSASCENDINGFILL,True,False,False,4970,164495,23919260101.0,21,BID,LONG,0.5
SOXL,2026-06-05 19:29:56.825539+00:00,PUT,172.0,2026-07-02,180340,71,102,6,192.85,REPEATEDHITS,True,False,False,0,180340,23919260101.0,27,BID,LONG,0.5
SOXL,2026-06-05 19:27:56.855067+00:00,PUT,179.0,2026-06-18,153390,74,89,44,190.95,REPEATEDHITSDESCENDINGFILL,True,False,False,77145,76245,23919260101.0,13,ASK,SHORT,1.0
SOXS,2026-06-08 18:20:17.433669+00:00,PUT,4.0,2026-07-17,336000,7000,7237,4710,5.4101,REPEATEDHITS,False,False,False,0,336000,2119653594.0,39,BID,LONG,0.5
SOXS,2026-06-05 18:41:17.531740+00:00,CALL,14.0,2026-08-21,224754,2391,2451,965,6.695,REPEATEDHITS,True,False,False,224754,0,2119653594.0,77,ASK,LONG,1.0
SOXS,2026-06-05 17:18:50.590524+00:00,PUT,6.0,2026-07-17,248880,2040,2490,1706,6.491,REPEATEDHITS,True,False,False,0,248270,2119653594.0,42,BID,LONG,0.5
SOXS,2026-06-05 16:52:38.742196+00:00,CALL,7.5,2026-06-26,34265,445,2604,414,6.4107,REPEATEDHITS,False,False,False,0,34265,2119653594.0,21,BID,SHORT,0.5
SOXS,2026-06-05 16:37:49.315154+00:00,CALL,7.5,2026-06-26,158000,2000,2137,414,6.4001,REPEATEDHITS,False,False,False,158000,0,2119653594.0,21,ASK,LONG,1.0
SOXS,2026-06-03 15:50:30.886362+00:00,CALL,4.5,2026-06-05,58000,1000,4646,900,4.97,REPEATEDHITS,True,False,False,58,57942,2119653594.0,2,BID,SHORT,0.5
SOXS,2026-06-03 14:38:26.121044+00:00,CALL,5.0,2026-07-10,51822,500,504,64,4.875,REPEATEDHITSASCENDINGFILL,False,False,False,0,51822,2119653594.0,37,BID,SHORT,0.5
SOXS,2026-06-02 15:25:53.347270+00:00,CALL,5.5,2026-06-05,34000,1000,6947,667,5.375,REPEATEDHITS,False,False,False,34000,0,2119653594.0,3,ASK,LONG,1.0
SOXS,2026-06-02 14:00:21.789747+00:00,PUT,4.0,2026-07-17,36750,750,2869,615,5.535,REPEATEDHITS,False,False,False,0,36750,2119653594.0,45,BID,LONG,0.5
SOXS,2026-06-01 17:48:16.992441+00:00,PUT,6.0,2026-07-02,150473,1368,1402,247,6.075,REPEATEDHITSASCENDINGFILL,True,False,False,0,150473,2119653594.0,31,BID,LONG,0.5
SOXS,2026-05-29 17:58:05.251661+00:00,CALL,6.5,2026-07-10,78144,592,602,0,6.4699,REPEATEDHITS,True,False,False,50424,0,2119653594.0,42,ASK,LONG,1.0
SOXS,2026-05-29 16:17:08.048320+00:00,PUT,3.0,2027-01-15,42500,500,501,75,6.32,REPEATEDHITS,False,False,False,42500,0,2119653594.0,231,ASK,SHORT,1.0
SOXS,2026-05-27 16:18:56.651179+00:00,PUT,6.5,2026-07-02,11300,100,107,28,6.6299,REPEATEDHITS,False,False,False,0,11300,2119653594.0,36,BID,LONG,0.5
SOXS,2026-05-27 16:08:42.848743+00:00,PUT,7.5,2026-06-05,262440,2187,2812,285,6.71,REPEATEDHITS,False,False,False,0,262320,2119653594.0,9,BID,LONG,0.5
SOXS,2026-05-26 19:49:18.773308+00:00,CALL,6.5,2026-05-29,11200,400,21264,68,6.2199,REPEATEDHITS,False,False,False,0,11200,2119653594.0,3,BID,SHORT,0.5
SOXS,2026-05-26 19:42:27.259456+00:00,CALL,5.5,2026-06-05,21800,200,809,1,6.25,REPEATEDHITS,False,False,False,20710,0,2119653594.0,10,ASK,LONG,1.0
SOXS,2026-05-26 19:42:02.423962+00:00,CALL,5.5,2026-06-05,16261,148,609,1,6.24,REPEATEDHITSASCENDINGFILL,False,False,False,16261,0,2119653594.0,10,ASK,LONG,1.0
SOXS,2026-05-26 19:24:43.020481+00:00,CALL,6.5,2026-05-29,17580,586,19517,68,6.28,REPEATEDHITS,False,False,False,0,17580,2119653594.0,3,BID,SHORT,0.5
SOXS,2026-05-26 19:24:43.020481+00:00,CALL,6.5,2026-05-29,16110,537,20054,68,6.28,REPEATEDHITS,False,False,False,0,16110,2119653594.0,3,BID,SHORT,0.5
SOXS,2026-05-26 18:29:22.846251+00:00,CALL,6.5,2026-05-29,11305,323,17298,68,6.3699,REPEATEDHITS,False,False,False,11305,0,2119653594.0,3,ASK,LONG,1.0
SOXS,2026-05-26 18:27:07.625564+00:00,CALL,6.0,2026-05-29,30000,500,5767,86,6.37,REPEATEDHITS,False,False,False,30000,0,2119653594.0,3,ASK,LONG,1.0
SOXS,2026-05-26 17:41:09.628051+00:00,CALL,6.5,2026-05-29,21000,500,15016,68,6.4901,REPEATEDHITS,False,False,False,21000,0,2119653594.0,3,ASK,LONG,1.0
SOXS,2026-05-26 17:34:16.797453+00:00,PUT,4.0,2026-07-17,15000,500,515,37,6.4725,REPEATEDHITS,False,False,False,0,15000,2119653594.0,52,BID,LONG,0.5
SOXS,2026-05-26 17:01:10.256033+00:00,CALL,21.0,2026-11-20,28322,289,343,56,6.51,REPEATEDHITS,False,False,False,4116,24206,2119653594.0,178,BID,SHORT,0.5
SOXS,2026-05-26 16:48:29.503366+00:00,CALL,6.5,2026-06-18,30800,280,1783,109,6.575,REPEATEDHITS,False,False,False,30800,0,2119653594.0,23,ASK,LONG,1.0
SOXS,2026-05-26 16:03:10.218884+00:00,CALL,6.5,2026-06-18,11950,110,1473,109,6.63,REPEATEDHITS,False,False,False,9265,2685,2119653594.0,23,ASK,LONG,1.0
SOXS,2026-05-26 15:56:01.701352+00:00,PUT,7.0,2026-07-17,75650,445,815,280,6.785,REPEATEDHITS,False,False,False,75650,0,2119653594.0,52,ASK,SHORT,1.0
SOXS,2026-05-26 15:53:09.743944+00:00,PUT,6.0,2026-06-12,13500,250,1058,137,6.695,REPEATEDHITS,False,False,False,13500,0,2119653594.0,17,ASK,SHORT,1.0
SOXS,2026-05-26 15:48:33.099481+00:00,PUT,5.0,2026-08-21,12573,127,617,50,6.65,REPEATEDHITS,True,False,False,0,12573,2119653594.0,87,BID,LONG,0.5
SOXS,2026-05-26 15:47:36.813964+00:00,CALL,6.0,2027-01-15,112000,350,933,330,6.625,REPEATEDHITS,False,False,False,112000,0,2119653594.0,234,ASK,LONG,1.0
SOXS,2026-05-26 15:37:02.097240+00:00,CALL,6.5,2026-06-05,35568,468,2370,19,6.61,REPEATEDHITS,True,False,False,21432,0,2119653594.0,10,ASK,LONG,1.0
SOXS,2026-05-26 15:18:03.649989+00:00,CALL,6.5,2026-05-29,15885,353,11208,68,6.55,REPEATEDHITS,False,False,False,15840,45,2119653594.0,3,ASK,LONG,1.0
SOXS,2026-05-26 15:16:55.500392+00:00,PUT,6.0,2027-01-15,187254,713,932,435,6.509,REPEATEDHITSASCENDINGFILL,False,False,False,0,187254,2119653594.0,234,BID,LONG,0.5
SOXS,2026-05-26 15:01:35.752298+00:00,CALL,6.5,2026-06-26,24970,227,963,23,6.44,REPEATEDHITS,False,False,False,24970,0,2119653594.0,31,ASK,LONG,1.0
SOXS,2026-05-26 15:01:33.544028+00:00,CALL,6.5,2026-06-05,32435,499,1468,19,6.425,REPEATEDHITS,True,False,False,7475,0,2119653594.0,10,ASK,LONG,1.0
SOXS,2026-05-26 15:01:29.535133+00:00,CALL,6.0,2026-07-02,13066,94,147,0,6.42,REPEATEDHITS,False,False,False,13066,0,2119653594.0,37,ASK,LONG,1.0
SOXS,2026-05-26 14:53:21.187413+00:00,PUT,4.0,2026-06-18,10000,1000,1074,219,6.35,REPEATEDHITS,False,False,False,10000,0,2119653594.0,23,ASK,SHORT,1.0
SOXS,2026-05-26 14:22:11.343844+00:00,CALL,7.0,2026-06-05,24336,468,8449,321,6.4799,REPEATEDHITS,False,False,False,24336,0,2119653594.0,10,ASK,LONG,1.0
SOXS,2026-05-26 14:21:53.894951+00:00,CALL,6.5,2026-05-29,11000,250,3917,68,6.4886,REPEATEDHITS,False,False,False,11000,0,2119653594.0,3,ASK,LONG,1.0
SOXS,2026-05-26 14:07:20.724464+00:00,CALL,6.0,2026-05-29,23995,300,1395,86,6.61,REPEATEDHITSDESCENDINGFILL,False,False,False,23600,0,2119653594.0,3,ASK,LONG,1.0
SOXS,2026-05-26 13:52:08.709634+00:00,CALL,7.0,2026-06-05,42000,750,3404,321,6.585,REPEATEDHITS,False,False,False,42000,0,2119653594.0,10,ASK,LONG,1.0
SOXS,2026-05-26 13:51:32.818974+00:00,CALL,7.0,2026-06-05,34200,600,2504,321,6.6089,REPEATEDHITS,False,False,False,34200,0,2119653594.0,10,ASK,LONG,1.0
SOXS,2026-05-22 19:33:09.091032+00:00,CALL,7.5,2026-07-02,20460,132,657,0,7.735,REPEATEDHITS,True,False,False,20460,0,2119653594.0,41,ASK,LONG,1.0
SOXS,2026-05-22 15:56:13.946443+00:00,CALL,7.5,2026-07-02,22475,155,467,0,7.655,REPEATEDHITS,True,False,False,22475,0,2119653594.0,41,ASK,LONG,1.0
SOXS,2026-05-22 15:28:50.315424+00:00,CALL,8.5,2026-07-02,35000,250,254,2,7.6228,REPEATEDHITS,False,False,False,35000,0,2119653594.0,41,ASK,LONG,1.0
SOXS,2026-05-22 15:23:31.395715+00:00,CALL,7.5,2026-05-29,51330,870,4276,227,7.67,REPEATEDHITS,False,False,False,0,51330,2119653594.0,7,BID,SHORT,0.5
SOXS,2026-05-22 15:21:38.987522+00:00,CALL,7.0,2026-07-17,29172,156,513,37,7.6299,REPEATEDHITS,True,False,False,29172,0,2119653594.0,56,ASK,LONG,1.0
SOXS,2026-05-22 14:55:12.001202+00:00,CALL,8.0,2026-05-22,15500,3100,24351,1960,7.735,REPEATEDHITS,False,False,False,15500,0,2119653594.0,0,ASK,LONG,1.0
SOXS,2026-05-21 18:48:58.460724+00:00,CALL,8.0,2026-07-17,92664,468,555,151,8.405,REPEATEDHITS,True,False,False,92664,0,2119653594.0,57,ASK,LONG,1.0
SOXS,2026-05-18 19:50:13.941834+00:00,CALL,10.5,2026-06-18,35416,233,2052,0,9.985,REPEATEDHITS,False,False,False,35416,0,2119653594.0,31,ASK,LONG,1.0
SQQQ,2026-06-10 19:46:00.937781+00:00,PUT,44.5,2026-06-12,49155,339,756,65,44.9401,REPEATEDHITS,True,False,False,49155,0,42.6307,2,ASK,SHORT,1.0
SQQQ,2026-06-10 19:34:05.323773+00:00,CALL,45.5,2026-06-18,53000,200,1126,149,44.97,REPEATEDHITS,True,False,False,0,53000,42.6307,8,BID,SHORT,0.5
SQQQ,2026-06-10 19:27:36.910668+00:00,PUT,43.0,2026-06-26,174882,636,715,46,45.3464,REPEATEDHITSDESCENDINGFILL,True,False,False,72319,1638,42.6307,16,ASK,SHORT,1.0
SQQQ,2026-06-10 19:26:11.999375+00:00,PUT,41.5,2026-07-02,13851,57,210,4,45.26,REPEATEDHITS,False,False,False,13851,0,42.6307,22,ASK,SHORT,1.0
SQQQ,2026-06-10 19:25:50.358768+00:00,PUT,42.5,2026-07-02,16575,56,269,15,45.24,REPEATEDHITSDESCENDINGFILL,True,False,False,15693,882,42.6307,22,ASK,SHORT,1.0
SQQQ,2026-06-10 19:25:29.530386+00:00,PUT,42.0,2026-07-02,58688,214,572,5,45.2156,REPEATEDHITSASCENDINGFILL,True,False,False,44550,14138,42.6307,22,ASK,SHORT,1.0
SQQQ,2026-06-10 19:25:29.530386+00:00,PUT,42.0,2026-07-02,41875,153,240,5,45.2085,REPEATEDHITS,True,False,False,28325,13550,42.6307,22,ASK,SHORT,1.0
SQQQ,2026-06-10 17:26:54.891827+00:00,PUT,40.0,2026-06-18,245016,3403,3835,1893,44.665,REPEATEDHITS,False,False,False,245016,0,42.6307,8,ASK,SHORT,1.0
SQQQ,2026-06-10 15:22:41.071819+00:00,CALL,43.5,2026-06-12,271854,1373,6905,760,44.045,REPEATEDHITS,False,False,False,198,271656,42.6307,2,BID,SHORT,0.5
SQQQ,2026-06-09 19:33:29.669882+00:00,CALL,46.5,2026-06-18,42812,278,1219,118,43.262,REPEATEDHITS,False,False,False,30800,12012,42.6307,9,ASK,LONG,1.0
SQQQ,2026-06-09 16:58:28.508470+00:00,CALL,47.5,2026-06-12,24300,150,584,106,45.72,REPEATEDHITS,True,False,False,0,24300,42.6307,3,BID,SHORT,0.5
SQQQ,2026-06-09 16:38:24.221210+00:00,CALL,60.0,2026-07-24,25020,100,338,17,45.885,REPEATEDHITSDESCENDINGFILL,False,False,False,12700,12320,42.6307,45,ASK,LONG,1.0
SQQQ,2026-06-09 16:25:44.650917+00:00,CALL,51.0,2026-06-18,47452,325,405,117,44.925,REPEATEDHITS,True,False,False,0,47452,42.6307,9,BID,SHORT,0.5
SQQQ,2026-06-09 16:10:48.967913+00:00,PUT,42.0,2026-06-18,50554,322,446,168,44.8799,REPEATEDHITS,False,False,False,32970,17584,42.6307,9,ASK,SHORT,1.0
SQQQ,2026-06-09 15:28:21.974782+00:00,CALL,71.0,2026-12-18,47950,90,90,1,43.465,REPEATEDHITSDESCENDINGFILL,False,False,False,26950,21000,42.6307,192,ASK,LONG,1.0
SQQQ,2026-06-09 14:48:17.791687+00:00,PUT,41.0,2026-07-17,790494,2137,2174,159,42.46,REPEATEDHITS,True,False,False,790494,0,42.6307,38,ASK,SHORT,1.0
SQQQ,2026-06-09 14:36:39.855294+00:00,CALL,41.5,2026-07-10,54270,162,162,45,41.37,REPEATEDHITS,False,False,False,53935,0,42.6307,31,ASK,LONG,1.0
SQQQ,2026-06-09 14:23:29.703764+00:00,CALL,43.0,2026-07-24,17750,50,53,11,41.3,REPEATEDHITS,False,False,False,17750,0,42.6307,45,ASK,LONG,1.0
SQQQ,2026-06-09 14:04:50.706094+00:00,CALL,44.0,2026-06-18,451260,5014,5656,845,40.3,REPEATEDHITS,False,False,False,451260,0,42.6307,9,ASK,LONG,1.0
SQQQ,2026-06-09 13:37:50.777205+00:00,PUT,39.0,2026-06-12,122200,1880,1883,608,40.13,REPEATEDHITS,False,False,False,975,121225,42.6307,3,BID,LONG,0.5
SQQQ,2026-06-08 15:45:05.714425+00:00,CALL,42.0,2026-06-18,472800,3152,3763,1528,40.2201,REPEATEDHITS,False,False,False,472800,0,42.6307,10,ASK,LONG,1.0
SQQQ,2026-06-08 14:08:11.503481+00:00,CALL,41.0,2026-07-02,694630,2000,8018,47,41.3301,REPEATEDHITSASCENDINGFILL,False,False,False,444048,250582,42.6307,24,ASK,LONG,1.0
SQQQ,2026-06-08 13:57:41.053302+00:00,CALL,40.5,2026-06-18,212940,780,807,285,41.49,REPEATEDHITS,False,False,False,212940,0,42.6307,10,ASK,LONG,1.0
SQQQ,2026-06-08 13:54:52.330797+00:00,CALL,41.0,2026-07-02,155000,500,5004,47,40.9897,REPEATEDHITS,False,False,False,155000,0,42.6307,24,ASK,LONG,1.0
SQQQ,2026-06-08 13:50:32.291127+00:00,CALL,41.0,2026-07-02,325000,1000,3004,47,41.16,REPEATEDHITS,False,False,False,325000,0,42.6307,24,ASK,LONG,1.0
SQQQ,2026-06-08 13:31:14.424621+00:00,PUT,40.0,2026-06-12,198835,1729,1914,1516,40.77,REPEATEDHITS,False,False,False,0,198835,42.6307,4,BID,LONG,0.5
SQQQ,2026-06-05 19:45:30.916606+00:00,CALL,45.5,2026-06-12,15870,121,457,18,42.8936,REPEATEDHITSASCENDINGFILL,True,False,False,133,15737,42.6307,7,BID,SHORT,0.5
SQQQ,2026-06-05 19:13:19.447429+00:00,CALL,42.5,2026-06-26,35000,100,328,48,43.045,REPEATEDHITS,True,False,False,35000,0,42.6307,21,ASK,LONG,1.0
SQQQ,2026-06-05 18:44:35.543047+00:00,PUT,42.0,2026-06-12,138624,912,3157,153,42.69,REPEATEDHITS,False,False,False,29184,54720,42.6307,7,BID,LONG,0.5
SQQQ,2026-06-05 18:33:44.417465+00:00,CALL,42.5,2026-06-05,47880,1995,8759,643,42.45,REPEATEDHITS,False,False,False,0,47880,42.6307,0,BID,SHORT,0.5
SQQQ,2026-06-05 16:56:23.857800+00:00,CALL,42.5,2026-06-05,20000,2000,3468,643,41.57,REPEATEDHITS,False,False,False,20000,0,42.6307,0,ASK,LONG,1.0
SQQQ,2026-06-05 16:55:27.167164+00:00,CALL,41.5,2026-06-18,10165,42,539,33,41.47,REPEATEDHITS,False,False,False,0,10165,42.6307,13,BID,SHORT,0.5
SQQQ,2026-06-05 16:50:33.143538+00:00,CALL,45.5,2026-06-12,11570,130,165,18,41.675,REPEATEDHITS,False,False,False,11570,0,42.6307,7,ASK,LONG,1.0
SQQQ,2026-06-05 16:23:42.079406+00:00,CALL,42.0,2026-06-18,153802,769,2316,620,41.14,REPEATEDHITS,True,False,False,0,153802,42.6307,13,BID,SHORT,0.5
SQQQ,2026-06-05 16:13:33.887901+00:00,CALL,45.0,2026-06-18,1065935,9269,20177,8573,41.0199,REPEATEDHITS,False,False,False,0,1065935,42.6307,13,BID,SHORT,0.5
SQQQ,2026-06-05 15:21:37.689047+00:00,PUT,36.5,2026-06-12,12000,800,860,302,40.575,REPEATEDHITS,False,False,False,12000,0,42.6307,7,ASK,SHORT,1.0
SQQQ,2026-06-05 14:25:26.598035+00:00,CALL,40.5,2026-06-18,26838,142,181,59,40.085,REPEATEDHITS,True,False,False,26838,0,42.6307,13,ASK,LONG,1.0
SQQQ,2026-06-05 13:48:58.633522+00:00,CALL,50.0,2026-07-10,52538,482,530,126,39.9963,REPEATEDHITS,True,False,False,52429,109,42.6307,35,ASK,LONG,1.0
SQQQ,2026-06-05 13:31:30.958847+00:00,CALL,39.5,2026-06-18,28860,156,191,137,39.36,REPEATEDHITS,False,False,False,0,28860,42.6307,13,BID,SHORT,0.5
SQQQ,2026-06-04 17:29:23.065259+00:00,PUT,38.5,2026-06-12,17947,100,641,97,37.6401,REPEATEDHITSDESCENDINGFILL,False,False,False,17947,0,42.6307,8,ASK,SHORT,1.0
SQQQ,2026-06-04 15:10:11.978311+00:00,PUT,37.5,2026-06-05,125697,3809,4102,623,37.96,REPEATEDHITS,False,False,False,125334,0,42.6307,1,ASK,SHORT,1.0
SQQQ,2026-06-04 14:52:27.695255+00:00,PUT,38.5,2026-06-12,14500,100,323,97,38.3793,REPEATEDHITS,False,False,False,14500,0,42.6307,8,ASK,SHORT,1.0
SQQQ,2026-06-01 15:29:19.257690+00:00,CALL,37.0,2026-07-02,23790,78,510,23,37.745,REPEATEDHITS,False,False,False,0,18605,42.6307,31,BID,SHORT,0.5
SQQQ,2026-06-01 15:29:11.008774+00:00,CALL,34.0,2026-06-05,18850,50,100,2,37.74,REPEATEDHITS,False,False,False,0,18850,42.6307,4,BID,SHORT,0.5
SQQQ,2026-06-01 15:12:52.875675+00:00,CALL,37.0,2026-07-02,25830,82,429,23,37.94,REPEATEDHITS,False,False,False,1260,2520,42.6307,31,BID,SHORT,0.5
SQQQ,2026-06-01 15:12:52.875675+00:00,CALL,37.0,2026-07-02,25830,82,183,23,37.9451,REPEATEDHITS,False,False,False,1260,6300,42.6307,31,BID,SHORT,0.5
SQQQ,2026-06-01 15:12:52.875675+00:00,CALL,37.0,2026-07-02,25830,82,347,23,37.94,REPEATEDHITS,False,False,False,1260,2520,42.6307,31,BID,SHORT,0.5
SQQQ,2026-06-01 15:12:52.875675+00:00,CALL,37.0,2026-07-02,25830,82,265,23,37.94,REPEATEDHITS,False,False,False,0,5040,42.6307,31,BID,SHORT,0.5
SQQQ,2026-06-01 14:08:46.766629+00:00,CALL,39.0,2026-06-12,147534,1101,1141,787,38.1901,REPEATEDHITS,False,False,False,0,147534,42.6307,11,BID,SHORT,0.5
SQQQ,2026-06-01 14:00:20.803917+00:00,PUT,35.0,2026-07-02,61814,404,407,11,38.331,REPEATEDHITSASCENDINGFILL,True,False,False,31312,30502,42.6307,31,ASK,SHORT,1.0
STM,2026-06-10 15:21:09.159033+00:00,CALL,69.0,2026-07-10,217910,283,283,10,71.2,REPEATEDHITS,False,False,False,217910,0,65164480905.0,30,ASK,LONG,1.0
STM,2026-06-09 14:03:12.544204+00:00,CALL,90.0,2026-08-21,265517,400,410,238,75.31,REPEATEDHITSDESCENDINGFILL,False,False,False,265517,0,65164480905.0,73,ASK,LONG,1.0
STM,2026-06-08 15:30:55.280861+00:00,CALL,84.0,2026-06-26,108633,395,3156,1,75.83,REPEATEDHITSASCENDINGFILL,True,False,False,0,108633,65164480905.0,18,BID,SHORT,0.5
STM,2026-06-08 13:51:32.189235+00:00,PUT,70.0,2028-01-21,151841,73,98,55,75.03,REPEATEDHITS,False,False,False,0,151841,65164480905.0,592,BID,LONG,0.5
STM,2026-06-08 13:40:06.840436+00:00,CALL,100.0,2028-01-21,513635,240,250,133,74.66,REPEATEDHITSDESCENDINGFILL,True,False,False,513635,0,65164480905.0,592,ASK,LONG,1.0
STM,2026-06-08 13:37:14.914754+00:00,CALL,84.0,2026-06-26,250006,1000,2000,1,74.96,REPEATEDHITSASCENDINGFILL,False,False,False,250006,0,65164480905.0,18,ASK,LONG,1.0
STM,2026-06-08 13:35:51.160023+00:00,CALL,84.0,2026-06-26,117359,500,500,1,74.61,REPEATEDHITSASCENDINGFILL,False,False,False,0,17014,65164480905.0,18,BID,SHORT,0.5
STM,2026-06-05 15:03:43.943723+00:00,CALL,100.0,2026-10-16,130680,198,7202,136,73.775,REPEATEDHITS,False,False,False,0,130680,65164480905.0,133,BID,SHORT,0.5
STM,2026-06-05 14:48:28.709825+00:00,CALL,100.0,2026-10-16,128376,186,5203,136,73.97,REPEATEDHITSDESCENDINGFILL,False,False,False,1389,99362,65164480905.0,133,BID,SHORT,0.5
STM,2026-06-05 14:48:25.902482+00:00,CALL,100.0,2026-10-16,146320,209,4979,136,73.8801,REPEATEDHITSDESCENDINGFILL,True,False,False,122500,10500,65164480905.0,133,ASK,LONG,1.0
STM,2026-06-05 14:48:16.494253+00:00,CALL,110.0,2026-10-16,84781,157,185,17,73.87,REPEATEDHITS,False,False,False,0,84781,65164480905.0,133,BID,SHORT,0.5
STM,2026-06-05 14:37:53.362178+00:00,CALL,100.0,2026-10-16,56045250,81225,81225,136,73.88,LOWHISTORICVOLUMEFLOOR,False,True,False,56045250,0,65164480905.0,133,ASK,LONG,1.0
STM,2026-06-03 19:14:47.006232+00:00,CALL,100.0,2026-07-17,233740,754,1264,739,80.36,REPEATEDHITS,False,False,False,0,233740,65164480905.0,44,BID,SHORT,0.5
STM,2026-06-02 15:51:55.593054+00:00,CALL,105.0,2027-01-15,63499,50,88,12,80.2,REPEATEDHITS,False,False,False,62229,1270,65164480905.0,227,ASK,LONG,1.0
STM,2026-06-02 15:51:55.593054+00:00,CALL,100.0,2027-01-15,78400,56,133,16,80.2,REPEATEDHITS,False,False,False,78400,0,65164480905.0,227,ASK,LONG,1.0
STM,2026-06-02 15:50:05.429235+00:00,CALL,85.0,2026-07-17,531078,748,1038,480,79.84,REPEATEDHITS,False,False,False,531078,0,65164480905.0,45,ASK,LONG,1.0
STM,2026-06-02 15:31:08.748591+00:00,PUT,77.0,2026-06-05,76500,425,472,0,79.48,REPEATEDHITS,False,False,False,76500,0,65164480905.0,3,ASK,SHORT,1.0
STM,2026-06-01 18:48:45.350883+00:00,PUT,67.0,2026-06-12,63220,218,498,7,68.9,REPEATEDHITS,True,False,False,0,55970,65164480905.0,11,BID,LONG,0.5
STM,2026-06-01 18:20:06.320328+00:00,PUT,70.0,2026-10-16,73201,60,378,22,68.89,REPEATEDHITS,False,False,False,0,73201,65164480905.0,137,BID,LONG,0.5
STM,2026-06-01 18:19:49.095431+00:00,PUT,70.0,2026-10-16,73358,60,318,22,68.89,REPEATEDHITSDESCENDINGFILL,False,False,False,0,73358,65164480905.0,137,BID,LONG,0.5
STM,2026-06-01 18:19:33.075295+00:00,PUT,70.0,2026-10-16,73543,60,258,22,68.88,REPEATEDHITSDESCENDINGFILL,False,False,False,0,73543,65164480905.0,137,BID,LONG,0.5
STM,2026-06-01 18:19:20.255745+00:00,PUT,70.0,2026-10-16,73638,60,198,22,68.88,REPEATEDHITSDESCENDINGFILL,False,False,False,0,73638,65164480905.0,137,BID,LONG,0.5
STM,2026-06-01 18:18:33.374515+00:00,PUT,70.0,2026-10-16,73840,60,110,22,68.83,REPEATEDHITSDESCENDINGFILL,False,False,False,0,73840,65164480905.0,137,BID,LONG,0.5
STM,2026-05-28 17:02:52.910448+00:00,CALL,80.0,2026-06-18,1566130,7870,10091,2666,70.06,REPEATEDHITSDESCENDINGFILL,False,False,False,0,0,65164480905.0,21,MIXED,,0.0
STM,2026-05-26 18:48:28.928592+00:00,CALL,72.0,2026-06-18,131150,305,318,227,70.36,REPEATEDHITS,False,False,False,129000,0,65164480905.0,23,ASK,LONG,1.0
STM,2026-05-26 17:31:34.204605+00:00,PUT,55.0,2027-01-15,341500,488,489,479,69.91,REPEATEDHITS,False,False,False,341500,0,65164480905.0,234,ASK,SHORT,1.0
STM,2026-05-26 14:48:08.914930+00:00,CALL,71.0,2026-06-05,494967,1375,1388,2,70.59,REPEATEDHITSDESCENDINGFILL,False,False,False,494967,0,65164480905.0,10,ASK,LONG,1.0
STM,2026-05-26 14:43:11.622553+00:00,CALL,85.0,2026-06-18,249388,2375,2445,93,70.53,REPEATEDHITS,False,False,False,0,248758,65164480905.0,23,BID,SHORT,0.5
STM,2026-05-26 13:39:03.699168+00:00,CALL,72.0,2026-06-05,132728,501,518,25,70.27,REPEATEDHITSASCENDINGFILL,False,False,False,124790,518,65164480905.0,10,ASK,LONG,1.0
STM,2026-05-21 17:34:16.847269+00:00,CALL,66.0,2026-05-29,226144,1028,6285,17,65.44,REPEATEDHITSDESCENDINGFILL,False,False,False,178184,45980,65164480905.0,8,ASK,LONG,1.0
STM,2026-05-21 13:57:12.324181+00:00,CALL,70.0,2026-06-26,52452,150,200,7,64.85,REPEATEDHITSASCENDINGFILL,False,False,False,52452,0,65164480905.0,36,ASK,LONG,1.0
STM,2026-05-20 17:57:55.454424+00:00,PUT,57.0,2026-06-12,85988,637,638,35,64.69,REPEATEDHITS,False,False,False,81938,0,65164480905.0,23,ASK,SHORT,1.0
STM,2026-05-19 18:01:12.134947+00:00,CALL,71.0,2026-06-18,110320,625,4995,0,62.21,REPEATEDHITSDESCENDINGFILL,False,False,False,175,51870,65164480905.0,30,BID,SHORT,0.5
STM,2026-05-19 18:01:12.134947+00:00,CALL,71.0,2026-06-18,65450,374,5369,0,62.225,REPEATEDHITS,False,False,False,0,53900,65164480905.0,30,BID,SHORT,0.5
STM,2026-05-19 18:01:00.718185+00:00,CALL,71.0,2026-06-18,166500,925,4295,0,62.28,REPEATEDHITS,False,False,False,7740,158580,65164480905.0,30,BID,SHORT,0.5
STM,2026-05-19 18:00:03.630951+00:00,CALL,71.0,2026-06-18,77175,441,3370,0,62.16,REPEATEDHITS,False,False,False,0,77175,65164480905.0,30,BID,SHORT,0.5
STM,2026-05-19 17:59:46.603937+00:00,CALL,71.0,2026-06-18,87632,500,2870,0,62.19,REPEATEDHITSDESCENDINGFILL,False,False,False,0,87632,65164480905.0,30,BID,SHORT,0.5
STM,2026-05-19 17:59:33.988333+00:00,CALL,71.0,2026-06-18,180074,1000,2370,0,62.29,REPEATEDHITSDESCENDINGFILL,False,False,False,0,180074,65164480905.0,30,BID,SHORT,0.5
STM,2026-05-19 17:59:24.977408+00:00,CALL,71.0,2026-06-18,247217,1370,1370,0,62.34,REPEATEDHITSDESCENDINGFILL,False,False,False,0,247217,65164480905.0,30,BID,SHORT,0.5
STM,2026-05-19 16:54:13.577239+00:00,CALL,64.0,2026-06-18,87500,250,556,1,61.65,REPEATEDHITS,False,False,False,0,87500,65164480905.0,30,BID,SHORT,0.5
STM,2026-05-15 13:42:20.543679+00:00,CALL,80.0,2026-07-17,113420,756,758,557,60.2,REPEATEDHITSASCENDINGFILL,False,False,False,0,113420,65164480905.0,63,BID,SHORT,0.5
STM,2026-05-13 19:19:39.188378+00:00,CALL,75.0,2026-06-18,300499,1717,2022,168,63.55,REPEATEDHITSASCENDINGFILL,False,False,False,175,295949,65164480905.0,36,BID,SHORT,0.5
STM,2026-05-13 16:35:17.682933+00:00,CALL,67.0,2026-05-22,92639,639,649,10,62.87,REPEATEDHITSDESCENDINGFILL,False,False,False,90754,1885,65164480905.0,9,ASK,LONG,1.0
STM,2026-05-13 16:28:21.410743+00:00,CALL,67.0,2026-05-29,167788,907,922,0,62.65,REPEATEDHITS,False,False,False,139668,0,65164480905.0,16,ASK,LONG,1.0
STM,2026-05-13 15:35:12.114970+00:00,PUT,60.0,2026-08-21,194540,274,277,170,61.39,REPEATEDHITS,False,False,False,194540,0,65164480905.0,100,ASK,SHORT,1.0
STM,2026-05-12 14:21:47.377199+00:00,CALL,80.0,2026-10-16,363005,1100,2996,282,57.57,REPEATEDHITS,False,False,False,33000,329670,65164480905.0,157,BID,SHORT,0.5
STM,2026-05-12 14:21:39.558268+00:00,CALL,80.0,2027-01-15,1702397,3338,3348,1321,57.56,REPEATEDHITSASCENDINGFILL,False,False,False,2550,1681997,65164480905.0,248,BID,SHORT,0.5
STM,2026-05-12 13:45:46.147407+00:00,CALL,80.0,2026-10-16,652090,1863,1885,282,58.53,REPEATEDHITSASCENDINGFILL,False,False,False,0,638790,65164480905.0,157,BID,SHORT,0.5
TGT,2026-06-10 19:30:55.151379+00:00,PUT,126.0,2026-06-26,71544,264,265,72,127.62,REPEATEDHITS,True,False,False,71544,0,57505136690.0,16,ASK,SHORT,1.0
TGT,2026-06-10 15:25:59.380646+00:00,CALL,121.0,2026-06-26,86520,103,103,87,127.98,REPEATEDHITS,False,False,False,86520,0,57505136690.0,16,ASK,LONG,1.0
TGT,2026-06-09 19:57:23.955665+00:00,CALL,130.0,2026-06-12,69426,1318,12129,939,126.555,REPEATEDHITSASCENDINGFILL,True,False,False,38322,30564,57505136690.0,3,ASK,LONG,1.0
TGT,2026-06-09 18:21:22.336277+00:00,CALL,150.0,2026-08-21,118663,719,737,404,125.83,REPEATEDHITSASCENDINGFILL,False,False,False,684,117979,57505136690.0,73,BID,SHORT,0.5
TGT,2026-06-09 17:10:31.098422+00:00,PUT,100.0,2026-08-21,87348,753,936,513,125.55,REPEATEDHITS,False,False,False,87348,0,57505136690.0,73,ASK,SHORT,1.0
TGT,2026-06-08 19:32:01.774026+00:00,CALL,116.0,2026-06-26,50160,57,57,2,123.49,REPEATEDHITS,True,False,False,50160,0,57505136690.0,18,ASK,LONG,1.0
TGT,2026-06-08 16:15:16.000722+00:00,PUT,117.0,2026-06-26,62180,482,483,68,122.87,REPEATEDHITS,False,False,False,0,62180,57505136690.0,18,BID,LONG,0.5
TGT,2026-06-04 19:28:13.347743+00:00,CALL,121.0,2026-06-18,70310,129,129,79,124.53,REPEATEDHITS,False,False,False,0,70310,57505136690.0,14,BID,SHORT,0.5
TGT,2026-06-03 19:28:58.516924+00:00,CALL,145.0,2026-08-21,100090,391,449,179,124.375,REPEATEDHITSDESCENDINGFILL,False,False,False,99582,508,57505136690.0,79,ASK,LONG,1.0
TGT,2026-06-03 19:01:24.358094+00:00,PUT,125.0,2026-08-21,95025,105,129,78,124.48,REPEATEDHITS,False,False,False,95025,0,57505136690.0,79,ASK,SHORT,1.0
TGT,2026-05-27 16:58:49.171173+00:00,CALL,129.0,2026-06-05,61120,191,241,61,129.46,REPEATEDHITS,False,False,False,0,61120,57505136690.0,9,BID,SHORT,0.5
TGT,2026-05-21 15:26:16.678232+00:00,CALL,117.0,2026-06-12,61118,97,97,1,120.6,REPEATEDHITS,True,False,False,0,61118,57505136690.0,22,BID,SHORT,0.5
TGT,2026-05-21 15:19:16.914379+00:00,CALL,130.0,2028-12-15,900000,375,375,36,120.58,REPEATEDHITS,False,False,False,640800,16800,57505136690.0,939,ASK,LONG,1.0
TGT,2026-05-20 19:05:19.916325+00:00,PUT,110.0,2026-08-21,618450,1302,1500,44,119.68,REPEATEDHITS,False,False,False,0,618450,57505136690.0,93,BID,LONG,0.5
TGT,2026-05-20 16:26:26.466381+00:00,CALL,123.0,2026-05-29,123500,475,636,133,122.165,REPEATEDHITS,True,False,False,6500,117000,57505136690.0,9,BID,SHORT,0.5
TGT,2026-05-20 16:07:46.934035+00:00,CALL,121.0,2026-05-29,63545,179,1614,52,122.07,REPEATEDHITS,False,False,False,11715,35500,57505136690.0,9,BID,SHORT,0.5
TGT,2026-05-20 15:06:18.481659+00:00,CALL,127.0,2026-06-18,223000,1000,4608,95,120.551,REPEATEDHITS,False,False,False,0,223000,57505136690.0,29,BID,SHORT,0.5
TGT,2026-05-20 15:06:10.260713+00:00,CALL,127.0,2026-06-18,110112,496,3519,95,120.59,REPEATEDHITS,False,False,False,0,110112,57505136690.0,29,BID,SHORT,0.5
TGT,2026-05-20 15:05:51.017998+00:00,CALL,127.0,2026-06-18,151360,688,2979,95,120.49,REPEATEDHITS,False,False,False,0,151360,57505136690.0,29,BID,SHORT,0.5
TGT,2026-05-20 15:05:39.387826+00:00,CALL,127.0,2026-06-18,453865,2111,2140,95,120.41,REPEATEDHITS,False,False,False,0,453865,57505136690.0,29,BID,SHORT,0.5
TGT,2026-05-20 13:47:14.365978+00:00,CALL,121.0,2026-05-29,64038,305,1025,52,118.29,REPEATEDHITSDESCENDINGFILL,False,False,False,62358,840,57505136690.0,9,ASK,LONG,1.0
TGT,2026-05-20 13:39:31.412331+00:00,CALL,121.0,2026-05-29,73983,349,508,52,118.38,REPEATEDHITSDESCENDINGFILL,False,False,False,64019,9964,57505136690.0,9,ASK,LONG,1.0
TGT,2026-05-19 19:38:17.385689+00:00,PUT,114.0,2026-06-18,73362,395,498,4,126.4,REPEATEDHITSASCENDINGFILL,True,False,False,15550,57812,57505136690.0,30,BID,LONG,0.5
TGT,2026-05-19 14:48:31.906466+00:00,CALL,119.0,2026-05-22,124000,155,160,100,124.53,REPEATEDHITS,False,False,False,0,124000,57505136690.0,3,BID,SHORT,0.5
TGT,2026-05-18 13:31:37.221299+00:00,PUT,136.0,2026-06-18,308024,185,185,0,121.28,REPEATEDHITS,False,False,False,308024,0,57505136690.0,31,ASK,SHORT,1.0
TGT,2026-05-15 19:13:17.189699+00:00,CALL,103.0,2026-05-22,63525,35,35,0,120.685,REPEATEDHITS,True,False,False,0,63525,57505136690.0,7,BID,SHORT,0.5
TGT,2026-05-15 15:30:41.611644+00:00,CALL,155.0,2026-11-20,233998,616,717,60,121.92,REPEATEDHITS,False,False,False,233618,380,57505136690.0,189,ASK,LONG,1.0
TGT,2026-05-14 18:54:37.901937+00:00,PUT,115.0,2026-06-05,263468,1071,1071,68,123.53,REPEATEDHITS,False,False,False,0,255348,57505136690.0,22,BID,LONG,0.5
TGT,2026-05-14 16:58:19.846806+00:00,PUT,120.0,2026-05-29,66440,151,151,146,122.57,REPEATEDHITS,False,False,False,0,66440,57505136690.0,15,BID,LONG,0.5
TGT,2026-05-13 17:12:37.078500+00:00,CALL,112.0,2026-05-22,66240,64,68,10,120.01,REPEATEDHITS,True,False,False,55890,0,57505136690.0,9,ASK,LONG,1.0
TGT,2026-05-13 15:04:44.984734+00:00,PUT,119.0,2026-05-22,204439,413,423,37,119.42,REPEATEDHITS,False,False,False,0,204439,57505136690.0,9,BID,LONG,0.5
TLT,2026-06-10 18:06:43.967712+00:00,CALL,84.5,2026-06-22,11250,125,172,76,84.96,REPEATEDHITS,True,False,False,0,11250,41796351633.0,12,BID,SHORT,0.5
TLT,2026-06-10 16:09:22.023499+00:00,PUT,83.0,2026-07-24,23000,500,580,288,85.115,REPEATEDHITS,True,False,False,23000,0,41796351633.0,44,ASK,SHORT,1.0
TLT,2026-06-09 19:10:05.624095+00:00,CALL,87.0,2027-04-16,31360,112,312,80,85.105,REPEATEDHITS,False,False,False,31360,0,41796351633.0,311,ASK,LONG,1.0
TLT,2026-06-09 19:10:05.624095+00:00,CALL,87.0,2027-04-16,24637,88,400,80,85.105,REPEATEDHITSASCENDINGFILL,False,False,False,24637,0,41796351633.0,311,ASK,LONG,1.0
TLT,2026-06-09 19:09:10.321743+00:00,CALL,87.0,2027-04-16,42000,150,200,80,85.115,REPEATEDHITS,False,False,False,42000,0,41796351633.0,311,ASK,LONG,1.0
TLT,2026-06-09 16:38:15.564173+00:00,CALL,84.5,2026-06-22,19635,187,338,0,85.11,REPEATEDHITS,False,False,False,0,19635,41796351633.0,13,BID,SHORT,0.5
TLT,2026-06-09 14:49:12.894777+00:00,PUT,83.0,2026-07-10,67080,1720,1722,1154,84.91,REPEATEDHITS,False,False,False,65832,0,41796351633.0,31,ASK,SHORT,1.0
TLT,2026-06-09 13:56:57.107327+00:00,CALL,89.0,2026-06-24,13450,2690,3050,0,84.94,REPEATEDHITS,False,False,False,0,12800,41796351633.0,15,BID,SHORT,0.5
TLT,2026-06-09 13:47:00.602794+00:00,CALL,86.5,2026-06-22,10500,700,702,0,85.06,REPEATEDHITS,True,False,False,10500,0,41796351633.0,13,ASK,LONG,1.0
TLT,2026-06-09 13:31:41.316329+00:00,CALL,85.0,2026-07-24,37668,292,292,208,85.015,REPEATEDHITS,True,False,False,0,37668,41796351633.0,45,BID,SHORT,0.5
TLT,2026-06-09 13:31:18.669130+00:00,PUT,85.0,2026-06-22,14355,261,261,29,84.985,REPEATEDHITS,True,False,False,0,14355,41796351633.0,13,BID,LONG,0.5
TLT,2026-06-09 13:30:52.958782+00:00,PUT,86.0,2026-07-24,129238,722,722,632,84.9893,REPEATEDHITS,True,False,False,0,129238,41796351633.0,45,BID,LONG,0.5
TLT,2026-06-09 13:30:52.958782+00:00,PUT,84.5,2026-07-24,44036,436,436,220,84.9893,REPEATEDHITS,True,False,False,0,44036,41796351633.0,45,BID,LONG,0.5
TLT,2026-06-08 19:30:23.472241+00:00,PUT,84.5,2026-06-10,18000,1125,5150,828,84.815,REPEATEDHITS,False,False,False,18000,0,41796351633.0,2,ASK,SHORT,1.0
TLT,2026-06-08 18:22:27.966737+00:00,PUT,84.5,2026-06-15,11175,447,526,102,84.965,REPEATEDHITS,True,False,False,0,11175,41796351633.0,7,BID,LONG,0.5
TLT,2026-06-08 17:51:17.878722+00:00,CALL,84.5,2026-06-15,14668,193,778,191,84.92,REPEATEDHITS,True,False,False,0,14668,41796351633.0,7,BID,SHORT,0.5
TLT,2026-06-08 17:31:59.120592+00:00,CALL,82.5,2026-07-24,10728,36,37,1,84.9,REPEATEDHITS,False,False,False,0,10728,41796351633.0,46,BID,SHORT,0.5
TLT,2026-06-08 16:03:44.716861+00:00,CALL,85.5,2026-07-10,287046,3879,3971,603,84.885,REPEATEDHITS,False,False,False,0,287046,41796351633.0,32,BID,SHORT,0.5
TLT,2026-06-08 14:56:38.984839+00:00,PUT,84.0,2026-06-22,26000,1000,1750,0,84.98,REPEATEDHITS,False,False,False,0,26000,41796351633.0,14,BID,LONG,0.5
TLT,2026-06-08 14:47:05.809782+00:00,PUT,85.0,2026-06-15,63668,1447,1548,747,84.97,REPEATEDHITS,False,False,False,63668,0,41796351633.0,7,ASK,SHORT,1.0
TLT,2026-06-08 14:04:36.031001+00:00,CALL,89.5,2026-06-26,16326,2721,3325,311,85.035,REPEATEDHITS,False,False,False,0,16326,41796351633.0,18,BID,SHORT,0.5
TLT,2026-06-08 13:30:07.058563+00:00,CALL,88.5,2026-06-18,16250,3250,3250,459,85.23,REPEATEDHITS,False,False,False,315,15935,41796351633.0,10,BID,SHORT,0.5
TLT,2026-06-05 20:00:15.185598+00:00,CALL,85.5,2026-06-12,258993,10205,31389,3980,85.06,REPEATEDHITSDESCENDINGFILL,False,False,False,0,243393,41796351633.0,7,BID,SHORT,0.5
TLT,2026-06-05 19:59:36.683665+00:00,CALL,86.0,2026-07-10,225719,3469,4315,516,85.035,REPEATEDHITSASCENDINGFILL,True,False,False,0,225719,41796351633.0,35,BID,SHORT,0.5
TLT,2026-06-05 19:54:17.346072+00:00,CALL,85.5,2026-06-08,42053,3823,18021,3237,85.045,REPEATEDHITS,False,False,False,42053,0,41796351633.0,3,ASK,LONG,1.0
TLT,2026-06-05 19:29:09.046049+00:00,PUT,83.5,2026-06-17,10626,759,1283,7,85.11,REPEATEDHITS,True,False,False,10626,0,41796351633.0,12,ASK,SHORT,1.0
TLT,2026-06-05 18:56:48.544148+00:00,CALL,84.5,2026-06-15,10100,100,154,67,85.21,REPEATEDHITS,False,False,False,10100,0,41796351633.0,10,ASK,LONG,1.0
TLT,2026-06-05 16:05:21.185308+00:00,PUT,87.0,2026-07-24,27846,119,157,0,85.19,REPEATEDHITS,False,False,False,27846,0,41796351633.0,49,ASK,SHORT,1.0
TLT,2026-06-05 14:32:47.253894+00:00,PUT,83.5,2026-07-02,449640,12490,12493,510,85.175,REPEATEDHITS,False,False,False,446292,0,41796351633.0,27,ASK,SHORT,1.0
TLT,2026-06-05 13:58:37.171371+00:00,CALL,94.0,2026-12-31,48598,1034,1034,290,85.005,REPEATEDHITS,False,False,False,48598,0,41796351633.0,209,ASK,LONG,1.0
TLT,2026-06-05 13:38:45.246477+00:00,PUT,85.0,2026-06-17,13100,262,328,188,85.06,REPEATEDHITS,True,False,False,0,13100,41796351633.0,12,BID,LONG,0.5
TLT,2026-06-04 19:28:29.779692+00:00,PUT,84.0,2026-06-12,48928,6116,7879,5792,85.525,REPEATEDHITS,False,False,False,0,48928,41796351633.0,8,BID,LONG,0.5
TLT,2026-06-04 18:50:54.556531+00:00,CALL,86.0,2026-06-17,87822,2091,2385,114,85.49,REPEATEDHITS,False,False,False,0,87822,41796351633.0,13,BID,SHORT,0.5
TLT,2026-06-04 17:38:28.987993+00:00,CALL,87.0,2026-06-17,36464,2279,7023,116,85.55,REPEATEDHITS,False,False,False,0,34224,41796351633.0,13,BID,SHORT,0.5
TLT,2026-06-04 17:37:40.934215+00:00,CALL,80.0,2026-12-31,64536,100,100,89,85.555,REPEATEDHITSASCENDINGFILL,False,False,False,0,64536,41796351633.0,210,BID,SHORT,0.5
TLT,2026-06-04 16:45:59.780478+00:00,PUT,84.5,2026-06-17,94798,4309,4311,47,85.57,REPEATEDHITS,False,False,False,0,93566,41796351633.0,13,BID,LONG,0.5
TLT,2026-06-04 15:40:47.651116+00:00,CALL,87.0,2026-06-17,79101,4653,4669,116,85.5793,REPEATEDHITS,False,False,False,0,79101,41796351633.0,13,BID,SHORT,0.5
TLT,2026-06-04 15:24:06.824836+00:00,CALL,91.0,2026-07-24,13000,1000,1000,0,85.595,REPEATEDHITS,False,False,False,13000,0,41796351633.0,50,ASK,LONG,1.0
TLT,2026-06-04 15:12:35.671239+00:00,PUT,88.0,2026-07-10,117015,435,531,147,85.58,REPEATEDHITS,True,False,False,1345,115670,41796351633.0,36,BID,LONG,0.5
TLT,2026-06-04 14:58:16.601014+00:00,CALL,90.0,2026-06-26,26628,4438,4440,785,85.555,REPEATEDHITS,False,False,False,0,26628,41796351633.0,22,BID,SHORT,0.5
TLT,2026-06-04 13:30:10.275901+00:00,CALL,88.5,2026-06-15,11250,2250,2250,90,85.61,REPEATEDHITS,False,False,False,9250,2000,41796351633.0,11,ASK,LONG,1.0
TLT,2026-06-03 14:28:22.049497+00:00,CALL,85.5,2026-06-08,70389,2133,2633,1326,85.39,REPEATEDHITS,False,False,False,70389,0,41796351633.0,5,ASK,LONG,1.0
TLT,2026-06-03 14:12:21.054669+00:00,CALL,83.5,2026-06-15,11440,55,56,25,85.35,REPEATEDHITS,False,False,False,11440,0,41796351633.0,12,ASK,LONG,1.0
TLT,2026-06-02 19:37:47.777278+00:00,PUT,86.5,2026-06-15,10608,102,262,0,85.645,REPEATEDHITS,False,False,False,10608,0,41796351633.0,13,ASK,SHORT,1.0
TLT,2026-06-02 19:15:20.995413+00:00,PUT,86.5,2026-06-15,10192,98,155,0,85.64,REPEATEDHITS,True,False,False,10192,0,41796351633.0,13,ASK,SHORT,1.0
TLT,2026-06-02 18:12:30.428316+00:00,CALL,86.5,2026-06-10,36090,2005,2010,928,85.635,REPEATEDHITS,False,False,False,0,34542,41796351633.0,8,BID,SHORT,0.5
TLT,2026-06-02 18:12:25.620410+00:00,CALL,82.5,2026-07-02,61250,175,180,21,85.63,REPEATEDHITS,True,False,False,61250,0,41796351633.0,30,ASK,LONG,1.0
TLT,2026-06-02 15:00:06.681533+00:00,CALL,85.0,2026-06-17,22620,195,334,0,85.67,REPEATEDHITS,False,False,False,0,22620,41796351633.0,15,BID,SHORT,0.5
TLT,2026-06-02 14:25:32.941794+00:00,CALL,85.0,2026-06-17,15972,132,134,0,85.74,REPEATEDHITS,False,False,False,0,15972,41796351633.0,15,BID,SHORT,0.5
TLT,2026-06-02 14:16:45.364793+00:00,CALL,84.0,2026-06-15,12410,63,90,1,85.71,REPEATEDHITS,False,False,False,12410,0,41796351633.0,13,ASK,LONG,1.0
TNA,2026-06-10 19:31:37.407360+00:00,PUT,64.5,2026-06-12,55315,185,666,183,62.5801,REPEATEDHITS,True,False,False,0,55315,1353660000.0,2,BID,LONG,0.5
TNA,2026-06-10 15:58:02.731151+00:00,PUT,64.5,2026-06-12,43056,207,467,183,64.53,REPEATEDHITS,True,False,False,8736,34320,1353660000.0,2,BID,LONG,0.5
TNA,2026-06-10 15:51:50.582946+00:00,PUT,61.5,2026-06-18,35040,120,120,5,63.28,REPEATEDHITS,True,False,False,35040,0,1353660000.0,8,ASK,SHORT,1.0
TNA,2026-06-10 14:57:15.152571+00:00,PUT,64.5,2026-06-12,47752,254,254,183,64.88,REPEATEDHITS,True,False,False,47752,0,1353660000.0,2,ASK,SHORT,1.0
TNA,2026-06-10 14:52:31.006728+00:00,CALL,59.5,2026-06-12,20320,32,37,6,65.5,REPEATEDHITS,False,False,False,0,20320,1353660000.0,2,BID,SHORT,0.5
TNA,2026-06-10 14:44:04.593607+00:00,CALL,61.5,2026-06-12,17442,32,90,6,66.5,REPEATEDHITS,True,False,False,0,17442,1353660000.0,2,BID,SHORT,0.5
TNA,2026-06-10 14:21:04.712400+00:00,CALL,61.5,2026-06-12,20330,38,58,6,66.3,REPEATEDHITS,False,False,False,0,20330,1353660000.0,2,BID,SHORT,0.5
TNA,2026-06-10 14:15:37.617403+00:00,CALL,71.0,2026-06-18,33450,223,252,89,66.615,REPEATEDHITS,True,False,False,3000,30450,1353660000.0,8,BID,SHORT,0.5
TNA,2026-06-09 14:17:03.935269+00:00,PUT,65.5,2026-06-12,40584,228,297,60,66.35,REPEATEDHITS,True,False,False,40584,0,1353660000.0,3,ASK,SHORT,1.0
TNA,2026-06-09 13:32:22.382729+00:00,CALL,68.0,2026-06-18,199245,797,797,291,66.63,REPEATEDHITS,True,False,False,199245,0,1353660000.0,9,ASK,LONG,1.0
TNA,2026-06-08 15:32:44.842336+00:00,PUT,60.0,2026-07-24,31800,80,80,0,64.9451,REPEATEDHITSASCENDINGFILL,False,False,False,24200,7600,1353660000.0,46,ASK,SHORT,1.0
TNA,2026-06-05 19:50:40.875259+00:00,PUT,62.5,2026-06-18,40827,120,122,24,62.79,REPEATEDHITS,True,False,False,0,40827,1353660000.0,13,BID,LONG,0.5
TNA,2026-06-05 17:11:54.816808+00:00,PUT,67.0,2026-06-18,15750,30,45,24,63.88,REPEATEDHITS,False,False,False,15750,0,1353660000.0,13,ASK,SHORT,1.0
TNA,2026-06-05 13:40:36.714178+00:00,CALL,61.5,2026-06-18,14850,22,22,2,66.73,REPEATEDHITS,False,False,False,0,14850,1353660000.0,13,BID,SHORT,0.5
TNA,2026-06-04 15:38:09.202254+00:00,CALL,68.5,2026-06-12,16980,60,89,42,69.03,REPEATEDHITS,True,False,False,0,16980,1353660000.0,8,BID,SHORT,0.5
TNA,2026-06-01 17:43:33.481517+00:00,PUT,71.0,2026-07-10,21390,31,31,0,68.43,REPEATEDHITS,False,False,False,0,21390,1353660000.0,39,BID,LONG,0.5
TNA,2026-06-01 16:11:15.857991+00:00,CALL,65.0,2026-06-12,40590,99,101,78,66.96,REPEATEDHITS,False,False,False,0,40590,1353660000.0,11,BID,SHORT,0.5
TNA,2026-06-01 15:05:29.254257+00:00,PUT,70.0,2026-06-12,41916,83,94,8,66.3094,REPEATEDHITS,False,False,False,0,41916,1353660000.0,11,BID,LONG,0.5
TNA,2026-05-29 14:41:19.251103+00:00,PUT,62.0,2026-06-12,19285,145,184,122,67.46,REPEATEDHITS,False,False,False,266,19019,1353660000.0,14,BID,LONG,0.5
TNA,2026-05-29 13:56:01.328090+00:00,PUT,68.5,2026-05-29,23500,500,543,230,68.9099,REPEATEDHITS,False,False,False,4700,18800,1353660000.0,0,BID,LONG,0.5
TNA,2026-05-28 15:47:10.871264+00:00,CALL,68.5,2026-05-29,48144,272,424,86,69.71,REPEATEDHITS,True,False,False,0,46374,1353660000.0,1,BID,SHORT,0.5
TNA,2026-05-28 14:13:03.187651+00:00,CALL,69.0,2026-07-02,14040,27,27,0,67.7,REPEATEDHITS,True,False,False,14040,0,1353660000.0,35,ASK,LONG,1.0
TNA,2026-05-27 14:00:14.579993+00:00,PUT,75.0,2026-06-05,44900,67,67,1,69.13,REPEATEDHITSDESCENDINGFILL,False,False,False,0,44900,1353660000.0,9,BID,LONG,0.5
TNA,2026-05-27 13:44:29.171377+00:00,CALL,68.0,2026-06-18,41678,85,85,50,68.4182,REPEATEDHITS,True,False,False,0,41678,1353660000.0,22,BID,SHORT,0.5
TNA,2026-05-26 19:30:57.354640+00:00,PUT,67.0,2026-07-02,199410,391,409,0,68.51,REPEATEDHITS,True,False,False,0,199410,1353660000.0,37,BID,LONG,0.5
TNA,2026-05-26 19:09:59.475141+00:00,PUT,57.0,2026-07-02,12352,64,64,3,68.3164,REPEATEDHITS,False,False,False,1158,11194,1353660000.0,37,BID,LONG,0.5
TNA,2026-05-26 14:27:16.818145+00:00,PUT,70.0,2026-06-26,10800,20,20,0,68.3,REPEATEDHITS,False,False,False,0,10800,1353660000.0,31,BID,LONG,0.5
TNA,2026-05-22 19:59:07.249503+00:00,PUT,64.0,2026-06-05,28090,106,136,71,65.28,REPEATEDHITS,True,False,False,0,28090,1353660000.0,14,BID,LONG,0.5
TNA,2026-05-21 18:52:27.202003+00:00,PUT,67.0,2026-05-29,23460,51,54,8,63.5,REPEATEDHITS,False,False,False,23460,0,1353660000.0,8,ASK,SHORT,1.0
TNA,2026-05-21 18:46:28.846667+00:00,PUT,63.5,2026-05-29,16848,78,97,57,63.89,REPEATEDHITS,False,False,False,16848,0,1353660000.0,8,ASK,SHORT,1.0
TNA,2026-05-21 17:50:18.962925+00:00,PUT,65.0,2026-06-26,11300,20,20,19,63.8599,REPEATEDHITS,False,False,False,0,11300,1353660000.0,36,BID,LONG,0.5
TNA,2026-05-21 17:49:40.878817+00:00,PUT,61.5,2026-05-29,23820,162,195,34,63.79,REPEATEDHITS,False,False,False,23673,0,1353660000.0,8,ASK,SHORT,1.0
TNA,2026-05-19 13:37:22.883419+00:00,PUT,57.5,2026-06-05,15410,46,46,8,57.56,REPEATEDHITS,True,False,False,0,15410,1353660000.0,17,BID,LONG,0.5
TNA,2026-05-18 19:03:01.503843+00:00,CALL,63.0,2026-06-05,21670,110,111,24,59.595,REPEATEDHITS,True,False,False,3152,18518,1353660000.0,18,BID,SHORT,0.5
TNA,2026-05-18 18:31:32.235607+00:00,CALL,58.0,2026-06-26,10500,20,20,0,58.47,REPEATEDHITS,False,False,False,0,10500,1353660000.0,39,BID,SHORT,0.5
TNA,2026-05-18 14:05:48.898274+00:00,CALL,63.5,2026-05-22,45780,654,754,157,60.28,REPEATEDHITS,False,False,False,5950,39830,1353660000.0,4,BID,SHORT,0.5
TNA,2026-05-15 19:12:59.762968+00:00,PUT,62.5,2026-05-29,21280,56,59,38,60.865,REPEATEDHITS,True,False,False,0,21280,1353660000.0,14,BID,LONG,0.5
TNA,2026-05-15 14:23:27.126061+00:00,PUT,66.0,2026-05-29,11550,21,23,3,61.895,REPEATEDHITS,True,False,False,11550,0,1353660000.0,14,ASK,SHORT,1.0
TNA,2026-05-15 13:48:14.556208+00:00,CALL,61.0,2026-10-16,166005,153,153,67,60.79,REPEATEDHITS,False,False,False,166005,0,1353660000.0,154,ASK,LONG,1.0
TNA,2026-05-12 18:31:42.759846+00:00,PUT,61.5,2026-05-15,94706,1000,3332,655,63.21,REPEATEDHITSASCENDINGFILL,True,False,False,0,90907,1353660000.0,3,BID,LONG,0.5
TNA,2026-05-12 18:08:31.762344+00:00,PUT,61.5,2026-05-15,92685,835,2167,655,62.755,REPEATEDHITS,True,False,False,90687,1998,1353660000.0,3,ASK,SHORT,1.0
TNA,2026-05-12 17:31:06.099326+00:00,CALL,61.5,2026-05-15,14100,60,174,19,62.645,REPEATEDHITS,True,False,False,14100,0,1353660000.0,3,ASK,LONG,1.0
TNA,2026-05-12 17:00:21.300970+00:00,PUT,68.0,2026-05-22,38425,53,63,2,61.36,REPEATEDHITS,False,False,False,38425,0,1353660000.0,10,ASK,SHORT,1.0
TNA,2026-05-12 16:03:43.905275+00:00,PUT,58.5,2026-05-22,11661,69,102,46,61.44,REPEATEDHITS,True,False,False,0,11661,1353660000.0,10,BID,LONG,0.5
TNA,2026-05-12 16:01:02.832070+00:00,PUT,50.0,2026-05-22,36076,1000,1007,226,61.21,REPEATEDHITSDESCENDINGFILL,False,False,False,36076,0,1353660000.0,10,ASK,SHORT,1.0
TNA,2026-05-12 15:56:08.357972+00:00,CALL,62.0,2026-05-22,42496,166,177,41,61.47,REPEATEDHITS,True,False,False,42496,0,1353660000.0,10,ASK,LONG,1.0
TNA,2026-05-12 14:24:42.871972+00:00,PUT,66.0,2026-05-22,13920,32,50,9,63.21,REPEATEDHITS,False,False,False,0,13920,1353660000.0,10,BID,LONG,0.5
TNA,2026-05-12 13:50:12.642532+00:00,PUT,65.0,2026-05-22,64240,176,176,78,63.48,REPEATEDHITS,True,False,False,64240,0,1353660000.0,10,ASK,SHORT,1.0
TNA,2026-05-12 13:31:37.537819+00:00,CALL,67.5,2026-05-29,25288,116,116,0,64.3675,REPEATEDHITS,False,False,False,0,25288,1353660000.0,17,BID,SHORT,0.5
TNA,2026-05-12 13:31:04.804695+00:00,PUT,63.0,2026-05-22,52900,230,230,171,64.47,REPEATEDHITS,True,False,False,0,52900,1353660000.0,10,BID,LONG,0.5
TSEM,2026-06-10 18:17:21.133497+00:00,CALL,330.0,2026-07-17,92950,184,265,49,232.89,REPEATEDHITSASCENDINGFILL,True,False,False,26540,61310,25666846864.0,37,BID,SHORT,0.5
TSEM,2026-06-09 14:18:27.913719+00:00,PUT,245.0,2026-06-18,154080,72,111,65,234.8,REPEATEDHITS,True,False,False,4280,149800,25666846864.0,9,BID,LONG,0.5
TSEM,2026-06-08 15:26:51.364735+00:00,PUT,185.0,2026-06-26,59036,164,165,10,243.06,REPEATEDHITSASCENDINGFILL,False,False,False,59036,0,25666846864.0,18,ASK,SHORT,1.0
TSEM,2026-06-05 17:44:06.679196+00:00,PUT,252.5,2026-06-18,75980,29,41,10,238.005,REPEATEDHITS,False,False,False,0,75980,25666846864.0,13,BID,LONG,0.5
TSEM,2026-06-05 16:21:12.222281+00:00,PUT,200.0,2026-08-21,187580,83,86,16,242.06,REPEATEDHITS,False,False,False,187580,0,25666846864.0,77,ASK,SHORT,1.0
TSEM,2026-06-04 15:23:35.381796+00:00,CALL,257.5,2026-06-18,225190,95,97,11,264.14,REPEATEDHITSASCENDINGFILL,True,False,False,4760,220430,25666846864.0,14,BID,SHORT,0.5
TSEM,2026-06-04 14:17:24.177476+00:00,PUT,280.0,2026-08-21,1442346,242,242,32,255.7,REPEATEDHITS,False,False,False,0,1442346,25666846864.0,78,BID,LONG,0.5
TSEM,2026-06-02 19:46:05.376950+00:00,CALL,260.0,2026-06-12,120520,46,352,27,273.87,REPEATEDHITS,False,False,False,120520,0,25666846864.0,10,ASK,LONG,1.0
TSEM,2026-06-02 17:43:40.813324+00:00,CALL,282.5,2026-06-18,33070,18,18,2,271.075,REPEATEDHITSDESCENDINGFILL,False,False,False,31260,1810,25666846864.0,16,ASK,LONG,1.0
TSEM,2026-06-02 15:18:48.055407+00:00,CALL,300.0,2026-07-10,485740,200,1202,0,275.665,REPEATEDHITSASCENDINGFILL,True,False,False,126100,359640,25666846864.0,38,BID,SHORT,0.5
TSEM,2026-06-02 14:45:58.682921+00:00,CALL,275.0,2026-07-02,42640,13,38,4,277.14,REPEATEDHITS,False,False,False,42640,0,25666846864.0,30,ASK,LONG,1.0
TSEM,2026-06-02 14:04:13.312487+00:00,CALL,300.0,2026-07-10,717000,300,300,0,270.03,REPEATEDHITS,False,False,False,0,717000,25666846864.0,38,BID,SHORT,0.5
TSEM,2026-06-01 18:39:40.087537+00:00,PUT,200.0,2026-06-05,23638,197,233,50,247.365,REPEATEDHITS,False,False,False,23638,0,25666846864.0,4,ASK,SHORT,1.0
TSEM,2026-06-01 18:28:08.876414+00:00,CALL,295.0,2026-07-02,14300,11,11,3,247.86,REPEATEDHITS,False,False,False,14300,0,25666846864.0,31,ASK,LONG,1.0
TSEM,2026-06-01 17:39:33.745717+00:00,PUT,200.0,2026-06-12,64395,184,213,9,246.41,REPEATEDHITSDESCENDINGFILL,False,False,False,64395,0,25666846864.0,11,ASK,SHORT,1.0
TSEM,2026-06-01 15:07:04.580165+00:00,PUT,245.0,2026-06-18,95850,45,49,8,246.5,REPEATEDHITS,False,False,False,95850,0,25666846864.0,17,ASK,SHORT,1.0
TSEM,2026-05-29 19:50:58.548633+00:00,PUT,235.0,2026-06-05,260400,434,456,192,255.66,REPEATEDHITS,False,False,False,240600,13200,25666846864.0,7,ASK,SHORT,1.0
TSEM,2026-05-29 19:32:29.962728+00:00,PUT,257.5,2026-06-05,29450,19,39,12,254.61,REPEATEDHITS,True,False,False,10850,18600,25666846864.0,7,BID,LONG,0.5
TSEM,2026-05-29 17:55:25.481605+00:00,PUT,247.5,2026-06-18,15109,7,7,1,247.95,REPEATEDHITSDESCENDINGFILL,False,False,False,15109,0,25666846864.0,20,ASK,SHORT,1.0
TSEM,2026-05-29 14:28:02.239039+00:00,CALL,280.0,2026-08-21,540710,139,139,80,258.16,REPEATEDHITS,False,False,False,540710,0,25666846864.0,84,ASK,LONG,1.0
TSEM,2026-05-29 14:11:09.812855+00:00,PUT,170.0,2026-10-16,16181,11,11,10,265.1101,REPEATEDHITSASCENDINGFILL,False,False,False,5890,2991,25666846864.0,140,ASK,SHORT,1.0
TSEM,2026-05-29 14:04:27.290428+00:00,CALL,292.5,2026-06-18,20340,13,13,7,268.27,REPEATEDHITS,True,False,False,0,20340,25666846864.0,20,BID,SHORT,0.5
TSEM,2026-05-28 16:24:51.858107+00:00,CALL,270.0,2026-09-18,1016800,164,165,6,279.465,REPEATEDHITS,False,False,False,1016800,0,25666846864.0,113,ASK,LONG,1.0
TSEM,2026-05-27 17:41:08.620898+00:00,PUT,235.0,2026-06-05,66850,191,193,4,278.55,REPEATEDHITS,False,False,False,66850,0,25666846864.0,9,ASK,SHORT,1.0
TSEM,2026-05-26 18:06:43.574096+00:00,PUT,230.0,2026-06-18,220408,329,530,214,284.81,REPEATEDHITSDESCENDINGFILL,True,False,False,219088,1320,25666846864.0,23,ASK,SHORT,1.0
TSEM,2026-05-26 13:51:14.576280+00:00,PUT,290.0,2026-05-29,38509,25,25,17,283.005,REPEATEDHITS,False,False,False,3080,35429,25666846864.0,3,BID,LONG,0.5
TSEM,2026-05-22 19:56:47.539609+00:00,PUT,265.0,2026-05-29,24400,40,44,14,283.155,REPEATEDHITS,True,False,False,0,24400,25666846864.0,7,BID,LONG,0.5
TSEM,2026-05-22 15:09:48.159107+00:00,PUT,300.0,2026-06-05,175200,60,60,0,284.64,REPEATEDHITS,False,False,False,175200,0,25666846864.0,14,ASK,SHORT,1.0
TSEM,2026-05-22 14:12:43.691800+00:00,PUT,280.0,2026-05-22,54273,258,258,8,285.38,REPEATEDHITSASCENDINGFILL,False,False,False,3225,51048,25666846864.0,0,BID,LONG,0.5
TSEM,2026-05-20 14:33:34.775993+00:00,PUT,230.0,2026-06-05,216635,252,252,23,264.0,REPEATEDHITSASCENDINGFILL,False,False,False,216635,0,25666846864.0,16,ASK,SHORT,1.0
TSEM,2026-05-20 14:06:05.676844+00:00,PUT,260.0,2026-07-17,1703904,472,472,33,260.975,REPEATEDHITSDESCENDINGFILL,False,False,False,1703904,0,25666846864.0,58,ASK,SHORT,1.0
TSEM,2026-05-19 19:36:10.231764+00:00,PUT,205.0,2026-06-05,14040,36,37,6,252.19,REPEATEDHITS,False,False,False,4290,9750,25666846864.0,17,BID,LONG,0.5
TSEM,2026-05-19 16:42:47.012298+00:00,PUT,210.0,2026-10-16,437570,133,133,21,250.52,REPEATEDHITS,False,False,False,437570,0,25666846864.0,150,ASK,SHORT,1.0
TSEM,2026-05-19 15:24:49.084222+00:00,PUT,217.5,2026-05-22,38760,136,991,23,242.885,REPEATEDHITS,False,False,False,0,38760,25666846864.0,3,BID,LONG,0.5
TSEM,2026-05-19 15:24:41.068092+00:00,PUT,217.5,2026-05-22,104250,417,832,23,242.885,REPEATEDHITS,False,False,False,104250,0,25666846864.0,3,ASK,SHORT,1.0
TSEM,2026-05-19 15:24:41.068092+00:00,PUT,217.5,2026-05-22,70250,281,281,23,242.885,REPEATEDHITS,False,False,False,3000,0,25666846864.0,3,ASK,SHORT,1.0
TSEM,2026-05-19 15:24:41.068092+00:00,PUT,217.5,2026-05-22,28500,114,395,23,242.885,REPEATEDHITS,False,False,False,2000,0,25666846864.0,3,ASK,SHORT,1.0
TSEM,2026-05-19 15:10:38.650483+00:00,PUT,212.5,2026-05-29,85360,194,219,104,242.77,REPEATEDHITS,False,False,False,5720,79640,25666846864.0,10,BID,LONG,0.5
TSEM,2026-05-19 15:10:38.650483+00:00,PUT,212.5,2026-05-29,126450,281,500,104,242.345,REPEATEDHITS,False,False,False,0,77850,25666846864.0,10,BID,LONG,0.5
TSEM,2026-05-18 19:01:33.733946+00:00,PUT,212.5,2026-05-29,44720,104,104,0,245.38,REPEATEDHITS,False,False,False,44720,0,25666846864.0,11,ASK,SHORT,1.0
TSEM,2026-05-18 18:19:17.377870+00:00,CALL,235.0,2026-06-12,1142084,423,429,0,241.27,REPEATEDHITS,False,False,False,1142084,0,25666846864.0,25,ASK,LONG,1.0
TSEM,2026-05-18 17:26:41.968148+00:00,CALL,235.0,2026-06-05,350714,128,129,6,246.99,REPEATEDHITSDESCENDINGFILL,False,False,False,350714,0,25666846864.0,18,ASK,LONG,1.0
TSEM,2026-05-14 19:57:25.609833+00:00,CALL,320.0,2026-07-17,182575,67,146,16,282.07,REPEATEDHITS,False,False,False,0,182575,25666846864.0,64,BID,SHORT,0.5
TSEM,2026-05-14 17:54:02.417876+00:00,PUT,270.0,2026-07-17,174930,51,51,14,277.99,REPEATEDHITS,False,False,False,0,174930,25666846864.0,64,BID,LONG,0.5
TSEM,2026-05-14 15:58:32.147395+00:00,PUT,260.0,2026-05-22,34000,40,44,12,278.19,REPEATEDHITS,False,False,False,34000,0,25666846864.0,8,ASK,SHORT,1.0
TSEM,2026-05-14 14:35:33.862052+00:00,CALL,330.0,2027-01-15,624000,100,191,99,278.9801,FLOORTRADELARGECAP,False,True,False,624000,0,25666846864.0,246,ASK,LONG,1.0
TSEM,2026-05-14 14:30:10.758360+00:00,CALL,370.0,2026-08-21,85120,38,1218,0,276.08,REPEATEDHITS,False,False,False,85120,0,25666846864.0,99,ASK,LONG,1.0
TSEM,2026-05-13 19:54:52.806572+00:00,CALL,230.0,2026-10-16,333450,42,78,37,269.795,REPEATEDHITS,False,False,False,7900,325550,25666846864.0,156,BID,SHORT,0.5
TSEM,2026-05-13 15:45:49.792012+00:00,PUT,250.0,2026-05-15,10170,9,86,1,246.0,REPEATEDHITS,False,False,False,3390,6780,25666846864.0,2,BID,LONG,0.5
TSEM,2026-05-13 14:30:13.024320+00:00,PUT,250.0,2026-06-18,71920,29,608,2,253.71,REPEATEDHITS,False,False,False,47120,0,25666846864.0,36,ASK,SHORT,1.0
TSLA,2026-06-10 18:43:35.664002+00:00,CALL,670.0,2026-11-20,220183,344,1001,202,383.22,REPEATEDHITSDESCENDINGFILL,False,False,False,0,220183,1488514719413.0,163,BID,SHORT,0.5
TSLA,2026-06-10 18:16:10.848656+00:00,CALL,675.0,2026-11-20,315005,500,504,246,384.93,REPEATEDHITS,False,False,False,35910,279095,1488514719413.0,163,BID,SHORT,0.5
TSLA,2026-06-10 18:14:59.159758+00:00,CALL,680.0,2026-11-20,373920,608,609,471,384.705,REPEATEDHITS,False,False,False,615,177120,1488514719413.0,163,BID,SHORT,0.5
TSLA,2026-06-10 18:04:57.438294+00:00,CALL,695.0,2026-11-20,285000,500,1104,247,385.44,REPEATEDHITS,False,False,False,0,236550,1488514719413.0,163,BID,SHORT,0.5
TSLA,2026-06-10 16:40:47.143526+00:00,CALL,385.0,2026-06-15,209000,200,917,62,385.57,REPEATEDHITS,False,False,False,209000,0,1488514719413.0,5,ASK,LONG,1.0
TSLA,2026-06-10 16:12:59.417096+00:00,CALL,432.5,2026-06-18,867000,5100,6137,2664,384.65,REPEATEDHITS,False,False,False,51000,816000,1488514719413.0,8,BID,SHORT,0.5
TSLA,2026-06-10 15:58:08.743411+00:00,CALL,382.5,2026-06-26,134190,71,96,33,386.165,REPEATEDHITS,True,False,False,134190,0,1488514719413.0,16,ASK,LONG,1.0
TSLA,2026-06-10 15:57:54.707185+00:00,CALL,390.0,2026-06-17,145158,139,934,76,386.19,REPEATEDHITSDESCENDINGFILL,True,False,False,63045,82113,1488514719413.0,7,BID,SHORT,0.5
TSLA,2026-06-10 15:57:54.707185+00:00,CALL,390.0,2026-06-17,200740,193,795,76,386.1899,REPEATEDHITSASCENDINGFILL,True,False,False,4175,196565,1488514719413.0,7,BID,SHORT,0.5
TSLA,2026-06-10 14:18:03.795647+00:00,PUT,387.5,2026-06-15,271514,314,568,293,390.285,REPEATEDHITSASCENDINGFILL,False,False,False,240374,31140,1488514719413.0,5,ASK,SHORT,1.0
TSLA,2026-06-10 14:15:10.966731+00:00,CALL,390.0,2026-06-17,118576,100,237,76,389.585,REPEATEDHITSASCENDINGFILL,False,False,False,0,118576,1488514719413.0,7,BID,SHORT,0.5
TSLA,2026-06-10 13:31:15.304715+00:00,PUT,390.0,2026-06-24,139350,98,98,57,392.02,REPEATEDHITSDESCENDINGFILL,True,False,False,110950,28400,1488514719413.0,14,ASK,SHORT,1.0
TSLA,2026-06-09 19:21:02.974219+00:00,CALL,395.0,2026-06-10,375794,730,53441,552,395.38,REPEATEDHITSDESCENDINGFILL,False,False,False,363044,0,1488514719413.0,1,ASK,LONG,1.0
TSLA,2026-06-09 19:04:51.244717+00:00,CALL,400.0,2026-06-17,371276,330,1762,268,397.175,REPEATEDHITSDESCENDINGFILL,False,False,False,0,371276,1488514719413.0,8,BID,SHORT,0.5
TSLA,2026-06-09 18:03:40.465518+00:00,CALL,395.0,2026-06-10,386804,723,39018,552,395.12,REPEATEDHITS,False,False,False,386804,0,1488514719413.0,1,ASK,LONG,1.0
TSLA,2026-06-09 17:41:49.874638+00:00,CALL,400.0,2026-06-17,342540,330,1321,268,394.52,REPEATEDHITSASCENDINGFILL,True,False,False,0,342540,1488514719413.0,8,BID,SHORT,0.5
TSLA,2026-06-09 17:16:12.753201+00:00,CALL,385.0,2026-07-17,2799388,1000,4652,431,389.91,REPEATEDHITSASCENDINGFILL,False,False,False,0,2799388,1488514719413.0,38,BID,SHORT,0.5
TSLA,2026-06-09 17:14:49.601641+00:00,PUT,397.5,2026-06-26,129920,64,1028,32,390.6201,REPEATEDHITS,False,False,False,0,123830,1488514719413.0,17,BID,LONG,0.5
TSLA,2026-06-09 17:10:39.312050+00:00,CALL,382.5,2026-06-12,262980,200,476,76,388.96,REPEATEDHITSDESCENDINGFILL,True,False,False,262980,0,1488514719413.0,3,ASK,LONG,1.0
TSLA,2026-06-09 17:10:36.707450+00:00,PUT,392.5,2026-06-26,111000,60,289,19,389.11,REPEATEDHITS,False,False,False,85100,25900,1488514719413.0,17,ASK,SHORT,1.0
TSLA,2026-06-09 17:04:16.815161+00:00,CALL,390.0,2026-06-10,451373,806,16215,600,390.18,REPEATEDHITSASCENDINGFILL,False,False,False,0,432893,1488514719413.0,1,BID,SHORT,0.5
TSLA,2026-06-09 16:52:16.532737+00:00,PUT,385.0,2026-06-17,1245000,1000,2180,190,386.68,REPEATEDHITS,True,False,False,0,1245000,1488514719413.0,8,BID,LONG,0.5
TSLA,2026-06-09 16:47:12.913346+00:00,PUT,375.0,2026-06-10,217036,1200,10736,753,385.4625,REPEATEDHITSDESCENDINGFILL,True,False,False,0,217036,1488514719413.0,1,BID,LONG,0.5
TSLA,2026-06-09 16:45:49.366011+00:00,CALL,387.5,2026-06-18,143000,100,366,66,387.115,REPEATEDHITS,False,False,False,0,128700,1488514719413.0,9,BID,SHORT,0.5
TSLA,2026-06-09 16:38:15.564173+00:00,PUT,397.5,2026-06-26,365095,168,669,32,389.42,REPEATEDHITSDESCENDINGFILL,False,False,False,360795,4300,1488514719413.0,17,ASK,SHORT,1.0
TSLA,2026-06-09 16:37:14.658507+00:00,CALL,400.0,2026-06-22,268111,244,384,65,390.02,REPEATEDHITSDESCENDINGFILL,True,False,False,267011,0,1488514719413.0,13,ASK,LONG,1.0
TSLA,2026-06-09 15:49:20.102068+00:00,CALL,395.0,2026-06-10,460566,808,9897,552,395.3175,REPEATEDHITSASCENDINGFILL,False,False,False,0,460566,1488514719413.0,1,BID,SHORT,0.5
TSLA,2026-06-09 15:46:33.295785+00:00,PUT,397.5,2026-06-26,102950,58,375,32,394.8899,REPEATEDHITS,False,False,False,0,102950,1488514719413.0,17,BID,LONG,0.5
TSLA,2026-06-09 15:32:10.999289+00:00,CALL,510.0,2026-07-02,166125,1329,1477,509,393.56,REPEATEDHITS,False,False,False,15375,150750,1488514719413.0,23,BID,SHORT,0.5
TSLA,2026-06-09 14:49:34.951610+00:00,CALL,415.0,2026-06-15,319640,524,3940,359,402.25,REPEATEDHITS,False,False,False,260470,59170,1488514719413.0,6,ASK,LONG,1.0
TSLA,2026-06-09 14:45:26.222497+00:00,PUT,415.0,2026-06-22,166545,89,134,0,406.31,REPEATEDHITSASCENDINGFILL,False,False,False,75000,91545,1488514719413.0,13,BID,LONG,0.5
TSLA,2026-06-09 14:20:31.125420+00:00,CALL,415.0,2026-06-15,374995,500,2710,359,406.69,REPEATEDHITS,False,False,False,374250,745,1488514719413.0,6,ASK,LONG,1.0
TSLA,2026-06-08 19:14:15.348440+00:00,CALL,505.0,2026-07-10,293125,916,931,82,409.83,REPEATEDHITS,False,False,False,0,293125,1488514719413.0,32,BID,SHORT,0.5
TSLA,2026-06-08 19:11:51.187527+00:00,PUT,330.0,2026-06-12,147050,7952,8479,1430,409.71,REPEATEDHITSASCENDINGFILL,False,False,False,147050,0,1488514719413.0,4,ASK,SHORT,1.0
TSLA,2026-06-08 18:22:46.391295+00:00,PUT,395.0,2026-06-17,302375,451,2875,180,411.99,REPEATEDHITSDESCENDINGFILL,False,False,False,162350,665,1488514719413.0,9,ASK,SHORT,1.0
TSLA,2026-06-08 18:14:46.904438+00:00,PUT,395.0,2026-06-17,207000,300,2423,180,411.06,REPEATEDHITS,False,False,False,0,207000,1488514719413.0,9,BID,LONG,0.5
TSLA,2026-06-08 17:00:24.582624+00:00,CALL,410.0,2026-07-24,197035,70,139,62,406.69,REPEATEDHITSASCENDINGFILL,False,False,False,98860,98175,1488514719413.0,46,ASK,LONG,1.0
TSLA,2026-06-08 16:19:44.508352+00:00,PUT,395.0,2026-06-17,168155,199,1948,180,405.72,REPEATEDHITS,False,False,False,168155,0,1488514719413.0,9,ASK,SHORT,1.0
TSLA,2026-06-08 15:38:04.783796+00:00,PUT,402.5,2026-06-26,149210,86,234,0,401.35,REPEATEDHITS,True,False,False,0,145740,1488514719413.0,18,BID,LONG,0.5
TSLA,2026-06-08 15:21:03.886741+00:00,CALL,405.0,2026-06-10,613980,1137,11302,835,402.22,REPEATEDHITS,False,False,False,613980,0,1488514719413.0,2,ASK,LONG,1.0
TSLA,2026-06-08 15:12:33.283200+00:00,PUT,402.5,2026-06-26,120815,73,103,0,402.87,REPEATEDHITS,True,False,False,120815,0,1488514719413.0,18,ASK,SHORT,1.0
TSLA,2026-06-08 13:48:05.572982+00:00,CALL,385.0,2026-06-22,120375,53,53,0,397.65,REPEATEDHITSASCENDINGFILL,False,False,False,29575,90800,1488514719413.0,14,BID,SHORT,0.5
TSLA,2026-06-08 13:30:53.360607+00:00,CALL,387.5,2026-06-18,165000,80,81,57,397.7999,REPEATEDHITSASCENDINGFILL,True,False,False,82600,82400,1488514719413.0,10,ASK,LONG,1.0
TSLA,2026-06-05 19:58:10.779787+00:00,CALL,390.0,2026-06-08,130000,200,15590,42,391.531,REPEATEDHITS,False,False,False,0,130000,1488514719413.0,3,BID,SHORT,0.5
TSLA,2026-06-05 19:57:06.794246+00:00,CALL,400.0,2026-06-10,150536,265,6362,192,392.205,REPEATEDHITSASCENDINGFILL,False,False,False,0,150536,1488514719413.0,5,BID,SHORT,0.5
TSLA,2026-06-05 19:57:06.794246+00:00,CALL,400.0,2026-06-10,272861,484,6846,192,392.15,REPEATEDHITSDESCENDINGFILL,True,False,False,0,272861,1488514719413.0,5,BID,SHORT,0.5
TSLA,2026-06-05 19:52:17.895594+00:00,CALL,392.5,2026-06-08,360600,601,7465,55,393.27,REPEATEDHITS,False,False,False,0,360600,1488514719413.0,3,BID,SHORT,0.5
TSLA,2026-06-05 19:51:22.000920+00:00,CALL,397.5,2026-06-12,169750,175,5554,67,393.17,REPEATEDHITS,False,False,False,169750,0,1488514719413.0,7,ASK,LONG,1.0
TSLA,2026-06-05 19:48:55.251445+00:00,CALL,397.5,2026-06-12,153900,162,5326,67,392.475,REPEATEDHITS,False,False,False,135850,18050,1488514719413.0,7,ASK,LONG,1.0
TSLA,2026-06-05 19:48:07.305704+00:00,CALL,397.5,2026-06-08,131400,360,6345,17,392.39,REPEATEDHITS,False,False,False,131400,0,1488514719413.0,3,ASK,LONG,1.0
TTD,2026-06-10 19:20:02.510701+00:00,CALL,24.0,2026-07-24,62874,1209,1214,7,19.3024,REPEATEDHITSDESCENDINGFILL,False,False,False,0,62715,8493024669.0,44,BID,SHORT,0.5
TTD,2026-06-10 18:42:02.518896+00:00,CALL,19.0,2026-07-10,14960,88,116,15,19.4,REPEATEDHITS,True,False,False,1360,13600,8493024669.0,30,BID,SHORT,0.5
TTD,2026-06-10 17:39:57.243068+00:00,PUT,19.5,2026-06-26,211980,2049,2241,374,19.535,REPEATEDHITSDESCENDINGFILL,False,False,False,0,211980,8493024669.0,16,BID,LONG,0.5
TTD,2026-06-10 16:37:27.121823+00:00,CALL,30.0,2026-10-16,365940,3210,3222,896,19.67,REPEATEDHITS,False,False,False,0,365940,8493024669.0,128,BID,SHORT,0.5
TTD,2026-06-10 15:18:54.963449+00:00,CALL,27.5,2026-10-16,215700,1438,1462,799,19.63,REPEATEDHITS,False,False,False,0,215700,8493024669.0,128,BID,SHORT,0.5
TTD,2026-06-08 15:59:23.620551+00:00,CALL,21.0,2026-06-26,14000,200,243,165,19.685,REPEATEDHITS,False,False,False,0,14000,8493024669.0,18,BID,SHORT,0.5
TTD,2026-06-01 18:03:52.987710+00:00,CALL,26.0,2026-06-12,15072,471,563,376,23.05,REPEATEDHITS,False,False,False,0,15072,8493024669.0,11,BID,SHORT,0.5
TTD,2026-06-01 15:23:06.658914+00:00,PUT,22.5,2026-06-12,20394,198,207,43,22.715,REPEATEDHITS,False,False,False,0,16068,8493024669.0,11,BID,LONG,0.5
TTD,2026-06-01 13:46:26.841970+00:00,CALL,24.5,2026-06-12,20883,360,381,346,22.8,REPEATEDHITS,False,False,False,20883,0,8493024669.0,11,ASK,LONG,1.0
TTD,2026-05-29 16:11:21.107487+00:00,CALL,21.5,2026-06-12,120404,971,1022,84,21.8,REPEATEDHITS,False,False,False,0,120404,8493024669.0,14,BID,SHORT,0.5
TTD,2026-05-26 15:35:00.478524+00:00,CALL,23.5,2026-06-05,20854,401,526,182,22.3142,REPEATEDHITS,False,False,False,106,15028,8493024669.0,10,BID,SHORT,0.5
TTD,2026-05-26 14:21:43.634176+00:00,PUT,20.0,2026-06-12,15744,492,521,221,22.45,REPEATEDHITS,False,False,False,15744,0,8493024669.0,17,ASK,SHORT,1.0
TTD,2026-05-20 17:30:54.886660+00:00,CALL,19.0,2026-06-18,12750,50,74,0,20.815,REPEATEDHITS,False,False,False,6885,5865,8493024669.0,29,ASK,LONG,1.0
TTD,2026-05-18 19:56:49.328178+00:00,PUT,21.5,2026-05-22,26334,693,1192,474,22.175,REPEATEDHITS,False,False,False,26334,0,8493024669.0,4,ASK,SHORT,1.0
TTD,2026-05-15 15:00:53.396329+00:00,CALL,25.0,2026-05-29,12213,1357,1393,658,20.83,REPEATEDHITS,False,False,False,0,12105,8493024669.0,14,BID,SHORT,0.5
TTD,2026-05-14 19:43:41.334401+00:00,CALL,23.0,2026-05-29,10368,471,488,176,20.32,REPEATEDHITS,False,False,False,0,10368,8493024669.0,15,BID,SHORT,0.5
TTD,2026-05-13 17:52:27.980842+00:00,CALL,21.5,2026-05-15,11000,1000,2719,580,20.335,REPEATEDHITS,False,False,False,0,11000,8493024669.0,2,BID,SHORT,0.5
TTD,2026-05-13 15:27:37.040700+00:00,CALL,25.0,2026-12-18,874257,2867,2943,543,20.015,REPEATEDHITS,False,False,False,874257,0,8493024669.0,219,ASK,LONG,1.0
TWLO,2026-06-10 19:14:40.290673+00:00,PUT,197.5,2026-07-10,10770,11,11,1,208.375,REPEATEDHITSASCENDINGFILL,True,False,False,2920,7850,31066591403.0,30,BID,LONG,0.5
TWLO,2026-06-09 16:20:58.681963+00:00,PUT,170.0,2026-07-17,100860,169,169,96,195.635,REPEATEDHITS,False,False,False,20400,80460,31066591403.0,38,BID,LONG,0.5
TWLO,2026-06-09 14:10:49.117563+00:00,CALL,202.5,2026-06-12,105861,103,103,49,208.609,REPEATEDHITSASCENDINGFILL,True,False,False,3100,102761,31066591403.0,3,BID,SHORT,0.5
TWLO,2026-06-08 19:05:49.698466+00:00,CALL,300.0,2026-08-21,154092,214,575,15,214.0,REPEATEDHITSASCENDINGFILL,False,False,False,0,154092,31066591403.0,74,BID,SHORT,0.5
TWLO,2026-06-05 19:24:31.244374+00:00,CALL,235.0,2026-06-18,247960,272,448,202,228.945,REPEATEDHITSASCENDINGFILL,False,False,False,170170,77790,31066591403.0,13,ASK,LONG,1.0
TWLO,2026-06-05 19:24:31.244374+00:00,CALL,235.0,2026-06-18,573865,623,1071,202,228.87,REPEATEDHITSASCENDINGFILL,True,False,False,286935,286930,31066591403.0,13,ASK,LONG,1.0
TWLO,2026-06-05 19:23:54.980341+00:00,CALL,247.5,2026-06-12,29440,92,109,51,229.04,REPEATEDHITS,False,False,False,18240,11200,31066591403.0,7,ASK,LONG,1.0
TWLO,2026-06-05 19:16:46.566183+00:00,CALL,255.0,2026-06-12,102875,641,642,45,228.25,REPEATEDHITS,False,False,False,16795,82080,31066591403.0,7,BID,SHORT,0.5
TWLO,2026-06-05 18:54:18.128017+00:00,CALL,240.0,2028-01-21,263550,35,35,26,229.07,FLOORTRADELARGECAP,False,True,True,263550,0,31066591403.0,595,ASK,LONG,1.0
TWLO,2026-06-05 17:46:41.893180+00:00,PUT,210.0,2026-08-21,96460,53,53,44,233.83,REPEATEDHITS,False,False,False,0,96460,31066591403.0,77,BID,LONG,0.5
TWLO,2026-06-05 17:46:41.893180+00:00,PUT,220.0,2026-08-21,592164,262,263,214,233.83,REPEATEDHITSASCENDINGFILL,False,False,False,183090,409074,31066591403.0,77,BID,LONG,0.5
TWLO,2026-06-05 16:42:53.391226+00:00,PUT,217.5,2026-06-12,11422,34,34,10,231.5758,REPEATEDHITSDESCENDINGFILL,True,False,False,8420,3002,31066591403.0,7,ASK,SHORT,1.0
TWLO,2026-06-04 17:25:14.762169+00:00,CALL,245.0,2026-06-05,32500,250,320,134,235.56,REPEATEDHITS,False,False,False,32500,0,31066591403.0,1,ASK,LONG,1.0
TWLO,2026-06-04 17:06:09.189755+00:00,CALL,245.0,2026-06-12,51700,94,1013,21,235.42,REPEATEDHITS,False,False,False,51700,0,31066591403.0,8,ASK,LONG,1.0
TWLO,2026-06-04 16:51:20.985705+00:00,PUT,230.0,2026-07-17,21450,13,27,7,235.63,REPEATEDHITS,False,False,False,0,21450,31066591403.0,43,BID,LONG,0.5
TWLO,2026-06-04 14:52:55.734883+00:00,CALL,245.0,2026-06-12,25960,44,514,21,235.4,REPEATEDHITS,False,False,False,0,25960,31066591403.0,8,BID,SHORT,0.5
TWLO,2026-06-04 14:52:01.258367+00:00,CALL,245.0,2026-06-12,12980,22,220,21,235.23,REPEATEDHITS,False,False,False,0,12980,31066591403.0,8,BID,SHORT,0.5
TWLO,2026-06-04 14:11:24.114144+00:00,PUT,230.0,2026-06-18,10300,10,13,1,233.64,REPEATEDHITS,False,False,False,0,10300,31066591403.0,14,BID,LONG,0.5
TWLO,2026-06-03 16:04:05.358838+00:00,CALL,300.0,2026-07-17,69666,258,258,0,219.27,REPEATEDHITSASCENDINGFILL,False,False,False,4590,65076,31066591403.0,44,BID,SHORT,0.5
TWLO,2026-06-03 13:47:16.943961+00:00,CALL,320.0,2027-01-15,11160,6,6,0,215.51,REPEATEDHITS,False,False,False,3720,3720,31066591403.0,226,MIXED,,0.0
TWLO,2026-06-02 19:53:12.215667+00:00,PUT,220.0,2026-08-21,286000,110,111,2,228.18,REPEATEDHITS,False,False,False,0,286000,31066591403.0,80,BID,LONG,0.5
TWLO,2026-06-02 18:04:06.927481+00:00,PUT,225.0,2026-06-26,166442,114,115,0,224.79,REPEATEDHITS,False,False,False,0,166442,31066591403.0,24,BID,LONG,0.5
TWLO,2026-06-02 17:47:18.928803+00:00,PUT,210.0,2026-09-18,108680,44,44,12,224.705,REPEATEDHITS,False,False,False,0,108680,31066591403.0,108,BID,LONG,0.5
TWLO,2026-06-02 17:04:08.034763+00:00,PUT,202.5,2026-06-18,144406,380,380,1,224.05,REPEATEDHITS,True,False,False,4180,140226,31066591403.0,16,BID,LONG,0.5
TWLO,2026-06-02 15:26:27.381813+00:00,CALL,260.0,2026-07-17,190087,216,225,128,223.5,REPEATEDHITSASCENDINGFILL,False,False,False,0,190087,31066591403.0,45,BID,SHORT,0.5
TWLO,2026-06-02 14:11:01.083397+00:00,PUT,210.0,2026-06-12,15810,31,32,1,222.31,REPEATEDHITS,False,False,False,0,15810,31066591403.0,10,BID,LONG,0.5
TWLO,2026-06-02 14:11:01.083397+00:00,PUT,207.5,2026-06-12,52899,123,123,0,222.31,REPEATEDHITSASCENDINGFILL,False,False,False,0,52899,31066591403.0,10,BID,LONG,0.5
TWLO,2026-06-02 13:38:50.647263+00:00,CALL,240.0,2026-06-18,221684,346,437,220,218.0001,REPEATEDHITSDESCENDINGFILL,False,False,False,0,216404,31066591403.0,16,BID,SHORT,0.5
TWLO,2026-06-01 18:55:28.455805+00:00,CALL,280.0,2026-09-18,42000,21,23,1,229.08,REPEATEDHITS,False,False,False,42000,0,31066591403.0,109,ASK,LONG,1.0
TWLO,2026-06-01 18:55:28.455805+00:00,CALL,260.0,2026-07-17,42960,37,136,26,229.08,REPEATEDHITSDESCENDINGFILL,False,False,False,29250,13710,31066591403.0,46,ASK,LONG,1.0
TWLO,2026-06-01 18:50:09.965257+00:00,PUT,175.0,2026-10-16,48840,37,37,0,226.4,REPEATEDHITS,False,False,False,2640,46200,31066591403.0,137,BID,LONG,0.5
TWLO,2026-06-01 18:50:09.965257+00:00,PUT,180.0,2026-10-16,38480,26,26,0,226.4,REPEATEDHITS,False,False,False,4440,34040,31066591403.0,137,BID,LONG,0.5
TWLO,2026-06-01 18:48:59.171469+00:00,PUT,200.0,2026-06-18,28472,73,139,62,226.35,REPEATEDHITS,False,False,False,390,28082,31066591403.0,17,BID,LONG,0.5
TWLO,2026-06-01 18:37:48.122215+00:00,PUT,195.0,2026-09-18,729483,388,413,15,224.02,REPEATEDHITSASCENDINGFILL,True,False,False,0,729483,31066591403.0,109,BID,LONG,0.5
TWLO,2026-06-01 18:03:39.761799+00:00,CALL,280.0,2026-07-17,22440,33,56,3,224.505,REPEATEDHITS,True,False,False,680,21760,31066591403.0,46,BID,SHORT,0.5
TWLO,2026-06-01 17:45:00.487413+00:00,CALL,260.0,2026-08-21,908700,466,1055,231,224.18,REPEATEDHITS,False,False,False,89700,0,31066591403.0,81,ASK,LONG,1.0
TWLO,2026-06-01 17:40:02.409198+00:00,CALL,265.0,2026-06-12,122840,455,456,2,223.53,REPEATEDHITSDESCENDINGFILL,True,False,False,122570,270,31066591403.0,11,ASK,LONG,1.0
TWLO,2026-06-01 17:31:34.878035+00:00,CALL,225.0,2026-06-05,115080,137,229,87,224.67,REPEATEDHITS,False,False,False,0,115080,31066591403.0,4,BID,SHORT,0.5
TWLO,2026-06-01 17:09:19.699287+00:00,CALL,255.0,2026-06-26,43557,66,66,1,222.23,REPEATEDHITSDESCENDINGFILL,False,False,False,40917,2640,31066591403.0,25,ASK,LONG,1.0
TWLO,2026-06-01 16:56:29.756459+00:00,CALL,290.0,2026-08-21,101473,86,161,22,220.11,REPEATEDHITSDESCENDINGFILL,False,False,False,101473,0,31066591403.0,81,ASK,LONG,1.0
TWLO,2026-06-01 16:26:37.437339+00:00,PUT,150.0,2026-09-18,60801,98,103,17,218.055,REPEATEDHITSASCENDINGFILL,True,False,False,7440,50841,31066591403.0,109,BID,LONG,0.5
TWLO,2026-06-01 15:24:52.105336+00:00,PUT,210.0,2026-06-05,20990,48,162,2,215.94,REPEATEDHITS,False,False,False,0,5590,31066591403.0,4,BID,LONG,0.5
TWLO,2026-06-01 15:05:46.081648+00:00,CALL,260.0,2026-07-17,50557,79,81,26,213.96,REPEATEDHITSDESCENDINGFILL,False,False,False,47997,0,31066591403.0,46,ASK,LONG,1.0
TWLO,2026-06-01 14:10:26.060290+00:00,CALL,235.0,2026-07-10,24690,38,41,0,205.7,REPEATEDHITS,False,False,False,24050,640,31066591403.0,39,ASK,LONG,1.0
TWLO,2026-06-01 14:10:26.060290+00:00,CALL,220.0,2026-07-10,37799,36,37,7,205.7,REPEATEDHITS,False,False,False,37799,0,31066591403.0,39,ASK,LONG,1.0
TWLO,2026-06-01 13:58:21.897032+00:00,CALL,235.0,2026-06-18,29040,121,121,19,204.21,REPEATEDHITS,False,False,False,26160,2880,31066591403.0,17,ASK,LONG,1.0
TWLO,2026-06-01 13:51:15.045051+00:00,CALL,222.5,2026-06-12,14575,53,53,0,202.48,REPEATEDHITS,False,False,False,14575,0,31066591403.0,11,ASK,LONG,1.0
TWLO,2026-06-01 13:51:02.950610+00:00,CALL,202.5,2026-06-12,33299,37,37,4,202.33,REPEATEDHITS,False,False,False,32399,900,31066591403.0,11,ASK,LONG,1.0
TWLO,2026-05-29 18:50:43.828914+00:00,CALL,240.0,2026-08-21,31500,35,38,16,192.49,REPEATEDHITS,False,False,False,0,22500,31066591403.0,84,BID,SHORT,0.5
TWLO,2026-05-29 18:18:29.028299+00:00,CALL,192.5,2026-06-18,21344,23,27,15,190.7,REPEATEDHITSDESCENDINGFILL,False,False,False,10984,5610,31066591403.0,20,ASK,LONG,1.0
TXN,2026-06-10 19:45:54.728071+00:00,CALL,280.0,2026-07-02,59065,36,36,1,282.5,REPEATEDHITS,True,False,False,0,59065,262680082266.0,22,BID,SHORT,0.5
TXN,2026-06-10 18:15:11.375681+00:00,CALL,430.0,2026-10-16,99755,190,303,35,284.42,REPEATEDHITS,False,False,False,530,99225,262680082266.0,128,BID,SHORT,0.5
TXN,2026-06-10 16:21:13.349522+00:00,CALL,430.0,2026-10-16,54060,106,106,35,282.92,REPEATEDHITS,False,False,False,0,54060,262680082266.0,128,BID,SHORT,0.5
TXN,2026-06-10 15:15:24.950762+00:00,PUT,282.5,2026-06-18,80545,89,89,67,284.04,REPEATEDHITS,False,False,False,905,0,262680082266.0,8,ASK,SHORT,1.0
TXN,2026-06-10 14:47:06.084102+00:00,CALL,292.5,2026-06-12,51810,102,103,29,289.27,REPEATEDHITSASCENDINGFILL,True,False,False,5605,46205,262680082266.0,2,BID,SHORT,0.5
TXN,2026-06-10 14:09:51.304306+00:00,PUT,290.0,2026-07-10,75680,47,47,6,290.89,REPEATEDHITS,False,False,False,3220,72460,262680082266.0,30,BID,LONG,0.5
TXN,2026-06-09 17:53:51.160902+00:00,CALL,360.0,2026-08-21,90945,129,588,81,282.14,REPEATEDHITS,False,False,False,0,90945,262680082266.0,73,BID,SHORT,0.5
TXN,2026-06-09 16:33:04.793793+00:00,PUT,240.0,2028-01-21,181695,45,45,35,277.66,REPEATEDHITSASCENDINGFILL,False,False,False,12180,161440,262680082266.0,591,BID,LONG,0.5
TXN,2026-06-09 16:07:47.227266+00:00,PUT,267.5,2026-06-12,62657,261,2547,52,279.0,REPEATEDHITSASCENDINGFILL,True,False,False,12189,50468,262680082266.0,3,BID,LONG,0.5
TXN,2026-06-05 18:38:38.244488+00:00,PUT,285.0,2026-06-12,52785,69,105,68,286.97,REPEATEDHITS,False,False,False,52785,0,262680082266.0,7,ASK,SHORT,1.0
TXN,2026-06-05 15:28:34.351042+00:00,CALL,297.5,2026-06-12,60235,100,102,5,291.71,REPEATEDHITSDESCENDINGFILL,False,False,False,0,60235,262680082266.0,7,BID,SHORT,0.5
TXN,2026-06-04 18:40:59.557118+00:00,PUT,350.0,2026-07-17,55660,11,11,9,305.12,REPEATEDHITS,True,False,False,55660,0,262680082266.0,43,ASK,SHORT,1.0
TXN,2026-06-03 15:59:04.090855+00:00,CALL,315.0,2026-07-10,56065,31,31,15,310.54,REPEATEDHITSDESCENDINGFILL,False,False,False,25405,30660,262680082266.0,37,BID,SHORT,0.5
TXN,2026-06-03 15:48:50.888792+00:00,CALL,307.5,2026-06-18,71760,52,60,10,308.58,REPEATEDHITS,False,False,False,71760,0,262680082266.0,15,ASK,LONG,1.0
TXN,2026-06-03 15:47:25.756251+00:00,CALL,315.0,2026-06-12,185414,244,249,47,307.99,REPEATEDHITSDESCENDINGFILL,False,False,False,182389,3025,262680082266.0,9,ASK,LONG,1.0
TXN,2026-06-03 15:30:39.979529+00:00,PUT,330.0,2026-07-17,690207,203,547,69,307.39,REPEATEDHITSASCENDINGFILL,False,False,False,0,690207,262680082266.0,44,BID,LONG,0.5
TXN,2026-06-03 14:29:02.729523+00:00,PUT,330.0,2026-07-17,1143970,334,344,69,307.7485,REPEATEDHITSASCENDINGFILL,False,False,False,0,1143970,262680082266.0,44,BID,LONG,0.5
TXN,2026-06-03 14:11:48.944245+00:00,PUT,315.0,2026-07-02,95156,44,94,0,306.39,REPEATEDHITSDESCENDINGFILL,True,False,False,15155,80001,262680082266.0,29,BID,LONG,0.5
TXN,2026-06-02 19:54:17.148873+00:00,PUT,302.5,2026-06-12,77064,86,88,56,305.22,REPEATEDHITSDESCENDINGFILL,True,False,False,57594,19470,262680082266.0,10,ASK,SHORT,1.0
TXN,2026-06-01 15:33:36.099435+00:00,CALL,302.5,2026-06-05,80000,200,263,8,294.17,REPEATEDHITS,False,False,False,80000,0,262680082266.0,4,ASK,LONG,1.0
TXN,2026-06-01 13:50:31.284601+00:00,PUT,287.5,2026-06-12,83520,116,116,2,295.1,REPEATEDHITS,False,False,False,83520,0,262680082266.0,11,ASK,SHORT,1.0
TXN,2026-06-01 13:50:31.284601+00:00,PUT,285.0,2026-06-18,171535,215,225,70,295.1,REPEATEDHITS,False,False,False,97600,73935,262680082266.0,17,ASK,SHORT,1.0
TXN,2026-06-01 13:50:31.284601+00:00,PUT,287.5,2026-06-18,77814,86,86,11,295.1,REPEATEDHITS,True,False,False,72384,5430,262680082266.0,17,ASK,SHORT,1.0
TXN,2026-05-29 19:34:28.804775+00:00,PUT,305.0,2026-06-12,144960,151,2558,12,307.99,REPEATEDHITS,False,False,False,0,24960,262680082266.0,14,BID,LONG,0.5
TXN,2026-05-29 19:34:28.804775+00:00,PUT,305.0,2026-06-12,284089,296,2854,12,307.89,REPEATEDHITSDESCENDINGFILL,True,False,False,282179,955,262680082266.0,14,ASK,SHORT,1.0
TXN,2026-05-29 18:50:01.759007+00:00,PUT,305.0,2026-06-12,127635,127,2407,12,307.18,REPEATEDHITS,False,False,False,24120,48240,262680082266.0,14,BID,LONG,0.5
TXN,2026-05-29 18:49:10.888415+00:00,PUT,305.0,2026-06-12,147225,151,2261,12,307.36,REPEATEDHITS,False,False,False,28275,118950,262680082266.0,14,BID,LONG,0.5
TXN,2026-05-29 18:49:10.888415+00:00,PUT,305.0,2026-06-12,147225,151,2110,12,307.365,REPEATEDHITS,False,False,False,30225,117000,262680082266.0,14,BID,LONG,0.5
TXN,2026-05-29 18:49:02.269107+00:00,PUT,340.0,2026-08-21,319095,63,63,9,307.66,REPEATEDHITS,True,False,False,319095,0,262680082266.0,84,ASK,SHORT,1.0
TXN,2026-05-29 17:49:20.216854+00:00,PUT,305.0,2026-06-12,235173,240,1292,12,307.38,REPEATEDHITSDESCENDINGFILL,True,False,False,235173,0,262680082266.0,14,ASK,SHORT,1.0
TXN,2026-05-29 17:49:20.216854+00:00,PUT,305.0,2026-06-12,128380,131,1423,12,307.38,REPEATEDHITS,False,False,False,0,103880,262680082266.0,14,BID,LONG,0.5
TXN,2026-05-29 17:49:20.216854+00:00,PUT,305.0,2026-06-12,147980,151,1052,12,307.43,REPEATEDHITS,False,False,False,0,25480,262680082266.0,14,BID,LONG,0.5
TXN,2026-05-29 17:48:58.996840+00:00,PUT,305.0,2026-06-12,145715,151,872,12,307.56,REPEATEDHITS,False,False,False,22195,123520,262680082266.0,14,BID,LONG,0.5
TXN,2026-05-29 17:48:39.168226+00:00,PUT,305.0,2026-06-12,162350,170,620,12,307.49,REPEATEDHITS,False,False,False,0,52525,262680082266.0,14,BID,LONG,0.5
TXN,2026-05-29 17:48:39.168226+00:00,PUT,305.0,2026-06-12,96455,101,721,12,307.49,REPEATEDHITS,False,False,False,0,50615,262680082266.0,14,BID,LONG,0.5
TXN,2026-05-29 17:48:22.942146+00:00,PUT,305.0,2026-06-12,141185,151,152,12,307.83,REPEATEDHITS,False,False,False,0,27115,262680082266.0,14,BID,LONG,0.5
TXN,2026-05-29 14:46:31.541385+00:00,CALL,305.0,2026-07-10,98900,43,43,0,310.24,REPEATEDHITS,False,False,False,96600,0,262680082266.0,42,ASK,LONG,1.0
TXN,2026-05-28 15:00:07.398490+00:00,CALL,322.5,2026-06-05,164745,186,186,16,320.87,REPEATEDHITSDESCENDINGFILL,True,False,False,89070,75675,262680082266.0,8,ASK,LONG,1.0
TXN,2026-05-27 17:32:11.808654+00:00,CALL,380.0,2026-10-16,660400,315,316,74,315.435,REPEATEDHITSDESCENDINGFILL,True,False,False,624850,33450,262680082266.0,142,ASK,LONG,1.0
TXN,2026-05-27 17:09:23.786091+00:00,PUT,330.0,2026-07-02,307340,112,262,0,314.35,REPEATEDHITSASCENDINGFILL,False,False,False,145728,161612,262680082266.0,36,BID,LONG,0.5
TXN,2026-05-27 15:41:41.453935+00:00,PUT,320.0,2026-07-17,508719,215,221,42,316.555,REPEATEDHITSASCENDINGFILL,False,False,False,28560,480159,262680082266.0,51,BID,LONG,0.5
TXN,2026-05-27 14:36:43.835165+00:00,CALL,470.0,2028-01-21,155690,40,49,0,317.22,REPEATEDHITSDESCENDINGFILL,True,False,False,147910,0,262680082266.0,604,ASK,LONG,1.0
TXN,2026-05-27 14:36:43.835165+00:00,CALL,470.0,2028-01-21,119983,31,80,0,317.22,REPEATEDHITSASCENDINGFILL,False,False,False,119983,0,262680082266.0,604,ASK,LONG,1.0
TXN,2026-05-27 13:45:13.463932+00:00,CALL,390.0,2026-09-18,78000,50,70,47,317.31,REPEATEDHITS,False,False,False,62400,0,262680082266.0,114,ASK,LONG,1.0
TXN,2026-05-26 19:15:00.851545+00:00,CALL,370.0,2026-07-17,60480,64,225,55,323.58,REPEATEDHITS,False,False,False,60480,0,262680082266.0,52,ASK,LONG,1.0
TXN,2026-05-26 15:07:52.767736+00:00,CALL,330.0,2026-09-18,795600,221,225,199,323.665,REPEATEDHITS,False,False,False,795600,0,262680082266.0,115,ASK,LONG,1.0
TXN,2026-05-26 14:38:53.771627+00:00,CALL,350.0,2026-07-17,699155,460,510,316,326.3774,REPEATEDHITSDESCENDINGFILL,False,False,False,694625,4530,262680082266.0,52,ASK,LONG,1.0
TXN,2026-05-26 14:14:38.523211+00:00,CALL,355.0,2026-06-18,111930,182,207,9,325.035,REPEATEDHITS,False,False,False,111930,0,262680082266.0,23,ASK,LONG,1.0
TXN,2026-05-26 13:55:11.329974+00:00,CALL,380.0,2026-07-17,136982,200,200,124,323.54,REPEATEDHITSDESCENDINGFILL,False,False,False,136982,0,262680082266.0,52,ASK,LONG,1.0
TXN,2026-05-26 13:55:11.329974+00:00,CALL,380.0,2026-09-18,57040,31,31,15,323.54,REPEATEDHITS,False,False,False,57040,0,262680082266.0,115,ASK,LONG,1.0
TZA,2026-06-10 17:34:10.001988+00:00,CALL,5.5,2026-07-02,29557,1888,2309,106,4.6198,REPEATEDHITSDESCENDINGFILL,True,False,False,26782,0,241858498.0,22,ASK,LONG,1.0
TZA,2026-05-18 14:44:13.544283+00:00,CALL,5.5,2026-06-12,230000,10000,40239,4434,4.995,REPEATEDHITS,False,False,False,202400,0,241858498.0,25,ASK,LONG,1.0
TZA,2026-05-18 14:17:35.462331+00:00,CALL,5.5,2026-06-12,207753,9893,29937,4434,4.95,REPEATEDHITS,True,False,False,30618,0,241858498.0,25,ASK,LONG,1.0
TZA,2026-05-18 13:59:51.402508+00:00,CALL,5.5,2026-06-12,195460,9773,9773,4434,4.935,REPEATEDHITS,False,False,False,195440,0,241858498.0,25,ASK,LONG,1.0
UAL,2026-06-10 19:25:56.368379+00:00,PUT,96.0,2026-07-02,11522,39,46,4,102.41,REPEATEDHITSDESCENDINGFILL,False,False,False,1492,10030,35582579281.0,22,BID,LONG,0.5
UAL,2026-06-10 18:00:53.969898+00:00,CALL,120.0,2026-07-17,244755,999,2114,653,103.81,REPEATEDHITS,False,False,False,243285,1470,35582579281.0,37,ASK,LONG,1.0
UAL,2026-06-10 17:58:51.159893+00:00,PUT,115.0,2028-01-21,131560,44,44,12,103.72,REPEATEDHITS,False,False,False,77740,53820,35582579281.0,590,ASK,SHORT,1.0
UAL,2026-06-10 17:57:19.651483+00:00,CALL,100.0,2026-06-26,128885,186,198,65,103.37,REPEATEDHITSDESCENDINGFILL,False,False,False,2085,73980,35582579281.0,16,BID,SHORT,0.5
UAL,2026-06-10 16:46:29.305559+00:00,PUT,102.0,2026-07-10,98280,168,168,2,103.18,REPEATEDHITS,False,False,False,98280,0,35582579281.0,30,ASK,SHORT,1.0
UAL,2026-06-09 17:40:04.537733+00:00,PUT,112.0,2026-06-18,17440,32,43,0,109.05,REPEATEDHITS,False,False,False,14170,0,35582579281.0,9,ASK,SHORT,1.0
UAL,2026-06-09 17:39:17.284232+00:00,CALL,114.0,2026-07-02,54590,130,901,82,109.15,REPEATEDHITS,True,False,False,53760,410,35582579281.0,23,ASK,LONG,1.0
UAL,2026-06-09 17:38:09.537778+00:00,CALL,114.0,2026-07-02,101213,247,533,82,109.06,REPEATEDHITSDESCENDINGFILL,True,False,False,90610,10603,35582579281.0,23,ASK,LONG,1.0
UAL,2026-06-09 17:36:22.926965+00:00,CALL,114.0,2026-07-02,43290,111,189,82,108.545,REPEATEDHITS,True,False,False,33930,7410,35582579281.0,23,ASK,LONG,1.0
UAL,2026-06-09 16:41:59.563090+00:00,PUT,106.0,2026-07-24,10870,12,13,0,104.33,REPEATEDHITSASCENDINGFILL,False,False,False,2735,8135,35582579281.0,45,BID,LONG,0.5
UAL,2026-06-09 16:41:59.563090+00:00,PUT,105.0,2026-07-24,10213,12,16,0,104.31,REPEATEDHITS,False,False,False,6798,3415,35582579281.0,45,ASK,SHORT,1.0
UAL,2026-06-09 16:16:28.105456+00:00,PUT,80.0,2026-08-21,88301,532,532,388,105.835,REPEATEDHITSDESCENDINGFILL,False,False,False,88144,157,35582579281.0,73,ASK,SHORT,1.0
UAL,2026-06-09 13:46:26.753132+00:00,CALL,115.0,2026-06-12,30294,374,515,353,110.57,REPEATEDHITS,False,False,False,30294,0,35582579281.0,3,ASK,LONG,1.0
UAL,2026-06-05 17:21:24.419225+00:00,CALL,106.0,2026-06-18,129230,380,515,265,104.58,REPEATEDHITSASCENDINGFILL,False,False,False,345,127505,35582579281.0,13,BID,SHORT,0.5
UAL,2026-06-05 15:50:22.853196+00:00,PUT,120.0,2027-03-19,61410,23,23,2,105.0,REPEATEDHITS,False,False,False,0,61410,35582579281.0,287,BID,LONG,0.5
UAL,2026-06-05 14:58:22.013070+00:00,PUT,110.0,2027-03-19,54541,27,28,7,105.685,REPEATEDHITS,False,False,False,0,48481,35582579281.0,287,BID,LONG,0.5
UAL,2026-06-05 14:53:30.389064+00:00,PUT,97.5,2026-06-18,138880,1120,1121,758,105.86,REPEATEDHITS,True,False,False,0,138880,35582579281.0,13,BID,LONG,0.5
UAL,2026-06-05 14:02:40.780175+00:00,CALL,111.0,2026-06-12,26923,222,247,105,105.88,REPEATEDHITSASCENDINGFILL,True,False,False,12733,14190,35582579281.0,7,BID,SHORT,0.5
UAL,2026-06-03 19:50:28.143600+00:00,CALL,130.0,2026-06-26,12843,257,270,107,105.39,REPEATEDHITSASCENDINGFILL,True,False,False,7168,5675,35582579281.0,23,ASK,LONG,1.0
UAL,2026-06-03 18:01:18.353424+00:00,PUT,98.0,2026-06-12,49470,510,535,50,105.925,REPEATEDHITS,False,False,False,0,49470,35582579281.0,9,BID,LONG,0.5
UAL,2026-06-03 17:09:48.283235+00:00,CALL,106.0,2026-06-18,98919,202,211,79,105.86,REPEATEDHITSDESCENDINGFILL,False,False,False,98919,0,35582579281.0,15,ASK,LONG,1.0
UAL,2026-06-03 17:09:48.283235+00:00,CALL,104.0,2026-06-18,160200,267,267,44,106.15,REPEATEDHITS,False,False,False,160200,0,35582579281.0,15,ASK,LONG,1.0
UAL,2026-06-03 15:57:55.402727+00:00,CALL,108.0,2026-06-12,15822,54,118,27,106.39,REPEATEDHITS,True,False,False,5860,9083,35582579281.0,9,BID,SHORT,0.5
UAL,2026-06-01 16:52:22.824763+00:00,PUT,120.0,2026-06-12,284701,279,281,105,110.57,REPEATEDHITSASCENDINGFILL,False,False,False,0,284701,35582579281.0,11,BID,LONG,0.5
UAL,2026-06-01 16:36:19.292636+00:00,CALL,115.0,2026-11-20,38610,26,156,9,110.155,REPEATEDHITS,False,False,False,0,10395,35582579281.0,172,BID,SHORT,0.5
UAL,2026-05-29 19:01:15.563156+00:00,CALL,118.0,2026-06-05,31925,133,290,30,116.07,REPEATEDHITSASCENDINGFILL,True,False,False,2400,29525,35582579281.0,7,BID,SHORT,0.5
UAL,2026-05-29 18:45:57.612839+00:00,CALL,106.0,2026-05-29,209620,223,273,177,116.05,REPEATEDHITS,False,False,False,0,209620,35582579281.0,0,BID,SHORT,0.5
UAL,2026-05-29 18:45:57.388804+00:00,CALL,117.0,2026-07-02,11565,17,20,0,116.05,REPEATEDHITS,True,False,False,0,11565,35582579281.0,34,BID,SHORT,0.5
UAL,2026-05-29 18:45:57.388804+00:00,PUT,115.0,2026-06-05,16575,56,172,40,116.05,REPEATEDHITS,False,False,False,16280,0,35582579281.0,7,ASK,SHORT,1.0
UAL,2026-05-29 18:45:47.133179+00:00,PUT,116.0,2026-05-29,71754,1104,1249,3,116.11,REPEATEDHITSDESCENDINGFILL,False,False,False,22295,48224,35582579281.0,0,BID,LONG,0.5
UAL,2026-05-29 15:48:11.606669+00:00,PUT,105.0,2026-11-20,306000,300,301,28,116.98,FLOORTRADELARGECAP,False,True,True,306000,0,35582579281.0,175,ASK,SHORT,1.0
UAL,2026-05-29 14:52:32.509493+00:00,PUT,118.0,2026-05-29,133766,846,846,0,116.12,REPEATEDHITSASCENDINGFILL,True,False,False,15582,118184,35582579281.0,0,BID,LONG,0.5
UAL,2026-05-29 14:52:32.509493+00:00,CALL,113.0,2026-06-12,113250,164,240,69,116.12,REPEATEDHITSDESCENDINGFILL,True,False,False,2090,111160,35582579281.0,14,BID,SHORT,0.5
UAL,2026-05-29 14:51:32.559896+00:00,CALL,114.0,2026-06-12,29645,52,54,39,115.57,REPEATEDHITS,False,False,False,29645,0,35582579281.0,14,ASK,LONG,1.0
UAL,2026-05-27 18:38:17.147486+00:00,CALL,115.0,2026-06-05,152828,500,1079,332,112.45,REPEATEDHITSDESCENDINGFILL,False,False,False,152828,0,35582579281.0,9,ASK,LONG,1.0
UAL,2026-05-27 17:56:06.034511+00:00,PUT,115.0,2026-11-20,28815,17,19,1,113.145,REPEATEDHITS,False,False,False,1695,27120,35582579281.0,177,BID,LONG,0.5
UAL,2026-05-27 17:41:49.882958+00:00,CALL,116.0,2026-05-29,63363,576,828,82,112.76,REPEATEDHITS,False,False,False,5280,57750,35582579281.0,2,BID,SHORT,0.5
UAL,2026-05-27 16:15:56.002814+00:00,PUT,116.0,2026-06-05,18400,32,51,14,113.55,REPEATEDHITS,False,False,False,12650,2300,35582579281.0,9,ASK,SHORT,1.0
UAL,2026-05-27 16:14:32.670045+00:00,CALL,114.0,2026-05-29,32480,140,649,90,113.54,REPEATEDHITS,False,False,False,0,32480,35582579281.0,2,BID,SHORT,0.5
UAL,2026-05-27 16:04:20.085454+00:00,CALL,109.0,2026-05-29,111169,239,459,93,112.5001,REPEATEDHITSASCENDINGFILL,False,False,False,21875,89294,35582579281.0,2,BID,SHORT,0.5
UAL,2026-05-27 15:43:36.208233+00:00,PUT,113.0,2026-06-12,18135,31,31,0,112.44,REPEATEDHITS,False,False,False,18135,0,35582579281.0,16,ASK,SHORT,1.0
UAL,2026-05-27 15:38:58.887880+00:00,PUT,87.5,2028-01-21,384188,281,283,91,113.45,REPEATEDHITSASCENDINGFILL,True,False,False,151213,232975,35582579281.0,604,BID,LONG,0.5
UAL,2026-05-27 15:07:53.233210+00:00,PUT,92.5,2026-11-20,18070,26,31,19,112.98,REPEATEDHITS,False,False,False,4170,13900,35582579281.0,177,BID,LONG,0.5
UAL,2026-05-27 14:38:16.155798+00:00,PUT,115.0,2026-08-21,120650,95,140,3,113.54,REPEATEDHITS,False,False,False,0,120650,35582579281.0,86,BID,LONG,0.5
UAL,2026-05-27 14:01:22.490178+00:00,CALL,114.0,2026-06-05,50600,110,198,14,113.855,REPEATEDHITS,False,False,False,0,50600,35582579281.0,9,BID,SHORT,0.5
UAL,2026-05-26 17:05:09.748306+00:00,PUT,105.0,2026-06-12,18900,36,51,12,105.49,REPEATEDHITS,False,False,False,5775,13125,35582579281.0,17,BID,LONG,0.5
UAL,2026-05-26 14:48:42.657388+00:00,CALL,113.0,2026-06-05,102588,498,508,64,106.26,REPEATEDHITS,False,False,False,36050,66538,35582579281.0,10,BID,SHORT,0.5
UAL,2026-05-26 14:41:02.277399+00:00,CALL,109.0,2026-06-05,169885,557,660,390,105.9,REPEATEDHITS,False,False,False,23485,146400,35582579281.0,10,BID,SHORT,0.5
UAL,2026-05-26 14:21:17.577826+00:00,PUT,92.5,2026-08-21,90620,171,186,116,105.46,REPEATEDHITS,False,False,False,90620,0,35582579281.0,87,ASK,SHORT,1.0
UAL,2026-05-22 17:29:47.193585+00:00,CALL,87.5,2026-09-18,257300,124,124,50,100.71,REPEATEDHITS,False,False,False,257300,0,35582579281.0,119,ASK,LONG,1.0
UNH,2026-06-10 18:00:13.477011+00:00,PUT,415.0,2026-06-12,321161,318,342,157,406.12,REPEATEDHITSDESCENDINGFILL,False,False,False,321161,0,375063638852.0,2,ASK,SHORT,1.0
UNH,2026-06-10 16:46:56.336368+00:00,PUT,450.0,2028-12-15,317118,32,37,3,407.24,REPEATEDHITSASCENDINGFILL,False,False,False,317118,0,375063638852.0,919,ASK,SHORT,1.0
UNH,2026-06-10 15:15:52.196080+00:00,CALL,412.5,2026-06-18,210168,452,577,176,407.99,REPEATEDHITSDESCENDINGFILL,False,False,False,210168,0,375063638852.0,8,ASK,LONG,1.0
UNH,2026-06-10 14:49:37.291395+00:00,PUT,410.0,2026-06-12,279682,437,795,327,406.29,REPEATEDHITS,False,False,False,0,279682,375063638852.0,2,BID,LONG,0.5
UNH,2026-06-09 17:57:31.433407+00:00,PUT,395.0,2026-06-18,105490,385,487,178,412.165,REPEATEDHITS,False,False,False,12878,92612,375063638852.0,9,BID,LONG,0.5
UNH,2026-06-09 14:58:57.279665+00:00,PUT,407.5,2026-06-12,159440,412,591,31,411.65,REPEATEDHITSASCENDINGFILL,False,False,False,35855,123585,375063638852.0,3,BID,LONG,0.5
UNH,2026-06-08 19:01:12.625462+00:00,PUT,415.0,2026-07-10,723950,362,392,0,406.18,REPEATEDHITSDESCENDINGFILL,False,False,False,645995,60000,375063638852.0,32,ASK,SHORT,1.0
UNH,2026-06-08 18:17:27.072214+00:00,CALL,520.0,2027-09-17,466260,152,352,54,404.71,REPEATEDHITSASCENDINGFILL,True,False,False,417215,49045,375063638852.0,466,ASK,LONG,1.0
UNH,2026-06-08 15:48:51.200627+00:00,CALL,420.0,2026-06-26,135748,292,326,135,404.41,REPEATEDHITSDESCENDINGFILL,False,False,False,124153,7875,375063638852.0,18,ASK,LONG,1.0
UNH,2026-06-08 15:08:55.742605+00:00,PUT,387.5,2026-06-18,60376,175,203,149,402.975,REPEATEDHITS,False,False,False,10695,49681,375063638852.0,10,BID,LONG,0.5
UNH,2026-06-05 18:59:48.337126+00:00,CALL,415.0,2026-07-10,171130,230,265,39,399.39,REPEATEDHITSASCENDINGFILL,False,False,False,39670,107300,375063638852.0,35,BID,SHORT,0.5
UNH,2026-06-05 17:21:49.848235+00:00,PUT,390.0,2026-07-10,84920,88,93,22,402.55,REPEATEDHITSASCENDINGFILL,True,False,False,43855,41065,375063638852.0,35,ASK,SHORT,1.0
UNH,2026-06-05 17:21:49.848235+00:00,PUT,385.0,2026-07-10,158000,200,222,3,402.41,REPEATEDHITS,True,False,False,0,158000,375063638852.0,35,BID,LONG,0.5
UNH,2026-06-05 16:00:10.096535+00:00,PUT,402.5,2026-06-05,90372,443,527,41,401.75,REPEATEDHITS,False,False,False,90372,0,375063638852.0,0,ASK,SHORT,1.0
UNH,2026-06-04 19:56:59.094413+00:00,CALL,407.5,2026-06-12,167750,550,4141,149,396.73,REPEATEDHITS,False,False,False,80825,67100,375063638852.0,8,ASK,LONG,1.0
UNH,2026-06-04 19:42:38.688832+00:00,CALL,407.5,2026-06-12,108540,324,1708,149,397.735,REPEATEDHITS,False,False,False,0,108540,375063638852.0,8,BID,SHORT,0.5
UNH,2026-06-04 19:27:16.671197+00:00,CALL,407.5,2026-06-12,85215,247,895,149,398.345,REPEATEDHITS,False,False,False,17250,67965,375063638852.0,8,BID,SHORT,0.5
UNH,2026-06-04 19:26:09.187150+00:00,CALL,407.5,2026-06-12,150750,450,576,149,398.261,REPEATEDHITS,False,False,False,134000,16750,375063638852.0,8,ASK,LONG,1.0
UNH,2026-06-04 19:02:06.199923+00:00,PUT,400.0,2026-07-02,290992,194,217,1,396.3,REPEATEDHITSDESCENDINGFILL,True,False,False,259497,31495,375063638852.0,28,ASK,SHORT,1.0
UNH,2026-06-02 14:45:30.832578+00:00,PUT,370.0,2026-06-12,212076,511,1162,390,378.72,REPEATEDHITSASCENDINGFILL,True,False,False,415,193816,375063638852.0,10,BID,LONG,0.5
UNH,2026-06-01 14:13:05.403851+00:00,CALL,372.5,2026-06-05,518146,430,431,11,382.0,REPEATEDHITS,False,False,False,518146,0,375063638852.0,4,ASK,LONG,1.0
UNH,2026-05-29 16:39:43.767106+00:00,CALL,377.5,2026-05-29,68068,374,1234,298,378.57,REPEATEDHITS,False,False,False,0,68068,375063638852.0,0,BID,SHORT,0.5
UNH,2026-05-29 15:49:06.729553+00:00,CALL,500.0,2026-11-20,75600,135,136,101,376.83,REPEATEDHITS,True,False,False,0,61040,375063638852.0,175,BID,SHORT,0.5
UNH,2026-05-27 17:08:57.350560+00:00,CALL,390.0,2026-06-05,324000,900,2275,249,381.445,REPEATEDHITS,True,False,False,324000,0,375063638852.0,9,ASK,LONG,1.0
UNH,2026-05-27 15:29:17.899418+00:00,CALL,390.0,2026-06-05,126800,285,1317,249,383.42,REPEATEDHITSDESCENDINGFILL,False,False,False,115250,6210,375063638852.0,9,ASK,LONG,1.0
UNH,2026-05-26 19:30:03.226475+00:00,CALL,387.5,2026-05-29,85008,616,984,231,379.46,REPEATEDHITS,False,False,False,47196,37812,375063638852.0,3,ASK,LONG,1.0
UNH,2026-05-26 17:02:50.998121+00:00,PUT,372.5,2026-06-18,161085,184,190,115,377.28,REPEATEDHITS,False,False,False,38585,122500,375063638852.0,23,BID,LONG,0.5
UNH,2026-05-26 16:58:26.255083+00:00,CALL,385.0,2026-06-05,206652,504,610,158,377.15,REPEATEDHITS,False,False,False,0,206242,375063638852.0,10,BID,SHORT,0.5
UNH,2026-05-22 15:49:59.224041+00:00,PUT,392.5,2026-05-22,131571,387,394,5,389.45,REPEATEDHITSDESCENDINGFILL,False,False,False,131571,0,375063638852.0,0,ASK,SHORT,1.0
UNH,2026-05-21 17:27:04.274715+00:00,PUT,392.5,2026-06-05,284998,228,228,1,384.1887,REPEATEDHITS,False,False,False,284998,0,375063638852.0,15,ASK,SHORT,1.0
UNH,2026-05-20 18:11:33.644024+00:00,CALL,387.5,2026-05-22,88410,421,842,212,383.09,REPEATEDHITS,False,False,False,0,82320,375063638852.0,2,BID,SHORT,0.5
UNH,2026-05-20 14:39:58.355271+00:00,PUT,400.0,2026-05-22,515263,456,786,116,389.53,REPEATEDHITSDESCENDINGFILL,False,False,False,515263,0,375063638852.0,2,ASK,SHORT,1.0
UNH,2026-05-20 13:55:51.031066+00:00,PUT,400.0,2026-05-22,336815,327,330,116,390.4,REPEATEDHITSASCENDINGFILL,False,False,False,0,336815,375063638852.0,2,BID,LONG,0.5
UNH,2026-05-19 17:51:39.315931+00:00,CALL,395.0,2026-06-18,140625,125,289,102,392.18,REPEATEDHITS,False,False,False,20250,104625,375063638852.0,30,BID,SHORT,0.5
UNH,2026-05-19 16:49:24.378404+00:00,CALL,392.5,2026-05-29,479005,595,1153,144,393.725,REPEATEDHITSASCENDINGFILL,True,False,False,815,478190,375063638852.0,10,BID,SHORT,0.5
UNH,2026-05-18 18:50:19.123763+00:00,CALL,580.0,2028-12-15,50625,15,36,0,387.24,REPEATEDHITS,False,False,False,0,50625,375063638852.0,942,BID,SHORT,0.5
UNH,2026-05-18 18:15:04.144012+00:00,CALL,417.5,2026-06-18,77911,265,266,0,386.685,REPEATEDHITS,False,False,False,3529,74382,375063638852.0,31,BID,SHORT,0.5
UNH,2026-05-18 17:23:55.755325+00:00,CALL,385.0,2026-06-18,67200,48,92,0,386.895,REPEATEDHITS,True,False,False,0,67200,375063638852.0,31,BID,SHORT,0.5
UNH,2026-05-18 17:12:02.928299+00:00,PUT,360.0,2026-05-29,55648,592,634,371,387.32,REPEATEDHITS,True,False,False,6298,48316,375063638852.0,11,BID,LONG,0.5
UNH,2026-05-18 16:13:42.192182+00:00,PUT,210.0,2028-12-15,246745,182,512,124,386.84,REPEATEDHITSASCENDINGFILL,False,False,False,147940,29700,375063638852.0,942,ASK,SHORT,1.0
UNH,2026-05-18 16:13:32.781428+00:00,PUT,210.0,2028-12-15,306490,229,229,124,386.75,REPEATEDHITSDESCENDINGFILL,False,False,False,160695,144460,375063638852.0,942,ASK,SHORT,1.0
UNH,2026-05-18 14:45:47.078120+00:00,PUT,390.0,2026-05-29,340373,370,398,165,387.37,REPEATEDHITSDESCENDINGFILL,False,False,False,340373,0,375063638852.0,11,ASK,SHORT,1.0
UNH,2026-05-18 13:47:22.797993+00:00,CALL,375.0,2026-05-22,604660,478,496,282,384.505,REPEATEDHITSDESCENDINGFILL,False,False,False,604660,0,375063638852.0,4,ASK,LONG,1.0
UNH,2026-05-15 18:50:09.959832+00:00,CALL,580.0,2028-01-21,60200,29,29,0,391.215,REPEATEDHITSDESCENDINGFILL,False,False,False,54065,6135,375063638852.0,616,ASK,LONG,1.0
UNH,2026-05-15 17:56:42.291561+00:00,PUT,450.0,2026-05-22,139440,24,44,0,391.91,REPEATEDHITS,False,False,False,139440,0,375063638852.0,7,ASK,SHORT,1.0
UNH,2026-05-14 19:14:13.153462+00:00,PUT,405.0,2026-05-22,103785,111,1165,21,400.325,REPEATEDHITS,False,False,False,103785,0,375063638852.0,8,ASK,SHORT,1.0
UNH,2026-05-14 18:21:12.116034+00:00,PUT,400.0,2026-05-15,95060,388,599,298,401.15,REPEATEDHITS,False,False,False,95060,0,375063638852.0,1,ASK,SHORT,1.0
UNH,2026-05-14 15:36:51.406787+00:00,PUT,397.5,2026-05-15,88038,402,527,125,399.74,REPEATEDHITS,False,False,False,88038,0,375063638852.0,1,ASK,SHORT,1.0
UNH,2026-05-14 13:35:54.729501+00:00,CALL,420.0,2026-06-12,176000,400,400,50,396.37,REPEATEDHITS,False,False,False,0,176000,375063638852.0,29,BID,SHORT,0.5
UNH,2026-05-13 19:02:23.995742+00:00,CALL,400.0,2026-06-05,492320,362,495,323,402.11,REPEATEDHITS,False,False,False,0,478720,375063638852.0,23,BID,SHORT,0.5
UPRO,2026-06-10 18:04:15.193913+00:00,PUT,133.0,2026-06-18,18060,42,48,16,134.06,REPEATEDHITS,True,False,False,0,18060,137.4458,8,BID,LONG,0.5
UPRO,2026-06-10 13:46:11.421085+00:00,PUT,125.0,2026-07-10,10530,27,27,22,136.72,REPEATEDHITS,True,False,False,0,10530,137.4458,30,BID,LONG,0.5
UPRO,2026-06-09 19:40:14.966095+00:00,PUT,137.0,2026-06-18,13570,23,41,8,135.145,REPEATEDHITS,True,False,False,13570,0,137.4458,9,ASK,SHORT,1.0
UPRO,2026-06-09 19:15:24.599198+00:00,PUT,152.0,2026-06-18,109210,67,67,14,136.06,REPEATEDHITS,True,False,False,109210,0,137.4458,9,ASK,SHORT,1.0
UPRO,2026-06-09 17:46:50.380881+00:00,PUT,146.0,2026-06-26,78090,57,57,37,134.44,REPEATEDHITS,False,False,False,78090,0,137.4458,17,ASK,SHORT,1.0
UPRO,2026-06-09 17:02:42.267608+00:00,PUT,129.0,2026-06-18,27212,68,73,45,131.4181,REPEATEDHITS,True,False,False,0,27212,137.4458,9,BID,LONG,0.5
UPRO,2026-06-09 17:02:39.060149+00:00,PUT,132.0,2026-06-18,26020,50,50,25,131.4181,REPEATEDHITSASCENDINGFILL,True,False,False,530,25490,137.4458,9,BID,LONG,0.5
UPRO,2026-06-09 17:02:36.657199+00:00,PUT,134.0,2026-06-18,71300,115,118,6,131.4181,REPEATEDHITS,True,False,False,0,71300,137.4458,9,BID,LONG,0.5
UPRO,2026-06-09 16:20:20.796831+00:00,PUT,124.5,2026-06-12,13295,76,76,16,130.705,REPEATEDHITS,True,False,False,13295,0,137.4458,3,ASK,SHORT,1.0
UPRO,2026-06-09 13:56:32.251693+00:00,PUT,155.0,2026-06-26,318049,224,229,54,141.858,REPEATEDHITS,True,False,False,318049,0,137.4458,17,ASK,SHORT,1.0
UPRO,2026-06-05 19:39:37.040102+00:00,PUT,138.0,2026-06-12,28860,74,246,33,138.25,REPEATEDHITS,False,False,False,0,28860,137.4458,7,BID,LONG,0.5
UPRO,2026-06-05 17:40:46.953996+00:00,PUT,143.0,2026-06-18,62222,122,137,14,142.2,REPEATEDHITSDESCENDINGFILL,True,False,False,0,61202,137.4458,13,BID,LONG,0.5
UPRO,2026-06-05 13:39:14.108176+00:00,PUT,151.0,2026-06-12,25620,42,42,12,145.77,REPEATEDHITS,True,False,False,25620,0,137.4458,7,ASK,SHORT,1.0
UPRO,2026-06-03 18:26:04.163220+00:00,CALL,156.0,2026-06-12,12948,185,186,6,148.64,REPEATEDHITS,True,False,False,12948,0,137.4458,9,ASK,LONG,1.0
UPRO,2026-06-02 14:17:26.471613+00:00,CALL,151.0,2026-06-05,60885,369,374,65,150.06,REPEATEDHITS,True,False,False,165,60720,137.4458,3,BID,SHORT,0.5
UPRO,2026-06-01 16:53:14.999087+00:00,PUT,140.0,2026-06-26,93515,317,321,96,149.8,REPEATEDHITS,False,False,False,0,93515,137.4458,25,BID,LONG,0.5
UPRO,2026-06-01 16:51:23.531847+00:00,PUT,139.0,2026-06-12,28666,273,295,10,149.59,REPEATEDHITS,True,False,False,0,28666,137.4458,11,BID,LONG,0.5
UPRO,2026-06-01 16:51:23.531847+00:00,PUT,136.0,2026-06-18,15225,105,105,27,149.59,REPEATEDHITS,True,False,False,0,15225,137.4458,17,BID,LONG,0.5
UPRO,2026-05-28 19:41:15.540066+00:00,CALL,148.0,2026-07-17,179403,195,202,8,148.39,REPEATEDHITSASCENDINGFILL,True,False,False,0,179403,137.4458,50,BID,SHORT,0.5
UPRO,2026-05-26 17:28:42.823328+00:00,PUT,145.0,2026-05-29,23030,98,1386,12,144.86,REPEATEDHITS,False,False,False,0,23030,137.4458,3,BID,LONG,0.5
UPRO,2026-05-26 13:37:08.884939+00:00,PUT,143.0,2026-05-29,16416,108,205,21,145.32,REPEATEDHITS,False,False,False,0,16416,137.4458,3,BID,LONG,0.5
UPRO,2026-05-19 19:25:06.691920+00:00,CALL,136.0,2026-05-22,13340,43,47,12,136.9099,REPEATEDHITS,True,False,False,0,13340,137.4458,3,BID,SHORT,0.5
UPRO,2026-05-18 17:16:27.054184+00:00,PUT,134.0,2026-05-29,36720,136,180,5,138.55,REPEATEDHITS,True,False,False,0,36720,137.4458,11,BID,LONG,0.5
UPRO,2026-05-14 16:45:41.345920+00:00,PUT,140.0,2026-06-18,357210,567,569,17,144.81,REPEATEDHITS,False,False,False,357210,0,137.4458,35,ASK,SHORT,1.0
UPRO,2026-05-13 16:07:52.595571+00:00,PUT,133.0,2026-05-29,22360,86,97,14,140.64,REPEATEDHITS,False,False,False,0,22360,137.4458,16,BID,LONG,0.5
URA,2026-06-10 18:22:08.435165+00:00,CALL,50.0,2026-07-17,264780,2942,13266,1503,42.78,REPEATEDHITS,True,False,False,237240,0,2922340149.0,37,ASK,LONG,1.0
URA,2026-06-10 17:59:24.196086+00:00,CALL,50.0,2026-07-17,284999,3000,3074,1503,42.99,REPEATEDHITS,False,False,False,284999,0,2922340149.0,37,ASK,LONG,1.0
URA,2026-06-10 15:01:09.362693+00:00,PUT,40.0,2026-07-17,125570,866,1328,453,43.22,REPEATEDHITS,False,False,False,67715,0,2922340149.0,37,ASK,SHORT,1.0
URA,2026-06-09 17:09:01.196160+00:00,PUT,43.5,2026-06-12,58300,530,1015,8,43.46,REPEATEDHITS,True,False,False,0,58300,2922340149.0,3,BID,LONG,0.5
URA,2026-06-05 18:05:08.933470+00:00,PUT,42.0,2026-07-17,37800,270,10075,205,45.71,REPEATEDHITS,False,False,False,0,37800,2922340149.0,42,BID,LONG,0.5
URA,2026-06-05 18:05:07.524081+00:00,PUT,42.0,2026-07-17,389016,2729,9805,205,45.69,REPEATEDHITSDESCENDINGFILL,False,False,False,219385,168431,2922340149.0,42,ASK,SHORT,1.0
URA,2026-06-05 18:05:07.524081+00:00,PUT,42.0,2026-07-17,99327,683,7076,205,45.67,REPEATEDHITSDESCENDINGFILL,False,False,False,150,91077,2922340149.0,42,BID,LONG,0.5
URA,2026-06-05 18:05:05.518744+00:00,PUT,42.0,2026-07-17,125700,838,6393,205,45.66,REPEATEDHITS,False,False,False,43350,0,2922340149.0,42,ASK,SHORT,1.0
URA,2026-06-05 18:04:54.696558+00:00,PUT,42.0,2026-07-17,63900,426,5553,205,45.69,REPEATEDHITS,False,False,False,2250,40200,2922340149.0,42,BID,LONG,0.5
URA,2026-06-05 17:13:55.981865+00:00,PUT,43.0,2026-06-26,20145,192,225,16,45.92,REPEATEDHITSDESCENDINGFILL,False,False,False,20145,0,2922340149.0,21,ASK,SHORT,1.0
URA,2026-06-05 16:32:10.522580+00:00,PUT,46.0,2026-06-05,10675,305,342,125,46.2,REPEATEDHITS,False,False,False,10675,0,2922340149.0,0,ASK,SHORT,1.0
URA,2026-06-05 14:17:31.585723+00:00,CALL,62.0,2026-10-16,22422,100,100,16,47.31,REPEATEDHITSDESCENDINGFILL,False,False,False,0,22422,2922340149.0,133,BID,SHORT,0.5
URA,2026-06-05 14:16:17.029832+00:00,CALL,63.0,2026-10-16,21043,100,100,36,47.4,REPEATEDHITSDESCENDINGFILL,False,False,False,0,21043,2922340149.0,133,BID,SHORT,0.5
URA,2026-06-05 13:59:57.597207+00:00,PUT,42.0,2026-07-17,550000,5000,5000,205,47.12,LOWHISTORICVOLUMEFLOOR,False,True,True,550000,0,2922340149.0,42,ASK,SHORT,1.0
URA,2026-06-03 13:52:22.522988+00:00,PUT,52.0,2026-06-05,27000,180,290,59,51.19,REPEATEDHITS,True,False,False,4500,22500,2922340149.0,2,BID,LONG,0.5
URA,2026-06-03 13:50:19.774801+00:00,PUT,50.5,2026-06-26,29250,117,117,14,50.8,REPEATEDHITS,True,False,False,29250,0,2922340149.0,23,ASK,SHORT,1.0
URA,2026-06-02 18:01:09.915205+00:00,CALL,52.5,2026-06-05,96290,714,830,392,52.76,REPEATEDHITSASCENDINGFILL,True,False,False,1330,94960,2922340149.0,3,BID,SHORT,0.5
URA,2026-06-02 16:03:53.059427+00:00,PUT,52.0,2026-06-12,30950,230,232,20,53.28,REPEATEDHITS,False,False,False,0,30950,2922340149.0,10,BID,LONG,0.5
URA,2026-06-02 13:46:41.166920+00:00,CALL,50.0,2026-06-26,31080,84,84,38,51.61,REPEATEDHITS,True,False,False,740,30340,2922340149.0,24,BID,SHORT,0.5
URA,2026-06-01 18:18:48.004668+00:00,PUT,51.0,2026-06-05,21600,180,686,99,51.045,REPEATEDHITS,False,False,False,0,0,2922340149.0,4,MIXED,,0.0
URA,2026-06-01 17:52:55.920618+00:00,PUT,51.0,2026-06-05,37500,300,306,99,50.801,REPEATEDHITS,False,False,False,0,0,2922340149.0,4,MIXED,,0.0
URA,2026-05-29 19:39:33.036291+00:00,CALL,52.5,2026-06-05,15975,213,298,54,50.735,REPEATEDHITS,False,False,False,0,15975,2922340149.0,7,BID,SHORT,0.5
URA,2026-05-29 19:20:13.641211+00:00,CALL,52.5,2026-06-18,15675,95,100,24,50.615,REPEATEDHITS,True,False,False,0,15675,2922340149.0,20,BID,SHORT,0.5
URA,2026-05-29 14:45:55.476247+00:00,PUT,46.0,2026-10-16,13530,33,33,25,49.6286,REPEATEDHITS,False,False,False,820,0,2922340149.0,140,ASK,SHORT,1.0
URA,2026-05-28 18:32:28.679594+00:00,CALL,51.0,2026-05-29,22002,400,541,256,50.7526,REPEATEDHITS,True,False,False,0,22002,2922340149.0,1,BID,SHORT,0.5
URA,2026-05-28 13:43:44.960967+00:00,CALL,49.0,2026-05-29,48000,600,1500,242,49.09,REPEATEDHITS,True,False,False,0,48000,2922340149.0,1,BID,SHORT,0.5
URA,2026-05-27 18:25:53.179377+00:00,PUT,51.0,2026-05-29,62500,500,1006,85,50.35,REPEATEDHITS,True,False,False,0,62500,2922340149.0,2,BID,LONG,0.5
URA,2026-05-27 17:22:32.317643+00:00,PUT,51.0,2026-05-29,65046,500,506,85,50.3,REPEATEDHITSASCENDINGFILL,True,False,False,0,65046,2922340149.0,2,BID,LONG,0.5
URA,2026-05-26 14:16:08.903079+00:00,CALL,51.0,2026-06-26,15040,47,47,12,50.91,REPEATEDHITS,True,False,False,14080,0,2922340149.0,31,ASK,LONG,1.0
URA,2026-05-22 15:15:02.146179+00:00,CALL,49.0,2026-05-22,33200,830,838,92,49.01,REPEATEDHITS,True,False,False,0,33200,2922340149.0,0,BID,SHORT,0.5
URA,2026-05-19 18:00:09.643101+00:00,PUT,40.0,2026-07-17,10503,100,135,81,47.335,REPEATEDHITS,True,False,False,0,10503,2922340149.0,59,BID,LONG,0.5
URA,2026-05-15 18:04:26.648146+00:00,CALL,57.0,2026-06-12,10500,100,100,46,50.28,REPEATEDHITS,False,False,False,10500,0,2922340149.0,28,ASK,LONG,1.0
URA,2026-05-14 17:37:32.666101+00:00,CALL,52.5,2026-05-15,32565,501,509,289,52.38,REPEATEDHITS,False,False,False,32565,0,2922340149.0,1,ASK,LONG,1.0
URA,2026-05-14 15:31:22.575274+00:00,PUT,52.0,2026-05-22,30535,197,277,124,52.305,REPEATEDHITS,True,False,False,5115,22320,2922340149.0,8,BID,LONG,0.5
URA,2026-05-12 18:06:46.976538+00:00,PUT,54.5,2026-05-15,70000,500,504,89,54.1,REPEATEDHITS,False,False,False,0,0,2922340149.0,3,MIXED,,0.0
URA,2026-05-12 15:25:05.562830+00:00,PUT,50.0,2026-05-22,17510,206,213,144,52.95,REPEATEDHITS,False,False,False,17510,0,2922340149.0,10,ASK,SHORT,1.0
URA,2026-05-12 13:52:35.012660+00:00,CALL,55.0,2026-05-22,40000,200,233,69,54.88,REPEATEDHITS,False,False,False,0,40000,2922340149.0,10,BID,SHORT,0.5
USO,2026-06-10 18:28:33.882804+00:00,CALL,138.0,2026-06-26,48562,97,111,68,134.06,REPEATEDHITSASCENDINGFILL,True,False,False,0,48562,1228364647.0,16,BID,SHORT,0.5
USO,2026-06-10 18:02:14.858252+00:00,CALL,139.0,2026-06-18,97255,286,766,179,135.125,REPEATEDHITS,True,False,False,0,97255,1228364647.0,8,BID,SHORT,0.5
USO,2026-06-10 17:59:24.196086+00:00,CALL,139.0,2026-06-18,71740,211,479,179,135.2348,REPEATEDHITS,True,False,False,0,71740,1228364647.0,8,BID,SHORT,0.5
USO,2026-06-10 17:58:57.164197+00:00,CALL,136.0,2026-06-26,271188,427,436,371,135.33,REPEATEDHITSASCENDINGFILL,True,False,False,0,271188,1228364647.0,16,BID,SHORT,0.5
USO,2026-06-10 17:50:38.408387+00:00,CALL,136.0,2026-06-10,93867,1514,5129,944,136.02,REPEATEDHITS,False,False,False,93867,0,1228364647.0,0,ASK,LONG,1.0
USO,2026-06-10 17:18:45.812729+00:00,CALL,139.0,2026-06-18,91250,250,262,179,135.75,REPEATEDHITS,True,False,False,91250,0,1228364647.0,8,ASK,LONG,1.0
USO,2026-06-09 16:38:15.564173+00:00,CALL,129.0,2026-06-10,117804,630,718,73,128.88,REPEATEDHITS,False,False,False,117804,0,1228364647.0,1,ASK,LONG,1.0
USO,2026-06-09 16:38:15.564173+00:00,CALL,127.0,2026-06-10,70800,236,256,79,128.86,REPEATEDHITS,False,False,False,70800,0,1228364647.0,1,ASK,LONG,1.0
USO,2026-06-09 16:38:12.750126+00:00,PUT,130.5,2026-06-18,19190,38,80,14,128.75,REPEATEDHITS,False,False,False,0,19190,1228364647.0,9,BID,LONG,0.5
USO,2026-06-09 16:36:26.957738+00:00,CALL,128.5,2026-06-18,46026,100,100,0,128.75,REPEATEDHITS,False,False,False,25440,20586,1228364647.0,9,ASK,LONG,1.0
USO,2026-06-09 15:51:20.862157+00:00,CALL,134.0,2026-07-24,52930,67,247,50,129.939,REPEATEDHITS,True,False,False,0,52930,1228364647.0,45,BID,SHORT,0.5
USO,2026-06-09 14:42:54.365353+00:00,CALL,118.0,2026-07-02,66805,45,45,11,130.97,REPEATEDHITSDESCENDINGFILL,True,False,False,65335,1470,1228364647.0,23,ASK,LONG,1.0
USO,2026-06-09 14:01:30.006033+00:00,PUT,115.0,2026-07-24,42882,154,156,132,130.35,REPEATEDHITSDESCENDINGFILL,True,False,False,22477,20405,1228364647.0,45,ASK,SHORT,1.0
USO,2026-06-09 14:01:30.006033+00:00,PUT,120.0,2026-07-24,151510,347,366,114,130.2975,REPEATEDHITSDESCENDINGFILL,True,False,False,90025,61485,1228364647.0,45,ASK,SHORT,1.0
USO,2026-06-08 19:26:20.803569+00:00,PUT,134.0,2026-07-02,119516,177,186,45,135.275,REPEATEDHITSASCENDINGFILL,True,False,False,0,119516,1228364647.0,24,BID,LONG,0.5
USO,2026-06-08 17:59:36.369756+00:00,CALL,118.0,2026-07-02,18650,10,10,2,135.21,REPEATEDHITS,False,False,False,18650,0,1228364647.0,24,ASK,LONG,1.0
USO,2026-06-05 18:15:12.372367+00:00,PUT,130.0,2026-07-24,18936,22,60,6,133.0,REPEATEDHITSDESCENDINGFILL,True,False,False,1724,17212,1228364647.0,49,BID,LONG,0.5
USO,2026-06-05 18:05:08.933470+00:00,CALL,140.0,2026-07-24,16225,20,158,12,132.6099,REPEATEDHITSASCENDINGFILL,True,False,False,1630,13780,1228364647.0,49,BID,SHORT,0.5
USO,2026-06-05 18:05:08.933470+00:00,CALL,140.0,2026-07-24,76950,95,253,12,132.59,REPEATEDHITS,True,False,False,1620,75330,1228364647.0,49,BID,SHORT,0.5
USO,2026-06-05 17:41:00.178199+00:00,PUT,142.0,2026-07-10,14956,10,16,1,132.925,REPEATEDHITSDESCENDINGFILL,True,False,False,0,14956,1228364647.0,35,BID,LONG,0.5
USO,2026-06-05 17:40:43.146909+00:00,PUT,136.0,2026-07-10,22575,21,23,20,132.86,REPEATEDHITS,True,False,False,0,22575,1228364647.0,35,BID,LONG,0.5
USO,2026-06-05 17:10:37.112509+00:00,CALL,127.0,2026-07-24,174237,132,132,0,132.545,REPEATEDHITS,True,False,False,172917,0,1228364647.0,49,ASK,LONG,1.0
USO,2026-06-05 16:59:38.867685+00:00,CALL,126.0,2026-07-02,136718,121,143,4,132.66,REPEATEDHITSDESCENDINGFILL,True,False,False,129943,6775,1228364647.0,27,ASK,LONG,1.0
USO,2026-06-05 16:55:52.013132+00:00,CALL,125.0,2026-06-26,382320,354,355,66,132.48,REPEATEDHITS,True,False,False,382320,0,1228364647.0,21,ASK,LONG,1.0
USO,2026-06-05 16:50:17.056382+00:00,CALL,140.0,2026-07-24,20630,26,35,12,132.459,REPEATEDHITSASCENDINGFILL,True,False,False,0,20630,1228364647.0,49,BID,SHORT,0.5
USO,2026-06-05 16:25:23.860859+00:00,PUT,147.0,2026-07-10,463762,248,258,0,132.8582,REPEATEDHITS,True,False,False,18700,445062,1228364647.0,35,BID,LONG,0.5
USO,2026-06-05 16:15:40.181547+00:00,CALL,123.0,2026-06-26,33140,26,26,3,133.2402,REPEATEDHITS,True,False,False,31865,0,1228364647.0,21,ASK,LONG,1.0
USO,2026-06-05 15:41:48.107555+00:00,CALL,126.0,2026-06-26,10858,10,23,8,133.48,REPEATEDHITS,False,False,False,6518,4340,1228364647.0,21,ASK,LONG,1.0
USO,2026-06-05 15:33:33.298610+00:00,PUT,124.0,2026-07-24,11395,20,81,0,133.65,REPEATEDHITSASCENDINGFILL,True,False,False,11395,0,1228364647.0,49,ASK,SHORT,1.0
USO,2026-06-05 15:33:33.298610+00:00,PUT,125.0,2026-07-24,33700,54,99,0,133.65,REPEATEDHITSDESCENDINGFILL,True,False,False,32490,1210,1228364647.0,49,ASK,SHORT,1.0
USO,2026-06-05 15:30:56.417991+00:00,PUT,124.0,2026-07-24,11990,21,36,0,133.63,REPEATEDHITSASCENDINGFILL,True,False,False,7430,4560,1228364647.0,49,ASK,SHORT,1.0
USO,2026-06-05 15:30:56.417991+00:00,PUT,128.0,2026-07-24,41400,55,183,0,133.63,REPEATEDHITSDESCENDINGFILL,True,False,False,21285,20115,1228364647.0,49,ASK,SHORT,1.0
USO,2026-06-05 15:04:52.821752+00:00,CALL,135.0,2026-06-17,10275,20,63,14,134.22,REPEATEDHITS,False,False,False,9785,490,1228364647.0,12,ASK,LONG,1.0
USO,2026-06-05 14:37:37.129441+00:00,PUT,150.0,2026-07-24,14945,7,78,0,134.61,REPEATEDHITS,True,False,False,0,14945,1228364647.0,49,BID,LONG,0.5
USO,2026-06-05 14:37:37.129441+00:00,CALL,135.0,2026-07-24,138595,126,135,3,134.47,REPEATEDHITS,True,False,False,138595,0,1228364647.0,49,ASK,LONG,1.0
USO,2026-06-05 14:37:37.129441+00:00,PUT,150.0,2026-07-24,27755,13,71,0,134.47,REPEATEDHITS,True,False,False,0,27755,1228364647.0,49,BID,LONG,0.5
USO,2026-06-05 14:08:00.685573+00:00,CALL,145.0,2026-07-24,90750,121,122,12,134.34,REPEATEDHITS,False,False,False,750,90000,1228364647.0,49,BID,SHORT,0.5
USO,2026-06-05 14:03:19.083603+00:00,PUT,128.0,2026-07-24,10005,13,108,0,133.38,REPEATEDHITSDESCENDINGFILL,True,False,False,10005,0,1228364647.0,49,ASK,SHORT,1.0
USO,2026-06-05 14:03:19.083603+00:00,PUT,125.0,2026-07-24,13149,21,29,0,133.42,REPEATEDHITSASCENDINGFILL,True,False,False,7524,5625,1228364647.0,49,ASK,SHORT,1.0
USO,2026-06-05 14:02:49.607172+00:00,PUT,129.0,2026-07-24,27965,34,34,0,133.3203,REPEATEDHITSDESCENDINGFILL,True,False,False,14050,13915,1228364647.0,49,ASK,SHORT,1.0
USO,2026-06-05 14:02:49.607172+00:00,PUT,128.0,2026-07-24,63370,82,82,0,133.3203,REPEATEDHITSDESCENDINGFILL,True,False,False,31945,31425,1228364647.0,49,ASK,SHORT,1.0
USO,2026-06-05 14:02:49.607172+00:00,PUT,130.0,2026-07-24,21238,24,27,6,133.3203,REPEATEDHITS,True,False,False,21238,0,1228364647.0,49,ASK,SHORT,1.0
USO,2026-06-05 13:36:16.066033+00:00,PUT,108.0,2026-07-17,60482,400,400,306,134.8276,REPEATEDHITS,False,False,False,12464,48018,1228364647.0,42,BID,LONG,0.5
USO,2026-06-04 18:35:47.565874+00:00,CALL,131.5,2026-07-10,208665,169,169,0,136.76,REPEATEDHITS,True,False,False,208665,0,1228364647.0,36,ASK,LONG,1.0
USO,2026-06-04 18:29:07.071847+00:00,PUT,132.5,2026-07-10,10165,14,14,5,136.611,REPEATEDHITS,True,False,False,0,10165,1228364647.0,36,BID,LONG,0.5
USO,2026-06-04 18:28:17.408967+00:00,PUT,152.0,2026-07-10,31435,15,15,0,135.62,REPEATEDHITS,True,False,False,0,31435,1228364647.0,36,BID,LONG,0.5
USO,2026-06-04 13:47:07.758503+00:00,CALL,136.0,2027-06-17,132500,50,50,5,136.44,REPEATEDHITS,False,False,False,132500,0,1228364647.0,378,ASK,LONG,1.0
USO,2026-06-04 13:44:34.016959+00:00,CALL,151.0,2026-06-10,29260,532,563,66,136.53,REPEATEDHITS,False,False,False,0,29260,1228364647.0,6,BID,SHORT,0.5
USO,2026-06-03 19:21:33.422183+00:00,PUT,142.0,2026-06-03,23660,169,263,101,140.46,REPEATEDHITS,True,False,False,0,23660,1228364647.0,0,BID,LONG,0.5
USO,2026-06-03 18:02:09.814039+00:00,PUT,160.0,2026-07-10,76200,32,32,1,140.875,REPEATEDHITSASCENDINGFILL,True,False,False,4775,71425,1228364647.0,37,BID,LONG,0.5
UVIX,2026-06-10 16:36:58.089475+00:00,CALL,8.0,2026-08-21,35000,500,528,434,4.535,REPEATEDHITS,False,False,False,35000,0,101607448.0,72,ASK,LONG,1.0
UVIX,2026-06-09 16:47:12.913346+00:00,PUT,4.5,2026-06-18,29426,669,727,663,4.64,REPEATEDHITSDESCENDINGFILL,True,False,False,24498,0,101607448.0,9,ASK,SHORT,1.0
UVIX,2026-06-05 17:31:34.762685+00:00,PUT,4.5,2026-06-12,106344,1688,2580,1085,4.0101,REPEATEDHITS,False,False,False,0,106344,101607448.0,7,BID,LONG,0.5
UVIX,2026-06-01 19:59:24.736496+00:00,CALL,4.5,2026-06-26,41400,1150,1898,1057,4.02,REPEATEDHITS,True,False,False,0,41400,101607448.0,25,BID,SHORT,0.5
UVIX,2026-05-29 18:35:18.804997+00:00,PUT,3.5,2026-06-12,14703,1131,1368,190,3.76,REPEATEDHITS,True,False,False,14703,0,101607448.0,14,ASK,SHORT,1.0
UVIX,2026-05-28 19:52:59.804695+00:00,PUT,4.0,2026-05-29,10000,1000,1985,630,3.965,REPEATEDHITS,False,False,False,10000,0,101607448.0,1,ASK,SHORT,1.0
UVIX,2026-05-28 18:19:02.809419+00:00,CALL,4.0,2026-07-02,10304,184,1119,110,3.9901,REPEATEDHITS,True,False,False,10304,0,101607448.0,35,ASK,LONG,1.0
UVIX,2026-05-28 14:46:54.263003+00:00,CALL,4.0,2026-07-02,12224,191,443,110,4.1,REPEATEDHITS,True,False,False,12224,0,101607448.0,35,ASK,LONG,1.0
UVIX,2026-05-26 14:26:06.660977+00:00,CALL,5.0,2026-07-02,23878,508,526,368,4.33,REPEATEDHITSASCENDINGFILL,True,False,False,96,23782,101607448.0,37,BID,SHORT,0.5
UVIX,2026-05-21 17:09:08.585148+00:00,PUT,4.0,2026-12-18,29800,200,302,148,4.704,REPEATEDHITS,False,False,False,0,29800,101607448.0,211,BID,LONG,0.5
UVIX,2026-05-20 14:51:11.245163+00:00,PUT,5.0,2026-06-12,45360,810,1834,775,4.99,REPEATEDHITS,True,False,False,0,45360,101607448.0,23,BID,LONG,0.5
UVIX,2026-05-15 16:06:56.218137+00:00,CALL,5.0,2026-06-05,69496,1022,3873,443,5.29,REPEATEDHITS,True,False,False,69496,0,101607448.0,21,ASK,LONG,1.0
UVIX,2026-05-14 17:26:51.623917+00:00,CALL,6.0,2026-05-29,45100,2050,2214,1380,5.155,REPEATEDHITS,False,False,False,45100,0,101607448.0,15,ASK,LONG,1.0
UVIX,2026-05-13 15:29:12.875483+00:00,PUT,6.0,2026-06-26,11025,75,75,5,5.23,REPEATEDHITS,True,False,False,0,11025,101607448.0,44,BID,LONG,0.5
VELO,2026-06-10 19:57:17.274678+00:00,CALL,35.0,2026-09-18,185920,332,400,153,22.84,REPEATEDHITS,True,False,False,56000,129920,579033469.0,100,BID,SHORT,0.5
VELO,2026-06-10 15:36:04.967622+00:00,PUT,20.0,2026-12-18,318160,388,388,226,21.81,REPEATEDHITS,False,False,False,0,318160,579033469.0,191,BID,LONG,0.5
VELO,2026-05-21 14:01:42.159579+00:00,CALL,30.0,2026-06-18,144600,1205,3448,1117,20.08,REPEATEDHITS,False,False,False,144480,0,579033469.0,28,ASK,LONG,1.0
VELO,2026-05-20 15:52:20.823705+00:00,CALL,22.5,2026-07-17,82320,392,406,227,16.8301,REPEATEDHITS,False,False,False,82320,0,579033469.0,58,ASK,LONG,1.0
VELO,2026-05-13 19:09:14.842863+00:00,PUT,20.0,2026-05-15,11120,139,305,0,20.9,REPEATEDHITS,False,False,False,1040,2960,579033469.0,2,BID,LONG,0.5
VELO,2026-05-13 13:49:49.170127+00:00,CALL,25.0,2026-06-18,14400,90,126,49,19.2,REPEATEDHITS,False,False,False,12800,1600,579033469.0,36,ASK,LONG,1.0
VRT,2026-06-10 19:35:59.049433+00:00,CALL,270.0,2026-07-10,70845,27,27,4,277.2,REPEATEDHITSASCENDINGFILL,True,False,False,28915,41930,111207184408.0,30,BID,SHORT,0.5
VRT,2026-06-10 17:48:44.867909+00:00,PUT,180.0,2026-09-18,151734,271,295,150,280.17,REPEATEDHITS,False,False,False,151734,0,111207184408.0,100,ASK,SHORT,1.0
VRT,2026-06-10 17:01:44.992195+00:00,PUT,220.0,2026-07-17,337889,719,737,407,277.27,REPEATEDHITSDESCENDINGFILL,False,False,False,335099,2790,111207184408.0,37,ASK,SHORT,1.0
VRT,2026-06-10 16:32:29.610201+00:00,PUT,220.0,2026-06-26,52831,416,417,48,278.435,REPEATEDHITS,False,False,False,52705,126,111207184408.0,16,ASK,SHORT,1.0
VRT,2026-06-10 16:05:32.769670+00:00,PUT,200.0,2026-08-21,399385,629,820,156,280.27,REPEATEDHITSDESCENDINGFILL,True,False,False,398135,615,111207184408.0,72,ASK,SHORT,1.0
VRT,2026-06-10 15:47:00.773579+00:00,PUT,210.0,2026-10-16,150870,103,103,24,280.135,REPEATEDHITS,False,False,False,150870,0,111207184408.0,128,ASK,SHORT,1.0
VRT,2026-06-10 14:09:59.520724+00:00,PUT,200.0,2026-08-21,83356,173,182,156,293.48,REPEATEDHITSASCENDINGFILL,False,False,False,9405,73951,111207184408.0,72,BID,LONG,0.5
VRT,2026-06-10 14:09:59.520724+00:00,PUT,180.0,2026-08-21,54291,228,228,6,293.48,REPEATEDHITSASCENDINGFILL,True,False,False,2645,51646,111207184408.0,72,BID,LONG,0.5
VRT,2026-06-10 14:03:29.310900+00:00,CALL,290.0,2026-07-17,948740,356,356,96,291.409,REPEATEDHITS,False,False,False,948740,0,111207184408.0,37,ASK,LONG,1.0
VRT,2026-06-10 13:32:49.692533+00:00,CALL,410.0,2026-11-20,313645,141,141,34,290.015,REPEATEDHITSASCENDINGFILL,True,False,False,160260,153385,111207184408.0,163,ASK,LONG,1.0
VRT,2026-06-09 14:30:52.678155+00:00,CALL,302.5,2026-06-18,55220,52,65,15,294.92,REPEATEDHITSASCENDINGFILL,True,False,False,17120,38100,111207184408.0,9,BID,SHORT,0.5
VRT,2026-06-08 19:25:05.506578+00:00,PUT,195.0,2026-08-21,250458,611,708,28,301.16,REPEATEDHITSDESCENDINGFILL,False,False,False,248421,2037,111207184408.0,74,ASK,SHORT,1.0
VRT,2026-06-08 17:11:38.736814+00:00,PUT,175.0,2027-06-17,74810,40,40,0,301.915,REPEATEDHITSDESCENDINGFILL,False,False,False,31800,43010,111207184408.0,374,BID,LONG,0.5
VRT,2026-06-08 15:45:06.717839+00:00,PUT,230.0,2028-01-21,186114,38,38,35,308.285,REPEATEDHITSASCENDINGFILL,False,False,False,19630,166484,111207184408.0,592,BID,LONG,0.5
VRT,2026-06-08 15:32:57.062888+00:00,PUT,245.0,2026-07-02,157990,518,519,266,306.37,REPEATEDHITS,False,False,False,157990,0,111207184408.0,24,ASK,SHORT,1.0
VRT,2026-06-08 14:26:27.330816+00:00,CALL,330.0,2026-07-10,60600,40,94,36,304.46,REPEATEDHITS,False,False,False,33330,27270,111207184408.0,32,ASK,LONG,1.0
VRT,2026-06-08 14:18:14.020294+00:00,CALL,330.0,2026-07-10,80295,53,54,36,304.0101,REPEATEDHITS,False,False,False,60600,19695,111207184408.0,32,ASK,LONG,1.0
VRT,2026-06-05 17:54:32.776617+00:00,CALL,325.0,2026-06-12,158355,391,545,152,300.74,REPEATEDHITS,False,False,False,0,158355,111207184408.0,7,BID,SHORT,0.5
VRT,2026-06-05 17:11:05.551822+00:00,PUT,185.0,2026-08-21,158268,487,490,1,303.67,REPEATEDHITSDESCENDINGFILL,False,False,False,158268,0,111207184408.0,77,ASK,SHORT,1.0
VRT,2026-06-05 15:13:45.136471+00:00,PUT,185.0,2026-09-18,263610,606,972,80,311.13,REPEATEDHITS,False,False,False,263610,0,111207184408.0,105,ASK,SHORT,1.0
VRT,2026-06-05 14:58:28.823761+00:00,PUT,185.0,2026-09-18,151471,365,366,80,313.71,REPEATEDHITS,False,False,False,151471,0,111207184408.0,105,ASK,SHORT,1.0
VRT,2026-06-05 13:43:03.189447+00:00,PUT,230.0,2026-07-17,1145018,4075,4076,3307,306.685,REPEATEDHITSDESCENDINGFILL,False,False,False,0,1145018,111207184408.0,42,BID,LONG,0.5
VRT,2026-06-04 18:03:46.989326+00:00,CALL,540.0,2026-08-21,132730,354,356,96,321.91,REPEATEDHITSDESCENDINGFILL,False,False,False,132365,365,111207184408.0,78,ASK,LONG,1.0
VRT,2026-06-04 16:24:58.720745+00:00,PUT,312.5,2026-06-05,63000,252,284,216,319.615,REPEATEDHITS,False,False,False,0,63000,111207184408.0,1,BID,LONG,0.5
VRT,2026-06-04 15:03:11.846112+00:00,PUT,190.0,2026-08-21,58695,215,216,158,314.24,REPEATEDHITS,False,False,False,58695,0,111207184408.0,78,ASK,SHORT,1.0
VRT,2026-06-03 19:10:45.732823+00:00,PUT,317.5,2026-06-05,50041,207,301,117,333.6,REPEATEDHITSASCENDINGFILL,True,False,False,29064,20977,111207184408.0,2,ASK,SHORT,1.0
VRT,2026-06-03 18:23:23.778518+00:00,PUT,210.0,2028-01-21,166750,46,52,28,334.01,REPEATEDHITS,False,False,False,166750,0,111207184408.0,597,ASK,SHORT,1.0
VRT,2026-06-03 18:15:25.007218+00:00,PUT,330.0,2027-06-17,320025,40,46,0,333.905,REPEATEDHITSASCENDINGFILL,True,False,False,240000,72020,111207184408.0,379,ASK,SHORT,1.0
VRT,2026-06-03 18:13:45.871354+00:00,CALL,400.0,2026-06-26,60500,121,126,95,334.1723,REPEATEDHITS,False,False,False,0,60500,111207184408.0,23,BID,SHORT,0.5
VRT,2026-06-03 16:02:40.046433+00:00,CALL,382.5,2026-06-12,65424,232,241,0,335.36,REPEATEDHITS,False,False,False,0,65424,111207184408.0,9,BID,SHORT,0.5
VRT,2026-06-03 14:26:38.573815+00:00,PUT,322.5,2026-06-05,140301,460,487,110,338.24,REPEATEDHITS,False,False,False,0,140301,111207184408.0,2,BID,LONG,0.5
VRT,2026-06-03 13:49:25.995141+00:00,PUT,322.5,2026-06-18,67640,42,42,0,327.34,REPEATEDHITSDESCENDINGFILL,True,False,False,54800,12840,111207184408.0,15,ASK,SHORT,1.0
VRT,2026-06-01 16:16:31.952533+00:00,PUT,320.0,2026-07-10,51110,19,19,7,321.275,REPEATEDHITS,True,False,False,2690,48420,111207184408.0,39,BID,LONG,0.5
VRT,2026-05-29 15:27:09.390471+00:00,CALL,292.5,2026-06-12,192795,64,66,0,314.785,REPEATEDHITS,False,False,False,138760,54035,111207184408.0,14,ASK,LONG,1.0
VRT,2026-05-29 15:07:01.418777+00:00,CALL,310.0,2026-07-02,130750,50,53,2,312.015,REPEATEDHITS,False,False,False,130750,0,111207184408.0,34,ASK,LONG,1.0
VRT,2026-05-29 14:57:39.364069+00:00,PUT,272.5,2026-06-05,57566,505,507,28,310.215,REPEATEDHITS,False,False,False,57114,0,111207184408.0,7,ASK,SHORT,1.0
VRT,2026-05-29 13:36:13.458413+00:00,CALL,310.0,2026-07-17,1249740,393,410,142,312.995,REPEATEDHITS,False,False,False,1249740,0,111207184408.0,49,ASK,LONG,1.0
VRT,2026-05-28 15:04:37.707658+00:00,PUT,307.5,2026-05-29,91452,295,311,229,311.86,REPEATEDHITS,False,False,False,0,91452,111207184408.0,1,BID,LONG,0.5
VRT,2026-05-27 19:08:14.358895+00:00,CALL,345.0,2026-06-18,81600,68,177,28,320.97,REPEATEDHITS,False,False,False,13205,68395,111207184408.0,22,BID,SHORT,0.5
VRT,2026-05-27 19:05:23.552565+00:00,CALL,500.0,2026-12-18,103510,50,88,18,320.535,REPEATEDHITSASCENDINGFILL,False,False,False,103510,0,111207184408.0,205,ASK,LONG,1.0
VRT,2026-05-27 13:50:20.390044+00:00,CALL,340.0,2026-08-21,2990903,881,889,181,315.59,REPEATEDHITSDESCENDINGFILL,False,False,False,2990903,0,111207184408.0,86,ASK,LONG,1.0
VRT,2026-05-26 18:13:32.873923+00:00,CALL,330.0,2026-06-05,599360,397,611,225,327.21,REPEATEDHITSDESCENDINGFILL,True,False,False,398630,185630,111207184408.0,10,ASK,LONG,1.0
VRT,2026-05-22 15:15:49.443197+00:00,PUT,322.5,2026-06-05,102968,83,84,3,329.93,REPEATEDHITSASCENDINGFILL,False,False,False,0,102968,111207184408.0,14,BID,LONG,0.5
VRT,2026-05-22 15:15:49.443197+00:00,CALL,327.5,2026-06-05,194052,109,120,18,329.93,REPEATEDHITSASCENDINGFILL,False,False,False,3590,190462,111207184408.0,14,BID,SHORT,0.5
VRT,2026-05-21 17:51:13.859382+00:00,CALL,355.0,2026-06-12,166420,157,159,92,329.1726,REPEATEDHITS,True,False,False,110240,56180,111207184408.0,22,ASK,LONG,1.0
VRT,2026-05-20 19:26:51.692485+00:00,PUT,260.0,2027-03-19,83675,20,24,17,316.635,REPEATEDHITSDESCENDINGFILL,False,False,False,62805,20870,111207184408.0,303,ASK,SHORT,1.0
VRT,2026-05-20 19:26:51.692485+00:00,PUT,230.0,2027-03-19,68670,23,29,11,316.635,REPEATEDHITSDESCENDINGFILL,True,False,False,26920,41750,111207184408.0,303,BID,LONG,0.5
VRT,2026-05-20 15:46:38.173050+00:00,CALL,287.5,2026-05-29,89670,21,21,2,327.22,REPEATEDHITS,False,False,False,89670,0,111207184408.0,9,ASK,LONG,1.0
VRT,2026-05-20 15:32:13.477578+00:00,PUT,315.0,2026-06-05,886351,640,921,52,325.01,REPEATEDHITSASCENDINGFILL,False,False,False,832311,52660,111207184408.0,16,ASK,SHORT,1.0
VRT,2026-05-20 15:31:16.002957+00:00,CALL,420.0,2026-08-21,65203,40,40,17,326.5,REPEATEDHITS,False,False,False,65203,0,111207184408.0,93,ASK,LONG,1.0
WDAY,2026-06-10 19:40:03.135621+00:00,PUT,80.0,2026-12-18,12960,48,99,24,138.21,REPEATEDHITS,False,False,False,0,12960,28186230000.0,191,BID,LONG,0.5
WDAY,2026-06-10 18:35:39.419802+00:00,PUT,141.0,2026-06-12,18000,45,48,20,139.44,REPEATEDHITS,True,False,False,14000,4000,28186230000.0,2,ASK,SHORT,1.0
WDAY,2026-06-09 19:49:52.871537+00:00,CALL,146.0,2026-06-12,47090,277,1285,41,139.9,REPEATEDHITS,False,False,False,0,44200,28186230000.0,3,BID,SHORT,0.5
WDAY,2026-06-09 19:49:49.267121+00:00,CALL,146.0,2026-06-12,48280,284,1008,41,139.98,REPEATEDHITS,False,False,False,0,48280,28186230000.0,3,BID,SHORT,0.5
WDAY,2026-06-09 19:48:33.560486+00:00,CALL,146.0,2026-06-12,42670,251,724,41,140.07,REPEATEDHITS,False,False,False,0,42670,28186230000.0,3,BID,SHORT,0.5
WDAY,2026-06-09 19:48:08.537149+00:00,CALL,146.0,2026-06-12,50830,299,472,41,140.12,REPEATEDHITS,False,False,False,0,50830,28186230000.0,3,BID,SHORT,0.5
WDAY,2026-06-09 19:47:52.720577+00:00,CALL,146.0,2026-06-12,22110,134,141,41,140.095,REPEATEDHITS,False,False,False,0,22110,28186230000.0,3,BID,SHORT,0.5
WDAY,2026-06-09 14:18:49.953459+00:00,CALL,138.0,2026-06-18,34810,59,60,0,137.8,REPEATEDHITS,True,False,False,0,34810,28186230000.0,9,BID,SHORT,0.5
WDAY,2026-06-09 14:18:49.953459+00:00,CALL,131.0,2026-06-18,73000,73,73,41,137.8,REPEATEDHITS,True,False,False,0,73000,28186230000.0,9,BID,SHORT,0.5
WDAY,2026-06-08 15:48:04.538910+00:00,CALL,142.0,2026-06-26,33200,39,39,1,142.79,REPEATEDHITS,True,False,False,0,33200,28186230000.0,18,BID,SHORT,0.5
WDAY,2026-06-05 17:09:15.998674+00:00,PUT,145.0,2026-06-12,31365,64,100,39,144.99,REPEATEDHITS,False,False,False,0,30875,28186230000.0,7,BID,LONG,0.5
WDAY,2026-06-04 16:40:53.642709+00:00,CALL,167.5,2026-06-18,12950,74,184,26,149.24,REPEATEDHITS,False,False,False,0,12950,28186230000.0,14,BID,SHORT,0.5
WDAY,2026-06-04 16:40:25.416048+00:00,PUT,142.0,2026-06-18,104520,268,268,200,149.24,REPEATEDHITS,False,False,False,0,104520,28186230000.0,14,BID,LONG,0.5
WDAY,2026-06-02 18:35:09.566935+00:00,PUT,142.0,2026-06-18,58771,113,204,0,147.36,REPEATEDHITSASCENDINGFILL,False,False,False,0,57211,28186230000.0,16,BID,LONG,0.5
WDAY,2026-06-02 17:26:17.438915+00:00,PUT,142.0,2026-06-18,44200,85,88,0,147.585,REPEATEDHITS,False,False,False,0,44200,28186230000.0,16,BID,LONG,0.5
WDAY,2026-06-02 13:52:29.200039+00:00,CALL,180.0,2026-06-18,46690,406,494,310,148.55,REPEATEDHITS,False,False,False,4945,41745,28186230000.0,16,BID,SHORT,0.5
WDAY,2026-06-01 15:49:08.454241+00:00,CALL,155.0,2026-06-05,81200,116,264,101,158.08,REPEATEDHITS,False,False,False,65800,0,28186230000.0,4,ASK,LONG,1.0
WDAY,2026-06-01 15:00:55.297755+00:00,CALL,180.0,2026-07-17,72000,100,265,40,158.475,REPEATEDHITS,True,False,False,32400,39600,28186230000.0,46,BID,SHORT,0.5
WDAY,2026-05-29 18:51:04.853057+00:00,CALL,140.0,2026-06-26,46800,39,52,33,145.03,REPEATEDHITS,False,False,False,0,46800,28186230000.0,28,BID,SHORT,0.5
WDAY,2026-05-29 18:32:05.491369+00:00,CALL,150.0,2026-06-05,12160,38,103,32,145.215,REPEATEDHITS,True,False,False,11200,960,28186230000.0,7,ASK,LONG,1.0
WDAY,2026-05-29 17:47:46.895388+00:00,PUT,165.0,2027-01-15,370320,100,100,70,145.75,REPEATEDHITSDESCENDINGFILL,False,False,False,0,370320,28186230000.0,231,BID,LONG,0.5
WDAY,2026-05-29 17:30:26.204006+00:00,PUT,125.0,2026-06-05,12340,400,518,263,145.67,REPEATEDHITSDESCENDINGFILL,True,False,False,9960,2380,28186230000.0,7,ASK,SHORT,1.0
WDAY,2026-05-28 18:16:07.154238+00:00,CALL,260.0,2026-12-18,35250,150,340,20,129.625,REPEATEDHITS,False,False,False,35250,0,28186230000.0,204,ASK,LONG,1.0
WDAY,2026-05-28 16:01:25.200743+00:00,CALL,130.0,2026-06-12,88751,168,175,29,127.51,REPEATEDHITSASCENDINGFILL,False,False,False,73670,15081,28186230000.0,15,ASK,LONG,1.0
WDAY,2026-05-28 15:59:49.665740+00:00,PUT,131.0,2026-06-05,15840,24,26,4,127.6,REPEATEDHITS,True,False,False,0,9240,28186230000.0,8,BID,LONG,0.5
WDAY,2026-05-28 14:43:44.081423+00:00,PUT,127.0,2026-06-18,15640,23,32,4,127.88,REPEATEDHITS,False,False,False,10880,4760,28186230000.0,21,ASK,SHORT,1.0
WDAY,2026-05-27 18:24:04.354530+00:00,CALL,124.0,2026-05-29,14082,44,55,39,124.44,REPEATEDHITS,False,False,False,0,14082,28186230000.0,2,BID,SHORT,0.5
WDAY,2026-05-27 16:03:39.023978+00:00,CALL,130.0,2026-06-26,118960,170,171,43,125.84,REPEATEDHITSASCENDINGFILL,True,False,False,118280,680,28186230000.0,30,ASK,LONG,1.0
WDAY,2026-05-26 17:55:27.606850+00:00,CALL,127.0,2026-06-12,13400,20,21,13,124.48,REPEATEDHITS,False,False,False,13400,0,28186230000.0,17,ASK,LONG,1.0
WDAY,2026-05-26 15:39:43.098012+00:00,CALL,190.0,2027-03-19,110210,107,107,3,125.21,REPEATEDHITS,False,False,False,110210,0,28186230000.0,297,ASK,LONG,1.0
WDAY,2026-05-26 15:21:07.823619+00:00,CALL,127.0,2026-06-18,330840,466,480,3,125.085,REPEATEDHITS,False,False,False,303860,26980,28186230000.0,23,ASK,LONG,1.0
WDAY,2026-05-22 19:15:10.400714+00:00,PUT,140.0,2026-07-17,18200,10,11,2,128.0,REPEATEDHITS,False,False,False,16380,1820,28186230000.0,56,ASK,SHORT,1.0
WDAY,2026-05-22 16:11:12.762026+00:00,CALL,180.0,2026-09-18,326373,837,858,297,126.21,REPEATEDHITSDESCENDINGFILL,False,False,False,317403,0,28186230000.0,119,ASK,LONG,1.0
WDAY,2026-05-22 14:25:28.963216+00:00,CALL,126.0,2026-06-05,31620,51,51,25,126.83,REPEATEDHITS,False,False,False,0,31620,28186230000.0,14,BID,SHORT,0.5
WDAY,2026-05-21 19:51:07.249314+00:00,CALL,140.0,2026-07-17,164450,253,503,16,121.57,REPEATEDHITS,True,False,False,163800,0,28186230000.0,57,ASK,LONG,1.0
WDAY,2026-05-21 19:48:49.062041+00:00,PUT,100.0,2026-05-22,22040,500,2716,235,121.58,REPEATEDHITSASCENDINGFILL,False,False,False,22040,0,28186230000.0,1,ASK,SHORT,1.0
WDAY,2026-05-21 19:48:28.835222+00:00,CALL,140.0,2026-07-17,113252,177,180,16,121.635,REPEATEDHITS,True,False,False,110692,1280,28186230000.0,57,ASK,LONG,1.0
WDAY,2026-05-21 17:45:02.507007+00:00,CALL,130.0,2026-05-22,336375,1035,1374,833,121.29,FLOORTRADELARGECAP,False,True,True,336375,0,28186230000.0,1,ASK,LONG,1.0
WDAY,2026-05-21 15:23:02.674568+00:00,PUT,120.0,2026-05-22,309380,499,537,433,120.9,REPEATEDHITS,True,False,False,270320,24180,28186230000.0,1,ASK,SHORT,1.0
WDAY,2026-05-21 15:22:10.809571+00:00,CALL,123.0,2026-06-12,59630,67,67,0,120.95,REPEATEDHITS,True,False,False,0,59630,28186230000.0,22,BID,SHORT,0.5
WDAY,2026-05-21 15:03:30.796048+00:00,PUT,95.0,2026-12-18,1000125,1099,1102,60,122.454,REPEATEDHITS,False,False,False,0,1000125,28186230000.0,211,BID,LONG,0.5
WDAY,2026-05-21 14:38:36.810861+00:00,CALL,129.0,2026-06-18,25500,34,36,13,121.58,REPEATEDHITS,True,False,False,0,25500,28186230000.0,28,BID,SHORT,0.5
WDAY,2026-05-20 14:44:35.638262+00:00,PUT,126.0,2026-06-18,35480,33,34,0,126.125,REPEATEDHITSASCENDINGFILL,False,False,False,27990,7490,28186230000.0,29,ASK,SHORT,1.0
WDAY,2026-05-19 19:23:01.045102+00:00,PUT,130.0,2026-07-17,16640,12,58,1,129.56,REPEATEDHITS,False,False,False,11120,5520,28186230000.0,59,ASK,SHORT,1.0
WDAY,2026-05-19 16:47:21.039883+00:00,PUT,130.0,2026-07-17,26980,19,25,1,128.965,REPEATEDHITS,True,False,False,0,26980,28186230000.0,59,BID,LONG,0.5
WDAY,2026-05-18 17:09:05.101940+00:00,PUT,120.0,2027-03-19,73440,34,81,32,128.53,REPEATEDHITS,False,False,False,0,73440,28186230000.0,305,BID,LONG,0.5
WDAY,2026-05-18 17:08:50.886449+00:00,PUT,120.0,2027-03-19,98300,45,45,32,128.53,REPEATEDHITSASCENDINGFILL,False,False,False,4420,93880,28186230000.0,305,BID,LONG,0.5
WDAY,2026-05-15 18:45:07.017252+00:00,PUT,110.0,2026-07-17,273271,414,448,1,125.12,REPEATEDHITSDESCENDINGFILL,False,False,False,670,272601,28186230000.0,63,BID,LONG,0.5
WDAY,2026-05-15 14:17:10.525330+00:00,PUT,110.0,2026-12-18,573989,361,362,113,121.68,REPEATEDHITS,False,False,False,573989,0,28186230000.0,217,ASK,SHORT,1.0
WDAY,2026-05-15 13:54:51.936495+00:00,CALL,150.0,2026-07-17,34038,70,70,3,121.74,REPEATEDHITSASCENDINGFILL,False,False,False,34038,0,28186230000.0,63,ASK,LONG,1.0
XBI,2026-06-10 19:19:36.671723+00:00,PUT,122.0,2026-06-26,13390,130,135,22,128.95,REPEATEDHITS,False,False,False,13390,0,131.408505,16,ASK,SHORT,1.0
XBI,2026-06-10 16:42:29.232758+00:00,PUT,130.5,2026-06-12,36765,215,215,14,130.0,REPEATEDHITS,True,False,False,36765,0,131.408505,2,ASK,SHORT,1.0
XBI,2026-06-10 16:42:29.232758+00:00,PUT,131.0,2026-06-12,49949,251,257,32,130.0,REPEATEDHITS,True,False,False,49949,0,131.408505,2,ASK,SHORT,1.0
XBI,2026-06-10 15:54:48.275234+00:00,CALL,142.0,2026-07-17,82824,609,641,252,130.09,REPEATEDHITS,False,False,False,18904,63920,131.408505,37,BID,SHORT,0.5
XBI,2026-06-10 14:55:41.601191+00:00,PUT,129.0,2026-06-12,87780,1254,1583,156,131.43,REPEATEDHITS,False,False,False,0,87780,131.408505,2,BID,LONG,0.5
XBI,2026-06-10 14:53:45.684813+00:00,CALL,133.0,2026-06-26,17340,60,60,6,131.5,REPEATEDHITS,False,False,False,0,17340,131.408505,16,BID,SHORT,0.5
XBI,2026-06-10 14:50:34.452398+00:00,CALL,130.5,2026-06-12,63600,265,265,19,131.73,REPEATEDHITS,True,False,False,0,63600,131.408505,2,BID,SHORT,0.5
XBI,2026-06-10 13:44:16.588672+00:00,CALL,129.5,2026-06-12,385317,856,858,19,133.48,REPEATEDHITS,False,False,False,0,385317,131.408505,2,BID,SHORT,0.5
XBI,2026-06-09 19:08:29.445926+00:00,CALL,139.0,2027-01-15,46010,43,88,1,131.1,REPEATEDHITS,False,False,False,0,46010,131.408505,220,BID,SHORT,0.5
XBI,2026-06-09 17:40:50.980972+00:00,PUT,134.5,2026-07-10,17876,25,25,0,130.02,REPEATEDHITS,True,False,False,0,17876,131.408505,31,BID,LONG,0.5
XBI,2026-06-09 17:34:28.364835+00:00,PUT,127.0,2026-07-24,36985,86,86,5,129.51,REPEATEDHITS,True,False,False,0,36985,131.408505,45,BID,LONG,0.5
XBI,2026-06-09 16:10:39.754774+00:00,PUT,126.5,2026-06-18,133773,731,735,288,128.38,REPEATEDHITS,False,False,False,133773,0,131.408505,9,ASK,SHORT,1.0
XBI,2026-06-09 15:23:09.146608+00:00,CALL,126.5,2026-06-26,20800,40,40,0,129.31,REPEATEDHITS,False,False,False,20800,0,131.408505,17,ASK,LONG,1.0
XBI,2026-06-08 19:47:32.660572+00:00,CALL,130.0,2026-06-12,17640,147,1887,86,128.375,REPEATEDHITS,True,False,False,16320,1320,131.408505,4,ASK,LONG,1.0
XBI,2026-06-08 19:16:29.154509+00:00,CALL,126.0,2026-06-26,49005,99,99,0,128.29,REPEATEDHITS,False,False,False,49005,0,131.408505,18,ASK,LONG,1.0
XBI,2026-06-08 17:18:27.581047+00:00,PUT,128.5,2026-06-12,95214,500,512,13,128.52,REPEATEDHITSDESCENDINGFILL,False,False,False,95214,0,131.408505,4,ASK,SHORT,1.0
XBI,2026-06-08 16:50:12.494101+00:00,CALL,130.5,2026-06-18,36431,176,193,24,128.85,REPEATEDHITS,True,False,False,36431,0,131.408505,10,ASK,LONG,1.0
XBI,2026-06-08 16:44:38.766022+00:00,PUT,130.5,2026-06-18,36050,103,103,22,128.98,REPEATEDHITS,False,False,False,32550,3500,131.408505,10,ASK,SHORT,1.0
XBI,2026-06-08 15:20:15.228139+00:00,CALL,130.5,2026-06-26,24516,82,86,0,129.31,REPEATEDHITSDESCENDINGFILL,True,False,False,23920,596,131.408505,18,ASK,LONG,1.0
XBI,2026-06-08 15:18:36.878296+00:00,CALL,130.0,2026-06-26,17635,56,58,6,129.25,REPEATEDHITS,True,False,False,17635,0,131.408505,18,ASK,LONG,1.0
XBI,2026-06-08 15:07:30.760164+00:00,CALL,128.5,2026-06-12,44781,177,177,7,129.525,REPEATEDHITS,True,False,False,44781,0,131.408505,4,ASK,LONG,1.0
XBI,2026-06-08 13:47:05.781574+00:00,CALL,140.0,2026-07-24,107610,510,510,10,129.515,REPEATEDHITS,False,False,False,0,107610,131.408505,46,BID,SHORT,0.5
XBI,2026-06-05 19:20:52.748429+00:00,CALL,128.0,2026-06-05,11232,156,157,19,128.515,REPEATEDHITS,True,False,False,11232,0,131.408505,0,ASK,LONG,1.0
XBI,2026-06-05 18:27:13.947379+00:00,PUT,129.0,2026-06-05,13299,429,443,303,129.11,REPEATEDHITS,True,False,False,13299,0,131.408505,0,ASK,SHORT,1.0
XBI,2026-06-05 18:24:26.633712+00:00,PUT,126.0,2026-06-12,10166,100,110,21,129.27,REPEATEDHITS,False,False,False,0,10166,131.408505,7,BID,LONG,0.5
XBI,2026-06-05 17:02:36.134200+00:00,CALL,137.0,2026-06-18,111507,1199,1199,1155,130.19,REPEATEDHITS,False,False,False,0,111507,131.408505,13,BID,SHORT,0.5
XBI,2026-06-05 15:54:31.273740+00:00,PUT,95.0,2028-12-15,56610,74,74,0,131.12,REPEATEDHITS,False,False,False,9180,47430,131.408505,924,BID,LONG,0.5
XBI,2026-06-05 15:44:24.407490+00:00,CALL,144.0,2026-07-17,247170,1605,2047,435,131.08,REPEATEDHITS,False,False,False,0,247170,131.408505,42,BID,SHORT,0.5
XBI,2026-06-05 14:22:24.857248+00:00,CALL,131.5,2026-06-05,203832,1788,1788,17,131.91,REPEATEDHITS,False,False,False,114,203718,131.408505,0,BID,SHORT,0.5
XBI,2026-06-05 13:57:19.349453+00:00,CALL,134.0,2026-06-05,32724,1212,1216,74,132.26,REPEATEDHITS,False,False,False,0,32616,131.408505,0,BID,SHORT,0.5
XBI,2026-06-04 19:27:43.498802+00:00,CALL,170.0,2026-08-21,41580,630,6031,617,133.59,REPEATEDHITS,False,False,False,41580,0,131.408505,78,ASK,LONG,1.0
XBI,2026-06-04 17:59:05.272781+00:00,CALL,170.0,2026-08-21,101088,1404,5072,617,133.46,REPEATEDHITS,False,False,False,101088,0,131.408505,78,ASK,LONG,1.0
XBI,2026-06-04 17:29:23.065259+00:00,CALL,170.0,2026-08-21,69940,1076,3493,617,133.32,REPEATEDHITS,False,False,False,69940,0,131.408505,78,ASK,LONG,1.0
XBI,2026-06-04 17:21:02.688874+00:00,CALL,130.5,2026-06-05,19530,62,73,9,133.3,REPEATEDHITS,True,False,False,0,19530,131.408505,1,BID,SHORT,0.5
XBI,2026-06-04 16:23:41.990941+00:00,CALL,170.0,2026-08-21,156195,2403,2413,617,133.655,REPEATEDHITS,False,False,False,155935,260,131.408505,78,ASK,LONG,1.0
XBI,2026-06-04 16:16:08.626468+00:00,CALL,125.0,2026-06-12,24300,27,28,6,133.61,REPEATEDHITS,False,False,False,0,24300,131.408505,8,BID,SHORT,0.5
XBI,2026-06-04 16:03:06.626242+00:00,PUT,133.0,2026-06-05,48275,500,517,91,133.83,REPEATEDHITSASCENDINGFILL,False,False,False,48275,0,131.408505,1,ASK,SHORT,1.0
XBI,2026-06-04 15:27:25.376309+00:00,CALL,135.0,2026-09-18,484030,499,520,172,134.38,REPEATEDHITS,False,False,False,483060,970,131.408505,106,ASK,LONG,1.0
XBI,2026-06-04 14:15:33.144156+00:00,PUT,130.0,2026-09-18,519488,732,737,116,133.29,REPEATEDHITSDESCENDINGFILL,False,False,False,493403,26085,131.408505,106,ASK,SHORT,1.0
XBI,2026-06-03 19:59:38.577395+00:00,PUT,128.0,2026-07-17,128140,298,298,282,129.83,REPEATEDHITS,False,False,False,0,56330,131.408505,44,BID,LONG,0.5
XBI,2026-06-03 15:27:25.485211+00:00,PUT,123.0,2026-08-21,455325,1012,1389,77,128.95,REPEATEDHITS,False,False,False,455325,0,131.408505,79,ASK,SHORT,1.0
XBI,2026-06-03 13:35:25.284344+00:00,PUT,119.0,2026-06-18,252965,4961,5000,937,127.54,REPEATEDHITSDESCENDINGFILL,False,False,False,0,252965,131.408505,15,BID,LONG,0.5
XBI,2026-06-02 17:58:17.102809+00:00,PUT,128.0,2026-06-05,146145,1001,1033,58,128.19,REPEATEDHITS,False,False,False,116800,29345,131.408505,3,ASK,SHORT,1.0
XBI,2026-06-02 16:57:58.597960+00:00,CALL,130.0,2026-06-12,17258,81,86,50,128.47,REPEATEDHITS,False,False,False,15554,1704,131.408505,10,ASK,LONG,1.0
XBI,2026-06-02 14:49:09.180540+00:00,PUT,133.0,2026-06-26,87120,144,146,6,129.33,REPEATEDHITS,True,False,False,0,87120,131.408505,24,BID,LONG,0.5
XBI,2026-06-02 14:28:15.111646+00:00,PUT,122.0,2026-06-05,17388,966,966,11,128.42,REPEATEDHITS,False,False,False,17388,0,131.408505,3,ASK,SHORT,1.0
XBI,2026-06-02 14:05:11.438264+00:00,CALL,128.5,2026-06-18,36450,90,93,5,129.12,REPEATEDHITS,True,False,False,36450,0,131.408505,16,ASK,LONG,1.0
XBI,2026-06-02 13:56:00.679487+00:00,PUT,125.0,2026-06-05,30102,1038,1038,85,129.29,REPEATEDHITS,True,False,False,30102,0,131.408505,3,ASK,SHORT,1.0
XBI,2026-06-01 17:24:12.347264+00:00,PUT,139.5,2026-06-05,54540,101,101,1,134.445,REPEATEDHITS,True,False,False,0,53460,131.408505,4,BID,LONG,0.5
XBI,2026-06-01 15:43:11.038385+00:00,PUT,141.0,2026-07-17,63316,67,67,0,134.1,REPEATEDHITS,True,False,False,0,63316,131.408505,46,BID,LONG,0.5
XHB,2026-06-10 19:01:11.347080+00:00,PUT,97.0,2026-07-17,34200,185,190,37,103.515,REPEATEDHITSASCENDINGFILL,True,False,False,18224,15976,107.028809,37,ASK,SHORT,1.0
XHB,2026-06-10 18:37:08.120145+00:00,CALL,104.5,2026-06-12,49789,455,455,69,103.92,REPEATEDHITSDESCENDINGFILL,True,False,False,1744,48045,107.028809,2,BID,SHORT,0.5
XHB,2026-06-09 16:36:32.762245+00:00,CALL,106.0,2026-06-18,49350,175,477,106,106.21,REPEATEDHITS,True,False,False,49350,0,107.028809,9,ASK,LONG,1.0
XHB,2026-06-09 16:34:33.595949+00:00,CALL,106.0,2026-06-18,37665,135,137,106,106.04,REPEATEDHITS,True,False,False,37665,0,107.028809,9,ASK,LONG,1.0
XHB,2026-06-01 17:52:19.650402+00:00,PUT,102.0,2026-06-12,24689,125,781,0,103.49,REPEATEDHITSDESCENDINGFILL,False,False,False,15036,9653,107.028809,11,ASK,SHORT,1.0
XHB,2026-06-01 17:52:19.650402+00:00,PUT,102.0,2026-06-12,17414,88,869,0,103.49,REPEATEDHITSDESCENDINGFILL,False,False,False,16434,980,107.028809,11,ASK,SHORT,1.0
XHB,2026-06-01 17:52:00.994382+00:00,PUT,102.0,2026-06-12,11542,58,593,0,103.49,REPEATEDHITS,False,False,False,2388,9154,107.028809,11,BID,LONG,0.5
XHB,2026-06-01 17:51:45.973851+00:00,PUT,102.0,2026-06-12,12870,65,507,0,103.49,REPEATEDHITS,False,False,False,2574,5148,107.028809,11,BID,LONG,0.5
XHB,2026-06-01 17:51:16.900597+00:00,PUT,102.0,2026-06-12,12870,65,314,0,103.49,REPEATEDHITS,False,False,False,0,0,107.028809,11,MIXED,,0.0
XHB,2026-06-01 17:49:06.859700+00:00,PUT,102.0,2026-06-12,36800,184,184,0,103.385,REPEATEDHITS,False,False,False,0,36800,107.028809,11,BID,LONG,0.5
XHB,2026-05-27 14:30:26.164669+00:00,CALL,105.0,2026-05-29,17484,141,565,16,104.95,REPEATEDHITS,False,False,False,0,17484,107.028809,2,BID,SHORT,0.5
XHB,2026-05-27 13:55:56.342432+00:00,CALL,105.0,2026-05-29,26875,177,264,16,104.96,REPEATEDHITSDESCENDINGFILL,True,False,False,13721,8662,107.028809,2,ASK,LONG,1.0
XHB,2026-05-26 17:24:02.899081+00:00,CALL,100.0,2026-05-29,22194,84,87,52,101.88,REPEATEDHITSASCENDINGFILL,True,False,False,807,21387,107.028809,3,BID,SHORT,0.5
XHB,2026-05-26 16:51:03.919636+00:00,PUT,103.0,2026-12-18,77186,77,84,1,101.77,REPEATEDHITSDESCENDINGFILL,True,False,False,6090,71096,107.028809,206,BID,LONG,0.5
XHB,2026-05-21 19:52:59.643823+00:00,PUT,103.0,2026-07-17,17040,24,267,0,99.58,REPEATEDHITS,False,False,False,17040,0,107.028809,57,ASK,SHORT,1.0
XHB,2026-05-21 19:52:54.633655+00:00,PUT,103.0,2026-07-17,41180,58,243,0,99.58,REPEATEDHITS,False,False,False,41180,0,107.028809,57,ASK,SHORT,1.0
XHB,2026-05-21 18:55:07.527630+00:00,PUT,105.0,2026-06-26,22394,29,33,0,99.35,REPEATEDHITSDESCENDINGFILL,True,False,False,22394,0,107.028809,36,ASK,SHORT,1.0
XHB,2026-05-21 17:37:16.796191+00:00,CALL,101.5,2026-05-29,30848,244,282,17,99.27,REPEATEDHITSDESCENDINGFILL,False,False,False,28142,2706,107.028809,8,ASK,LONG,1.0
XHB,2026-05-20 18:00:40.305058+00:00,CALL,110.0,2026-06-18,32305,497,503,360,98.065,REPEATEDHITS,False,False,False,32305,0,107.028809,29,ASK,LONG,1.0
XHB,2026-05-20 16:09:38.900191+00:00,CALL,102.5,2026-05-29,23612,400,400,11,97.86,REPEATEDHITSDESCENDINGFILL,True,False,False,23612,0,107.028809,9,ASK,LONG,1.0
XHB,2026-05-18 13:44:26.430807+00:00,CALL,101.0,2026-06-05,10039,67,81,1,97.16,REPEATEDHITSASCENDINGFILL,False,False,False,8549,1490,107.028809,18,ASK,LONG,1.0
XHB,2026-05-15 18:28:57.683822+00:00,CALL,108.0,2026-06-18,47482,500,500,68,96.88,REPEATEDHITSASCENDINGFILL,False,False,False,0,47482,107.028809,34,BID,SHORT,0.5
XHB,2026-05-12 16:50:58.828120+00:00,CALL,105.0,2026-12-18,22749,25,262,0,100.02,REPEATEDHITS,False,False,False,22749,0,107.028809,220,ASK,LONG,1.0
XLE,2026-06-10 19:59:49.751662+00:00,PUT,57.0,2026-10-16,53680,176,1506,12,58.2635,REPEATEDHITS,False,False,False,53680,0,57.388136,128,ASK,SHORT,1.0
XLE,2026-06-10 19:59:44.343353+00:00,PUT,57.0,2026-10-16,30805,101,1291,12,58.275,REPEATEDHITS,False,False,False,30805,0,57.388136,128,ASK,SHORT,1.0
XLE,2026-06-10 19:58:14.956422+00:00,PUT,57.0,2026-10-16,30804,101,1190,12,58.28,REPEATEDHITS,False,False,False,30804,0,57.388136,128,ASK,SHORT,1.0
XLE,2026-06-10 19:58:08.745135+00:00,PUT,52.0,2026-06-26,22000,2000,5000,76,58.265,REPEATEDHITS,False,False,False,22000,0,57.388136,16,ASK,SHORT,1.0
XLE,2026-06-10 19:58:03.337825+00:00,PUT,57.0,2026-10-16,38403,126,1089,12,58.285,REPEATEDHITS,False,False,False,38403,0,57.388136,128,ASK,SHORT,1.0
XLE,2026-06-10 19:57:57.132109+00:00,PUT,57.0,2026-10-16,30500,100,940,12,58.27,REPEATEDHITS,True,False,False,30500,0,57.388136,128,ASK,SHORT,1.0
XLE,2026-06-10 19:57:53.526718+00:00,PUT,57.0,2026-10-16,29890,98,718,12,58.27,REPEATEDHITS,False,False,False,29890,0,57.388136,128,ASK,SHORT,1.0
XLE,2026-06-10 19:57:53.526718+00:00,PUT,57.0,2026-10-16,28670,94,812,12,58.275,REPEATEDHITS,True,False,False,28670,0,57.388136,128,ASK,SHORT,1.0
XLE,2026-06-10 19:57:40.704890+00:00,PUT,57.0,2026-10-16,29585,97,609,12,58.285,REPEATEDHITS,False,False,False,29585,0,57.388136,128,ASK,SHORT,1.0
XLE,2026-06-10 19:57:11.062276+00:00,PUT,57.0,2026-10-16,38430,126,478,12,58.34,REPEATEDHITS,False,False,False,38430,0,57.388136,128,ASK,SHORT,1.0
XLE,2026-06-10 19:56:22.786450+00:00,PUT,52.0,2026-06-26,33000,3000,3000,76,58.375,REPEATEDHITS,False,False,False,33000,0,57.388136,16,ASK,SHORT,1.0
XLE,2026-06-10 19:42:34.679638+00:00,PUT,57.0,2026-10-16,12200,40,56,12,58.485,REPEATEDHITS,False,False,False,12200,0,57.388136,128,ASK,SHORT,1.0
XLE,2026-06-10 18:18:09.200414+00:00,CALL,64.5,2026-06-26,22341,2031,2032,0,58.69,REPEATEDHITS,False,False,False,0,22341,57.388136,16,BID,SHORT,0.5
XLE,2026-06-10 17:06:17.690190+00:00,CALL,60.5,2026-06-12,38570,2755,3318,1818,58.96,REPEATEDHITS,True,False,False,38570,0,57.388136,2,ASK,LONG,1.0
XLE,2026-06-10 15:53:39.557478+00:00,CALL,64.0,2026-08-21,78025,667,706,370,58.7601,REPEATEDHITS,True,False,False,76168,1740,57.388136,72,ASK,LONG,1.0
XLE,2026-06-10 15:52:56.695023+00:00,CALL,62.0,2026-06-26,18720,520,523,265,58.77,REPEATEDHITS,True,False,False,18360,360,57.388136,16,ASK,LONG,1.0
XLE,2026-06-10 14:26:43.187656+00:00,PUT,57.5,2026-06-12,152880,5460,5514,3697,58.32,REPEATEDHITS,False,False,False,28,112280,57.388136,2,BID,LONG,0.5
XLE,2026-06-09 19:23:29.598812+00:00,CALL,57.5,2026-06-12,112000,2000,3580,696,57.14,REPEATEDHITS,True,False,False,112000,0,57.388136,3,ASK,LONG,1.0
XLE,2026-06-09 15:51:34.077823+00:00,CALL,63.0,2026-06-26,18579,1689,1701,210,57.03,REPEATEDHITS,False,False,False,0,17237,57.388136,17,BID,SHORT,0.5
XLE,2026-06-09 14:59:08.500322+00:00,PUT,55.5,2026-06-12,34500,1500,1657,258,57.0001,REPEATEDHITS,False,False,False,34500,0,57.388136,3,ASK,SHORT,1.0
XLE,2026-06-09 14:22:14.542959+00:00,PUT,56.5,2026-06-12,33000,1000,1146,345,57.41,REPEATEDHITS,False,False,False,33000,0,57.388136,3,ASK,SHORT,1.0
XLE,2026-06-08 17:16:32.836387+00:00,CALL,58.5,2026-06-18,565704,5238,5411,2159,58.29,REPEATEDHITS,False,False,False,409644,0,57.388136,10,ASK,LONG,1.0
XLE,2026-06-08 16:34:33.074799+00:00,PUT,53.5,2026-06-26,44239,2212,2220,246,58.285,REPEATEDHITS,False,False,False,43500,19,57.388136,18,ASK,SHORT,1.0
XLE,2026-06-08 14:08:19.131544+00:00,CALL,59.5,2026-06-26,17316,156,156,42,58.83,REPEATEDHITS,False,False,False,0,17316,57.388136,18,BID,SHORT,0.5
XLE,2026-06-08 14:01:37.926177+00:00,PUT,57.5,2026-06-12,19701,597,5786,468,58.905,REPEATEDHITS,False,False,False,19701,0,57.388136,4,ASK,SHORT,1.0
XLE,2026-06-08 14:00:25.993657+00:00,PUT,57.5,2026-06-12,28842,874,4806,468,58.89,REPEATEDHITS,False,False,False,28842,0,57.388136,4,ASK,SHORT,1.0
XLE,2026-06-08 13:59:50.740146+00:00,PUT,57.5,2026-06-12,83390,2690,3330,468,58.91,REPEATEDHITS,False,False,False,83390,0,57.388136,4,ASK,SHORT,1.0
XLE,2026-06-08 13:59:49.736235+00:00,PUT,57.5,2026-06-12,18427,613,640,468,58.905,REPEATEDHITSASCENDINGFILL,False,False,False,15427,0,57.388136,4,ASK,SHORT,1.0
XLE,2026-06-05 17:18:06.928540+00:00,CALL,59.5,2026-07-02,10600,100,130,54,58.06,REPEATEDHITS,False,False,False,10600,0,57.388136,27,ASK,LONG,1.0
XLE,2026-06-05 17:06:42.926921+00:00,PUT,53.0,2026-06-18,18000,2000,4000,170,57.965,REPEATEDHITS,False,False,False,18000,0,57.388136,13,ASK,SHORT,1.0
XLE,2026-06-05 17:03:26.466500+00:00,PUT,53.0,2026-06-18,18000,2000,2000,170,57.92,REPEATEDHITS,False,False,False,18000,0,57.388136,13,ASK,SHORT,1.0
XLE,2026-06-05 16:28:00.121372+00:00,CALL,58.5,2026-06-12,36518,589,885,419,57.79,REPEATEDHITS,False,False,False,36518,0,57.388136,7,ASK,LONG,1.0
XLE,2026-06-05 13:58:48.200813+00:00,PUT,58.0,2026-06-05,35684,3244,5449,1276,58.28,REPEATEDHITS,False,False,False,35684,0,57.388136,0,ASK,SHORT,1.0
XLE,2026-06-04 19:01:51.182356+00:00,PUT,57.0,2026-06-12,54210,2085,2155,844,58.86,REPEATEDHITS,False,False,False,0,21736,57.388136,8,BID,LONG,0.5
XLE,2026-06-04 18:55:24.000978+00:00,PUT,62.5,2028-01-21,867255,969,2349,8,58.915,REPEATEDHITS,False,False,False,0,867255,57.388136,596,BID,LONG,0.5
XLE,2026-06-04 18:55:24.000978+00:00,PUT,50.5,2028-01-21,242110,682,808,5,58.915,REPEATEDHITS,False,False,False,0,242110,57.388136,596,BID,LONG,0.5
XLE,2026-06-04 18:22:53.024318+00:00,PUT,60.0,2028-01-21,429660,558,558,436,58.8751,REPEATEDHITS,False,False,False,0,429660,57.388136,596,BID,LONG,0.5
XLE,2026-06-04 18:22:53.024318+00:00,PUT,62.5,2028-01-21,1248920,1380,1380,8,58.8751,REPEATEDHITSASCENDINGFILL,False,False,False,0,1248920,57.388136,596,BID,LONG,0.5
XLE,2026-06-04 13:41:20.786659+00:00,PUT,57.0,2026-06-05,83601,13001,13101,6737,58.56,REPEATEDHITSASCENDINGFILL,False,False,False,68516,13888,57.388136,1,ASK,SHORT,1.0
XLE,2026-06-03 17:55:55.746894+00:00,CALL,63.0,2026-07-02,193515,3395,3543,815,58.9501,REPEATEDHITS,False,False,False,0,193515,57.388136,29,BID,SHORT,0.5
XLE,2026-06-03 15:24:36.184794+00:00,CALL,64.0,2026-06-12,48051,5339,5341,155,58.93,REPEATEDHITS,False,False,False,0,29043,57.388136,9,BID,SHORT,0.5
XLE,2026-06-03 14:29:43.818877+00:00,PUT,55.0,2026-06-30,239706,5211,5233,1500,58.805,REPEATEDHITS,False,False,False,238694,1012,57.388136,27,ASK,SHORT,1.0
XLE,2026-06-02 19:29:54.221215+00:00,PUT,55.5,2026-06-05,10000,2500,2725,2276,58.105,REPEATEDHITS,False,False,False,10000,0,57.388136,3,ASK,SHORT,1.0
XLE,2026-06-02 19:15:24.004109+00:00,CALL,65.0,2026-06-26,15120,840,1739,42,58.065,REPEATEDHITS,False,False,False,14634,0,57.388136,24,ASK,LONG,1.0
XLE,2026-06-02 19:08:34.474371+00:00,CALL,63.0,2026-08-21,240100,1715,1782,667,58.055,REPEATEDHITS,False,False,False,240100,0,57.388136,80,ASK,LONG,1.0
XLE,2026-06-02 18:53:44.858943+00:00,PUT,56.0,2026-06-12,109792,3431,3918,628,58.105,REPEATEDHITS,False,False,False,109792,0,57.388136,10,ASK,SHORT,1.0
XLE,2026-06-02 18:12:12.803275+00:00,PUT,44.0,2027-06-17,15375,125,134,35,58.0299,REPEATEDHITS,True,False,False,1476,13899,57.388136,380,BID,LONG,0.5
XLE,2026-06-02 17:56:10.983429+00:00,PUT,40.0,2027-03-19,12250,250,664,136,58.0542,REPEATEDHITS,True,False,False,0,12250,57.388136,290,BID,LONG,0.5
XLE,2026-06-01 18:55:48.300116+00:00,CALL,57.5,2026-06-30,243794,1543,1690,1196,57.3101,REPEATEDHITS,False,False,False,243004,790,57.388136,29,ASK,LONG,1.0
XLE,2026-06-01 13:47:44.545617+00:00,CALL,57.0,2026-06-18,386540,2510,2601,339,57.125,REPEATEDHITS,False,False,False,386540,0,57.388136,17,ASK,LONG,1.0
XLI,2026-06-10 19:54:38.851870+00:00,CALL,178.0,2026-06-26,17750,250,250,136,169.86,REPEATEDHITS,False,False,False,0,17750,175.626662,16,BID,SHORT,0.5
XLI,2026-06-10 19:53:50.598934+00:00,PUT,169.0,2026-06-26,88750,250,271,22,169.89,REPEATEDHITS,False,False,False,88750,0,175.626662,16,ASK,SHORT,1.0
XLI,2026-06-10 19:29:38.662659+00:00,CALL,176.0,2026-06-26,50268,426,426,6,169.58,REPEATEDHITS,False,False,False,0,50268,175.626662,16,BID,SHORT,0.5
XLI,2026-06-10 18:18:31.448961+00:00,CALL,176.0,2026-06-18,29499,343,2616,88,171.0,REPEATEDHITS,False,False,False,0,29412,175.626662,8,BID,SHORT,0.5
XLI,2026-06-10 17:26:18.654852+00:00,CALL,177.0,2026-06-12,10643,626,628,205,170.98,REPEATEDHITS,True,False,False,18,10625,175.626662,2,BID,SHORT,0.5
XLI,2026-06-10 17:12:35.757279+00:00,PUT,170.0,2026-06-26,150000,500,1200,115,170.87,REPEATEDHITS,False,False,False,0,0,175.626662,16,MIXED,,0.0
XLI,2026-06-10 16:33:23.658309+00:00,CALL,178.0,2026-06-18,11600,200,2018,35,171.23,REPEATEDHITS,False,False,False,2320,9280,175.626662,8,BID,SHORT,0.5
XLI,2026-06-10 16:33:04.443645+00:00,CALL,178.0,2026-06-18,11600,200,1818,35,171.2241,REPEATEDHITS,True,False,False,2320,9280,175.626662,8,BID,SHORT,0.5
XLI,2026-06-10 16:31:11.540220+00:00,CALL,178.0,2026-06-18,11600,200,1618,35,171.22,REPEATEDHITS,False,False,False,2320,9280,175.626662,8,BID,SHORT,0.5
XLI,2026-06-10 16:31:04.732702+00:00,CALL,178.0,2026-06-18,12965,223,1418,35,171.29,REPEATEDHITSASCENDINGFILL,True,False,False,2442,10523,175.626662,8,BID,SHORT,0.5
XLI,2026-06-10 16:30:43.710739+00:00,CALL,178.0,2026-06-18,11400,200,1195,35,171.32,REPEATEDHITS,False,False,False,2280,9120,175.626662,8,BID,SHORT,0.5
XLI,2026-06-10 16:30:14.885159+00:00,CALL,178.0,2026-06-18,57362,989,995,35,171.295,REPEATEDHITS,False,False,False,0,57362,175.626662,8,BID,SHORT,0.5
XLI,2026-06-10 15:50:57.492785+00:00,CALL,177.0,2026-06-18,42066,513,513,89,170.715,REPEATEDHITS,False,False,False,0,42066,175.626662,8,BID,SHORT,0.5
XLI,2026-06-09 17:02:34.847430+00:00,PUT,176.0,2026-07-17,77495,123,123,0,172.695,REPEATEDHITS,True,False,False,635,76860,175.626662,38,BID,LONG,0.5
XLI,2026-06-09 16:45:36.719620+00:00,CALL,174.0,2026-07-10,298875,797,803,3,172.48,REPEATEDHITS,False,False,False,0,298875,175.626662,31,BID,SHORT,0.5
XLI,2026-06-09 16:39:26.683337+00:00,PUT,170.0,2026-07-17,94313,245,451,99,172.02,REPEATEDHITSDESCENDINGFILL,False,False,False,94313,0,175.626662,38,ASK,SHORT,1.0
XLI,2026-06-09 16:39:26.683337+00:00,PUT,169.0,2026-07-17,38640,112,114,38,172.02,REPEATEDHITS,False,False,False,38640,0,175.626662,38,ASK,SHORT,1.0
XLI,2026-06-09 16:36:52.403735+00:00,PUT,177.0,2026-07-17,15796,24,24,0,173.34,REPEATEDHITSASCENDINGFILL,False,False,False,0,15796,175.626662,38,BID,LONG,0.5
XLI,2026-06-09 16:25:44.650917+00:00,PUT,177.0,2026-12-18,41315,37,37,2,173.01,REPEATEDHITSASCENDINGFILL,False,False,False,0,41315,175.626662,192,BID,LONG,0.5
XLI,2026-06-09 13:43:21.146812+00:00,PUT,170.0,2026-07-17,46258,202,202,99,176.03,REPEATEDHITS,False,False,False,0,46029,175.626662,38,BID,LONG,0.5
XLI,2026-06-08 18:02:46.342481+00:00,PUT,182.0,2026-07-17,49660,52,52,0,173.965,REPEATEDHITS,True,False,False,0,49660,175.626662,39,BID,LONG,0.5
XLI,2026-06-08 17:46:06.137683+00:00,CALL,173.0,2026-07-17,12190,23,24,4,173.7231,REPEATEDHITS,False,False,False,12190,0,175.626662,39,ASK,LONG,1.0
XLI,2026-06-08 17:24:26.585051+00:00,PUT,167.0,2026-11-20,53945,83,83,0,173.51,REPEATEDHITS,False,False,False,53300,645,175.626662,165,ASK,SHORT,1.0
XLI,2026-06-05 19:36:28.390959+00:00,CALL,179.0,2026-06-18,28744,207,3431,79,173.96,REPEATEDHITSDESCENDINGFILL,False,False,False,15544,0,175.626662,13,ASK,LONG,1.0
XLI,2026-06-05 19:31:23.959477+00:00,CALL,179.0,2026-06-18,26238,199,3224,79,173.74,REPEATEDHITS,True,False,False,19374,0,175.626662,13,ASK,LONG,1.0
XLI,2026-06-05 19:25:41.023355+00:00,CALL,179.0,2026-06-18,16113,131,3025,79,173.775,REPEATEDHITS,True,False,False,9348,6765,175.626662,13,ASK,LONG,1.0
XLI,2026-06-05 19:25:26.582805+00:00,PUT,156.0,2027-03-19,129864,222,310,50,173.775,REPEATEDHITSDESCENDINGFILL,False,False,False,112899,16965,175.626662,287,ASK,SHORT,1.0
XLI,2026-06-05 19:23:18.292630+00:00,CALL,179.0,2026-06-18,23750,190,2894,79,173.7,REPEATEDHITS,False,False,False,14125,0,175.626662,13,ASK,LONG,1.0
XLI,2026-06-05 19:18:14.021162+00:00,CALL,179.0,2026-06-18,19754,166,2704,79,173.54,REPEATEDHITS,False,False,False,4760,11305,175.626662,13,BID,SHORT,0.5
XLI,2026-06-05 19:16:30.728770+00:00,CALL,178.0,2026-07-17,18275,58,100,22,173.63,REPEATEDHITS,True,False,False,320,17955,175.626662,42,BID,SHORT,0.5
XLI,2026-06-05 19:15:52.847213+00:00,CALL,179.0,2026-06-18,210915,1935,2538,79,173.58,REPEATEDHITS,False,False,False,0,210915,175.626662,13,BID,SHORT,0.5
XLI,2026-06-05 19:13:47.100356+00:00,CALL,179.0,2026-06-18,25608,194,524,79,173.7799,REPEATEDHITS,False,False,False,20064,2640,175.626662,13,ASK,LONG,1.0
XLI,2026-06-05 19:08:21.930033+00:00,CALL,179.0,2026-06-18,19865,145,330,79,173.83,REPEATEDHITS,True,False,False,14248,5617,175.626662,13,ASK,LONG,1.0
XLI,2026-06-05 19:05:30.941122+00:00,CALL,179.0,2026-06-18,24975,185,185,79,173.93,REPEATEDHITS,False,False,False,9315,2970,175.626662,13,ASK,LONG,1.0
XLI,2026-06-05 19:00:39.619942+00:00,CALL,181.0,2026-06-18,69123,864,864,308,173.92,REPEATEDHITSASCENDINGFILL,False,False,False,0,69123,175.626662,13,BID,SHORT,0.5
XLI,2026-06-05 17:16:07.409148+00:00,CALL,185.0,2026-07-17,255178,1657,1685,1389,175.0,REPEATEDHITS,True,False,False,0,255178,175.626662,42,BID,SHORT,0.5
XLI,2026-06-05 16:09:31.295451+00:00,PUT,167.0,2026-07-17,21339,98,402,76,175.0718,REPEATEDHITSDESCENDINGFILL,True,False,False,21123,216,175.626662,42,ASK,SHORT,1.0
XLI,2026-06-05 16:09:15.068703+00:00,PUT,176.0,2026-07-10,14837,30,30,0,175.095,REPEATEDHITSDESCENDINGFILL,True,False,False,14837,0,175.626662,35,ASK,SHORT,1.0
XLI,2026-06-05 16:08:27.390594+00:00,PUT,175.0,2026-07-17,123750,250,334,82,175.14,REPEATEDHITS,True,False,False,0,123750,175.626662,42,BID,LONG,0.5
XLI,2026-06-05 16:05:32.416541+00:00,PUT,175.0,2026-07-17,40735,84,84,82,175.24,REPEATEDHITS,False,False,False,40735,0,175.626662,42,ASK,SHORT,1.0
XLI,2026-06-05 15:03:47.949540+00:00,CALL,177.5,2026-07-10,24327,64,68,0,176.18,REPEATEDHITS,True,False,False,0,24327,175.626662,35,BID,SHORT,0.5
XLI,2026-06-05 15:03:46.546696+00:00,CALL,178.0,2026-07-10,26280,73,86,0,176.19,REPEATEDHITS,False,False,False,0,26280,175.626662,35,BID,SHORT,0.5
XLI,2026-06-04 19:57:42.787675+00:00,PUT,173.0,2026-06-12,333684,2691,3003,7,176.1,REPEATEDHITS,False,False,False,0,0,175.626662,8,MIXED,,0.0
XLI,2026-06-04 15:44:28.949779+00:00,PUT,166.0,2026-07-17,12852,68,180,16,175.36,REPEATEDHITS,False,False,False,0,12852,175.626662,43,BID,LONG,0.5
XLI,2026-06-04 14:59:38.758752+00:00,PUT,150.0,2027-03-19,45285,99,196,0,175.2,REPEATEDHITSASCENDINGFILL,False,False,False,22785,22500,175.626662,288,ASK,SHORT,1.0
XLI,2026-06-04 14:59:38.758752+00:00,PUT,150.0,2027-03-19,25280,56,252,0,175.21,REPEATEDHITSASCENDINGFILL,False,False,False,2780,22500,175.626662,288,BID,LONG,0.5
XLI,2026-06-04 14:59:38.758752+00:00,PUT,150.0,2027-03-19,30185,67,319,0,175.21,REPEATEDHITSASCENDINGFILL,False,False,False,3185,27000,175.626662,288,BID,LONG,0.5
XLI,2026-06-04 14:59:38.758752+00:00,PUT,150.0,2027-03-19,13975,31,350,0,175.21,REPEATEDHITSASCENDINGFILL,False,False,False,0,13975,175.626662,288,BID,LONG,0.5
XLI,2026-06-03 19:24:45.523598+00:00,PUT,174.0,2026-06-12,18942,77,77,18,174.11,REPEATEDHITS,True,False,False,18942,0,175.626662,9,ASK,SHORT,1.0
XLI,2026-06-03 19:03:38.845269+00:00,CALL,172.0,2026-06-05,10800,36,45,24,174.32,REPEATEDHITS,False,False,False,0,10800,175.626662,2,BID,SHORT,0.5
XLK,2026-06-10 18:37:56.001088+00:00,PUT,171.0,2026-06-12,63166,842,848,79,177.55,REPEATEDHITSASCENDINGFILL,True,False,False,316,62850,180.854862,2,BID,LONG,0.5
XLK,2026-06-10 17:58:37.734605+00:00,PUT,162.5,2026-06-18,99071,1249,1509,699,178.59,REPEATEDHITS,False,False,False,32000,66834,180.854862,8,BID,LONG,0.5
XLK,2026-06-10 17:33:03.900491+00:00,CALL,185.0,2026-06-12,56012,1474,1770,80,177.51,REPEATEDHITS,False,False,False,0,56012,180.854862,2,BID,SHORT,0.5
XLK,2026-06-10 16:24:30.545305+00:00,CALL,181.0,2026-06-12,44950,290,291,42,178.19,REPEATEDHITS,False,False,False,0,44950,180.854862,2,BID,SHORT,0.5
XLK,2026-06-10 15:09:45.967277+00:00,PUT,173.0,2026-06-18,184888,709,711,551,178.5401,REPEATEDHITS,False,False,False,137025,47863,180.854862,8,ASK,SHORT,1.0
XLK,2026-06-10 15:09:01.523278+00:00,CALL,185.0,2026-06-12,16043,263,290,80,178.59,REPEATEDHITS,False,False,False,0,16043,180.854862,2,BID,SHORT,0.5
XLK,2026-06-10 15:03:49.357063+00:00,CALL,186.0,2026-06-18,55849,288,324,16,179.88,REPEATEDHITSDESCENDINGFILL,False,False,False,46925,8924,180.854862,8,ASK,LONG,1.0
XLK,2026-06-10 14:49:23.268960+00:00,CALL,181.0,2026-07-10,35010,50,55,2,180.2,REPEATEDHITS,True,False,False,6310,28700,180.854862,30,BID,SHORT,0.5
XLK,2026-06-09 19:49:52.871537+00:00,PUT,166.0,2026-07-17,42350,121,145,12,178.845,REPEATEDHITS,True,False,False,350,42000,180.854862,38,BID,LONG,0.5
XLK,2026-06-09 19:40:18.175922+00:00,PUT,181.0,2026-07-02,15390,21,21,13,178.82,REPEATEDHITSDESCENDINGFILL,True,False,False,13955,1435,180.854862,23,ASK,SHORT,1.0
XLK,2026-06-09 19:19:05.619046+00:00,PUT,181.0,2026-07-24,33250,35,36,0,178.27,REPEATEDHITS,True,False,False,33250,0,180.854862,45,ASK,SHORT,1.0
XLK,2026-06-09 18:58:58.795400+00:00,PUT,154.0,2026-08-21,79800,266,317,253,180.2,REPEATEDHITS,False,False,False,300,79500,180.854862,73,BID,LONG,0.5
XLK,2026-06-09 18:19:53.806206+00:00,PUT,177.5,2026-06-12,12958,52,89,35,178.82,REPEATEDHITSDESCENDINGFILL,True,False,False,0,12958,180.854862,3,BID,LONG,0.5
XLK,2026-06-09 18:19:16.750928+00:00,PUT,166.0,2026-06-26,15939,83,83,20,178.485,REPEATEDHITS,True,False,False,0,15360,180.854862,17,BID,LONG,0.5
XLK,2026-06-09 18:19:16.750928+00:00,PUT,160.0,2026-07-02,41040,270,272,10,178.485,REPEATEDHITS,False,False,False,3800,37240,180.854862,23,BID,LONG,0.5
XLK,2026-06-09 18:19:16.750928+00:00,PUT,165.0,2026-06-26,69091,375,380,93,178.485,REPEATEDHITS,False,False,False,16835,52256,180.854862,17,BID,LONG,0.5
XLK,2026-06-09 18:19:16.750928+00:00,PUT,165.0,2026-07-02,126357,547,548,10,178.485,REPEATEDHITS,False,False,False,2541,123816,180.854862,23,BID,LONG,0.5
XLK,2026-06-09 18:19:16.750928+00:00,PUT,163.0,2026-07-02,16444,87,87,2,178.485,REPEATEDHITS,False,False,False,190,16254,180.854862,23,BID,LONG,0.5
XLK,2026-06-09 18:19:07.535239+00:00,PUT,174.0,2026-06-18,35814,127,170,73,178.63,REPEATEDHITS,True,False,False,0,35814,180.854862,9,BID,LONG,0.5
XLK,2026-06-09 17:40:38.973666+00:00,PUT,183.0,2026-07-17,134275,131,248,21,178.28,REPEATEDHITS,False,False,False,0,134275,180.854862,38,BID,LONG,0.5
XLK,2026-06-09 17:34:09.720867+00:00,PUT,177.0,2026-06-18,144988,341,545,169,177.86,REPEATEDHITSASCENDINGFILL,False,False,False,0,143268,180.854862,9,BID,LONG,0.5
XLK,2026-06-09 17:22:12.157537+00:00,PUT,186.0,2026-07-17,71630,58,61,21,177.86,REPEATEDHITS,True,False,False,2470,69160,180.854862,38,BID,LONG,0.5
XLK,2026-06-09 17:18:12.726356+00:00,PUT,170.0,2026-07-24,64940,111,267,2,177.18,REPEATEDHITS,True,False,False,2330,62610,180.854862,45,BID,LONG,0.5
XLK,2026-06-09 17:18:12.726356+00:00,PUT,172.0,2026-07-02,70602,150,150,1,177.22,REPEATEDHITS,True,False,False,1395,69207,180.854862,23,BID,LONG,0.5
XLK,2026-06-09 17:18:07.920113+00:00,PUT,182.0,2026-07-17,36750,35,103,22,177.1,REPEATEDHITS,False,False,False,0,36750,180.854862,38,BID,LONG,0.5
XLK,2026-06-09 17:17:59.707955+00:00,PUT,168.0,2026-07-17,30255,63,480,13,177.1,REPEATEDHITS,True,False,False,0,30255,180.854862,38,BID,LONG,0.5
XLK,2026-06-09 17:02:42.267608+00:00,PUT,177.5,2026-07-02,34982,46,46,1,175.775,REPEATEDHITS,True,False,False,0,34982,180.854862,23,BID,LONG,0.5
XLK,2026-06-09 16:55:26.797977+00:00,PUT,143.0,2026-07-17,82360,580,723,161,173.42,REPEATEDHITS,False,False,False,0,82360,180.854862,38,BID,LONG,0.5
XLK,2026-06-09 16:43:29.492108+00:00,PUT,171.0,2026-07-17,54670,78,266,37,173.8,REPEATEDHITSDESCENDINGFILL,True,False,False,0,54670,180.854862,38,BID,LONG,0.5
XLK,2026-06-09 16:19:47.731893+00:00,PUT,173.0,2026-06-26,110433,201,201,11,174.51,REPEATEDHITSDESCENDINGFILL,False,False,False,107148,1650,180.854862,17,ASK,SHORT,1.0
XLK,2026-06-09 16:15:27.777156+00:00,CALL,205.0,2026-07-10,32165,1005,1008,18,176.0,REPEATEDHITSDESCENDINGFILL,False,False,False,0,32165,180.854862,31,BID,SHORT,0.5
XLK,2026-06-09 16:12:26.910829+00:00,PUT,170.0,2026-07-24,47725,83,156,2,176.44,REPEATEDHITS,True,False,False,0,47725,180.854862,45,BID,LONG,0.5
XLK,2026-06-09 16:08:11.070801+00:00,PUT,158.0,2026-07-17,96142,371,931,21,176.31,REPEATEDHITSASCENDINGFILL,False,False,False,82362,13780,180.854862,38,ASK,SHORT,1.0
XLK,2026-06-09 16:06:33.112654+00:00,PUT,168.0,2026-07-17,11860,25,401,13,176.48,REPEATEDHITS,True,False,False,11860,0,180.854862,38,ASK,SHORT,1.0
XLK,2026-06-09 15:56:29.106499+00:00,PUT,182.0,2026-07-17,25220,26,67,22,177.95,REPEATEDHITS,True,False,False,25220,0,180.854862,38,ASK,SHORT,1.0
XLK,2026-06-09 15:56:29.106499+00:00,PUT,183.0,2026-07-17,84015,82,108,21,177.95,REPEATEDHITS,True,False,False,84015,0,180.854862,38,ASK,SHORT,1.0
XLK,2026-06-09 15:55:34.371236+00:00,PUT,182.0,2026-07-17,37050,39,41,22,178.34,REPEATEDHITS,True,False,False,37050,0,180.854862,38,ASK,SHORT,1.0
XLK,2026-06-09 15:49:25.708131+00:00,CALL,184.0,2026-07-17,118560,208,209,8,179.04,REPEATEDHITS,False,False,False,0,118560,180.854862,38,BID,SHORT,0.5
XLK,2026-06-09 15:37:59.783373+00:00,CALL,181.0,2026-06-18,21970,62,74,10,178.58,REPEATEDHITSDESCENDINGFILL,False,False,False,21615,355,180.854862,9,ASK,LONG,1.0
XLK,2026-06-09 15:33:28.916349+00:00,PUT,171.0,2026-07-17,65190,136,154,37,178.45,REPEATEDHITSDESCENDINGFILL,False,False,False,65190,0,180.854862,38,ASK,SHORT,1.0
XLK,2026-06-09 15:24:02.663420+00:00,PUT,172.0,2026-07-17,89000,200,255,163,180.15,REPEATEDHITS,False,False,False,66305,0,180.854862,38,ASK,SHORT,1.0
XLK,2026-06-09 15:15:41.918722+00:00,PUT,168.0,2026-07-17,56420,182,376,13,181.76,REPEATEDHITS,False,False,False,56420,0,180.854862,38,ASK,SHORT,1.0
XLK,2026-06-09 15:14:29.842447+00:00,PUT,176.0,2026-07-17,78275,155,155,38,181.97,REPEATEDHITS,True,False,False,0,78275,180.854862,38,BID,LONG,0.5
XLK,2026-06-09 14:42:44.754121+00:00,CALL,210.0,2026-07-10,11936,373,375,222,183.0,REPEATEDHITS,False,False,False,0,11936,180.854862,31,BID,SHORT,0.5
XLK,2026-06-09 14:25:52.735074+00:00,CALL,207.5,2026-12-18,50615,53,53,29,184.01,REPEATEDHITS,False,False,False,13300,37315,180.854862,192,BID,SHORT,0.5
XLK,2026-06-09 14:10:25.871470+00:00,CALL,183.0,2026-07-02,76505,107,210,45,184.57,REPEATEDHITS,True,False,False,0,76505,180.854862,23,BID,SHORT,0.5
XLK,2026-06-09 14:10:01.217949+00:00,CALL,183.0,2026-07-02,75191,103,103,45,184.82,REPEATEDHITS,True,False,False,0,75191,180.854862,23,BID,SHORT,0.5
XLK,2026-06-09 14:09:43.378869+00:00,CALL,186.0,2026-07-24,32040,40,40,5,184.92,REPEATEDHITSASCENDINGFILL,True,False,False,1630,30410,180.854862,45,BID,SHORT,0.5
XLK,2026-06-08 19:23:11.560833+00:00,PUT,187.0,2026-07-02,67055,86,116,56,183.775,REPEATEDHITS,True,False,False,67055,0,180.854862,24,ASK,SHORT,1.0
XLK,2026-06-08 19:22:51.339935+00:00,PUT,175.0,2026-07-02,41580,132,144,21,183.91,REPEATEDHITS,False,False,False,41580,0,180.854862,24,ASK,SHORT,1.0
ZM,2026-06-10 18:03:11.521083+00:00,PUT,92.0,2026-06-12,26622,484,522,242,95.11,REPEATEDHITS,False,False,False,0,26510,25625637709.0,2,BID,LONG,0.5
ZM,2026-06-09 17:31:34.304822+00:00,CALL,95.0,2026-06-12,12250,50,72,20,94.98,REPEATEDHITS,False,False,False,12250,0,25625637709.0,3,ASK,LONG,1.0
ZM,2026-06-09 16:36:09.330716+00:00,CALL,100.0,2026-06-12,30577,624,911,111,93.92,REPEATEDHITS,False,False,False,50,28763,25625637709.0,3,BID,SHORT,0.5
ZM,2026-06-05 19:59:24.855319+00:00,PUT,102.0,2026-06-05,121862,1107,1532,398,101.68,REPEATEDHITS,True,False,False,120762,1100,25625637709.0,0,ASK,SHORT,1.0
ZM,2026-06-05 18:55:16.408837+00:00,CALL,107.0,2026-06-05,10344,862,891,177,101.29,REPEATEDHITS,True,False,False,0,10344,25625637709.0,0,BID,SHORT,0.5
ZM,2026-06-05 18:55:16.408837+00:00,CALL,108.0,2026-06-05,13541,1231,1294,459,101.29,REPEATEDHITS,True,False,False,0,13541,25625637709.0,0,BID,SHORT,0.5
ZM,2026-06-05 17:33:45.148775+00:00,CALL,102.0,2026-06-05,40675,678,1148,151,101.51,REPEATEDHITS,True,False,False,40440,235,25625637709.0,0,ASK,LONG,1.0
ZM,2026-06-05 17:27:19.721152+00:00,CALL,102.0,2026-06-05,19050,381,467,151,101.42,REPEATEDHITS,False,False,False,0,19050,25625637709.0,0,BID,SHORT,0.5
ZM,2026-06-05 13:51:09.272107+00:00,PUT,92.5,2026-07-17,89880,420,426,53,102.485,REPEATEDHITS,False,False,False,89880,0,25625637709.0,42,ASK,SHORT,1.0
ZM,2026-06-04 17:02:20.504290+00:00,PUT,108.0,2026-06-26,31900,55,55,13,105.95,REPEATEDHITS,False,False,False,0,31900,25625637709.0,22,BID,LONG,0.5
ZM,2026-06-04 17:02:20.504290+00:00,CALL,106.0,2026-06-26,12250,25,27,5,105.93,REPEATEDHITS,False,False,False,7350,4900,25625637709.0,22,ASK,LONG,1.0
ZM,2026-06-02 17:18:55.047168+00:00,CALL,140.0,2026-07-17,13616,92,146,53,112.1,REPEATEDHITS,False,False,False,0,12876,25625637709.0,45,BID,SHORT,0.5
ZM,2026-06-01 19:03:47.303898+00:00,CALL,109.0,2026-06-12,43120,69,220,60,112.0,REPEATEDHITS,True,False,False,41870,1250,25625637709.0,11,ASK,LONG,1.0
ZM,2026-06-01 18:55:37.077371+00:00,PUT,111.0,2026-06-12,34860,83,87,0,111.2358,REPEATEDHITS,True,False,False,0,34860,25625637709.0,11,BID,LONG,0.5
ZM,2026-06-01 18:55:32.870551+00:00,PUT,113.0,2026-06-12,10070,19,23,0,111.2358,REPEATEDHITS,True,False,False,0,10070,25625637709.0,11,BID,LONG,0.5
ZM,2026-06-01 18:54:31.563444+00:00,CALL,130.0,2026-07-17,45000,150,354,66,111.185,REPEATEDHITS,False,False,False,0,45000,25625637709.0,46,BID,SHORT,0.5
ZM,2026-06-01 18:54:08.824666+00:00,PUT,112.0,2026-06-26,15615,24,133,0,111.11,REPEATEDHITS,True,False,False,1965,13650,25625637709.0,25,BID,LONG,0.5
ZM,2026-06-01 18:27:07.157968+00:00,CALL,165.0,2027-03-19,50350,53,60,40,111.66,REPEATEDHITS,False,False,False,0,50350,25625637709.0,291,BID,SHORT,0.5
ZM,2026-06-01 18:27:07.157968+00:00,PUT,120.0,2026-12-18,217307,99,99,6,111.66,REPEATEDHITS,False,False,False,0,217307,25625637709.0,200,BID,LONG,0.5
ZM,2026-06-01 17:58:49.144293+00:00,CALL,150.0,2027-06-17,1545000,1000,1064,174,112.15,FLOORTRADELARGECAP,False,True,False,0,1545000,25625637709.0,381,BID,SHORT,0.5
ZM,2026-06-01 16:51:01.298782+00:00,PUT,101.0,2026-06-18,56172,453,483,192,113.43,REPEATEDHITS,False,False,False,0,56172,25625637709.0,17,BID,LONG,0.5
ZM,2026-06-01 15:59:46.834376+00:00,CALL,109.0,2026-06-12,76595,138,142,60,110.97,REPEATEDHITS,True,False,False,53280,3335,25625637709.0,11,ASK,LONG,1.0
ZM,2026-06-01 15:59:46.834376+00:00,CALL,111.0,2026-06-05,10500,35,85,24,110.82,REPEATEDHITS,True,False,False,4200,1800,25625637709.0,4,ASK,LONG,1.0
ZM,2026-06-01 14:55:15.019101+00:00,PUT,103.0,2026-06-26,151084,451,451,11,107.37,REPEATEDHITS,False,False,False,151084,0,25625637709.0,25,ASK,SHORT,1.0
ZM,2026-06-01 14:46:43.696842+00:00,PUT,104.0,2026-06-12,76500,300,300,126,106.75,REPEATEDHITS,False,False,False,0,0,25625637709.0,11,MIXED,,0.0
ZM,2026-06-01 14:38:04.974860+00:00,CALL,115.0,2026-07-17,120080,304,958,255,105.91,REPEATEDHITS,False,False,False,0,120080,25625637709.0,46,BID,SHORT,0.5
ZM,2026-06-01 13:50:37.900107+00:00,CALL,115.0,2026-07-17,127915,328,337,255,106.095,REPEATEDHITS,False,False,False,127915,0,25625637709.0,46,ASK,LONG,1.0
ZM,2026-05-29 19:46:29.681359+00:00,CALL,104.0,2026-06-05,33249,203,426,75,101.84,REPEATEDHITSASCENDINGFILL,True,False,False,516,32733,25625637709.0,7,BID,SHORT,0.5
ZM,2026-05-29 15:44:37.290265+00:00,PUT,90.0,2026-09-18,116387,226,333,169,102.14,REPEATEDHITS,False,False,False,116387,0,25625637709.0,112,ASK,SHORT,1.0
ZM,2026-05-28 19:16:20.132194+00:00,CALL,100.0,2026-06-05,202500,500,1686,100,102.06,REPEATEDHITS,True,False,False,0,202500,25625637709.0,8,BID,SHORT,0.5
ZM,2026-05-28 18:26:28.814631+00:00,CALL,100.0,2026-06-05,202000,505,1031,100,101.97,REPEATEDHITS,True,False,False,202000,0,25625637709.0,8,ASK,LONG,1.0
ZM,2026-05-28 18:09:35.582503+00:00,CALL,94.0,2026-06-12,27035,32,33,21,100.88,REPEATEDHITS,False,False,False,26195,840,25625637709.0,15,ASK,LONG,1.0
ZM,2026-05-28 18:09:35.582503+00:00,PUT,105.0,2026-07-17,211560,248,278,236,100.8,REPEATEDHITSASCENDINGFILL,True,False,False,64500,117310,25625637709.0,50,BID,LONG,0.5
ZM,2026-05-27 18:36:09.374425+00:00,CALL,117.0,2026-06-05,12223,719,734,361,100.06,REPEATEDHITS,False,False,False,187,12036,25625637709.0,9,BID,SHORT,0.5
ZM,2026-05-27 17:16:02.455407+00:00,CALL,109.0,2026-06-18,12110,66,80,18,100.035,REPEATEDHITSDESCENDINGFILL,True,False,False,915,8461,25625637709.0,22,BID,SHORT,0.5
ZM,2026-05-27 16:25:23.615463+00:00,CALL,110.0,2026-07-17,513576,1388,1426,322,100.45,REPEATEDHITSASCENDINGFILL,True,False,False,0,513206,25625637709.0,51,BID,SHORT,0.5
ZM,2026-05-26 18:06:13.147433+00:00,CALL,135.0,2026-09-18,45122,141,157,83,100.71,REPEATEDHITSASCENDINGFILL,False,False,False,0,45122,25625637709.0,115,BID,SHORT,0.5
ZM,2026-05-26 17:06:38.655991+00:00,PUT,77.5,2026-11-20,30020,79,96,36,101.02,REPEATEDHITS,False,False,False,30020,0,25625637709.0,178,ASK,SHORT,1.0
ZM,2026-05-26 17:05:09.748306+00:00,CALL,105.0,2027-03-19,906685,481,482,100,100.88,REPEATEDHITS,False,False,False,906685,0,25625637709.0,297,ASK,LONG,1.0
ZM,2026-05-26 17:03:14.221549+00:00,PUT,105.0,2026-06-12,30588,44,53,17,100.69,REPEATEDHITSDESCENDINGFILL,True,False,False,695,29893,25625637709.0,17,BID,LONG,0.5
ZM,2026-05-26 17:03:14.221549+00:00,PUT,104.0,2026-06-12,58592,93,96,15,100.69,REPEATEDHITS,True,False,False,0,58592,25625637709.0,17,BID,LONG,0.5
ZM,2026-05-26 15:56:19.140504+00:00,PUT,82.5,2026-11-20,44520,84,86,13,100.53,REPEATEDHITS,False,False,False,44520,0,25625637709.0,178,ASK,SHORT,1.0
ZM,2026-05-26 15:15:33.347607+00:00,CALL,105.0,2026-05-29,59940,666,781,298,100.78,REPEATEDHITS,False,False,False,59490,0,25625637709.0,3,ASK,LONG,1.0
ZM,2026-05-26 14:58:16.712790+00:00,PUT,94.0,2026-06-05,35855,355,376,181,100.84,REPEATEDHITS,False,False,False,35855,0,25625637709.0,10,ASK,SHORT,1.0
ZM,2026-05-22 18:26:57.064244+00:00,CALL,108.0,2026-06-05,29140,80,251,31,106.76,REPEATEDHITSDESCENDINGFILL,False,False,False,28452,688,25625637709.0,14,ASK,LONG,1.0
ZM,2026-05-22 18:20:19.744056+00:00,CALL,108.0,2026-06-05,42075,120,171,31,106.68,REPEATEDHITSDESCENDINGFILL,False,False,False,5325,0,25625637709.0,14,ASK,LONG,1.0
ZM,2026-05-22 15:21:27.350597+00:00,PUT,110.0,2026-09-18,339944,272,446,84,107.8,REPEATEDHITSDESCENDINGFILL,False,False,False,337488,2456,25625637709.0,119,ASK,SHORT,1.0
ZM,2026-05-22 15:18:15.630682+00:00,PUT,115.0,2027-01-15,372930,186,186,185,108.07,REPEATEDHITS,False,False,False,372930,0,25625637709.0,238,ASK,SHORT,1.0
ZM,2026-05-22 15:14:00.381419+00:00,PUT,100.0,2026-07-17,200417,581,606,1,108.4,REPEATEDHITSDESCENDINGFILL,False,False,False,199727,690,25625637709.0,56,ASK,SHORT,1.0
ZM,2026-05-22 14:27:38.481709+00:00,CALL,112.0,2026-05-29,20340,101,352,47,109.0,REPEATEDHITSDESCENDINGFILL,False,False,False,7878,12462,25625637709.0,7,BID,SHORT,0.5
